iso3,year,all_all,all_dc,all_due1y,all_fx,all_long,all_short,fin_all,fin_dc,fin_due1y,fin_fx,fin_long,fin_short,gov_all,gov_dc,gov_due1y,gov_fx,gov_long,gov_short,nfc_all,nfc_dc,nfc_due1y,nfc_fx,nfc_long,nfc_short,privbank_all,privbank_dc,privbank_due1y,privbank_fx,privbank_long,privbank_short,pubbank_all,pubbank_dc,pubbank_due1y,pubbank_fx,pubbank_long
ABW,2015,3446,,0,3446,3446,,3096,,0,3096,3096,,351,,0,351,351,,,,,,,,2583,,0,2583,2583,,,,,,
ABW,2016,3192,,0,3192,3192,,2842,,0,2842,2842,,351,,0,351,351,,,,,,,,2657,,0,2657,2657,,,,,,
ABW,2017,3305,,52,3305,3305,,2955,,0,2955,2955,,351,,52,351,351,,,,,,,,2763,,0,2763,2763,,,,,,
ABW,2018,2527,,46,2527,2527,,2103,,0,2103,2103,,424,,46,424,424,,,,,,,,1907,,0,1907,1907,,,,,,
ABW,2019,2508,,1437,2508,2508,,2130,,1437,2130,2130,,378,,0,378,378,,,,,,,,1931,,1437,1931,1931,,,,,,
ABW,2020,2620,,0,2620,2620,,2242,,0,2242,2242,,378,,0,378,378,,,,,,,,2033,,0,2033,2033,,,,,,
ABW,2021,2387,,0,2387,2387,,2009,,0,2009,2009,,378,,0,378,378,,,,,,,,1821,,0,1821,1821,,,,,,
ABW,2022,2133,,253,2133,2133,,1755,,0,1755,1755,,378,,253,378,378,,,,,,,,1589,,0,1589,1589,,,,,,
ABW,2023,1761,,0,1761,1761,,1636,,0,1636,1636,,125,,0,125,125,,,,,,,,1482,,0,1482,1482,,,,,,
ABW,2024,1736,,0,1736,1736,,1476,,0,1476,1476,,260,,0,260,260,,,,,,,,1335,,0,1335,1335,,,,,,
ABW,2025,1738,,0,1738,1738,,1479,,0,1479,1479,,260,,0,260,260,,,,,,,,1338,,0,1338,1338,,,,,,
AGO,2015,2500,,0,2500,2500,,,,,,,,2500,,0,2500,2500,,,,,,,,,,,,,,,,,,
AGO,2016,2500,,0,2500,2500,,,,,,,,2500,,0,2500,2500,,,,,,,,,,,,,,,,,,
AGO,2017,2500,,0,2500,2500,,,,,,,,2500,,0,2500,2500,,,,,,,,,,,,,,,,,,
AGO,2018,6000,,1000,6000,6000,,,,,,,,6000,,1000,6000,6000,,,,,,,,,,,,,,,,,,
AGO,2019,8000,,0,8000,8000,,,,,,,,8000,,0,8000,8000,,,,,,,,,,,,,,,,,,
AGO,2020,8000,,0,8000,8000,,,,,,,,8000,,0,8000,8000,,,,,,,,,,,,,,,,,,
AGO,2021,8000,,0,8000,8000,,,,,,,,8000,,0,8000,8000,,,,,,,,,,,,,,,,,,
AGO,2022,11001,,0,11001,11001,,,,,,,,11001,,0,11001,11001,,,,,,,,,,,,,,,,,,
AGO,2023,11175,,0,11175,11175,,,,,,,,11175,,0,11175,11175,,,,,,,,,,,,,,,,,,
AGO,2024,12428,,1500,12428,12428,,,,,,,,12428,,1500,12428,12428,,,,,,,,,,,,,,,,,,
AGO,2025,15567,,0,15567,15567,,,,,,,,14367,,0,14367,14367,,1200,,0,1200,1200,,,,,,,,,,,,
ALB,2015,749,,0,749,749,,,,,,,,749,,0,749,749,,,,,,,,,,,,,,,,,,
ALB,2016,733,,0,733,733,,,,,,,,733,,0,733,733,,,,,,,,,,,,,,,,,,
ALB,2017,798,,0,798,798,,,,,,,,798,,0,798,798,,,,,,,,,,,,,,,,,,
ALB,2018,1919,,0,1919,1919,,,,,,,,1919,,0,1919,1919,,,,,,,,,,,,,,,,,,
ALB,2019,1888,,506,1888,1888,,,,,,,,1888,,506,1888,1888,,,,,,,,,,,,,,,,,,
ALB,2020,2283,,0,2283,2283,,,,,,,,2283,,0,2283,2283,,,,,,,,,,,,,,,,,,
ALB,2021,2864,,0,2864,2864,,,,,,,,2864,,0,2864,2864,,,,,,,,,,,,,,,,,,
ALB,2022,2712,,0,2712,2712,,,,,,,,2712,,0,2712,2712,,,,,,,,,,,,,,,,,,
ALB,2023,3463,,0,3463,3463,,,,,,,,3463,,0,3463,3463,,,,,,,,,,,,,,,,,,
ALB,2024,3272,,1298,3272,3272,,,,,,,,3272,,1298,3272,3272,,,,,,,,,,,,,,,,,,
ALB,2025,2996,,0,2996,2996,,,,,,,,2996,,0,2996,2996,,,,,,,,,,,,,,,,,,
ARE,2015,93273,810,19638,92463,85835,7438,54216,810,16548,53406,46778,7438,5993,,0,5993,5993,,33065,,3089,33065,33065,,38573,157,12628,38416,31135,7438,5649,654,849,4996,5649
ARE,2016,104830,831,17739,103999,94669,10161,60049,831,15174,59219,49889,10161,11054,,0,11054,11054,,33726,,2566,33726,33726,,46369,177,14491,46192,36209,10161,5958,654,457,5304,5958
ARE,2017,126634,773,20515,125862,118812,7822,68890,773,16346,68118,61068,7822,21195,,0,21195,21195,,36549,,4169,36549,36549,,53148,119,12223,53029,45326,7822,5840,654,1674,5187,5840
ARE,2018,133633,194,30327,133439,126639,6994,70241,194,22233,70047,63248,6994,24711,,2962,24711,24711,,38680,,5131,38680,38680,,55784,85,18294,55699,48790,6994,5035,109,1694,4926,5035
ARE,2019,157675,249,29038,157426,148333,9342,74251,249,24168,74002,64909,9342,44662,,750,44662,44662,,38762,,4119,38762,38762,,61219,140,22571,61079,51877,9342,4719,109,872,4610,4719
ARE,2020,180711,242,31768,180469,169421,11289,78770,242,21584,78528,67481,11289,65169,,4026,65169,65169,,36772,,6158,36772,36772,,63855,133,20812,63723,52566,11289,6226,109,636,6118,6226
ARE,2021,199168,632,23559,198536,190414,8754,80248,496,19753,79752,71494,8754,81306,136,3000,81169,81306,,37614,,806,37614,37614,,64760,387,18673,64373,56006,8754,6044,109,144,5936,6044
ARE,2022,214105,768,21301,213337,205288,8817,80646,496,17330,80150,71829,8817,94429,272,1969,94157,94429,,39030,,2002,39030,39030,,61626,387,15279,61240,53260,8367,6851,109,1001,6742,6851
ARE,2023,244332,3001,37399,241331,230160,14172,95259,822,22401,94436,82993,12266,107220,2178,8599,105041,105314,1906,41854,,6399,41854,41854,,68920,618,19623,68301,57954,10966,8063,,642,8063,8063
ARE,2024,289485,3926,38025,285559,274116,15369,105003,1094,26666,103909,91540,13463,125437,2832,6494,122606,123531,1906,59044,,4865,59044,59044,,74054,617,22417,73437,61041,13013,8418,,2231,8418,8418
ARE,2025,325898,3877,45220,322021,308460,17437,123124,1385,34774,121739,106912,16212,132596,2491,6329,130105,131371,1225,70177,,4117,70177,70177,,85967,636,31146,85331,69941,16026,9784,,1755,9784,9784
ARG,2015,48565,215,1688,48349,48515,50,2418,,520,2418,2418,,38508,215,117,38293,38458,50,7638,,1051,7638,7638,,1100,,250,1100,1100,,,,,,
ARG,2016,64078,557,4251,63521,64028,50,3070,382,700,2688,3070,,48990,175,2461,48815,48940,50,12018,,1090,12018,12018,,2032,382,500,1650,2032,,,,,,
ARG,2017,111865,1556,4206,110309,111815,50,3998,1166,0,2832,3998,,91466,147,3055,91319,91416,50,16401,243,1151,16158,16401,,2866,1166,0,1701,2866,,,,,,
ARG,2018,116561,782,4625,115779,116511,50,3402,586,87,2816,3402,,96183,74,4233,96109,96133,50,16977,122,305,16854,16977,,2286,586,0,1701,2286,,,,,,
ARG,2019,112796,492,6452,112304,112746,50,3091,369,953,2722,3091,,91479,47,4405,91432,91429,50,18226,77,1095,18150,18226,,2069,369,687,1701,2069,,,,,,
ARG,2020,108476,218,9994,108258,108426,50,2116,130,0,1987,2116,,89010,33,7214,88977,88960,50,17349,55,2780,17294,17349,,1330,130,0,1200,1330,,,,,,
ARG,2021,97127,158,9091,96969,97077,50,2065,106,1096,1958,2065,,80078,7,6891,80071,80028,50,14985,45,1104,14940,14985,,1306,106,506,1200,1306,,,,,,
ARG,2022,86937,4,7903,86933,86887,50,968,,0,968,968,,71943,4,4471,71939,71893,50,14026,,3432,14026,14026,,800,,0,800,800,,,,,,
ARG,2023,80254,1,6694,80253,80204,50,968,,0,968,968,,68147,1,3020,68146,68097,50,11139,,3674,11139,11139,,800,,0,800,800,,,,,,
ARG,2024,78148,1,3991,78147,78098,50,1294,,0,1294,1294,,63969,1,1466,63968,63919,50,12886,,2525,12886,12886,,1125,,0,1125,1125,,,,,,
ARG,2025,88924,0,8790,88923,88874,50,2304,,650,2304,2304,,67471,0,7255,67471,67421,50,19149,,885,19149,19149,,1655,,650,1655,1655,,,,,,
ARM,2015,1200,,0,1200,1200,,,,,,,,1200,,0,1200,1200,,,,,,,,,,,,,,,,,,
ARM,2016,1200,,0,1200,1200,,,,,,,,1200,,0,1200,1200,,,,,,,,,,,,,,,,,,
ARM,2017,1200,,0,1200,1200,,,,,,,,1200,,0,1200,1200,,,,,,,,,,,,,,,,,,
ARM,2018,1200,,0,1200,1200,,,,,,,,1200,,0,1200,1200,,,,,,,,,,,,,,,,,,
ARM,2019,1700,,700,1700,1700,,,,,,,,1700,,700,1700,1700,,,,,,,,,,,,,,,,,,
ARM,2020,1300,,0,1300,1300,,300,,0,300,300,,1000,,0,1000,1000,,,,,,,,300,,0,300,300,,,,,,
ARM,2021,2050,,0,2050,2050,,300,,0,300,300,,1750,,0,1750,1750,,,,,,,,300,,0,300,300,,,,,,
ARM,2022,2050,,0,2050,2050,,300,,0,300,300,,1750,,0,1750,1750,,,,,,,,300,,0,300,300,,,,,,
ARM,2023,2050,,0,2050,2050,,300,,0,300,300,,1750,,0,1750,1750,,,,,,,,300,,0,300,300,,,,,,
ARM,2024,2050,,800,2050,2050,,300,,300,300,300,,1750,,500,1750,1750,,,,,,,,300,,300,300,300,,,,,,
ARM,2025,2000,,0,2000,2000,,,,,,,,2000,,0,2000,2000,,,,,,,,,,,,,,,,,,
AUS,2015,580140,51397,109807,528743,537991,42149,515494,45917,103163,469577,475037,40457,3780,1797,1289,1984,2502,1279,60866,3684,5355,57182,60453,413,326277,17340,89302,308937,287940,38338,1542,,879,1542,1542
AUS,2016,586121,49361,120291,536760,536026,50095,520229,43188,111406,477040,472825,47404,4485,1848,2193,2637,2505,1981,61407,4325,6692,57082,60697,710,331469,15606,96075,315863,286725,44744,2178,,1463,2178,2178
AUS,2017,604628,49995,91179,554633,566775,37853,535943,44460,82872,491484,499568,36375,3603,2038,1079,1565,2524,1079,65081,3497,7228,61584,64682,399,333585,16300,65596,317285,299999,33585,941,,552,941,941
AUS,2018,610034,44325,116425,565709,556691,53343,543578,39562,109310,504016,493079,50500,2862,1948,981,914,2397,465,63594,2815,6134,60779,61215,2379,348023,14287,97339,333736,301089,46934,1318,,844,1318,1318
AUS,2019,587665,42276,105683,545389,545209,42456,517896,37864,96315,480032,476594,41302,2348,1584,1024,765,1953,395,67421,2828,8344,64593,66661,759,318053,12053,83776,305999,280477,37576,571,,98,571,571
AUS,2020,563462,46868,85446,516594,534282,29180,494767,42020,75181,452747,467831,26936,4368,1061,2244,3307,2124,2244,64327,3787,8021,60540,64327,,283384,13785,57095,269599,260535,22849,474,,300,474,474
AUS,2021,552400,47093,85302,505307,520812,31588,478108,38732,71911,439377,450121,27988,5467,855,4135,4612,1979,3487,68825,7506,9256,61319,68712,113,276342,13079,57772,263263,251899,24442,473,,0,473,473
AUS,2022,587018,43200,91355,543819,537897,49122,522455,36685,85217,485770,473782,48673,1584,92,541,1492,1135,449,62979,6422,5597,56556,62979,,322177,11364,71707,310813,277154,45023,836,,0,836,836
AUS,2023,628399,45637,105140,582762,565892,62507,560298,38898,99066,521400,497791,62507,1068,,25,1068,1068,,67033,6740,6049,60294,67033,,356874,13346,82846,343528,299612,57262,1224,,373,1224,1224
AUS,2024,654699,43793,132278,610906,582198,72500,581950,36851,125686,545099,511050,70900,2573,,1601,2573,972,1601,70176,6942,4991,63234,70176,,377043,13465,110243,363578,309378,67665,921,,342,921,921
AUS,2025,719191,50647,148576,668545,632869,86323,627345,42542,138692,584803,542275,85070,2326,17,1252,2309,1073,1252,89521,8088,8631,81433,89521,,405289,17046,123723,388243,323950,81339,993,,464,993,993
AUT,2015,257270,200087,45918,57183,243765,13505,124633,78445,30657,46188,115824,8810,93101,83269,13780,9832,88405,4696,39536,38373,1481,1163,39536,,79115,57360,22215,21755,71065,8050,21281,3355,4456,17927,21281
AUT,2016,243148,191309,46273,51839,230166,12982,109339,68039,27831,41300,103187,6152,96437,87465,16342,8972,89607,6830,37372,35806,2099,1567,37372,,63709,47293,19028,16416,58250,5460,21460,3506,4010,17954,21460
AUT,2017,271307,224261,33269,47046,264091,7216,113968,75544,15307,38424,111056,2912,113146,106849,14154,6297,108842,4305,44193,41868,3808,2325,44193,,60903,49236,9849,11667,58339,2564,22247,3833,3216,18414,22247
AUT,2018,266839,218047,45766,48792,256774,10065,120114,79020,19817,41093,115645,4468,104676,99299,21981,5378,99080,5596,42049,39728,3968,2321,42049,,63609,53567,10012,10042,59745,3864,24445,4003,4815,20443,24445
AUT,2019,259295,205225,36946,54070,249717,9578,126697,83205,17164,43491,123456,3241,90409,83519,15618,6890,84072,6337,42190,38501,4165,3689,42190,,69871,58210,9038,11661,67466,2405,24944,4680,6988,20264,24944
AUT,2020,330232,268090,49797,62142,305255,24977,147335,103255,17659,44080,144563,2772,128520,114077,27591,14444,106315,22205,54377,50758,4547,3619,54377,,88482,76785,10035,11697,86348,2134,22803,3020,5418,19783,22803
AUT,2021,330700,271479,59642,59222,310267,20433,149106,103448,25789,45658,144297,4809,133555,124038,28860,9517,117931,15625,48039,43992,4994,4047,48039,,93583,80039,15627,13544,88990,4593,20353,2221,5091,18132,20353
AUT,2022,308442,259069,50186,49373,294699,13743,136439,100928,23643,35511,133823,2616,130258,120072,23130,10186,119130,11127,41746,38069,3413,3677,41746,,89835,80718,15222,9117,87469,2365,17008,2092,4488,14916,17008
AUT,2023,321382,271200,37084,50181,306478,14903,127250,90885,12916,36365,124382,2868,152306,143113,20299,9193,140271,12035,41825,37202,3869,4623,41825,,90782,80477,9548,10305,88157,2625,15975,1062,2601,14913,15975
AUT,2024,318164,270125,48194,48038,304909,13255,127185,89617,20955,37569,122183,5002,152000,146026,19219,5974,143747,8253,38979,34483,8020,4496,38979,,90453,78571,14346,11882,85477,4976,16607,1526,5621,15081,16607
AUT,2025,356953,302845,51066,54108,342057,14896,136563,95994,25252,40569,131541,5022,179488,170420,22671,9067,169613,9875,40902,36431,3144,4472,40902,,98015,82705,16843,15311,93170,4845,16200,1379,4355,14821,16200
AZE,2015,4493,,132,4493,4361,132,993,,132,993,861,132,1250,,0,1250,1250,,2250,,0,2250,2250,,993,,132,993,861,132,,,,,
AZE,2016,4732,,502,4732,4730,2,1232,,2,1232,1230,2,1250,,0,1250,1250,,2250,,500,2250,2250,,1232,,2,1232,1230,2,,,,,
AZE,2017,3900,,0,3900,3900,,900,,0,900,900,,1250,,0,1250,1250,,1750,,0,1750,1750,,900,,0,900,900,,,,,,
AZE,2018,3884,,0,3884,3884,,884,,0,884,884,,1250,,0,1250,1250,,1750,,0,1750,1750,,884,,0,884,884,,,,,,
AZE,2019,3500,,0,3500,3500,,500,,0,500,500,,1250,,0,1250,1250,,1750,,0,1750,1750,,500,,0,500,500,,,,,,
AZE,2020,3500,,0,3500,3500,,500,,0,500,500,,1250,,0,1250,1250,,1750,,0,1750,1750,,500,,0,500,500,,,,,,
AZE,2021,3500,,0,3500,3500,,500,,0,500,500,,1250,,0,1250,1250,,1750,,0,1750,1750,,500,,0,500,500,,,,,,
AZE,2022,3500,,1000,3500,3500,,500,,0,500,500,,1250,,0,1250,1250,,1750,,1000,1750,1750,,500,,0,500,500,,,,,,
AZE,2023,2500,,1750,2500,2500,,500,,500,500,500,,1250,,1250,1250,1250,,750,,0,750,750,,500,,500,500,500,,,,,,
AZE,2024,750,,0,750,750,,,,,,,,,,,,,,750,,0,750,750,,,,,,,,,,,,
AZE,2025,750,,0,750,750,,,,,,,,,,,,,,750,,0,750,750,,,,,,,,,,,,
BEL,2015,140882,122254,12908,18628,139783,1100,79330,76060,3385,3271,79047,283,20776,15502,4480,5274,20776,,40776,30692,5043,10084,39960,817,20310,19031,3111,1278,20027,283,,,,,
BEL,2016,146401,126139,11361,20262,145611,791,77959,73846,4707,4113,77959,,20405,12278,1498,8127,20405,,48038,40016,5157,8022,47247,791,19625,18394,4232,1231,19625,,,,,,
BEL,2017,162762,138930,15826,23833,161862,901,87359,82527,6296,4832,87359,,23068,13349,3823,9718,23068,,52335,43053,5707,9282,51435,901,21323,19932,6033,1391,21323,,,,,,
BEL,2018,157060,138200,11449,18860,156139,921,85693,80888,3380,4805,85693,,20425,14534,3029,5891,20364,61,50942,42777,5040,8164,50082,860,18370,17635,2288,735,18370,,,,,,
BEL,2019,161364,146467,11679,14897,160461,903,88668,84588,1064,4081,88668,,20696,17808,1674,2888,20637,60,51999,44071,8941,7928,51155,844,20910,20562,63,348,20910,,,,,,
BEL,2020,189091,175858,9426,13233,189024,66,105120,99520,3953,5600,105120,,29135,26228,362,2907,29070,65,54836,50110,5110,4727,54835,1,28145,27509,2326,635,28145,,,,,,
BEL,2021,179167,165663,6917,13505,179107,60,101621,95778,4267,5843,101621,,29540,26447,864,3093,29480,60,48006,43438,1786,4569,48006,,26772,26449,2812,323,26772,,,,,,
BEL,2022,168053,155129,6304,12924,167975,78,95202,89509,3250,5693,95202,,27698,24636,368,3062,27620,78,45153,40984,2686,4169,45153,,23811,23561,1964,250,23811,,,,,,
BEL,2023,174429,160615,12407,13814,174370,59,98359,92220,5265,6139,98359,,28637,25571,1409,3065,28578,59,47433,42823,5733,4610,47433,,24935,23696,4157,1239,24935,,,,,,
BEL,2024,178131,163688,11444,14443,178076,55,95702,89955,6070,5747,95702,,29202,24672,88,4531,29147,55,53227,49062,5287,4165,53227,,25849,24611,3743,1238,25849,,,,,,
BEL,2025,213473,191285,9576,22187,209592,3881,109795,103095,6586,6700,109795,,40584,28795,705,11789,40522,62,63094,59396,2285,3698,59275,3819,29655,27375,3188,2280,29655,,,,,,
BEN,2019,1123,,0,1123,1123,,,,,,,,1123,,0,1123,1123,,,,,,,,,,,,,,,,,,
BEN,2020,1227,,0,1227,1227,,,,,,,,1227,,0,1227,1227,,,,,,,,,,,,,,,,,,
BEN,2021,2832,,0,2832,2832,,,,,,,,2832,,0,2832,2832,,,,,,,,,,,,,,,,,,
BEN,2022,2666,,0,2666,2666,,,,,,,,2666,,0,2666,2666,,,,,,,,,,,,,,,,,,
BEN,2023,2763,,0,2763,2763,,,,,,,,2763,,0,2763,2763,,,,,,,,,,,,,,,,,,
BEN,2024,3347,,0,3347,3347,,,,,,,,3347,,0,3347,3347,,,,,,,,,,,,,,,,,,
BEN,2025,4187,,1175,4187,4187,,,,,,,,4187,,1175,4187,4187,,,,,,,,,,,,,,,,,,
BGD,2015,300,,0,300,300,,,,,,,,,,,,,,300,,0,300,300,,,,,,,,,,,,
BGD,2016,300,,0,300,300,,,,,,,,,,,,,,300,,0,300,300,,,,,,,,,,,,
BGD,2017,300,,0,300,300,,,,,,,,,,,,,,300,,0,300,300,,,,,,,,,,,,
BGD,2018,300,,300,300,300,,,,,,,,,,,,,,300,,300,300,300,,,,,,,,,,,,
BGR,2015,7282,7252,72,30,7260,22,74,74,22,,52,22,6169,6144,0,25,6169,,1039,1034,50,4,1039,,52,52,0,,52,,,,,,
BGR,2016,9803,9761,1031,42,9773,30,183,172,30,11,153,30,8078,8050,1001,27,8078,,1543,1539,0,4,1543,,51,51,0,,51,,,,,,
BGR,2017,10112,10055,1115,57,10076,36,295,282,36,13,259,36,8049,8020,0,30,8049,,1768,1753,1079,14,1768,,58,58,0,,58,,,,,,
BGR,2018,9260,9202,34,58,9226,34,227,215,34,12,193,34,7689,7657,0,32,7689,,1344,1330,0,14,1344,,55,55,0,,55,,,,,,
BGR,2019,9074,9014,23,61,9056,19,208,196,19,12,189,19,7547,7512,0,35,7547,,1319,1305,4,14,1319,,54,54,0,,54,,,,,,
BGR,2020,12980,12916,771,64,12952,28,234,222,89,12,206,28,11311,11273,0,38,11311,,1435,1421,682,14,1435,,59,59,0,,59,,,,,,
BGR,2021,12094,12039,1514,55,12091,3,272,272,82,,270,3,10446,10405,1416,41,10446,,1376,1361,17,14,1376,,190,190,0,,190,,,,,,
BGR,2022,12507,12461,1410,46,12445,61,317,315,189,2,256,61,10909,10865,1220,44,10909,,1280,1280,0,,1280,,179,179,128,,179,,,,,,
BGR,2023,17394,17344,1697,50,17394,,133,130,0,3,133,,15935,15887,1697,48,15935,,1326,1326,0,,1326,,53,53,0,,53,,,,,,
BGR,2024,19342,17840,623,1502,19342,,125,123,0,2,125,,17971,16471,0,1500,17971,,1247,1247,623,,1247,,50,50,0,,50,,,,,,
BGR,2025,30958,29455,0,1503,30958,,729,726,0,3,729,,28584,27084,0,1500,28584,,1645,1645,0,,1645,,644,644,0,,644,,,,,,
BHR,2015,12263,,840,12263,12263,,3759,,840,3759,3759,,7854,,0,7854,7854,,650,,0,650,650,,3759,,840,3759,3759,,,,,,
BHR,2016,14209,,1307,14209,14209,,3108,,1240,3108,3108,,10450,,67,10450,10450,,650,,0,650,650,,3108,,1240,3108,3108,,,,,,
BHR,2017,21625,,1440,21625,21625,,2788,,653,2788,2788,,17187,,787,17187,17187,,1650,,0,1650,1650,,2788,,653,2788,2788,,,,,,
BHR,2018,24012,,212,24012,24012,,2120,,212,2120,2120,,17400,,0,17400,17400,,4493,,0,4493,4493,,2120,,212,2120,2120,,,,,,
BHR,2019,28431,,2652,28431,28086,344,2752,,752,2752,2408,344,21153,,1250,21153,21153,,4526,,650,4526,4526,,2752,,752,2752,2408,344,,,,,
BHR,2020,32841,,1401,32841,32415,426,3056,,426,3056,2630,426,25880,,975,25880,25880,,3905,,0,3905,3905,,3056,,426,3056,2630,426,,,,,
BHR,2021,40730,,2360,40730,40370,360,3590,,860,3590,3230,360,32744,,1500,32744,32744,,4396,,0,4396,4396,,3590,,860,3590,3230,360,,,,,
BHR,2022,40480,,1664,40480,40316,164,2894,,164,2894,2730,164,33183,,1500,33183,33183,,4403,,0,4403,4403,,2894,,164,2894,2730,164,,,,,
BHR,2023,43519,,4596,43519,43442,77,2807,,577,2807,2730,77,36700,,2997,36700,36700,,4012,,1022,4012,4012,,2807,,577,2807,2730,77,,,,,
BHR,2024,44680,,5145,44680,44615,65,3395,,1095,3395,3330,65,38296,,3550,38296,38296,,2989,,500,2989,2989,,3395,,1095,3395,3330,65,,,,,
BHR,2025,48090,,2465,48090,47950,140,2490,,840,2490,2350,140,43117,,1625,43117,43117,,2483,,0,2483,2483,,2490,,840,2490,2350,140,,,,,
BHS,2015,13526,,2283,13526,12241,1285,10078,,2283,10078,8792,1285,1194,,0,1194,1194,,2255,,0,2255,2255,,5536,,1515,5536,4613,923,,,,,
BHS,2016,13587,,3606,13587,11974,1613,10138,,2876,10138,8525,1613,1194,,0,1194,1194,,2255,,730,2255,2255,,6080,,1810,6080,4747,1333,,,,,
BHS,2017,14824,,3060,14824,12640,2184,11355,,3060,11355,9171,2184,1944,,0,1944,1944,,1525,,0,1525,1525,,7428,,2652,7428,5401,2027,,,,,
BHS,2018,12228,,4378,12228,9430,2797,8759,,4378,8759,5961,2797,1944,,0,1944,1944,,1525,,0,1525,1525,,4981,,2847,4981,2310,2671,,,,,
BHS,2019,11888,,3348,11888,9112,2776,8419,,3348,8419,5643,2776,1944,,0,1944,1944,,1525,,0,1525,1525,,5596,,3182,5596,2985,2611,,,,,
BHS,2020,11189,,2234,11189,9481,1708,6895,,2209,6895,5187,1708,2769,,0,2769,2769,,1525,,25,1525,1525,,4201,,2148,4201,2554,1647,,,,,
BHS,2021,10320,,1800,10320,9131,1189,5941,,1800,5941,4752,1189,2769,,0,2769,2769,,1610,,0,1610,1610,,3284,,1437,3284,2143,1141,,,,,
BHS,2022,13359,,5127,13359,9272,4087,8595,,4427,8595,4508,4087,3154,,0,3154,3154,,1610,,700,1610,1610,,6194,,4325,6194,2203,3991,,,,,
BHS,2023,13162,,5098,13162,9151,4012,8399,,4598,8399,4387,4012,3154,,300,3154,3154,,1610,,200,1610,1610,,5874,,4378,5874,2082,3792,,,,,
BHS,2024,12383,,5507,12383,7875,4509,8820,,5507,8820,4311,4509,2854,,0,2854,2854,,710,,0,710,710,,6429,,4728,6429,2009,4420,,,,,
BHS,2025,12405,,4236,12405,8706,3699,7774,,4236,7774,4075,3699,3921,,0,3921,3921,,710,,0,710,710,,6132,,4234,6132,2435,3697,,,,,
BIH,2021,340,,0,340,340,,,,,,,,340,,0,340,340,,,,,,,,,,,,,,,,,,
BIH,2022,320,,0,320,320,,,,,,,,320,,0,320,320,,,,,,,,,,,,,,,,,,
BIH,2023,332,,0,332,332,,,,,,,,332,,0,332,332,,,,,,,,,,,,,,,,,,
BIH,2024,312,,0,312,312,,,,,,,,312,,0,312,312,,,,,,,,,,,,,,,,,,
BIH,2025,764,,352,764,764,,,,,,,,764,,352,764,764,,,,,,,,,,,,,,,,,,
BLR,2015,800,,0,800,800,,,,,,,,800,,0,800,800,,,,,,,,,,,,,,,,,,
BLR,2016,800,,0,800,800,,,,,,,,800,,0,800,800,,,,,,,,,,,,,,,,,,
BLR,2017,3750,,800,3750,3750,,,,,,,,3400,,800,3400,3400,,350,,0,350,350,,,,,,,,,,,,
BLR,2018,3550,,0,3550,3550,,,,,,,,3200,,0,3200,3200,,350,,0,350,350,,,,,,,,,,,,
BLR,2019,4550,0,0,4550,4550,,1000,0,0,1000,1000,,3200,,0,3200,3200,,350,,0,350,350,,,,,,,,1000,0,0,1000,1000
BLR,2020,6301,0,0,6301,6301,,1000,0,0,1000,1000,,4584,,0,4584,4584,,717,,0,717,717,,,,,,,,1000,0,0,1000,1000
BLR,2021,6299,0,350,6299,6299,,1000,0,0,1000,1000,,4583,,0,4583,4583,,716,,350,716,716,,,,,,,,1000,0,0,1000,1000
BLR,2022,5958,,800,5958,5958,,1000,,0,1000,1000,,4589,,800,4589,4589,,369,,0,369,369,,,,,,,,1000,,0,1000,1000
BLR,2023,5116,,1000,5116,5116,,1000,,1000,1000,1000,,3761,,0,3761,3761,,355,,0,355,355,,,,,,,,1000,,1000,1000,1000
BLR,2024,4101,,451,4101,4101,,,,,,,,3751,,101,3751,3751,,350,,350,350,350,,,,,,,,,,,,
BLR,2025,3650,,500,3650,3650,,,,,,,,3650,,500,3650,3650,,,,,,,,,,,,,,,,,,
BLZ,2021,364,,0,364,364,,,,,,,,364,,0,364,364,,,,,,,,,,,,,,,,,,
BLZ,2022,364,,0,364,364,,,,,,,,364,,0,364,364,,,,,,,,,,,,,,,,,,
BLZ,2023,364,,0,364,364,,,,,,,,364,,0,364,364,,,,,,,,,,,,,,,,,,
BLZ,2024,364,,0,364,364,,,,,,,,364,,0,364,364,,,,,,,,,,,,,,,,,,
BLZ,2025,364,,0,364,364,,,,,,,,364,,0,364,364,,,,,,,,,,,,,,,,,,
BMU,2015,95198,,13728,95198,94298,900,79344,,10193,79344,78444,900,1725,,0,1725,1725,,14129,,3536,14129,14129,,2998,,351,2998,2647,351,200,,0,200,200
BMU,2016,99118,,17845,99118,98428,691,85257,,12809,85257,84567,691,2390,,0,2390,2390,,11471,,5036,11471,11471,,3628,,749,3628,3399,228,200,,0,200,200
BMU,2017,100558,,11876,100558,100162,397,90675,,10901,90675,90278,397,2390,,0,2390,2390,,7493,,975,7493,7493,,3085,,1581,3085,2880,204,200,,0,200,200
BMU,2018,113382,,17036,113382,111827,1555,98185,,14061,98185,96630,1555,3010,,500,3010,3010,,12187,,2475,12187,12187,,2306,,981,2306,2079,227,200,,0,200,200
BMU,2019,120855,,15093,120855,119843,1013,107266,,14789,107266,106254,1013,2510,,0,2510,2510,,11079,,304,11079,11079,,1468,,57,1468,1411,57,200,,0,200,200
BMU,2020,132087,,18693,132087,131264,823,114919,,17455,114919,114096,823,3860,,0,3860,3860,,13308,,1238,13308,13308,,2196,,775,2196,2196,,200,,0,200,200
BMU,2021,143063,,15195,143063,141755,1308,126104,,12944,126104,124796,1308,3860,,1225,3860,3860,,13099,,1026,13099,13099,,2418,,35,2418,2418,,200,,0,200,200
BMU,2022,137163,,12675,137163,136507,656,121655,,11655,121655,120999,656,3525,,0,3525,3525,,11983,,1021,11983,11983,,2356,,798,2356,2356,,200,,0,200,200
BMU,2023,137016,,12485,137016,136617,398,119563,,10958,119563,119164,398,3525,,0,3525,3525,,13928,,1528,13928,13928,,1676,,46,1676,1676,,200,,0,200,200
BMU,2024,139832,,11109,139832,139692,140,123317,,9406,123317,123177,140,3525,,0,3525,3525,,12990,,1703,12990,12990,,2473,,695,2473,2473,,200,,0,200,200
BMU,2025,151610,,12329,151610,150993,617,136124,,10671,136124,135507,617,3525,,0,3525,3525,,11961,,1658,11961,11961,,2831,,818,2831,2831,,200,,0,200,200
BOL,2015,1650,,0,1650,1650,,150,,0,150,150,,1500,,0,1500,1500,,,,,,,,150,,0,150,150,,,,,,
BOL,2016,1650,,0,1650,1650,,150,,0,150,150,,1500,,0,1500,1500,,,,,,,,150,,0,150,150,,,,,,
BOL,2017,2650,,0,2650,2650,,150,,0,150,150,,2500,,0,2500,2500,,,,,,,,150,,0,150,150,,,,,,
BOL,2018,2650,,0,2650,2650,,150,,0,150,150,,2500,,0,2500,2500,,,,,,,,150,,0,150,150,,,,,,
BOL,2019,2650,,0,2650,2650,,150,,0,150,150,,2500,,0,2500,2500,,,,,,,,150,,0,150,150,,,,,,
BOL,2020,2650,,150,2650,2650,,150,,150,150,150,,2500,,0,2500,2500,,,,,,,,150,,150,150,150,,,,,,
BOL,2021,2500,,500,2500,2500,,,,,,,,2500,,500,2500,2500,,,,,,,,,,,,,,,,,,
BOL,2022,2850,,1000,2850,2850,,,,,,,,2850,,1000,2850,2850,,,,,,,,,,,,,,,,,,
BOL,2023,1850,,0,1850,1850,,,,,,,,1850,,0,1850,1850,,,,,,,,,,,,,,,,,,
BOL,2024,1850,,0,1850,1850,,,,,,,,1850,,0,1850,1850,,,,,,,,,,,,,,,,,,
BOL,2025,1850,,0,1850,1850,,,,,,,,1850,,0,1850,1850,,,,,,,,,,,,,,,,,,
BRA,2015,135324,6215,12125,129110,135320,4,50285,1521,9652,48764,50281,4,48292,3645,858,44646,48292,,36747,1048,1614,35699,36747,,19947,1099,5019,18848,19943,4,15750,,1451,15750,15750
BRA,2016,126854,4971,12420,121883,126854,,40742,766,5010,39977,40742,,50990,3392,5258,47598,50990,,35122,814,2152,34308,35122,,15086,766,1255,14320,15086,,14251,,1791,14251,14251
BRA,2017,124227,3963,13241,120264,124227,,39429,49,2201,39380,39429,,49817,3332,4509,46485,49817,,34981,583,6531,34398,34981,,14133,49,417,14084,14133,,13555,,1250,13555,13555
BRA,2018,116019,3237,14037,112783,115989,30,37697,42,8571,37655,37667,30,46266,2844,1500,43422,46266,,32056,351,3965,31705,32056,,13823,42,2847,13781,13823,,12269,,5144,12269,12269
BRA,2019,115289,2846,15757,112444,115289,,34928,40,11161,34888,34928,,49147,2746,396,46401,49147,,31215,60,4200,31155,31215,,13673,40,4427,13633,13673,,7125,,2500,7125,7125
BRA,2020,112069,2202,15947,109867,111708,361,25773,31,4528,25742,25412,361,54233,2125,4215,52108,54233,,32063,46,7204,32016,32063,,9847,31,2600,9816,9847,,4625,,600,4625,4625
BRA,2021,107291,2219,7582,105072,107231,60,25401,195,3261,25206,25341,60,52125,1981,538,50144,52125,,29766,43,3783,29723,29766,,7239,29,400,7210,7239,,5825,,1275,5825,5825
BRA,2022,101698,2140,10237,99558,101698,,23279,206,3075,23074,23279,,51664,1520,4762,50144,51664,,26754,414,2400,26340,26754,,6838,31,0,6808,6838,,5050,,1750,5050,5050
BRA,2023,96485,2352,9707,94134,96450,35,20786,224,5006,20562,20750,35,51288,1656,741,49632,51288,,24412,472,3959,23940,24412,,6858,33,2477,6825,6858,0,3300,,1000,3300,3300
BRA,2024,95952,1271,12462,94681,95813,138,17136,150,2432,16986,16997,138,56830,790,9514,56040,56830,,21986,331,516,21655,21986,,4523,,500,4523,4523,,3050,,0,3050,3050
BRA,2025,99549,1417,7795,98132,99534,15,17270,169,2465,17101,17255,15,58168,892,2500,57275,58168,,24111,356,2830,23755,24111,,5163,,65,5163,5149,15,3750,,1800,3750,3750
BRB,2015,3116,,242,3116,3114,2,2576,,242,2576,2574,2,540,,0,540,540,,,,,,,,206,,92,206,204,2,,,,,
BRB,2016,2874,,1305,2874,2871,3,2334,,1305,2334,2331,3,540,,0,540,540,,,,,,,,114,,55,114,111,3,,,,,
BRB,2017,1876,,5,1876,1876,,1336,,5,1336,1336,,540,,0,540,540,,,,,,,,72,,5,72,72,,,,,,
BRB,2018,1871,,343,1871,1871,,1331,,18,1331,1331,,540,,325,540,540,,,,,,,,67,,18,67,67,,,,,,
BRB,2019,1515,,0,1515,1515,,1300,,0,1300,1300,,215,,0,215,215,,,,,,,,36,,0,36,36,,,,,,
BRB,2020,2974,,494,2974,2974,,2759,,344,2759,2759,,215,,150,215,215,,,,,,,,35,,24,35,35,,,,,,
BRB,2021,3830,,0,3830,3830,,3765,,0,3765,3765,,65,,0,65,65,,,,,,,,11,,0,11,11,,,,,,
BRB,2022,3830,,0,3830,3830,,3765,,0,3765,3765,,65,,0,65,65,,,,,,,,11,,0,11,11,,,,,,
BRB,2023,3830,,11,3830,3830,,3765,,11,3765,3765,,65,,0,65,65,,,,,,,,11,,11,11,11,,,,,,
BRB,2024,3819,,0,3819,3819,,3754,,0,3754,3754,,65,,0,65,65,,,,,,,,,,,,,,,,,,
BRB,2025,5564,,0,5564,5564,,4499,,0,4499,4499,,1065,,0,1065,1065,,,,,,,,,,,,,,,,,,
BWA,2015,6,,6,6,6,,6,,6,6,6,,,,,,,,,,,,,,,,,,,,,,,,
CAN,2015,751893,76396,124453,675497,743967,7927,397932,56560,85922,341372,390355,7577,115241,4087,21868,111153,114891,350,238721,15749,16663,222972,238721,,258118,6256,56170,251862,252727,5391,17,,0,17,17
CAN,2016,796999,67647,140476,729352,785811,11188,436186,44993,95437,391193,425122,11064,111981,5962,13537,106019,111857,124,248832,16692,31502,232140,248832,,283595,5522,63281,278074,274202,9393,17,,0,17,17
CAN,2017,869135,69180,126460,799956,859765,9370,465890,43551,87133,422339,456736,9154,130300,7277,14009,123023,130083,216,272946,18352,25318,254594,272946,,293904,4772,56735,289132,289016,4888,18,,0,18,18
CAN,2018,897665,58040,148151,839625,881115,16550,499469,35069,96070,464401,483059,16410,129466,7796,24475,121670,129326,140,268730,15176,27605,253554,268730,,318950,2693,65527,316257,307167,11783,18,,0,18,18
CAN,2019,935891,65571,152007,870320,923166,12725,527918,40087,103664,487831,516658,11260,133010,9523,19356,123486,131545,1465,274964,15961,28987,259003,274964,,322900,2952,65262,319947,313865,9034,18,,0,18,18
CAN,2020,993747,59128,162089,934619,984321,9426,545842,33130,107805,512712,536416,9426,152435,10106,12917,142329,152435,,295470,15892,41367,279579,295470,,326294,2717,65391,323577,320596,5697,19,,0,19,19
CAN,2021,1057947,53037,145239,1004910,1047239,10708,588268,28568,95575,559700,579025,9243,163793,8636,26710,155157,162328,1465,305886,15833,22954,290053,305886,,359682,2502,51988,357180,354756,4927,17,,17,17,17
CAN,2022,1199535,46900,182611,1152636,1161671,37865,745886,24827,143035,721059,709636,36250,148370,8476,17591,139894,146755,1615,305279,13597,21984,291682,305279,,511590,2400,106032,509190,478130,33459,,,,,
CAN,2023,1285507,50554,191636,1234953,1246733,38773,822777,31849,139910,790928,784284,38493,151595,5830,22908,145765,151315,280,311135,12875,28819,298259,311135,,559124,1360,94090,557764,531969,27155,,,,,
CAN,2024,1344410,55352,203661,1289058,1327060,17349,856315,40819,137102,815496,839671,16644,166071,3736,27467,162336,165366,706,322024,10798,39092,311226,322024,,566492,1279,97403,565214,557988,8505,,,,,
CAN,2025,1492346,85720,220610,1406626,1473493,18853,961888,74034,165159,887854,944285,17602,198484,1589,28350,196895,197234,1250,331975,10097,27101,321877,331975,,604155,1360,118530,602795,596127,8028,,,,,
CHE,2015,55155,9095,3926,46061,55083,73,45452,6726,3459,38726,45452,,,,,,,,9703,2369,467,7335,9630,73,25837,614,817,25223,25837,,1842,754,251,1089,1842
CHE,2016,54033,7627,5917,46406,53994,39,44759,5511,5224,39248,44759,,,,,,,,9273,2115,693,7158,9234,39,25566,344,3775,25223,25566,,1545,491,0,1054,1545
CHE,2017,74282,6485,4325,67797,74282,,64357,4574,3109,59783,64357,,,,,,,,9925,1910,1216,8014,9925,,30935,,873,30935,30935,,1712,512,256,1199,1712
CHE,2018,86168,7467,5049,78702,86168,,69567,4353,3348,65214,69567,,,,,,,,16601,3113,1701,13488,16601,,37046,,929,37046,37046,,1399,254,51,1145,1399
CHE,2019,91060,6126,3983,84934,91060,,80107,3606,3427,76501,80107,,,,,,,,10953,2519,556,8433,10953,,43647,,2482,43647,43647,,1330,207,0,1123,1330
CHE,2020,116764,7819,6005,108945,116715,49,101269,4532,5017,96737,101220,49,,,,,,,15495,3287,989,12208,15495,,61879,227,2146,61652,61830,49,1454,227,227,1227,1454
CHE,2021,123640,8542,19532,115098,123640,,107803,5343,18361,102460,107803,,,,,,,,15837,3200,1171,12638,15837,,71131,713,8277,70419,71131,,1133,,1133,1133,1133
CHE,2022,129861,8282,12616,121579,129861,,115355,5468,10538,109887,115355,,,,,,,,14506,2814,2078,11692,14506,,88992,704,5192,88288,88992,,,,,,
CHE,2023,134050,9000,11252,125050,134050,,119446,5512,11009,113935,119446,,,,,,,,14604,3488,244,11116,14604,,96693,776,4257,95917,96693,,,,,,
CHE,2024,132938,8021,11496,124917,132938,,117063,4823,6648,112241,117063,,,,,,,,15875,3199,4848,12676,15875,,101671,717,4811,100954,101671,,,,,,
CHE,2025,146965,7063,8474,139901,146965,,132301,5161,7982,127140,132301,,,,,,,,14663,1902,491,12761,14663,,115483,820,7001,114663,115483,,,,,,
CHL,2015,59936,1098,2146,58838,59936,,13369,350,1370,13019,13369,,7608,614,50,6994,7608,,38959,134,726,38825,38959,,9954,350,1370,9604,9954,,1700,,0,1700,1700
CHL,2016,62765,1163,4813,61601,62765,,12764,371,3052,12393,12764,,10134,651,0,9483,10134,,39867,142,1761,39725,39867,,9201,371,2052,8831,9201,,1700,,700,1700,1700
CHL,2017,73401,1262,3240,72139,73401,,12340,402,1923,11938,12340,,13062,706,0,12356,13062,,47999,154,1317,47845,47999,,9288,402,1673,8886,9288,,1252,,0,1252,1252
CHL,2018,76816,1116,5689,75700,76816,,12196,355,1956,11840,12196,,15709,624,0,15084,15709,,48912,136,3733,48775,48912,,9209,355,1804,8853,9209,,1414,,0,1414,1414
CHL,2019,83362,1043,8601,82320,83362,,12515,332,1968,12183,12515,,17947,583,1583,17364,17947,,52900,127,5050,52773,52900,,9089,332,1364,8757,9089,,1871,,500,1871,1871
CHL,2020,92023,133,4230,91890,92023,,12906,,877,12906,12906,,23093,,1000,23093,23093,,56024,133,2353,55890,56024,,8976,,593,8976,8976,,2224,,0,2224,2224
CHL,2021,119731,3124,6064,116607,119714,17,16772,,1843,16772,16755,17,38717,3012,750,35705,38717,,64243,111,3471,64131,64243,,12479,,792,12479,12479,,2171,,500,2171,2171
CHL,2022,122977,3090,5552,119887,122977,,15741,,1476,15741,15741,,43105,2980,0,40126,43105,,64130,110,4075,64020,64130,,11870,,1450,11870,11870,,1629,,0,1629,1629
CHL,2023,129003,4873,6452,124129,128898,104,15278,,1540,15278,15174,104,48560,4873,1199,43687,48560,,65164,,3713,65164,65164,,11328,,1373,11328,11223,104,1689,,0,1689,1689
CHL,2024,136138,3276,12290,132863,136138,,16384,,3200,16384,16384,,49445,3276,2868,46169,49445,,70310,,6222,70310,70310,,11571,,1871,11571,11571,,2251,,950,2251,2251
CHL,2025,141987,3567,6708,138420,141987,,14924,,1499,14924,14924,,53786,3567,2759,50219,53786,,73277,,2450,73277,73277,,11160,,1450,11160,11160,,1498,,0,1498,1498
CHN,2015,91006,28641,12573,62365,89249,1757,54504,12923,4661,41581,52747,1757,12603,12320,3546,283,12603,,23899,3397,4365,20501,23899,,7546,1061,2041,6485,5789,1757,40737,10236,2086,30501,40737
CHN,2016,130730,27867,13666,102864,127969,2761,83740,10113,5756,73627,80979,2761,14527,14241,3744,285,14527,,32463,3512,4167,28952,32463,,11546,662,3462,10883,8785,2761,44321,7629,1553,36691,44321
CHN,2017,180983,24059,13473,156924,178741,2242,119937,7638,8260,112299,117695,2242,15643,13354,1690,2289,15643,,45404,3067,3523,42337,45404,,21099,,3142,21099,18857,2242,57133,6485,968,50648,57133
CHN,2018,202809,24864,53643,177945,199881,2928,132330,7612,33271,124718,129402,2928,19889,14598,8855,5291,19889,,50591,2654,11517,47936,50591,,24085,284,3525,23802,21267,2818,57867,5961,17411,51906,57867
CHN,2019,208001,16476,31110,191525,204832,3169,127951,6816,22387,121135,124782,3169,23945,8159,2442,15786,23945,,56105,1501,6281,54604,56105,,29081,287,4119,28794,25912,3169,44949,5100,8992,39849,44949
CHN,2020,237166,16378,49149,220788,232486,4680,147487,9526,34790,137961,142806,4680,33202,6088,2134,27114,33202,,56478,765,12225,55713,56478,,31489,535,9136,30954,27009,4480,49662,6317,5610,43345,49662
CHN,2021,250207,16716,64820,233491,245310,4897,141517,10110,45451,131408,136620,4897,40081,5203,3807,34878,40081,,68609,1404,15563,67206,68609,,27165,472,14568,26692,22573,4591,52783,7131,11265,45652,52783
CHN,2022,235763,28203,42492,207559,232813,2950,122756,11905,27485,110850,119916,2840,44875,13300,8331,31575,44875,,68132,2999,6676,65134,68022,110,17937,1473,6838,16465,15098,2840,41187,5987,2537,35200,41187
CHN,2023,235787,46218,52902,189568,235207,580,113485,18291,27233,95194,112905,580,47763,18473,7592,29290,47763,,74539,9455,18077,65084,74539,,16324,563,8496,15761,15744,580,38717,5292,5979,33425,38717
CHN,2024,254645,75166,69859,179479,252059,2586,121253,31186,40756,90067,118666,2586,48616,21906,11450,26710,48616,,84776,22074,17654,62702,84776,,11933,2667,4009,9265,9346,2586,32678,3878,13287,28800,32678
CHN,2025,261163,86185,54347,174977,257166,3997,118314,39508,28096,78806,114317,3997,54230,20483,9502,33747,54230,,88618,26194,16750,62424,88618,,12492,4126,6815,8367,8495,3997,22336,4700,2187,17636,22336
CIV,2015,4434,249,38,4185,4434,,,,,,,,4434,249,38,4185,4434,,,,,,,,,,,,,,,,,,
CIV,2016,4388,241,43,4147,4388,,,,,,,,4388,241,43,4147,4388,,,,,,,,,,,,,,,,,,
CIV,2017,6378,274,22,6104,6378,,,,,,,,6378,274,22,6104,6378,,,,,,,,,,,,,,,,,,
CIV,2018,8256,262,0,7994,8256,,,,,,,,8256,262,0,7994,8256,,,,,,,,,,,,,,,,,,
CIV,2019,12021,257,257,11764,12021,,,,,,,,12021,257,257,11764,12021,,,,,,,,,,,,,,,,,,
CIV,2020,13584,,0,13584,13584,,,,,,,,13584,,0,13584,13584,,,,,,,,,,,,,,,,,,
CIV,2021,13912,,0,13912,13912,,,,,,,,13912,,0,13912,13912,,,,,,,,,,,,,,,,,,
CIV,2022,13412,,0,13412,13412,,,,,,,,13412,,0,13412,13412,,,,,,,,,,,,,,,,,,
CIV,2023,13703,,750,13703,13703,,,,,,,,13703,,750,13703,13703,,,,,,,,,,,,,,,,,,
CIV,2024,15052,,649,15052,15052,,,,,,,,15052,,649,15052,15052,,,,,,,,,,,,,,,,,,
CIV,2025,17737,,2332,17737,17737,,,,,,,,17737,,2332,17737,17737,,,,,,,,,,,,,,,,,,
CMR,2015,750,,0,750,750,,,,,,,,750,,0,750,750,,,,,,,,,,,,,,,,,,
CMR,2016,750,,0,750,750,,,,,,,,750,,0,750,750,,,,,,,,,,,,,,,,,,
CMR,2017,750,,0,750,750,,,,,,,,750,,0,750,750,,,,,,,,,,,,,,,,,,
CMR,2018,750,,0,750,750,,,,,,,,750,,0,750,750,,,,,,,,,,,,,,,,,,
CMR,2019,750,,0,750,750,,,,,,,,750,,0,750,750,,,,,,,,,,,,,,,,,,
CMR,2020,750,,0,750,750,,,,,,,,750,,0,750,750,,,,,,,,,,,,,,,,,,
CMR,2021,1526,,0,1526,1526,,,,,,,,1526,,0,1526,1526,,,,,,,,,,,,,,,,,,
CMR,2022,1481,,0,1481,1481,,,,,,,,1481,,0,1481,1481,,,,,,,,,,,,,,,,,,
CMR,2023,1507,,0,1507,1507,,,,,,,,1507,,0,1507,1507,,,,,,,,,,,,,,,,,,
CMR,2024,2012,,750,2012,2012,,,,,,,,2012,,750,2012,2012,,,,,,,,,,,,,,,,,,
CMR,2025,1355,,0,1355,1355,,,,,,,,1355,,0,1355,1355,,,,,,,,,,,,,,,,,,
COG,2025,930,,670,930,930,,,,,,,,930,,670,930,930,,,,,,,,,,,,,,,,,,
COL,2015,46607,3302,936,43305,46547,60,7625,300,15,7325,7565,60,24657,1896,201,22762,24657,,14325,1106,720,13219,14325,,5274,,0,5274,5274,,,,,,
COL,2016,50098,3707,3522,46391,50026,72,9302,315,1072,8986,9230,72,25984,1990,1650,23995,25984,,14812,1402,800,13410,14812,,6374,,1000,6374,6374,,,,,,
COL,2017,54703,5165,2712,49538,54605,98,11246,984,1613,10262,11148,98,28457,2001,0,26456,28457,,15000,2180,1099,12820,15000,,7516,492,800,7024,7516,,,,,,
COL,2018,55080,4743,4709,50338,55005,75,10378,903,300,9474,10303,75,30230,1837,2409,28392,30230,,14473,2002,2000,12471,14473,,6676,452,0,6224,6676,,,,,,
COL,2019,55458,5078,2984,50379,55363,95,10640,896,659,9744,10545,95,29776,1822,1075,27954,29776,,15042,2360,1250,12681,15042,,7222,448,624,6774,7222,,,,,,
COL,2020,62962,5034,4638,57929,62882,80,11210,855,380,10355,11130,80,33101,1739,2719,31362,33101,,18651,2439,1539,16212,18651,,7528,428,0,7100,7528,,,,,,
COL,2021,68942,3451,2644,65491,68882,60,11672,737,2644,10935,11612,60,36954,880,0,36074,36954,,20316,1834,0,18482,20316,,8369,369,2319,8000,8369,,,,,,
COL,2022,67277,2551,5753,64726,67242,35,8940,305,535,8635,8905,35,38337,728,3308,37609,38337,,20000,1518,1910,18482,20000,,6050,,500,6050,6050,,,,,,
COL,2023,71228,3123,4520,68105,71178,50,8534,384,1768,8150,8484,50,39916,655,1000,39261,39916,,22778,2084,1753,20694,22778,,5550,,1500,5550,5550,,,,,,
COL,2024,75785,2273,2500,73512,75755,30,7723,118,1300,7605,7693,30,43680,568,0,43112,43680,,24382,1587,1200,22795,24382,,5025,,400,5025,5025,,,,,,
COL,2025,90653,3282,5036,87372,90623,30,7444,139,1650,7305,7414,30,56243,1280,3086,54963,56243,,26966,1863,300,25104,26966,,5125,,1100,5125,5125,,,,,,
CRI,2015,7227,,0,7227,7227,,1977,,0,1977,1977,,4250,,0,4250,4250,,1000,,0,1000,1000,,,,,,,,1500,,0,1500,1500
CRI,2016,7727,,0,7727,7727,,2477,,0,2477,2477,,4250,,0,4250,4250,,1000,,0,1000,1000,,,,,,,,2000,,0,2000,2000
CRI,2017,8327,,1000,8327,8327,,2477,,1000,2477,2477,,4250,,0,4250,4250,,1600,,0,1600,1600,,,,,,,,2000,,1000,2000,2000
CRI,2018,7327,,0,7327,7327,,1477,,0,1477,1477,,4250,,0,4250,4250,,1600,,0,1600,1600,,,,,,,,1000,,0,1000,1000
CRI,2019,9127,,250,9127,9127,,1477,,0,1477,1477,,6050,,250,6050,6050,,1600,,0,1600,1600,,,,,,,,1000,,0,1000,1000
CRI,2020,8877,,1350,8877,8877,,1477,,850,1477,1477,,5800,,0,5800,5800,,1600,,500,1600,1600,,,,,,,,1000,,500,1000,1000
CRI,2021,8527,,0,8527,8527,,1327,,0,1327,1327,,5800,,0,5800,5800,,1400,,0,1400,1400,,,,,,,,500,,0,500,500
CRI,2022,8527,,1500,8527,8527,,1327,,500,1327,1327,,5800,,1000,5800,5800,,1400,,0,1400,1400,,,,,,,,500,,500,500,500
CRI,2023,11527,,0,11527,11527,,827,,0,827,827,,9300,,0,9300,9300,,1400,,0,1400,1400,,,,,,,,,,,,
CRI,2024,11527,,627,11527,11527,,827,,127,827,827,,9300,,500,9300,9300,,1400,,0,1400,1400,,,,,,,,,,,,
CRI,2025,10900,,0,10900,10900,,700,,0,700,700,,8800,,0,8800,8800,,1400,,0,1400,1400,,,,,,,,,,,,
CUW,2015,7730,,572,7730,7730,,7730,,572,7730,7730,,,,,,,,,,,,,,7041,,535,7041,7041,,,,,,
CUW,2016,7130,,4104,7130,7124,7,7130,,4104,7130,7124,7,,,,,,,,,,,,,6498,,4052,6498,6498,,,,,,
CUW,2017,3246,,789,3246,3246,,3246,,789,3246,3246,,,,,,,,,,,,,,2664,,748,2664,2664,,,,,,
CUW,2018,2372,,170,2372,2372,,2372,,170,2372,2372,,,,,,,,,,,,,,1835,,143,1835,1835,,,,,,
CUW,2019,2167,,838,2167,2163,4,2167,,838,2167,2163,4,,,,,,,,,,,,,1657,,832,1657,1653,4,,,,,
CUW,2020,1448,,159,1448,1433,16,1448,,159,1448,1433,16,,,,,,,,,,,,,944,,155,944,928,16,,,,,
CUW,2021,1340,,444,1340,1220,121,1340,,444,1340,1220,121,,,,,,,,,,,,,840,,444,840,720,121,,,,,
CUW,2022,924,,321,924,914,10,924,,321,924,914,10,,,,,,,,,,,,,424,,321,424,414,10,,,,,
CUW,2023,2938,,587,2938,2938,,2938,,587,2938,2938,,,,,,,,,,,,,,228,,87,228,228,,,,,,
CUW,2024,2834,,7,2834,2834,,2834,,7,2834,2834,,,,,,,,,,,,,,133,,7,133,133,,,,,,
CUW,2025,4147,,0,4147,4147,,4147,,0,4147,4147,,,,,,,,,,,,,,,,,,,,,,,,
CYM,2015,1337119,,102800,1337119,1330150,6969,1332534,,102800,1332534,1325565,6969,312,,0,312,312,,3273,,0,3273,3273,,78871,,8912,78871,76180,2690,12772,,0,12772,12772
CYM,2016,1355176,,128610,1355176,1344948,10228,1350343,,127754,1350343,1340115,10228,312,,0,312,312,,3521,,856,3521,3521,,81809,,14511,81809,78394,3415,13459,,500,13459,13459
CYM,2017,1508680,,108997,1508680,1497273,11407,1501322,,108582,1501322,1489915,11407,312,,0,312,312,,4847,,415,4847,4847,,79879,,13620,79879,77538,2341,13999,,500,13999,13999
CYM,2018,1802524,,110303,1802524,1790028,12496,1794221,,109146,1794221,1781726,12496,312,,312,312,312,,5791,,845,5791,5791,,73761,,9947,73761,72115,1646,14238,,121,14238,14238
CYM,2019,2048617,,122336,2048617,2037696,10921,2038738,,120661,2038738,2027817,10921,,,,,,,7680,,975,7680,7680,,85230,,14479,85230,83038,2192,15619,,0,15619,15619
CYM,2020,2224626,,153652,2224626,2209969,14657,2210917,,151182,2210917,2196260,14657,,,,,,,10859,,2470,10859,10859,,96605,,12805,96605,95285,1320,15624,,700,15624,15624
CYM,2021,2609757,,139059,2609757,2594840,14917,2595404,,136014,2595404,2580486,14917,,,,,,,11504,,3044,11504,11504,,96041,,14792,96041,94817,1223,14915,,4425,14915,14915
CYM,2022,2666819,,111353,2666819,2656275,10544,2655258,,109474,2655258,2644713,10544,,,,,,,8792,,1879,8792,8792,,89430,,16568,89430,86476,2954,10477,,3250,10477,10477
CYM,2023,2769561,,144551,2769561,2757290,12271,2757064,,142481,2757064,2744793,12271,,,,,,,9794,,1657,9794,9794,,82885,,17693,82885,79582,3303,7968,,4000,7968,7968
CYM,2024,3182878,,182251,3182878,3138461,44417,3172265,,179112,3172265,3127847,44417,,,,,,,8358,,2389,8358,8358,,118062,,48017,118062,85888,32174,3974,,3224,3974,3974
CYM,2025,3667491,,195105,3667491,3636543,30948,3648376,,192558,3648376,3617428,30948,10637,,0,10637,10637,,7021,,2090,7021,7021,,116738,,28597,116738,100036,16702,1250,,0,1250,1250
CYP,2015,9230,7335,1317,1895,8967,263,4240,3447,858,793,4114,126,3888,3888,158,,3888,,1102,,302,1102,965,136,1953,1923,626,29,1926,27,,,,,
CYP,2016,11797,8759,275,3038,11619,178,5911,4072,105,1839,5903,8,4666,4666,0,,4666,,1220,21,170,1198,1050,170,1285,1285,0,,1285,,,,,,
CYP,2017,19502,10611,2159,8892,19299,203,12558,4870,1506,7689,12508,50,5741,5741,0,,5741,,1203,,653,1203,1050,153,1811,1761,738,50,1761,50,,,,,
CYP,2018,20729,12041,693,8687,20537,192,12858,4843,193,8015,12788,70,7199,7199,228,,7199,,672,,272,672,550,122,2226,2205,55,21,2170,55,,,,,
CYP,2019,24417,15170,6970,9247,24233,185,13736,5017,6012,8719,13679,56,10153,10153,829,,10153,,528,,128,528,400,128,2170,2160,40,10,2129,40,,,,,
CYP,2020,25544,20180,1704,5364,25478,66,8896,4482,1654,4414,8879,16,15698,15698,0,,15698,,950,,50,950,900,50,2326,2326,0,,2326,,,,,,
CYP,2021,29269,19532,1925,9737,29253,16,9489,3902,543,5587,9473,16,15630,15630,1133,,15630,,4150,,250,4150,4150,,2713,2713,0,,2713,,,,,,
CYP,2022,27275,18217,3497,9058,27261,14,8656,3498,1055,5158,8642,14,14719,14719,1067,,14719,,3900,,1375,3900,3900,,2395,2395,0,,2395,,,,,,
CYP,2023,25610,19457,2818,6153,25610,,7836,4208,774,3628,7836,,15249,15249,2044,,15249,,2525,,0,2525,2525,,3089,3089,0,,3089,,,,,,
CYP,2024,22960,17407,1760,5553,22960,,7137,4109,721,3028,7137,,13298,13298,1039,,13298,,2525,,0,2525,2525,,3216,3216,104,,3216,,,,,,
CYP,2025,23260,18348,3184,4912,23260,,6810,4483,1384,2327,6810,,13865,13865,1175,,13865,,2585,,625,2585,2585,,3520,3520,235,,3520,,,,,,
CZE,2015,25812,885,2560,24926,25681,131,6607,452,825,6155,6577,30,9158,,502,9158,9158,,10047,433,1233,9614,9946,101,6063,452,553,5611,6033,30,544,,272,544,544
CZE,2016,23785,984,1744,22801,23561,224,5906,504,970,5402,5840,66,8380,,0,8380,8380,,9499,480,775,9019,9341,158,5616,504,970,5112,5550,66,264,,0,264,264
CZE,2017,30884,952,5068,29932,30846,38,9799,527,1554,9272,9799,,9534,,2399,9534,9534,,11551,425,1116,11126,11513,38,9445,527,1554,8918,9445,,300,,0,300,300
CZE,2018,25819,463,2397,25356,25769,50,7298,164,1374,7134,7298,,6813,,0,6813,6813,,11708,299,1023,11409,11658,50,6960,164,1374,6796,6960,,286,,0,286,286
CZE,2019,28720,463,3412,28257,28667,53,7499,162,629,7337,7499,,6684,,1123,6684,6684,,14536,300,1659,14236,14484,53,7168,162,629,7005,7168,,281,,0,281,281
CZE,2020,35259,475,6238,34784,35217,41,14248,172,1557,14076,14248,,6074,,2454,6074,6074,,14937,303,2227,14634,14896,41,13886,172,1220,13714,13886,,307,,307,307,307
CZE,2021,30942,254,8257,30687,30926,15,15463,182,3704,15281,15463,,3341,,3115,3341,3341,,12137,72,1439,12065,12122,15,15440,182,3681,15258,15440,,,,,,
CZE,2022,25958,763,2043,25195,25958,,12783,708,674,12076,12783,,213,,213,213,213,,12961,55,1156,12906,12961,,12783,708,674,12076,12783,,,,,,
CZE,2023,28979,715,4973,28264,28979,,16196,715,3315,15481,16196,,,,,,,,12783,,1658,12783,12783,,15511,715,3315,14796,15511,,,,,,
CZE,2024,29572,908,3810,28664,29572,,16702,908,1777,15794,16702,,,,,,,,12870,,2034,12870,12870,,15434,908,1777,14527,15434,,,,,,
CZE,2025,41691,1067,4864,40625,41691,,23108,1067,2444,22041,23108,,,,,,,,18583,,2420,18583,18583,,20729,1067,2444,19662,20729,,,,,,
DEU,2015,1106679,521666,304664,585013,976987,129692,873136,329921,266060,543215,747295,125841,74719,56629,20608,18089,74189,530,158824,135116,17997,23709,155503,3322,218366,110362,76755,108004,176156,42210,246593,31293,51855,215300,246593
DEU,2016,1137311,532670,324923,604641,1001435,135876,900812,342897,283363,557915,766406,134406,61482,41177,14998,20305,61359,123,175016,148596,26562,26421,173670,1347,232096,118533,85300,113563,191438,40657,255837,31880,46220,223957,255837
DEU,2017,1260318,620731,324269,639588,1115279,145040,983415,396285,289300,587129,840036,143379,77197,51951,11579,25247,76994,203,199706,172495,23389,27212,198248,1458,296136,128825,116699,167311,210748,85388,266694,37030,53406,229664,266694
DEU,2018,1229429,634824,338866,594605,1090976,138453,949802,401179,288503,548622,815641,134161,82830,64458,17072,18372,82385,445,196797,169186,33290,27611,192950,3847,294839,131907,134653,162932,209168,85671,223619,36188,50708,187431,223619
DEU,2019,1257602,677021,325703,580581,1114352,143250,946167,407253,284712,538915,811501,134666,88643,74151,8680,14493,87691,953,222791,195618,32312,27173,215160,7631,290301,124528,121979,165773,199030,91271,184972,38501,48486,146471,184972
DEU,2020,1361995,816265,321113,545730,1241503,120492,960546,460731,271795,499815,842599,117947,113612,95937,15198,17675,113031,581,287837,259597,34121,28240,285874,1963,274403,135850,105615,138553,213846,60557,160340,45457,35608,114883,160340
DEU,2021,1346821,818405,315538,528416,1211203,135617,949979,459651,270228,490328,825023,124956,98814,84579,10918,14234,98402,412,298028,274175,34392,23854,287779,10249,286845,134926,116695,151920,204927,81918,135068,42245,32674,92824,135068
DEU,2022,1268527,802204,248008,466323,1160845,107682,892599,463378,204916,429220,793296,99303,91627,74087,8971,17540,90757,870,284302,264739,34120,19563,276793,7509,281717,143293,96920,138424,208438,73279,111771,34987,18627,76784,111771
DEU,2023,1353642,900457,289592,453185,1243306,110336,959365,537757,240747,421608,851777,107588,105892,93076,10961,12816,105892,,288386,269625,37884,18761,285638,2748,313694,182252,116741,131442,226812,86882,105675,38615,15545,67061,105675
DEU,2024,1335701,910330,268178,425370,1229910,105791,931132,537213,217895,393920,828620,102513,107185,97414,9535,9771,107185,,297383,275703,40748,21680,294105,3278,320009,188818,123382,131191,231927,88082,106420,45363,21002,61057,106420
DEU,2025,1563395,1087124,329368,476271,1422275,141120,1089456,648453,281013,441002,951452,138004,124267,112386,6902,11882,124267,,349672,326285,41453,23387,346556,3116,414798,244278,170791,170520,285937,128860,108889,52746,12775,56143,108889
DJI,2020,20,,0,20,20,,20,,0,20,20,,,,,,,,,,,,,,,,,,,,20,,0,20,20
DJI,2021,20,,0,20,20,,20,,0,20,20,,,,,,,,,,,,,,,,,,,,20,,0,20,20
DJI,2022,20,,20,20,20,,20,,20,20,20,,,,,,,,,,,,,,,,,,,,20,,20,20,20
DNK,2015,119952,1692,24198,118260,113977,5975,88805,1692,18722,87112,82830,5975,7146,,4435,7146,7146,,24002,,1042,24002,24002,,59991,1692,11003,58298,56738,3253,,,,,
DNK,2016,119630,2070,20822,117560,115862,3768,93236,2070,16016,91166,89468,3768,2810,,2810,2810,2810,,23584,,1996,23584,23584,,59980,2070,11618,57910,56956,3023,,,,,
DNK,2017,129988,1901,22429,128087,127149,2839,101978,1901,19916,100077,99139,2839,,,,,,,28010,,2513,28010,28010,,63078,1901,13158,61177,60239,2839,,,,,
DNK,2018,118863,1809,17764,117054,117474,1389,95832,1809,13370,94023,94444,1389,,,,,,,23031,,4394,23031,23031,,56060,1809,8730,54250,54671,1389,,,,,
DNK,2019,122413,947,15559,121466,121269,1144,99958,947,13200,99011,99305,653,,,,,,,22455,,2359,22455,21964,491,59767,947,7625,58820,59114,653,,,,,
DNK,2020,149947,1039,23962,148908,140289,9658,116704,1039,14326,115665,113902,2803,8632,,6855,8632,1777,6855,24611,,2781,24611,24611,,74132,1039,9645,73093,71739,2393,,,,,
DNK,2021,139286,571,21144,138715,136268,3019,113211,571,15595,112640,111095,2116,2567,,2567,2567,1664,903,23509,,2982,23509,23509,,68417,571,10215,67845,66326,2091,,,,,
DNK,2022,134084,595,19556,133489,131579,2505,108995,595,15538,108400,107320,1675,2243,,643,2243,1600,643,22846,,3375,22846,22659,187,59891,595,8314,59296,58216,1675,,,,,
DNK,2023,152885,556,22266,152329,149215,3670,122047,556,16335,121491,118377,3670,4525,,1658,4525,4525,,26313,,4274,26313,26313,,69344,556,10303,68788,65704,3640,,,,,
DNK,2024,151629,663,32367,150966,142776,8853,119496,467,24479,119029,112976,6520,4818,196,3582,4621,4125,693,27316,,4305,27316,25675,1640,70026,467,17704,69559,63608,6418,,,,,
DNK,2025,169439,544,32085,168894,161284,8154,126647,323,25881,126324,119582,7065,6297,222,1725,6075,5747,550,36495,,4479,36495,35956,539,76168,323,18465,75845,69135,7033,,,,,
DOM,2015,9544,,40,9544,9544,,300,,0,300,300,,8629,,0,8629,8629,,615,,40,615,615,,,,,,,,300,,0,300,300
DOM,2016,11744,,551,11744,11744,,670,,0,670,670,,10129,,0,10129,10129,,946,,551,946,946,,,,,,,,300,,0,300,300
DOM,2017,13211,,0,13211,13211,,670,,0,670,670,,11829,,0,11829,11829,,712,,0,712,712,,,,,,,,300,,0,300,300
DOM,2018,16306,796,0,15511,16306,,670,,0,670,670,,14924,796,0,14129,14924,,712,,0,712,712,,,,,,,,300,,0,300,300
DOM,2019,19674,2663,0,17011,19674,,670,,0,670,670,,18292,2663,0,15629,18292,,712,,0,712,712,,,,,,,,300,,0,300,300
DOM,2020,26995,2718,1870,24277,26995,,670,,370,670,670,,25613,2718,1500,22895,25613,,712,,0,712,712,,,,,,,,300,,0,300,300
DOM,2021,28262,2755,0,25507,28262,,300,,0,300,300,,26650,2755,0,23895,26650,,1312,,0,1312,1312,,,,,,,,300,,0,300,300
DOM,2022,31881,2810,1009,29071,31881,,300,,300,300,300,,30269,2810,709,27459,30269,,1312,,0,1312,1312,,,,,,,,300,,300,300,300
DOM,2023,33793,4323,2146,29471,33793,,,,,,,,32481,4323,1829,28159,32481,,1312,,317,1312,1312,,,,,,,,,,,,
DOM,2024,34894,5819,1525,29075,34894,,,,,,,,33399,5819,1500,27580,33399,,1495,,25,1495,1495,,,,,,,,,,,,
DOM,2025,39761,7611,3743,32150,39761,,,,,,,,38291,7611,3373,30680,38291,,1470,,370,1470,1470,,,,,,,,,,,,
ECU,2015,3747,,0,3747,3747,,,,,,,,3747,,0,3747,3747,,,,,,,,,,,,,,,,,,
ECU,2016,6497,,0,6497,6497,,,,,,,,6497,,0,6497,6497,,,,,,,,,,,,,,,,,,
ECU,2017,12613,,0,12613,12613,,,,,,,,11997,,0,11997,11997,,615,,0,615,615,,,,,,,,,,,,
ECU,2018,15613,,0,15613,15613,,,,,,,,14997,,0,14997,14997,,615,,0,615,615,,,,,,,,,,,,
ECU,2019,21663,,2115,21663,21663,,800,,0,800,800,,20247,,1500,20247,20247,,615,,615,615,615,,,,,,,,,,,,
ECU,2020,20114,,0,20114,20114,,800,,0,800,800,,19314,,0,19314,19314,,,,,,,,,,,,,,,,,,
ECU,2021,20124,,2000,20124,20124,,800,,0,800,800,,19324,,2000,19324,19324,,,,,,,,,,,,,,,,,,
ECU,2022,18434,,1000,18434,18434,,1100,,0,1100,1100,,17334,,1000,17334,17334,,,,,,,,300,,0,300,300,,,,,,
ECU,2023,18100,,2000,18100,18100,,1100,,0,1100,1100,,17000,,2000,17000,17000,,,,,,,,300,,0,300,300,,,,,,
ECU,2024,16110,,498,16110,16110,,1100,,400,1100,1100,,15010,,98,15010,15010,,,,,,,,300,,0,300,300,,,,,,
ECU,2025,15924,,1750,15924,15924,,700,,0,700,700,,14924,,1750,14924,14924,,300,,0,300,300,,300,,0,300,300,,,,,,
EGY,2015,5181,,1000,5181,5181,,,,,,,,5181,,1000,5181,5181,,,,,,,,,,,,,,,,,,
EGY,2016,8339,,1360,8339,8339,,,,,,,,8339,,1360,8339,8339,,,,,,,,,,,,,,,,,,
EGY,2017,10728,,0,10728,10728,,,,,,,,10728,,0,10728,10728,,,,,,,,,,,,,,,,,,
EGY,2018,20493,,0,20493,20493,,,,,,,,20493,,0,20493,20493,,,,,,,,,,,,,,,,,,
EGY,2019,33244,,1000,33244,33244,,,,,,,,33244,,1000,33244,33244,,,,,,,,,,,,,,,,,,
EGY,2020,43040,,0,43040,43040,,,,,,,,43040,,0,43040,43040,,,,,,,,,,,,,,,,,,
EGY,2021,58235,,2266,58235,58235,,,,,,,,58235,,2266,58235,58235,,,,,,,,,,,,,,,,,,
EGY,2022,56916,31,1733,56885,56916,,31,31,0,,31,,56885,,1733,56885,56885,,,,,,,,,,,,,,,,,,
EGY,2023,60046,25,4566,60021,60046,,1525,25,0,1500,1525,,58521,,4566,58521,58521,,,,,,,,1500,,0,1500,1500,,,,,,
EGY,2024,54689,24,5313,54664,54689,,1524,24,20,1500,1524,,53164,,5294,53164,53164,,,,,,,,1500,,0,1500,1500,,,,,,
EGY,2025,59514,85,5982,59429,59514,,5375,85,1549,5291,5375,,54138,,4433,54138,54138,,,,,,,,5291,,1500,5291,5291,,,,,,
ESP,2015,563311,506506,105135,56805,549054,14257,501082,452911,100014,48171,488107,12975,37681,30343,2513,7338,37681,,24547,23251,2608,1296,23265,1282,146893,134371,38776,12522,134834,12059,,,,,
ESP,2016,495790,448458,97272,47332,479632,16158,432115,393492,81073,38623,416504,15611,34482,27294,11666,7188,34482,,29194,27672,4533,1522,28647,547,127208,115407,40640,11801,113394,13813,,,,,
ESP,2017,538968,480897,73986,58072,522731,16237,475629,425703,55002,49926,460096,15533,25175,18281,13261,6894,25175,,38164,36912,5723,1252,37460,704,144753,126491,21891,18262,135161,9592,,,,,
ESP,2018,510528,455048,55247,55480,490329,20199,457970,405205,48498,52765,439495,18475,11425,10184,1695,1242,11425,,41133,39660,5054,1473,39409,1724,155397,130416,20862,24981,144640,10757,,,,,
ESP,2019,526931,465521,60972,61409,505640,21291,462728,404902,54310,57826,444343,18385,9583,8329,1431,1254,9583,,54620,52290,5231,2329,51714,2906,175452,144530,28371,30922,162700,12752,,,,,
ESP,2020,594456,529422,62706,65033,573258,21197,512585,452353,56435,60232,494543,18042,8816,7534,551,1282,8816,,73054,69535,5720,3519,69899,3155,202561,168089,25967,34472,191799,10763,,,,,
ESP,2021,589259,506516,76394,82743,562867,26392,506089,428949,69625,77140,481574,24514,8252,7012,0,1240,8252,,74918,70555,6769,4363,73040,1878,210286,163804,32017,46483,198751,11535,,,,,
ESP,2022,565359,475955,64376,89404,540976,24383,489481,405809,54757,83672,466390,23090,7772,6603,614,1169,7772,,68106,63542,9005,4564,66814,1292,226690,165988,40106,60703,209435,17255,,,,,
ESP,2023,624779,521117,88597,103662,592457,32323,549018,451061,77481,97957,517293,31725,7368,6205,3489,1163,7368,,68394,63852,7626,4542,67796,598,267571,197989,58120,69582,242631,24940,,,,,
ESP,2024,615013,496448,84209,118565,590005,25009,544355,431228,69901,113128,519826,24530,3677,2694,52,983,3677,,66981,62526,14256,4455,66502,479,263099,182979,49051,80120,246358,16741,,,,,
ESP,2025,676219,542983,89227,133236,643588,32631,599641,472147,76941,127494,568098,31543,3990,2988,0,1002,3990,,72588,67848,12285,4740,71500,1088,269370,185232,43416,84139,246991,22379,,,,,
EST,2015,1681,1579,0,102,1681,,,,,,,,28,28,0,,28,,1653,1551,0,102,1653,,,,,,,,,,,,
EST,2016,1633,1529,0,104,1633,,,,,,,,27,27,0,,27,,1607,1502,0,104,1607,,,,,,,,,,,,
EST,2017,1849,1740,859,110,1849,,,,,,,,31,31,0,,31,,1819,1709,859,110,1819,,,,,,,,,,,,
EST,2018,1604,1604,0,,1604,,401,401,0,,401,,29,29,0,,29,,1174,1174,0,,1174,,401,401,0,,401,,,,,,
EST,2019,1910,1910,337,,1910,,730,730,0,,730,,29,29,0,,29,,1151,1151,337,,1151,,730,730,0,,730,,,,,,
EST,2020,4970,4970,429,,4970,,2209,2209,429,,2209,,1872,1872,0,,1872,,890,890,0,,890,,2209,2209,429,,2209,,,,,,
EST,2021,4385,4385,81,,4385,,1836,1836,81,,1836,,1728,1728,0,,1728,,821,821,0,,821,,1836,1836,81,,1836,,,,,,
EST,2022,6880,6880,773,,6880,,3413,3413,0,,3413,,2694,2694,0,,2694,,773,773,773,,773,,3413,3413,0,,3413,,,,,,
EST,2023,8101,8101,614,,8058,43,4163,4163,571,,4163,,3939,3939,43,,3896,43,,,,,,,4163,4163,571,,4163,,,,,,
EST,2024,10405,10359,582,45,9823,582,4654,4608,0,45,4654,,5283,5283,582,,4702,582,468,468,0,,468,,4654,4608,0,45,4654,,,,,,
EST,2025,15449,15395,1539,54,14674,775,7652,7598,764,54,7652,,7268,7268,775,,6493,775,529,529,0,,529,,7652,7598,764,54,7652,,,,,,
ETH,2015,1000,,0,1000,1000,,,,,,,,1000,,0,1000,1000,,,,,,,,,,,,,,,,,,
ETH,2016,1000,,0,1000,1000,,,,,,,,1000,,0,1000,1000,,,,,,,,,,,,,,,,,,
ETH,2017,1000,,0,1000,1000,,,,,,,,1000,,0,1000,1000,,,,,,,,,,,,,,,,,,
ETH,2018,1000,,0,1000,1000,,,,,,,,1000,,0,1000,1000,,,,,,,,,,,,,,,,,,
ETH,2019,1000,,0,1000,1000,,,,,,,,1000,,0,1000,1000,,,,,,,,,,,,,,,,,,
ETH,2020,1000,,0,1000,1000,,,,,,,,1000,,0,1000,1000,,,,,,,,,,,,,,,,,,
ETH,2021,1000,,0,1000,1000,,,,,,,,1000,,0,1000,1000,,,,,,,,,,,,,,,,,,
ETH,2022,1000,,0,1000,1000,,,,,,,,1000,,0,1000,1000,,,,,,,,,,,,,,,,,,
ETH,2023,1000,,1000,1000,1000,,,,,,,,1000,,1000,1000,1000,,,,,,,,,,,,,,,,,,
FIN,2015,160178,83636,29539,76542,151513,8665,114781,63254,20938,51527,106203,8578,23863,4464,5598,19399,23863,,21534,15919,3002,5616,21447,87,61982,49281,13845,12700,53620,8362,,,,,
FIN,2016,158692,84092,29721,74599,149446,9245,117287,64886,23537,52401,108168,9119,21771,4375,2979,17396,21771,,19634,14832,3205,4802,19507,126,57652,46394,14653,11259,48832,8821,,,,,
FIN,2017,183050,98166,38593,84884,169421,13629,139077,76425,29243,62651,125622,13455,22332,4977,6904,17355,22332,,21642,16764,2446,4878,21468,174,64532,53224,14228,11308,55851,8680,,,,,
FIN,2018,184842,108290,49944,76552,164777,20065,149484,87176,38268,62308,129700,19784,15158,4752,7220,10407,15158,,20199,16362,4456,3837,19919,281,71671,57765,22671,13907,55688,15983,,,,,
FIN,2019,193399,117731,54341,75667,167075,26323,164272,95371,49881,68900,138145,26127,7835,4662,2877,3173,7835,,21292,17698,1583,3594,21096,197,87068,64210,29606,22858,64345,22723,,,,,
FIN,2020,220500,152797,44916,67703,200202,20298,185414,124983,37426,60431,165203,20212,9510,6197,5092,3313,9510,,25575,21617,2398,3958,25489,86,101461,81175,21287,20286,86175,15286,,,,,
FIN,2021,229102,155913,56467,73189,208763,20340,200590,133555,54230,67036,180347,20243,4321,1133,0,3188,4321,,24191,21226,2237,2965,24095,96,114493,88974,38896,25519,98782,15711,,,,,
FIN,2022,235055,165581,44353,69474,210908,24147,207468,143841,42747,63627,183321,24147,4272,1067,0,3205,4272,,23315,20673,1606,2642,23315,,121021,95780,24045,25241,102659,18362,,,,,
FIN,2023,267278,190624,56507,76654,233727,33551,230647,160802,53585,69845,197096,33551,7625,4420,0,3205,7625,,29006,25402,2921,3604,29006,,139096,108176,39488,30920,110820,28277,,,,,
FIN,2024,273221,189332,51707,83889,243771,29451,235226,160159,48949,75067,205978,29248,9278,4156,312,5122,9278,,28717,25018,2446,3700,28515,203,140244,106914,35328,33331,114597,25648,,,,,
FIN,2025,322846,224633,69392,98213,283957,38889,275159,188860,65065,86300,236587,38572,12324,4347,652,7976,12324,,35363,31426,3674,3937,35046,317,164743,126509,46393,38233,131211,33531,,,,,
FJI,2015,451,,251,451,451,,,,,,,,450,,250,450,450,,1,,1,1,1,,,,,,,,,,,,
FJI,2016,200,,0,200,200,,,,,,,,200,,0,200,200,,,,,,,,,,,,,,,,,,
FJI,2017,200,,0,200,200,,,,,,,,200,,0,200,200,,,,,,,,,,,,,,,,,,
FJI,2018,200,,0,200,200,,,,,,,,200,,0,200,200,,,,,,,,,,,,,,,,,,
FJI,2019,200,,200,200,200,,,,,,,,200,,200,200,200,,,,,,,,,,,,,,,,,,
FRA,2015,1362987,945735,219779,417252,1303184,59803,962949,660553,164619,302396,920504,42444,16825,7188,9106,9638,8104,8721,383213,277995,46055,105218,374575,8638,577414,408380,106548,169034,550927,26487,5496,5196,435,300,5496
FRA,2016,1366171,906108,275003,460063,1280595,85576,964225,629942,211702,334283,901176,63049,20316,7348,12840,12968,7601,12715,381630,268819,50461,112811,371818,9812,576888,384159,134410,192729,540669,36218,7176,6876,837,300,7176
FRA,2017,1494562,995943,262744,498619,1385769,108793,1037418,679504,180078,357914,969710,67709,36558,7942,28606,28616,8426,28132,420585,308497,54060,112088,407633,12952,626087,399020,120804,227067,583775,42312,10458,9717,899,741,10458
FRA,2018,1427411,938411,256157,489000,1337924,89487,1002620,643103,171289,359517,948074,54546,28664,11340,21124,17324,7675,20989,396127,283968,63744,112159,382174,13952,613844,364477,112522,249367,573533,40311,10664,9713,1338,951,10664
FRA,2019,1400717,900701,252880,500016,1306108,94609,986556,612870,174784,373686,927869,58687,30448,7335,23242,23113,7412,23035,383713,280497,54855,103217,370827,12887,619888,347265,121141,272623,574986,44902,13182,12644,1355,538,13182
FRA,2020,1511454,1001682,273420,509772,1399420,112035,1034678,667787,155578,366891,991305,43373,65778,23242,54055,42537,11723,54055,410998,310653,63787,100345,396391,14607,621264,345975,110763,275290,588857,32408,20174,19298,205,875,20174
FRA,2021,1418333,881899,235386,536434,1328737,89596,989140,585160,132536,403980,958708,30432,51956,13625,41267,38331,11161,40794,377238,283114,61584,94124,358868,18370,563419,278300,97954,285119,545010,18408,25893,24225,1754,1668,25893
FRA,2022,1309576,783638,209425,525937,1237886,71690,954689,528132,136120,426557,918718,35971,29910,13218,19750,16692,10224,19686,324977,242288,53554,82689,308944,16032,516943,226325,92456,290618,497678,19265,27780,26280,660,1500,27780
FRA,2023,1341717,785295,239054,556422,1269768,71949,990681,528034,164510,462647,951964,38717,24777,12951,14407,11826,10556,14221,326259,244311,60138,81948,307249,19010,526189,207533,91395,318656,504248,21941,33856,32462,2354,1394,33856
FRA,2024,1289655,707061,215115,582593,1214478,75177,949211,471193,137554,478017,922413,26798,35925,16039,26005,19886,10057,25868,304519,219829,51556,84690,282008,22511,511810,174189,81055,337621,496567,15243,34782,34042,1974,740,34782
FRA,2025,1440031,819420,247536,620611,1343301,96730,1032336,542570,142592,489766,1007355,24981,62913,26997,49023,35916,13973,48939,344782,249854,55921,94929,321973,22810,532895,176333,73239,356562,520154,12741,45204,44235,352,969,45204
GAB,2015,3609,,0,3609,3609,,,,,,,,3609,,0,3609,3609,,,,,,,,,,,,,,,,,,
GAB,2016,3609,,1000,3609,3609,,,,,,,,3609,,1000,3609,3609,,,,,,,,,,,,,,,,,,
GAB,2017,2809,,0,2809,2809,,,,,,,,2809,,0,2809,2809,,,,,,,,,,,,,,,,,,
GAB,2018,2809,,0,2809,2809,,,,,,,,2809,,0,2809,2809,,,,,,,,,,,,,,,,,,
GAB,2019,2866,,0,2866,2866,,57,,0,57,57,,2809,,0,2809,2809,,,,,,,,,,,,,,,,,,
GAB,2020,3868,,0,3868,3868,,59,,0,59,59,,3809,,0,3809,3809,,,,,,,,,,,,,,,,,,
GAB,2021,4689,,57,4689,4689,,79,,57,79,79,,4609,,0,4609,4609,,,,,,,,,,,,,,,,,,
GAB,2022,4631,,0,4631,4631,,21,,0,21,21,,4609,,0,4609,4609,,,,,,,,,,,,,,,,,,
GAB,2023,5132,,2109,5132,5132,,22,,0,22,22,,5109,,2109,5109,5109,,,,,,,,,,,,,,,,,,
GAB,2024,3021,,700,3021,3021,,21,,0,21,21,,3000,,700,3000,3000,,,,,,,,,,,,,,,,,,
GAB,2025,2893,,0,2893,2893,,23,,0,23,23,,2870,,0,2870,2870,,,,,,,,,,,,,,,,,,
GBR,2015,3003459,1164133,423240,1839326,2815335,188124,2602106,965759,376136,1636347,2431113,170992,21593,21076,0,517,21593,,379761,177299,47104,202462,362629,17132,1270041,346289,284289,923751,1121082,148959,6128,,0,6128,6128
GBR,2016,2829473,1001407,436261,1828066,2646771,182702,2453580,825217,393806,1628363,2281476,172104,18433,17948,432,485,18433,,357461,158242,42023,199219,346862,10599,1218632,282782,302453,935850,1068702,149930,6350,,1993,6350,6350
GBR,2017,3125032,1145856,462835,1979175,2920270,204762,2715628,946332,420797,1769296,2520445,195182,19766,19706,0,60,19766,,389638,179819,42038,209819,380059,9580,1299702,297833,285228,1001869,1131191,168512,6407,,2000,6407,6407
GBR,2018,3079635,1112092,437977,1967543,2863562,216073,2670846,926553,393840,1744293,2466247,204600,18999,18942,256,57,18999,,389790,166597,43881,223193,378316,11474,1327546,288710,295062,1038836,1145020,182526,5107,,1750,5107,5107
GBR,2019,3247733,1213544,542468,2034189,2962277,285456,2824319,1015183,497040,1809135,2549813,274506,19335,19278,0,56,19335,,404080,179082,45428,224998,393130,10950,1415833,323125,382574,1092708,1166885,248948,7107,,700,7107,7107
GBR,2020,3349066,1284463,497883,2064604,3112360,236706,2886968,1074215,456966,1812753,2658771,228197,20809,20747,0,61,20809,,441289,189500,40917,251789,432780,8509,1400994,334215,345731,1066779,1191016,209978,6408,,8,6408,6408
GBR,2021,3423847,1335092,584130,2088754,3098608,325238,2949004,1118590,546937,1830415,2630831,318174,21758,21701,0,57,21758,,453084,194801,37193,258283,446019,7065,1440319,360531,416800,1079788,1164395,275924,6400,,2300,6400,6400
GBR,2022,3248296,1227278,525478,2021019,2961512,286785,2809439,1035709,483655,1773730,2527301,282138,20016,19963,0,53,20016,,418841,171606,41824,247235,414194,4647,1409339,323712,382344,1085627,1160613,248726,4245,,700,4245,4245
GBR,2023,3466047,1357916,605728,2108131,3109626,356420,3014919,1152031,562776,1862888,2662685,352235,21163,21107,0,55,21163,,429965,184777,42951,245187,425779,4186,1537446,368995,454435,1168452,1222628,314818,4036,,3541,4036,4036
GBR,2024,3601051,1423379,681423,2177672,3200928,400124,3137167,1211342,637989,1925825,2743576,393591,20851,20799,439,52,20851,,443033,191238,42996,251796,436501,6533,1595931,387530,495599,1208401,1247764,348167,1741,,353,1741,1741
GBR,2025,4013939,1588331,762447,2425608,3508503,505436,3502898,1353682,707492,2149216,3005333,497565,21941,21882,673,59,21941,,489099,212766,54283,276333,481229,7871,1782974,424807,566905,1358167,1335355,447619,2076,,373,2076,2076
GEO,2015,1750,,0,1750,1750,,500,,0,500,500,,500,,0,500,500,,750,,0,750,750,,500,,0,500,500,,,,,,
GEO,2016,2350,,750,2350,2350,,850,,500,850,850,,500,,0,500,500,,1000,,250,1000,1000,,850,,500,850,850,,,,,,
GEO,2017,2276,,0,2276,2276,,1026,,0,1026,1026,,500,,0,500,500,,750,,0,750,750,,1026,,0,1026,1026,,,,,,
GEO,2018,2240,,0,2240,2240,,990,,0,990,990,,500,,0,500,500,,750,,0,750,750,,990,,0,990,990,,,,,,
GEO,2019,3310,,660,3310,3310,,1860,,660,1860,1860,,500,,0,500,500,,950,,0,950,950,,1860,,660,1860,1860,,,,,,
GEO,2020,2900,,1250,2900,2900,,1200,,0,1200,1200,,500,,500,500,500,,1200,,750,1200,1200,,1200,,0,1200,1200,,,,,,
GEO,2021,2725,,0,2725,2725,,1275,,0,1275,1275,,500,,0,500,500,,950,,0,950,950,,1275,,0,1275,1275,,,,,,
GEO,2022,3025,,350,3025,3025,,1275,,350,1275,1275,,500,,0,500,500,,1250,,0,1250,1250,,1275,,350,1275,1275,,,,,,
GEO,2023,2825,,925,2825,2825,,1075,,725,1075,1075,,500,,0,500,500,,1250,,200,1250,1250,,925,,725,925,925,,,,,,
GEO,2024,2500,,250,2500,2500,,650,,0,650,650,,500,,0,500,500,,1350,,250,1350,1350,,500,,0,500,500,,,,,,
GEO,2025,2817,167,500,2650,2817,,817,167,0,650,817,,500,,500,500,500,,1500,,0,1500,1500,,500,,0,500,500,,,,,,
GHA,2015,5750,,0,5750,5750,,,,,,,,5750,,0,5750,5750,,,,,,,,,,,,,,,,,,
GHA,2016,6500,,750,6500,6500,,,,,,,,6500,,750,6500,6500,,,,,,,,,,,,,,,,,,
GHA,2017,5750,,0,5750,5750,,,,,,,,5750,,0,5750,5750,,,,,,,,,,,,,,,,,,
GHA,2018,7750,,0,7750,7750,,,,,,,,7750,,0,7750,7750,,,,,,,,,,,,,,,,,,
GHA,2019,11441,,0,11441,11441,,,,,,,,11441,,0,11441,11441,,,,,,,,,,,,,,,,,,
GHA,2020,18816,,0,18816,18816,,,,,,,,18816,,0,18816,18816,,,,,,,,,,,,,,,,,,
GHA,2021,26562,,750,26562,26562,,,,,,,,26562,,750,26562,26562,,,,,,,,,,,,,,,,,,
GHA,2022,25990,,1000,25990,25990,,,,,,,,25990,,1000,25990,25990,,,,,,,,,,,,,,,,,,
GHA,2023,25292,,4000,25292,25292,,,,,,,,25292,,4000,25292,25292,,,,,,,,,,,,,,,,,,
GHA,2024,21339,,855,21339,21339,,,,,,,,21339,,855,21339,21339,,,,,,,,,,,,,,,,,,
GHA,2025,20484,,1000,20484,20484,,,,,,,,20484,,1000,20484,20484,,,,,,,,,,,,,,,,,,
GIB,2015,500,,0,500,500,,486,,0,486,486,,,,,,,,14,,0,14,14,,,,,,,,,,,,
GIB,2016,477,,307,477,477,,466,,307,466,466,,,,,,,,12,,0,12,12,,,,,,,,,,,,
GIB,2017,267,,95,267,267,,185,,95,185,185,,,,,,,,82,,0,82,82,,,,,,,,,,,,
GIB,2018,161,,11,161,161,,82,,11,82,82,,,,,,,,78,,0,78,78,,,,,,,,,,,,
GIB,2019,147,,12,147,147,,69,,0,69,69,,,,,,,,78,,12,78,78,,,,,,,,,,,,
GIB,2020,146,,0,146,146,,75,,0,75,75,,,,,,,,71,,0,71,71,,,,,,,,,,,,
GIB,2021,135,,66,135,135,,69,,0,69,69,,,,,,,,66,,66,66,66,,,,,,,,,,,,
GIB,2022,971,,0,971,971,,65,,0,65,65,,,,,,,,907,,0,907,907,,,,,,,,,,,,
GIB,2023,1001,,0,1001,1001,,62,,0,62,62,,,,,,,,939,,0,939,939,,,,,,,,,,,,
GIB,2024,1442,,416,1442,1442,,58,,0,58,58,,,,,,,,1384,,416,1384,1384,,,,,,,,,,,,
GIB,2025,1840,,18,1840,1840,,68,,18,68,68,,,,,,,,1772,,0,1772,1772,,,,,,,,,,,,
GMB,2024,300,,0,300,300,,,,,,,,,,,,,,300,,0,300,300,,,,,,,,,,,,
GMB,2025,300,,0,300,300,,,,,,,,,,,,,,300,,0,300,300,,,,,,,,,,,,
GRC,2015,105105,102791,55686,2315,62276,42830,71043,70411,48943,631,28213,42830,30781,29924,6593,857,30781,,3282,2455,150,826,3282,,64848,64217,47962,630,22019,42829,,,,,
GRC,2016,55777,54044,25205,1733,47998,7779,29280,28650,10046,630,21501,7779,23444,23017,14130,427,23444,,3053,2377,1029,676,3053,,23915,23285,9413,630,16136,7779,,,,,
GRC,2017,45127,43720,5499,1407,44671,456,28622,27991,5499,631,28166,456,14194,14194,0,,14194,,2311,1535,0,776,2311,,22866,22235,5498,631,22410,456,,,,,
GRC,2018,52806,51261,11923,1545,52119,687,33444,32809,3862,634,32757,687,16987,16987,6911,,16987,,2376,1465,1150,911,2376,,27834,27199,3343,634,27147,687,,,,,
GRC,2019,49826,48247,6117,1580,49265,562,28575,27941,5808,634,28013,562,19997,19997,0,,19997,,1255,309,309,946,1255,,23579,22945,5808,634,23018,562,,,,,
GRC,2020,67564,65983,1016,1581,66950,614,30050,29416,1016,635,29437,614,36568,36568,0,,36568,,946,,0,946,946,,24287,23652,648,635,23673,614,,,,,
GRC,2021,80865,79250,4460,1614,80298,566,28407,27745,763,662,27841,566,49608,49608,3398,,49608,,2849,1897,300,952,2849,,23427,22766,680,662,22861,566,,,,,
GRC,2022,81191,79616,430,1575,80657,533,29368,28445,430,923,28835,533,49384,49384,0,,49384,,2439,1787,0,652,2439,,24512,23589,430,923,23978,533,,,,,
GRC,2023,96920,95311,3260,1609,96367,553,32509,31552,498,957,31957,553,61659,61659,2763,,61659,,2752,2100,0,652,2752,,27477,26521,111,957,26925,553,,,,,
GRC,2024,105823,104103,4159,1720,105823,,37383,36315,237,1068,37383,,63944,63944,3117,,63944,,4496,3844,805,652,4496,,33016,31948,237,1068,33016,,,,,,
GRC,2025,127249,125661,10190,1588,127249,,49123,48288,1407,835,49123,,72321,72321,8225,,72321,,5805,5052,558,752,5805,,44184,43349,1407,835,44184,,,,,,
GTM,2015,3515,,0,3515,3515,,685,,0,685,685,,1730,,0,1730,1730,,1100,,0,1100,1100,,685,,0,685,685,,,,,,
GTM,2016,4565,,300,4565,4565,,1035,,0,1035,1035,,2430,,0,2430,2430,,1100,,300,1100,1100,,685,,0,685,685,,,,,,
GTM,2017,4765,,0,4765,4765,,1035,,0,1035,1035,,2930,,0,2930,2930,,800,,0,800,800,,685,,0,685,685,,,,,,
GTM,2018,4765,,0,4765,4765,,1035,,0,1035,1035,,2930,,0,2930,2930,,800,,0,800,800,,685,,0,685,685,,,,,,
GTM,2019,5965,,800,5965,5965,,1035,,0,1035,1035,,4130,,0,4130,4130,,800,,800,800,800,,685,,0,685,685,,,,,,
GTM,2020,6865,,190,6865,6865,,1035,,190,1035,1035,,5830,,0,5830,5830,,,,,,,,685,,150,685,685,,,,,,
GTM,2021,7975,,1200,7975,7975,,1145,,500,1145,1145,,6830,,700,6830,6830,,,,,,,,835,,500,835,835,,,,,,
GTM,2022,8675,,5,8675,8675,,645,,5,645,645,,7130,,0,7130,7130,,900,,0,900,900,,335,,0,335,335,,,,,,
GTM,2023,9670,,0,9670,9670,,640,,0,640,640,,8130,,0,8130,8130,,900,,0,900,900,,335,,0,335,335,,,,,,
GTM,2024,11070,,0,11070,11070,,640,,0,640,640,,9530,,0,9530,9530,,900,,0,900,900,,335,,0,335,335,,,,,,
GTM,2025,12680,,1005,12680,12680,,640,,305,640,640,,11030,,700,11030,11030,,1010,,0,1010,1010,,335,,0,335,335,,,,,,
HKG,2015,217553,14008,69100,203545,167475,50078,181989,12319,65928,169670,132278,49711,2000,,0,2000,2000,,33564,1689,3172,31875,33197,367,88515,3424,46698,85091,49019,39496,8951,65,1397,8887,8951
HKG,2016,225287,13592,69822,211696,187554,37734,185654,11599,65846,174055,148601,37053,2000,,0,2000,2000,,37633,1993,3977,35641,36952,681,82876,2836,40118,80040,52022,30854,11177,84,2895,11093,11177
HKG,2017,290959,17120,96223,273839,229362,61597,245151,14274,87464,230877,185452,59699,3000,,0,3000,3000,,42808,2846,8759,39962,40910,1898,122786,4728,56946,118058,73872,48914,14482,1056,2979,13426,14482
HKG,2018,320786,20757,102928,300030,260095,60691,273804,18277,95851,255527,213463,60341,3000,,1000,3000,3000,,43983,2480,6077,41503,43633,350,136607,7803,60720,128803,88616,47990,16107,1053,2598,15053,16107
HKG,2019,339375,23273,121667,316101,278789,60586,291847,19316,113269,272530,231965,59881,3000,,1000,3000,3000,,44528,3957,7398,40571,43824,704,144257,7364,76122,136894,95940,48318,16003,1612,4333,14391,16003
HKG,2020,358327,27966,130906,330361,284331,73996,306799,23048,119445,283751,235340,71459,2000,,0,2000,2000,,49528,4918,11461,44610,46991,2537,149539,7542,70027,141997,95613,53926,12531,619,2657,11912,12531
HKG,2021,374028,28303,133118,345725,294849,79179,318672,24251,127787,294421,241076,77595,8270,,0,8270,8270,,47086,4052,5331,43034,45502,1584,154359,7491,78807,146868,98383,55976,10451,551,2694,9900,10451
HKG,2022,341502,28833,115057,312669,282052,59450,282219,24167,104760,258052,223248,58971,7909,,0,7909,7909,,51375,4667,10296,46708,50895,480,129078,7155,63644,121923,89344,39734,9613,231,500,9382,9613
HKG,2023,333375,31335,118095,302040,277832,55543,264195,26196,109155,237999,209185,55010,19932,102,1454,19829,19932,,49248,5037,7485,44212,48715,533,112106,8030,58245,104076,76779,35327,10869,422,1842,10447,10869
HKG,2024,325858,32507,115694,293351,269632,56225,255593,26174,106627,229419,200189,55403,19909,,2286,19909,19909,,50356,6333,6781,44023,49534,822,112476,9048,62626,103428,73530,38946,10418,232,1841,10186,10418
HKG,2025,348643,36277,118015,312367,279303,69340,269065,28236,105844,240829,200189,68875,23968,707,3794,23261,23968,,55611,7334,8377,48277,55146,465,115504,9907,62809,105598,68322,47183,10222,231,1020,9991,10222
HND,2015,1000,,0,1000,1000,,,,,,,,1000,,0,1000,1000,,,,,,,,,,,,,,,,,,
HND,2016,1000,,0,1000,1000,,,,,,,,1000,,0,1000,1000,,,,,,,,,,,,,,,,,,
HND,2017,1850,,0,1850,1850,,150,,0,150,150,,1700,,0,1700,1700,,,,,,,,,,,,,,,,,,
HND,2018,1850,,0,1850,1850,,150,,0,150,150,,1700,,0,1700,1700,,,,,,,,,,,,,,,,,,
HND,2019,1850,,500,1850,1850,,150,,0,150,150,,1700,,500,1700,1700,,,,,,,,,,,,,,,,,,
HND,2020,2550,,150,2550,2550,,150,,150,150,150,,2400,,0,2400,2400,,,,,,,,,,,,,,,,,,
HND,2021,2700,,0,2700,2700,,300,,0,300,300,,2400,,0,2400,2400,,,,,,,,,,,,,,,,,,
HND,2022,2700,,0,2700,2700,,300,,0,300,300,,2400,,0,2400,2400,,,,,,,,,,,,,,,,,,
HND,2023,2700,,500,2700,2700,,300,,0,300,300,,2400,,500,2400,2400,,,,,,,,,,,,,,,,,,
HND,2024,2900,,0,2900,2900,,300,,0,300,300,,2600,,0,2600,2600,,,,,,,,,,,,,,,,,,
HND,2025,2900,,300,2900,2900,,300,,300,300,300,,2600,,0,2600,2600,,,,,,,,,,,,,,,,,,
HRV,2015,15850,5500,247,10350,15766,83,599,599,163,,599,,12810,3810,0,9000,12810,,2440,1090,83,1350,2357,83,,,,,,,599,599,163,,599
HRV,2016,15523,5173,2667,10350,15436,87,422,422,264,,422,,12689,3689,1500,9000,12689,,2412,1062,903,1350,2325,87,,,,,,,422,422,264,,422
HRV,2017,16505,8155,899,8350,16505,,180,180,0,,180,,14726,7226,899,7500,14726,,1600,750,0,850,1600,,,,,,,,180,180,0,,180
HRV,2018,16136,7786,1844,8350,16136,,172,172,0,,172,,14399,6899,1500,7500,14399,,1566,716,344,850,1566,,,,,,,,172,172,0,,172
HRV,2019,17137,10287,2084,6850,17137,,169,169,169,,169,,14454,8454,1250,6000,14454,,2515,1665,665,850,2515,,,,,,,,169,169,169,,169
HRV,2020,18408,13108,1500,5300,18408,,,,,,,,16438,11688,1500,4750,16438,,1970,1420,0,550,1970,,,,,,,,,,,,
HRV,2021,16499,12699,1966,3800,16499,,600,600,0,,600,,14038,10788,1416,3250,14038,,1860,1310,550,550,1860,,600,600,0,,600,,,,,,
HRV,2022,15351,12101,2734,3250,15351,,707,707,0,,707,,13409,10159,1500,3250,13409,,1234,1234,1234,,1234,,707,707,0,,707,,,,,,
HRV,2023,14997,13247,1820,1750,14997,,1064,1064,70,,1064,,13933,12183,1750,1750,13933,,,,,,,,1064,1064,70,,1064,,,,,,
HRV,2024,14363,14363,1558,,14363,,1351,1351,0,,1351,,13012,13012,1558,,13012,,,,,,,,935,935,0,,935,,,,,,
HRV,2025,17184,17184,0,,17184,,1880,1880,0,,1880,,15304,15304,0,,15304,,,,,,,,1410,1410,0,,1410,,,,,,
HUN,2015,34289,10,3664,34279,34289,,9460,10,1633,9450,9460,,23364,,2031,23364,23364,,1465,,0,1465,1465,,5594,10,1089,5583,5594,,2371,,544,2371,2371
HUN,2016,31182,10,3211,31172,31182,,7797,10,537,7787,7797,,21169,,1883,21169,21169,,2215,,791,2215,2215,,4517,10,537,4507,4517,,1816,,0,1816,1816
HUN,2017,30574,0,6156,30574,30574,,7846,0,1583,7846,7846,,21134,,4133,21134,21134,,1594,,440,1594,1594,,4237,0,1583,4236,4237,,1860,,0,1860,1860
HUN,2018,26011,0,3206,26011,26011,,6142,0,916,6142,6142,,18539,,2290,18539,18539,,1330,,0,1330,1330,,2606,0,458,2606,2606,,1844,,0,1844,1844
HUN,2019,23255,0,6737,23255,23255,,5766,0,3613,5766,5766,,16184,,3123,16184,16184,,1305,,0,1305,1305,,2708,0,1470,2707,2708,,1837,,1500,1837,1837
HUN,2020,27994,0,3965,27994,27994,,3272,0,368,3272,3272,,22499,,3597,22499,22499,,2224,,0,2224,2224,,1352,0,0,1352,1352,,368,,368,368,368
HUN,2021,29393,0,0,29393,29393,,3246,0,0,3246,3246,,23528,,0,23528,23528,,2619,,0,2619,2619,,1248,0,0,1248,1248,,,,,,
HUN,2022,36450,80,4972,36370,36450,,5360,80,0,5280,5360,,28624,,4172,28624,28624,,2466,,800,2466,2466,,3178,80,0,3099,3178,,300,,0,300,300
HUN,2023,46817,87,3493,46730,46317,500,11868,87,853,11781,11868,,32473,,2641,32473,31973,500,2476,,0,2476,2476,,5751,87,553,5665,5751,,300,,300,300,300
HUN,2024,49916,76,3859,49840,49416,500,13114,76,1662,13038,13114,,33679,,1768,33679,33179,500,3123,,428,3123,3123,,6984,76,883,6909,6984,,,,,,
HUN,2025,62074,92,3437,61982,61574,500,17254,92,587,17162,17254,,41969,,2850,41969,41469,500,2851,,0,2851,2851,,9222,92,0,9130,9222,,,,,,
IDN,2015,72096,,1100,72096,72096,,13152,,150,13152,13152,,45663,,900,45663,45663,,13281,,50,13281,13281,,465,,0,465,465,,1125,,0,1125,1125
IDN,2016,84187,,3139,84187,84187,,15497,,1139,15497,15497,,55460,,1000,55460,55460,,13230,,1000,13230,13230,,465,,0,465,465,,1125,,0,1125,1125
IDN,2017,102510,295,5579,102214,102510,,18911,,4330,18911,18911,,66392,,1200,66392,66392,,17206,295,49,16911,17206,,465,,365,465,465,,1625,,1000,1625,1625
IDN,2018,117669,652,6383,117017,117669,,22465,,1500,22465,22465,,70670,,4883,70670,70670,,24534,652,0,23882,24534,,100,,0,100,100,,1125,,0,1125,1125
IDN,2019,129121,677,4106,128444,129121,,28381,,37,28381,28381,,70905,,3129,70905,70905,,29835,677,940,29158,29835,,850,,0,850,850,,1625,,0,1625,1625
IDN,2020,150708,384,12512,150324,150708,,34038,,2663,34038,34038,,77995,,5815,77995,77995,,38675,384,4034,38291,38675,,1350,,100,1350,1350,,1925,,0,1925,1925
IDN,2021,157443,,7893,157443,157443,,36249,,2026,36249,36249,,78898,,4363,78898,78898,,42296,,1504,42296,42296,,2050,,0,2050,2050,,3125,,0,3125,3125
IDN,2022,159688,,12895,159688,159688,,37412,,1750,37412,37412,,78538,,7380,78538,78538,,43739,,3765,43739,43739,,2050,,0,2050,2050,,3125,,500,3125,3125
IDN,2023,155784,,16136,155784,155784,,40326,,4426,40326,40326,,75075,,7803,75075,75075,,40382,,3907,40382,40382,,2350,,750,2350,2350,,2925,,1000,2925,2925
IDN,2024,155871,,13082,155871,155871,,44961,,4242,44961,44961,,72981,,5765,72981,72981,,37929,,3075,37929,37929,,2400,,500,2400,2400,,2425,,300,2425,2425
IDN,2025,168413,,11185,168413,168413,,55465,,4400,55465,55465,,76730,,3758,76730,76730,,36218,,3027,36218,36218,,2700,,1100,2700,2700,,2125,,300,2125,2125
IND,2015,31143,120,3225,31023,31143,,10679,,2152,10679,10679,,,,,,,,20465,120,1073,20345,20465,,1715,,340,1715,1715,,877,,827,877,877
IND,2016,34778,1564,2582,33214,34778,,12183,1080,1837,11104,12183,,,,,,,,22595,485,745,22110,22595,,1560,,750,1560,1560,,441,,91,441,441
IND,2017,41670,4193,2216,37478,41670,,13929,2092,684,11837,13929,,470,470,0,,470,,27272,1631,1532,25641,27272,,605,,16,605,605,,350,,50,350,350
IND,2018,45511,4730,6702,40781,45511,,18962,2636,2766,16326,18962,,431,431,0,,431,,26118,1663,3936,24455,26118,,1725,474,500,1251,1725,,300,,0,300,300
IND,2019,61311,4610,4668,56701,61311,,26189,2567,3168,23622,26189,,420,420,0,,420,,34701,1622,1500,33079,34701,,1532,462,0,1069,1532,,300,,0,300,300
IND,2020,68005,3630,4030,64375,68005,,29466,1587,1000,27879,29466,,411,411,0,,411,,38129,1632,3030,36496,38129,,1626,452,257,1174,1626,,300,,0,300,300
IND,2021,78054,3220,10507,74835,78054,,35347,1592,4761,33756,35347,,403,403,403,,403,,42303,1225,5343,41079,42303,,3641,524,400,3117,3641,,300,,0,300,300
IND,2022,74153,1393,8615,72760,74075,78,32818,1154,6499,31665,32741,78,,,,,,,41334,239,2117,41095,41334,,3189,471,581,2718,3122,67,300,,0,300,300
IND,2023,70117,1019,13907,69097,69077,1040,30594,882,6432,29711,29554,1040,,,,,,,39523,137,7475,39386,39523,,4322,365,857,3957,3505,817,305,,5,305,305
IND,2024,64944,447,8026,64497,63927,1017,30628,355,2276,30273,29611,1017,,,,,,,34316,92,5750,34224,34316,,5462,355,1186,5107,4545,917,300,,0,300,300
IND,2025,63213,170,7524,63043,62267,946,34310,82,4650,34228,33364,946,,,,,,,28903,88,2873,28815,28903,,5218,82,1886,5136,4272,946,300,,0,300,300
IRL,2015,788129,540001,94448,248127,759154,28975,752554,514516,92089,238037,724727,27827,19928,18965,1148,963,18780,1148,15647,6520,1210,9127,15647,,111522,78252,25330,33271,99813,11710,,,,,
IRL,2016,742983,505457,109295,237527,712717,30266,709056,479802,103582,229253,679175,29881,18674,18289,3020,385,18289,385,15254,7366,2692,7888,15254,,95831,66161,25233,29670,86619,9212,,,,,
IRL,2017,842129,570338,90611,271791,810007,32122,806936,542612,89330,264325,775422,31514,19508,19020,608,488,18900,608,15684,8706,673,6979,15684,,96789,68148,25826,28642,84144,12645,,,,,
IRL,2018,831857,583348,78667,248509,806018,25839,796634,556043,69998,240591,771429,25205,18793,18193,7504,600,18159,634,16430,9111,1164,7319,16430,,81585,56592,12150,24994,74651,6934,,,,,
IRL,2019,888510,626286,86469,262223,859924,28586,859839,605171,78731,254669,831839,28000,11844,11844,6003,,11458,386,16826,9272,1735,7554,16626,200,85117,57382,19787,27735,76676,8441,,,,,
IRL,2020,977118,696888,86403,280231,942607,34512,941446,672313,75867,269133,913117,28329,15256,12553,5783,2702,9473,5783,20417,12021,4753,8396,20017,400,84895,60450,16211,24446,75375,9521,153,153,0,,153
IRL,2021,1062880,741739,73587,321141,1033029,29851,1019098,710734,69715,308364,993054,26044,18558,16326,2232,2232,16326,2232,25224,14679,1641,10544,23649,1575,77234,49751,12603,27483,70927,6307,142,142,0,,142
IRL,2022,1045321,745316,81444,300005,1017852,27469,1000742,711548,76973,289195,973623,27119,15588,15588,0,,15588,,28991,18180,4471,10810,28641,350,81150,52468,12811,28683,74598,6553,400,400,0,,400
IRL,2023,1126730,816296,99007,310434,1090467,36263,1077386,779729,89420,297657,1041423,35963,16149,16149,4144,,16149,,33195,20417,5443,12777,32895,300,89302,62022,14063,27280,79432,9870,414,414,0,,414
IRL,2024,1164100,837812,85946,326287,1129059,35041,1115614,804666,82589,310948,1081686,33929,11287,11287,0,,11287,,37198,21859,3357,15339,36086,1112,88799,56575,21245,32224,80130,8669,390,390,130,,390
IRL,2025,1442608,1099407,92210,343201,1404618,37990,1378510,1056574,86128,321935,1341843,36666,12820,12800,54,19,12766,54,51279,30033,6028,21246,50009,1270,90591,60681,11249,29910,84189,6402,294,294,0,,294
IRQ,2015,2659,,0,2659,2659,,,,,,,,2659,,0,2659,2659,,,,,,,,,,,,,,,,,,
IRQ,2016,2659,,0,2659,2659,,,,,,,,2659,,0,2659,2659,,,,,,,,,,,,,,,,,,
IRQ,2017,4659,,0,4659,4659,,,,,,,,4659,,0,4659,4659,,,,,,,,,,,,,,,,,,
IRQ,2018,4659,,0,4659,4659,,,,,,,,4659,,0,4659,4659,,,,,,,,,,,,,,,,,,
IRQ,2019,4759,,0,4759,4759,,,,,,,,4659,,0,4659,4659,,100,,0,100,100,,,,,,,,,,,,
IRQ,2020,4759,,0,4759,4759,,,,,,,,4659,,0,4659,4659,,100,,0,100,100,,,,,,,,,,,,
IRQ,2021,4859,,1000,4859,4859,,,,,,,,4659,,1000,4659,4659,,200,,0,200,200,,,,,,,,,,,,
IRQ,2022,3859,,1000,3859,3859,,,,,,,,3659,,1000,3659,3659,,200,,0,200,200,,,,,,,,,,,,
IRQ,2023,2859,,100,2859,2859,,,,,,,,2659,,0,2659,2659,,200,,100,200,200,,,,,,,,,,,,
IRQ,2024,3109,,100,3109,3109,,,,,,,,2659,,0,2659,2659,,450,,100,450,450,,,,,,,,,,,,
IRQ,2025,3009,,0,3009,3009,,,,,,,,2659,,0,2659,2659,,350,,0,350,350,,,,,,,,,,,,
ISL,2015,15088,1683,4052,13405,15088,,10513,1683,2830,8830,10513,,3303,,1050,3303,3303,,1272,,173,1272,1272,,8204,790,2830,7414,8204,,,,,,
ISL,2016,12624,1933,374,10691,12624,,9135,1933,162,7202,9135,,2214,,0,2214,2214,,1275,,212,1275,1275,,6700,907,162,5793,6700,,39,,0,39,39
ISL,2017,15480,1940,783,13540,15480,,11471,1940,588,9531,11471,,2888,,0,2888,2888,,1121,,195,1121,1121,,8724,832,588,7892,8724,,79,,0,79,79
ISL,2018,14991,1553,751,13437,14991,,11378,1553,695,9824,11378,,2436,,0,2436,2436,,1177,,57,1177,1177,,8821,559,655,8262,8821,,73,,39,73,73
ISL,2019,13818,1013,2384,12804,13818,,9802,1013,2056,8788,9802,,2902,,328,2902,2902,,1114,,0,1114,1114,,7320,58,711,7263,7320,,65,,65,65,65
ISL,2020,13336,965,1277,12372,13336,,8724,965,985,7759,8724,,3333,,0,3333,3333,,1279,,293,1279,1279,,7617,55,985,7562,7617,,,,,,
ISL,2021,14056,941,2569,13115,14056,,9092,941,924,8151,9092,,4003,,1566,4003,4003,,960,,78,960,960,,8023,54,924,7969,8023,,,,,,
ISL,2022,13541,864,2066,12676,13541,,10382,864,1801,9518,10382,,2295,,0,2295,2295,,864,,264,864,864,,9339,49,1801,9290,9339,,,,,,
ISL,2023,12492,901,1688,11591,12492,,9792,901,1314,8891,9792,,2091,,266,2091,2091,,608,,107,608,608,,8550,51,1255,8499,8550,,,,,,
ISL,2024,12765,837,2269,11927,12765,,9727,837,1792,8890,9727,,2547,,417,2547,2547,,491,,60,491,491,,8225,,1792,8225,8225,,312,,0,312,312
ISL,2025,16320,924,2252,15395,16320,,12668,924,1676,11743,12668,,3051,,348,3051,3051,,601,,227,601,601,,10780,,1458,10780,10780,,452,,0,452,452
ISR,2015,32320,239,2125,32081,32320,,3000,,0,3000,3000,,12803,,1000,12803,12803,,16516,239,1125,16277,16516,,,,,,,,,,,,
ISR,2016,32127,355,526,31772,32127,,3000,,0,3000,3000,,13374,,0,13374,13374,,15752,355,526,15398,15752,,,,,,,,,,,,
ISR,2017,35158,463,1625,34694,35158,,3000,,500,3000,3000,,16520,,0,16520,16520,,15637,463,1125,15174,15637,,,,,,,,,,,,
ISR,2018,37273,428,2016,36845,37273,,2500,,0,2500,2500,,18915,,1500,18915,18915,,15859,428,516,15430,15859,,,,,,,,,,,,
ISR,2019,39251,346,3485,38905,39251,,2500,,400,2500,2500,,21370,,2085,21370,21370,,15382,346,1000,15035,15382,,,,,,,,,,,,
ISR,2020,64560,380,2177,64180,64560,,5280,,0,5280,5280,,41888,,307,41888,41888,,17392,380,1870,17012,17392,,750,,0,750,750,,,,,,
ISR,2021,63219,394,5419,62825,63219,,7122,,1300,7122,7122,,40196,,3822,40196,40196,,15900,394,297,15506,15900,,2350,,0,2350,2350,,,,,,
ISR,2022,59511,148,4056,59363,59511,,6322,,1080,6322,6322,,37116,,1871,37116,37116,,16073,148,1105,15925,16073,,2850,,0,2850,2850,,,,,,
ISR,2023,67389,76,9110,67313,67389,,7292,,0,7292,7292,,45136,,5398,45136,45136,,14961,76,3712,14884,14961,,4150,,0,4150,4150,,,,,,
ISR,2024,70314,106,4067,70208,70314,,7292,,1000,7292,7292,,51598,,96,51598,51598,,11424,106,2971,11318,11424,,4150,,0,4150,4150,,,,,,
ISR,2025,85505,121,7292,85384,85505,,7417,,1350,7417,7417,,59040,,4050,59040,59040,,19048,121,1892,18927,19048,,4150,,1350,4150,4150,,,,,,
ITA,2015,756672,703458,98395,53214,756361,310,533210,513300,70717,19910,532900,310,96157,74461,10435,21697,96157,,127304,115697,17244,11607,127304,,264217,246190,61749,18027,263907,310,272,272,0,,272
ITA,2016,717856,673397,69858,44460,717661,195,505620,486015,49553,19605,505425,195,92025,77584,9167,14440,92025,,120212,109797,11138,10415,120212,,228904,211125,43350,17779,228709,195,264,264,0,,264
ITA,2017,840514,788787,67637,51727,840514,,578492,550350,49240,28142,578492,,102027,90458,5242,11569,102027,,159995,147980,13154,12015,159995,,253367,227164,39168,26203,253367,,300,300,0,,300
ITA,2018,815072,758984,77700,56088,814561,511,564760,532516,45743,32244,564760,,94033,84721,8693,9312,94033,,156279,141747,23263,14532,155768,511,244841,214190,31590,30650,244841,,2805,2805,1861,,2805
ITA,2019,826827,757714,62882,69113,823909,2919,584648,543674,40581,40974,584060,588,91203,74812,5261,16391,91203,,150977,139229,17041,11748,148646,2331,264185,225492,31603,38693,263598,588,1854,1854,0,,1854
ITA,2020,928272,855005,66996,73268,920165,8107,634661,591498,33385,43163,634661,,113120,93789,16365,19331,108204,4916,180491,169717,17246,10774,177301,3191,282313,241491,26020,40823,282313,,2630,2630,0,,2630
ITA,2021,923111,841513,74492,81598,919464,3647,605931,558817,50577,47113,605931,,129577,105801,3673,23776,129577,,187604,176895,20242,10709,183956,3647,270163,225361,38091,44802,270163,,4762,4762,0,,4762
ITA,2022,864193,788169,83578,76024,858326,5867,565376,522676,44281,42700,561611,3765,124734,101240,18187,23494,124734,,174082,164253,21110,9830,171981,2101,254514,213220,28427,41293,250748,3765,4559,4559,880,,4559
ITA,2023,918678,843847,99247,74830,907953,10725,604352,557530,54712,46822,600298,4054,122521,102596,11598,19925,122521,,191805,183722,32937,8083,185134,6671,287154,242562,38825,44591,283100,4054,3811,3811,912,,3811
ITA,2024,893426,825108,83334,68318,885270,8155,592770,549372,54184,43398,591134,1636,107619,92226,262,15393,107619,,193037,183510,28888,9527,186518,6519,280767,241084,38811,39683,279590,1177,3142,3142,0,,3142
ITA,2025,1025002,952837,100539,72165,1015912,9090,664394,620421,63649,43973,661296,3098,129015,113459,9969,15556,129015,,231593,218957,26921,12636,225601,5992,305280,267367,44465,37914,302329,2951,4141,4141,1234,,4141
JAM,2015,8313,,0,8313,8313,,,,,,,,5225,,0,5225,5225,,3088,,0,3088,3088,,,,,,,,,,,,
JAM,2016,9057,,675,9057,9057,,,,,,,,5968,,425,5968,5968,,3088,,250,3088,3088,,,,,,,,,,,,
JAM,2017,9251,,0,9251,9251,,,,,,,,6412,,0,6412,6412,,2838,,0,2838,2838,,,,,,,,,,,,
JAM,2018,9251,,750,9251,9251,,,,,,,,6412,,750,6412,6412,,2838,,0,2838,2838,,,,,,,,,,,,
JAM,2019,9316,,0,9316,9316,,,,,,,,6477,,0,6477,6477,,2838,,0,2838,2838,,,,,,,,,,,,
JAM,2020,9541,,1200,9541,9541,,,,,,,,6477,,0,6477,6477,,3063,,1200,3063,3063,,,,,,,,,,,,
JAM,2021,8341,,250,8341,8341,,,,,,,,6477,,250,6477,6477,,1863,,0,1863,1863,,,,,,,,,,,,
JAM,2022,8091,,925,8091,8091,,,,,,,,6227,,0,6227,6227,,1863,,925,1863,1863,,,,,,,,,,,,
JAM,2023,7468,302,588,7166,7468,,,,,,,,6529,302,0,6227,6529,,938,,588,938,938,,,,,,,,,,,,
JAM,2024,7837,299,1050,7537,7837,,480,,0,480,480,,6527,299,1050,6227,6527,,830,,0,830,830,,,,,,,,,,,,
JAM,2025,7405,293,0,7112,7405,,1105,,0,1105,1105,,5470,293,0,5177,5470,,830,,0,830,830,,225,,0,225,225,,,,,,
JOR,2015,4395,,0,4395,4395,,,,,,,,4395,,0,4395,4395,,,,,,,,,,,,,,,,,,
JOR,2016,5395,,0,5395,5395,,,,,,,,5395,,0,5395,5395,,,,,,,,,,,,,,,,,,
JOR,2017,7395,,0,7395,7395,,,,,,,,7395,,0,7395,7395,,,,,,,,,,,,,,,,,,
JOR,2018,7395,,1145,7395,7395,,,,,,,,7395,,1145,7395,7395,,,,,,,,,,,,,,,,,,
JOR,2019,6250,,1250,6250,6250,,,,,,,,6250,,1250,6250,6250,,,,,,,,,,,,,,,,,,
JOR,2020,6750,,0,6750,6750,,,,,,,,6750,,0,6750,6750,,,,,,,,,,,,,,,,,,
JOR,2021,6750,,1000,6750,6750,,,,,,,,6750,,1000,6750,6750,,,,,,,,,,,,,,,,,,
JOR,2022,6910,,0,6910,6910,,100,,0,100,100,,6810,,0,6810,6810,,,,,,,,100,,0,100,100,,,,,,
JOR,2023,10439,,0,10439,10439,,100,,0,100,100,,10339,,0,10339,10339,,,,,,,,100,,0,100,100,,,,,,
JOR,2024,10580,,1000,10580,10580,,100,,0,100,100,,10480,,1000,10480,10480,,,,,,,,100,,0,100,100,,,,,,
JOR,2025,10382,,1500,10382,10382,,100,,0,100,100,,10282,,1500,10282,10282,,,,,,,,100,,0,100,100,,,,,,
JPN,2015,251843,55117,36718,196726,248481,3363,194010,29101,32592,164909,190647,3363,5989,,0,5989,5989,,51845,26016,4125,25829,51845,,126027,12550,20374,113477,122959,3068,22129,2949,1732,19180,22129
JPN,2016,298960,57197,45006,241762,291841,7119,232497,27962,36669,204535,225378,7119,6944,,1530,6944,6944,,59519,29235,6807,30284,59519,,156667,13594,27527,143073,150307,6360,29684,3033,3836,26652,29684
JPN,2017,389341,70102,55549,319239,376160,13181,293109,28550,42508,264559,280035,13075,6104,,1000,6104,6104,,90127,41552,12041,48575,90021,106,183590,13624,29282,169966,174448,9141,36916,2487,5899,34428,36916
JPN,2018,436605,72963,53806,363642,427240,9364,319980,27294,40631,292686,310765,9214,5527,,1000,5527,5527,,111098,45669,12175,65429,110948,150,205346,11465,31815,193881,198026,7320,31120,2547,1525,28572,31120
JPN,2019,474790,68610,80090,406180,459240,15551,354015,28959,60750,325055,339278,14737,6593,,1077,6593,6593,,114182,39651,18263,74531,113368,814,229048,11462,40189,217586,216137,12911,29627,2580,8176,27048,29627
JPN,2020,509512,61465,77333,448047,495259,14252,373427,28311,56967,345116,360905,12522,7148,,1000,7148,7148,,128938,33154,19366,95784,127207,1731,249779,9981,40024,239798,239193,10586,21664,2716,3500,18948,21664
JPN,2021,543676,56299,91718,487377,528625,15052,403929,26869,68182,377059,390994,12935,7028,,500,7028,7028,,132720,29430,23036,103290,130603,2117,272795,11357,47672,261438,260460,12335,17861,2432,3662,15429,17861
JPN,2022,520702,38503,89828,482199,507441,13261,400740,20027,73499,380714,387479,13261,6944,,500,6944,6944,,113017,18477,15829,94541,113017,,273031,8929,50530,264102,260315,12715,15157,1403,2192,13754,15157
JPN,2023,520476,31110,92753,489367,503618,16858,406678,15169,70441,391508,389992,16686,6993,,2094,6993,6993,,106806,15940,20218,90865,106633,173,288101,7112,53446,280989,271710,16391,12935,778,1121,12157,12935
JPN,2024,516652,31213,99947,485438,493760,22891,402206,15841,81802,386365,380231,21976,5627,,2000,5627,5627,,108818,15372,16144,93447,107903,915,282882,7550,59841,275332,261378,21504,13195,637,2500,12558,13195
JPN,2025,561924,29913,103203,532011,540912,21012,429760,15174,88741,414586,408791,20969,4693,,1500,4693,4693,,127472,14739,12963,112733,127429,43,293572,8427,66733,285146,273159,20414,10794,638,6279,10156,10794
KAZ,2015,27382,78,1397,27304,27382,,6885,59,1197,6827,6885,,8724,,0,8724,8724,,11773,19,200,11754,11773,,4520,59,997,4461,4520,,781,,200,781,781
KAZ,2016,24614,80,803,24534,24614,,5469,60,303,5409,5469,,9235,,0,9235,9235,,9910,20,500,9890,9910,,3323,60,250,3263,3323,,578,,53,578,578
KAZ,2017,27625,381,1274,27244,27625,,5507,361,674,5146,5507,,9380,,0,9380,9380,,12738,20,600,12718,12738,,3370,361,574,3009,3370,,525,,0,525,525
KAZ,2018,27888,596,2528,27292,27888,,5002,578,740,4424,5002,,10769,,0,10769,10769,,12116,17,1789,12099,12116,,2998,578,53,2420,2998,,525,,0,525,525
KAZ,2019,26992,540,961,26452,26992,,3677,523,961,3154,3677,,14495,,0,14495,14495,,8820,17,0,8803,8820,,3152,523,861,2629,3152,,525,,100,525,525
KAZ,2020,27957,550,567,27407,27957,,3257,535,567,2723,3257,,14311,,0,14311,14311,,10389,16,0,10373,10389,,2531,386,567,2145,2531,,726,148,0,578,726
KAZ,2021,28529,814,3071,27714,28529,,3904,799,2068,3105,3904,,14844,,0,14844,14844,,9781,15,1003,9765,9781,,3176,654,1485,2522,3176,,727,145,582,582,727
KAZ,2022,26874,760,1134,26114,26874,,3051,746,216,2305,3051,,14760,,560,14760,14760,,9064,14,357,9049,9064,,2916,611,216,2305,2916,,135,135,0,,135
KAZ,2023,25982,554,1538,25428,25982,,2848,539,44,2309,2848,,14318,,1490,14318,14318,,8816,15,4,8802,8816,,2710,401,44,2309,2710,,137,137,0,,137
KAZ,2024,29021,943,8123,28079,29021,,5139,933,1692,4206,5139,,15706,,4988,15706,15706,,8176,10,1443,8166,8176,,5020,814,1573,4206,5020,,119,119,119,,119
KAZ,2025,35656,1533,2766,34123,35656,,10482,1533,295,8949,10482,,18609,,2382,18609,18609,,6566,,89,6566,6566,,6793,1424,295,5369,6793,,1494,109,0,1386,1494
KEN,2015,2750,,0,2750,2750,,,,,,,,2750,,0,2750,2750,,,,,,,,,,,,,,,,,,
KEN,2016,2750,,0,2750,2750,,,,,,,,2750,,0,2750,2750,,,,,,,,,,,,,,,,,,
KEN,2017,2750,,0,2750,2750,,,,,,,,2750,,0,2750,2750,,,,,,,,,,,,,,,,,,
KEN,2018,4750,,750,4750,4750,,,,,,,,4750,,750,4750,4750,,,,,,,,,,,,,,,,,,
KEN,2019,6100,,0,6100,6100,,,,,,,,6100,,0,6100,6100,,,,,,,,,,,,,,,,,,
KEN,2020,6100,,0,6100,6100,,,,,,,,6100,,0,6100,6100,,,,,,,,,,,,,,,,,,
KEN,2021,7100,,0,7100,7100,,,,,,,,7100,,0,7100,7100,,,,,,,,,,,,,,,,,,
KEN,2022,7100,,0,7100,7100,,,,,,,,7100,,0,7100,7100,,,,,,,,,,,,,,,,,,
KEN,2023,7100,,2000,7100,7100,,,,,,,,7100,,2000,7100,7100,,,,,,,,,,,,,,,,,,
KEN,2024,6600,,0,6600,6600,,,,,,,,6600,,0,6600,6600,,,,,,,,,,,,,,,,,,
KEN,2025,10100,,0,10100,10100,,,,,,,,10100,,0,10100,10100,,,,,,,,,,,,,,,,,,
KGZ,2025,1170,,0,1170,1170,,,,,,,,1170,,0,1170,1170,,,,,,,,,,,,,,,,,,
KHM,2022,43,,0,43,43,,43,,0,43,43,,,,,,,,,,,,,,,,,,,,,,,,
KHM,2023,81,,0,81,81,,81,,0,81,81,,,,,,,,,,,,,,,,,,,,,,,,
KHM,2024,82,,44,82,82,,82,,44,82,82,,,,,,,,,,,,,,,,,,,,,,,,
KHM,2025,41,,41,41,41,,41,,41,41,41,,,,,,,,,,,,,,,,,,,,,,,,
KOR,2015,172908,273,41686,172635,163625,9283,113675,,32342,113675,104392,9283,6550,,500,6550,6550,,52683,273,8844,52410,52683,,46956,,18680,46956,38182,8774,46563,,8667,46563,46563
KOR,2016,168119,191,38408,167928,162460,5659,110324,,28368,110324,104664,5659,5950,,0,5950,5950,,51845,191,10040,51654,51845,,40788,,13384,40788,35258,5530,48659,,10354,48659,48659
KOR,2017,181101,216,36676,180885,173128,7973,120131,,26273,120131,112159,7973,7171,,922,7171,7171,,53798,216,9482,53583,53798,,47342,,17293,47342,39559,7783,47732,,6534,47732,47732
KOR,2018,196009,478,37665,195531,183523,12486,132786,,29682,132786,120300,12486,7188,,1500,7188,7188,,56035,478,6483,55557,56035,,55088,,17976,55088,43301,11787,49001,,7661,49001,49001
KOR,2019,213998,462,43514,213536,198127,15871,141421,,35420,141421,125550,15871,7164,,0,7164,7164,,65413,462,8094,64950,65413,,64278,,23130,64278,49072,15206,47616,,8743,47616,47616
KOR,2020,220355,279,42650,220076,207513,12842,144855,,34704,144855,132013,12842,8764,,460,8764,8764,,66736,279,7486,66457,66736,,63404,,20820,63404,51368,12036,47381,,9959,47381,47381
KOR,2021,239725,1475,53010,238249,221930,17794,158814,,42239,158814,141020,17794,9460,,0,9460,9460,,71451,1475,10771,69976,71451,,73132,,26551,73132,56756,16377,47615,,9469,47615,47615
KOR,2022,265083,1392,69042,263691,236843,28240,183813,,56295,183813,155573,28240,9318,,1000,9318,9318,,71952,1392,11748,70561,71952,,89026,,37379,89026,63715,25311,49366,,9621,49366,49366
KOR,2023,280389,1118,66048,279271,258906,21483,189253,,51961,189253,167770,21483,8896,,1329,8896,8896,,82240,1118,12758,81123,82240,,86843,,36726,86843,67119,19725,52301,,9888,52301,52301
KOR,2024,280046,983,71484,279063,259726,20320,188016,,53508,188016,167696,20320,8704,,1127,8704,8704,,83326,983,16848,82342,83326,,79294,,31770,79294,60597,18697,49032,,11621,49032,49032
KOR,2025,298585,1004,88019,297581,270319,28266,202766,,64261,202766,174501,28266,11042,,1033,11042,11042,,84777,1004,22725,83773,84777,,88529,,37371,88529,64085,24444,43903,,10520,43903,43903
KWT,2015,2093,,313,2093,2093,,1681,,313,1681,1681,,,,,,,,412,,0,412,412,,500,,0,500,500,,,,,,
KWT,2016,2651,327,0,2324,2651,,2239,327,0,1912,2239,,,,,,,,412,,0,412,412,,1277,327,0,950,1277,,,,,,
KWT,2017,6759,331,0,6427,6759,,3522,331,0,3190,3522,,2825,,0,2825,2825,,412,,0,412,412,,2281,331,0,1950,2281,,,,,,
KWT,2018,7178,329,750,6848,7178,,3814,329,500,3484,3814,,2952,,0,2952,2952,,412,,250,412,412,,2579,329,500,2250,2579,,,,,,
KWT,2019,9719,330,0,9389,9719,,5617,330,0,5287,5617,,3940,,0,3940,3940,,162,,0,162,162,,2880,330,0,2550,2880,,,,,,
KWT,2020,11175,329,1062,10846,11175,,6922,329,1062,6592,6922,,4092,,0,4092,4092,,162,,0,162,162,,3879,329,250,3550,3879,,300,,0,300,300
KWT,2021,12476,496,1291,11980,12476,,8220,496,1291,7724,8220,,4094,,0,4094,4094,,162,,0,162,162,,5046,496,1000,4550,5046,,300,,0,300,300
KWT,2022,11428,490,391,10938,11428,,6916,490,391,6426,6916,,4350,,0,4350,4350,,162,,0,162,162,,4040,490,300,3550,4040,,300,,0,300,300
KWT,2023,11050,488,800,10562,11050,,6522,488,800,6034,6522,,4366,,0,4366,4366,,162,,0,162,162,,3738,488,800,3250,3738,,300,,0,300,300
KWT,2024,10914,487,1100,10427,10864,50,6372,487,1100,5885,6322,50,4380,,0,4380,4380,,162,,0,162,162,,3587,487,50,3100,3537,50,300,,300,300,300
KWT,2025,33896,491,3266,33405,31707,2189,9668,491,3266,9177,7479,2189,24066,,0,24066,24066,,162,,0,162,162,,5526,491,3062,5035,3541,1985,300,,0,300,300
LAO,2015,1003,,95,1003,1003,,,,,,,,822,,95,822,822,,180,,0,180,180,,,,,,,,,,,,
LAO,2016,1225,,50,1225,1225,,,,,,,,731,,50,731,731,,494,,0,494,494,,,,,,,,,,,,
LAO,2017,2436,,109,2436,2436,,,,,,,,1741,,109,1741,1741,,695,,0,695,695,,,,,,,,,,,,
LAO,2018,3073,,103,3073,3073,,,,,,,,1860,,57,1860,1860,,1213,,46,1213,1213,,,,,,,,,,,,
LAO,2019,3969,,303,3969,3969,,,,,,,,2396,,269,2396,2396,,1573,,34,1573,1573,,,,,,,,,,,,
LAO,2020,3703,,752,3703,3703,,,,,,,,2118,,558,2118,2118,,1585,,194,1585,1585,,,,,,,,,,,,
LAO,2021,3080,,219,3080,3080,,,,,,,,1422,,90,1422,1422,,1658,,129,1658,1658,,,,,,,,,,,,
LAO,2022,3799,,278,3799,3799,,,,,,,,1723,,74,1723,1723,,2076,,204,2076,2076,,,,,,,,,,,,
LAO,2023,4086,,548,4086,4086,,,,,,,,1881,,87,1881,1881,,2205,,461,2205,2205,,,,,,,,,,,,
LAO,2024,3540,,919,3540,3540,,,,,,,,1795,,515,1795,1795,,1745,,404,1745,1745,,,,,,,,,,,,
LAO,2025,3244,,715,3244,3244,,,,,,,,1686,,394,1686,1686,,1559,,321,1559,1559,,,,,,,,,,,,
LBN,2015,36302,995,2250,35307,36302,,513,,0,513,513,,35789,995,2250,34794,35789,,,,,,,,500,,0,500,500,,,,,,
LBN,2016,38083,995,7628,37088,38083,,513,,500,513,513,,37570,995,7128,36575,37570,,,,,,,,500,,500,500,500,,,,,,
LBN,2017,35292,,4238,35292,35284,8,21,,21,21,13,8,35271,,4217,35271,35271,,,,,,,,8,,8,8,,8,,,,,
LBN,2018,36877,,3173,36877,36854,23,323,,23,323,300,23,36554,,3150,36554,36554,,,,,,,,23,,23,23,,23,,,,,
LBN,2019,38204,,3100,38204,38204,,1800,,0,1800,1800,,36404,,3100,36404,36404,,,,,,,,1500,,0,1500,1500,,,,,,
LBN,2020,35224,,3712,35224,35104,120,1920,,120,1920,1800,120,33304,,3592,33304,33304,,,,,,,,1620,,120,1620,1500,120,,,,,
LBN,2021,31512,,3005,31512,31512,,1800,,0,1800,1800,,29712,,3005,29712,29712,,,,,,,,1500,,0,1500,1500,,,,,,
LBN,2022,28507,,1900,28507,28507,,1800,,300,1800,1800,,26707,,1600,26707,26707,,,,,,,,1500,,0,1500,1500,,,,,,
LBN,2023,26607,,2988,26607,26607,,1500,,1500,1500,1500,,25107,,1488,25107,25107,,,,,,,,1500,,1500,1500,1500,,,,,,
LBN,2024,23618,,1600,23618,23618,,,,,,,,23618,,1600,23618,23618,,,,,,,,,,,,,,,,,,
LBN,2025,22018,,3125,22018,22018,,,,,,,,22018,,3125,22018,22018,,,,,,,,,,,,,,,,,,
LBR,2015,150,,0,150,150,,,,,,,,,,,,,,150,,0,150,150,,,,,,,,,,,,
LBR,2016,150,,0,150,150,,,,,,,,,,,,,,150,,0,150,150,,,,,,,,,,,,
LBR,2017,950,,0,950,950,,,,,,,,,,,,,,950,,0,950,950,,,,,,,,,,,,
LBR,2018,950,,0,950,950,,,,,,,,,,,,,,950,,0,950,950,,,,,,,,,,,,
LBR,2019,950,,300,950,950,,,,,,,,,,,,,,950,,300,950,950,,,,,,,,,,,,
LBR,2020,6695,,0,6695,6695,,,,,,,,,,,,,,6695,,0,6695,6695,,,,,,,,,,,,
LBR,2021,9845,,0,9845,9845,,,,,,,,,,,,,,9845,,0,9845,9845,,,,,,,,,,,,
LBR,2022,15245,,3725,15245,15245,,,,,,,,,,,,,,15245,,3725,15245,15245,,,,,,,,,,,,
LBR,2023,12220,,0,12220,12220,,,,,,,,,,,,,,12220,,0,12220,12220,,,,,,,,,,,,
LBR,2024,16970,,3470,16970,16970,,,,,,,,,,,,,,16970,,3470,16970,16970,,,,,,,,,,,,
LBR,2025,15000,,1650,15000,15000,,,,,,,,,,,,,,15000,,1650,15000,15000,,,,,,,,,,,,
LCA,2015,175,,175,175,175,,175,,175,175,175,,,,,,,,,,,,,,175,,175,175,175,,,,,,
LCA,2019,600,,0,600,600,,600,,0,600,600,,,,,,,,,,,,,,,,,,,,,,,,
LCA,2020,600,,0,600,600,,600,,0,600,600,,,,,,,,,,,,,,,,,,,,,,,,
LCA,2021,600,,0,600,600,,600,,0,600,600,,,,,,,,,,,,,,,,,,,,,,,,
LCA,2022,600,,0,600,600,,600,,0,600,600,,,,,,,,,,,,,,,,,,,,,,,,
LCA,2023,600,,600,600,600,,600,,600,600,600,,,,,,,,,,,,,,,,,,,,,,,,
LCA,2025,1990,,0,1990,1990,,1990,,0,1990,1990,,,,,,,,,,,,,,,,,,,,,,,,
LIE,2015,1457,1457,201,,1457,,1256,1256,201,,1256,,,,,,,,201,201,0,,201,,1256,1256,201,,1256,,,,,,
LIE,2016,1570,1570,0,,1570,,1374,1374,0,,1374,,,,,,,,196,196,0,,196,,1374,1374,0,,1374,,,,,,
LIE,2017,2127,2127,102,,2127,,1717,1717,0,,1717,,,,,,,,410,410,102,,410,,1717,1717,0,,1717,,,,,,
LIE,2018,2007,2007,254,,2007,,1702,1702,254,,1702,,,,,,,,305,305,0,,305,,1702,1702,254,,1702,,,,,,
LIE,2019,2525,2525,0,,2525,,2215,2215,0,,2215,,,,,,,,311,311,0,,311,,2049,2049,0,,2049,,,,,,
LIE,2020,3368,3368,114,,3368,,2857,2857,114,,2857,,,,,,,,511,511,0,,511,,2675,2675,114,,2675,,,,,,
LIE,2021,3360,3360,0,,3360,,2867,2867,0,,2867,,,,,,,,493,493,0,,493,,2472,2472,0,,2472,,,,,,
LIE,2022,3320,3320,433,,3320,,2832,2832,325,,2832,,,,,,,,487,487,108,,487,,2443,2443,325,,2443,,,,,,
LIE,2023,3956,3956,239,,3956,,3240,3240,119,,3240,,,,,,,,716,716,119,,716,,2810,2810,119,,2810,,,,,,
LIE,2024,3896,3896,497,,3896,,3345,3345,331,,3345,,,,,,,,552,552,166,,552,,2947,2947,331,,2947,,,,,,
LIE,2025,4996,4996,757,,4996,,4302,4302,631,,4302,,,,,,,,694,694,126,,694,,3848,3848,631,,3848,,,,,,
LKA,2015,9275,,0,9275,9275,,2100,,0,2100,2100,,7000,,0,7000,7000,,175,,0,175,175,,100,,0,100,100,,2000,,0,2000,2000
LKA,2016,10775,,500,10775,10775,,2100,,500,2100,2100,,8500,,0,8500,8500,,175,,0,175,175,,100,,0,100,100,,2000,,500,2000,2000
LKA,2017,11775,,1350,11775,11775,,1600,,1350,1600,1600,,10000,,0,10000,10000,,175,,0,175,175,,100,,100,100,100,,1500,,1250,1500,1500
LKA,2018,14175,,1925,14175,14175,,250,,250,250,250,,13750,,1500,13750,13750,,175,,175,175,175,,,,,,,,250,,250,250,250
LKA,2019,17325,,1000,17325,17325,,,,,,,,17150,,1000,17150,17150,,175,,0,175,175,,,,,,,,,,,,
LKA,2020,16325,,1000,16325,16325,,,,,,,,16150,,1000,16150,16150,,175,,0,175,175,,,,,,,,,,,,
LKA,2021,15325,,1500,15325,15325,,,,,,,,15150,,1500,15150,15150,,175,,0,175,175,,,,,,,,,,,,
LKA,2022,13825,,1250,13825,13825,,,,,,,,13650,,1250,13650,13650,,175,,0,175,175,,,,,,,,,,,,
LKA,2023,12575,,3425,12575,12575,,,,,,,,12400,,3250,12400,12400,,175,,175,175,175,,,,,,,,,,,,
LKA,2024,9150,,2150,9150,9150,,,,,,,,9150,,2150,9150,9150,,,,,,,,,,,,,,,,,,
LKA,2025,7000,,1000,7000,7000,,,,,,,,7000,,1000,7000,7000,,,,,,,,,,,,,,,,,,
LTU,2015,11451,5525,653,5926,11451,,,,,,,,11451,5525,653,5926,11451,,,,,,,,,,,,,,,,,,
LTU,2016,11113,5191,750,5922,11113,,,,,,,,11113,5191,750,5922,11113,,,,,,,,,,,,,,,,,,
LTU,2017,14323,9143,1858,5179,14323,,,,,,,,13964,8785,1858,5179,13964,,358,358,0,,358,,,,,,,,,,,,
LTU,2018,12813,7813,0,5000,12813,,,,,,,,11784,6784,0,5000,11784,,1029,1029,0,,1029,,,,,,,,,,,,
LTU,2019,14352,9352,2000,5000,14352,,,,,,,,13341,8341,2000,5000,13341,,1011,1011,0,,1011,,,,,,,,,,,,
LTU,2020,18188,15188,1592,3000,18188,,,,,,,,16715,13715,1592,3000,16715,,1473,1473,0,,1473,,,,,,,,,,,,
LTU,2021,17696,16196,1500,1500,17696,,85,85,0,,85,,15912,14412,1500,1500,15912,,1699,1699,0,,1699,,85,85,0,,85,,,,,,
LTU,2022,18681,18681,320,,18681,,171,171,0,,171,,16628,16628,0,,16628,,1883,1883,320,,1883,,171,171,0,,171,,,,,,
LTU,2023,20995,20995,884,,20995,,232,232,0,,232,,19144,19144,884,,19144,,1619,1619,0,,1619,,232,232,0,,232,,,,,,
LTU,2024,23713,23713,2493,,23713,,582,582,218,,582,,21609,21609,1938,,21609,,1522,1522,338,,1522,,582,582,218,,582,,,,,,
LTU,2025,32894,32894,1275,,32894,,1116,1116,0,,1116,,30027,30027,1275,,30027,,1751,1751,0,,1751,,1116,1116,0,,1116,,,,,,
LUX,2015,612014,275802,103755,336211,567208,44806,530634,241647,94278,288987,486233,44402,3484,3484,0,,3484,,77896,30671,9477,47225,77491,405,126573,41970,40083,84603,99886,26686,704,314,46,391,704
LUX,2016,651523,312935,123159,338588,601358,50165,572435,277103,108841,295332,523405,49030,3373,3373,0,,3373,,75715,32459,14318,43255,74580,1135,126052,42321,50290,83731,97653,28399,1734,831,200,903,1734
LUX,2017,783347,432138,132261,351209,719625,63722,695698,383504,123842,312195,635079,60620,3838,3838,0,,3838,,83811,44797,8420,39014,80709,3103,127717,57333,45090,70385,96092,31625,2723,1125,88,1598,2723
LUX,2018,820292,451804,149340,368488,744693,75599,724409,397817,128167,326592,654089,70320,3664,3664,229,,3664,,92219,50323,20944,41896,86940,5279,123062,54610,51846,68451,88870,34191,2577,1074,500,1503,2577
LUX,2019,932435,545968,181211,386468,841616,90819,829958,483942,159365,346016,745615,84343,3370,3370,2247,,3370,,99107,58655,19599,40451,92630,6477,119155,55788,54097,63367,77797,41358,4163,1054,450,3109,4163
LUX,2020,1023377,649582,171678,373795,945234,78143,906400,574343,155980,332057,833353,73047,3068,3068,0,,3068,,113909,72171,15698,41738,108812,5096,119389,57494,49173,61895,82625,36764,4162,1151,664,3011,4162
LUX,2021,1027746,659951,177200,367794,955177,72568,911146,586307,158469,324839,843912,67234,2832,2832,1133,,2832,,113768,70813,17598,42956,108434,5335,126296,66353,54257,59943,89324,36971,3447,496,1750,2951,3447
LUX,2022,992174,644453,158559,347721,930039,62135,871533,575346,143349,296187,813840,57694,1600,1600,0,,1600,,119040,67507,15209,51533,114599,4441,119857,63066,41702,56791,89409,30447,1662,467,293,1195,1662
LUX,2023,1045146,683541,180835,361605,976177,68968,918367,616160,169381,302208,851727,66641,1658,1658,0,,1658,,125121,65724,11455,59397,122793,2328,131976,71608,53057,60368,91895,40080,1375,346,918,1029,1375
LUX,2024,1087149,693208,180364,393941,1003552,83597,952242,624316,163882,327925,872417,79825,1558,1558,0,,1558,,133349,67334,16482,66015,129576,3772,130305,71033,52882,59272,88918,41387,429,299,0,130,429
LUX,2025,1342013,878548,213247,463465,1231652,110361,1183043,792049,199050,390994,1075855,107188,1762,1762,0,,1762,,157207,84736,14198,72471,154035,3172,185710,109379,67868,76331,135056,50654,1073,356,0,716,1073
LVA,2015,6740,3790,0,2950,6740,,200,,0,200,200,,6540,3790,0,2750,6540,,,,,,,,,,,,,,,,,,
LVA,2016,8148,5198,1000,2950,8148,,358,158,0,200,358,,7789,5039,1000,2750,7789,,,,,,,,,,,,,,,,,,
LVA,2017,10311,8036,480,2275,10311,,729,204,0,525,729,,9582,7832,480,1750,9582,,,,,,,,,,,,,,24,24,0,,24
LVA,2018,11379,9104,200,2275,11379,,720,195,200,525,720,,10659,8909,0,1750,10659,,,,,,,,,,,,,,23,23,0,,23
LVA,2019,12692,10617,1868,2075,12692,,516,191,0,325,516,,11951,10201,1868,1750,11951,,225,225,0,,225,,,,,,,,22,22,0,,22
LVA,2020,13760,12935,1949,825,13760,,534,209,184,325,534,,12980,12480,1765,500,12980,,245,245,0,,245,,,,,,,,25,25,0,,25
LVA,2021,15986,15661,325,325,15986,,795,470,325,325,795,,14851,14851,0,,14851,,340,340,0,,340,,227,227,0,,227,,23,23,0,,23
LVA,2022,18092,18092,1067,,18092,,443,443,0,,443,,17329,17329,1067,,17329,,320,320,0,,320,,213,213,0,,213,,21,21,0,,21
LVA,2023,21815,21815,2055,,21815,,459,459,22,,459,,21025,21025,1812,,21025,,332,332,221,,332,,221,221,0,,221,,22,22,22,,22
LVA,2024,21973,20723,1709,1250,21973,,410,410,208,,410,,21064,19814,1501,1250,21064,,499,499,0,,499,,208,208,208,,208,,,,,,
LVA,2025,29188,27938,4136,1250,29188,,640,640,229,,640,,27191,25941,3907,1250,27191,,1357,1357,0,,1357,,411,411,0,,411,,,,,,
MAC,2015,2935,,1284,2935,1674,1261,2935,,1284,2935,1674,1261,,,,,,,,,,,,,1272,,1261,1272,11,1261,663,,23,663,663
MAC,2016,4214,,3563,4214,1754,2460,4214,,3563,4214,1754,2460,,,,,,,,,,,,,2471,,2460,2471,11,2460,743,,103,743,743
MAC,2017,4746,,2795,4746,2554,2192,4746,,2795,4746,2554,2192,,,,,,,,,,,,,3503,,2192,3503,1311,2192,1243,,603,1243,1243
MAC,2018,17245,372,13365,16873,5263,11981,17245,372,13365,16873,5263,11981,,,,,,,,,,,,,14849,,11981,14849,2868,11981,2395,372,1383,2023,2395
MAC,2019,27432,374,21968,27058,6223,21209,27432,374,21968,27058,6223,21209,,,,,,,,,,,,,25310,,21273,25310,4101,21209,2122,374,695,1748,2122
MAC,2020,32073,388,25877,31684,8119,23954,32073,388,25877,31684,8119,23954,,,,,,,,,,,,,29778,263,25422,29515,5824,23954,2295,125,456,2170,2295
MAC,2021,37434,1008,32146,36426,9469,27965,37434,1008,32146,36426,9469,27965,,,,,,,,,,,,,35068,510,31450,34558,7103,27965,2366,498,695,1868,2366
MAC,2022,40431,623,34023,39809,9205,31227,40431,623,34023,39809,9205,31227,,,,,,,,,,,,,38117,249,33388,37868,6891,31227,2314,374,634,1941,2314
MAC,2023,31259,248,26135,31010,9551,21708,31259,248,26135,31010,9551,21708,,,,,,,,,,,,,29057,,24464,29057,7349,21708,2201,248,1671,1953,2201
MAC,2024,24845,250,21685,24595,5709,19136,24845,250,21685,24595,5709,19136,,,,,,,,,,,,,24303,,21161,24303,5167,19136,542,250,524,292,542
MAC,2025,22879,,18653,22879,5330,17550,22879,,18653,22879,5330,17550,,,,,,,,,,,,,21509,,18317,21509,3960,17550,1370,,336,1370,1370
MAR,2015,7287,216,64,7072,7287,,300,,0,300,300,,4222,,0,4222,4222,,2766,216,64,2550,2766,,300,,0,300,300,,,,,,
MAR,2016,7447,148,527,7298,7447,,300,,0,300,300,,4448,,527,4448,4448,,2698,148,0,2550,2698,,300,,0,300,300,,,,,,
MAR,2017,7222,160,300,7062,7222,,300,,300,300,300,,4212,,0,4212,4212,,2710,160,0,2550,2710,,300,,300,300,300,,,,,,
MAR,2018,6810,157,313,6653,6810,,,,,,,,4103,,313,4103,4103,,2707,157,0,2550,2707,,,,,,,,,,,,
MAR,2019,7577,157,1123,7420,7577,,,,,,,,4870,,1123,4870,4870,,2707,157,0,2550,2707,,,,,,,,,,,,
MAR,2020,10900,168,0,10731,10900,,,,,,,,8181,,0,8181,8181,,2718,168,0,2550,2718,,,,,,,,,,,,
MAR,2021,12109,162,1000,11948,12109,,,,,,,,7898,,1000,7898,7898,,4212,162,0,4050,4212,,,,,,,,,,,,
MAR,2022,10893,144,0,10750,10893,,,,,,,,6700,,0,6700,6700,,4194,144,0,4050,4194,,,,,,,,,,,,
MAR,2023,13517,152,2355,13365,13517,,,,,,,,9315,,1105,9315,9315,,4202,152,1250,4050,4202,,,,,,,,,,,,
MAR,2024,13026,148,1089,12878,13026,,,,,,,,8078,,0,8078,8078,,4948,148,1089,4800,4948,,,,,,,,,,,,
MAR,2025,16391,66,587,16325,16391,,,,,,,,10700,,587,10700,10700,,5691,66,0,5625,5691,,,,,,,,,,,,
MDG,2022,420,,0,420,420,,420,,0,420,420,,,,,,,,,,,,,,,,,,,,,,,,
MDG,2023,420,,0,420,420,,420,,0,420,420,,,,,,,,,,,,,,,,,,,,,,,,
MDG,2024,420,,0,420,420,,420,,0,420,420,,,,,,,,,,,,,,,,,,,,,,,,
MDG,2025,420,,0,420,420,,420,,0,420,420,,,,,,,,,,,,,,,,,,,,,,,,
MDV,2017,250,,0,250,250,,,,,,,,250,,0,250,250,,,,,,,,,,,,,,,,,,
MDV,2018,350,,0,350,350,,,,,,,,350,,0,350,350,,,,,,,,,,,,,,,,,,
MDV,2019,350,,0,350,350,,,,,,,,350,,0,350,350,,,,,,,,,,,,,,,,,,
MDV,2020,350,,0,350,350,,,,,,,,350,,0,350,350,,,,,,,,,,,,,,,,,,
MDV,2021,850,,250,850,850,,500,,0,500,500,,350,,250,350,350,,,,,,,,,,,,,,,,,,
MDV,2022,600,,100,600,600,,500,,0,500,500,,100,,100,100,100,,,,,,,,,,,,,,,,,,
MDV,2023,500,,0,500,500,,500,,0,500,500,,,,,,,,,,,,,,,,,,,,,,,,
MDV,2024,500,,0,500,500,,500,,0,500,500,,,,,,,,,,,,,,,,,,,,,,,,
MDV,2025,500,,500,500,500,,500,,500,500,500,,,,,,,,,,,,,,,,,,,,,,,,
MEX,2015,200540,13256,14926,187284,200507,33,20759,829,923,19930,20759,,59484,,4904,59484,59484,,120297,12427,9099,107870,120264,33,10773,,773,10773,10773,,,,,,
MEX,2016,228004,11024,16487,216980,228004,,24858,944,1167,23915,24858,,64130,,6436,64130,64130,,139015,10080,8883,128935,139015,,11000,,0,11000,11000,,,,,,
MEX,2017,249028,11648,10355,237380,249028,,31385,931,75,30454,31385,,64880,,133,64880,64880,,152762,10716,10147,142046,152762,,12999,99,0,12900,12999,,133,,0,133,133
MEX,2018,261806,11695,17614,250111,261806,,35942,933,4725,35009,35942,,70224,,4588,70224,70224,,155640,10762,8301,144879,155640,,15624,99,4300,15525,15624,,136,,0,136,136
MEX,2019,283609,15630,23191,267979,283609,,42942,5225,3319,37716,42942,,73873,,5515,73873,73873,,166795,10405,14357,156390,166795,,16490,3915,1250,12575,16490,,138,,0,138,138
MEX,2020,304394,14599,18352,289795,303985,409,43147,4961,785,38186,42738,409,87504,,494,87504,87504,,173742,9638,17073,164105,173742,,17292,3717,0,13575,17292,,146,,0,146,146
MEX,2021,312105,12745,30573,299360,311991,114,46426,4707,5993,41719,46426,,93719,,9939,93719,93719,,171961,8038,14641,163922,171846,114,17218,3619,3150,13599,17218,,130,,0,130,130
MEX,2022,295501,12105,13858,283396,295501,,40693,4916,1139,35777,40693,,92404,,434,92404,92404,,162404,7189,12285,155215,162404,,14231,3782,0,10449,14231,,114,,114,114,114
MEX,2023,297906,14873,20092,283032,297906,,41416,5669,3100,35748,41416,,99579,,1995,99579,99579,,156911,9205,14997,147706,156911,,15813,4364,1950,11449,15813,,,,,,
MEX,2024,299071,10733,26124,288338,299071,,44199,4634,5036,39565,44199,,106843,,4911,106843,106843,,148030,6100,16177,141930,148030,,16764,3565,2250,13199,16764,,,,,,
MEX,2025,320537,12493,17530,308044,320537,,43072,5149,2802,37923,43072,,136331,,7553,136331,136331,,141135,7344,7175,133791,141135,,16064,4115,24,11949,16064,,,,,,
MHL,2015,9061,8505,787,556,9061,,2965,2965,230,,2965,,,,,,,,6096,5540,557,556,6096,,,,,,,,,,,,
MHL,2016,9279,8769,2345,510,9279,,2735,2735,1745,,2735,,,,,,,,6544,6034,600,510,6544,,,,,,,,,,,,
MHL,2017,8935,8716,237,219,8935,,1905,1905,0,,1905,,,,,,,,7030,6811,237,219,7030,,,,,,,,,,,,
MHL,2018,10738,10456,2105,282,10738,,2269,2200,150,69,2269,,,,,,,,8469,8256,1955,213,8469,,,,,,,,,,,,
MHL,2019,9228,9062,855,165,9228,,2246,2177,300,68,2246,,,,,,,,6982,6885,555,97,6982,,,,,,,,,,,,
MHL,2020,9471,9184,1190,287,9471,,2048,1977,45,70,2048,,,,,,,,7423,7206,1145,217,7423,,,,,,,,,,,,
MHL,2021,10560,10169,2065,391,10560,,2001,1932,1615,68,2001,,,,,,,,8560,8236,450,323,8560,,,,,,,,,,,,
MHL,2022,8954,8604,1097,350,8954,,878,818,61,61,878,,,,,,,,8076,7786,1036,289,8076,,,,,,,,,,,,
MHL,2023,7851,7654,982,197,7851,,818,818,28,,818,,,,,,,,7033,6836,954,197,7033,,,,,,,,,,,,
MHL,2024,7273,7097,1064,176,7273,,890,890,100,,890,,,,,,,,6383,6207,964,176,6383,,,,,,,,,,,,
MHL,2025,8285,8186,99,99,8285,,830,830,0,,830,,,,,,,,7455,7356,99,99,7455,,,,,,,,,,,,
MKD,2015,838,,0,838,838,,,,,,,,838,,0,838,838,,,,,,,,,,,,,,,,,,
MKD,2016,1286,,0,1286,1286,,,,,,,,1286,,0,1286,1286,,,,,,,,,,,,,,,,,,
MKD,2017,1463,,0,1463,1463,,,,,,,,1463,,0,1463,1463,,,,,,,,,,,,,,,,,,
MKD,2018,1969,,0,1969,1969,,,,,,,,1969,,0,1969,1969,,,,,,,,,,,,,,,,,,
MKD,2019,1932,,303,1932,1932,,,,,,,,1932,,303,1932,1932,,,,,,,,,,,,,,,,,,
MKD,2020,2638,,614,2638,2638,,,,,,,,2638,,614,2638,2638,,,,,,,,,,,,,,,,,,
MKD,2021,2662,,0,2662,2662,,,,,,,,2662,,0,2662,2662,,,,,,,,,,,,,,,,,,
MKD,2022,2507,,480,2507,2507,,,,,,,,2507,,480,2507,2507,,,,,,,,,,,,,,,,,,
MKD,2023,3315,,0,3315,3315,,,,,,,,3315,,0,3315,3315,,,,,,,,,,,,,,,,,,
MKD,2024,3117,,519,3117,3117,,,,,,,,3117,,519,3117,3117,,,,,,,,,,,,,,,,,,
MKD,2025,2937,,822,2937,2937,,,,,,,,2937,,822,2937,2937,,,,,,,,,,,,,,,,,,
MLT,2015,1104,335,292,769,813,292,854,335,292,519,563,292,,,,,,,250,,0,250,250,,,,,,,,,,,,
MLT,2016,1145,464,369,681,776,369,842,411,369,431,473,369,,,,,,,303,53,0,250,303,,,,,,,,,,,,
MLT,2017,940,168,168,772,940,,521,48,48,473,521,,,,,,,,419,120,120,299,419,,,,,,,,,,,,
MLT,2018,990,247,0,743,990,,448,,0,448,448,,,,,,,,542,247,0,295,542,,,,,,,,,,,,
MLT,2019,1789,243,505,1546,1789,,1210,,462,1210,1210,,,,,,,,579,243,43,336,579,,,,,,,,,,,,
MLT,2020,1598,265,314,1333,1598,,951,,0,951,951,,,,,,,,648,265,314,383,648,,,,,,,,,,,,
MLT,2021,2708,335,0,2372,2708,,2168,182,0,1986,2168,,,,,,,,539,153,0,386,539,,12,12,0,,12,,,,,,
MLT,2022,4696,876,0,3820,4696,,4174,732,0,3442,4174,,,,,,,,522,144,0,378,522,,385,385,0,,385,,,,,,
MLT,2023,5216,907,1584,4309,5216,,4684,758,1370,3926,4684,,,,,,,,532,149,214,383,532,,399,399,0,,399,,,,,,
MLT,2024,3591,557,10,3034,3591,,3279,557,10,2722,3279,,,,,,,,312,,0,312,312,,375,375,0,,375,,,,,,
MLT,2025,3696,659,206,3036,3696,,3371,659,206,2712,3371,,,,,,,,324,,0,324,324,,424,424,0,,424,,,,,,
MMR,2018,3,,0,3,3,,,,,,,,,,,,,,3,,0,3,3,,,,,,,,,,,,
MMR,2019,3,,3,3,3,,,,,,,,,,,,,,3,,3,3,3,,,,,,,,,,,,
MNE,2015,1132,,283,1132,1132,,,,,,,,1132,,283,1132,1132,,,,,,,,,,,,,,,,,,
MNE,2016,1138,,0,1138,1138,,,,,,,,1138,,0,1138,1138,,,,,,,,,,,,,,,,,,
MNE,2017,1295,,0,1295,1295,,,,,,,,1295,,0,1295,1295,,,,,,,,,,,,,,,,,,
MNE,2018,1809,,321,1809,1809,,,,,,,,1809,,321,1809,1809,,,,,,,,,,,,,,,,,,
MNE,2019,2022,,562,2022,2022,,,,,,,,2022,,562,2022,2022,,,,,,,,,,,,,,,,,,
MNE,2020,2516,,368,2516,2516,,,,,,,,2516,,368,2516,2516,,,,,,,,,,,,,,,,,,
MNE,2021,1982,,0,1982,1982,,,,,,,,1982,,0,1982,1982,,,,,,,,,,,,,,,,,,
MNE,2022,1867,,0,1867,1867,,,,,,,,1867,,0,1867,1867,,,,,,,,,,,,,,,,,,
MNE,2023,1934,,0,1934,1934,,,,,,,,1934,,0,1934,1934,,,,,,,,,,,,,,,,,,
MNE,2024,2568,,519,2568,2568,,,,,,,,2568,,519,2568,2568,,,,,,,,,,,,,,,,,,
MNE,2025,3217,,0,3217,3217,,,,,,,,3217,,0,3217,3217,,,,,,,,,,,,,,,,,,
MNG,2015,3711,,0,3711,3711,,1437,,0,1437,1437,,2154,,0,2154,2154,,120,,0,120,120,,688,,0,688,688,,749,,0,749,749
MNG,2016,4701,,681,4701,4701,,1437,,681,1437,1437,,3144,,0,3144,3144,,120,,0,120,120,,681,,681,681,681,,756,,0,756,756
MNG,2017,6868,,674,6868,6868,,766,,0,766,766,,5982,,654,5982,5982,,120,,20,120,120,,,,,,,,766,,0,766,766
MNG,2018,6701,,0,6701,6701,,1273,,0,1273,1273,,5328,,0,5328,5328,,100,,0,100,100,,,,,,,,1273,,0,1273,1273
MNG,2019,7954,,500,7954,7954,,2526,,500,2526,2526,,5328,,0,5328,5328,,100,,0,100,100,,,,,,,,2026,,500,2026,2026
MNG,2020,8069,,1500,8069,8069,,2041,,0,2041,2041,,5928,,1500,5928,5928,,100,,0,100,100,,,,,,,,1541,,0,1541,1541
MNG,2021,7789,,1500,7789,7789,,2261,,500,2261,2261,,5428,,1000,5428,5428,,100,,0,100,100,,,,,,,,1511,,0,1511,1511
MNG,2022,6255,,1527,6255,6255,,1727,,727,1727,1727,,4428,,800,4428,4428,,100,,0,100,100,,,,,,,,1477,,727,1477,1477
MNG,2023,5788,,3028,5788,5788,,1060,,1000,1060,1060,,4628,,2028,4628,4628,,100,,0,100,100,,60,,0,60,60,,750,,750,750,750
MNG,2024,4537,,0,4537,4537,,1087,,0,1087,1087,,3350,,0,3350,3350,,100,,0,100,100,,460,,0,460,460,,402,,0,402,402
MNG,2025,6082,,752,6082,6082,,2132,,152,2132,2132,,3850,,600,3850,3850,,100,,0,100,100,,656,,0,656,656,,1052,,152,1052,1052
MOZ,2015,850,,850,850,850,,,,,,,,,,,,,,850,,850,850,850,,,,,,,,,,,,
MOZ,2016,727,,0,727,727,,,,,,,,727,,0,727,727,,,,,,,,,,,,,,,,,,
MOZ,2017,727,,0,727,727,,,,,,,,727,,0,727,727,,,,,,,,,,,,,,,,,,
MOZ,2018,727,,0,727,727,,,,,,,,727,,0,727,727,,,,,,,,,,,,,,,,,,
MOZ,2019,727,,0,727,727,,,,,,,,727,,0,727,727,,,,,,,,,,,,,,,,,,
MOZ,2020,727,,0,727,727,,,,,,,,727,,0,727,727,,,,,,,,,,,,,,,,,,
MOZ,2021,727,,0,727,727,,,,,,,,727,,0,727,727,,,,,,,,,,,,,,,,,,
MOZ,2022,727,,727,727,727,,,,,,,,727,,727,727,727,,,,,,,,,,,,,,,,,,
MUS,2015,1976,,0,1976,1976,,1226,,0,1226,1226,,,,,,,,750,,0,750,750,,,,,,,,,,,,
MUS,2016,3264,,193,3264,3264,,2214,,193,2214,2214,,,,,,,,1050,,0,1050,1050,,,,,,,,,,,,
MUS,2017,4873,,0,4873,4873,,3738,,0,3738,3738,,,,,,,,1135,,0,1135,1135,,,,,,,,,,,,
MUS,2018,5355,,395,5355,5355,,3920,,395,3920,3920,,,,,,,,1435,,0,1435,1435,,,,,,,,,,,,
MUS,2019,7204,,985,7204,7204,,5334,,600,5334,5334,,,,,,,,1870,,385,1870,1870,,,,,,,,,,,,
MUS,2020,8945,,1475,8945,8945,,6560,,1475,6560,6560,,,,,,,,2385,,0,2385,2385,,,,,,,,,,,,
MUS,2021,12124,,540,12124,12124,,9259,,540,9259,9259,,,,,,,,2865,,0,2865,2865,,,,,,,,,,,,
MUS,2022,13033,,1835,13033,13033,,10168,,1400,10168,10168,,,,,,,,2865,,435,2865,2865,,,,,,,,,,,,
MUS,2023,11898,,2150,11898,11898,,9468,,1400,9468,9468,,,,,,,,2430,,750,2430,2430,,300,,0,300,300,,,,,,
MUS,2024,10173,,2710,10173,10173,,8493,,2310,8493,8493,,,,,,,,1680,,400,1680,1680,,300,,0,300,300,,,,,,
MUS,2025,11963,,3318,11963,11963,,7290,,3318,7290,7290,,,,,,,,4672,,0,4672,4672,,300,,0,300,300,,,,,,
MYS,2015,43069,,4289,43069,42442,627,35084,,3089,35084,34457,627,4724,,1200,4724,4724,,3260,,0,3260,3260,,13309,,1824,13309,12797,512,146,,0,146,146
MYS,2016,46856,,4173,46856,46323,533,37252,,4173,37252,36720,533,5015,,0,5015,5015,,4588,,0,4588,4588,,14767,,3434,14767,14559,208,145,,0,145,145
MYS,2017,48099,,2976,48099,47608,491,38454,,2127,38454,37963,491,5049,,449,5049,5049,,4596,,400,4596,4596,,15336,,1387,15336,15138,198,193,,35,193,193
MYS,2018,47917,,8870,47917,47796,121,38326,,8870,38326,38205,121,4600,,0,4600,4600,,4991,,0,4991,4991,,15321,,3604,15321,15201,121,158,,50,158,158
MYS,2019,50276,,8012,50276,49163,1113,38635,,7312,38635,37522,1113,6443,,0,6443,6443,,5199,,700,5199,5199,,19878,,4130,19878,18765,1113,108,,0,108,108
MYS,2020,52327,52,4955,52275,51927,400,40014,,4062,40014,39615,400,6540,,800,6540,6540,,5773,52,93,5721,5773,,18336,,3013,18336,18035,301,108,,0,108,108
MYS,2021,57308,50,12087,57258,56458,850,44793,,12037,44793,43942,850,6837,,0,6837,6837,,5678,50,50,5628,5678,,18249,,4062,18249,17698,551,108,,108,108,108
MYS,2022,48853,,6274,48853,48439,414,36608,,6107,36608,36194,414,6617,,0,6617,6617,,5628,,168,5628,5628,,14556,,2078,14556,14526,30,,,,,
MYS,2023,46145,,4969,46145,45015,1131,34171,,4969,34171,33041,1131,6514,,0,6514,6514,,5460,,0,5460,5460,,13542,,4039,13542,13266,276,,,,,
MYS,2024,43678,,5771,43678,43205,473,32115,,4136,32115,31643,473,6374,,1000,6374,6374,,5188,,636,5188,5188,,10804,,603,10804,10717,88,,,,,
MYS,2025,45069,,7372,45069,43944,1125,35140,,3822,35140,34015,1125,5377,,1800,5377,5377,,4553,,1750,4553,4553,,10768,,1955,10768,10721,48,,,,,
NAM,2015,1250,,0,1250,1250,,,,,,,,1250,,0,1250,1250,,,,,,,,,,,,,,,,,,
NAM,2016,1250,,0,1250,1250,,,,,,,,1250,,0,1250,1250,,,,,,,,,,,,,,,,,,
NAM,2017,1250,,0,1250,1250,,,,,,,,1250,,0,1250,1250,,,,,,,,,,,,,,,,,,
NAM,2018,1250,,0,1250,1250,,,,,,,,1250,,0,1250,1250,,,,,,,,,,,,,,,,,,
NAM,2019,1250,,0,1250,1250,,,,,,,,1250,,0,1250,1250,,,,,,,,,,,,,,,,,,
NAM,2020,1250,,500,1250,1250,,,,,,,,1250,,500,1250,1250,,,,,,,,,,,,,,,,,,
NAM,2021,750,,0,750,750,,,,,,,,750,,0,750,750,,,,,,,,,,,,,,,,,,
NAM,2022,750,,0,750,750,,,,,,,,750,,0,750,750,,,,,,,,,,,,,,,,,,
NAM,2023,750,,0,750,750,,,,,,,,750,,0,750,750,,,,,,,,,,,,,,,,,,
NAM,2024,750,,750,750,750,,,,,,,,750,,750,750,750,,,,,,,,,,,,,,,,,,
NGA,2015,6991,444,54,6547,6937,54,4472,,54,4472,4418,54,1944,444,0,1500,1944,,575,,0,575,575,,2189,,0,2189,2189,,,,,,
NGA,2016,7392,287,400,7106,7392,,5031,,400,5031,5031,,1787,287,0,1500,1787,,575,,0,575,575,,2789,,0,2789,2789,,,,,,
NGA,2017,13918,286,1725,13632,13918,,6263,,650,6263,6263,,7080,286,500,6794,7080,,575,,575,575,575,,4005,,600,4005,4005,,,,,,
NGA,2018,19359,285,1750,19074,19359,,5672,,1750,5672,5672,,13337,285,0,13052,13337,,350,,0,350,350,,3458,,1490,3458,3458,,,,,,
NGA,2019,19073,285,1231,18788,19073,,4803,,946,4803,4803,,13920,285,285,13635,13920,,350,,0,350,350,,1599,,0,1599,1599,,,,,,
NGA,2020,19416,,1444,19416,19416,,5220,,594,5220,5220,,13846,,500,13846,13846,,350,,350,350,350,,1952,,594,1952,1952,,,,,,
NGA,2021,31746,,1332,31746,31746,,8611,,1032,8611,8611,,22485,,300,22485,22485,,650,,0,650,650,,3481,,1007,3481,3481,,,,,,
NGA,2022,32430,,747,32430,32430,,8190,,247,8190,8190,,23590,,500,23590,23590,,650,,0,650,650,,2518,,0,2518,2518,,,,,,
NGA,2023,31948,,431,31948,31948,,8035,,431,8035,8035,,23263,,0,23263,23263,,650,,0,650,650,,2531,,0,2531,2531,,,,,,
NGA,2024,36377,,2293,36377,36377,,8505,,1216,8505,8505,,27222,,1077,27222,27222,,650,,0,650,650,,2569,,350,2569,2569,,,,,,
NGA,2025,39150,,3848,39150,39150,,7308,,3198,7308,7308,,30542,,0,30542,30542,,1300,,650,1300,1300,,2223,,1673,2223,2223,,,,,,
NLD,2015,1790476,1130918,286485,659558,1727943,62533,1633739,1035300,265045,598439,1576596,57143,13535,12705,6386,830,12705,830,143203,82913,15055,60290,138642,4560,630124,376881,140927,253242,594985,35139,69349,19602,15649,49747,69349
NLD,2016,1786936,1113384,265759,673552,1717294,69643,1614761,1014843,245471,599918,1552325,62435,8297,6922,1375,1375,6922,1375,163878,91620,18913,72258,158046,5832,582362,343723,122721,238639,548435,33927,69667,24643,11690,45024,69667
NLD,2017,2050675,1307451,323995,743224,1960993,89681,1836978,1177932,286580,659046,1756263,80715,7976,7876,7976,100,7876,100,205721,121643,29439,84078,196854,8866,621795,361881,129564,259913,573869,47926,81305,36404,18202,44901,81305
NLD,2018,2040695,1337567,291363,703127,1960510,80185,1837953,1215493,268576,622460,1764611,73341,2557,401,2442,2156,115,2442,200185,121674,20345,78511,195784,4402,605520,374103,117108,231417,565401,40119,70693,39069,18393,31625,70693
NLD,2019,2078859,1378102,277418,700758,2006403,72456,1873762,1246401,249860,627361,1805373,68389,112,112,0,,112,,204985,131588,27558,73397,200918,4067,608137,375916,123479,232221,562730,45407,62070,41796,5344,20274,62070
NLD,2020,2299771,1607450,273342,692321,2240341,59430,2037783,1421286,242682,616497,1984148,53635,123,123,0,,123,,261865,186041,30661,75824,256070,5795,643647,430841,108295,212806,612859,30788,72464,49723,6874,22741,72464
NLD,2021,2271236,1587797,268444,683439,2204643,66594,1996449,1390021,247029,606428,1933132,63317,113,113,0,,113,,274674,197664,21415,77011,271398,3277,629023,416548,110951,212474,586955,42068,67908,47543,8422,20365,67908
NLD,2022,2241908,1565872,294927,676036,2148129,93779,1945796,1356925,252475,588871,1868115,77680,12760,1955,12760,10805,107,12653,283352,206992,29692,76360,279907,3445,642424,427191,108972,215233,592141,50282,67064,46479,8952,20585,67064
NLD,2023,2320689,1663740,319759,656949,2220423,100267,2025603,1440604,267482,584999,1940900,84704,7729,2364,7729,5365,,7729,287357,220772,44548,66585,279523,7834,712759,488932,127547,223826,653438,59320,66701,45698,11230,21004,66701
NLD,2024,2280649,1628383,325829,652266,2164268,116381,1990392,1401508,277862,588885,1895808,94584,17052,14227,17052,2825,,17052,273205,212648,30916,60557,268459,4746,726035,482811,135308,243224,655851,70184,58988,44221,7383,14766,58988
NLD,2025,2613063,1892736,356166,720327,2494764,118299,2274001,1639153,296101,634848,2179130,94871,20029,4465,20029,15564,,20029,319033,249119,40036,69915,315634,3400,861329,566353,147239,294976,786733,74596,67299,55344,5377,11956,67299
NOR,2015,245955,6400,36545,239556,243655,2301,195545,6109,34134,189437,193245,2301,,,,,,,50410,291,2411,50119,50410,,161112,3519,26639,157593,158812,2301,19281,428,4331,18853,19281
NOR,2016,232626,5940,34426,226687,230856,1770,181549,5642,25925,175907,179778,1770,,,,,,,51077,298,8501,50779,51077,,150601,3215,18989,147386,148831,1770,18551,215,5004,18337,18551
NOR,2017,243002,5615,31095,237387,241796,1206,195591,5253,25414,190338,194385,1206,,,,,,,47411,362,5681,47049,47411,,162085,2714,20131,159371,160927,1158,21096,98,4079,20998,21096
NOR,2018,237668,4628,31221,233040,236176,1493,193697,4287,25984,189410,192204,1493,,,,,,,43972,342,5237,43630,43972,,162438,2086,22397,160353,160946,1493,19676,,2548,19676,19676
NOR,2019,242914,7228,31831,235686,241851,1063,195840,6890,27271,188950,194777,1063,,,,,,,47074,338,4559,46736,47074,,167269,4826,21749,162444,166206,1063,17977,,4641,17977,17977
NOR,2020,266805,8024,35432,258781,264602,2204,205561,7266,31799,198296,203358,2204,,,,,,,61244,758,3633,60486,61244,,178309,5141,26783,173168,176105,2204,16863,,3557,16863,16863
NOR,2021,258119,9606,35262,248513,250463,7656,201281,8333,33914,192947,193624,7656,,,,,,,56838,1272,1348,55566,56838,,177198,5655,28563,171544,169542,7656,14427,,4765,14427,14427
NOR,2022,256709,8128,37419,248581,243245,13464,198737,6467,33284,192270,185273,13464,,,,,,,57972,1661,4134,56311,57972,,176237,3822,29884,172416,162773,13464,13088,,2565,13088,13088
NOR,2023,260915,7399,44757,253516,242052,18863,198762,5642,38785,193120,179899,18863,,,,,,,62153,1757,5972,60396,62153,,175696,2902,36441,172794,156833,18863,13734,,1067,13734,13734
NOR,2024,249967,7328,39874,242638,237515,12452,188216,5038,33986,183179,175765,12452,,,,,,,61750,2291,5888,59460,61750,,166213,2582,31131,163631,153762,12452,14566,,2024,14566,14566
NOR,2025,288649,8381,41580,280268,272638,16010,216765,5665,36096,211100,200755,16010,,,,,,,71884,2716,5484,69168,71884,,192219,2899,31688,189320,176208,16010,17195,,3818,17195,17195
NZL,2015,12415,391,2110,12024,11605,809,4216,391,734,3825,3483,733,1238,,300,1238,1238,,6961,,1076,6961,6884,76,1498,83,733,1415,765,733,476,103,0,373,476
NZL,2016,14781,739,1131,14042,14075,706,6769,739,796,6030,6063,706,1203,,0,1203,1203,,6809,,336,6809,6809,,3476,426,796,3051,2770,706,470,104,0,366,470
NZL,2017,20112,958,1755,19154,18733,1379,9925,958,1680,8967,8546,1379,2645,,0,2645,2645,,7542,,75,7542,7542,,5684,502,1393,5182,4305,1379,843,206,26,636,843
NZL,2018,20791,1058,1944,19733,20104,687,10617,1058,1615,9559,9930,687,2508,,0,2508,2508,,7667,,329,7667,7667,,6183,598,1370,5584,5496,687,1008,225,178,783,1008
NZL,2019,26064,851,2965,25213,25952,112,15102,851,1822,14250,14989,112,3046,,0,3046,3046,,7916,,1143,7916,7916,,9780,457,423,9323,9667,112,886,226,250,660,886
NZL,2020,29410,2039,5138,27372,26527,2884,17136,2039,2681,15097,15663,1474,4725,,1410,4725,3315,1410,7549,,1046,7549,7549,,11833,1717,2380,10116,10360,1474,1071,141,83,930,1071
NZL,2021,32019,1942,5394,30077,29983,2035,20113,1942,3883,18172,19208,905,4796,,1239,4796,3666,1130,7110,,272,7110,7110,,14850,1518,2669,13332,13944,905,1074,239,174,835,1074
NZL,2022,33758,1763,4490,31995,31780,1978,22237,1763,2511,20473,21157,1079,4470,,899,4470,3571,899,7052,,1080,7052,7052,,18186,1497,2206,16689,17106,1079,850,127,162,723,850
NZL,2023,41477,2163,11612,39314,34759,6719,25639,2037,5237,23601,23969,1670,8896,,5840,8896,3847,5049,6943,126,535,6816,6943,,20665,1772,4812,18893,19055,1610,687,126,51,561,687
NZL,2024,49020,1155,11908,47865,39522,9497,30586,1043,3537,29543,28961,1625,11909,,8066,11909,4037,7872,6525,112,306,6413,6525,,23852,852,2355,22999,22247,1605,1008,67,377,941,1008
NZL,2025,59152,2851,13058,56301,51064,8089,40497,2736,7437,37762,36605,3892,10466,,4497,10466,6270,4196,8189,115,1124,8074,8189,,32665,2609,6753,30056,28772,3892,1417,,0,1417,1417
OMN,2015,4175,650,0,3525,4175,,3525,,0,3525,3525,,650,650,0,,650,,,,,,,,1300,,0,1300,1300,,300,,0,300,300
OMN,2016,9365,689,0,8676,9365,,4215,39,0,4176,4215,,5150,650,0,4500,5150,,,,,,,,1900,,0,1900,1900,,300,,0,300,300
OMN,2017,16865,689,500,16176,16865,,4215,39,500,4176,4215,,12150,650,0,11500,12150,,500,,0,500,500,,1900,,500,1900,1900,,300,,0,300,300
OMN,2018,24703,702,613,24001,24703,,4728,52,613,4676,4728,,19475,650,0,18825,19475,,500,,0,500,500,,2400,,600,2400,2400,,300,,0,300,300
OMN,2019,28222,689,650,27533,28222,,4115,39,0,4076,4115,,23607,650,650,22957,23607,,500,,0,500,500,,1800,,0,1800,1800,,300,,0,300,300
OMN,2020,32582,39,2377,32544,32582,,4115,39,877,4076,4115,,26468,,1500,26468,26468,,2000,,0,2000,2000,,1800,,500,1800,1800,,300,,300,300,300
OMN,2021,41544,13,1800,41531,41544,,4288,13,300,4275,4288,,34020,,1500,34020,34020,,3237,,0,3237,3237,,2050,,300,2050,2050,,300,,0,300,300
OMN,2022,39880,13,2263,39867,39880,,4122,13,1013,4109,4122,,32485,,1250,32485,32485,,3273,,0,3273,3273,,1750,,1000,1750,1750,,434,,0,434,434
OMN,2023,37683,,2000,37683,37683,,3109,,0,3109,3109,,31274,,2000,31274,31274,,3300,,0,3300,3300,,750,,0,750,750,,434,,0,434,434
OMN,2024,39484,,5246,39484,39484,,3859,,1000,3859,3859,,29346,,3500,29346,29346,,6279,,746,6279,6279,,750,,0,750,750,,434,,0,434,434
OMN,2025,39572,,3250,39572,39572,,4809,,750,4809,4809,,27873,,2500,27873,27873,,6890,,0,6890,6890,,1500,,750,1500,1500,,884,,0,884,884
PAK,2015,5050,,500,5050,5050,,,,,,,,5050,,500,5050,5050,,,,,,,,,,,,,,,,,,
PAK,2016,6550,,750,6550,6550,,1000,,0,1000,1000,,5550,,750,5550,5550,,,,,,,,,,,,,,,,,,
PAK,2017,8300,,0,8300,8300,,2000,,0,2000,2000,,6300,,0,6300,6300,,,,,,,,,,,,,,,,,,
PAK,2018,8300,,2000,8300,8300,,2000,,0,2000,2000,,6300,,2000,6300,6300,,,,,,,,,,,,,,,,,,
PAK,2019,6300,,0,6300,6300,,2000,,0,2000,2000,,4300,,0,4300,4300,,,,,,,,,,,,,,,,,,
PAK,2020,6300,,2000,6300,6300,,2000,,1000,2000,2000,,4300,,1000,4300,4300,,,,,,,,,,,,,,,,,,
PAK,2021,8383,,1000,8383,8383,,1000,,1000,1000,1000,,6883,,0,6883,6883,,500,,0,500,500,,,,,,,,,,,,
PAK,2022,8533,,0,8533,8533,,,,,,,,8033,,0,8033,8033,,500,,0,500,500,,,,,,,,,,,,
PAK,2023,8626,,1000,8626,8626,,,,,,,,8126,,1000,8126,8126,,500,,0,500,500,,,,,,,,,,,,
PAK,2024,7686,,500,7686,7686,,,,,,,,7186,,500,7186,7186,,500,,0,500,500,,,,,,,,,,,,
PAK,2025,7164,,1527,7164,7164,,,,,,,,6664,,1527,6664,6664,,500,,0,500,500,,,,,,,,,,,,
PAN,2015,21555,,1447,21555,21269,286,6778,,947,6778,6492,286,11286,,0,11286,11286,,3491,,500,3491,3491,,3066,,347,3066,2780,286,,,,,
PAN,2016,23146,,1488,23146,22873,273,6801,,988,6801,6527,273,12296,,0,12296,12296,,4050,,500,4050,4050,,3538,,700,3538,3265,273,,,,,
PAN,2017,25478,,1458,25478,25084,394,7942,,1458,7942,7548,394,13732,,0,13732,13732,,3804,,0,3804,3804,,4667,,733,4667,4273,394,,,,,
PAN,2018,28316,,1625,28316,28053,263,8241,,824,8241,7978,263,15491,,0,15491,15491,,4584,,802,4584,4584,,4191,,824,4191,3928,263,,,,,
PAN,2019,32785,,3461,32785,32491,293,8253,,1231,8253,7960,293,18796,,1531,18796,18796,,5735,,700,5735,5735,,4203,,306,4203,3910,293,,,,,
PAN,2020,50160,,4270,50160,50020,140,9970,,1704,9970,9830,140,22036,,403,22036,22036,,18154,,2164,18154,18154,,5465,,1704,5465,5325,140,,,,,
PAN,2021,60075,,1760,60075,59959,116,8380,,1137,8380,8264,116,26083,,0,26083,26083,,25612,,623,25612,25612,,3875,,1062,3875,3759,116,,,,,
PAN,2022,67513,,8837,67513,67431,82,7341,,610,7341,7259,82,30083,,465,30083,30083,,30089,,7762,30089,30089,,2911,,100,2911,2829,82,,,,,
PAN,2023,63797,,3243,63797,63698,99,7417,,1440,7417,7318,99,33518,,1250,33518,33518,,22862,,553,22862,22862,,3272,,140,3272,3173,99,,,,,
PAN,2024,64829,,3423,64829,64762,67,6660,,442,6660,6593,67,35368,,1250,35368,35368,,22801,,1731,22801,22801,,3515,,102,3515,3448,67,300,,0,300,300
PAN,2025,70674,,5004,70674,70313,361,7110,,1324,7110,6749,361,34118,,980,34118,34118,,29446,,2699,29446,29446,,3805,,1024,3805,3444,361,800,,300,800,800
PER,2015,44138,8387,3034,35751,44138,,14230,188,1380,14042,14230,,19283,6317,1223,12967,19283,,10625,1883,431,8742,10625,,7025,,1130,7025,7025,,,,,,
PER,2016,44547,9943,1250,34604,44547,,13153,191,850,12962,13153,,20824,8063,0,12760,20824,,10571,1689,400,8882,10571,,6195,,675,6195,6195,,,,,,
PER,2017,49654,11990,2673,37664,49654,,14172,1894,1945,12278,14172,,21412,8347,0,13065,21412,,14070,1748,728,12322,14070,,6137,617,500,5520,6137,,,,,,
PER,2018,52506,14795,4425,37710,52506,,13138,1913,2300,11225,13138,,24039,11088,1000,12951,24039,,15328,1794,1125,13534,15328,,5813,593,1200,5220,5813,,,,,,
PER,2019,61210,24050,4140,37160,61210,,14679,3456,2757,11223,14679,,29902,17246,1266,12656,29902,,16629,3348,117,13281,16629,,7232,2112,2154,5120,7232,,,,,,
PER,2020,64986,19747,1924,45239,64986,,13410,2059,454,11351,13410,,34498,14625,0,19873,34498,,17078,3064,1470,14014,17078,,6131,1381,120,4750,6131,,,,,,
PER,2021,75681,17811,2920,57870,75681,,14423,1745,1030,12679,14423,,43026,13284,0,29742,43026,,18232,2783,1890,15449,18232,,6428,1254,530,5173,6428,,,,,,
PER,2022,74462,18617,2568,55845,74462,,14126,1823,1238,12303,14126,,43368,13885,0,29483,43368,,16968,2909,1330,14059,16968,,5979,1311,588,4668,5979,,,,,,
PER,2023,76080,22181,4888,53899,76080,,13521,2435,2461,11086,13521,,46388,16754,2292,29634,46388,,16170,2991,135,13179,16170,,5449,1348,1948,4101,5449,,,,,,
PER,2024,80277,20767,6547,59509,80277,,14880,1709,1829,13171,14880,,48485,16111,2250,32374,48485,,16911,2947,2467,13964,16911,,5505,306,719,5199,5505,,,,,,
PER,2025,89996,27026,4017,62969,89996,,15655,1912,700,13742,15655,,55051,21392,2292,33658,55051,,19291,3722,1025,15569,19291,,6822,342,700,6480,6822,,,,,,
PHL,2015,46850,3222,3282,43629,46850,,8144,,650,8144,8144,,28140,2768,1714,25371,28140,,10567,454,919,10113,10567,,3306,,300,3306,3306,,300,,0,300,300
PHL,2016,45928,3044,4411,42884,45928,,8008,,2275,8008,8008,,28296,2615,904,25681,28296,,9623,429,1232,9195,9623,,3006,,1150,3006,3006,,300,,0,300,300
PHL,2017,45958,2626,1700,43332,45958,,8155,,350,8155,8155,,29412,2601,0,26811,29412,,8391,25,1350,8366,8391,,3856,,0,3856,3856,,300,,0,300,300
PHL,2018,50722,2494,5000,48228,50722,,9852,,1100,9852,9852,,33130,2470,2600,30660,33130,,7740,24,1300,7716,7740,,5490,,0,5490,5490,,300,,0,300,300
PHL,2019,52539,2585,3135,49954,52539,,10604,,1014,10604,10604,,34194,2560,1671,31633,34194,,7741,25,450,7716,7741,,6935,,786,6935,6935,,300,,0,300,300
PHL,2020,67357,2717,4386,64639,67357,,12190,,1184,12190,12190,,42224,2691,2602,39533,42224,,12942,26,600,12916,12942,,8356,,434,8356,8356,,300,,300,300,300
PHL,2021,70633,1702,3008,68931,70633,,11842,,1746,11842,11842,,45066,1678,1262,43389,45066,,13725,25,0,13700,13725,,7926,,600,7926,7926,,300,,0,300,300
PHL,2022,71931,1007,5991,70923,71931,,10159,,3004,10159,10159,,48049,985,687,47065,48049,,13722,22,2300,13700,13722,,7304,,3004,7304,7304,,300,,0,300,300
PHL,2023,69978,1010,6749,68968,69978,,7175,,2075,7175,7175,,51381,988,3274,50393,51381,,11423,23,1400,11400,11423,,4300,,1350,4300,4300,,300,,0,300,300
PHL,2024,71700,965,4790,70735,71700,,8050,,780,8050,8050,,52229,944,2461,51285,52229,,11422,22,1550,11400,11422,,5450,,600,5450,5450,,300,,0,300,300
PHL,2025,73102,950,5215,72151,73102,,8579,,1400,8579,8579,,53561,929,1614,52632,53561,,10962,21,2200,10940,10962,,6000,,1100,6000,6000,,300,,0,300,300
PNG,2018,500,,0,500,500,,,,,,,,500,,0,500,500,,,,,,,,,,,,,,,,,,
PNG,2019,500,,0,500,500,,,,,,,,500,,0,500,500,,,,,,,,,,,,,,,,,,
PNG,2020,500,,0,500,500,,,,,,,,500,,0,500,500,,,,,,,,,,,,,,,,,,
PNG,2021,500,,0,500,500,,,,,,,,500,,0,500,500,,,,,,,,,,,,,,,,,,
PNG,2022,500,,0,500,500,,,,,,,,500,,0,500,500,,,,,,,,,,,,,,,,,,
PNG,2023,500,,0,500,500,,,,,,,,500,,0,500,500,,,,,,,,,,,,,,,,,,
PNG,2024,500,,0,500,500,,,,,,,,500,,0,500,500,,,,,,,,,,,,,,,,,,
PNG,2025,500,,0,500,500,,,,,,,,500,,0,500,500,,,,,,,,,,,,,,,,,,
POL,2015,62960,467,5589,62493,62960,,4041,452,860,3588,4041,,58008,,4531,58008,58008,,912,15,199,897,912,,1372,121,251,1251,1372,,,,,,
POL,2016,64966,435,4234,64532,64966,,4678,423,398,4255,4678,,59576,,3836,59576,59576,,712,11,0,701,712,,2484,114,114,2370,2484,,211,,0,211,211
POL,2017,76882,414,4235,76467,76882,,8283,401,37,7882,8283,,67285,,4198,67285,67285,,1314,13,0,1301,1314,,6062,,0,6062,6062,,240,,0,240,240
POL,2018,74823,350,11082,74473,74823,,11312,337,865,10974,11312,,62226,,10205,62226,62226,,1286,13,13,1274,1286,,8664,,0,8664,8664,,229,,0,229,229
POL,2019,66182,406,7300,65776,66182,,12337,406,609,11932,12337,,52581,,5990,52581,52581,,1263,,701,1263,1263,,10585,106,0,10480,10585,,225,,0,225,225
POL,2020,68552,414,11326,68139,68307,245,12459,414,2506,12045,12459,,54344,,8820,54344,54098,245,1750,,0,1750,1750,,11110,108,1804,11002,11110,,245,,0,245,245
POL,2021,58891,354,7014,58537,58891,,11511,354,1718,11157,11511,,43133,,5296,43133,43133,,4247,,0,4247,4247,,10067,99,1718,9968,10067,,227,,0,227,227
POL,2022,57438,346,5840,57092,57438,,12352,328,107,12025,12352,,40999,,5733,40999,40999,,4087,18,0,4069,4087,,10036,91,0,9945,10036,,640,,0,640,640
POL,2023,75101,896,10049,74205,75101,,23383,875,268,22507,23383,,46973,,9782,46973,46973,,4745,20,0,4725,4745,,21063,611,268,20452,21063,,1668,,0,1668,1668
POL,2024,93908,1365,9556,92543,93908,,37661,1346,3442,36315,37661,,51402,,5714,51402,51402,,4845,19,400,4826,4845,,31725,972,2618,30753,31725,,5407,,571,5407,5407
POL,2025,121244,1659,7868,119586,121244,,46784,1637,2055,45147,46784,,65101,,5086,65101,65101,,9359,22,727,9337,9359,,39649,1113,1820,38536,39649,,5437,,235,5437,5437
PRT,2015,65402,59815,9961,5587,65163,239,34930,34521,5164,409,34930,,22544,17724,3489,4820,22544,,7928,7570,1308,358,7689,239,10033,9874,1624,160,10033,,4209,4209,2773,,4209
PRT,2016,56110,50774,5945,5336,55584,526,29477,29069,2244,408,29477,,18610,14010,3175,4600,18610,,8023,7695,526,328,7497,526,8159,8000,1577,160,8159,,1390,1390,0,,1390
PRT,2017,60106,58940,7159,1165,60095,11,37801,37387,2165,414,37801,,12746,12328,3813,418,12746,,9558,9225,1181,333,9547,11,12341,12179,1108,162,12341,,2181,2181,90,,2181
PRT,2018,61233,60141,10269,1092,61233,,36255,35871,4204,384,36255,,16522,16145,4679,377,16522,,8456,8125,1386,331,8456,,11658,11495,2100,164,11658,,2569,2569,57,,2569
PRT,2019,54636,53177,3985,1459,54636,,33918,33533,2978,384,33918,,12089,11346,0,742,12089,,8629,8297,1008,332,8629,,11284,11120,2198,164,11284,,3026,3026,49,,3026
PRT,2020,58739,57459,3527,1280,58727,12,33782,33394,1791,388,33782,,14176,13456,61,720,14176,,10781,10609,1675,172,10769,12,9930,9762,134,168,9930,,3252,3252,920,,3252
PRT,2021,58324,57256,4490,1068,58312,11,34587,34337,3513,250,34587,,13019,12363,630,656,13019,,10718,10556,348,162,10706,11,12088,12057,1982,30,12088,,2718,2718,849,,2718
PRT,2022,55652,55127,4840,526,55652,,30848,30414,3027,434,30848,,14858,14843,0,15,14858,,9946,9870,1813,76,9946,,10197,10021,2267,177,10197,,2651,2613,533,38,2651
PRT,2023,58414,57898,5341,516,58414,,31952,31522,3156,430,31952,,15647,15631,15,15,15647,,10816,10745,2170,71,10816,,10381,10207,2603,175,10381,,2190,2155,553,35,2190
PRT,2024,62974,62150,3481,824,62974,,30244,29820,2276,424,30244,,21969,21969,0,,21969,,10762,10362,1205,400,10762,,9832,9660,1506,172,9832,,1538,1506,312,32,1538
PRT,2025,82688,81864,3807,824,82688,,35393,34969,2749,424,35393,,34247,34247,0,,34247,,13048,12648,1057,400,13048,,11355,11182,891,172,11355,,1971,1939,32,32,1971
PRY,2015,2880,,500,2880,2880,,800,,500,800,800,,1780,,0,1780,1780,,300,,0,300,300,,800,,500,800,800,,,,,,
PRY,2016,2991,,0,2991,2991,,311,,0,311,311,,2380,,0,2380,2380,,300,,0,300,300,,311,,0,311,311,,,,,,
PRY,2017,3491,,0,3491,3491,,311,,0,311,311,,2880,,0,2880,2880,,300,,0,300,300,,311,,0,311,311,,,,,,
PRY,2018,4021,,600,4021,4021,,311,,300,311,311,,3410,,0,3410,3410,,300,,300,300,300,,311,,300,311,311,,,,,,
PRY,2019,4512,,0,4512,4512,,302,,0,302,302,,3910,,0,3910,3910,,300,,0,300,300,,11,,0,11,11,,,,,,
PRY,2020,6620,,0,6620,6620,,610,,0,610,610,,5360,,0,5360,5360,,650,,0,650,650,,311,,0,311,311,,,,,,
PRY,2021,7754,,0,7754,7754,,618,,0,618,618,,6186,,0,6186,6186,,950,,0,950,950,,311,,0,311,311,,,,,,
PRY,2022,8263,,791,8263,8263,,626,,11,626,626,,6686,,780,6686,6686,,950,,0,950,950,,311,,11,311,311,,,,,,
PRY,2023,7980,,0,7980,7980,,624,,0,624,624,,6406,,0,6406,6406,,950,,0,950,950,,300,,0,300,300,,,,,,
PRY,2024,8954,465,400,8489,8954,,632,,300,632,632,,7372,465,0,6906,7372,,950,,100,950,950,,300,,300,300,300,,,,,,
PRY,2025,9972,1275,900,8698,9972,,341,,0,341,341,,8781,1275,600,7506,8781,,850,,300,850,850,,,,,,,,,,,,
QAT,2015,27859,549,1945,27309,27451,408,8892,549,1195,8343,8484,408,13900,,0,13900,13900,,5067,,750,5067,5067,,2913,,1165,2913,2505,408,1329,549,29,779,1329
QAT,2016,36346,549,4522,35797,35415,932,9110,549,2522,8560,8178,932,22900,,2000,22900,22900,,4337,,0,4337,4337,,3160,,1772,3160,2229,932,1299,549,750,750,1299
QAT,2017,33049,549,3500,32500,32618,431,7283,549,1500,6734,6852,431,20900,,2000,20900,20900,,4866,,0,4866,4866,,2050,,1500,2050,1619,431,583,549,0,33,583
QAT,2018,42692,549,2254,42143,42355,337,6908,549,639,6358,6571,337,30900,,1000,30900,30900,,4884,,615,4884,4884,,1136,,607,1136,800,337,802,549,32,252,802
QAT,2019,52758,549,6546,52208,52558,200,6579,549,2700,6029,6379,200,41900,,2500,41900,41900,,4279,,1346,4279,4279,,829,,200,829,629,200,769,549,0,220,769
QAT,2020,56816,549,4250,56266,56466,350,4441,549,750,3892,4091,350,49400,,3500,49400,49400,,2975,,0,2975,2975,,1180,,650,1180,830,350,769,549,100,220,769
QAT,2021,68128,549,3790,67578,66576,1552,6839,549,1552,6290,5287,1552,45900,,1000,45900,45900,,15388,,1238,15388,15388,,3683,,1552,3683,2131,1552,669,549,0,120,669
QAT,2022,65735,549,6175,65185,65230,504,6685,549,1175,6135,6180,504,44900,,5000,44900,44900,,14150,,0,14150,14150,,3184,,1055,3184,2680,504,1019,549,120,470,1019
QAT,2023,61030,549,3843,60481,59921,1109,6980,549,1843,6431,5871,1109,39900,,2000,39900,39900,,14150,,0,14150,14150,,3358,,1638,3358,2249,1109,899,549,100,350,899
QAT,2024,65118,727,5646,64392,62202,2916,10391,549,3646,9842,7475,2916,40577,177,2000,40400,40577,,14150,,0,14150,14150,,6798,,3246,6798,3882,2916,979,549,250,430,979
QAT,2025,76767,727,9479,76040,74033,2734,18208,549,4479,17658,15474,2734,44409,177,3500,44232,44409,,14150,,1500,14150,14150,,8361,,4267,8361,5627,2734,729,549,0,180,729
ROU,2015,17333,81,1665,17252,17333,,152,81,32,71,152,,17181,,1633,17181,17181,,,,,,,,22,0,0,22,22,,,,,,
ROU,2016,15880,48,8,15833,15880,,116,48,8,69,116,,15764,,0,15764,15764,,,,,,,,21,0,0,21,21,,,,,,
ROU,2017,22310,53,1831,22258,22310,,123,53,32,70,123,,22188,,1799,22188,22188,,,,,,,,24,0,10,24,24,,,,,,
ROU,2018,23980,50,1766,23929,23980,,87,50,48,36,87,,23893,,1718,23893,23893,,,,,,,,14,0,14,14,14,,,,,,
ROU,2019,28934,32,2843,28902,28934,,598,32,35,567,598,,28335,,2808,28335,28335,,,,,,,,225,0,0,225,225,,,,,,
ROU,2020,45590,0,2,45590,45590,,616,0,2,615,616,,43931,,0,43931,43931,,1043,,0,1043,1043,,246,0,0,245,246,,,,,,
ROU,2021,53211,368,2359,52843,53211,,935,368,340,566,935,,51314,,2019,51314,51314,,963,,0,963,963,,595,368,0,227,595,,,,,,
ROU,2022,60639,718,1500,59921,60639,,931,718,0,213,931,,58801,,1500,58801,58801,,907,,0,907,907,,931,718,0,213,931,,,,,,
ROU,2023,77895,766,4895,77129,77895,,4250,766,221,3484,4250,,72706,,4177,72706,72706,,939,,497,939,939,,4250,766,221,3484,4250,,,,,,
ROU,2024,89532,720,416,88812,89532,,5433,720,0,4713,5433,,82644,,0,82644,82644,,1454,,416,1454,1454,,5433,720,0,4713,5433,,,,,,
ROU,2025,135811,1633,4947,134177,135811,,8300,1633,92,6667,8300,,124455,,4854,124455,124455,,3055,,0,3055,3055,,8300,1633,92,6667,8300,,,,,,
RUS,2015,118413,2754,5645,115659,118413,,38862,787,2758,38075,38862,,46201,1215,443,44986,46201,,33350,752,2444,32598,33350,,9963,135,465,9828,9963,,22901,270,1129,22631,22901
RUS,2016,120792,3526,14781,117266,120792,,38095,891,7118,37204,38095,,48993,1475,2000,47518,48993,,33704,1160,5663,32544,33704,,10768,115,913,10653,10768,,21721,328,5973,21393,21721
RUS,2017,119705,3959,20619,115746,119705,,34170,593,6947,33576,34170,,52679,1555,5022,51123,52679,,32856,1810,8650,31046,32856,,12130,121,2468,12009,12130,,16141,,3699,16141,16141
RUS,2018,104983,2429,13812,102554,104983,,27586,278,7487,27308,27586,,51263,,1500,51263,51263,,26134,2151,4825,23983,26134,,10140,101,3075,10040,10140,,12354,,2895,12354,12354
RUS,2019,102220,2865,11729,99355,102220,,22397,292,2285,22105,22397,,53568,,4314,53568,53568,,26255,2573,5129,23682,26255,,8642,112,277,8530,8642,,9461,,1000,9461,9461
RUS,2020,98278,4545,8333,93733,98278,,22233,722,3120,21511,22233,,51889,,0,51889,51889,,24157,3823,5213,20333,24157,,10392,572,920,9821,10392,,8584,,1000,8584,8584
RUS,2021,94526,4551,12467,89975,94526,,20809,767,4982,20042,20809,,53234,,2000,53234,53234,,20484,3784,5485,16700,20484,,10745,619,232,10127,10745,,7509,,3750,7509,7509
RUS,2022,82886,4222,7681,78664,82886,,15745,749,1239,14996,15745,,50887,,3000,50887,50887,,16254,3473,3442,12781,16254,,10467,593,706,9873,10467,,3717,,533,3717,3717
RUS,2023,75385,3195,6324,72191,75385,,14475,592,2975,13882,14475,,48089,,0,48089,48089,,12822,2602,3348,10220,12822,,9684,469,1440,9216,9684,,3260,,835,3260,3260
RUS,2024,68329,2101,5589,66227,68329,,11441,186,1552,11255,11441,,47742,,1818,47742,47742,,9146,1915,2218,7231,9146,,8197,74,1552,8123,8197,,2425,,0,2425,2425
RUS,2025,66961,2343,7040,64618,66961,,10006,170,1207,9836,10006,,49257,,3000,49257,49257,,7698,2173,2833,5525,7698,,6732,27,707,6705,6732,,2425,,0,2425,2425
RWA,2015,400,,0,400,400,,,,,,,,400,,0,400,400,,,,,,,,,,,,,,,,,,
RWA,2016,400,,0,400,400,,,,,,,,400,,0,400,400,,,,,,,,,,,,,,,,,,
RWA,2017,400,,0,400,400,,,,,,,,400,,0,400,400,,,,,,,,,,,,,,,,,,
RWA,2018,400,,0,400,400,,,,,,,,400,,0,400,400,,,,,,,,,,,,,,,,,,
RWA,2019,400,,0,400,400,,,,,,,,400,,0,400,400,,,,,,,,,,,,,,,,,,
RWA,2020,400,,0,400,400,,,,,,,,400,,0,400,400,,,,,,,,,,,,,,,,,,
RWA,2021,1020,,0,1020,1020,,,,,,,,1020,,0,1020,1020,,,,,,,,,,,,,,,,,,
RWA,2022,1020,,400,1020,1020,,,,,,,,1020,,400,1020,1020,,,,,,,,,,,,,,,,,,
RWA,2023,620,,0,620,620,,,,,,,,620,,0,620,620,,,,,,,,,,,,,,,,,,
RWA,2024,620,,0,620,620,,,,,,,,620,,0,620,620,,,,,,,,,,,,,,,,,,
RWA,2025,620,,0,620,620,,,,,,,,620,,0,620,620,,,,,,,,,,,,,,,,,,
SAU,2015,7795,1185,0,6610,7795,,1335,1185,0,150,1335,,18,,0,18,18,,6443,,0,6443,6443,,336,186,0,150,336,,,,,,
SAU,2016,26662,2519,500,24143,26662,,2409,2252,0,157,2409,,17518,,0,17518,17518,,6735,267,500,6469,6735,,1409,1253,0,157,1409,,,,,,
SAU,2017,45278,2520,0,42758,45278,,2496,2253,0,243,2496,,36522,,0,36522,36522,,6260,267,0,5993,6260,,1416,1253,0,163,1416,,,,,,
SAU,2018,56644,2520,134,54124,56644,,2487,2253,134,234,2487,,45181,,0,45181,45181,,8225,267,0,7959,8225,,1407,1253,54,154,1407,,,,,,
SAU,2019,77872,2520,0,75352,77872,,2353,2253,0,100,2353,,56738,,0,56738,56738,,17730,267,0,17464,17730,,1353,1253,0,100,1353,,,,,,
SAU,2020,108851,2520,5969,106331,108649,202,3605,2253,202,1352,3403,202,73139,,5500,73139,73139,,30057,267,267,29790,30057,,2605,1253,202,1352,2403,202,,,,,
SAU,2021,120776,4333,7150,116442,120376,400,6887,3587,400,3300,6487,400,78257,,4500,78257,78257,,32589,747,2250,31843,32589,,4637,2587,400,2050,4237,400,1250,,0,1250,1250
SAU,2022,122010,7000,5846,115010,121880,130,10033,6253,130,3780,9903,130,77777,,2323,77777,77777,,30762,747,2643,30016,30762,,5117,2587,130,2530,4987,130,1250,,0,1250,1250
SAU,2023,130535,7096,5621,123439,130321,214,10227,6349,214,3878,10013,214,89395,,1107,89395,89395,,28211,747,4000,27464,28211,,5201,2587,214,2614,4987,214,1264,,0,1264,1264
SAU,2024,150952,7096,12557,143856,150868,83,12265,6349,2182,5916,12182,83,101510,,6889,101510,101510,,34775,747,2485,34028,34775,,6840,2587,1133,4253,6757,83,1262,,0,1262,1262
SAU,2025,191638,6115,19443,185523,183235,8403,24836,5300,11416,19536,16434,8403,122958,,5500,122958,122958,,42441,815,1124,41627,42441,,17184,2587,9994,14598,8907,8278,1263,,1250,1263,1263
SEN,2015,1000,,0,1000,1000,,,,,,,,1000,,0,1000,1000,,,,,,,,,,,,,,,,,,
SEN,2016,1000,,0,1000,1000,,,,,,,,1000,,0,1000,1000,,,,,,,,,,,,,,,,,,
SEN,2017,2100,,0,2100,2100,,,,,,,,2100,,0,2100,2100,,,,,,,,,,,,,,,,,,
SEN,2018,4245,,0,4245,4245,,,,,,,,4245,,0,4245,4245,,,,,,,,,,,,,,,,,,
SEN,2019,4223,,0,4223,4223,,,,,,,,4223,,0,4223,4223,,,,,,,,,,,,,,,,,,
SEN,2020,4514,187,500,4327,4514,,,,,,,,4327,,500,4327,4327,,187,187,0,,187,,,,,,,,,,,,
SEN,2021,4783,173,0,4610,4783,,,,,,,,4610,,0,4610,4610,,173,173,0,,173,,,,,,,,,,,,
SEN,2022,4656,163,0,4493,4656,,,,,,,,4493,,0,4493,4493,,163,163,0,,163,,,,,,,,,,,,
SEN,2023,4730,168,500,4561,4730,,,,,,,,4561,,500,4561,4561,,168,168,0,,168,,,,,,,,,,,,
SEN,2024,5464,158,0,5306,5464,,,,,,,,5306,,0,5306,5306,,158,158,0,,158,,,,,,,,,,,,
SEN,2025,5767,179,0,5588,5767,,,,,,,,5588,,0,5588,5588,,179,179,0,,179,,,,,,,,,,,,
SGP,2015,109380,15292,26052,94088,92254,17126,84747,5849,21590,78898,67620,17126,,,,,,,24633,9443,4462,15190,24633,,58511,3882,18456,54629,42493,16018,1544,,536,1544,1544
SGP,2016,115669,12139,32909,103531,101995,13675,92984,4622,30629,88362,79310,13675,,,,,,,22685,7516,2280,15168,22685,,61516,2647,24868,58870,48923,12594,1037,,749,1037,1037
SGP,2017,143340,12545,36736,130795,115977,27363,115688,5313,33575,110376,88325,27363,,,,,,,27652,7232,3161,20419,27652,,80447,2738,30606,77709,54145,26303,307,,0,307,307
SGP,2018,165644,12699,43998,152946,135876,29769,137072,5951,41072,131121,107304,29769,,,,,,,28572,6747,2926,21825,28572,,96581,2973,35237,93608,67655,28927,648,,109,648,648
SGP,2019,180592,13351,47604,167241,149748,30845,149392,7264,44502,142127,118547,30845,,,,,,,31201,6087,3102,25114,31201,,105578,3268,38249,102310,76178,29401,1137,,0,1137,1137
SGP,2020,185608,14499,40003,171109,161799,23809,150004,7688,35328,142316,126195,23809,,,,,,,35604,6811,4675,28793,35604,,95967,2843,29291,93123,73649,22318,1527,378,199,1149,1527
SGP,2021,205299,14421,51592,190878,177335,27965,169269,7896,45619,161373,141499,27770,,,,,,,36031,6526,5973,29505,35836,195,109746,3226,37732,106520,85145,24601,2371,371,600,2000,2371
SGP,2022,210490,13415,45023,197075,182235,28255,175793,8842,41806,166951,147592,28201,,,,,,,34697,4573,3216,30124,34643,54,121343,4050,35360,117293,94956,26387,2273,373,723,1900,2273
SGP,2023,257305,14318,61996,242987,213905,43401,223685,9774,58010,213911,180434,43251,,,,,,,33620,4544,3986,29076,33470,150,138899,5370,50673,133529,96993,41906,1649,,1149,1649,1649
SGP,2024,272731,13927,97383,258804,215866,56865,240770,9644,92063,231126,183956,56815,,,,,,,31961,4283,5319,27678,31911,50,147180,5291,75189,141888,93118,54061,650,,650,650,650
SGP,2025,287982,16343,90954,271639,223193,64789,257172,12859,86216,244313,192398,64774,,,,,,,30810,3484,4738,27325,30795,15,165425,7904,76120,157522,103540,61885,1094,,396,1094,1094
SLV,2015,5940,,0,5940,5940,,300,,0,300,300,,5640,,0,5640,5640,,,,,,,,,,,,,,,,,,
SLV,2016,5940,,0,5940,5940,,300,,0,300,300,,5640,,0,5640,5640,,,,,,,,,,,,,,,,,,
SLV,2017,6891,,0,6891,6891,,300,,0,300,300,,6241,,0,6241,6241,,350,,0,350,350,,,,,,,,,,,,
SLV,2018,6891,,800,6891,6891,,300,,0,300,300,,6241,,800,6241,6241,,350,,0,350,350,,,,,,,,,,,,
SLV,2019,7188,,300,7188,7188,,300,,300,300,300,,6538,,0,6538,6538,,350,,0,350,350,,,,,,,,,,,,
SLV,2020,7888,,0,7888,7888,,,,,,,,7538,,0,7538,7538,,350,,0,350,350,,,,,,,,,,,,
SLV,2021,7888,,0,7888,7888,,,,,,,,7538,,0,7538,7538,,350,,0,350,350,,,,,,,,,,,,
SLV,2022,7888,,1150,7888,7888,,,,,,,,7538,,800,7538,7538,,350,,350,350,350,,,,,,,,,,,,
SLV,2023,6738,,0,6738,6738,,,,,,,,6738,,0,6738,6738,,,,,,,,,,,,,,,,,,
SLV,2024,8738,,800,8738,8738,,,,,,,,8738,,800,8738,8738,,,,,,,,,,,,,,,,,,
SLV,2025,8518,,0,8518,8518,,,,,,,,7938,,0,7938,7938,,580,,0,580,580,,,,,,,,,,,,
SRB,2015,5597,,33,5597,5597,,,,,,,,5597,,33,5597,5597,,,,,,,,,,,,,,,,,,
SRB,2016,5564,,750,5564,5564,,,,,,,,5564,,750,5564,5564,,,,,,,,,,,,,,,,,,
SRB,2017,4814,,1314,4814,4814,,,,,,,,4814,,1314,4814,4814,,,,,,,,,,,,,,,,,,
SRB,2018,3500,,0,3500,3500,,,,,,,,3500,,0,3500,3500,,,,,,,,,,,,,,,,,,
SRB,2019,5241,,1500,5241,5241,,,,,,,,5241,,1500,5241,5241,,,,,,,,,,,,,,,,,,
SRB,2020,7195,,2000,7195,7195,,,,,,,,7195,,2000,7195,7195,,,,,,,,,,,,,,,,,,
SRB,2021,11005,,0,11005,11005,,,,,,,,11005,,0,11005,11005,,,,,,,,,,,,,,,,,,
SRB,2022,9600,,0,9600,9600,,,,,,,,9600,,0,9600,9600,,,,,,,,,,,,,,,,,,
SRB,2023,11860,,0,11860,11860,,,,,,,,11860,,0,11860,11860,,,,,,,,,,,,,,,,,,
SRB,2024,14643,,0,14643,14643,,,,,,,,13743,,0,13743,13743,,900,,0,900,900,,,,,,,,,,,,
SRB,2025,15950,,0,15950,15950,,,,,,,,15050,,0,15050,15050,,900,,0,900,900,,,,,,,,,,,,
SUR,2016,550,,0,550,550,,,,,,,,550,,0,550,550,,,,,,,,,,,,,,,,,,
SUR,2017,550,,0,550,550,,,,,,,,550,,0,550,550,,,,,,,,,,,,,,,,,,
SUR,2018,550,,0,550,550,,,,,,,,550,,0,550,550,,,,,,,,,,,,,,,,,,
SUR,2019,675,,0,675,675,,,,,,,,675,,0,675,675,,,,,,,,,,,,,,,,,,
SUR,2020,675,,0,675,675,,,,,,,,675,,0,675,675,,,,,,,,,,,,,,,,,,
SUR,2021,675,,0,675,675,,,,,,,,675,,0,675,675,,,,,,,,,,,,,,,,,,
SUR,2022,675,,675,675,675,,,,,,,,675,,675,675,675,,,,,,,,,,,,,,,,,,
SUR,2025,1575,,0,1575,1575,,,,,,,,1575,,0,1575,1575,,,,,,,,,,,,,,,,,,
SVK,2015,15191,10476,1575,4715,15191,,,,,,,,12064,7349,1575,4715,12064,,3128,3128,0,,3128,,,,,,,,,,,,
SVK,2016,13311,8826,1054,4485,13311,,,,,,,,10283,5798,1054,4485,10283,,3028,3028,0,,3028,,,,,,,,,,,,
SVK,2017,13395,8842,1947,4553,13395,,,,,,,,9950,5397,1570,4553,9950,,3445,3445,378,,3445,,,,,,,,,,,,
SVK,2018,11519,7365,406,4153,11519,,69,69,0,,69,,8161,4008,406,4153,8161,,3289,3289,0,,3289,,,,,,,,,,,,
SVK,2019,12661,8912,2808,3749,12661,,1753,1753,0,,1753,,7681,3932,2808,3749,7681,,3227,3227,0,,3227,,1685,1685,0,,1685,,,,,,
SVK,2020,11068,7272,3954,3796,11068,,2528,2528,0,,2528,,5023,1227,2727,3796,5023,,3517,3517,1227,,3517,,2454,2454,0,,2454,,,,,,
SVK,2021,8513,6244,1692,2269,8513,,3556,3556,0,,3556,,2269,,1692,2269,2269,,2687,2687,0,,2687,,3454,3454,0,,3454,,,,,,
SVK,2022,7511,6946,526,564,7511,,4446,4416,0,30,4446,,534,,190,534,534,,2531,2531,336,,2531,,4350,4320,0,30,4350,,,,,,
SVK,2023,9218,8854,666,364,9218,,6610,6580,553,30,6610,,334,,113,334,334,,2274,2274,0,,2274,,6511,6481,553,30,6511,,,,,,
SVK,2024,9929,9000,1112,929,9929,,6892,6862,1112,30,6892,,899,,0,899,899,,2138,2138,0,,2138,,6798,6768,1039,30,6798,,,,,,
SVK,2025,12039,10937,2009,1103,12039,,7716,7637,1786,78,7716,,1024,,223,1024,1024,,3299,3299,0,,3299,,7644,7614,1762,30,7644,,,,,,
SVN,2015,15966,6416,844,9550,15966,,1746,1446,518,300,1746,,13605,4355,0,9250,13605,,615,615,327,,615,,784,784,0,,784,,663,663,218,,663
SVN,2016,15120,5870,1687,9250,15120,,1242,1242,632,,1242,,13598,4348,1054,9250,13598,,279,279,0,,279,,759,759,632,,759,,431,431,0,,431
SVN,2017,14010,4760,2559,9250,14010,,694,694,360,,694,,12998,3748,2199,9250,12998,,318,318,0,,318,,144,144,0,,144,,490,490,360,,490
SVN,2018,11391,3141,2948,8250,11391,,405,405,0,,405,,10683,2433,2645,8250,10683,,303,303,303,,303,,137,137,0,,137,,124,124,0,,124
SVN,2019,8911,2161,109,6750,8911,,897,897,109,,897,,8014,1264,0,6750,8014,,,,,,,,270,270,0,,270,,122,122,109,,122
SVN,2020,9568,2818,1227,6750,9568,,1438,1438,0,,1438,,8130,1380,1227,6750,8130,,,,,,,,442,442,0,,442,,14,14,0,,14
SVN,2021,8672,1922,2250,6750,8672,,1327,1327,0,,1327,,7345,595,2250,6750,7345,,,,,,,,408,408,0,,408,,13,13,0,,13
SVN,2022,7190,2690,2580,4500,7190,,2130,2130,80,,2130,,5060,560,2500,4500,5060,,,,,,,,1264,1264,0,,1264,,13,13,0,,13
SVN,2023,6853,3853,2796,3000,6853,,3273,3273,796,,3273,,3580,580,2000,3000,3580,,,,,,,,2304,2304,796,,2304,,13,13,0,,13
SVN,2024,5621,4303,904,1319,5621,,3758,3758,904,,3758,,1864,545,0,1319,1864,,,,,,,,2561,2561,540,,2561,,12,12,0,,12
SVN,2025,6525,5008,294,1517,6525,,4391,4391,294,,4391,,2134,617,0,1517,2134,,,,,,,,3331,3331,0,,3331,,14,14,0,,14
SWE,2015,460545,55515,106785,405030,425635,34909,331354,33127,79408,298227,309725,21629,66612,11076,19948,55536,55341,11270,62579,11312,7428,51267,60569,2010,201287,11919,49521,189368,183031,18256,272,,272,272,272
SWE,2016,451599,48763,115658,402836,427387,24212,327941,26536,86274,301405,308059,19882,57897,10567,19017,47329,56283,1614,65761,11660,10367,54101,63045,2716,196390,8141,53852,188249,180087,16303,,,,,
SWE,2017,492067,57972,113150,434096,456239,35828,352794,29194,89644,323601,320970,31825,53972,12773,14767,41200,52860,1113,85300,16005,8739,69295,82409,2891,204544,8025,52308,196519,178552,25992,,,,,
SWE,2018,477733,56326,117493,421407,452675,25058,343745,27536,88234,316210,321432,22313,46593,11904,15248,34689,46243,350,87395,16887,14010,70509,85000,2395,194479,7761,50958,186718,175804,18675,,,,,
SWE,2019,451827,60287,115217,391539,425731,26095,320158,29070,89255,291088,297949,22209,36230,12970,10808,23260,35790,440,95439,18247,15154,77192,91993,3446,173695,7971,51450,165724,155409,18286,,,,,
SWE,2020,488540,78250,137784,410290,448016,40524,332384,31312,104135,301071,299025,33359,44247,20907,12765,23340,40201,4046,111910,26031,20884,85879,108790,3120,173262,7244,64891,166018,146945,26317,,,,,
SWE,2021,434740,71189,125030,363551,394122,40618,295207,30334,96327,264873,261026,34181,30142,16632,9683,13509,29572,570,109392,24223,19020,85168,103525,5867,150149,7919,55849,142231,121177,28973,,,,,
SWE,2022,396806,61748,102192,335058,365153,31653,271261,25216,77580,246045,246857,24404,20608,14377,5342,6230,20153,455,104937,22154,19269,82783,98143,6795,134006,6755,41323,127251,113168,20838,,,,,
SWE,2023,420433,61500,108898,358933,375381,45053,293238,24413,82890,268825,258169,35069,23709,15198,7731,8511,17944,5765,103486,21890,18276,81597,99267,4219,151080,6667,42484,144412,122204,28876,281,,0,281,281
SWE,2024,388817,55344,110112,333472,346588,42229,267126,22064,80700,245062,234311,32816,29426,15248,11688,14178,20489,8938,92264,18032,17724,74232,91788,476,139866,6064,41769,133803,115020,24847,274,,0,274,274
SWE,2025,454693,69510,132068,385184,394056,60637,315391,31300,98133,284091,267837,47554,43008,19227,16848,23781,30419,12589,96294,18983,17088,77312,95800,494,174468,9005,58952,165463,135760,38708,286,,286,286,286
SYC,2015,169,,0,169,169,,,,,,,,169,,0,169,169,,,,,,,,,,,,,,,,,,
SYC,2016,169,,0,169,169,,,,,,,,169,,0,169,169,,,,,,,,,,,,,,,,,,
SYC,2017,169,,0,169,169,,,,,,,,169,,0,169,169,,,,,,,,,,,,,,,,,,
SYC,2018,169,,0,169,169,,,,,,,,169,,0,169,169,,,,,,,,,,,,,,,,,,
SYC,2019,169,,0,169,169,,,,,,,,169,,0,169,169,,,,,,,,,,,,,,,,,,
SYC,2020,169,,0,169,169,,,,,,,,169,,0,169,169,,,,,,,,,,,,,,,,,,
SYC,2021,169,,0,169,169,,,,,,,,169,,0,169,169,,,,,,,,,,,,,,,,,,
SYC,2022,169,,0,169,169,,,,,,,,169,,0,169,169,,,,,,,,,,,,,,,,,,
SYC,2023,169,,0,169,169,,,,,,,,169,,0,169,169,,,,,,,,,,,,,,,,,,
SYC,2024,169,,0,169,169,,,,,,,,169,,0,169,169,,,,,,,,,,,,,,,,,,
SYC,2025,169,,169,169,169,,,,,,,,169,,169,169,169,,,,,,,,,,,,,,,,,,
SYR,2020,174,,174,174,174,,,,,,,,,,,,,,174,,174,174,174,,,,,,,,,,,,
TCA,2015,260,260,170,,260,,,,,,,,170,170,170,,170,,90,90,0,,90,,,,,,,,,,,,
TCA,2016,135,135,0,,135,,,,,,,,,,,,,,135,135,0,,135,,,,,,,,,,,,
TCA,2017,135,135,0,,135,,,,,,,,,,,,,,135,135,0,,135,,,,,,,,,,,,
TCA,2018,135,135,0,,135,,,,,,,,,,,,,,135,135,0,,135,,,,,,,,,,,,
TCA,2019,135,135,0,,135,,,,,,,,,,,,,,135,135,0,,135,,,,,,,,,,,,
TCA,2020,165,165,0,,165,,,,,,,,,,,,,,165,165,0,,165,,,,,,,,,,,,
TCA,2021,165,165,0,,165,,,,,,,,,,,,,,165,165,0,,165,,,,,,,,,,,,
TCA,2022,165,165,0,,165,,,,,,,,,,,,,,165,165,0,,165,,,,,,,,,,,,
TCA,2023,165,165,0,,165,,,,,,,,,,,,,,165,165,0,,165,,,,,,,,,,,,
TCA,2024,165,165,0,,165,,,,,,,,,,,,,,165,165,0,,165,,,,,,,,,,,,
TCA,2025,165,165,0,,165,,,,,,,,,,,,,,165,165,0,,165,,,,,,,,,,,,
TGO,2019,950,,0,950,950,,950,,0,950,950,,,,,,,,,,,,,,950,,0,950,950,,,,,,
TGO,2020,950,,0,950,950,,950,,0,950,950,,,,,,,,,,,,,,950,,0,950,950,,,,,,
TGO,2021,1300,,0,1300,1300,,1300,,0,1300,1300,,,,,,,,,,,,,,1300,,0,1300,1300,,,,,,
TGO,2022,1300,,0,1300,1300,,1300,,0,1300,1300,,,,,,,,,,,,,,1300,,0,1300,1300,,,,,,
TGO,2023,1300,,950,1300,1300,,1300,,950,1300,1300,,,,,,,,,,,,,,1300,,950,1300,1300,,,,,,
TGO,2024,750,,0,750,750,,750,,0,750,750,,,,,,,,,,,,,,750,,0,750,750,,,,,,
TGO,2025,875,,0,875,875,,875,,0,875,875,,,,,,,,,,,,,,875,,0,875,875,,,,,,
THA,2015,9408,2038,500,7370,9308,100,2891,1761,400,1131,2891,,100,,100,100,,100,6417,277,0,6139,6417,,743,,350,743,743,,424,69,50,355,424
THA,2016,10706,2053,3039,8653,10451,255,3075,1774,1726,1301,3075,,255,,255,255,,255,7376,279,1058,7096,7376,,813,,0,813,813,,525,70,50,455,525
THA,2017,13169,413,1327,12755,13039,130,4062,107,197,3955,4062,,130,,130,130,,130,8977,307,1000,8670,8977,,833,,92,833,833,,602,77,75,525,602
THA,2018,16929,386,2247,16542,16929,,6647,77,1648,6570,6647,,,,,,,,10281,309,599,9972,10281,,1132,,0,1132,1132,,527,77,0,450,527
THA,2019,18299,84,422,18215,18299,,8173,84,242,8089,8173,,,,,,,,10125,,180,10125,10125,,1634,,0,1634,1634,,534,84,180,450,534
THA,2020,21531,84,900,21448,21531,,10838,84,300,10754,10838,,,,,,,,10694,,600,10694,10694,,1991,,300,1991,1991,,354,84,0,270,354
THA,2021,23324,75,2422,23249,23324,,12833,75,681,12758,12833,,,,,,,,10491,,1741,10491,10491,,2744,,65,2744,2744,,345,75,120,270,345
THA,2022,23603,72,3929,23531,23603,,15062,72,867,14990,15062,,,,,,,,8541,,3062,8541,8541,,2992,,300,2992,2992,,222,72,0,150,222
THA,2023,19422,73,750,19350,19422,,13904,73,750,13832,13904,,,,,,,,5518,,0,5518,5518,,2856,,300,2856,2856,,223,73,150,150,223
THA,2024,17886,73,443,17813,17886,,12571,73,443,12499,12571,,,,,,,,5315,,0,5315,5315,,3069,,443,3069,3069,,73,73,0,,73
THA,2025,19370,79,988,19291,19370,,13740,79,240,13661,13740,,,,,,,,5630,,748,5630,5630,,2700,,240,2700,2700,,79,79,0,,79
TJK,2017,500,,0,500,500,,,,,,,,500,,0,500,500,,,,,,,,,,,,,,,,,,
TJK,2018,500,,0,500,500,,,,,,,,500,,0,500,500,,,,,,,,,,,,,,,,,,
TJK,2019,500,,0,500,500,,,,,,,,500,,0,500,500,,,,,,,,,,,,,,,,,,
TJK,2020,500,,0,500,500,,,,,,,,500,,0,500,500,,,,,,,,,,,,,,,,,,
TJK,2021,500,,0,500,500,,,,,,,,500,,0,500,500,,,,,,,,,,,,,,,,,,
TJK,2022,500,,0,500,500,,,,,,,,500,,0,500,500,,,,,,,,,,,,,,,,,,
TJK,2023,500,,0,500,500,,,,,,,,500,,0,500,500,,,,,,,,,,,,,,,,,,
TJK,2024,500,,0,500,500,,,,,,,,500,,0,500,500,,,,,,,,,,,,,,,,,,
TJK,2025,500,,0,500,500,,,,,,,,500,,0,500,500,,,,,,,,,,,,,,,,,,
TTO,2015,3050,,100,3050,3050,,100,,100,100,100,,950,,0,950,950,,2000,,0,2000,2000,,,,,,,,,,,,
TTO,2016,4550,,0,4550,4550,,,,,,,,1950,,0,1950,1950,,2600,,0,2600,2600,,,,,,,,,,,,
TTO,2017,4550,,0,4550,4550,,,,,,,,1950,,0,1950,1950,,2600,,0,2600,2600,,,,,,,,,,,,
TTO,2018,4550,,850,4550,4550,,,,,,,,1950,,0,1950,1950,,2600,,850,2600,2600,,,,,,,,,,,,
TTO,2019,4300,,250,4300,4300,,,,,,,,1950,,250,1950,1950,,2350,,0,2350,2350,,,,,,,,,,,,
TTO,2020,4550,,0,4550,4550,,,,,,,,2200,,0,2200,2200,,2350,,0,2350,2350,,,,,,,,,,,,
TTO,2021,4550,,750,4550,4550,,,,,,,,2200,,0,2200,2200,,2350,,750,2350,2350,,,,,,,,,,,,
TTO,2022,4800,,0,4800,4800,,,,,,,,2200,,0,2200,2200,,2600,,0,2600,2600,,,,,,,,,,,,
TTO,2023,5360,,550,5360,5360,,,,,,,,2760,,550,2760,2760,,2600,,0,2600,2600,,,,,,,,,,,,
TTO,2024,5560,,600,5560,5560,,,,,,,,2960,,0,2960,2960,,2600,,600,2600,2600,,,,,,,,,,,,
TTO,2025,5985,,1000,5985,5985,,,,,,,,3460,,1000,3460,3460,,2525,,0,2525,2525,,,,,,,,,,,,
TUN,2015,4461,,0,4461,4461,,2961,,0,2961,2961,,1500,,0,1500,1500,,,,,,,,,,,,,,,,,,
TUN,2016,4987,,585,4987,4987,,3487,,585,3487,3487,,1500,,0,1500,1500,,,,,,,,,,,,,,,,,,
TUN,2017,6619,,0,6619,6619,,5119,,0,5119,5119,,1500,,0,1500,1500,,,,,,,,,,,,,,,,,,
TUN,2018,7071,,485,7071,7071,,4998,,485,4998,4998,,2073,,0,2073,2073,,,,,,,,,,,,,,,,,,
TUN,2019,8139,,449,8139,8139,,4504,,449,4504,4504,,3634,,0,3634,3634,,,,,,,,,,,,,,,,,,
TUN,2020,8051,,1000,8051,8051,,4220,,500,4220,4220,,3831,,500,3831,3831,,,,,,,,,,,,,,,,,,
TUN,2021,6632,,1217,6632,6632,,3480,,1217,3480,3480,,3152,,0,3152,3152,,,,,,,,,,,,,,,,,,
TUN,2022,5087,,703,5087,5087,,2061,,170,2061,2061,,3027,,533,3027,3027,,,,,,,,,,,,,,,,,,
TUN,2023,4414,,1293,4414,4414,,1867,,1293,1867,1867,,2547,,0,2547,2547,,,,,,,,,,,,,,,,,,
TUN,2024,2987,,1000,2987,2987,,532,,0,532,532,,2454,,1000,2454,2454,,,,,,,,,,,,,,,,,,
TUN,2025,2178,,1645,2178,2178,,533,,0,533,533,,1645,,1645,1645,1645,,,,,,,,,,,,,,,,,,
TUR,2015,107736,600,7673,107136,105832,1904,41856,600,4526,41256,39952,1904,58735,,3147,58735,58735,,7145,,0,7145,7145,,32208,257,3846,31951,30304,1904,6421,,507,6421,6421
TUR,2016,117534,611,7653,116923,116728,807,48235,554,4349,47680,47428,807,60997,,3304,60997,60997,,8303,57,0,8246,8303,,37319,270,2406,37048,36512,807,7914,,1264,7914,7914
TUR,2017,139939,2349,15685,137590,139078,861,61529,2296,7935,59233,60668,861,68818,,6250,68818,68818,,9592,53,1500,9539,9592,,51280,2032,6991,49247,50419,861,7378,,0,7378,7378
TUR,2018,138356,2034,16859,136323,137643,714,59724,1996,11890,57728,59011,714,70090,,4431,70090,70090,,8542,38,538,8504,8542,,49479,1841,9342,47638,48765,714,7378,,2000,7378,7378
TUR,2019,142300,2265,12511,140036,141745,555,55012,2265,5629,52748,54457,555,76747,,4757,76747,76747,,10541,,2125,10541,10541,,47333,2127,4683,45206,46778,555,5378,,750,5378,5378
TUR,2020,148161,1721,17469,146439,147269,892,56183,1721,10510,54462,55291,892,82761,,6280,82761,82761,,9217,,679,9217,9217,,48712,1611,8010,47100,47820,892,5378,,2500,5378,5378
TUR,2021,147376,936,19209,146440,146936,439,49368,936,12428,48433,48929,439,85668,,6282,85668,85668,,12339,,500,12339,12339,,42390,875,10028,41515,41951,439,4228,,1400,4228,4228
TUR,2022,139159,528,15712,138632,138299,861,36856,528,7926,36328,35996,861,90037,,5817,90037,90037,,12266,,1970,12266,12266,,32296,484,6466,31812,31435,861,2828,,500,2828,2828
TUR,2023,144989,205,21423,144784,141903,3087,38126,205,10059,37920,35039,3087,95025,,9664,95025,95025,,11839,,1700,11839,11839,,33535,178,10059,33357,30448,3087,3828,,0,3828,3828
TUR,2024,174856,66,32689,174790,164182,10673,58116,66,16542,58051,47443,10673,99079,,13748,99079,99079,,17660,,2400,17660,17660,,50286,43,15327,50243,39613,10673,7012,,1184,7012,7012
TUR,2025,204940,145,41195,204795,193725,11215,85540,145,27738,85394,74325,11215,100275,,10512,100275,100275,,19126,,2944,19126,19126,,73559,126,24236,73432,62423,11136,9938,,2476,9938,9938
TZA,2015,600,,0,600,600,,,,,,,,600,,0,600,600,,,,,,,,,,,,,,,,,,
TZA,2016,600,,0,600,600,,,,,,,,600,,0,600,600,,,,,,,,,,,,,,,,,,
TZA,2017,600,,0,600,600,,,,,,,,600,,0,600,600,,,,,,,,,,,,,,,,,,
TZA,2018,600,,0,600,600,,,,,,,,600,,0,600,600,,,,,,,,,,,,,,,,,,
TZA,2019,600,,600,600,600,,,,,,,,600,,600,600,600,,,,,,,,,,,,,,,,,,
UKR,2015,5427,,680,5427,5427,,1605,,180,1605,1605,,2772,,0,2772,2772,,1050,,500,1050,1050,,1575,,150,1575,1575,,30,,30,30,30
UKR,2016,5729,,600,5729,5729,,1425,,50,1425,1425,,3754,,0,3754,3754,,550,,550,550,550,,1425,,50,1425,1425,,,,,,
UKR,2017,8162,,962,8162,8162,,1375,,175,1375,1375,,6787,,787,6787,6787,,,,,,,,1375,,175,1375,1375,,,,,,
UKR,2018,9348,148,1000,9200,9348,,1348,148,0,1200,1348,,8000,,1000,8000,8000,,,,,,,,1200,,0,1200,1200,,,,,,
UKR,2019,11956,174,1000,11782,11956,,1474,174,0,1300,1474,,8473,,1000,8473,8473,,2009,,0,2009,2009,,1200,,0,1200,1200,,,,,,
UKR,2020,15726,143,1143,15582,15726,,1443,143,143,1300,1443,,11711,,1000,11711,11711,,2571,,0,2571,2571,,1200,,0,1200,1200,,,,,,
UKR,2021,17388,,1015,17388,17388,,1300,,0,1300,1300,,11748,,0,11748,11748,,4340,,1015,4340,4340,,1200,,0,1200,1200,,,,,,
UKR,2022,16225,,700,16225,16225,,1300,,700,1300,1300,,11600,,0,11600,11600,,3325,,0,3325,3325,,1200,,700,1200,1200,,,,,,
UKR,2023,15611,,1250,15611,15611,,600,,0,600,600,,11686,,750,11686,11686,,3325,,500,3325,3325,,500,,0,500,500,,,,,,
UKR,2024,14213,,1000,14213,14213,,600,,500,600,600,,10788,,0,10788,10788,,2825,,500,2825,2825,,500,,500,500,500,,,,,,
UKR,2025,13519,,2800,13519,13519,,100,,0,100,100,,11094,,1175,11094,11094,,2325,,1625,2325,2325,,,,,,,,,,,,
URY,2015,14964,2054,330,12911,14964,,0,,0,0,0,,14953,2054,329,12900,14953,,11,,1,11,11,,,,,,,,,,,,
URY,2016,15839,2097,629,13742,15839,,0,,0,0,0,,15829,2097,619,13732,15829,,10,,10,10,10,,,,,,,,,,,,
URY,2017,19631,6496,579,13135,19631,,0,,0,0,0,,19631,6496,579,13135,19631,,,,,,,,,,,,,,,,,,
URY,2018,20146,5255,66,14891,20146,,0,,0,0,0,,20146,5255,66,14891,20146,,,,,,,,,,,,,,,,,,
URY,2019,20638,4559,0,16079,20638,,0,,0,0,0,,20638,4559,0,16079,20638,,,,,,,,,,,,,,,,,,
URY,2020,22137,5638,388,16499,22137,,0,,0,0,0,,22137,5638,388,16499,22137,,,,,,,,,,,,,,,,,,
URY,2021,23609,6489,3194,17119,23609,,,,,,,,23609,6489,3194,17119,23609,,,,,,,,,,,,,,,,,,
URY,2022,22457,5684,0,16773,22457,,,,,,,,22448,5684,0,16764,22448,,9,,0,9,9,,,,,,,,,,,,
URY,2023,24514,7067,2263,17448,24514,,,,,,,,24505,7067,2263,17439,24505,,9,,0,9,9,,,,,,,,,,,,
URY,2024,24592,7832,500,16760,24592,,,,,,,,24592,7832,500,16760,24592,,,,,,,,,,,,,,,,,,
URY,2025,28484,10224,3,18261,28484,,,,,,,,28484,10224,3,18261,28484,,,,,,,,,,,,,,,,,,
USA,2015,2257370,1620325,275944,637045,2232356,25014,1811906,1380328,234492,431579,1798405,13502,4592,4157,243,435,4592,,440871,235840,41209,205031,429359,11512,543379,257706,81987,285673,541611,1768,9862,9605,4605,257,9862
USA,2016,2331338,1650290,349713,681048,2302123,29215,1828879,1402548,300829,426331,1815468,13411,4484,4063,271,422,4484,,497974,243679,48613,254295,482170,15804,589220,295656,101381,293564,588100,1120,8981,8500,4950,481,8981
USA,2017,2409281,1576669,262423,832612,2380752,28530,1780595,1307101,207940,473493,1765183,15412,4410,3931,300,480,4410,,624276,265637,54183,358639,611158,13118,619057,297309,86513,321747,616345,2712,4056,3550,231,506,4056
USA,2018,2332129,1526182,317557,805946,2301182,30947,1685980,1241806,245548,444175,1670679,15302,4215,3757,333,458,4215,,641933,280619,71676,361314,626288,15645,566486,273446,85749,293040,563761,2726,3832,3550,3500,282,3832
USA,2019,2344735,1453406,248556,891329,2313589,31145,1626223,1141953,156677,484270,1608351,17871,3985,3535,366,449,3985,,714528,307918,91514,406610,701253,13274,547164,242561,55621,304603,544412,2752,336,50,286,286,336
USA,2020,2435341,1453067,237744,982274,2418781,16560,1645281,1104010,172346,541271,1633013,12267,3792,3260,369,531,3792,,786269,345797,65029,440472,781976,4293,560480,224122,75300,336358,558281,2199,50,50,0,,50
USA,2021,2443405,1502906,225357,940499,2421613,21792,1630021,1112586,161267,517436,1613176,16845,3455,2961,0,494,3455,,809929,387360,64090,422570,804982,4947,525126,209870,73378,315256,522198,2928,50,50,0,,50
USA,2022,2395917,1510754,204461,885163,2368299,27618,1626990,1127028,130713,499962,1605899,21091,3500,3035,369,465,3500,,765427,380691,73380,384735,758900,6527,507751,202842,45146,304909,500925,6826,50,50,0,,50
USA,2023,2436802,1515444,241090,921358,2406641,30161,1659574,1139303,148368,520271,1637487,22088,3200,2719,811,481,3200,,774028,373422,91911,400606,765955,8073,501312,202526,59835,298786,495581,5731,50,50,0,,50
USA,2024,2481868,1613741,249176,868127,2452776,29092,1725607,1220347,136476,505261,1701653,23954,2829,2377,369,451,2829,,753432,391017,112332,362415,748294,5138,475447,200098,53245,275349,467609,7838,461,50,0,411,461
USA,2025,2895322,1835190,291598,1060132,2860823,34499,2055471,1428143,170840,627328,2027889,27582,2517,2009,9,508,2517,,837333,405038,120748,432295,830416,6917,523374,202629,55743,320746,515126,8248,479,50,143,429,479
UZB,2019,1300,,0,1300,1300,,300,,0,300,300,,1000,,0,1000,1000,,,,,,,,300,,0,300,300,,,,,,
UZB,2020,3583,573,0,3010,3583,,600,,0,600,600,,2683,573,0,2110,2683,,300,,0,300,300,,300,,0,300,300,,300,,0,300,300
UZB,2021,5256,785,0,4471,5256,,600,,0,600,600,,3356,785,0,2571,3356,,1300,,0,1300,1300,,300,,0,300,300,,300,,0,300,300
UZB,2022,5175,757,356,4418,5175,,600,,0,600,600,,3275,757,356,2518,3275,,1300,,0,1300,1300,,300,,0,300,300,,300,,0,300,300
UZB,2023,6612,547,971,6065,6612,,700,,300,700,700,,4612,547,671,4065,4612,,1300,,0,1300,1300,,400,,300,400,400,,300,,0,300,300
UZB,2024,9460,1005,600,8455,9460,,1838,338,300,1500,1838,,5216,561,0,4655,5216,,2406,106,300,2300,2406,,554,54,0,500,554,,709,109,300,600,709
UZB,2025,14311,2356,712,11954,14311,,2342,542,58,1800,2342,,7455,1601,353,5854,7455,,4514,214,300,4300,4514,,912,112,58,800,912,,842,242,0,600,842
VEN,2015,49643,,1900,49643,49643,,649,,0,649,649,,32050,,1500,32050,32050,,16944,,400,16944,16944,,,,,,,,,,,,
VEN,2016,53068,,6008,53068,53068,,649,,8,649,649,,30550,,0,30550,30550,,21869,,6000,21869,21869,,,,,,,,,,,,
VEN,2017,47060,,2150,47060,47060,,641,,0,641,641,,30550,,1500,30550,30550,,15869,,650,15869,15869,,,,,,,,,,,,
VEN,2018,44910,,2500,44910,44910,,641,,0,641,641,,29050,,2500,29050,29050,,15219,,0,15219,15219,,,,,,,,,,,,
VEN,2019,42410,,7341,42410,42410,,641,,516,641,641,,26550,,1500,26550,26550,,15219,,5325,15219,15219,,,,,,,,,,,,
VEN,2020,35069,,2394,35069,35069,,125,,0,125,125,,25050,,0,25050,25050,,9894,,2394,9894,9894,,,,,,,,,,,,
VEN,2021,32675,,6075,32675,32675,,125,,75,125,125,,25050,,3000,25050,25050,,7500,,3000,7500,7500,,,,,,,,,,,,
VEN,2022,26600,,2000,26600,26600,,50,,0,50,50,,22050,,2000,22050,22050,,4500,,0,4500,4500,,,,,,,,,,,,
VEN,2023,24600,,2500,24600,24600,,50,,0,50,50,,20050,,2500,20050,20050,,4500,,0,4500,4500,,,,,,,,,,,,
VEN,2024,22100,,1600,22100,22100,,50,,0,50,50,,17550,,1600,17550,17550,,4500,,0,4500,4500,,,,,,,,,,,,
VEN,2025,20500,,3000,20500,20500,,50,,0,50,50,,15950,,3000,15950,15950,,4500,,0,4500,4500,,,,,,,,,,,,
VNM,2015,4136,137,1478,3999,4136,,465,,197,465,465,,3129,,876,3129,3129,,542,137,405,405,542,,30,,12,30,30,,250,,0,250,250
VNM,2016,2689,135,402,2553,2689,,301,,266,301,301,,2253,,0,2253,2253,,135,135,135,,135,,19,,16,19,19,,250,,250,250,250
VNM,2017,2291,,39,2291,2291,,39,,39,39,39,,2253,,0,2253,2253,,,,,,,,3,,3,3,3,,,,,,
VNM,2018,3017,,0,3017,3017,,234,,0,234,234,,2253,,0,2253,2253,,530,,0,530,530,,,,,,,,,,,,
VNM,2019,3996,,1000,3996,3996,,1213,,0,1213,1213,,2253,,1000,2253,2253,,530,,0,530,530,,300,,0,300,300,,,,,,
VNM,2020,3376,,530,3376,3376,,1513,,0,1513,1513,,1253,,0,1253,1253,,610,,530,610,610,,600,,0,600,600,,,,,,
VNM,2021,4427,,307,4427,4427,,1813,,300,1813,1813,,1253,,0,1253,1253,,1362,,7,1362,1362,,600,,300,600,600,,,,,,
VNM,2022,4226,,540,4226,4226,,1513,,534,1513,1513,,1253,,0,1253,1253,,1461,,6,1461,1461,,300,,300,300,300,,,,,,
VNM,2023,3936,,1000,3936,3936,,978,,0,978,978,,1253,,1000,1253,1253,,1705,,0,1705,1705,,,,,,,,,,,,
VNM,2024,3086,,80,3086,3086,,978,,0,978,978,,253,,0,253,253,,1855,,80,1855,1855,,,,,,,,,,,,
VNM,2025,3657,,1575,3657,3657,,1278,,300,1278,1278,,253,,0,253,253,,2126,,1275,2126,2126,,300,,0,300,300,,,,,,
ZAF,2015,29084,2541,4282,26543,28722,362,6015,912,1665,5103,5653,362,12001,,817,12001,12001,,11068,1629,1801,9439,11068,,3478,79,1560,3399,3116,362,64,64,0,,64
ZAF,2016,30862,2956,1822,27906,30862,,5552,1035,905,4517,5552,,15424,,141,15424,15424,,9886,1921,776,7965,9886,,2418,90,796,2328,2418,,73,73,0,,73
ZAF,2017,33288,2608,2118,30680,33262,27,5332,1033,281,4300,5306,27,17866,,0,17866,17866,,10090,1575,1837,8515,10090,,2246,100,281,2147,2220,27,81,81,0,,81
ZAF,2018,36620,1987,2476,34633,36608,12,6180,887,200,5293,6167,12,19845,,2000,19845,19845,,10595,1100,276,9495,10595,,2834,86,200,2748,2821,12,70,70,0,,70
ZAF,2019,40186,2073,4170,38113,39999,187,6869,926,2135,5943,6683,187,22838,,2000,22838,22838,,10478,1147,36,9331,10478,,3475,88,1635,3387,3289,187,71,71,0,,71
ZAF,2020,36991,2125,3809,34866,36779,213,5328,878,933,4450,5115,213,20905,,291,20905,20905,,10759,1247,2585,9512,10759,,2355,74,228,2281,2185,170,68,68,0,,68
ZAF,2021,34312,1774,3185,32538,34175,137,5133,899,1207,4234,4997,137,20566,,1000,20566,20566,,8612,875,978,7737,8612,,2829,68,207,2761,2692,137,63,63,0,,63
ZAF,2022,34765,1643,2399,33122,34713,52,4521,845,989,3676,4469,52,22533,,0,22533,22533,,7711,797,1410,6913,7711,,2902,64,564,2838,2850,52,359,59,0,300,359
ZAF,2023,45159,1504,8508,43655,38237,6923,14786,771,7005,14015,7863,6923,22553,,1500,22553,22553,,7821,733,3,7088,7821,,13653,50,6967,13603,6730,6923,354,54,0,300,354
ZAF,2024,40205,1511,5391,38693,39824,381,7998,744,1089,7254,7617,381,24519,,2000,24519,24519,,7687,767,2301,6920,7687,,6907,49,628,6858,6526,381,353,53,300,300,353
ZAF,2025,42061,1507,3980,40554,40582,1479,10451,691,2143,9760,8972,1479,26087,,1837,26087,26087,,5523,816,0,4707,5523,,9616,7,2073,9608,8197,1419,60,60,0,,60
ZMB,2015,4250,,0,4250,4250,,,,,,,,4250,,0,4250,4250,,,,,,,,,,,,,,,,,,
ZMB,2016,4250,,0,4250,4250,,,,,,,,4250,,0,4250,4250,,,,,,,,,,,,,,,,,,
ZMB,2017,4250,,0,4250,4250,,,,,,,,4250,,0,4250,4250,,,,,,,,,,,,,,,,,,
ZMB,2018,4250,,0,4250,4250,,,,,,,,4250,,0,4250,4250,,,,,,,,,,,,,,,,,,
ZMB,2019,4250,,0,4250,4250,,,,,,,,4250,,0,4250,4250,,,,,,,,,,,,,,,,,,
ZMB,2020,4250,,0,4250,4250,,,,,,,,4250,,0,4250,4250,,,,,,,,,,,,,,,,,,
ZMB,2021,4250,,750,4250,4250,,,,,,,,4250,,750,4250,4250,,,,,,,,,,,,,,,,,,
ZMB,2022,3500,,0,3500,3500,,,,,,,,3500,,0,3500,3500,,,,,,,,,,,,,,,,,,
ZMB,2023,3500,,1000,3500,3500,,,,,,,,3500,,1000,3500,3500,,,,,,,,,,,,,,,,,,
ZMB,2024,2500,,0,2500,2500,,,,,,,,2500,,0,2500,2500,,,,,,,,,,,,,,,,,,
ZMB,2025,2500,,1250,2500,2500,,,,,,,,2500,,1250,2500,2500,,,,,,,,,,,,,,,,,,
