iso3,year,currency,total_assets,claims_nonresidents,claims_central_bank,currency_held,reserve_deposits,other_claims_central_bank,claims_central_gov,claims_local_gov,claims_public_firms,claims_private,claims_other_financial,claims_other_sectors,transferable_deposits,other_deposits,deposits_excluded,securities_broad_money,securities_excluded,loans,insurance_reserves,derivatives,shares_equity,liab_central_bank,liab_central_gov,liab_nonresidents,net_foreign_assets,other_items_net
AFG,2015,XDC,279984.614,96081.495,100892.386,6035.69,66301.323,28555.373,25.641,0,94.413,46340.108,175.684,46610.205,185055.872,24893.993,0,0,0,2099.194,0,0,24497.264,500,4552.85,9510.932,86570.563,-7500.377
AFG,2016,XDC,309068.306,104000.654,125007.816,7303.297,78047.749,39656.77,27.271,0,94.413,46175.049,196.94,46466.402,200404.733,31519.156,0,0,0,1909.194,0,0,33884.113,0,4196.914,11070.397,92930.257,-7482.364
AFG,2017,XDC,326781.726,103430.325,148167.773,8127.335,104422.764,35617.675,13.446,0,94.413,47695.477,204.809,47994.698,208462.129,36755.787,0,0,0,1963.401,0,0,35592.893,0,7843.936,17070.067,86360.258,-8081.971
AFG,2018,XDC,326942.463,127311.834,122630.223,8294.212,79844.747,34491.264,13.718,0,94.413,45700.787,190.944,45986.143,218414.413,32276.895,0,0,0,1598.401,0,0,34446.501,0,8202.224,13207.889,114103.946,-12204.404
AFG,2019,XDC,325234.239,124103.225,119361.164,9410.322,83305.557,26645.285,13.801,0,477.451,46638.307,329.623,47445.381,217606.597,31003.336,0,0,0,1208.401,0,0,36214.146,0,7390.573,10297.584,113805.641,-12797.065
AFG,2020,XDC,350215.632,120448.056,144738.112,10196.086,87189.331,47352.695,8.307,0,162.61,45960.145,10.304,46133.059,238771.268,34302.299,0,0,0,864.562,0,0,37731.696,0,5535.052,9373.79,111074.266,-15251.131
AGO,2015,XDC,8955042.446,629090.98,1403446.541,138886.38,1150953.103,113607.058,2338123.374,0.017,81979.157,3349573.075,33047.661,3464599.91,3039119.546,2284003.249,0,8074.897,0,115700.493,0,3840.154,880708.724,135787.547,848595.713,419699.527,209391.453,99730.96
AGO,2016,XDC,10697920.731,733024.741,1286364.952,110271.019,1131656.33,44437.602,3247777.857,0.003,84588.106,3300120.762,4852.819,3389561.69,3416124.364,2665578.111,0,3754.557,0,202148.165,0,12250.775,1113801.251,348342.23,974075.05,402688.449,330336.291,-482033.718
AGO,2017,XDC,10911793.464,658173.432,1284481.068,108980.822,1113473.74,62026.506,3722253.027,0.006,103199.056,3225762.076,9439.284,3338400.422,3313426.827,2785597.101,0,3968.351,0,0,0,1.157,1338373.432,404762.941,938422.923,431908.874,226264.559,-213153.658
AGO,2018,XDC,13710758.556,1378589.526,1419703.546,125354.809,1210117.95,84230.787,4683860.484,0,96788.917,3544908.627,12986.426,3654683.971,3713810.234,3757762.948,0,9382.637,0,1995.89,0,27.828,1663775.462,280217.177,1187958.061,687032.465,691557.061,-165125.167
AGO,2019,XDC,18390300.911,1828532.524,2024102.69,121017.186,1726002.182,177083.322,5369173.628,41.391,152259.203,4324190.606,11364.471,4487855.67,4520366.783,5275045.778,0,4745.97,0,5336.338,0,18330.259,1485014.139,292471.171,1688033.448,511644.671,1316887.852,-91324.045
AGO,2020,XDC,21723778.036,2238262.722,2286671.143,144511.506,1873333.927,268825.71,7326741.277,12.492,131788.174,3939175.344,210845.052,4281821.061,5939266.306,6353875.127,0,4745.97,0,81.079,0,3978.187,1711131.656,370461.452,1450852.839,710419.763,1527842.959,-411316.175
AGO,2021,XDC,20525874.113,1698435.433,3456134.832,166799.822,2632647.873,656687.137,6012234.788,8.951,119704.794,4132814.17,262118.065,4514645.98,5318626.394,5792831.973,0,5065.704,0,0.001,0,29.406,1598086.514,297510.617,1908147.905,654522.818,1043912.615,106629.702
AGO,2022,XDC,20654946.5,1617277.963,4305473.295,163333.977,3018377.996,1123761.322,5836913.422,4.752,91265.933,3932788.043,285324.688,4309383.416,5282123.03,5578898.611,2.421,0,0,5562.591,0,973.099,2693403.922,331729.398,2365898.092,442626.878,1174651.085,-632169.945
AGO,2023,XDC,24487478.429,2578945.549,5103231.351,154739.162,3234178.837,1714313.352,7623743.989,2.486,340830.348,5115333.624,330008.835,5786175.293,8021479.273,6958184.856,0,0,0,7156.124,0,29.406,2621133.845,308598.361,2303814.44,622462.803,1956482.746,249237.074
AGO,2024,XDC,25714401.867,2561732.961,5286535.73,230893.817,3668410.638,1387231.275,7102905.274,2.494,333476.722,6454797.742,741976.96,7530253.917,8416307.924,7325913.09,0,0,0,3.299,0,29.406,2930558.055,644661.665,1855007.987,696036.044,1865696.918,612910.411
AGO,2025,XDC,28251113.47,2835686.901,4221513.219,283557.601,3482536.995,455418.622,8814370.164,5.556,456963.177,7364914.729,899493.856,8721377.318,9147316.043,7891603.717,0,0,0,3.299,0,-48.518,3706059.045,519232.022,1884866.824,972688.806,1862998.095,471226.365
ALB,2015,XDC,1372300,297850,152830,8620,144210,0,314540,890,27500,507210,11680,547280,283970,699850,75120,0,4270,3140,0,0,126550,14880,9260,46370,251480,49140
ALB,2016,XDC,1452880,347520,161420,9430,151990,0,335100,850,26860,509210,9800,546720,351220,659630,100240,0,5220,1970,0,0,137470,30300,12680,40250,307270,51770
ALB,2017,XDC,1471440,350040,156300,9450,146850,0,344760,790,34900,504930,9310,549930,363710,634070,126720,0,6260,2670,0,0,147960,40940,12020,40260,309780,26430
ALB,2018,XDC,1466490,350420,157380,10870,146510,0,364310,680,20270,499880,11490,532320,375000,613800,148840,0,6180,2830,0,0,148380,38320,11150,38500,311920,17760
ALB,2019,XDC,1523650,367030,142530,11680,130860,0,381370,560,24180,530350,14620,569710,408690,618480,178300,0,6650,2530,0,0,157140,34780,11350,35930,331100,6870
ALB,2020,XDC,1637270,356600,190260,10920,179340,0,417350,430,15150,577990,16580,610150,490330,622050,186830,0,5930,3760,0,0,170790,34120,13770,33470,323130,13360
ALB,2021,XDC,1823170,409140,198820,12130,186700,0,479750,310,22520,627340,19480,669650,584570,631420,222300,0,7290,3510,0,0,178910,42400,23770,44840,364300,18330
ALB,2022,XDC,1922650,398780,226760,13790,212970,0,508830,200,23720,671780,21600,717300,646160,626000,248120,0,7930,4630,0,0,175550,51200,25670,45910,352870,21090
ALB,2023,XDC,2011950,432120,238250,14720,223530,0,527560,100,16760,705670,25700,748230,689440,615180,297500,0,13330,5880,0,0,190540,45640,27560,42090,390030,19040
ALB,2024,XDC,2146410,472400,187180,17120,169210,850,577070,20,18950,792600,29280,840850,727600,634060,330000,0,20320,4610,0,0,213790,59730,21740,47910,424490,17360
ALB,2025,XDC,2345060,495590,192940,20490,172450,0,625550,10,19000,902030,27870,948910,806630,677260,354950,0,28660,8670,0,0,237980,60130,22490,57420,438170,9770
ARE,2015,XDC,2467281,496453,304185,15131,149309,139745,194077,0,204885,1040002,49310,1294197,520014,608053,19120,0,0,76,0,0,286272,560,177052,586270,-89817,91495
ARE,2016,XDC,2603875,546892,274367,15289,150896,108182,212913,0,224733,1099997,29824,1354554,545548,617166,18517,0,0,324,0,0,307830,1157,208043,596968,-50076,93173
ARE,2017,XDC,2683207,578989,307690,17670,155064,134956,225261,0,212287,1107683,31422,1351392,556013,651857,19666,0,0,399,0,0,337348,6166,211976,595831,-16842,84076
ARE,2018,XDC,2859927,679647,307090,15305,153629,138156,239028,0,209241,1151783,32098,1393122,542655,694720,18762,0,0,338,0,0,355223,2951,290320,619990,59657,93928
ARE,2019,XDC,3074170,771092,331900,15513,154025,162362,310430,0,223618,1159061,25874,1408553,570279,764042,17304,0,0,24,0,0,392854,5453,301309,679979,91113,90731
ARE,2020,XDC,3178924,849077,331248,15980,185460,129808,332307,0,261771,1128392,28208,1418371,664058,719349,15825,0,0,195,0,0,392780,31522,287270,715606,133471,104398
ARE,2021,XDC,3317055,933169,381878,17733,195227,168918,325351,0,277917,1145777,26609,1450303,813504,654768,15841,0,0,62,0,0,402548,2848,288157,778461,154708,134512
ARE,2022,XDC,3658452,1191027,408572,18075,225325,165172,305185,0,287040,1193607,25674,1506321,864665,736362,17490,0,0,1274,0,0,428605,5836,396771,806943,384084,153159
ARE,2023,XDC,4028941,1316925,536959,18801,302604,215554,286714,0,330713,1267988,30347,1629048,971666,933986,19424,0,0,1760,0,0,488692,4336,401671,843503,473422,104608
ARE,2024,XDC,4546438,1566625,639204,19596,371203,248405,315154,0,334621,1378627,25961,1739209,1064437,1118908,21921,0,0,1497,0,0,534651,1570,408469,968703,597922,140036
ARE,2025,XDC,5322655.66,2007079.379,730927.639,22471.642,417680.623,290775.374,355820.139,0,356922.355,1523955.034,34153.991,1915031.38,1202512.471,1398384.532,23598.721,0,0,2473.249,0,0,598308.325,1247.136,393408.24,1257075.137,750004.242,131850.726
ARG,2015,XDC,1939203.721,40897.575,601162.275,53235.893,282738.241,265188.141,175720.253,73778.587,5006.782,847834.55,12407.605,939027.524,619040.249,604275.793,1248.598,0,15425.847,31.212,0,11646.87,226862.991,3000.037,181234.398,42493.568,-1595.993,51548.064
ARG,2016,XDC,2727895.589,95454.76,885761.994,67004.174,472886.217,345871.603,267327.02,109372.087,5727.78,1110515.759,16355.524,1241971.15,1093521.796,713385.23,3069.12,0,26225.039,76.194,0,503.259,297206.824,3035.877,191648.147,62415.886,33038.874,99427.552
ARG,2017,XDC,3592477.947,100565.64,980646.299,84667.514,454716.315,441262.47,359333.605,140118.64,4629.41,1675923.215,29066.192,1849737.457,1430412.623,905204.498,9242.967,0,63882.793,265.981,0,1734.954,401196.154,669.761,245003.19,114076.587,-13510.947,118593.493
ARG,2018,XDC,5803587.787,298130.25,1921499.508,118817.746,1083060.413,719621.349,627199.217,176709.301,4826.725,2267210.24,65049.185,2513795.451,2134723.063,1608567.229,0,0,103885.679,207.796,0,5042.171,610636.794,2293.473,490134.834,210043.912,88086.338,195089.475
ARG,2019,XDC,7268785.396,384035.537,2464876.022,143295.257,1273033.175,1048547.59,736735.049,234359.364,10428.927,2754942.421,81336.973,3081067.685,2704061.232,1930484.632,0,0,86991.503,1117.696,0,8297.589,910606.771,5752.951,429059.111,289491.352,94544.185,300851.456
ARG,2020,XDC,11759393.771,508336.966,4643208.025,260223.715,1487554.748,2895429.562,1302338.598,327073.696,11818.628,3661210.366,114397.129,4114499.819,4426972.689,3324243.692,0,0,68450.482,0.273,0,1028.7,1692454.249,3731.334,601219.395,266144.93,242192.036,184137.664
ARG,2021,XDC,18091342.741,613858.475,7368862.508,275949.3,2201949.315,4890963.893,2468188.169,509431.521,10404.752,5210142.153,167505.037,5897483.463,6789324.694,4998789.813,0,0,59829.813,0,0,1870.713,2713325.19,1491.209,1098547.362,298144.309,315714.166,387069.512
ARG,2022,XDC,38308539.269,1333353.396,13879325.207,374370.512,3253624.091,10251330.604,5638540.359,736311.952,31245.408,8812297.292,430110.762,10009965.414,10067017.573,12870831.732,0,0,49591.413,46.46,0,9044.82,5821205.572,2402.039,1617288.969,558962.38,774391.016,-135206.582
ARG,2023,XDC,118546125.496,6463433.719,37742635.709,805832.702,9986905.642,26949897.365,22093328.758,1657363.916,154381.913,22778396.435,1880301.639,26470443.903,30259898.43,32034916.473,0,0,132022.331,299821.446,0,43376.634,22349476.074,1976.49,3809719.812,2018246.185,4445187.534,1820388.214
ARG,2024,XDC,258943881.698,13852003.775,24814630.908,2204816.712,22294226.993,315587.203,65082291.155,5643180.567,217956.362,76368606.751,7447741.108,89677484.789,69931341.625,66051555.349,0,0,1118222.916,15796.725,0,39141.576,51115917.357,511912.201,11693835.533,2787522.779,11064480.996,-9838835.436
ARG,2025,XDC,376745616.061,14732527.929,40690394.329,2533175.451,37737363.684,419855.194,82209134.478,10463615.451,243116.831,134149686.37,11681325.422,156537744.074,94365583.469,103824623.199,0,0,3156712.176,28963.792,0,47660.516,66284743.691,25142.465,17144021.75,7693597.983,7038929.947,1598751.771
ARM,2015,XDC,3923127.772,356222.663,575572.277,68107.236,507465.04,0,258211.85,0,26531.674,2199130.244,33782.142,2259444.059,446713.189,1061259.249,1175.544,0,0,0,0,65.183,640234.183,230183.121,63535.156,1059121.141,-702898.478,-52835.917
ARM,2016,XDC,4576678.096,546579.527,660191.995,64483.121,595708.874,0,436799.11,0,22544.619,2342506.375,46496.983,2411547.977,491952.483,1281575.628,68.236,0,0,0,0,260,845895.464,161500.011,58827.659,1232052.854,-685473.327,-17013.725
ARM,2017,XDC,5026084.62,494632.981,650550.827,70939.3,579611.527,0,493516.72,0,18553.058,2717831.369,68098.057,2804482.483,641792.792,1468645.841,88.004,0,0,0,0,308.02,961301.487,170256.132,44609.406,1112348.432,-617715.451,43832.897
ARM,2018,XDC,5743139.554,561186.059,747965.768,89709.978,658255.79,0,558960.34,0,16488.227,3166354.621,79092.662,3261935.51,733425.491,1512461.923,68.133,0,0,0,0,285.522,1056508.86,303141.102,43778.299,1347310.996,-786124.937,133067.35
ARM,2019,XDC,6784060.812,676633.825,854957.635,104905.184,750052.451,0,623576.1,0,16169.473,3751984.668,99517.078,3867671.219,789457.549,1752933.067,66.078,0,0,0,0,46.394,1166137.386,266675.746,51388.217,1742540.596,-1065906.771,253593.747
ARM,2020,XDC,7622752.005,547675.844,911171.314,103029.239,808142.075,0,870138.555,0,42640.998,4269527.818,125020.366,4437189.182,954198.566,1705851.131,64.365,0,0,114.885,0,394.525,1236500.181,508945.896,51649.416,2007127.538,-1459451.694,301328.39
ARM,2021,XDC,7999462.353,500754.518,1180844.066,111077.992,1069766.074,0,1172257.694,0,77024.453,4120282.246,125991.119,4323297.818,1181578.95,1945288.529,71.931,0,0,339.948,0,159.598,1293225.345,705840.409,38118.847,1751427.865,-1250673.347,261102.673
ARM,2022,XDC,9376593.849,1264970.559,1237533.675,127391.077,1110142.599,0,1334501.612,0,52667.355,4275404.983,156221.465,4484293.803,1756141.189,1952657.672,64.756,0,0,1538.775,0,133.844,1573194.746,594584.831,28411.575,2086977.258,-822006.698,327595.005
ARM,2023,XDC,10278095.186,1300455.735,1033002.125,133321.602,899680.523,0,1502277.326,0,44248.734,5064368.121,204330.498,5312947.354,2091819.986,2265081.798,186.272,0,0,1917.743,0,124.962,1721662.915,706662.441,28084.113,1939457.563,-639001.828,393684.747
ARM,2024,XDC,12155078.55,1268109.989,1243292.839,147778.936,1095513.903,0,1725846.159,0,31799.033,6363432.722,287467.278,6682699.033,2390227.545,2636107.084,53.387,0,0,5493.818,0,583.676,2063841.993,1003611.442,33984.787,2163442.95,-895332.961,622601.338
ARM,2025,XDC,13884988.349,1293423.348,1331588.046,158068.723,1173519.324,0,1779663.719,0,21376.159,7773274.504,342226.467,8136877.131,2495994.247,3436783.473,98.779,0,0,7955.584,0,734.511,2414422.841,887625.749,36764.453,2615758.114,-1322334.766,645414.493
ATG,2015,XDC,6155.572,2512.739,807.981,42.623,765.358,0,461.502,0.489,145.562,1887.5,14.949,2048.5,1164.795,2091.894,0,0,0,0,0,0,323.046,9.63,130.156,1948.553,564.186,162.648
ATG,2016,XDC,6062.332,2454.253,786.337,52.284,734.053,0,415.983,0.505,164.319,1890.847,15.819,2071.49,1057.113,2149.147,0,0,0,0,0,0,360.529,0.009,87.568,1883.564,570.689,190.133
ATG,2017,XDC,6498.699,2934.768,673.702,55.362,618.34,0,409.321,11.958,196.565,1832.8,47.219,2088.542,1270.986,2170.975,0,0,0,0,0,0,419.165,0.082,79.502,2205.003,729.765,-39.38
ATG,2018,XDC,6916.204,3258.029,737.53,58.856,678.674,0,400.796,12.683,226.891,1868.661,44.756,2152.991,1409.389,2281.467,0,0,0,0,0,0,458.505,0.101,80.148,2351.94,906.089,-32.204
ATG,2019,XDC,5798.447,2189.977,630.939,68.015,562.924,0,404.363,0,177.564,1955.421,55.103,2188.088,1506.013,2159.724,0,0,0,0,0,0,447.532,0.1,98.952,1183.666,1006.311,17.38
ATG,2020,XDC,5194.826,1571.726,488.622,60.62,428.002,0,532.42,0,70.981,2049.416,7.452,2127.849,1125.157,2187.567,106.852,0,0,0,0,0,484.872,0.101,174.658,582.424,989.302,58.986
ATG,2021,XDC,5876.505,1857.495,778.42,61.524,716.896,0,534.159,0,165.761,1965.389,5.894,2137.044,1444.496,2333.194,86.001,0,0,0,0,0,493.282,2.836,115.192,501.2,1356.295,330.917
ATG,2022,XDC,6133.435,2025.246,798.468,54.009,744.459,0,568.665,0,142.079,1923.662,5.326,2071.067,1494.698,2448.353,85.433,0,0,0,0,0,544.588,0.091,135.921,596.675,1428.571,157.687
ATG,2023,XDC,6388.725,2282.031,694.858,65.848,629.01,0,540.787,0,203.344,2058.577,4.413,2266.334,1807.296,2266.184,94.413,0,0,0,0,0,615.048,0.062,143.757,772.737,1509.294,84.513
ATG,2024,XDC,6850.575,2564.747,630.943,70.87,560.073,0,515.087,0,213.468,2297.936,4.244,2515.648,1837.575,2407.727,84.928,0,0,0,0,0,732.39,0.056,211.236,892.253,1672.494,60.26
ATG,2025,XDC,7226.068,2709.498,616.864,65.399,551.465,0,532.208,0,253.148,2362.271,2.757,2618.176,1938.487,2544.78,87.788,0,0,0,0,0,879.726,0.049,229.427,824.248,1885.25,-27.759
AUS,2015,XDC,4023004.778,585240.146,34217.928,8499.765,0,25718.163,55906.583,11811.107,6125.013,2214613.519,594089.498,2826639.137,666624.583,906856.133,120576.199,201806.863,99565.653,12797.927,0,100059.825,256017.174,73592.912,15350.946,979142.314,-393902.168,69613.263
AUS,2016,XDC,4229798.251,612428.166,34203.317,8837.153,0,25366.164,92087.769,10581.21,6513.316,2365241.495,596945.743,2979281.764,722814.016,969820.817,148455.909,201616.104,120891.377,6587.147,0,102263.067,254093.201,79566.949,15457.436,1006414.246,-393986.079,90020.747
AUS,2017,XDC,4187425.514,527414.913,36361.475,8413.504,0,27947.971,109419.164,8658.17,8140.319,2472477.251,563952.553,3053228.293,784320.868,997017.273,141765.715,198940.301,125597.449,7018.573,0,62679.725,269862.551,87497.005,15849.934,938161.584,-410746.671,97712.866
AUS,2018,XDC,4405423.876,593250.014,38570.983,8613.404,0,29957.579,123760.591,7690.816,5143.501,2579220.138,590646.821,3182701.276,807519.714,1028375.217,143589.87,190247.179,141644.193,5240.813,0,65450.08,276526.664,88351.817,15020.259,1038706.129,-445456.115,137610.93
AUS,2019,XDC,5083517.917,393161.909,69602.37,8349.432,32256.951,28995.987,151385.221,165244.064,3149.213,2652535.25,1456505.331,4277433.857,1041181.549,947069.006,135231.526,329764.144,588059.962,135066.275,0,232254.901,291410.744,77120.114,13201.858,618778.222,-225616.313,482445.055
AUS,2020,XDC,6009697.132,382564.62,230828.708,8346.982,112866.172,109615.554,164886.599,234504.603,5394.011,2818515.966,1985632.318,5044046.898,1390500.521,959874.162,150565.587,280166.009,529963.392,134620.123,0,315067.53,309791.541,133111.066,21211.335,904397.99,-521833.37,693057.569
AUS,2021,XDC,6294717.923,351538.904,854550.677,6686.33,424969.412,422894.935,102750.375,222820.211,5658.419,2892712.167,1714901.716,4836092.514,1583941.388,854757.812,169094.669,368700.033,488113.744,130415.469,0,145368.851,311443.671,204652.71,23548.291,1155794.731,-804255.827,709101.099
AUS,2022,XDC,6960096.421,442116.38,903239.567,6877.312,449340.681,447021.574,84356.226,261746.211,4644.911,3123126.578,1991872.742,5381390.442,1602993.713,1022554.954,191949.767,408535.586,539517.061,110520.013,0,295358.185,317797.68,210747.346,26714.813,1249843.606,-807727.225,834569.892
AUS,2023,XDC,6817652.063,407908.665,700820.224,6607.847,348349.577,345862.8,84283.188,307797.845,4662.709,3271830.361,1879086.917,5463377.833,1582030.657,1141288.978,179983.92,435224.613,616931.733,110578.946,0,270871.217,328726.628,121275.625,22648.23,1027489.011,-619580.346,819340.352
AUS,2024,XDC,6702676.456,481873.842,496010.763,6719.483,246168.952,243122.328,102506.729,326487.293,5589.137,3465737.3,1664335.82,5462149.55,1704396.434,1208041.749,172573.205,458918.155,727943.19,99521.605,0,195740.094,335829.818,30949.016,28499.859,807539.007,-325665.165,772588.75
AUS,2025,XDC,6828291.072,435116.385,409103.709,8301.888,202341.742,198460.078,129830.739,354321.246,7155.681,3717959.602,1611128.642,5690565.172,1890668.074,1264793.194,191890.51,442753.352,747058.821,109068.166,0,136450.227,343196.434,29696.912,33878.871,695666.105,-260549.72,779495.337
AUT,2015,EUR,,243011,,,,,32399,29216,0,294174,65733,389123,169504,107983,40001,2173,128940,,,,,,7369,109560,133451,
AUT,2016,EUR,,217251,,,,,31764,29295,0,296125,86334,411754,194142,100781,39579,1557,108863,,,,,,7810,100868,116383,
AUT,2017,EUR,,203102,,,,,27920,25437,,309732,65173,400342,216149,92258,37440,1454,97344,,,,,,6279,84288,118814,
AUT,2018,EUR,,211016,,,,,24637,25543,,324104,60988,410635,242765,87634,36879,718,101465,,,,,,5927,88470,122546,
AUT,2019,EUR,,224595,,,,,20375,24528,,340393,65509,430430,258566,85913,36055,1173,109166,,,,,,6088,91857,132738,
AUT,2020,EUR,,225999,,,,,17694,25493,,352681,68057,446231,293216,85264,33969,4064,109429,,,,,,7098,84509,141490,
AUT,2021,EUR,,222030,,,,,16596,26141,,376852,62401,465394,318382,77211,33357,809,110245,,,,,,6850,87911,134119,
AUT,2022,EUR,,226554,,,,,14263,23004,,399585,84079,506668,317788,89335,30942,1160,112208,,,,,,7051,96152,130402,
AUT,2023,EUR,,235928,,,,,15467,23600,,400578,73675,497853,283609,121770,33739,2419,133060,,,,,,8270,101408,134520,
AUT,2024,EUR,,258283,,,,,19516,24291,,402659,70280,497230,293691,127373,36529,1779,147872,,,,,,8412,102245,156038,
AZE,2015,XDC,37391.702,8015.616,3959.265,640.821,3318.444,0,14.362,0,1384.82,20892.206,585.446,22862.471,6767.735,9652.467,1120.248,84.247,0.734,229.323,0,0,3269.254,2383.229,1436.956,8369.839,-354.223,1537.683
AZE,2016,XDC,38382.336,3950.202,9610.183,599.434,9010.749,0,108.26,0,1674.4,19184.174,523.073,21381.647,6060.116,8429.785,1815.459,9.674,0.155,221.763,0,0,93.866,2572.836,3440.011,7598.171,-3647.969,4808.458
AZE,2017,XDC,34990.923,6370.08,7003.766,652.458,6351.307,0,1850.615,0,1134.861,14874.075,561.885,16570.822,8816.549,6158.548,2274.042,3.431,0.365,156.174,0,0,1506.099,1410.096,3848.707,2712.568,3657.512,4908.704
AZE,2018,XDC,36414.472,6516.338,6715.154,763.219,5951.936,0,1085.428,0,1080.234,15954.023,1715.406,18749.663,10371.934,6049.079,2082.26,2.41,0.333,162.411,0,0,1990.255,1245.217,4174.461,2311.978,4204.36,4676.245
AZE,2019,XDC,39442.036,7776.366,6592.829,904.53,5688.3,0,732.235,0,973.586,18142.806,1271.815,20388.207,11894.988,7457.441,1950.391,1.838,0.317,176.64,0,0,2546.366,1104.053,3994.924,2221.181,5555.185,4141.497
AZE,2020,XDC,39758.586,6103.546,6933.507,1067.014,5843.026,23.467,1561.853,0,980.375,18162.201,1219.049,20361.626,12712.472,5689.23,2598.875,1.813,1.512,249.974,0,0,2733.577,1327.307,3878.909,1715.453,4388.094,4051.41
AZE,2021,XDC,46062.435,7959.597,8604.768,1375.054,7229.714,0,1883.528,0,1009.259,20460.854,1134.975,22605.088,17383.004,6309.789,3033.08,1.621,10.038,259.598,0,0,2954.099,1220.904,3668.813,1785.439,6174.159,4426.596
AZE,2022,XDC,54382.434,9390.711,9652.448,1422.628,8229.82,0,3966.913,0,724.31,23502.71,1153.313,25380.334,22186.329,7324.485,3039.478,0.6,81.787,360.262,0,0,3461.122,1119.715,4080.317,2632.814,6757.897,4103.496
AZE,2023,XDC,57163.621,6789.564,10586.174,1445.379,9140.795,0,4655.426,0,983.588,27191.959,1136.806,29312.352,20034.634,9120.192,3051.077,0.159,64.159,376.907,0,0,4066.402,942.074,4568.744,3912.487,2877.076,5206.681
AZE,2024,XDC,60721.844,7229.178,9105.224,1593.955,7511.268,0,5512.594,0,1387.594,30922.081,1054.719,33364.394,19971.877,10661.502,4442.79,0.159,232.887,702.295,0,0,3365.368,880.876,5193.066,4317.621,2911.557,5442.951
AZE,2025,XDC,59113.532,8832.323,9534.705,1615.808,7954.354,3.492,4503.043,0.107,1208.896,29489.413,826.773,31525.189,20364.476,11652.163,6140.969,0.233,313.736,884.938,319.019,1091.853,6902.749,421.295,4785.959,5212.268,3620.055,1069.364
BDI,2015,XDC,1662302.7,213846.3,114570.7,27835.3,86735.4,0,290230.3,25.6,6511,784670.3,5660.8,796867.7,528239.3,352807.9,2044,0,0,2522.3,0,0,297094.6,19805,70582.8,149973.5,63872.8,-7554.4
BDI,2016,XDC,1843414.8,131705.4,178717.8,36258.7,142459.1,0,460465.2,57.6,7147.4,825096.7,6216,838517.7,623303,306451.5,3589,0,0,2074.3,0,0,318713.9,87064.1,78575.8,139935.4,-8230,49699.1
BDI,2017,XDC,2210770.9,150849.7,273810.8,44645.8,229165,0,658643.6,4937.4,28702.8,825510.2,7506.7,866657.1,797260.1,374138.4,2660.3,0,0,3183.7,0,0,357776.9,160080.3,90655.8,156052.6,-5202.9,8153.1
BDI,2018,XDC,2661696.4,146563,221223.4,54609,166614.4,0,974890.4,6028.8,42035.7,952255.8,6918.5,1007238.8,987713,454386.2,5051.9,0,0,2858.9,0,0,403979.4,249568.7,95082.8,182222.7,-35659.7,-30948
BDI,2019,XDC,3423651.7,141396.2,289123.3,54854.9,234268.4,0,1395735,458.4,42131,1126593.2,13767.6,1182950.2,1161033.8,613503.2,6413.3,0,0,1969.4,0,0,531736.4,427469.4,118191.6,216615.9,-75219.7,-67728.3
BDI,2020,XDC,4146506.4,196948.8,299943.2,70424.3,229518.9,0,1732457.5,1172.2,22274.2,1368526.5,18061.5,1410034.4,1481651.9,751026.4,67143.4,0,0,2049.4,0,0,674960.6,296859.4,138036.9,307687.8,-110739,-80031.9
BDI,2021,XDC,5480811.2,188624.8,293073.7,88732.1,185840,18501.6,1911417.8,255.7,25072.8,2292668.9,28567.3,2346564.7,1735869.9,1004330.2,160730.7,0,0,19501.5,0,0,862489.2,512988.4,153229.2,366326.2,-177701.4,-75784.3
BDI,2022,XDC,7154132.5,189634.7,568452.8,109401.4,446641,12410.4,2059425.9,167.4,23656.4,3318497.1,26369.9,3368690.8,2587728.2,1264694.2,167530.1,0,0,2928.2,0,0,1098189.8,521529.7,240261.8,498165.2,-308530.5,-194823
BDI,2023,XDC,8751926.9,352641,627407.5,99825.7,462720.1,64861.7,2179843.5,1108.3,24115.7,4325603.7,9205.7,4360033.4,3009567.7,1453840.2,408400.2,0,0,7465.5,0,0,1275063.2,567382.6,229478.2,787423.7,-434782.7,-218695.9
BDI,2024,XDC,10342389.7,435200.6,897717.7,126660.3,771057.4,0,2218700,1170.2,14209.5,5476658.5,11794.5,5503832.7,3621009.3,1695284.2,383068.4,0,0,31504.4,0,0,1460272.1,458538.7,323906.8,1334377.7,-899177.1,-252510.6
BDI,2025,XDC,13092426.8,373948.9,1007270.7,173906.3,817008.2,16356.2,3081984.5,653.3,14550.7,6802624.5,22822.6,6840651.1,4555673.8,1968855.6,378327.8,0,0,30643.1,0,0,1756523.5,377603.4,743366.7,1790695.7,-1416746.8,-297834.4
BEL,2015,EUR,,406548,,,,,49326,37055,0,252657,250617,540329,150046,308611,24312,10830,43916,,,,,,1250,295049,111499,
BEL,2016,EUR,,399923,,,,,41009,39717,0,270033,256508,566258,169264,304011,23862,12258,47644,,,,,,1327,291422,108501,
BEL,2017,EUR,,385198,,,,,34594,38709,,283605,170217,492531,179468,306072,22835,13928,43321,,,,,,1034,282561,102637,
BEL,2018,EUR,,366628,,,,,31936,38372,,304821,166755,509948,193538,321537,21711,12341,47024,,,,,,693,246175,120453,
BEL,2019,EUR,,385521,,,,,26277,37876,,324859,178308,541043,208965,330834,20377,11039,45729,,,,,,812,245773,139748,
BEL,2020,EUR,,372350,,,,,27480,37553,,343877,156471,537901,240155,338925,20838,14405,45409,,,,,,834,229061,143289,
BEL,2021,EUR,,385319,,,,,23664,37054,,369235,145195,551484,270460,340744,21221,6590,43372,,,,,,714,252180,133139,
BEL,2022,EUR,,410633,,,,,21241,40273,,397755,158968,596996,273286,356781,21050,8709,43554,,,,,,759,360833,49800,
BEL,2023,EUR,,454357,,,,,21661,39522,,407984,152649,600155,219829,384012,28104,10284,56142,,,,,,737,433655,20702,
BEL,2024,EUR,,489077,,,,,25499,41083,,414050,160229,615362,224653,408577,30191,17863,71063,,,,,,1011,488204,873,
BEN,2015,XDC,3513100,1509354.408,165429,54273,111156,0,380360,0,118483,1120466.421,5376.171,1244325.592,666463.95,802588.985,47444,0,811,30040,0,0,217069,435582,468093,539638.065,969716.343,91739
BEN,2016,XDC,3774804,1626888.039,156042,48071,107971,0,453343,0,75336,1218566.026,5756.934,1299658.961,694747.952,857401.225,37588,0,406,31518,0,0,197423,643858,436793,558483.823,1068404.216,77713
BEN,2017,XDC,3720786,1335223.064,186200,41732,144468,0,616614,0,102747,1218273.987,5567.948,1326588.936,727351.546,846126.632,42130,0,0,47017,0,0,245444,569370,358000,548541.822,786681.242,80645
BEN,2018,XDC,3694537,1165528,116475,48699,67776,0,707436,1321,82932,1322667,21489,1428409,816565,871409,66675,0,0,39902,0,0,227546,378845,369776,404386,761142,242744
BEN,2019,XDC,4003406,1282838,134947,53439,81508,0,538906,4165,148784,1480944,12546,1646439,878070,894000,55576,0,0,59828,0,0,273711,515083,578189,364158,918680,-15485
BEN,2020,XDC,4436617,1584932,291980,57775,234205,0,614694,95287,154154,1395721,12970,1658132,1039848,993538,68039,0,0,52573,0,0,336798,712542,570301,305463,1279469,70636
BEN,2021,XDC,5459945,2340618,391971,70184,321787,0,576168,82661,148991,1525427,16794,1773873,1393316,1047990,75344,0,0,78567,0,0,390313,966886,734850,347520,1993098,47844
BEN,2022,XDC,6075051,2677588,235447,55893,179554,0,778980,67468,164101,1853065,28640,2113274,1655368,1099700,123923,0,0,49857,0,0,450622,1225296,828859,359150,2318438,12514
BEN,2023,XDC,6535275,2643905,234143,53629,180514,0,810848,59250,245691,2217987,25921,2548849,1761471,1030127,121285,0,0,62962,0,0,506232,1262314,1183562,350525,2293380,-40733
BEN,2024,XDC,7037591,2777731,243946,56504,187442,0,846389,5170,273895,2468681,20706,2768452,1749102,1070903,125095,0,0,97410,0,0,557930,1243208,1145757,683758,2093973,-36645
BEN,2025,XDC,7659478,2814167,381270,62053,319217,0,1008148,4145,209211,2824942,29337,3067635,2018283,1152530,160712,0,0,110078,0,0,615559,1350224,1068543,866034,1948133,-70743
BFA,2015,XDC,3854733,1204257.363,186193,61565,124628,0,270680,0,246754,1747901.456,20029.181,2014684.637,968747.063,1060004.713,61585,0,4082,15237,0,0,304468,656521,238725,330450.224,873807.139,35995
BFA,2016,XDC,4555429,1645427.691,186167,62608,123559,0,345828,0,158732,1959249.948,22105.361,2140087.309,1153724.539,1166488.994,61149,0,2450,26688,0,0,378546,778367,284533,456062.467,1189365.224,9501
BFA,2017,XDC,5298721,1975625.844,215679,66009,149670,0,465072,0,89742,2242099.722,33215.435,2365057.156,1377242.993,1340752.436,81285,0,854,17100,0,0,441108,765418,343270,644533.571,1331092.273,9870
BFA,2018,XDC,5355236,1604192,245188,78642,166546,0,464274,1041,252377,2392229,13328,2658975,1486229,1429154,133722,0,0,25045,0,0,454433,548626,340310,471193,1132999,83917
BFA,2019,XDC,5774925,1775456,253324,90590,162734,0,556593,21832,210973,2658579,18459,2909843,1576250,1571554,149787,0,0,33392,0,0,534295,814980,363021,343643,1431813,108294
BFA,2020,XDC,6820339,2089880,451832,103374,348458,0,744940,4880,237149,2920893,17656,3180578,2007906,1780714,181816,0,0,26685,0,0,632707,903979,574008,311678,1778202,47737
BFA,2021,XDC,8120149,2455932,649899,113282,536617,0,874076,16,289415,3215386,41432,3546249,2480188,1967578,228331,0,0,67106,0,0,723616,1088197,845182,286596,2169336,-160638
BFA,2022,XDC,9409087,2968304,430387,131741,298646,0,1158819,15113,359956,3670865,59407,4105341,2511914,2073851,289290,0,0,59492,0,0,757819,1812485,937749,372143,2596161,-151892
BFA,2023,XDC,9253303,2624307,433610,154542,279068,0,1154745,5362,347828,3886642,72391,4312223,2189170,2073807,380925,0,0,73089,0,0,912315,1508271,911048,625502,1998805,-149242
BFA,2024,XDC,9488351,2535468,474935,141822,333113,0,1408247,6374,449782,3800836,43417,4300409,2190384,2184272,480094,0,0,54460,0,0,918652,1647671,940274,400802,2134666,-97550
BFA,2025,XDC,10481657,2871182,738564,176178,562386,0,1834614,28943,324248,3646407,33174,4032772,2697459,2361008,463703,0,0,50572,0,0,958289,1436296,914305,563698,2307484,31802
BGD,2015,XDC,12773787,291123,991912,87688,673656,230568,2798683,0,91521,6700477,131155,6923153,761203,6986055,1439,1105101,14278,768,0,0,1083102,67665,574741,343069,-51946,67450
BGD,2016,XDC,14666936,224319,1222597,102063,762581,357953,3191314,0,78181,7814292,184284,8076757,911451,7835507,1629,1532092,16726,859,0,0,1106453,247628,651819,382851,-158532,27972
BGD,2017,XDC,16946151,233622,1131822,115429,840520,175873,3657660,0,93082,9367594,173213,9633889,1043619,8597502,1219,2045703,18269,4969,0,0,1254466,292335,783323,515182,-281560,100406
BGD,2018,XDC,19018722,308252,1009903,136852,873051,0,4240282,0,123177,10525644,254419,10903240,1110055,9407132,1259,2507628,19262,1408,0,0,1323778,346157,891225,605269,-297017,248504
BGD,2019,XDC,20937168,300868,1088424,153533,934891,0,5053694,0,184299,11479973,302251,11966523,1190380,10639884,1834,2798201,20643,1322,0,0,1396733,423069,932545,633433,-332565,371465
BGD,2020,XDC,23295280,296280,1333130,156095,1177035,0,6078461,0,194461,12373162,317383,12885006,1484524,11874557,2652,3079492,27124,822,0,0,1426153,622851,1030526,566880,-270600,477296
BGD,2021,XDC,25771786,363544,1243306,187677,1055629,0,6915583,0,230635,13753274,297518,14281427,1687387,12805286,3011,3393591,30342,2815,0,0,1514419,778325,1161860,742890,-379346,683934
BGD,2022,XDC,27415993,479460,1240160,241863,998297,0,6617259,0,301954,15426057,341567,16069578,1846598,13480419,6116,3484076,29040,1814,0,0,1588032,1258660,1167899,758905,-279445,784900
BGD,2023,XDC,29424662,553843,1361987,247945,1114042,0,6980395,0,369404,16854931,350871,17575206,1986136,15024731,4604,3441645,37857,2215,0,0,1461694,1372571,1211378,634986,-81143,1293612
BGD,2024,XDC,31462869,449899,1419198,285604,1116210,17384,7982610,0,372441,17862527,345413,18580381,2010200,16345920,5815,3291232,55933,1696,0,0,1235259,1990066,1375981,561202,-111303,1558784
BGD,2025,XDC,34196807,433225,1572666,299298,1273368,0,9371968,0,347762,18974606,362757,19685125,2140009,18199933,148275,3298370,65189,3529,0,0,-515513,1867545,1424724,706765,-273540,3724162
BGR,2015,XDC,95022.69,10639.07,16117,1347,14770,0,9194.4,293.6,0,49010.08,1880.54,51184.22,23967,37975.44,2676,0,333,0,0,208,17189,0,1044,7798.91,2840.16,-4058.94
BGR,2016,XDC,99482.95,12405.19,15859,1391,14468,0,10735.89,311.11,0,49530.34,2263.42,52104.87,27675,38319.29,3201,0,332,0,0,210,17630,0,769,7298.28,5106.91,-4326.82
BGR,2017,XDC,104288.22,14489.18,15455,1555,13900,0,10955.77,322.23,0,51069.92,3038.12,54430.27,33496,37332.95,2864,0,310,0,0,245,12490,0,848,7225.69,7263.49,520.73
BGR,2018,XDC,111741.85,16761.01,17030,1765,15265,0,9847.348,369.652,0,55284.86,3656.98,59311.492,37828,38780.93,2616,0,308,0,0,165,13785,0,1169,7880.32,8880.69,413.52
BGR,2019,XDC,120391.5,19233.04,15268,1912,13356,0,10134.65,401.35,0,59572.26,5096.2,65069.81,44132,40439.28,2286,0,319,0,0,235,14366,0,899,8147.13,11085.91,-1115.63
BGR,2020,XDC,129839.42,15835.96,24518,1950,22568,0,11710.36,428.64,0,61995.89,5629.84,68054.37,64266,28962.88,2294,0,279,0,0,394,15280,0,1027,7772.56,8063.4,-156.82
BGR,2021,XDC,140825.65,17132.94,25402,2319,23083,0,14678.867,384.123,0,67121.53,6488.89,73994.543,75011,26552.53,2381,0,662,0,0,211,16538,0,1114,9079.76,8053.18,-344.38
BGR,2022,XDC,160417.51,24081.36,28056,2427,25629,0,14689.143,388.847,0,75232.69,7800.78,83422.317,90355,25919.14,2500,0,867,0,0,481,21185,0,1697,11755,12326.36,-4507.21
BGR,2023,XDC,176460.5,24143.76,31987,2328,29659,0,15583.638,497.362,0,83714.49,9234.96,93446.812,97562,28946.85,3492,0,1832,0,0,392,23521,0,1467,13202,10941.76,-5250.94
BGR,2024,XDC,196070.11,28243.44,29266,2228,27038,0,18418.684,478.306,0,96365.36,10071.62,106915.286,106276,31923.75,4353,0,2340,0,0,344,26585,0,1230,15720.01,12523.43,-5928.95
BHS,2015,XDC,29666.711,14052.537,730.383,142.859,587.524,0,2033.777,0,359.425,6717.142,1484.555,8561.122,2187.45,4332.597,530.859,0,0,28.44,0,0,2496.297,0.8,270.469,14133.643,-81.106,1397.264
BHS,2016,XDC,19204.601,6899.561,1013.38,146.124,867.256,0,2079.64,0,397.351,6494.174,1281.204,8172.729,2669.759,4417.946,532.01,0,0,24.906,0,0,2536.598,0.8,186.909,7233.509,-333.948,562.873
BHS,2017,XDC,19792.548,7365.972,1159.01,146.83,1012.18,0,2256.881,0,464.474,6331.688,1138.586,7934.748,2845.156,4359.101,548.243,0,0,18.917,0,0,2820.78,0.8,198.483,7614.98,-249.008,310.151
BHS,2018,XDC,18237.417,6078.714,943.331,150.725,792.606,0,2293.823,0,478.088,6256.931,1133.78,7868.799,2959.022,4249.502,550.509,0,0,4.553,0,0,2835.882,0.8,189.42,5809.937,268.777,585.042
BHS,2019,XDC,19159.377,6799.344,1396.932,153.124,1243.808,0,2520.946,0,437.535,6126.647,899.512,7463.694,3628.713,4382.744,605.149,0,19.401,4.698,0,0,2713.277,0.8,221.133,6080.779,718.565,524.222
BHS,2020,XDC,20336.028,7569.917,1747.855,175.747,1572.108,0,2714.484,0,317.097,6017.819,1042.017,7376.933,3646.202,4304.785,514.203,0,0.782,4.223,0,0,2634.654,0.8,292.492,7233.757,336.16,872.345
BHS,2021,XDC,21544.366,8828.487,1817.307,173.254,1644.053,0,2755.944,0,308.061,5907.164,856.738,7071.963,3967.768,4315.999,248.497,0,0.02,0.2,0,0,2595.171,0.8,211.867,8464.517,363.97,765.709
BHS,2022,XDC,21316.795,8138.975,2265.64,180.113,2085.527,0,2792.228,0,340.445,6003.166,817.768,7161.379,4610.817,4432.774,249.365,0,0.026,0,0,0,2896.534,0.8,232.342,7522.196,616.779,513.034
BHS,2023,XDC,19812.777,6431.74,2251.378,181.702,2069.676,0,3023.521,0,319.258,6030.381,735.306,7084.945,4686.652,4589.05,223.799,0,0.029,3.254,0,0,3071.995,0.8,229.366,5766.911,664.829,329.877
BHS,2024,XDC,19837.925,6260.408,2234.343,182.993,2051.35,0,3061.359,0,357.34,6399.367,459.984,7216.691,4874.041,4671.864,43.966,0,0.008,7.855,0,0,3217.35,0.8,237.07,5471.548,788.86,391.245
BHS,2025,XDC,21383.379,6894.486,2220.704,195.395,2025.309,0,3294.721,0,325.877,6753.02,720.641,7799.538,5666.689,4793.387,39.876,0,0.03,9.85,0,0,3196.998,0.8,270.597,5837.51,1056.976,573.432
BIH,2015,XDC,26582.638,2473.794,4511.652,444.179,4067.473,0,1623.938,537.186,400.03,15327.347,74.562,16339.125,6434.315,9105.861,0,0,7.979,599.219,0,0.067,3554.273,2.18,1014.055,2613.303,-139.509,1617.257
BIH,2016,XDC,27739.978,2640.005,4936.627,665.595,4271.032,0,1661.342,517.766,375.605,15899.217,67.174,16859.762,7383.362,9361.02,0,0,7.98,510.039,0,0.012,3772.961,0.799,1021.266,2474.243,165.762,1566.054
BIH,2017,XDC,29990.794,2787.918,5711.67,671.272,5040.398,0,1685.481,511.473,406.219,17043.382,96.519,18057.593,8664.438,9727.646,0,0,7.98,460.047,0,0.003,4006.827,30.339,1285.633,2587.854,200.064,1471.895
BIH,2018,XDC,32703.812,3854.462,6296.869,771.98,5524.889,0,1785.934,495.964,426.996,17960.533,136.832,19020.325,10002.373,10084.569,0,0,7.978,467.504,0,0.001,4129.962,0.319,1665.923,3039.238,815.224,1559.723
BIH,2019,XDC,35325.51,4445.005,6627.044,869.805,5757.239,0,2045.186,506.706,509.317,19095.395,152.237,20263.655,11234.757,10591.186,0,0,7.978,532.413,0,0.011,4368.045,0.275,2020.509,3118.305,1326.7,1507.411
BIH,2020,XDC,35790.844,4444.347,7099.579,1129.063,5911.841,58.675,2477.287,538.092,540.768,18555.723,154.998,19789.581,12682.502,10291.289,0,0,0,606.738,0,0,4324.552,58.99,2048.42,2324.596,2119.751,1473.707
BIH,2021,XDC,38296.148,4687.769,8609.517,1390.749,7218.768,0,2520.806,584.371,532.302,19288.573,164.085,20569.331,15378.905,10288.111,0,0,0,638.483,0,0,4445.55,0.442,2191.833,1946.666,2741.103,1497.433
BIH,2022,XDC,39709.709,4990.759,8541.628,1309.913,7231.715,0,2579.667,592.02,652.774,20224.873,180.222,21649.889,17063.599,9777.482,0,0,0,622.784,0,0,4662.59,0.409,2403.247,1810.779,3179.98,1421.053
BIH,2023,XDC,41810.898,5709.399,8116.221,1014.602,7097.053,4.566,2794.644,645.573,644.937,21675.09,231.808,23197.408,19021.884,10201.527,0,0,3.727,643.353,0,0.002,5101.34,0.201,1933.64,1527.598,4181.801,1384.4
BIH,2024,XDC,45781.562,6565.447,8400.851,1085.978,7313.783,1.09,3153.853,749.753,734.453,23645.928,300.058,25430.192,21305.15,10938.744,0,0,3.377,607.956,0,0,5834.046,0.098,1678.278,1947.241,4618.206,1235.453
BIH,2025,XDC,49946.183,6782.5,8500.483,1082.017,7407.985,10.481,4095.436,848.987,807.75,26090.132,394.15,28141.019,23742.612,11696.905,0,0,63.377,597.322,0,0,6412.327,0.213,1945.716,1994.627,4787.873,1066.339
BLR,2015,XDC,64932.358,3292.008,8368.515,691.023,3527.955,4149.538,5806.445,751.994,18915.304,21548.983,1167.899,42384.181,6397.575,23042.563,1700.142,1774.426,895.779,10.077,0,0.276,7989.912,1601.84,3654.379,11940.167,-8648.16,844.014
BLR,2016,XDC,66241.746,3936.089,8852.56,593.762,2659.851,5598.947,6564.278,1834.634,18142.337,20583.738,1550.375,42111.084,6808.449,22971.693,1764.149,2325.012,810.43,20.4,0,0.64,8629.802,395.047,4828.548,11390.918,-7454.829,1518.923
BLR,2017,XDC,68823.174,3219.223,8441.768,729.231,4490.727,3221.81,5554.262,2739.37,17613.57,23530.734,2130.959,46014.633,10084.351,24505.135,1609.838,2869.159,701.516,38.941,0,0.139,9673.434,349.118,3819.964,8767.001,-5547.778,811.29
BLR,2018,XDC,76204.81,5011.65,7097.271,746.634,5013.711,1336.926,6450.368,2600.111,18576.762,28243.265,2715.229,52135.367,11801.51,25450.697,2052.741,2985.016,635.15,28.526,0,0.201,10746.211,790.308,4194.581,10526.481,-5514.831,1483.234
BLR,2019,XDC,81383.164,3892.669,8979.177,985.38,7255.506,738.291,5832.465,2276.978,19006.458,32619.109,3242.352,57144.897,13992.047,27893.863,1931.374,2911.466,632.089,163.215,0,0.098,11744.981,63.137,4593.187,10555.972,-6663.303,1367.779
BLR,2020,XDC,93533,3906.237,8072.469,1086.021,6986.427,0.021,6453.269,2405.406,24103.515,39099.299,3812.133,69420.353,15657.422,28060.356,1744.719,2861.448,510.364,155.961,0,1.231,12901.793,2081.694,6828.532,13284.686,-9378.449,3764.122
BLR,2021,XDC,101639.102,6355.398,9735.198,1063.331,8671.79,0.077,8063.627,2035.326,22296.792,42639.92,3877.121,70849.159,17709.909,28875.565,2438.076,2986.942,467.996,264.056,0,0.578,14626.977,2814.23,6843.59,14333.625,-7978.227,3641.838
BLZ,2015,XDC,3246.441,242.651,725.92,53.886,672.034,0,152.597,0.763,7.93,2008.107,2.441,2019.241,1237.298,1345.612,0,0,0,0,0,0,409.21,0,45.476,13.638,229.013,89.175
BLZ,2016,XDC,3270.554,222.734,694.14,58.44,635.7,0,232.455,0.506,5.292,1995.59,3.888,2005.276,1160.784,1478.395,0,0,0,0,0,0,405.853,0,27.623,15.421,207.313,66.529
BLZ,2017,XDC,3198.427,213.066,547.375,58.216,489.159,0,309.696,1.89,2.21,2006.022,3.894,2014.016,1241.624,1372.57,0,0,0,0,0,0,424.447,0,18.69,4.69,208.376,22.132
BLZ,2018,XDC,3304.807,255.236,461.118,61.894,399.224,0,343.41,2.79,44.086,2062.729,4.164,2113.769,1263.03,1418.847,0,0,0,0,0,0,436.889,0,27.005,5.244,249.992,22.518
BLZ,2019,XDC,3405.097,217.881,486.483,64.281,422.202,0,311.974,3.558,50.697,2178.33,19.009,2251.594,1313.553,1510.425,0,0,0,0,0,0,438.123,0,50.267,7.04,210.841,-51.476
BLZ,2020,XDC,3692.325,259.639,619.375,71.004,548.371,0,364.134,7.672,33.62,2249.359,19.017,2309.668,1533.125,1568.339,0,0,0,0,0,0,355.461,0,45.887,20.887,238.752,29.117
BLZ,2021,XDC,4272.959,646.492,701.711,70.856,630.855,0,325.828,8.176,19.62,2306.774,16.68,2351.25,1779.318,1735.451,0,0,0,0,0,0,468.251,0,76.86,81.403,565.089,-116.002
BLZ,2022,XDC,4359.295,578.219,807.59,80.722,726.868,0,253.63,12.328,13.7,2410.495,63.211,2499.734,1900.386,1731.093,0,0,0,10,0,0,439.624,0,50.865,20.216,558.003,-13.011
BLZ,2023,XDC,4794.54,710.925,835.894,98.79,737.104,0,345.574,16.013,25.783,2554.604,77.864,2674.264,2080.967,1778.912,0,0,0,20,0,0,507.367,0,60.437,41.629,669.296,77.345
BLZ,2024,XDC,5200.565,998.678,824.403,92.491,731.912,0,384.904,16.703,23.877,2629.811,100.364,2770.755,2686.153,1532.103,0,0,0,0,0,0,596.385,0,109.465,29.409,969.269,25.225
BLZ,2025,XDC,5458.475,739.772,899.617,114.366,785.251,0,577.675,14.872,20.506,2851.706,116.654,3003.738,2911.753,1574.36,0,0,0,0,0,0,629.706,0,132.103,27.077,712.695,-54.197
BOL,2015,XDC,191256.615,18588.818,37832.658,5742.466,24284.77,7805.422,1361.048,503.867,67.112,117315.16,3142.52,121028.66,33090.208,115486.217,7430.043,1532.042,0,1965.739,0,0,13307.072,1506.608,986.657,3424.118,15164.7,82.48
BOL,2016,XDC,202294.953,17684.841,27254.243,6096.908,15887.516,5269.818,1351.551,588.751,146.522,134637.338,5184.172,140556.782,33197.748,120383.733,7563.652,2520.516,0,2840.967,0,0,15151.247,1266.801,1617.736,2938.303,14746.539,-633.285
BOL,2017,XDC,226301.883,16942.44,30864.783,5932.628,17110.381,7821.774,1058.677,782.835,174.999,151922.812,3615.512,156496.157,33264.535,137697.105,8207.953,1999.607,0,3018.169,0,0,15233.363,3561.293,1420.59,2720.184,14222.256,-1760.741
BOL,2018,XDC,247919,14051,31209,6915,15734,8560,929,665,58,174344,4269,179336,33392,149330,8145,2078,0,3668,0,0,18461,4372,1471,3111,10940,1504
BOL,2019,XDC,262490,10627,33871,7527,13128,13216,1347,1766,717,186050,4023,192556,31363,152333,8386,2641,0,4160,0,0,20405,11825,1976,2059,8568,3256
BOL,2020,XDC,295511.916,9636.271,47534.895,6827.446,37051.854,3655.594,3647.612,649.37,21.918,198580.032,6208.844,205460.165,34827.402,72734.821,4713.79,9850.444,91722.846,2833.529,1.964,0,21388.521,18040.852,499.741,2694.628,6941.643,6970.406
BOL,2021,XDC,315775.508,10136.827,53231.752,6927.264,42421.557,3882.932,2571.446,707.023,8.41,207921.499,6382.828,215019.76,37260.391,83310.745,5531.401,10909.613,91320.711,2582.18,1.857,0,23117.634,18144.844,302.475,3025.569,7111.258,5452.363
BOL,2022,XDC,333680.682,9610.915,55527.149,7282.977,45460.7,2783.472,1755.24,985.19,74.214,221649.335,7151.66,229860.399,38035.32,89823.806,5138.904,11391.123,98000.342,2346.33,3.694,0,24622.17,19533.149,303.973,2609.796,7001.119,4945.096
BOL,2023,XDC,330321.201,8471.394,59507.711,8257.325,41957.204,9293.182,1141.248,938.185,228.526,217796.641,7095.366,226058.717,38454.978,93287.013,4668.843,4576.684,97027.52,2187.687,2.56,0,24682.251,19278.516,277.854,2115.061,6356.333,8620.103
BOL,2024,XDC,341043.118,5305.398,67894.306,8764.38,40358.018,18771.908,1132.745,1152.663,288.073,224658.206,7524.806,233623.748,44169.269,96703.772,4781.439,6749.259,98482.625,2307.933,3.721,0,26661.723,17829.115,248.134,1672.567,3632.831,8346.641
BOL,2025,XDC,357421.262,5474.388,73960.879,12254.758,43915.182,17790.94,3402.348,1162.984,252.696,231610.863,7599.804,240626.347,42482.53,106387.575,4881.329,9811.708,97918.5,2116.24,4.829,0,29887.725,18507.235,475.162,1168.338,4306.05,9822.791
BRA,2015,XDC,11312787.627,354419.403,1291108.787,40199.241,368571.46,882338.086,2142024.192,120285.117,137903.676,4006966.503,526038.308,4791193.605,160874.33,3255918.897,650251.823,1206330.725,0,14057.046,0,3443.764,746958.818,0,756563.23,646550.463,-292131.059,1137796.912
BRA,2016,XDC,11881513.033,292667.605,1463513.214,40122.314,409399.022,1013991.878,2548152.448,125664.204,108115.432,3899146.293,526739.3,4659665.23,169761.922,3757708.323,696710.21,1285708.105,0,16675.494,0,3145.702,816220.178,35.708,705906.188,504349.462,-211681.857,1007777.205
BRA,2017,XDC,12508592.738,270633.265,1538412.22,46445.72,453546.135,1038420.365,2989050.701,131173.4,89760.891,3917326.697,336835.11,4475096.099,178099.394,4067040.101,662197.73,1205966.648,0,12196.1,0,2790.461,869156.672,0,732134.829,524429.668,-253796.404,1019180.68
BRA,2018,XDC,13265163.378,293581.964,1530965.58,46815.187,445177.978,1038972.414,3226829.435,136535.253,78976.736,4217777.997,244415.455,4677705.441,190020.958,4475333.124,643271.565,1224252.096,0,4193.864,0,4448.778,970512.227,13.833,634011.952,587108.652,-293526.688,995915.37
BRA,2019,XDC,14024802.381,325878.593,1422576.271,52371.307,450155.593,920049.371,3669210.823,139068.84,53516.41,4639672.666,294151.715,5126409.631,216648.299,4857386.942,656575.034,1327303.245,0,4753.31,0,5996.517,1067834.182,0,549761.071,676810.944,-350932.352,1181005.773
BRA,2020,XDC,16198516.477,322173.423,1678574.425,61542.714,398309.777,1218721.933,4389372.735,158407.36,60785.545,5227500.519,377827.078,5824520.501,328575.517,5347260.55,684123.523,1893281.374,0,6594.733,0,6953.003,1180378.741,1844.948,571417.207,848748.666,-526575.243,1345462.821
BRA,2021,XDC,17705258.111,323854.101,1499398.04,53054.31,477161.718,969182.012,4521567.806,160724.07,37246.704,6200824.541,492879.906,6891675.221,363850.083,5832498.667,767704.752,2089830.743,0,6983.023,0,8341.038,1282775.049,1010.274,547159.924,901475.698,-577621.597,1434865.917
BRA,2022,XDC,19627039.422,340477.298,1651477.843,49170.195,621870.986,980436.662,4750974.504,157756.55,40647.533,7116866.312,582779.613,7898050.007,349337.25,6113440.824,866610.864,2718499.032,0,17451.09,0,12845.96,1407583.379,34641.488,503801.643,850071.872,-509594.574,1766696.249
BRA,2023,XDC,21941357.974,313638.476,2081897.16,52801.876,770063.725,1259031.558,5318014.288,171720.87,55890.126,7778041.357,623250.089,8628902.442,434650.554,6767988.08,1042565.235,3412184.167,0,18005.093,0,10107.399,1640719.604,0,568728.164,845763.17,-532124.695,1601740.9
BRA,2024,XDC,24636657.848,466928.279,2262070.289,51613.34,904633.123,1305823.826,5682374.885,200997.11,66695.209,8908750.039,786111.569,9962553.927,464399.724,7645342.335,1096088.001,3818352.199,0,12093.234,0,10687.678,1811006.652,0.044,655418.187,1034235.724,-567307.445,1826303.603
BRA,2025,XDC,27181731.796,456489.68,2091468.297,47161.037,963307.123,1081000.137,6975981.843,211349.993,81372.487,9567043.997,845874.636,10705641.112,442257.993,8391886.597,826072.254,4297872.932,0,28127.802,0,12319.285,1887624.508,0,644577.345,1059682.789,-603193.108,2639159.427
BRB,2015,XDC,16261.272,2208.106,1519.986,214.824,1305.162,0,2341.061,0,422.555,7803.735,297.281,8523.571,8420.775,1882.011,0,0,0,1103.891,0,0,2021.795,422.297,154.364,846.969,1361.137,-259.377
BRB,2016,XDC,16833.825,2392.447,1996.71,246.752,1749.958,0,2204.537,0,368.181,7922.713,281.523,8572.417,8955.789,1780.362,0,0,0,1092.729,0,0,2188.276,335.191,140.969,960.866,1431.58,-288.072
BRB,2017,XDC,17207.136,2584.898,1904.201,273.363,1630.838,0,2283.484,0,344.772,8179.636,254.515,8778.923,9072.451,1798.637,0,0,0,1073.462,0,0,2290.574,288.809,118.986,1044.095,1540.803,-135.509
BRB,2018,XDC,16252.296,1524.01,2228.28,395.566,1832.714,0,2109.603,0,204.798,8210.514,276.223,8691.535,9165.055,1761.062,0,0,0,51.987,0,0,1857.781,263.568,205.616,890.35,633.66,358.008
BRB,2019,XDC,16473.343,1529.216,2631.618,533.441,2098.176,0,2159.472,0,65.037,8286.287,257.269,8608.593,9592.422,1753.319,0,0,0,44.448,0,0,1863.412,61.546,288.005,868.061,661.155,457.686
BRB,2020,XDC,17062.897,1372.595,3271.446,642.468,2628.978,0,2196.31,0,85.252,8190.048,265.897,8541.197,10575.876,1665.889,0,0,0,37.862,0,0,1918.098,36.922,139.761,740.094,632.501,267.048
BRB,2021,XDC,17807.542,1528.907,3840.038,674.841,3165.196,0,2261.063,0,144.517,8132.559,249.081,8526.158,11245.375,1698.173,0,0,0,0,0,0,1979.543,45.035,160.918,702.167,826.74,324.953
BRB,2022,XDC,18586.336,1580.441,4004.778,700.362,3304.416,0,2462.606,0,157.1,8393.728,296.49,8847.318,11950.891,1639.38,0,0,0,0,0,0,2091.368,39.988,212.808,703,877.441,257.708
BRB,2023,XDC,18910.784,1520.297,3977.026,671.568,3305.458,0,2651.923,0,142.649,8612.481,304.438,9059.568,12103.864,1599.874,0,0,0,0,0,0,2231.087,16.69,233.951,759.847,760.449,263.5
BRN,2015,XDC,19656.08,7340.072,2034.86,249.081,1785.779,0,523.677,0,457.006,7313.913,440.798,8211.717,3606.678,9685.805,0,0,0,8.698,0,0,2546.321,601.096,1153.427,269.412,7070.66,238.888
BRN,2016,XDC,20501.632,9203.494,2143.525,245.561,1897.964,0,472.342,0,194.264,6860.73,371.379,7426.373,3539.618,9907.304,0,0,0,0,0,0,2699.327,512.795,1923.552,152.966,9050.529,510.173
BRN,2017,XDC,20048.892,9621.393,1769.411,171.594,1597.817,0,331.668,0,175.016,6499.078,180.042,6854.136,3316.289,10110.037,0,0,0,0,0,0,2213.388,89.478,2190.584,399.354,9222.039,257.478
BRN,2018,XDC,20746.856,10293.041,1714.07,164.787,1549.283,0,346.261,0,574.716,6295.517,192.667,7062.9,3189.896,10655.825,0,0,0,0,0,0,2274.046,125.206,2124.928,705.769,9587.272,340.601
BRN,2019,XDC,20931.11,9707.123,2375.231,175.334,2199.897,0,333.387,0,482.675,6419.837,23.761,6926.273,3505.008,11009.271,0,0,0,0,0,0,2479.077,81.929,1860.92,299.782,9407.341,106.027
BRN,2020,XDC,20775.8,9872.589,1778.943,174.618,1604.325,0,387.256,0,411.084,6429.893,23.759,6864.736,4320.472,9996.522,0,0,0,0,0,0,2578.282,86.645,878.066,1043.273,8829.317,0.265
BRN,2021,XDC,21985.855,10040.615,2794.362,164.248,2625.114,5,341.851,0,362.249,6603.808,23.758,6989.815,4593.972,10058.388,0,0,0,0,0,5.413,2626.997,24.336,2247.315,463.358,9577.257,146.864
BRN,2022,XDC,23058.612,10838.306,2854.902,166.475,2688.427,0,358.526,0,254.152,6998.016,23.762,7275.93,4677.813,10185.171,0,0,0,0,0,11.98,2666.421,72.083,3281.102,333.457,10504.849,99.635
BRN,2023,XDC,22291.357,10529.449,1778.654,155.138,1623.515,0,436.298,0,296.829,7272.651,23.761,7593.241,4710.373,10580.003,0,0,0,0,0,10.388,2881.597,23.547,1478.541,583.232,9946.218,69.96
BRN,2024,XDC,23490.119,11639.089,1398.357,164.919,1199.455,33.984,381.905,0,218.32,7494.013,53.638,7765.97,4680.724,11236.362,0,0,0,0,0,0.228,3050.622,25.623,1242.811,903.993,10735.096,44.958
BRN,2025,XDC,24129.534,11593.711,1870.373,164.937,1652.955,52.481,400.472,0,212.941,7679.519,33.959,7926.419,4804.518,11497.661,0,0,0,0,0,12.27,3190.033,16.117,1283.45,938.435,10655.276,48.49
BTN,2015,XDC,106119.651,4494.799,18298.651,2819.195,15479.455,0,5465.188,0,4865.112,59649.596,874.684,65389.391,37841.655,33446.615,0,0,0,809.029,0,0,16531.719,0,2223.617,0,4494.799,2795.393
BTN,2016,XDC,123201.55,3759.295,25197.764,2120.356,23077.408,0,7373.523,0,2497.092,69854.348,2449.89,74801.33,43934.362,43948.724,0,0,0,342.102,0,0,16791.827,0,2521.101,0,3759.295,3593.797
BTN,2017,XDC,141544.681,3750.161,24038.202,2496.5,21541.702,0,11961.675,0,4478.102,81492.7,1893.016,87863.818,53499.77,46909.192,0,0,0,122.879,0,0,15050.575,0,5476.445,279.6,3470.561,6275.395
BTN,2018,XDC,150408.318,4431.496,20189.931,2640.862,17549.069,0,8967.793,0,4518.792,96867.954,1465.859,102852.605,58045.944,49208.792,0,0,0,484.224,0,0,17347.169,0,5237.618,258.275,4173.221,5859.802
BTN,2019,XDC,176054.819,5497.192,24884.942,1924.752,22960.189,0,3688.165,0,4579.68,114352.148,760.038,119691.865,54609.491,58038.04,0,0,0,387.037,0,0,18319.126,10.187,13348.699,236.95,5260.242,8812.634
BTN,2020,XDC,206868.701,5586.551,51155.672,2983.676,48171.996,0,5476.57,0,5770.902,122996.063,388.723,129155.688,74368.791,69130.181,0,0,0,312.363,0,0,17748.311,90.255,20118.323,215.626,5370.925,9390.631
BTN,2021,XDC,230501.945,4205.823,57016.604,3073.891,53942.713,0,15605.822,0,5931.142,132785.501,550.603,139267.246,86457.112,80929.807,0,0,0,198.643,0,0,19188.673,6.94,20305.919,194.301,4011.522,8168.672
BTN,2022,XDC,252788.136,5614.003,40584.136,2683.342,37900.794,0,27328.253,0,3488.144,154604.995,1207.03,159300.17,95804.384,91381.798,0,0,0,70.759,0,0,22019.749,580.96,19183.746,172.976,5441.027,3563.31
BTN,2023,XDC,277983.27,6169.936,31846.278,2394.679,29451.599,0,29279.423,0,4029.085,177785.144,1381.384,183195.613,99488.269,99494.911,0,0,0,0,0,0,25653.487,627.465,19299.206,151.651,6018.284,5776.261
BTN,2024,XDC,307945.268,5131.346,47471.575,2352.035,45119.54,0,25486.503,0,6966.994,191497.528,1017.955,199482.477,110779.025,112288.353,0,0,0,0,0,0,26997.418,600.01,20471.249,130.327,5001.019,6305.52
BTN,2025,XDC,375733.188,10593.664,68851.718,3179.71,65672.008,0,21760.652,0,11648.822,223475.203,891.663,236015.688,146416.51,135958.442,0,0,0,0,0,0,30782.637,21.358,16065.183,109.002,10484.662,7868.59
BWA,2015,XDC,88586.764,9878.905,13955.775,1020.239,2982.992,9952.544,1889.346,8.141,1254.796,49278.726,3090.894,53632.557,11969.992,53204.454,0,0,2935.587,1162.863,0,235.772,9588.27,2.025,311.184,2186.69,7692.215,-2240.254
BWA,2016,XDC,93268.981,9495.022,13908.784,1090.418,3599.047,9219.319,3177.882,0.018,809.04,53690.043,2293.196,56792.297,13985.901,54676.345,0,0,2994.628,1201.284,0,96.889,10352.458,11.49,171.366,2600.778,6894.244,-2717.152
BWA,2017,XDC,97463.689,11486.343,10578.936,1244.367,2986.992,6347.577,4254.346,0.342,699.384,56514.148,2364.969,59578.843,15328.415,55137.442,0,0,3133.411,1984.206,0,181.794,10689.295,26.551,302.539,2696.223,8790.12,-3581.407
BWA,2018,XDC,105166.851,13306.662,13749.344,1467.042,3033.041,9249.261,3409.845,0,738.382,60244.237,2987.901,63970.521,15317.371,61185.237,0,0,3780.983,2189.831,0,101.482,11164.345,13.661,229.321,3139.336,10167.326,-2685.197
BWA,2019,XDC,114390.813,13057.919,15415.701,1899.358,3172.31,10344.032,4563.702,0.01,924.135,64511.842,3368.3,68804.287,18052.645,64743.278,0,0,3630.224,2169.643,0,145.742,11798.22,0,173.919,3154.173,9903.746,-1992.229
BWA,2020,XDC,117592.985,14296.57,14412.561,2048.534,2097.136,10266.891,6434.436,1.07,949.759,67928.261,3907.342,72786.432,21028.259,66246.605,0,0,4362.278,1915.947,0,139.333,12007.737,45.028,142.892,3280.966,11015.605,-1239.043
BWA,2021,XDC,123905.36,17622.182,7458.662,1780.049,1936.564,3742.048,10844.088,1.291,354.122,71594.141,4426.381,76375.935,21952.983,69869.099,0,0,4646.838,1626.735,0,141.899,11475.971,0,164.338,3864.47,13757.712,-1441.467
BWA,2022,XDC,132420.901,20552.642,6673.778,1806.881,1636.38,3230.517,12009.573,0.001,532.262,74932.069,5271.197,80735.529,22596.046,75774.117,0,0,4892.456,1256.521,0,183.807,12973.861,249.09,205.651,4589.268,15963.373,-2749.296
BWA,2023,XDC,145529.206,19135.411,13494.837,2018.331,6380.689,5095.817,14074.919,0.101,2241.151,79121.083,5436.846,86799.182,28717.352,78975.983,0,0,4759.842,1443.21,0,131.119,14373.773,0,246.749,6869.083,12266.328,-2012.762
BWA,2024,XDC,158299.017,24008.908,5703.485,2088.769,2414.968,1199.749,20703.255,0.138,1725.416,86435.655,5510.528,93671.738,30693.393,81752.986,0,0,4679.909,1740.251,0,195.003,15852.394,4174.196,223.77,6468.895,17540.014,-1693.411
BWA,2025,XDC,160580.105,21670.235,6085.03,2106.628,2368.939,1609.462,22229.858,0.027,2019.78,89110.295,4629.395,95759.497,32821.954,83132.931,0,0,3676.8,1285.563,0,240.905,17655.839,3391.306,303.434,3828.684,17841.551,-592.797
CAF,2015,XDC,230552,25848,26778,8357,18421,0,39765,0,3229,115319,2422,120970,64812,58181,47,0,0,0,0,0,39602,0,14801,10598,15250,25320
CAF,2016,XDC,250886,30596,23773,6545,17228,0,34597,0,3364,130582,8163,142109,68924,60002,227,0,0,0,0,0,41591,166,15107,15521,15075,29537
CAF,2017,XDC,269486,38810,39960,6312,33648,0,27299,,1168,131966,10610,143744,79667,58745,569,,,0,,,53540,636,16392,9162,29648,31102
CAF,2018,XDC,295855,36283,48130,9926,38204,0,28799,,3556,149215,7759,160530,97754,61508,546,,,0,,,52476,297,18355,12041,24242,30765
CAF,2019,XDC,314974,60720,43413,8561,34852,0,27743,,4385,149065,5303,158753,118497,62463,378,,,0,,,53799,59,16854,8532,52188,30047
CAF,2020,XDC,346507,52878,68109,9058,59051,0,25257,,8500,152965,10551,172016,137931,67948,1893,,,0,,,50673,3109,17444,13368,39510,25894
CAF,2021,XDC,377722,89777,38458,6407,32051,0,45337,,11862,160867,1029,173758,163203,74686,687,,,0,,,58702,1234,14124,6733,83044,27961
CAF,2022,XDC,411792,99015,38519,5791,32728,0,21378,,18263,189720,8300,216283,158750,75339,451,,,0,,,61134,3200,10784,28493,70522,37044
CHE,2015,XDC,2439577.89,692547.57,394345.689,7349.974,386980.183,15.533,11144.89,37932.273,0,1024959.831,65611.145,1128503.25,476705.171,381486.149,226705.679,499.416,37198.717,0,0,4529.756,217760.534,782.45,902.556,802406.9,-109859.33,77564.077
CHE,2016,XDC,2516273.063,654025.853,455630.118,7534.23,447892.437,203.451,11255.282,39380.162,0,1054988.363,66864.76,1161233.285,504921.04,375661.418,242973.201,1026.45,39876.692,0,0,2072.148,232724.78,1319.029,862.564,800302.005,-146276.152,80405.21
CHE,2017,XDC,2556686.502,639953.428,456299.81,7351.349,448930.214,18.247,9512.07,37668.309,0,1081365.972,67645.107,1186679.388,540891.689,367202.769,270466.686,1383.479,50246.915,0,0,2479.969,238417.85,732.564,918.41,734576.287,-94622.859,85128.078
CHE,2018,XDC,2577526.237,615544.565,466493.102,7098.966,459371.47,22.667,7080.534,38192.673,0,1113271.638,73088.423,1224552.734,567187.689,365615.935,267870.109,1719.026,45238.686,0,0,3459.618,245469.59,426.728,838.993,708609.669,-93065.104,107234.893
CHE,2019,XDC,2659881.706,607954.96,493331.427,7141.648,486139.208,50.571,5606.705,36638.936,0,1148515.429,81666.67,1266821.035,581569.557,368579.453,262716.547,2277.348,47803.143,0,0,4862.526,254168.333,7280.074,735.551,711536.423,-103581.462,132185.173
CHE,2020,XDC,2851806.253,632520.044,605360.564,6268.999,599049.448,42.117,10843.81,36837.445,0,1185867.299,88474.693,1311179.437,629062.108,376755.62,290119.613,1429.682,65593.727,0,0,5053.263,250368.08,18280.41,635.956,793337.584,-160817.539,129267.811
CHE,2021,XDC,2971607.701,671064.427,627434.988,5744.229,621650.226,40.533,8009.149,35648.527,0,1221912.937,88679.153,1346240.618,662208.146,359433.327,326356.419,2058.53,71612.22,0,0,4879.344,254049.185,15660.946,712.818,820268.319,-149203.893,135509.93
CHE,2022,XDC,2894359.054,660520.092,533606.987,5543.064,444822.242,83241.682,8924.762,33971.117,0,1241934.625,95394.168,1371299.911,657869.158,376288.841,291077.147,713.845,49436.087,0,0,7304.597,269703.693,6024.065,615.517,750996.852,-90476.76,164321.953
CHE,2023,XDC,2767566.17,563939.51,503825.324,5175.574,431979.864,66669.887,9783.666,34590.17,0,1258942.366,91336.477,1384869.014,536889.085,480046.157,266306.084,1115.939,46131.96,0,0,9897.072,267147.578,39150.93,702.522,631873.941,-67934.431,183156.247
CHE,2024,XDC,2804510.428,583733.471,481363.916,4643.865,403035.121,73684.929,8872.213,37616.683,0,1278173.876,98111.091,1413901.65,551941.142,487629.826,282755.838,1302.173,41913.58,0,0,2247.315,242218.592,1827.218,473.77,682919.778,-99186.307,192642.016
CHE,2025,XDC,2828905.896,564281.636,465694.48,4576.284,403789.959,57328.237,10721.816,39156.671,0,1323690.865,96917.139,1459764.675,663418.365,429191.623,282356.194,867.679,45016.633,0,0,3446.602,234594.859,1317.966,422.259,645056.556,-80774.921,194773.87
CHL,2015,XDC,189401369.187,6698489.697,14883878.043,2560170.899,6773011.229,5550695.915,4269438.298,0,310149,128713973.055,7049032.722,136073154.777,29497335.585,58212116.842,1336568.629,31978317.348,0,995638.132,0,0,15009119.473,18067.223,7434560.501,12394442.555,-5695952.858,5048792.128
CHL,2016,XDC,196719404.233,6661136.493,16167477.721,2377338.156,6621800.153,7168339.412,5307374.092,0,354513,135064397.071,8022079.681,143440989.752,30029337.118,61988150.294,1447307.137,32189292.734,0,1271133.541,0,0,17460962.459,12997.563,7405230.122,11605504.411,-4944367.918,8167062.681
CHL,2017,XDC,204059356.492,4955474.991,16052674.508,2431040.304,5351654.626,8269979.578,9051182.115,0,396130.346,141332868.573,6698492.808,148427491.727,31722429.181,58416476.809,1560086.774,36486824.65,0,1297442.025,0,0,18106183.982,186.552,7423741.275,11906136.054,-6950661.063,11567316.039
CHL,2018,XDC,222403605.243,4620031.346,16561405.899,2741427.313,5689279.197,8130699.389,8304396.846,0,455625.96,155430678.991,8686733.83,164573038.781,34385865.164,64685504.005,1719431.29,34209147.99,0,1506156.764,0,0,20184221.422,195.831,7008984.357,14534169.529,-9914138.183,15825196.519
CHL,2019,XDC,265629746.578,7811757.81,20818953.492,3193165.593,7003633.184,10622154.714,10407918.676,0,512522.511,170815607.364,10531599.2,181859729.075,42074218.994,69602989.3,1963012.408,39120405.527,0,2096871.8,0,0,21765831.131,197.452,8546671.234,17102099.751,-9290341.942,18626061.456
CHL,2020,XDC,297513590.812,9608366.829,35906165.03,2641813.322,21362669.671,11901682.037,18710649.914,0,606010.796,177614737.666,10266884.746,188487633.208,63291193.183,68681736.109,2248404.715,29794897.007,0,2314440.978,0,0,21848076.823,22029184.122,6933327.284,10642652.866,-1034286.037,24928901.893
CHL,2021,XDC,331316380.037,11446636.926,38844667.1,3457392.898,9301299.52,26085974.682,22660011.306,0,751992.668,193996993.756,12636429.994,207385416.418,74768113.353,75870363.678,2525173.561,22575955.129,0,1788732.248,0,0,24274071.836,28343241.778,6093732.73,16190166.583,-4743529.657,27907180.853
CHL,2022,XDC,368098084.878,11832217.473,41498038.125,3451085.717,13453198.834,24593753.574,24625041.407,0,497936.543,217958898.975,11851612.556,230308448.073,56222671.508,102287166.997,2704867.808,31591859.415,0,2041592.186,0,0,27997112.613,28273094.115,7970188.343,18475900.259,-6643682.786,30699291.834
CHL,2023,XDC,371385422.678,11531308.179,45598625.804,3245403.635,12263698.746,30089523.423,24453119.544,0,495832.667,225200883.334,12299606.355,237996322.356,54581072.307,101582058.595,2806107.405,38316973.25,0,3104508.343,0,0,31532053.767,28776896.22,8226465.779,20149507.473,-8618199.295,30503732.743
CHL,2024,XDC,365595396.077,12896871.446,21618983.628,3021889.85,9778958.31,8818135.468,27088930.416,0,700794.487,233522292.2,14786067.756,249009154.442,58421443.404,100010149.805,2825752.276,48764425.047,0,3468223.188,0,0,34396904.924,751658.621,6872677.941,22289751.173,-9392879.727,32812953.554
CHL,2025,XDC,374310947.334,11181890.186,23309533.18,3087518.099,10458115.052,9763900.029,30891131.494,0,726715.735,238316758.261,15118509.908,254161983.904,60388170.593,100699629.595,2723485.343,47130144.056,0,6211843.365,0,0,36641793.629,124921.596,5886518.099,24716601.045,-13534710.859,35021431.443
CIV,2015,XDC,8578005,925356.864,828053,219964,608089,0,1339312,0,208746,4509576.356,104561.781,4822884.136,2770967.798,2160743.764,286746,0,14190,115575,0,0,605873,700696,431294,686776.438,238580.425,142744
CIV,2016,XDC,9834895,1229653.575,669175,223847,445328,0,1716389,0,314315,5040103.332,110590.093,5465008.425,3222882.807,2353613.872,267273,0,12036,141366,0,0,647423,1091681,425822,875202.321,354451.254,42926
CIV,2017,XDC,11386677,1468948.278,659660,217712,441948,0,2055534,0,312028,5859971.103,126577.619,6298576.722,3617925.826,2651422.927,283953,0,9949,167051,0,0,882431,1054626,521846,1256877.248,212071.03,36637
CIV,2018,XDC,12463235,1280396,855728,228716,627012,0,2418800,1370,568818,6256108,181797,7008093,4234707,3046163,352793,0,2627,142184,0,0,939277,1034680,519459,950597,329799,340530
CIV,2019,XDC,14042904,1482493,1253744,285301,968443,0,2887723,11729,510376,6729631,182384,7434120,4609765,3463804,384432,0,1341,147861,0,0,1125532,1330136,664282,1087390,395103,243537
CIV,2020,XDC,16717992,1613013,1584903,328756,1256147,0,4076371,3730,444315,7454083,218847,8120975,5840420,3908795,513239,0,1056,116955,0,0,1324513,1684190,950457,862342,750671,193295
CIV,2021,XDC,19181227,2249216,2275325,339738,1935587,0,4263010,3399,440164,8467616,228102,9139281,7188530,4573731,566002,0,493,226492,0,0,1609360,1581083,1151215,987068,1262148,42858
CIV,2022,XDC,21934587,2758762,2403681,386554,2017127,0,5594926,3715,421034,9217721,164180,9806650,8192156,4708999,738342,0,139,202857,0,0,1829321,2545188,1159948,1176332,1582430,10737
CIV,2023,XDC,22673953,2625472,1618548,366434,1252114,0,5415270,3406,399132,10724319,269749,11396606,8340466,5076323,776190,0,0,216892,0,0,2135483,2049062,1014026,1633032,992440,-185578
CIV,2024,XDC,26793959,2927551,2380860,521755,1859105,0,6408456,28000,476453,11886022,317401,12707876,9978316,5460644,877925,0,0,355018,0,0,2461219,2559479,1258552,1375822,1551729,97768
CIV,2025,XDC,32999101,3269973,3599061,643842,2955219,0,7427396,56405,530113,13157808,658256,14402582,11986529,6401901,1016024,0,0,706544,0,0,2961963,1601936,2065036,2236931,1033042,-277852
CMR,2015,XDC,5224856,661243,821830,139001,682829,0,469473,0,196371,2695114,10639,2902124,1475447,1465486,22608,0,0,6903,0,0,479396,97576,501490,305431,355812,500333
CMR,2016,XDC,5641549,895431,707087,155481,551606,0,592944,0,210804,2872075,11158,3094037,1492810,1537245,31356,0,0,0,0,0,496308,297116,530292,282834,612597,621538
CMR,2017,XDC,5952617,975039,766798,147088,619710,0,705168,0,146191,2939690,11051,3096932,1586737,1591725,44751,0,0,0,0,0,563121,72542,692588,292899,682140,699574
CMR,2018,XDC,6607691,908242,910500,172721,737779,0,788023,0,242790,3252321,12635,3507746,1805925,1864735,35784,0,0,0,0,0,637249,38221,618381,310598,597644,803618
CMR,2019,XDC,7212738,1107870,1056891,177780,879111,0,990952,0,230754,3267468,31504,3529726,1909403,1997792,33983,0,0,0,0,0,668678,30700,677428,408334,699536,959121
COD,2015,XDC,5309916.056,1523928.118,549166.635,98337.501,403829.134,47000,161901.275,62056.477,80766.038,2194922.96,19276.651,2357022.125,2141815.799,1397905.067,16391.867,0,0,18641.378,0,0,712830.105,25293.317,186877.741,307071.322,1216856.796,-214808.443
COD,2016,XDC,6574345.844,1985870.657,540345.83,83426.387,448419.443,8500,259667.072,65087.065,148352.142,2761671.008,26887.062,3001997.278,2495869.848,1684952.592,44091.702,0,0,15275.015,0,0,787151.343,245566.744,244081.438,404896.022,1580974.635,-134003.868
COD,2017,XDC,8571984.755,3447249.508,568033.455,100610.457,435503.864,31919.135,255277.583,42188.399,159120.159,3024773.668,21301.603,3247383.828,3347706.74,2347888.412,25301.133,0,0,100663.417,0,0,1127981.32,234784.906,163505.186,362169.141,3085080.368,-192055.88
COD,2018,XDC,12036762.251,4056089.752,1059533.173,138518.079,796734.33,124280.765,249515.532,114139.096,379693.56,4453687.937,13922.531,4961443.124,4808234.235,3213803.996,32184.219,0,0,56937.36,0,0,1232806.579,350231.062,355571.653,305568.92,3750520.832,-28756.442
COD,2019,XDC,15257068.315,5624674.813,1856954.418,167122.57,1529184.513,160647.335,424702.615,178165.831,491062.866,5095021.855,30776.37,5795026.921,6354329.987,4270342.838,36673.247,0,0,27460.875,0,0,1783791.68,426212.305,356463.174,492437.299,5132237.514,-46352.637
COD,2020,XDC,22053606.743,11143348.773,1507894.536,231891.363,1227486.156,48517.017,317303.516,170644.163,572116.089,6683959.634,60354.39,7487074.277,10718813.356,5823270.647,34629.951,0,0,31448.75,0,0,2120636.407,365392.557,456526.263,631618.071,10511730.702,273285.1
COD,2021,XDC,30766402.689,15731103.325,2835917.24,255693.782,2314759.731,265463.727,508829.981,199818.529,664798.74,7921743.806,71184.839,8857545.914,15158841.807,7366849.006,183453.168,0,0,36202.624,0,0,2498602.135,814146.337,708506.175,1167648.827,14563454.498,-853.618
COD,2022,XDC,33248136.565,12683471.922,4258380.24,272250.126,3592873.254,393256.86,483877.729,210741.674,1040946.005,12041950.904,76848.488,13370487.071,14955114.93,8282562.285,147605.857,0,0,45455.829,0,0,3221308.344,261180.256,1754205.124,1370897.57,11312574.352,757886.768
COD,2023,XDC,47607804.217,17693294.637,4975575.294,322237.012,4053086.804,600251.478,571887.356,254174.078,1664973.671,19173477.348,77443.542,21170068.64,20751172.493,11928542.909,105677.107,0,0,61532.286,0,0,5087946.635,131457.972,1531524.723,3364690.843,14328603.794,1448280.959
COG,2015,XDC,2272870,382461,497622,46249,451373,0,39050,0,62684,1115058,44125,1221867,1258527,349396,18599,0,0,0,0,0,278290,6000,60685,95250,287211,74253
COG,2016,XDC,2194068,288246,266460,44934,221526,0,184557,0,84888,1155903,39641,1280432,1015482,362131,3091,0,0,0,0,0,288469,22500,52194,210220,78026,65608
COG,2017,XDC,2014113,230233,199810,36004,163806,0,191395,,119899,1077583,45109,1242591,893448,318619,5710,,,0,,,288548,30000,79401,183306,46927,64997
COG,2018,XDC,1987260,244514,239848,47605,192243,0,175983,,73042,1060384,21233,1154659,843069,290715,2441,,,0,,,295615,66312,51137,176106,68408,89609
COG,2019,XDC,2227532,253501,258579,53031,205548,0,262849,,128547,1028609,29392,1186548,915384,373043,8950,,,0,,,365500,8,71674,162071,91430,64847
COG,2020,XDC,2385847,265393,327295,52153,275142,0,452159,,91289,1020352,19916,1131557,940902,538495,3377,,,0,,,290028,42658,82595,125857,139536,152492
COG,2021,XDC,2595616,262036,308365,50352,258013,0,546070,,104480,1136358,10701,1251539,1034919,528138,3341,,,0,,,338608,69317,94920,154379,107657,144388
COG,2022,XDC,3016972,252634,446698,59559,387139,0,713188,,81807,1252198,11261,1345266,1299257,671495,3910,,,0,,,408842,18000,95254,119363,133271,141665
COG,2023,XDC,3618422,345582,496845,72505,424340,0,934877,,242523,1274608,22866,1539997,1456836,719507,6846,,,0,,,418875,100263,260442,165375,180207,189157
COL,2015,XDC,564232500.311,32703899.678,28866712.938,12874702.096,15992010.842,0,43001036.145,7138444.677,9862590.183,377280967.462,11370394.814,405652397.136,47242862.886,155717200.065,860721.679,137334383.716,3491628.917,10208544.095,0,3989258.074,79070961.061,6923351.515,18295708.214,46764211.133,-14060311.455,325214.542
COL,2016,XDC,594408954.267,27894172.089,29117913.82,13767454.443,15350459.376,0,43017506.442,7316312.157,9610678.805,406280158.078,18241894.238,441449043.278,44340767.307,153151903.554,868816.037,169519958.247,13205772.532,8123056.021,0,2340208.397,83624391.251,5812730.145,19384822.632,35929047.813,-8034875.724,5177161.693
COL,2017,XDC,646754360.13,18038261.867,29129020.209,14284613.104,14844407.105,0,50419982.939,7894032.781,9424937.715,458277801.242,17633228.128,493229999.866,46390893.943,164296727.933,1013862.894,180708572.012,13095569.404,9297995.61,0,1996929.973,88010306.466,4196886.307,22900099.672,30181218.187,-12142956.32,28728202.478
COL,2018,XDC,701903082.948,45940501.857,32716607.124,15396294.716,17320312.408,0,53162894.805,9754884.365,7441137.691,452969672.995,21102162.985,491267858.035,217454780.2,3956062.784,2798940.686,77834431.601,107960077.837,8794605.585,0,3113149.547,96574365.217,9115975.104,20845039.708,47725159.432,-1784657.576,27048731.115
COL,2019,XDC,755824886.026,44986809.645,37059172.158,16506217.478,20552954.68,0,55543465.574,12388401.86,8770552.266,487891058.324,20594436.644,529644449.094,235210600.588,4065843.067,3209319.19,76259853.239,120021632.718,9304835.922,0,3813389.648,105695971.246,8566309.884,21449922.08,51809078.82,-6822269.175,27827140.07
COL,2020,XDC,830764657.303,55276945.101,40810810.011,17018228.847,23792581.165,0,73632324.61,12710705.826,8921203.546,518989479.909,26726692.104,567348081.384,293868323.238,4551064.842,3790288.469,75868917.168,108690046.445,11006750.576,0,6910833.905,109071105.272,9236497.562,23722253.018,48015532.12,7261412.981,42336548.493
COL,2021,XDC,923043098.295,72527447.054,39816262.689,17151840.79,22664421.898,0,82036300.756,14007457.799,9103259.257,571189769.364,29864440.469,624164926.889,354879372.852,4722446.624,4069121.613,78496388.715,100856826.167,12029710.422,0,5494404.869,124784451.34,10581799.169,28287095.531,51421600.799,21105846.254,42921719.286
COL,2022,XDC,1041672052.576,75046347.022,39675368.423,19127218.872,20548149.551,0,79012706.524,17942331.751,10693591.807,649808422.632,45281159.493,723725505.682,349764599.939,4865822.682,4442075.775,143074695.15,107734284.646,14738890.859,0,13466540.499,127811247.58,5443627.482,29624287.284,81759102.046,-6712755.024,34734753.709
COL,2023,XDC,1086859121.506,71594135.139,44325835.155,18970773.079,25355062.076,0,87832812.215,22417550.276,14994556.919,659804864.282,46432861.922,743649833.399,336824766.078,5404281.976,6028154.726,181005742.178,125675483.629,17064570.919,0,9944829.363,126254320.11,8898156.683,36343310.488,68179230.893,3414904.246,25779768.867
COL,2024,XDC,1133494221.121,76005137.475,41216922.57,19738341.708,21478580.862,0,116704158.521,24345036.384,18951818.833,674247061.696,49631863.477,767175780.39,371424162.373,5411768.238,4368803.247,197173229.284,119304463.888,15683935.771,0,5752367.674,138305339.376,23725101.946,37116041.669,62675282.284,13329855.191,20161503.205
COL,2025,XDC,1213742257.669,62841244.144,38040024.196,19786460.916,18253563.28,0,136781971.158,26156541.514,20671319.221,738517278.757,57829183.584,843174323.076,410808238.658,5710804.483,5748282.465,220933932.48,126276299.026,16355904.515,0,7831319.719,131006854.018,26505916.887,39820407.783,57147653.861,5693590.283,32691948.68
COM,2015,XDC,123864.896,5904.135,30350.549,2817.368,27533.181,0,1005.614,110.097,797.057,66870.359,0,67777.514,43952.989,37380.474,0,0,0,1553.561,0,0,15086.567,0,1896.856,4066.731,1837.405,1100.635
COM,2016,XDC,146170.179,14197.9,31007.486,3254.544,27752.942,0,3861.184,0,2898.641,71721.166,0,74619.807,53395.39,41179.689,0,0,0,1177.636,0,0,14890.079,0,4600.806,7331.178,6866.722,1111.598
COM,2017,XDC,141013.35,7722.727,30106.936,3106.561,27000.375,0,2088.983,77.037,2268.324,76293.355,0,78638.715,49985.662,41775.732,0,0,0,960.233,0,0,13814.103,0,2675.713,6204.702,1518.025,3141.217
COM,2018,XDC,150764.56,8233.738,36973.911,2950.406,34023.505,0,1457.708,32.768,2016.927,77228.946,0,79278.641,54311.296,45747.432,0,0,0,1010.254,0,0,16549.874,0,2276.285,3302.069,4931.669,2746.788
COM,2019,XDC,161196.292,10835.025,37177.459,3317.375,33860.084,0,4001.408,44.877,768.039,80362.652,0,81175.569,59180.927,48611.336,0,0,0,1177.467,0,0,18249.328,0,1936.054,3167.89,7667.135,866.458
COM,2020,XDC,173626.201,10155.738,55503.659,4166.748,51336.911,0,2426.709,41.693,1484.143,77509.667,0,79035.502,68090.603,52677.747,0,0,0,616.72,0,0,15800.382,0,3036.441,3523.478,6632.26,3376.238
COM,2021,XDC,203790.045,8318.734,67161.325,5518.701,61642.624,0,3809.848,64.133,6651.441,84878.007,0,91593.581,86356.477,60679.382,0,0,0,672.928,0,0,18180.461,0,3796.963,3883.175,4435.559,-2685.898
COM,2022,XDC,211289.73,8183.32,49520.07,5612.1,43907.97,0,2661.79,0.27,18719.3,95594.71,271.87,114586.15,83317.74,66418.47,0,0,0,1409.01,0,0,20673.56,0,3793.19,4153.33,4029.99,-4813.96
COM,2023,XDC,242360.281,7877.998,56909.206,7057.618,49851.588,0,5970.417,0.328,13877.395,108729.161,323.849,122930.734,96671.97,72285.168,0,0,0,3143.272,0,0,16519.555,0,4946.334,4013.953,3864.045,-3891.898
COM,2024,XDC,249503.31,6026.841,61254.884,7622.683,53632.201,0,12742.78,0.516,14009.656,109549.315,650.557,124210.044,113467.395,69211.322,0,0,0,1688.222,0,0,20077.569,0,7399.036,2774.42,3252.421,-10411.81
CPV,2015,XDC,223853.488,25901.443,39656.562,2094.835,34651.727,2910,33240.084,3379.468,3588.948,97400.51,0,104368.926,55318.01,92634.706,361.625,0,1147.856,341.667,0,0,15685.095,0,7915.55,26052.331,-150.888,3710.173
CPV,2016,XDC,243077.818,25731.826,49613.408,2303.486,44432.922,2877,37470.834,3372.562,3849.581,100724.546,0,107946.689,63437.133,97335.571,201.321,0,1298.952,520,0,0,14470.806,0,11806.787,25973.186,-241.361,5719.003
CPV,2017,XDC,257471.112,29399.35,50082.085,2429.426,44752.659,2900,40391.902,3440.448,4588.06,107305.621,0,115334.13,76277.296,95460.682,507.436,0,1250,1063.07,0,0,15609.977,51.7,13270.176,24994.086,4405.263,6723.048
CPV,2018,XDC,265182.745,24883.264,51671.526,2396.958,46282.516,2992.051,45245.356,3685.477,5768.104,109577.72,0,119031.301,80059.093,93982.828,552.547,0,750,946.34,0,0,15846.375,45.658,17724.726,25679.739,-796.475,5244.14
CPV,2019,XDC,279721.768,25205.175,65100.849,2648.611,56516.396,5935.842,40659.72,3925.397,6013.698,113566.986,0,123506.08,90368.071,98738.022,821.275,0,1000,346.967,0,0,20253.98,0,19715.48,26291.577,-1086.402,-3063.549
CPV,2020,XDC,290355.191,27256.738,64301.153,2485.326,55515.169,6300.658,44680.877,4062.599,5681.126,119670.228,0,129413.952,92161.237,99691.431,541.801,0,1000,300,0,0,23640.858,4956,20909.726,26126.533,1130.204,-3674.865
CPV,2021,XDC,311773.273,34349.514,61042.017,3268.995,52466.715,5306.307,52915.712,3915.378,5783.176,127717.385,0,137415.938,96098.595,102070.327,754.702,0,1661.59,280.301,0,0,27553.851,10297,18621.617,31154.708,3194.806,-2769.51
CPV,2022,XDC,340312.971,37958.866,67177.167,2940.585,56033.038,8203.544,63182.021,3582.856,6856.596,134831.169,0,145270.621,108353.11,101437.419,771.997,0,3839,246.967,0,0,30266.857,14225,21013.196,33304.579,4654.287,130.55
CPV,2023,XDC,359710.545,42643.999,72141.342,3665.373,61517.161,6958.808,62846.635,3098.143,7512.345,141851.517,0,152462.005,119678.23,103771.793,696.611,0,4902.67,331.784,0,0,33409.275,12991,22678.095,32595.432,10048.567,-960.908
CPV,2024,XDC,378245.595,58572.563,68592.453,3211.446,55460.513,9920.495,62624.425,2905.232,6589.625,149341.164,0,158836.021,128743.966,111459.974,552.685,0,4510.87,298.451,0,0,36712.888,8884,25409.763,32067.447,26505.115,-14.582
CPV,2025,XDC,412260.936,53253.065,98671.837,3584.3,84578.422,10509.116,63628.314,2763.197,5647.284,159848.909,0,168259.391,148824.482,114492.167,897.341,0,2569.07,257.241,0,0,41517.839,2679.064,31163.259,40350.882,12902.183,1061.264
CRI,2015,XDC,28228312.249,875597.763,3655707.272,318501.868,2715903.43,621301.973,2048916.282,0,239697.806,16437663.81,403359.911,17080721.527,7881567.615,38541.484,335459.75,4727254.314,4270443.099,130485.943,0,0,3647820.024,625.644,191660.18,3351011.296,-2475413.533,-913926.507
CRI,2016,XDC,31097806.897,1009005.923,3947850.024,326025.844,2886935.572,734888.608,2290096.275,0,295009.65,18540433.251,326784.56,19162227.461,8576546.674,40605.451,397408.169,4608570.035,5420228.045,151188.347,0,0,4022501.521,111547.93,157571.372,3727973.977,-2718968.054,-804961.839
CRI,2017,XDC,33968776.573,1253739.936,4275415.92,362376.683,3278112.061,634927.176,2640221.331,0,313291.992,20112028.021,464780.299,20890100.312,8817950.452,55088.066,434347.592,4845550.189,6892959.781,176988.531,0,0,4308601.794,11386.282,292241.101,3860279.838,-2606539.902,-635916.127
CRI,2018,XDC,35385751.08,1347424.916,4717713.818,370986.448,3747780.765,598946.605,2537213.788,0,325338.852,21380576.462,327062.786,22032978.099,9517989.076,60847.443,374675.568,4501134.01,7645934.05,216616.706,0,0,4606583.694,284854.991,226886.964,3777614.356,-2430189.44,-577806.235
CRI,2019,XDC,36125612.905,1462359.832,4909414.802,409342.636,3802685.841,697386.326,2757163.142,0,546260.128,20895931.292,231461.062,21673652.482,10308848.785,50650.843,387958.729,4532356.308,7745666.373,178902.345,0,0,4950488.432,1422.644,223223.791,3143154.658,-1680794.827,-720082.649
CRI,2020,XDC,39849748.755,2214078.281,5099732.594,462143.981,4022637.13,614951.483,3838685.544,0,694543.42,21601331.126,244169.462,22540044.008,13630474.364,56327.748,408739.163,4307496.475,7797867.55,178903.541,0,0,5131310.511,21666.853,227301.301,2934437.106,-720358.825,-1001984.186
CRI,2021,XDC,42984601.18,2207961.706,5759890.924,560185.597,4482519.019,717186.308,5307309.484,0,906484.683,22404722.157,395118.484,23706325.324,16369082.924,61946.21,475427.746,3613711.97,8223304.65,205423.538,0,0,5538011.892,835205.764,223179.815,2270735.341,-62773.635,-834542.413
CRI,2022,XDC,43176060.336,2709685.899,5811157.351,500830.499,4637313.207,673013.645,4678696.334,0,945368.922,23146474.72,366980.558,24458824.2,15506883.777,73577.096,503573.711,4004299.498,8760468.397,228134.111,0,0,5610560.155,790853.509,308590.888,2016238.01,693447.89,-144815.368
CRI,2023,XDC,43904955.008,2217148.741,6581203.353,478692.811,5116289.308,986221.235,4294257.321,0,995538.864,23575974.55,413488.561,24985001.975,15658664.871,67521.909,514716.313,4111597.83,9104032.375,257303.127,0,0,6055782.194,654439.146,284826.619,1482763.428,734385.313,-114036.422
CRI,2024,XDC,45904681.301,1952124.579,7428361.432,469570.378,5656626.37,1302164.684,3894290.594,0,989273.686,25036474.15,456762.484,26482510.32,17296432.068,52019.095,523343.838,4373763.698,8255429.865,264404.871,0,0,6282292.468,595165.517,265976.849,1408473.814,543650.765,439984.842
CRI,2025,XDC,46263688.842,2473703.35,7028318.4,444965.651,5403398.377,1179954.372,3795279.186,0,922365.674,25928832.783,460534.831,27311733.288,18275386.614,45098.057,576972.954,4125234.339,8930352.721,274007.824,0,0,6579993.733,19464.788,219718.016,1437113.616,1036589.734,125691.563
CYP,2015,EUR,,21504,,,,,2986,416,0,43659,7070,51145,10395,20941,1356,66,564,,,,,,174,25615,-4111,
CYP,2016,EUR,,18973,,,,,2864,387,0,41096,3789,45272,12706,21795,1459,1,275,,,,,,623,20905,-1932,
CYP,2017,EUR,,16366,,,,,3524,356,,38937,3929,43222,14163,21367,1623,22,491,,,,,,653,19576,-3210,
CYP,2018,EUR,,15817,,,,,5764,75,,29493,1834,31402,16483,19239,1570,4,381,,,,,,305,15634,183,
CYP,2019,EUR,,16172,,,,,5035,69,,24948,1653,26670,19698,17382,1607,4,378,,,,,,562,12808,3364,
CYP,2020,EUR,,16197,,,,,5189,65,,23806,1629,25500,23023,14692,1571,0,376,,,,,,496,11311,4886,
CYP,2021,EUR,,16350,,,,,3832,63,,22427,1188,23678,27134,13441,1245,0,448,,,,,,532,12641,3709,
CYP,2022,EUR,,14771,,,,,2897,59,,20976,948,21983,30157,11940,1095,0,463,,,,,,609,9869,4902,
CYP,2023,EUR,,17462,,,,,2689,58,,19632,899,20589,28725,13706,1152,14,1044,,,,,,797,9244,8218,
CYP,2024,EUR,,22186,,,,,2822,159,,19681,1023,20863,29422,16186,1083,-9,1113,,,,,,1284,9593,12593,
CZE,2015,XDC,5583766,724795,920970,41194,879776,0,666762,51443,0,2291325,316652,2659420,2633543,493839,256705,0,131181,0,0,94302,494923,0,52225,719175,5620,96054
CZE,2016,XDC,6055253,699422,1326752,40393,1286359,0,563765,45986,0,2449087,345765,2840838,2907734,405260,254249,1710,125361,0,0,91358,515902,0,38693,997774,-298352,92739
CZE,2017,XDC,7089639,676626,2341778,43381,2298397,0,456146,43560,0,2601560,338737,2983857,3224133,453044,255665,-78,107612,0,0,95932,550614,0,40225,1693826,-1017200,37435
CZE,2018,XDC,7356949,671781,2349795,45080,2304715,0,503536,46724,0,2777045,360734,3184503,3385558,529659,258988,5375,106611,0,0,97686,577982,0,59566,1678547,-1006766,9642
CZE,2019,XDC,7633995,647572,2449977,42861,2407116,0,504681,49552,0,2911233,388569,3349354,3529186,648189,258036,1029,106140,0,0,119822,625459,0,62480,1612893,-965321,-11649
CZE,2020,XDC,8028317,667742,2330575,41108,2289467,0,798498,54328,0,3029470,423864,3507662,4127130,456530,251374,978,75290,0,0,152319,674472,0,63427,1508733,-840991,-5774
CZE,2021,XDC,8612555,595379,2370123,36929,2333194,0,994129,57673,0,3281919,560560,3900152,4363733,554963,249852,-1084,126505,0,0,280608,703731,0,69601,1535097,-939718,-23217
CZE,2022,XDC,8952817,669395,2092082,32830,2059252,0,1158046,60769,0,3428245,765872,4254886,4100131,1153808,247566,726,182876,0,0,439603,897562,0,112096,1268540,-599145,-228486
CZE,2023,XDC,9945926,757791,2579724,31358,2548366,0,1377905,62102,0,3654689,637693,4354484,4297880,1544205,244122,3810,268852,0,0,270689,967868,0,366503,1355587,-597796,-249610
CZE,2024,XDC,10648173,866571,2775333,32698,2742635,0,1537117,61226,0,3869045,613571,4543842,4806538,1501008,275160,379,349881,0,0,205582,994971,0,364982,1497860,-631289,-273491
DEU,2015,EUR,,1914138,,,,,53012,521800,,2363896,1082144,3967840,1670232,828797,718858,20449,633790,,,,,,9643,924679,989459,
DEU,2016,EUR,,1907407,,,,,46768,491958,,2423228,1034003,3949189,1794775,830656,695540,19160,635930,,,,,,7890,1026121,881286,
DEU,2017,EUR,,1788447,,,,,34122,447528,,2520423,890673,3858624,1936554,818165,659337,17124,604542,,,,,,8702,1020506,767941,
DEU,2018,EUR,,1859357,,,,,25058,408622,,2615316,858251,3882189,2075548,810304,643203,12918,641484,,,,,,10528,988191,871166,
DEU,2019,EUR,,1942001,,,,,24585,391369,,2741378,1117181,4249928,2230929,803556,616703,10353,668726,,,,,,11211,1038877,903124,
DEU,2020,EUR,,1918640,,,,,20273,392372,,2861417,1263550,4517339,2508363,762074,567994,6290,629777,,,,,,48575,1128906,789734,
DEU,2021,EUR,,2041478,,,,,21847,369578,,3007438,1055158,4432174,2649339,743799,541466,9615,661597,,,,,,43485,1315476,726002,
DEU,2022,EUR,,2145583,,,,,21198,355005,,3198617,2025622,5579244,2712104,867314,517716,16149,732976,,,,,,66847,1475311,670272,
DEU,2023,EUR,,2211315,,,,,24982,354316,,3222655,1800569,5377540,2529967,1093304,556068,47869,773032,,,,,,52028,1421924,789391,
DJI,2015,XDC,351115.046,205676.89,21952.166,3871.63,18080.536,0,6242.5,0,9364.29,93510.04,0,102874.33,161568.29,87058.99,0,0,0,0,0,0,21549.05,3857.6,1801.4,49734.83,155942.06,11175.726
DJI,2016,XDC,371104.87,211498.11,26331.82,4403.64,21928.18,0,9182.2,0,10511.19,94614.75,0,105125.94,180538.14,90482.62,0,0,0,0,0,0,24931.41,1376.2,1281.2,41290.7,170207.41,12237.8
DJI,2017,XDC,446864.078,252843.203,50375.429,5315.575,45059.854,0,6935.1,0,9541.33,103951.6,0,113492.93,230450.341,104572.36,0,0,0,0,0,0,30187.134,2249.4,622.4,48396.273,204446.93,7168.774
DJI,2018,XDC,430885.19,238989.337,32540.133,4925.598,27614.535,0,5640.9,0,15214.93,112013.41,0,127228.34,214520.293,98732.6,0,0,0,0,0,0,32292.944,1393.2,430.9,38449.566,200539.771,18579.207
DJI,2019,XDC,471029.749,250172.35,42716.54,6498.18,36218.36,0,6024.09,0,17337.37,122699.31,0,140036.68,230767.61,112166.69,0,0,0,0,0,0,34563.23,1572.53,415.11,57755.8,192416.55,1708.69
DJI,2020,XDC,560340.93,311630.47,62143.51,6099.67,56043.84,0,5820.52,0,30810.66,118202.1,0,149012.76,297982.65,112536.78,0,0,0,0,0,0,38864.31,1579.17,400.66,68254.9,243375.57,8988.79
DJI,2021,XDC,618351.351,360138.94,51726.88,6367.21,45359.67,0,4338.69,0,49486.85,112133.711,0,161620.561,304850.92,129490.26,0,0,0,0,0,0,42522.48,1579.78,710.17,103364.3,256774.64,-4692.86
DJI,2022,XDC,602413.394,311215.31,57566.71,8615.61,48951.1,0,2730.21,0,63646.3,125588.4,0,189234.7,302507.05,124090.42,0,0,0,0,0,0,47594.009,1583.44,696.54,92914.61,218300.7,-8639.139
DJI,2023,XDC,634578,313044.98,49001.37,8084.15,40917.22,0,6819.49,0,63616.96,151198.48,0,214815.44,320109.18,143359.47,0,0,0,0,0,0,51849.96,433.12,2336.02,81272.99,231771.99,-15679.46
DJI,2024,XDC,666290.199,312451.408,42334.368,6948.35,35386.018,0,8578.968,0,73202.88,170478.987,0,243681.867,310239.032,169779.99,0,0,0,0,0,0,55771.411,435.46,4668.422,86650.01,225801.398,-20497.713
DJI,2025,XDC,762588.237,317037.35,92124.19,8088.92,84035.27,0,8398.76,0,77081.76,206823.021,0,283904.781,338453.38,177012.35,0,0,0,0,0,0,60054.76,730.28,4376.58,131877.73,185159.62,-11039.999
DMA,2015,XDC,2143.524,777.355,255.028,21.771,233.257,0,108.725,0.085,22.038,749.066,26.531,797.72,251.768,1114.263,0,0,0,0,0,0,77.366,1.112,133.314,360.527,416.828,0.478
DMA,2016,XDC,2447.505,840.675,495.731,19.781,475.95,0,117.555,0.036,23.214,730.393,67.736,821.379,304.401,1142.024,0,0,0,0,0,0,73.954,1.148,368.93,346.781,493.894,38.102
DMA,2017,XDC,2748.284,1221.31,420.629,23.983,396.646,0,112.995,0.094,21.243,718.311,66.78,806.428,408.541,1275.345,0,0,0,0,0,0,63.159,1.171,353.071,378.679,842.631,81.396
DMA,2018,XDC,2591.042,1067.621,315.614,22.91,292.704,0,222.082,0.021,20.045,706.558,66.495,793.119,411.686,1281.608,0,0,0,0,0,0,40.514,1.195,164.026,396.423,671.198,102.984
DMA,2019,XDC,2248.514,741.715,285.254,27.96,257.294,0,298.732,0,19.662,667.203,59.822,746.687,343.184,1141.962,0,0,0,0,0,0,53.959,1.219,181.922,311.659,430.056,38.483
DMA,2020,XDC,2333.418,752.638,291.533,22.296,269.237,0,379.199,0,0,724.847,56.731,781.578,275.98,1027.095,26.574,0,0,0,0,0,91.818,1.268,267.661,237.001,515.637,277.555
DMA,2021,XDC,2449.543,730.927,310.542,29.027,281.515,0,437.652,0,0,750.51,54.363,804.873,400.988,926.856,35.272,0,0,0,0,0,172.906,2.245,268.335,206.383,524.544,271.009
DMA,2022,XDC,2526.475,794.043,341.356,28.84,312.516,0,399.536,0,0,771.303,52.75,824.053,413.722,885.044,36.88,0,0,0,0,0,151.686,1.321,228.902,360.887,433.156,280.546
DMA,2023,XDC,2430.235,822.253,335.553,22.126,313.427,0,380.951,0,0,743.618,49.016,792.634,413.284,880.547,47.509,0,0,0,0,0,185.874,1.348,259.824,317.029,505.224,225.976
DMA,2024,XDC,2450.566,915.133,244.112,28.374,215.738,0,410.706,0,0,732.576,45.994,778.57,438.644,899.727,47.225,0,0,0,0,0,224.332,1.375,213.996,330.297,584.836,192.925
DMA,2025,XDC,2668.791,1080.961,262.826,28.261,234.565,0,413.429,0,0.03,744.498,55.79,800.318,542.15,931.617,63.131,0,0,0,0,0,270.587,0.893,194.976,351.725,729.236,202.455
DNK,2015,XDC,7647505,1205084,151552,10356,47086,94110,67606,137328,0,3461111,850274,4448713,962691,140866,232907,198113,2335640,0,0,483989,493977,41804,9382,989974,215110,-16386
DNK,2016,XDC,7913807,1303085,213104,9319,30908,172877,66210,138027,0,3510786,846325,4495138,1045572,136134,228248,18799,2594297,0,0,511509,477763,37425,7810,1065492,237593,-45505
DNK,2017,XDC,7967818,1418516,204494,8792,33994,161708,57850,139164,0,3548363,693756,4381283,1118445,136927,231016,9688,2674022,0,0,382239,474252,37670,7477,1103114,315402,-112703
DNK,2018,XDC,7888794,1180250,226069,7715,38492,179862,70043,142943,0,3633646,733462,4510051,1160802,114519,225001,24761,2717328,0,0,357736,480144,37680,7856,981568,198682,-120991
DNK,2019,XDC,8893033.3,1290711.71,243726,7926,36439,199361,82675.195,142914.535,0,3729557.36,1209944.47,5082416.365,1244915,111558.47,237983,22289.47,2960710,0,0,750464,571026,34863,8280,880340.14,410371.57,-122549.94
DNK,2020,XDC,9325533.57,1502598.1,174663,6938,33290,134435,128265.161,139750.009,0,3804833.51,1465844.38,5410427.899,1396471,95779.76,240334,23330.36,3047618,0,0,1019445,524144,38410,6815,964161.88,538436.22,-140553.77
DNK,2021,XDC,9279320.39,1448746.28,178577,6480,171847,250,132203.697,145564.453,0,3963408.96,1268725.56,5377698.973,1394078,104617.52,252648,-2383.2,3158766,0,0,748720,634525,36978,7840,968697.26,480049.02,-166927.6
DNK,2022,XDC,9832316.54,1304893.45,251437.97,6580,244758,99.97,90114.081,150817.629,0,4060210.49,1844149.2,6055177.319,1471467,161281.92,244741,20184.82,2780519,0,0,1345523,926459,36651,8779,856781.43,448112.02,-142940.88
DNK,2023,XDC,9648703.89,1413461.53,292318,5945,286373,0,64268.664,144325.936,0,4111697.53,1519517.42,5775540.886,1428706,269615.9,267488,43856.02,2911281,0,0,996821,866385,35393,9979,850244.26,563217.27,-135393.91
DNK,2024,XDC,9545016.13,1537643.19,257241.85,4772.43,252469.42,0,66518.809,137069.521,0,4216525.64,1010831.69,5364426.851,1469106.12,286934.48,289898.96,25067.72,3058061.6,0,0,452744.46,859381.16,38624.55,10214.74,948010.26,589632.93,-213584.78
DOM,2015,XDC,1466102.905,41746.516,300477.462,22166.607,195821.943,82488.911,129649.505,1185.435,32932.965,796822.017,21176.344,852116.761,183945.649,504510.453,20159.741,294291.864,42186.234,361.979,0,0,168440.694,1713.826,34449.397,91065.77,-49319.255,-17135.364
DOM,2016,XDC,1640108.923,46883.351,348496.801,23564.759,233850.375,91081.666,143289.977,1089.754,38706.552,893723.118,20596.049,954115.473,208860.04,548003.74,22922.265,325614.151,58903.982,560.122,0,0,192205.311,2165.159,43227.086,104839.787,-57956.436,-14516.042
DOM,2017,XDC,1789130.779,45450.818,374657.061,31127.018,254107.039,89423.005,140324.72,934.955,56718.538,984830.363,21146.16,1063630.017,237835.194,593798.144,26205.811,354462.628,62918.121,623.485,0,0,213081.766,1120.88,46614.304,96729.022,-51278.204,-9326.741
DOM,2018,XDC,1929131.192,52219.225,385247.614,29521.073,240460.706,115265.835,145012.03,763.723,50935.202,1095260.358,26574.219,1173533.503,245670.668,659179.01,26883.915,355728.483,68598.549,256.949,0,0,237228.037,2364.015,66119.418,100109.963,-47890.738,-6126.636
DOM,2019,XDC,2158010.792,42054.971,466103.433,32594.407,303516.192,129992.835,202649.145,743.385,33979.7,1225474.153,29613.673,1289810.912,304073.272,747984.219,33436.853,357273.808,80135.899,179.538,0,0,267862.808,2755.49,90375.342,120667.037,-78612.066,-4125.804
DOM,2020,XDC,2582291.145,135682.358,634023.034,36077.227,342809.903,255135.905,284045.523,338.768,22613.591,1291125.865,33400.632,1347478.856,377429.989,977987.776,37326.375,326706.181,81863.978,93.709,0,0,293970.398,133053.611,85286.394,75850.438,59831.92,11660.922
DOM,2021,XDC,2993752.793,101921.909,838676.753,35736.832,475670.211,327269.71,353300.347,193.706,2440.902,1441031.099,53192.306,1496858.013,472083.422,1109392.19,38519.774,329682.082,89458.028,55.708,0,0,344363.101,127532.603,170045.911,89373.594,12548.316,20250.609
DOM,2022,XDC,3267939.837,95737.904,872532.784,40684.124,432498.74,399349.92,338106.477,18.839,2777.69,1681962.129,69677.335,1754435.994,539410.316,1490847.877,100742.352,14011.436,71209.107,53.066,0,0,403723.182,96715.501,207223.42,121546.05,-25808.146,15330.853
DOM,2023,XDC,3770527.786,117743.58,979249.267,48414.739,480204.518,450630.01,315148.588,5.998,4892.613,2014880.403,70758.423,2090537.437,585948.644,1753865.885,120128.811,9305.825,78533.76,8222.518,0,17.801,473403.049,176706.772,163465.742,143779.716,-26036.135,-10699.65
DOM,2024,XDC,4166332.871,109668.473,825774.734,50463.413,457562.781,317748.54,581803.288,7.619,3215.47,2287862.55,61846.795,2352932.434,611222.166,2015190.422,126431.643,3869.091,78224.193,26282.787,0,3.269,545470.964,148259.065,155199.081,163320.891,-53652.418,-3294.644
DOM,2025,XDC,4514069.193,105230.507,941591.767,53799.205,494685.332,393107.23,547783.279,9.56,2514.65,2512306.009,68923.039,2583753.257,664852.24,2272024.493,136722.518,2428.669,84788.215,52530.998,0,1.189,613039.6,75378.808,139709.191,145065.23,-39834.722,-8182.34
DZA,2015,XDC,12508744.73,57460.742,2460028.675,75706.425,2384322.25,0,2031138.337,705.65,3550735.432,3623647.928,201842.492,7376931.501,3969618.362,4365436.791,673467.754,0,0,0,0,0,1101385.422,0,576910.047,208340.507,-150879.765,1030400.367
DZA,2016,XDC,12889322.398,62317.281,1412827.338,69689.264,1343138.074,0,2745299.595,645.978,3821139.832,4003084.841,202335.599,8027206.249,3798436.139,4343075.632,778562.869,0,0,0,0,0,1204849.878,432594.86,375538.619,163951.128,-101633.847,1150641.338
DZA,2017,XDC,14098960.932,65366.766,2095738.634,64815.935,2030922.7,0,2203959.518,514.814,4179984.708,4603100.862,201591.462,8985191.845,4624861.915,4582294.746,857699.406,0,0,2800,0,0,1342005.46,0,530618.458,162532.172,-97165.406,1247444.608
DZA,2018,XDC,15514325.858,91692.53,2342100.467,59980.436,2282120.031,0,2220057.096,559.7,4813438.539,5074803.171,204722.686,10093524.097,5025818.781,5087259.507,637623.067,0,0,0,0,0,1462110.333,0,877242.664,182226.84,-90534.31,1475092.985
DZA,2019,XDC,16586850.935,90191.358,1936839.54,71311.392,1865528.148,0,2442763.303,594.058,5508885.918,5287200.979,207060.987,11003741.941,4515308.451,5329143.629,619383.938,0,0,800,0,0,1609883.217,160000,1404985.947,133702.867,-43511.51,1700328.091
DZA,2020,XDC,16998432.952,82022.734,1668295.67,54990.942,1613304.728,0,2738496.201,618.393,5663118.688,5456116.153,214941.086,11334794.319,4350691.364,5565000.34,656735.769,0,0,0,0,0,1646856.704,205694.317,1430957.333,144327.703,-62304.969,1823345.383
DZA,2021,XDC,20460868.8,94912.366,2535591.727,56708.258,2478883.469,0,6666404.685,688.037,4042112.794,5695854.803,220528.438,9959184.073,5431921.343,6247565.457,635183.642,0,0,0,0,0,1766134.132,1680000,1486798.736,136501.276,-41588.91,1871988.253
DZA,2022,XDC,23312074.297,99576.586,3316972.373,119985.2,3196987.173,0,8275532.54,571.214,4212522.718,5838913.756,229878.46,10281886.148,6421066.001,7380538.318,560094.917,0,0,0,0,0,1885216.068,1636613.194,1763116.071,169264.458,-69687.872,2158058.62
DZA,2023,XDC,24469528.986,120783.812,2837093.606,75070.375,2762023.23,0,9001638.008,628.157,4329450.132,6342929.814,225235.832,10898243.935,6251210.326,7895352.35,573011.391,0,0,0,0,0,2181812.408,1631451.909,2124801.108,170056.845,-49273.033,2030063.025
DZA,2024,XDC,26063075.103,98703.616,2572792.875,89067.039,2483725.836,0,8953455.741,622.006,4575673.834,6866081.528,92589.912,11534967.28,6733954.188,8655996.737,712630.818,0,0,0,0,0,2325939.855,333151.634,2022838.818,162280.475,-63576.859,2213126.987
DZA,2025,XDC,27605976.866,133621.892,2526688.974,102652.884,2424036.09,0,10459748.028,731.477,4933308.707,7390521.648,110423.781,12434985.612,7181864.612,9212988.378,581746.233,0,0,0,0,0,2578832.951,1437535.682,1941197.892,241843.924,-108222.032,2379034.834
ECU,2015,USD,42914.75,6801.7,1962.97,0,1961.14,1.83,968.78,0.03,4.63,27013.27,1658.73,28676.66,7200.95,20608.96,847.28,0,0,381.08,0,0,4977.27,350.01,476.37,1394.31,5407.39,2173.88
ECU,2016,USD,49228.08,7737.21,4753.64,0,4741.72,11.92,1600.85,2.8,0.13,28718.87,1279.14,30000.94,9281.36,23553.44,1168.16,0,0,287.81,0,0,5379.95,347,543.11,1843.93,5893.28,1687.88
ECU,2017,USD,53503.83,7500.92,3810.99,0,3800.61,10.38,1678.21,3.39,0.02,33654.7,1419.55,35077.66,9577.64,26260.26,1236.08,0,0,250.08,0,0,6046.02,344.83,619.52,1799.04,5701.88,1934.32
ECU,2018,USD,57354.44,7067.29,3130.7,0,3129.63,1.07,1271.81,2.63,0.02,38685.76,1202.63,39891.04,9260.52,28404.8,1104.93,0,0,270.67,0,0,6730.95,341.67,736.63,2036.68,5030.61,2473.99
ECU,2019,USD,63480.62,7749.2,3428.87,0,3428.87,0,1586.88,1.91,0,43142.36,1190.37,44334.64,9150,31770.99,1500.42,0,0,323.76,0,0,7431.79,280.04,796.3,3056.17,4693.03,2790.4
ECU,2020,USD,69831.48,8294.05,6530.89,0,6530.89,0,1372.12,3.1,0,44361.57,1287.99,45652.66,10369.63,35411.82,1608.26,0,0,373.84,0,0,7615.18,280.2,622.92,3134.41,5159.64,2433.46
ECU,2021,USD,77728.142,8090.842,5837.444,0,5837.444,0,1976.832,0.111,0,50892.277,1762.701,52655.09,11486.614,39820.426,2098.076,0,0,504.497,0,0,8316.513,234.158,891.374,3117.808,4973.034,2090.734
ECU,2022,USD,85825.843,8946.488,5435.386,0,5435.386,0,1401.677,0.318,0,58461.182,1905.931,60367.43,10876.71,45119.52,2233.774,0,1.969,786.031,0,0,9113.643,142.1,1425.692,3827.741,5118.748,2623.942
ECU,2023,USD,91964.309,10627.838,3871.921,0,3871.921,0,1816.427,0,0,63869.659,1962.794,65832.453,10583.359,49854.622,2259.678,0,1.445,907.078,0,0,10030.895,50,1134.953,4036.569,6591.269,3290.654
ECU,2024,USD,102357.67,12821.722,5087.623,0,5087.623,0,2131.316,0,2.564,68097.782,2537.552,70637.899,11067.837,57023.107,2604.082,0,0.922,1163.518,0,0,10594.708,50,1371.068,4488.685,8333.037,2315.258
ECU,2025,USD,114858.726,13946.183,5151.132,0,5151.132,0,3217.773,0,0,75116.608,3302.111,78418.719,12276.653,66369.08,2485.289,0,0.474,1087.756,0,0,11611.876,50,1416.697,3759.706,10186.477,1677.248
EGY,2015,XDC,2431782.037,76280.422,343119.114,18312.436,324806.678,0,1045173.133,99894.22,76981.068,643146.347,8106.221,828127.856,284481.325,1315921.812,59002.291,0,0,0,0,0,178986.199,53312.289,242344.953,79855.052,-3574.63,78796.583
EGY,2016,XDC,3896395.518,168591.757,610020.494,23470.286,586550.208,0,1508977.788,278351.149,127010.701,924849.968,8780.656,1338992.474,380636.471,1896381.135,97481.626,0,0,0,0,0,314096.282,116190.95,379836.799,291417.71,-122825.953,150541.513
EGY,2017,XDC,4670622.889,344696.619,919133.258,31563.655,887569.603,0,1639083.499,336040.098,155148.334,989645.72,8528.926,1489363.079,465457.645,2329398.807,114273.051,0,0,0,0,0,390905.041,205331.065,404543.76,288307.243,56389.376,194059.841
EGY,2018,XDC,5287354.831,204486.333,1042085.574,35285.374,1006800.2,0,1887838.736,491205.86,166715.193,1133666.312,7257.93,1798845.295,538941.024,2647804.925,223064.276,0,0,0,0,0,417981.535,172175.855,393115.072,318942.388,-114456.055,221230.867
EGY,2019,XDC,5691189.194,321606.871,1078042.254,36542.444,1041499.81,0,2103598.834,409407.088,161767.898,1278614.981,9074.814,1858864.781,589878.766,3013519.284,223246.436,0,0,0,0,0,483948.754,197768.845,392792.275,244415.556,77191.315,216542.824
EGY,2020,XDC,6825382.883,342936.922,824660.886,39475.577,785185.309,0,2933507.845,541134.786,158370.549,1586723.193,10566.288,2296794.816,668258.971,3641062.708,272270.106,0,0,0,0,0,568551.27,168376.713,598638.167,283767.475,59169.447,196975.058
EGY,2021,XDC,8605362.922,218334.906,1430359.363,46652.071,1383707.291,0,3542880.528,794827.819,142043.793,1881043.396,11807.812,2829722.82,837629.25,4283138.047,361747.491,0,0,0,0,0,700903.748,364812.3,940401.136,375728.759,-157393.853,156936.885
EGY,2022,XDC,11381501.153,398748.269,1623465.884,54995.771,1568470.113,0,4711542.375,1146062.264,159029.442,2419176.141,13501.759,3737769.606,1218258.445,5353255.467,496363.664,0,0,0,0,0,829997.043,200283.368,1457657.084,687860.189,-289111.92,227850.874
EGY,2023,XDC,14186989.527,421085.23,2106383.027,76902.526,2029480.501,0,5506739.772,1861170.289,182245.467,2971248.809,16622.365,5031286.93,1680341.507,6128276.236,836765.949,0,0,0,0,0,1139579.289,356408.54,1443471.765,921130.293,-500045.063,559521.38
EGY,2024,XDC,20786752.217,1180424.144,2688550.12,115115.426,2573434.695,0,7103009.717,3462362.385,428994.685,3832850.516,17621.564,7741829.15,2383456.07,8131697.431,1264074.142,0,0,82054.602,0,0,1844779.204,675244.481,1595408.206,1506995.594,-326571.45,1230103.401
EGY,2025,XDC,24106050.019,2197196.774,1687997.553,106427.252,1581570.3,0,8326318.873,4328002.539,510775.692,4686620.421,25871.544,9551270.196,3091413.959,9492770.259,1468268.153,0,0,90431.914,0,0,2377073.824,786824.495,1569934.104,1615809.051,581387.723,1270257.638
ESP,2015,EUR,,373660,,,,,240030,92558,0,1284974,417975,1795507,678206,387316,351053,17904,161547,,,,,,40828,305739,67921,
ESP,2016,EUR,,378007,,,,,222784,84333,0,1242041,396098,1722472,787021,341593,290590,18450,146461,,,,,,13575,288513,89494,
ESP,2017,EUR,,388577,,,,,201319,77023,,1221664,359755,1658442,897064,247259,241433,16243,165799,,,,,,14455,288005,100572,
ESP,2018,EUR,,433210,,,,,193751,68669,,1186232,318723,1573624,980703,208342,203663,12421,173574,,,,,,15617,279533,153677,
ESP,2019,EUR,,499749,,,,,177472,66823,,1171441,319444,1557708,1069492,174066,186800,8560,192931,,,,,,15399,280654,219095,
ESP,2020,EUR,,516289,,,,,195280,77803,,1192729,345803,1616335,1223757,141211,198750,4031,195456,,,,,,17181,256405,259884,
ESP,2021,EUR,,558448,,,,,192077,87977,,1188769,284606,1561352,1335282,108247,173576,6466,202962,,,,,,22854,272651,285797,
ESP,2022,EUR,,624546,,,,,212541,84372,,1183641,298544,1566557,1356153,108645,152401,10908,208426,,,,,,25318,370955,253591,
ESP,2023,EUR,,712366,,,,,210501,80848,,1145548,282661,1509057,1258932,221099,138531,11968,237849,,,,,,23594,474685,237681,
ESP,2024,EUR,,830991,,,,,233683,79708,,1154330,274076,1508114,1298418,286356,121261,10813,258838,,,,,,50317,440171,390820,
EST,2015,EUR,,3088,,,,,197,405,0,14175,1623,16203,9730,2554,122,0,9,,,,,,797,6611,-3523,
EST,2016,EUR,,3119,,,,,182,414,0,15109,2184,17707,10889,2611,109,0,13,,,,,,844,6571,-3452,
EST,2017,EUR,,2155,,,,,164,461,,15215,2466,18142,12016,2186,134,65,23,,,,,,952,5905,-3750,
EST,2018,EUR,,1706,,,,,166,476,,16061,2540,19077,13266,2395,167,11,371,,,,,,755,5132,-3426,
EST,2019,EUR,,3499,,,,,140,364,,16578,2812,19754,14356,2439,192,5,668,,,,,,1219,4695,-1196,
EST,2020,EUR,,5555,,,,,535,577,,17400,2775,20752,17618,2096,205,12,1349,,,,,,1664,4203,1352,
EST,2021,EUR,,5119,,,,,403,628,,18647,3152,22427,20882,1964,199,4,1381,,,,,,1100,5375,-256,
EST,2022,EUR,,4548,,,,,363,687,,20772,3629,25088,20436,2701,103,3,1629,,,,,,1342,5746,-1198,
EST,2023,EUR,,4560,,,,,294,796,,22114,4438,27348,16476,7281,103,14,1789,,,,,,1407,7771,-3211,
EST,2024,EUR,,4715,,,,,417,857,,24121,5023,30001,17109,8209,81,16,2680,,,,,,1803,9113,-4398,
FIN,2015,EUR,,148796,,,,,4118,13938,0,199531,106241,319710,110799,31198,2309,3239,77270,,,,,,2656,134957,13839,
FIN,2016,EUR,,122083,,,,,3684,14636,0,204252,93975,312863,117031,29179,1522,3137,73453,,,,,,2868,129256,-7173,
FIN,2017,EUR,,73870,,,,,2347,14500,,210664,19963,245127,126591,27375,1690,1554,63323,,,,,,2444,124723,-50853,
FIN,2018,EUR,,177667,,,,,2898,15434,,219097,57612,292143,138830,17945,1632,623,110059,,,,,,2569,158340,19327,
FIN,2019,EUR,,168407,,,,,2552,17269,,227831,64220,309320,145888,15026,1710,398,112362,,,,,,2402,172314,-3907,
FIN,2020,EUR,,156947,,,,,1692,19156,,237735,71316,328207,170626,13599,2048,941,103181,,,,,,3204,154856,2091,
FIN,2021,EUR,,155305,,,,,2021,18812,,245241,54604,318657,185557,9916,1929,691,100131,,,,,,3224,155424,-119,
FIN,2022,EUR,,173895,,,,,1856,18760,,252019,68125,338904,169114,13728,16737,-93,105071,,,,,,3583,195026,-21131,
FIN,2023,EUR,,158174,,,,,2332,20266,,250762,54586,325614,139334,20918,26123,1039,112931,,,,,,4350,194331,-36157,
FIN,2024,EUR,,150670,,,,,2490,22976,,250850,49128,322954,135372,24113,27903,513,126429,,,,,,3716,133934,16736,
FJI,2015,XDC,9545.839,751.283,1335.531,184.209,1151.322,0,267.401,16.346,462.611,6010.192,6.777,6495.926,3653.156,2872.412,1.527,124.936,0,12.434,0,0,1118.903,85.608,296.495,717.86,33.423,-116.64
FJI,2016,XDC,10001.879,628.182,1293.25,181.07,1112.18,0,209.673,15.362,370.093,6784.989,2.475,7172.919,3809.293,3058.306,1.532,115.622,0,8.65,0,0,1225.698,92.4,445.52,500.235,127.948,-85.874
FJI,2017,XDC,11130.01,787.383,1598.569,196.996,1401.573,0,202.608,13.889,361.74,7414.947,5.593,7796.169,4362.606,3072.577,2.196,118.223,0,10.67,0,0,1316.164,137.693,610.112,670.74,116.643,-50.853
FJI,2018,XDC,11382.95,527.82,1370.224,260.822,1109.402,0,295.533,12.023,321.178,7956.611,5.238,8295.051,4381.42,3258.373,2.792,108.051,0,0,0,0,1477.91,138.962,516.232,489.316,38.504,-51.811
FJI,2019,XDC,12134.517,538.602,1657.688,229.668,1428.02,0,322.539,9.486,306.693,8321.606,5.389,8643.174,4401.29,3473.231,7.587,121.237,0,0,0,0,1692.27,219.031,519.862,577.873,-39.271,149.624
FJI,2020,XDC,12353.36,472.408,1938.93,230.786,1708.144,0,390.388,8.843,441.92,8060.849,7.748,8519.36,4879.142,3052.144,9.148,116.999,0,0,0,0,1734.147,339.688,520.792,417.683,54.725,251.345
FJI,2021,XDC,13928.091,615.849,3166.821,229.427,2937.394,0,498.397,7.346,519.527,8053.16,6.844,8586.876,6123.369,2763.484,6.539,99.484,0,0,0,0,1914.085,625.243,631.691,492.097,123.752,211.965
FJI,2022,XDC,15060.902,550.518,3766.192,255.455,3510.737,0,564.182,5.608,532.044,8593.499,7.537,9138.689,6809.975,2577.175,4.841,67.594,0,0,0,0,2014.11,964.304,811.898,509.843,40.675,259.866
FJI,2023,XDC,15957.356,710.106,3588.005,244.945,3343.06,0,638.74,4.822,633.367,9242.372,8.251,9888.812,7569.653,2735.43,6.493,45.271,0,0,0,0,2048.95,873.23,773.43,570.245,139.861,202.992
FJI,2024,XDC,17497.521,769.956,3971.665,266.545,3705.121,0,617.733,3.711,711.304,10288.404,10.358,11013.777,8283.947,2859.89,4.714,39.064,0,0,0,0,2207.842,833.362,1089.779,703.029,66.928,351.505
FJI,2025,XDC,18690.439,1261.47,3757.255,369.649,3387.606,0,591.372,2.394,841.91,11154.952,15.051,12014.306,9238.266,3034.638,4.458,92.879,0,0,0,0,2388.385,789.308,908.228,1003.187,258.282,164.735
FRA,2015,EUR,,1759388,,,,,174176,218928,0,2089851,660524,2969303,713190,1006355,495375,57908,687888,,,,,,19296,1356507,402881,
FRA,2016,EUR,,1792303,,,,,166035,211955,0,2159885,676714,3048554,789271,1018956,506330,69929,691441,,,,,,19636,1454256,338047,
FRA,2017,EUR,,1772829,,,,,155291,207805,,2286184,604675,3098664,885802,1045861,479116,60659,664578,,,,,,21234,1514813,258016,
FRA,2018,EUR,,2177952,,,,,140318,207412,,2406360,608270,3222042,961582,1056360,475961,61871,693677,,,,,,19638,1959054,218898,
FRA,2019,EUR,,2390905,,,,,148424,207149,,2539596,625616,3372361,1072234,1072141,487585,57374,728027,,,,,,20910,2174439,216466,
FRA,2020,EUR,,2474899,,,,,176145,233436,,2806469,628528,3668433,1324799,1216367,479122,50436,713013,,,,,,11181,2266619,208280,
FRA,2021,EUR,,2619265,,,,,167383,224232,,2915633,596610,3736475,1434339,1218569,478999,38984,720851,,,,,,12655,2463363,155902,
FRA,2022,EUR,,2830529,,,,,172620,235578,,3042799,619559,3897936,1406977,1358756,461957,50314,776457,,,,,,17759,2772318,58211,
FRA,2023,EUR,,3109937,,,,,172698,261107,,3064075,626358,3951540,1228789,1597159,470324,55004,965483,,,,,,31029,2868113,241824,
FRA,2024,EUR,,3258027,,,,,241741,238144,,3033882,765395,4037421,1191331,1679198,476471,49542,1046565,,,,,,45980,2861394,396633,
GAB,2015,XDC,2826783,287799,568154,64734,503420,0,431967,0,45229,1231730,67472,1344431,962323,742229,7709,0,0,0,0,0,250785,43031,296676,169812,117987,159786
GAB,2016,XDC,2879483,317870,342886,56214,286672,0,691327,0,41997,1146436,100695,1289128,913869,718150,4594,0,0,0,0,0,289990,93466,328179,229546,88324,63417
GAB,2017,XDC,2161398,330888,199077,33644,165433,0,526836,0,16900,888921,39063,944884,722550,565186,2546,0,0,0,0,0,201032,48729,174315,116925,213963,170402
GAB,2018,XDC,2805819,312668,393722,55025,338697,0,566400,0,13644,1223051,103013,1339708,1024770,782406,4811,0,0,0,0,0,257478,24038,129260,130982,181686,258753
GAB,2019,XDC,2842247,213948,438305,51557,386748,0,499320,0,16298,1319854,128607,1464759,1191049,654673,3830,0,0,0,0,0,264184,1087,136104,119137,94811,246268
GEO,2015,XDC,26980.205,3118.889,3106.034,523.322,2442.905,139.807,1890.871,0,69.168,15195.617,339.449,15604.234,6390.847,4749.122,107.662,0,58.073,203.204,0,0,3513.242,1067,583.235,7272.157,-4153.268,-223.971
GEO,2016,XDC,32240.85,3337.585,4043.597,627.59,3321.675,94.332,2037.517,0,67.003,18020.149,600.614,18687.766,8142.435,5372.445,98.447,0,94.373,683.223,52.878,0,3978.189,1746.825,335.94,7990.321,-4652.736,-388.612
GEO,2017,XDC,36812.582,4323.122,4198.264,618.868,3525.167,54.229,2323.124,0,113.307,21370.904,516.093,22000.304,9875.814,5638.571,111.291,0,105.264,747.646,63.269,0,4434.654,1812.062,801.483,9679.053,-5355.93,-424.292
GEO,2018,XDC,42070.493,3953.171,5055.984,733.935,4271.741,50.308,2718.202,0,31.704,25614.072,839.77,26485.546,11116.122,6790.937,164.659,0,48.009,330.444,70.562,0,5132.321,1947.253,996.567,11944.641,-7991.47,-328.611
GEO,2019,XDC,49755.63,5017.473,5746.913,892.729,4767.62,86.565,2719.203,0,104.845,30907.281,695.419,31707.546,12691.767,8177.43,284.913,0,100.061,479.1,68.702,0,5745.682,3141.267,730.705,14133.467,-9115.994,-361.96
GEO,2020,XDC,60779.926,6085.457,7119.258,928.838,6111.198,79.221,4175.79,0,190.457,37829.105,666.924,38686.486,15562.697,11084.305,254.046,0,113.572,605.952,53.788,0,5848.273,3213.422,2734.992,16069.27,-9983.813,526.674
GEO,2021,XDC,64192.037,5534.959,6906.867,1046.727,5803.463,56.677,3425.139,0,163.529,42526.897,750.989,43441.416,18276.119,12027.809,387.403,0,112.46,437.506,91.694,0,7731.624,3155.366,1349.84,15831.633,-10296.674,-93.074
GEO,2022,XDC,73972.422,10315.877,8152.285,1152.537,6939.683,60.066,4008.169,0,160.239,43954.917,952.027,45067.183,21026.099,12667.798,477.465,0,98.828,445.494,104.658,0,9253.471,3455.578,2247.726,18205.659,-7889.782,-439.261
GEO,2023,XDC,83123.999,11670.409,7310.391,1192.749,6058.367,59.275,4851.018,0,79.199,51451.64,1258.823,52789.663,23911.829,14716.088,614.47,0,120.064,528.116,143.457,1.122,12187.212,3737.79,2323.047,19942.899,-8272.49,-1604.614
GEO,2024,XDC,99288.765,14135.83,8289.839,1187.71,7049.639,52.489,7224.324,0.296,50.5,60916.644,1451.818,62419.258,24098.903,19939.391,631.435,0,213.231,592.287,179.582,6.815,14136.744,7002.672,2913.403,24369.711,-10233.881,-2014.924
GEO,2025,XDC,110952.341,13529.715,9006.026,1350.584,7564.596,90.846,8707.797,0,155.163,69634.848,1612.389,71402.4,27496.879,24091.764,920.709,0,308.452,715.546,190.642,0.077,15786.725,6165.756,2760.328,26926.38,-13396.665,-2717.322
GHA,2015,XDC,75613.29,5315.468,9358.416,1200.735,6382.816,1774.864,13679.39,0,996.638,31418.293,2914.382,35329.312,21902.878,21979.767,556.411,0,68.096,3481.072,0,0,10627.367,1552.256,3618.396,4224.438,1091.029,-4328.096
GHA,2016,XDC,96368.12,7292.021,14159.52,1438.781,7369.177,5351.561,17600.602,0,560.096,36303.019,3961.933,40825.048,26725.064,27046.854,822.064,0,53.894,4568.245,0,0,12080.465,4164.585,5087.414,4324.218,2967.803,-4995.611
GHA,2017,XDC,113494.292,7910.231,17391.848,1699.872,8808.947,6883.029,18823.294,0,3770.328,39776.429,10307.286,53854.043,29253.419,34010.678,916.987,0,53.754,7450.53,0,0,14205.928,4702.209,4315.754,4627.559,3282.672,-1557.401
GHA,2018,XDC,124834.3,8664.76,16726.276,1849.821,10113.296,4763.159,32297.315,0,4743.39,39437.813,3432.732,47613.935,35543.697,37024.843,1162.505,0,61.926,6152.045,0,0,17004.426,581.658,4479.202,7736.595,928.165,-4444.612
GHA,2019,XDC,144927.007,10377.066,22496.969,2169.938,11113.573,9213.458,40897.562,0,5506.118,46498.358,2007.513,54011.988,47621.366,36751.136,1545.213,0,69.288,4186.646,0,0,18901.689,2046.11,5621.347,10193.776,183.29,847.014
GHA,2020,XDC,168172.906,12136.664,23124.184,2790.608,14788.842,5544.733,58713.49,0,7651.723,47371.881,2075.943,57099.547,59913.626,46135.718,1494.405,0,79.556,4149.502,0,0,22216.025,1493.378,6634.051,8520.56,3616.105,437.064
GHA,2021,XDC,201525.082,10451.405,27284.599,3796.354,18691.523,4796.723,76099.505,0,9617.92,55517.753,1559.652,66695.325,69912.19,50978.954,2270.961,0,80.849,6050.52,0,0,26302.311,2888.213,9160.531,12347.548,-1896.143,538.759
GHA,2022,XDC,246671.766,14906.327,45950.464,5020.75,36755.452,4174.263,76410.449,0,9481.921,69239.84,1920.99,80642.751,92549.479,64941.174,3109.341,0,81.681,6579.949,0,0,28445.19,1227.494,12483.054,8601.652,6304.675,-109.025
GHA,2023,XDC,317411.048,23870.898,73077.186,7348.508,48226.486,17502.192,99306.948,0,8979.02,76801.262,888.164,86668.446,127318.508,88364.213,2748.533,0,81.748,3607.283,0,0,29687.247,497.056,12017.021,6916.351,16954.547,11685.517
GHA,2024,XDC,421648.542,44928.613,107709.77,8192.226,73943.623,25573.921,111042.91,0,8740.028,97399.611,1172.939,107312.577,169900.92,112604.873,7487.301,0,81.587,11506.198,0,0,39996.517,1631.545,15208.213,6137.259,38791.353,6439.456
GHA,2025,XDC,467237.639,26464.702,172831.54,9926.259,83545.189,79360.091,106451.21,0,5816.644,104020.226,706.764,110543.633,189709.469,113149.291,5112.733,0,81.604,22065.468,0,0,58347.482,2294.067,20661.538,4934.766,21529.936,-65.334
GIN,2015,XDC,16860745.13,1312467.071,3162827.691,704207.609,2458620.082,0,3207740.038,84.329,39927.234,7573471.289,0,7613482.852,6751639.851,3839987.119,1633684.576,0,0,0,0,0,2014027.449,90000,63233.354,730083.873,582383.198,173861.431
GIN,2016,XDC,18747288.115,1520550.079,3929168.152,1051355.29,2853779.529,24033.333,3387286.68,155.4,9794.846,8149008.827,0,8158959.073,7552848.284,4471267.381,1224772.828,0,0,0,0,0,2504442.155,0,84376.414,918872.25,601677.829,239384.671
GIN,2017,XDC,20856233.687,2594565.729,4023545.057,617546.17,3357818.887,48180,3689426.117,33.479,3451.572,8266250.045,0,8269735.096,8215931.896,5797207.188,1188766.752,0,0,0,0,0,2769604.469,1000,141416.877,543724.627,2050841.102,-80379.809
GIN,2018,XDC,24196559.407,2783163.851,4235096.956,851983.318,3379776.138,3337.5,4625053.97,30.523,4218.631,9885368.115,0,9889617.27,9734886.077,6233107.934,1418899.465,0,0,0,0,0,3094714.507,20833.333,79991.438,970594.24,1812569.611,-20094.948
GIN,2019,XDC,29673021.808,3119593.81,4907731.642,779470.06,4096592.832,31668.75,6171814.664,14.913,56.347,12180568.809,0,12180640.07,12239128.654,7594006.466,1652031.619,0,0,0,0,0,3500086.846,51861.667,92776.766,1335950.519,1783643.291,-86062.351
GIN,2020,XDC,35889410.002,4370428.671,4997479.844,763967.327,4183512.518,50000,10111944.772,20.557,52.575,13150887.52,0,13150960.651,14127825.848,9796026.752,2223480.391,0,0,0,0,0,4189665.66,257796.667,246255.987,923046.585,3447382.086,866716.049
GIN,2021,XDC,37861539.338,5903697.602,4892008.574,715973.049,4176035.525,0,9696051.458,11.922,227122.021,14019268.668,0,14246402.61,15264128.589,11094075.504,1924063.313,0,0,0,0,0,4922468.051,72205.109,79753.252,782933.312,5120764.29,598533.115
GIN,2022,XDC,49822541.949,8967247.631,6808794.684,1061864.487,5746930.197,0,11933093.756,10.465,827892.752,17418721.473,0,18246624.689,18678998.134,14284063.436,5050980.941,0,0,0,0,0,5354414.583,639631.102,417062.748,804877.717,8162369.914,725732.099
GIN,2023,XDC,53402075.389,7717126.407,6285441.624,1050630.189,5234811.435,0,14917972.342,163.339,529640.344,19100415.363,0,19630219.046,20869473.405,13096647.931,3407103.499,0,0,0,0,0,6476107.414,1939375.783,631090.874,1447805.429,6269320.978,683155.084
GIN,2024,XDC,73225756.698,10753034.477,9654044.466,1417609.275,8236435.191,0,21534368.441,5413.79,496736.052,22431401.048,910703.645,23844254.535,22366558.34,25945191.779,4106250.133,0,0,0,0,0,8416996.393,253775.488,987261.647,1468956.88,9284077.597,2240711.259
GIN,2025,XDC,98209955.333,13955699.807,18188407.833,917900.386,17270507.446,0,32297161.657,308.992,276866.102,24274447.524,880747.581,25432370.199,33110323.543,33607458.791,4852854.165,0,0,0,0,0,9843353.909,230000,812313.575,2764645.584,11191054.223,4652689.93
GMB,2017,XDC,37824.341,4429.218,4495.733,514.973,3980.76,0,13375.653,0,1896.678,3817.93,0,5714.608,8095.506,13085.543,0,0,0,0,0,0,5253.221,0,0,2011.698,2417.52,-430.757
GMB,2018,XDC,43907.224,6464.024,5280.495,735.429,4545.066,0,14951.319,0,1365.585,5187.409,0,6552.994,10065.338,15119.037,0,0,0,0,0,0,5871.185,0,0,2562.932,3901.092,-369.657
GMB,2019,XDC,50876.257,8914.103,6044.128,712.957,5331.171,0,17597.338,0,1327.88,6951.906,0,8279.786,14719.191,17765.731,0,0,0,0,0,0,6228.122,150,0,3150.772,5763.331,-1178.463
GMB,2020,XDC,58820.086,11871.099,8523.089,957.087,7566.002,0,19425.575,0,1942.041,7079.003,0,9021.044,17424.399,21908.832,0,0,0,0,0,0,7083.423,0,0,4205.371,7665.728,-1781.215
GMB,2021,XDC,73058.957,14078.658,9637.446,1008.387,8629.059,0,24646.234,0,868.012,8821.549,0,9689.561,23059.797,25599.624,0,0,0,0,0,0,7517.27,0,0,4578.073,9500.585,-2702.862
GMB,2022,XDC,78572.258,13842.886,8037.754,1137.278,6900.476,0,26037.742,0,3266.409,11111.057,0,14377.466,24921.678,26988.332,0,0,0,0,0,0,8586.058,0,0,3614.908,10227.978,-1815.126
GMB,2023,XDC,86512.154,14373.899,9780.106,1424.138,8355.968,0,27093.495,0,4182.476,12499.726,0,16682.202,28469.869,28226.43,0,0,0,0,0,0,10285.374,0,0,3582.122,10791.777,-2634.092
GMB,2024,XDC,101845.162,17578.683,10398.113,1566.02,8832.093,0,34165.19,0,4403.746,14858.219,0,19261.965,33755.538,30426.679,0,0,0,218.499,0,0,11964.56,1260,0,4822.185,12756.498,-1043.508
GNB,2015,XDC,198946,32368.119,21251,4832,16419,0,66162,0,3847,50186.754,15.127,54048.881,79448.596,31881.687,4380,0,0,466,0,0,25689,4928,54,23338.716,9029.403,3644
GNB,2016,XDC,226200,67291.933,10031,2931,7100,0,74112,0,4529,48685.006,9.061,53223.067,79778.475,30613.71,2889,0,0,1077,0,0,25516,19255,441,18217.815,49074.118,26870
GNB,2017,XDC,245341,83352.696,12760,6340,6420,0,30270,0,419,96718.808,52.495,97190.304,78155.778,38728.896,4710,0,0,1734,0,0,8289,26588,5562,33355.326,49997.371,26450
GNB,2018,XDC,297606,101911,19354,4096,15258,0,24396,2228,147,115510,68,117953,84028,45899,6515,0,0,1344,0,0,12568,29290,16537,38646,63265,28787
GNB,2019,XDC,333207,106072,26076,7313,18763,0,34736.886,4126,9787,120195.114,144,134252.114,74135,56399,7673,0,0,1868,0,0,16247,20568,18545,70932,35140,34770
GNB,2020,XDC,371108,128544,25694,9153,16541,0,31988,4794,8513,129111,251,142669,88605,63873,14064,0,0,18127,0,0,28545,67519,24973,21228,107316,1961
GNB,2021,XDC,413268,137969,43694,8564,35130,0,31966,5385,8204,136503,253,150345,105040,72158,13307,0,0,1844,0,0,32573,86016,25391,24767,113202,2878
GNB,2022,XDC,502561,183622,29667,11929,17738,0,56073,7439,11852,164585,2610,186486,120519,80764,22483,0,0,1583,0,0,42561,89867,23469,83252,100370,-8650
GNB,2023,XDC,463539,147567,19774,10467,9307,0,83152,4756,9375,153909,277,168317,129256,76889,20152,0,0,8407.39,0,0,45626,83074.61,15840,54624,92943,-15059
GNB,2024,XDC,478450,140138,28320,11357,16963,0,119425,989,2337,138054,5618,146998,143816,88502,8518,0,0,3910,0,0,40360,65508,21609,71948,68190,-9290
GNB,2025,XDC,533878,156866,48073,12820,35253,0,101120,6489,3293,141186,16549,167517,140920,90273,11472,0,0,6748,0,0,52776,63968,34447,85860,71006,-12888
GNQ,2015,XDC,1659389,184847,422723,28445,394278,0,16339,0,7166,973624,974,981764,784064,191684,336,0,0,0,0,0,95416,90000,179073,36805,148042,228295
GNQ,2016,XDC,1525788,219116,203348,26839,171509,5000,27213,0,6564,992532,10443,1009539,572329,198284,1845,0,0,0,0,0,94449,137500,160653,45102,174014,249054
GNQ,2017,XDC,1453386,180822,154192,27172,127020,0,27939,,7195,996915,13281,1017391,526343,199006,267,,,0,,,100254,90000,155351,45900,134922,263223
GNQ,2018,XDC,1584180,194556,226321,25803,200518,0,37326,,7779,1028973,8449,1045201,511989,210597,211,,,0,,,93484,174000,174037,62170,132386,276916
GNQ,2019,XDC,1440738,143475,105252,24457,80795,0,73787,,8250,1011810,7710,1027770,444057,202324,1396,,,0,,,102489,105727,124932,103211,40264,266148
GNQ,2020,XDC,1448754,108210,133796,24176,109620,0,368141,,9951,729778,4667,744396,377385,214480,165,,,0,,,85488,171000,146924,93340,14870,265761
GNQ,2021,XDC,2196069,186957,850422,24840,825582,0,351782,,10331,704961,2164,717456,469766,107001,488,,,0,,,66273,907747,127176,155446,31511,272720
GNQ,2022,XDC,1452737,169595,175049,27616,147433,0,304106,,9818,686270,14220,710308,409874,197395,237,,,0,,,69458,128000,177850,101454,68141,274790
GNQ,2023,XDC,1258120,260944,176204,24003,152201,0,276549,,4773,438303,9220,452296,475469,199124,359,,,0,,,79406,0,205034,43424,217520,163177
GRC,2015,EUR,,96972.1,,,,,22374.991,1342.999,0,198507,13963.16,213813.159,76792,50784.34,995,0.18,4844,,,,,,5706,35121,61851.1,
GRC,2016,EUR,,77563,,,,,18700,353,0,189087,13048,202488,78846,46508,1397,-1,2426,,,,,,5875,49120,28443,
GRC,2017,EUR,,38584,,,,,18660,268,,178121,12565,190954,82057,48228,1762,0,3671,,,,,,6361,32182,6402,
GRC,2018,EUR,,36620,,,,,17946,258,,164329,12092,176679,88372,50708,1375,0,5297,,,,,,12485,41023,-4403,
GRC,2019,EUR,,66838,,,,,19438,224,,148136,13085,161445,97482,50283,950,0,6052,,,,,,10681,65401,1437,
GRC,2020,EUR,,79154,,,,,27185,240,,135754,14514,150508,120459,46078,1135,0,4021,,,,,,6342,49697,29457,
GRC,2021,EUR,,82993,,,,,29698,237,,103322,12952,116511,147380,34323,1681,0,6906,,,,,,5126,35844,47149,
GRC,2022,EUR,,80385,,,,,31565,172,,108187,17178,125537,155488,34511,1743,4,8651,,,,,,5366,38398,41987,
GRC,2023,EUR,,80950,,,,,34143,139,,110178,17267,127584,145360,50193,2036,9,11348,,,,,,4774,35878,45072,
GRC,2024,EUR,,91533,,,,,34822,119,,114502,16550,131171,153870,51033,2102,81,16527,,,,,,5234,36548,54985,
GRD,2015,XDC,3182.163,855.914,296.412,57.062,239.35,0,67.947,0,45.428,1543.047,9.341,1597.816,632.555,1570.377,0,0,0,0,0,0,143.915,0.119,77.763,512.415,343.499,-119.055
GRD,2016,XDC,3309.274,966.821,329.926,59.1,270.826,0,72.64,0,39.228,1539.926,8.67,1587.824,711.273,1592.177,0,0,0,0,0,0,170.043,0.15,74.95,507.334,459.487,-98.716
GRD,2017,XDC,3510.699,1112.452,308.869,57.32,251.549,0,63.424,0,47.139,1552.102,6.444,1605.685,807.984,1555.143,0,0,0,0,0,0,209.316,0.051,142.054,585.035,527.417,-209.153
GRD,2018,XDC,3701.971,1246.728,346.812,61.629,285.183,0,44.241,0,79.266,1595.132,6.879,1681.277,1040.318,1562.836,0,0,0,0,0,0,186.802,0.065,135.887,554.976,691.752,-161.826
GRD,2019,XDC,3858.049,1273.639,348.725,64.165,284.56,0,48.32,0,65.78,1623.365,0.741,1689.886,1039.89,1512.765,0,0,0,0,0,0,242.172,0.086,301.261,505.524,768.115,-241.128
GRD,2020,XDC,4130.279,1302.433,553.578,64.382,489.196,0,103.833,0,15.881,1673.343,1.206,1690.43,868.918,1629.083,12.816,0,0,0,0,0,402.509,0.081,513.673,367.21,935.223,-144.016
GRD,2021,XDC,4534.848,1492.353,481.408,70.925,410.483,0,79.663,0,58.717,1736.678,1.512,1796.907,1077.042,1619.536,5.076,0,0,0,0,0,431.664,0,434.043,448.533,1043.82,-165.563
GRD,2022,XDC,4803.185,1815.19,659.168,69.946,589.222,0,63.02,0,60.939,1772.377,2.708,1836.024,1605.328,1357.396,48.949,0,0,0,0,0,412.896,0.134,393.083,555.118,1260.072,0.498
GRD,2023,XDC,5055.71,1946.265,733.787,71.87,661.917,0,56.172,0,87.915,1839.778,2.486,1930.179,1613.358,1388.032,46.16,0,0,0,0,0,486.21,0.172,611.935,591.848,1354.417,-71.312
GRD,2024,XDC,5742.62,2455.192,717.277,77.161,640.116,0,77.818,0,70.509,2031.793,1.721,2104.023,1773.311,1472.476,47.236,0,0,19,0,0,533.929,0.225,890.829,678.628,1776.564,-42.324
GRD,2025,XDC,5705.173,2398.547,591.331,80.641,510.69,0,76.451,0,65.432,2206.163,5.633,2277.228,1743.861,1525.009,63.072,0,0,0,0,0,617.27,0.229,603.874,791.872,1606.675,-1.63
GTM,2015,XDC,318774.634,24584.514,47128.925,6244.744,23535.327,17348.853,40371.189,474.046,0,164964.003,16158.699,181596.747,69143.464,130491.743,960.851,7703.369,2.244,0,0,0,29276.74,7.905,21222.559,40456.718,-15872.204,-5584.22
GTM,2016,XDC,341134.957,24831.503,51004.453,5831.638,29308.738,15864.077,45052.458,425.875,0.275,176422.664,16632.702,193481.516,72693.636,139043.931,1445.334,7906.112,0.956,0,0,0,30663.718,0,24661.444,41550.046,-16718.543,-3595.248
GTM,2017,XDC,365204.182,24925.31,60574.285,6032.039,33075.335,21466.911,49788.736,405.096,0.435,181992.786,18434.989,200833.306,77435.55,147903.889,2363.97,8364.39,0.956,0,0,0,33690.606,0,26481.283,42880.24,-17954.931,-2999.249
GTM,2018,XDC,392785.993,26449.474,59737.251,6685.431,34678.211,18373.609,63338.813,299.331,0.292,189921.441,20584.999,210806.063,82906.362,164198.503,2418.551,8685.393,0.956,0,0,0,36990.323,0,27642.967,44391.929,-17942.455,-6903.385
GTM,2019,XDC,415734.076,27632.049,65388.117,7073.461,35015.814,23298.841,70463.725,206.308,0.68,198920.033,21640.42,220767.442,88042.354,178384.024,788.053,8627.308,1.956,0,0,0,40040.296,0,28828.045,43895.643,-16263.595,-4356.347
GTM,2020,XDC,466548.935,31279.1,82810.998,8092.98,47790.285,26927.733,83828.346,324.818,0.417,211354.856,22241.422,233921.514,110183.088,200978.994,841.662,9323.237,1.956,0,0,0,44291.86,0,30438.89,40978.824,-9699.724,-5198.554
GTM,2021,XDC,503132.849,32092.302,84286.576,8645.402,53130.273,22510.902,95110.53,349.62,40.702,234877.391,24062.998,259330.711,119707.697,213787.486,907.749,10005.576,1.956,0,0,0,49242.673,0,34718.608,42354.437,-10262.135,93.936
GTM,2022,XDC,543620.294,34188.708,80871.025,9401.729,52127.778,19341.517,97542.379,275.336,24.153,267254.031,27170.234,294723.755,127728.912,229138.563,975.677,7020.387,1.156,0,0,0,54734.258,0,37124.842,48935.115,-14746.407,1666.958
GTM,2023,XDC,587050.864,35250.048,80935.221,10914.756,54392.12,15628.345,96251.219,73.633,0.388,299206.109,33331.142,332611.272,132547.992,243495.696,1107.894,4147.486,0.956,0,0,0,61876.233,0,48915.198,49582.97,-14332.922,3373.333
GTM,2024,XDC,636046.424,40885.64,91106.355,10822.987,58970.607,21312.761,102206.887,236.493,0.527,318469.22,42392.516,361098.757,139199.595,268717.341,1174.216,4310.25,0.956,0,0,0,67196.726,0,53509.439,54424.391,-13538.751,6764.724
GTM,2025,XDC,713371.527,42473.788,116119.051,11388.962,71674.57,33055.519,121817.542,427.33,0.444,347237.156,45476.414,393141.343,154421.34,308500.252,1154.213,8348.936,0.956,0,0,0,74067.454,0,53009.409,65771.141,-23297.354,8278.022
GUY,2015,XDC,518871.926,76125.763,62391.477,7858.41,54533.067,0,69727.119,44.27,1953.935,259083.802,1335.542,262417.549,89158.924,278339.683,0,0,0,0,0,0,72645.207,0,20479.51,22553.963,53571.801,-12515.378
GUY,2016,XDC,545931.705,74914.838,76243.068,8371.476,67871.592,0,72486.636,161.311,1773.654,264082.718,1184.335,267202.019,103873.519,280464.086,0,0,0,0,0,0,78163.859,0,20462.52,21397.039,53517.799,-13514.462
GUY,2017,XDC,554352.408,81017.835,71957.556,8847.319,63110.237,0,68882.798,113.991,3290.97,269641.778,971.805,274018.544,90666.944,281370.484,0,0,0,0,0,0,85149.637,0,21530.351,27275.334,53742.501,-10116.017
GUY,2018,XDC,589619.228,82827.73,84112.936,9732.208,74380.728,0,76511.819,130.509,1124.378,280587.788,1146.705,282989.38,98716.376,290383.072,0,0,0,0,0,0,90533.866,0,30964.006,28098.939,54728.791,-12254.394
GUY,2019,XDC,650578.331,96583.473,91723.146,11731.431,79991.715,0,79272.659,14.101,992.737,302679.683,1241.315,304927.836,168641.106,277081.24,0,0,0,0,0,0,100227.429,0,22273.334,29322.078,67261.395,-25038.075
GUY,2020,XDC,727462.044,114870.652,142249.354,10270.724,131978.63,0,86361.769,5.968,946.302,310137.87,1309.648,312399.789,187920.728,303821.913,0,0,0,0,0,0,106216.927,0,26385.39,37456.49,77414.161,-5919.886
GUY,2021,XDC,812783.466,123112.379,125493.013,12557.764,112935.249,0,148679.595,0,931.383,338117.066,1446.674,340495.124,226398.073,334716.125,0,0,0,0,0,0,115072.913,0,28943.652,35111.588,88000.791,-2462.241
GUY,2022,XDC,921815.954,126187.333,141202.669,12954.971,128247.698,0,177387.796,0,955.054,386360.294,1783.991,389099.338,268408.855,379192.765,0,0,0,0,0,0,122896.46,0,31592.936,42342.834,83844.499,-10556.715
GUY,2023,XDC,1070631.128,161546.164,156107.004,16145.084,139961.92,0,213058.295,0,4178.481,449886.941,1226.016,455291.438,339080.351,434048.357,0,0,0,0,0,0,134280.894,0,36072.743,50483.268,111062.896,-7962.711
GUY,2024,XDC,1284055.275,147942.397,218393.319,20634.2,197759.119,0,282152.476,0,3775.248,537203.133,707.36,541685.741,419588.029,514667.386,0,0,0,0,0,0,162737.897,0,53825.846,59666.978,88275.419,-20312.203
GUY,2025,XDC,1557859.723,206559.275,233111.927,23299.927,209812,0,378344.68,0.001,3693.314,638424.976,499.723,642618.015,543497.785,629327.73,0,0,0,0,0,0,173241.397,0,50683.124,76442.335,130116.94,-12558.473
HKG,2015,XDC,19181121.336,9549066.98,1182477.341,22485.656,391536.685,768455,186078.197,0,0,5007186.709,511855.685,5519042.394,1110879.338,6773987.937,0,533607.23,301946.379,2409.08,0,0,991474.283,176713.295,6497.332,6388985.175,3160081.805,150164.863
HKG,2016,XDC,20652322.833,10059261.239,1176060.014,29578.074,252161.94,894320,218231.467,0,0,5337355.968,624945.116,5962301.084,1263774.542,7293752.05,0,392711.342,292835.159,8030.721,0,0,1116696.191,275863.82,7448.808,6501566.605,3557694.634,263174.566
HKG,2017,XDC,22696737.014,11558137.142,1172441.572,29400.271,175033.301,968008,232045.939,0,0,5940822.73,938417.076,6879239.806,1392749.822,8157995.514,0,546597.505,404265.804,3991.402,0,0,1245490.107,246527.691,7405.6,7455146.814,4102990.328,381694.2
HKG,2018,XDC,24042688.53,12466766.458,1152762.115,30150.693,141744.422,980867,293778.14,0,0,6235338.7,948964.922,7184303.622,1414644.181,8596240.392,0,470132.492,429676.167,72067.265,0,0,1389727.262,256704.038,7319.937,7937658.825,4529107.633,523439.776
HKG,2019,XDC,24462131.511,12307952.935,1224391.407,32558.887,195836.52,995996,302987.138,0,0,6735307.119,1006835.864,7742142.983,1434221.014,9105728.873,0,437123.983,491015.067,113476.496,0,0,1782162.732,240785.831,4780.627,7600321.833,4707631.102,367858.007
HKG,2020,XDC,25864889.704,12664629.078,1573242.506,31691.085,544165.421,997386,207288.44,0,0,6927704.115,1053567.46,7981271.575,1937544.821,9185046.285,0,503328.892,462587.55,12654.577,0,0,1851828.809,209038.979,9484.595,8019368.71,4645260.368,235548.381
HKG,2021,XDC,26367228.051,13167460.356,1519304.382,30683.385,393951.997,1094669,251901.358,0,0,7433326.802,1046659.528,8479986.33,2054058.836,9476576.428,0,449952.69,490423.61,33038.92,0,0,1941105.913,264551.202,5673.419,8444809.413,4722650.943,258461.995
HKG,2022,XDC,27031411.368,13153914.881,1406843.446,38364.484,230443.962,1138035,307985.206,0,0,7428096.911,1054307.447,8482404.358,1596356.254,10299468.132,0,489497.151,459086.96,61728.471,0,0,2051419.591,289391.121,5878.775,7657246.871,5496668.01,441074.565
HKG,2023,XDC,27283034.139,13687174.826,1400615.871,30909.948,192175.923,1177530,363169.772,0,0,7416989.28,1034096.152,8451085.432,1455720.755,11052564.536,0,385415.874,445543.196,95948.407,0,0,2130965.134,271714.158,6283.824,7619906.606,6067268.22,437983.411
HKG,2024,XDC,28457222.815,14691196.886,1385801.857,29560.714,157316.143,1198925,443010.019,0,0,7335666.426,1027640.41,8363306.836,1574339.81,11757740.891,0,493603.457,447104.439,78231.524,0,0,2495201.748,306627.054,6928.585,7408923.646,7282273.24,314614.444
HKG,2025,XDC,30637568.452,16744938.333,1363687.505,26413.241,156939.264,1180335,428273.941,0,0,7418091.883,1179431.924,8597523.807,1820346.15,13043583.282,0,538877.335,464444.609,122057.707,0,0,2660123.007,360344.468,11924.968,7946685.773,8798252.56,166036.287
HND,2015,XDC,402156.557,10099.431,73070.995,7829.826,38984.872,26256.297,19611.455,3956.313,9611.981,250002.059,1418.533,264988.886,40506.118,179123.754,680.561,0,3355.822,30247.746,0,0,64679.853,735,32066.372,29411.54,-19312.109,-13035.999
HND,2016,XDC,452556.886,11741.661,84045.936,7270.477,58577.142,18198.317,20386.71,4317.126,9249.85,281943.203,1516.691,297026.87,44748.201,215834.505,465.398,0,4395.148,30872.087,0,0,71978.253,2424,33897.974,27073.535,-15331.874,-18487.925
HND,2017,XDC,502668.417,12811.109,97849.039,9046.73,58917.447,29884.863,24353.08,5789.497,6367.565,308957.137,1435.042,322549.241,48224.142,239037.095,377.346,3011.736,2637.952,31786.928,0,0,77530.471,4537.048,40206.44,30122.637,-17311.528,-19909.327
HND,2018,XDC,544211.881,11031.281,93428.149,10024.377,59460.733,23943.039,27218.944,6812.442,9763.551,353286.807,1838.667,371701.468,53706.009,259237.069,1755.083,1895.125,4696.074,31541.328,0,0,57801.077,8326.408,46175.738,36817.111,-25785.83,1428.821
HND,2019,XDC,597296.928,10244.181,102350.312,10554.737,66798.576,24996.999,30604.863,8733.329,10395.983,384609.817,2188.245,405927.373,57729.347,287190.101,2088.913,1507.695,6998.469,32099.33,0,0,64316.908,500,53036.643,42090.833,-31846.652,1568.491
HND,2020,XDC,679590.715,16036.179,147603.54,11151.474,112005.426,24446.64,45547.842,9187.984,8656.598,396588.648,2500.878,416934.109,71252.809,332188.301,963.356,2173.672,6998.224,34783.943,0,0,64254.47,1000,62369.102,40590.841,-24554.661,9546.951
HND,2021,XDC,759528.247,17190.115,149333.162,12247.287,101531.687,35554.188,63915.399,10369.207,7427.191,443334.641,3082.465,464213.504,73437.942,367126.291,1047.228,3152.707,4672.35,37550.499,0,0,72126.31,250,73762.039,50162.825,-32972.71,11363.99
HND,2022,XDC,831521.001,16054.388,140317.614,13214.494,83087.333,44015.787,58019.63,9679.224,12587.629,526770.341,3392.794,552429.988,95914.255,399732.099,2037.463,2194.357,4751.093,36355.379,0,0,80996.022,9738,70397.881,50891.171,-34836.784,13813.901
HND,2023,XDC,939957.81,19782.751,139395.927,15532.39,99758.387,24105.15,53455.411,10215.269,13828.136,625369.983,3545.651,652959.039,112322.442,448466.594,2141.977,1251.093,4681.461,42803.152,0,0,91841.775,11583.875,79650.744,56673.017,-36890.266,14176.999
HND,2024,XDC,1051098.708,25076.768,146978.542,16801.615,115487.212,14689.715,59946.995,10462.065,16883.179,703534.012,4267.647,735146.903,96672.363,515756.72,2754.321,1251.585,5685.308,46481.224,0,0,102611.839,19948.782,87437.676,75389.315,-50312.547,13160.075
HND,2025,XDC,1148371.845,29183.239,191367.414,19493.153,120347.09,51527.171,63526.347,11428.219,16364.348,746853.701,4646.308,779292.576,83397.201,598539.758,3201.602,656.908,5905.05,56882.107,0,2.219,115089.502,9410.283,96585.442,79133.166,-49949.926,14566.339
HRV,2015,EUR,,6169,,,,,12065,592,,29038,1319,30949,11830,17358,6357,0,143,,,,,,2616,5381,788,
HRV,2016,EUR,,5627,,,,,12411,553,,28057,1250,29860,14797,15507,6672,0,150,,,,,,2502,3723,1904,
HRV,2017,EUR,,4890,,,,,10854,538,,27839,931,29308,17889,13287,6346,0,79,,,,,,2530,3017,1873,
HRV,2018,EUR,,5102,,,,,11171,577,,28337,982,29896,22314,11391,5707,0,103,,,,,,2534,3378,1724,
HRV,2019,EUR,,4366,,,,,11442,660,,29056,1080,30796,25549,9238,5458,0,150,,,,,,3070,3072,1294,
HRV,2020,EUR,,4569,,,,,12350,865,,30009,1017,31891,30501,8306,5146,0,154,,,,,,2765,3310,1259,
HRV,2021,EUR,,4684,,,,,12596,1025,,30840,1031,32896,36581,7568,4705,18,619,,,,,,2708,2556,2128,
HRV,2022,EUR,,4565,,,,,13088,958,,34165,1045,36168,44721,7305,4203,3,912,,,,,,3302,3525,1040,
HRV,2023,EUR,,6890,,,,,13167,962,,36764,1083,38809,42555,12926,2893,0,1254,,,,,,3782,2498,4392,
HRV,2024,EUR,,10076,,,,,12882,829,,40242,992,42063,43959,15364,2389,0,2096,,,,,,4284,3168,6908,
HTI,2015,XDC,240343.335,26967.455,80166.872,4626.995,69324.878,6215,13558.823,0,0,73848.055,21356.298,95204.353,76014.425,104598.792,1309.163,0,0,625.15,0,0,21284.54,1980.255,11094.429,7958.603,19008.852,-8967.856
HTI,2016,XDC,290056.702,27817.064,104420.399,4222.665,89846.734,10351,15950.531,0,0,84593.531,29106.19,113699.72,92852.226,122068.712,1535.32,0,0,1164.359,0,0,28814.332,4294.777,15290.134,6175.217,21641.847,-10307.36
HTI,2017,XDC,318395.209,27429.948,118428.606,5357.547,99977.059,13094,20529.811,0,0,93048.869,26781.648,119830.517,105262.126,126734.388,2002.836,0,0,595.401,0,0,31394.995,5800.19,14182.5,8000.017,19429.931,-7753.572
HTI,2018,XDC,364225.186,38710.288,131748.881,5735.701,116962.18,9051,21120.89,0,0,115630.029,24895.391,140525.42,115354.013,152777.12,2402.505,0,0,882.439,0,0,34029.438,7835.391,18385.799,8842.078,29868.209,-8403.305
HTI,2019,XDC,411098.208,42580.043,154387.17,5741.065,142092.105,6554,26160.383,0,0,125784.801,27976.447,153761.248,126689.979,174742.205,4225.582,0,0,405.84,0,0,37260.737,10573.756,16767.474,7894.211,34685.832,-1670.941
HTI,2020,XDC,417767.055,48048.468,154989.639,9357.166,143420.473,2212,36616.967,0,0,118988.424,23783.593,142772.017,140197.897,160065.896,3799.873,0,0,529.283,0,0,39994.723,11460.712,16762.475,8130.009,39918.459,1486.222
HTI,2021,XDC,550259.519,69595.193,212682.945,7783.991,203598.954,1300,55215.727,0,3658.971,136623.835,30348.783,170631.589,190730.144,219906.277,6074.398,0,0,1252.514,0,0,46869.012,14721.11,17851.128,10485.647,59109.547,235.226
HTI,2022,XDC,704677.007,86358.594,276862.395,8287.331,267675.064,900,76875.252,0,2482.244,174196.044,36049.575,212727.863,251379.484,292204.386,9541.65,0,0,1473.487,0,0,54607.888,13115.595,19591.335,10573.842,75784.752,336.437
HTI,2023,XDC,654785.91,100940.428,251939.136,16855.9,233483.235,1600,80664.598,0,1671.655,139872.996,19791.728,161336.379,233667.128,259110.116,10516.246,0,0,1647.715,0,0,60131.233,7004.768,18927.432,9903.564,91036.864,-6027.662
HTI,2024,XDC,691411.667,96654.768,293722.967,14968.391,257304.576,21450,89127.573,0,1520.033,132086.957,19338.845,152945.834,252750.497,275162.883,12635.326,0,0,1266.236,0,0,62807.953,5668.678,19809.315,10330.122,86324.646,-7979.868
HTI,2025,XDC,752078.056,106196.628,307817.527,12449.378,285368.15,10000,127707.201,0,1378.241,128744.249,20301.004,150423.494,275178.945,301156.585,14319.633,0,0,1175.299,0,0,66769.647,7604.94,16061.078,11063.609,95133.019,-1184.885
HUN,2015,XDC,35518590.1,3702277.4,4988081,209236,4778845,0,6866489,38274,0,12265741.3,1681441.7,13985457,9109800,6525443.5,1453048,78788.2,1814179,0,0,218441,2876537,1403941,281232,4276949.9,-574672.5,1503944.8
HUN,2016,XDC,36353124.5,5952455.6,2705078,226049,2479029,0,7810191.034,44540.866,0,12083749,2004946.8,14133236.666,11930256,4895090.9,1457683,64137.7,1190065,0,0,375265,3727246,1545870,421543,4171070.9,1781384.7,822811.9
HUN,2017,XDC,37619556.2,6388681.4,2253640,275015,1978625,0,8832321.583,79790.117,0,12724388.8,1712805,14516983.917,14479459,3533142.3,1415199,28529.8,1143721,0,0,375406,4185516,1239879,432812,4712720,1675961.4,445323.3
HUN,2018,XDC,40452937.2,7213372.1,1934484,408480,1526004,0,8783706.928,146792.972,0,14031880.7,1935399.9,16114073.572,16261043,3621650.5,1549112,37222,918218,0,0,368554,4379393,1384700,275480,5005567.39,2207804.71,244794.28
HUN,2019,XDC,44028312.4,7576994.5,2715131,438729,2276402,0,8677939.378,180962.122,0,15855949.8,2307718.2,18344630.122,18287482,3194751.3,1656603,33066.9,1054001,0,0,508349,4775827,1749034,426412,5540042.57,2036951.93,89224.3
HUN,2020,XDC,53865042.6,7900073.7,5514928,321922,5193006,0,11297409.912,162940.988,0,18214638.2,2586557.8,20964136.988,23284670,3273152.2,1736148,27780,917447,0,0,619972,5068381,5182902,935562,4782306.76,3117766.94,-151673.88
HUN,2021,XDC,62349238.3,8515862.7,9831723,281490,8754233,796000,10556299.7,158669.3,0,21158969.4,3726220.4,25043859.1,27394381,4011646.2,1746379,847347.5,1079105,0,0,1428001,5553080,6412886,919043,5043699.55,3472163.15,-487805.82
HUN,2022,XDC,73459213.82,9967646.01,10363128,310916,8676562,1375650,12274504.014,161555.446,0,23566098.55,6393540.91,30121194.906,25946055,7516928.95,1655039,1649302.14,2104934,0,0,3296212,7928460,6310733,1267634,7587982.24,2379663.77,-2536785.94
HUN,2023,XDC,75444569.34,10412881.97,13510151,274837,10294314,2941000,11546777.87,190070.62,0,24489955.2,5346658.98,30026684.8,24430979,9187967.67,1615430,3110115.72,4748030,0,0,1726829,8776572,5194679,1544908,7086508.46,3326373.51,-1925511.2
HUN,2024,XDC,80004769.56,10917062.23,13448384.57,383663.46,8204387.11,4860334,14320436.367,204197.803,0,26159988.69,5667265.95,32031452.443,25858831.54,9991408.39,1707472,4403402.09,6198958.36,0,0,1362315.41,9592683.84,4635221.55,1356337.37,7437746.74,3479315.49,-1827043.03
IDN,2015,XDC,6390982452.918,211879445.129,885901729.677,117228331.94,728588893.159,40084504.579,472900363.997,6515607.576,217778352.215,3814262801.359,271703741.046,4310260502.196,2067237127.124,1998263862.803,281811358.164,13399055.158,22728133.766,9831189.242,0,11205624.968,859669686.506,7433217.251,113007040.326,457686491.302,-245807046.173,38669254.39
IDN,2016,XDC,7036075532.458,196141282.775,986929229.729,104420969.55,793905771.165,88602489.015,533246412.998,588694.406,304801827.125,4108315425.663,290027605.394,4703733552.588,2321716993.766,2161250138.575,280530592.916,13525092.968,37638192.648,7285473.35,0,5236267.028,1023736983.376,362201.64,136497546.102,422903935.758,-226762652.983,9367059.964
IDN,2017,XDC,7711867073.519,230218150.064,1095780688.507,108253304.951,772124941.008,215402442.547,616400131.946,4476396.749,345287985.253,4405475904.378,324909402.056,5080149688.436,1051125822.528,3762622199.982,344955595.392,18362253.058,53726568.201,9978553.602,0,2121603.566,1146107412.984,16919230.308,210432766.339,416233510.15,-186015360.086,-10036857.157
IDN,2018,XDC,8384951661.178,221649823.331,1051234111.797,123796805.509,759871551.828,167565754.46,644810262.374,5241553.083,480133745.805,4858183916.872,371297407.023,5714856622.783,1110329156.252,4003080249.938,358904137.759,20532732.135,57116076.565,14440390.876,0,9919151.632,1258757354.862,85582736.14,243518722.853,487611034.149,-265961210.818,-17240922.876
IDN,2019,XDC,8892362316.302,228823850.653,1134442471.46,138962432.794,755516842.53,239963196.137,724737283.866,2399674.641,508582487.102,5141515889.1,377277088.618,6029775139.46,2915012755.092,2539837743.485,368047950.311,25980695.881,54897377.538,20283755.721,0,2488542.072,1381411680.584,90919421.163,277244366.368,481225128.811,-252401278.157,-39570671.586
IDN,2020,XDC,9672722316.209,279656987.185,1467707462.529,138757751.002,762113125.41,566836586.117,1228014882.877,2656348.943,464220563.161,5119310673.65,344147559.733,5930335145.488,3344792760.32,2776291563.182,361135651.612,23219811.139,42968335.935,21852679.44,0,2649626.486,1405732889.725,51842037.05,279871867.034,445950130.162,-166293142.978,149407125.995
IDN,2021,XDC,10658301857.056,294394145.261,1800605018.487,128578542.112,1132965446.582,539061029.794,1515434449.995,2792169.295,406466349.045,5434378023.683,406111930.733,6249748472.756,4093508780.435,2920852663.508,253441368.241,22675056.107,37833171.668,19563464.847,0,2229678.363,1611549786.225,11279496.775,299134937.861,427622406.975,-133228261.715,160491275.492
IDN,2022,XDC,11654122786.764,402793866.581,1924423132.164,128684218.213,1294223216.661,501515697.29,1535081554.424,3258611.19,443387684.596,5986196234.39,474537001.937,6907379532.114,4596904262.262,3006865804.264,341359344.521,24563277.91,33068246.491,25472169.551,0,10759379.114,1767397114.583,33800236.804,299101408.661,504058317.572,-101264450.99,126328523.551
IDN,2023,XDC,12297956871.789,381243086.48,1789502774.867,125819771.123,1085716211.367,577966792.377,1512418309.191,2341947.387,425424280.538,6536073464.287,551183709.657,7515023401.869,4686941557.419,3131979292.821,433464157.619,28429813.949,25496457.196,32135386.273,0,6930997.265,1912045350.304,82983241.786,307472811.894,472190875.937,-90947789.457,78117629.945
IDN,2024,XDC,12885788006.992,390988088.768,1739180961.718,141741662.62,882154814.604,715284484.494,1439874511.545,967495.359,451412105.566,7037123008.455,700097229.327,8189599838.707,4848896767.146,3213729419.625,531957417.307,23646005.899,25805132.656,40790710.978,0,12462559.436,2010978466.178,216598466.321,343901601.977,486098280.896,-95110192.128,4778572.32
IDN,2025,XDC,14103679810.553,430627293.111,1828444637.127,145171794.594,976992618.851,706280223.682,1622534210.763,1939194.314,621069510.392,7570969335.512,763828683.279,8957806723.498,5443948006.926,3417119785.642,634676315.367,30837932.06,31603179.563,61483272.151,0,10566318.876,2092662804.415,28722473.517,657335039.554,479280160.063,-48652866.952,-48822423.634
IND,2016,XDC,143505188.051,1095963.556,7501634.646,1573502.864,4622670,1305461.782,31048762.29,7655878.241,21270269.272,58801794.814,5410861.649,93138803.976,11934538.013,100112067.827,0,0,0,3390292,0,0,13439033.396,176617.973,0,0,1095963.556,3732615.26
IND,2017,XDC,149758102.06,1594045.444,6467863.078,809409.305,4790590,867863.773,27878922.504,8309683.443,22774329.445,65233911.686,6399374.428,102717299.002,12470101.113,103223565.27,0,0,0,3219254.718,0,0,12466620.631,1265238.609,0,0,1594045.444,6013349.687
IND,2018,XDC,165984027.484,1503311.026,6224050.194,789739.44,5155630,278680.754,27680752.55,8746481.068,25270012.384,73515033.339,8932280.165,116463806.957,13026000.609,112710269.156,0,0,0,3574968.984,0,0,14048275.061,1849985.208,0,0,1503311.026,6662421.708
IND,2019,XDC,181071663.142,2103436.13,9303785.895,914653.475,6037020,2352112.42,31115005.323,9528132.2,26705440.392,77877187.39,10864890.42,124975650.401,14739561.521,123744422.143,0,0,0,3190007.258,0,0,19571609.612,294613.689,0,0,2103436.13,5957663.526
IND,2020,XDC,200917750.391,3333632.392,11944707.171,949651.723,5221760,5773295.448,35628093.656,12199334.717,28666867.752,80978474.231,12231237.963,134075914.663,16866281.767,136454432.208,0,0,0,2515448.6,0,0,21490180.893,812700.087,0,0,3333632.392,6843304.326
IND,2021,XDC,218968550.408,3021239.152,16809006.767,1057861.417,7648284.6,8102860.75,36172107.219,14184242.664,32267544.497,87055731.512,13938129.587,147445648.26,22060524.13,149758233.956,0,0,0,2699760.5,0,0,16670191.161,1074755.146,0,0,3021239.152,11184536.506
IND,2022,XDC,241167574.101,2603041.047,11603222.679,1104160.975,8997771,1501290.704,40748486.308,14291366.482,33303398.459,99732708.522,19764161.457,167091634.92,23419356.691,163321308.675,0,0,0,4407437.3,0,0,16648835.353,1329375.931,0,0,2603041.047,12920071.004
IND,2023,XDC,284156322.32,3019099.547,11991003.629,1068806.025,10012806.9,909390.704,47197868.863,16819384.156,38689071.118,118527018.685,18907322.16,192942796.119,25804895.181,184596221.626,0,0,0,7635839.7,0,0,46201456.02,2761907.714,0,0,3019099.547,-11849552.082
IND,2024,XDC,326455130.19,4792099.647,11656594.323,1012248.319,10002595.3,641750.704,51647494.12,18442451.267,43138898.556,132343752.332,19747613.787,213672715.942,27107128.2,203071455.428,0,0,0,9597746.736,0,0,67204736.196,2447070,0,0,4792099.647,-27659232.528
IND,2025,XDC,364007112.396,7027899.647,10625874.458,951600.154,7606143.6,2068130.704,53881553.349,19257357.659,49553269.232,152112996.705,22334976.101,243258599.697,34226644.738,224325265.763,0,0,0,8307841.112,0,0,77368750.101,1691840,0,0,7027899.647,-33171884.563
IRL,2015,EUR,,722509,,,,,19084,268,0,139588,96989,236845,116959,71100,11772,1828.4,32452,,,,,,3170,624411.6,98097.4,
IRL,2016,EUR,,722557,,,,,18030,296,0,130756,87886,218938,129924,73190,8886,2667.08,24211,,,,,,2515,622225.92,100331.08,
IRL,2017,EUR,,717285,,,,,16692,194,,131434,68970,200598,141487,71466,7093,-180.34,26077,,,,,,2650,608223.34,109061.66,
IRL,2018,EUR,,776391,,,,,17049,209,,133109,60605,193923,153344,63262,5218,1037.84,22614,,,,,,2167,654882.16,121508.84,
IRL,2019,EUR,,888276,,,,,15394,150,,131152,86410,217712,178903,69597,4452,-494.12,26100,,,,,,1830,742397.12,145878.88,
IRL,2020,EUR,,970962,,,,,19378,84,,123452,112453,235989,212225,69859,8227,-830.71,23276,,,,,,2091,810277.71,160684.29,
IRL,2021,EUR,,987289,,,,,16674,105,,118762,94382,213249,250384,58371,12261,1978.6,18757,,,,,,1682,823080.41,164208.59,
IRL,2022,EUR,,1070744,,,,,11097,70,,132481,138976,271527,253400,62062,31160,3175.96,22017,,,,,,1407,916988.04,153755.96,
IRL,2023,EUR,,1126392,,,,,10945,75,,132350,124713,257138,245284,77670,26347,2685.5,21441,,,,,,1278,945104.5,181287.5,
IRQ,2015,XDC,104123909,15952767,34677722,3729863,30947859,0,19831990,0,7217810,19226347,0,26444157,34623616,14757341,2296806,0,0,477194,0,0,12316901,0,30991130,1515168,14437599,-71520
IRQ,2016,XDC,99019865,12144096,32204155,3156285,29047870,0,21254131,0,6773214,19843423,0,26616637,33447823,14802278,2494836,0,0,569288,0,0,12228297,0,26409453,895180,11248916,1371864
IRQ,2017,XDC,103011522,11902000,32109023,3893345,28215678,0,24373280,0,6640944,21168720,0,27809664,36642387,15723710,2493043,0,0,1001827,0,0,12629467,0,24109072,874005,11027995,2720456
IRQ,2018,XDC,108003321,16312099,33754578,3766417,29988161,0,25943000,0,2106524,23073286,0,25179810,37330799,17414231,2185845,0,0,1228594,0,0,14014205,0,30742188,1257700,15054399,-2984075
IRQ,2019,XDC,120091270,22499212,36821369,4196147,32625222,0,26981712,0,2109827,24326637,0,26436464,39132279,16520150,2720614,0,0,1678105,0,0,12613246,0,35727336,792020,21707192,3555007
IRQ,2020,XDC,123971815,26664980,33813062,6044136,27768926,0,25452346,0,2222328,28715024,0,30937352,43366313,16421298,2366453,0,0,1897726,0,0,12635753,0,34383788,733237,25931743,5063172
IRQ,2021,XDC,143271798,28898359,44399940,5035545,39364395,0,24069636,0,1994682,34040602,0,36035284,48417818,19793047,3805298,0,0,4819456,0,0,14654829,0,37145626,781592,28116767,3985553
IRQ,2022,XDC,185350486,42803804,64905693,5529826,59375867,0,26798167,0,3019775,39757438,0,42777213,64456183,21639870,4365860,0,0,9114249,0,0,18988640,0,53840396,800488,42003316,4079191
IRQ,2023,XDC,189969527,33222502,71286627,6859898,64426729,0,32472188,0,1590422,44406140,0,45996562,65697248,20489174,4637901,0,0,8543878,0,0,21193485,0,57721391,726715,32495787,3968087
IRQ,2024,XDC,187666744,36810872,47982994,7143002,40839992,0,43748630,0,1576505,50863618,0,52440123,59460276,21000490,4961914,0,0,9249796,0,0,23335311,0,53869479,706068,36104804,8399285
IRQ,2025,XDC,176952042,27911616,43547170,7239102,36308068,0,45071797,0,1505571,51436599,0,52942170,55370732,19204999,4058495,0,0,9899048,0,0,20562741,0,47723416,269981,27641635,12383341
ISL,2015,XDC,3322739.137,362247.377,294599.012,6767.088,287829.491,2.434,211214.405,19625.585,71874.104,2015837.899,278802.142,2386139.73,380549.323,1293338.343,0,0,235042.73,165437.814,1072.95,7544.368,658213.615,139.108,39415.821,282530.664,79716.713,190915.788
ISL,2016,XDC,3310662.827,264633.432,385055.591,7230.731,377811.154,13.706,165797.395,18365.114,62749.352,2114875.694,234513.477,2430503.637,424463.786,1163374.752,0,0,301851.955,65669.752,1213.055,5831.706,640097.305,93.245,26792.308,508325.381,-243691.949,108276.809
ISL,2017,XDC,3459141.046,328296.827,378700.065,7713.057,370987.008,0,69688.237,21387.327,72793.762,2293873.49,220584.213,2608638.792,456063.546,1209286.381,0,0,381545.279,580.443,1271.722,5759.805,657338.363,0,24747.371,600776.648,-272479.821,47954.364
ISL,2018,XDC,3721078.466,416570.872,293870.149,8424.277,285445.872,0,36912.954,22219.744,61196.252,2585602.994,216310.293,2885329.282,456269.067,1325679.851,0,0,480399.633,960.41,1334.171,6547.539,625068.565,978.75,31252.816,683834.153,-267263.281,20358.301
ISL,2019,XDC,3824810.291,369406.944,329923.176,8006.341,321916.835,0,38753.271,24421.537,45317.122,2685585.993,230707.377,2986032.03,483450.556,1417863.931,0,0,468360.703,1180.22,1344.607,7820.874,627589.52,1618.801,32222.696,667744.265,-298337.321,14919.25
ISL,2020,XDC,4287654.002,426697.364,213002.986,7755.7,205247.186,0.1,241710.025,20359.932,66079.895,2936504.646,259387.467,3282331.94,626457.412,1412832.25,0,0,547724.788,1302.433,1254.882,11818.182,660610.569,4781.048,137244.881,745341.827,-318644.463,14374.043
ISL,2021,XDC,4757349.934,429923.742,281653.486,7716.721,273936.765,0,209079.867,26058.08,46886.258,3315639.144,247856.063,3636439.545,762185.261,1506104.562,0,0,643023.942,1520.751,1307.144,12959.107,759040.84,2266.798,111696.348,825245.357,-395321.614,-68253.467
ISL,2022,XDC,5139889.388,491957.882,279737.616,7841.746,271811.865,84.005,217997.912,33661.443,53907.641,3671912.842,235018.188,3994500.114,746569.841,1730941.773,0,0,668407.909,1764.644,1385.865,6004.924,768182.88,2215.903,116751.032,951685.472,-459727.59,-9716.719
ISL,2023,XDC,5432396.617,608982.376,289861.438,8184.777,281655.482,21.178,227172.083,40560.037,32273.273,3860851.553,237276.657,4170961.519,655518.385,2039515.775,0,0,676650.344,2031.596,1422.616,4982.301,804857.11,1095.461,102112.964,980584.407,-371602.031,28206.457
ISL,2024,XDC,5793851.913,494505.173,344034.392,7613.853,336390,30.539,302106.964,41640.458,34341.377,4169956.087,256726.632,4502664.552,686558.866,2334607.731,0,0,714490.9,2210.485,1523.023,8737.028,844770.554,683.098,113602.737,931131.162,-436625.988,4995.498
ISL,2025,XDC,6203477.339,657868.982,387952.758,7222.574,380730.184,0,263312.075,39393.79,35463.452,4393007.492,295145.04,4763009.774,643017.326,2544450.241,0,0,753704.61,2051.742,1683.998,3966.256,856092.775,120.852,90915.294,1154474.289,-496605.307,21666.204
ISR,2015,XDC,1392624.97,107329.532,233638.131,8847.979,172216.752,52573.4,83440.573,21450.277,0,775081.03,100511.331,897042.638,368731.985,480025.123,214638.481,0,53778.092,1546.303,0,19037.973,90473.569,261.263,9940.174,65744.806,41584.726,17273.108
ISR,2016,XDC,1465637.291,115067.531,275176.795,7966.504,208126.724,59083.567,92209.542,22913.443,0,800247.073,101451.342,924611.858,435154.409,482801.809,227437.499,0,53449.753,1295.212,0,20504.973,95685.721,22.001,10157.895,59092.565,55974.966,21463.89
ISR,2017,XDC,1514746.113,123733.579,292216.883,9685.09,235614.12,46917.673,76414.565,22794.735,0,833995.482,105520.976,962311.193,479876.073,490370.775,227287.717,0,44291.833,969.249,0,19715.029,101622.483,1428.332,11146.058,50450.359,73283.22,27518.311
ISR,2018,XDC,1580902.123,132224.82,278011.552,8577.005,231140.8,38293.746,79697.077,24732.685,0,884710.556,110348.256,1019791.497,513018.463,479221.027,235595.226,0,48191.658,612.728,0,22045.804,113079.147,405.842,12185.941,53122.094,79102.726,32247.016
ISR,2019,XDC,1638875.666,137681.023,286022.63,8257.585,240420.53,37344.516,84820.998,26267.732,0,920352.1,118891.433,1065511.264,551055.371,511496.916,231577.514,0,45506.684,522.804,0,23388.579,109144.824,255.139,12961.025,51722.908,85958.115,36404.15
ISR,2020,XDC,1904464.58,132635.642,436442.764,8711.597,420699.198,7031.969,137742.439,28445.767,0,960925.064,132045.484,1121416.315,734515.706,572956.036,196647.581,0,39112.899,437.644,0,32833.511,120003.557,20299.266,16656.555,60241.278,72394.364,34533.187
ISR,2021,XDC,2193738.795,158309.271,568469.418,8428.498,555776.144,4264.776,114318.009,29737.353,0,1094621.423,151044.977,1275403.753,895300.155,648043.174,206872.555,0,43494.723,6106.042,0,30054.74,133728.042,40766.939,18011.335,67901.372,90407.899,26221.375
ISR,2022,XDC,2394447.217,192737.251,528109.463,9022.99,476645.128,42441.345,121466.456,31670.113,0,1237492.264,191395.385,1460557.761,765088.931,833750.843,283543.445,0,54177.201,21769.32,0,47413.229,142911.39,40503.676,23357.99,74238.542,118498.709,16116.362
ISR,2023,XDC,2561176.613,234781.969,489451.146,9578.56,351785.129,128087.457,168562.158,31707.482,0,1306393.878,220567.026,1558668.386,668415.19,946028.899,370067.243,0,62877.975,33238.874,0,53079.855,157920.179,23561.483,22846.465,95353.441,139428.528,18074.053
ISR,2024,XDC,2793190.885,242645.474,510412.209,10096.825,435891.933,64423.451,224168.901,32815.538,0,1394474.155,263311.286,1690600.979,687319.058,1058119.281,423345.353,0,60251.039,48625.864,0,48747.767,189566.138,14499.343,23124.442,98012.156,144633.318,16217.128
ISR,2025,XDC,3101186.002,267671.737,484836.827,10143.524,397653.923,77039.38,262516.954,35568.195,0,1527896.594,376733.867,1940198.656,681959.263,1196681.169,527156.836,0,87570.202,59549.806,0,55324.369,213362.142,6885.173,23426.454,96303.472,171368.266,7005.289
ITA,2015,EUR,,335825,,,,,596453,78214,0,1443192,534340,2055746,891700,419803,294711,10059,376614,,,,,,44480,322976,12849,
ITA,2016,EUR,,346655,,,,,572177,76636,0,1433451,530653,2040740,987865,383508,302958,8393,301573,,,,,,49575,305765,40890,
ITA,2017,EUR,,368618,,,,,521062,74164,,1387842,496562,1958568,1059756,366796,263061,11345,238929,,,,,,41158,294973,73645,
ITA,2018,EUR,,392822,,,,,569637,72563,,1341151,492230,1905944,1109803,352216,292596,3093,211788,,,,,,20962,318660,74162,
ITA,2019,EUR,,433177,,,,,569451,70084,,1305447,529276,1904807,1182391,350457,288884,6343,203450,,,,,,33119,324080,109097,
ITA,2020,EUR,,457533,,,,,606560,69470,,1353923,480890,1904283,1348719,357107,249383,4456,184638,,,,,,28651,304473,153060,
ITA,2021,EUR,,495546,,,,,600588,70486,,1371697,441242,1883425,1480122,348031,250447,4213,175654,,,,,,24417,286699,208847,
ITA,2022,EUR,,503486,,,,,570049,71142,,1365027,528674,1964843,1457596,367074,243422,5165,179992,,,,,,24973,311692,191794,
ITA,2023,EUR,,532603,,,,,542370,66298,,1327037,467810,1861145,1343769,424696,242200,14606,209015,,,,,,28510,387595,145008,
JAM,2015,XDC,1201770.877,122296.52,228746.681,12137.101,70179.348,146430.232,172792.372,0.163,26588.44,498392.137,39620.569,564601.309,154413.159,556938.168,0,0,0,69148.2,0,0,177991.254,17887.482,35861.736,104252.975,18043.545,-28056.092
JAM,2016,XDC,1384470.796,123437.909,276238.705,13729.101,99777.909,162731.695,188610.474,0.003,31112.623,563829.929,85512.294,680454.849,158361.379,645838.038,0,0,0,94574.677,0,0,199388.81,17812.674,45071.721,134394.458,-10956.549,-26699.82
JAM,2017,XDC,1608277.217,179862.349,245859.153,17311.21,154153.822,74394.121,197584.21,1.562,21175.571,770276.425,45147.57,836601.127,655811.033,238274.12,7966.261,0,9794.621,90972.034,0,0,232295.646,1402.596,46606.556,212801.681,-32939.332,-36017.71
JAM,2018,XDC,1765110.509,199441.816,245778.89,27455.02,161465.939,56857.931,214322.921,10.456,19090.594,872389.086,39890.651,931380.787,750680.75,229263.905,8760.68,0,7549.782,113911.385,0,0,268137.998,10501.819,47502.161,209632.914,-10191.098,-55016.98
JAM,2019,XDC,1958463.595,252257.118,239492.613,29653.472,143164.24,66674.901,207150.649,1.494,12641.148,1017080.146,44724.052,1074446.839,839017.704,232238.792,9391.751,0,5925.936,131961.992,0,0,297032.916,17227.284,50558.168,232228.085,20029.033,-42235.407
JAM,2020,XDC,2198378.542,280509.296,313638.025,44930.091,168790.895,99917.039,236529.1,0,13400.53,1116058.733,51039.541,1180498.804,988979.692,274675.291,13188.09,0,7991.45,118460.324,0,0,303693.508,10599.731,42813.505,285639.078,-5129.782,-34865.445
JAM,2021,XDC,2489798.512,367783.649,353096.715,47381.377,204560.618,101154.72,268766.216,0.022,6776.19,1201425.864,65100.706,1273302.782,1131550.124,290021.513,31814.603,0,11657.563,137771.05,0,0,316103.55,10041.815,53671.271,332473.486,35310.163,-52155.613
JAM,2022,XDC,2651094.487,434586.746,304841.798,51182.816,164844.203,88814.779,286127.958,5.715,9077.694,1329826.02,64350.879,1403260.307,1252122.133,302501.945,22913.319,0,10777.53,116011.984,0,0,341524.35,13040.653,56527.023,359244.506,75342.24,-45846.633
JAM,2023,XDC,2894852.585,450149.12,366719.657,61160.502,199261.414,106297.741,272852.536,0.056,10173.914,1467170.906,74076.721,1551421.597,1383157.03,344928.439,9201.965,0,4039.275,138989.476,0,0,364392.029,21993.379,68114.837,355725.1,94424.019,-49398.62
JAM,2024,XDC,3050464.71,495808.801,417070.515,53650.571,263587.037,99832.907,263455.25,0.033,9638.681,1549911.187,61592.675,1621142.576,1454410.152,413414.508,19719.519,0,3547.858,159401.781,0,0,380913.058,955.019,78896.052,337766.309,158042.493,-51547.113
JAM,2025,XDC,3319782.942,606337.787,450319.24,57193.641,261355.479,131770.12,276231.41,0.048,5461.04,1649696.233,67283.062,1722440.383,1650003.317,460085.412,21670.298,0,3306.423,139645.836,0,0,394678.994,6500.483,87299.539,344300.96,262036.827,-52162.441
JOR,2015,XDC,47133.173,4681.071,7972.421,403.555,7568.866,0,11175.176,225.661,113.217,18253.466,513.084,19105.428,8479.029,18170.765,1837.52,0,0,143.087,0,1.026,5645.08,500.56,2310.346,6662.943,-1981.872,-816.259
JOR,2016,XDC,48383.547,5435.433,6767.995,439.445,6328.55,0,10559.376,221.439,305.339,20073.653,663.247,21263.677,8881.636,18842.357,1799.869,0,0,188.408,0,8.103,5824.607,499.293,2084.856,6430.444,-995.011,-533.093
JOR,2017,XDC,49102.541,5652.03,6690.677,509.989,6180.688,0,9665.32,212.276,414.956,21983.818,801.084,23412.135,8495.209,19060.803,1892.633,0,25,375.449,0,15.209,6107.848,527.361,2006.23,6795.509,-1143.478,118.912
JOR,2018,XDC,50917.752,5543.834,5905.973,506.016,5399.957,0,10388.884,291.974,499.98,23263.496,793.386,24848.836,7978.599,19677.703,1885.532,0,25,470.87,0,19.157,6057.265,753.849,2349.713,7315.078,-1771.244,154.759
JOR,2019,XDC,53642.048,5579.087,6405.377,531.052,5874.326,0,11354.634,357.169,551.018,24275.241,847.504,26030.932,8175.327,20782.143,1816.082,0,35.635,471.962,0,22.183,6168.984,880.18,2291.959,8031.087,-2452,694.487
JOR,2020,XDC,57037.963,6290.131,6857.216,557.116,6300.099,0,11916.709,401.612,571.528,25771.866,1005.491,27750.497,8926.122,20628.282,1819.042,0,56.935,521.717,0,8.258,6428.697,1622.889,2458.39,9519.816,-3229.685,824.407
JOR,2021,XDC,61057.724,6332.663,8017.176,609.464,7407.712,0,13177.149,530.022,610.295,26918.897,1017.803,29077.018,9823.243,21931.446,1932.546,0,56.935,513.17,0,3.927,6593.255,1737.226,2501.418,10592.582,-4259.919,918.258
JOR,2022,XDC,64145.305,5864.062,7818.682,640.766,7177.917,0,13876.368,728.44,1017.068,29137.742,1056.638,31939.888,9935.354,24063.263,2118.376,0,77.459,552.03,0,12.315,6755.816,1690.578,2810.232,10387.335,-4523.273,1096.242
JOR,2023,XDC,66176.267,6220.77,8516.419,633.313,7883.106,0,14044.525,806.604,1385.508,29647.844,870.576,32710.532,9371.073,25655.141,2132.574,0,90.93,537.532,0,11.419,7266.147,1459.025,3016.782,10661.407,-4440.638,1290.216
JOR,2024,XDC,69874.85,6802.399,9673.745,649.717,9024.028,0,14618.151,875.298,1716.381,30331.7,910.316,33833.694,9631.234,27603.831,2295.695,0,90.93,462.721,0,13.271,7559.478,1387.515,3231.3,11432.554,-4630.154,1219.462
JOR,2025,XDC,74112.341,8684.601,9814.522,641.47,9173.052,0,15628.936,955.29,1758.112,31158.998,944.049,34816.449,10261.95,29231.151,2385.824,0,80.265,400.113,0,17.688,7992.148,1444.786,3448.553,12430.755,-3746.154,1251.273
JPN,2015,XDC,1806044900,241851100,254271600,9558700,244712900,0,247317000,68028100,11867200,546778700,185656200,812330200,545250300,608633200,20488400,0,16715900,67394000,0,0,78617400,36328000,14945400,172502500,69348600,-5105400
JPN,2016,XDC,1918507400,262566100,323163600,9885000,313278600,0,224666600,70765500,10829100,563677100,193962400,839234100,597892600,592476200,32304400,0,22694700,80272600,0,0,81504000,41501300,21423200,184434100,78132000,-4872500
JPN,2017,XDC,1959941500,252169000,354526500,9643600,344882900,0,210149700,72784000,10580700,584725300,204579000,872669000,639173300,584957700,33239400,0,22366000,76911100,0,0,96896000,50283600,25798500,163740500,88428500,-3851900
JPN,2018,XDC,1973150300,249554800,371078900,9664500,361414400,0,184890200,74943000,9676600,590622300,210152900,885394800,675198100,571718500,36675100,0,24074700,88492000,0,0,80189600,48187100,19840200,156608100,92946700,-10064800
JPN,2019,XDC,2018525000,257833400,383838200,10752300,373085900,0,172704900,78114200,9657800,614849200,223881600,926502800,714085000,560118100,37219900,0,20778400,94362900,0,0,89789000,50839700,19001400,161160500,96672900,-6475600
JPN,2020,XDC,2200305400,266228800,471844000,10990200,460853800,0,194108000,82230500,10350300,650941600,224892100,968414500,822967900,543507900,42572700,0,22464000,93252200,0,0,87557100,110218500,20365200,164114900,102113900,-6425000
JPN,2021,XDC,2270221300,271125700,519961300,10833000,509128300,0,185896100,85688100,10568900,663820300,243724500,1003801800,878864400,527221400,43456800,0,22099900,97189000,0,0,86618900,142370700,24039100,166768200,104357500,-7843400
JPN,2022,XDC,2345434800,325875600,480354500,10872800,469481700,0,174353800,83259000,10681900,681141400,231278900,1006361200,919665000,518475700,41441300,0,21455000,110775300,0,0,50945300,82515600,30710700,220285400,105590200,-9324200
JPN,2023,XDC,2408530600,336558200,515611700,10420900,505190800,0,178344500,81899400,11233700,709519200,238016800,1040669100,960453300,505970600,43628600,0,23052200,121516700,0,0,62395000,98863900,31004700,231576000,104982200,-7277700
JPN,2024,XDC,2440676700,375062500,518831900,13135600,505696300,0,175760500,79213000,8722100,730809100,255976700,1074720900,977341800,503852900,38804500,0,18461100,137328500,0,0,48070500,106953400,33151600,285991000,89071500,-5579400
JPN,2025,XDC,2432738300,402159900,460262200,10947000,449315200,0,171810300,75699700,10960200,759184500,261195300,1107039700,975779900,518057800,40787500,0,15735200,124148100,0,0,32186300,78338500,33920000,319494100,82665800,2824700
KAZ,2015,XDC,25760300.02,1734413.118,4153713.588,257956.964,2933348.089,962408.535,854581.125,0.004,316278.36,13902772.439,3317767.024,17536817.827,3785524.074,11610361.45,0,0,1176629.812,795805.713,0,242191.063,2584648.729,30203.551,35980.559,1933526.12,-199113.002,2084654.587
KAZ,2016,XDC,27346762.362,2347962.849,5210532.615,301276.946,2689573.59,2219682.079,719927.047,2.951,568685.406,13915197.326,2944437.685,17428323.368,4603090.849,12521328.521,0,0,1101536.311,1038393.936,0,94930.769,2927165.226,211751.726,49462.94,1544999.49,802963.359,1614086.111
KAZ,2017,XDC,26445731.728,2295957.339,5090830.853,310879.205,2774395.638,2005556.01,1952930.017,13022.184,454896.995,14046626.889,874681.315,15389227.383,4486997.567,11847122.92,0,0,1249131.27,875189.342,0,134556.302,3041082.581,94276.121,53668.171,997721.725,1298235.614,1949199.593
KAZ,2018,XDC,27156834.3,2239645.327,5894515.638,358694.948,3263941.434,2271879.256,2093852.154,13023.791,719834.882,13975187.998,882920.734,15590967.405,5214090.18,11457293.933,0,0,1516362.343,779196.613,0,357962.765,3021974.272,299236.788,42367.885,1140464.544,1099180.783,1990031.201
KAZ,2019,XDC,28953291.601,2903124.997,5931855.838,387759.121,3233757.413,2310339.304,2224420.389,0.005,680295.551,14739623.013,1131286.921,16551205.49,5517235.209,12041811.52,0,0,1671702.186,779125.601,0,228988.581,3653815.897,30321.924,96529.076,1085263.633,1817861.364,2505813.087
KAZ,2020,XDC,33313273.348,2417077.504,8574584.093,422325.893,6042771.213,2109486.987,3368009.616,1.999,582619.48,15556663.598,1377525.283,17516810.36,6271887.828,14700551.048,0,0,1664316.741,682817.024,0,62709.935,4087628.278,35242.402,129612.877,1105901.183,1311176.321,3135814.257
KAZ,2021,XDC,39156257,2837781.439,8105972.086,453991.781,6130719.399,1521260.906,4438508.296,14468.792,605536.371,19346337.562,2397562.7,22363905.426,7786366.676,17425494.848,0,0,1943607.753,2152001.001,0,54828.462,4578406.829,30.719,203294.262,1068432.813,1769348.626,2533703.884
KAZ,2022,XDC,46393085.444,3960086.64,9275869.319,463139.962,6989079.054,1823650.304,4664553.252,13223.824,873865.047,23512872.503,2441766.617,26841727.991,8187665.406,21059847.529,0,0,1985456.524,1606860.335,0,74612.719,5287965.704,217.653,247065.274,3149837.256,810249.384,3142708.802
KAZ,2023,XDC,53330779.968,4924397.759,7373473.549,470155.15,5927827.406,975490.992,6640778.868,13446.24,777381.495,28803902.368,2890140.708,32484870.81,7691928.979,24413187.82,0,0,2793002.99,2129717.391,0,159536.461,6889383.079,188.541,265161.213,4086917.259,837480.499,2994497.252
KAZ,2024,XDC,63607085.01,5282012.728,9251950.037,487657.56,8541366.04,222926.437,8954857.563,14161.557,690279.127,34844474.039,2540743.977,38089658.699,8570021.569,30538325.764,0,0,3020539.778,2195345.333,0,8599.921,8892851.802,226.556,256812.126,4901240.599,380772.129,3194515.579
KAZ,2025,XDC,72862766.799,6501821.102,9860864.39,521909.883,9207176.557,131777.951,7729840.833,21883.103,882359.326,41290751.047,3492430.931,45687424.407,9119583.622,36248831.758,0,0,3134163.167,2033199.421,0,13410.048,10601592.354,177.767,248467.025,6009368.102,492453.001,2371157.467
KEN,2015,XDC,4415154.342,232373.095,237276.769,53697.182,176587.169,6992.419,745150.05,5193.316,79293.832,2522947.59,37225.519,2644660.257,999991.843,1699894.286,0,0,17585.618,27497.92,0,1473.971,629420.657,15541.674,163741.119,371913.617,-139540.522,-67599.332
KEN,2016,XDC,4729934.434,208865.508,223339.282,57146.215,166193.068,0,891337.474,3806.871,103515.056,2697816.785,21847.028,2826985.739,1267116.47,1534670.908,0,0,17497.689,37376.08,0,5698.073,677920.025,50081.061,193983.653,345089.408,-136223.9,21094.638
KEN,2017,XDC,5103617.239,240168.875,232137.203,58368.872,173768.331,0,1026602.756,3975.244,110171.451,2808839.11,25477.021,2948462.827,1410679.876,1665526.425,0,0,11498.005,36404.722,0,1444.888,727204.552,34847.183,207081.086,357845.491,-117676.616,-5160.622
KEN,2018,XDC,5585214.831,337448.732,319714.436,63460.417,240753.945,15500.075,1182063.916,4341.623,100445.366,2910690.241,29986.248,3045463.478,1481430.499,1898356.438,0,0,16449.172,32500.776,0,1178.446,743844.211,25777.743,224678.962,367042.591,-29593.859,93173.515
KEN,2019,XDC,6111384.136,388255.377,339705.803,66550.618,235201.107,37954.078,1337085.677,4298.597,90999.01,3153018.272,33093.384,3281409.264,1557780.221,2074006.421,0,0,4885.495,49073.532,0,855.801,838062.349,25361.232,253326.78,422228.369,-33972.991,120655.809
KEN,2020,XDC,6918435.664,514482.881,293150.672,62303.498,218733.386,12113.788,1640950.533,5654.091,88919.178,3441559.793,35416.054,3571549.116,1782966,2303009.074,0,0,5120.039,60062.947,0,4878.502,916692.918,25981.892,243893.973,511557.73,2925.151,165749.89
KEN,2021,XDC,7634403.386,535108.595,318927.335,62611.962,252356.034,3959.339,1946772.204,18268.063,84677.477,3740075.484,36310.222,3879331.245,1944863.757,2400574.05,0,0,7106.365,53845.975,0,409.49,1021850.657,33941.778,248106.233,647441.973,-112333.378,321999.048
KEN,2022,XDC,8310437.413,509193.004,306080.647,71491.156,234589.491,0,2044216.532,6270.916,78604.809,4212905.328,35657.873,4333438.926,2125949.161,2573248.401,0,0,7408.219,55129.708,0,5387.316,1086548.548,86029.305,244228.152,764840.808,-255647.804,244159.436
KEN,2023,XDC,9608512.531,1075930.756,392971.598,75392.72,317578.878,0,2050886.582,5413.211,97214.978,4776612.196,38813.56,4918053.944,2527524.526,3143089.34,0,0,8367.96,52875.417,0,4451.986,1136249.366,194691.998,312074.621,770473.457,305457.299,288044.158
KEN,2024,XDC,9634955.198,816952.562,400495.269,85491.465,315003.804,0,2269005.666,2231.424,66082.588,4815366.595,39257.923,4922938.53,2429652.276,3275586.601,0,0,7613.254,47909.005,0,5140.26,1360734.287,90661.444,288219.701,583550.268,233402.295,320324.88
KEN,2025,XDC,10602441.243,803398.335,608560.118,84320.016,504250.752,19989.35,2666245.132,18753.085,37079.714,5157640.612,49048.233,5262521.644,2730908.193,3558028.325,0,0,4003.485,58644.727,0,2440.647,1606990.453,37801.883,415212.375,512899.198,290499.137,413795.89
KGZ,2015,XDC,194949.571,47100.603,20808.513,5323.565,13408.624,2076.323,5774.511,0,0,97697.809,2477.412,100175.221,29238.15,60795.787,1017.51,0,0,2013.63,0,234.136,24500.208,4729.043,9514.592,34079.688,13020.915,7736.102
KGZ,2016,XDC,196146.686,35640.741,32842.865,5534.044,22175.177,5133.644,7603.055,0,0,97552.602,1556.626,99109.227,34527.904,60159.822,924.867,0,0,5171.182,0,184.685,27201.04,5555.363,10313.196,24428.84,11211.9,6728.989
KGZ,2017,XDC,216193.981,36668.699,29804.221,6692.325,18023.599,5088.297,10682.197,0,0,112860.181,1495.394,114355.576,39004.719,69951.081,929.675,0,0,6898.21,0,281.699,30955.646,5569.857,10125.1,22732.056,13936.643,5062.652
KGZ,2018,XDC,240872.967,36950.693,32314.211,8774.481,15773.37,7766.36,11097.749,0,0,132388.637,1760.886,134149.523,40747.504,78517.891,940.942,0,0,8898.318,0,421.7,33853.242,7794.931,9119.858,27253.071,9697.621,6964.72
KGZ,2019,XDC,271165.424,37331.017,36366.452,10269.839,18890.964,7205.649,14983.122,0,0,151188.963,2768.601,153957.564,39289.472,94982.102,944.658,0,0,9450.126,0,1042.6,40895.084,5031.656,12098.086,31813.616,5517.401,7090.753
KGZ,2020,XDC,316582.863,56128.43,46238.261,10510.314,24617.072,11110.875,10846.423,0,0,169374.429,3432.442,172806.871,51968.531,109131.343,984.789,0,0,10402.42,0,1462.877,44518.79,6484.327,17257.316,30481.022,25647.408,13328.571
KGZ,2021,XDC,390815.1,80325.581,64984.09,15114.175,33747.492,16122.423,17532.027,0,0,187685.173,4849.887,192535.06,88851.034,126112.773,900.823,0,0,13151.488,0,3282.596,50246.029,4145.549,20439.92,31264.494,49061.087,16982.05
KGZ,2022,XDC,519836.062,135386.171,103231.625,22442.16,51886.046,28903.418,23977.478,0,0,210682.52,3467.63,214150.15,120159.015,147151.386,1284.831,0,0,16219.032,0,1498.115,79055.044,0,28733.711,63704.98,71681.191,18939.31
KGZ,2023,XDC,653636.708,164545.862,122422.605,28517.931,57048.927,36855.747,33728.647,0,0,264263.732,4482.104,268745.836,153279.098,178243.055,1044.911,0,0,16773.445,0,1781.865,103787.216,0,47141.053,76093.819,88452.043,11298.487
KGZ,2024,XDC,855811.141,210078.058,159887.343,34594.284,125293.059,0,50693.623,0,0,350871.253,7797.887,358669.14,230970.866,236652.578,889.178,0,0,16609.835,0,2415.329,130184.484,0,61205.679,88813.561,121264.497,11586.652
KGZ,2025,XDC,1249058.419,232113.999,237956.417,40151.295,188953.71,8851.413,139921.773,0,0,527871.601,9842.554,537714.154,348492.592,355730.326,11540.106,0,0,15951.703,0,3587.639,222043.876,0,65708.94,106993.462,125120.537,17010.756
KHM,2015,XDC,90616653.496,8807770.642,16739998.794,448965.974,16289828.545,1204.275,26172.571,5.54,4466.778,54459333.215,509378.232,54973183.764,8860298.798,38133761.324,217442.274,0,0,87883.495,0,0,15540188.528,1114.636,1491404.345,16718892.144,-7911121.502,-503859.77
KHM,2016,XDC,110022264.495,10218172.436,21821037.705,603817.044,21214652.136,2568.526,39013.723,0,5613.585,66155155.232,662323.843,66823092.659,10814131.356,46874601.361,198141.879,0,0,319277.978,0,0,18591123.384,82347.43,1831670.034,20241726.411,-10023553.975,-51703.31
KHM,2017,XDC,130310139.891,11439332.397,27814930.108,821837.669,26990901.581,2190.858,35734.347,0,18566.074,77640742.623,1441993.762,79101302.46,14935704.536,55933265.999,185545.301,0,0,437518.433,0,0,22396743.239,364599.229,2629127.418,21782935.391,-10343602.994,-274140.227
KHM,2018,XDC,163163303.657,14781001.273,34269830.917,979051.831,33289733.602,1045.483,57404.536,0,612.039,98916252.979,2433572.486,101350437.504,19389172.859,71764020.936,431803.641,0,0,965893.819,0,0,28161898.363,994562.19,3353821.94,24204088.648,-9423087.375,1193411.834
KHM,2019,XDC,201424266.626,15338840.235,42996558.45,1140505.109,41848443.722,7609.619,65793.238,0,741.32,125590818.589,4225077.18,129816637.089,23573949.456,82828684.414,165858.027,0,0,1339764.392,0,0,35593549.57,2894575.367,4260281.981,31140120.861,-15801280.626,6421044.946
KHM,2020,XDC,235176903.098,16661635.259,47688124.683,1552889.038,46120256.39,14979.256,85167.207,0,577.023,147799632.406,4422837.514,152223046.944,25319728.922,97694366.083,195092.35,0,0,1547203.816,0,0,43210779.701,2978645.245,5612592.994,35100224.855,-18438589.596,4999340.126
KHM,2021,XDC,279169123.228,17568680.232,48944016.579,1797413.543,47139769.447,6833.589,93521.133,0,744.189,183705023.934,4548179.139,188253947.262,30311853.671,114026283.419,235866.81,0,0,1993880.458,0,0,51455469.488,2856525.049,6987486.941,41622184.12,-24053503.888,5370615.252
KHM,2022,XDC,315179790.109,17276005.087,44936253.07,1959485.508,42969159.998,7607.564,175271.259,0,695.323,217877320.406,5186412.878,223064428.607,27150215.87,130622185.555,208505.133,0,0,2212514.332,0,0,58514510.389,3370463.319,8568955.403,49700962.627,-32424957.541,5103645.396
KHM,2023,XDC,343108264.507,26263997.287,52109254.762,2370906.448,49729490.172,8858.142,329633.802,0,31033.926,226429704.017,4364342.317,230825080.259,27908898.318,150621524.396,255784.477,0,0,2261889.849,0,0,61635729.837,3724996.951,9774913.294,45333356.359,-19069359.072,8010872.631
KHM,2024,XDC,370728963.342,36980123.587,59144355.035,2471786.974,56659977.344,12590.717,530348.821,0,1354.578,235253406.171,2605037.309,237859798.057,35114814.499,177754501.919,195265.928,0,0,2164979.239,0,0,63051395.107,40124.981,12394163.946,33697301.656,3282821.931,10102078.225
KHM,2025,XDC,403879974.653,47002873.678,60658838.07,2357999.719,51623184.073,6677654.278,2074894.642,0,708.812,248209481.89,741569.807,248951760.509,43988061.416,194817712.28,286684.459,0,80644.845,6151766.655,0,817.198,71761225.052,1047380.196,13966076.087,25292113.126,21710760.552,1295885.581
KNA,2015,XDC,7183.644,3198.12,550.577,27.237,523.34,0,148.083,188.101,36.683,1392.49,15.223,1632.497,1330.237,2257.919,0,0,0,0,0,0,512.845,4.845,575.69,1749.215,1448.905,-901.474
KNA,2016,XDC,7250.31,3123.957,597.21,32.102,565.108,0,149.869,198.34,36.581,1399.129,22.149,1656.199,1275.748,2286.048,0,0,0,0,0,0,548.669,3.112,637.529,1801.597,1322.36,-1025.468
KNA,2017,XDC,7321.666,3563.824,701.136,34.837,666.299,0,146.015,225.546,39.712,1406.218,39.705,1711.181,1152.42,2298.903,0,0,0,0,0,0,614.993,3.403,635.735,2131.538,1432.286,-714.836
KNA,2018,XDC,7800.603,3997.94,678.91,40.816,638.094,0,84.435,242.308,99.467,1429.218,37.361,1808.354,1092.26,2255.931,0,0,0,0,0,0,599.311,2.887,757.822,2582.925,1415.015,-721.497
KNA,2019,XDC,7006.955,3229.51,629.353,48.108,581.245,0,339.024,0,134.058,1451.254,77.224,1662.536,1185.187,1620.804,0,0,0,0,0,0,648.601,1.191,1606.951,1633.473,1596.037,-835.784
KNA,2020,XDC,6904.222,3274.041,648.786,37.772,611.014,0,356.012,0,116.917,1467.896,88.961,1673.774,768.207,1782.466,8.354,0,0,0,0,0,810.524,0.674,1376.639,1717.702,1556.339,-511.953
KNA,2021,XDC,6697.008,2801.186,549.569,36.616,512.953,0,383.423,0,118.569,1580.625,103.542,1802.736,935.621,1852.389,6.836,0,0,29.264,0,0,845.739,0.157,1557.009,851.602,1949.584,-541.703
KNA,2022,XDC,6404.205,2766.156,446.453,44.869,401.584,0,384.672,0,133.368,1671.955,100.342,1905.665,1205.677,1683.364,65.948,0,0,21.476,0,0,575.56,0.765,1411.668,913.569,1852.587,-353.605
KNA,2023,XDC,6067.197,2408.052,407.373,47.532,359.841,0,395.492,0,125.231,1758.827,127.45,2011.508,1141.316,1689.316,69.979,0,0,0,0,0,578.958,0.568,1427.492,735.091,1672.961,-420.295
KNA,2024,XDC,6312.937,2388.772,464.757,43.485,421.272,0,397.021,0,128.04,1949.565,88.261,2165.866,1185.559,1723.799,57.774,0,0,0,0,0,650.594,3.79,1145.012,1132.875,1255.897,-482.987
KNA,2025,XDC,6075.425,1936.295,457.187,41.587,415.6,0,463.39,0,121.084,2078.085,87.899,2287.068,1304.879,1759.224,59.057,0,0,0,0,0,770.798,5.964,920.209,852.516,1083.779,-528.707
KOR,2015,XDC,4100548048,267833566,196797791,10274769,80097024,106425998,121779138,24224384,12745586,2190919973,373749693,2601639636,632109536,1428196999,308358622,88535870,120233727,28487081,0,14928190,215751850,19633470,76621575.3,231553296,36280270,23639914
KOR,2016,XDC,4358632890,282965624,196935692,10410527,83453835,103071330,126007106,24320524,11569187,2347019873,404512661,2787422245,708701613,1500549748,351759675,98566656,113931767,29481308,0,14683223,221629233,18964193,83608357.9,230814882,52150742,20639962
KOR,2017,XDC,4574591585,302593793,200494959,10920217,77495687,112079055,114830001,23245635,10733946,2505589875,424376108,2963945564,753019624,1555564663,411505351,112856836,117711306,30560190,0,18352453,231242285,17827318,104588380,211990466,90603327,16645438
KOR,2018,XDC,4850633432,306030072,192955522,11248827,77092261,104614434,109706392,18978589,12853983,2679394038,484929291,3196155901,761856935,1705437379,477613677,114419069,122702431,31620621,0,10381012,243632277,14263206,107263169.1,225890005,80140067,-7412230
KOR,2019,XDC,5305572107,323015792,196364017,11021696,86454161,98888160,123163142,13580996,16618815,2910958344,536024410,3477182565,838398860,1857611332,558582354,89641677,132241437,34684514,0,14240409,257040845,15689528,128070279.4,240319073,82696719,-46794798
KOR,2020,XDC,5782833327,338496426,222482780,11249262,108119730,103113788,142854518,12481473,18581596,3185433723,569562219,3786059011,1061676324,1898346734,586922834,93320144,123883852,37338629,0,24050349,276226019,32867930,134303799.3,259062109,79434317,-38105994
KOR,2021,XDC,6355403766,365795614,211672718,11148408,117498912,83025398,177263384,12672028,20465764,3553419096,622968140,4209525028,1216072402,2101933009,630790969,129154248,130605782,43126702,0,16468221,301176626,38542089,150030676,280345451,85450163,-73989532
KOR,2022,XDC,6915215325,448637967,238136765,11843623,155356848,70936294,193088914,12671154,28732454,3782407569,680453071,4504264248,1074127512,2351366768.202,709734366,163388649,118402044,48847191,0,44550587,313554699,47488536,186760209,348269668,100368299,-22362358.202
KOR,2023,XDC,7183915518,445383644,201704067,10602476,113080402,78021189,214850555,14576593,34689880,3938580413,710304843,4698151729,1075872403,2463104428,769637550,189922248,129318674,44639275,0,28899434,336141621,23898929,175517378,318700414,126683230,4437607
KOR,2024,XDC,7687434124,569476597,195623703,10308830,114634502,70680371,226048513,16032766,31516849,4099848806,761812920,4909211341,1115209608,2678032332.4,810711012,180225901,145335661,43933342,0,48668650,354895799,26535342,153522405.6,378064345,191412252,-34774323
KWT,2015,XDC,58612.526,12551.512,4995.906,301.213,4694.693,0,1579.594,0,0,33959.914,1342.415,35302.329,8674.463,24369.648,0,0,224,0,0,0,7793.848,0,5878.954,4692.797,7858.715,2795.631
KWT,2016,XDC,60444.468,12668.714,4921.426,251.284,4670.142,0,3286.915,0,0,34770.347,1483.14,36253.487,8935.47,25197.682,0,0,397.8,0,0,0,8136.295,0,6679.419,4364.233,8304.481,3419.643
KWT,2017,XDC,63410.741,12738.537,5019.764,370.923,4648.841,0,5059.1,0,0,36134.301,1318.515,37452.816,9310.734,26090.366,0,0,397.8,0,0,0,8556.936,0,6737.401,5595.919,7142.618,3581.061
KWT,2018,XDC,66578.478,13786.008,6180.703,353.773,5826.93,0,3861.914,0,0,37941.521,1066.322,39007.843,9327.203,27540.204,0,0,425,0,0,0,8835.658,0,6616.939,6073.412,7712.596,4018.052
KWT,2019,XDC,71021.324,16687.018,6803.456,419.116,6384.34,0,2091.983,0,0,39325.942,1205.021,40530.963,8786.017,20657.934,1850.987,0,425,687.167,0,0,10371.116,0,15196.982,5796.434,10890.584,2341.784
KWT,2020,XDC,73325.754,16443.31,8891.763,423.753,8468.01,0,1357.434,0,2924.599,2030.363,36787.451,41742.414,10775.297,22334.958,1768.902,0,600.087,847.086,0,0,10275.103,0,10396.249,8009.01,8434.3,3428.23
KWT,2021,XDC,77029.206,17879.351,7511.843,296.541,7215.302,0,1137.491,0,3511.421,2083.357,38775.23,44370.009,11155.776,23314.453,1728.816,0,399.477,1059.614,0,0,11068.391,0,8362.872,10306.294,7573.057,3502.999
KWT,2022,XDC,84486.235,22749.628,7469.686,329.572,7140.113,0,522.369,0,3595.828,1990.375,42118.437,47704.64,10601.998,26311.977,2042.107,0,399.695,1628.13,0,0,14374.172,0,7953.92,11314.038,11435.59,3820.286
KWT,2023,XDC,87647.932,24861.003,7713.764,359.016,7354.747,0,436.679,0,3681.728,2330.843,42868.296,48880.867,9612.847,27717.326,1892.116,0,499.504,2023.054,0,0,14694.34,0,9505.054,11339.399,13521.605,4608.674
KWT,2024,XDC,91655.093,27904.473,6731.681,344.864,6386.817,0,294.517,0,3498.995,2160.921,45085.204,50745.12,9295.5,29719.182,2370.604,0,550.252,2264.474,0,0,16012.079,0,9109.083,11174.18,16730.293,5180.435
KWT,2025,XDC,101944.853,32762.619,5283.74,305.958,4977.782,0,2859.022,0,3944.919,2371.383,48131.279,54447.581,9632.819,30863.339,2865.216,0,429.447,3240.784,0,0,17815.529,0,9492.871,15299.971,17462.648,5712.986
LBR,2015,XDC,76641.181,12150.473,12912.707,701.135,12211.572,0,6883.901,0,0,35063.031,159.395,35222.426,28426.512,19481.506,0,0,0,0,0,0,9872.139,3069.692,4971.028,2492.061,9658.413,-1129.705
LBR,2016,XDC,86594.98,10588.677,14430.589,903.526,13527.062,0,6648.769,0,0,41134.295,3265.582,44399.877,28710.573,16930.903,0,0,0,0,0,0,14136.973,2923.147,12296.874,197.455,10391.222,5227.684
LBR,2017,XDC,108104.812,7001.097,16722.103,937.954,15784.149,0,6524.795,0,0,63125.295,15.242,63140.537,35606.008,25887.115,0,0,0,0,0,0,17440.83,2833.895,7321.018,792.596,6208.501,8742.055
LBR,2018,XDC,152554.805,15929.233,19025.115,1152.326,17872.789,0,10164.844,0,0,82651.545,19.798,82671.343,49405.807,33038.723,0,0,0,0,0,0,26081.052,2318.231,12739.279,667.692,15261.541,11126.898
LBR,2019,XDC,192736.459,20524.944,17125.921,585.447,16540.473,0,21757.189,0,0,87144.61,4927.894,92072.504,56471.347,42315.401,0,0,0,0,0,0,30078.679,4604.255,14092.171,816.908,19708.036,4047.56
LBR,2020,XDC,186565.704,19448.756,20328.472,1311.211,19017.261,0,17325.984,0,0,80449.027,4570.54,85019.566,63326.999,40900.925,0,0,0,0,0,0,29226.195,3185.268,12104.759,660.759,18787.997,-7282.126
LBR,2021,XDC,181140.346,25656.899,21268.199,1852.725,19415.474,0,21772.673,0,0,74265.673,885.486,75151.159,62598.762,40249.437,0,0,0,0,0,0,31616.713,2275.411,14557.853,3113.106,22543.793,-10562.352
LBR,2022,XDC,221620.277,25640.063,26565.643,2543.979,24021.664,0,25951.112,0,0,89074.387,1612.938,90687.325,82580.222,46878.662,0,0,0,0,0,0,31343.523,2176.3,10314.293,6153.514,19486.549,-10602.37
LBR,2023,XDC,312103.005,39575.248,39574.656,1907.123,34756.405,2911.128,35481.652,0,0,146996.659,2638.434,149635.094,130211.487,61790.704,0,0,0,0,0,0,38871.071,3284.798,13020.705,5237.445,34337.803,11850.439
LBR,2024,XDC,331049.856,47600.498,52579.102,2416.463,36830.474,13332.164,38455.114,0,0,154965.542,2990.683,157956.226,144433.839,69658.286,0,0,0,0,0,0,44973.16,1798.72,15883.911,4589.536,43010.962,15253.487
LBY,2015,XDC,90233.4,4384.7,45866.5,743.6,45122.9,,1509.5,,5145.8,16479.8,2364.3,23989.9,52531.4,1373.8,11620.3,,,,,,4926.4,278.9,5978.1,1012.5,3372.2,-1970.8
LBY,2016,XDC,103455.1,4140.3,54409.4,594.7,53814.7,0,1515,0,5034.4,14804.2,2658.2,22496.8,66133,1356.4,11124.5,0,0,0,0,0,5207.9,185.6,5135.1,487.6,3652.7,-7068.6
LBY,2017,XDC,114159.642,2836.704,80089.489,537.79,79551.7,0,1058.686,0,4936.351,13748.208,928.711,19613.271,77591.732,1324.004,10856.694,0,0,0,0,0,4665.54,193.566,6109.389,459.029,2377.675,2398.197
LBY,2018,XDC,114513.343,5051.384,78675.926,1573.619,77102.307,0,1052.006,0,4436.391,13350.615,2283.658,20070.664,73145.404,1245.07,13675.154,0,0,0,0,0,5501.217,207.768,5582.66,562.239,4489.146,4930.467
LBY,2019,XDC,109350.606,5402.921,71831.018,2355.093,69475.924,0,1308.292,0,5336.131,14075.324,1333.691,20745.146,68713.382,1766.763,11338.763,0,0,0,0,0,6115.829,250.3,7127.867,183.34,5219.582,3791.135
LBY,2020,XDC,122750.494,2720.33,86492.105,1128.885,85363.221,0,3799.482,0,5012.093,14070.598,874.017,19956.709,82638.287,1750.144,9291.644,0,0,0,0,0,6294.728,226.078,8505.134,284.218,2436.112,3978.393
LBY,2021,XDC,132205.621,8902.945,81400.251,2775.097,78625.154,0,3837.497,0,5340.646,17422.34,2142.955,24905.94,65616.408,1671.882,18352.282,0,0,0,0,0,8651.242,21293.138,6423.612,245.883,8657.062,-3207.813
LBY,2022,XDC,144158.31,10743.931,85425.7,2013.158,83412.542,0,900.216,0,7798.858,22185.288,2293.809,32277.955,75157.563,1641.841,18078.39,0,0,0,0,0,9237.902,20372.751,7137.052,270.894,10473.036,-2548.593
LBY,2023,XDC,155936.849,8963.573,95353.165,1915.965,93437.2,0,815.949,0,6702.29,25760.535,2177.538,34640.363,95610.437,1651.984,23320.308,0,0,0,0,0,11583.998,420.069,5232.527,205.757,8757.816,1748.971
LBY,2024,XDC,185739.231,14967.689,115532.304,1421.55,114110.753,0,724.043,0,6496.386,30332.941,2159.035,38988.362,107504.278,716.17,29353.498,0,0,0,0,0,17209.204,987.913,9248.845,218.616,14749.073,4973.839
LBY,2025,XDC,244176.966,15719.904,172047.782,958.947,171088.835,0,788.319,0,5350.888,31511.157,1959.304,38821.349,142195.544,850.518,46294.127,0,0,0,0,0,22217.653,54.7,3551.539,429.684,15290.22,11783.588
LCA,2015,XDC,6192.316,1226.206,622.035,75.863,546.172,0,351.861,1.123,61.493,3460.62,14.931,3538.167,1019.964,2403.676,0,0,0,0,0,0,162.906,1.344,87.818,1762.695,-536.489,299.866
LCA,2016,XDC,6161.844,1350.37,562.982,79.88,483.102,0,370.495,0.003,44.865,3231.136,17.395,3293.399,1065.044,2382.575,0,0,0,0,0,0,143.251,1.367,125.227,1644.475,-294.105,215.307
LCA,2017,XDC,6391.88,1529.117,682.766,81.179,601.587,0,369.001,0,37.932,3176.802,11.358,3226.092,1186.29,2371.342,0,0,0,0,0,0,255.023,0.042,194.491,1764.789,-235.672,34.999
LCA,2018,XDC,6628.204,1892.256,601.097,76.204,524.893,0,384.652,0.191,35.601,3110.775,42.399,3188.966,1304.602,2433.662,0,0,0,0,0,0,297.884,0.051,167.992,1800.997,91.259,61.783
LCA,2019,XDC,6738.858,2066.911,545.262,87.093,458.169,0,394.729,0,24.362,3052.751,45.462,3122.575,1386.747,2034.418,0,0,0,0,0,0,371.76,0.064,573.384,1798.993,267.918,-35.889
LCA,2020,XDC,6602.441,1817.751,565.287,78.836,486.451,0,404.774,0,11.368,3181.879,10.344,3203.591,1169.249,1797.624,225.751,0,0,0,0,0,508.29,0.084,665.963,1352.987,464.764,271.453
LCA,2021,XDC,7315.384,1909.099,881.895,77.158,804.737,0,340.087,0,38.04,3178.401,10.168,3226.609,1620.356,1792.27,155.554,0,0,6.069,0,0,554.497,0.084,716.628,1381.575,527.524,136.726
LCA,2022,XDC,7668.331,2343.46,739.034,75.085,663.949,0,446.896,0,39.252,3230.425,9.781,3279.458,1723.864,1828.306,136.527,0,0,3.384,0,0,533.072,0.082,886.648,1592.486,750.974,107.863
LCA,2023,XDC,8324.739,3017.954,714.664,87.954,626.71,0,362.51,0,31.702,3321.297,21.129,3374.128,1998.212,1965.804,146.378,0,0,0.677,0,0,658.911,0.099,923.877,1580.6,1437.354,195.375
LCA,2024,XDC,9638.06,4045.973,747.1,86.754,660.346,0,366.497,0,46.274,3490.501,25.642,3562.417,2356.881,2039.779,179.19,0,0,0,0,0,812.855,0.05,1187.598,1927.047,2118.926,218.587
LCA,2025,XDC,10293.996,4333.161,827.653,97.931,729.722,0,320.142,0,56.093,3710.418,19.523,3786.034,2397.8,2177.67,194.031,0,0,0,0,0,976.473,0.069,1245.706,2192.646,2140.515,82.909
LKA,2015,XDC,9147017.712,279145.322,309340.445,108569.91,200770.535,0,2194728.234,8845.599,522965.892,4542238.619,45556.106,5119606.215,486676.658,4848223.508,31774.275,29641.764,0,185026.877,0,0,774159.447,16422.883,50019.85,1278430.042,-999284.721,202444.912
LKA,2016,XDC,10460497.735,347751.913,439131.832,129291.626,309840.205,0,2215980.607,848.695,495114.372,5424472.299,42562.157,5962997.523,509758.385,5703734.747,33433.357,31253.057,0,195143.219,0,0,900157.372,18592.693,30558.224,1261143.208,-913391.295,282087.615
LKA,2017,XDC,12010283.188,362048.037,517876.206,167149.184,350727.022,0,2644140.844,411.335,514360.098,6295083.22,43548.48,6853403.132,533816.79,6837075.832,40099.904,29293.664,0,186241.581,0,0,1066021.854,28224.293,49469.065,1211644.277,-849596.24,395580.958
LKA,2018,XDC,13822063.205,468545.893,519818.136,177430.681,342387.455,0,2763570.977,247.265,755379.615,7147928.185,31040.49,7934595.555,543898.728,7701843.918,60174.196,26114.551,0,203459.877,0,0,1261344.523,35700.068,95417.967,1333218.918,-864673.025,425357.815
LKA,2019,XDC,14483249.106,497424.864,473454.566,192905.85,280548.716,0,3222198.931,488.694,817953.309,7457722.614,32486.753,8308651.369,573835.355,8389965.277,45591.069,22365.445,0,173687.236,0,0,1402390.033,27502.477,90072.858,1250419.462,-752994.598,525900.519
LSO,2015,XDC,14308.428,4244.111,681.873,307.475,374.398,0,825.42,0,0,5432.195,31.387,5463.581,4280.813,4801.252,65.753,0,0,0,0,0,1457.332,0,107.809,384.96,3859.151,117.065
LSO,2016,XDC,13579.316,3330.035,832.824,387.423,445.401,0,846.959,0,0,5584.593,79.67,5664.264,3932.597,4718.594,36.6,0,0,0,0,0,1721.829,0,22.55,337.553,2992.482,-95.642
LSO,2017,XDC,16547.668,5010.791,883.207,498.415,384.792,0,1002.125,0,0,6045.469,77.958,6123.426,5049.684,5906.332,17.035,0,0,0,0,0,2175.003,0,6.574,487.067,4523.723,-622.145
LSO,2018,XDC,18086.213,5700.439,822.276,486.291,335.985,0,1396.231,0,0,6712.988,256.682,6969.671,5118.136,7185.42,8.085,0,0,0,0,0,2300.112,0,4.902,499.762,5200.678,-227.801
LSO,2019,XDC,18272.338,5026.741,993.205,459.071,534.134,0,2162.875,0,38.203,7257.255,231.349,7526.807,4184.995,6811.49,18.035,0,0,0,0,0,2552.805,0,1694.432,422.829,4603.912,25.04
LSO,2020,XDC,20894.304,6679.436,1120.15,445.112,675.038,0,2132.91,0,87.003,7309.667,266.768,7663.439,5579.468,7299.947,14.048,0,0,0,0,0,2810.774,0,1743.072,305.201,6374.234,-156.576
LSO,2021,XDC,22585.07,7451.116,1027.991,467.578,560.412,0,2405.613,0,60.214,7849.433,144.115,8053.762,5764.852,7718.338,8.736,0,0,0,0,0,2895.762,0,1869.865,485.623,6965.492,195.304
LSO,2022,XDC,20890.944,5877.445,1222.325,592.367,629.959,0,2675.854,0,58.046,8248.518,301.398,8607.961,5642.739,7477.118,3.251,0,0,0,0,0,3002.41,0,1979.507,331.841,5545.604,-53.282
LSO,2023,XDC,28716.38,10840.308,907.816,733.454,174.362,0,1733.113,0,57.766,9561.298,303.071,9922.136,5746.028,9773.983,1070.368,0,0,0,0,0,3387.319,0,2592.381,542.561,10297.746,290.732
LSO,2024,XDC,29322.275,9397.491,1637.497,699.08,938.418,0,1611.628,0,49.797,10449.786,938.675,11438.258,7847.154,9667.082,130.957,0,0,0,0,0,3611.289,0,2554.843,256.554,9140.936,16.994
LTU,2015,EUR,,2240,,,,,1361,884,0,15519,1024,17427,12035,4138,299,28,16,,,,,,718,2979,-739,
LTU,2016,EUR,,3528,,,,,1210,780,0,16602,1545,18927,13778,3691,372,4,7,,,,,,787,4339,-811,
LTU,2017,EUR,,2218,,,,,1076,442,,17324,1443,19209,15109,3609,347,0,20,,,,,,806,4413,-2195,
LTU,2018,EUR,,1763,,,,,974,393,,18376,1548,20317,17208,3974,418,0,22,,,,,,735,3416,-1653,
LTU,2019,EUR,,1866,,,,,1005,363,,19075,1542,20980,19432,3983,469,0,22,,,,,,1095,2540,-674,
LTU,2020,EUR,,4648,,,,,1363,346,,18615,1390,20351,26126,3797,458,0,22,,,,,,1662,2695,1953,
LTU,2021,EUR,,2962,,,,,1511,357,,21086,1819,23262,29194,3712,472,0,85,,,,,,1133,2722,240,
LTU,2022,EUR,,14295,,,,,1892,351,,24081,2420,26852,31815,3852,451,-1,163,,,,,,1868,5423,8872,
LTU,2023,EUR,,20560,,,,,1784,360,,25375,1845,27580,28713,8555,423,-1,267,,,,,,1911,7161,13399,
LTU,2024,EUR,,27286,,,,,2018,359,,28203,2116,30678,30774,9878,451,0,453,,,,,,2180,8255,19031,
LUX,2015,EUR,,789762,,,,,3029,1087,0,49694,47785,98566,170558,38938,10684,400,30227,,,,,,2395,616985,172777,
LUX,2016,EUR,,798344,,,,,2727,1029,0,54102,47614,102745,183549,31651,12168,3309,30145,,,,,,3214,653778,144566,
LUX,2017,EUR,,784440,,,,,2644,958,,58444,46440,105842,192300,33929,10976,1314,29320,,,,,,4940,631449,152991,
LUX,2018,EUR,,818552,,,,,2452,951,,63501,45480,109932,201184,41872,12024,898,32586,,,,,,4481,654444,164108,
LUX,2019,EUR,,897563,,,,,2788,957,,68040,49909,118906,218443,40655,11699,829,33062,,,,,,6220,722537,175026,
LUX,2020,EUR,,941559,,,,,2548,972,,71086,48628,120686,230326,45001,11491,407,30780,,,,,,4809,799385,142174,
LUX,2021,EUR,,1007152,,,,,2214,1023,,75229,53628,129880,268028,52568,12009,925,32952,,,,,,6225,866866,140286,
LUX,2022,EUR,,991694,,,,,1983,1187,,78687,69663,149537,250179,68803,9717,773,32801,,,,,,6738,853023,138671,
LUX,2023,EUR,,1097317,,,,,1773,1341,,76536,62348,140225,202378,79486,9015,1039,31666,,,,,,6184,965244,132073,
LVA,2015,EUR,,11849,,,,,948,36,0,11870,1261,13167,8231,1984,332,35,196,,,,,,310,15524,-3675,
LVA,2016,EUR,,9647,,,,,1057,29,0,11849,1685,13563,9025,2034,333,22,252,,,,,,836,12147,-2500,
LVA,2017,EUR,,7594,,,,,934,26,,11366,1749,13141,9595,1865,246,26,257,,,,,,529,11076,-3482,
LVA,2018,EUR,,4149,,,,,701,17,,10672,1717,12406,10332,1799,244,0,135,,,,,,661,5683,-1534,
LVA,2019,EUR,,3988,,,,,607,15,,10561,1683,12259,11486,1697,248,0,136,,,,,,565,4283,-295,
LVA,2020,EUR,,5122,,,,,872,104,,10150,1472,11726,13856,1202,221,0,87,,,,,,157,3525,1597,
LVA,2021,EUR,,3777,,,,,964,197,,10477,2402,13076,15591,1065,184,0,255,,,,,,186,3012,765,
LVA,2022,EUR,,6173,,,,,926,188,,11187,2684,14059,16933,1328,139,0,263,,,,,,627,3142,3031,
LVA,2023,EUR,,5132,,,,,779,179,,11301,2728,14208,14864,3609,140,0,270,,,,,,526,3693,1439,
LVA,2024,EUR,,5429,,,,,898,172,,11922,2511,14605,15758,4164,123,10,318,,,,,,984,3864,1565,
MAC,2015,XDC,1326949.637,841580.364,61318.823,2607.157,24251.604,34460.062,0,0,0.55,389393.165,0,389393.715,49621.157,411167.662,0,0,0,0,0,0,56866.559,338.924,156949.284,610794.167,230786.197,6555.149
MAC,2016,XDC,1374735.539,822072.876,61717.779,3145.743,22453.739,36118.297,0,0,0.55,423033.387,0,423033.937,50118.523,468800.998,0,0,0,0,0,0,63405.489,546.733,209856.941,508984.133,313088.743,5111.775
MAC,2017,XDC,1506656.152,932106.598,63452.156,3414.059,26744.06,33294.037,0,0,0.55,458699.912,0,458700.462,57484.495,519072.683,0,0,0,0,0,0,72370.001,747.334,227609.737,568618.912,363487.686,8356.053
MAC,2018,XDC,1766429.177,1125356.055,60224.716,3513.465,25892.714,30818.537,0,0,0.55,506218.544,0,506219.094,64750.91,570694.133,0,0,0,0,0,0,79127.699,465.727,272389.182,690462.044,434894.011,13910.17
MAC,2019,XDC,1995829.822,1292883.283,69731.257,3729.631,27612.1,38389.526,0,0,0.55,531969.143,0,531969.693,71285.86,599358.544,0,0,0,0,0,0,91954.412,600.654,266966.828,856509.802,436373.481,7908.132
MAC,2020,XDC,2199101.168,1382054.055,87119.127,4010.361,28567.499,54541.267,0,0,6944.535,544974.255,0,551918.79,62605.705,611172.751,0,0,0,0,0,0,98832.327,344.095,277084.674,967786.338,414267.717,3266.081
MAC,2021,XDC,2656932.331,1764498.492,98388.463,3912.182,33559.977,60916.304,0,0,7958.541,570243.976,0,578202.517,55985.93,611665.889,0,0,0,0,0,0,103777.235,458.749,268903.544,1393335.692,371162.8,6962.434
MAC,2022,XDC,2566029.342,1599527.85,93534.903,3796.24,38640.992,51097.671,0,0,8079.341,577765.672,0,585845.013,52327.208,644951.486,0,0,0,0,0,0,119792.409,641.715,244081.222,1221667.394,377860.456,-4553.665
MAC,2023,XDC,2404845.49,1474264.818,104312.596,3171.531,32439.155,68701.91,0,0,12639.357,539602.049,0,552241.406,50034.48,655207.991,0,0,0,0,0,0,127605.325,108.128,193505.732,1100776.003,373488.815,3581.159
MAC,2024,XDC,2389222.287,1500973.763,109524.458,3178.213,29048.749,77297.496,0,0,14828.938,515358.082,0,530187.02,52782.623,708976.472,0,0,0,0,0,0,132731.553,206.188,211344.545,1021707.954,479265.809,12935.902
MAC,2025,XDC,2563701.321,1715066.863,112048.435,3390.297,33441.206,75216.932,0,0,14286.702,489320.591,0,503607.293,52213.37,767368.925,0,0,0,0,0,0,136856.82,575.039,239659.822,1115932.757,599134.106,18115.856
MAR,2015,XDC,1253039.146,38108.955,26131.349,13249.734,12881.615,0,165333.803,14134.611,43350.195,629584.009,216162.152,903230.968,481454.115,397069.664,6666.657,18477.436,27339.044,7231.287,233.885,26.964,112445.654,23408.813,16169.434,29788.603,8320.352,12493.52
MAR,2016,XDC,1302608.052,34595.204,38217.186,12503.977,25713.209,0,157793.62,15085.769,53329.229,647682.264,240455.006,956552.268,514081.83,399433.933,9149.559,20015.514,32453.149,10184.749,287.484,30.593,117861.348,17453.529,15152.969,36409.565,-1814.361,14644.059
MAR,2017,XDC,1374095.452,54053.175,36417.013,12945.626,23471.387,0,177560.204,17297.686,55483.219,668941.627,246639.025,988361.558,555570.804,400553.774,8144.444,22524.303,39220.108,15638.822,298.028,388.267,121841.82,40836.82,9947.916,26395.587,27657.588,15031.264
MAR,2018,XDC,1448155.572,51402.75,40125.012,14875.827,25249.185,0,218459.053,19524.442,58293.214,690447.847,253548.718,1021814.221,579731.803,399741.423,9647.417,27789.281,41567.113,17932.223,282.777,286.41,133708.313,69500.082,16237.373,25808.25,25594.5,9568.411
MAR,2019,XDC,1521429.112,58664.702,39030.955,16544.471,22486.484,0,224023.58,22581.219,56674.393,729255.863,270008.036,1078519.511,607743.256,395462.065,9708.875,28631.363,45376.319,25659.855,260.156,431.378,144905.252,67466.127,12147.579,38603.747,20060.955,23842.767
MAR,2020,XDC,1623714.031,69768.487,44469.513,18656.328,25813.185,0,257380.458,24385.669,60694.352,760729.806,285307.013,1131116.841,671558.633,402046.793,9530.073,29632.005,43302.926,28599.527,255.354,653.709,149643.169,84490.29,14803.051,37598.296,32170.191,30621.485
MAR,2021,XDC,1721090.184,64901.49,49842.214,17599.205,32243.009,0,288639.691,25424.218,57324.865,789095.886,303070.874,1174915.843,724173.886,409505.692,11882.625,28914.9,42680.595,30808.491,305.332,480.313,159992.656,91498.153,12733.579,41226.99,23674.5,24096.076
MAR,2022,XDC,1863189.155,65218.625,50144.633,17608.143,32536.49,0,327282.645,26090.24,71343.96,849340.982,315056.496,1261831.678,787438.01,428669.774,13031.558,25117.193,40953.554,37955.142,303.805,37.673,166295.953,114727.05,12756.923,48926.528,16292.097,28264.51
MAR,2023,XDC,1932272.465,73279.073,38665.161,18922.682,19742.479,0,330222.44,27223.137,92384.847,853256.793,351776.151,1324640.928,837364.208,404972.765,13845.197,27736.828,36645.741,37355.348,292.842,271.034,173785.93,130154.196,23095.104,43404.536,29874.537,37883.867
MAR,2024,XDC,2101245.759,92960.878,61309.522,29905.76,31403.762,0,363592.796,26581.938,98854.929,874631.828,416020.194,1416088.889,935290.638,429480.182,16801.214,26130.922,43349.916,39818.187,311.713,1140.544,182965.822,157326.239,24445.27,37463.77,55497.108,39427.64
MAR,2025,XDC,2254588.837,99063.078,57377.707,22005.96,35371.747,0,385725.019,41687.157,100403.797,912067.498,487880.848,1542039.301,1030270.667,436114.702,19583.431,22854.946,49566.013,35130.44,292.196,1025.36,201163.081,161043.771,25711.94,49845.062,49218.016,51603.495
MDA,2015,XDC,127607.71,30820.96,14705.552,1534.687,12775.092,395.773,4300.414,395.624,1805.893,39284.47,1604.583,43090.571,15614.853,32880.283,643.34,0,0,331.649,0,0,13036.986,14013.109,3181.176,9346.788,21474.171,3869.313
MDA,2016,XDC,132731.53,30402.304,21764.951,1675.184,14316.316,5773.451,5239.785,77.994,1725.911,36092.381,1608.984,39505.271,18888.109,34345.222,522.716,0,0,5.179,0,0,14087.616,0.411,16363.542,6588.502,23813.801,6111.013
MDA,2017,XDC,137642.567,31423.959,26827.003,1926.414,15969.628,8930.961,6140.004,32.672,1366.114,35178.12,1532.893,38109.8,23873.292,34129.923,507.532,0,0,1.434,0,0,14934.4,0.162,15731.119,5700.425,25723.534,7622.479
MDA,2018,XDC,140004.795,30860.164,28447.722,2608.563,19697.334,6141.824,6536.297,40.199,1216.435,36816.072,1604.693,39677.399,28001.167,34013.14,507.548,0,0,35.761,0,0,15494.414,0.069,14543.982,4748.703,26111.461,8176.798
MDA,2019,XDC,146956.265,31308.172,29253.22,2899.43,20952.017,5401.773,6368.084,57.535,900.639,41645.414,1640.088,44243.675,31439.906,35517.736,474.487,0,0,1.107,0,0,17736.599,0.171,14037.361,4366.376,26941.796,7599.408
MDA,2020,XDC,161668.322,31850.502,32194.528,3242.971,22568.307,6383.25,11966.253,336.846,798.924,46541.389,1385.731,49062.89,41741.496,36047.951,483.492,0,0,6.65,0,0,19226.806,0.135,14482.628,4567.644,27282.858,8517.37
MDA,2021,XDC,176183.354,35180.906,29524.518,3043.067,22776.964,3704.487,15096.039,705.614,576.943,56584.28,1813.022,59679.859,49596.466,38431.575,470.903,0,0,4.779,0,0,20733.705,0.13,16181.317,5469.755,29711.151,8592.692
MDA,2022,XDC,190602.106,27723.763,47178.566,3375.925,37185.775,6616.866,13269.524,765.849,505.229,61199.968,2490.117,64961.163,48510.735,43140.554,472.665,0,0,8.068,0,0,24635.758,0.32,16957.284,9323.383,18400.38,10084.249
MDA,2023,XDC,210688.932,32132.033,54952.356,3535.484,40236.887,11179.985,19087.426,972.385,530.621,62787.553,2762.928,67053.487,62464.112,48084.277,466.258,0,252.763,2.916,0,0,27950.299,0.324,17181.594,8462.82,23669.213,8359.94
MDA,2024,XDC,228247.989,35825.964,48184.553,4373.854,34043.118,9767.58,22263.277,1140.51,622.726,78516.506,3493.293,83773.035,74281.413,51152.704,496.481,0,778.284,2.557,0,0,29176.559,150.31,17520.762,7362.266,28463.698,9125.492
MDA,2025,XDC,247478.961,35611.889,41143.028,4303.701,32609.826,4229.501,25886.512,943.753,915.182,99780.225,3851.064,105490.224,81160.318,59168.631,184.13,0,1550.952,2.181,0,0,32144.087,1442.072,17334.903,7414.26,28197.63,7730.118
MDG,2015,XDC,8347420.849,947022.851,1061017.056,201197.846,749795.665,110023.544,1015112.617,0,63117.357,4080448.234,1640.151,4145205.742,3033305.486,2304797.257,230401.655,56855.29,0,54783.441,0,0,876350.234,66.724,374296.76,134490.531,812532.32,103014.994
MDG,2016,XDC,9630698.652,1001771.047,1431099.017,216742.642,1004239.6,210116.775,1339468.971,0,69662.184,4458673.423,1894.292,4530229.899,3603953.056,2588017.914,410834.659,70747.403,0,54892.072,0,0,967512.999,20.893,396747.094,151281.13,850489.917,58561.911
MDG,2017,XDC,11132157.558,1056049.854,1731085.124,251486.117,1200497.614,279101.393,1705063.859,0,42272.952,5185979.626,2023.707,5230276.285,4351903.334,2973918.053,417360.827,78403.572,0,56058.817,0,0,1086778.664,185.021,386218.287,198103.681,857946.173,173545.137
MDG,2018,XDC,12543690.418,929742.338,1792750.02,301311.078,1199193.279,292245.663,2043500.839,0,39709.096,5930816.688,1793.446,5972319.231,4530451.874,3505120.685,375746.93,84966.881,0,65225.38,0,0,1264734.81,103.601,499649.948,255320.295,674422.043,156992.653
MDG,2019,XDC,14240779.978,929742.207,1744085.314,355815.279,1276206.516,112063.519,2300271.071,0,43334.852,7168901.33,2320.674,7214556.857,5382572.751,3744280.6,337493.714,88609.475,0,84741.576,0,0,1431566.77,153884.438,573090.854,300979.964,628762.243,91435.787
MDG,2020,XDC,16156155.344,1529340.646,1784832.872,370002.81,1414830.063,0,2618600.468,0,59576.684,8073784.594,1563.83,8134925.109,6062409.711,4175562.577,454986.197,92922.974,0,61377.693,0,0,1516336.558,609943.557,578480.057,297178.445,1232162.2,218501.689
MDG,2021,XDC,18622173.066,1503667.709,1864908.18,386867.148,1478026.032,15,2521335.763,0,54639.789,9774374.4,227123.907,10056138.097,6457643.479,4784407.579,739611.752,66193.159,0,72410.682,0,0,1778716.578,961272.423,639077.472,261095.148,1242572.561,185621.598
MDG,2022,XDC,21624888.419,1950941.581,2340174.265,439683.458,1900490.807,0,2673105.938,0,37809.36,11626362.71,159043.315,11823215.385,7560529.901,5183431.686,958394.561,77314.367,0,122889.843,0,0,2036363.749,1200842.741,863114.199,342476.445,1608465.136,442079.8
MDG,2023,XDC,22481175.292,1696676.907,2267302.36,497656.683,1677337.541,92308.136,3211987.42,0,37719.711,11889027.053,2838.969,11929585.733,7901285,5754163.038,1011914.901,87899.173,0,271997.264,0,0,2531122.266,234383.501,761569.017,471528.89,1225148.017,79689.388
MDG,2024,XDC,26721769.206,2779550.059,3425842.752,691606.454,2734049.729,186.569,3469674.213,0,34089.281,12960259.62,4304.452,12998653.353,9337174.643,6397282.045,1520847.853,87949.638,0,192926.869,0,0,2963387.89,303107.376,899158.61,783875.5,1995674.559,188009.968
MDV,2015,XDC,44142.387,5112.785,10810.08,464.55,10345.53,0,7858.102,0,1408.158,16810.274,303.904,18522.336,22870.678,4864.02,349.504,0,0,0,0,0,9414.498,0,1933.435,1042.646,4070.139,1828.522
MDV,2016,XDC,46379.372,4519.418,9681.629,548.502,9133.127,0,10109.079,0,1434.303,18576.885,429.746,20440.934,21920.219,5821.032,526.201,0,0,0,0,0,11109.238,0,1993.98,1898.1,2621.318,1482.29
MDV,2017,XDC,48690.464,3949.375,11092.394,583.793,10508.601,0,9003.315,0,1988.72,20713.129,565.88,23267.729,23520.699,5572.67,350.538,0,0,0,0,0,11888.355,121.818,1732.655,2217.965,1731.41,1908.113
MDV,2018,XDC,51078.922,3021.468,11301.829,611.994,10689.835,0,9487.396,0,1797.392,23064.05,670.644,25532.086,23862.678,6168.63,222.164,0,0,0,0,0,12525.339,596.254,1758.079,2267.712,753.756,1941.923
MDV,2019,XDC,56505.35,4541.455,10246.481,606.245,9640.236,0,12067.137,0,1691.149,24775.157,803.05,27269.356,25851.161,7396.873,228.963,0,0,0,0,0,13918.609,313.652,1768.541,2509.547,2031.908,2137.083
MDV,2020,XDC,68911.854,4499.507,13322.076,547.161,12774.915,0,18208.251,0,2063.586,27157.753,676.148,29897.487,29944.826,8045.179,156.608,0,0,0,0,0,15288.636,1065.124,1752.646,6378.608,-1879.101,3295.694
MDV,2021,XDC,83234.648,10524.055,15217.67,522.031,14695.639,0,21989.547,0,2952.958,28148.084,629.975,31731.017,38529.998,10423.012,308.854,0,0,5.028,0,0,17857.495,496.236,1936.781,7626.186,2897.869,2278.699
MDV,2022,XDC,88546.377,9474.271,16017.798,538.127,15479.671,0,26103.259,0,3422.082,29424.182,791.331,33637.595,40260.535,11926.007,303.974,0,0,0,0,0,20361.734,15.632,2515.878,7633.491,1840.78,2215.672
MDV,2023,XDC,94955.132,8836.45,16553.401,533.702,16019.699,0,28350.703,0,5064.597,32161.952,631.372,37857.921,40774.229,14744.067,273.103,0,0,0,0,0,22945.616,18.902,2807.673,7562.109,1274.341,2472.776
MDV,2024,XDC,98187.246,9697.961,13609.702,561.461,13048.241,0,31204.416,0,4581.174,34317.823,473.031,39372.028,39165.175,16367.154,306.514,0,0,0,0,0,25045.276,2246.448,2775.859,5888.566,3809.395,2089.115
MDV,2025,XDC,114565.304,6877.71,16707.279,656.789,13030.264,3020.226,38258.992,0,6637.307,38825.894,1018.903,46482.104,46793.124,20985.605,784.39,0,0,0,0,0,26742.658,2718.577,3336.255,6236.174,641.536,729.302
MEX,2015,XDC,12257340.017,699595.898,508531.25,152055.577,301791.781,54683.892,2369994.821,478814.707,368681.475,4432097.637,991031.78,6270625.599,2156864.451,3479040.001,0,39065.8,0,1004399.138,0,0,1105687.359,608420.304,240579.705,693697.169,5898.729,520993.748
MEX,2016,XDC,13376927.482,650481.842,557964.647,158056.106,295876.42,104032.121,2371991.258,497761.737,402243.335,5215147.441,1165192.918,7280345.431,2368265.079,3903337.239,0,73671.3,0,1284277.835,0,0,1213559.457,208282.934,287355.676,627431.158,23050.684,894602.5
MEX,2017,XDC,14489986.412,771455.558,571245.868,169726.49,301440.194,100079.184,2654326.563,516140.624,355552.784,5895553.21,933266.089,7700512.707,2613306.293,4377870.235,0,75730.5,0,938979.567,0,0,1335889.613,291831.487,343567.983,676112.955,95342.603,1044251.356
MEX,2018,XDC,15467371.926,860418.314,638937.694,178256.794,360531.9,100149,2793372.5,536387.5,358565.767,6304306.948,892767.866,8092028.081,2708595.968,4572396.175,0,46083,0,893222.192,0,0,1447250.154,367498,386196.1,872700.2,-12281.886,1090815.494
MEX,2019,XDC,16974978.712,737909.038,593316.81,192077.81,301113,100126,3300426.843,539964.799,373944.396,6975866.313,879613.373,8769388.881,2959537.612,4676888.293,0,51381.466,0,988745.881,0,0,1559063.576,338612.4,323880.4,797636.7,-59727.662,1705296.036
MEX,2020,XDC,17365001.625,940330.71,701843.181,211358.481,390271.6,100213.1,3717245.189,620840.979,306413.101,6665099.711,897542.087,8489895.878,3398351.072,5120658.98,0,53386.794,0,950437.508,0,0,1728030.152,628289.6,263371.1,798343.8,141986.91,908446.038
MEX,2021,XDC,17979993.348,1012787.962,735508.896,213161.396,422195.9,100151.6,3894214.091,634804.331,350595.288,6971157.181,894230.326,8850787.127,3709384.211,5485499.376,0,52767.475,0,1124806.662,0,0,1875375.017,560336.9,317030.9,672463,340324.962,695633.221
MEX,2022,XDC,19578110.447,1104200.067,751793.791,217392.491,434136.1,100265.2,4058633.23,638998.222,398847.115,7675148.855,1031985.335,9744979.527,4050607.994,5736348.578,0,53143.756,0,1135005.415,0,0,1968662.641,442114.3,397128.5,817148,287052.067,1059447.317
MEX,2023,XDC,21389033.687,1132713.125,806101.091,250441.391,455208.8,100450.9,4577228.553,659848.508,383528.717,8072582.388,1023590.58,10139550.193,4368280.414,6541161.778,0,53216.663,0,1086933.6,0,0,2120851.563,533267.2,382934.2,801891.3,330821.825,767055.33
MEX,2024,XDC,25215628.588,1712580.198,963395.927,266470.664,619945.459,76979.804,5581790.962,665824.77,390359.398,9026168.87,1101201.84,11183554.877,4805467.583,7675564.367,0,53217.602,0,1204789.82,0,0,2321907.822,715718.845,462390.378,1243074.817,469505.381,959190.117
MEX,2025,XDC,26458636.148,1477554.706,964948.373,280893.751,614533.828,69520.794,6449826.819,676818.202,286536.638,9554026.578,1081458.148,11598839.566,5119518.43,8487521.499,0,53217.78,0,1184072.041,0,0,2487389.163,828730.479,599788.335,1049881.161,427673.545,681049.962
MKD,2015,XDC,530372.062,40165.5,68790.43,5650.72,38092.5,25047.21,37966.98,793.6,903.7,284758.966,1428.25,287884.516,107493.519,167040.985,41338.801,0,0,641.94,0,13.81,51989.021,23.18,1468.31,36845.14,3320.36,27952.71
MKD,2016,XDC,545690.062,40329.55,78261.21,6236.89,49047.539,22976.781,33996.799,699.69,1290.49,284824.535,1562.69,288377.405,121756.828,167617.836,44219.93,0,0,523.01,0,0.08,54859.7,23.3,1384.93,37400.27,2929.28,13179.081
MKD,2017,XDC,564205.188,40590.101,77116.981,6248.12,45889.73,24979.131,35289.14,673.54,1560.7,299914.458,1442.56,303591.258,136371.729,167000.227,48118.87,0,6.35,450.54,0,3.72,57448.35,22.83,1325.02,35481.7,5108.401,10358.14
MKD,2018,XDC,580913.5,45043.819,90354.711,7601.79,57774.63,24978.291,37034.24,705.85,1501.84,321965.095,1785.5,325958.285,161169.467,170497.769,56437.54,0,6.34,292.58,0,2.63,63709.87,23.08,1653.68,35839.399,9204.42,8758.699
MKD,2019,XDC,645860.312,38756.668,112345.811,7226.1,80369.737,24749.974,44210.248,575.046,1524.411,342539.563,2435.61,347074.63,191229.648,168181.12,64033.64,0,43.907,172.828,0,1.959,69100.08,23.006,1495.58,42032.863,-3276.195,6072.722
MKD,2020,XDC,683757.812,37896.624,101110.032,6339.074,84776.139,9994.819,71682.892,892.369,1244.24,359248.475,2323.838,363708.922,227385.967,156770.792,63901.922,0,80.651,27.431,0,6.292,76055.978,0.945,1621.832,45301.975,-7405.351,3244.679
MKD,2021,XDC,750127.062,44825.098,108410.748,6912.863,91503.004,9994.881,76834.76,1082.767,2168.564,388085.397,2725.033,394061.761,264940.962,157455.64,60535.211,0,93.144,6.852,0,3.38,83567.375,0.917,1921.052,52008.19,-7183.092,3599.644
MKD,2022,XDC,804219.75,44756.412,115396.766,6358.462,99588.586,9449.718,76094.664,1063.515,2544.506,424028.269,2875.005,430511.295,287423.988,156560.488,63594.057,0,80.462,1.959,0,6.799,94611.684,1.551,1813.908,60151.958,-15395.547,2512.29
MKD,2023,XDC,866538.25,48438.862,143309.392,7206.63,126123.83,9978.932,80715.402,902.292,2128.287,446690.325,3942.645,453663.549,312638.826,155714.703,83975.457,0,80.466,2.343,0,5.084,108044.796,0.397,2059.148,61092.834,-12653.971,2513.139
MKD,2024,XDC,949742.625,52156.252,149452.869,10155.569,129319.89,9977.41,101692.396,710.735,5812,492568.764,4131.22,503222.719,344871.444,175491.024,97831.466,0,36.589,2.484,0,3.486,123034.054,0.763,2467.36,56637.627,-4481.375,6147.93
MKD,2025,XDC,1076324.625,59631.353,150218.556,10424.96,95550.591,44243.005,121188.629,533.964,8399.643,556353.771,4162.231,569449.609,387972.979,186583.842,104420.49,0,98.085,65.311,0,2.49,134664.361,0.479,15734.477,69384.711,-9753.358,1560.874
MLI,2015,XDC,4029029,800253,316677,88926,227751,0,452323,0,66090,1931486.648,119628.352,2117205,1079516,591876,90735,0,9190,78994,0,0,368773,568905,445364,447465,352788,5640
MLI,2016,XDC,4521622,874784,313868,85807,228061,0,589222,0,99145,2191477.209,100303.791,2390926,1141047,717236,66867,0,9190,42990,0,0,386974,823073,417897,546049,328735,17477
MLI,2017,XDC,4623735,845199,235123,88237,146886,0,630231,0,53776,2310133.446,113192.554,2477102,1296800,646273,67847,0,9190,54280,0,0,406841,649460,400189,628156,217043,28619
MLI,2018,XDC,4914389,870865,310244,103345,206899,0,668907,458,106478,2421212,23371,2551519,1432376,801459,73538,0,0,161177,0,0,446262,609189,273266,664216,206649,-59948
MLI,2019,XDC,5092374,839269,338594,108921,229673,0,773961,7327,138702,2474819,36317,2657165,1478099,879359,67993,0,0,123225,0,0,471646,760539,348409,549422,289847,-69703
MLI,2020,XDC,5704584,1035723,423103,105112,317991,0,927731,7809,133642,2606700,55369,2803520,1659774,1039616,104358,0,0,75643,0,0,507109,845441,490482,488712,547011,-21058
MLI,2021,XDC,6489385,1111612,536300,125648,410652,0,1049385,4980,170271,3023802,27027,3226080,2029617,1216189,100224,0,0,102830,0,0,565858,693256,677021,665630,445982,-127248
MLI,2022,XDC,7417102,1204569,494178,114820,379358,0,1362099,55873,168893,3475692,41380,3741838,2272862,1302346,95337,0,0,140462,0,0,654578,1231647,457431,704616,499953,-56595
MLI,2023,XDC,7691976,1129213,343539,112003,231536,0,1744141,23786,226968,3486886,44129,3781769,2298766,1395666,114240,0,0,49434,0,0,717099,1262162,351766,865319,263894,-55790
MLI,2024,XDC,8082123,1145301,381168,122020,259148,0,1920935,28,194097,3628387,26675,3849187,2168954,1451977,143225,0,0,124274,0,0,750554,1422906,448316,660454,484847,125931
MLI,2025,XDC,9163333,1370780,875602,180802,694800,0,2339518,21,151088,3565663,65399,3782171,2756886,1622952,181646,0,0,129638,0,0,852038,1379445,563347,773070,597710,109049
MLT,2015,EUR,,31754.56,,,,,2181.42,2.58,0,8519.08,1695.1,10216.76,10821,3717.44,1636,0,433,,,,,,212,25187.2,6567.36,
MLT,2016,EUR,,28754.42,,,,,1845.65,2.35,0,8610.66,2214.38,10827.39,12151,3327.64,1629,0,461,,,,,,265,23233.78,5520.64,
MLT,2017,EUR,,28197.63,,,,,1744.93,2.07,,8878.92,2397.13,11278.12,13362,3123.24,1418,0,426,,,,,,269,23355.22,4842.41,
MLT,2018,EUR,,23128.77,,,,,1668.98,2.02,,9443.45,2987.98,12433.45,14339,2995.01,1530,0,344,,,,,,389,18330.19,4798.58,
MLT,2019,EUR,,19652.11,,,,,1703.17,1.83,,10139.22,2358.63,12499.68,15196,2758.85,1694,-0.57,289,,,,,,468,14732.19,4919.92,
MLT,2020,EUR,,17129.8,,,,,2425.45,1.55,,10779.17,2263.98,13044.7,16693,2637.9,1362,0,263,,,,,,516,12243,4886.8,
MLT,2021,EUR,,16577.46,,,,,2782.72,1.28,,11405.54,2092.52,13499.34,18655,2610.08,1184,0,262,,,,,,674,12312.29,4265.17,
MLT,2022,EUR,,16982.13,,,,,3005,1,,12382.42,1937.6,14321.02,20158,1939.22,1015,0,630,,,,,,875,11462,5520.13,
MLT,2023,EUR,,17428.92,,,,,2874,1,,13412.52,1711.9,15125.42,20178,2375.63,1021,0,676,,,,,,1000,11383,6045.92,
MMR,2015,XDC,53018685.26,8222215.73,4967455.7,1781357.77,3026887.51,159210.42,13587296.54,1178431.62,886737.6,13171926.81,21292.13,15258388.16,5003488.22,19323329.84,10.45,0,0,0,0,0,2801074.06,0.01,14702325.66,3607767.13,4614448.6,-3402639.24
MMR,2016,XDC,65416776.25,6226774.5,5556798.07,2084928.31,3395667.17,76202.59,15772714.07,937542.12,749115.02,17536953.73,70474.46,19294085.33,4894575.12,25106524.4,463.7,0,0,0,0,0,3820434.35,0.01,15066667.9,3243835.08,2982939.42,-5282128.59
MMR,2017,XDC,71628368.33,5920994.09,6853315.59,2278228.85,4540083.15,35003.59,17678258.52,925809.73,1112193.12,21939747.51,26845.51,24004595.87,5416234.39,31931100.35,10.65,0,0,0,0,0,4321759.73,77000.01,16385885.31,3160078.21,2760915.88,-6834904.58
MMR,2018,XDC,78894231.33,6070074.83,7212188.12,2097394.04,5074563.33,40230.75,21721523.14,318338.22,467019.09,26273339.81,43297.21,27101994.33,5391905.74,37515299.82,78630.87,0,0,0,0,0,5371790.97,57918.76,17412710.27,3199518.82,2870556.01,-6921994.83
MMR,2019,XDC,87760118.68,6520601.87,6335095.68,2290437.03,4017580.95,27077.7,26121642.69,321633.37,317202.32,30003154.01,128871.44,30770861.14,6297787.06,44087480.91,81904.71,0,0,0,0,0,5772296.21,0.01,18669037.87,3755634.78,2764967.09,-8915940.17
MMR,2020,XDC,81833983.39,6892115.77,6650821.28,2220536.05,4406995.48,23289.75,17424092.57,358509.07,726958.06,31276728.87,417836.51,32780032.51,7148576.99,51488164.28,129326.67,0,0,0,0,0,5626463.75,126.78,6018880.23,3429349.03,3462766.74,-10093825.6
MNG,2015,XDC,22362483.672,1219769.977,3316956.136,247937.557,1819186.312,1249832.267,2610764.98,0,223268.362,12116119.335,535666.964,12875054.661,2208494.666,7214010.847,25.926,167822.992,454418.116,671996.532,0,156918.956,1992904.776,1767185.528,1462616.048,4127932.314,-2908162.337,-201780.946
MNG,2016,XDC,26326601.865,2079652.164,4316924.842,260707.034,2666139.243,1390078.565,3589016.109,0,55662.841,12943257.925,506404.27,13505325.037,3016046.201,8455737.655,0,123870.266,619288.242,975862.616,0,0,2354305.557,1480243.89,1402855.675,5440698.603,-3361046.439,-377990.554
MNG,2017,XDC,29982713.413,1301185.995,7372940.655,294625.284,3094634.5,3983680.871,2649175.193,0,41040.523,14122006.475,1175773.572,15338820.57,4095606.529,10995721.35,0,158142.487,441069.5,660838.184,0,5300.521,2736611.022,1274250.63,1629095.571,4836967.199,-3535781.204,-171480.578
MNG,2018,XDC,34905266.58,1682803.451,9633219.058,298079.225,4213646.954,5121492.879,1518645.854,0,119606.849,17414037.739,1006484.441,18540129.03,5628448.436,13042352.945,0,133406.324,421794.2,834730.493,0,3680.537,2870385.557,937135.748,2123317.011,5327035.189,-3644231.738,52510.954
MNG,2019,XDC,37855421.717,2047574.725,11363178.277,282874.653,5897555.362,5182748.262,1479764.52,0,73565.021,18136133.041,866346.538,19076044.599,5615833.789,14501606.061,122964.554,101714.09,517441.024,1001196.36,0,35930.698,2595056.787,1231959.978,2746123.604,5380624.284,-3333049.559,116110.892
MNG,2020,XDC,38927186.669,3146051.711,12220668.724,238270.513,3830499.252,8151898.96,1689592.818,0,624415.658,16868904.633,656767.873,18150088.164,5456259.12,18199194.977,0,72141.368,59100,983926.042,0,85068.893,3046998.025,1166142.283,2105750.764,3801772.981,-655721.271,230046.964
MNG,2021,XDC,43390403.434,2845512.417,13432086.401,258377.249,4213168.532,8960540.62,1733670.217,0,372865.131,20570351.073,1076573.899,22019790.103,8004582.6,18927776.142,0,83943.106,108561.24,280461.047,0,69833.039,3471247.853,3157253.795,1471056.386,3929587.469,-1084075.051,526756.462
MNG,2022,XDC,48629201.158,3430726.573,14933204.602,258054.339,8074189.742,6600960.522,1674638.597,0,252480.213,22010505.427,1454584.132,23717569.771,11316930.462,17284434.736,0,232293.269,90264.511,166039.58,0,175087.853,4502392.248,2978205.11,1534079.87,5043369.158,-1612642.585,433042.748
MNG,2023,XDC,59835515.392,3857997.096,18877705.337,246177.21,9416419.281,9215108.846,1558131.499,0,131539.115,27163005.356,1860923.693,29155468.164,13802362.241,21933471.95,0,190558.555,17000,16125.151,0,159730.611,5724510.177,2206506.294,2040309.229,5531778.365,-1673781.268,1826949.524
MNG,2024,XDC,74019241.803,2906984.437,22649399.584,244276.158,10612492.565,11792630.861,2779793.99,0,461267.017,36206647.942,2310599.451,38978514.41,14714430.416,26795605.497,0,63374.956,27000,51303.269,0,2608.414,6955896.318,4280314.281,3792065.201,9342492.2,-6435507.763,1289601.87
MNG,2025,XDC,88337278.509,2855517.979,27871540.507,245719.509,16159487.049,11466333.949,3444389.736,5691.56,358500.314,43634761.985,2219289.789,46218243.647,14304864.599,31407305.935,0,65938.298,47000,24451.762,0,37470.815,8077950.766,4314742.409,5433584.315,15164439.397,-12308921.418,1511943.575
MOZ,2015,XDC,473316.368,49930.992,52166.525,9311.119,39327.373,3528.033,78514.151,584.4,22482.74,206031.718,1332.136,230430.994,186429.723,115070.683,0,0,4813.553,753.507,0,0,63176.656,1359.721,23656.718,26374.204,23556.788,-10592.112
MOZ,2016,XDC,538570.61,65550.003,73248.797,11341.773,56000.422,5906.602,85039.342,1073.579,21145.222,235434.216,1364.849,259017.867,205185.728,123654.218,1964.098,0,5805.213,559.84,0,0,65991.823,19725.905,30545.062,30815.098,34734.905,-1390.974
MOZ,2017,XDC,586753.878,49936.936,97307.178,13135.199,56135.997,28035.983,144514.683,1668.656,15504.939,204015.623,2226.681,223415.898,208745.854,138760.446,1964.098,-0.129,5054.366,255.846,0,0,92605.09,268.197,32228.099,33648.281,16288.655,1644.548
MOZ,2018,XDC,661003.53,55181.501,121942.817,16777.805,76634.148,28530.864,176663.481,1520.058,14747.238,197611.036,3237.086,217115.419,235036.96,145743.057,2043.591,0,6364.906,928.005,0,0,108299.386,2474.712,43389.546,29220.38,25961.121,-2597.319
MOZ,2019,XDC,723239.445,57467.208,155120.098,14143.694,94310.282,46666.121,184341.966,2458.261,15402.347,202590.662,4881.268,225332.539,264965.217,163076.955,1964.098,0,5305,1650.876,0,0,121845.314,530.461,43207.502,24415.922,33051.286,-4699.334
MOZ,2020,XDC,856228.464,85017.804,218305.713,15966.21,98561.136,103778.367,172566.066,864.793,19058.758,231074.896,3229.515,254227.961,331356.469,199577.767,2087.726,0,5162.225,2610.306,0,0,132185.452,589.714,44457.436,22540.328,62477.476,-10449.87
MOZ,2021,XDC,889685.339,104299.571,166730.52,16367.192,70632.863,79730.464,217082.885,2872.303,21155.196,237645.302,4944.094,266616.895,327834.259,210393.485,2171.334,0,6380.431,4210.204,0,0,149609.371,998.18,42182.448,20296.157,84003.413,-9345.99
MOZ,2022,XDC,926715.529,104229.562,206900.388,17390.655,67099.562,122410.17,218574.083,4026.411,23473.617,243272.03,6171.286,276943.344,342834.063,240364.809,2180.378,0,6324.977,6426.766,0,0,156972.135,791.015,43166.452,22742.11,81487.452,-15155.318
MOZ,2023,XDC,985441.858,71024.238,321711.49,17224.297,231435.615,73051.578,194895.941,4402.352,21813.313,240516.72,2746.568,269478.953,355364.082,250824.662,2093.652,-1.034,14302.153,6119.626,0,0,169244.63,5086.272,36956.11,21481.054,49543.184,-4360.58
MOZ,2024,XDC,1094970.954,72339.859,374025.367,13919.947,292348.425,67756.995,236495.888,3943.236,22236.678,248255.035,4421.804,278856.753,433346.848,273241.251,2122.919,-0.379,17699.404,5844.701,0,0,171993.754,338.985,26461.358,27425.271,44914.588,3243.759
MOZ,2025,XDC,1186289.317,80278.578,440713.685,17147.181,278577.941,144988.563,231147.41,3204.734,22087.745,252676.676,3815.368,281784.524,477860.768,297709.037,2130.453,0,12276.98,4230.143,0,0,187319.653,212.837,24308.803,29635.05,50643.528,-1759.521
MRT,2015,XDC,75408.478,3787.138,9189.089,2563.036,6626.053,0,1828.8,0,6426.209,41801.892,0,48228.101,34340.735,5534.664,1011.955,0,0,1885.566,0,0,14452.453,129.3,8.746,3803.919,-16.781,1865.79
MRT,2016,XDC,83028.854,5174.196,10972.137,2651.567,8320.571,0,1338.353,0,7184.743,45338.76,0,52523.503,36359.523,6861.532,958.738,0,0,1693.316,0,0,15071.602,267.095,14.375,5233.041,-58.846,3548.966
MRT,2017,XDC,93905.433,7405.061,12754.476,1863.886,10890.59,0,968.964,0,6557.42,50858.385,0,57415.805,44052.189,7999.177,1319.589,0,0,1904.866,0,0,16439.747,287.94,29.563,5314.503,2090.558,945.949
MRT,2018,XDC,104791.853,5947.028,13042.159,3100.352,9941.807,0,1437.324,0,8698.39,58385.081,0,67083.472,47885.681,9660.382,1156.771,0,0,1926.574,0,0,17303.406,238.526,117.774,6631.488,-684.459,2589.379
MRT,2019,XDC,115594.623,7686.029,13848.501,3414.933,10433.568,0,1588.604,0,9313.006,65444.602,14,74771.608,52887.022,10512.709,1337.938,0,0,2598.092,0,0,18844.8,260.066,32.212,7626.891,59.139,3795.012
MUS,2015,XDC,1411260.113,777975.224,72682.371,5699.828,47600.845,19381.698,80508.352,0.008,2916.978,420859.532,7227.037,431003.555,107961.455,297602.432,346961.785,1504.068,2667.879,4243.403,0,26324.552,146278.875,1015.123,9893.011,400469.132,377506.092,17247.788
MUS,2016,XDC,1411072.674,725605.436,86193.49,6187.146,56871.22,23135.124,100306.503,0.01,4127.156,418409.344,12729.823,435266.333,122384.959,319477.545,339445.442,1601.637,3197.923,3236.801,0,30683.099,147324.718,797.179,7714.656,354123.313,371482.123,17384.49
MUS,2017,XDC,1572939.178,774320.71,123969.222,6493.049,73279.664,44196.509,104071.031,28.089,3771.854,467913.221,29343.798,501056.961,135679.753,346870.839,355211.593,1707.6,1818.709,2716.872,0,69176.449,156074.47,646.073,9460.47,407447.32,366873.39,16607.776
MUS,2018,XDC,1426987.699,663158.794,132372.449,7704.449,79538.672,45129.327,106178.931,0.001,5045.946,376463.644,74825.271,456334.861,357735.221,143496.291,344592.936,0,855.125,2003.957,0,721.266,162994.896,451.859,11572.47,309486.567,353672.227,24134.447
MUS,2019,XDC,1609856.007,754966.847,164461.294,7543.714,93476.411,63441.17,120246.625,0.001,3050.148,399733.296,88908.521,491691.967,393440.096,146135.727,385057.173,0,1644.919,4599.747,0,386.536,180486.292,78.109,23876.403,376641.813,378325.034,19019.919
MUS,2020,XDC,1777775.462,851966.974,210879.502,6950.965,124183.615,79744.922,131312.311,0.001,3082.058,412017.607,78810.789,493910.456,460594.772,150023.866,439047.897,0,1653.124,123.245,0,789.523,188961.642,2047.993,25387.696,383289.259,468677.715,36150.225
MUS,2021,XDC,2088011.212,1020699.181,276260.964,6658.416,174132.311,95470.236,181605.367,0.001,5502.766,413725.914,93199.328,512428.01,526554.986,140857.082,572121.937,0,1633.11,117.54,0,923.573,208554.314,55.652,43153.704,463602.218,557096.963,33419.405
MUS,2022,XDC,2258087.751,1133974.308,253771.938,7021.114,178954.841,67795.983,180685.832,0,18208.689,413413.232,146312.648,577934.569,553442.771,160701.753,580752.504,0,1708.082,121.769,0,1907.179,221893.504,106.397,29700.503,562322.731,571651.577,33709.454
MUS,2023,XDC,2375206.128,1236571.069,215311.021,8209.141,125383.398,81718.482,211116.213,0,16937.684,444905.716,158267.351,620110.751,581081.333,197778.013,550965.275,0,2072.697,86.487,0,1823.175,255918.665,93.28,27158.984,632830.225,603740.844,33300.921
MUS,2024,XDC,2736975.178,1416735.026,263844.084,7788.721,158065.894,97989.47,262735.051,0,19788.715,484101.955,182027.493,685918.162,662199.684,223808.9,648432.507,0,2927.625,48.067,0,1612.477,289694.981,71.055,24823.575,736374.022,680361.004,39239.432
MUS,2025,XDC,2903402.984,1468655.827,270293.056,8907.948,208429.037,52956.07,291883.071,0,16955.454,535106.351,200960.914,753022.719,713181.639,245617.612,636206.079,0,2643.225,20.357,0,1482.297,307602.933,81.115,25267.657,821039.954,647615.873,30711.804
MWI,2015,XDC,1048661.291,103794.796,150118.639,29460.625,66017.982,54640.031,183389.274,0,5222.983,417124.217,33284.845,455632.045,396754.828,280393.864,0,0,8832.053,26459.724,0,0,168179.058,1801.43,24859.023,33054.884,70739.912,-47400.109
MWI,2016,XDC,1261084.584,148061.47,228985.188,38439.48,56173.282,134372.426,232148.101,0,9451.816,448509.173,26344.796,484305.786,550075.235,221764.223,0,0,8856.181,32123.18,0,0,200885.51,26277.383,35685.457,37315.226,110746.244,-19481.851
MWI,2017,XDC,1598856.279,189499.417,347033.522,35407.194,78157.529,233468.8,348060.308,0,8573.05,476330.466,29484.169,514387.686,548586.03,362679.463,0,0,9932.385,70574.921,0,0,246045.321,30171.285,82354.281,78169.079,111330.338,-29531.831
MWI,2018,XDC,1692278.007,114711.309,338616.862,40387.41,77577.587,220651.864,457850.033,0,34081.931,482761.462,25573.767,542417.159,552600.755,455868.455,0,0,25987.774,4163.239,0,114.288,253974.091,86427.113,69150.671,82352.073,32359.236,-77043.15
MWI,2019,XDC,1915613.96,98025.387,278296.634,50224.662,24106.657,203965.315,543756.282,0,48180.512,583188.665,80659.735,712028.913,599000.008,494377.618,0,0,27629.346,13296.19,0,70.791,298050.744,103948.85,71240.256,91264.168,6761.219,-66770.753
MWI,2020,XDC,2279983.524,191443.648,295716.319,47288.873,65187.315,183240.131,672633.112,0,50639.059,672400.36,120651.551,843690.97,712189.624,591561.567,0,0,19656.447,47769.907,0,0,349558.904,177355.735,104771.766,71555.384,119888.264,-70935.288
MWI,2021,XDC,2971628.663,247066.485,400824.986,59495.39,96777.976,244551.62,1163029.775,0,69793.477,796673.412,21500.821,887967.71,917482.194,786297.175,0,0,26426.247,17461.926,0,62.699,414254.104,371199.203,95230.973,83959.334,163107.151,-13484.9
MWI,2022,XDC,3688276.429,373870.729,496488.264,71925.333,116721.02,307841.91,1401792.632,0,83283.109,988873.492,24387.604,1096544.205,1365870.436,1017872.682,0,0,13548.602,30224.554,0,217.669,522077.967,177222.716,92085.738,102012.227,271858.502,47563.239
MWI,2023,XDC,4924981.135,463942.212,778968.718,90206.898,270067.664,418694.156,1807059.921,0,52304.196,1162937.901,33591.285,1248833.381,1903622.71,1302601.391,0,0,6609.822,624.432,0,1617.26,686768.055,197928.336,148103.432,128788.987,335153.225,-77860.194
MWI,2024,XDC,7437840.52,404621.948,988642.206,198502.619,595671.049,194468.538,3291030.243,0,60722.994,1512094.523,52680.623,1625498.14,2683734.61,1998368.325,1353.832,0,29816.11,3857.58,0,222.485,1009839.651,414087.909,184196.189,231937.202,172684.745,-247621.357
MYS,2015,XDC,2380183.822,183706.079,189715.644,11514.499,49422.139,128779.006,162679.236,1230.477,15590.19,1448404.797,98788.957,1564014.422,322312.716,1141455.421,722.346,22078.148,0,32800.886,0,0,246080.816,21762.045,49378.499,201115.738,-17409.659,62408.766
MYS,2016,XDC,2471998.982,160874.557,184847.278,12271.668,44425.787,128149.823,179329.241,971.466,15854.16,1523824.243,114306.683,1654956.552,334062.904,1162315.537,1163,24648.822,0,30402.727,0,0,268844.641,12892.486,49004.468,219112.818,-58238.261,77559.851
MYS,2017,XDC,2606647.851,168678.158,187726.045,11197.627,43823.416,132705.003,205114.3,1932.226,15390.051,1607349.476,123289.805,1747961.559,357548.898,1198243.969,1153.728,32227.692,0,31473.597,0,0,286424.94,13040.422,57493.354,237969.356,-69291.198,93903.972
MYS,2018,XDC,2769820.156,164481.675,191351.616,12108.241,49459.464,129783.911,262674.815,1924.158,22142.71,1740875.701,134663.502,1899606.071,359804.004,1313531.606,67.228,42727.898,0,36095.544,0,0,307765.289,15326.494,87189.261,262411.396,-97929.721,93193.917
MYS,2019,XDC,2862242.633,157106.995,188572.854,13938.42,44783.306,129851.129,268867.585,1948.508,23966.896,1825547.378,140915.386,1992378.169,379769.163,1337715.444,15.771,36146.486,0,37232.018,0,0,329886.632,14604.949,93867.434,276492.722,-119385.727,101194.984
MYS,2020,XDC,3008097.25,168873.755,157975.345,12737.13,3427.129,141811.086,326708.845,1441.369,22907.397,1897738.696,143111.134,2065198.596,438350.176,1345395.819,20.264,32623.698,0,36266.645,0,0,345078.093,28902.182,107426.473,267225.944,-98352.189,117464.247
MYS,2021,XDC,3178837.261,173328.427,177808.092,13543.863,3452.445,160811.784,366704.589,1681.879,24153.837,1970442.775,145792.062,2142070.553,489462.477,1398191.395,18.9,28309.703,0,36627.23,0,0,353626.165,37889.151,115945.806,265271.118,-91942.692,134561.845
MYS,2022,XDC,3398928.993,186260.612,213924.651,15805.343,34663.586,163455.722,414369.317,700.96,31225.386,2029050.943,168764.749,2229742.037,507886.765,1444267.704,41.103,35966.809,0,36563.436,0,0,367784.037,83119.358,130621.875,318916.069,-132655.457,119078.739
MYS,2023,XDC,3568621.081,204889.239,193164.794,12675.436,38105.478,142383.88,449583.296,766.541,27241.401,2135471.205,181939.861,2345419.008,542317.068,1526797.835,13.915,38326.73,0,37326.87,0,0,391006.027,80215.925,117151.106,344310.745,-139421.506,114979.279
MYS,2024,XDC,3717954.48,212147.098,153546.251,16094.273,39464.912,97987.067,466836.173,748.799,25588.409,2243077.809,181975.044,2451390.061,563878.494,1573118.713,0,41278.445,0,40960.439,0,0,407127.498,68364.003,118601.149,355340.653,-143193.555,115233.431
MYS,2025,XDC,3885428.073,221705.418,133539.549,15460.675,23601.042,94477.832,466047.058,1006.832,23734.748,2385512.725,187068.648,2597322.952,621349.811,1618415.977,5.744,38372.941,0,43009.866,0,0,427074.246,54791.704,119390.461,345021.983,-123316.565,151141.893
NAM,2015,XDC,130325.725,9776.01,4778.64,1453.369,1863.927,1461.344,10170.405,205.992,2507.271,78821.101,3347.814,84882.178,37099.939,40995.465,2148.312,0,21284.506,16.006,0,88.728,13964.773,594.449,1455.696,4259.146,5516.864,-12299.787
NAM,2016,XDC,142597.875,8452.773,6905.11,1509.784,4080.821,1314.505,11743.081,494.907,2294.128,85566.796,3578.967,91934.798,36768.799,46395.209,1776.625,0,22069.149,7.837,0,78.323,15826.257,677.727,3183.194,6280.083,2172.69,-14027.441
NAM,2017,XDC,159011.343,11819.072,9715.401,1562.112,6777.992,1375.297,15604.95,399.163,2607.248,89856.303,3627.66,96490.374,41432.002,53549.451,2192.816,0,25439.309,3.34,0,47.999,17312.835,779.356,1835.554,6877.547,4941.525,-15840.412
NAM,2018,XDC,176725.272,16868.238,6973.031,1584.678,3706.233,1682.12,18926.897,419.898,1775.096,96323.285,4998.537,103516.816,48474.281,52934.593,2764.397,0,27761.038,1.142,0,391.849,19956.995,1900.096,1772.684,7007.662,9860.575,-16679.755
NAM,2019,XDC,189149.234,18662.803,5617.224,1644.408,3972.809,0.007,23857.867,383.139,1120.834,103124.519,5562.739,110191.231,54092.65,58370.323,2831.342,0,27672.785,8.495,0,336.34,21410.432,937.31,2000.778,6967.904,11694.899,-16299.234
NAM,2020,XDC,196640.694,19633.598,5309.093,1796.792,3512.288,0.014,30811.353,248.419,561.063,105568.543,4761.612,111139.637,58371.258,63366.705,3591.828,0,22687.923,9.079,0,567.439,22493.928,1040.869,2310.766,6598.273,13035.325,-14144.421
NAM,2021,XDC,200947.132,19750.579,6228.589,1630.876,4597.677,0.036,35114.454,235.3,641.391,106659.133,4720.678,112256.502,64714.64,62101.789,3825.65,0,23058.348,468.407,0,96.23,24188.709,0,1528.628,6110.821,13639.758,-12743.109
NAM,2022,XDC,216151.528,28369.782,8427.287,1541.248,6886.002,0.038,34720.16,229.545,654.054,111117.816,1760.272,113761.686,68047.495,58578.006,3934,0,22628.785,200.089,0,99.21,25138.023,0,2344.274,13059.258,15310.524,-8750.225
NAM,2023,XDC,232022.968,37007.079,12160.493,1704.513,7873.659,2582.321,34044.476,156.964,1398.98,114167.009,2367.818,118090.771,79764.464,60496.185,8530.948,0,21130.454,46,0,132.717,25831.691,700.709,2325.089,12767.953,24239.126,-10291.481
NAM,2024,XDC,250232.573,39828.65,17355.302,1731.155,9410.305,6213.841,39239.242,177.44,1951.647,118155.351,4125.233,124409.672,84828.288,69014.604,7685.122,0,18866.593,334.441,0,292.336,28431.161,918.371,3680.621,13826.022,26002.628,-6912.782
NAM,2025,XDC,258338.314,37578.028,7854.753,1898.321,5956.351,0.081,51826.228,114.93,1742.272,124449.754,4097.674,130404.63,88461.875,75471.127,9856.449,0,17901.584,216.374,0,224.539,30123.518,944.892,3587.748,9490.813,28087.215,-8483.372
NER,2015,XDC,1358044,270096,108406,38356,70050,0,118029,0,95432,640741.866,43629.134,779803,351273,223900,22100,0,811,13740,0,0,149187,146895,136023,162053,108043,70352
NER,2016,XDC,1476637,242040,154077,40586,113491,0,168619,0,67651,702741.505,52276.495,822669,382439,229104,27655,0,410,36240,0,0,152640,221155,144546,130641,111399,62575
NER,2017,XDC,1659692,276204,96192,42958,53234,0,261223,0,95826,736862.658,53826.342,886515,424892,235542,26350,0,1,21194,0,0,185900,218472,144180,192069,84135,71534
NER,2018,XDC,1764465,284073,114817,49647,65170,0,343794,4953,80894,723039,37684,846570,428430,217579,34515,0,0,24026,0,0,185712,277338,141824,223139,60934,56691
NER,2019,XDC,1870579,435416,126090,55241,70849,0,167707,15818,89799,842613,8709,956939,500269,268395,38203,0,0,22607,0,0,206887,243683,127372,260995,174421,17741
NER,2020,XDC,2008689,375519,127615,58815,68800,0,278455,16077,92581,921153,10215,1040026,605113,332002,48842,0,0,18559,0,0,212717,244059,149126,212231,163288,-1034
NER,2021,XDC,2387829,511046,148738,61157,87581,0,322738,3922,109812,1073230,14754,1201718,722443,381797,72457,0,0,22101,0,0,224692,306209,162099,229331,281715,63111
NER,2022,XDC,2688493,574720,175540,65523,110017,0,342855,29009,110688,1198696,15656,1354049,823090,380923,85997,0,0,41736,0,0,252726,384735,187323,243402,331318,47232
NER,2023,XDC,2619015,556904,78078,29851,48227,0,441620,24988,98683,1116999,9554,1250224,767441,359137,70845,0,0,52910,0,0,173482,476059,158102,241862,315042,26988
NER,2024,XDC,2569470,381549,95830,47261,48569,0,470114,16846,96184,1225045,15349,1353424,714852,373550,45145,0,0,77642,0,0,147875,522883,166794,193628,187921,58548
NER,2025,XDC,2555098,369576,117849,48573,69276,0,492507,7765,73727,1200129,12425,1294046,743789,369191,52750,0,0,105296,0,0,177594,434640,159618,192592,176984,38508
NGA,2015,XDC,28237834.53,1592193.196,5079568.528,399897.929,4055683.615,623986.984,4598821.121,583817.726,78643.324,12436824.085,357515.469,13456800.604,5818548.04,10967749.639,0,0,0,725142.897,0,0,4202628.618,732244.516,464776.435,1595862.383,-3669.187,220430.921
NGA,2016,XDC,31953501.266,2075466.721,4975701.054,356231.616,3885494.505,733974.933,4831952.848,688102.716,380575.863,14973144.789,417976.779,16459800.147,6127631.501,11750106.561,0,0,0,1020775.212,0,0,4242766.336,992267.903,484084.215,1919245.324,156221.397,1806043.719
NGA,2017,XDC,35038107.277,2644519.323,7613040.672,374565.077,4628394.477,2610081.118,4053188.201,904395.772,151173.766,14680988.001,473898.099,16210455.638,6366819.779,12602153.768,0,0,0,1333497.655,0,0,4111821.46,1003885.205,269039.613,2492825.941,151693.382,2341160.414
NGA,2018,XDC,38407792.734,3130361.826,9941195.722,422361.376,5236248.057,4282586.288,4601221.138,1139756.856,720971.196,13140416.755,724118.432,15725263.24,6622587.793,14559429.142,50941.568,163.008,1470.206,765379.938,0,24734.314,4027147.061,1118969.47,519927.028,3418639.934,-288278.108,2288652.462
NGA,2019,XDC,43578597.61,3054051.16,11602520.32,420350.35,6486593.04,4695576.93,4895475.58,1257992.56,727842.17,15191224.64,799986.59,17977045.96,7084935.39,16893195,75733.14,9,500.04,1024397.62,0,23957.8,4706286.8,1308827.99,565709.28,4907242.14,-1853190.98,938298.78
NGA,2020,XDC,54579727.632,4668290.956,17469137.028,412854.343,10729065.59,7475931.468,4361794.676,1458215.765,726826.783,17319556.229,1125365.232,20629964.009,11298256.017,20841838.754,354251.621,6.25,2074.743,1013655.537,0,84527.747,5404778.981,1503889.097,516454.346,5878378.793,-1210087.838,1379789.154
NGA,2021,XDC,62745641.384,5935928.816,19997256.737,385539.359,11132210.836,8479506.541,4778152.119,1787786.185,756026.223,21476719.491,1027495.647,25048027.545,12791828.844,25558432.337,129562.512,909.157,2912.783,1487366.394,0,39914.836,5903501.785,1918730.253,526471.032,5617200.705,318728.111,1782534.578
NGA,2022,XDC,78037982.01,7485355.51,24033885.852,443046.279,14715396.726,8875442.847,6707587.641,2066828.854,1083772.929,26124366.131,1242440.301,30517408.216,15072670.743,30240021.216,675091.643,1258.557,632.067,1749231.742,0,73499.013,6546672.675,2008617.914,533021.599,8637135.688,-1151780.178,3206384.359
NGA,2023,XDC,121849998.125,13400155.79,33798373.168,219376.661,22883659.673,10695336.834,10841165.811,2641589.351,720963.317,41227079.029,3596425.031,48186056.727,22866927.263,47375977.983,643948.029,10647.952,516.199,3515891.488,0,1015746.335,10626556.146,1777922.73,818877.909,13317289.275,82866.515,4255450.187
NIC,2015,XDC,192437.072,12451.939,41434.332,4078.627,29324.528,8031.176,7651.317,713.978,681.392,118724.328,978.409,121098.107,39448.884,88379.231,183.361,0,0,452.752,0,0,20515.658,746.815,8325.005,19800.996,-7349.057,4782.958
NIC,2016,XDC,225124.436,19875.402,41121.528,4387.183,29895.759,6838.587,9446.563,1648.7,593.428,139532.498,994.254,142768.88,45300.838,94178.583,18.363,0,0,1498.858,0,0,24986.174,986.716,8762.023,31381.71,-11506.308,6099.109
NIC,2017,XDC,257365.977,19252.617,45996.17,5205.161,31906.497,8884.512,9855.385,2188.96,670.556,161915.822,2664.033,167439.371,47683.071,108169.005,0.253,0,0,2883.407,0,0,29181.46,1073.023,10241.522,36367.546,-17114.929,6944.257
NIC,2018,XDC,239032.878,18013.672,40511.719,4886.591,28034.543,7590.585,3990.598,1937.068,507.351,147823.477,10029.04,160296.936,40218.611,83860.896,0,0,0,10219.201,0,0,32419.735,1519.015,10195.386,35829.389,-17815.717,8550.692
NIC,2019,XDC,238080.97,40417.196,39084.464,5377.176,27718.978,5988.31,9807.951,1258.219,525.289,125673.901,3649.649,131107.057,39111.984,90007.515,0,0,0,5612.335,0,0,36444.172,1454.747,12136.121,34810.516,5606.679,839.274
NIC,2020,XDC,250055.01,40351.733,54024.529,5594.089,32532.392,15898.047,14842.436,613.144,904.938,120973.153,294.562,122785.798,46886.636,99126.422,0,0,0,2150.67,0,0,37940.979,1220.97,14135.788,28586.718,11765.014,1956.314
NIC,2021,XDC,270319.968,40184.268,64024.411,5839.12,37125.154,21060.136,17607.274,18.658,921.027,127321.916,806.204,129067.805,57159.031,106102.567,0,0,0,2398.981,0,0,41020.466,1284.609,15462.639,27445.329,12738.939,10.136
NIC,2022,XDC,292855.034,39460.076,66190.295,7041.355,36841.759,22307.18,18360.141,0,243.904,147070.51,1371.038,148685.452,63552.592,120147.052,0,0,0,2038.949,0,0,43792.908,1342.105,17774.601,23689.099,15770.977,358.658
NIC,2023,XDC,327632.349,32206.726,82295.853,7688.202,44901.93,29705.721,11961.178,97.763,214.854,173607.174,3873.111,177792.902,73137.996,131366.095,0,0,0,3636.298,0,0,49344.795,1433.777,22877.75,22267.143,9939.583,192.806
NIC,2024,XDC,354636.53,23783.063,87391.339,8910.758,44617.403,33863.178,9802.878,68.605,142.015,209560.833,3674.833,213446.286,80893.43,144676.412,0,0,0,2931.272,0,0,54908.367,1679.449,25731.57,18682.848,5100.216,4920.219
NLD,2015,EUR,,832611,,,,,53107,49630,0,770022,517304,1336956,298323,390709,140111,10111.19,414881,,,,,,4799,730815.81,101795.19,
NLD,2016,EUR,,825919,,,,,47454,47209,0,811543,506590,1365342,264373,436568,185013,13167.16,409126,,,,,,3314,743607.84,82311.16,
NLD,2017,EUR,,792055,,,,,40038,47579,,820398,422108,1290085,289326,436400,180852,3455.21,372567,,,,,,3701,692266.79,99788.21,
NLD,2018,EUR,,780598,,,,,28932,49137,,816440,389830,1255407,279926,436179,193919,10260.75,372134,,,,,,4471,644241.25,136356.75,
NLD,2019,EUR,,841718,,,,,26084,50926,,818453,439711,1309090,307055,443387,198331,7519.55,381021,,,,,,4580,628048.45,213669.55,
NLD,2020,EUR,,806453,,,,,20244,49471,,819335,474608,1343414,370631,455309,196897,4569.92,338951,,,,,,3723,554230.08,252222.92,
NLD,2021,EUR,,885736,,,,,15055,49170,,836993,468386,1354549,437548,460423,195710,919.27,315254,,,,,,3114,597805.73,287930.27,
NLD,2022,EUR,,930466,,,,,11062,48400,,882703,668985,1600088,446571,503692,190049,4380.1,266739,,,,,,3871,696513.9,233952.1,
NLD,2023,EUR,,966825,,,,,11717,47273,,897578,563365,1508216,365200,570162,225729,16795.76,275718,,,,,,4891,708055.24,258769.76,
NOR,2015,XDC,6822113,1634855,63719,4633,59084,2,87739,261686,92802,3675560,131687,4161735,1763436,0,251087,8315,376599,8038,0,131687,483382,765,68121,3065079,-1430224,-208461
NOR,2016,XDC,6969109,1628536,56414,3830,52556,28,93003,271309,93219,3829220,120663,4314411,1795991,174772,146065,7548,374747,7602,0,79482,553365,187,72059,2981347,-1352811,-100797
NOR,2017,XDC,7320616,1618633,66652,3514,62391,747,90003,286436,102871,4095419,121588,4606314,1899792,193966,146667,9226,396629,2312,0,26650,547842,397,83284,3109145,-1490512,-34315
NOR,2018,XDC,7465034,1601926,43020,3064,39952,4,121169,313886,72089,4329322,126522,4841819,2054884,155814,116596,6722,392971,1405,0,9120,552262,55,100814,3206749,-1604823,10537
NOR,2019,XDC,7929892,1688529,60886,2965,57917,4,102376,321532,71520,4555826,145505,5094383,2120980,185774,121527,3428,402944,1164,0,9364,596182,6611,123679,3355565,-1667036,18957
NOR,2020,XDC,8648320,1917587,55652,2714,52927,11,108859,353735,67013,4789797,168069,5378614,2422678,167839,127803,472,435605,3457,0,14021,644658,80474,112938,3409072,-1491485,41695
NOR,2021,XDC,8839065,1914479,25202,2319,22881,2,81371,364910,74093,5025610,175331,5639944,2685984,184199,128425,1598,452600,3651,0,8840,667760,44555,129649,3249833,-1335354,103897
NOR,2022,XDC,9616132,2142839,27610,2502,25102,6,89561,376915,78064,5356762,184603,5996344,2773329,258084,138801,3205,456591,1166,0,19285,714727,17632,127937,3609354,-1466515,136244
NOR,2023,XDC,10080272,2395187,59733,1983,57741,9,79317,397243,74129,5520420,195928,6187720,2635703,404829,145875,3454,520362,4665,0,19194,757408,2895,153452,3930496,-1535309,143626
NOR,2024,XDC,10428446,2374348,92451,1871,90575,5,56287,426476,73117,5702088,199648,6401329,2715374,430819,150900,2689,530385,7891,0,16050,822592,2992,167349,3906554,-1532206,170818
NOR,2025,XDC,10808518,2241547,244512,1547,179174,63791,70873,441968,81754,5971215,195570,6690507,2939830,435919,141204,2474,551501,8390,0,19273,889330,5864,181326,3905109,-1663562,167210
NPL,2015,XDC,2291973.73,138491.566,188128.989,46301.658,141827.332,0,227185.542,1.565,5821.755,1373824.736,47613.238,1427261.294,135569.586,1587424.423,0,0,11232.37,1037.901,0,0,207611.773,2483.224,0.253,44422.85,94068.717,-8715
NPL,2016,XDC,2773130.762,146177.15,257033.843,51553.906,156399.937,49080,221457.878,1.302,9119.764,1816800.578,63929.664,1889851.308,152637.57,1932354.697,0,0,10772.37,911.029,0,0,280921.805,5981.379,159.471,46590.94,99586.21,84190.919
NPL,2017,XDC,3217543.199,141055.686,205152.223,56810.46,148341.763,0,388510.105,0,5638.433,2124731.166,70055.502,2200425.102,175377.75,2198083.515,0,0,10312.567,503.38,0,0,373693.998,22148.646,0.268,52390.061,88665.625,102632.932
NPL,2018,XDC,3884236.982,141556.664,241880.766,66151.836,175728.93,0,385046.326,0,5855.629,2632360.471,94618.229,2732834.328,230310.178,2638776.112,0,0,14082.365,1952.264,0,0,469747.325,16085.137,620.302,43884.307,97672.357,85860.096
NPL,2019,XDC,4457592.539,142976.672,264132.451,80967.527,183164.925,0,473689.089,129.845,5343.8,3042587.002,122658.628,3170719.275,243300.835,3068033.83,0,0,39957.746,291.601,0,0,517587.185,16055.213,2092.996,59987.792,82988.88,104210.294
NPL,2020,XDC,5365179.574,176472.631,340367.904,88218.863,252149.041,0,747182.707,130.86,5474.227,3435291.716,174671.444,3615568.247,307055.812,3729431.96,0,0,57677.484,760.126,0,0,561419.837,19013.86,35709.47,68472.259,108000.372,100050.685
NPL,2021,XDC,6368699.199,135169.329,255859.657,97939.974,157919.683,0,777802.65,0,3534.212,4506027.934,230480.886,4740043.032,314898.939,4367749.992,0,0,113056.171,1297.418,0,0,636954.988,220663.856,3466.743,94061.521,41107.809,156725.06
NPL,2022,XDC,6846296.364,153505.322,327573.527,107008.984,220564.543,0,908424.099,0,3745.678,4693641.017,233724.1,4931110.795,371955.689,4758241.171,0,0,150163.773,4474.924,0,0,692329.264,108558.996,0,126864.196,26641.126,108025.733
NPL,2023,XDC,7673577.866,212999.052,370326.609,97655.922,272670.687,0,1280405.132,0,7955.943,4903850.055,267861.333,5179667.331,356465.695,5540997.082,0,0,172823.883,3884.865,0,0,733008.346,1788.691,1280.187,136296.33,76702.722,96853.05
NPL,2024,XDC,8498348.163,243174.081,471312.57,99257.908,372054.662,0,1441669.923,24.667,9226.308,5248860.913,273380.288,5531492.176,319826.295,6235889.294,0,0,177190.508,4249.976,0,0,809186.423,391.923,600.62,110901.141,132272.94,29412.574
NPL,2025,XDC,9503130.818,340292.379,479833.832,93500.687,386333.145,0,1990923.065,0,9913.721,5604894.075,293504.808,5908312.604,445015.168,7008347.331,0,0,187671.513,9370.998,0,0,857015.11,433.362,0,116859.718,223432.661,94648.682
NZL,2015,XDC,479408,29539.9,9670.8,876.7,7781.379,1012.721,12345.9,3489,0,367327.129,10709.446,381525.575,50981.054,197065.617,0,0,33264.378,340.351,0,0,35203.8,210.933,5212.365,121303.755,-91763.855,-10500.077
NZL,2016,XDC,512360.527,51962.567,12216.873,964.639,7712.152,3540.082,16069.127,5744.474,1294.044,392490.795,9011.155,408540.468,54949.447,212405.312,0,0,31601.25,105.96,0,2686.602,36506.37,294.924,7740.383,153443.281,-101480.714,-10944.535
NZL,2017,XDC,527925.779,45752.171,13530.869,881.146,8346.884,4302.839,16413.766,5781.934,1181.5,412424.202,9268.91,428656.546,59735.524,227058.224,0,0,31239.457,226.891,0,2413.962,40499.919,188.71,7840.08,146288.126,-100535.955,-11137.581
NZL,2018,XDC,551053.144,46648.715,9177.147,1113.13,7410.675,653.342,18583.952,6897.188,1239.784,434256.269,9465.831,451859.072,65794.278,239543.971,0,0,29699.402,195.119,0,2537.275,42255.071,402.468,7112.283,148955.369,-102306.654,-10226.408
NZL,2019,XDC,585759.98,51549.356,9796.16,1016.206,7382.431,1397.523,21680.154,7532.012,984.913,458555.428,10067.335,477139.688,73791.946,245740.308,0,0,29722.721,127.098,0,3995.686,44748.33,301.6,8743.74,161820.487,-110271.131,-8826.551
NZL,2020,XDC,637038.332,55829.366,30684.168,1035.649,29313.3,335.219,32227.245,10000.135,1505.114,472689.272,11605.876,495800.397,107407.037,250857.226,0,0,28468.577,245.101,0,5184.407,48375.907,1941.812,12235.319,166845.055,-111015.689,-7019.265
NZL,2021,XDC,663381.314,41652.922,45517.717,794.018,44012.193,711.506,26496.869,7426.039,1861.882,505437.152,11434.668,526159.741,133031.967,250176.984,0,0,28992.533,639.395,0,3030.473,51859.109,9294.635,9977.492,162176.149,-120523.227,-9351.49
NZL,2022,XDC,707635.116,51324.85,59970.59,855.267,55838.559,3276.764,24097.415,6838.145,1340.252,528392.593,12087.755,548658.745,120772.227,269492.24,0,0,30377.581,842.063,0,6809.283,58433.777,21632.837,15589.688,172045.126,-120720.276,-11943.229
NZL,2023,XDC,714825.871,51131.758,50323.868,764.397,49081.553,477.918,26145.971,8010.545,1469.338,539037.532,13049.579,561566.994,112034.336,292339.792,0,0,33442.459,181.572,0,5741.659,61101.475,20003.739,15222.474,158363.474,-107231.716,-9262.362
NZL,2024,XDC,747354.254,62189.814,40213.899,654.87,37914.092,1644.937,35709.637,8814.081,1497.679,557978.064,14377.212,582667.036,113228.168,308140.638,0,0,34288.794,496.762,0,3549.147,64895.561,15460.402,12462.61,174554.291,-112364.477,-6295.971
NZL,2025,XDC,770963.38,53787.286,35036.113,760.199,33158.644,1117.27,43726.038,8704.929,1079.751,583304.134,15620.167,608708.981,125561.821,313217.373,0,0,40305.799,231.61,0,3484.274,68397.508,4364.619,14968.226,179688.229,-125900.943,-8961.053
OMN,2015,XDC,30482.668,2914.954,4199.353,392.829,3806.524,0,1971.227,0,1982.289,17596.971,978.168,20557.428,4732.438,9018.734,0,0,403.15,0,0,0.626,4711.645,0.516,5379.139,4655.835,-1740.881,740.879
OMN,2016,XDC,30163.963,2311.537,2742.056,347.847,2394.209,0,1810.639,0,2098.306,19248.659,1062.211,22409.176,4302.234,9822.332,0,0,440.629,0,0,0.569,4934.996,0.022,5923.424,3098.893,-787.356,750.309
OMN,2017,XDC,31783.945,2509.901,2473.019,371.363,2101.656,0,1978.977,0,2338.873,20491.117,1062.72,23892.71,4443.722,10358.782,0,0,439.863,0,0,0.554,5286.327,4.318,6363.894,3154.188,-644.287,802.959
OMN,2018,XDC,34279.09,2904.897,2913.573,363.45,2550.123,0,2057.415,0,2663.582,21474.635,1267.139,25405.356,4629.648,11528.828,0,0,533.736,0,0,1.423,5484.316,0.086,6642.357,3503.161,-598.264,957.685
OMN,2019,XDC,35564.501,3330.389,2366.313,366.685,1999.628,0,2622.806,0,2724.659,22040.345,1293.628,26058.632,4943.164,11563.749,0,0,597.577,0,0,1.071,5752.852,0.001,6646.377,3842.218,-511.829,1031.129
OMN,2020,XDC,36157.458,2570.8,1865.775,358.224,1507.551,0,3688.185,0,3141.727,22339.471,1218.009,26699.207,5138.699,12808.641,0,0,594.522,0,0,4.473,5784.437,65.567,5612.828,3782.369,-1211.569,1032.43
OMN,2021,XDC,38909.239,2436.624,2522.396,408.941,2113.455,0,4715.702,0,3752.267,22877.235,1309.491,27938.993,5540.3,13373.431,0,0,703.642,0,0,1.476,6164.326,117.683,6105.958,4350.834,-1914.21,1256.064
OMN,2022,XDC,39193.871,2673.448,1904.294,368.513,1535.781,0,4278.143,0,3909.608,23547.146,1439.036,28895.79,5566.618,13525.817,0.788,0,373.43,0,0,9.967,6354.288,7.594,6366.015,3997.445,-1323.997,1549.713
OMN,2023,XDC,42133.869,4191.556,2040.857,379.197,1661.66,0,3777.677,0,4315.56,24375.418,1671.296,30362.274,7371.478,14420.556,0,0,269.961,0,0,0.149,6374.067,1.368,6580.597,3827.29,364.266,1600.043
OMN,2024,XDC,44991.756,4577.419,1843.235,403.282,1439.954,0,4343.394,0,4657.934,26019.448,1791.171,32468.553,8273.78,15570.184,0,0,273.654,0,0,0.067,6774.384,1.499,6994.436,3514.618,1062.801,1829.978
PAK,2015,XDC,14880461.084,479245.774,661595.028,163803.234,418995.495,78796.299,6718496.84,322608.999,683942.835,4200288.298,101755.978,5308596.109,6493037.107,2183016.288,454360.198,9.771,14256.418,6665.109,0,1041.317,1571662.819,1435750.067,640353.62,337191.602,142054.172,30589.435
PAK,2016,XDC,16692638.379,429272.635,861967.018,186381.346,643567.02,32018.652,7119115.545,353774.411,842381.398,4771003.406,116377.581,6083536.795,7514273.264,2439150.242,602495.192,9.948,14760.846,9900.928,0,2177.271,1613871.267,1211499.304,769914.431,374275.11,54997.525,-58435.796
PAK,2017,XDC,19320737.283,474949.615,951463.851,205652.161,727994.481,17817.209,8375702.552,459135.285,1072218.554,5425618.356,91723.999,7048696.195,8156394.542,2655768.074,756991.692,9.936,17979.073,7155.255,0,1486.249,1654541.026,2131259.034,947557.915,558851.035,-83901.42,-37181.618
PAK,2018,XDC,20869813.61,494603.967,1122986.82,230418.523,875957.783,16610.515,7473341.01,526076.266,1417916.295,6496368.044,101423.698,8541784.302,8951233.679,2871412.491,855842.079,15.786,32549.025,18573.344,0,3947.888,1688706.796,1509901.247,1129711.764,702222.508,-207618.541,-131400.508
PAK,2019,XDC,23201250.509,558459.673,1490908.46,269507.25,1149431.599,71969.611,8553009.715,502739.666,1661519.578,6819466.193,97378.595,9081104.033,9886011.045,3185988.37,895361.434,16.102,39859.875,19056.104,0,6198.811,1874720.423,1643703.436,1283922.759,739157.743,-180698.07,109485.269
PAK,2020,XDC,26932322.058,811087.362,1518205.327,351702.391,1106775.317,59727.62,11411541.904,556652.823,1690741.645,7099043.098,100847.826,9447285.393,11757012.965,3642950.187,1046606.876,17.732,36619.151,29401.829,0,5419.715,2104478.339,2078069.759,1412606.04,745210.433,65876.928,329726.956
PAK,2021,XDC,32158923.323,737478.86,1718327.776,362614.042,1317291.881,38421.853,14197823.235,624701.325,1789375.278,8539783.769,151613.009,11105473.381,13479427.846,4252750.21,1193086.781,17.87,38120.426,40904.6,0,6340.286,2142150.412,3275572.19,1894389.284,1022555.202,-285076.342,413788.139
PAK,2022,XDC,39075888.461,804145.729,1585690.906,461896.824,1042095.874,81698.208,19430769.981,679380.206,1921302.41,9859649.948,197477.716,12657810.28,15293363.825,4357072.077,1296624.091,3.24,54776.673,115387.302,0,13208.334,2400524.933,6807969.983,2452498.986,1208776.792,-404631.063,478210.645
PAK,2023,XDC,51271564.212,1080826.979,3111342.358,493633.8,1828743.178,788965.379,27984509.323,651440.366,2263097.178,9992528.892,165937.647,13073004.083,18698092.966,5442819.929,1556532.998,0,60905.406,81177.745,0,27653.048,3213821.411,11620959.182,2681275.152,1929299.435,-848472.456,-62854.531
PAK,2024,XDC,59474440.252,983267.402,3036726.507,610618.712,1916382.112,509725.684,32882884.182,350036.008,2209795.108,11981323.096,497851.876,15039006.088,22048657.022,5864891.88,1847190.173,0,57123.802,337457.031,0,20078.543,3981839.734,12484571.687,2735498.347,2013948.841,-1030681.439,550627.119
PAK,2025,XDC,68157077.945,899811.707,2648021.097,636347.75,1949160.629,62512.718,40757012.368,220147.992,2236105.404,12155123.789,344646.549,14956023.734,25805635.685,6335011.615,2347565.363,0,48616.325,443735.852,0,15565.252,4743391.962,13867671.377,3423093.774,2311825.127,-1412013.42,-81243.427
PAN,2015,XDC,89793.322,36264.086,1288.324,625.481,662.843,0,2396.767,125.042,0,42112.845,1338.539,43576.426,8030.124,27206.014,0,59.573,530.935,18.212,0,0,9178.729,606.325,1296.38,35392.043,872.043,1207.268
PAN,2016,XDC,92039.334,34543.014,1539.484,608.104,931.38,0,2450.584,144.784,0,45805.038,1467.656,47417.477,7949.922,29091.386,0,48.373,473.584,11.213,0,0,9930.701,579.012,1659.518,35382.342,-839.328,824.508
PAN,2017,XDC,93142.229,31048.191,1677.643,669.15,1008.494,0,2583.163,87.922,0,49434.311,1482.691,51004.923,8048.986,30822.513,0,40.135,518.997,7.881,0,0,10742.443,559.106,2015.937,32741.309,-1693.118,816.615
PAN,2018,XDC,97397.489,33104.16,1740.502,694.459,797.812,248.231,2564.997,82.764,0,51388.329,1727.81,53198.903,8439.346,31630.989,0,28.494,470.53,11.163,0,0,11036.257,690.094,1994.486,35176.215,-2072.055,1130.989
PAN,2019,XDC,99341.387,32960.489,1768.695,719.316,817.469,231.91,2819.57,74.012,0,52503.208,1747.612,54324.832,7657.068,33030.37,0,194.033,481.337,87.461,0,0,11745.706,470.912,2983.098,33858.609,-898.12,1364.993
PAN,2020,XDC,101669.198,34717.429,3473.662,676.852,1617.594,1179.216,3305.778,70.11,0,51632.718,1613.895,53316.723,8829.483,34950.353,0,204.987,581.807,77.375,0,0,11265.626,676.282,2133.721,32985.655,1731.774,3108.304
PAN,2021,XDC,104723.176,37350.644,2244.355,743.266,1019.004,482.085,3655.706,4.465,0,52883.472,1424.514,54312.451,9242.041,27245.169,10356.989,0,494.459,51.693,0,0,11353.673,498.288,1785.067,35300.132,2050.512,1235.645
PAN,2022,XDC,111628.115,41347.577,2913.348,824.043,1124.044,965.261,3616.139,5.247,0,55120.759,1680.589,56806.594,8897.419,27501.565,9176.909,0,465.127,155.559,0,0,11716.215,738.476,3143.354,40441.884,905.693,2447.152
PAN,2023,XDC,118009.663,45362.528,2816.702,806.136,1242.26,768.306,4263.415,8.153,0,56959.816,1688.34,58656.308,9064.509,28955.459,9063.271,0,444.372,235.03,0,0,12659.82,713.509,3750.704,43880.984,1481.544,2331.294
PAN,2024,XDC,126266.983,50524.938,2793.829,781.838,1321.904,690.088,4980.881,0,0,58918.191,1945.863,60864.053,8980.606,32700.618,8339.266,0,339.101,148.934,0,0,13676.085,728.921,4397.812,48047.566,2477.372,1804.793
PAN,2025,XDC,133234.716,54372.16,2676.214,674.835,1290.545,710.835,6139.688,0,0,60468.294,2434.023,62902.317,9499.568,35633.461,8233.393,0,431.364,122.533,0,0,15686.057,341.047,4459.336,49532.397,4839.763,2151.223
PER,2015,XDC,447542.42,12898.358,116560.497,8185.973,87002.454,21372.071,19000.007,414.796,2370.772,265130.088,2176.821,270092.478,72667.524,167573.857,2953.553,8592.8,0,4734.495,0,2997.984,41752.619,30185.104,21699.864,50858.36,-37960.002,14535.182
PER,2016,XDC,454898.095,11935.725,105044.021,7865.509,76515.157,20663.355,19203.975,296.285,3670.084,277258.936,1733.913,282959.218,72244.989,171580.386,3208.222,8855.359,0,11457.721,0,1849.562,47614.408,29858.052,20119.819,43824.795,-31889.07,8529.625
PER,2017,XDC,479912.713,13538.156,103959.521,9083.447,65802.59,29073.484,25268.594,994.781,4405.11,291793.351,1349.664,298542.905,73171.901,195602.813,3556.306,8993.164,0,11046.748,0,1312.389,52822.685,21468.521,19619.762,42153.874,-28615.718,11561.012
PER,2018,XDC,500645.517,15957.881,86702.765,9417.216,53829.643,23455.907,27269.167,796.672,4321.175,321186.39,938.363,327242.6,114641.466,201320.951,3971.952,9642.012,0,11421.573,0,1499.467,23235.969,7310.937,21829.661,46122.902,-30165.021,16175.524
PER,2019,XDC,544813.157,13079.431,108545.002,9921.203,73873.471,24750.328,26612.931,752.687,3618.741,340777.293,1582.494,346731.215,128422.992,215979.111,4000.45,11088.258,0,11475.961,0,1858.146,28689.773,10753.425,22662.989,44942.431,-31863,15095.044
PER,2020,XDC,700238.064,18892.288,172435.096,11083.261,116584.491,44767.345,36978.457,585.401,3909.382,389349.038,2932.137,396775.958,168288.407,260241.53,4641.598,10473.485,0,12643.104,0,2539.959,-25555.598,5308.911,19554.502,41347.91,-22455.622,125597.991
PER,2021,XDC,669775.624,16479.804,133548.077,10509.415,108079.487,14959.175,32689.225,491.517,2224.644,413946.331,2467.455,419129.947,169036.21,261690.452,5415.11,11610.317,0,14063.966,0,4138.407,-31449.699,2045.204,27644.038,42787.081,-26307.277,94865.967
PER,2022,XDC,766894.254,22281.635,137709.539,10240.694,111161.855,16306.99,44463.687,280.259,1948.259,430972.306,2895.09,436095.915,138356.04,288591.371,6012.46,8923.929,0,20454.748,0,3518.735,93654.175,2148.414,25862.147,44759.059,-22477.424,8269.697
PER,2023,XDC,748777.885,24657.734,144467.019,11348.83,104638.766,28479.423,50090.695,345.85,2353.135,430955.068,3069.454,436723.507,111637.973,286146.064,6385.845,1175.371,0,22595.79,0,3076.936,83336.724,22167.105,23742.864,49912.399,-25254.665,45761.884
PER,2024,XDC,749151.363,29954.505,133197.96,11145.068,94455.253,27597.639,49423.1,221.052,5447.358,433905.08,3941.131,443514.622,125283.866,314554.642,6716.413,50.52,0,26852.282,0,2375.476,115581.714,9886.98,21153.279,47545.303,-17590.798,-13910.289
PHL,2015,XDC,12810016.87,1023851.63,2441040.197,213764.264,1912462.56,314813.373,1675548.83,76634.555,277941.321,5564245.654,605925.979,6524747.508,1917034.635,6809246.151,0,362656.111,0,1979.849,0,12666.657,1570792.198,3822.401,304032.56,787913.271,235938.36,-104955.67
PHL,2016,XDC,14335029.608,1211638.034,2630633.494,203237.841,2118606.879,308788.775,1715433.164,82833.125,256765.719,6486421.768,698713.878,7524734.49,2196202.458,7728056.816,0,365532.075,0,1294.523,0,15555.833,1726816.789,688.946,357114.729,849251.204,362386.829,-158074.194
PHL,2017,XDC,15998875,1295966.983,2587030.779,219906.183,2058755.906,308368.69,2015045.506,81063.584,284588.518,7550692.863,851818.087,8768163.052,2557754.267,8442418.231,0,433765.667,0,117.972,0,13575.703,1946894.079,32995.014,437955.145,896331.952,399635.031,-95601.716
PHL,2018,XDC,17794381.758,1501740.899,2537900.065,258398.526,1981700.707,297800.832,2305009.89,87469.597,260499.13,8687433.621,1013426.676,10048829.024,2711075.396,9098653.606,0,562804.246,0,151.372,0,13275.056,2283234.485,122558.668,609144.501,1129676.727,372064.172,-137094.182
PHL,2019,XDC,19278050.232,1654598.486,2700364.065,283252.566,2112307.175,304804.324,2560883.605,99079.807,259532.834,9363434.406,1155835.731,10877882.778,3160784.854,9705843.455,0,683117.256,0,36426.418,0,16592.721,2549781.911,44985.923,429578.828,1195790.201,458808.286,-29172.634
PHL,2020,XDC,20514445.754,1773077.479,3574580.163,307039.073,2810133.931,457407.159,2887041.345,103799.023,265664.089,9341224.822,1089549.483,10800237.417,3783138.334,10071437.197,0,657733.837,0,39228.157,0,15044.025,2647464.719,5976.621,545914.747,980327.689,792749.79,288671.113
PHL,2021,XDC,21922746.817,1883375.721,3543512.282,299065.497,2778154.654,466292.131,3698457.851,127719.366,267704.265,9693917.445,1174057.14,11263398.215,4395113.377,10694620.884,0,573884.899,0,42953.316,0,14953.25,2786311.707,206.207,657510.673,964512.611,918863.11,258677.146
PHL,2022,XDC,24288741.419,1979551.74,3295084.493,317409.625,2485868.864,491806.003,4476888.328,166089.719,273650.012,10765885.482,1253945.884,12459571.097,4685106.528,11743883.319,0,487824.112,0,51573.529,0,26591.054,2932878.351,1949.747,1000483.638,1098172.466,881379.274,182632.912
PHL,2023,XDC,26467908.107,1850473.475,3424456.069,331129.401,2106226.849,987099.819,5065548.041,193429.207,240841.626,11746134.811,1223332.555,13403738.199,4819991.702,12909536.089,0,492430.445,0,53812.617,0,32883.239,3303865.422,1520.643,926739.615,1075407.823,775065.652,128028.188
PHL,2024,XDC,28798983.414,2194967.893,3088165.935,356578.583,1851155.905,880431.448,5442466.65,223887.829,265980.037,13183723.687,1293827.994,14967419.546,5105052.783,13965849.626,0,455852.462,0,53620.516,0,34016.666,3627460.043,1106.714,850618.86,1423175.151,771792.742,176267.205
PHL,2025,XDC,31358888.025,2406087.072,2547978.24,381773.997,1313512.833,852691.41,6170992.597,251273.914,266138.247,14602787.919,1413208.019,16533408.099,5485736.803,15179282.352,0,397124.586,0,54985.328,0,32977.659,3948257.256,41553.044,793685.643,1550638.927,855448.144,174224.409
PNG,2015,XDC,30036.456,1666.87,5435.986,447.919,3278.096,1709.971,7145.016,0,2334.068,10590.665,108.715,13033.448,13401.073,5305.121,0.135,62.161,5.072,0,0.021,0,5766.552,179.838,2698.561,485.622,1181.248,-622.835
PNG,2016,XDC,32249.612,1300.591,6262.685,534.952,4295.525,1432.208,8234.769,0.094,2263.759,11322.929,277.388,13864.172,14450.61,6313.506,1.642,62.18,5.074,2,0.022,0,6225.688,4.892,2084.415,1088.24,212.351,-576.054
PNG,2017,XDC,32217.015,1411.456,5937.146,552.323,3274.381,2110.442,8478.801,0,2370.132,10910.529,451.279,13731.94,14757.662,5853.268,2.212,62.199,5.075,2,0.022,0,6712.871,5.095,1701.413,939.228,472.228,-481.701
PNG,2018,XDC,32328.452,1222.074,5873.928,575.257,3082.187,2216.484,7873.669,0,2364.398,11729.45,447.636,14541.484,14199.096,5510.643,2.614,62.235,5.078,2,0.022,0,6963.925,5.232,2155.946,1059.842,162.231,-455.478
PNG,2019,XDC,33736.733,1529.433,5629.324,644.524,3639.566,1345.234,8018.652,0,2676.951,12176.028,414.981,15267.96,15468.291,5182.724,6.542,0,0,2,0.022,0.725,7245.304,5.105,2119.531,1118.442,410.99,-703.318
PNG,2020,XDC,36101.774,1566.125,4922.385,544.595,3631.387,746.403,10861.101,0,2172.292,12676.124,616.498,15464.915,17025.404,4948.703,8.027,0,0,2,0.022,0.078,7732.712,4.912,2406.531,1152.197,413.928,-466.061
PNG,2021,XDC,40218.104,1603.766,6449.817,514.487,4013.937,1921.392,13131.826,224.513,1630.68,13020.809,469.456,15345.458,19953.687,4965.367,30.606,0,0,2,0.022,0.002,8206.058,6.35,2608.003,1146.574,457.192,-387.802
PNG,2022,XDC,44869.663,2142.136,7731.908,607.067,5693.519,1431.322,15092.532,275.188,1320.827,13894.325,468.938,15959.279,23666.907,5014.57,30.915,0,0,2,0.022,0,8422.739,5.787,3314.416,1220.291,921.845,-751.794
PNG,2023,XDC,47775.62,2283.409,7028.464,599.32,4618.245,1810.899,16439.969,225.113,1550.512,15984.819,479.009,18239.453,27204.281,4271.889,30.759,0,0,0,0.021,0,8366.487,4.912,3554.498,1055.256,1228.153,-496.809
PNG,2024,XDC,45765.482,2045.549,6627.981,734.601,4756.974,1136.406,14699.317,525.956,1431.736,16466.555,434.555,18858.802,25407.423,3816.755,61.378,0,0,0,0.021,0,8502.506,4.912,3255.251,1139.843,905.706,43.561
PNG,2025,XDC,52046.009,2909.924,7656.739,1091.076,4051.192,2514.471,16919.778,328.079,1432.281,18014.921,410.188,20185.469,29329.445,4032.898,69.87,0,0,42.212,0,0,9674.646,4.799,3867.133,1156.012,1753.913,-505.104
POL,2015,XDC,1681397,57167,138228,13236,50871,74121,239787,53030,0,964745,97042,1114817,540624,460398,22002,2465,43878,0,0,32516,176691,186,25344,205283,-148116,40610
POL,2016,XDC,1789994,60914,130599,12894,36397,81308,311159,50452,0,1014047,89758,1154257,639641,447147,25188,3025,53782,0,0,25300,186149,10,31496,203673,-142759,41513
POL,2017,XDC,1857663,58379,146069,13943,37703,94423,321398,50605,0,1043811,97393,1191809,717621,412952,25785,5043,69763,0,0,17060,205111,17,34439,177240,-118861,52626
POL,2018,XDC,1984510,76027,145202,15986,75940,53276,346352,56118,0,1114510,107028,1277656,806222,427118,25676,6270,72267,0,0,16720,205145,5636,44510,172118,-96091,63555
POL,2019,XDC,2092892,72692,148042,14407,68649,64986,383747,59859,0,1162210,118595,1340664,926716,404585,28814,5765,78530,0,0,17172,210579,5,49353,159746,-87054,63882
POL,2020,XDC,2449610,83826,207498,14687,65043,127768,475203,61242,0,1164098,172328,1397668,1206349,285872,28957,4793,106206,0,0,32703,220620,35190,72393,176286,-92460,-5175
POL,2021,XDC,2659993,99827,297717,14838,98367,184512,449459,58882,0,1217032,196784,1472698,1375642,255530,26039,4499,117215,0,0,52600,200623,42440,111788,174231,-74404,-40901
POL,2022,XDC,2843349,180996,336236,14589,69560,252087,435799,59849,0,1219104,227843,1506796,1225865,498250,26771,5833,124315,0,0,74890,304564,42473,111872,187331,-6335,-142340
POL,2023,XDC,3102769,247639,394399,14583,76890,302926,503799,72944,0,1185333,246659,1504936,1315972,579472,27104,2666,150697,0,0,49987,357162,42497,117739,197724,49915,-190205
POL,2024,XDC,3429368,262650,453547,13958,156144,283445,600509,80578,0,1227008,251529,1559115,1449055,616339,24053,1714,205298,0,0,40924,382731,42565,160573,224707,37943,-272042
PRT,2015,EUR,,63872.98,,,,,31634.524,6313.936,0,215171.72,48362.27,269847.926,63940,82677.34,66627.11,26.87,20800,,,,,,6667,59872.53,4000.45,
PRT,2016,EUR,,55395.14,,,,,31904.561,6404.209,0,207304.5,44335.03,258043.739,73626,85895.75,54876.71,11.57,12981,,,,,,4151,57165.85,-1770.71,
PRT,2017,EUR,,50367.57,,,,,35970.554,6138.036,,200894.64,41848.16,248880.836,83213,86721.31,45846.76,7.19,12931,,,,,,5182,48593.68,1773.89,
PRT,2018,EUR,,53627.98,,,,,36545.215,6190.795,,198843.72,40893.7,245928.215,95745,86327.3,39847,3.94,10288,,,,,,2581,54586.77,-958.79,
PRT,2019,EUR,,59175.75,,,,,32938.733,6144.437,,200036.7,32295.56,238476.697,108945,86999.8,27067,-0.74,11176,,,,,,2729,55194.85,3980.9,
PRT,2020,EUR,,64042.09,,,,,34239.863,6368.527,,209017.56,28113.98,243500.067,128125,89540.14,24052,-1.43,9960,,,,,,1908,48208,15834.09,
PRT,2021,EUR,,67104.33,,,,,29619.79,6365.21,,213793.2,25068.27,245226.68,148712,93450.46,19933,269.86,12321,,,,,,1574,45971.02,21133.31,
PRT,2022,EUR,,73573.56,,,,,25538.12,6307.88,,218024.01,22686.02,247017.91,164382,95350.51,13937,262.38,12557,,,,,,1187,52824.57,20748.99,
PRT,2023,EUR,,75705.32,,,,,22582.86,6427.14,,216686.08,22379.11,245492.33,132851,123154.68,10816,0,14874,,,,,,1204,57663.03,18042.29,
PRT,2024,EUR,,94185.58,,,,,23642.84,6531.16,,223257.37,20904.14,250692.67,133834,143788.95,7466,-2.08,18331,,,,,,1568,54398.17,39787.41,
PRY,2015,XDC,123328819.639,6732811.408,21820178.793,2431297.448,14039824.166,5349057.179,2717113.418,107190.163,361055.391,81652743.635,32226.532,82153215.72,26077832.25,20872677.145,1163027.877,23316314.693,2904457.395,2387097.788,0,1219271.69,14064388.611,100985.917,8231006.872,12680504.25,-5947692.842,405754.851
PRY,2016,XDC,130894065.37,6062741.426,26528893.892,2434872.518,14772685.187,9321336.188,2041344.772,142032.627,338827.332,84580321.147,25728.875,85086909.98,27406345.043,23705064.965,1738213.269,24429700.231,1779768.477,2759138.395,0,1168690.779,15966395.572,87324.767,9336227.98,10808222.431,-4745481.005,534798.163
PRY,2017,XDC,140205310.675,6765741.329,29984259.704,2659842.805,14713467.045,12610949.854,1685076.564,125548.867,360397.858,89954148.098,80754.826,90520849.65,30901824.389,26281138.601,1397100.865,24261632.267,1741242.224,3305768.412,0,1276490.338,17118578.652,322236.355,9944924.588,11115083.721,-4349342.393,1289906.836
PRY,2018,XDC,153556439.204,7007797.033,30090936.023,2924090.079,15283353.544,11883492.399,1487864.572,300837.068,392766.5,102580748.827,79469.777,103353822.173,31532243.397,30110483.956,1444214.476,26603569.572,2174025.568,4631205.192,0,219407.151,19103542.958,177402.151,10247854.72,13312965.188,-6305168.155,2383505.472
PRY,2019,XDC,166269056.202,7669391.829,31296153.211,3128050.796,16425613.93,11742488.485,1933260.037,243353.548,489866.848,112729234.834,115930.417,113578385.647,34440761.297,31956273.437,1584932.265,31027304.371,2943982.872,5312831.858,0,45137.348,21268938.565,114091.952,11510537.478,11925620.711,-4256228.882,2346778.57
PRY,2020,XDC,194143939.616,15610118.622,37923226.185,3339445.192,16804528.747,17779252.246,3074957.99,360206.256,997594.059,121456876.988,345643.725,123160321.029,43839934.586,39916817.595,2275209.366,31308068.044,3349098.219,5972330.419,0,48538.236,23784612.454,338579.51,13406402.141,12471995.868,3138122.755,3057037.389
PRY,2021,XDC,210173866.969,10468391.646,41985209.683,3598192.228,23859016.095,14528001.36,4414452.263,367866.935,1396601.746,133684010.337,671946.446,136120425.463,51656553.666,41984487.948,2620029.431,31583177.775,3804112.145,6189100.058,0,83979.623,27547443.565,171351.322,13311054.437,11749743.936,-1281352.29,2287445.149
PRY,2022,XDC,221878231.52,8345517.785,40788927.784,3251918.43,22132602.197,15404407.157,4729895.503,418529.166,1357123.863,149222784.54,795925.785,151794363.353,49755944.607,43217380.259,2729052.249,36492380.682,4774425.025,6875291.702,0,102096.309,28658952.346,308701.363,13210390.316,15950928.242,-7605410.457,3583161.325
PRY,2023,XDC,250270146.419,10502519.168,43472297.917,3598356.479,25441653.272,14432288.167,7354459.618,457253.65,1492356.786,164090234.625,2021038.528,168060883.589,49898377.377,50337649.18,2584568.253,41861304.913,5726702.429,7790819.295,0,55929.602,32343409.433,428222.751,15887496.886,19639385.455,-9136866.288,2836294.717
PRY,2024,XDC,281502479.573,13871819.274,38557777.575,3544650.876,26259076.424,8754050.275,7684729.716,510283.144,1267748.502,192834712.65,2541537.898,197154282.194,52793628.308,54135158.835,2579301.647,51909110.864,7452377.404,8408812.712,0,108573.157,35671440.362,379785.163,15784624.906,26359834.16,-12488014.886,1685961.241
PRY,2025,XDC,304988202.1,17055648.357,39712824.297,3570436.782,27325887.793,8816499.722,9093474.387,452224.582,1615380.445,207060654.453,3507011.137,212635270.618,50757962.818,58742629.194,2736276.99,57908071.959,10188459.11,8972432.324,0,285936.021,39733962.037,486963.475,16981543.505,31805776.083,-14750127.726,-102795.857
QAT,2015,XDC,1116825.751,222464.472,37432.957,3952.495,33180.929,299.533,193399.004,0,164128.233,416823.411,16831.034,597782.678,141285.254,369065.052,2275.296,0,12103.829,120,0,1133.849,141924.256,7041.565,53278.404,308450.587,-85986.115,14401.026
QAT,2016,XDC,1267010.247,272727.115,42883.506,4237.122,38254.278,392.106,256679.619,0,157776.212,440231.713,20637.811,618645.736,139261.473,346339.394,2260.173,0,27371.652,429.52,0,1260.944,151262.943,9075.146,58054.908,447086.301,-174359.186,8533.525
QAT,2017,XDC,1368394.756,233905.913,50435.53,4949.181,45089.66,396.689,332125.061,0,168927.68,468927.63,22164.577,660019.887,138451.871,453289.92,6402.708,0,25001.728,91,0,2200.315,162401.54,34354.242,94167.579,365006.082,-131100.169,-4880.577
QAT,2018,XDC,1423214.303,238548.689,71287.076,4971.824,64257.876,2057.376,293943.527,0,169617.91,535805.131,16959.28,722382.321,134430.567,418333.519,3984.287,0,35561.534,796.997,0,1717.908,161913.538,21788.72,88502.284,443261.275,-204712.586,15870.984
QAT,2019,XDC,1555092.257,239522.339,60189.125,4804.796,53989.986,1394.343,296198.068,0,186452.89,644529.903,15734.156,846716.949,141585.384,424818.635,4584.336,0,36417.927,1934.713,0,2795.92,172834.318,13984.323,74523.266,546211.241,-306688.902,22936.422
QAT,2020,XDC,1688153.499,231985.079,87191.979,12480.3,74462.411,249.268,293474.395,0,216074.107,727613.467,15849.479,959537.053,164167.857,421928.071,4592.318,0,36834.423,3166.603,0,2960.348,178856.609,31268.953,74254.763,641281.475,-409296.396,12877.088
QAT,2021,XDC,1833913.123,250872.175,93083.631,11882.153,80958.09,243.388,318308.748,0,237636.061,803926.71,17465.084,1059027.855,175042.451,420749.782,4377.795,0,36831.716,2839.67,0,2336.035,189408.008,32697.809,97648.335,721414.993,-470542.818,37945.81
QAT,2022,XDC,1912061.305,271248.654,85647.178,12679.002,72338.214,629.962,304949.572,0,259425.094,863794.757,16621.215,1139841.066,199985.911,501232.288,3397.685,0,35304.983,4074.86,0,5100.525,202232.436,14937.411,105329.33,673892.665,-402644.011,56198.376
QAT,2023,XDC,1976787.247,271799.129,81674.457,6946.572,73495.196,1232.689,297867.864,0,263337.7,911844.089,13880.467,1189062.256,179571.03,530357.384,4970.999,0,35735.81,3530.239,0,1092.261,213071.268,17742.9,97003.262,674486.792,-402687.663,82841.778
QAT,2024,XDC,2054510.66,289979.525,76666.045,6926.683,68108.633,1630.729,317826.671,0,279544.743,948249.319,15152.722,1242946.784,180051.754,524869.016,4452.433,0,35300.987,3423.393,0,1717.214,217817.578,1651.067,121779.647,748422.033,-458442.508,87933.901
QAT,2025,XDC,2160095.077,344007.192,75336.744,6534.537,67732.68,1069.527,367436.157,0,280045.393,990519.165,14501.421,1285065.979,195869.339,533747.573,4963.936,0,41971.085,6358.72,0,759.395,230181.75,13649.526,118762.456,799707.287,-455700.095,125875.004
ROU,2015,XDC,417141.408,20131.993,55466.828,7105.43,48361.398,0,79518.741,10116.217,0,213079.212,7649.793,230845.222,103068.672,136575.891,15106.229,125.446,0,4.094,0,0,39216.621,0.151,5283.768,64469.559,-44337.565,22112.349
ROU,2016,XDC,429026.683,24137.63,53680.207,8340.707,45339.5,0,83172.446,10085.609,0,214797.724,8255.497,233138.831,125308.053,134045.743,16654.647,109.217,0,0,0,0,40797.4,0.201,9393.423,50389.391,-26251.761,17431.039
ROU,2017,XDC,460058.327,29588.99,60046.498,10194.159,49852.339,0,88320.699,9753.355,7,227114.103,8540.55,245415.008,147363.796,139218.015,17729.756,107.895,0,0,0,0,45261.605,4125.129,10862.248,45799.212,-16210.222,13114.259
ROU,2018,XDC,486194.659,36220.279,50387.537,12024.039,38363.497,0,95768.965,9747.466,0,244854.915,9472.239,264074.62,167421.897,145949.058,18019.913,0,0,0,0,0,49515.928,0.434,11392.66,41960.934,-5740.655,12190.651
ROU,2019,XDC,533468,43808,55152,12103,43049,0,105917,10293,0,261941,9235,281469,202813,145694,20815,0,0,0,0,0,55153,0,11445,37846,5962,12584
ROU,2020,XDC,607018.444,64095.255,60900.879,12213.409,48687.47,0,129591.041,11136.553,0,275003.93,10997.75,297138.233,249382.901,149786.429,23171.275,0,0,0,0,0,61383.618,480.376,16249.415,35569.569,28525.687,15701.907
ROU,2021,XDC,694236,62260,69194,13104,56090,0,156204,11893,0,314164,14006,340063,310672,157650,12646,0,0,0,0,0,61678,6501,19632,39062,23198,19879
ROU,2022,XDC,763268.495,57986.388,81227.571,13009.906,68217.665,0,156150.109,14970.887,0,349223.769,18361.153,382555.809,296775.758,204967.862,13685.447,0,0,0,0,0,58144.069,0.822,30187.692,53066.727,4919.661,21091.584
ROU,2023,XDC,852516.162,76667.815,123436.059,13071.02,110365.039,0,175478.072,17044.082,0,369852.901,21195.402,408092.386,299131.865,257040.347,18625.299,0,0,0,0,0,71068.584,0.499,43871.302,63388.652,13279.163,30547.863
ROU,2024,XDC,915620.637,86582.992,97380.848,14860.003,82520.845,0,227457.43,19567.328,0,399829.283,25693.684,445090.295,322425.855,293530.695,19786.855,0,0,0,0,0,78202.862,0.626,54434.263,63612.213,22970.779,24518.275
ROU,2025,XDC,996151.124,92921.663,112491.179,16762.874,95728.305,0,258039.176,20349.296,0,422985.126,29528.118,472862.54,343923.402,313832.515,21345.154,0,0,0,0,0,95610.338,0.233,59826.395,77079.124,15842.538,24697.397
RUS,2015,XDC,89693954.3,16365394.3,3811452,1283043.5,2528408.5,0,5417424.8,0,578245,46475454.7,5299688.9,52353388.6,9201859.9,34278173.8,658003.7,576334.2,994450.5,2258237,0,449705.05,6278170.5,6073978.5,2021100.1,9722682.3,6642712,5434963.75
RUS,2016,XDC,87351371.3,12290144.5,4168213.5,1074983.9,3093229.6,0,5647834.2,0,500638.5,45462729.1,5302058.15,51265425.75,9897942.9,32750635.9,1098961.9,487994.8,1040825.9,2618569.8,0,251067.25,6664879.1,3392815.1,2106631.3,7254686.1,5035458.4,5806315.5
RUS,2017,XDC,93246205.5,11211934.1,6255724.8,1092982.3,4810370.5,352372,5643339.5,0,668005,47826298.2,6598247.35,55092550.55,11021706.3,34764185.5,1221842.5,389747.6,1416699.9,2934325.2,0,178968.95,6533886.2,2684340.7,3303908.6,5985808.6,5226125.5,7768128.3
RUS,2018,XDC,103249344.7,13825253.7,6725000,973448,4377676.5,1373875.5,5786918.9,0,658883.2,53220104.7,8076126.95,61955114.85,12269859.5,39574081.9,1126337.7,152537.3,1531294.1,3335248.3,0,264040.95,8006450.6,3304331.4,4622193.5,5962616.6,7862637.1,8143295.5
RUS,2019,XDC,106716069.3,12000985.9,7165132.1,957665.9,4270804.6,1936661.6,5539402.6,0,715399,57610068.2,9219239.95,67544707.15,14189067.5,40614056.6,1242139.3,37314.2,1991800.4,3356220.9,0,296902.45,9446132.7,2910107.7,5081670.7,4813041.7,7187944.2,8271773.5
RUS,2020,XDC,123110891,14252323.9,5949880.7,895667.2,4484251.2,569962.3,9699466.6,0,756312.8,64145166.9,12095204.25,76996683.95,19247130,43480733.3,1266266.3,13503.2,2486492.6,3489311.9,0,504499.8,10690145.6,3718335.6,5289935.1,5316207.3,8936116.6,11395794.75
RUS,2021,XDC,140086999.784,14680498.225,7140938.768,867749.931,6273188.837,0,10970347.401,0,1202884.745,73616881.811,13251109.157,88070875.713,22790884.332,47738820.856,1307642.494,5768.22,2737192.793,3469863.329,0,509914.455,12316289.289,3179350.53,7684985.736,6014245.126,8666253.099,13107702.946
RWA,2015,XDC,2274521.068,171422.534,189431.014,37173.184,110576.173,41681.656,264301.471,1642.318,5087.368,1275551.834,11541.76,1293823.28,742256.983,394111.296,20715.842,0,280.681,391.915,0,0,363918.639,4438.076,267543.304,155320.414,16102.12,-29998.851
RWA,2016,XDC,2523219.971,257182.173,195656.326,33617.617,117834.212,44204.497,246505.663,1490.579,43298.416,1389078.575,3113.271,1436980.841,813831.951,428175.933,22113.772,0,204.043,5844.13,0,0,429021.585,10934.505,266061.241,184792.143,72390.031,-24654.299
RWA,2017,XDC,2883577.263,219448.808,268077.998,36726.975,130299.773,101051.251,343330.439,825.228,46101.546,1571660.366,5532.736,1624119.876,873388.134,480852.109,39069.066,0,68.014,14888.374,0,0,465393.393,62661.976,347103.983,169872.249,49576.559,1679.822
RWA,2018,XDC,3356323.766,324622.622,338840.605,45874.116,162443.991,130522.498,358468.887,705.645,95167.853,1762277.329,998.467,1859149.294,1060532.212,558359.649,36188.582,0,0,16498.084,0,0,591913.884,87192.363,380179.382,163347.587,161275.034,-13130.336
RWA,2019,XDC,3771142.22,278497.237,299668.386,46451.149,188502.429,64714.808,496617.805,546.769,128966.886,1985368.743,848.803,2115731.201,1178861.772,583921.364,117640.274,0,0,11768.966,0,0,645921.141,74175.408,419506.337,160646.507,117850.731,-1927.139
RWA,2020,XDC,4704613.984,337305.578,413589.712,49687.084,267150.282,96752.347,745102.94,4008.118,139903.564,2391478.477,6541.274,2541931.433,1390507.79,776400.386,161236.143,0,0,30871.363,0,0,735210.143,186028.278,426068.057,246600.059,90705.519,85007.445
RWA,2021,XDC,5603905.254,342459.178,635976.741,57723.638,414654.34,163598.763,969394.112,3737.113,120514.414,2762773.105,753.068,2887777.7,1681488.707,902898.878,179440.755,0,0,30112.67,0,0,874606.512,236235.518,485749.769,302321.478,40137.7,142753.444
RWA,2022,XDC,6388971.737,368945.528,719560.469,60045.502,519292.186,140222.781,1286539.215,2522.293,169590.014,3121046.588,426.258,3293585.153,2104817.032,1089921.185,222815.327,0,0,170104.257,0,0,1043345.401,201793.191,477417.194,288100.192,80845.336,70316.586
RWA,2023,XDC,7690437.616,811971.552,754333.346,61048.174,610248.456,83036.717,1280265.705,0.113,296899.37,3703082.644,1267.928,4001250.054,2849234.762,1192081.488,227108.195,0,0,115612.817,0,0,1230568.615,226763.732,532508.118,390830.366,421141.186,83112.564
RWA,2024,XDC,9194167.61,1229434.604,916440.62,98414.873,700995.781,117029.965,1486711.544,0.109,357454.003,4231747.193,16651.692,4605852.997,3405248.76,1441507.462,263060.063,0,0,202267.475,0,0,1510574.514,194702.89,702577.492,387786.7,841647.904,130714.408
RWA,2025,XDC,11215796.932,1675531.908,1103908.712,130544.651,767109.679,206254.382,1722530.693,2.217,370842.197,5140131.311,37375.49,5548351.214,4273527.542,1470497.241,339335.081,0,0,255335.511,0,0,1818451.977,386411.3,916128.316,495213.384,1180318.524,95422.177
SAU,2022,XDC,,286889.629,215107.947,22483.259,137955.511,54669.177,472644.318,0,,2251021.72,22851.132,2450869.943,1266411.057,848367.467,59389.556,0,25312.884,0,0,0,507000.082,153014.44,145929.967,202394.496,84495.133,217691.889
SAU,2023,XDC,,317579.611,225456.123,22870.937,145007.534,57577.651,512027.905,0,,2472302.717,30591.079,2689126.081,1229218.852,1037812.538,57817.565,0,26527.337,0,0,0,540967.561,175889.265,178741.892,274639.852,42939.759,222574.857
SAU,2024,XDC,,376607.791,242478.403,21338.624,160763.791,60375.987,565766.587,0,,2806372.549,37772.95,3085325.136,1296557.536,1129362.62,54343.459,0,31031.885,0,0,0,589069.192,179389.477,246349.499,410809.948,-34202.157,333264.292
SAU,2025,XDC,,418016.7,243139.875,23008.8,167732.575,52398.5,628759.46,0,,3079675.08,50945.479,3428478.978,1309445.62,1372142.421,51417.368,0,35607.893,0,0,0,645878.956,132005.615,237489.324,622780.327,-204763.627,311627.489
SDN,2015,XDC,108937.57,3858.707,21915.416,1845.066,19973.9,96.45,11191.416,2046.474,7901.123,41606.346,1902.821,53456.764,29115.257,33951.234,89.15,0,0,99.914,0,0,16838.29,4325.786,78.852,1937.45,1921.257,3986.37
SDN,2016,XDC,132713.544,3724.012,26426.591,2192.278,24127.809,106.504,12469.181,3342.026,10336.396,52561.44,1448.734,67688.597,37236.244,41455.193,263.718,0,0,310.691,0,0,20679.482,2711.91,104.598,2167.616,1556.396,5378.928
SDN,2017,XDC,211245.807,6746.856,51608.138,3785.843,45188.281,2634.015,17654.465,4794.1,23073.558,72735.492,2324.518,102927.668,65436.068,73210.39,167.719,0,0,467.034,0,0,25755.636,7936.719,191.197,3122.993,3623.864,2649.372
SDN,2018,XDC,447850.547,28138.136,182722.84,1089.399,180519.159,1114.282,22669.571,11700.826,28586.814,123107.173,4308.391,167703.204,147012.024,155270.837,109.049,0,0,181.439,0,0,46406.193,10464.716,541.454,17771.952,10366.184,23476.087
SDN,2019,XDC,550898.241,33404.978,199714.206,13938.596,183198.922,2576.688,27243.55,12585.348,26477.533,179477.561,6219.376,224759.817,184770.782,176320.771,179.223,0,0,228.778,0,0,67045.127,20850.96,491.62,16828.203,16576.775,18407.087
SDN,2020,XDC,1006727.564,58673.05,419719.803,32157.356,384835.385,2727.062,31948.925,11107.115,43505.71,320843.701,8517.924,383974.45,336624.494,350538.387,285.183,0,0,225.301,0,0,96303.407,52355.062,620.017,21366.14,37306.91,35998.237
SDN,2021,XDC,3524309.316,578861.56,1462000.018,82952.24,1378197.778,850,28801.472,15166.688,123029.725,886212.039,16581.615,1040990.067,1025095.221,1015775.207,1942.395,0,0,960.489,0,0,425290.308,244722.683,41920.33,180513.94,398347.619,174432.544
SDN,2022,XDC,5334560.692,913915.903,1930790.665,132204.219,1797736.446,850,30331.14,15184.819,160346.072,1621737.117,22232.355,1819500.362,1461200.196,1765132.606,2939.366,0,0,206.361,0,0,705360.892,258170.868,67.665,418448.887,495467.016,83011.228
SEN,2015,XDC,5756318,801927,649491,104372,545119,0,573087,0,173500,2863992.679,292689.321,3330182,1682202,1196746,130338,0,9304,44592,0,0,525227,431417,417097,629901,172026,287863
SEN,2016,XDC,6662702,1213993,534999,94736,440263,0,793755,0,292273,3131520.124,237144.876,3660938,1989700,1294665,129727,0,6295,86472,0,0,575689,656708,387646,780946,433047,295837
SEN,2017,XDC,7081132,1241077,357841,104612,253229,0,819779,0,327262,3611546.277,265125.723,4203934,2091076,1479305,162140,0,15423,79208,0,0,659533,585044,412055,733447,507630,405400
SEN,2018,XDC,7704237,1451654,442803,110201,332602,0,952657,7707,337022,3789494,135847,4270070,2417147,1646679,194195,0,0,139322,0,0,700066,479260,308308,798971,652683,433236
SEN,2019,XDC,8158868,1245220,534224,130858,403366,0,1228421,1365,373155,4042815,174480,4591815,2665852,1718075,277279,0,20596,148171,0,0,749684,500282,477539,743721,501499,298481
SEN,2020,XDC,9077083,1446943,547847,148423,399424,0,1714580,821,363073,4133384,165730,4663008,2983418,1875376,369698,0,20599,220832,0,0,769349,826661,353794,736068,710875,216583
SEN,2021,XDC,10579520,1670042,945167,184602,760565,0,2001194,955,423857,4559129,123621,5107562,3390933,2123035,379932,0,20599,255362,0,0,859231,1103443,468115,995539,674503,127776
SEN,2022,XDC,12669080,2032517,1057543,232380,825163,0,2567696,5575,393970,5573161,159698,6132404,4456577,2355955,610281,0,13733,216452,0,0,972370,1378046,489621,1172876,859641,124249
SEN,2023,XDC,13298517,2063848,916789,182710,734079,0,2931700,45317,418103,5851088,84609,6399117,4984340,2438116,486221,0,6867,200463,0,0,1149145,1220494,569172,1060541,1003307,196095
SEN,2024,XDC,14309788,1965763,1044172,224545,819627,0,3373243,219178,553378,5809762,141108,6723426,4818932,2638133,707716,0,0,185900,0,0,1410674,1403176,750653,1188296,777467,3124
SEN,2025,XDC,15926180,1735227,1511812,282234,1229578,0,3950823,117488,347463,6644249,180449,7289649,5519842,2667754,754669,0,0,232432,0,0,1548684,1442855,741868,1528498,206729,50909
SLB,2015,XDC,5257.131,280.793,2308.349,84.666,1511.179,712.504,14.849,0.001,35.085,1980.618,0.696,2016.4,2606.371,908.207,0,0,0,0,0,0,794.022,0.701,257.432,111.847,168.946,-58.189
SLB,2016,XDC,5594.095,305.36,2603.748,86.018,1765.028,752.702,19.14,0,32.116,2221.095,0.375,2253.586,2766.676,1221.343,0,0,0,0,0,0,887.935,49.281,217.336,150.172,155.188,-110.909
SLB,2017,XDC,5861.747,323.407,2723.27,74.948,1898.119,750.203,17.414,0,26.678,2362.696,1.559,2390.933,2816.038,1259.951,29.326,0,0,0,0,0,994.367,0,282.046,105.962,217.445,-32.665
SLB,2018,XDC,6359.669,439.442,2985.347,79.958,2155.264,750.125,24.828,0.252,44.894,2459.797,1.461,2506.404,3098.995,1307.161,31.085,0,0,0,0,0,1024.649,0.111,281.799,221.257,218.185,-9.035
SLB,2019,XDC,6359.193,427.038,2789.456,82.27,1957.024,750.162,33.16,0.253,40.366,2607.157,0.999,2648.775,3007.407,1234.375,49.344,0,0,0,0,0,1057.746,34.326,310.01,226.286,200.752,-21.064
SLB,2020,XDC,6604.035,504.204,2911.058,69.467,2411.368,430.222,44.709,0,20.584,2613.403,1.19,2635.177,3298.658,1084.612,42.127,0,0,0,0,0,1122.423,15.882,408.358,140.454,363.75,-17.366
SLB,2021,XDC,6918.523,523.713,3097.739,77.686,2633.337,386.716,91.24,0.007,19.806,2598.97,0.695,2619.478,3245.24,1097.668,31.898,0,0,0,0,0,1184.517,21.099,423.349,344.259,179.454,-15.86
SLB,2022,XDC,7150.794,603.355,3235.937,90.877,2757.204,387.855,98.019,0,11.697,2619.166,1.039,2631.902,3551.18,1068.23,37.482,0,0,0,0,0,1248.124,25.6,315.244,308.634,294.721,14.719
SLB,2023,XDC,7497.878,516.73,3463.922,82.223,2967.314,414.385,86.633,0.23,9.752,2740.766,1.158,2751.906,3751.684,1014.648,37.171,0,0,0,0,0,1303.889,87.594,495.974,260.984,255.746,-132.753
SLB,2024,XDC,7814.394,455.542,3798.01,81.231,3415.096,301.683,78.213,0.015,3.6,2881.842,1.231,2886.688,3927.007,1093.76,36.542,0,0,0,0,0,1338.205,23.981,492.985,164.616,290.926,141.358
SLB,2025,XDC,9057.374,1007.479,4322.12,88.806,3838.299,395.015,186.932,0.02,16.944,2947.099,1.824,2965.887,5337.067,1049.985,28.507,2.547,0,0,0,0,1437.412,55.092,358.852,105.83,901.649,107.126
SLE,2015,XDC,5722.207,1365.209,512.6,185.508,327.092,0,1903.534,81.199,181.798,1125.862,20.587,1409.447,2584.05,1416.782,0.656,0,0,5.201,0,0,675.612,3,344.387,45.332,1319.876,115.769
SLE,2016,XDC,6749.611,1670.729,746.926,205.602,531.324,10,2129.897,79.69,162.801,1321.284,20.048,1583.823,3220.939,1613.181,1.993,0,0,3.792,0,0,767.106,0,308.656,16.853,1653.876,198.855
SLE,2017,XDC,8022.619,1850.53,784.758,233.999,550.76,0,2690.295,113.389,109.431,1377.99,46.5,1647.31,3139.363,1851.72,0,0,0,178.145,0,0,1103.869,0,398.21,110.954,1739.577,190.634
SLE,2018,XDC,9324.774,1935.822,884.566,251.496,633.07,0,3213.863,61.79,107.047,1811.916,49.006,2029.76,3587.594,2142.121,0,0,0,206.483,0,0,1377.048,37.051,527.446,129.55,1806.271,56.717
SLE,2019,XDC,10402.303,1866.249,773.318,267.841,505.477,0,4127.103,0.057,0,2238.145,51.078,2289.28,4000.311,2487.492,0,0,0,152.816,0,0,1599.267,131.214,413.359,114.933,1751.316,156.558
SLE,2020,XDC,14005.458,2654.097,1325.851,202.152,1123.699,0,5799.214,0.001,0,2349.01,41.702,2390.713,5734.098,3227.421,0,0,0,186.759,0,0,2170.734,44.214,673.779,72.52,2581.577,60.35
SLE,2021,XDC,17339.723,3762.317,1160.306,347.428,812.878,0,6916.685,0.001,0,3145.164,40.939,3186.105,7439.771,3466.552,0,0,0,373.149,0,0,2747.062,16.029,936.322,110.29,3652.028,-63.76
SLE,2022,XDC,24982.974,8440.04,1642.205,427.17,1215.035,0,8310.134,0.005,0,3524.182,41.623,3565.809,11432.014,4372.938,0,0,0,243.008,0,0,3814.86,66.083,1535.591,200.323,8239.717,293.372
SLE,2023,XDC,32890.255,10225.114,2566.115,970.453,1595.662,0,11478.826,0.003,0,4404.748,35.372,4440.122,15717.407,5192.4,0,0,0,195.221,0,0,5373.195,169.942,1765.589,64.319,10160.795,232.105
SLE,2024,XDC,40545.949,10196.357,2693.728,869.311,1824.417,0,16123.052,0,0,6222.655,46.989,6269.644,17992.486,6072.069,0,0,0,385.134,0,0,7140.05,170.129,2001.297,26.459,10169.898,1495.153
SLE,2025,XDC,49370.526,10601.109,2016.447,1179.271,837.176,0,19734.826,0,0,9271.019,98.908,9369.927,20725.799,8245.366,0,0,0,476.978,0,0,9663.527,210.119,2293.354,462.445,10138.664,-355.274
SLV,2015,USD,17480.865,967.56,2809.163,0.109,2713.6,95.454,932.528,85.671,2,11192.913,434.374,11714.959,3111.132,7604.764,0,692.851,0,266.373,0,0,2341.468,0,247.932,1957.079,-989.52,202.611
SLV,2016,USD,18146.038,1065.938,2814.265,0.059,2805.206,9,878.888,81.288,1.194,11790.191,428.097,12300.769,2967.47,8105.922,0,760.872,0,343.999,0,0,2414.183,0,231.036,2087.2,-1021.262,149.178
SLV,2017,USD,19301.163,1156.995,3225.974,0.068,3158.468,67.437,735.199,76.626,0.175,12438.231,443.276,12958.308,3494.214,8773.917,0,828.013,0,338.954,0,0,2482.826,0,218.174,1859.991,-702.996,80.387
SLV,2018,USD,20415.907,1148.922,3341.374,0.057,3288.405,52.913,929.944,69.786,0,13279.611,438.575,13787.972,3620.241,9378.014,0,926.387,0,367.808,0,0,2576.609,0,233.205,1897.867,-748.945,208.082
SLV,2019,USD,22039.088,1196.848,3885.429,0.062,3813.077,72.29,1100.625,84.437,0,14062.518,454.58,14601.536,4044.594,10451.81,0,1025.466,0,339.258,0,0,2623.726,0,248.565,1853.642,-656.795,197.376
SLV,2020,USD,23356.375,2170.501,2584.306,0.089,2538.993,45.224,2129.752,78.315,0,14370.334,487.587,14936.236,4568.609,11402.154,0,832.889,0,275.781,0,0,2574.452,0,430.282,1672.087,498.414,64.542
SLV,2021,USD,24273.097,1612.32,2808.883,0.052,2788.613,20.217,2546.774,110.005,0,15254.237,521.818,15886.06,4881.988,11671.417,0,834.646,0,294.492,0,0,2834.126,0,290.8,1752.394,-140.074,294.174
SLV,2022,USD,25287.156,1254.056,2234.89,0.072,2234.6,0.218,2863.086,122.477,0.374,16897.851,553.541,17574.243,4726.425,12523.701,0,858.124,0,309.433,0,0,2935.627,0,269.441,1814.068,-560.012,489.456
SLV,2023,USD,27124.476,1274,2449.12,0.045,2448.871,0.205,3574.584,132.732,0.335,17735.104,577.704,18445.875,4730.193,13753.086,0,1365.084,0,307.812,0,0,3072.142,0,225.734,1732.491,-458.491,557.037
SLV,2024,USD,29163.221,1825.572,2598.787,0.029,2598.758,0,3404.692,161.292,21.942,18770.298,555.651,19509.184,5235.972,13906.796,7.147,1364.43,0,327.111,0,0,3240.015,1.428,340.119,2518.37,-692.798,396.846
SLV,2025,USD,32500.478,2770.68,3428.895,0.024,3428.871,0,2973.392,176.134,19.018,20190.457,764.208,21149.818,5981.931,16108.166,4.187,1080.589,0,290.12,0,0,3427.685,1.453,458.304,2644.982,125.698,325.368
SOM,2018,XDC,416.559,135.04,18.402,0,18.402,0,0,0,0.659,184.919,0,185.578,314.83,17.558,0,0,0,0,0,0,50.949,1.5,0,0,135.04,-45.817
SOM,2019,XDC,559.572,156.881,18.49,0,18.49,0,0,0,0.635,208.333,0,208.968,399.364,30.754,0,0,0,0,0,0,86.308,1.5,0,0,156.881,-133.587
SOM,2020,XDC,852.231,357.592,32.193,0,32.193,0,0,0,0.595,225.489,0,226.084,635.392,31.802,0,0,0,0,0,0,114.777,2.91,0,0,357.592,-169.011
SOM,2021,XDC,1225.256,592.037,28.251,0,28.251,0,0,0,0.909,322.661,0,323.571,897.738,50.342,0,0,0,0,0,0,178.277,2.91,0,0,592.037,-185.409
SOM,2022,XDC,1462.651,679.439,41.383,0,41.383,0,0,0,1.198,399.014,0,400.212,1096.692,67.574,0,0,0,0,0,0,198.101,2.91,0,0,679.439,-244.245
SOM,2023,XDC,1801.823,776.594,55.069,0,55.069,0,0,0,2.485,555.02,0.934,558.439,1335.513,95.757,0,0,0,0,0,0,287.066,3.91,0,1.697,774.898,-333.841
SOM,2024,XDC,2027.853,944.203,65.619,0,65.619,0,0,0,19.084,649.925,17.061,686.07,1544.102,117.061,0,0,0,0,0,0,301.652,3.441,0,2.373,941.83,-272.804
SOM,2025,XDC,2307.303,1095.843,89.652,0,89.652,0,0,0,22.567,740.638,17.031,780.236,1764.96,134.446,0,0,0,0,0,0,319.231,6.752,0,3.611,1092.232,-263.269
SRB,2015,XDC,3427140.6,207525.1,509093.9,31614.4,446282.4,31197.1,538476.4,32182.1,168350.8,1752675.7,23556.9,1976765.5,705024.39,1086230.162,61329.2,0,0,31370.3,0,49.7,610401.6,399.7,94749.748,385480.1,-177955,256826
SRB,2016,XDC,3593731.8,240599.1,474875.1,33965.6,406447,34462.5,638153.4,31364.6,116407.3,1850385.7,28267.3,2026424.9,904179.4,1091013.6,71842.1,0,0,28885.8,0,10,615805.4,624.2,87427.2,350314.2,-109715.1,229950.6
SRB,2017,XDC,3598926.873,200048.874,472458.045,35250.394,391395.377,45812.274,630377.717,27623.338,90939.122,1916814.459,29751.025,2065127.944,1024142.628,1037790.138,73108.787,0,0,20855.871,0,28.494,664463.359,850.128,62524.978,400624.002,-200575.128,83624.195
SRB,2018,XDC,3971316.672,273488.874,566203.628,48519.035,500776.425,16908.168,641401.669,26715.222,107331.418,2099614.669,25998.934,2259660.243,1292837.726,1083993.875,69657.115,0,0,14250.643,0,127.891,672824.668,452.56,63154.844,496835.703,-223346.829,46619.389
SRB,2019,XDC,4270720.848,246587.56,637735.168,55202.865,511698.932,70833.371,676278.134,30960.179,127972.165,2276339.801,30528.85,2465800.995,1410761.714,1167190.37,46153.659,0,3500,35235.359,0,198.871,692833.782,550.893,90729.26,542073.186,-295485.626,37174.763
SRB,2020,XDC,4806383.366,325565.665,737620.4,60702.48,644893.719,32024.201,746797.856,29855.84,167141.334,2501383.699,32724.936,2731105.809,1792266.228,1235791.764,36735.564,0,3500,39195.935,0,221.27,677610.147,16091.649,94954.073,576062.395,-250496.73,68660.705
SRB,2021,XDC,5252361.279,430765.579,777091.049,70771.107,660919.535,45400.407,787414.396,25604.56,219840.223,2721511,31198.194,2998153.977,2118296.676,1313464.005,39504.376,0,0,46638.197,0,239.052,684936.045,950.636,92266.37,633152.632,-202387.053,63977.012
SRB,2022,XDC,5672281.457,401123.069,1015112.635,77442.898,822902.23,114767.507,729065.549,24814.643,270481.908,2860643.8,44130.617,3200070.968,2190611.613,1480134.708,40281.913,0,0,49834.099,0,3834.829,692197.611,32410.24,81298.657,722471.144,-321348.075,52297.407
SRB,2023,XDC,6171320.009,447746.348,1449073.68,88764.324,953794.964,406514.392,703384.028,22797.887,252423.327,2910448.514,45878.68,3231548.408,2460229.332,1671763.522,41667.69,0,0,49830.124,0,2224.833,761264.965,8617.836,84285.702,680471.356,-232725.008,71397.104
SRB,2024,XDC,6862423.731,517214.227,1660926.595,143867.276,1125600.96,391458.359,821842.967,34670.704,233175.597,3178402.313,72131.032,3518379.646,2803534.994,1909368.033,43670.536,0,6000,54131.922,0,1066.956,862083.419,196.633,90830.82,668276.513,-151062.286,79203.609
SRB,2025,XDC,7248164.904,438700.162,1499838.568,180709.08,1029028.985,290100.503,889336.868,71060.903,264258.203,3673816.269,70922.922,4080058.297,2954428.902,2049740.933,38524.185,0,8995.343,78003.234,0,963.482,906923.436,347.651,88718.383,704463.584,-265763.422,76824.762
SSD,2015,XDC,30642.003,2796.717,14639.565,676.954,13962.611,0,1363.575,0,0,955.958,0,955.958,9784.167,2762.968,2004.757,0,0,0,0,0,2858.17,125.504,78.633,11757.41,-8960.692,-9615.793
SSD,2016,XDC,107859.689,11484.516,40562.313,1345.567,39216.746,0,49536.837,5.62,0,2765.343,0,2770.963,22161.683,7182.123,1882.535,0,0,0.905,0,0,14607.837,109.262,105.432,54111.115,-42626.599,4193.738
SSD,2017,XDC,167872.251,24606.944,56159.136,2777.767,53381.368,0,76701.238,6.253,0,4890.955,0,4897.208,37867.206,7497.429,2348.217,0,0,0,0,0,25115.95,1019.319,130.194,83160.32,-58553.376,5225.891
SSD,2018,XDC,225116.39,45145.266,61967.136,5110.637,56856.499,0,100653.808,11.579,0,6772.693,0,6784.272,59047.435,6728.533,2262.571,0,0,0,0,0,30063.242,1688.282,1458.282,109966.473,-64821.207,3335.664
SSD,2019,XDC,278789.249,57550.952,81451.193,8722.046,72729.147,0,114072.721,11.579,0,12068.644,44.598,12124.82,70613.344,9334.017,799.111,0,0,0,0,0,34061.27,1853.066,3013.802,131817.083,-74266.131,13707.996
SSD,2020,XDC,332709.175,42684.016,95734.879,13257.684,82477.195,0,132459.242,12.847,0,15136.127,4.898,15153.872,106417.888,10100.268,1161.716,0,0,0,0,0,41344.376,717.672,6092.478,138991.363,-96307.347,-18793.753
SSD,2021,XDC,733355.777,118667.682,174598.623,17861.587,156737.036,0,334457.358,0,0,25519.936,4.898,25524.834,203026.337,21745.662,902.474,0,0,0,0,0,78041.655,561.777,3905.782,348909.749,-230242.067,-3844.94
SSD,2022,XDC,1337840.756,349760.595,315492.513,28622.739,286869.774,0,540503.137,53.762,0,66380.03,237.6,66671.392,404226.305,36786.77,3025.361,0,0,0,0,0,111680.864,1253.57,12218.461,645429.332,-295668.736,57806.975
SSD,2023,XDC,2658243.246,584054.132,426393.765,40845.659,385548.106,0,1387916.774,0.005,1.081,160574.99,63.37,160639.447,617874.292,77772.777,28413.649,0,0,413136.074,0,0,191347.806,1404.224,10218.152,1105514.128,-521459.997,113323.016
SSD,2024,XDC,12019858.137,1976199.538,1638596.006,45599.583,1592996.423,0,7605625.085,0,0,530173.321,943.339,531116.66,2256192.559,196185.481,69257.693,0,0,3387412.826,0,0,568840.03,794.168,42874.621,4856939.838,-2880740.3,373040.073
SSD,2025,XDC,15533122.237,2336242.138,2639836.677,38268.534,2601568.143,0,9522809.061,0.01,0,696050.204,2581.987,698632.201,3008276.089,261160.242,146491.324,0,0,4013926.915,0,0,759748.789,3807.356,42537.048,6003692.765,-3667450.626,957851.396
STP,2015,XDC,5649.422,1512.843,1281.016,68.349,1212.667,0,8.676,0,25.633,1839.052,4.557,1869.243,1934.65,646.631,21.015,0,0,30.606,0,0,823.742,85.909,198.775,888.741,624.101,41.709
STP,2016,XDC,5712.544,1334.017,1353.803,50.065,1303.738,0,37.726,0.413,24.312,1954.086,5.309,1984.121,1878.244,554.422,20.619,0,0,37.852,0,0,600.915,155.032,304.46,1004.028,329.989,154.095
STP,2017,XDC,5305.834,656.672,1183.062,29.098,1153.963,0,427.216,0.639,51.953,1975.717,4.552,2032.861,1846.76,539.406,19.214,0,0,16.753,0,0,580.727,155.032,466.252,548.792,107.88,126.875
STP,2018,XDC,5476.739,689.311,1067.19,78.132,989.057,0,667.015,5.2,106.536,1881.233,1.463,1994.432,2140.72,610.355,23.018,0,0,12.742,0,0,530.326,155.771,372.271,468.829,220.482,103.916
STP,2019,XDC,5753.406,752.135,1062.278,95.793,966.485,0,907.731,11.758,106.987,1943.36,1.413,2063.518,2200.682,481.882,67.849,0,0,13.863,0,0,504.317,192.573,533.221,494.132,258.003,297.142
STP,2020,XDC,5981.83,593.382,1537.927,84.78,1380.963,72.184,779.562,0.06,100.784,1923.792,1.798,2026.434,2537.299,438.655,26.246,0,0,12.962,0,0,447.582,201.147,437.767,561.334,32.047,274.312
STP,2021,XDC,6089.245,735.053,1591.187,106.913,1469.998,14.276,722.852,0.06,88.452,1825.047,1.748,1915.307,2433.389,381.222,52.898,0,0,11.672,0,0,496.618,201.157,592.204,606.013,129.04,189.228
STP,2022,XDC,6111.858,691.642,1681.975,97.447,1584.527,0,1131.324,0,61.741,1512.604,2.951,1577.296,2752.592,384.383,66.553,0,0,10.133,0,0,565.436,201.157,538.295,560.455,131.187,3.233
STP,2023,XDC,5741.904,1227.907,1358.712,69.909,1223.885,64.918,1181.257,0,41.188,1112.963,3.267,1157.417,2978.708,316.726,33.367,0,0,9.939,0,0,933.211,0,482.858,293.222,934.685,-122.738
STP,2024,XDC,5971.53,1259.528,1534.792,110.293,1204.319,220.18,1136.171,0,74.358,1150.43,3.859,1228.649,2816.144,372.267,226.861,0,0,8.431,0,0,1035.876,0,427.633,329.024,930.504,-57.096
STP,2025,XDC,7057.435,1058.927,1932.92,112.064,1547.457,273.399,1366.542,0.929,384.367,1421.479,4.308,1811.083,3327.787,424.532,145.087,0,0,9.532,0,0,1231.753,62.646,416.888,539.978,518.949,11.268
SUR,2015,XDC,12291.248,3012.178,1467.649,173.204,1283.181,11.264,643.432,0,162.324,5896.107,189.891,6248.322,3851.316,5682.408,0,0,0,0,24.747,1.884,944.258,165.275,226.631,393.989,2618.189,81.073
SUR,2016,XDC,18626.28,5988.576,1983.742,199.671,1610.805,173.266,1152.314,0,319.827,7494.71,241.367,8055.904,5610.609,9302.389,0,0,0,0,34.143,97.16,955.848,34.907,238.378,678.793,5309.784,228.308
SUR,2017,XDC,20772.671,6586.927,2365.761,261.381,2047.77,56.61,2224.814,0,357.061,7595.382,178.2,8130.643,6375.461,9792.103,0,0,0,0,40.051,58.288,1247.978,247.85,325.765,733.594,5853.333,487.053
SUR,2018,XDC,22799.052,7137.246,3366.78,252.337,3114.302,0.141,2342.529,0,614.201,7224.163,218.012,8056.376,7216.038,10337.258,0,0,0,0,40.813,48.991,1377.341,46.518,644.12,698.525,6438.721,493.326
SUR,2019,XDC,24436.331,4266.53,7928.438,290.54,7569.648,68.25,2413.576,0,692.982,7308.237,153.48,8154.7,7833.724,10305.94,0,0,0,0,41.173,37.566,1460.603,725.187,684.92,793.768,3472.762,880.365
SUR,2020,XDC,37573.007,9077.742,11706.446,363.837,8857.88,2484.729,3793.013,0,1003.653,9356.33,223.141,10583.124,12582.354,16681.11,0,0,0,0,61.26,117.166,2013.875,261.276,813.551,1442.831,7634.911,1186.903
SUR,2021,XDC,54575.19,14638.666,19410.733,395.546,15561.509,3453.679,4609.689,0,1273.62,11058.803,233.627,12566.049,19390.256,23370.934,0,0,0,0,79.656,85.693,3388.337,107.085,1343.108,2078.059,12560.607,1382.011
SUR,2022,XDC,82436.342,22275.922,28971.669,505.991,24937.607,3528.07,5938.668,0,1806.489,18127.254,390.823,20324.566,31466.609,32238.039,0,0,0,0,109.318,17.54,5886.511,47.2,2096.073,2823.336,19452.585,2826.199
SUR,2023,XDC,100914.583,36351.513,30093.503,561.901,26077.683,3453.92,4413.119,0,2279.384,21165.498,608.448,24053.33,37797.422,38350.798,0,0,0,0,3.486,0,7660.701,100.263,3493.437,3013.219,33338.294,4492.142
SUR,2024,XDC,109993.856,40334.588,33131.38,1066.593,29545.51,2519.278,2946.431,0,2094.863,24911.977,339.871,27346.711,41938.959,40317.775,0,0,0,0,3.76,0,10548.495,191.393,4773.527,2998.449,37336.139,2986.752
SUR,2025,XDC,134259.31,45274.706,37754.107,1020.531,34765.287,1968.29,4016.95,0,3198.83,34127.689,291.066,37617.586,53033.066,46045.977,0,0,0,0,4.376,0,12665.36,362.125,5157.561,4624.27,40650.436,2770.614
SVK,2015,EUR,,8540.98,,,,,10460.471,975.559,0,42051.66,1536.02,44563.239,27724,13629.35,5654,125.8,3205,,,,,,1012,4962,3578.98,
SVK,2016,EUR,,8826.52,,,,,9499.687,816.253,0,46244.65,1536.54,48597.443,30790,12750.25,5542,143.61,3215,,,,,,865,6062,2764.52,
SVK,2017,EUR,,10023.75,,,,,7787.622,805.198,,50861.22,1694.65,53361.068,34224,12242.87,5528,333.58,3850,,,,,,992,6046,3977.75,
SVK,2018,EUR,,9722.63,,,,,7671.998,865.762,,55462.24,1397.45,57725.452,37728,11749.95,5559,85.19,3869,,,,,,1754,6538,3184.63,
SVK,2019,EUR,,9191.59,,,,,7546.486,845.994,,59054.62,1768.64,61669.254,42423,11547.83,4669,8.15,5506,,,,,,1047,6529,2662.59,
SVK,2020,EUR,,10299.8,,,,,8687.488,837.142,,61916.19,1842.27,64595.602,47987,9677.87,4518,0,5336,,,,,,852,6100,4199.8,
SVK,2021,EUR,,11646.11,,,,,9683.801,849.049,,66340.13,1755.75,68944.929,52524,8378.19,4317,3,6077,,,,,,1178,7787,3859.11,
SVK,2022,EUR,,10477.55,,,,,10268.123,1010.217,,73375.96,2405.27,76791.447,52816,11214.16,4128,2.49,6813,,,,,,2044,11162,-684.45,
SVK,2023,EUR,,11901.25,,,,,10836.837,1218.663,,75917.68,2166.28,79302.623,52372,14790.26,4639,530.43,9326,,,,,,1581,11823.33,77.92,
SVK,2024,EUR,,13193.16,,,,,11938.08,1164.19,,77653.82,2241.5,81059.51,54652,16458.66,4377,510.87,10766,,,,,,1878,13189.87,3.29,
SVN,2015,EUR,,8267.08,,,,,7110.76,621.87,0,19377.3,1529.35,21528.52,13058,8208.04,1484,19.22,816,,,,,,1645,4533.16,3733.92,
SVN,2016,EUR,,8099.1,,,,,6273.001,579.249,0,18861.13,1479.06,20919.439,15469,7425.94,1477,10.25,424,,,,,,1088,3823.78,4275.32,
SVN,2017,EUR,,8503.96,,,,,4940.267,570.603,,19380.03,1614.48,21565.113,17728,6655.29,1509,2.1,207,,,,,,716,3603.1,4900.86,
SVN,2018,EUR,,8278.31,,,,,4708.21,579.88,,19866.5,1556.07,22002.45,19878,6296.55,1298,0,128,,,,,,666,3243.23,5035.08,
SVN,2019,EUR,,8342.44,,,,,4503.502,601.658,,20568.29,1735.97,22905.918,21699,6293.39,1216,0,454,,,,,,692,3192.25,5150.19,
SVN,2020,EUR,,9336.11,,,,,4327.292,638.948,,20362.32,1717.17,22718.438,25621,5700.33,1199,0,832,,,,,,595,2796.12,6539.99,
SVN,2021,EUR,,9905.14,,,,,3346.931,692.839,,21383.93,1664.59,23741.359,29554.23,4378.87,1284.7,0,929,,,,,,725.26,2387.48,7517.66,
SVN,2022,EUR,,10892.24,,,,,2647.08,764.11,,23425,2249.29,26438.4,32269,4402.18,1158,0,1661,,,,,,741,2742.26,8149.98,
SVN,2023,EUR,,11851.93,,,,,2950.584,856.206,,23276,1568.68,25700.886,31597,6788.29,858,0,2674,,,,,,657,2673.35,9178.58,
SVN,2024,EUR,,14769.68,,,,,3631.053,896.087,,23876.13,2550.22,27322.437,32465,6626.02,769,0,3021,,,,,,671,2418.52,12351.16,
SWE,2015,XDC,11781306,2940519,216084,1751,70933,143400,116672,193143,0,5394885,769706,6357734,2210775,525454,23227,1782,3620613,0,0,562314,721259,88,64002,2057721,882798,-156229
SWE,2016,XDC,12576829,3084922,320608,1675,98183,220750,90939,211120,0,5674034,866242,6751396,2427556,565451,21704,4557,3821642,0,0,552447,761341,183,81851,2227730,857192,-216590
SWE,2017,XDC,13683481,3378129,420248,1740,27381,391127,128947,220286,0,6071708,1144300,7436294,2638610,641875,24011,29332,3776586,0,0,817250,904415,317,98464,2662041,716088,-228582
SWE,2018,XDC,13167564,2882691,452598,1485,99013,352100,142117,246942,0,6367104,631645,7245691,2840874,581253,26621,11767,3545874,0,0,379952,667755,666,127053,2667495,215196,-126073
SWE,2019,XDC,13904664,2873637,433563,1129,117536,314898,91374,320137,0,6619165,792559,7731861,3233298,440147,23598,5381,3737859,0,0,513971,710277,260,100700,2513986,359651,-149042
SWE,2020,XDC,15036688,2755820,878067,758,497307,380002,250884,344136,0,6940630,802263,8087029,3883639,471310,25777,2555,3262703,0,0,628258,788755,424316,125065,2712274,43546,-352869
SWE,2021,XDC,15525956,2750234,1138518,744,602767,535007,190963,366692,0,7411273,752915,8530880,4361358,450541,25310,8721,3157230,0,0,518162,633399,531258,106794,2874711,-124477,-221818
SWE,2022,XDC,18239812,3239994,1160704,608,576086,584010,191096,391085,0,7914746,2177744,10483575,4260674,679119,34971,17340,3140330,0,0,2029388,694293,458045,98035,3636579,-396585,-124880
SWE,2023,XDC,17564911,3336873,991698,698,250100,740900,200707,415596,0,7933033,1728170,10076799,3905357,985050,37233,8958,3518249,0,0,1562449,785259,352184,90733,3479450,-142577,-98654
SWE,2024,XDC,17505570,3402023,795084,492,240556,554036,218970,468176,0,8007934,1406848,9882958,3933993,972519,30491,9233,3797804,0,0,1096176,817979,230738,87838,3411873,-9850,-70065
SWZ,2015,XDC,17969.131,2239.692,1608.496,408.164,1200.332,0,1746.342,69.337,220.652,10565.297,543.558,11398.844,4189.828,8461.968,0,0,4.828,0,0,0,3155.614,0,478.529,701.932,1537.76,0.675
SWZ,2016,XDC,21392.966,2893.587,2045.587,403.686,1641.901,0,2225.323,75.71,271.491,11787.437,877.136,13011.774,5404.949,10327.018,0,0,5.338,0,0,0,3732.724,0,464.605,497.288,2396.298,-255.651
SWZ,2017,XDC,22786.793,2464.704,1951.389,449.593,1501.796,0,2541.758,81.112,527.29,12226.103,1336.078,14170.583,5066.108,11382.031,0,0,8.506,0,0,0,4063.164,0,410.693,437.845,2026.859,-239.913
SWZ,2018,XDC,23930.07,2331.331,2450.277,550.358,1899.92,0,2773.202,15.207,496.261,12871.699,1454.038,14837.205,5633.456,11700.581,0,0,6.041,0,0,0,4262.651,0,627.4,514.51,1816.821,-352.625
SWZ,2019,XDC,25001.534,2104.312,3602.848,503.98,3098.867,0,2830.084,18.201,518.556,13457.018,790.716,14784.491,6278.202,11350.543,0,0,5.858,0,0,0,4720.259,0,670.153,537.935,1566.377,-241.215
SWZ,2020,XDC,29117.955,2997.168,4457.761,515.392,3892.369,50,4207.648,42.051,232.987,14234.934,1258.058,15768.029,6290.287,13990.461,0,0,5.333,0,0,0,4931.654,0,2492.445,375.807,2621.36,-655.382
SWZ,2021,XDC,29913.467,3332.665,4030.839,671.366,3359.474,0,4793.946,42.592,266.26,14749.344,993.929,16052.124,7779.62,12683.862,0,0,4.623,0,0,0,5375.479,0,2572.795,533.942,2798.722,-740.747
SWZ,2022,XDC,32009.488,4680.997,3431.307,699.567,2731.739,0,4874.269,56.417,246.339,16527.549,392.624,17222.93,7594.277,13635.197,0,0,3.736,0,0,0,5705.847,0,2063.062,1944.848,2736.15,-737.463
SWZ,2023,XDC,34165.863,4800.808,3694.219,669.342,3024.877,0,4492.781,84.451,297.102,18088.47,605.037,19075.06,8856.663,13664.136,0,0,4.308,0,0,0,6115.647,0,2048.683,2207.916,2592.892,-834.485
SWZ,2024,XDC,35920.913,4546.731,3769.962,838.423,2931.539,0,5017.121,72.983,466.867,19166.415,623.989,20330.254,9006.384,14530.535,0,0,4.055,0,0,0,6393.572,14,1850.414,2680.636,1866.095,-815.529
SWZ,2025,XDC,41082.577,4511.685,6346.492,672.494,5673.998,0,5534.071,85.825,499.939,21209.936,533.601,22329.302,10208.977,17857.016,0,0,7.066,0,0,0,6469.576,0,2441.205,2663.239,1848.446,-925.529
SYC,2015,XDC,17051.892,4236.822,1010.934,164.888,846.045,0,3430.497,0,276.417,4643.716,303.717,5223.85,10097.125,1143.398,1065.102,0,0,0,0,0,1349.449,0,142.476,1392.977,2843.845,-1288.423
SYC,2016,XDC,17841.745,4452.347,1249.532,193.43,1056.102,0,4056.796,0,197.425,5121.817,533.119,5852.362,11262.228,1359.078,743.676,0,0,0,0,0,1621.389,0,96.62,1185.566,3266.781,-657.521
SYC,2017,XDC,20031.824,4869.831,1570.057,211.806,1358.25,0,4037.11,0,235.549,6031.683,540.974,6808.206,13195.586,1575.73,882.768,0,0,0,0,0,1703.498,0,96.61,1098.428,3771.403,-1267.412
SYC,2018,XDC,21875.751,6110.795,1565.247,204.103,1361.144,0,3443.877,0,173.432,6747.136,481.09,7401.658,14012.934,1932.601,1019.263,0,0,0,0,0,1781.089,0,101.275,1410.398,4700.397,-1735.983
SYC,2019,XDC,24789.081,6385.993,2264.028,281.869,1982.158,0,3340.134,0,451.168,8228.669,410.239,9090.076,15508.693,2720.691,1108.744,0,0,0,0,0,1955.182,0,137.414,1545.27,4840.723,-1895.763
SYC,2020,XDC,33277.249,9890.475,5582.383,269.019,5313.364,0,4804.77,,522.575,9889.968,350.174,10762.717,16516.747,6776.01,2179.248,,,0,,,2729.809,128.629,177.426,2721.472,7169.003,-188.998
SYC,2021,XDC,33867.142,10818.93,5820.592,270.316,5550.276,0,5861.109,,340.274,8708.374,241.947,9290.596,15292.599,6700.252,4746.172,,,0,,,3200.506,382.799,162.381,1523.759,9295.172,-217.241
SYC,2022,XDC,34889.915,11554.407,5720.55,268.772,5451.779,0,5724.309,,747.617,9059.192,227.59,10034.4,14953.501,7291.865,5980.77,,,0,,,3089.485,165.404,177.945,1483.453,10070.954,-108.756
SYC,2023,XDC,36269.729,11529.659,6524.409,267.84,6256.568,0,5390.631,,949.624,9730.618,187.225,10867.466,14837.984,8776.825,4956.6,,,0,,,3694.935,69.99,437.507,1565.609,9964.05,-27.285
SYC,2024,XDC,39162.078,12673.95,6567.41,315.875,6251.535,0,5412.271,,1019.588,10903.625,312.339,12235.552,15636.043,9851.804,5276.237,,,0,,,4202.56,39.729,336.493,1777.298,10896.652,-230.982
SYC,2025,XDC,43754.476,14795.41,8458.916,334.189,8124.727,0,4684.688,,934.977,12112.154,462.734,13509.865,16395.143,11948.061,6474.633,,,0,,,4569.51,24.359,441.105,1803.144,12992.266,-207.077
TCD,2015,XDC,1102086,42259,192366,31627,160739,0,177063,0,59798,537054,22851,619703,453795,90811,1095,0,0,0,0,0,107306,54500,149061,99068,-56809,75755
TCD,2016,XDC,1272314,111048,59900,31906,27994,0,168056,0,55782,742085,50015,847882,437144,110233,484,0,0,0,0,0,104436,197612,127275,112536,-1488,97166
TCD,2017,XDC,1235073,86248,84574,22139,62435,0,124646,,53708,700752,88358,842818,402957,97083,917,,,0,,,97572,204418,90894,128557,-42309,115888
TCD,2018,XDC,1236660,65342,103324,35182,68142,0,201123,,21242,697291,53376,771909,396537,100607,1140,,,0,,,93361,159591,109484,129877,-64535,151101
TCD,2019,XDC,1356635,32250,197890,32319,165571,0,255503,,25140,653954,84275,763369,548992,98540,447,,,0,,,96738,100227,126575,98216,-65966,179277
TCD,2020,XDC,1455695,78209,121006,33717,87289,0,312505,,28576,616645,187659,832880,675311,121943,543,,,0,,,79898,72000,149587,81477,-3268,163841
TCD,2021,XDC,1810056,156873,176104,27710,148394,0,377020,,40486,773713,168425,982624,756165,152673,372,,,0,,,95408,156983,182753,108967,47906,239300
TGO,2015,XDC,2107431,600336.496,119514,37208,82306,0,207624,0,59269,990091.354,6454.15,1055814.504,426663.596,590801.459,29902,0,0,6381,0,0,108056,174939,199587,303083.945,297252.551,143875
TGO,2016,XDC,2539191,773482.434,160480,35254,125226,0,287705,0,50624,1091939.881,7503.685,1150067.566,511704.584,659217.68,39849,0,0,6887,0,0,127784,341783,243388,333336.736,440145.698,107785
TGO,2017,XDC,2593273,773839.41,94401,32537,61864,0,393686,0,57700,1096591.989,19856.601,1174148.59,534682.154,721942.617,45594,0,0,9923,0,0,134568,316213,216866,310487.229,463352.181,145799
TGO,2018,XDC,2790694,748165,128740,38023,90717,0,474070,5242,118688,1082742,16104,1222776,554340,809492,59292,0,0,11878,0,0,131458,350114,291491,254110,494055,111576
TGO,2019,XDC,2989560,800684,137738,48388,89350,0,515259,0,159891,1127610,10871,1298372,595595,841303,75734,0,0,22204,0,0,142108,351903,355623,318644,482040,48939
TGO,2020,XDC,3407774,1118265,219690,45451,174239,0,490156,0,131775,1155888,14902,1302565,720849,927228,85874,0,0,19535,0,0,157944,524411,432614,213215,905050,49006
TGO,2021,XDC,3802602,1435340,169612,48143,121469,0,474045,0,146851,1239041,24813,1410705,881844,1013119,68391,0,0,22238,0,0,197088,446339,535184,315636,1119704,9863
TGO,2022,XDC,4539473,1811340,188349,60485,127864,0,607708,0,167809,1430932,37625,1636366,1121875,1058336,94716,0,0,23053,0,0,245301,676938,680904,323558,1487782,19082
TGO,2023,XDC,4487081,1727496,181152,55582,125570,0,579886,0,122181,1547969,32163,1702313,1072752,1217454,97833,0,0,29023,0,0,272041,560295,627526,338306,1389190,-24383
TGO,2024,XDC,4732709,1701797,212366,64731,147635,0,702124,0,108187,1633019,48236,1789442,1086947,1415697,146863,0,0,27006,0,0,345876,545718,559177,326164,1375633,-47719
TGO,2025,XDC,5013386,1755617,242873,98980,143893,0,875271,486,152015,1587083,17510,1757094,1209705,1480597,139501,0,0,28295,0,0,307738,473862,561986,469167,1286450,-39996
THA,2015,XDC,26395360.735,1406176.158,3207434.553,347689.079,139326.672,2720418.802,1702192.543,18924.231,290731.136,15922660.778,954834.772,17187150.917,524427.75,15579470.931,7238.421,197080.677,590106.096,81339.503,0,0,3550706.641,135844.668,902596.592,1294514.192,111661.966,639628.698
THA,2016,XDC,27560330.91,1380396.483,3654039.712,354888.937,172360.904,3126789.872,1548835.243,17668.128,287094.035,16595189.799,1011546.559,17911498.522,523162.236,16219874.3,8074.456,211682.816,593985.437,90117.043,0,0,3846858.442,109807.667,909636.382,1271496.749,108899.734,710074.432
THA,2017,XDC,28820213.53,1382446.032,3941275.604,364444.454,158035.23,3418795.92,1689121.95,16322.523,306190.397,17360324.867,1078721.409,18761559.197,596328.07,16987041.785,10978.04,186970.48,558796.07,108200.03,0,0,4140948.889,11646.844,998710.658,1370816.609,11629.423,803965.308
THA,2018,XDC,29989147.646,1560284.781,3839960.831,352428.036,164885.017,3322647.778,1807980.474,13808.798,338838.597,18360664.409,1071579.515,19784891.319,588799.1,17908476.17,11062.829,106012.286,579130.814,118757.296,0,0,4433532.828,3017.907,951316.158,1368745.159,191539.621,924266.857
THA,2019,XDC,31582672.863,1523973.19,4403344.316,344616.336,152529.052,3906198.928,1805678.948,12280.912,372875.981,18795510.823,1102348.733,20283016.449,622748.402,18538235.669,7707.693,88382.372,625805.168,135409.64,0,0,4789933.329,2754.163,1021228.152,1318247.466,205725.724,865560.777
THA,2020,XDC,33940630.015,1512741.387,4922570.103,360219.356,186300.938,4376049.809,2548190.573,10042.746,400265.573,19643608.662,1126329.104,21180246.084,716091.749,20388330.521,5843.693,40271.47,504218.506,144128.185,0,0,4929975.671,124151.593,1027045.672,1416603.429,96137.957,867087.659
THA,2021,XDC,35430276.469,1497023.719,4635463.576,329215.395,180314.305,4125933.876,3611753.454,8644.123,455158.113,20520660.689,1130755.637,22115218.562,813382.913,21131551.277,5723.88,46316.186,472054.872,153211.685,0,0,4979958.031,274729.08,1131690.314,1648900.872,-151877.153,1201940.201
THA,2022,XDC,36892488.577,1971556.275,4315860.307,295421.209,157393.528,3863045.57,3804712.579,8735.889,652520.999,21034880.386,1212721.614,22908858.889,862695.374,21982034.487,6032.416,46030.334,484834.816,153519.299,0,0,5174358.193,233234.408,1192754.718,1610560.155,360996.12,1254933.85
THA,2023,XDC,37563362.118,1946763.465,4255870.363,265894.999,140349.001,3849626.363,4041362.642,8869.151,801416.993,21348937.24,1256806.483,23416029.867,858616.463,22323244.887,6383.38,58275.506,497035.107,157103.774,0,0,5351902.122,276281.231,1161208.387,1538272.675,408490.79,1431702.804
THA,2024,XDC,38304652.814,1947598.344,4161970.765,270908.591,130889.908,3760172.266,4615779.547,10463.734,879410.328,21183220.983,1497083.907,23570178.952,854745.692,23023805.981,5627.228,73041.617,356905.745,165485.127,0,0,5568198.569,260574.458,1187595.117,1330626.782,616971.562,1468921.292
THA,2025,XDC,39926798.461,2122773.275,4428489.736,277714.074,136612.488,4014163.173,5459819.32,14041.347,862293.133,21211216.517,1497906.67,23585457.667,941558.424,23949928.819,5169.734,61580.702,330387.734,172166.128,0,0,5809213.223,232513.169,1170671.511,1311576.095,811197.18,1611774.461
TJK,2015,XDC,20507.851,1753.19,3122.997,714.665,1558.849,849.484,0.286,0,1669.792,10169.083,86.738,11925.613,1956.271,4068.516,2093.841,0,580.378,126.657,0,0,1971.443,358.5,1664.209,3615.756,-1862.566,347.22
TJK,2016,XDC,23358.213,1821.421,5051.93,802.638,3326.332,922.96,0,0,1786.32,9636.425,88.781,11511.526,2245.054,4762.343,1375.583,0,745.564,22.032,0,0,5235.759,391.517,861.148,3336.746,-1515.325,-608.718
TJK,2017,XDC,23220.09,2259.469,4558.164,708.875,2360.126,1489.163,0.013,0,2174.433,7639.499,89.376,9903.308,2935.365,3923.992,1059.735,0,874.258,20.233,0,0,5408.985,128.653,967.053,3360.748,-1101.279,-1958.069
TJK,2018,XDC,23846.013,2080.027,5478.849,983.053,1997.945,2497.851,0,0,2166.988,7857.536,49.919,10074.443,2889.331,3778.49,1477.577,0,650.002,33.422,0,0,5510.484,145.124,1252.957,3277.872,-1197.844,-1381.939
TJK,2019,XDC,24432.33,2012.108,4939.564,735.647,1533.188,2670.729,0,0,2638.866,8474.058,24.969,11137.893,2746.75,3920.11,1593.807,0,667.82,29.106,0,0,5951.089,93.428,1308.125,3026.682,-1014.574,-1247.352
TJK,2020,XDC,28788.605,2889.649,6046.408,1001.008,1783.661,3261.739,5.899,0,2533.312,9931.863,51.023,12516.198,3670.284,4255.643,1974.946,0,1236.554,25.638,0,131.33,6692.705,165.692,1521.864,3278.358,-388.709,-1494.86
TJK,2021,XDC,24393.07,3135.308,4896.998,1236.744,1953.482,1706.772,3.644,0,2293.997,9627.951,15.459,11937.408,2740.063,4311.967,2034.571,0,1697.825,73.604,0,5.48,4375.986,66.792,967.582,2895.259,240.049,804.229
TJK,2022,XDC,32357.317,3652.715,9757.287,2828.137,5034.194,1894.956,3.361,0,2087.781,11477.642,1.143,13566.566,4470.52,5618.661,2594.867,0,1532.911,78.914,0,24.163,5554.151,203.564,1470.972,4202.715,-550,1228.489
TJK,2023,XDC,40439.975,3512.328,11405.798,3079.267,5481.588,2844.944,0,0,2506.23,15381.359,1.353,17888.942,4842.312,7610.35,3072.828,0,1602.476,101.426,0,3.144,6599.851,1181.284,2346.218,4855.985,-1343.657,591.192
TLS,2015,USD,1017.643,661.204,109.481,0,109.481,0,0,0,0,207.75,0,207.75,385.552,244.67,0.403,0,0,0,0,0,48.349,74.504,100.833,72.735,588.469,51.39
TLS,2016,USD,1228.29,875.713,87.645,0,87.645,0,0,0,0,203.383,0,203.383,449.635,269.734,1.08,0,0,0,0,0,67.146,90.982,204.333,50.482,825.231,33.348
TLS,2017,USD,1260.811,782.527,159.096,0,159.096,0,0,0,0,256.057,0,256.057,449.747,358.026,1.859,0,0,0.012,0,0,92.83,11.245,193.417,65.38,717.147,25.198
TLS,2018,USD,1314.07,822.565,156.649,0,156.649,0,0,0,0,246.267,0,246.267,507.231,323.186,1.728,0,0,0.012,0,0,101.51,18.166,189.735,73.73,748.835,10.21
TLS,2019,USD,1458.69,980.445,108.028,0,108.028,0,0,0,0,259.39,0,259.39,411.223,356.657,2.944,0,0,0.012,0,0,128.718,15.48,275.027,83.723,896.722,75.104
TLS,2020,USD,1543.21,1044.553,127.625,0,127.625,0,0,0,0,287.944,0,287.944,472.513,372.969,2.269,0,0,0.011,0,0,143.785,85.934,260.893,116.102,928.451,5.646
TLS,2021,USD,1915.967,1184.814,291.057,0,291.057,0,0.082,0,0,300.433,0,300.433,593.469,499.561,3.717,0,0,0.011,0,0,155.451,18.09,341.59,146.019,1038.796,18.478
TLS,2022,USD,2429.552,1614.369,128.167,0,128.167,0,0.466,0,0,404.277,0,404.277,651.348,535.898,13.527,0,0,0.011,0,0,241.678,40.912,521.846,159.768,1454.601,-16.71
TLS,2023,USD,2556.759,1537.377,246.024,0,246.024,0,0.687,0,0,490.324,0,490.324,647.203,569.614,5.05,0,0,0,0,0,281.451,12.125,522.054,206.917,1330.461,29.998
TLS,2024,USD,2792.108,1629.396,253.795,0,253.795,0,0.014,0,0,646.435,0,646.435,642.592,662.88,10.458,0,0,0,0,0,326.357,6.952,538.336,265.258,1364.138,76.807
TLS,2025,USD,3002.694,1694.763,232.637,0,232.637,0,0.014,0,0,742.507,0,742.507,620.223,610.098,20.232,0,0,0,0,0,449.712,6.74,673.15,251.521,1443.242,38.245
TON,2015,XDC,651.692,23.895,206.751,15.868,190.883,0,19.563,0,45.198,287.877,1.362,334.437,173.908,223.454,0,0.001,0,0,0,0,145.949,0.633,30.146,14.077,9.818,-3.522
TON,2016,XDC,741.186,37.75,225.412,19.591,205.821,0,26.022,0,43.236,347.181,1.09,391.507,199.412,252.809,0,0,0,0,0,0,147.501,1.11,53.111,16.909,20.841,9.839
TON,2017,XDC,800.175,46.4,228.987,14.938,214.049,0,22.242,0,53.745,385.105,1.721,440.571,181.986,309.324,0,0,0,0,0,0,150.288,1.431,72.191,14.778,31.622,8.202
TON,2018,XDC,880.946,51.241,253.067,19.895,233.172,0,23.111,0,60.343,423.313,2.458,486.114,218.612,313.571,0,0,0,0,0,0,170.043,1.945,83.836,18.178,33.063,7.348
TON,2019,XDC,885.786,46.835,239.092,24.539,214.553,0,25.895,0,63.634,435.19,2.739,501.563,211.07,325.094,0,0,0,0,0,0,192.391,2.071,60.327,25.113,21.722,-2.681
TON,2020,XDC,991.231,57.008,328.276,22.316,305.96,0,35.899,0,56.423,438.346,2.139,496.908,256.46,356.376,0,0,0,0,0,0,199.231,2.206,83.719,11.764,45.244,8.335
TON,2021,XDC,1124.161,53.769,472.414,27.657,444.757,0,37.99,0,46.327,426.091,1.99,474.408,301.828,412.734,0,0,0,0,0,0,207.703,2.35,102.191,15.377,38.392,-3.602
TON,2022,XDC,1185.714,49.686,510.979,25.009,485.97,0,42.152,0,38.726,450.43,4.038,493.194,331.516,416.756,0,0,0,0,0,0,216.971,2.503,119.354,12.05,37.636,-3.139
TON,2023,XDC,1228.75,43.595,509.466,40.321,469.145,0,42.137,0,35.75,492.86,7.563,536.173,350.66,416.033,0,0,0,0,0,0,238.611,2.661,140.38,7.95,35.645,-24.924
TON,2024,XDC,1305.877,44.432,523.286,26.038,497.248,0,35.865,0,59.777,530.254,7.672,597.703,429.623,397.588,0,0,0,0,0,0,232.171,2.714,151.757,12.89,31.542,-25.457
TON,2025,XDC,1352.259,51.811,526.676,26.024,500.652,0,38.205,0,58.699,550.694,7.05,616.443,394.431,446.563,0,0,0,0,0,0,250.413,2.822,153.879,12.448,39.363,-27.421
TTO,2015,XDC,142411.41,24060.36,23644.108,1458.359,22185.749,0,17610.428,6.027,11087.151,55691.881,2375.918,69160.977,36929.164,58504.644,0,0,4076.33,90,0,0,22739.529,0,4595.295,5576.765,18483.595,1964.142
TTO,2016,XDC,146322.734,24499.285,20928.96,1614.693,19314.267,0,22103.258,127.861,10615.332,57644.734,1542.888,69930.815,35675.888,61964.754,0,0,4853.449,83.089,0,0,21607.097,0,5513.232,4429.527,20069.758,3335.284
TTO,2017,XDC,143919.608,24008.344,18699.007,1383.811,17315.196,0,19927.829,200.35,9724.854,60447.78,1890.633,72263.617,35367.965,59890.427,0,0,4215.484,25.546,0,0,22279.362,0,4915.232,4053.892,19954.452,4150.886
TTO,2018,XDC,148119.064,24779.679,17583.174,1497.903,16085.271,0,20695.771,0.209,10225.084,62771.511,2430.417,75427.221,36444.441,61897.094,0,0,4018.519,0,0,0,21316.369,0,4532.482,4665.396,20114.283,5611.554
TTO,2019,XDC,156878.824,25807.141,22527.499,4019.823,18507.676,0,16458.612,0,11470.251,65592.171,3003.565,80065.987,40662.389,62736.401,0,0,3956.599,10.058,0,0,23143.946,0,4941.382,6492.903,19314.238,2915.567
TTO,2020,XDC,165798.372,28892.113,23801.078,1682.538,22118.54,0,21307.976,15.505,10612.037,65398.358,2758.119,78784.02,45010.924,64126.85,0,0,4270.043,0,0,0,23614.292,0,6044.586,5053.803,23838.31,4664.721
TTO,2021,XDC,168898.198,33987.246,17432.393,1749.654,15682.739,0,24151.016,40.116,9817.376,66656.703,2837.185,79351.38,45475.548,65742.893,0,0,3408.784,186.024,0,0,25263.292,85.883,6211.586,4904.441,29082.805,3643.581
TTO,2022,XDC,173008.075,37255.582,20773.136,1749.928,19023.208,0,18395.668,41.82,9734.185,70955.946,3302.428,84034.379,48703.258,65331.476,0,0,2119.703,727.191,0,0,26081.097,0,5156.486,7457.012,29798.57,4882.539
TTO,2023,XDC,176137.951,34606.905,18697.008,1802.735,16894.273,0,20123.718,51.676,10655.708,76825.211,3112.922,90645.517,47251.319,68296.584,0,0,1492.47,911.707,0,0,27346.506,0,5031.216,7642.374,26964.532,6100.971
TTO,2024,XDC,177110.639,33071.662,16060.198,1812.3,14247.898,0,18230.347,40.129,10470.414,83583.501,2361.61,96455.653,47993.009,69727.318,0,0,1439.104,1287.892,0,0,27168.133,0,5586.315,7064.895,26006.767,3551.194
TTO,2025,XDC,179602.207,30266.524,16043.7,1637.081,14406.619,0,20779.043,39.152,9799.436,88055.578,1991.118,99885.284,47092.238,73704.919,0,0,645.107,1215.992,0,0,28741.938,0,4489.775,4808.377,25458.147,6276.205
TUN,2015,XDC,86132.251,2688.656,2472.865,406.282,2066.583,0,7491.204,0,3522.937,53968.063,6587.698,64078.698,14127.383,24347.912,1859.489,5720.474,900.329,547.3,0,0,7969.234,4214.044,1680.228,9352.466,-6663.81,6012.564
TUN,2016,XDC,95266.03,2625.027,2654.669,415.975,2238.694,0,8845.293,0,3851.703,59277.184,7239.18,70368.068,15309.622,26993.935,1971.832,5493.737,940.517,696.792,0,0,8527.239,5608.202,1817.928,10362.942,-7737.915,6770.311
TUN,2017,XDC,107828.351,2449.84,3660.919,493.377,3167.542,0,10439.23,0,4582.167,66017.666,8374.442,78974.275,17699.146,29653.68,2052.693,5281.562,1009.241,798.77,0,0,9498.64,8522.956,2054.461,12214.522,-9764.682,6738.593
TUN,2018,XDC,119158.002,2992.848,7192.391,569.275,6623.116,0,10098.872,0,5204.56,71730.646,9600.955,86536.161,18174.774,32692.103,2108.76,5441.47,884.483,774.407,0,0,10016.751,11883.966,2245.482,14600.769,-11607.921,7997.307
TUN,2019,XDC,126563.939,3469.059,8000.465,554.473,7445.992,0,11436.568,0,6996.74,72865.562,9770.807,89633.108,19374.44,36485.959,1920.119,6545.107,1669.009,13.395,0,0,11664.407,9023.481,3335.662,14944.336,-11475.277,7563.286
TUN,2020,XDC,131233.962,2946.865,7107.843,589.989,6517.854,0,13844.716,0,10527.426,80801.246,7442.074,98770.746,23195.238,38651.354,2090.799,6814.553,1972.685,459.583,0,0,11104.958,6375.951,4072.353,15674.826,-12727.961,12257.871
TUN,2021,XDC,140869.616,3433.476,6982.831,644.443,6338.388,0,17591.831,0,11130.685,84984.411,7854.852,103969.948,25446.19,42222.62,1996.789,7097.985,2394.449,470.752,0,0,11840.438,6451.777,4517.07,16015.403,-12581.927,13524.613
TUN,2022,XDC,152377.674,3475.064,8039.961,649.82,7389.373,0.768,19656.676,0,12081.995,91987.955,8130.519,112200.469,26975.799,46169.708,2171.968,8558.491,2507.828,266.429,0,0,13525.226,9502.13,4825.469,15776.381,-12301.317,13092.742
TUN,2023,XDC,161784.122,4081.86,9822.523,753.954,9068.569,0,21963.004,0,12295.819,93871.462,8861.149,115028.43,28993.23,50525.043,2496.906,8569.527,2599.743,124.781,0,0,14340.972,7588.42,4451.33,16820.736,-12738.876,14385.129
TUN,2024,XDC,175046.886,3783.409,11915.047,875.154,11039.893,0,28631.858,0,12578.879,96769.832,9768.119,119116.83,32367.734,55909.577,2391.773,9227.751,2890.88,69.516,0,0,15104.007,8214.996,4780.792,17766.852,-13983.443,14723.266
TUN,2025,XDC,186370.128,4551.465,11491.757,946.165,10545.592,0,35050.233,0,12811.445,99324.705,10296.157,122432.306,34920.686,60239.733,2534.939,9970.567,2426.668,135.91,0,0,16508.416,8395.215,4904.444,18223.873,-13672.408,15265.31
TUR,2015,XDC,2338251.158,117311.163,260271.094,12900.473,247296.571,74.05,287749.794,17620.386,3650.802,1471600.968,40794.3,1533666.456,230410.099,881659.923,0,27379.618,1151.752,12318.852,0,1552.724,268985.363,112851.913,56757.337,514798.924,-397487.761,91131.999
TUR,2016,XDC,2732610.449,182150.752,295816.831,13637.94,282152.654,26.237,307075.15,23351.091,3811.476,1714716.791,48809.517,1790688.875,282309.707,1028702.537,0,26252.537,1524.5,17396.601,0,2649.565,308327.724,106795.295,64166.538,615383.404,-433232.652,122223.198
TUR,2017,XDC,3262979.846,214890.763,355304.345,15238.911,339722.23,343.204,353810.517,34366.882,5489.203,2066279.454,61836.771,2167972.31,343902.578,1184274.326,0,38863.906,2285.697,30399.014,0,2670.941,366248.963,99181.854,74299.61,736311.389,-521420.626,213539.533
TUR,2018,XDC,3936571.955,378731.058,372627.596,15802.516,356417.842,407.238,470320.855,36923.011,11387.41,2374503.108,69929.55,2492743.079,398390.194,1442492.871,0,36369.266,1593.366,53456.978,0,4103.957,429351.758,119683.196,75268.851,922441.96,-543710.902,231270.19
TUR,2019,XDC,4659423.963,430159.643,396725.016,15735.392,379796.485,1193.139,666140.851,35644.365,31794.652,2669771.424,84526.606,2821737.047,617942.34,1734819.08,0,50224.833,11333.364,56746.319,0,4203.736,507047.339,105146.891,94914.917,945013.149,-514853.506,187370.574
TUR,2020,XDC,6314624.395,496850.787,640158.223,18215.742,613003.08,8939.401,1035087.26,40230.835,35614.504,3579261.89,112143.479,3767250.708,1072091.388,2114880.263,0,45935.588,10926.054,73233.18,0,5485.607,612061.396,228293.647,132649.224,1188400.724,-691549.937,455389.922
TUR,2021,XDC,9487899.388,1003839.051,1329706.954,19870.106,1305932.845,3904.003,1498030.144,40371.75,71830.609,4794154.651,173154.71,5079511.72,1934125.186,3008779.598,0,48445.754,11356.054,73856.002,0,25577.484,730896.78,570072.729,126150.129,1901922.204,-898083.153,479905.952
TUR,2022,XDC,14711766.893,1273442.507,1912965.088,34537.971,1872313.795,6113.322,2764235.218,53788.145,165885.302,7258417.152,334676.429,7812767.028,2801472.366,5148776.679,0,31326.58,11674.569,215996.797,0,17826.503,1439931.183,352739.248,422415.425,2583806.777,-1310364.27,737445.486
TUR,2023,XDC,24058810.308,1885337.746,3864732.628,46157.001,3804811.756,13763.871,4391657.667,92683.941,202987.58,11504056.361,578328.949,12378056.831,4496843.698,9168940.142,0,30063.037,7460.182,370890.731,0,22018.91,2168626.341,344014.913,644347.911,4449610.213,-2564272.467,816968.785
TUR,2024,XDC,34373127.757,2351842.695,5286799.316,65336.22,5210174.905,11288.191,5856814.188,141377.089,389476.257,16044617.532,771435.031,17346905.909,7004485.781,11678734.973,0,35911.654,8311.849,779754.447,0,33854.807,2967080.209,459622.773,520851.782,6529155.919,-4177313.224,824598.916
TUR,2025,XDC,49346759.206,3555816.919,7573782.193,78659.38,7478555.173,16567.64,8136214.649,226185.184,742168.86,23245556.217,1146985.283,25360895.544,10788337.272,15061939.658,0,52706.831,25746.399,1084520.724,0,33709.344,4187682.269,1015935.319,1364882.218,9779477.143,-6223660.224,1231770.12
TZA,2015,XDC,28459690.913,2174452.592,4007668.678,753329.708,3254338.969,0,4011058.153,48825.401,1059716.12,13654275.17,596052.802,15358869.494,9342606.636,8818126.608,0,0,220141.353,834096.869,0,0,3819621.578,0,856972.682,1458592.742,715859.85,201890.448
TZA,2016,XDC,29457605.655,1668950.878,3638367.561,696753.787,2941613.774,0,4190516.063,66672.093,1229992.14,14693432.666,497251.498,16487348.396,9106276.605,9082429.668,0,0,227039.092,1238370.63,0,0,4320079.78,1,577836.149,1764039.087,-95088.209,-330889.113
TZA,2017,XDC,32467552.623,1620692.468,4142568.074,865607.237,3276960.837,0,5735958.689,76356.295,809345.249,15420368.052,479758.162,16785827.758,10097020.081,9727540.973,0,0,193406.215,1226843.333,0,0,4736861.826,8501,560567.527,2174464.448,-553771.98,-440158.414
TZA,2018,XDC,32848512.546,2205214.237,3799708.239,909570.248,2890137.992,0,5089523.375,84941.346,594853.427,16300873.154,654653.889,17635321.815,10603799.023,9959027.955,0,0,225305.11,786374.236,0,0,4753535.408,106750,358519.658,2267735.859,-62521.623,-331279.582
TZA,2019,XDC,36300615.495,2439763.759,3693505.455,1026366.435,2667139.021,0,5520352.834,77716.744,1236331.742,17510696.361,729369.614,19554114.461,11213223.685,10564305.44,0,0,215600.187,1113527.325,0,0,5082674.081,201060.592,981349.52,2468300.725,-28536.966,-632305.047
TZA,2020,XDC,37787265.478,2917100.602,3178132.597,1001467.098,2176665.499,0,6116261.369,79768.434,667741.074,18729895.984,708477.971,20185883.463,11868843.828,11199039.361,0,0,114482.191,980724.232,0,0,5452595.912,191514.172,652865.443,2503336.43,413764.172,-566023.537
TZA,2021,XDC,42909000.033,3207563.175,4265703.236,1001281.443,3264421.794,0,7367494.516,48868.119,410004.203,20960219.217,813522.64,22232614.179,14378139.765,12012599.932,0,0,94210.123,876975.954,0,0,6164920.364,95094.444,422464.219,2460721.945,746841.229,568248.36
TZA,2022,XDC,49428267.318,2399491.741,4505305.263,1039313.043,3465992.22,0,8658168.625,58186.258,297824.06,26344253.044,570315.449,27270578.811,16384925.836,14340002.488,0,0,81140.144,1055202.253,0,0,6958629.733,90596.615,704422.498,3694823.054,-1295331.312,-476198.18
TZA,2023,XDC,61644680.545,4158177.685,4759478.435,1170300.035,3589178.4,0,10386857.159,52544.639,428225.652,30747328.141,759002.194,31987100.626,18650035.779,16702498.538,0,0,59404.769,1161951.008,0,0,8120432.64,168874.504,1156049.106,4935037.981,-776860.297,337329.58
TZA,2024,XDC,70222906.032,6429059.582,6056167.02,1321346.352,4734820.668,0,10158949.95,22985.43,610067.851,34219810.33,1145300.911,35998164.522,21189261.703,18863514.929,0,0,55370.853,1337953.027,0,0,9815783.963,841874.504,1412955.472,4734224.154,1694835.427,391402.467
TZA,2025,XDC,85736243.852,7459891.95,7101392.461,1373294.349,5728098.113,0,12275578.959,14643.015,647359.375,42160479.777,1679297.01,44501779.178,27110039.882,23313339.383,0,0,60158.086,2434926.273,0,0,11756955.725,703672.275,1344895.957,5880772.579,1579119.371,-1266117.612
UGA,2015,XDC,24243415.017,2396135.978,2581231.805,559260.893,2020842.775,1128.136,4104062.811,1808.079,31147.553,11736877.11,39310.05,11809142.793,7024436.375,7075988.832,85487.019,0,57765.917,160685.935,0,858.995,3979507.418,71860.197,560280.385,2370621.071,25514.907,-496918.757
UGA,2016,XDC,27115272.704,2520061.527,3552922.471,583911.045,2129548.113,839463.313,5153023.69,1041.972,24591.311,12572108.811,48332.015,12646074.109,8050623.455,7664328.815,89980.275,0,10248.533,164223.31,0,206.824,4160041.352,462260.205,660645.424,2223402.999,296658.528,386120.598
UGA,2017,XDC,30464767.736,2270085.526,5276407.474,735081.972,1991489.295,2549836.208,5701924.672,1260.282,40109.019,13360289.904,14280.902,13415940.107,9180660.021,8618893.283,128854.246,0,6126.175,161691.148,0,1375.398,5049078.135,483174.453,746588.951,2295413.064,-25327.538,-7497.091
UGA,2018,XDC,32395169.284,2910257.819,4167372.467,900713.708,2639345.711,627313.047,6109903.426,988.399,54162.307,14932667.229,23906.361,15011724.296,9844043.019,9325569.837,142234.673,0,4281.663,148984.886,0,8616.33,5469383.129,408331.375,853742.596,2128815.719,781442.101,-134745.216
UGA,2019,XDC,37956663.557,3029489.751,5610437.706,980501.13,2879092.361,1750844.215,7336296.013,1991.421,124813.688,16782352.263,56542.732,16965700.103,11826413.23,10593746.838,225296.022,0,4281.663,186706.623,0,16941.438,6309825.885,335307.697,1175789.799,2123215.338,906274.413,144399.038
UGA,2020,XDC,44256817.633,3971632.415,4988724.233,975660.189,3606520.015,406544.029,11025810.71,1126.823,70084.961,18196757.586,10998.373,18278967.743,14147635.766,12169749.15,261820.287,0,4281.663,217697.425,0,20869.672,6986730.308,780067.373,1090020.725,2507455.907,1464176.508,78806.825
UGA,2021,XDC,47365102.737,4294042.736,5329373.938,1052413.794,3202891.888,1074068.255,11502472.974,405.062,78977.511,19690008.335,32383.616,19801774.523,15337660.338,12221624.187,360874.203,0,4281.663,227242.413,0,23359.923,8169971.35,391083.87,1152456.342,2588785.02,1705257.716,450324.866
UGA,2022,XDC,51881297.554,4131089.889,4705683.937,1236368.461,3456795.245,12520.232,13993763.153,902.069,76134.83,21762443.228,738145.819,22577625.946,15582473.984,13905929.636,712149.268,0,4281.663,310989.745,0,30724.185,9372363.94,637282.65,1595575.423,2415692.572,1715397.316,840699.858
UGA,2023,XDC,56779443.086,3660429.653,5511130.317,1300676.17,3896693.835,313760.312,15420368.994,218.144,95676.291,23658751.659,1081943.477,24836589.572,16738313.68,15894514.279,877860.479,0,4281.663,392852.751,0,34398.359,10612719.9,449079.57,1535492.452,2568554.566,1091875.087,320450.835
UGA,2024,XDC,62077906.26,5050307.335,5646302.651,1338510.941,3937381.102,370410.609,16615560.623,0,76012.935,25488299.345,859111.201,26423423.482,17329523.555,17242916.827,1254913.715,0,4281.663,465917.424,0,78431.565,11866255.794,1029708.53,1743735.641,3279325.556,1770981.779,-559416.177
UGA,2025,XDC,71673248.457,5473074.235,8708759.175,1535788.7,5302824.251,1870146.223,19461530.905,34758.718,123053.49,28594709.818,731321.312,29483843.339,21750821.458,19890478.869,1512049.608,0,55435.663,500063.866,278.592,79928.638,13536684.005,472660.1,2234024.043,3488804.233,1984270.002,-394021.425
UKR,2015,XDC,1589475.59,181310.345,142425.518,25564.521,27544.413,89316.585,109516.312,3533.092,82265.369,935150.648,19226.8,1040175.908,290943.987,419782.127,634.799,250.441,0,3282.272,0,24.833,162089.981,65199.161,8649.48,250261.42,-68951.075,272309.584
UKR,2016,XDC,1772460.637,178101.833,136184.569,26667.237,41321.378,68195.954,305888.205,522.087,85182.575,920721.513,14291.983,1020718.158,346362.792,441270.526,565.278,309.343,0,4858.662,0,72.081,161245.902,37118.998,7703.988,230291.972,-52190.138,411093.225
UKR,2017,XDC,1864742.376,165028.997,133685.287,28997.79,104662.348,25.148,418496.062,992.07,89304.15,928522.239,14276.276,1033094.736,425141.838,450787.938,323.433,301.883,0,6571.442,0,36.015,188172.503,28151.639,25780.697,176281.688,-11252.691,448756.007
UKR,2018,XDC,1922895.977,159396.772,134259.177,36490.432,97766.436,2.308,418293.157,2996.775,88309.836,987404.583,12030.249,1090741.443,456975.624,452969.27,395.083,3863.632,0,6313.808,0,10.693,179362.537,23315.63,25878.632,163133.684,-3736.912,490471.953
UKR,2019,XDC,1969172.115,213692.929,269016.518,40675.294,228337.407,3.818,374438.461,5714.098,62241.428,907474.563,12740.988,988171.078,593750.26,456991.65,621.611,3089.623,0,1140.13,0,43.689,228214.742,7830.508,24314.024,117360.98,96331.949,411961.767
UKR,2020,XDC,2225297.937,262095.116,254755.198,42394.68,212116.727,243.791,615871.723,11278.703,60866.723,881511.77,10141.137,963798.333,821349.151,509866.002,1866.927,2643.877,0,1464.231,0,313.31,239787.169,62072.116,19047.389,110967.739,151127.378,327142.46
UKR,2021,XDC,2376373.588,253856.862,315918.186,46593.977,268271.026,1053.183,632279.879,15755.733,53379.058,960658.356,13345.057,1043138.203,1018008.546,470437.832,1076.825,1752.014,0,1291.433,0,180.387,284001.68,95620.751,19220.569,104585.329,149271.532,249017.762
UKR,2022,XDC,2722944.834,426689.268,594148.457,49042.461,541074.652,4031.343,570833.901,9734.764,63189.366,920842.62,10419.528,1004186.278,1345755.347,488327.596,2240.572,1119.282,0,2274.193,0,565.781,256338.906,38164.002,65069.783,81966.414,344722.855,314036.029
UKR,2023,XDC,3323826.885,549813.166,885315.805,48216.887,835791.8,1307.119,755717.91,4750.566,61864.806,916253.821,11078.861,993948.054,1645025.434,714661.222,2357.274,752.542,0,11215.499,0,477.33,332973.74,2487.162,90210.691,79835.826,469977.34,304798.216
UKR,2024,XDC,3821776.437,680408.504,842406.279,62666.57,779202.837,536.872,1013669.545,3872.123,71120.321,1028194.758,23266.837,1126454.039,1959332.502,767808.964,6842.93,519.129,0,24255.135,0,375.355,421573.041,1901.233,91692.338,77949.02,602459.484,310688.72
UKR,2025,XDC,4245185.211,712814.035,1083659.988,59369.254,1024265.188,25.547,1047321.849,4655.877,92422.038,1074187.652,51380.971,1222646.537,2303928.905,849482.98,5872.893,478.075,0,36436.341,0,237.689,503843.786,836.499,136188.597,90079.633,622734.402,139057.012
URY,2015,XDC,1110574.686,319956.055,252368.566,17148.651,220992.763,14227.152,42065.78,2434.653,13973.377,437833.942,2051.314,456293.285,271679.96,439262.151,11417.304,16601.122,4779.967,0,0,2890.814,97079.967,2227.852,20783.526,175483.546,144472.51,28477.477
URY,2016,XDC,1107232.69,313564.414,248275.238,17151.755,194090.308,37033.174,45492.451,2795.096,11189.791,444673.569,3456.182,462114.638,274274.401,452107.614,11243.369,30246.947,5146.067,0,0,910.972,103340.302,658.74,20631.797,136891.49,176672.925,33995.041
URY,2017,XDC,1114135.135,284115.023,283120.467,20081.743,189218.725,73819.999,43921.488,2870.827,12786.739,445416.841,3371.642,464446.049,267356.218,468323.352,10375.767,32405.488,5471.472,0,0,1140.765,114719.46,683.129,23727.716,115616.542,168498.481,35783.094
URY,2018,XDC,1247656.714,323690.898,306032.931,19773.383,217072.858,69186.69,51702.517,3681.648,10888.341,500157.492,4241.932,518969.414,286539.475,531414.007,12105.442,43477.74,5842.858,0,0,680.213,139342.182,79.549,23544.426,122722.535,200968.363,34647.333
URY,2019,XDC,1455717.629,429018.683,342769.453,21775.341,264608.21,56385.902,70685.843,4703.342,7682.753,554416.563,8414.714,575217.372,849250.782,105102.992,21361.685,50749.883,9107.106,1516.758,0,938.731,164655.179,96.294,26918.772,148244.421,280774.263,39748.75
URY,2020,XDC,1772740.67,575269.229,433000.734,22513.797,319378.39,91108.546,81759.652,3763.75,8022.755,626617.463,6290.993,644694.961,1091225.858,112517.637,23224.517,54246.215,10299.384,1495.095,0,448.468,184043.2,696.664,30848.247,180616.313,394652.916,44856.05
URY,2021,XDC,2024533.17,667218.548,490902.919,24462.309,355995.843,110444.766,101132.226,3457.123,7567.305,705780.409,6698.522,723503.359,1298492.601,120172.055,27029.255,54836.558,13679.284,1299.126,0,175.004,192730.955,695.849,35016.028,190426.543,476792.005,48203.792
URY,2022,XDC,2006778.653,628610.208,439299.333,23072.82,313764.398,102462.115,104161.482,2370.186,8070.756,773358.088,7425.763,791224.792,1239218.267,133366.167,28175.315,74545.082,13882.655,1272.001,0,505.488,198145.937,530.986,44385.576,179222.574,449387.634,50045.767
URY,2023,XDC,2051803.091,564622.761,444707.987,24369.671,306917.47,113420.846,105795.09,3905.299,17296.963,864804.068,9479.544,895485.875,1200703.058,169904.927,26059.31,90851.738,16215.363,1144.472,0,253.671,230293.6,150.552,41048.546,171089.202,393533.559,62897.275
URY,2024,XDC,2379938.545,648357.557,522256.727,25272.613,351420.08,145564.034,120486.013,5506.95,13449.617,1011244.012,10139.664,1040340.244,1341302.859,260033.877,30839.152,101405.133,18907.725,1257.56,0,1067.52,265788.342,675.15,39164.429,202087.566,446269.99,68911.226
URY,2025,XDC,2400922.82,606127.914,514421.797,27549.534,353940.837,132931.426,124430.543,3524.174,15836.6,1080641.184,10847.325,1110849.283,1294650.898,296423.41,33904.834,123446.463,23406.51,1307.064,0,488.852,279280.767,982.785,38010.314,191585.563,414542.352,72342.077
USA,2015,USD,22020381,2229391.44,2289129.544,74168,1965234,249727.544,1023150,750221,0,9300824.645,4053960.512,14105006.157,1827334.144,12989733,0,0,233944.545,809791.566,0,0,2602408,115,261769.083,2259806.906,-30415.466,-1338225.103
USA,2016,USD,22347677.682,2314523.868,2101501.404,75970,1754202,271329.404,1505070,712028,0,9780796.678,4180284.513,14673109.191,1885695.578,13681145,0,0,306824.595,873322.191,0,0,1915303,63,300508.014,2219343.565,95180.303,-588000.48
USA,2017,USD,23330188.35,2494314.117,2280764.855,77174,1949005,254585.855,1372217,717056,0,10209054.66,4550296.135,15476406.794,2156279.414,14131033,0,0,269224.4,911811.264,0,0,1974128,134,236155.353,2408532.078,85782.039,-463594.742
USA,2018,USD,23962650.88,2458154.897,1805069.541,82044,1555954,167071.541,1681742,681071,0,10696629.377,4797662.401,16175362.777,2102233.737,14775580,0,0,234521.086,879634.264,0,0,2077841,61,344889.114,2347596.429,110558.468,-642027.414
USA,2019,USD,25370687,2847043.016,1814679.782,83424,1548849,182406.782,2001913,653749,0,11245070.622,5120102.8,17018922.422,2273561.538,16166801,0,0,259484.563,784983.525,0,0,2155953,36164.914,354325.521,2401650.262,445392.753,-750366.104
USA,2020,USD,29169677.447,3058657.161,3225139.782,99199,2994932,131008.782,3669089,596430,0,11478567.618,5690332.205,17765329.822,3972869.723,17635104,0,0,349288.589,572619.141,0,0,2232287,44728.034,1164572.885,2583306.445,475350.715,-836560.053
USA,2021,USD,31814113.181,3269921.387,4920100.294,90494,3644277,1185329.294,3455865,638489,0,11889178.297,6182521.177,18710188.474,6055910.123,18777387,0,0,255544.664,421167.825,0,0,2369248,13268,392476.742,2766357.648,503563.739,-695284.847
USA,2022,USD,31782500.693,3322989.906,4378630.744,86710,2684814,1607106.744,2643722,583892,0,13294578.245,5724789.983,19603260.228,6372974.884,18176890,0,0,382299.006,877226.368,0,0,2228266,9064,374756.801,2955381.731,367608.175,-1428255.912
USA,2023,USD,33776429.605,3745839.125,4001113.601,83760,3134759,782594.601,3783476,554862,0,13626600.728,6235302.128,20416764.856,5908664.572,19146108,0,0,412143.693,900702.911,0,0,2341666,134047,613294.306,3202024.61,543814.515,-711457.509
USA,2024,USD,34859289.313,4058642.437,3520270.821,86450,2892363,541457.821,4717580,523238,0,13466954.154,6778935.448,20769127.602,6455991.46,19998057,0,0,408331.405,805246.001,0,0,2441683,8648.902,593596.094,3207499.727,851142.71,-853432.729
USA,2025,USD,37299294.902,5066325.512,3253458.737,85552,2853441,314465.737,5479654,527009,0,13696118.141,7703020.361,21926147.502,7719241.67,20341772,0,0,426901.361,747510.961,0,0,2639016,16540.485,735158.948,3533389.56,1532935.952,-433945.235
UZB,2015,XDC,65856704.437,5202979.879,9943203.881,77984.742,9846493.339,18725.8,1121972.063,0,19052693.651,22820450.236,535168.037,42408311.924,13177164.11,17607821.126,56156.82,713595.04,247853.449,164732.837,0,0,7345337.735,20489.851,15124549.535,6461375.61,-1258395.731,-2242608.366
UZB,2016,XDC,84714484.269,7897665.901,12004822.175,46999.751,11950101.324,7721.1,1629997.866,0,24082327.904,30021706.984,533263.874,54637298.763,15052741.595,23012878.609,45209.195,850456.365,216295.699,324331.478,0,0,8981264.38,272634.213,20712029.25,9087200.177,-1189534.276,-2385256.256
UZB,2017,XDC,169201520.468,22605172.298,15522752.071,613633.625,14908868.446,250,5252029.517,0,60391623.251,50129268.939,831698.415,111352590.605,14368677.157,38317244.534,78264.845,917578.904,190295.699,1169795.156,0,0,20676150.537,1847710.789,50350233.656,27367669.419,-4762497.121,-551076.205
UZB,2018,XDC,217288493.87,18012424.179,12288489.412,958078.782,11307239.13,23171.5,6609367.468,0,70719555.656,96746584.001,1019534.75,168485674.408,17047762.976,43304410.131,154102.599,795758.369,10021.699,5178922.373,0,0,26578925.575,2091766.685,74414911.143,34607622.741,-16595198.562,1211751.176
UZB,2019,XDC,276812277.961,20072510.46,16833295.834,2064308.707,14768515.627,471.5,9633464.584,0,53303291.677,153767430.207,1423890.964,208494612.848,19455873.205,50432286.245,221350.127,741002.678,34668.107,12256858.337,0,0,51030657.738,2982087.208,55441297.342,62050512.334,-41978001.874,387290.405
UZB,2020,XDC,372968535.862,28885592.876,24740665.391,2878428.733,18791664.146,3070572.512,11393257.672,0,62700548.967,214936477.602,2434112.139,280071138.708,26948411.775,59533696.312,138071.807,331417.504,121142.734,15471730.906,0,0,58353824.667,5405853.495,72374932.29,105323550.278,-76437957.402,1088022.879
UZB,2021,XDC,454609795.106,32159836.807,47857816.481,4134937.966,31488390.609,12234487.906,11365394.718,0,65891783.289,263026733.87,2713519.976,331632037.135,35496186.569,80573214.429,126772.889,309202.297,104137.53,16712940.642,0,0,70917571.567,1893479.829,90946469.855,125182783.055,-93022946.248,752326.479
UZB,2022,XDC,573450300.628,51556016.698,58173079.432,6636760.175,36596181.41,14940137.847,18293214.19,0,73939564.199,325644507.249,3093275.339,402677346.787,44577360.81,101856818.975,198789.052,216187.279,45308.611,13962516.119,0,0,79565429.482,3527498.458,111753815.671,171866073.537,-120310056.839,3129859.114
UZB,2023,XDC,672410469.671,41553182.928,46822852.249,9020588.585,33231329.765,4570933.899,27251981.941,0,77342921.592,413808822.437,4896443.469,496048187.498,50659487.916,115276294.793,235310.626,193435.066,45511.452,20045131.518,0,0,97079107.871,5245866.62,132633339.677,191428033.911,-149874850.983,-1165314.834
UZB,2024,XDC,796851341.163,51901247.194,57127233.6,11586486.726,34496578.474,11044168.4,40875719.199,0,76131095.61,482910313.441,6312461.469,565353870.52,63420882.395,156968791.991,290178.568,256019.462,284443.526,21756816.962,0,0,114789104.904,4024424.697,141372774.677,220078516.4,-168177269.206,-7983883.069
UZB,2025,XDC,954901331.914,66870475.992,93847050.863,13219774.766,43932112.264,36695163.833,49541994.736,0,65709803.483,577257567.902,8867096.102,651834467.488,81640494.824,227401976.049,725243.62,405677.334,254399.089,30465986.294,0,0,135324492.635,1862968.55,151545993.505,245164683.696,-178294207.704,-12697926.518
VCT,2015,XDC,2299.014,431.657,411.236,26.596,384.64,0,158.635,0,7.422,1050.399,15.486,1073.307,489.161,1041.793,0,0,0,0,0,0,160.893,4.908,44.832,344.523,87.134,-11.275
VCT,2016,XDC,2307.834,471.046,414.48,32.699,381.781,0,131.013,0,5.792,1056.641,23.41,1085.843,488.258,1045.326,0,0,0,0,0,0,156.148,4.655,67.065,325.464,145.582,15.466
VCT,2017,XDC,2322.098,456.569,382.32,33.547,348.773,0,159.82,0,3.906,1064.411,32.552,1100.869,473.794,1078.595,0,0,0,0,0,0,138.027,4.721,61.914,335.67,120.899,6.857
VCT,2018,XDC,2334.192,476.407,377.946,33.192,344.754,0,155.831,0,1.765,1060.887,39.927,1102.579,492.072,1069.534,0,0,0,0,0,0,145.231,33.223,50.665,332.215,144.192,-10.177
VCT,2019,XDC,2376.117,556.732,365.944,42.903,323.041,0,132.727,0,1.655,1072.134,27.691,1101.48,583.631,1044.083,0,0,0,0,0,0,162.754,1.241,146.767,248.115,308.617,-29.708
VCT,2020,XDC,2572.669,634.11,407.764,29.565,378.199,0,208.594,0,1.242,1109.223,15.728,1126.193,538.149,947.969,12.072,0,0,0,0,0,153.75,1.27,233.008,280.678,353.432,209.768
VCT,2021,XDC,2766.079,740.012,519.317,32.01,487.307,0,178.235,0,1.347,1109.116,16.135,1126.598,672.482,986.553,21.646,0,0,0,0,0,207.382,0.078,229.736,236.821,503.191,209.464
VCT,2022,XDC,2807.605,679.581,582.245,47.536,534.709,0,196.868,0,1.095,1100.098,14.241,1115.434,744.547,907.301,22.389,0,0,0,0,0,179.585,0.077,267.704,313.239,366.342,139.286
VCT,2023,XDC,2810.518,664.426,494.782,47.379,447.403,0,268.735,0,0,1149.435,0.376,1149.811,739.569,963.417,18.31,0,0,0,0,0,182.889,0.067,238.34,370.463,293.963,64.699
VCT,2024,XDC,3239.256,811.288,526.156,40.809,485.347,0,492.449,0,6.501,1145.498,0.542,1152.541,943.393,1026.555,17.503,0,0,0.098,0,0,216.712,0.048,163.821,494.882,316.406,119.52
VCT,2025,XDC,3461.408,1064.179,369.841,64.818,305.023,0,517.996,0,34.179,1239.289,7.74,1281.208,946.267,1126.557,27.182,0,0,0,0,0,250.437,0.045,180.963,554.229,509.95,147.544
VEN,2015,XDC,4770746.955,8866.567,1281746.404,71515.318,1044111.486,166119.6,388094.023,0,204033.186,2540812.828,33369.189,2778215.202,3640897.592,90907.059,108751.252,96.494,5.852,7092.689,0,0,336223.694,1965.147,288947.429,5033.281,3833.286,-22998.291
VUT,2015,XDC,91784.958,12405.095,14499.447,2246.701,11756.309,496.437,713.368,73.768,1184.826,57532.115,75.097,58865.806,29183.792,29592.664,0,0,0,0,0,0,9471.465,7.049,2391.266,13230.913,-825.818,2606.568
VUT,2016,XDC,100799.02,16274.859,18397.661,2108.354,15921.788,367.518,1024.572,129.032,1251.601,58268.056,1.269,59649.958,35506.494,29311.498,0,0,0,0,0,0,13475.787,20.129,5305.7,10174.765,6100.094,1552.677
VUT,2017,XDC,109045.353,10928.473,27024.885,2698.47,23690.632,635.783,1583.902,108.113,1271.148,61027.395,1.566,62408.222,38678.226,32150.231,0,0,0,0,0,0,12485.659,0,7857.087,7557.754,3370.719,3216.525
VUT,2018,XDC,131424.247,19358.435,34193.419,2969.429,28841.829,2382.161,1287.503,76.37,1035.002,61787.703,60.094,62959.169,46480.703,33892.899,0,0,0,0,0,0,15389.24,0,12175.643,12278.783,7079.652,-2418.742
VUT,2019,XDC,133624.48,19742.868,40479.141,2962.009,34791.644,2725.487,1212.438,67.018,1068.011,63329.534,88.228,64552.791,53603.455,32252.136,0,0,0,0,0,0,10767.323,0,12776.103,7933.942,11808.926,8654.279
VUT,2020,XDC,133314.478,19594.244,41141.371,3046.139,35033.748,3061.484,905.355,37.342,949.234,62972.182,80.3,64039.058,57283.732,26903.519,0,0,0,0,0,0,14725.609,0,10724.741,6736.376,12857.868,9306.051
VUT,2021,XDC,139473.175,19222.236,47310.267,3221.132,41205.18,2883.955,1013.677,30.672,1143.2,63159.563,547.205,64880.64,64992.26,26635.845,0,0,0,0,0,0,17136.349,0,9356.123,4888.548,14333.688,9417.695
VUT,2022,XDC,145202.635,19123.128,47514.827,4952.878,38594.285,3967.664,2400.118,25.487,1154.805,66533.146,577.847,68291.285,72037.763,24907.403,0,0,0,0,0,0,18417.446,0,6184.772,5444.397,13678.731,10337.577
VUT,2023,XDC,155778.786,26118.146,47395.765,5209.392,37322.921,4863.452,3301.635,26.042,1430.204,70227.819,370.572,72054.637,74853.785,27855.453,0,0,0,0,0,0,21217.482,0,6058.737,8972.324,17145.822,9912.402
VUT,2024,XDC,171625.878,37912.367,45806.844,4837.71,38153.101,2816.032,4740.832,9.261,1356.999,73977.705,330.379,75674.344,80172.054,31805.668,0,0,0,0,0,0,21354.927,0,6496.531,14718.646,23193.721,9586.561
VUT,2025,XDC,177955.846,42486.108,47565.099,5337.03,39852.987,2375.082,4740.827,27.696,997.42,75905.298,348.588,77279.002,89701.488,30603.803,0,0,0,0,0,0,23841.509,0,5722.625,13084.841,29401.267,9116.77
WSM,2015,XDC,1407.831,149.095,216.202,28.985,174.219,12.998,18.788,0,39.196,844.254,8.785,892.235,316.896,494.551,0,0,0,0,0,0,214.126,33.484,50.392,179.443,-30.348,-12.572
WSM,2016,XDC,1458.163,137.944,153.576,38.499,114.078,0.999,13.825,0,21.673,985.97,17.717,1025.36,344.403,525.265,0,0,0,0,0,0,210.596,37.67,56.074,165.494,-27.55,-8.797
WSM,2017,XDC,1671.564,207.529,227.863,35.804,180.064,11.995,12.604,0,14.701,1018.335,44.289,1077.325,409.09,595.708,0,0,0,0,0,0,234.416,66.896,62.91,172.454,35.075,-16.153
WSM,2018,XDC,1682.932,96.565,286.511,39.337,228.176,18.998,17.893,0,10.251,1069.966,44.642,1124.859,422.587,661.974,0,0,0,0,0,0,248.551,41.905,110.934,52.956,43.609,-13.085
WSM,2019,XDC,1786.543,108.813,337.801,45.192,272.613,19.996,0.164,0,11.296,1144.356,28.662,1184.314,442.056,692.222,0,0,0,0,0,0,261.679,85.071,101.983,68.987,39.826,-20.914
WSM,2020,XDC,1859.94,120.801,382.623,48.379,334.244,0,14.239,0,7.613,1162.981,14.096,1184.69,433.154,754.947,0,0,0,0,0,0,274.756,50.068,93.802,100.739,20.062,-5.113
WSM,2021,XDC,1939.705,187.855,373.341,35.174,338.166,0,13.313,0,6.641,1173.053,11.92,1191.614,484.604,714.713,0,0,0,0,0,0,293.982,48.502,106.479,130.139,57.716,-12.297
WSM,2022,XDC,2104.7,276.982,450.762,42.811,392.955,14.996,12.128,0,8.147,1158.276,10.48,1176.903,540.165,722.914,0,0,0,0,0,0,303.912,57.844,100.946,195.778,81.204,-4.784
WSM,2023,XDC,2329.858,321.717,664.598,52.941,518.763,92.894,0,0,6.083,1128.846,6.635,1141.564,673.179,761.655,0,0,0,0,0,0,314.887,68.086,146.977,179.163,142.554,-16.068
WSM,2024,XDC,2505.41,339.563,729.115,62.912,505.89,160.313,0,0,5.255,1207.255,5.237,1217.747,773.87,795.807,0,0,0,0,0,0,316.943,83.468,162.507,194.899,144.664,-41.069
WSM,2025,XDC,2612.259,351.617,801.218,66.426,594.04,140.752,0,0,5.725,1217.044,6.373,1229.142,762.075,846.03,0,0,0,0,0,0,335.745,129.803,123.581,229.365,122.252,-44.622
ZAF,2015,XDC,4957900.686,749649.475,125825.889,36938.322,86424.788,2462.779,414317.834,19449.93,47968.094,2763607.083,428469.223,3259494.33,656647.082,1853684.64,0,361180.674,215200.11,43840.559,0,148794.117,364196.531,50569.35,130034.94,632175.352,117474.123,92964.173
ZAF,2016,XDC,4995183.217,579733.778,139386.701,41620.678,97641.302,124.721,513358.802,18160.771,58579.885,2903207.484,424050.064,3403998.203,702305.463,1893556.451,0,449429.54,289149.907,25902.691,0,74683.774,406978.035,57102.916,152493.264,483330.54,96403.238,101544.906
ZAF,2017,XDC,5282339.859,580070.326,144989.787,41781.688,103208.098,0,573563.952,18754.88,76072.459,3051205.72,459216.724,3605249.783,747617.952,2014518.725,0,478327.251,321417.923,17415.108,0,77481.251,462002.06,61664.14,141004.73,466973.704,113096.623,115451.006
ZAF,2018,XDC,5684012.923,599276.897,147761.042,41625.768,105091.13,1044.144,653982.394,20936.705,71311.414,3204034.091,540835.66,3837117.87,763750.458,2138095.97,0,515140.416,353769.688,31407.825,0,73174.298,474687.443,57486.633,170440.865,539334.471,59942.425,120850.149
ZAF,2019,XDC,6067097.321,632191.082,159044.906,38502.886,120542.02,0,730713.391,22959.136,77080.884,3387597.128,577232.607,4064869.755,787619.379,2258571.079,0,584188.663,381361.385,35311.317,0,78295.35,505527.438,60053.157,205347.486,527460.98,104730.102,163082.892
ZAF,2020,XDC,6786664.465,951639.387,166627.99,38003.976,127347.552,1276.462,842046.494,22768.475,70316.995,3445207.73,722024.472,4260317.672,948709.351,2563928.922,0,459738.21,375832.704,42334.362,0,143148.655,506486.018,43881.875,363711.736,573601.269,378038.118,199258.447
ZAF,2021,XDC,6929076.229,912728.623,176352.806,32695.224,139261.375,4396.207,940468.312,21425.644,68477.032,3594314.075,725000.935,4409217.686,1006511.288,2752436.285,0,442311.768,375785.021,68182.738,0,109212.3,543282.889,46354.106,375907.919,488131.435,424597.188,230651.683
ZAF,2022,XDC,7448898.224,866861.199,217827.909,37142.146,180675.172,10.591,1107890.576,21558.992,75701.893,3889213.565,750736.882,4737211.332,1035373.961,2921733.267,0,619413.882,377429.414,62106.175,0,114763.756,551624.366,21363.038,348476.939,609775.934,257085.265,267730.282
ZAF,2023,XDC,7795083.764,899434.125,251673.582,34171.707,217490.713,11.162,1198853.987,20723.053,52392.993,4047397.105,847747.901,4968261.052,1120814.967,3193848.461,0,618929.585,396879.129,60776.103,0,134715.814,579575.116,22036.388,295079.933,613445.952,285988.173,282121.299
ZAF,2024,XDC,8433525.038,985810.627,357689.567,33814.457,323873.247,1.863,1364629.811,24468.36,54857.04,4225578.579,920260.843,5225164.822,1143461.253,3542017.814,0,588821.031,438587.785,61029.57,0,112950.062,620777.184,34596.492,377620.347,711228.823,274581.804,302204.464
ZAF,2025,XDC,9202844.85,1053126.575,409036.75,30031.206,379003.49,2.054,1507451.424,29451.724,42095.462,4523479.883,1087739.546,5682766.615,1222566.321,3908442.207,0,572991.983,498053.389,71962.519,0,113416.211,681903.264,25006.438,392844.661,876587.303,176539.272,288607.069
ZMB,2015,XDC,69834.959,12049.201,12196.667,1733.504,10463.163,0,9503.013,50.443,285.159,28750.087,275.221,29360.91,23968.474,18553.684,46.73,0,0,2753.017,0,0,8779.944,348.115,4269.314,4998.385,7050.816,-607.873
ZMB,2016,XDC,71443.058,13215.028,14092.423,1769.154,12323.27,0,10740.992,74.459,222.565,26060.191,283.668,26640.883,24478.573,15275.159,46.73,0,0,2766.505,0,0,9253.109,176.762,6074.972,6550.244,6664.784,67.271
ZMB,2017,XDC,79213.5,14806.7,8920.759,1745.536,7175.223,0,20412.261,35.754,412.472,27437.238,288.974,28174.438,28353.585,20022.108,46.73,0,0,2588.632,0,0,10296.58,339.065,5219.086,5528.511,9278.189,-80.137
ZMB,2018,XDC,91426.505,20497.584,7744.382,1792.006,5952.376,0,22881.401,67.33,488.565,32023.505,548.591,33127.991,34830.599,21610.548,36.182,0,0,2423.207,0,0,10342.566,360.203,7087.247,5943.844,14553.74,1616.961
ZMB,2019,XDC,103113.682,19808.53,11022.524,1830.973,9191.552,0,25427.416,83.335,725.016,37546.12,220.672,38575.143,38193.796,25847.522,36.182,0,0,2476.56,0,0,11712.85,638.684,7644.66,6757.272,13051.258,1526.085
ZMB,2020,XDC,150028.368,35239.133,17794.823,2550.497,15244.326,0,43700.595,51.414,1147.604,40752.193,168.322,42119.532,61578.87,32327.483,36.182,0,0,3521.227,0,0,14066.085,5901.049,11644.409,7180.122,28059.011,2598.655
ZMB,2021,XDC,169324.563,34165.282,25059.135,4319.434,20739.7,0,59016.74,40.528,870.544,37577.452,189.411,38677.936,64060.965,34244.353,36.182,0,0,3018.561,0,0,19827.778,10660.625,16006.343,8668.514,25496.768,395.769
ZMB,2022,XDC,209676.468,43266.744,30970.836,2474.577,28496.26,0,67948.546,41.475,1358.176,50453.626,521.355,52374.631,78421.037,43217.073,36.182,0,0,2371.676,0,0,24982.131,11073.683,26817.998,8177.725,35089.019,-536.749
ZMB,2023,XDC,254791.281,44933.851,46879.057,1971.998,44907.06,0,68389.602,14.753,4726.659,71259.322,1079.699,77080.433,97812.64,53973.848,36.182,0,0,3325.189,0,0,31008.06,10377.068,30678.809,9522.856,35410.995,548.289
ZMB,2024,XDC,292207.375,53518.553,62639.175,2861.72,59777.455,0,64039.411,66.043,4637.874,85841.399,1346.452,91891.768,115200.862,72565.884,36.182,0,0,7369.193,0,0,37042.971,6938.492,28388.471,6361.422,47157.131,-1814.571
ZMB,2025,XDC,323991.06,48341.83,65548.44,3727.49,61820.95,0,81842.27,120.44,4980.95,99266.19,1733.79,106101.37,129759.73,73065.7,36.18,0,0,7396.77,0,0,45259.54,7918.77,31164.68,9553.66,38788.17,-2321.06
ZWE,2015,XDC,7327.903,359.394,752.898,0.834,752.064,0,1134.075,45.258,61.141,3602.216,70.837,3779.451,3051.31,1632.98,0,44.657,0,38.99,0,0,1100.555,147.001,28.623,363.561,-4.167,-381.858
ZWE,2016,XDC,8438.066,297.837,1643.116,16.563,1626.553,0,1421.191,34.237,86.631,3497.107,65.767,3683.742,4032.569,1471.657,0,62.894,0,1.918,0,0,1271.826,68.635,42.165,279.736,18.101,-185.514
ZWE,2017,XDC,10809.375,266.139,2604.576,12.577,2591.998,0,2426.572,46.177,168.918,3693.649,43.173,3951.917,5977.559,1401.725,0,68.638,0,6.153,0,0,1530.398,113.727,94.605,467.392,-201.253,-410.994
ZWE,2018,XDC,5.469,0.162,1.63,0.008,1.621,0,1.216,0.015,0.063,1.616,0.021,1.715,3.171,0.604,0,0.023,0,0.016,0,0,0.723,0.092,0.017,0.21,-0.048,-0.132
ZWE,2019,XDC,22.371,5.182,5.608,0.068,5.54,0,1.698,0.011,0.12,4.417,0.029,4.577,12.439,0.756,0,0.098,0,0.048,0,0,4.047,0.072,0.047,1.331,3.851,-1.772
ZWE,2020,XDC,125.217,35.8,30.919,0.473,30.446,0,4.841,0.015,0.508,29.598,0.163,30.284,76.462,3.965,0,0.575,0,0.117,0,0,20.827,0.528,1.737,5.678,30.122,-8.044
ZWE,2021,XDC,283.734,70.204,48.541,1.136,47.405,0,16.598,0.068,1.194,88.423,3.11,92.796,172.226,14.969,0,1.479,0,0.056,0,0,47.571,1.124,1.609,9.488,60.717,-20.383
ZWE,2022,XDC,1465.13,262.89,262.392,1.345,261.047,0,115.642,0.113,20.148,430.207,61.641,512.11,832.896,93.412,0,5.662,0,0.301,0,0,285.642,4.241,3.148,71.162,191.728,-143.431
ZWE,2023,XDC,13294.857,2292.803,2392.063,1.36,2390.703,0,1056.474,0.029,168.052,4376.236,73.142,4617.459,7023.968,515.144,0,17.133,0,55.517,0,0,2994.881,22.074,80.635,734.308,1558.495,-1084.862
ZWE,2024,XDC,154833.133,20113.361,29908.44,68.671,29561.471,278.298,13929.031,0,551.317,51294.514,3791.255,55637.087,71536.874,6116.825,0,995.701,0,351.531,0,34.532,38602.375,233.008,8453.887,11000.392,9112.969,-17737.207
ZWE,2025,XDC,198195.367,27538.144,40660.31,369.842,39802.573,487.894,17041.289,20.773,652.182,69270.633,4965.424,74909.011,91112.502,15769.313,0,403.791,0,319.39,0,21.042,42447.788,62.577,13435.792,17646.741,9891.403,-21070.183
