iso3,topic,indicator,value
AFG,Dealing with construction permits,Building quality control index (0-15) (DB16-20 methodology),3
AFG,Dealing with construction permits,Cost (% of Warehouse value),75.6
AFG,Dealing with construction permits,Liability and insurance regimes index (0-2) (DB16-20 methodology),1
AFG,Dealing with construction permits,Procedures (number),13
AFG,Dealing with construction permits,Professional certifications index (0-4) (DB16-20 methodology),0
AFG,Dealing with construction permits,Quality control after construction index (0-3) (DB16-20 methodology),0
AFG,Dealing with construction permits,Quality control before construction index (0-1) (DB16-20 methodology),1
AFG,Dealing with construction permits,Quality control during construction index (0-3) (DB16-20 methodology),0
AFG,Dealing with construction permits,Quality of building regulations index (0-2) (DB16-20 methodology),1
AFG,Dealing with construction permits,Time (days),199
AFG,Enforcing contracts,Alternative dispute resolution (0-3) (DB17-20 methodology),2
AFG,Enforcing contracts,Attorney fees (% of claim),24
AFG,Enforcing contracts,Case management (0-6) (DB17-20 methodology),1
AFG,Enforcing contracts,Cost (% of claim),29
AFG,Enforcing contracts,Court automation (0-4) (DB17-20 methodology),0
AFG,Enforcing contracts,Court fees (% of claim),5
AFG,Enforcing contracts,Court structure and proceedings (0-5) (DB17-20 methodology),2
AFG,Enforcing contracts,Enforcement fees (% of claim),0
AFG,Enforcing contracts,Enforcement of judgment (days),182
AFG,Enforcing contracts,Filing and service (days),40
AFG,Enforcing contracts,Quality of judicial processes index (0-18) (DB17-20 methodology),5
AFG,Enforcing contracts,Time (days),1642
AFG,Enforcing contracts,Trial and judgment (days),1420
AFG,Getting credit,Credit bureau coverage (% of adults),0
AFG,Getting credit,Credit registry coverage (% of adults),1.5
AFG,Getting credit,Depth of credit information index (0-8) (DB15-20 methodology),0
AFG,Getting credit,Getting Credit total score (DB15-20 methodology),10
AFG,Getting credit,Strength of legal rights index (0-12) (DB15-20 methodology),10
AFG,Paying taxes,Labor tax and contributions (% of profit),0
AFG,Paying taxes,Other taxes (% of profit),71.4
AFG,Paying taxes,Payments (number per year),19
AFG,Paying taxes,Profit tax (% of profit),0
AFG,Paying taxes,Time (hours per year),270
AFG,Paying taxes,Time to complete a corporate income tax correction (weeks) (DB17-20 methodology),33.14286
AFG,Paying taxes,Time to comply with a corporate income tax correction (hours) (DB17-20 methodology),111
AFG,Paying taxes,Total tax and contribution rate (% of profit),71.4
AFG,Registering property,Cost (% of property value),5
AFG,Registering property,Equal access to property rights index (-2-0) (DB17-20 methodology),0
AFG,Registering property,Geographic coverage index (0-8) (DB17-20 methodology),0
AFG,Registering property,Land dispute resolution index (0-8) (DB17-20 methodology),3
AFG,Registering property,Procedures (number),9
AFG,Registering property,Quality of land administration index (0-30) (DB17-20 methodology),3
AFG,Registering property,Reliability of infrastructure index (0-8) (DB17-20 methodology),0
AFG,Registering property,Time (days),250
AFG,Registering property,Transparency of information index (0-6) (DB17-20 methodology),0
AFG,Resolving insolvency,Commencement of proceedings index (0-3) (DB15-20 methodology),2
AFG,Resolving insolvency,Cost (% of estate),25
AFG,Resolving insolvency,Creditor participation index (0-4) (DB15-20 methodology),2
AFG,Resolving insolvency,Management of debtor's assets index (0-6) (DB15-20 methodology),6
AFG,Resolving insolvency,Outcome (0 as piecemeal sale and 1 as going concern),0
AFG,Resolving insolvency,Recovery rate (cents on the dollar),26.7
AFG,Resolving insolvency,Reorganization proceedings index (0-3) (DB15-20 methodology),2
AFG,Resolving insolvency,Strength of insolvency framework index (0-16),12
AFG,Resolving insolvency,Time (years),2
AFG,Starting a business,Cost - Men (% of income per capita),6.8
AFG,Starting a business,Cost - Women (% of income per capita),6.8
AFG,Starting a business,Paid-in Minimum capital (% of income per capita),0
AFG,Starting a business,Procedures - Men (number),4
AFG,Starting a business,Procedures - Women (number),5
AFG,Starting a business,Time - Men (days),8
AFG,Starting a business,Time - Women (days),9
AFG,Trading across borders,Cost to export: Border compliance (USD) (DB16-20 methodology),452.7778
AFG,Trading across borders,Cost to export: Documentary compliance (USD) (DB16-20 methodology),344.4444
AFG,Trading across borders,Cost to import: Border compliance (USD) (DB16-20 methodology),750
AFG,Trading across borders,Cost to import: Documentary compliance (USD) (DB16-20 methodology),900
AFG,Trading across borders,Time to export: Border compliance (hours) (DB16-20 methodology),48
AFG,Trading across borders,Time to export: Documentary compliance (hours) (DB16-20 methodology),228
AFG,Trading across borders,Time to import: Border compliance (hours) (DB16-20 methodology),96
AFG,Trading across borders,Time to import: Documentary compliance (hours) (DB16-20 methodology),324
AGO,Dealing with construction permits,Building quality control index (0-15) (DB16-20 methodology),6
AGO,Dealing with construction permits,Cost (% of Warehouse value),1
AGO,Dealing with construction permits,Liability and insurance regimes index (0-2) (DB16-20 methodology),1
AGO,Dealing with construction permits,Procedures (number),12
AGO,Dealing with construction permits,Professional certifications index (0-4) (DB16-20 methodology),1
AGO,Dealing with construction permits,Quality control after construction index (0-3) (DB16-20 methodology),2
AGO,Dealing with construction permits,Quality control before construction index (0-1) (DB16-20 methodology),1
AGO,Dealing with construction permits,Quality control during construction index (0-3) (DB16-20 methodology),0
AGO,Dealing with construction permits,Quality of building regulations index (0-2) (DB16-20 methodology),1
AGO,Dealing with construction permits,Time (days),184
AGO,Enforcing contracts,Alternative dispute resolution (0-3) (DB17-20 methodology),2.5
AGO,Enforcing contracts,Attorney fees (% of claim),22.2
AGO,Enforcing contracts,Case management (0-6) (DB17-20 methodology),1.5
AGO,Enforcing contracts,Cost (% of claim),44.4
AGO,Enforcing contracts,Court automation (0-4) (DB17-20 methodology),0
AGO,Enforcing contracts,Court fees (% of claim),22.2
AGO,Enforcing contracts,Court structure and proceedings (0-5) (DB17-20 methodology),1.5
AGO,Enforcing contracts,Enforcement fees (% of claim),0
AGO,Enforcing contracts,Enforcement of judgment (days),440
AGO,Enforcing contracts,Filing and service (days),86
AGO,Enforcing contracts,Quality of judicial processes index (0-18) (DB17-20 methodology),5.5
AGO,Enforcing contracts,Time (days),1296
AGO,Enforcing contracts,Trial and judgment (days),770
AGO,Getting credit,Credit bureau coverage (% of adults),0
AGO,Getting credit,Credit registry coverage (% of adults),1.5
AGO,Getting credit,Depth of credit information index (0-8) (DB15-20 methodology),0
AGO,Getting credit,Getting Credit total score (DB15-20 methodology),1
AGO,Getting credit,Strength of legal rights index (0-12) (DB15-20 methodology),1
AGO,Paying taxes,Labor tax and contributions (% of profit),9
AGO,Paying taxes,Other taxes (% of profit),18.6
AGO,Paying taxes,Payments (number per year),31
AGO,Paying taxes,Profit tax (% of profit),21.5
AGO,Paying taxes,Time (hours per year),287
AGO,Paying taxes,Time to complete a corporate income tax correction (weeks) (DB17-20 methodology),0
AGO,Paying taxes,Time to comply with a corporate income tax correction (hours) (DB17-20 methodology),7
AGO,Paying taxes,Total tax and contribution rate (% of profit),49.1
AGO,Registering property,Cost (% of property value),2.7
AGO,Registering property,Equal access to property rights index (-2-0) (DB17-20 methodology),0
AGO,Registering property,Geographic coverage index (0-8) (DB17-20 methodology),0
AGO,Registering property,Land dispute resolution index (0-8) (DB17-20 methodology),4
AGO,Registering property,Procedures (number),6
AGO,Registering property,Quality of land administration index (0-30) (DB17-20 methodology),7
AGO,Registering property,Reliability of infrastructure index (0-8) (DB17-20 methodology),1
AGO,Registering property,Time (days),190
AGO,Registering property,Transparency of information index (0-6) (DB17-20 methodology),2
AGO,Resolving insolvency,Commencement of proceedings index (0-3) (DB15-20 methodology),2
AGO,Resolving insolvency,Creditor participation index (0-4) (DB15-20 methodology),0
AGO,Resolving insolvency,Management of debtor's assets index (0-6) (DB15-20 methodology),4
AGO,Resolving insolvency,Outcome (0 as piecemeal sale and 1 as going concern),0
AGO,Resolving insolvency,Recovery rate (cents on the dollar),0
AGO,Resolving insolvency,Reorganization proceedings index (0-3) (DB15-20 methodology),0
AGO,Resolving insolvency,Strength of insolvency framework index (0-16),0
AGO,Starting a business,Cost - Men (% of income per capita),11.1
AGO,Starting a business,Cost - Women (% of income per capita),11.1
AGO,Starting a business,Paid-in Minimum capital (% of income per capita),0
AGO,Starting a business,Procedures - Men (number),8
AGO,Starting a business,Procedures - Women (number),8
AGO,Starting a business,Time - Men (days),36
AGO,Starting a business,Time - Women (days),36
AGO,Trading across borders,Cost to export: Border compliance (USD) (DB16-20 methodology),825
AGO,Trading across borders,Cost to export: Documentary compliance (USD) (DB16-20 methodology),240
AGO,Trading across borders,Cost to import: Border compliance (USD) (DB16-20 methodology),1030
AGO,Trading across borders,Cost to import: Documentary compliance (USD) (DB16-20 methodology),460
AGO,Trading across borders,Time to export: Border compliance (hours) (DB16-20 methodology),164
AGO,Trading across borders,Time to export: Documentary compliance (hours) (DB16-20 methodology),96
AGO,Trading across borders,Time to import: Border compliance (hours) (DB16-20 methodology),72
AGO,Trading across borders,Time to import: Documentary compliance (hours) (DB16-20 methodology),96
ALB,Dealing with construction permits,Building quality control index (0-15) (DB16-20 methodology),13
ALB,Dealing with construction permits,Cost (% of Warehouse value),6.8
ALB,Dealing with construction permits,Liability and insurance regimes index (0-2) (DB16-20 methodology),2
ALB,Dealing with construction permits,Procedures (number),19
ALB,Dealing with construction permits,Professional certifications index (0-4) (DB16-20 methodology),3
ALB,Dealing with construction permits,Quality control after construction index (0-3) (DB16-20 methodology),3
ALB,Dealing with construction permits,Quality control before construction index (0-1) (DB16-20 methodology),1
ALB,Dealing with construction permits,Quality control during construction index (0-3) (DB16-20 methodology),2
ALB,Dealing with construction permits,Quality of building regulations index (0-2) (DB16-20 methodology),2
ALB,Dealing with construction permits,Time (days),324
ALB,Enforcing contracts,Alternative dispute resolution (0-3) (DB17-20 methodology),1.5
ALB,Enforcing contracts,Attorney fees (% of claim),25
ALB,Enforcing contracts,Case management (0-6) (DB17-20 methodology),1.5
ALB,Enforcing contracts,Cost (% of claim),42.7
ALB,Enforcing contracts,Court automation (0-4) (DB17-20 methodology),1
ALB,Enforcing contracts,Court fees (% of claim),5.7
ALB,Enforcing contracts,Court structure and proceedings (0-5) (DB17-20 methodology),3.5
ALB,Enforcing contracts,Enforcement fees (% of claim),12
ALB,Enforcing contracts,Enforcement of judgment (days),180
ALB,Enforcing contracts,Filing and service (days),45
ALB,Enforcing contracts,Quality of judicial processes index (0-18) (DB17-20 methodology),7.5
ALB,Enforcing contracts,Time (days),525
ALB,Enforcing contracts,Trial and judgment (days),300
ALB,Getting credit,Credit bureau coverage (% of adults),0
ALB,Getting credit,Credit registry coverage (% of adults),56.2
ALB,Getting credit,Depth of credit information index (0-8) (DB15-20 methodology),6
ALB,Getting credit,Getting Credit total score (DB15-20 methodology),14
ALB,Getting credit,Strength of legal rights index (0-12) (DB15-20 methodology),8
ALB,Paying taxes,Labor tax and contributions (% of profit),18.8
ALB,Paying taxes,Other taxes (% of profit),3.6
ALB,Paying taxes,Payments (number per year),35
ALB,Paying taxes,Profit tax (% of profit),14.1
ALB,Paying taxes,Time (hours per year),252
ALB,Paying taxes,Time to complete a corporate income tax correction (weeks) (DB17-20 methodology),14.71429
ALB,Paying taxes,Time to comply with VAT refund (hours) (DB17-20 methodology),9
ALB,Paying taxes,Time to comply with a corporate income tax correction (hours) (DB17-20 methodology),18
ALB,Paying taxes,Time to obtain VAT refund (weeks) (DB17-20 methodology),37.02381
ALB,Paying taxes,Total tax and contribution rate (% of profit),36.6
ALB,Registering property,Cost (% of property value),8.9
ALB,Registering property,Equal access to property rights index (-2-0) (DB17-20 methodology),0
ALB,Registering property,Geographic coverage index (0-8) (DB17-20 methodology),0
ALB,Registering property,Land dispute resolution index (0-8) (DB17-20 methodology),8
ALB,Registering property,Procedures (number),5
ALB,Registering property,Quality of land administration index (0-30) (DB17-20 methodology),16.5
ALB,Registering property,Reliability of infrastructure index (0-8) (DB17-20 methodology),6
ALB,Registering property,Time (days),19
ALB,Registering property,Transparency of information index (0-6) (DB17-20 methodology),2.5
ALB,Resolving insolvency,Commencement of proceedings index (0-3) (DB15-20 methodology),3
ALB,Resolving insolvency,Cost (% of estate),10
ALB,Resolving insolvency,Creditor participation index (0-4) (DB15-20 methodology),2
ALB,Resolving insolvency,Management of debtor's assets index (0-6) (DB15-20 methodology),6
ALB,Resolving insolvency,Outcome (0 as piecemeal sale and 1 as going concern),0
ALB,Resolving insolvency,Recovery rate (cents on the dollar),44.6
ALB,Resolving insolvency,Reorganization proceedings index (0-3) (DB15-20 methodology),3
ALB,Resolving insolvency,Strength of insolvency framework index (0-16),14
ALB,Resolving insolvency,Time (years),2
ALB,Starting a business,Cost - Men (% of income per capita),10.8
ALB,Starting a business,Cost - Women (% of income per capita),10.8
ALB,Starting a business,Paid-in Minimum capital (% of income per capita),0
ALB,Starting a business,Procedures - Men (number),5
ALB,Starting a business,Procedures - Women (number),5
ALB,Starting a business,Time - Men (days),4.5
ALB,Starting a business,Time - Women (days),4.5
ALB,Trading across borders,Cost to export: Border compliance (USD) (DB16-20 methodology),54.67
ALB,Trading across borders,Cost to export: Documentary compliance (USD) (DB16-20 methodology),10
ALB,Trading across borders,Cost to import: Border compliance (USD) (DB16-20 methodology),77.3
ALB,Trading across borders,Cost to import: Documentary compliance (USD) (DB16-20 methodology),10
ALB,Trading across borders,Time to export: Border compliance (hours) (DB16-20 methodology),9
ALB,Trading across borders,Time to export: Documentary compliance (hours) (DB16-20 methodology),6
ALB,Trading across borders,Time to import: Border compliance (hours) (DB16-20 methodology),10
ALB,Trading across borders,Time to import: Documentary compliance (hours) (DB16-20 methodology),8
ARE,Dealing with construction permits,Building quality control index (0-15) (DB16-20 methodology),15
ARE,Dealing with construction permits,Cost (% of Warehouse value),2.2
ARE,Dealing with construction permits,Liability and insurance regimes index (0-2) (DB16-20 methodology),2
ARE,Dealing with construction permits,Procedures (number),11
ARE,Dealing with construction permits,Professional certifications index (0-4) (DB16-20 methodology),4
ARE,Dealing with construction permits,Quality control after construction index (0-3) (DB16-20 methodology),3
ARE,Dealing with construction permits,Quality control before construction index (0-1) (DB16-20 methodology),1
ARE,Dealing with construction permits,Quality control during construction index (0-3) (DB16-20 methodology),3
ARE,Dealing with construction permits,Quality of building regulations index (0-2) (DB16-20 methodology),2
ARE,Dealing with construction permits,Time (days),47.5
ARE,Enforcing contracts,Alternative dispute resolution (0-3) (DB17-20 methodology),2
ARE,Enforcing contracts,Attorney fees (% of claim),10
ARE,Enforcing contracts,Case management (0-6) (DB17-20 methodology),4
ARE,Enforcing contracts,Cost (% of claim),21
ARE,Enforcing contracts,Court automation (0-4) (DB17-20 methodology),3
ARE,Enforcing contracts,Court fees (% of claim),9.4
ARE,Enforcing contracts,Court structure and proceedings (0-5) (DB17-20 methodology),5
ARE,Enforcing contracts,Enforcement fees (% of claim),1.6
ARE,Enforcing contracts,Enforcement of judgment (days),144
ARE,Enforcing contracts,Filing and service (days),21
ARE,Enforcing contracts,Quality of judicial processes index (0-18) (DB17-20 methodology),14
ARE,Enforcing contracts,Time (days),445
ARE,Enforcing contracts,Trial and judgment (days),280
ARE,Getting credit,Credit bureau coverage (% of adults),51.3
ARE,Getting credit,Credit registry coverage (% of adults),12
ARE,Getting credit,Depth of credit information index (0-8) (DB15-20 methodology),8
ARE,Getting credit,Getting Credit total score (DB15-20 methodology),14
ARE,Getting credit,Strength of legal rights index (0-12) (DB15-20 methodology),6
ARE,Paying taxes,Labor tax and contributions (% of profit),14.1
ARE,Paying taxes,Other taxes (% of profit),1.8
ARE,Paying taxes,Payments (number per year),5
ARE,Paying taxes,Profit tax (% of profit),0
ARE,Paying taxes,Time (hours per year),158
ARE,Paying taxes,Time to complete a corporate income tax correction (weeks) (DB17-20 methodology),No corporate income tax
ARE,Paying taxes,Time to comply with VAT refund (hours) (DB17-20 methodology),28
ARE,Paying taxes,Time to comply with a corporate income tax correction (hours) (DB17-20 methodology),No corporate income tax
ARE,Paying taxes,Time to obtain VAT refund (weeks) (DB17-20 methodology),20.80952
ARE,Paying taxes,Total tax and contribution rate (% of profit),15.9
ARE,Registering property,Cost (% of property value),.2
ARE,Registering property,Equal access to property rights index (-2-0) (DB17-20 methodology),0
ARE,Registering property,Geographic coverage index (0-8) (DB17-20 methodology),4
ARE,Registering property,Land dispute resolution index (0-8) (DB17-20 methodology),6.5
ARE,Registering property,Procedures (number),2
ARE,Registering property,Quality of land administration index (0-30) (DB17-20 methodology),21
ARE,Registering property,Reliability of infrastructure index (0-8) (DB17-20 methodology),8
ARE,Registering property,Time (days),1.5
ARE,Registering property,Transparency of information index (0-6) (DB17-20 methodology),2.5
ARE,Resolving insolvency,Commencement of proceedings index (0-3) (DB15-20 methodology),2
ARE,Resolving insolvency,Cost (% of estate),20
ARE,Resolving insolvency,Creditor participation index (0-4) (DB15-20 methodology),1
ARE,Resolving insolvency,Management of debtor's assets index (0-6) (DB15-20 methodology),6
ARE,Resolving insolvency,Outcome (0 as piecemeal sale and 1 as going concern),0
ARE,Resolving insolvency,Recovery rate (cents on the dollar),27.7
ARE,Resolving insolvency,Reorganization proceedings index (0-3) (DB15-20 methodology),2
ARE,Resolving insolvency,Strength of insolvency framework index (0-16),11
ARE,Resolving insolvency,Time (years),3.2
ARE,Starting a business,Cost - Men (% of income per capita),17.2
ARE,Starting a business,Cost - Women (% of income per capita),17.2
ARE,Starting a business,Paid-in Minimum capital (% of income per capita),0
ARE,Starting a business,Procedures - Men (number),2
ARE,Starting a business,Procedures - Women (number),3
ARE,Starting a business,Time - Men (days),3.5
ARE,Starting a business,Time - Women (days),4.5
ARE,Trading across borders,Cost to export: Border compliance (USD) (DB16-20 methodology),461.6667
ARE,Trading across borders,Cost to export: Documentary compliance (USD) (DB16-20 methodology),140
ARE,Trading across borders,Cost to import: Border compliance (USD) (DB16-20 methodology),553.3333
ARE,Trading across borders,Cost to import: Documentary compliance (USD) (DB16-20 methodology),283.3333
ARE,Trading across borders,Time to export: Border compliance (hours) (DB16-20 methodology),27
ARE,Trading across borders,Time to export: Documentary compliance (hours) (DB16-20 methodology),4.5
ARE,Trading across borders,Time to import: Border compliance (hours) (DB16-20 methodology),54
ARE,Trading across borders,Time to import: Documentary compliance (hours) (DB16-20 methodology),12
ARG,Dealing with construction permits,Building quality control index (0-15) (DB16-20 methodology),11
ARG,Dealing with construction permits,Cost (% of Warehouse value),3.1
ARG,Dealing with construction permits,Liability and insurance regimes index (0-2) (DB16-20 methodology),1
ARG,Dealing with construction permits,Procedures (number),17
ARG,Dealing with construction permits,Professional certifications index (0-4) (DB16-20 methodology),2
ARG,Dealing with construction permits,Quality control after construction index (0-3) (DB16-20 methodology),3
ARG,Dealing with construction permits,Quality control before construction index (0-1) (DB16-20 methodology),1
ARG,Dealing with construction permits,Quality control during construction index (0-3) (DB16-20 methodology),2
ARG,Dealing with construction permits,Quality of building regulations index (0-2) (DB16-20 methodology),2
ARG,Dealing with construction permits,Time (days),318
ARG,Enforcing contracts,Alternative dispute resolution (0-3) (DB17-20 methodology),2
ARG,Enforcing contracts,Attorney fees (% of claim),15
ARG,Enforcing contracts,Case management (0-6) (DB17-20 methodology),4
ARG,Enforcing contracts,Cost (% of claim),22.5
ARG,Enforcing contracts,Court automation (0-4) (DB17-20 methodology),2
ARG,Enforcing contracts,Court fees (% of claim),6.5
ARG,Enforcing contracts,Court structure and proceedings (0-5) (DB17-20 methodology),4.5
ARG,Enforcing contracts,Enforcement fees (% of claim),1
ARG,Enforcing contracts,Enforcement of judgment (days),365
ARG,Enforcing contracts,Filing and service (days),90
ARG,Enforcing contracts,Quality of judicial processes index (0-18) (DB17-20 methodology),12.5
ARG,Enforcing contracts,Time (days),995
ARG,Enforcing contracts,Trial and judgment (days),540
ARG,Getting credit,Credit bureau coverage (% of adults),100
ARG,Getting credit,Credit registry coverage (% of adults),48.1
ARG,Getting credit,Depth of credit information index (0-8) (DB15-20 methodology),8
ARG,Getting credit,Getting Credit total score (DB15-20 methodology),10
ARG,Getting credit,Strength of legal rights index (0-12) (DB15-20 methodology),2
ARG,Paying taxes,Labor tax and contributions (% of profit),29.9
ARG,Paying taxes,Other taxes (% of profit),72.8
ARG,Paying taxes,Payments (number per year),9
ARG,Paying taxes,Profit tax (% of profit),3.6
ARG,Paying taxes,Time (hours per year),311.5
ARG,Paying taxes,Time to complete a corporate income tax correction (weeks) (DB17-20 methodology),0
ARG,Paying taxes,Time to comply with VAT refund (hours) (DB17-20 methodology),No VAT refund per case study scenario
ARG,Paying taxes,Time to comply with a corporate income tax correction (hours) (DB17-20 methodology),6
ARG,Paying taxes,Time to obtain VAT refund (weeks) (DB17-20 methodology),No VAT refund per case study scenario
ARG,Paying taxes,Total tax and contribution rate (% of profit),106.3
ARG,Registering property,Cost (% of property value),6.6
ARG,Registering property,Equal access to property rights index (-2-0) (DB17-20 methodology),0
ARG,Registering property,Geographic coverage index (0-8) (DB17-20 methodology),2
ARG,Registering property,Land dispute resolution index (0-8) (DB17-20 methodology),4
ARG,Registering property,Procedures (number),7
ARG,Registering property,Quality of land administration index (0-30) (DB17-20 methodology),13.5
ARG,Registering property,Reliability of infrastructure index (0-8) (DB17-20 methodology),5
ARG,Registering property,Time (days),51.5
ARG,Registering property,Transparency of information index (0-6) (DB17-20 methodology),2.5
ARG,Resolving insolvency,Commencement of proceedings index (0-3) (DB15-20 methodology),2.5
ARG,Resolving insolvency,Cost (% of estate),16.5
ARG,Resolving insolvency,Creditor participation index (0-4) (DB15-20 methodology),1
ARG,Resolving insolvency,Management of debtor's assets index (0-6) (DB15-20 methodology),4
ARG,Resolving insolvency,Outcome (0 as piecemeal sale and 1 as going concern),0
ARG,Resolving insolvency,Recovery rate (cents on the dollar),19.2
ARG,Resolving insolvency,Reorganization proceedings index (0-3) (DB15-20 methodology),2
ARG,Resolving insolvency,Strength of insolvency framework index (0-16),9.5
ARG,Resolving insolvency,Time (years),2.4
ARG,Starting a business,Cost - Men (% of income per capita),5
ARG,Starting a business,Cost - Women (% of income per capita),5
ARG,Starting a business,Paid-in Minimum capital (% of income per capita),0
ARG,Starting a business,Procedures - Men (number),12
ARG,Starting a business,Procedures - Women (number),12
ARG,Starting a business,Time - Men (days),11.5
ARG,Starting a business,Time - Women (days),11.5
ARG,Trading across borders,Cost to export: Border compliance (USD) (DB16-20 methodology),150
ARG,Trading across borders,Cost to export: Documentary compliance (USD) (DB16-20 methodology),60
ARG,Trading across borders,Cost to import: Border compliance (USD) (DB16-20 methodology),1200
ARG,Trading across borders,Cost to import: Documentary compliance (USD) (DB16-20 methodology),120
ARG,Trading across borders,Time to export: Border compliance (hours) (DB16-20 methodology),21
ARG,Trading across borders,Time to export: Documentary compliance (hours) (DB16-20 methodology),25
ARG,Trading across borders,Time to import: Border compliance (hours) (DB16-20 methodology),60
ARG,Trading across borders,Time to import: Documentary compliance (hours) (DB16-20 methodology),166
ARM,Dealing with construction permits,Building quality control index (0-15) (DB16-20 methodology),12
ARM,Dealing with construction permits,Cost (% of Warehouse value),1.3
ARM,Dealing with construction permits,Liability and insurance regimes index (0-2) (DB16-20 methodology),0
ARM,Dealing with construction permits,Procedures (number),20
ARM,Dealing with construction permits,Professional certifications index (0-4) (DB16-20 methodology),4
ARM,Dealing with construction permits,Quality control after construction index (0-3) (DB16-20 methodology),3
ARM,Dealing with construction permits,Quality control before construction index (0-1) (DB16-20 methodology),1
ARM,Dealing with construction permits,Quality control during construction index (0-3) (DB16-20 methodology),2
ARM,Dealing with construction permits,Quality of building regulations index (0-2) (DB16-20 methodology),2
ARM,Dealing with construction permits,Time (days),99
ARM,Enforcing contracts,Alternative dispute resolution (0-3) (DB17-20 methodology),3
ARM,Enforcing contracts,Attorney fees (% of claim),12
ARM,Enforcing contracts,Case management (0-6) (DB17-20 methodology),3
ARM,Enforcing contracts,Cost (% of claim),16
ARM,Enforcing contracts,Court automation (0-4) (DB17-20 methodology),2
ARM,Enforcing contracts,Court fees (% of claim),4
ARM,Enforcing contracts,Court structure and proceedings (0-5) (DB17-20 methodology),3.5
ARM,Enforcing contracts,Enforcement fees (% of claim),0
ARM,Enforcing contracts,Enforcement of judgment (days),120
ARM,Enforcing contracts,Filing and service (days),30
ARM,Enforcing contracts,Quality of judicial processes index (0-18) (DB17-20 methodology),11.5
ARM,Enforcing contracts,Time (days),570
ARM,Enforcing contracts,Trial and judgment (days),420
ARM,Getting credit,Credit bureau coverage (% of adults),82.5
ARM,Getting credit,Credit registry coverage (% of adults),0
ARM,Getting credit,Depth of credit information index (0-8) (DB15-20 methodology),8
ARM,Getting credit,Getting Credit total score (DB15-20 methodology),14
ARM,Getting credit,Strength of legal rights index (0-12) (DB15-20 methodology),6
ARM,Paying taxes,Labor tax and contributions (% of profit),0
ARM,Paying taxes,Other taxes (% of profit),.8
ARM,Paying taxes,Payments (number per year),15
ARM,Paying taxes,Profit tax (% of profit),21.8
ARM,Paying taxes,Time (hours per year),264
ARM,Paying taxes,Time to complete a corporate income tax correction (weeks) (DB17-20 methodology),0
ARM,Paying taxes,Time to comply with VAT refund (hours) (DB17-20 methodology),14.75
ARM,Paying taxes,Time to comply with a corporate income tax correction (hours) (DB17-20 methodology),3.5
ARM,Paying taxes,Time to obtain VAT refund (weeks) (DB17-20 methodology),28.64286
ARM,Paying taxes,Total tax and contribution rate (% of profit),22.6
ARM,Registering property,Cost (% of property value),.1
ARM,Registering property,Equal access to property rights index (-2-0) (DB17-20 methodology),0
ARM,Registering property,Geographic coverage index (0-8) (DB17-20 methodology),4
ARM,Registering property,Land dispute resolution index (0-8) (DB17-20 methodology),7
ARM,Registering property,Procedures (number),3
ARM,Registering property,Quality of land administration index (0-30) (DB17-20 methodology),22.5
ARM,Registering property,Reliability of infrastructure index (0-8) (DB17-20 methodology),7
ARM,Registering property,Time (days),8
ARM,Registering property,Transparency of information index (0-6) (DB17-20 methodology),4.5
ARM,Resolving insolvency,Commencement of proceedings index (0-3) (DB15-20 methodology),2.5
ARM,Resolving insolvency,Cost (% of estate),11
ARM,Resolving insolvency,Creditor participation index (0-4) (DB15-20 methodology),1
ARM,Resolving insolvency,Management of debtor's assets index (0-6) (DB15-20 methodology),2
ARM,Resolving insolvency,Outcome (0 as piecemeal sale and 1 as going concern),0
ARM,Resolving insolvency,Recovery rate (cents on the dollar),39.2
ARM,Resolving insolvency,Reorganization proceedings index (0-3) (DB15-20 methodology),2
ARM,Resolving insolvency,Strength of insolvency framework index (0-16),7.5
ARM,Resolving insolvency,Time (years),1.9
ARM,Starting a business,Cost - Men (% of income per capita),.8
ARM,Starting a business,Cost - Women (% of income per capita),.8
ARM,Starting a business,Paid-in Minimum capital (% of income per capita),0
ARM,Starting a business,Procedures - Men (number),3
ARM,Starting a business,Procedures - Women (number),3
ARM,Starting a business,Time - Men (days),4
ARM,Starting a business,Time - Women (days),4
ARM,Trading across borders,Cost to export: Border compliance (USD) (DB16-20 methodology),100
ARM,Trading across borders,Cost to export: Documentary compliance (USD) (DB16-20 methodology),100
ARM,Trading across borders,Cost to import: Border compliance (USD) (DB16-20 methodology),0
ARM,Trading across borders,Cost to import: Documentary compliance (USD) (DB16-20 methodology),100
ARM,Trading across borders,Time to export: Border compliance (hours) (DB16-20 methodology),26.53846
ARM,Trading across borders,Time to export: Documentary compliance (hours) (DB16-20 methodology),2
ARM,Trading across borders,Time to import: Border compliance (hours) (DB16-20 methodology),2.538462
ARM,Trading across borders,Time to import: Documentary compliance (hours) (DB16-20 methodology),1.615385
ATG,Dealing with construction permits,Building quality control index (0-15) (DB16-20 methodology),9
ATG,Dealing with construction permits,Cost (% of Warehouse value),1.4
ATG,Dealing with construction permits,Liability and insurance regimes index (0-2) (DB16-20 methodology),0
ATG,Dealing with construction permits,Procedures (number),19
ATG,Dealing with construction permits,Professional certifications index (0-4) (DB16-20 methodology),4
ATG,Dealing with construction permits,Quality control after construction index (0-3) (DB16-20 methodology),2
ATG,Dealing with construction permits,Quality control before construction index (0-1) (DB16-20 methodology),0
ATG,Dealing with construction permits,Quality control during construction index (0-3) (DB16-20 methodology),1
ATG,Dealing with construction permits,Quality of building regulations index (0-2) (DB16-20 methodology),2
ATG,Dealing with construction permits,Time (days),144
ATG,Enforcing contracts,Alternative dispute resolution (0-3) (DB17-20 methodology),2.5
ATG,Enforcing contracts,Attorney fees (% of claim),17.5
ATG,Enforcing contracts,Case management (0-6) (DB17-20 methodology),3
ATG,Enforcing contracts,Cost (% of claim),27.1
ATG,Enforcing contracts,Court automation (0-4) (DB17-20 methodology),1.5
ATG,Enforcing contracts,Court fees (% of claim),7
ATG,Enforcing contracts,Court structure and proceedings (0-5) (DB17-20 methodology),4.5
ATG,Enforcing contracts,Enforcement fees (% of claim),2.6
ATG,Enforcing contracts,Enforcement of judgment (days),90
ATG,Enforcing contracts,Filing and service (days),21
ATG,Enforcing contracts,Quality of judicial processes index (0-18) (DB17-20 methodology),11.5
ATG,Enforcing contracts,Time (days),476
ATG,Enforcing contracts,Trial and judgment (days),365
ATG,Getting credit,Credit bureau coverage (% of adults),0
ATG,Getting credit,Credit registry coverage (% of adults),0
ATG,Getting credit,Depth of credit information index (0-8) (DB15-20 methodology),0
ATG,Getting credit,Getting Credit total score (DB15-20 methodology),5
ATG,Getting credit,Strength of legal rights index (0-12) (DB15-20 methodology),5
ATG,Paying taxes,Labor tax and contributions (% of profit),12.1
ATG,Paying taxes,Other taxes (% of profit),5.3
ATG,Paying taxes,Payments (number per year),57
ATG,Paying taxes,Profit tax (% of profit),25.5
ATG,Paying taxes,Time (hours per year),177
ATG,Paying taxes,Time to complete a corporate income tax correction (weeks) (DB17-20 methodology),0
ATG,Paying taxes,Time to comply with VAT refund (hours) (DB17-20 methodology),12
ATG,Paying taxes,Time to comply with a corporate income tax correction (hours) (DB17-20 methodology),3
ATG,Paying taxes,Time to obtain VAT refund (weeks) (DB17-20 methodology),52.7381
ATG,Paying taxes,Total tax and contribution rate (% of profit),43
ATG,Registering property,Cost (% of property value),10.8
ATG,Registering property,Equal access to property rights index (-2-0) (DB17-20 methodology),0
ATG,Registering property,Geographic coverage index (0-8) (DB17-20 methodology),4
ATG,Registering property,Land dispute resolution index (0-8) (DB17-20 methodology),7.5
ATG,Registering property,Procedures (number),7
ATG,Registering property,Quality of land administration index (0-30) (DB17-20 methodology),19
ATG,Registering property,Reliability of infrastructure index (0-8) (DB17-20 methodology),6
ATG,Registering property,Time (days),32
ATG,Registering property,Transparency of information index (0-6) (DB17-20 methodology),1.5
ATG,Resolving insolvency,Commencement of proceedings index (0-3) (DB15-20 methodology),2
ATG,Resolving insolvency,Cost (% of estate),7
ATG,Resolving insolvency,Creditor participation index (0-4) (DB15-20 methodology),1
ATG,Resolving insolvency,Management of debtor's assets index (0-6) (DB15-20 methodology),2
ATG,Resolving insolvency,Outcome (0 as piecemeal sale and 1 as going concern),0
ATG,Resolving insolvency,Recovery rate (cents on the dollar),37.1
ATG,Resolving insolvency,Reorganization proceedings index (0-3) (DB15-20 methodology),0
ATG,Resolving insolvency,Strength of insolvency framework index (0-16),5
ATG,Resolving insolvency,Time (years),3
ATG,Starting a business,Cost - Men (% of income per capita),8
ATG,Starting a business,Cost - Women (% of income per capita),8
ATG,Starting a business,Paid-in Minimum capital (% of income per capita),0
ATG,Starting a business,Procedures - Men (number),9
ATG,Starting a business,Procedures - Women (number),9
ATG,Starting a business,Time - Men (days),19
ATG,Starting a business,Time - Women (days),19
ATG,Trading across borders,Cost to export: Border compliance (USD) (DB16-20 methodology),546.3889
ATG,Trading across borders,Cost to export: Documentary compliance (USD) (DB16-20 methodology),120.8333
ATG,Trading across borders,Cost to import: Border compliance (USD) (DB16-20 methodology),546.3889
ATG,Trading across borders,Cost to import: Documentary compliance (USD) (DB16-20 methodology),100
ATG,Trading across borders,Time to export: Border compliance (hours) (DB16-20 methodology),61.33333
ATG,Trading across borders,Time to export: Documentary compliance (hours) (DB16-20 methodology),50.66667
ATG,Trading across borders,Time to import: Border compliance (hours) (DB16-20 methodology),61.33333
ATG,Trading across borders,Time to import: Documentary compliance (hours) (DB16-20 methodology),48
AUS,Dealing with construction permits,Building quality control index (0-15) (DB16-20 methodology),14
AUS,Dealing with construction permits,Cost (% of Warehouse value),.6
AUS,Dealing with construction permits,Liability and insurance regimes index (0-2) (DB16-20 methodology),1
AUS,Dealing with construction permits,Procedures (number),11
AUS,Dealing with construction permits,Professional certifications index (0-4) (DB16-20 methodology),4
AUS,Dealing with construction permits,Quality control after construction index (0-3) (DB16-20 methodology),3
AUS,Dealing with construction permits,Quality control before construction index (0-1) (DB16-20 methodology),1
AUS,Dealing with construction permits,Quality control during construction index (0-3) (DB16-20 methodology),3
AUS,Dealing with construction permits,Quality of building regulations index (0-2) (DB16-20 methodology),2
AUS,Dealing with construction permits,Time (days),120.5
AUS,Enforcing contracts,Alternative dispute resolution (0-3) (DB17-20 methodology),2.5
AUS,Enforcing contracts,Attorney fees (% of claim),18.5
AUS,Enforcing contracts,Case management (0-6) (DB17-20 methodology),5.5
AUS,Enforcing contracts,Cost (% of claim),23.2
AUS,Enforcing contracts,Court automation (0-4) (DB17-20 methodology),3
AUS,Enforcing contracts,Court fees (% of claim),4.5
AUS,Enforcing contracts,Court structure and proceedings (0-5) (DB17-20 methodology),4.5
AUS,Enforcing contracts,Enforcement fees (% of claim),.2
AUS,Enforcing contracts,Enforcement of judgment (days),60
AUS,Enforcing contracts,Filing and service (days),14
AUS,Enforcing contracts,Quality of judicial processes index (0-18) (DB17-20 methodology),15.5
AUS,Enforcing contracts,Time (days),402
AUS,Enforcing contracts,Trial and judgment (days),328
AUS,Getting credit,Credit bureau coverage (% of adults),100
AUS,Getting credit,Credit registry coverage (% of adults),0
AUS,Getting credit,Depth of credit information index (0-8) (DB15-20 methodology),8
AUS,Getting credit,Getting Credit total score (DB15-20 methodology),19
AUS,Getting credit,Strength of legal rights index (0-12) (DB15-20 methodology),11
AUS,Paying taxes,Labor tax and contributions (% of profit),21
AUS,Paying taxes,Other taxes (% of profit),.3
AUS,Paying taxes,Payments (number per year),11
AUS,Paying taxes,Profit tax (% of profit),26.1
AUS,Paying taxes,Time (hours per year),105
AUS,Paying taxes,Time to complete a corporate income tax correction (weeks) (DB17-20 methodology),0
AUS,Paying taxes,Time to comply with VAT refund (hours) (DB17-20 methodology),4.5
AUS,Paying taxes,Time to comply with a corporate income tax correction (hours) (DB17-20 methodology),1.75
AUS,Paying taxes,Time to obtain VAT refund (weeks) (DB17-20 methodology),7.952381
AUS,Paying taxes,Total tax and contribution rate (% of profit),47.4
AUS,Registering property,Cost (% of property value),5.4
AUS,Registering property,Equal access to property rights index (-2-0) (DB17-20 methodology),0
AUS,Registering property,Geographic coverage index (0-8) (DB17-20 methodology),4
AUS,Registering property,Land dispute resolution index (0-8) (DB17-20 methodology),5.5
AUS,Registering property,Procedures (number),4
AUS,Registering property,Quality of land administration index (0-30) (DB17-20 methodology),19.5
AUS,Registering property,Reliability of infrastructure index (0-8) (DB17-20 methodology),7
AUS,Registering property,Time (days),4.5
AUS,Registering property,Transparency of information index (0-6) (DB17-20 methodology),3
AUS,Resolving insolvency,Commencement of proceedings index (0-3) (DB15-20 methodology),2.5
AUS,Resolving insolvency,Cost (% of estate),8
AUS,Resolving insolvency,Creditor participation index (0-4) (DB15-20 methodology),3
AUS,Resolving insolvency,Management of debtor's assets index (0-6) (DB15-20 methodology),5
AUS,Resolving insolvency,Outcome (0 as piecemeal sale and 1 as going concern),1
AUS,Resolving insolvency,Recovery rate (cents on the dollar),82.7
AUS,Resolving insolvency,Reorganization proceedings index (0-3) (DB15-20 methodology),.5
AUS,Resolving insolvency,Strength of insolvency framework index (0-16),11
AUS,Resolving insolvency,Time (years),1
AUS,Starting a business,Cost - Men (% of income per capita),.7
AUS,Starting a business,Cost - Women (% of income per capita),.7
AUS,Starting a business,Paid-in Minimum capital (% of income per capita),0
AUS,Starting a business,Procedures - Men (number),3
AUS,Starting a business,Procedures - Women (number),3
AUS,Starting a business,Time - Men (days),2
AUS,Starting a business,Time - Women (days),2
AUS,Trading across borders,Cost to export: Border compliance (USD) (DB16-20 methodology),766
AUS,Trading across borders,Cost to export: Documentary compliance (USD) (DB16-20 methodology),264
AUS,Trading across borders,Cost to import: Border compliance (USD) (DB16-20 methodology),539
AUS,Trading across borders,Cost to import: Documentary compliance (USD) (DB16-20 methodology),100
AUS,Trading across borders,Time to export: Border compliance (hours) (DB16-20 methodology),35.5
AUS,Trading across borders,Time to export: Documentary compliance (hours) (DB16-20 methodology),7
AUS,Trading across borders,Time to import: Border compliance (hours) (DB16-20 methodology),39
AUS,Trading across borders,Time to import: Documentary compliance (hours) (DB16-20 methodology),4
AUT,Dealing with construction permits,Building quality control index (0-15) (DB16-20 methodology),13
AUT,Dealing with construction permits,Cost (% of Warehouse value),1.1
AUT,Dealing with construction permits,Liability and insurance regimes index (0-2) (DB16-20 methodology),2
AUT,Dealing with construction permits,Procedures (number),11
AUT,Dealing with construction permits,Professional certifications index (0-4) (DB16-20 methodology),4
AUT,Dealing with construction permits,Quality control after construction index (0-3) (DB16-20 methodology),3
AUT,Dealing with construction permits,Quality control before construction index (0-1) (DB16-20 methodology),0
AUT,Dealing with construction permits,Quality control during construction index (0-3) (DB16-20 methodology),2
AUT,Dealing with construction permits,Quality of building regulations index (0-2) (DB16-20 methodology),2
AUT,Dealing with construction permits,Time (days),222
AUT,Enforcing contracts,Alternative dispute resolution (0-3) (DB17-20 methodology),2.5
AUT,Enforcing contracts,Attorney fees (% of claim),13.6
AUT,Enforcing contracts,Case management (0-6) (DB17-20 methodology),4
AUT,Enforcing contracts,Cost (% of claim),20.6
AUT,Enforcing contracts,Court automation (0-4) (DB17-20 methodology),2
AUT,Enforcing contracts,Court fees (% of claim),6.5
AUT,Enforcing contracts,Court structure and proceedings (0-5) (DB17-20 methodology),4.5
AUT,Enforcing contracts,Enforcement fees (% of claim),.5
AUT,Enforcing contracts,Enforcement of judgment (days),90
AUT,Enforcing contracts,Filing and service (days),30
AUT,Enforcing contracts,Quality of judicial processes index (0-18) (DB17-20 methodology),13
AUT,Enforcing contracts,Time (days),397
AUT,Enforcing contracts,Trial and judgment (days),277
AUT,Getting credit,Credit bureau coverage (% of adults),53.5
AUT,Getting credit,Credit registry coverage (% of adults),2.2
AUT,Getting credit,Depth of credit information index (0-8) (DB15-20 methodology),7
AUT,Getting credit,Getting Credit total score (DB15-20 methodology),11
AUT,Getting credit,Strength of legal rights index (0-12) (DB15-20 methodology),4
AUT,Paying taxes,Labor tax and contributions (% of profit),33.7
AUT,Paying taxes,Other taxes (% of profit),.6
AUT,Paying taxes,Payments (number per year),12
AUT,Paying taxes,Profit tax (% of profit),17.1
AUT,Paying taxes,Time (hours per year),131
AUT,Paying taxes,Time to complete a corporate income tax correction (weeks) (DB17-20 methodology),0
AUT,Paying taxes,Time to comply with VAT refund (hours) (DB17-20 methodology),2
AUT,Paying taxes,Time to comply with a corporate income tax correction (hours) (DB17-20 methodology),2.5
AUT,Paying taxes,Time to obtain VAT refund (weeks) (DB17-20 methodology),3.166667
AUT,Paying taxes,Total tax and contribution rate (% of profit),51.4
AUT,Registering property,Cost (% of property value),4.6
AUT,Registering property,Equal access to property rights index (-2-0) (DB17-20 methodology),0
AUT,Registering property,Geographic coverage index (0-8) (DB17-20 methodology),8
AUT,Registering property,Land dispute resolution index (0-8) (DB17-20 methodology),5
AUT,Registering property,Procedures (number),3
AUT,Registering property,Quality of land administration index (0-30) (DB17-20 methodology),23
AUT,Registering property,Reliability of infrastructure index (0-8) (DB17-20 methodology),7
AUT,Registering property,Time (days),20.5
AUT,Registering property,Transparency of information index (0-6) (DB17-20 methodology),3
AUT,Resolving insolvency,Commencement of proceedings index (0-3) (DB15-20 methodology),2.5
AUT,Resolving insolvency,Cost (% of estate),10
AUT,Resolving insolvency,Creditor participation index (0-4) (DB15-20 methodology),2
AUT,Resolving insolvency,Management of debtor's assets index (0-6) (DB15-20 methodology),5.5
AUT,Resolving insolvency,Outcome (0 as piecemeal sale and 1 as going concern),1
AUT,Resolving insolvency,Recovery rate (cents on the dollar),79.9
AUT,Resolving insolvency,Reorganization proceedings index (0-3) (DB15-20 methodology),1
AUT,Resolving insolvency,Strength of insolvency framework index (0-16),11
AUT,Resolving insolvency,Time (years),1.1
AUT,Starting a business,Cost - Men (% of income per capita),4.7
AUT,Starting a business,Cost - Women (% of income per capita),4.7
AUT,Starting a business,Paid-in Minimum capital (% of income per capita),11.5
AUT,Starting a business,Procedures - Men (number),8
AUT,Starting a business,Procedures - Women (number),8
AUT,Starting a business,Time - Men (days),21
AUT,Starting a business,Time - Women (days),21
AUT,Trading across borders,Cost to export: Border compliance (USD) (DB16-20 methodology),0
AUT,Trading across borders,Cost to export: Documentary compliance (USD) (DB16-20 methodology),0
AUT,Trading across borders,Cost to import: Border compliance (USD) (DB16-20 methodology),0
AUT,Trading across borders,Cost to import: Documentary compliance (USD) (DB16-20 methodology),0
AUT,Trading across borders,Time to export: Border compliance (hours) (DB16-20 methodology),0
AUT,Trading across borders,Time to export: Documentary compliance (hours) (DB16-20 methodology),.5
AUT,Trading across borders,Time to import: Border compliance (hours) (DB16-20 methodology),0
AUT,Trading across borders,Time to import: Documentary compliance (hours) (DB16-20 methodology),.5
AZE,Dealing with construction permits,Building quality control index (0-15) (DB16-20 methodology),12
AZE,Dealing with construction permits,Cost (% of Warehouse value),1.7
AZE,Dealing with construction permits,Liability and insurance regimes index (0-2) (DB16-20 methodology),0
AZE,Dealing with construction permits,Procedures (number),18
AZE,Dealing with construction permits,Professional certifications index (0-4) (DB16-20 methodology),4
AZE,Dealing with construction permits,Quality control after construction index (0-3) (DB16-20 methodology),3
AZE,Dealing with construction permits,Quality control before construction index (0-1) (DB16-20 methodology),1
AZE,Dealing with construction permits,Quality control during construction index (0-3) (DB16-20 methodology),2
AZE,Dealing with construction permits,Quality of building regulations index (0-2) (DB16-20 methodology),2
AZE,Dealing with construction permits,Time (days),116
AZE,Enforcing contracts,Alternative dispute resolution (0-3) (DB17-20 methodology),1.5
AZE,Enforcing contracts,Attorney fees (% of claim),16.4
AZE,Enforcing contracts,Case management (0-6) (DB17-20 methodology),3
AZE,Enforcing contracts,Cost (% of claim),18.5
AZE,Enforcing contracts,Court automation (0-4) (DB17-20 methodology),2.5
AZE,Enforcing contracts,Court fees (% of claim),1.1
AZE,Enforcing contracts,Court structure and proceedings (0-5) (DB17-20 methodology),3.5
AZE,Enforcing contracts,Enforcement fees (% of claim),1
AZE,Enforcing contracts,Enforcement of judgment (days),90
AZE,Enforcing contracts,Filing and service (days),27
AZE,Enforcing contracts,Quality of judicial processes index (0-18) (DB17-20 methodology),10.5
AZE,Enforcing contracts,Time (days),277
AZE,Enforcing contracts,Trial and judgment (days),160
AZE,Getting credit,Credit bureau coverage (% of adults),44.6
AZE,Getting credit,Credit registry coverage (% of adults),0
AZE,Getting credit,Depth of credit information index (0-8) (DB15-20 methodology),8
AZE,Getting credit,Getting Credit total score (DB15-20 methodology),20
AZE,Getting credit,Strength of legal rights index (0-12) (DB15-20 methodology),12
AZE,Paying taxes,Labor tax and contributions (% of profit),25.4
AZE,Paying taxes,Other taxes (% of profit),2.6
AZE,Paying taxes,Payments (number per year),9
AZE,Paying taxes,Profit tax (% of profit),12.7
AZE,Paying taxes,Time (hours per year),159
AZE,Paying taxes,Time to complete a corporate income tax correction (weeks) (DB17-20 methodology),0
AZE,Paying taxes,Time to comply with VAT refund (hours) (DB17-20 methodology),7.5
AZE,Paying taxes,Time to comply with a corporate income tax correction (hours) (DB17-20 methodology),3
AZE,Paying taxes,Time to obtain VAT refund (weeks) (DB17-20 methodology),27.59524
AZE,Paying taxes,Total tax and contribution rate (% of profit),40.7
AZE,Registering property,Cost (% of property value),7
AZE,Registering property,Equal access to property rights index (-2-0) (DB17-20 methodology),0
AZE,Registering property,Geographic coverage index (0-8) (DB17-20 methodology),4
AZE,Registering property,Land dispute resolution index (0-8) (DB17-20 methodology),7.5
AZE,Registering property,Procedures (number),4
AZE,Registering property,Quality of land administration index (0-30) (DB17-20 methodology),22.5
AZE,Registering property,Reliability of infrastructure index (0-8) (DB17-20 methodology),8
AZE,Registering property,Time (days),4.5
AZE,Registering property,Transparency of information index (0-6) (DB17-20 methodology),3
AZE,Resolving insolvency,Commencement of proceedings index (0-3) (DB15-20 methodology),3
AZE,Resolving insolvency,Cost (% of estate),12
AZE,Resolving insolvency,Creditor participation index (0-4) (DB15-20 methodology),3
AZE,Resolving insolvency,Management of debtor's assets index (0-6) (DB15-20 methodology),6
AZE,Resolving insolvency,Outcome (0 as piecemeal sale and 1 as going concern),0
AZE,Resolving insolvency,Recovery rate (cents on the dollar),39.7
AZE,Resolving insolvency,Reorganization proceedings index (0-3) (DB15-20 methodology),1.5
AZE,Resolving insolvency,Strength of insolvency framework index (0-16),13.5
AZE,Resolving insolvency,Time (years),1.5
AZE,Starting a business,Cost - Men (% of income per capita),1.2
AZE,Starting a business,Cost - Women (% of income per capita),1.2
AZE,Starting a business,Paid-in Minimum capital (% of income per capita),0
AZE,Starting a business,Procedures - Men (number),3
AZE,Starting a business,Procedures - Women (number),3
AZE,Starting a business,Time - Men (days),3.5
AZE,Starting a business,Time - Women (days),3.5
AZE,Trading across borders,Cost to export: Border compliance (USD) (DB16-20 methodology),214.1429
AZE,Trading across borders,Cost to export: Documentary compliance (USD) (DB16-20 methodology),150
AZE,Trading across borders,Cost to import: Border compliance (USD) (DB16-20 methodology),300
AZE,Trading across borders,Cost to import: Documentary compliance (USD) (DB16-20 methodology),200
AZE,Trading across borders,Time to export: Border compliance (hours) (DB16-20 methodology),11.94444
AZE,Trading across borders,Time to export: Documentary compliance (hours) (DB16-20 methodology),28.5
AZE,Trading across borders,Time to import: Border compliance (hours) (DB16-20 methodology),4.142857
AZE,Trading across borders,Time to import: Documentary compliance (hours) (DB16-20 methodology),26
BDI,Dealing with construction permits,Building quality control index (0-15) (DB16-20 methodology),5
BDI,Dealing with construction permits,Cost (% of Warehouse value),12.1
BDI,Dealing with construction permits,Liability and insurance regimes index (0-2) (DB16-20 methodology),1
BDI,Dealing with construction permits,Procedures (number),15
BDI,Dealing with construction permits,Professional certifications index (0-4) (DB16-20 methodology),0
BDI,Dealing with construction permits,Quality control after construction index (0-3) (DB16-20 methodology),2
BDI,Dealing with construction permits,Quality control before construction index (0-1) (DB16-20 methodology),0
BDI,Dealing with construction permits,Quality control during construction index (0-3) (DB16-20 methodology),1
BDI,Dealing with construction permits,Quality of building regulations index (0-2) (DB16-20 methodology),1
BDI,Dealing with construction permits,Time (days),70
BDI,Enforcing contracts,Alternative dispute resolution (0-3) (DB17-20 methodology),1.5
BDI,Enforcing contracts,Attorney fees (% of claim),20
BDI,Enforcing contracts,Case management (0-6) (DB17-20 methodology),.5
BDI,Enforcing contracts,Cost (% of claim),36.1
BDI,Enforcing contracts,Court automation (0-4) (DB17-20 methodology),0
BDI,Enforcing contracts,Court fees (% of claim),10
BDI,Enforcing contracts,Court structure and proceedings (0-5) (DB17-20 methodology),3
BDI,Enforcing contracts,Enforcement fees (% of claim),6.1
BDI,Enforcing contracts,Enforcement of judgment (days),415
BDI,Enforcing contracts,Filing and service (days),22
BDI,Enforcing contracts,Quality of judicial processes index (0-18) (DB17-20 methodology),5
BDI,Enforcing contracts,Time (days),832
BDI,Enforcing contracts,Trial and judgment (days),395
BDI,Getting credit,Credit bureau coverage (% of adults),0
BDI,Getting credit,Credit registry coverage (% of adults),6.5
BDI,Getting credit,Depth of credit information index (0-8) (DB15-20 methodology),1
BDI,Getting credit,Getting Credit total score (DB15-20 methodology),3
BDI,Getting credit,Strength of legal rights index (0-12) (DB15-20 methodology),2
BDI,Paying taxes,Labor tax and contributions (% of profit),10.2
BDI,Paying taxes,Other taxes (% of profit),2.5
BDI,Paying taxes,Payments (number per year),24
BDI,Paying taxes,Profit tax (% of profit),28.5
BDI,Paying taxes,Time (hours per year),232
BDI,Paying taxes,Time to complete a corporate income tax correction (weeks) (DB17-20 methodology),21.14286
BDI,Paying taxes,Time to comply with VAT refund (hours) (DB17-20 methodology),No VAT refund per case study scenario
BDI,Paying taxes,Time to comply with a corporate income tax correction (hours) (DB17-20 methodology),13
BDI,Paying taxes,Time to obtain VAT refund (weeks) (DB17-20 methodology),No VAT refund per case study scenario
BDI,Paying taxes,Total tax and contribution rate (% of profit),41.2
BDI,Registering property,Cost (% of property value),3.1
BDI,Registering property,Equal access to property rights index (-2-0) (DB17-20 methodology),0
BDI,Registering property,Geographic coverage index (0-8) (DB17-20 methodology),0
BDI,Registering property,Land dispute resolution index (0-8) (DB17-20 methodology),3.5
BDI,Registering property,Procedures (number),5
BDI,Registering property,Quality of land administration index (0-30) (DB17-20 methodology),4.5
BDI,Registering property,Reliability of infrastructure index (0-8) (DB17-20 methodology),1
BDI,Registering property,Time (days),23
BDI,Registering property,Transparency of information index (0-6) (DB17-20 methodology),0
BDI,Resolving insolvency,Commencement of proceedings index (0-3) (DB15-20 methodology),2.5
BDI,Resolving insolvency,Cost (% of estate),30
BDI,Resolving insolvency,Creditor participation index (0-4) (DB15-20 methodology),1
BDI,Resolving insolvency,Management of debtor's assets index (0-6) (DB15-20 methodology),4
BDI,Resolving insolvency,Outcome (0 as piecemeal sale and 1 as going concern),0
BDI,Resolving insolvency,Recovery rate (cents on the dollar),7.5
BDI,Resolving insolvency,Reorganization proceedings index (0-3) (DB15-20 methodology),1
BDI,Resolving insolvency,Strength of insolvency framework index (0-16),8.5
BDI,Resolving insolvency,Time (years),5
BDI,Starting a business,Cost - Men (% of income per capita),12.3
BDI,Starting a business,Cost - Women (% of income per capita),12.3
BDI,Starting a business,Paid-in Minimum capital (% of income per capita),0
BDI,Starting a business,Procedures - Men (number),4
BDI,Starting a business,Procedures - Women (number),4
BDI,Starting a business,Time - Men (days),5
BDI,Starting a business,Time - Women (days),5
BDI,Trading across borders,Cost to export: Border compliance (USD) (DB16-20 methodology),108.8571
BDI,Trading across borders,Cost to export: Documentary compliance (USD) (DB16-20 methodology),150
BDI,Trading across borders,Cost to import: Border compliance (USD) (DB16-20 methodology),443.5714
BDI,Trading across borders,Cost to import: Documentary compliance (USD) (DB16-20 methodology),1025
BDI,Trading across borders,Time to export: Border compliance (hours) (DB16-20 methodology),58.66667
BDI,Trading across borders,Time to export: Documentary compliance (hours) (DB16-20 methodology),120
BDI,Trading across borders,Time to import: Border compliance (hours) (DB16-20 methodology),154.3
BDI,Trading across borders,Time to import: Documentary compliance (hours) (DB16-20 methodology),180
BEL,Dealing with construction permits,Building quality control index (0-15) (DB16-20 methodology),12
BEL,Dealing with construction permits,Cost (% of Warehouse value),.9
BEL,Dealing with construction permits,Liability and insurance regimes index (0-2) (DB16-20 methodology),2
BEL,Dealing with construction permits,Procedures (number),10
BEL,Dealing with construction permits,Professional certifications index (0-4) (DB16-20 methodology),2
BEL,Dealing with construction permits,Quality control after construction index (0-3) (DB16-20 methodology),3
BEL,Dealing with construction permits,Quality control before construction index (0-1) (DB16-20 methodology),1
BEL,Dealing with construction permits,Quality control during construction index (0-3) (DB16-20 methodology),2
BEL,Dealing with construction permits,Quality of building regulations index (0-2) (DB16-20 methodology),2
BEL,Dealing with construction permits,Time (days),212
BEL,Enforcing contracts,Alternative dispute resolution (0-3) (DB17-20 methodology),2.5
BEL,Enforcing contracts,Attorney fees (% of claim),10
BEL,Enforcing contracts,Case management (0-6) (DB17-20 methodology),1
BEL,Enforcing contracts,Cost (% of claim),18
BEL,Enforcing contracts,Court automation (0-4) (DB17-20 methodology),0
BEL,Enforcing contracts,Court fees (% of claim),5
BEL,Enforcing contracts,Court structure and proceedings (0-5) (DB17-20 methodology),4.5
BEL,Enforcing contracts,Enforcement fees (% of claim),3
BEL,Enforcing contracts,Enforcement of judgment (days),90
BEL,Enforcing contracts,Filing and service (days),15
BEL,Enforcing contracts,Quality of judicial processes index (0-18) (DB17-20 methodology),8
BEL,Enforcing contracts,Time (days),505
BEL,Enforcing contracts,Trial and judgment (days),400
BEL,Getting credit,Credit bureau coverage (% of adults),0
BEL,Getting credit,Credit registry coverage (% of adults),95.6
BEL,Getting credit,Depth of credit information index (0-8) (DB15-20 methodology),5
BEL,Getting credit,Getting Credit total score (DB15-20 methodology),13
BEL,Getting credit,Strength of legal rights index (0-12) (DB15-20 methodology),8
BEL,Paying taxes,Labor tax and contributions (% of profit),44.5
BEL,Paying taxes,Other taxes (% of profit),.6
BEL,Paying taxes,Payments (number per year),11
BEL,Paying taxes,Profit tax (% of profit),10.3
BEL,Paying taxes,Time (hours per year),136
BEL,Paying taxes,Time to complete a corporate income tax correction (weeks) (DB17-20 methodology),0
BEL,Paying taxes,Time to comply with VAT refund (hours) (DB17-20 methodology),5
BEL,Paying taxes,Time to comply with a corporate income tax correction (hours) (DB17-20 methodology),5.5
BEL,Paying taxes,Time to obtain VAT refund (weeks) (DB17-20 methodology),28.5
BEL,Paying taxes,Total tax and contribution rate (% of profit),55.4
BEL,Registering property,Cost (% of property value),12.7
BEL,Registering property,Equal access to property rights index (-2-0) (DB17-20 methodology),0
BEL,Registering property,Geographic coverage index (0-8) (DB17-20 methodology),8
BEL,Registering property,Land dispute resolution index (0-8) (DB17-20 methodology),6
BEL,Registering property,Procedures (number),8
BEL,Registering property,Quality of land administration index (0-30) (DB17-20 methodology),22
BEL,Registering property,Reliability of infrastructure index (0-8) (DB17-20 methodology),5
BEL,Registering property,Time (days),49
BEL,Registering property,Transparency of information index (0-6) (DB17-20 methodology),3
BEL,Resolving insolvency,Commencement of proceedings index (0-3) (DB15-20 methodology),2.5
BEL,Resolving insolvency,Cost (% of estate),3.5
BEL,Resolving insolvency,Creditor participation index (0-4) (DB15-20 methodology),2
BEL,Resolving insolvency,Management of debtor's assets index (0-6) (DB15-20 methodology),6
BEL,Resolving insolvency,Outcome (0 as piecemeal sale and 1 as going concern),1
BEL,Resolving insolvency,Recovery rate (cents on the dollar),89.4
BEL,Resolving insolvency,Reorganization proceedings index (0-3) (DB15-20 methodology),1
BEL,Resolving insolvency,Strength of insolvency framework index (0-16),11.5
BEL,Resolving insolvency,Time (years),.9
BEL,Starting a business,Cost - Men (% of income per capita),5.3
BEL,Starting a business,Cost - Women (% of income per capita),5.3
BEL,Starting a business,Paid-in Minimum capital (% of income per capita),0
BEL,Starting a business,Procedures - Men (number),5
BEL,Starting a business,Procedures - Women (number),5
BEL,Starting a business,Time - Men (days),5
BEL,Starting a business,Time - Women (days),5
BEL,Trading across borders,Cost to export: Border compliance (USD) (DB16-20 methodology),0
BEL,Trading across borders,Cost to export: Documentary compliance (USD) (DB16-20 methodology),0
BEL,Trading across borders,Cost to import: Border compliance (USD) (DB16-20 methodology),0
BEL,Trading across borders,Cost to import: Documentary compliance (USD) (DB16-20 methodology),0
BEL,Trading across borders,Time to export: Border compliance (hours) (DB16-20 methodology),0
BEL,Trading across borders,Time to export: Documentary compliance (hours) (DB16-20 methodology),.5
BEL,Trading across borders,Time to import: Border compliance (hours) (DB16-20 methodology),0
BEL,Trading across borders,Time to import: Documentary compliance (hours) (DB16-20 methodology),.5
BEN,Dealing with construction permits,Building quality control index (0-15) (DB16-20 methodology),9
BEN,Dealing with construction permits,Cost (% of Warehouse value),4.8
BEN,Dealing with construction permits,Liability and insurance regimes index (0-2) (DB16-20 methodology),2
BEN,Dealing with construction permits,Procedures (number),14
BEN,Dealing with construction permits,Professional certifications index (0-4) (DB16-20 methodology),2
BEN,Dealing with construction permits,Quality control after construction index (0-3) (DB16-20 methodology),2
BEN,Dealing with construction permits,Quality control before construction index (0-1) (DB16-20 methodology),1
BEN,Dealing with construction permits,Quality control during construction index (0-3) (DB16-20 methodology),0
BEN,Dealing with construction permits,Quality of building regulations index (0-2) (DB16-20 methodology),2
BEN,Dealing with construction permits,Time (days),88
BEN,Enforcing contracts,Alternative dispute resolution (0-3) (DB17-20 methodology),2.5
BEN,Enforcing contracts,Attorney fees (% of claim),17.3
BEN,Enforcing contracts,Case management (0-6) (DB17-20 methodology),1
BEN,Enforcing contracts,Cost (% of claim),64.7
BEN,Enforcing contracts,Court automation (0-4) (DB17-20 methodology),0
BEN,Enforcing contracts,Court fees (% of claim),36.5
BEN,Enforcing contracts,Court structure and proceedings (0-5) (DB17-20 methodology),3
BEN,Enforcing contracts,Enforcement fees (% of claim),10.9
BEN,Enforcing contracts,Enforcement of judgment (days),315
BEN,Enforcing contracts,Filing and service (days),30
BEN,Enforcing contracts,Quality of judicial processes index (0-18) (DB17-20 methodology),6.5
BEN,Enforcing contracts,Time (days),595
BEN,Enforcing contracts,Trial and judgment (days),250
BEN,Getting credit,Credit bureau coverage (% of adults),1.3
BEN,Getting credit,Credit registry coverage (% of adults),0
BEN,Getting credit,Depth of credit information index (0-8) (DB15-20 methodology),0
BEN,Getting credit,Getting Credit total score (DB15-20 methodology),6
BEN,Getting credit,Strength of legal rights index (0-12) (DB15-20 methodology),6
BEN,Paying taxes,Labor tax and contributions (% of profit),26.4
BEN,Paying taxes,Other taxes (% of profit),10.6
BEN,Paying taxes,Payments (number per year),54
BEN,Paying taxes,Profit tax (% of profit),11.9
BEN,Paying taxes,Time (hours per year),270
BEN,Paying taxes,Time to complete a corporate income tax correction (weeks) (DB17-20 methodology),0
BEN,Paying taxes,Time to comply with VAT refund (hours) (DB17-20 methodology),No VAT refund per case study scenario
BEN,Paying taxes,Time to comply with a corporate income tax correction (hours) (DB17-20 methodology),3
BEN,Paying taxes,Time to obtain VAT refund (weeks) (DB17-20 methodology),No VAT refund per case study scenario
BEN,Paying taxes,Total tax and contribution rate (% of profit),48.9
BEN,Registering property,Cost (% of property value),3.4
BEN,Registering property,Equal access to property rights index (-2-0) (DB17-20 methodology),0
BEN,Registering property,Geographic coverage index (0-8) (DB17-20 methodology),0
BEN,Registering property,Land dispute resolution index (0-8) (DB17-20 methodology),4.5
BEN,Registering property,Procedures (number),4
BEN,Registering property,Quality of land administration index (0-30) (DB17-20 methodology),9
BEN,Registering property,Reliability of infrastructure index (0-8) (DB17-20 methodology),1
BEN,Registering property,Time (days),120
BEN,Registering property,Transparency of information index (0-6) (DB17-20 methodology),3.5
BEN,Resolving insolvency,Commencement of proceedings index (0-3) (DB15-20 methodology),2
BEN,Resolving insolvency,Cost (% of estate),21.5
BEN,Resolving insolvency,Creditor participation index (0-4) (DB15-20 methodology),1
BEN,Resolving insolvency,Management of debtor's assets index (0-6) (DB15-20 methodology),5.5
BEN,Resolving insolvency,Outcome (0 as piecemeal sale and 1 as going concern),0
BEN,Resolving insolvency,Recovery rate (cents on the dollar),23.9
BEN,Resolving insolvency,Reorganization proceedings index (0-3) (DB15-20 methodology),.5
BEN,Resolving insolvency,Strength of insolvency framework index (0-16),9
BEN,Resolving insolvency,Time (years),4
BEN,Starting a business,Cost - Men (% of income per capita),3.4
BEN,Starting a business,Cost - Women (% of income per capita),3.5
BEN,Starting a business,Paid-in Minimum capital (% of income per capita),5
BEN,Starting a business,Procedures - Men (number),5
BEN,Starting a business,Procedures - Women (number),6
BEN,Starting a business,Time - Men (days),8
BEN,Starting a business,Time - Women (days),9
BEN,Trading across borders,Cost to export: Border compliance (USD) (DB16-20 methodology),354.3333
BEN,Trading across borders,Cost to export: Documentary compliance (USD) (DB16-20 methodology),80
BEN,Trading across borders,Cost to import: Border compliance (USD) (DB16-20 methodology),599.1111
BEN,Trading across borders,Cost to import: Documentary compliance (USD) (DB16-20 methodology),110
BEN,Trading across borders,Time to export: Border compliance (hours) (DB16-20 methodology),78
BEN,Trading across borders,Time to export: Documentary compliance (hours) (DB16-20 methodology),48
BEN,Trading across borders,Time to import: Border compliance (hours) (DB16-20 methodology),82
BEN,Trading across borders,Time to import: Documentary compliance (hours) (DB16-20 methodology),58.66667
BFA,Dealing with construction permits,Building quality control index (0-15) (DB16-20 methodology),12
BFA,Dealing with construction permits,Cost (% of Warehouse value),7.6
BFA,Dealing with construction permits,Liability and insurance regimes index (0-2) (DB16-20 methodology),2
BFA,Dealing with construction permits,Procedures (number),15
BFA,Dealing with construction permits,Professional certifications index (0-4) (DB16-20 methodology),3
BFA,Dealing with construction permits,Quality control after construction index (0-3) (DB16-20 methodology),3
BFA,Dealing with construction permits,Quality control before construction index (0-1) (DB16-20 methodology),1
BFA,Dealing with construction permits,Quality control during construction index (0-3) (DB16-20 methodology),2
BFA,Dealing with construction permits,Quality of building regulations index (0-2) (DB16-20 methodology),1
BFA,Dealing with construction permits,Time (days),121
BFA,Enforcing contracts,Alternative dispute resolution (0-3) (DB17-20 methodology),2.5
BFA,Enforcing contracts,Attorney fees (% of claim),53.6
BFA,Enforcing contracts,Case management (0-6) (DB17-20 methodology),1
BFA,Enforcing contracts,Cost (% of claim),81.7
BFA,Enforcing contracts,Court automation (0-4) (DB17-20 methodology),0
BFA,Enforcing contracts,Court fees (% of claim),8.8
BFA,Enforcing contracts,Court structure and proceedings (0-5) (DB17-20 methodology),4
BFA,Enforcing contracts,Enforcement fees (% of claim),19.3
BFA,Enforcing contracts,Enforcement of judgment (days),229
BFA,Enforcing contracts,Filing and service (days),21
BFA,Enforcing contracts,Quality of judicial processes index (0-18) (DB17-20 methodology),7.5
BFA,Enforcing contracts,Time (days),446
BFA,Enforcing contracts,Trial and judgment (days),196
BFA,Getting credit,Credit bureau coverage (% of adults),2
BFA,Getting credit,Credit registry coverage (% of adults),0
BFA,Getting credit,Depth of credit information index (0-8) (DB15-20 methodology),0
BFA,Getting credit,Getting Credit total score (DB15-20 methodology),6
BFA,Getting credit,Strength of legal rights index (0-12) (DB15-20 methodology),6
BFA,Paying taxes,Labor tax and contributions (% of profit),21.4
BFA,Paying taxes,Other taxes (% of profit),3.6
BFA,Paying taxes,Payments (number per year),45
BFA,Paying taxes,Profit tax (% of profit),16.2
BFA,Paying taxes,Time (hours per year),270
BFA,Paying taxes,Time to complete a corporate income tax correction (weeks) (DB17-20 methodology),0
BFA,Paying taxes,Time to comply with VAT refund (hours) (DB17-20 methodology),No VAT refund per case study scenario
BFA,Paying taxes,Time to comply with a corporate income tax correction (hours) (DB17-20 methodology),3
BFA,Paying taxes,Time to obtain VAT refund (weeks) (DB17-20 methodology),No VAT refund per case study scenario
BFA,Paying taxes,Total tax and contribution rate (% of profit),41.3
BFA,Registering property,Cost (% of property value),11.9
BFA,Registering property,Equal access to property rights index (-2-0) (DB17-20 methodology),0
BFA,Registering property,Geographic coverage index (0-8) (DB17-20 methodology),0
BFA,Registering property,Land dispute resolution index (0-8) (DB17-20 methodology),6.5
BFA,Registering property,Procedures (number),4
BFA,Registering property,Quality of land administration index (0-30) (DB17-20 methodology),12.5
BFA,Registering property,Reliability of infrastructure index (0-8) (DB17-20 methodology),2
BFA,Registering property,Time (days),67
BFA,Registering property,Transparency of information index (0-6) (DB17-20 methodology),4
BFA,Resolving insolvency,Commencement of proceedings index (0-3) (DB15-20 methodology),2
BFA,Resolving insolvency,Cost (% of estate),21
BFA,Resolving insolvency,Creditor participation index (0-4) (DB15-20 methodology),1
BFA,Resolving insolvency,Management of debtor's assets index (0-6) (DB15-20 methodology),5.5
BFA,Resolving insolvency,Outcome (0 as piecemeal sale and 1 as going concern),0
BFA,Resolving insolvency,Recovery rate (cents on the dollar),23.6
BFA,Resolving insolvency,Reorganization proceedings index (0-3) (DB15-20 methodology),.5
BFA,Resolving insolvency,Strength of insolvency framework index (0-16),9
BFA,Resolving insolvency,Time (years),4
BFA,Starting a business,Cost - Men (% of income per capita),42.8
BFA,Starting a business,Cost - Women (% of income per capita),42.8
BFA,Starting a business,Paid-in Minimum capital (% of income per capita),6.3
BFA,Starting a business,Procedures - Men (number),3
BFA,Starting a business,Procedures - Women (number),3
BFA,Starting a business,Time - Men (days),13
BFA,Starting a business,Time - Women (days),13
BFA,Trading across borders,Cost to export: Border compliance (USD) (DB16-20 methodology),261
BFA,Trading across borders,Cost to export: Documentary compliance (USD) (DB16-20 methodology),85.5
BFA,Trading across borders,Cost to import: Border compliance (USD) (DB16-20 methodology),264.5
BFA,Trading across borders,Cost to import: Documentary compliance (USD) (DB16-20 methodology),196.5
BFA,Trading across borders,Time to export: Border compliance (hours) (DB16-20 methodology),74.5
BFA,Trading across borders,Time to export: Documentary compliance (hours) (DB16-20 methodology),84
BFA,Trading across borders,Time to import: Border compliance (hours) (DB16-20 methodology),102
BFA,Trading across borders,Time to import: Documentary compliance (hours) (DB16-20 methodology),96
BGD,Dealing with construction permits,Building quality control index (0-15) (DB16-20 methodology),10
BGD,Dealing with construction permits,Cost (% of Warehouse value),1.6
BGD,Dealing with construction permits,Liability and insurance regimes index (0-2) (DB16-20 methodology),0
BGD,Dealing with construction permits,Procedures (number),15.78
BGD,Dealing with construction permits,Professional certifications index (0-4) (DB16-20 methodology),2
BGD,Dealing with construction permits,Quality control after construction index (0-3) (DB16-20 methodology),3
BGD,Dealing with construction permits,Quality control before construction index (0-1) (DB16-20 methodology),1
BGD,Dealing with construction permits,Quality control during construction index (0-3) (DB16-20 methodology),2
BGD,Dealing with construction permits,Quality of building regulations index (0-2) (DB16-20 methodology),2
BGD,Dealing with construction permits,Time (days),273.52
BGD,Enforcing contracts,Alternative dispute resolution (0-3) (DB17-20 methodology),3
BGD,Enforcing contracts,Attorney fees (% of claim),40
BGD,Enforcing contracts,Case management (0-6) (DB17-20 methodology),1
BGD,Enforcing contracts,Cost (% of claim),66.8
BGD,Enforcing contracts,Court automation (0-4) (DB17-20 methodology),.5
BGD,Enforcing contracts,Court fees (% of claim),8.3
BGD,Enforcing contracts,Court structure and proceedings (0-5) (DB17-20 methodology),3
BGD,Enforcing contracts,Enforcement fees (% of claim),18.5
BGD,Enforcing contracts,Enforcement of judgment (days),365
BGD,Enforcing contracts,Filing and service (days),30
BGD,Enforcing contracts,Quality of judicial processes index (0-18) (DB17-20 methodology),7.5
BGD,Enforcing contracts,Time (days),1442
BGD,Enforcing contracts,Trial and judgment (days),1047
BGD,Getting credit,Credit bureau coverage (% of adults),0
BGD,Getting credit,Credit registry coverage (% of adults),5.2
BGD,Getting credit,Depth of credit information index (0-8) (DB15-20 methodology),4
BGD,Getting credit,Getting Credit total score (DB15-20 methodology),9
BGD,Getting credit,Strength of legal rights index (0-12) (DB15-20 methodology),5
BGD,Paying taxes,Labor tax and contributions (% of profit),0
BGD,Paying taxes,Other taxes (% of profit),2.3
BGD,Paying taxes,Payments (number per year),33
BGD,Paying taxes,Profit tax (% of profit),31.1
BGD,Paying taxes,Time (hours per year),435
BGD,Paying taxes,Time to complete a corporate income tax correction (weeks) (DB17-20 methodology),9.285714
BGD,Paying taxes,Time to comply with VAT refund (hours) (DB17-20 methodology),58
BGD,Paying taxes,Time to comply with a corporate income tax correction (hours) (DB17-20 methodology),37
BGD,Paying taxes,Time to obtain VAT refund (weeks) (DB17-20 methodology),17.91238
BGD,Paying taxes,Total tax and contribution rate (% of profit),33.4
BGD,Registering property,Cost (% of property value),7.1
BGD,Registering property,Equal access to property rights index (-2-0) (DB17-20 methodology),0
BGD,Registering property,Geographic coverage index (0-8) (DB17-20 methodology),0
BGD,Registering property,Land dispute resolution index (0-8) (DB17-20 methodology),3
BGD,Registering property,Procedures (number),8
BGD,Registering property,Quality of land administration index (0-30) (DB17-20 methodology),6.5
BGD,Registering property,Reliability of infrastructure index (0-8) (DB17-20 methodology),0
BGD,Registering property,Time (days),270.82
BGD,Registering property,Transparency of information index (0-6) (DB17-20 methodology),3.5
BGD,Resolving insolvency,Commencement of proceedings index (0-3) (DB15-20 methodology),2
BGD,Resolving insolvency,Cost (% of estate),8
BGD,Resolving insolvency,Creditor participation index (0-4) (DB15-20 methodology),0
BGD,Resolving insolvency,Management of debtor's assets index (0-6) (DB15-20 methodology),2
BGD,Resolving insolvency,Outcome (0 as piecemeal sale and 1 as going concern),0
BGD,Resolving insolvency,Recovery rate (cents on the dollar),29.1
BGD,Resolving insolvency,Reorganization proceedings index (0-3) (DB15-20 methodology),0
BGD,Resolving insolvency,Strength of insolvency framework index (0-16),4
BGD,Resolving insolvency,Time (years),4
BGD,Starting a business,Cost - Men (% of income per capita),8.7
BGD,Starting a business,Cost - Women (% of income per capita),8.7
BGD,Starting a business,Paid-in Minimum capital (% of income per capita),0
BGD,Starting a business,Procedures - Men (number),9
BGD,Starting a business,Procedures - Women (number),9
BGD,Starting a business,Time - Men (days),19.5
BGD,Starting a business,Time - Women (days),19.5
BGD,Trading across borders,Cost to export: Border compliance (USD) (DB16-20 methodology),408.1731
BGD,Trading across borders,Cost to export: Documentary compliance (USD) (DB16-20 methodology),225
BGD,Trading across borders,Cost to import: Border compliance (USD) (DB16-20 methodology),900
BGD,Trading across borders,Cost to import: Documentary compliance (USD) (DB16-20 methodology),370
BGD,Trading across borders,Time to export: Border compliance (hours) (DB16-20 methodology),168
BGD,Trading across borders,Time to export: Documentary compliance (hours) (DB16-20 methodology),147
BGD,Trading across borders,Time to import: Border compliance (hours) (DB16-20 methodology),216
BGD,Trading across borders,Time to import: Documentary compliance (hours) (DB16-20 methodology),144
BGR,Dealing with construction permits,Building quality control index (0-15) (DB16-20 methodology),14
BGR,Dealing with construction permits,Cost (% of Warehouse value),3.4
BGR,Dealing with construction permits,Liability and insurance regimes index (0-2) (DB16-20 methodology),2
BGR,Dealing with construction permits,Procedures (number),18
BGR,Dealing with construction permits,Professional certifications index (0-4) (DB16-20 methodology),4
BGR,Dealing with construction permits,Quality control after construction index (0-3) (DB16-20 methodology),3
BGR,Dealing with construction permits,Quality control before construction index (0-1) (DB16-20 methodology),1
BGR,Dealing with construction permits,Quality control during construction index (0-3) (DB16-20 methodology),2
BGR,Dealing with construction permits,Quality of building regulations index (0-2) (DB16-20 methodology),2
BGR,Dealing with construction permits,Time (days),97
BGR,Enforcing contracts,Alternative dispute resolution (0-3) (DB17-20 methodology),2.5
BGR,Enforcing contracts,Attorney fees (% of claim),10
BGR,Enforcing contracts,Case management (0-6) (DB17-20 methodology),2.5
BGR,Enforcing contracts,Cost (% of claim),18.6
BGR,Enforcing contracts,Court automation (0-4) (DB17-20 methodology),2
BGR,Enforcing contracts,Court fees (% of claim),5.6
BGR,Enforcing contracts,Court structure and proceedings (0-5) (DB17-20 methodology),3.5
BGR,Enforcing contracts,Enforcement fees (% of claim),3
BGR,Enforcing contracts,Enforcement of judgment (days),125
BGR,Enforcing contracts,Filing and service (days),105
BGR,Enforcing contracts,Quality of judicial processes index (0-18) (DB17-20 methodology),10.5
BGR,Enforcing contracts,Time (days),564
BGR,Enforcing contracts,Trial and judgment (days),334
BGR,Getting credit,Credit bureau coverage (% of adults),0
BGR,Getting credit,Credit registry coverage (% of adults),78
BGR,Getting credit,Depth of credit information index (0-8) (DB15-20 methodology),5
BGR,Getting credit,Getting Credit total score (DB15-20 methodology),13
BGR,Getting credit,Strength of legal rights index (0-12) (DB15-20 methodology),8
BGR,Paying taxes,Labor tax and contributions (% of profit),21.5
BGR,Paying taxes,Other taxes (% of profit),2
BGR,Paying taxes,Payments (number per year),14
BGR,Paying taxes,Profit tax (% of profit),4.9
BGR,Paying taxes,Time (hours per year),441
BGR,Paying taxes,Time to complete a corporate income tax correction (weeks) (DB17-20 methodology),8.285714
BGR,Paying taxes,Time to comply with VAT refund (hours) (DB17-20 methodology),14.5
BGR,Paying taxes,Time to comply with a corporate income tax correction (hours) (DB17-20 methodology),11.5
BGR,Paying taxes,Time to obtain VAT refund (weeks) (DB17-20 methodology),24.83333
BGR,Paying taxes,Total tax and contribution rate (% of profit),28.3
BGR,Registering property,Cost (% of property value),2.8
BGR,Registering property,Equal access to property rights index (-2-0) (DB17-20 methodology),0
BGR,Registering property,Geographic coverage index (0-8) (DB17-20 methodology),4
BGR,Registering property,Land dispute resolution index (0-8) (DB17-20 methodology),5
BGR,Registering property,Procedures (number),8
BGR,Registering property,Quality of land administration index (0-30) (DB17-20 methodology),19.5
BGR,Registering property,Reliability of infrastructure index (0-8) (DB17-20 methodology),6
BGR,Registering property,Time (days),19
BGR,Registering property,Transparency of information index (0-6) (DB17-20 methodology),4.5
BGR,Resolving insolvency,Commencement of proceedings index (0-3) (DB15-20 methodology),2.5
BGR,Resolving insolvency,Cost (% of estate),9
BGR,Resolving insolvency,Creditor participation index (0-4) (DB15-20 methodology),4
BGR,Resolving insolvency,Management of debtor's assets index (0-6) (DB15-20 methodology),3
BGR,Resolving insolvency,Outcome (0 as piecemeal sale and 1 as going concern),0
BGR,Resolving insolvency,Recovery rate (cents on the dollar),37.7
BGR,Resolving insolvency,Reorganization proceedings index (0-3) (DB15-20 methodology),2.5
BGR,Resolving insolvency,Strength of insolvency framework index (0-16),12
BGR,Resolving insolvency,Time (years),3.3
BGR,Starting a business,Cost - Men (% of income per capita),1
BGR,Starting a business,Cost - Women (% of income per capita),1
BGR,Starting a business,Paid-in Minimum capital (% of income per capita),0
BGR,Starting a business,Procedures - Men (number),7
BGR,Starting a business,Procedures - Women (number),7
BGR,Starting a business,Time - Men (days),23
BGR,Starting a business,Time - Women (days),23
BGR,Trading across borders,Cost to export: Border compliance (USD) (DB16-20 methodology),55
BGR,Trading across borders,Cost to export: Documentary compliance (USD) (DB16-20 methodology),51.66667
BGR,Trading across borders,Cost to import: Border compliance (USD) (DB16-20 methodology),0
BGR,Trading across borders,Cost to import: Documentary compliance (USD) (DB16-20 methodology),0
BGR,Trading across borders,Time to export: Border compliance (hours) (DB16-20 methodology),4.4
BGR,Trading across borders,Time to export: Documentary compliance (hours) (DB16-20 methodology),1.75
BGR,Trading across borders,Time to import: Border compliance (hours) (DB16-20 methodology),.5
BGR,Trading across borders,Time to import: Documentary compliance (hours) (DB16-20 methodology),.5
BHR,Dealing with construction permits,Building quality control index (0-15) (DB16-20 methodology),12
BHR,Dealing with construction permits,Cost (% of Warehouse value),3.7
BHR,Dealing with construction permits,Liability and insurance regimes index (0-2) (DB16-20 methodology),1
BHR,Dealing with construction permits,Procedures (number),9
BHR,Dealing with construction permits,Professional certifications index (0-4) (DB16-20 methodology),3
BHR,Dealing with construction permits,Quality control after construction index (0-3) (DB16-20 methodology),3
BHR,Dealing with construction permits,Quality control before construction index (0-1) (DB16-20 methodology),1
BHR,Dealing with construction permits,Quality control during construction index (0-3) (DB16-20 methodology),2
BHR,Dealing with construction permits,Quality of building regulations index (0-2) (DB16-20 methodology),2
BHR,Dealing with construction permits,Time (days),71
BHR,Enforcing contracts,Alternative dispute resolution (0-3) (DB17-20 methodology),2
BHR,Enforcing contracts,Attorney fees (% of claim),10
BHR,Enforcing contracts,Case management (0-6) (DB17-20 methodology),3
BHR,Enforcing contracts,Cost (% of claim),14.7
BHR,Enforcing contracts,Court automation (0-4) (DB17-20 methodology),1
BHR,Enforcing contracts,Court fees (% of claim),3.4
BHR,Enforcing contracts,Court structure and proceedings (0-5) (DB17-20 methodology),3
BHR,Enforcing contracts,Enforcement fees (% of claim),1.3
BHR,Enforcing contracts,Enforcement of judgment (days),60
BHR,Enforcing contracts,Filing and service (days),30
BHR,Enforcing contracts,Quality of judicial processes index (0-18) (DB17-20 methodology),9
BHR,Enforcing contracts,Time (days),635
BHR,Enforcing contracts,Trial and judgment (days),545
BHR,Getting credit,Credit bureau coverage (% of adults),40.9
BHR,Getting credit,Credit registry coverage (% of adults),0
BHR,Getting credit,Depth of credit information index (0-8) (DB15-20 methodology),8
BHR,Getting credit,Getting Credit total score (DB15-20 methodology),11
BHR,Getting credit,Strength of legal rights index (0-12) (DB15-20 methodology),3
BHR,Paying taxes,Labor tax and contributions (% of profit),13.5
BHR,Paying taxes,Other taxes (% of profit),.3
BHR,Paying taxes,Payments (number per year),3
BHR,Paying taxes,Profit tax (% of profit),0
BHR,Paying taxes,Time (hours per year),22.5
BHR,Paying taxes,Time to complete a corporate income tax correction (weeks) (DB17-20 methodology),No corporate income tax
BHR,Paying taxes,Time to comply with a corporate income tax correction (hours) (DB17-20 methodology),No corporate income tax
BHR,Paying taxes,Total tax and contribution rate (% of profit),13.8
BHR,Registering property,Cost (% of property value),1.7
BHR,Registering property,Equal access to property rights index (-2-0) (DB17-20 methodology),0
BHR,Registering property,Geographic coverage index (0-8) (DB17-20 methodology),4
BHR,Registering property,Land dispute resolution index (0-8) (DB17-20 methodology),6
BHR,Registering property,Procedures (number),2
BHR,Registering property,Quality of land administration index (0-30) (DB17-20 methodology),19.5
BHR,Registering property,Reliability of infrastructure index (0-8) (DB17-20 methodology),6
BHR,Registering property,Time (days),2
BHR,Registering property,Transparency of information index (0-6) (DB17-20 methodology),3.5
BHR,Resolving insolvency,Commencement of proceedings index (0-3) (DB15-20 methodology),2.5
BHR,Resolving insolvency,Cost (% of estate),9.5
BHR,Resolving insolvency,Creditor participation index (0-4) (DB15-20 methodology),1
BHR,Resolving insolvency,Management of debtor's assets index (0-6) (DB15-20 methodology),6
BHR,Resolving insolvency,Outcome (0 as piecemeal sale and 1 as going concern),0
BHR,Resolving insolvency,Recovery rate (cents on the dollar),41.3
BHR,Resolving insolvency,Reorganization proceedings index (0-3) (DB15-20 methodology),2
BHR,Resolving insolvency,Strength of insolvency framework index (0-16),11.5
BHR,Resolving insolvency,Time (years),2.5
BHR,Starting a business,Cost - Men (% of income per capita),1
BHR,Starting a business,Cost - Women (% of income per capita),1
BHR,Starting a business,Paid-in Minimum capital (% of income per capita),2.9
BHR,Starting a business,Procedures - Men (number),6
BHR,Starting a business,Procedures - Women (number),7
BHR,Starting a business,Time - Men (days),8
BHR,Starting a business,Time - Women (days),9
BHR,Trading across borders,Cost to export: Border compliance (USD) (DB16-20 methodology),47.22222
BHR,Trading across borders,Cost to export: Documentary compliance (USD) (DB16-20 methodology),100
BHR,Trading across borders,Cost to import: Border compliance (USD) (DB16-20 methodology),397
BHR,Trading across borders,Cost to import: Documentary compliance (USD) (DB16-20 methodology),130
BHR,Trading across borders,Time to export: Border compliance (hours) (DB16-20 methodology),59
BHR,Trading across borders,Time to export: Documentary compliance (hours) (DB16-20 methodology),24
BHR,Trading across borders,Time to import: Border compliance (hours) (DB16-20 methodology),42
BHR,Trading across borders,Time to import: Documentary compliance (hours) (DB16-20 methodology),60
BHS,Dealing with construction permits,Building quality control index (0-15) (DB16-20 methodology),12
BHS,Dealing with construction permits,Cost (% of Warehouse value),.8
BHS,Dealing with construction permits,Liability and insurance regimes index (0-2) (DB16-20 methodology),0
BHS,Dealing with construction permits,Procedures (number),17
BHS,Dealing with construction permits,Professional certifications index (0-4) (DB16-20 methodology),4
BHS,Dealing with construction permits,Quality control after construction index (0-3) (DB16-20 methodology),3
BHS,Dealing with construction permits,Quality control before construction index (0-1) (DB16-20 methodology),1
BHS,Dealing with construction permits,Quality control during construction index (0-3) (DB16-20 methodology),2
BHS,Dealing with construction permits,Quality of building regulations index (0-2) (DB16-20 methodology),2
BHS,Dealing with construction permits,Time (days),180
BHS,Enforcing contracts,Alternative dispute resolution (0-3) (DB17-20 methodology),2
BHS,Enforcing contracts,Attorney fees (% of claim),18
BHS,Enforcing contracts,Case management (0-6) (DB17-20 methodology),1
BHS,Enforcing contracts,Cost (% of claim),28.9
BHS,Enforcing contracts,Court automation (0-4) (DB17-20 methodology),.5
BHS,Enforcing contracts,Court fees (% of claim),2.9
BHS,Enforcing contracts,Court structure and proceedings (0-5) (DB17-20 methodology),4.5
BHS,Enforcing contracts,Enforcement fees (% of claim),8
BHS,Enforcing contracts,Enforcement of judgment (days),180
BHS,Enforcing contracts,Filing and service (days),20
BHS,Enforcing contracts,Quality of judicial processes index (0-18) (DB17-20 methodology),8
BHS,Enforcing contracts,Time (days),545
BHS,Enforcing contracts,Trial and judgment (days),345
BHS,Getting credit,Credit bureau coverage (% of adults),0
BHS,Getting credit,Credit registry coverage (% of adults),0
BHS,Getting credit,Depth of credit information index (0-8) (DB15-20 methodology),0
BHS,Getting credit,Getting Credit total score (DB15-20 methodology),6
BHS,Getting credit,Strength of legal rights index (0-12) (DB15-20 methodology),6
BHS,Paying taxes,Labor tax and contributions (% of profit),6.4
BHS,Paying taxes,Other taxes (% of profit),27.4
BHS,Paying taxes,Payments (number per year),20
BHS,Paying taxes,Profit tax (% of profit),0
BHS,Paying taxes,Time (hours per year),155
BHS,Paying taxes,Time to complete a corporate income tax correction (weeks) (DB17-20 methodology),No corporate income tax
BHS,Paying taxes,Time to comply with VAT refund (hours) (DB17-20 methodology),2
BHS,Paying taxes,Time to comply with a corporate income tax correction (hours) (DB17-20 methodology),No corporate income tax
BHS,Paying taxes,Time to obtain VAT refund (weeks) (DB17-20 methodology),19.5
BHS,Paying taxes,Total tax and contribution rate (% of profit),33.8
BHS,Registering property,Cost (% of property value),11.8
BHS,Registering property,Equal access to property rights index (-2-0) (DB17-20 methodology),0
BHS,Registering property,Geographic coverage index (0-8) (DB17-20 methodology),0
BHS,Registering property,Land dispute resolution index (0-8) (DB17-20 methodology),.5
BHS,Registering property,Procedures (number),7
BHS,Registering property,Quality of land administration index (0-30) (DB17-20 methodology),3
BHS,Registering property,Reliability of infrastructure index (0-8) (DB17-20 methodology),0
BHS,Registering property,Time (days),122
BHS,Registering property,Transparency of information index (0-6) (DB17-20 methodology),2.5
BHS,Resolving insolvency,Commencement of proceedings index (0-3) (DB15-20 methodology),2
BHS,Resolving insolvency,Cost (% of estate),12
BHS,Resolving insolvency,Creditor participation index (0-4) (DB15-20 methodology),1
BHS,Resolving insolvency,Management of debtor's assets index (0-6) (DB15-20 methodology),3
BHS,Resolving insolvency,Outcome (0 as piecemeal sale and 1 as going concern),1
BHS,Resolving insolvency,Recovery rate (cents on the dollar),64.4
BHS,Resolving insolvency,Reorganization proceedings index (0-3) (DB15-20 methodology),0
BHS,Resolving insolvency,Strength of insolvency framework index (0-16),6
BHS,Resolving insolvency,Time (years),3
BHS,Starting a business,Cost - Men (% of income per capita),11
BHS,Starting a business,Cost - Women (% of income per capita),11
BHS,Starting a business,Paid-in Minimum capital (% of income per capita),0
BHS,Starting a business,Procedures - Men (number),7
BHS,Starting a business,Procedures - Women (number),7
BHS,Starting a business,Time - Men (days),11.5
BHS,Starting a business,Time - Women (days),11.5
BHS,Trading across borders,Cost to export: Border compliance (USD) (DB16-20 methodology),512
BHS,Trading across borders,Cost to export: Documentary compliance (USD) (DB16-20 methodology),550
BHS,Trading across borders,Cost to import: Border compliance (USD) (DB16-20 methodology),1385
BHS,Trading across borders,Cost to import: Documentary compliance (USD) (DB16-20 methodology),550
BHS,Trading across borders,Time to export: Border compliance (hours) (DB16-20 methodology),36
BHS,Trading across borders,Time to export: Documentary compliance (hours) (DB16-20 methodology),12
BHS,Trading across borders,Time to import: Border compliance (hours) (DB16-20 methodology),51
BHS,Trading across borders,Time to import: Documentary compliance (hours) (DB16-20 methodology),6
BIH,Dealing with construction permits,Building quality control index (0-15) (DB16-20 methodology),13
BIH,Dealing with construction permits,Cost (% of Warehouse value),20.3
BIH,Dealing with construction permits,Liability and insurance regimes index (0-2) (DB16-20 methodology),1
BIH,Dealing with construction permits,Procedures (number),17
BIH,Dealing with construction permits,Professional certifications index (0-4) (DB16-20 methodology),4
BIH,Dealing with construction permits,Quality control after construction index (0-3) (DB16-20 methodology),3
BIH,Dealing with construction permits,Quality control before construction index (0-1) (DB16-20 methodology),1
BIH,Dealing with construction permits,Quality control during construction index (0-3) (DB16-20 methodology),2
BIH,Dealing with construction permits,Quality of building regulations index (0-2) (DB16-20 methodology),2
BIH,Dealing with construction permits,Time (days),180
BIH,Enforcing contracts,Alternative dispute resolution (0-3) (DB17-20 methodology),2
BIH,Enforcing contracts,Attorney fees (% of claim),25
BIH,Enforcing contracts,Case management (0-6) (DB17-20 methodology),2.5
BIH,Enforcing contracts,Cost (% of claim),36
BIH,Enforcing contracts,Court automation (0-4) (DB17-20 methodology),0
BIH,Enforcing contracts,Court fees (% of claim),8
BIH,Enforcing contracts,Court structure and proceedings (0-5) (DB17-20 methodology),5
BIH,Enforcing contracts,Enforcement fees (% of claim),3
BIH,Enforcing contracts,Enforcement of judgment (days),180
BIH,Enforcing contracts,Filing and service (days),30
BIH,Enforcing contracts,Quality of judicial processes index (0-18) (DB17-20 methodology),9.5
BIH,Enforcing contracts,Time (days),595
BIH,Enforcing contracts,Trial and judgment (days),385
BIH,Getting credit,Credit bureau coverage (% of adults),14
BIH,Getting credit,Credit registry coverage (% of adults),47.1
BIH,Getting credit,Depth of credit information index (0-8) (DB15-20 methodology),6
BIH,Getting credit,Getting Credit total score (DB15-20 methodology),13
BIH,Getting credit,Strength of legal rights index (0-12) (DB15-20 methodology),7
BIH,Paying taxes,Labor tax and contributions (% of profit),13.6
BIH,Paying taxes,Other taxes (% of profit),1.7
BIH,Paying taxes,Payments (number per year),33
BIH,Paying taxes,Profit tax (% of profit),8.4
BIH,Paying taxes,Time (hours per year),411
BIH,Paying taxes,Time to complete a corporate income tax correction (weeks) (DB17-20 methodology),14.85714
BIH,Paying taxes,Time to comply with VAT refund (hours) (DB17-20 methodology),40
BIH,Paying taxes,Time to comply with a corporate income tax correction (hours) (DB17-20 methodology),30
BIH,Paying taxes,Time to obtain VAT refund (weeks) (DB17-20 methodology),19.02381
BIH,Paying taxes,Total tax and contribution rate (% of profit),23.7
BIH,Registering property,Cost (% of property value),5.1
BIH,Registering property,Equal access to property rights index (-2-0) (DB17-20 methodology),0
BIH,Registering property,Geographic coverage index (0-8) (DB17-20 methodology),2
BIH,Registering property,Land dispute resolution index (0-8) (DB17-20 methodology),5.5
BIH,Registering property,Procedures (number),7
BIH,Registering property,Quality of land administration index (0-30) (DB17-20 methodology),16.5
BIH,Registering property,Reliability of infrastructure index (0-8) (DB17-20 methodology),5
BIH,Registering property,Time (days),35
BIH,Registering property,Transparency of information index (0-6) (DB17-20 methodology),4
BIH,Resolving insolvency,Commencement of proceedings index (0-3) (DB15-20 methodology),3
BIH,Resolving insolvency,Cost (% of estate),9
BIH,Resolving insolvency,Creditor participation index (0-4) (DB15-20 methodology),3
BIH,Resolving insolvency,Management of debtor's assets index (0-6) (DB15-20 methodology),6
BIH,Resolving insolvency,Outcome (0 as piecemeal sale and 1 as going concern),0
BIH,Resolving insolvency,Recovery rate (cents on the dollar),39.7
BIH,Resolving insolvency,Reorganization proceedings index (0-3) (DB15-20 methodology),3
BIH,Resolving insolvency,Strength of insolvency framework index (0-16),15
BIH,Resolving insolvency,Time (years),3.3
BIH,Starting a business,Cost - Men (% of income per capita),13.7
BIH,Starting a business,Cost - Women (% of income per capita),13.7
BIH,Starting a business,Paid-in Minimum capital (% of income per capita),10.2
BIH,Starting a business,Procedures - Men (number),13
BIH,Starting a business,Procedures - Women (number),13
BIH,Starting a business,Time - Men (days),80
BIH,Starting a business,Time - Women (days),80
BIH,Trading across borders,Cost to export: Border compliance (USD) (DB16-20 methodology),70
BIH,Trading across borders,Cost to export: Documentary compliance (USD) (DB16-20 methodology),21.5
BIH,Trading across borders,Cost to import: Border compliance (USD) (DB16-20 methodology),108.5
BIH,Trading across borders,Cost to import: Documentary compliance (USD) (DB16-20 methodology),26.5
BIH,Trading across borders,Time to export: Border compliance (hours) (DB16-20 methodology),5.210526
BIH,Trading across borders,Time to export: Documentary compliance (hours) (DB16-20 methodology),4.333333
BIH,Trading across borders,Time to import: Border compliance (hours) (DB16-20 methodology),5.947368
BIH,Trading across borders,Time to import: Documentary compliance (hours) (DB16-20 methodology),8
BLR,Dealing with construction permits,Building quality control index (0-15) (DB16-20 methodology),13
BLR,Dealing with construction permits,Cost (% of Warehouse value),1.6
BLR,Dealing with construction permits,Liability and insurance regimes index (0-2) (DB16-20 methodology),1
BLR,Dealing with construction permits,Procedures (number),15
BLR,Dealing with construction permits,Professional certifications index (0-4) (DB16-20 methodology),4
BLR,Dealing with construction permits,Quality control after construction index (0-3) (DB16-20 methodology),3
BLR,Dealing with construction permits,Quality control before construction index (0-1) (DB16-20 methodology),1
BLR,Dealing with construction permits,Quality control during construction index (0-3) (DB16-20 methodology),2
BLR,Dealing with construction permits,Quality of building regulations index (0-2) (DB16-20 methodology),2
BLR,Dealing with construction permits,Time (days),158
BLR,Enforcing contracts,Alternative dispute resolution (0-3) (DB17-20 methodology),2.5
BLR,Enforcing contracts,Attorney fees (% of claim),12
BLR,Enforcing contracts,Case management (0-6) (DB17-20 methodology),2.5
BLR,Enforcing contracts,Cost (% of claim),23.4
BLR,Enforcing contracts,Court automation (0-4) (DB17-20 methodology),0
BLR,Enforcing contracts,Court fees (% of claim),11.4
BLR,Enforcing contracts,Court structure and proceedings (0-5) (DB17-20 methodology),2.5
BLR,Enforcing contracts,Enforcement fees (% of claim),0
BLR,Enforcing contracts,Enforcement of judgment (days),90
BLR,Enforcing contracts,Filing and service (days),50
BLR,Enforcing contracts,Quality of judicial processes index (0-18) (DB17-20 methodology),7.5
BLR,Enforcing contracts,Time (days),275
BLR,Enforcing contracts,Trial and judgment (days),135
BLR,Getting credit,Credit bureau coverage (% of adults),0
BLR,Getting credit,Credit registry coverage (% of adults),53
BLR,Getting credit,Depth of credit information index (0-8) (DB15-20 methodology),7
BLR,Getting credit,Getting Credit total score (DB15-20 methodology),10
BLR,Getting credit,Strength of legal rights index (0-12) (DB15-20 methodology),3
BLR,Paying taxes,Labor tax and contributions (% of profit),39
BLR,Paying taxes,Other taxes (% of profit),3.2
BLR,Paying taxes,Payments (number per year),7
BLR,Paying taxes,Profit tax (% of profit),11.1
BLR,Paying taxes,Time (hours per year),170
BLR,Paying taxes,Time to complete a corporate income tax correction (weeks) (DB17-20 methodology),0
BLR,Paying taxes,Time to comply with VAT refund (hours) (DB17-20 methodology),No VAT refund per case study scenario
BLR,Paying taxes,Time to comply with a corporate income tax correction (hours) (DB17-20 methodology),1
BLR,Paying taxes,Time to obtain VAT refund (weeks) (DB17-20 methodology),No VAT refund per case study scenario
BLR,Paying taxes,Total tax and contribution rate (% of profit),53.3
BLR,Registering property,Cost (% of property value),0
BLR,Registering property,Equal access to property rights index (-2-0) (DB17-20 methodology),0
BLR,Registering property,Geographic coverage index (0-8) (DB17-20 methodology),4
BLR,Registering property,Land dispute resolution index (0-8) (DB17-20 methodology),8
BLR,Registering property,Procedures (number),4
BLR,Registering property,Quality of land administration index (0-30) (DB17-20 methodology),23.5
BLR,Registering property,Reliability of infrastructure index (0-8) (DB17-20 methodology),7
BLR,Registering property,Time (days),5
BLR,Registering property,Transparency of information index (0-6) (DB17-20 methodology),4.5
BLR,Resolving insolvency,Commencement of proceedings index (0-3) (DB15-20 methodology),2
BLR,Resolving insolvency,Cost (% of estate),17
BLR,Resolving insolvency,Creditor participation index (0-4) (DB15-20 methodology),2
BLR,Resolving insolvency,Management of debtor's assets index (0-6) (DB15-20 methodology),5.5
BLR,Resolving insolvency,Outcome (0 as piecemeal sale and 1 as going concern),0
BLR,Resolving insolvency,Recovery rate (cents on the dollar),40.2
BLR,Resolving insolvency,Reorganization proceedings index (0-3) (DB15-20 methodology),.5
BLR,Resolving insolvency,Strength of insolvency framework index (0-16),10
BLR,Resolving insolvency,Time (years),1.5
BLR,Starting a business,Cost - Men (% of income per capita),.5
BLR,Starting a business,Cost - Women (% of income per capita),.5
BLR,Starting a business,Paid-in Minimum capital (% of income per capita),0
BLR,Starting a business,Procedures - Men (number),4
BLR,Starting a business,Procedures - Women (number),4
BLR,Starting a business,Time - Men (days),8.5
BLR,Starting a business,Time - Women (days),8.5
BLR,Trading across borders,Cost to export: Border compliance (USD) (DB16-20 methodology),65
BLR,Trading across borders,Cost to export: Documentary compliance (USD) (DB16-20 methodology),60
BLR,Trading across borders,Cost to import: Border compliance (USD) (DB16-20 methodology),0
BLR,Trading across borders,Cost to import: Documentary compliance (USD) (DB16-20 methodology),0
BLR,Trading across borders,Time to export: Border compliance (hours) (DB16-20 methodology),7.346154
BLR,Trading across borders,Time to export: Documentary compliance (hours) (DB16-20 methodology),4
BLR,Trading across borders,Time to import: Border compliance (hours) (DB16-20 methodology),0
BLR,Trading across borders,Time to import: Documentary compliance (hours) (DB16-20 methodology),3.5
BLZ,Dealing with construction permits,Building quality control index (0-15) (DB16-20 methodology),7
BLZ,Dealing with construction permits,Cost (% of Warehouse value),2.4
BLZ,Dealing with construction permits,Liability and insurance regimes index (0-2) (DB16-20 methodology),0
BLZ,Dealing with construction permits,Procedures (number),16
BLZ,Dealing with construction permits,Professional certifications index (0-4) (DB16-20 methodology),1
BLZ,Dealing with construction permits,Quality control after construction index (0-3) (DB16-20 methodology),3
BLZ,Dealing with construction permits,Quality control before construction index (0-1) (DB16-20 methodology),1
BLZ,Dealing with construction permits,Quality control during construction index (0-3) (DB16-20 methodology),0
BLZ,Dealing with construction permits,Quality of building regulations index (0-2) (DB16-20 methodology),2
BLZ,Dealing with construction permits,Time (days),142
BLZ,Enforcing contracts,Alternative dispute resolution (0-3) (DB17-20 methodology),2.5
BLZ,Enforcing contracts,Attorney fees (% of claim),17.5
BLZ,Enforcing contracts,Case management (0-6) (DB17-20 methodology),1.5
BLZ,Enforcing contracts,Cost (% of claim),27.5
BLZ,Enforcing contracts,Court automation (0-4) (DB17-20 methodology),1.5
BLZ,Enforcing contracts,Court fees (% of claim),2
BLZ,Enforcing contracts,Court structure and proceedings (0-5) (DB17-20 methodology),2.5
BLZ,Enforcing contracts,Enforcement fees (% of claim),8
BLZ,Enforcing contracts,Enforcement of judgment (days),300
BLZ,Enforcing contracts,Filing and service (days),30
BLZ,Enforcing contracts,Quality of judicial processes index (0-18) (DB17-20 methodology),8
BLZ,Enforcing contracts,Time (days),892
BLZ,Enforcing contracts,Trial and judgment (days),562
BLZ,Getting credit,Credit bureau coverage (% of adults),0
BLZ,Getting credit,Credit registry coverage (% of adults),0
BLZ,Getting credit,Depth of credit information index (0-8) (DB15-20 methodology),0
BLZ,Getting credit,Getting Credit total score (DB15-20 methodology),4
BLZ,Getting credit,Strength of legal rights index (0-12) (DB15-20 methodology),4
BLZ,Paying taxes,Labor tax and contributions (% of profit),5
BLZ,Paying taxes,Other taxes (% of profit),1.3
BLZ,Paying taxes,Payments (number per year),29
BLZ,Paying taxes,Profit tax (% of profit),24.7
BLZ,Paying taxes,Time (hours per year),147
BLZ,Paying taxes,Time to complete a corporate income tax correction (weeks) (DB17-20 methodology),5
BLZ,Paying taxes,Time to comply with VAT refund (hours) (DB17-20 methodology),5
BLZ,Paying taxes,Time to comply with a corporate income tax correction (hours) (DB17-20 methodology),4
BLZ,Paying taxes,Time to obtain VAT refund (weeks) (DB17-20 methodology),18.45238
BLZ,Paying taxes,Total tax and contribution rate (% of profit),31.1
BLZ,Registering property,Cost (% of property value),4.8
BLZ,Registering property,Equal access to property rights index (-2-0) (DB17-20 methodology),0
BLZ,Registering property,Geographic coverage index (0-8) (DB17-20 methodology),0
BLZ,Registering property,Land dispute resolution index (0-8) (DB17-20 methodology),3.5
BLZ,Registering property,Procedures (number),9
BLZ,Registering property,Quality of land administration index (0-30) (DB17-20 methodology),11
BLZ,Registering property,Reliability of infrastructure index (0-8) (DB17-20 methodology),5
BLZ,Registering property,Time (days),60
BLZ,Registering property,Transparency of information index (0-6) (DB17-20 methodology),2.5
BLZ,Resolving insolvency,Commencement of proceedings index (0-3) (DB15-20 methodology),2
BLZ,Resolving insolvency,Cost (% of estate),22.5
BLZ,Resolving insolvency,Creditor participation index (0-4) (DB15-20 methodology),2
BLZ,Resolving insolvency,Management of debtor's assets index (0-6) (DB15-20 methodology),1
BLZ,Resolving insolvency,Outcome (0 as piecemeal sale and 1 as going concern),1
BLZ,Resolving insolvency,Recovery rate (cents on the dollar),56.7
BLZ,Resolving insolvency,Reorganization proceedings index (0-3) (DB15-20 methodology),0
BLZ,Resolving insolvency,Strength of insolvency framework index (0-16),5
BLZ,Resolving insolvency,Time (years),2
BLZ,Starting a business,Cost - Men (% of income per capita),34.3
BLZ,Starting a business,Cost - Women (% of income per capita),34.3
BLZ,Starting a business,Paid-in Minimum capital (% of income per capita),0
BLZ,Starting a business,Procedures - Men (number),9
BLZ,Starting a business,Procedures - Women (number),9
BLZ,Starting a business,Time - Men (days),48
BLZ,Starting a business,Time - Women (days),48
BLZ,Trading across borders,Cost to export: Border compliance (USD) (DB16-20 methodology),710
BLZ,Trading across borders,Cost to export: Documentary compliance (USD) (DB16-20 methodology),50
BLZ,Trading across borders,Cost to import: Border compliance (USD) (DB16-20 methodology),687.5
BLZ,Trading across borders,Cost to import: Documentary compliance (USD) (DB16-20 methodology),75
BLZ,Trading across borders,Time to export: Border compliance (hours) (DB16-20 methodology),96
BLZ,Trading across borders,Time to export: Documentary compliance (hours) (DB16-20 methodology),38
BLZ,Trading across borders,Time to import: Border compliance (hours) (DB16-20 methodology),30
BLZ,Trading across borders,Time to import: Documentary compliance (hours) (DB16-20 methodology),36
BOL,Dealing with construction permits,Building quality control index (0-15) (DB16-20 methodology),7
BOL,Dealing with construction permits,Cost (% of Warehouse value),1.3
BOL,Dealing with construction permits,Liability and insurance regimes index (0-2) (DB16-20 methodology),1
BOL,Dealing with construction permits,Procedures (number),15
BOL,Dealing with construction permits,Professional certifications index (0-4) (DB16-20 methodology),0
BOL,Dealing with construction permits,Quality control after construction index (0-3) (DB16-20 methodology),2
BOL,Dealing with construction permits,Quality control before construction index (0-1) (DB16-20 methodology),1
BOL,Dealing with construction permits,Quality control during construction index (0-3) (DB16-20 methodology),2
BOL,Dealing with construction permits,Quality of building regulations index (0-2) (DB16-20 methodology),1
BOL,Dealing with construction permits,Time (days),235
BOL,Enforcing contracts,Alternative dispute resolution (0-3) (DB17-20 methodology),2.5
BOL,Enforcing contracts,Attorney fees (% of claim),10
BOL,Enforcing contracts,Case management (0-6) (DB17-20 methodology),1.5
BOL,Enforcing contracts,Cost (% of claim),25
BOL,Enforcing contracts,Court automation (0-4) (DB17-20 methodology),0
BOL,Enforcing contracts,Court fees (% of claim),10
BOL,Enforcing contracts,Court structure and proceedings (0-5) (DB17-20 methodology),2
BOL,Enforcing contracts,Enforcement fees (% of claim),5
BOL,Enforcing contracts,Enforcement of judgment (days),150
BOL,Enforcing contracts,Filing and service (days),40
BOL,Enforcing contracts,Quality of judicial processes index (0-18) (DB17-20 methodology),6
BOL,Enforcing contracts,Time (days),591
BOL,Enforcing contracts,Trial and judgment (days),401
BOL,Getting credit,Credit bureau coverage (% of adults),55
BOL,Getting credit,Credit registry coverage (% of adults),26.1
BOL,Getting credit,Depth of credit information index (0-8) (DB15-20 methodology),7
BOL,Getting credit,Getting Credit total score (DB15-20 methodology),7
BOL,Getting credit,Strength of legal rights index (0-12) (DB15-20 methodology),0
BOL,Paying taxes,Labor tax and contributions (% of profit),18.8
BOL,Paying taxes,Other taxes (% of profit),64.9
BOL,Paying taxes,Payments (number per year),42
BOL,Paying taxes,Profit tax (% of profit),0
BOL,Paying taxes,Time (hours per year),1025
BOL,Paying taxes,Time to complete a corporate income tax correction (weeks) (DB17-20 methodology),0
BOL,Paying taxes,Time to comply with VAT refund (hours) (DB17-20 methodology),No VAT refund per case study scenario
BOL,Paying taxes,Time to comply with a corporate income tax correction (hours) (DB17-20 methodology),1.5
BOL,Paying taxes,Time to obtain VAT refund (weeks) (DB17-20 methodology),No VAT refund per case study scenario
BOL,Paying taxes,Total tax and contribution rate (% of profit),83.7
BOL,Registering property,Cost (% of property value),4.7
BOL,Registering property,Equal access to property rights index (-2-0) (DB17-20 methodology),0
BOL,Registering property,Geographic coverage index (0-8) (DB17-20 methodology),0
BOL,Registering property,Land dispute resolution index (0-8) (DB17-20 methodology),3.5
BOL,Registering property,Procedures (number),7
BOL,Registering property,Quality of land administration index (0-30) (DB17-20 methodology),7
BOL,Registering property,Reliability of infrastructure index (0-8) (DB17-20 methodology),2
BOL,Registering property,Time (days),90
BOL,Registering property,Transparency of information index (0-6) (DB17-20 methodology),1.5
BOL,Resolving insolvency,Commencement of proceedings index (0-3) (DB15-20 methodology),2.5
BOL,Resolving insolvency,Cost (% of estate),14.5
BOL,Resolving insolvency,Creditor participation index (0-4) (DB15-20 methodology),0
BOL,Resolving insolvency,Management of debtor's assets index (0-6) (DB15-20 methodology),3
BOL,Resolving insolvency,Outcome (0 as piecemeal sale and 1 as going concern),0
BOL,Resolving insolvency,Recovery rate (cents on the dollar),40.8
BOL,Resolving insolvency,Reorganization proceedings index (0-3) (DB15-20 methodology),1
BOL,Resolving insolvency,Strength of insolvency framework index (0-16),6.5
BOL,Resolving insolvency,Time (years),1.8
BOL,Starting a business,Cost - Men (% of income per capita),37.3
BOL,Starting a business,Cost - Women (% of income per capita),37.3
BOL,Starting a business,Paid-in Minimum capital (% of income per capita),0
BOL,Starting a business,Procedures - Men (number),12
BOL,Starting a business,Procedures - Women (number),12
BOL,Starting a business,Time - Men (days),39.5
BOL,Starting a business,Time - Women (days),39.5
BOL,Trading across borders,Cost to export: Border compliance (USD) (DB16-20 methodology),65
BOL,Trading across borders,Cost to export: Documentary compliance (USD) (DB16-20 methodology),25
BOL,Trading across borders,Cost to import: Border compliance (USD) (DB16-20 methodology),315
BOL,Trading across borders,Cost to import: Documentary compliance (USD) (DB16-20 methodology),30
BOL,Trading across borders,Time to export: Border compliance (hours) (DB16-20 methodology),48
BOL,Trading across borders,Time to export: Documentary compliance (hours) (DB16-20 methodology),144
BOL,Trading across borders,Time to import: Border compliance (hours) (DB16-20 methodology),114
BOL,Trading across borders,Time to import: Documentary compliance (hours) (DB16-20 methodology),72
BRA,Dealing with construction permits,Building quality control index (0-15) (DB16-20 methodology),8.39
BRA,Dealing with construction permits,Cost (% of Warehouse value),1.1
BRA,Dealing with construction permits,Liability and insurance regimes index (0-2) (DB16-20 methodology),1
BRA,Dealing with construction permits,Procedures (number),18.61
BRA,Dealing with construction permits,Professional certifications index (0-4) (DB16-20 methodology),2
BRA,Dealing with construction permits,Quality control after construction index (0-3) (DB16-20 methodology),2.39
BRA,Dealing with construction permits,Quality control before construction index (0-1) (DB16-20 methodology),1
BRA,Dealing with construction permits,Quality control during construction index (0-3) (DB16-20 methodology),0
BRA,Dealing with construction permits,Quality of building regulations index (0-2) (DB16-20 methodology),2
BRA,Dealing with construction permits,Time (days),338.37
BRA,Enforcing contracts,Alternative dispute resolution (0-3) (DB17-20 methodology),3
BRA,Enforcing contracts,Attorney fees (% of claim),13.9
BRA,Enforcing contracts,Case management (0-6) (DB17-20 methodology),3
BRA,Enforcing contracts,Cost (% of claim),22
BRA,Enforcing contracts,Court automation (0-4) (DB17-20 methodology),3
BRA,Enforcing contracts,Court fees (% of claim),7
BRA,Enforcing contracts,Court structure and proceedings (0-5) (DB17-20 methodology),4.085
BRA,Enforcing contracts,Enforcement fees (% of claim),1.1
BRA,Enforcing contracts,Enforcement of judgment (days),210
BRA,Enforcing contracts,Filing and service (days),41
BRA,Enforcing contracts,Quality of judicial processes index (0-18) (DB17-20 methodology),13.085
BRA,Enforcing contracts,Time (days),801.2
BRA,Enforcing contracts,Trial and judgment (days),550.2
BRA,Getting credit,Credit bureau coverage (% of adults),81.2
BRA,Getting credit,Credit registry coverage (% of adults),79
BRA,Getting credit,Depth of credit information index (0-8) (DB15-20 methodology),8
BRA,Getting credit,Getting Credit total score (DB15-20 methodology),10
BRA,Getting credit,Strength of legal rights index (0-12) (DB15-20 methodology),2
BRA,Paying taxes,Labor tax and contributions (% of profit),39.4
BRA,Paying taxes,Other taxes (% of profit),3.3
BRA,Paying taxes,Payments (number per year),9.61
BRA,Paying taxes,Profit tax (% of profit),22.4
BRA,Paying taxes,Time (hours per year),1501
BRA,Paying taxes,Time to complete a corporate income tax correction (weeks) (DB17-20 methodology),86.57143
BRA,Paying taxes,Time to comply with VAT refund (hours) (DB17-20 methodology),No VAT refund per case study scenario
BRA,Paying taxes,Time to comply with a corporate income tax correction (hours) (DB17-20 methodology),39
BRA,Paying taxes,Time to obtain VAT refund (weeks) (DB17-20 methodology),No VAT refund per case study scenario
BRA,Paying taxes,Total tax and contribution rate (% of profit),65.1
BRA,Registering property,Cost (% of property value),3.6
BRA,Registering property,Equal access to property rights index (-2-0) (DB17-20 methodology),0
BRA,Registering property,Geographic coverage index (0-8) (DB17-20 methodology),2
BRA,Registering property,Land dispute resolution index (0-8) (DB17-20 methodology),4.5
BRA,Registering property,Procedures (number),13.61
BRA,Registering property,Quality of land administration index (0-30) (DB17-20 methodology),16.305
BRA,Registering property,Reliability of infrastructure index (0-8) (DB17-20 methodology),4.61
BRA,Registering property,Time (days),30.74
BRA,Registering property,Transparency of information index (0-6) (DB17-20 methodology),5.195
BRA,Resolving insolvency,Commencement of proceedings index (0-3) (DB15-20 methodology),2.5
BRA,Resolving insolvency,Cost (% of estate),12
BRA,Resolving insolvency,Creditor participation index (0-4) (DB15-20 methodology),3
BRA,Resolving insolvency,Management of debtor's assets index (0-6) (DB15-20 methodology),5.5
BRA,Resolving insolvency,Outcome (0 as piecemeal sale and 1 as going concern),1
BRA,Resolving insolvency,Recovery rate (cents on the dollar),18.2
BRA,Resolving insolvency,Reorganization proceedings index (0-3) (DB15-20 methodology),2
BRA,Resolving insolvency,Strength of insolvency framework index (0-16),13
BRA,Resolving insolvency,Time (years),4
BRA,Starting a business,Cost - Men (% of income per capita),4.2
BRA,Starting a business,Cost - Women (% of income per capita),4.2
BRA,Starting a business,Paid-in Minimum capital (% of income per capita),0
BRA,Starting a business,Procedures - Men (number),10.61
BRA,Starting a business,Procedures - Women (number),10.61
BRA,Starting a business,Time - Men (days),16.62
BRA,Starting a business,Time - Women (days),16.62
BRA,Trading across borders,Cost to export: Border compliance (USD) (DB16-20 methodology),861.9565
BRA,Trading across borders,Cost to export: Documentary compliance (USD) (DB16-20 methodology),226.3889
BRA,Trading across borders,Cost to import: Border compliance (USD) (DB16-20 methodology),375
BRA,Trading across borders,Cost to import: Documentary compliance (USD) (DB16-20 methodology),106.9444
BRA,Trading across borders,Time to export: Border compliance (hours) (DB16-20 methodology),49.04348
BRA,Trading across borders,Time to export: Documentary compliance (hours) (DB16-20 methodology),12
BRA,Trading across borders,Time to import: Border compliance (hours) (DB16-20 methodology),30
BRA,Trading across borders,Time to import: Documentary compliance (hours) (DB16-20 methodology),24
BRB,Dealing with construction permits,Building quality control index (0-15) (DB16-20 methodology),6.5
BRB,Dealing with construction permits,Cost (% of Warehouse value),.2
BRB,Dealing with construction permits,Liability and insurance regimes index (0-2) (DB16-20 methodology),.5
BRB,Dealing with construction permits,Procedures (number),9
BRB,Dealing with construction permits,Professional certifications index (0-4) (DB16-20 methodology),1
BRB,Dealing with construction permits,Quality control after construction index (0-3) (DB16-20 methodology),3
BRB,Dealing with construction permits,Quality control before construction index (0-1) (DB16-20 methodology),0
BRB,Dealing with construction permits,Quality control during construction index (0-3) (DB16-20 methodology),0
BRB,Dealing with construction permits,Quality of building regulations index (0-2) (DB16-20 methodology),2
BRB,Dealing with construction permits,Time (days),377
BRB,Enforcing contracts,Alternative dispute resolution (0-3) (DB17-20 methodology),2.5
BRB,Enforcing contracts,Attorney fees (% of claim),15
BRB,Enforcing contracts,Case management (0-6) (DB17-20 methodology),1
BRB,Enforcing contracts,Cost (% of claim),19.7
BRB,Enforcing contracts,Court automation (0-4) (DB17-20 methodology),.5
BRB,Enforcing contracts,Court fees (% of claim),.7
BRB,Enforcing contracts,Court structure and proceedings (0-5) (DB17-20 methodology),3
BRB,Enforcing contracts,Enforcement fees (% of claim),4
BRB,Enforcing contracts,Enforcement of judgment (days),300
BRB,Enforcing contracts,Filing and service (days),20
BRB,Enforcing contracts,Quality of judicial processes index (0-18) (DB17-20 methodology),7
BRB,Enforcing contracts,Time (days),1340
BRB,Enforcing contracts,Trial and judgment (days),1020
BRB,Getting credit,Credit bureau coverage (% of adults),0
BRB,Getting credit,Credit registry coverage (% of adults),0
BRB,Getting credit,Depth of credit information index (0-8) (DB15-20 methodology),0
BRB,Getting credit,Getting Credit total score (DB15-20 methodology),6
BRB,Getting credit,Strength of legal rights index (0-12) (DB15-20 methodology),6
BRB,Paying taxes,Labor tax and contributions (% of profit),12.7
BRB,Paying taxes,Other taxes (% of profit),3.1
BRB,Paying taxes,Payments (number per year),28
BRB,Paying taxes,Profit tax (% of profit),19.8
BRB,Paying taxes,Time (hours per year),241
BRB,Paying taxes,Time to complete a corporate income tax correction (weeks) (DB17-20 methodology),0
BRB,Paying taxes,Time to comply with VAT refund (hours) (DB17-20 methodology),0
BRB,Paying taxes,Time to comply with a corporate income tax correction (hours) (DB17-20 methodology),3.5
BRB,Paying taxes,Time to obtain VAT refund (weeks) (DB17-20 methodology),56.33333
BRB,Paying taxes,Total tax and contribution rate (% of profit),35.6
BRB,Registering property,Cost (% of property value),4.5
BRB,Registering property,Equal access to property rights index (-2-0) (DB17-20 methodology),0
BRB,Registering property,Geographic coverage index (0-8) (DB17-20 methodology),0
BRB,Registering property,Land dispute resolution index (0-8) (DB17-20 methodology),4.5
BRB,Registering property,Procedures (number),7
BRB,Registering property,Quality of land administration index (0-30) (DB17-20 methodology),10.5
BRB,Registering property,Reliability of infrastructure index (0-8) (DB17-20 methodology),4
BRB,Registering property,Time (days),50
BRB,Registering property,Transparency of information index (0-6) (DB17-20 methodology),2
BRB,Resolving insolvency,Commencement of proceedings index (0-3) (DB15-20 methodology),2.5
BRB,Resolving insolvency,Cost (% of estate),15
BRB,Resolving insolvency,Creditor participation index (0-4) (DB15-20 methodology),3
BRB,Resolving insolvency,Management of debtor's assets index (0-6) (DB15-20 methodology),4.5
BRB,Resolving insolvency,Outcome (0 as piecemeal sale and 1 as going concern),1
BRB,Resolving insolvency,Recovery rate (cents on the dollar),65.7
BRB,Resolving insolvency,Reorganization proceedings index (0-3) (DB15-20 methodology),1
BRB,Resolving insolvency,Strength of insolvency framework index (0-16),11
BRB,Resolving insolvency,Time (years),1.8
BRB,Starting a business,Cost - Men (% of income per capita),7.3
BRB,Starting a business,Cost - Women (% of income per capita),7.3
BRB,Starting a business,Paid-in Minimum capital (% of income per capita),0
BRB,Starting a business,Procedures - Men (number),7
BRB,Starting a business,Procedures - Women (number),7
BRB,Starting a business,Time - Men (days),16
BRB,Starting a business,Time - Women (days),16
BRB,Trading across borders,Cost to export: Border compliance (USD) (DB16-20 methodology),486
BRB,Trading across borders,Cost to export: Documentary compliance (USD) (DB16-20 methodology),117
BRB,Trading across borders,Cost to import: Border compliance (USD) (DB16-20 methodology),1776
BRB,Trading across borders,Cost to import: Documentary compliance (USD) (DB16-20 methodology),150
BRB,Trading across borders,Time to export: Border compliance (hours) (DB16-20 methodology),41.38462
BRB,Trading across borders,Time to export: Documentary compliance (hours) (DB16-20 methodology),48
BRB,Trading across borders,Time to import: Border compliance (hours) (DB16-20 methodology),81
BRB,Trading across borders,Time to import: Documentary compliance (hours) (DB16-20 methodology),46
BRN,Dealing with construction permits,Building quality control index (0-15) (DB16-20 methodology),12
BRN,Dealing with construction permits,Cost (% of Warehouse value),1.8
BRN,Dealing with construction permits,Liability and insurance regimes index (0-2) (DB16-20 methodology),0
BRN,Dealing with construction permits,Procedures (number),20
BRN,Dealing with construction permits,Professional certifications index (0-4) (DB16-20 methodology),4
BRN,Dealing with construction permits,Quality control after construction index (0-3) (DB16-20 methodology),3
BRN,Dealing with construction permits,Quality control before construction index (0-1) (DB16-20 methodology),1
BRN,Dealing with construction permits,Quality control during construction index (0-3) (DB16-20 methodology),2
BRN,Dealing with construction permits,Quality of building regulations index (0-2) (DB16-20 methodology),2
BRN,Dealing with construction permits,Time (days),83
BRN,Enforcing contracts,Alternative dispute resolution (0-3) (DB17-20 methodology),2
BRN,Enforcing contracts,Attorney fees (% of claim),30
BRN,Enforcing contracts,Case management (0-6) (DB17-20 methodology),4
BRN,Enforcing contracts,Cost (% of claim),36.6
BRN,Enforcing contracts,Court automation (0-4) (DB17-20 methodology),2.5
BRN,Enforcing contracts,Court fees (% of claim),3.6
BRN,Enforcing contracts,Court structure and proceedings (0-5) (DB17-20 methodology),3
BRN,Enforcing contracts,Enforcement fees (% of claim),3
BRN,Enforcing contracts,Enforcement of judgment (days),90
BRN,Enforcing contracts,Filing and service (days),50
BRN,Enforcing contracts,Quality of judicial processes index (0-18) (DB17-20 methodology),11.5
BRN,Enforcing contracts,Time (days),540
BRN,Enforcing contracts,Trial and judgment (days),400
BRN,Getting credit,Credit bureau coverage (% of adults),0
BRN,Getting credit,Credit registry coverage (% of adults),76.8
BRN,Getting credit,Depth of credit information index (0-8) (DB15-20 methodology),8
BRN,Getting credit,Getting Credit total score (DB15-20 methodology),20
BRN,Getting credit,Strength of legal rights index (0-12) (DB15-20 methodology),12
BRN,Paying taxes,Labor tax and contributions (% of profit),7.9
BRN,Paying taxes,Other taxes (% of profit),0
BRN,Paying taxes,Payments (number per year),5
BRN,Paying taxes,Profit tax (% of profit),.1
BRN,Paying taxes,Time (hours per year),52.5
BRN,Paying taxes,Time to complete a corporate income tax correction (weeks) (DB17-20 methodology),65.42857
BRN,Paying taxes,Time to comply with a corporate income tax correction (hours) (DB17-20 methodology),137
BRN,Paying taxes,Total tax and contribution rate (% of profit),8
BRN,Registering property,Cost (% of property value),.6
BRN,Registering property,Equal access to property rights index (-2-0) (DB17-20 methodology),0
BRN,Registering property,Geographic coverage index (0-8) (DB17-20 methodology),4
BRN,Registering property,Land dispute resolution index (0-8) (DB17-20 methodology),4
BRN,Registering property,Procedures (number),7
BRN,Registering property,Quality of land administration index (0-30) (DB17-20 methodology),17
BRN,Registering property,Reliability of infrastructure index (0-8) (DB17-20 methodology),5
BRN,Registering property,Time (days),298.5
BRN,Registering property,Transparency of information index (0-6) (DB17-20 methodology),4
BRN,Resolving insolvency,Commencement of proceedings index (0-3) (DB15-20 methodology),3
BRN,Resolving insolvency,Cost (% of estate),3.5
BRN,Resolving insolvency,Creditor participation index (0-4) (DB15-20 methodology),1
BRN,Resolving insolvency,Management of debtor's assets index (0-6) (DB15-20 methodology),5
BRN,Resolving insolvency,Outcome (0 as piecemeal sale and 1 as going concern),0
BRN,Resolving insolvency,Recovery rate (cents on the dollar),47.2
BRN,Resolving insolvency,Reorganization proceedings index (0-3) (DB15-20 methodology),1.5
BRN,Resolving insolvency,Strength of insolvency framework index (0-16),10.5
BRN,Resolving insolvency,Time (years),2.5
BRN,Starting a business,Cost - Men (% of income per capita),1.1
BRN,Starting a business,Cost - Women (% of income per capita),1.1
BRN,Starting a business,Paid-in Minimum capital (% of income per capita),0
BRN,Starting a business,Procedures - Men (number),3
BRN,Starting a business,Procedures - Women (number),4
BRN,Starting a business,Time - Men (days),5
BRN,Starting a business,Time - Women (days),6
BRN,Trading across borders,Cost to export: Border compliance (USD) (DB16-20 methodology),340
BRN,Trading across borders,Cost to export: Documentary compliance (USD) (DB16-20 methodology),90
BRN,Trading across borders,Cost to import: Border compliance (USD) (DB16-20 methodology),395
BRN,Trading across borders,Cost to import: Documentary compliance (USD) (DB16-20 methodology),50
BRN,Trading across borders,Time to export: Border compliance (hours) (DB16-20 methodology),117
BRN,Trading across borders,Time to export: Documentary compliance (hours) (DB16-20 methodology),155
BRN,Trading across borders,Time to import: Border compliance (hours) (DB16-20 methodology),48
BRN,Trading across borders,Time to import: Documentary compliance (hours) (DB16-20 methodology),132
BTN,Dealing with construction permits,Building quality control index (0-15) (DB16-20 methodology),12
BTN,Dealing with construction permits,Cost (% of Warehouse value),.9
BTN,Dealing with construction permits,Liability and insurance regimes index (0-2) (DB16-20 methodology),0
BTN,Dealing with construction permits,Procedures (number),21
BTN,Dealing with construction permits,Professional certifications index (0-4) (DB16-20 methodology),4
BTN,Dealing with construction permits,Quality control after construction index (0-3) (DB16-20 methodology),3
BTN,Dealing with construction permits,Quality control before construction index (0-1) (DB16-20 methodology),1
BTN,Dealing with construction permits,Quality control during construction index (0-3) (DB16-20 methodology),2
BTN,Dealing with construction permits,Quality of building regulations index (0-2) (DB16-20 methodology),2
BTN,Dealing with construction permits,Time (days),150
BTN,Enforcing contracts,Alternative dispute resolution (0-3) (DB17-20 methodology),2.5
BTN,Enforcing contracts,Attorney fees (% of claim),23
BTN,Enforcing contracts,Case management (0-6) (DB17-20 methodology),3
BTN,Enforcing contracts,Cost (% of claim),23.1
BTN,Enforcing contracts,Court automation (0-4) (DB17-20 methodology),0
BTN,Enforcing contracts,Court fees (% of claim),.1
BTN,Enforcing contracts,Court structure and proceedings (0-5) (DB17-20 methodology),2.5
BTN,Enforcing contracts,Enforcement fees (% of claim),0
BTN,Enforcing contracts,Enforcement of judgment (days),115
BTN,Enforcing contracts,Filing and service (days),20
BTN,Enforcing contracts,Quality of judicial processes index (0-18) (DB17-20 methodology),8
BTN,Enforcing contracts,Time (days),225
BTN,Enforcing contracts,Trial and judgment (days),90
BTN,Getting credit,Credit bureau coverage (% of adults),42.5
BTN,Getting credit,Credit registry coverage (% of adults),0
BTN,Getting credit,Depth of credit information index (0-8) (DB15-20 methodology),7
BTN,Getting credit,Getting Credit total score (DB15-20 methodology),11
BTN,Getting credit,Strength of legal rights index (0-12) (DB15-20 methodology),4
BTN,Paying taxes,Labor tax and contributions (% of profit),0
BTN,Paying taxes,Other taxes (% of profit),1.4
BTN,Paying taxes,Payments (number per year),18
BTN,Paying taxes,Profit tax (% of profit),33.9
BTN,Paying taxes,Time (hours per year),52
BTN,Paying taxes,Time to complete a corporate income tax correction (weeks) (DB17-20 methodology),2
BTN,Paying taxes,Time to comply with a corporate income tax correction (hours) (DB17-20 methodology),3.5
BTN,Paying taxes,Total tax and contribution rate (% of profit),35.3
BTN,Registering property,Cost (% of property value),5
BTN,Registering property,Equal access to property rights index (-2-0) (DB17-20 methodology),0
BTN,Registering property,Geographic coverage index (0-8) (DB17-20 methodology),8
BTN,Registering property,Land dispute resolution index (0-8) (DB17-20 methodology),6
BTN,Registering property,Procedures (number),3
BTN,Registering property,Quality of land administration index (0-30) (DB17-20 methodology),23
BTN,Registering property,Reliability of infrastructure index (0-8) (DB17-20 methodology),7
BTN,Registering property,Time (days),77
BTN,Registering property,Transparency of information index (0-6) (DB17-20 methodology),2
BTN,Resolving insolvency,Commencement of proceedings index (0-3) (DB15-20 methodology),2
BTN,Resolving insolvency,Creditor participation index (0-4) (DB15-20 methodology),1
BTN,Resolving insolvency,Management of debtor's assets index (0-6) (DB15-20 methodology),1
BTN,Resolving insolvency,Outcome (0 as piecemeal sale and 1 as going concern),0
BTN,Resolving insolvency,Recovery rate (cents on the dollar),0
BTN,Resolving insolvency,Reorganization proceedings index (0-3) (DB15-20 methodology),0
BTN,Resolving insolvency,Strength of insolvency framework index (0-16),0
BTN,Starting a business,Cost - Men (% of income per capita),3.7
BTN,Starting a business,Cost - Women (% of income per capita),3.7
BTN,Starting a business,Paid-in Minimum capital (% of income per capita),0
BTN,Starting a business,Procedures - Men (number),8
BTN,Starting a business,Procedures - Women (number),8
BTN,Starting a business,Time - Men (days),12
BTN,Starting a business,Time - Women (days),12
BTN,Trading across borders,Cost to export: Border compliance (USD) (DB16-20 methodology),59.16667
BTN,Trading across borders,Cost to export: Documentary compliance (USD) (DB16-20 methodology),50
BTN,Trading across borders,Cost to import: Border compliance (USD) (DB16-20 methodology),110.1111
BTN,Trading across borders,Cost to import: Documentary compliance (USD) (DB16-20 methodology),50
BTN,Trading across borders,Time to export: Border compliance (hours) (DB16-20 methodology),5
BTN,Trading across borders,Time to export: Documentary compliance (hours) (DB16-20 methodology),9
BTN,Trading across borders,Time to import: Border compliance (hours) (DB16-20 methodology),5
BTN,Trading across borders,Time to import: Documentary compliance (hours) (DB16-20 methodology),8
BWA,Dealing with construction permits,Building quality control index (0-15) (DB16-20 methodology),10.5
BWA,Dealing with construction permits,Cost (% of Warehouse value),.4
BWA,Dealing with construction permits,Liability and insurance regimes index (0-2) (DB16-20 methodology),0
BWA,Dealing with construction permits,Procedures (number),16
BWA,Dealing with construction permits,Professional certifications index (0-4) (DB16-20 methodology),4
BWA,Dealing with construction permits,Quality control after construction index (0-3) (DB16-20 methodology),3
BWA,Dealing with construction permits,Quality control before construction index (0-1) (DB16-20 methodology),0
BWA,Dealing with construction permits,Quality control during construction index (0-3) (DB16-20 methodology),2
BWA,Dealing with construction permits,Quality of building regulations index (0-2) (DB16-20 methodology),1.5
BWA,Dealing with construction permits,Time (days),102
BWA,Enforcing contracts,Alternative dispute resolution (0-3) (DB17-20 methodology),2
BWA,Enforcing contracts,Attorney fees (% of claim),35
BWA,Enforcing contracts,Case management (0-6) (DB17-20 methodology),2.5
BWA,Enforcing contracts,Cost (% of claim),39.8
BWA,Enforcing contracts,Court automation (0-4) (DB17-20 methodology),0
BWA,Enforcing contracts,Court fees (% of claim),3.3
BWA,Enforcing contracts,Court structure and proceedings (0-5) (DB17-20 methodology),2.5
BWA,Enforcing contracts,Enforcement fees (% of claim),1.5
BWA,Enforcing contracts,Enforcement of judgment (days),80
BWA,Enforcing contracts,Filing and service (days),30
BWA,Enforcing contracts,Quality of judicial processes index (0-18) (DB17-20 methodology),7
BWA,Enforcing contracts,Time (days),660
BWA,Enforcing contracts,Trial and judgment (days),550
BWA,Getting credit,Credit bureau coverage (% of adults),54.4
BWA,Getting credit,Credit registry coverage (% of adults),0
BWA,Getting credit,Depth of credit information index (0-8) (DB15-20 methodology),7
BWA,Getting credit,Getting Credit total score (DB15-20 methodology),12
BWA,Getting credit,Strength of legal rights index (0-12) (DB15-20 methodology),5
BWA,Paying taxes,Labor tax and contributions (% of profit),0
BWA,Paying taxes,Other taxes (% of profit),3.6
BWA,Paying taxes,Payments (number per year),34
BWA,Paying taxes,Profit tax (% of profit),21.5
BWA,Paying taxes,Time (hours per year),120
BWA,Paying taxes,Time to complete a corporate income tax correction (weeks) (DB17-20 methodology),0
BWA,Paying taxes,Time to comply with VAT refund (hours) (DB17-20 methodology),10
BWA,Paying taxes,Time to comply with a corporate income tax correction (hours) (DB17-20 methodology),4
BWA,Paying taxes,Time to obtain VAT refund (weeks) (DB17-20 methodology),26.30952
BWA,Paying taxes,Total tax and contribution rate (% of profit),25.1
BWA,Registering property,Cost (% of property value),5.1
BWA,Registering property,Equal access to property rights index (-2-0) (DB17-20 methodology),0
BWA,Registering property,Geographic coverage index (0-8) (DB17-20 methodology),4
BWA,Registering property,Land dispute resolution index (0-8) (DB17-20 methodology),3
BWA,Registering property,Procedures (number),4
BWA,Registering property,Quality of land administration index (0-30) (DB17-20 methodology),10.5
BWA,Registering property,Reliability of infrastructure index (0-8) (DB17-20 methodology),1
BWA,Registering property,Time (days),27
BWA,Registering property,Transparency of information index (0-6) (DB17-20 methodology),2.5
BWA,Resolving insolvency,Commencement of proceedings index (0-3) (DB15-20 methodology),3
BWA,Resolving insolvency,Cost (% of estate),18
BWA,Resolving insolvency,Creditor participation index (0-4) (DB15-20 methodology),0
BWA,Resolving insolvency,Management of debtor's assets index (0-6) (DB15-20 methodology),1
BWA,Resolving insolvency,Outcome (0 as piecemeal sale and 1 as going concern),1
BWA,Resolving insolvency,Recovery rate (cents on the dollar),66.3
BWA,Resolving insolvency,Reorganization proceedings index (0-3) (DB15-20 methodology),0
BWA,Resolving insolvency,Strength of insolvency framework index (0-16),4
BWA,Resolving insolvency,Time (years),1.7
BWA,Starting a business,Cost - Men (% of income per capita),.6
BWA,Starting a business,Cost - Women (% of income per capita),.6
BWA,Starting a business,Paid-in Minimum capital (% of income per capita),0
BWA,Starting a business,Procedures - Men (number),9
BWA,Starting a business,Procedures - Women (number),9
BWA,Starting a business,Time - Men (days),48
BWA,Starting a business,Time - Women (days),48
BWA,Trading across borders,Cost to export: Border compliance (USD) (DB16-20 methodology),316.5385
BWA,Trading across borders,Cost to export: Documentary compliance (USD) (DB16-20 methodology),179.2308
BWA,Trading across borders,Cost to import: Border compliance (USD) (DB16-20 methodology),98.07692
BWA,Trading across borders,Cost to import: Documentary compliance (USD) (DB16-20 methodology),66.61538
BWA,Trading across borders,Time to export: Border compliance (hours) (DB16-20 methodology),5
BWA,Trading across borders,Time to export: Documentary compliance (hours) (DB16-20 methodology),18
BWA,Trading across borders,Time to import: Border compliance (hours) (DB16-20 methodology),3.5
BWA,Trading across borders,Time to import: Documentary compliance (hours) (DB16-20 methodology),3.307692
CAF,Dealing with construction permits,Building quality control index (0-15) (DB16-20 methodology),6
CAF,Dealing with construction permits,Cost (% of Warehouse value),23.2
CAF,Dealing with construction permits,Liability and insurance regimes index (0-2) (DB16-20 methodology),0
CAF,Dealing with construction permits,Procedures (number),17
CAF,Dealing with construction permits,Professional certifications index (0-4) (DB16-20 methodology),2
CAF,Dealing with construction permits,Quality control after construction index (0-3) (DB16-20 methodology),2
CAF,Dealing with construction permits,Quality control before construction index (0-1) (DB16-20 methodology),1
CAF,Dealing with construction permits,Quality control during construction index (0-3) (DB16-20 methodology),1
CAF,Dealing with construction permits,Quality of building regulations index (0-2) (DB16-20 methodology),0
CAF,Dealing with construction permits,Time (days),219
CAF,Enforcing contracts,Alternative dispute resolution (0-3) (DB17-20 methodology),2.5
CAF,Enforcing contracts,Attorney fees (% of claim),31.3
CAF,Enforcing contracts,Case management (0-6) (DB17-20 methodology),0
CAF,Enforcing contracts,Cost (% of claim),82
CAF,Enforcing contracts,Court automation (0-4) (DB17-20 methodology),0
CAF,Enforcing contracts,Court fees (% of claim),12.4
CAF,Enforcing contracts,Court structure and proceedings (0-5) (DB17-20 methodology),3
CAF,Enforcing contracts,Enforcement fees (% of claim),38.3
CAF,Enforcing contracts,Enforcement of judgment (days),350
CAF,Enforcing contracts,Filing and service (days),30
CAF,Enforcing contracts,Quality of judicial processes index (0-18) (DB17-20 methodology),5.5
CAF,Enforcing contracts,Time (days),660
CAF,Enforcing contracts,Trial and judgment (days),280
CAF,Getting credit,Credit bureau coverage (% of adults),0
CAF,Getting credit,Credit registry coverage (% of adults),5.1
CAF,Getting credit,Depth of credit information index (0-8) (DB15-20 methodology),1
CAF,Getting credit,Getting Credit total score (DB15-20 methodology),7
CAF,Getting credit,Strength of legal rights index (0-12) (DB15-20 methodology),6
CAF,Paying taxes,Labor tax and contributions (% of profit),19.8
CAF,Paying taxes,Other taxes (% of profit),53.6
CAF,Paying taxes,Payments (number per year),56
CAF,Paying taxes,Profit tax (% of profit),0
CAF,Paying taxes,Time (hours per year),483
CAF,Paying taxes,Time to complete a corporate income tax correction (weeks) (DB17-20 methodology),25.42857
CAF,Paying taxes,Time to comply with VAT refund (hours) (DB17-20 methodology),No VAT refund per case study scenario
CAF,Paying taxes,Time to comply with a corporate income tax correction (hours) (DB17-20 methodology),66
CAF,Paying taxes,Time to obtain VAT refund (weeks) (DB17-20 methodology),No VAT refund per case study scenario
CAF,Paying taxes,Total tax and contribution rate (% of profit),73.3
CAF,Registering property,Cost (% of property value),11
CAF,Registering property,Equal access to property rights index (-2-0) (DB17-20 methodology),0
CAF,Registering property,Geographic coverage index (0-8) (DB17-20 methodology),0
CAF,Registering property,Land dispute resolution index (0-8) (DB17-20 methodology),3
CAF,Registering property,Procedures (number),5
CAF,Registering property,Quality of land administration index (0-30) (DB17-20 methodology),3
CAF,Registering property,Reliability of infrastructure index (0-8) (DB17-20 methodology),0
CAF,Registering property,Time (days),75
CAF,Registering property,Transparency of information index (0-6) (DB17-20 methodology),0
CAF,Resolving insolvency,Commencement of proceedings index (0-3) (DB15-20 methodology),2
CAF,Resolving insolvency,Cost (% of estate),76
CAF,Resolving insolvency,Creditor participation index (0-4) (DB15-20 methodology),1
CAF,Resolving insolvency,Management of debtor's assets index (0-6) (DB15-20 methodology),5.5
CAF,Resolving insolvency,Outcome (0 as piecemeal sale and 1 as going concern),0
CAF,Resolving insolvency,Recovery rate (cents on the dollar),0
CAF,Resolving insolvency,Reorganization proceedings index (0-3) (DB15-20 methodology),.5
CAF,Resolving insolvency,Strength of insolvency framework index (0-16),9
CAF,Resolving insolvency,Time (years),4.8
CAF,Starting a business,Cost - Men (% of income per capita),127.8
CAF,Starting a business,Cost - Women (% of income per capita),127.8
CAF,Starting a business,Paid-in Minimum capital (% of income per capita),35.2
CAF,Starting a business,Procedures - Men (number),10
CAF,Starting a business,Procedures - Women (number),10
CAF,Starting a business,Time - Men (days),22
CAF,Starting a business,Time - Women (days),22
CAF,Trading across borders,Cost to export: Border compliance (USD) (DB16-20 methodology),280
CAF,Trading across borders,Cost to export: Documentary compliance (USD) (DB16-20 methodology),60
CAF,Trading across borders,Cost to import: Border compliance (USD) (DB16-20 methodology),709.2857
CAF,Trading across borders,Cost to import: Documentary compliance (USD) (DB16-20 methodology),500
CAF,Trading across borders,Time to export: Border compliance (hours) (DB16-20 methodology),141.4
CAF,Trading across borders,Time to export: Documentary compliance (hours) (DB16-20 methodology),48
CAF,Trading across borders,Time to import: Border compliance (hours) (DB16-20 methodology),121.7143
CAF,Trading across borders,Time to import: Documentary compliance (hours) (DB16-20 methodology),120
CAN,Dealing with construction permits,Building quality control index (0-15) (DB16-20 methodology),14
CAN,Dealing with construction permits,Cost (% of Warehouse value),1.8
CAN,Dealing with construction permits,Liability and insurance regimes index (0-2) (DB16-20 methodology),2
CAN,Dealing with construction permits,Procedures (number),12
CAN,Dealing with construction permits,Professional certifications index (0-4) (DB16-20 methodology),4
CAN,Dealing with construction permits,Quality control after construction index (0-3) (DB16-20 methodology),3
CAN,Dealing with construction permits,Quality control before construction index (0-1) (DB16-20 methodology),1
CAN,Dealing with construction permits,Quality control during construction index (0-3) (DB16-20 methodology),2
CAN,Dealing with construction permits,Quality of building regulations index (0-2) (DB16-20 methodology),2
CAN,Dealing with construction permits,Time (days),249
CAN,Enforcing contracts,Alternative dispute resolution (0-3) (DB17-20 methodology),2
CAN,Enforcing contracts,Attorney fees (% of claim),15
CAN,Enforcing contracts,Case management (0-6) (DB17-20 methodology),2
CAN,Enforcing contracts,Cost (% of claim),22.3
CAN,Enforcing contracts,Court automation (0-4) (DB17-20 methodology),3
CAN,Enforcing contracts,Court fees (% of claim),5.3
CAN,Enforcing contracts,Court structure and proceedings (0-5) (DB17-20 methodology),4
CAN,Enforcing contracts,Enforcement fees (% of claim),2
CAN,Enforcing contracts,Enforcement of judgment (days),150
CAN,Enforcing contracts,Filing and service (days),30
CAN,Enforcing contracts,Quality of judicial processes index (0-18) (DB17-20 methodology),11
CAN,Enforcing contracts,Time (days),910
CAN,Enforcing contracts,Trial and judgment (days),730
CAN,Getting credit,Credit bureau coverage (% of adults),100
CAN,Getting credit,Credit registry coverage (% of adults),0
CAN,Getting credit,Depth of credit information index (0-8) (DB15-20 methodology),8
CAN,Getting credit,Getting Credit total score (DB15-20 methodology),17
CAN,Getting credit,Strength of legal rights index (0-12) (DB15-20 methodology),9
CAN,Paying taxes,Labor tax and contributions (% of profit),12.7
CAN,Paying taxes,Other taxes (% of profit),3.8
CAN,Paying taxes,Payments (number per year),8
CAN,Paying taxes,Profit tax (% of profit),8
CAN,Paying taxes,Time (hours per year),131
CAN,Paying taxes,Time to complete a corporate income tax correction (weeks) (DB17-20 methodology),14.85714
CAN,Paying taxes,Time to comply with VAT refund (hours) (DB17-20 methodology),7.5
CAN,Paying taxes,Time to comply with a corporate income tax correction (hours) (DB17-20 methodology),15
CAN,Paying taxes,Time to obtain VAT refund (weeks) (DB17-20 methodology),14.02381
CAN,Paying taxes,Total tax and contribution rate (% of profit),24.5
CAN,Registering property,Cost (% of property value),3.8
CAN,Registering property,Equal access to property rights index (-2-0) (DB17-20 methodology),0
CAN,Registering property,Geographic coverage index (0-8) (DB17-20 methodology),6
CAN,Registering property,Land dispute resolution index (0-8) (DB17-20 methodology),5.5
CAN,Registering property,Procedures (number),5
CAN,Registering property,Quality of land administration index (0-30) (DB17-20 methodology),21.5
CAN,Registering property,Reliability of infrastructure index (0-8) (DB17-20 methodology),7
CAN,Registering property,Time (days),4
CAN,Registering property,Transparency of information index (0-6) (DB17-20 methodology),3
CAN,Resolving insolvency,Commencement of proceedings index (0-3) (DB15-20 methodology),2.5
CAN,Resolving insolvency,Cost (% of estate),7
CAN,Resolving insolvency,Creditor participation index (0-4) (DB15-20 methodology),3
CAN,Resolving insolvency,Management of debtor's assets index (0-6) (DB15-20 methodology),4.5
CAN,Resolving insolvency,Outcome (0 as piecemeal sale and 1 as going concern),1
CAN,Resolving insolvency,Recovery rate (cents on the dollar),86.7
CAN,Resolving insolvency,Reorganization proceedings index (0-3) (DB15-20 methodology),1
CAN,Resolving insolvency,Strength of insolvency framework index (0-16),11
CAN,Resolving insolvency,Time (years),.8
CAN,Starting a business,Cost - Men (% of income per capita),.3
CAN,Starting a business,Cost - Women (% of income per capita),.3
CAN,Starting a business,Paid-in Minimum capital (% of income per capita),0
CAN,Starting a business,Procedures - Men (number),2
CAN,Starting a business,Procedures - Women (number),2
CAN,Starting a business,Time - Men (days),1.5
CAN,Starting a business,Time - Women (days),1.5
CAN,Trading across borders,Cost to export: Border compliance (USD) (DB16-20 methodology),166.6667
CAN,Trading across borders,Cost to export: Documentary compliance (USD) (DB16-20 methodology),155.5556
CAN,Trading across borders,Cost to import: Border compliance (USD) (DB16-20 methodology),171.875
CAN,Trading across borders,Cost to import: Documentary compliance (USD) (DB16-20 methodology),162.5
CAN,Trading across borders,Time to export: Border compliance (hours) (DB16-20 methodology),2
CAN,Trading across borders,Time to export: Documentary compliance (hours) (DB16-20 methodology),1
CAN,Trading across borders,Time to import: Border compliance (hours) (DB16-20 methodology),2
CAN,Trading across borders,Time to import: Documentary compliance (hours) (DB16-20 methodology),1
CHE,Dealing with construction permits,Building quality control index (0-15) (DB16-20 methodology),9
CHE,Dealing with construction permits,Cost (% of Warehouse value),.7
CHE,Dealing with construction permits,Liability and insurance regimes index (0-2) (DB16-20 methodology),0
CHE,Dealing with construction permits,Procedures (number),13
CHE,Dealing with construction permits,Professional certifications index (0-4) (DB16-20 methodology),1
CHE,Dealing with construction permits,Quality control after construction index (0-3) (DB16-20 methodology),3
CHE,Dealing with construction permits,Quality control before construction index (0-1) (DB16-20 methodology),1
CHE,Dealing with construction permits,Quality control during construction index (0-3) (DB16-20 methodology),2
CHE,Dealing with construction permits,Quality of building regulations index (0-2) (DB16-20 methodology),2
CHE,Dealing with construction permits,Time (days),156
CHE,Enforcing contracts,Alternative dispute resolution (0-3) (DB17-20 methodology),2.5
CHE,Enforcing contracts,Attorney fees (% of claim),14.1
CHE,Enforcing contracts,Case management (0-6) (DB17-20 methodology),1
CHE,Enforcing contracts,Cost (% of claim),24
CHE,Enforcing contracts,Court automation (0-4) (DB17-20 methodology),2.5
CHE,Enforcing contracts,Court fees (% of claim),9.1
CHE,Enforcing contracts,Court structure and proceedings (0-5) (DB17-20 methodology),4.5
CHE,Enforcing contracts,Enforcement fees (% of claim),.8
CHE,Enforcing contracts,Enforcement of judgment (days),150
CHE,Enforcing contracts,Filing and service (days),40
CHE,Enforcing contracts,Quality of judicial processes index (0-18) (DB17-20 methodology),10.5
CHE,Enforcing contracts,Time (days),598
CHE,Enforcing contracts,Trial and judgment (days),408
CHE,Getting credit,Credit bureau coverage (% of adults),28.8
CHE,Getting credit,Credit registry coverage (% of adults),0
CHE,Getting credit,Depth of credit information index (0-8) (DB15-20 methodology),7
CHE,Getting credit,Getting Credit total score (DB15-20 methodology),13
CHE,Getting credit,Strength of legal rights index (0-12) (DB15-20 methodology),6
CHE,Paying taxes,Labor tax and contributions (% of profit),17.7
CHE,Paying taxes,Other taxes (% of profit),1.8
CHE,Paying taxes,Payments (number per year),19
CHE,Paying taxes,Profit tax (% of profit),9.3
CHE,Paying taxes,Time (hours per year),63
CHE,Paying taxes,Time to complete a corporate income tax correction (weeks) (DB17-20 methodology),8.857143
CHE,Paying taxes,Time to comply with VAT refund (hours) (DB17-20 methodology),1.5
CHE,Paying taxes,Time to comply with a corporate income tax correction (hours) (DB17-20 methodology),9.5
CHE,Paying taxes,Time to obtain VAT refund (weeks) (DB17-20 methodology),14.5
CHE,Paying taxes,Total tax and contribution rate (% of profit),28.8
CHE,Registering property,Cost (% of property value),.3
CHE,Registering property,Equal access to property rights index (-2-0) (DB17-20 methodology),0
CHE,Registering property,Geographic coverage index (0-8) (DB17-20 methodology),8
CHE,Registering property,Land dispute resolution index (0-8) (DB17-20 methodology),6
CHE,Registering property,Procedures (number),4
CHE,Registering property,Quality of land administration index (0-30) (DB17-20 methodology),23.5
CHE,Registering property,Reliability of infrastructure index (0-8) (DB17-20 methodology),7
CHE,Registering property,Time (days),16
CHE,Registering property,Transparency of information index (0-6) (DB17-20 methodology),2.5
CHE,Resolving insolvency,Commencement of proceedings index (0-3) (DB15-20 methodology),3
CHE,Resolving insolvency,Cost (% of estate),4.5
CHE,Resolving insolvency,Creditor participation index (0-4) (DB15-20 methodology),4
CHE,Resolving insolvency,Management of debtor's assets index (0-6) (DB15-20 methodology),4
CHE,Resolving insolvency,Outcome (0 as piecemeal sale and 1 as going concern),0
CHE,Resolving insolvency,Recovery rate (cents on the dollar),46.7
CHE,Resolving insolvency,Reorganization proceedings index (0-3) (DB15-20 methodology),1
CHE,Resolving insolvency,Strength of insolvency framework index (0-16),12
CHE,Resolving insolvency,Time (years),3
CHE,Starting a business,Cost - Men (% of income per capita),2.3
CHE,Starting a business,Cost - Women (% of income per capita),2.3
CHE,Starting a business,Paid-in Minimum capital (% of income per capita),24.6
CHE,Starting a business,Procedures - Men (number),6
CHE,Starting a business,Procedures - Women (number),6
CHE,Starting a business,Time - Men (days),10
CHE,Starting a business,Time - Women (days),10
CHE,Trading across borders,Cost to export: Border compliance (USD) (DB16-20 methodology),115
CHE,Trading across borders,Cost to export: Documentary compliance (USD) (DB16-20 methodology),27
CHE,Trading across borders,Cost to import: Border compliance (USD) (DB16-20 methodology),115
CHE,Trading across borders,Cost to import: Documentary compliance (USD) (DB16-20 methodology),27
CHE,Trading across borders,Time to export: Border compliance (hours) (DB16-20 methodology),1
CHE,Trading across borders,Time to export: Documentary compliance (hours) (DB16-20 methodology),1.5
CHE,Trading across borders,Time to import: Border compliance (hours) (DB16-20 methodology),1
CHE,Trading across borders,Time to import: Documentary compliance (hours) (DB16-20 methodology),1.5
CHL,Dealing with construction permits,Building quality control index (0-15) (DB16-20 methodology),13
CHL,Dealing with construction permits,Cost (% of Warehouse value),1.2
CHL,Dealing with construction permits,Liability and insurance regimes index (0-2) (DB16-20 methodology),1
CHL,Dealing with construction permits,Procedures (number),12
CHL,Dealing with construction permits,Professional certifications index (0-4) (DB16-20 methodology),4
CHL,Dealing with construction permits,Quality control after construction index (0-3) (DB16-20 methodology),3
CHL,Dealing with construction permits,Quality control before construction index (0-1) (DB16-20 methodology),1
CHL,Dealing with construction permits,Quality control during construction index (0-3) (DB16-20 methodology),2
CHL,Dealing with construction permits,Quality of building regulations index (0-2) (DB16-20 methodology),2
CHL,Dealing with construction permits,Time (days),195
CHL,Enforcing contracts,Alternative dispute resolution (0-3) (DB17-20 methodology),1.5
CHL,Enforcing contracts,Attorney fees (% of claim),15
CHL,Enforcing contracts,Case management (0-6) (DB17-20 methodology),3.5
CHL,Enforcing contracts,Cost (% of claim),25.6
CHL,Enforcing contracts,Court automation (0-4) (DB17-20 methodology),2
CHL,Enforcing contracts,Court fees (% of claim),5
CHL,Enforcing contracts,Court structure and proceedings (0-5) (DB17-20 methodology),3
CHL,Enforcing contracts,Enforcement fees (% of claim),5.6
CHL,Enforcing contracts,Enforcement of judgment (days),180
CHL,Enforcing contracts,Filing and service (days),69
CHL,Enforcing contracts,Quality of judicial processes index (0-18) (DB17-20 methodology),10
CHL,Enforcing contracts,Time (days),519
CHL,Enforcing contracts,Trial and judgment (days),270
CHL,Getting credit,Credit bureau coverage (% of adults),44
CHL,Getting credit,Credit registry coverage (% of adults),59.1
CHL,Getting credit,Depth of credit information index (0-8) (DB15-20 methodology),7
CHL,Getting credit,Getting Credit total score (DB15-20 methodology),11
CHL,Getting credit,Strength of legal rights index (0-12) (DB15-20 methodology),4
CHL,Paying taxes,Labor tax and contributions (% of profit),5.1
CHL,Paying taxes,Other taxes (% of profit),2.6
CHL,Paying taxes,Payments (number per year),7
CHL,Paying taxes,Profit tax (% of profit),26.2
CHL,Paying taxes,Time (hours per year),296
CHL,Paying taxes,Time to complete a corporate income tax correction (weeks) (DB17-20 methodology),0
CHL,Paying taxes,Time to comply with VAT refund (hours) (DB17-20 methodology),26
CHL,Paying taxes,Time to comply with a corporate income tax correction (hours) (DB17-20 methodology),30.5
CHL,Paying taxes,Time to obtain VAT refund (weeks) (DB17-20 methodology),37.7381
CHL,Paying taxes,Total tax and contribution rate (% of profit),34
CHL,Registering property,Cost (% of property value),1.1
CHL,Registering property,Equal access to property rights index (-2-0) (DB17-20 methodology),-1
CHL,Registering property,Geographic coverage index (0-8) (DB17-20 methodology),4
CHL,Registering property,Land dispute resolution index (0-8) (DB17-20 methodology),5.5
CHL,Registering property,Procedures (number),6
CHL,Registering property,Quality of land administration index (0-30) (DB17-20 methodology),14
CHL,Registering property,Reliability of infrastructure index (0-8) (DB17-20 methodology),2
CHL,Registering property,Time (days),28.5
CHL,Registering property,Transparency of information index (0-6) (DB17-20 methodology),3.5
CHL,Resolving insolvency,Commencement of proceedings index (0-3) (DB15-20 methodology),2.5
CHL,Resolving insolvency,Cost (% of estate),14.5
CHL,Resolving insolvency,Creditor participation index (0-4) (DB15-20 methodology),3
CHL,Resolving insolvency,Management of debtor's assets index (0-6) (DB15-20 methodology),4.5
CHL,Resolving insolvency,Outcome (0 as piecemeal sale and 1 as going concern),0
CHL,Resolving insolvency,Recovery rate (cents on the dollar),41.9
CHL,Resolving insolvency,Reorganization proceedings index (0-3) (DB15-20 methodology),2
CHL,Resolving insolvency,Strength of insolvency framework index (0-16),12
CHL,Resolving insolvency,Time (years),2
CHL,Starting a business,Cost - Men (% of income per capita),2.7
CHL,Starting a business,Cost - Women (% of income per capita),2.7
CHL,Starting a business,Paid-in Minimum capital (% of income per capita),0
CHL,Starting a business,Procedures - Men (number),6
CHL,Starting a business,Procedures - Women (number),6
CHL,Starting a business,Time - Men (days),4
CHL,Starting a business,Time - Women (days),4
CHL,Trading across borders,Cost to export: Border compliance (USD) (DB16-20 methodology),290
CHL,Trading across borders,Cost to export: Documentary compliance (USD) (DB16-20 methodology),50
CHL,Trading across borders,Cost to import: Border compliance (USD) (DB16-20 methodology),290
CHL,Trading across borders,Cost to import: Documentary compliance (USD) (DB16-20 methodology),50
CHL,Trading across borders,Time to export: Border compliance (hours) (DB16-20 methodology),60
CHL,Trading across borders,Time to export: Documentary compliance (hours) (DB16-20 methodology),24
CHL,Trading across borders,Time to import: Border compliance (hours) (DB16-20 methodology),54
CHL,Trading across borders,Time to import: Documentary compliance (hours) (DB16-20 methodology),36
CHN,Dealing with construction permits,Building quality control index (0-15) (DB16-20 methodology),15
CHN,Dealing with construction permits,Cost (% of Warehouse value),2.8
CHN,Dealing with construction permits,Liability and insurance regimes index (0-2) (DB16-20 methodology),2
CHN,Dealing with construction permits,Procedures (number),18
CHN,Dealing with construction permits,Professional certifications index (0-4) (DB16-20 methodology),4
CHN,Dealing with construction permits,Quality control after construction index (0-3) (DB16-20 methodology),3
CHN,Dealing with construction permits,Quality control before construction index (0-1) (DB16-20 methodology),1
CHN,Dealing with construction permits,Quality control during construction index (0-3) (DB16-20 methodology),3
CHN,Dealing with construction permits,Quality of building regulations index (0-2) (DB16-20 methodology),2
CHN,Dealing with construction permits,Time (days),110.875
CHN,Enforcing contracts,Alternative dispute resolution (0-3) (DB17-20 methodology),3
CHN,Enforcing contracts,Attorney fees (% of claim),8.7
CHN,Enforcing contracts,Case management (0-6) (DB17-20 methodology),5.5
CHN,Enforcing contracts,Cost (% of claim),16.2
CHN,Enforcing contracts,Court automation (0-4) (DB17-20 methodology),3
CHN,Enforcing contracts,Court fees (% of claim),5
CHN,Enforcing contracts,Court structure and proceedings (0-5) (DB17-20 methodology),5
CHN,Enforcing contracts,Enforcement fees (% of claim),2.5
CHN,Enforcing contracts,Enforcement of judgment (days),240
CHN,Enforcing contracts,Filing and service (days),32.75
CHN,Enforcing contracts,Quality of judicial processes index (0-18) (DB17-20 methodology),16.5
CHN,Enforcing contracts,Time (days),496.25
CHN,Enforcing contracts,Trial and judgment (days),223.5
CHN,Getting credit,Credit bureau coverage (% of adults),0
CHN,Getting credit,Credit registry coverage (% of adults),100
CHN,Getting credit,Depth of credit information index (0-8) (DB15-20 methodology),8
CHN,Getting credit,Getting Credit total score (DB15-20 methodology),11
CHN,Getting credit,Strength of legal rights index (0-12) (DB15-20 methodology),3
CHN,Paying taxes,Labor tax and contributions (% of profit),46.2
CHN,Paying taxes,Other taxes (% of profit),6.8
CHN,Paying taxes,Payments (number per year),7
CHN,Paying taxes,Profit tax (% of profit),6.3
CHN,Paying taxes,Time (hours per year),138
CHN,Paying taxes,Time to complete a corporate income tax correction (weeks) (DB17-20 methodology),0
CHN,Paying taxes,Time to comply with VAT refund (hours) (DB17-20 methodology),No VAT refund per case study scenario
CHN,Paying taxes,Time to comply with a corporate income tax correction (hours) (DB17-20 methodology),1
CHN,Paying taxes,Time to obtain VAT refund (weeks) (DB17-20 methodology),No VAT refund per case study scenario
CHN,Paying taxes,Total tax and contribution rate (% of profit),59.2
CHN,Registering property,Cost (% of property value),4.6
CHN,Registering property,Equal access to property rights index (-2-0) (DB17-20 methodology),0
CHN,Registering property,Geographic coverage index (0-8) (DB17-20 methodology),4
CHN,Registering property,Land dispute resolution index (0-8) (DB17-20 methodology),8
CHN,Registering property,Procedures (number),3.55
CHN,Registering property,Quality of land administration index (0-30) (DB17-20 methodology),23.95
CHN,Registering property,Reliability of infrastructure index (0-8) (DB17-20 methodology),8
CHN,Registering property,Time (days),9
CHN,Registering property,Transparency of information index (0-6) (DB17-20 methodology),3.95
CHN,Resolving insolvency,Commencement of proceedings index (0-3) (DB15-20 methodology),3
CHN,Resolving insolvency,Cost (% of estate),22
CHN,Resolving insolvency,Creditor participation index (0-4) (DB15-20 methodology),2
CHN,Resolving insolvency,Management of debtor's assets index (0-6) (DB15-20 methodology),6
CHN,Resolving insolvency,Outcome (0 as piecemeal sale and 1 as going concern),0
CHN,Resolving insolvency,Recovery rate (cents on the dollar),36.9
CHN,Resolving insolvency,Reorganization proceedings index (0-3) (DB15-20 methodology),2.5
CHN,Resolving insolvency,Strength of insolvency framework index (0-16),13.5
CHN,Resolving insolvency,Time (years),1.7
CHN,Starting a business,Cost - Men (% of income per capita),1.1
CHN,Starting a business,Cost - Women (% of income per capita),1.1
CHN,Starting a business,Paid-in Minimum capital (% of income per capita),0
CHN,Starting a business,Procedures - Men (number),4.55
CHN,Starting a business,Procedures - Women (number),4.55
CHN,Starting a business,Time - Men (days),8.55
CHN,Starting a business,Time - Women (days),8.55
CHN,Trading across borders,Cost to export: Border compliance (USD) (DB16-20 methodology),256.2
CHN,Trading across borders,Cost to export: Documentary compliance (USD) (DB16-20 methodology),73.57353
CHN,Trading across borders,Cost to import: Border compliance (USD) (DB16-20 methodology),241.25
CHN,Trading across borders,Cost to import: Documentary compliance (USD) (DB16-20 methodology),77.25
CHN,Trading across borders,Time to export: Border compliance (hours) (DB16-20 methodology),20.7
CHN,Trading across borders,Time to export: Documentary compliance (hours) (DB16-20 methodology),8.625
CHN,Trading across borders,Time to import: Border compliance (hours) (DB16-20 methodology),35.65
CHN,Trading across borders,Time to import: Documentary compliance (hours) (DB16-20 methodology),12.8
CIV,Dealing with construction permits,Building quality control index (0-15) (DB16-20 methodology),10
CIV,Dealing with construction permits,Cost (% of Warehouse value),5.9
CIV,Dealing with construction permits,Liability and insurance regimes index (0-2) (DB16-20 methodology),1
CIV,Dealing with construction permits,Procedures (number),22
CIV,Dealing with construction permits,Professional certifications index (0-4) (DB16-20 methodology),2
CIV,Dealing with construction permits,Quality control after construction index (0-3) (DB16-20 methodology),2
CIV,Dealing with construction permits,Quality control before construction index (0-1) (DB16-20 methodology),1
CIV,Dealing with construction permits,Quality control during construction index (0-3) (DB16-20 methodology),2
CIV,Dealing with construction permits,Quality of building regulations index (0-2) (DB16-20 methodology),2
CIV,Dealing with construction permits,Time (days),163
CIV,Enforcing contracts,Alternative dispute resolution (0-3) (DB17-20 methodology),2.5
CIV,Enforcing contracts,Attorney fees (% of claim),16.7
CIV,Enforcing contracts,Case management (0-6) (DB17-20 methodology),2.5
CIV,Enforcing contracts,Cost (% of claim),41.7
CIV,Enforcing contracts,Court automation (0-4) (DB17-20 methodology),0
CIV,Enforcing contracts,Court fees (% of claim),15
CIV,Enforcing contracts,Court structure and proceedings (0-5) (DB17-20 methodology),4.5
CIV,Enforcing contracts,Enforcement fees (% of claim),10
CIV,Enforcing contracts,Enforcement of judgment (days),350
CIV,Enforcing contracts,Filing and service (days),25
CIV,Enforcing contracts,Quality of judicial processes index (0-18) (DB17-20 methodology),9.5
CIV,Enforcing contracts,Time (days),525
CIV,Enforcing contracts,Trial and judgment (days),150
CIV,Getting credit,Credit bureau coverage (% of adults),22.1
CIV,Getting credit,Credit registry coverage (% of adults),0
CIV,Getting credit,Depth of credit information index (0-8) (DB15-20 methodology),8
CIV,Getting credit,Getting Credit total score (DB15-20 methodology),14
CIV,Getting credit,Strength of legal rights index (0-12) (DB15-20 methodology),6
CIV,Paying taxes,Labor tax and contributions (% of profit),23.3
CIV,Paying taxes,Other taxes (% of profit),17.9
CIV,Paying taxes,Payments (number per year),25
CIV,Paying taxes,Profit tax (% of profit),8.8
CIV,Paying taxes,Time (hours per year),187
CIV,Paying taxes,Time to complete a corporate income tax correction (weeks) (DB17-20 methodology),0
CIV,Paying taxes,Time to comply with VAT refund (hours) (DB17-20 methodology),64
CIV,Paying taxes,Time to comply with a corporate income tax correction (hours) (DB17-20 methodology),13.5
CIV,Paying taxes,Time to obtain VAT refund (weeks) (DB17-20 methodology),12.88095
CIV,Paying taxes,Total tax and contribution rate (% of profit),50.1
CIV,Registering property,Cost (% of property value),7.1
CIV,Registering property,Equal access to property rights index (-2-0) (DB17-20 methodology),-1
CIV,Registering property,Geographic coverage index (0-8) (DB17-20 methodology),0
CIV,Registering property,Land dispute resolution index (0-8) (DB17-20 methodology),6
CIV,Registering property,Procedures (number),5
CIV,Registering property,Quality of land administration index (0-30) (DB17-20 methodology),10
CIV,Registering property,Reliability of infrastructure index (0-8) (DB17-20 methodology),3
CIV,Registering property,Time (days),39
CIV,Registering property,Transparency of information index (0-6) (DB17-20 methodology),2
CIV,Resolving insolvency,Commencement of proceedings index (0-3) (DB15-20 methodology),2
CIV,Resolving insolvency,Cost (% of estate),18
CIV,Resolving insolvency,Creditor participation index (0-4) (DB15-20 methodology),1
CIV,Resolving insolvency,Management of debtor's assets index (0-6) (DB15-20 methodology),5.5
CIV,Resolving insolvency,Outcome (0 as piecemeal sale and 1 as going concern),0
CIV,Resolving insolvency,Recovery rate (cents on the dollar),36.8
CIV,Resolving insolvency,Reorganization proceedings index (0-3) (DB15-20 methodology),.5
CIV,Resolving insolvency,Strength of insolvency framework index (0-16),9
CIV,Resolving insolvency,Time (years),2.2
CIV,Starting a business,Cost - Men (% of income per capita),2.7
CIV,Starting a business,Cost - Women (% of income per capita),2.7
CIV,Starting a business,Paid-in Minimum capital (% of income per capita),2.7
CIV,Starting a business,Procedures - Men (number),4
CIV,Starting a business,Procedures - Women (number),4
CIV,Starting a business,Time - Men (days),6
CIV,Starting a business,Time - Women (days),6
CIV,Trading across borders,Cost to export: Border compliance (USD) (DB16-20 methodology),422.5714
CIV,Trading across borders,Cost to export: Documentary compliance (USD) (DB16-20 methodology),136.1111
CIV,Trading across borders,Cost to import: Border compliance (USD) (DB16-20 methodology),455.7143
CIV,Trading across borders,Cost to import: Documentary compliance (USD) (DB16-20 methodology),266.6667
CIV,Trading across borders,Time to export: Border compliance (hours) (DB16-20 methodology),238.7143
CIV,Trading across borders,Time to export: Documentary compliance (hours) (DB16-20 methodology),84
CIV,Trading across borders,Time to import: Border compliance (hours) (DB16-20 methodology),125.1429
CIV,Trading across borders,Time to import: Documentary compliance (hours) (DB16-20 methodology),89.14286
CMR,Dealing with construction permits,Building quality control index (0-15) (DB16-20 methodology),13
CMR,Dealing with construction permits,Cost (% of Warehouse value),17.6
CMR,Dealing with construction permits,Liability and insurance regimes index (0-2) (DB16-20 methodology),2
CMR,Dealing with construction permits,Procedures (number),16
CMR,Dealing with construction permits,Professional certifications index (0-4) (DB16-20 methodology),4
CMR,Dealing with construction permits,Quality control after construction index (0-3) (DB16-20 methodology),2
CMR,Dealing with construction permits,Quality control before construction index (0-1) (DB16-20 methodology),1
CMR,Dealing with construction permits,Quality control during construction index (0-3) (DB16-20 methodology),2
CMR,Dealing with construction permits,Quality of building regulations index (0-2) (DB16-20 methodology),2
CMR,Dealing with construction permits,Time (days),126
CMR,Enforcing contracts,Alternative dispute resolution (0-3) (DB17-20 methodology),2.5
CMR,Enforcing contracts,Attorney fees (% of claim),21.3
CMR,Enforcing contracts,Case management (0-6) (DB17-20 methodology),0
CMR,Enforcing contracts,Cost (% of claim),46.6
CMR,Enforcing contracts,Court automation (0-4) (DB17-20 methodology),0
CMR,Enforcing contracts,Court fees (% of claim),11.8
CMR,Enforcing contracts,Court structure and proceedings (0-5) (DB17-20 methodology),2.5
CMR,Enforcing contracts,Enforcement fees (% of claim),13.5
CMR,Enforcing contracts,Enforcement of judgment (days),360
CMR,Enforcing contracts,Filing and service (days),30
CMR,Enforcing contracts,Quality of judicial processes index (0-18) (DB17-20 methodology),5
CMR,Enforcing contracts,Time (days),800
CMR,Enforcing contracts,Trial and judgment (days),410
CMR,Getting credit,Credit bureau coverage (% of adults),0
CMR,Getting credit,Credit registry coverage (% of adults),40.1
CMR,Getting credit,Depth of credit information index (0-8) (DB15-20 methodology),6
CMR,Getting credit,Getting Credit total score (DB15-20 methodology),12
CMR,Getting credit,Strength of legal rights index (0-12) (DB15-20 methodology),6
CMR,Paying taxes,Labor tax and contributions (% of profit),18.3
CMR,Paying taxes,Other taxes (% of profit),.5
CMR,Paying taxes,Payments (number per year),44
CMR,Paying taxes,Profit tax (% of profit),38.9
CMR,Paying taxes,Time (hours per year),624
CMR,Paying taxes,Time to complete a corporate income tax correction (weeks) (DB17-20 methodology),0
CMR,Paying taxes,Time to comply with VAT refund (hours) (DB17-20 methodology),No VAT refund per case study scenario
CMR,Paying taxes,Time to comply with a corporate income tax correction (hours) (DB17-20 methodology),3
CMR,Paying taxes,Time to obtain VAT refund (weeks) (DB17-20 methodology),No VAT refund per case study scenario
CMR,Paying taxes,Total tax and contribution rate (% of profit),57.7
CMR,Registering property,Cost (% of property value),13.7
CMR,Registering property,Equal access to property rights index (-2-0) (DB17-20 methodology),-1
CMR,Registering property,Geographic coverage index (0-8) (DB17-20 methodology),0
CMR,Registering property,Land dispute resolution index (0-8) (DB17-20 methodology),3.5
CMR,Registering property,Procedures (number),5
CMR,Registering property,Quality of land administration index (0-30) (DB17-20 methodology),7
CMR,Registering property,Reliability of infrastructure index (0-8) (DB17-20 methodology),2
CMR,Registering property,Time (days),81
CMR,Registering property,Transparency of information index (0-6) (DB17-20 methodology),2.5
CMR,Resolving insolvency,Commencement of proceedings index (0-3) (DB15-20 methodology),2
CMR,Resolving insolvency,Cost (% of estate),33.5
CMR,Resolving insolvency,Creditor participation index (0-4) (DB15-20 methodology),1
CMR,Resolving insolvency,Management of debtor's assets index (0-6) (DB15-20 methodology),5.5
CMR,Resolving insolvency,Outcome (0 as piecemeal sale and 1 as going concern),0
CMR,Resolving insolvency,Recovery rate (cents on the dollar),15.8
CMR,Resolving insolvency,Reorganization proceedings index (0-3) (DB15-20 methodology),.5
CMR,Resolving insolvency,Strength of insolvency framework index (0-16),9
CMR,Resolving insolvency,Time (years),2.8
CMR,Starting a business,Cost - Men (% of income per capita),24.6
CMR,Starting a business,Cost - Women (% of income per capita),24.9
CMR,Starting a business,Paid-in Minimum capital (% of income per capita),12
CMR,Starting a business,Procedures - Men (number),5
CMR,Starting a business,Procedures - Women (number),6
CMR,Starting a business,Time - Men (days),13
CMR,Starting a business,Time - Women (days),14
CMR,Trading across borders,Cost to export: Border compliance (USD) (DB16-20 methodology),982.75
CMR,Trading across borders,Cost to export: Documentary compliance (USD) (DB16-20 methodology),305.5
CMR,Trading across borders,Cost to import: Border compliance (USD) (DB16-20 methodology),1406.875
CMR,Trading across borders,Cost to import: Documentary compliance (USD) (DB16-20 methodology),849
CMR,Trading across borders,Time to export: Border compliance (hours) (DB16-20 methodology),202
CMR,Trading across borders,Time to export: Documentary compliance (hours) (DB16-20 methodology),66
CMR,Trading across borders,Time to import: Border compliance (hours) (DB16-20 methodology),271
CMR,Trading across borders,Time to import: Documentary compliance (hours) (DB16-20 methodology),163
COG,Dealing with construction permits,Building quality control index (0-15) (DB16-20 methodology),9.5
COG,Dealing with construction permits,Cost (% of Warehouse value),9.3
COG,Dealing with construction permits,Liability and insurance regimes index (0-2) (DB16-20 methodology),2
COG,Dealing with construction permits,Procedures (number),13
COG,Dealing with construction permits,Professional certifications index (0-4) (DB16-20 methodology),2
COG,Dealing with construction permits,Quality control after construction index (0-3) (DB16-20 methodology),2
COG,Dealing with construction permits,Quality control before construction index (0-1) (DB16-20 methodology),1
COG,Dealing with construction permits,Quality control during construction index (0-3) (DB16-20 methodology),2
COG,Dealing with construction permits,Quality of building regulations index (0-2) (DB16-20 methodology),.5
COG,Dealing with construction permits,Time (days),164
COG,Enforcing contracts,Alternative dispute resolution (0-3) (DB17-20 methodology),2.5
COG,Enforcing contracts,Attorney fees (% of claim),34.7
COG,Enforcing contracts,Case management (0-6) (DB17-20 methodology),0
COG,Enforcing contracts,Cost (% of claim),53.2
COG,Enforcing contracts,Court automation (0-4) (DB17-20 methodology),0
COG,Enforcing contracts,Court fees (% of claim),12.5
COG,Enforcing contracts,Court structure and proceedings (0-5) (DB17-20 methodology),2.5
COG,Enforcing contracts,Enforcement fees (% of claim),6
COG,Enforcing contracts,Enforcement of judgment (days),300
COG,Enforcing contracts,Filing and service (days),18
COG,Enforcing contracts,Quality of judicial processes index (0-18) (DB17-20 methodology),5
COG,Enforcing contracts,Time (days),560
COG,Enforcing contracts,Trial and judgment (days),242
COG,Getting credit,Credit bureau coverage (% of adults),0
COG,Getting credit,Credit registry coverage (% of adults),13.2
COG,Getting credit,Depth of credit information index (0-8) (DB15-20 methodology),2
COG,Getting credit,Getting Credit total score (DB15-20 methodology),8
COG,Getting credit,Strength of legal rights index (0-12) (DB15-20 methodology),6
COG,Paying taxes,Labor tax and contributions (% of profit),31.3
COG,Paying taxes,Other taxes (% of profit),22.9
COG,Paying taxes,Payments (number per year),50
COG,Paying taxes,Profit tax (% of profit),0
COG,Paying taxes,Time (hours per year),602
COG,Paying taxes,Time to complete a corporate income tax correction (weeks) (DB17-20 methodology),27.71429
COG,Paying taxes,Time to comply with VAT refund (hours) (DB17-20 methodology),No VAT refund per case study scenario
COG,Paying taxes,Time to comply with a corporate income tax correction (hours) (DB17-20 methodology),36.5
COG,Paying taxes,Time to obtain VAT refund (weeks) (DB17-20 methodology),No VAT refund per case study scenario
COG,Paying taxes,Total tax and contribution rate (% of profit),54.3
COG,Registering property,Cost (% of property value),13.6
COG,Registering property,Equal access to property rights index (-2-0) (DB17-20 methodology),-1
COG,Registering property,Geographic coverage index (0-8) (DB17-20 methodology),0
COG,Registering property,Land dispute resolution index (0-8) (DB17-20 methodology),3.5
COG,Registering property,Procedures (number),5
COG,Registering property,Quality of land administration index (0-30) (DB17-20 methodology),3.5
COG,Registering property,Reliability of infrastructure index (0-8) (DB17-20 methodology),0
COG,Registering property,Time (days),54
COG,Registering property,Transparency of information index (0-6) (DB17-20 methodology),1
COG,Resolving insolvency,Commencement of proceedings index (0-3) (DB15-20 methodology),2
COG,Resolving insolvency,Cost (% of estate),25
COG,Resolving insolvency,Creditor participation index (0-4) (DB15-20 methodology),1
COG,Resolving insolvency,Management of debtor's assets index (0-6) (DB15-20 methodology),5.5
COG,Resolving insolvency,Outcome (0 as piecemeal sale and 1 as going concern),0
COG,Resolving insolvency,Recovery rate (cents on the dollar),19.4
COG,Resolving insolvency,Reorganization proceedings index (0-3) (DB15-20 methodology),.5
COG,Resolving insolvency,Strength of insolvency framework index (0-16),9
COG,Resolving insolvency,Time (years),3.3
COG,Starting a business,Cost - Men (% of income per capita),62.2
COG,Starting a business,Cost - Women (% of income per capita),62.2
COG,Starting a business,Paid-in Minimum capital (% of income per capita),2.3
COG,Starting a business,Procedures - Men (number),10
COG,Starting a business,Procedures - Women (number),11
COG,Starting a business,Time - Men (days),49
COG,Starting a business,Time - Women (days),50
COG,Trading across borders,Cost to export: Border compliance (USD) (DB16-20 methodology),1975
COG,Trading across borders,Cost to export: Documentary compliance (USD) (DB16-20 methodology),165
COG,Trading across borders,Cost to import: Border compliance (USD) (DB16-20 methodology),1580.556
COG,Trading across borders,Cost to import: Documentary compliance (USD) (DB16-20 methodology),310
COG,Trading across borders,Time to export: Border compliance (hours) (DB16-20 methodology),276
COG,Trading across borders,Time to export: Documentary compliance (hours) (DB16-20 methodology),120
COG,Trading across borders,Time to import: Border compliance (hours) (DB16-20 methodology),397.3333
COG,Trading across borders,Time to import: Documentary compliance (hours) (DB16-20 methodology),208
COL,Dealing with construction permits,Building quality control index (0-15) (DB16-20 methodology),11
COL,Dealing with construction permits,Cost (% of Warehouse value),6.9
COL,Dealing with construction permits,Liability and insurance regimes index (0-2) (DB16-20 methodology),2
COL,Dealing with construction permits,Procedures (number),13
COL,Dealing with construction permits,Professional certifications index (0-4) (DB16-20 methodology),3
COL,Dealing with construction permits,Quality control after construction index (0-3) (DB16-20 methodology),3
COL,Dealing with construction permits,Quality control before construction index (0-1) (DB16-20 methodology),1
COL,Dealing with construction permits,Quality control during construction index (0-3) (DB16-20 methodology),0
COL,Dealing with construction permits,Quality of building regulations index (0-2) (DB16-20 methodology),2
COL,Dealing with construction permits,Time (days),132
COL,Enforcing contracts,Alternative dispute resolution (0-3) (DB17-20 methodology),2.5
COL,Enforcing contracts,Attorney fees (% of claim),23.2
COL,Enforcing contracts,Case management (0-6) (DB17-20 methodology),1.5
COL,Enforcing contracts,Cost (% of claim),45.8
COL,Enforcing contracts,Court automation (0-4) (DB17-20 methodology),1.5
COL,Enforcing contracts,Court fees (% of claim),10.5
COL,Enforcing contracts,Court structure and proceedings (0-5) (DB17-20 methodology),3.5
COL,Enforcing contracts,Enforcement fees (% of claim),12.1
COL,Enforcing contracts,Enforcement of judgment (days),365
COL,Enforcing contracts,Filing and service (days),68
COL,Enforcing contracts,Quality of judicial processes index (0-18) (DB17-20 methodology),9
COL,Enforcing contracts,Time (days),1288
COL,Enforcing contracts,Trial and judgment (days),855
COL,Getting credit,Credit bureau coverage (% of adults),82.4
COL,Getting credit,Credit registry coverage (% of adults),0
COL,Getting credit,Depth of credit information index (0-8) (DB15-20 methodology),7
COL,Getting credit,Getting Credit total score (DB15-20 methodology),18
COL,Getting credit,Strength of legal rights index (0-12) (DB15-20 methodology),11
COL,Paying taxes,Labor tax and contributions (% of profit),23.6
COL,Paying taxes,Other taxes (% of profit),26.6
COL,Paying taxes,Payments (number per year),10
COL,Paying taxes,Profit tax (% of profit),21.1
COL,Paying taxes,Time (hours per year),255.5
COL,Paying taxes,Time to complete a corporate income tax correction (weeks) (DB17-20 methodology),0
COL,Paying taxes,Time to comply with VAT refund (hours) (DB17-20 methodology),No VAT refund per case study scenario
COL,Paying taxes,Time to comply with a corporate income tax correction (hours) (DB17-20 methodology),5.5
COL,Paying taxes,Time to obtain VAT refund (weeks) (DB17-20 methodology),No VAT refund per case study scenario
COL,Paying taxes,Total tax and contribution rate (% of profit),71.2
COL,Registering property,Cost (% of property value),2
COL,Registering property,Equal access to property rights index (-2-0) (DB17-20 methodology),0
COL,Registering property,Geographic coverage index (0-8) (DB17-20 methodology),2
COL,Registering property,Land dispute resolution index (0-8) (DB17-20 methodology),5
COL,Registering property,Procedures (number),7
COL,Registering property,Quality of land administration index (0-30) (DB17-20 methodology),16.5
COL,Registering property,Reliability of infrastructure index (0-8) (DB17-20 methodology),6
COL,Registering property,Time (days),15
COL,Registering property,Transparency of information index (0-6) (DB17-20 methodology),3.5
COL,Resolving insolvency,Commencement of proceedings index (0-3) (DB15-20 methodology),3
COL,Resolving insolvency,Cost (% of estate),8.5
COL,Resolving insolvency,Creditor participation index (0-4) (DB15-20 methodology),2
COL,Resolving insolvency,Management of debtor's assets index (0-6) (DB15-20 methodology),5.5
COL,Resolving insolvency,Outcome (0 as piecemeal sale and 1 as going concern),1
COL,Resolving insolvency,Recovery rate (cents on the dollar),68.7
COL,Resolving insolvency,Reorganization proceedings index (0-3) (DB15-20 methodology),.5
COL,Resolving insolvency,Strength of insolvency framework index (0-16),11
COL,Resolving insolvency,Time (years),1.7
COL,Starting a business,Cost - Men (% of income per capita),14.1
COL,Starting a business,Cost - Women (% of income per capita),14.1
COL,Starting a business,Paid-in Minimum capital (% of income per capita),0
COL,Starting a business,Procedures - Men (number),7
COL,Starting a business,Procedures - Women (number),7
COL,Starting a business,Time - Men (days),10
COL,Starting a business,Time - Women (days),10
COL,Trading across borders,Cost to export: Border compliance (USD) (DB16-20 methodology),630
COL,Trading across borders,Cost to export: Documentary compliance (USD) (DB16-20 methodology),90
COL,Trading across borders,Cost to import: Border compliance (USD) (DB16-20 methodology),545
COL,Trading across borders,Cost to import: Documentary compliance (USD) (DB16-20 methodology),50
COL,Trading across borders,Time to export: Border compliance (hours) (DB16-20 methodology),112
COL,Trading across borders,Time to export: Documentary compliance (hours) (DB16-20 methodology),48
COL,Trading across borders,Time to import: Border compliance (hours) (DB16-20 methodology),112
COL,Trading across borders,Time to import: Documentary compliance (hours) (DB16-20 methodology),64
COM,Dealing with construction permits,Building quality control index (0-15) (DB16-20 methodology),4
COM,Dealing with construction permits,Cost (% of Warehouse value),1.5
COM,Dealing with construction permits,Liability and insurance regimes index (0-2) (DB16-20 methodology),1
COM,Dealing with construction permits,Procedures (number),11
COM,Dealing with construction permits,Professional certifications index (0-4) (DB16-20 methodology),0
COM,Dealing with construction permits,Quality control after construction index (0-3) (DB16-20 methodology),2
COM,Dealing with construction permits,Quality control before construction index (0-1) (DB16-20 methodology),1
COM,Dealing with construction permits,Quality control during construction index (0-3) (DB16-20 methodology),0
COM,Dealing with construction permits,Quality of building regulations index (0-2) (DB16-20 methodology),0
COM,Dealing with construction permits,Time (days),107
COM,Enforcing contracts,Alternative dispute resolution (0-3) (DB17-20 methodology),2.5
COM,Enforcing contracts,Attorney fees (% of claim),30.1
COM,Enforcing contracts,Case management (0-6) (DB17-20 methodology),0
COM,Enforcing contracts,Cost (% of claim),89.4
COM,Enforcing contracts,Court automation (0-4) (DB17-20 methodology),0
COM,Enforcing contracts,Court fees (% of claim),40.2
COM,Enforcing contracts,Court structure and proceedings (0-5) (DB17-20 methodology),3
COM,Enforcing contracts,Enforcement fees (% of claim),19.1
COM,Enforcing contracts,Enforcement of judgment (days),60
COM,Enforcing contracts,Filing and service (days),21
COM,Enforcing contracts,Quality of judicial processes index (0-18) (DB17-20 methodology),5.5
COM,Enforcing contracts,Time (days),506
COM,Enforcing contracts,Trial and judgment (days),425
COM,Getting credit,Credit bureau coverage (% of adults),0
COM,Getting credit,Credit registry coverage (% of adults),11.9
COM,Getting credit,Depth of credit information index (0-8) (DB15-20 methodology),2
COM,Getting credit,Getting Credit total score (DB15-20 methodology),8
COM,Getting credit,Strength of legal rights index (0-12) (DB15-20 methodology),6
COM,Paying taxes,Labor tax and contributions (% of profit),0
COM,Paying taxes,Other taxes (% of profit),189.2
COM,Paying taxes,Payments (number per year),33
COM,Paying taxes,Profit tax (% of profit),30.4
COM,Paying taxes,Time (hours per year),100
COM,Paying taxes,Time to complete a corporate income tax correction (weeks) (DB17-20 methodology),21.14286
COM,Paying taxes,Time to comply with a corporate income tax correction (hours) (DB17-20 methodology),12
COM,Paying taxes,Total tax and contribution rate (% of profit),219.6
COM,Registering property,Cost (% of property value),7.6
COM,Registering property,Equal access to property rights index (-2-0) (DB17-20 methodology),0
COM,Registering property,Geographic coverage index (0-8) (DB17-20 methodology),0
COM,Registering property,Land dispute resolution index (0-8) (DB17-20 methodology),5
COM,Registering property,Procedures (number),4
COM,Registering property,Quality of land administration index (0-30) (DB17-20 methodology),7
COM,Registering property,Reliability of infrastructure index (0-8) (DB17-20 methodology),2
COM,Registering property,Time (days),30
COM,Registering property,Transparency of information index (0-6) (DB17-20 methodology),0
COM,Resolving insolvency,Commencement of proceedings index (0-3) (DB15-20 methodology),2
COM,Resolving insolvency,Creditor participation index (0-4) (DB15-20 methodology),1
COM,Resolving insolvency,Management of debtor's assets index (0-6) (DB15-20 methodology),5.5
COM,Resolving insolvency,Outcome (0 as piecemeal sale and 1 as going concern),0
COM,Resolving insolvency,Recovery rate (cents on the dollar),0
COM,Resolving insolvency,Reorganization proceedings index (0-3) (DB15-20 methodology),.5
COM,Resolving insolvency,Strength of insolvency framework index (0-16),0
COM,Starting a business,Cost - Men (% of income per capita),54.2
COM,Starting a business,Cost - Women (% of income per capita),54.2
COM,Starting a business,Paid-in Minimum capital (% of income per capita),17.2
COM,Starting a business,Procedures - Men (number),9
COM,Starting a business,Procedures - Women (number),9
COM,Starting a business,Time - Men (days),16
COM,Starting a business,Time - Women (days),16
COM,Trading across borders,Cost to export: Border compliance (USD) (DB16-20 methodology),650.82
COM,Trading across borders,Cost to export: Documentary compliance (USD) (DB16-20 methodology),124
COM,Trading across borders,Cost to import: Border compliance (USD) (DB16-20 methodology),765.3955
COM,Trading across borders,Cost to import: Documentary compliance (USD) (DB16-20 methodology),92.8
COM,Trading across borders,Time to export: Border compliance (hours) (DB16-20 methodology),50.8125
COM,Trading across borders,Time to export: Documentary compliance (hours) (DB16-20 methodology),50
COM,Trading across borders,Time to import: Border compliance (hours) (DB16-20 methodology),70.27273
COM,Trading across borders,Time to import: Documentary compliance (hours) (DB16-20 methodology),26
CPV,Dealing with construction permits,Building quality control index (0-15) (DB16-20 methodology),11
CPV,Dealing with construction permits,Cost (% of Warehouse value),1
CPV,Dealing with construction permits,Liability and insurance regimes index (0-2) (DB16-20 methodology),2
CPV,Dealing with construction permits,Procedures (number),17
CPV,Dealing with construction permits,Professional certifications index (0-4) (DB16-20 methodology),2
CPV,Dealing with construction permits,Quality control after construction index (0-3) (DB16-20 methodology),3
CPV,Dealing with construction permits,Quality control before construction index (0-1) (DB16-20 methodology),1
CPV,Dealing with construction permits,Quality control during construction index (0-3) (DB16-20 methodology),2
CPV,Dealing with construction permits,Quality of building regulations index (0-2) (DB16-20 methodology),1
CPV,Dealing with construction permits,Time (days),101
CPV,Enforcing contracts,Alternative dispute resolution (0-3) (DB17-20 methodology),2
CPV,Enforcing contracts,Attorney fees (% of claim),10
CPV,Enforcing contracts,Case management (0-6) (DB17-20 methodology),3
CPV,Enforcing contracts,Cost (% of claim),19.8
CPV,Enforcing contracts,Court automation (0-4) (DB17-20 methodology),0
CPV,Enforcing contracts,Court fees (% of claim),3
CPV,Enforcing contracts,Court structure and proceedings (0-5) (DB17-20 methodology),2.5
CPV,Enforcing contracts,Enforcement fees (% of claim),6.8
CPV,Enforcing contracts,Enforcement of judgment (days),200
CPV,Enforcing contracts,Filing and service (days),45
CPV,Enforcing contracts,Quality of judicial processes index (0-18) (DB17-20 methodology),7.5
CPV,Enforcing contracts,Time (days),425
CPV,Enforcing contracts,Trial and judgment (days),180
CPV,Getting credit,Credit bureau coverage (% of adults),0
CPV,Getting credit,Credit registry coverage (% of adults),20
CPV,Getting credit,Depth of credit information index (0-8) (DB15-20 methodology),6
CPV,Getting credit,Getting Credit total score (DB15-20 methodology),7
CPV,Getting credit,Strength of legal rights index (0-12) (DB15-20 methodology),1
CPV,Paying taxes,Labor tax and contributions (% of profit),18.7
CPV,Paying taxes,Other taxes (% of profit),.4
CPV,Paying taxes,Payments (number per year),30
CPV,Paying taxes,Profit tax (% of profit),18.3
CPV,Paying taxes,Time (hours per year),180
CPV,Paying taxes,Time to complete a corporate income tax correction (weeks) (DB17-20 methodology),0
CPV,Paying taxes,Time to comply with VAT refund (hours) (DB17-20 methodology),6
CPV,Paying taxes,Time to comply with a corporate income tax correction (hours) (DB17-20 methodology),3.5
CPV,Paying taxes,Time to obtain VAT refund (weeks) (DB17-20 methodology),35.16667
CPV,Paying taxes,Total tax and contribution rate (% of profit),37.5
CPV,Registering property,Cost (% of property value),2.2
CPV,Registering property,Equal access to property rights index (-2-0) (DB17-20 methodology),0
CPV,Registering property,Geographic coverage index (0-8) (DB17-20 methodology),0
CPV,Registering property,Land dispute resolution index (0-8) (DB17-20 methodology),5
CPV,Registering property,Procedures (number),6
CPV,Registering property,Quality of land administration index (0-30) (DB17-20 methodology),12
CPV,Registering property,Reliability of infrastructure index (0-8) (DB17-20 methodology),3
CPV,Registering property,Time (days),19
CPV,Registering property,Transparency of information index (0-6) (DB17-20 methodology),4
CPV,Resolving insolvency,Commencement of proceedings index (0-3) (DB15-20 methodology),2.5
CPV,Resolving insolvency,Creditor participation index (0-4) (DB15-20 methodology),2
CPV,Resolving insolvency,Management of debtor's assets index (0-6) (DB15-20 methodology),4.5
CPV,Resolving insolvency,Outcome (0 as piecemeal sale and 1 as going concern),0
CPV,Resolving insolvency,Recovery rate (cents on the dollar),0
CPV,Resolving insolvency,Reorganization proceedings index (0-3) (DB15-20 methodology),1
CPV,Resolving insolvency,Strength of insolvency framework index (0-16),0
CPV,Starting a business,Cost - Men (% of income per capita),13
CPV,Starting a business,Cost - Women (% of income per capita),13
CPV,Starting a business,Paid-in Minimum capital (% of income per capita),0
CPV,Starting a business,Procedures - Men (number),9
CPV,Starting a business,Procedures - Women (number),9
CPV,Starting a business,Time - Men (days),9
CPV,Starting a business,Time - Women (days),9
CPV,Trading across borders,Cost to export: Border compliance (USD) (DB16-20 methodology),641
CPV,Trading across borders,Cost to export: Documentary compliance (USD) (DB16-20 methodology),125
CPV,Trading across borders,Cost to import: Border compliance (USD) (DB16-20 methodology),587.5
CPV,Trading across borders,Cost to import: Documentary compliance (USD) (DB16-20 methodology),125
CPV,Trading across borders,Time to export: Border compliance (hours) (DB16-20 methodology),72
CPV,Trading across borders,Time to export: Documentary compliance (hours) (DB16-20 methodology),24
CPV,Trading across borders,Time to import: Border compliance (hours) (DB16-20 methodology),60
CPV,Trading across borders,Time to import: Documentary compliance (hours) (DB16-20 methodology),24
CRI,Dealing with construction permits,Building quality control index (0-15) (DB16-20 methodology),11
CRI,Dealing with construction permits,Cost (% of Warehouse value),2
CRI,Dealing with construction permits,Liability and insurance regimes index (0-2) (DB16-20 methodology),1
CRI,Dealing with construction permits,Procedures (number),17
CRI,Dealing with construction permits,Professional certifications index (0-4) (DB16-20 methodology),2
CRI,Dealing with construction permits,Quality control after construction index (0-3) (DB16-20 methodology),3
CRI,Dealing with construction permits,Quality control before construction index (0-1) (DB16-20 methodology),1
CRI,Dealing with construction permits,Quality control during construction index (0-3) (DB16-20 methodology),2
CRI,Dealing with construction permits,Quality of building regulations index (0-2) (DB16-20 methodology),2
CRI,Dealing with construction permits,Time (days),138
CRI,Enforcing contracts,Alternative dispute resolution (0-3) (DB17-20 methodology),2.5
CRI,Enforcing contracts,Attorney fees (% of claim),20
CRI,Enforcing contracts,Case management (0-6) (DB17-20 methodology),3.5
CRI,Enforcing contracts,Cost (% of claim),24.3
CRI,Enforcing contracts,Court automation (0-4) (DB17-20 methodology),.5
CRI,Enforcing contracts,Court fees (% of claim),1.4
CRI,Enforcing contracts,Court structure and proceedings (0-5) (DB17-20 methodology),3
CRI,Enforcing contracts,Enforcement fees (% of claim),2.9
CRI,Enforcing contracts,Enforcement of judgment (days),260
CRI,Enforcing contracts,Filing and service (days),45
CRI,Enforcing contracts,Quality of judicial processes index (0-18) (DB17-20 methodology),9.5
CRI,Enforcing contracts,Time (days),852
CRI,Enforcing contracts,Trial and judgment (days),547
CRI,Getting credit,Credit bureau coverage (% of adults),86
CRI,Getting credit,Credit registry coverage (% of adults),36.4
CRI,Getting credit,Depth of credit information index (0-8) (DB15-20 methodology),7
CRI,Getting credit,Getting Credit total score (DB15-20 methodology),17
CRI,Getting credit,Strength of legal rights index (0-12) (DB15-20 methodology),10
CRI,Paying taxes,Labor tax and contributions (% of profit),32.7
CRI,Paying taxes,Other taxes (% of profit),6.4
CRI,Paying taxes,Payments (number per year),10
CRI,Paying taxes,Profit tax (% of profit),19.2
CRI,Paying taxes,Time (hours per year),151
CRI,Paying taxes,Time to complete a corporate income tax correction (weeks) (DB17-20 methodology),0
CRI,Paying taxes,Time to comply with VAT refund (hours) (DB17-20 methodology),5.5
CRI,Paying taxes,Time to comply with a corporate income tax correction (hours) (DB17-20 methodology),2.5
CRI,Paying taxes,Time to obtain VAT refund (weeks) (DB17-20 methodology),23.16667
CRI,Paying taxes,Total tax and contribution rate (% of profit),58.3
CRI,Registering property,Cost (% of property value),3.4
CRI,Registering property,Equal access to property rights index (-2-0) (DB17-20 methodology),0
CRI,Registering property,Geographic coverage index (0-8) (DB17-20 methodology),4
CRI,Registering property,Land dispute resolution index (0-8) (DB17-20 methodology),5
CRI,Registering property,Procedures (number),5
CRI,Registering property,Quality of land administration index (0-30) (DB17-20 methodology),17.5
CRI,Registering property,Reliability of infrastructure index (0-8) (DB17-20 methodology),5
CRI,Registering property,Time (days),11
CRI,Registering property,Transparency of information index (0-6) (DB17-20 methodology),3.5
CRI,Resolving insolvency,Commencement of proceedings index (0-3) (DB15-20 methodology),3
CRI,Resolving insolvency,Cost (% of estate),14.5
CRI,Resolving insolvency,Creditor participation index (0-4) (DB15-20 methodology),1
CRI,Resolving insolvency,Management of debtor's assets index (0-6) (DB15-20 methodology),2
CRI,Resolving insolvency,Outcome (0 as piecemeal sale and 1 as going concern),0
CRI,Resolving insolvency,Recovery rate (cents on the dollar),29.5
CRI,Resolving insolvency,Reorganization proceedings index (0-3) (DB15-20 methodology),0
CRI,Resolving insolvency,Strength of insolvency framework index (0-16),6
CRI,Resolving insolvency,Time (years),3
CRI,Starting a business,Cost - Men (% of income per capita),9.6
CRI,Starting a business,Cost - Women (% of income per capita),9.6
CRI,Starting a business,Paid-in Minimum capital (% of income per capita),0
CRI,Starting a business,Procedures - Men (number),10
CRI,Starting a business,Procedures - Women (number),10
CRI,Starting a business,Time - Men (days),23
CRI,Starting a business,Time - Women (days),23
CRI,Trading across borders,Cost to export: Border compliance (USD) (DB16-20 methodology),450
CRI,Trading across borders,Cost to export: Documentary compliance (USD) (DB16-20 methodology),80
CRI,Trading across borders,Cost to import: Border compliance (USD) (DB16-20 methodology),500
CRI,Trading across borders,Cost to import: Documentary compliance (USD) (DB16-20 methodology),75
CRI,Trading across borders,Time to export: Border compliance (hours) (DB16-20 methodology),20
CRI,Trading across borders,Time to export: Documentary compliance (hours) (DB16-20 methodology),24
CRI,Trading across borders,Time to import: Border compliance (hours) (DB16-20 methodology),80
CRI,Trading across borders,Time to import: Documentary compliance (hours) (DB16-20 methodology),26
CYP,Dealing with construction permits,Building quality control index (0-15) (DB16-20 methodology),11
CYP,Dealing with construction permits,Cost (% of Warehouse value),.9
CYP,Dealing with construction permits,Liability and insurance regimes index (0-2) (DB16-20 methodology),0
CYP,Dealing with construction permits,Procedures (number),8
CYP,Dealing with construction permits,Professional certifications index (0-4) (DB16-20 methodology),4
CYP,Dealing with construction permits,Quality control after construction index (0-3) (DB16-20 methodology),3
CYP,Dealing with construction permits,Quality control before construction index (0-1) (DB16-20 methodology),1
CYP,Dealing with construction permits,Quality control during construction index (0-3) (DB16-20 methodology),2
CYP,Dealing with construction permits,Quality of building regulations index (0-2) (DB16-20 methodology),1
CYP,Dealing with construction permits,Time (days),507
CYP,Enforcing contracts,Alternative dispute resolution (0-3) (DB17-20 methodology),2.5
CYP,Enforcing contracts,Attorney fees (% of claim),10.8
CYP,Enforcing contracts,Case management (0-6) (DB17-20 methodology),1.5
CYP,Enforcing contracts,Cost (% of claim),16.4
CYP,Enforcing contracts,Court automation (0-4) (DB17-20 methodology),1
CYP,Enforcing contracts,Court fees (% of claim),.5
CYP,Enforcing contracts,Court structure and proceedings (0-5) (DB17-20 methodology),3
CYP,Enforcing contracts,Enforcement fees (% of claim),5.1
CYP,Enforcing contracts,Enforcement of judgment (days),180
CYP,Enforcing contracts,Filing and service (days),20
CYP,Enforcing contracts,Quality of judicial processes index (0-18) (DB17-20 methodology),8
CYP,Enforcing contracts,Time (days),1100
CYP,Enforcing contracts,Trial and judgment (days),900
CYP,Getting credit,Credit bureau coverage (% of adults),81.4
CYP,Getting credit,Credit registry coverage (% of adults),0
CYP,Getting credit,Depth of credit information index (0-8) (DB15-20 methodology),5
CYP,Getting credit,Getting Credit total score (DB15-20 methodology),12
CYP,Getting credit,Strength of legal rights index (0-12) (DB15-20 methodology),7
CYP,Paying taxes,Labor tax and contributions (% of profit),13
CYP,Paying taxes,Other taxes (% of profit),1.1
CYP,Paying taxes,Payments (number per year),16
CYP,Paying taxes,Profit tax (% of profit),8.3
CYP,Paying taxes,Time (hours per year),119.5
CYP,Paying taxes,Time to complete a corporate income tax correction (weeks) (DB17-20 methodology),0
CYP,Paying taxes,Time to comply with VAT refund (hours) (DB17-20 methodology),10.5
CYP,Paying taxes,Time to comply with a corporate income tax correction (hours) (DB17-20 methodology),3
CYP,Paying taxes,Time to obtain VAT refund (weeks) (DB17-20 methodology),43.78571
CYP,Paying taxes,Total tax and contribution rate (% of profit),22.4
CYP,Registering property,Cost (% of property value),7.7
CYP,Registering property,Equal access to property rights index (-2-0) (DB17-20 methodology),0
CYP,Registering property,Geographic coverage index (0-8) (DB17-20 methodology),8
CYP,Registering property,Land dispute resolution index (0-8) (DB17-20 methodology),5.5
CYP,Registering property,Procedures (number),7
CYP,Registering property,Quality of land administration index (0-30) (DB17-20 methodology),23
CYP,Registering property,Reliability of infrastructure index (0-8) (DB17-20 methodology),7
CYP,Registering property,Time (days),9
CYP,Registering property,Transparency of information index (0-6) (DB17-20 methodology),2.5
CYP,Resolving insolvency,Commencement of proceedings index (0-3) (DB15-20 methodology),3
CYP,Resolving insolvency,Cost (% of estate),14.5
CYP,Resolving insolvency,Creditor participation index (0-4) (DB15-20 methodology),1
CYP,Resolving insolvency,Management of debtor's assets index (0-6) (DB15-20 methodology),5
CYP,Resolving insolvency,Outcome (0 as piecemeal sale and 1 as going concern),1
CYP,Resolving insolvency,Recovery rate (cents on the dollar),73.8
CYP,Resolving insolvency,Reorganization proceedings index (0-3) (DB15-20 methodology),1.5
CYP,Resolving insolvency,Strength of insolvency framework index (0-16),10.5
CYP,Resolving insolvency,Time (years),1.5
CYP,Starting a business,Cost - Men (% of income per capita),5.6
CYP,Starting a business,Cost - Women (% of income per capita),5.6
CYP,Starting a business,Paid-in Minimum capital (% of income per capita),0
CYP,Starting a business,Procedures - Men (number),5
CYP,Starting a business,Procedures - Women (number),5
CYP,Starting a business,Time - Men (days),6
CYP,Starting a business,Time - Women (days),6
CYP,Trading across borders,Cost to export: Border compliance (USD) (DB16-20 methodology),300
CYP,Trading across borders,Cost to export: Documentary compliance (USD) (DB16-20 methodology),50
CYP,Trading across borders,Cost to import: Border compliance (USD) (DB16-20 methodology),335
CYP,Trading across borders,Cost to import: Documentary compliance (USD) (DB16-20 methodology),50
CYP,Trading across borders,Time to export: Border compliance (hours) (DB16-20 methodology),18
CYP,Trading across borders,Time to export: Documentary compliance (hours) (DB16-20 methodology),2
CYP,Trading across borders,Time to import: Border compliance (hours) (DB16-20 methodology),14.66667
CYP,Trading across borders,Time to import: Documentary compliance (hours) (DB16-20 methodology),2
CZE,Dealing with construction permits,Building quality control index (0-15) (DB16-20 methodology),8
CZE,Dealing with construction permits,Cost (% of Warehouse value),.2
CZE,Dealing with construction permits,Liability and insurance regimes index (0-2) (DB16-20 methodology),1
CZE,Dealing with construction permits,Procedures (number),21
CZE,Dealing with construction permits,Professional certifications index (0-4) (DB16-20 methodology),0
CZE,Dealing with construction permits,Quality control after construction index (0-3) (DB16-20 methodology),3
CZE,Dealing with construction permits,Quality control before construction index (0-1) (DB16-20 methodology),0
CZE,Dealing with construction permits,Quality control during construction index (0-3) (DB16-20 methodology),2
CZE,Dealing with construction permits,Quality of building regulations index (0-2) (DB16-20 methodology),2
CZE,Dealing with construction permits,Time (days),246
CZE,Enforcing contracts,Alternative dispute resolution (0-3) (DB17-20 methodology),2
CZE,Enforcing contracts,Attorney fees (% of claim),13.1
CZE,Enforcing contracts,Case management (0-6) (DB17-20 methodology),3
CZE,Enforcing contracts,Cost (% of claim),33.8
CZE,Enforcing contracts,Court automation (0-4) (DB17-20 methodology),3
CZE,Enforcing contracts,Court fees (% of claim),5.7
CZE,Enforcing contracts,Court structure and proceedings (0-5) (DB17-20 methodology),1.5
CZE,Enforcing contracts,Enforcement fees (% of claim),15
CZE,Enforcing contracts,Enforcement of judgment (days),180
CZE,Enforcing contracts,Filing and service (days),88
CZE,Enforcing contracts,Quality of judicial processes index (0-18) (DB17-20 methodology),9.5
CZE,Enforcing contracts,Time (days),678
CZE,Enforcing contracts,Trial and judgment (days),410
CZE,Getting credit,Credit bureau coverage (% of adults),81.1
CZE,Getting credit,Credit registry coverage (% of adults),7.3
CZE,Getting credit,Depth of credit information index (0-8) (DB15-20 methodology),7
CZE,Getting credit,Getting Credit total score (DB15-20 methodology),14
CZE,Getting credit,Strength of legal rights index (0-12) (DB15-20 methodology),7
CZE,Paying taxes,Labor tax and contributions (% of profit),38.4
CZE,Paying taxes,Other taxes (% of profit),2.6
CZE,Paying taxes,Payments (number per year),8
CZE,Paying taxes,Profit tax (% of profit),5.2
CZE,Paying taxes,Time (hours per year),230
CZE,Paying taxes,Time to complete a corporate income tax correction (weeks) (DB17-20 methodology),0
CZE,Paying taxes,Time to comply with VAT refund (hours) (DB17-20 methodology),4.5
CZE,Paying taxes,Time to comply with a corporate income tax correction (hours) (DB17-20 methodology),2
CZE,Paying taxes,Time to obtain VAT refund (weeks) (DB17-20 methodology),17.7381
CZE,Paying taxes,Total tax and contribution rate (% of profit),46.1
CZE,Registering property,Cost (% of property value),4
CZE,Registering property,Equal access to property rights index (-2-0) (DB17-20 methodology),0
CZE,Registering property,Geographic coverage index (0-8) (DB17-20 methodology),8
CZE,Registering property,Land dispute resolution index (0-8) (DB17-20 methodology),5
CZE,Registering property,Procedures (number),4
CZE,Registering property,Quality of land administration index (0-30) (DB17-20 methodology),25
CZE,Registering property,Reliability of infrastructure index (0-8) (DB17-20 methodology),8
CZE,Registering property,Time (days),27.5
CZE,Registering property,Transparency of information index (0-6) (DB17-20 methodology),4
CZE,Resolving insolvency,Commencement of proceedings index (0-3) (DB15-20 methodology),2.5
CZE,Resolving insolvency,Cost (% of estate),17
CZE,Resolving insolvency,Creditor participation index (0-4) (DB15-20 methodology),3
CZE,Resolving insolvency,Management of debtor's assets index (0-6) (DB15-20 methodology),5.5
CZE,Resolving insolvency,Outcome (0 as piecemeal sale and 1 as going concern),1
CZE,Resolving insolvency,Recovery rate (cents on the dollar),67.5
CZE,Resolving insolvency,Reorganization proceedings index (0-3) (DB15-20 methodology),3
CZE,Resolving insolvency,Strength of insolvency framework index (0-16),14
CZE,Resolving insolvency,Time (years),2.1
CZE,Starting a business,Cost - Men (% of income per capita),1.1
CZE,Starting a business,Cost - Women (% of income per capita),1.1
CZE,Starting a business,Paid-in Minimum capital (% of income per capita),0
CZE,Starting a business,Procedures - Men (number),9
CZE,Starting a business,Procedures - Women (number),9
CZE,Starting a business,Time - Men (days),24.5
CZE,Starting a business,Time - Women (days),24.5
CZE,Trading across borders,Cost to export: Border compliance (USD) (DB16-20 methodology),0
CZE,Trading across borders,Cost to export: Documentary compliance (USD) (DB16-20 methodology),0
CZE,Trading across borders,Cost to import: Border compliance (USD) (DB16-20 methodology),0
CZE,Trading across borders,Cost to import: Documentary compliance (USD) (DB16-20 methodology),0
CZE,Trading across borders,Time to export: Border compliance (hours) (DB16-20 methodology),0
CZE,Trading across borders,Time to export: Documentary compliance (hours) (DB16-20 methodology),.5
CZE,Trading across borders,Time to import: Border compliance (hours) (DB16-20 methodology),0
CZE,Trading across borders,Time to import: Documentary compliance (hours) (DB16-20 methodology),.5
DEU,Dealing with construction permits,Building quality control index (0-15) (DB16-20 methodology),9.5
DEU,Dealing with construction permits,Cost (% of Warehouse value),1.1
DEU,Dealing with construction permits,Liability and insurance regimes index (0-2) (DB16-20 methodology),.5
DEU,Dealing with construction permits,Procedures (number),9
DEU,Dealing with construction permits,Professional certifications index (0-4) (DB16-20 methodology),3
DEU,Dealing with construction permits,Quality control after construction index (0-3) (DB16-20 methodology),2
DEU,Dealing with construction permits,Quality control before construction index (0-1) (DB16-20 methodology),1
DEU,Dealing with construction permits,Quality control during construction index (0-3) (DB16-20 methodology),2
DEU,Dealing with construction permits,Quality of building regulations index (0-2) (DB16-20 methodology),1
DEU,Dealing with construction permits,Time (days),126
DEU,Enforcing contracts,Alternative dispute resolution (0-3) (DB17-20 methodology),3
DEU,Enforcing contracts,Attorney fees (% of claim),6.6
DEU,Enforcing contracts,Case management (0-6) (DB17-20 methodology),1.5
DEU,Enforcing contracts,Cost (% of claim),14.4
DEU,Enforcing contracts,Court automation (0-4) (DB17-20 methodology),3.5
DEU,Enforcing contracts,Court fees (% of claim),5.4
DEU,Enforcing contracts,Court structure and proceedings (0-5) (DB17-20 methodology),4.5
DEU,Enforcing contracts,Enforcement fees (% of claim),2.4
DEU,Enforcing contracts,Enforcement of judgment (days),90
DEU,Enforcing contracts,Filing and service (days),29
DEU,Enforcing contracts,Quality of judicial processes index (0-18) (DB17-20 methodology),12.5
DEU,Enforcing contracts,Time (days),499
DEU,Enforcing contracts,Trial and judgment (days),380
DEU,Getting credit,Credit bureau coverage (% of adults),100
DEU,Getting credit,Credit registry coverage (% of adults),1.8
DEU,Getting credit,Depth of credit information index (0-8) (DB15-20 methodology),8
DEU,Getting credit,Getting Credit total score (DB15-20 methodology),14
DEU,Getting credit,Strength of legal rights index (0-12) (DB15-20 methodology),6
DEU,Paying taxes,Labor tax and contributions (% of profit),21.5
DEU,Paying taxes,Other taxes (% of profit),4.1
DEU,Paying taxes,Payments (number per year),9
DEU,Paying taxes,Profit tax (% of profit),23.2
DEU,Paying taxes,Time (hours per year),218
DEU,Paying taxes,Time to complete a corporate income tax correction (weeks) (DB17-20 methodology),0
DEU,Paying taxes,Time to comply with VAT refund (hours) (DB17-20 methodology),0
DEU,Paying taxes,Time to comply with a corporate income tax correction (hours) (DB17-20 methodology),4.5
DEU,Paying taxes,Time to obtain VAT refund (weeks) (DB17-20 methodology),5.166667
DEU,Paying taxes,Total tax and contribution rate (% of profit),48.8
DEU,Registering property,Cost (% of property value),6.6
DEU,Registering property,Equal access to property rights index (-2-0) (DB17-20 methodology),0
DEU,Registering property,Geographic coverage index (0-8) (DB17-20 methodology),8
DEU,Registering property,Land dispute resolution index (0-8) (DB17-20 methodology),6
DEU,Registering property,Procedures (number),6
DEU,Registering property,Quality of land administration index (0-30) (DB17-20 methodology),23
DEU,Registering property,Reliability of infrastructure index (0-8) (DB17-20 methodology),7
DEU,Registering property,Time (days),52
DEU,Registering property,Transparency of information index (0-6) (DB17-20 methodology),2
DEU,Resolving insolvency,Commencement of proceedings index (0-3) (DB15-20 methodology),3
DEU,Resolving insolvency,Cost (% of estate),8
DEU,Resolving insolvency,Creditor participation index (0-4) (DB15-20 methodology),3
DEU,Resolving insolvency,Management of debtor's assets index (0-6) (DB15-20 methodology),6
DEU,Resolving insolvency,Outcome (0 as piecemeal sale and 1 as going concern),1
DEU,Resolving insolvency,Recovery rate (cents on the dollar),79.8
DEU,Resolving insolvency,Reorganization proceedings index (0-3) (DB15-20 methodology),3
DEU,Resolving insolvency,Strength of insolvency framework index (0-16),15
DEU,Resolving insolvency,Time (years),1.2
DEU,Starting a business,Cost - Men (% of income per capita),6.5
DEU,Starting a business,Cost - Women (% of income per capita),6.5
DEU,Starting a business,Paid-in Minimum capital (% of income per capita),29.8
DEU,Starting a business,Procedures - Men (number),9
DEU,Starting a business,Procedures - Women (number),9
DEU,Starting a business,Time - Men (days),8
DEU,Starting a business,Time - Women (days),8
DEU,Trading across borders,Cost to export: Border compliance (USD) (DB16-20 methodology),345
DEU,Trading across borders,Cost to export: Documentary compliance (USD) (DB16-20 methodology),45
DEU,Trading across borders,Cost to import: Border compliance (USD) (DB16-20 methodology),0
DEU,Trading across borders,Cost to import: Documentary compliance (USD) (DB16-20 methodology),0
DEU,Trading across borders,Time to export: Border compliance (hours) (DB16-20 methodology),36
DEU,Trading across borders,Time to export: Documentary compliance (hours) (DB16-20 methodology),1
DEU,Trading across borders,Time to import: Border compliance (hours) (DB16-20 methodology),0
DEU,Trading across borders,Time to import: Documentary compliance (hours) (DB16-20 methodology),.5
DJI,Dealing with construction permits,Building quality control index (0-15) (DB16-20 methodology),12
DJI,Dealing with construction permits,Cost (% of Warehouse value),4.8
DJI,Dealing with construction permits,Liability and insurance regimes index (0-2) (DB16-20 methodology),1
DJI,Dealing with construction permits,Procedures (number),16
DJI,Dealing with construction permits,Professional certifications index (0-4) (DB16-20 methodology),2
DJI,Dealing with construction permits,Quality control after construction index (0-3) (DB16-20 methodology),3
DJI,Dealing with construction permits,Quality control before construction index (0-1) (DB16-20 methodology),1
DJI,Dealing with construction permits,Quality control during construction index (0-3) (DB16-20 methodology),3
DJI,Dealing with construction permits,Quality of building regulations index (0-2) (DB16-20 methodology),2
DJI,Dealing with construction permits,Time (days),146
DJI,Enforcing contracts,Alternative dispute resolution (0-3) (DB17-20 methodology),2
DJI,Enforcing contracts,Attorney fees (% of claim),17
DJI,Enforcing contracts,Case management (0-6) (DB17-20 methodology),.5
DJI,Enforcing contracts,Cost (% of claim),34
DJI,Enforcing contracts,Court automation (0-4) (DB17-20 methodology),0
DJI,Enforcing contracts,Court fees (% of claim),10
DJI,Enforcing contracts,Court structure and proceedings (0-5) (DB17-20 methodology),3
DJI,Enforcing contracts,Enforcement fees (% of claim),7
DJI,Enforcing contracts,Enforcement of judgment (days),300
DJI,Enforcing contracts,Filing and service (days),30
DJI,Enforcing contracts,Quality of judicial processes index (0-18) (DB17-20 methodology),5.5
DJI,Enforcing contracts,Time (days),695
DJI,Enforcing contracts,Trial and judgment (days),365
DJI,Getting credit,Credit bureau coverage (% of adults),0
DJI,Getting credit,Credit registry coverage (% of adults),.4
DJI,Getting credit,Depth of credit information index (0-8) (DB15-20 methodology),0
DJI,Getting credit,Getting Credit total score (DB15-20 methodology),8
DJI,Getting credit,Strength of legal rights index (0-12) (DB15-20 methodology),8
DJI,Paying taxes,Labor tax and contributions (% of profit),17.7
DJI,Paying taxes,Other taxes (% of profit),2.6
DJI,Paying taxes,Payments (number per year),35
DJI,Paying taxes,Profit tax (% of profit),17.7
DJI,Paying taxes,Time (hours per year),76
DJI,Paying taxes,Time to complete a corporate income tax correction (weeks) (DB17-20 methodology),23.85714
DJI,Paying taxes,Time to comply with VAT refund (hours) (DB17-20 methodology),No VAT refund per case study scenario
DJI,Paying taxes,Time to comply with a corporate income tax correction (hours) (DB17-20 methodology),15
DJI,Paying taxes,Time to obtain VAT refund (weeks) (DB17-20 methodology),No VAT refund per case study scenario
DJI,Paying taxes,Total tax and contribution rate (% of profit),37.9
DJI,Registering property,Cost (% of property value),5.6
DJI,Registering property,Equal access to property rights index (-2-0) (DB17-20 methodology),0
DJI,Registering property,Geographic coverage index (0-8) (DB17-20 methodology),0
DJI,Registering property,Land dispute resolution index (0-8) (DB17-20 methodology),2.5
DJI,Registering property,Procedures (number),6
DJI,Registering property,Quality of land administration index (0-30) (DB17-20 methodology),7
DJI,Registering property,Reliability of infrastructure index (0-8) (DB17-20 methodology),3
DJI,Registering property,Time (days),24
DJI,Registering property,Transparency of information index (0-6) (DB17-20 methodology),1.5
DJI,Resolving insolvency,Commencement of proceedings index (0-3) (DB15-20 methodology),2.5
DJI,Resolving insolvency,Cost (% of estate),11
DJI,Resolving insolvency,Creditor participation index (0-4) (DB15-20 methodology),4
DJI,Resolving insolvency,Management of debtor's assets index (0-6) (DB15-20 methodology),5.5
DJI,Resolving insolvency,Outcome (0 as piecemeal sale and 1 as going concern),0
DJI,Resolving insolvency,Recovery rate (cents on the dollar),44
DJI,Resolving insolvency,Reorganization proceedings index (0-3) (DB15-20 methodology),1.5
DJI,Resolving insolvency,Strength of insolvency framework index (0-16),13.5
DJI,Resolving insolvency,Time (years),1.5
DJI,Starting a business,Cost - Men (% of income per capita),39.7
DJI,Starting a business,Cost - Women (% of income per capita),39.7
DJI,Starting a business,Paid-in Minimum capital (% of income per capita),0
DJI,Starting a business,Procedures - Men (number),6
DJI,Starting a business,Procedures - Women (number),6
DJI,Starting a business,Time - Men (days),14
DJI,Starting a business,Time - Women (days),14
DJI,Trading across borders,Cost to export: Border compliance (USD) (DB16-20 methodology),605.2857
DJI,Trading across borders,Cost to export: Documentary compliance (USD) (DB16-20 methodology),95
DJI,Trading across borders,Cost to import: Border compliance (USD) (DB16-20 methodology),1055
DJI,Trading across borders,Cost to import: Documentary compliance (USD) (DB16-20 methodology),100
DJI,Trading across borders,Time to export: Border compliance (hours) (DB16-20 methodology),72
DJI,Trading across borders,Time to export: Documentary compliance (hours) (DB16-20 methodology),60
DJI,Trading across borders,Time to import: Border compliance (hours) (DB16-20 methodology),118
DJI,Trading across borders,Time to import: Documentary compliance (hours) (DB16-20 methodology),50
DMA,Dealing with construction permits,Building quality control index (0-15) (DB16-20 methodology),8
DMA,Dealing with construction permits,Cost (% of Warehouse value),.3
DMA,Dealing with construction permits,Liability and insurance regimes index (0-2) (DB16-20 methodology),0
DMA,Dealing with construction permits,Procedures (number),11
DMA,Dealing with construction permits,Professional certifications index (0-4) (DB16-20 methodology),2
DMA,Dealing with construction permits,Quality control after construction index (0-3) (DB16-20 methodology),2
DMA,Dealing with construction permits,Quality control before construction index (0-1) (DB16-20 methodology),1
DMA,Dealing with construction permits,Quality control during construction index (0-3) (DB16-20 methodology),1
DMA,Dealing with construction permits,Quality of building regulations index (0-2) (DB16-20 methodology),2
DMA,Dealing with construction permits,Time (days),191
DMA,Enforcing contracts,Alternative dispute resolution (0-3) (DB17-20 methodology),2.5
DMA,Enforcing contracts,Attorney fees (% of claim),20.8
DMA,Enforcing contracts,Case management (0-6) (DB17-20 methodology),3
DMA,Enforcing contracts,Cost (% of claim),36
DMA,Enforcing contracts,Court automation (0-4) (DB17-20 methodology),1.5
DMA,Enforcing contracts,Court fees (% of claim),7.4
DMA,Enforcing contracts,Court structure and proceedings (0-5) (DB17-20 methodology),4.5
DMA,Enforcing contracts,Enforcement fees (% of claim),7.8
DMA,Enforcing contracts,Enforcement of judgment (days),210
DMA,Enforcing contracts,Filing and service (days),21
DMA,Enforcing contracts,Quality of judicial processes index (0-18) (DB17-20 methodology),11.5
DMA,Enforcing contracts,Time (days),741
DMA,Enforcing contracts,Trial and judgment (days),510
DMA,Getting credit,Credit bureau coverage (% of adults),0
DMA,Getting credit,Credit registry coverage (% of adults),0
DMA,Getting credit,Depth of credit information index (0-8) (DB15-20 methodology),0
DMA,Getting credit,Getting Credit total score (DB15-20 methodology),6
DMA,Getting credit,Strength of legal rights index (0-12) (DB15-20 methodology),6
DMA,Paying taxes,Labor tax and contributions (% of profit),7.9
DMA,Paying taxes,Other taxes (% of profit),3
DMA,Paying taxes,Payments (number per year),37
DMA,Paying taxes,Profit tax (% of profit),21.8
DMA,Paying taxes,Time (hours per year),117
DMA,Paying taxes,Time to complete a corporate income tax correction (weeks) (DB17-20 methodology),0
DMA,Paying taxes,Time to comply with VAT refund (hours) (DB17-20 methodology),14.5
DMA,Paying taxes,Time to comply with a corporate income tax correction (hours) (DB17-20 methodology),1.5
DMA,Paying taxes,Time to obtain VAT refund (weeks) (DB17-20 methodology),31.88095
DMA,Paying taxes,Total tax and contribution rate (% of profit),32.6
DMA,Registering property,Cost (% of property value),13.3
DMA,Registering property,Equal access to property rights index (-2-0) (DB17-20 methodology),0
DMA,Registering property,Geographic coverage index (0-8) (DB17-20 methodology),0
DMA,Registering property,Land dispute resolution index (0-8) (DB17-20 methodology),3
DMA,Registering property,Procedures (number),5
DMA,Registering property,Quality of land administration index (0-30) (DB17-20 methodology),4.5
DMA,Registering property,Reliability of infrastructure index (0-8) (DB17-20 methodology),0
DMA,Registering property,Time (days),125
DMA,Registering property,Transparency of information index (0-6) (DB17-20 methodology),1.5
DMA,Resolving insolvency,Commencement of proceedings index (0-3) (DB15-20 methodology),2
DMA,Resolving insolvency,Cost (% of estate),10
DMA,Resolving insolvency,Creditor participation index (0-4) (DB15-20 methodology),2
DMA,Resolving insolvency,Management of debtor's assets index (0-6) (DB15-20 methodology),2
DMA,Resolving insolvency,Outcome (0 as piecemeal sale and 1 as going concern),0
DMA,Resolving insolvency,Recovery rate (cents on the dollar),29.6
DMA,Resolving insolvency,Reorganization proceedings index (0-3) (DB15-20 methodology),0
DMA,Resolving insolvency,Strength of insolvency framework index (0-16),6
DMA,Resolving insolvency,Time (years),4
DMA,Starting a business,Cost - Men (% of income per capita),15.2
DMA,Starting a business,Cost - Women (% of income per capita),15.2
DMA,Starting a business,Paid-in Minimum capital (% of income per capita),0
DMA,Starting a business,Procedures - Men (number),5
DMA,Starting a business,Procedures - Women (number),5
DMA,Starting a business,Time - Men (days),12
DMA,Starting a business,Time - Women (days),12
DMA,Trading across borders,Cost to export: Border compliance (USD) (DB16-20 methodology),625
DMA,Trading across borders,Cost to export: Documentary compliance (USD) (DB16-20 methodology),50
DMA,Trading across borders,Cost to import: Border compliance (USD) (DB16-20 methodology),905.5556
DMA,Trading across borders,Cost to import: Documentary compliance (USD) (DB16-20 methodology),50
DMA,Trading across borders,Time to export: Border compliance (hours) (DB16-20 methodology),36
DMA,Trading across borders,Time to export: Documentary compliance (hours) (DB16-20 methodology),12
DMA,Trading across borders,Time to import: Border compliance (hours) (DB16-20 methodology),39.27273
DMA,Trading across borders,Time to import: Documentary compliance (hours) (DB16-20 methodology),24
DNK,Dealing with construction permits,Building quality control index (0-15) (DB16-20 methodology),11
DNK,Dealing with construction permits,Cost (% of Warehouse value),.6
DNK,Dealing with construction permits,Liability and insurance regimes index (0-2) (DB16-20 methodology),1
DNK,Dealing with construction permits,Procedures (number),7
DNK,Dealing with construction permits,Professional certifications index (0-4) (DB16-20 methodology),1
DNK,Dealing with construction permits,Quality control after construction index (0-3) (DB16-20 methodology),3
DNK,Dealing with construction permits,Quality control before construction index (0-1) (DB16-20 methodology),1
DNK,Dealing with construction permits,Quality control during construction index (0-3) (DB16-20 methodology),3
DNK,Dealing with construction permits,Quality of building regulations index (0-2) (DB16-20 methodology),2
DNK,Dealing with construction permits,Time (days),64
DNK,Enforcing contracts,Alternative dispute resolution (0-3) (DB17-20 methodology),2.5
DNK,Enforcing contracts,Attorney fees (% of claim),5
DNK,Enforcing contracts,Case management (0-6) (DB17-20 methodology),4.5
DNK,Enforcing contracts,Cost (% of claim),23.3
DNK,Enforcing contracts,Court automation (0-4) (DB17-20 methodology),3.5
DNK,Enforcing contracts,Court fees (% of claim),3.3
DNK,Enforcing contracts,Court structure and proceedings (0-5) (DB17-20 methodology),3.5
DNK,Enforcing contracts,Enforcement fees (% of claim),15
DNK,Enforcing contracts,Enforcement of judgment (days),90
DNK,Enforcing contracts,Filing and service (days),30
DNK,Enforcing contracts,Quality of judicial processes index (0-18) (DB17-20 methodology),14
DNK,Enforcing contracts,Time (days),485
DNK,Enforcing contracts,Trial and judgment (days),365
DNK,Getting credit,Credit bureau coverage (% of adults),7.3
DNK,Getting credit,Credit registry coverage (% of adults),0
DNK,Getting credit,Depth of credit information index (0-8) (DB15-20 methodology),6
DNK,Getting credit,Getting Credit total score (DB15-20 methodology),14
DNK,Getting credit,Strength of legal rights index (0-12) (DB15-20 methodology),8
DNK,Paying taxes,Labor tax and contributions (% of profit),4
DNK,Paying taxes,Other taxes (% of profit),2.8
DNK,Paying taxes,Payments (number per year),10
DNK,Paying taxes,Profit tax (% of profit),17.1
DNK,Paying taxes,Time (hours per year),132
DNK,Paying taxes,Time to complete a corporate income tax correction (weeks) (DB17-20 methodology),2.857143
DNK,Paying taxes,Time to comply with VAT refund (hours) (DB17-20 methodology),8
DNK,Paying taxes,Time to comply with a corporate income tax correction (hours) (DB17-20 methodology),4.5
DNK,Paying taxes,Time to obtain VAT refund (weeks) (DB17-20 methodology),10.09524
DNK,Paying taxes,Total tax and contribution rate (% of profit),23.8
DNK,Registering property,Cost (% of property value),.6
DNK,Registering property,Equal access to property rights index (-2-0) (DB17-20 methodology),0
DNK,Registering property,Geographic coverage index (0-8) (DB17-20 methodology),8
DNK,Registering property,Land dispute resolution index (0-8) (DB17-20 methodology),6.5
DNK,Registering property,Procedures (number),3
DNK,Registering property,Quality of land administration index (0-30) (DB17-20 methodology),24.5
DNK,Registering property,Reliability of infrastructure index (0-8) (DB17-20 methodology),7
DNK,Registering property,Time (days),4
DNK,Registering property,Transparency of information index (0-6) (DB17-20 methodology),3
DNK,Resolving insolvency,Commencement of proceedings index (0-3) (DB15-20 methodology),3
DNK,Resolving insolvency,Cost (% of estate),4
DNK,Resolving insolvency,Creditor participation index (0-4) (DB15-20 methodology),2
DNK,Resolving insolvency,Management of debtor's assets index (0-6) (DB15-20 methodology),6
DNK,Resolving insolvency,Outcome (0 as piecemeal sale and 1 as going concern),1
DNK,Resolving insolvency,Recovery rate (cents on the dollar),88.5
DNK,Resolving insolvency,Reorganization proceedings index (0-3) (DB15-20 methodology),1
DNK,Resolving insolvency,Strength of insolvency framework index (0-16),12
DNK,Resolving insolvency,Time (years),1
DNK,Starting a business,Cost - Men (% of income per capita),.2
DNK,Starting a business,Cost - Women (% of income per capita),.2
DNK,Starting a business,Paid-in Minimum capital (% of income per capita),10.2
DNK,Starting a business,Procedures - Men (number),5
DNK,Starting a business,Procedures - Women (number),5
DNK,Starting a business,Time - Men (days),3.5
DNK,Starting a business,Time - Women (days),3.5
DNK,Trading across borders,Cost to export: Border compliance (USD) (DB16-20 methodology),0
DNK,Trading across borders,Cost to export: Documentary compliance (USD) (DB16-20 methodology),0
DNK,Trading across borders,Cost to import: Border compliance (USD) (DB16-20 methodology),0
DNK,Trading across borders,Cost to import: Documentary compliance (USD) (DB16-20 methodology),0
DNK,Trading across borders,Time to export: Border compliance (hours) (DB16-20 methodology),0
DNK,Trading across borders,Time to export: Documentary compliance (hours) (DB16-20 methodology),.5
DNK,Trading across borders,Time to import: Border compliance (hours) (DB16-20 methodology),0
DNK,Trading across borders,Time to import: Documentary compliance (hours) (DB16-20 methodology),.5
DOM,Dealing with construction permits,Building quality control index (0-15) (DB16-20 methodology),13
DOM,Dealing with construction permits,Cost (% of Warehouse value),2.4
DOM,Dealing with construction permits,Liability and insurance regimes index (0-2) (DB16-20 methodology),1
DOM,Dealing with construction permits,Procedures (number),15
DOM,Dealing with construction permits,Professional certifications index (0-4) (DB16-20 methodology),4
DOM,Dealing with construction permits,Quality control after construction index (0-3) (DB16-20 methodology),3
DOM,Dealing with construction permits,Quality control before construction index (0-1) (DB16-20 methodology),1
DOM,Dealing with construction permits,Quality control during construction index (0-3) (DB16-20 methodology),2
DOM,Dealing with construction permits,Quality of building regulations index (0-2) (DB16-20 methodology),2
DOM,Dealing with construction permits,Time (days),206
DOM,Enforcing contracts,Alternative dispute resolution (0-3) (DB17-20 methodology),2.5
DOM,Enforcing contracts,Attorney fees (% of claim),25
DOM,Enforcing contracts,Case management (0-6) (DB17-20 methodology),.5
DOM,Enforcing contracts,Cost (% of claim),40.9
DOM,Enforcing contracts,Court automation (0-4) (DB17-20 methodology),0
DOM,Enforcing contracts,Court fees (% of claim),7.5
DOM,Enforcing contracts,Court structure and proceedings (0-5) (DB17-20 methodology),3.5
DOM,Enforcing contracts,Enforcement fees (% of claim),8.4
DOM,Enforcing contracts,Enforcement of judgment (days),120
DOM,Enforcing contracts,Filing and service (days),20
DOM,Enforcing contracts,Quality of judicial processes index (0-18) (DB17-20 methodology),6.5
DOM,Enforcing contracts,Time (days),590
DOM,Enforcing contracts,Trial and judgment (days),450
DOM,Getting credit,Credit bureau coverage (% of adults),100
DOM,Getting credit,Credit registry coverage (% of adults),26.8
DOM,Getting credit,Depth of credit information index (0-8) (DB15-20 methodology),8
DOM,Getting credit,Getting Credit total score (DB15-20 methodology),9
DOM,Getting credit,Strength of legal rights index (0-12) (DB15-20 methodology),1
DOM,Paying taxes,Labor tax and contributions (% of profit),18.6
DOM,Paying taxes,Other taxes (% of profit),1.1
DOM,Paying taxes,Payments (number per year),7
DOM,Paying taxes,Profit tax (% of profit),29.1
DOM,Paying taxes,Time (hours per year),317
DOM,Paying taxes,Time to complete a corporate income tax correction (weeks) (DB17-20 methodology),18.28571
DOM,Paying taxes,Time to comply with VAT refund (hours) (DB17-20 methodology),No VAT refund per case study scenario
DOM,Paying taxes,Time to comply with a corporate income tax correction (hours) (DB17-20 methodology),59.5
DOM,Paying taxes,Time to obtain VAT refund (weeks) (DB17-20 methodology),No VAT refund per case study scenario
DOM,Paying taxes,Total tax and contribution rate (% of profit),48.8
DOM,Registering property,Cost (% of property value),3.4
DOM,Registering property,Equal access to property rights index (-2-0) (DB17-20 methodology),0
DOM,Registering property,Geographic coverage index (0-8) (DB17-20 methodology),0
DOM,Registering property,Land dispute resolution index (0-8) (DB17-20 methodology),5.5
DOM,Registering property,Procedures (number),6
DOM,Registering property,Quality of land administration index (0-30) (DB17-20 methodology),14.5
DOM,Registering property,Reliability of infrastructure index (0-8) (DB17-20 methodology),6
DOM,Registering property,Time (days),33
DOM,Registering property,Transparency of information index (0-6) (DB17-20 methodology),3
DOM,Resolving insolvency,Commencement of proceedings index (0-3) (DB15-20 methodology),2.5
DOM,Resolving insolvency,Cost (% of estate),38
DOM,Resolving insolvency,Creditor participation index (0-4) (DB15-20 methodology),2
DOM,Resolving insolvency,Management of debtor's assets index (0-6) (DB15-20 methodology),5.5
DOM,Resolving insolvency,Outcome (0 as piecemeal sale and 1 as going concern),0
DOM,Resolving insolvency,Recovery rate (cents on the dollar),9.6
DOM,Resolving insolvency,Reorganization proceedings index (0-3) (DB15-20 methodology),.5
DOM,Resolving insolvency,Strength of insolvency framework index (0-16),10.5
DOM,Resolving insolvency,Time (years),3.5
DOM,Starting a business,Cost - Men (% of income per capita),13.7
DOM,Starting a business,Cost - Women (% of income per capita),13.7
DOM,Starting a business,Paid-in Minimum capital (% of income per capita),.1
DOM,Starting a business,Procedures - Men (number),7
DOM,Starting a business,Procedures - Women (number),7
DOM,Starting a business,Time - Men (days),16.5
DOM,Starting a business,Time - Women (days),16.5
DOM,Trading across borders,Cost to export: Border compliance (USD) (DB16-20 methodology),487.5
DOM,Trading across borders,Cost to export: Documentary compliance (USD) (DB16-20 methodology),15
DOM,Trading across borders,Cost to import: Border compliance (USD) (DB16-20 methodology),579.1667
DOM,Trading across borders,Cost to import: Documentary compliance (USD) (DB16-20 methodology),40
DOM,Trading across borders,Time to export: Border compliance (hours) (DB16-20 methodology),16
DOM,Trading across borders,Time to export: Documentary compliance (hours) (DB16-20 methodology),10
DOM,Trading across borders,Time to import: Border compliance (hours) (DB16-20 methodology),24
DOM,Trading across borders,Time to import: Documentary compliance (hours) (DB16-20 methodology),13.5
DZA,Dealing with construction permits,Building quality control index (0-15) (DB16-20 methodology),12
DZA,Dealing with construction permits,Cost (% of Warehouse value),6.5
DZA,Dealing with construction permits,Liability and insurance regimes index (0-2) (DB16-20 methodology),2
DZA,Dealing with construction permits,Procedures (number),19
DZA,Dealing with construction permits,Professional certifications index (0-4) (DB16-20 methodology),2
DZA,Dealing with construction permits,Quality control after construction index (0-3) (DB16-20 methodology),3
DZA,Dealing with construction permits,Quality control before construction index (0-1) (DB16-20 methodology),1
DZA,Dealing with construction permits,Quality control during construction index (0-3) (DB16-20 methodology),2
DZA,Dealing with construction permits,Quality of building regulations index (0-2) (DB16-20 methodology),2
DZA,Dealing with construction permits,Time (days),131
DZA,Enforcing contracts,Alternative dispute resolution (0-3) (DB17-20 methodology),2.5
DZA,Enforcing contracts,Attorney fees (% of claim),10
DZA,Enforcing contracts,Case management (0-6) (DB17-20 methodology),0
DZA,Enforcing contracts,Cost (% of claim),21.8
DZA,Enforcing contracts,Court automation (0-4) (DB17-20 methodology),0
DZA,Enforcing contracts,Court fees (% of claim),7.4
DZA,Enforcing contracts,Court structure and proceedings (0-5) (DB17-20 methodology),3
DZA,Enforcing contracts,Enforcement fees (% of claim),4.4
DZA,Enforcing contracts,Enforcement of judgment (days),219
DZA,Enforcing contracts,Filing and service (days),21
DZA,Enforcing contracts,Quality of judicial processes index (0-18) (DB17-20 methodology),5.5
DZA,Enforcing contracts,Time (days),630
DZA,Enforcing contracts,Trial and judgment (days),390
DZA,Getting credit,Credit bureau coverage (% of adults),0
DZA,Getting credit,Credit registry coverage (% of adults),3.6
DZA,Getting credit,Depth of credit information index (0-8) (DB15-20 methodology),0
DZA,Getting credit,Getting Credit total score (DB15-20 methodology),2
DZA,Getting credit,Strength of legal rights index (0-12) (DB15-20 methodology),2
DZA,Paying taxes,Labor tax and contributions (% of profit),31.1
DZA,Paying taxes,Other taxes (% of profit),26.9
DZA,Paying taxes,Payments (number per year),27
DZA,Paying taxes,Profit tax (% of profit),8.1
DZA,Paying taxes,Time (hours per year),265
DZA,Paying taxes,Time to complete a corporate income tax correction (weeks) (DB17-20 methodology),0
DZA,Paying taxes,Time to comply with VAT refund (hours) (DB17-20 methodology),No VAT refund per case study scenario
DZA,Paying taxes,Time to comply with a corporate income tax correction (hours) (DB17-20 methodology),2
DZA,Paying taxes,Time to obtain VAT refund (weeks) (DB17-20 methodology),No VAT refund per case study scenario
DZA,Paying taxes,Total tax and contribution rate (% of profit),66.1
DZA,Registering property,Cost (% of property value),7.1
DZA,Registering property,Equal access to property rights index (-2-0) (DB17-20 methodology),0
DZA,Registering property,Geographic coverage index (0-8) (DB17-20 methodology),0
DZA,Registering property,Land dispute resolution index (0-8) (DB17-20 methodology),5
DZA,Registering property,Procedures (number),10
DZA,Registering property,Quality of land administration index (0-30) (DB17-20 methodology),7.5
DZA,Registering property,Reliability of infrastructure index (0-8) (DB17-20 methodology),1
DZA,Registering property,Time (days),55
DZA,Registering property,Transparency of information index (0-6) (DB17-20 methodology),1.5
DZA,Resolving insolvency,Commencement of proceedings index (0-3) (DB15-20 methodology),3
DZA,Resolving insolvency,Cost (% of estate),7
DZA,Resolving insolvency,Creditor participation index (0-4) (DB15-20 methodology),1
DZA,Resolving insolvency,Management of debtor's assets index (0-6) (DB15-20 methodology),2
DZA,Resolving insolvency,Outcome (0 as piecemeal sale and 1 as going concern),0
DZA,Resolving insolvency,Recovery rate (cents on the dollar),50.8
DZA,Resolving insolvency,Reorganization proceedings index (0-3) (DB15-20 methodology),1
DZA,Resolving insolvency,Strength of insolvency framework index (0-16),7
DZA,Resolving insolvency,Time (years),1.3
DZA,Starting a business,Cost - Men (% of income per capita),11.3
DZA,Starting a business,Cost - Women (% of income per capita),11.3
DZA,Starting a business,Paid-in Minimum capital (% of income per capita),0
DZA,Starting a business,Procedures - Men (number),12
DZA,Starting a business,Procedures - Women (number),12
DZA,Starting a business,Time - Men (days),18
DZA,Starting a business,Time - Women (days),18
DZA,Trading across borders,Cost to export: Border compliance (USD) (DB16-20 methodology),592.8889
DZA,Trading across borders,Cost to export: Documentary compliance (USD) (DB16-20 methodology),374.4444
DZA,Trading across borders,Cost to import: Border compliance (USD) (DB16-20 methodology),408.7778
DZA,Trading across borders,Cost to import: Documentary compliance (USD) (DB16-20 methodology),399.7778
DZA,Trading across borders,Time to export: Border compliance (hours) (DB16-20 methodology),80
DZA,Trading across borders,Time to export: Documentary compliance (hours) (DB16-20 methodology),149.1429
DZA,Trading across borders,Time to import: Border compliance (hours) (DB16-20 methodology),209.5714
DZA,Trading across borders,Time to import: Documentary compliance (hours) (DB16-20 methodology),96
ECU,Dealing with construction permits,Building quality control index (0-15) (DB16-20 methodology),8
ECU,Dealing with construction permits,Cost (% of Warehouse value),1.8
ECU,Dealing with construction permits,Liability and insurance regimes index (0-2) (DB16-20 methodology),1
ECU,Dealing with construction permits,Procedures (number),17
ECU,Dealing with construction permits,Professional certifications index (0-4) (DB16-20 methodology),2
ECU,Dealing with construction permits,Quality control after construction index (0-3) (DB16-20 methodology),3
ECU,Dealing with construction permits,Quality control before construction index (0-1) (DB16-20 methodology),1
ECU,Dealing with construction permits,Quality control during construction index (0-3) (DB16-20 methodology),0
ECU,Dealing with construction permits,Quality of building regulations index (0-2) (DB16-20 methodology),1
ECU,Dealing with construction permits,Time (days),132
ECU,Enforcing contracts,Alternative dispute resolution (0-3) (DB17-20 methodology),2.5
ECU,Enforcing contracts,Attorney fees (% of claim),15
ECU,Enforcing contracts,Case management (0-6) (DB17-20 methodology),2
ECU,Enforcing contracts,Cost (% of claim),27.2
ECU,Enforcing contracts,Court automation (0-4) (DB17-20 methodology),0
ECU,Enforcing contracts,Court fees (% of claim),5
ECU,Enforcing contracts,Court structure and proceedings (0-5) (DB17-20 methodology),2
ECU,Enforcing contracts,Enforcement fees (% of claim),7.2
ECU,Enforcing contracts,Enforcement of judgment (days),120
ECU,Enforcing contracts,Filing and service (days),38
ECU,Enforcing contracts,Quality of judicial processes index (0-18) (DB17-20 methodology),6.5
ECU,Enforcing contracts,Time (days),523
ECU,Enforcing contracts,Trial and judgment (days),365
ECU,Getting credit,Credit bureau coverage (% of adults),79.7
ECU,Getting credit,Credit registry coverage (% of adults),0
ECU,Getting credit,Depth of credit information index (0-8) (DB15-20 methodology),8
ECU,Getting credit,Getting Credit total score (DB15-20 methodology),9
ECU,Getting credit,Strength of legal rights index (0-12) (DB15-20 methodology),1
ECU,Paying taxes,Labor tax and contributions (% of profit),13.7
ECU,Paying taxes,Other taxes (% of profit),2.5
ECU,Paying taxes,Payments (number per year),8
ECU,Paying taxes,Profit tax (% of profit),18.2
ECU,Paying taxes,Time (hours per year),664
ECU,Paying taxes,Time to complete a corporate income tax correction (weeks) (DB17-20 methodology),0
ECU,Paying taxes,Time to comply with VAT refund (hours) (DB17-20 methodology),No VAT refund per case study scenario
ECU,Paying taxes,Time to comply with a corporate income tax correction (hours) (DB17-20 methodology),2.5
ECU,Paying taxes,Time to obtain VAT refund (weeks) (DB17-20 methodology),No VAT refund per case study scenario
ECU,Paying taxes,Total tax and contribution rate (% of profit),34.4
ECU,Registering property,Cost (% of property value),2.1
ECU,Registering property,Equal access to property rights index (-2-0) (DB17-20 methodology),0
ECU,Registering property,Geographic coverage index (0-8) (DB17-20 methodology),2
ECU,Registering property,Land dispute resolution index (0-8) (DB17-20 methodology),6
ECU,Registering property,Procedures (number),8
ECU,Registering property,Quality of land administration index (0-30) (DB17-20 methodology),16.5
ECU,Registering property,Reliability of infrastructure index (0-8) (DB17-20 methodology),4
ECU,Registering property,Time (days),26
ECU,Registering property,Transparency of information index (0-6) (DB17-20 methodology),4.5
ECU,Resolving insolvency,Commencement of proceedings index (0-3) (DB15-20 methodology),2
ECU,Resolving insolvency,Cost (% of estate),18
ECU,Resolving insolvency,Creditor participation index (0-4) (DB15-20 methodology),1
ECU,Resolving insolvency,Management of debtor's assets index (0-6) (DB15-20 methodology),2
ECU,Resolving insolvency,Outcome (0 as piecemeal sale and 1 as going concern),0
ECU,Resolving insolvency,Recovery rate (cents on the dollar),18.3
ECU,Resolving insolvency,Reorganization proceedings index (0-3) (DB15-20 methodology),0
ECU,Resolving insolvency,Strength of insolvency framework index (0-16),5
ECU,Resolving insolvency,Time (years),5.3
ECU,Starting a business,Cost - Men (% of income per capita),33
ECU,Starting a business,Cost - Women (% of income per capita),33
ECU,Starting a business,Paid-in Minimum capital (% of income per capita),0
ECU,Starting a business,Procedures - Men (number),11
ECU,Starting a business,Procedures - Women (number),11
ECU,Starting a business,Time - Men (days),48.5
ECU,Starting a business,Time - Women (days),48.5
ECU,Trading across borders,Cost to export: Border compliance (USD) (DB16-20 methodology),560
ECU,Trading across borders,Cost to export: Documentary compliance (USD) (DB16-20 methodology),60
ECU,Trading across borders,Cost to import: Border compliance (USD) (DB16-20 methodology),250
ECU,Trading across borders,Cost to import: Documentary compliance (USD) (DB16-20 methodology),75
ECU,Trading across borders,Time to export: Border compliance (hours) (DB16-20 methodology),96
ECU,Trading across borders,Time to export: Documentary compliance (hours) (DB16-20 methodology),24
ECU,Trading across borders,Time to import: Border compliance (hours) (DB16-20 methodology),24
ECU,Trading across borders,Time to import: Documentary compliance (hours) (DB16-20 methodology),120
EGY,Dealing with construction permits,Building quality control index (0-15) (DB16-20 methodology),14
EGY,Dealing with construction permits,Cost (% of Warehouse value),1.3
EGY,Dealing with construction permits,Liability and insurance regimes index (0-2) (DB16-20 methodology),2
EGY,Dealing with construction permits,Procedures (number),20
EGY,Dealing with construction permits,Professional certifications index (0-4) (DB16-20 methodology),4
EGY,Dealing with construction permits,Quality control after construction index (0-3) (DB16-20 methodology),3
EGY,Dealing with construction permits,Quality control before construction index (0-1) (DB16-20 methodology),1
EGY,Dealing with construction permits,Quality control during construction index (0-3) (DB16-20 methodology),2
EGY,Dealing with construction permits,Quality of building regulations index (0-2) (DB16-20 methodology),2
EGY,Dealing with construction permits,Time (days),173
EGY,Enforcing contracts,Alternative dispute resolution (0-3) (DB17-20 methodology),2
EGY,Enforcing contracts,Attorney fees (% of claim),18
EGY,Enforcing contracts,Case management (0-6) (DB17-20 methodology),0
EGY,Enforcing contracts,Cost (% of claim),26.2
EGY,Enforcing contracts,Court automation (0-4) (DB17-20 methodology),0
EGY,Enforcing contracts,Court fees (% of claim),1.3
EGY,Enforcing contracts,Court structure and proceedings (0-5) (DB17-20 methodology),2
EGY,Enforcing contracts,Enforcement fees (% of claim),6.9
EGY,Enforcing contracts,Enforcement of judgment (days),270
EGY,Enforcing contracts,Filing and service (days),20
EGY,Enforcing contracts,Quality of judicial processes index (0-18) (DB17-20 methodology),4
EGY,Enforcing contracts,Time (days),1010
EGY,Enforcing contracts,Trial and judgment (days),720
EGY,Getting credit,Credit bureau coverage (% of adults),31.3
EGY,Getting credit,Credit registry coverage (% of adults),9.5
EGY,Getting credit,Depth of credit information index (0-8) (DB15-20 methodology),8
EGY,Getting credit,Getting Credit total score (DB15-20 methodology),13
EGY,Getting credit,Strength of legal rights index (0-12) (DB15-20 methodology),5
EGY,Paying taxes,Labor tax and contributions (% of profit),25.5
EGY,Paying taxes,Other taxes (% of profit),4.4
EGY,Paying taxes,Payments (number per year),27
EGY,Paying taxes,Profit tax (% of profit),14.4
EGY,Paying taxes,Time (hours per year),370
EGY,Paying taxes,Time to complete a corporate income tax correction (weeks) (DB17-20 methodology),16.71429
EGY,Paying taxes,Time to comply with VAT refund (hours) (DB17-20 methodology),89
EGY,Paying taxes,Time to comply with a corporate income tax correction (hours) (DB17-20 methodology),24.5
EGY,Paying taxes,Time to obtain VAT refund (weeks) (DB17-20 methodology),34.45238
EGY,Paying taxes,Total tax and contribution rate (% of profit),44.4
EGY,Registering property,Cost (% of property value),1.1
EGY,Registering property,Equal access to property rights index (-2-0) (DB17-20 methodology),0
EGY,Registering property,Geographic coverage index (0-8) (DB17-20 methodology),0
EGY,Registering property,Land dispute resolution index (0-8) (DB17-20 methodology),4
EGY,Registering property,Procedures (number),9
EGY,Registering property,Quality of land administration index (0-30) (DB17-20 methodology),9
EGY,Registering property,Reliability of infrastructure index (0-8) (DB17-20 methodology),2
EGY,Registering property,Time (days),76
EGY,Registering property,Transparency of information index (0-6) (DB17-20 methodology),3
EGY,Resolving insolvency,Commencement of proceedings index (0-3) (DB15-20 methodology),2.5
EGY,Resolving insolvency,Cost (% of estate),22
EGY,Resolving insolvency,Creditor participation index (0-4) (DB15-20 methodology),2
EGY,Resolving insolvency,Management of debtor's assets index (0-6) (DB15-20 methodology),4
EGY,Resolving insolvency,Outcome (0 as piecemeal sale and 1 as going concern),0
EGY,Resolving insolvency,Recovery rate (cents on the dollar),23.3
EGY,Resolving insolvency,Reorganization proceedings index (0-3) (DB15-20 methodology),1
EGY,Resolving insolvency,Strength of insolvency framework index (0-16),9.5
EGY,Resolving insolvency,Time (years),2.5
EGY,Starting a business,Cost - Men (% of income per capita),20.3
EGY,Starting a business,Cost - Women (% of income per capita),20.3
EGY,Starting a business,Paid-in Minimum capital (% of income per capita),0
EGY,Starting a business,Procedures - Men (number),5
EGY,Starting a business,Procedures - Women (number),6
EGY,Starting a business,Time - Men (days),12
EGY,Starting a business,Time - Women (days),13
EGY,Trading across borders,Cost to export: Border compliance (USD) (DB16-20 methodology),258
EGY,Trading across borders,Cost to export: Documentary compliance (USD) (DB16-20 methodology),100
EGY,Trading across borders,Cost to import: Border compliance (USD) (DB16-20 methodology),553.6667
EGY,Trading across borders,Cost to import: Documentary compliance (USD) (DB16-20 methodology),1000
EGY,Trading across borders,Time to export: Border compliance (hours) (DB16-20 methodology),48
EGY,Trading across borders,Time to export: Documentary compliance (hours) (DB16-20 methodology),88
EGY,Trading across borders,Time to import: Border compliance (hours) (DB16-20 methodology),240
EGY,Trading across borders,Time to import: Documentary compliance (hours) (DB16-20 methodology),265
ERI,Enforcing contracts,Alternative dispute resolution (0-3) (DB17-20 methodology),1.5
ERI,Enforcing contracts,Attorney fees (% of claim),9
ERI,Enforcing contracts,Case management (0-6) (DB17-20 methodology),0
ERI,Enforcing contracts,Cost (% of claim),16.6
ERI,Enforcing contracts,Court automation (0-4) (DB17-20 methodology),0
ERI,Enforcing contracts,Court fees (% of claim),3.6
ERI,Enforcing contracts,Court structure and proceedings (0-5) (DB17-20 methodology),1.5
ERI,Enforcing contracts,Enforcement fees (% of claim),4
ERI,Enforcing contracts,Enforcement of judgment (days),180
ERI,Enforcing contracts,Filing and service (days),40
ERI,Enforcing contracts,Quality of judicial processes index (0-18) (DB17-20 methodology),3
ERI,Enforcing contracts,Time (days),490
ERI,Enforcing contracts,Trial and judgment (days),270
ERI,Getting credit,Credit bureau coverage (% of adults),0
ERI,Getting credit,Credit registry coverage (% of adults),0
ERI,Getting credit,Depth of credit information index (0-8) (DB15-20 methodology),0
ERI,Getting credit,Getting Credit total score (DB15-20 methodology),0
ERI,Getting credit,Strength of legal rights index (0-12) (DB15-20 methodology),0
ERI,Paying taxes,Labor tax and contributions (% of profit),0
ERI,Paying taxes,Other taxes (% of profit),74.6
ERI,Paying taxes,Payments (number per year),30
ERI,Paying taxes,Profit tax (% of profit),9.2
ERI,Paying taxes,Time (hours per year),216
ERI,Paying taxes,Time to complete a corporate income tax correction (weeks) (DB17-20 methodology),0
ERI,Paying taxes,Time to comply with a corporate income tax correction (hours) (DB17-20 methodology),9
ERI,Paying taxes,Total tax and contribution rate (% of profit),83.7
ERI,Registering property,Cost (% of property value),9
ERI,Registering property,Equal access to property rights index (-2-0) (DB17-20 methodology),0
ERI,Registering property,Geographic coverage index (0-8) (DB17-20 methodology),0
ERI,Registering property,Land dispute resolution index (0-8) (DB17-20 methodology),4.5
ERI,Registering property,Procedures (number),11
ERI,Registering property,Quality of land administration index (0-30) (DB17-20 methodology),6.5
ERI,Registering property,Reliability of infrastructure index (0-8) (DB17-20 methodology),2
ERI,Registering property,Time (days),78
ERI,Registering property,Transparency of information index (0-6) (DB17-20 methodology),0
ERI,Resolving insolvency,Commencement of proceedings index (0-3) (DB15-20 methodology),2
ERI,Resolving insolvency,Creditor participation index (0-4) (DB15-20 methodology),1
ERI,Resolving insolvency,Management of debtor's assets index (0-6) (DB15-20 methodology),2
ERI,Resolving insolvency,Outcome (0 as piecemeal sale and 1 as going concern),0
ERI,Resolving insolvency,Recovery rate (cents on the dollar),0
ERI,Resolving insolvency,Reorganization proceedings index (0-3) (DB15-20 methodology),0
ERI,Resolving insolvency,Strength of insolvency framework index (0-16),0
ERI,Starting a business,Cost - Men (% of income per capita),21.3
ERI,Starting a business,Cost - Women (% of income per capita),21.3
ERI,Starting a business,Paid-in Minimum capital (% of income per capita),93.6
ERI,Starting a business,Procedures - Men (number),13
ERI,Starting a business,Procedures - Women (number),13
ERI,Starting a business,Time - Men (days),84
ERI,Starting a business,Time - Women (days),84
ESP,Dealing with construction permits,Building quality control index (0-15) (DB16-20 methodology),11
ESP,Dealing with construction permits,Cost (% of Warehouse value),4.7
ESP,Dealing with construction permits,Liability and insurance regimes index (0-2) (DB16-20 methodology),1
ESP,Dealing with construction permits,Procedures (number),13
ESP,Dealing with construction permits,Professional certifications index (0-4) (DB16-20 methodology),2
ESP,Dealing with construction permits,Quality control after construction index (0-3) (DB16-20 methodology),3
ESP,Dealing with construction permits,Quality control before construction index (0-1) (DB16-20 methodology),1
ESP,Dealing with construction permits,Quality control during construction index (0-3) (DB16-20 methodology),2
ESP,Dealing with construction permits,Quality of building regulations index (0-2) (DB16-20 methodology),2
ESP,Dealing with construction permits,Time (days),147
ESP,Enforcing contracts,Alternative dispute resolution (0-3) (DB17-20 methodology),3
ESP,Enforcing contracts,Attorney fees (% of claim),12.7
ESP,Enforcing contracts,Case management (0-6) (DB17-20 methodology),2.5
ESP,Enforcing contracts,Cost (% of claim),17.2
ESP,Enforcing contracts,Court automation (0-4) (DB17-20 methodology),2.5
ESP,Enforcing contracts,Court fees (% of claim),4.5
ESP,Enforcing contracts,Court structure and proceedings (0-5) (DB17-20 methodology),3.5
ESP,Enforcing contracts,Enforcement fees (% of claim),0
ESP,Enforcing contracts,Enforcement of judgment (days),180
ESP,Enforcing contracts,Filing and service (days),50
ESP,Enforcing contracts,Quality of judicial processes index (0-18) (DB17-20 methodology),11.5
ESP,Enforcing contracts,Time (days),510
ESP,Enforcing contracts,Trial and judgment (days),280
ESP,Getting credit,Credit bureau coverage (% of adults),7.5
ESP,Getting credit,Credit registry coverage (% of adults),68.6
ESP,Getting credit,Depth of credit information index (0-8) (DB15-20 methodology),7
ESP,Getting credit,Getting Credit total score (DB15-20 methodology),12
ESP,Getting credit,Strength of legal rights index (0-12) (DB15-20 methodology),5
ESP,Paying taxes,Labor tax and contributions (% of profit),35.8
ESP,Paying taxes,Other taxes (% of profit),.7
ESP,Paying taxes,Payments (number per year),9
ESP,Paying taxes,Profit tax (% of profit),10.6
ESP,Paying taxes,Time (hours per year),143
ESP,Paying taxes,Time to complete a corporate income tax correction (weeks) (DB17-20 methodology),0
ESP,Paying taxes,Time to comply with VAT refund (hours) (DB17-20 methodology),0
ESP,Paying taxes,Time to comply with a corporate income tax correction (hours) (DB17-20 methodology),1.5
ESP,Paying taxes,Time to obtain VAT refund (weeks) (DB17-20 methodology),16.45238
ESP,Paying taxes,Total tax and contribution rate (% of profit),47
ESP,Registering property,Cost (% of property value),6.1
ESP,Registering property,Equal access to property rights index (-2-0) (DB17-20 methodology),0
ESP,Registering property,Geographic coverage index (0-8) (DB17-20 methodology),6
ESP,Registering property,Land dispute resolution index (0-8) (DB17-20 methodology),6.5
ESP,Registering property,Procedures (number),6
ESP,Registering property,Quality of land administration index (0-30) (DB17-20 methodology),22.5
ESP,Registering property,Reliability of infrastructure index (0-8) (DB17-20 methodology),7
ESP,Registering property,Time (days),13
ESP,Registering property,Transparency of information index (0-6) (DB17-20 methodology),3
ESP,Resolving insolvency,Commencement of proceedings index (0-3) (DB15-20 methodology),3
ESP,Resolving insolvency,Cost (% of estate),11
ESP,Resolving insolvency,Creditor participation index (0-4) (DB15-20 methodology),1
ESP,Resolving insolvency,Management of debtor's assets index (0-6) (DB15-20 methodology),6
ESP,Resolving insolvency,Outcome (0 as piecemeal sale and 1 as going concern),1
ESP,Resolving insolvency,Recovery rate (cents on the dollar),77.5
ESP,Resolving insolvency,Reorganization proceedings index (0-3) (DB15-20 methodology),2
ESP,Resolving insolvency,Strength of insolvency framework index (0-16),12
ESP,Resolving insolvency,Time (years),1.5
ESP,Starting a business,Cost - Men (% of income per capita),3.9
ESP,Starting a business,Cost - Women (% of income per capita),3.9
ESP,Starting a business,Paid-in Minimum capital (% of income per capita),11.6
ESP,Starting a business,Procedures - Men (number),7
ESP,Starting a business,Procedures - Women (number),7
ESP,Starting a business,Time - Men (days),12.5
ESP,Starting a business,Time - Women (days),12.5
ESP,Trading across borders,Cost to export: Border compliance (USD) (DB16-20 methodology),0
ESP,Trading across borders,Cost to export: Documentary compliance (USD) (DB16-20 methodology),0
ESP,Trading across borders,Cost to import: Border compliance (USD) (DB16-20 methodology),0
ESP,Trading across borders,Cost to import: Documentary compliance (USD) (DB16-20 methodology),0
ESP,Trading across borders,Time to export: Border compliance (hours) (DB16-20 methodology),0
ESP,Trading across borders,Time to export: Documentary compliance (hours) (DB16-20 methodology),.5
ESP,Trading across borders,Time to import: Border compliance (hours) (DB16-20 methodology),0
ESP,Trading across borders,Time to import: Documentary compliance (hours) (DB16-20 methodology),.5
EST,Dealing with construction permits,Building quality control index (0-15) (DB16-20 methodology),11
EST,Dealing with construction permits,Cost (% of Warehouse value),.2
EST,Dealing with construction permits,Liability and insurance regimes index (0-2) (DB16-20 methodology),1
EST,Dealing with construction permits,Procedures (number),10
EST,Dealing with construction permits,Professional certifications index (0-4) (DB16-20 methodology),1
EST,Dealing with construction permits,Quality control after construction index (0-3) (DB16-20 methodology),3
EST,Dealing with construction permits,Quality control before construction index (0-1) (DB16-20 methodology),1
EST,Dealing with construction permits,Quality control during construction index (0-3) (DB16-20 methodology),3
EST,Dealing with construction permits,Quality of building regulations index (0-2) (DB16-20 methodology),2
EST,Dealing with construction permits,Time (days),103
EST,Enforcing contracts,Alternative dispute resolution (0-3) (DB17-20 methodology),2.5
EST,Enforcing contracts,Attorney fees (% of claim),9
EST,Enforcing contracts,Case management (0-6) (DB17-20 methodology),3.5
EST,Enforcing contracts,Cost (% of claim),17.3
EST,Enforcing contracts,Court automation (0-4) (DB17-20 methodology),4
EST,Enforcing contracts,Court fees (% of claim),7.3
EST,Enforcing contracts,Court structure and proceedings (0-5) (DB17-20 methodology),3.5
EST,Enforcing contracts,Enforcement fees (% of claim),1
EST,Enforcing contracts,Enforcement of judgment (days),75
EST,Enforcing contracts,Filing and service (days),60
EST,Enforcing contracts,Quality of judicial processes index (0-18) (DB17-20 methodology),13.5
EST,Enforcing contracts,Time (days),455
EST,Enforcing contracts,Trial and judgment (days),320
EST,Getting credit,Credit bureau coverage (% of adults),22.9
EST,Getting credit,Credit registry coverage (% of adults),0
EST,Getting credit,Depth of credit information index (0-8) (DB15-20 methodology),7
EST,Getting credit,Getting Credit total score (DB15-20 methodology),14
EST,Getting credit,Strength of legal rights index (0-12) (DB15-20 methodology),7
EST,Paying taxes,Labor tax and contributions (% of profit),38
EST,Paying taxes,Other taxes (% of profit),2.1
EST,Paying taxes,Payments (number per year),8
EST,Paying taxes,Profit tax (% of profit),7.7
EST,Paying taxes,Time (hours per year),50
EST,Paying taxes,Time to complete a corporate income tax correction (weeks) (DB17-20 methodology),0
EST,Paying taxes,Time to comply with VAT refund (hours) (DB17-20 methodology),1.25
EST,Paying taxes,Time to comply with a corporate income tax correction (hours) (DB17-20 methodology),1.5
EST,Paying taxes,Time to obtain VAT refund (weeks) (DB17-20 methodology),2.309524
EST,Paying taxes,Total tax and contribution rate (% of profit),47.8
EST,Registering property,Cost (% of property value),.5
EST,Registering property,Equal access to property rights index (-2-0) (DB17-20 methodology),0
EST,Registering property,Geographic coverage index (0-8) (DB17-20 methodology),8
EST,Registering property,Land dispute resolution index (0-8) (DB17-20 methodology),7.5
EST,Registering property,Procedures (number),3
EST,Registering property,Quality of land administration index (0-30) (DB17-20 methodology),27.5
EST,Registering property,Reliability of infrastructure index (0-8) (DB17-20 methodology),8
EST,Registering property,Time (days),17.5
EST,Registering property,Transparency of information index (0-6) (DB17-20 methodology),4
EST,Resolving insolvency,Commencement of proceedings index (0-3) (DB15-20 methodology),2.5
EST,Resolving insolvency,Cost (% of estate),9
EST,Resolving insolvency,Creditor participation index (0-4) (DB15-20 methodology),3
EST,Resolving insolvency,Management of debtor's assets index (0-6) (DB15-20 methodology),5.5
EST,Resolving insolvency,Outcome (0 as piecemeal sale and 1 as going concern),0
EST,Resolving insolvency,Recovery rate (cents on the dollar),36.1
EST,Resolving insolvency,Reorganization proceedings index (0-3) (DB15-20 methodology),2
EST,Resolving insolvency,Strength of insolvency framework index (0-16),13
EST,Resolving insolvency,Time (years),3
EST,Starting a business,Cost - Men (% of income per capita),1
EST,Starting a business,Cost - Women (% of income per capita),1
EST,Starting a business,Paid-in Minimum capital (% of income per capita),13.1
EST,Starting a business,Procedures - Men (number),3
EST,Starting a business,Procedures - Women (number),3
EST,Starting a business,Time - Men (days),3.5
EST,Starting a business,Time - Women (days),3.5
EST,Trading across borders,Cost to export: Border compliance (USD) (DB16-20 methodology),0
EST,Trading across borders,Cost to export: Documentary compliance (USD) (DB16-20 methodology),0
EST,Trading across borders,Cost to import: Border compliance (USD) (DB16-20 methodology),0
EST,Trading across borders,Cost to import: Documentary compliance (USD) (DB16-20 methodology),0
EST,Trading across borders,Time to export: Border compliance (hours) (DB16-20 methodology),2
EST,Trading across borders,Time to export: Documentary compliance (hours) (DB16-20 methodology),.5
EST,Trading across borders,Time to import: Border compliance (hours) (DB16-20 methodology),0
EST,Trading across borders,Time to import: Documentary compliance (hours) (DB16-20 methodology),.5
ETH,Dealing with construction permits,Building quality control index (0-15) (DB16-20 methodology),11
ETH,Dealing with construction permits,Cost (% of Warehouse value),12.6
ETH,Dealing with construction permits,Liability and insurance regimes index (0-2) (DB16-20 methodology),0
ETH,Dealing with construction permits,Procedures (number),15
ETH,Dealing with construction permits,Professional certifications index (0-4) (DB16-20 methodology),4
ETH,Dealing with construction permits,Quality control after construction index (0-3) (DB16-20 methodology),2
ETH,Dealing with construction permits,Quality control before construction index (0-1) (DB16-20 methodology),1
ETH,Dealing with construction permits,Quality control during construction index (0-3) (DB16-20 methodology),2
ETH,Dealing with construction permits,Quality of building regulations index (0-2) (DB16-20 methodology),2
ETH,Dealing with construction permits,Time (days),136
ETH,Enforcing contracts,Alternative dispute resolution (0-3) (DB17-20 methodology),1.5
ETH,Enforcing contracts,Attorney fees (% of claim),10
ETH,Enforcing contracts,Case management (0-6) (DB17-20 methodology),1
ETH,Enforcing contracts,Cost (% of claim),15.2
ETH,Enforcing contracts,Court automation (0-4) (DB17-20 methodology),0
ETH,Enforcing contracts,Court fees (% of claim),4.8
ETH,Enforcing contracts,Court structure and proceedings (0-5) (DB17-20 methodology),4.5
ETH,Enforcing contracts,Enforcement fees (% of claim),.4
ETH,Enforcing contracts,Enforcement of judgment (days),210
ETH,Enforcing contracts,Filing and service (days),30
ETH,Enforcing contracts,Quality of judicial processes index (0-18) (DB17-20 methodology),7
ETH,Enforcing contracts,Time (days),530
ETH,Enforcing contracts,Trial and judgment (days),290
ETH,Getting credit,Credit bureau coverage (% of adults),0
ETH,Getting credit,Credit registry coverage (% of adults),.4
ETH,Getting credit,Depth of credit information index (0-8) (DB15-20 methodology),0
ETH,Getting credit,Getting Credit total score (DB15-20 methodology),3
ETH,Getting credit,Strength of legal rights index (0-12) (DB15-20 methodology),3
ETH,Paying taxes,Labor tax and contributions (% of profit),12.4
ETH,Paying taxes,Other taxes (% of profit),.7
ETH,Paying taxes,Payments (number per year),29
ETH,Paying taxes,Profit tax (% of profit),24.6
ETH,Paying taxes,Time (hours per year),300
ETH,Paying taxes,Time to complete a corporate income tax correction (weeks) (DB17-20 methodology),0
ETH,Paying taxes,Time to comply with VAT refund (hours) (DB17-20 methodology),47
ETH,Paying taxes,Time to comply with a corporate income tax correction (hours) (DB17-20 methodology),8
ETH,Paying taxes,Time to obtain VAT refund (weeks) (DB17-20 methodology),48.69048
ETH,Paying taxes,Total tax and contribution rate (% of profit),37.7
ETH,Registering property,Cost (% of property value),6
ETH,Registering property,Equal access to property rights index (-2-0) (DB17-20 methodology),0
ETH,Registering property,Geographic coverage index (0-8) (DB17-20 methodology),0
ETH,Registering property,Land dispute resolution index (0-8) (DB17-20 methodology),4
ETH,Registering property,Procedures (number),7
ETH,Registering property,Quality of land administration index (0-30) (DB17-20 methodology),5.5
ETH,Registering property,Reliability of infrastructure index (0-8) (DB17-20 methodology),0
ETH,Registering property,Time (days),52
ETH,Registering property,Transparency of information index (0-6) (DB17-20 methodology),1.5
ETH,Resolving insolvency,Commencement of proceedings index (0-3) (DB15-20 methodology),2
ETH,Resolving insolvency,Cost (% of estate),14.5
ETH,Resolving insolvency,Creditor participation index (0-4) (DB15-20 methodology),1
ETH,Resolving insolvency,Management of debtor's assets index (0-6) (DB15-20 methodology),2
ETH,Resolving insolvency,Outcome (0 as piecemeal sale and 1 as going concern),0
ETH,Resolving insolvency,Recovery rate (cents on the dollar),27.3
ETH,Resolving insolvency,Reorganization proceedings index (0-3) (DB15-20 methodology),0
ETH,Resolving insolvency,Strength of insolvency framework index (0-16),5
ETH,Resolving insolvency,Time (years),3
ETH,Starting a business,Cost - Men (% of income per capita),45.4
ETH,Starting a business,Cost - Women (% of income per capita),45.4
ETH,Starting a business,Paid-in Minimum capital (% of income per capita),0
ETH,Starting a business,Procedures - Men (number),11
ETH,Starting a business,Procedures - Women (number),11
ETH,Starting a business,Time - Men (days),32
ETH,Starting a business,Time - Women (days),32
ETH,Trading across borders,Cost to export: Border compliance (USD) (DB16-20 methodology),171.5
ETH,Trading across borders,Cost to export: Documentary compliance (USD) (DB16-20 methodology),175
ETH,Trading across borders,Cost to import: Border compliance (USD) (DB16-20 methodology),120
ETH,Trading across borders,Cost to import: Documentary compliance (USD) (DB16-20 methodology),750
ETH,Trading across borders,Time to export: Border compliance (hours) (DB16-20 methodology),50.91346
ETH,Trading across borders,Time to export: Documentary compliance (hours) (DB16-20 methodology),76
ETH,Trading across borders,Time to import: Border compliance (hours) (DB16-20 methodology),72.23077
ETH,Trading across borders,Time to import: Documentary compliance (hours) (DB16-20 methodology),194
FIN,Dealing with construction permits,Building quality control index (0-15) (DB16-20 methodology),10
FIN,Dealing with construction permits,Cost (% of Warehouse value),.7
FIN,Dealing with construction permits,Liability and insurance regimes index (0-2) (DB16-20 methodology),0
FIN,Dealing with construction permits,Procedures (number),17
FIN,Dealing with construction permits,Professional certifications index (0-4) (DB16-20 methodology),2
FIN,Dealing with construction permits,Quality control after construction index (0-3) (DB16-20 methodology),3
FIN,Dealing with construction permits,Quality control before construction index (0-1) (DB16-20 methodology),1
FIN,Dealing with construction permits,Quality control during construction index (0-3) (DB16-20 methodology),2
FIN,Dealing with construction permits,Quality of building regulations index (0-2) (DB16-20 methodology),2
FIN,Dealing with construction permits,Time (days),65
FIN,Enforcing contracts,Alternative dispute resolution (0-3) (DB17-20 methodology),2.5
FIN,Enforcing contracts,Attorney fees (% of claim),12.5
FIN,Enforcing contracts,Case management (0-6) (DB17-20 methodology),2
FIN,Enforcing contracts,Cost (% of claim),16.2
FIN,Enforcing contracts,Court automation (0-4) (DB17-20 methodology),2.5
FIN,Enforcing contracts,Court fees (% of claim),3.5
FIN,Enforcing contracts,Court structure and proceedings (0-5) (DB17-20 methodology),1.5
FIN,Enforcing contracts,Enforcement fees (% of claim),.2
FIN,Enforcing contracts,Enforcement of judgment (days),106
FIN,Enforcing contracts,Filing and service (days),14
FIN,Enforcing contracts,Quality of judicial processes index (0-18) (DB17-20 methodology),8.5
FIN,Enforcing contracts,Time (days),485
FIN,Enforcing contracts,Trial and judgment (days),365
FIN,Getting credit,Credit bureau coverage (% of adults),22
FIN,Getting credit,Credit registry coverage (% of adults),0
FIN,Getting credit,Depth of credit information index (0-8) (DB15-20 methodology),6
FIN,Getting credit,Getting Credit total score (DB15-20 methodology),12
FIN,Getting credit,Strength of legal rights index (0-12) (DB15-20 methodology),6
FIN,Paying taxes,Labor tax and contributions (% of profit),23
FIN,Paying taxes,Other taxes (% of profit),1.5
FIN,Paying taxes,Payments (number per year),8
FIN,Paying taxes,Profit tax (% of profit),12.1
FIN,Paying taxes,Time (hours per year),90
FIN,Paying taxes,Time to complete a corporate income tax correction (weeks) (DB17-20 methodology),0
FIN,Paying taxes,Time to comply with VAT refund (hours) (DB17-20 methodology),5
FIN,Paying taxes,Time to comply with a corporate income tax correction (hours) (DB17-20 methodology),8
FIN,Paying taxes,Time to obtain VAT refund (weeks) (DB17-20 methodology),6.166667
FIN,Paying taxes,Total tax and contribution rate (% of profit),36.6
FIN,Registering property,Cost (% of property value),4
FIN,Registering property,Equal access to property rights index (-2-0) (DB17-20 methodology),0
FIN,Registering property,Geographic coverage index (0-8) (DB17-20 methodology),8
FIN,Registering property,Land dispute resolution index (0-8) (DB17-20 methodology),7.5
FIN,Registering property,Procedures (number),3
FIN,Registering property,Quality of land administration index (0-30) (DB17-20 methodology),26.5
FIN,Registering property,Reliability of infrastructure index (0-8) (DB17-20 methodology),8
FIN,Registering property,Time (days),61.5
FIN,Registering property,Transparency of information index (0-6) (DB17-20 methodology),3
FIN,Resolving insolvency,Commencement of proceedings index (0-3) (DB15-20 methodology),3
FIN,Resolving insolvency,Cost (% of estate),3.5
FIN,Resolving insolvency,Creditor participation index (0-4) (DB15-20 methodology),3
FIN,Resolving insolvency,Management of debtor's assets index (0-6) (DB15-20 methodology),6
FIN,Resolving insolvency,Outcome (0 as piecemeal sale and 1 as going concern),1
FIN,Resolving insolvency,Recovery rate (cents on the dollar),88
FIN,Resolving insolvency,Reorganization proceedings index (0-3) (DB15-20 methodology),2.5
FIN,Resolving insolvency,Strength of insolvency framework index (0-16),14.5
FIN,Resolving insolvency,Time (years),.9
FIN,Starting a business,Cost - Men (% of income per capita),.7
FIN,Starting a business,Cost - Women (% of income per capita),.7
FIN,Starting a business,Paid-in Minimum capital (% of income per capita),5.9
FIN,Starting a business,Procedures - Men (number),3
FIN,Starting a business,Procedures - Women (number),3
FIN,Starting a business,Time - Men (days),13
FIN,Starting a business,Time - Women (days),13
FIN,Trading across borders,Cost to export: Border compliance (USD) (DB16-20 methodology),212.5
FIN,Trading across borders,Cost to export: Documentary compliance (USD) (DB16-20 methodology),70
FIN,Trading across borders,Cost to import: Border compliance (USD) (DB16-20 methodology),0
FIN,Trading across borders,Cost to import: Documentary compliance (USD) (DB16-20 methodology),0
FIN,Trading across borders,Time to export: Border compliance (hours) (DB16-20 methodology),36
FIN,Trading across borders,Time to export: Documentary compliance (hours) (DB16-20 methodology),2
FIN,Trading across borders,Time to import: Border compliance (hours) (DB16-20 methodology),2
FIN,Trading across borders,Time to import: Documentary compliance (hours) (DB16-20 methodology),.5
FJI,Dealing with construction permits,Building quality control index (0-15) (DB16-20 methodology),7
FJI,Dealing with construction permits,Cost (% of Warehouse value),.5
FJI,Dealing with construction permits,Liability and insurance regimes index (0-2) (DB16-20 methodology),1
FJI,Dealing with construction permits,Procedures (number),15
FJI,Dealing with construction permits,Professional certifications index (0-4) (DB16-20 methodology),0
FJI,Dealing with construction permits,Quality control after construction index (0-3) (DB16-20 methodology),3
FJI,Dealing with construction permits,Quality control before construction index (0-1) (DB16-20 methodology),1
FJI,Dealing with construction permits,Quality control during construction index (0-3) (DB16-20 methodology),2
FJI,Dealing with construction permits,Quality of building regulations index (0-2) (DB16-20 methodology),0
FJI,Dealing with construction permits,Time (days),141
FJI,Enforcing contracts,Alternative dispute resolution (0-3) (DB17-20 methodology),2
FJI,Enforcing contracts,Attorney fees (% of claim),28.6
FJI,Enforcing contracts,Case management (0-6) (DB17-20 methodology),2
FJI,Enforcing contracts,Cost (% of claim),42.6
FJI,Enforcing contracts,Court automation (0-4) (DB17-20 methodology),.5
FJI,Enforcing contracts,Court fees (% of claim),4
FJI,Enforcing contracts,Court structure and proceedings (0-5) (DB17-20 methodology),3
FJI,Enforcing contracts,Enforcement fees (% of claim),10
FJI,Enforcing contracts,Enforcement of judgment (days),155
FJI,Enforcing contracts,Filing and service (days),36
FJI,Enforcing contracts,Quality of judicial processes index (0-18) (DB17-20 methodology),7.5
FJI,Enforcing contracts,Time (days),397
FJI,Enforcing contracts,Trial and judgment (days),206
FJI,Getting credit,Credit bureau coverage (% of adults),0
FJI,Getting credit,Credit registry coverage (% of adults),0
FJI,Getting credit,Depth of credit information index (0-8) (DB15-20 methodology),0
FJI,Getting credit,Getting Credit total score (DB15-20 methodology),5
FJI,Getting credit,Strength of legal rights index (0-12) (DB15-20 methodology),5
FJI,Paying taxes,Labor tax and contributions (% of profit),12.4
FJI,Paying taxes,Other taxes (% of profit),.1
FJI,Paying taxes,Payments (number per year),38
FJI,Paying taxes,Profit tax (% of profit),19.6
FJI,Paying taxes,Time (hours per year),247
FJI,Paying taxes,Time to complete a corporate income tax correction (weeks) (DB17-20 methodology),0
FJI,Paying taxes,Time to comply with VAT refund (hours) (DB17-20 methodology),12
FJI,Paying taxes,Time to comply with a corporate income tax correction (hours) (DB17-20 methodology),12
FJI,Paying taxes,Time to obtain VAT refund (weeks) (DB17-20 methodology),18.88095
FJI,Paying taxes,Total tax and contribution rate (% of profit),32.1
FJI,Registering property,Cost (% of property value),3
FJI,Registering property,Equal access to property rights index (-2-0) (DB17-20 methodology),0
FJI,Registering property,Geographic coverage index (0-8) (DB17-20 methodology),8
FJI,Registering property,Land dispute resolution index (0-8) (DB17-20 methodology),6
FJI,Registering property,Procedures (number),4
FJI,Registering property,Quality of land administration index (0-30) (DB17-20 methodology),19.5
FJI,Registering property,Reliability of infrastructure index (0-8) (DB17-20 methodology),4
FJI,Registering property,Time (days),69
FJI,Registering property,Transparency of information index (0-6) (DB17-20 methodology),1.5
FJI,Resolving insolvency,Commencement of proceedings index (0-3) (DB15-20 methodology),2
FJI,Resolving insolvency,Cost (% of estate),10
FJI,Resolving insolvency,Creditor participation index (0-4) (DB15-20 methodology),2
FJI,Resolving insolvency,Management of debtor's assets index (0-6) (DB15-20 methodology),2
FJI,Resolving insolvency,Outcome (0 as piecemeal sale and 1 as going concern),0
FJI,Resolving insolvency,Recovery rate (cents on the dollar),46.5
FJI,Resolving insolvency,Reorganization proceedings index (0-3) (DB15-20 methodology),0
FJI,Resolving insolvency,Strength of insolvency framework index (0-16),6
FJI,Resolving insolvency,Time (years),1.8
FJI,Starting a business,Cost - Men (% of income per capita),14.5
FJI,Starting a business,Cost - Women (% of income per capita),14.5
FJI,Starting a business,Paid-in Minimum capital (% of income per capita),0
FJI,Starting a business,Procedures - Men (number),11
FJI,Starting a business,Procedures - Women (number),11
FJI,Starting a business,Time - Men (days),40
FJI,Starting a business,Time - Women (days),40
FJI,Trading across borders,Cost to export: Border compliance (USD) (DB16-20 methodology),316.6667
FJI,Trading across borders,Cost to export: Documentary compliance (USD) (DB16-20 methodology),76
FJI,Trading across borders,Cost to import: Border compliance (USD) (DB16-20 methodology),319.8333
FJI,Trading across borders,Cost to import: Documentary compliance (USD) (DB16-20 methodology),57.5
FJI,Trading across borders,Time to export: Border compliance (hours) (DB16-20 methodology),56
FJI,Trading across borders,Time to export: Documentary compliance (hours) (DB16-20 methodology),56.33333
FJI,Trading across borders,Time to import: Border compliance (hours) (DB16-20 methodology),34.75
FJI,Trading across borders,Time to import: Documentary compliance (hours) (DB16-20 methodology),33.75
FRA,Dealing with construction permits,Building quality control index (0-15) (DB16-20 methodology),13
FRA,Dealing with construction permits,Cost (% of Warehouse value),3.9
FRA,Dealing with construction permits,Liability and insurance regimes index (0-2) (DB16-20 methodology),2
FRA,Dealing with construction permits,Procedures (number),9
FRA,Dealing with construction permits,Professional certifications index (0-4) (DB16-20 methodology),3
FRA,Dealing with construction permits,Quality control after construction index (0-3) (DB16-20 methodology),2
FRA,Dealing with construction permits,Quality control before construction index (0-1) (DB16-20 methodology),1
FRA,Dealing with construction permits,Quality control during construction index (0-3) (DB16-20 methodology),3
FRA,Dealing with construction permits,Quality of building regulations index (0-2) (DB16-20 methodology),2
FRA,Dealing with construction permits,Time (days),213
FRA,Enforcing contracts,Alternative dispute resolution (0-3) (DB17-20 methodology),2.5
FRA,Enforcing contracts,Attorney fees (% of claim),10.7
FRA,Enforcing contracts,Case management (0-6) (DB17-20 methodology),3
FRA,Enforcing contracts,Cost (% of claim),17.4
FRA,Enforcing contracts,Court automation (0-4) (DB17-20 methodology),2
FRA,Enforcing contracts,Court fees (% of claim),2.7
FRA,Enforcing contracts,Court structure and proceedings (0-5) (DB17-20 methodology),4.5
FRA,Enforcing contracts,Enforcement fees (% of claim),4
FRA,Enforcing contracts,Enforcement of judgment (days),100
FRA,Enforcing contracts,Filing and service (days),22
FRA,Enforcing contracts,Quality of judicial processes index (0-18) (DB17-20 methodology),12
FRA,Enforcing contracts,Time (days),447
FRA,Enforcing contracts,Trial and judgment (days),325
FRA,Getting credit,Credit bureau coverage (% of adults),0
FRA,Getting credit,Credit registry coverage (% of adults),47
FRA,Getting credit,Depth of credit information index (0-8) (DB15-20 methodology),6
FRA,Getting credit,Getting Credit total score (DB15-20 methodology),10
FRA,Getting credit,Strength of legal rights index (0-12) (DB15-20 methodology),4
FRA,Paying taxes,Labor tax and contributions (% of profit),50
FRA,Paying taxes,Other taxes (% of profit),10.5
FRA,Paying taxes,Payments (number per year),9
FRA,Paying taxes,Profit tax (% of profit),.2
FRA,Paying taxes,Time (hours per year),139
FRA,Paying taxes,Time to complete a corporate income tax correction (weeks) (DB17-20 methodology),0
FRA,Paying taxes,Time to comply with VAT refund (hours) (DB17-20 methodology),10.5
FRA,Paying taxes,Time to comply with a corporate income tax correction (hours) (DB17-20 methodology),3.5
FRA,Paying taxes,Time to obtain VAT refund (weeks) (DB17-20 methodology),6.166667
FRA,Paying taxes,Total tax and contribution rate (% of profit),60.7
FRA,Registering property,Cost (% of property value),7.3
FRA,Registering property,Equal access to property rights index (-2-0) (DB17-20 methodology),0
FRA,Registering property,Geographic coverage index (0-8) (DB17-20 methodology),8
FRA,Registering property,Land dispute resolution index (0-8) (DB17-20 methodology),6
FRA,Registering property,Procedures (number),8
FRA,Registering property,Quality of land administration index (0-30) (DB17-20 methodology),24
FRA,Registering property,Reliability of infrastructure index (0-8) (DB17-20 methodology),7
FRA,Registering property,Time (days),42
FRA,Registering property,Transparency of information index (0-6) (DB17-20 methodology),3
FRA,Resolving insolvency,Commencement of proceedings index (0-3) (DB15-20 methodology),3
FRA,Resolving insolvency,Cost (% of estate),9
FRA,Resolving insolvency,Creditor participation index (0-4) (DB15-20 methodology),1
FRA,Resolving insolvency,Management of debtor's assets index (0-6) (DB15-20 methodology),6
FRA,Resolving insolvency,Outcome (0 as piecemeal sale and 1 as going concern),1
FRA,Resolving insolvency,Recovery rate (cents on the dollar),74.8
FRA,Resolving insolvency,Reorganization proceedings index (0-3) (DB15-20 methodology),1
FRA,Resolving insolvency,Strength of insolvency framework index (0-16),11
FRA,Resolving insolvency,Time (years),1.9
FRA,Starting a business,Cost - Men (% of income per capita),.7
FRA,Starting a business,Cost - Women (% of income per capita),.7
FRA,Starting a business,Paid-in Minimum capital (% of income per capita),0
FRA,Starting a business,Procedures - Men (number),5
FRA,Starting a business,Procedures - Women (number),5
FRA,Starting a business,Time - Men (days),4
FRA,Starting a business,Time - Women (days),4
FRA,Trading across borders,Cost to export: Border compliance (USD) (DB16-20 methodology),0
FRA,Trading across borders,Cost to export: Documentary compliance (USD) (DB16-20 methodology),0
FRA,Trading across borders,Cost to import: Border compliance (USD) (DB16-20 methodology),0
FRA,Trading across borders,Cost to import: Documentary compliance (USD) (DB16-20 methodology),0
FRA,Trading across borders,Time to export: Border compliance (hours) (DB16-20 methodology),0
FRA,Trading across borders,Time to export: Documentary compliance (hours) (DB16-20 methodology),.5
FRA,Trading across borders,Time to import: Border compliance (hours) (DB16-20 methodology),0
FRA,Trading across borders,Time to import: Documentary compliance (hours) (DB16-20 methodology),.5
FSM,Dealing with construction permits,Building quality control index (0-15) (DB16-20 methodology),0
FSM,Dealing with construction permits,Cost (% of Warehouse value),.6
FSM,Dealing with construction permits,Liability and insurance regimes index (0-2) (DB16-20 methodology),0
FSM,Dealing with construction permits,Procedures (number),14
FSM,Dealing with construction permits,Professional certifications index (0-4) (DB16-20 methodology),0
FSM,Dealing with construction permits,Quality control after construction index (0-3) (DB16-20 methodology),0
FSM,Dealing with construction permits,Quality control before construction index (0-1) (DB16-20 methodology),0
FSM,Dealing with construction permits,Quality control during construction index (0-3) (DB16-20 methodology),0
FSM,Dealing with construction permits,Quality of building regulations index (0-2) (DB16-20 methodology),0
FSM,Dealing with construction permits,Time (days),85
FSM,Enforcing contracts,Alternative dispute resolution (0-3) (DB17-20 methodology),2
FSM,Enforcing contracts,Attorney fees (% of claim),65.2
FSM,Enforcing contracts,Case management (0-6) (DB17-20 methodology),1
FSM,Enforcing contracts,Cost (% of claim),66
FSM,Enforcing contracts,Court automation (0-4) (DB17-20 methodology),.5
FSM,Enforcing contracts,Court fees (% of claim),.8
FSM,Enforcing contracts,Court structure and proceedings (0-5) (DB17-20 methodology),1
FSM,Enforcing contracts,Enforcement fees (% of claim),0
FSM,Enforcing contracts,Enforcement of judgment (days),400
FSM,Enforcing contracts,Filing and service (days),120
FSM,Enforcing contracts,Quality of judicial processes index (0-18) (DB17-20 methodology),4.5
FSM,Enforcing contracts,Time (days),885
FSM,Enforcing contracts,Trial and judgment (days),365
FSM,Getting credit,Credit bureau coverage (% of adults),0
FSM,Getting credit,Credit registry coverage (% of adults),0
FSM,Getting credit,Depth of credit information index (0-8) (DB15-20 methodology),0
FSM,Getting credit,Getting Credit total score (DB15-20 methodology),10
FSM,Getting credit,Strength of legal rights index (0-12) (DB15-20 methodology),10
FSM,Paying taxes,Labor tax and contributions (% of profit),8.5
FSM,Paying taxes,Other taxes (% of profit),52.1
FSM,Paying taxes,Payments (number per year),21
FSM,Paying taxes,Profit tax (% of profit),0
FSM,Paying taxes,Time (hours per year),128
FSM,Paying taxes,Time to complete a corporate income tax correction (weeks) (DB17-20 methodology),No corporate income tax
FSM,Paying taxes,Time to comply with a corporate income tax correction (hours) (DB17-20 methodology),No corporate income tax
FSM,Paying taxes,Total tax and contribution rate (% of profit),60.5
FSM,Resolving insolvency,Commencement of proceedings index (0-3) (DB15-20 methodology),2.5
FSM,Resolving insolvency,Cost (% of estate),38
FSM,Resolving insolvency,Creditor participation index (0-4) (DB15-20 methodology),0
FSM,Resolving insolvency,Management of debtor's assets index (0-6) (DB15-20 methodology),6
FSM,Resolving insolvency,Outcome (0 as piecemeal sale and 1 as going concern),0
FSM,Resolving insolvency,Recovery rate (cents on the dollar),3.4
FSM,Resolving insolvency,Reorganization proceedings index (0-3) (DB15-20 methodology),3
FSM,Resolving insolvency,Strength of insolvency framework index (0-16),11.5
FSM,Resolving insolvency,Time (years),5.3
FSM,Starting a business,Cost - Men (% of income per capita),141.4
FSM,Starting a business,Cost - Women (% of income per capita),141.4
FSM,Starting a business,Paid-in Minimum capital (% of income per capita),0
FSM,Starting a business,Procedures - Men (number),7
FSM,Starting a business,Procedures - Women (number),7
FSM,Starting a business,Time - Men (days),16
FSM,Starting a business,Time - Women (days),16
FSM,Trading across borders,Cost to export: Border compliance (USD) (DB16-20 methodology),168
FSM,Trading across borders,Cost to export: Documentary compliance (USD) (DB16-20 methodology),60
FSM,Trading across borders,Cost to import: Border compliance (USD) (DB16-20 methodology),180
FSM,Trading across borders,Cost to import: Documentary compliance (USD) (DB16-20 methodology),80
FSM,Trading across borders,Time to export: Border compliance (hours) (DB16-20 methodology),36
FSM,Trading across borders,Time to export: Documentary compliance (hours) (DB16-20 methodology),26
FSM,Trading across borders,Time to import: Border compliance (hours) (DB16-20 methodology),56
FSM,Trading across borders,Time to import: Documentary compliance (hours) (DB16-20 methodology),35
GAB,Dealing with construction permits,Building quality control index (0-15) (DB16-20 methodology),7.5
GAB,Dealing with construction permits,Cost (% of Warehouse value),1.4
GAB,Dealing with construction permits,Liability and insurance regimes index (0-2) (DB16-20 methodology),.5
GAB,Dealing with construction permits,Procedures (number),13
GAB,Dealing with construction permits,Professional certifications index (0-4) (DB16-20 methodology),2
GAB,Dealing with construction permits,Quality control after construction index (0-3) (DB16-20 methodology),2
GAB,Dealing with construction permits,Quality control before construction index (0-1) (DB16-20 methodology),1
GAB,Dealing with construction permits,Quality control during construction index (0-3) (DB16-20 methodology),0
GAB,Dealing with construction permits,Quality of building regulations index (0-2) (DB16-20 methodology),2
GAB,Dealing with construction permits,Time (days),275
GAB,Enforcing contracts,Alternative dispute resolution (0-3) (DB17-20 methodology),2.5
GAB,Enforcing contracts,Attorney fees (% of claim),16.2
GAB,Enforcing contracts,Case management (0-6) (DB17-20 methodology),0
GAB,Enforcing contracts,Cost (% of claim),34.3
GAB,Enforcing contracts,Court automation (0-4) (DB17-20 methodology),0
GAB,Enforcing contracts,Court fees (% of claim),4.1
GAB,Enforcing contracts,Court structure and proceedings (0-5) (DB17-20 methodology),1.5
GAB,Enforcing contracts,Enforcement fees (% of claim),14
GAB,Enforcing contracts,Enforcement of judgment (days),320
GAB,Enforcing contracts,Filing and service (days),30
GAB,Enforcing contracts,Quality of judicial processes index (0-18) (DB17-20 methodology),4
GAB,Enforcing contracts,Time (days),1160
GAB,Enforcing contracts,Trial and judgment (days),810
GAB,Getting credit,Credit bureau coverage (% of adults),0
GAB,Getting credit,Credit registry coverage (% of adults),28.5
GAB,Getting credit,Depth of credit information index (0-8) (DB15-20 methodology),2
GAB,Getting credit,Getting Credit total score (DB15-20 methodology),8
GAB,Getting credit,Strength of legal rights index (0-12) (DB15-20 methodology),6
GAB,Paying taxes,Labor tax and contributions (% of profit),25.5
GAB,Paying taxes,Other taxes (% of profit),1.4
GAB,Paying taxes,Payments (number per year),50
GAB,Paying taxes,Profit tax (% of profit),20.3
GAB,Paying taxes,Time (hours per year),632
GAB,Paying taxes,Time to complete a corporate income tax correction (weeks) (DB17-20 methodology),46.57143
GAB,Paying taxes,Time to comply with VAT refund (hours) (DB17-20 methodology),14.5
GAB,Paying taxes,Time to comply with a corporate income tax correction (hours) (DB17-20 methodology),13.5
GAB,Paying taxes,Time to obtain VAT refund (weeks) (DB17-20 methodology),44.16667
GAB,Paying taxes,Total tax and contribution rate (% of profit),47.1
GAB,Registering property,Cost (% of property value),11.5
GAB,Registering property,Equal access to property rights index (-2-0) (DB17-20 methodology),-1
GAB,Registering property,Geographic coverage index (0-8) (DB17-20 methodology),0
GAB,Registering property,Land dispute resolution index (0-8) (DB17-20 methodology),4.5
GAB,Registering property,Procedures (number),6
GAB,Registering property,Quality of land administration index (0-30) (DB17-20 methodology),5
GAB,Registering property,Reliability of infrastructure index (0-8) (DB17-20 methodology),0
GAB,Registering property,Time (days),72
GAB,Registering property,Transparency of information index (0-6) (DB17-20 methodology),1.5
GAB,Resolving insolvency,Commencement of proceedings index (0-3) (DB15-20 methodology),2
GAB,Resolving insolvency,Cost (% of estate),14.5
GAB,Resolving insolvency,Creditor participation index (0-4) (DB15-20 methodology),1
GAB,Resolving insolvency,Management of debtor's assets index (0-6) (DB15-20 methodology),5.5
GAB,Resolving insolvency,Outcome (0 as piecemeal sale and 1 as going concern),0
GAB,Resolving insolvency,Recovery rate (cents on the dollar),14.5
GAB,Resolving insolvency,Reorganization proceedings index (0-3) (DB15-20 methodology),.5
GAB,Resolving insolvency,Strength of insolvency framework index (0-16),9
GAB,Resolving insolvency,Time (years),5
GAB,Starting a business,Cost - Men (% of income per capita),13.3
GAB,Starting a business,Cost - Women (% of income per capita),13.3
GAB,Starting a business,Paid-in Minimum capital (% of income per capita),2.4
GAB,Starting a business,Procedures - Men (number),7
GAB,Starting a business,Procedures - Women (number),7
GAB,Starting a business,Time - Men (days),10
GAB,Starting a business,Time - Women (days),10
GAB,Trading across borders,Cost to export: Border compliance (USD) (DB16-20 methodology),1633
GAB,Trading across borders,Cost to export: Documentary compliance (USD) (DB16-20 methodology),200
GAB,Trading across borders,Cost to import: Border compliance (USD) (DB16-20 methodology),1320
GAB,Trading across borders,Cost to import: Documentary compliance (USD) (DB16-20 methodology),170
GAB,Trading across borders,Time to export: Border compliance (hours) (DB16-20 methodology),96
GAB,Trading across borders,Time to export: Documentary compliance (hours) (DB16-20 methodology),60
GAB,Trading across borders,Time to import: Border compliance (hours) (DB16-20 methodology),84
GAB,Trading across borders,Time to import: Documentary compliance (hours) (DB16-20 methodology),120
GBR,Dealing with construction permits,Building quality control index (0-15) (DB16-20 methodology),9
GBR,Dealing with construction permits,Cost (% of Warehouse value),1.1
GBR,Dealing with construction permits,Liability and insurance regimes index (0-2) (DB16-20 methodology),0
GBR,Dealing with construction permits,Procedures (number),9
GBR,Dealing with construction permits,Professional certifications index (0-4) (DB16-20 methodology),0
GBR,Dealing with construction permits,Quality control after construction index (0-3) (DB16-20 methodology),3
GBR,Dealing with construction permits,Quality control before construction index (0-1) (DB16-20 methodology),1
GBR,Dealing with construction permits,Quality control during construction index (0-3) (DB16-20 methodology),3
GBR,Dealing with construction permits,Quality of building regulations index (0-2) (DB16-20 methodology),2
GBR,Dealing with construction permits,Time (days),86
GBR,Enforcing contracts,Alternative dispute resolution (0-3) (DB17-20 methodology),2
GBR,Enforcing contracts,Attorney fees (% of claim),35
GBR,Enforcing contracts,Case management (0-6) (DB17-20 methodology),5
GBR,Enforcing contracts,Cost (% of claim),45.7
GBR,Enforcing contracts,Court automation (0-4) (DB17-20 methodology),3.5
GBR,Enforcing contracts,Court fees (% of claim),9.5
GBR,Enforcing contracts,Court structure and proceedings (0-5) (DB17-20 methodology),4.5
GBR,Enforcing contracts,Enforcement fees (% of claim),1.2
GBR,Enforcing contracts,Enforcement of judgment (days),62
GBR,Enforcing contracts,Filing and service (days),30
GBR,Enforcing contracts,Quality of judicial processes index (0-18) (DB17-20 methodology),15
GBR,Enforcing contracts,Time (days),437
GBR,Enforcing contracts,Trial and judgment (days),345
GBR,Getting credit,Credit bureau coverage (% of adults),100
GBR,Getting credit,Credit registry coverage (% of adults),0
GBR,Getting credit,Depth of credit information index (0-8) (DB15-20 methodology),8
GBR,Getting credit,Getting Credit total score (DB15-20 methodology),15
GBR,Getting credit,Strength of legal rights index (0-12) (DB15-20 methodology),7
GBR,Paying taxes,Labor tax and contributions (% of profit),12
GBR,Paying taxes,Other taxes (% of profit),2
GBR,Paying taxes,Payments (number per year),9
GBR,Paying taxes,Profit tax (% of profit),16.6
GBR,Paying taxes,Time (hours per year),114
GBR,Paying taxes,Time to complete a corporate income tax correction (weeks) (DB17-20 methodology),34
GBR,Paying taxes,Time to comply with VAT refund (hours) (DB17-20 methodology),0
GBR,Paying taxes,Time to comply with a corporate income tax correction (hours) (DB17-20 methodology),6
GBR,Paying taxes,Time to obtain VAT refund (weeks) (DB17-20 methodology),7.214286
GBR,Paying taxes,Total tax and contribution rate (% of profit),30.6
GBR,Registering property,Cost (% of property value),4.8
GBR,Registering property,Equal access to property rights index (-2-0) (DB17-20 methodology),0
GBR,Registering property,Geographic coverage index (0-8) (DB17-20 methodology),4
GBR,Registering property,Land dispute resolution index (0-8) (DB17-20 methodology),8
GBR,Registering property,Procedures (number),6
GBR,Registering property,Quality of land administration index (0-30) (DB17-20 methodology),26
GBR,Registering property,Reliability of infrastructure index (0-8) (DB17-20 methodology),8
GBR,Registering property,Time (days),21.5
GBR,Registering property,Transparency of information index (0-6) (DB17-20 methodology),6
GBR,Resolving insolvency,Commencement of proceedings index (0-3) (DB15-20 methodology),3
GBR,Resolving insolvency,Cost (% of estate),6
GBR,Resolving insolvency,Creditor participation index (0-4) (DB15-20 methodology),2
GBR,Resolving insolvency,Management of debtor's assets index (0-6) (DB15-20 methodology),5
GBR,Resolving insolvency,Outcome (0 as piecemeal sale and 1 as going concern),1
GBR,Resolving insolvency,Recovery rate (cents on the dollar),85.4
GBR,Resolving insolvency,Reorganization proceedings index (0-3) (DB15-20 methodology),1
GBR,Resolving insolvency,Strength of insolvency framework index (0-16),11
GBR,Resolving insolvency,Time (years),1
GBR,Starting a business,Cost - Men (% of income per capita),0
GBR,Starting a business,Cost - Women (% of income per capita),0
GBR,Starting a business,Paid-in Minimum capital (% of income per capita),0
GBR,Starting a business,Procedures - Men (number),4
GBR,Starting a business,Procedures - Women (number),4
GBR,Starting a business,Time - Men (days),4.5
GBR,Starting a business,Time - Women (days),4.5
GBR,Trading across borders,Cost to export: Border compliance (USD) (DB16-20 methodology),280
GBR,Trading across borders,Cost to export: Documentary compliance (USD) (DB16-20 methodology),25
GBR,Trading across borders,Cost to import: Border compliance (USD) (DB16-20 methodology),0
GBR,Trading across borders,Cost to import: Documentary compliance (USD) (DB16-20 methodology),0
GBR,Trading across borders,Time to export: Border compliance (hours) (DB16-20 methodology),24
GBR,Trading across borders,Time to export: Documentary compliance (hours) (DB16-20 methodology),4
GBR,Trading across borders,Time to import: Border compliance (hours) (DB16-20 methodology),3
GBR,Trading across borders,Time to import: Documentary compliance (hours) (DB16-20 methodology),1.666667
GEO,Dealing with construction permits,Building quality control index (0-15) (DB16-20 methodology),9
GEO,Dealing with construction permits,Cost (% of Warehouse value),.3
GEO,Dealing with construction permits,Liability and insurance regimes index (0-2) (DB16-20 methodology),1
GEO,Dealing with construction permits,Procedures (number),11
GEO,Dealing with construction permits,Professional certifications index (0-4) (DB16-20 methodology),0
GEO,Dealing with construction permits,Quality control after construction index (0-3) (DB16-20 methodology),3
GEO,Dealing with construction permits,Quality control before construction index (0-1) (DB16-20 methodology),1
GEO,Dealing with construction permits,Quality control during construction index (0-3) (DB16-20 methodology),2
GEO,Dealing with construction permits,Quality of building regulations index (0-2) (DB16-20 methodology),2
GEO,Dealing with construction permits,Time (days),63
GEO,Enforcing contracts,Alternative dispute resolution (0-3) (DB17-20 methodology),2.5
GEO,Enforcing contracts,Attorney fees (% of claim),18
GEO,Enforcing contracts,Case management (0-6) (DB17-20 methodology),3.5
GEO,Enforcing contracts,Cost (% of claim),25
GEO,Enforcing contracts,Court automation (0-4) (DB17-20 methodology),2.5
GEO,Enforcing contracts,Court fees (% of claim),5
GEO,Enforcing contracts,Court structure and proceedings (0-5) (DB17-20 methodology),3.5
GEO,Enforcing contracts,Enforcement fees (% of claim),2
GEO,Enforcing contracts,Enforcement of judgment (days),150
GEO,Enforcing contracts,Filing and service (days),35
GEO,Enforcing contracts,Quality of judicial processes index (0-18) (DB17-20 methodology),12
GEO,Enforcing contracts,Time (days),285
GEO,Enforcing contracts,Trial and judgment (days),100
GEO,Getting credit,Credit bureau coverage (% of adults),100
GEO,Getting credit,Credit registry coverage (% of adults),0
GEO,Getting credit,Depth of credit information index (0-8) (DB15-20 methodology),8
GEO,Getting credit,Getting Credit total score (DB15-20 methodology),17
GEO,Getting credit,Strength of legal rights index (0-12) (DB15-20 methodology),9
GEO,Paying taxes,Labor tax and contributions (% of profit),0
GEO,Paying taxes,Other taxes (% of profit),2.1
GEO,Paying taxes,Payments (number per year),5
GEO,Paying taxes,Profit tax (% of profit),7.8
GEO,Paying taxes,Time (hours per year),216
GEO,Paying taxes,Time to complete a corporate income tax correction (weeks) (DB17-20 methodology),0
GEO,Paying taxes,Time to comply with VAT refund (hours) (DB17-20 methodology),21.5
GEO,Paying taxes,Time to comply with a corporate income tax correction (hours) (DB17-20 methodology),1
GEO,Paying taxes,Time to obtain VAT refund (weeks) (DB17-20 methodology),10.16667
GEO,Paying taxes,Total tax and contribution rate (% of profit),9.9
GEO,Registering property,Cost (% of property value),0
GEO,Registering property,Equal access to property rights index (-2-0) (DB17-20 methodology),0
GEO,Registering property,Geographic coverage index (0-8) (DB17-20 methodology),2
GEO,Registering property,Land dispute resolution index (0-8) (DB17-20 methodology),7
GEO,Registering property,Procedures (number),1
GEO,Registering property,Quality of land administration index (0-30) (DB17-20 methodology),21.5
GEO,Registering property,Reliability of infrastructure index (0-8) (DB17-20 methodology),8
GEO,Registering property,Time (days),1
GEO,Registering property,Transparency of information index (0-6) (DB17-20 methodology),4.5
GEO,Resolving insolvency,Commencement of proceedings index (0-3) (DB15-20 methodology),2.5
GEO,Resolving insolvency,Cost (% of estate),10
GEO,Resolving insolvency,Creditor participation index (0-4) (DB15-20 methodology),3
GEO,Resolving insolvency,Management of debtor's assets index (0-6) (DB15-20 methodology),5.5
GEO,Resolving insolvency,Outcome (0 as piecemeal sale and 1 as going concern),0
GEO,Resolving insolvency,Recovery rate (cents on the dollar),40.5
GEO,Resolving insolvency,Reorganization proceedings index (0-3) (DB15-20 methodology),0
GEO,Resolving insolvency,Strength of insolvency framework index (0-16),11
GEO,Resolving insolvency,Time (years),2
GEO,Starting a business,Cost - Men (% of income per capita),2.1
GEO,Starting a business,Cost - Women (% of income per capita),2.1
GEO,Starting a business,Paid-in Minimum capital (% of income per capita),0
GEO,Starting a business,Procedures - Men (number),1
GEO,Starting a business,Procedures - Women (number),1
GEO,Starting a business,Time - Men (days),1
GEO,Starting a business,Time - Women (days),1
GEO,Trading across borders,Cost to export: Border compliance (USD) (DB16-20 methodology),112
GEO,Trading across borders,Cost to export: Documentary compliance (USD) (DB16-20 methodology),0
GEO,Trading across borders,Cost to import: Border compliance (USD) (DB16-20 methodology),396.4286
GEO,Trading across borders,Cost to import: Documentary compliance (USD) (DB16-20 methodology),189
GEO,Trading across borders,Time to export: Border compliance (hours) (DB16-20 methodology),6
GEO,Trading across borders,Time to export: Documentary compliance (hours) (DB16-20 methodology),1.5
GEO,Trading across borders,Time to import: Border compliance (hours) (DB16-20 methodology),15
GEO,Trading across borders,Time to import: Documentary compliance (hours) (DB16-20 methodology),2
GHA,Dealing with construction permits,Building quality control index (0-15) (DB16-20 methodology),11
GHA,Dealing with construction permits,Cost (% of Warehouse value),3.5
GHA,Dealing with construction permits,Liability and insurance regimes index (0-2) (DB16-20 methodology),1
GHA,Dealing with construction permits,Procedures (number),16
GHA,Dealing with construction permits,Professional certifications index (0-4) (DB16-20 methodology),3
GHA,Dealing with construction permits,Quality control after construction index (0-3) (DB16-20 methodology),2
GHA,Dealing with construction permits,Quality control before construction index (0-1) (DB16-20 methodology),1
GHA,Dealing with construction permits,Quality control during construction index (0-3) (DB16-20 methodology),2
GHA,Dealing with construction permits,Quality of building regulations index (0-2) (DB16-20 methodology),2
GHA,Dealing with construction permits,Time (days),170
GHA,Enforcing contracts,Alternative dispute resolution (0-3) (DB17-20 methodology),2.5
GHA,Enforcing contracts,Attorney fees (% of claim),10
GHA,Enforcing contracts,Case management (0-6) (DB17-20 methodology),1
GHA,Enforcing contracts,Cost (% of claim),23
GHA,Enforcing contracts,Court automation (0-4) (DB17-20 methodology),0
GHA,Enforcing contracts,Court fees (% of claim),3
GHA,Enforcing contracts,Court structure and proceedings (0-5) (DB17-20 methodology),3
GHA,Enforcing contracts,Enforcement fees (% of claim),10
GHA,Enforcing contracts,Enforcement of judgment (days),330
GHA,Enforcing contracts,Filing and service (days),15
GHA,Enforcing contracts,Quality of judicial processes index (0-18) (DB17-20 methodology),6.5
GHA,Enforcing contracts,Time (days),710
GHA,Enforcing contracts,Trial and judgment (days),365
GHA,Getting credit,Credit bureau coverage (% of adults),33.2
GHA,Getting credit,Credit registry coverage (% of adults),0
GHA,Getting credit,Depth of credit information index (0-8) (DB15-20 methodology),6
GHA,Getting credit,Getting Credit total score (DB15-20 methodology),12
GHA,Getting credit,Strength of legal rights index (0-12) (DB15-20 methodology),6
GHA,Paying taxes,Labor tax and contributions (% of profit),14.7
GHA,Paying taxes,Other taxes (% of profit),30.7
GHA,Paying taxes,Payments (number per year),36
GHA,Paying taxes,Profit tax (% of profit),10
GHA,Paying taxes,Time (hours per year),226
GHA,Paying taxes,Time to complete a corporate income tax correction (weeks) (DB17-20 methodology),0
GHA,Paying taxes,Time to comply with VAT refund (hours) (DB17-20 methodology),No VAT refund per case study scenario
GHA,Paying taxes,Time to comply with a corporate income tax correction (hours) (DB17-20 methodology),2.5
GHA,Paying taxes,Time to obtain VAT refund (weeks) (DB17-20 methodology),No VAT refund per case study scenario
GHA,Paying taxes,Total tax and contribution rate (% of profit),55.4
GHA,Registering property,Cost (% of property value),6.1
GHA,Registering property,Equal access to property rights index (-2-0) (DB17-20 methodology),0
GHA,Registering property,Geographic coverage index (0-8) (DB17-20 methodology),0
GHA,Registering property,Land dispute resolution index (0-8) (DB17-20 methodology),4
GHA,Registering property,Procedures (number),5
GHA,Registering property,Quality of land administration index (0-30) (DB17-20 methodology),8
GHA,Registering property,Reliability of infrastructure index (0-8) (DB17-20 methodology),1
GHA,Registering property,Time (days),33
GHA,Registering property,Transparency of information index (0-6) (DB17-20 methodology),3
GHA,Resolving insolvency,Commencement of proceedings index (0-3) (DB15-20 methodology),2
GHA,Resolving insolvency,Cost (% of estate),22
GHA,Resolving insolvency,Creditor participation index (0-4) (DB15-20 methodology),0
GHA,Resolving insolvency,Management of debtor's assets index (0-6) (DB15-20 methodology),2
GHA,Resolving insolvency,Outcome (0 as piecemeal sale and 1 as going concern),0
GHA,Resolving insolvency,Recovery rate (cents on the dollar),24
GHA,Resolving insolvency,Reorganization proceedings index (0-3) (DB15-20 methodology),0
GHA,Resolving insolvency,Strength of insolvency framework index (0-16),4
GHA,Resolving insolvency,Time (years),1.9
GHA,Starting a business,Cost - Men (% of income per capita),12.3
GHA,Starting a business,Cost - Women (% of income per capita),12.3
GHA,Starting a business,Paid-in Minimum capital (% of income per capita),1
GHA,Starting a business,Procedures - Men (number),8
GHA,Starting a business,Procedures - Women (number),8
GHA,Starting a business,Time - Men (days),13
GHA,Starting a business,Time - Women (days),13
GHA,Trading across borders,Cost to export: Border compliance (USD) (DB16-20 methodology),490
GHA,Trading across borders,Cost to export: Documentary compliance (USD) (DB16-20 methodology),155
GHA,Trading across borders,Cost to import: Border compliance (USD) (DB16-20 methodology),552.8571
GHA,Trading across borders,Cost to import: Documentary compliance (USD) (DB16-20 methodology),474
GHA,Trading across borders,Time to export: Border compliance (hours) (DB16-20 methodology),108
GHA,Trading across borders,Time to export: Documentary compliance (hours) (DB16-20 methodology),89.33333
GHA,Trading across borders,Time to import: Border compliance (hours) (DB16-20 methodology),80
GHA,Trading across borders,Time to import: Documentary compliance (hours) (DB16-20 methodology),36
GIN,Dealing with construction permits,Building quality control index (0-15) (DB16-20 methodology),12
GIN,Dealing with construction permits,Cost (% of Warehouse value),7.3
GIN,Dealing with construction permits,Liability and insurance regimes index (0-2) (DB16-20 methodology),1
GIN,Dealing with construction permits,Procedures (number),16
GIN,Dealing with construction permits,Professional certifications index (0-4) (DB16-20 methodology),4
GIN,Dealing with construction permits,Quality control after construction index (0-3) (DB16-20 methodology),2
GIN,Dealing with construction permits,Quality control before construction index (0-1) (DB16-20 methodology),1
GIN,Dealing with construction permits,Quality control during construction index (0-3) (DB16-20 methodology),2
GIN,Dealing with construction permits,Quality of building regulations index (0-2) (DB16-20 methodology),2
GIN,Dealing with construction permits,Time (days),151
GIN,Enforcing contracts,Alternative dispute resolution (0-3) (DB17-20 methodology),2.5
GIN,Enforcing contracts,Attorney fees (% of claim),20
GIN,Enforcing contracts,Case management (0-6) (DB17-20 methodology),0
GIN,Enforcing contracts,Cost (% of claim),45
GIN,Enforcing contracts,Court automation (0-4) (DB17-20 methodology),0
GIN,Enforcing contracts,Court fees (% of claim),15
GIN,Enforcing contracts,Court structure and proceedings (0-5) (DB17-20 methodology),2.5
GIN,Enforcing contracts,Enforcement fees (% of claim),10
GIN,Enforcing contracts,Enforcement of judgment (days),150
GIN,Enforcing contracts,Filing and service (days),21
GIN,Enforcing contracts,Quality of judicial processes index (0-18) (DB17-20 methodology),5
GIN,Enforcing contracts,Time (days),311
GIN,Enforcing contracts,Trial and judgment (days),140
GIN,Getting credit,Credit bureau coverage (% of adults),0
GIN,Getting credit,Credit registry coverage (% of adults),1.8
GIN,Getting credit,Depth of credit information index (0-8) (DB15-20 methodology),0
GIN,Getting credit,Getting Credit total score (DB15-20 methodology),6
GIN,Getting credit,Strength of legal rights index (0-12) (DB15-20 methodology),6
GIN,Paying taxes,Labor tax and contributions (% of profit),28.6
GIN,Paying taxes,Other taxes (% of profit),40.7
GIN,Paying taxes,Payments (number per year),33
GIN,Paying taxes,Profit tax (% of profit),0
GIN,Paying taxes,Time (hours per year),400
GIN,Paying taxes,Time to complete a corporate income tax correction (weeks) (DB17-20 methodology),23.28571
GIN,Paying taxes,Time to comply with VAT refund (hours) (DB17-20 methodology),No VAT refund per case study scenario
GIN,Paying taxes,Time to comply with a corporate income tax correction (hours) (DB17-20 methodology),43
GIN,Paying taxes,Time to obtain VAT refund (weeks) (DB17-20 methodology),No VAT refund per case study scenario
GIN,Paying taxes,Total tax and contribution rate (% of profit),69.3
GIN,Registering property,Cost (% of property value),4.8
GIN,Registering property,Equal access to property rights index (-2-0) (DB17-20 methodology),0
GIN,Registering property,Geographic coverage index (0-8) (DB17-20 methodology),0
GIN,Registering property,Land dispute resolution index (0-8) (DB17-20 methodology),4.5
GIN,Registering property,Procedures (number),6
GIN,Registering property,Quality of land administration index (0-30) (DB17-20 methodology),6.5
GIN,Registering property,Reliability of infrastructure index (0-8) (DB17-20 methodology),0
GIN,Registering property,Time (days),44
GIN,Registering property,Transparency of information index (0-6) (DB17-20 methodology),2
GIN,Resolving insolvency,Commencement of proceedings index (0-3) (DB15-20 methodology),2
GIN,Resolving insolvency,Cost (% of estate),10
GIN,Resolving insolvency,Creditor participation index (0-4) (DB15-20 methodology),1
GIN,Resolving insolvency,Management of debtor's assets index (0-6) (DB15-20 methodology),5.5
GIN,Resolving insolvency,Outcome (0 as piecemeal sale and 1 as going concern),0
GIN,Resolving insolvency,Recovery rate (cents on the dollar),19.4
GIN,Resolving insolvency,Reorganization proceedings index (0-3) (DB15-20 methodology),.5
GIN,Resolving insolvency,Strength of insolvency framework index (0-16),9
GIN,Resolving insolvency,Time (years),3.8
GIN,Starting a business,Cost - Men (% of income per capita),33.8
GIN,Starting a business,Cost - Women (% of income per capita),33.8
GIN,Starting a business,Paid-in Minimum capital (% of income per capita),5.3
GIN,Starting a business,Procedures - Men (number),6
GIN,Starting a business,Procedures - Women (number),6
GIN,Starting a business,Time - Men (days),15
GIN,Starting a business,Time - Women (days),15
GIN,Trading across borders,Cost to export: Border compliance (USD) (DB16-20 methodology),777.7778
GIN,Trading across borders,Cost to export: Documentary compliance (USD) (DB16-20 methodology),128.4
GIN,Trading across borders,Cost to import: Border compliance (USD) (DB16-20 methodology),808.5714
GIN,Trading across borders,Cost to import: Documentary compliance (USD) (DB16-20 methodology),180
GIN,Trading across borders,Time to export: Border compliance (hours) (DB16-20 methodology),72
GIN,Trading across borders,Time to export: Documentary compliance (hours) (DB16-20 methodology),138.7
GIN,Trading across borders,Time to import: Border compliance (hours) (DB16-20 methodology),78.85714
GIN,Trading across borders,Time to import: Documentary compliance (hours) (DB16-20 methodology),156
GMB,Dealing with construction permits,Building quality control index (0-15) (DB16-20 methodology),3.5
GMB,Dealing with construction permits,Cost (% of Warehouse value),3.1
GMB,Dealing with construction permits,Liability and insurance regimes index (0-2) (DB16-20 methodology),0
GMB,Dealing with construction permits,Procedures (number),12
GMB,Dealing with construction permits,Professional certifications index (0-4) (DB16-20 methodology),0
GMB,Dealing with construction permits,Quality control after construction index (0-3) (DB16-20 methodology),2
GMB,Dealing with construction permits,Quality control before construction index (0-1) (DB16-20 methodology),1
GMB,Dealing with construction permits,Quality control during construction index (0-3) (DB16-20 methodology),0
GMB,Dealing with construction permits,Quality of building regulations index (0-2) (DB16-20 methodology),.5
GMB,Dealing with construction permits,Time (days),173
GMB,Enforcing contracts,Alternative dispute resolution (0-3) (DB17-20 methodology),2.5
GMB,Enforcing contracts,Attorney fees (% of claim),17
GMB,Enforcing contracts,Case management (0-6) (DB17-20 methodology),0
GMB,Enforcing contracts,Cost (% of claim),20.4
GMB,Enforcing contracts,Court automation (0-4) (DB17-20 methodology),0
GMB,Enforcing contracts,Court fees (% of claim),1.4
GMB,Enforcing contracts,Court structure and proceedings (0-5) (DB17-20 methodology),2.5
GMB,Enforcing contracts,Enforcement fees (% of claim),2
GMB,Enforcing contracts,Enforcement of judgment (days),225
GMB,Enforcing contracts,Filing and service (days),43
GMB,Enforcing contracts,Quality of judicial processes index (0-18) (DB17-20 methodology),5
GMB,Enforcing contracts,Time (days),758
GMB,Enforcing contracts,Trial and judgment (days),490
GMB,Getting credit,Credit bureau coverage (% of adults),0
GMB,Getting credit,Credit registry coverage (% of adults),0
GMB,Getting credit,Depth of credit information index (0-8) (DB15-20 methodology),0
GMB,Getting credit,Getting Credit total score (DB15-20 methodology),6
GMB,Getting credit,Strength of legal rights index (0-12) (DB15-20 methodology),6
GMB,Paying taxes,Labor tax and contributions (% of profit),12.6
GMB,Paying taxes,Other taxes (% of profit),11.3
GMB,Paying taxes,Payments (number per year),49
GMB,Paying taxes,Profit tax (% of profit),24.4
GMB,Paying taxes,Time (hours per year),326
GMB,Paying taxes,Time to complete a corporate income tax correction (weeks) (DB17-20 methodology),0
GMB,Paying taxes,Time to comply with VAT refund (hours) (DB17-20 methodology),No VAT refund per case study scenario
GMB,Paying taxes,Time to comply with a corporate income tax correction (hours) (DB17-20 methodology),6.5
GMB,Paying taxes,Time to obtain VAT refund (weeks) (DB17-20 methodology),No VAT refund per case study scenario
GMB,Paying taxes,Total tax and contribution rate (% of profit),48.4
GMB,Registering property,Cost (% of property value),7.8
GMB,Registering property,Equal access to property rights index (-2-0) (DB17-20 methodology),0
GMB,Registering property,Geographic coverage index (0-8) (DB17-20 methodology),4
GMB,Registering property,Land dispute resolution index (0-8) (DB17-20 methodology),2.5
GMB,Registering property,Procedures (number),6
GMB,Registering property,Quality of land administration index (0-30) (DB17-20 methodology),9.5
GMB,Registering property,Reliability of infrastructure index (0-8) (DB17-20 methodology),1
GMB,Registering property,Time (days),73
GMB,Registering property,Transparency of information index (0-6) (DB17-20 methodology),2
GMB,Resolving insolvency,Commencement of proceedings index (0-3) (DB15-20 methodology),3
GMB,Resolving insolvency,Cost (% of estate),14.5
GMB,Resolving insolvency,Creditor participation index (0-4) (DB15-20 methodology),0
GMB,Resolving insolvency,Management of debtor's assets index (0-6) (DB15-20 methodology),3
GMB,Resolving insolvency,Outcome (0 as piecemeal sale and 1 as going concern),0
GMB,Resolving insolvency,Recovery rate (cents on the dollar),27.8
GMB,Resolving insolvency,Reorganization proceedings index (0-3) (DB15-20 methodology),1
GMB,Resolving insolvency,Strength of insolvency framework index (0-16),7
GMB,Resolving insolvency,Time (years),2
GMB,Starting a business,Cost - Men (% of income per capita),49.5
GMB,Starting a business,Cost - Women (% of income per capita),49.5
GMB,Starting a business,Paid-in Minimum capital (% of income per capita),0
GMB,Starting a business,Procedures - Men (number),6
GMB,Starting a business,Procedures - Women (number),6
GMB,Starting a business,Time - Men (days),8
GMB,Starting a business,Time - Women (days),8
GMB,Trading across borders,Cost to export: Border compliance (USD) (DB16-20 methodology),380.5556
GMB,Trading across borders,Cost to export: Documentary compliance (USD) (DB16-20 methodology),133
GMB,Trading across borders,Cost to import: Border compliance (USD) (DB16-20 methodology),325.625
GMB,Trading across borders,Cost to import: Documentary compliance (USD) (DB16-20 methodology),151.875
GMB,Trading across borders,Time to export: Border compliance (hours) (DB16-20 methodology),109.3333
GMB,Trading across borders,Time to export: Documentary compliance (hours) (DB16-20 methodology),48
GMB,Trading across borders,Time to import: Border compliance (hours) (DB16-20 methodology),87
GMB,Trading across borders,Time to import: Documentary compliance (hours) (DB16-20 methodology),31.5
GNB,Dealing with construction permits,Building quality control index (0-15) (DB16-20 methodology),7
GNB,Dealing with construction permits,Cost (% of Warehouse value),23.7
GNB,Dealing with construction permits,Liability and insurance regimes index (0-2) (DB16-20 methodology),.5
GNB,Dealing with construction permits,Procedures (number),13
GNB,Dealing with construction permits,Professional certifications index (0-4) (DB16-20 methodology),2
GNB,Dealing with construction permits,Quality control after construction index (0-3) (DB16-20 methodology),2
GNB,Dealing with construction permits,Quality control before construction index (0-1) (DB16-20 methodology),1
GNB,Dealing with construction permits,Quality control during construction index (0-3) (DB16-20 methodology),0
GNB,Dealing with construction permits,Quality of building regulations index (0-2) (DB16-20 methodology),1.5
GNB,Dealing with construction permits,Time (days),143
GNB,Enforcing contracts,Alternative dispute resolution (0-3) (DB17-20 methodology),2.5
GNB,Enforcing contracts,Attorney fees (% of claim),15
GNB,Enforcing contracts,Case management (0-6) (DB17-20 methodology),1.5
GNB,Enforcing contracts,Cost (% of claim),28
GNB,Enforcing contracts,Court automation (0-4) (DB17-20 methodology),0
GNB,Enforcing contracts,Court fees (% of claim),12
GNB,Enforcing contracts,Court structure and proceedings (0-5) (DB17-20 methodology),4.5
GNB,Enforcing contracts,Enforcement fees (% of claim),1
GNB,Enforcing contracts,Enforcement of judgment (days),600
GNB,Enforcing contracts,Filing and service (days),90
GNB,Enforcing contracts,Quality of judicial processes index (0-18) (DB17-20 methodology),8.5
GNB,Enforcing contracts,Time (days),1785
GNB,Enforcing contracts,Trial and judgment (days),1095
GNB,Getting credit,Credit bureau coverage (% of adults),1.2
GNB,Getting credit,Credit registry coverage (% of adults),0
GNB,Getting credit,Depth of credit information index (0-8) (DB15-20 methodology),0
GNB,Getting credit,Getting Credit total score (DB15-20 methodology),6
GNB,Getting credit,Strength of legal rights index (0-12) (DB15-20 methodology),6
GNB,Paying taxes,Labor tax and contributions (% of profit),24.8
GNB,Paying taxes,Other taxes (% of profit),5.6
GNB,Paying taxes,Payments (number per year),46
GNB,Paying taxes,Profit tax (% of profit),15.1
GNB,Paying taxes,Time (hours per year),218
GNB,Paying taxes,Time to complete a corporate income tax correction (weeks) (DB17-20 methodology),1.857143
GNB,Paying taxes,Time to comply with VAT refund (hours) (DB17-20 methodology),No VAT refund per case study scenario
GNB,Paying taxes,Time to comply with a corporate income tax correction (hours) (DB17-20 methodology),6.5
GNB,Paying taxes,Time to obtain VAT refund (weeks) (DB17-20 methodology),No VAT refund per case study scenario
GNB,Paying taxes,Total tax and contribution rate (% of profit),45.5
GNB,Registering property,Cost (% of property value),5.4
GNB,Registering property,Equal access to property rights index (-2-0) (DB17-20 methodology),-1
GNB,Registering property,Geographic coverage index (0-8) (DB17-20 methodology),0
GNB,Registering property,Land dispute resolution index (0-8) (DB17-20 methodology),3
GNB,Registering property,Procedures (number),5
GNB,Registering property,Quality of land administration index (0-30) (DB17-20 methodology),3
GNB,Registering property,Reliability of infrastructure index (0-8) (DB17-20 methodology),0
GNB,Registering property,Time (days),48
GNB,Registering property,Transparency of information index (0-6) (DB17-20 methodology),1
GNB,Resolving insolvency,Commencement of proceedings index (0-3) (DB15-20 methodology),2
GNB,Resolving insolvency,Creditor participation index (0-4) (DB15-20 methodology),1
GNB,Resolving insolvency,Management of debtor's assets index (0-6) (DB15-20 methodology),5.5
GNB,Resolving insolvency,Outcome (0 as piecemeal sale and 1 as going concern),0
GNB,Resolving insolvency,Recovery rate (cents on the dollar),0
GNB,Resolving insolvency,Reorganization proceedings index (0-3) (DB15-20 methodology),.5
GNB,Resolving insolvency,Strength of insolvency framework index (0-16),0
GNB,Starting a business,Cost - Men (% of income per capita),88.8
GNB,Starting a business,Cost - Women (% of income per capita),88.8
GNB,Starting a business,Paid-in Minimum capital (% of income per capita),5.8
GNB,Starting a business,Procedures - Men (number),8
GNB,Starting a business,Procedures - Women (number),9
GNB,Starting a business,Time - Men (days),8
GNB,Starting a business,Time - Women (days),9
GNB,Trading across borders,Cost to export: Border compliance (USD) (DB16-20 methodology),585
GNB,Trading across borders,Cost to export: Documentary compliance (USD) (DB16-20 methodology),160
GNB,Trading across borders,Cost to import: Border compliance (USD) (DB16-20 methodology),550
GNB,Trading across borders,Cost to import: Documentary compliance (USD) (DB16-20 methodology),205
GNB,Trading across borders,Time to export: Border compliance (hours) (DB16-20 methodology),118
GNB,Trading across borders,Time to export: Documentary compliance (hours) (DB16-20 methodology),60
GNB,Trading across borders,Time to import: Border compliance (hours) (DB16-20 methodology),84
GNB,Trading across borders,Time to import: Documentary compliance (hours) (DB16-20 methodology),36
GNQ,Dealing with construction permits,Building quality control index (0-15) (DB16-20 methodology),1
GNQ,Dealing with construction permits,Cost (% of Warehouse value),4.1
GNQ,Dealing with construction permits,Liability and insurance regimes index (0-2) (DB16-20 methodology),1
GNQ,Dealing with construction permits,Procedures (number),13
GNQ,Dealing with construction permits,Professional certifications index (0-4) (DB16-20 methodology),0
GNQ,Dealing with construction permits,Quality control after construction index (0-3) (DB16-20 methodology),0
GNQ,Dealing with construction permits,Quality control before construction index (0-1) (DB16-20 methodology),0
GNQ,Dealing with construction permits,Quality control during construction index (0-3) (DB16-20 methodology),0
GNQ,Dealing with construction permits,Quality of building regulations index (0-2) (DB16-20 methodology),0
GNQ,Dealing with construction permits,Time (days),144
GNQ,Enforcing contracts,Alternative dispute resolution (0-3) (DB17-20 methodology),2
GNQ,Enforcing contracts,Attorney fees (% of claim),10
GNQ,Enforcing contracts,Case management (0-6) (DB17-20 methodology),.5
GNQ,Enforcing contracts,Cost (% of claim),19.5
GNQ,Enforcing contracts,Court automation (0-4) (DB17-20 methodology),0
GNQ,Enforcing contracts,Court fees (% of claim),5.5
GNQ,Enforcing contracts,Court structure and proceedings (0-5) (DB17-20 methodology),1
GNQ,Enforcing contracts,Enforcement fees (% of claim),4
GNQ,Enforcing contracts,Enforcement of judgment (days),90
GNQ,Enforcing contracts,Filing and service (days),20
GNQ,Enforcing contracts,Quality of judicial processes index (0-18) (DB17-20 methodology),3.5
GNQ,Enforcing contracts,Time (days),475
GNQ,Enforcing contracts,Trial and judgment (days),365
GNQ,Getting credit,Credit bureau coverage (% of adults),0
GNQ,Getting credit,Credit registry coverage (% of adults),10.8
GNQ,Getting credit,Depth of credit information index (0-8) (DB15-20 methodology),2
GNQ,Getting credit,Getting Credit total score (DB15-20 methodology),8
GNQ,Getting credit,Strength of legal rights index (0-12) (DB15-20 methodology),6
GNQ,Paying taxes,Labor tax and contributions (% of profit),25.4
GNQ,Paying taxes,Other taxes (% of profit),1
GNQ,Paying taxes,Payments (number per year),46
GNQ,Paying taxes,Profit tax (% of profit),53
GNQ,Paying taxes,Time (hours per year),492
GNQ,Paying taxes,Time to complete a corporate income tax correction (weeks) (DB17-20 methodology),0
GNQ,Paying taxes,Time to comply with a corporate income tax correction (hours) (DB17-20 methodology),9
GNQ,Paying taxes,Total tax and contribution rate (% of profit),79.4
GNQ,Registering property,Cost (% of property value),12.5
GNQ,Registering property,Equal access to property rights index (-2-0) (DB17-20 methodology),-1
GNQ,Registering property,Geographic coverage index (0-8) (DB17-20 methodology),0
GNQ,Registering property,Land dispute resolution index (0-8) (DB17-20 methodology),5
GNQ,Registering property,Procedures (number),6
GNQ,Registering property,Quality of land administration index (0-30) (DB17-20 methodology),4
GNQ,Registering property,Reliability of infrastructure index (0-8) (DB17-20 methodology),0
GNQ,Registering property,Time (days),23
GNQ,Registering property,Transparency of information index (0-6) (DB17-20 methodology),0
GNQ,Resolving insolvency,Commencement of proceedings index (0-3) (DB15-20 methodology),2
GNQ,Resolving insolvency,Creditor participation index (0-4) (DB15-20 methodology),1
GNQ,Resolving insolvency,Management of debtor's assets index (0-6) (DB15-20 methodology),5.5
GNQ,Resolving insolvency,Outcome (0 as piecemeal sale and 1 as going concern),0
GNQ,Resolving insolvency,Recovery rate (cents on the dollar),0
GNQ,Resolving insolvency,Reorganization proceedings index (0-3) (DB15-20 methodology),.5
GNQ,Resolving insolvency,Strength of insolvency framework index (0-16),0
GNQ,Starting a business,Cost - Men (% of income per capita),59.1
GNQ,Starting a business,Cost - Women (% of income per capita),59.1
GNQ,Starting a business,Paid-in Minimum capital (% of income per capita),22.8
GNQ,Starting a business,Procedures - Men (number),16
GNQ,Starting a business,Procedures - Women (number),16
GNQ,Starting a business,Time - Men (days),33
GNQ,Starting a business,Time - Women (days),33
GNQ,Trading across borders,Cost to export: Border compliance (USD) (DB16-20 methodology),760
GNQ,Trading across borders,Cost to export: Documentary compliance (USD) (DB16-20 methodology),85
GNQ,Trading across borders,Cost to import: Border compliance (USD) (DB16-20 methodology),985
GNQ,Trading across borders,Cost to import: Documentary compliance (USD) (DB16-20 methodology),70
GNQ,Trading across borders,Time to export: Border compliance (hours) (DB16-20 methodology),132
GNQ,Trading across borders,Time to export: Documentary compliance (hours) (DB16-20 methodology),154
GNQ,Trading across borders,Time to import: Border compliance (hours) (DB16-20 methodology),240
GNQ,Trading across borders,Time to import: Documentary compliance (hours) (DB16-20 methodology),240
GRC,Dealing with construction permits,Building quality control index (0-15) (DB16-20 methodology),12
GRC,Dealing with construction permits,Cost (% of Warehouse value),1.9
GRC,Dealing with construction permits,Liability and insurance regimes index (0-2) (DB16-20 methodology),1
GRC,Dealing with construction permits,Procedures (number),17
GRC,Dealing with construction permits,Professional certifications index (0-4) (DB16-20 methodology),4
GRC,Dealing with construction permits,Quality control after construction index (0-3) (DB16-20 methodology),3
GRC,Dealing with construction permits,Quality control before construction index (0-1) (DB16-20 methodology),1
GRC,Dealing with construction permits,Quality control during construction index (0-3) (DB16-20 methodology),2
GRC,Dealing with construction permits,Quality of building regulations index (0-2) (DB16-20 methodology),1
GRC,Dealing with construction permits,Time (days),180
GRC,Enforcing contracts,Alternative dispute resolution (0-3) (DB17-20 methodology),2.5
GRC,Enforcing contracts,Attorney fees (% of claim),10
GRC,Enforcing contracts,Case management (0-6) (DB17-20 methodology),5
GRC,Enforcing contracts,Cost (% of claim),22.4
GRC,Enforcing contracts,Court automation (0-4) (DB17-20 methodology),2
GRC,Enforcing contracts,Court fees (% of claim),4.6
GRC,Enforcing contracts,Court structure and proceedings (0-5) (DB17-20 methodology),3
GRC,Enforcing contracts,Enforcement fees (% of claim),7.8
GRC,Enforcing contracts,Enforcement of judgment (days),251
GRC,Enforcing contracts,Filing and service (days),60
GRC,Enforcing contracts,Quality of judicial processes index (0-18) (DB17-20 methodology),12.5
GRC,Enforcing contracts,Time (days),1711
GRC,Enforcing contracts,Trial and judgment (days),1400
GRC,Getting credit,Credit bureau coverage (% of adults),69.9
GRC,Getting credit,Credit registry coverage (% of adults),0
GRC,Getting credit,Depth of credit information index (0-8) (DB15-20 methodology),7
GRC,Getting credit,Getting Credit total score (DB15-20 methodology),9
GRC,Getting credit,Strength of legal rights index (0-12) (DB15-20 methodology),2
GRC,Paying taxes,Labor tax and contributions (% of profit),28.3
GRC,Paying taxes,Other taxes (% of profit),.6
GRC,Paying taxes,Payments (number per year),8
GRC,Paying taxes,Profit tax (% of profit),23
GRC,Paying taxes,Time (hours per year),193
GRC,Paying taxes,Time to complete a corporate income tax correction (weeks) (DB17-20 methodology),0
GRC,Paying taxes,Time to comply with VAT refund (hours) (DB17-20 methodology),17.5
GRC,Paying taxes,Time to comply with a corporate income tax correction (hours) (DB17-20 methodology),3.5
GRC,Paying taxes,Time to obtain VAT refund (weeks) (DB17-20 methodology),31.45238
GRC,Paying taxes,Total tax and contribution rate (% of profit),51.9
GRC,Registering property,Cost (% of property value),4.8
GRC,Registering property,Equal access to property rights index (-2-0) (DB17-20 methodology),0
GRC,Registering property,Geographic coverage index (0-8) (DB17-20 methodology),0
GRC,Registering property,Land dispute resolution index (0-8) (DB17-20 methodology),3
GRC,Registering property,Procedures (number),11
GRC,Registering property,Quality of land administration index (0-30) (DB17-20 methodology),4.5
GRC,Registering property,Reliability of infrastructure index (0-8) (DB17-20 methodology),0
GRC,Registering property,Time (days),26
GRC,Registering property,Transparency of information index (0-6) (DB17-20 methodology),1.5
GRC,Resolving insolvency,Commencement of proceedings index (0-3) (DB15-20 methodology),2.5
GRC,Resolving insolvency,Cost (% of estate),9
GRC,Resolving insolvency,Creditor participation index (0-4) (DB15-20 methodology),1
GRC,Resolving insolvency,Management of debtor's assets index (0-6) (DB15-20 methodology),5.5
GRC,Resolving insolvency,Outcome (0 as piecemeal sale and 1 as going concern),0
GRC,Resolving insolvency,Recovery rate (cents on the dollar),32
GRC,Resolving insolvency,Reorganization proceedings index (0-3) (DB15-20 methodology),2.5
GRC,Resolving insolvency,Strength of insolvency framework index (0-16),11.5
GRC,Resolving insolvency,Time (years),3.5
GRC,Starting a business,Cost - Men (% of income per capita),1.5
GRC,Starting a business,Cost - Women (% of income per capita),1.5
GRC,Starting a business,Paid-in Minimum capital (% of income per capita),0
GRC,Starting a business,Procedures - Men (number),3
GRC,Starting a business,Procedures - Women (number),3
GRC,Starting a business,Time - Men (days),4
GRC,Starting a business,Time - Women (days),4
GRC,Trading across borders,Cost to export: Border compliance (USD) (DB16-20 methodology),300
GRC,Trading across borders,Cost to export: Documentary compliance (USD) (DB16-20 methodology),30
GRC,Trading across borders,Cost to import: Border compliance (USD) (DB16-20 methodology),0
GRC,Trading across borders,Cost to import: Documentary compliance (USD) (DB16-20 methodology),0
GRC,Trading across borders,Time to export: Border compliance (hours) (DB16-20 methodology),24
GRC,Trading across borders,Time to export: Documentary compliance (hours) (DB16-20 methodology),1
GRC,Trading across borders,Time to import: Border compliance (hours) (DB16-20 methodology),.5
GRC,Trading across borders,Time to import: Documentary compliance (hours) (DB16-20 methodology),.5
GRD,Dealing with construction permits,Building quality control index (0-15) (DB16-20 methodology),5
GRD,Dealing with construction permits,Cost (% of Warehouse value),1.8
GRD,Dealing with construction permits,Liability and insurance regimes index (0-2) (DB16-20 methodology),0
GRD,Dealing with construction permits,Procedures (number),15
GRD,Dealing with construction permits,Professional certifications index (0-4) (DB16-20 methodology),0
GRD,Dealing with construction permits,Quality control after construction index (0-3) (DB16-20 methodology),2
GRD,Dealing with construction permits,Quality control before construction index (0-1) (DB16-20 methodology),1
GRD,Dealing with construction permits,Quality control during construction index (0-3) (DB16-20 methodology),1
GRD,Dealing with construction permits,Quality of building regulations index (0-2) (DB16-20 methodology),1
GRD,Dealing with construction permits,Time (days),146
GRD,Enforcing contracts,Alternative dispute resolution (0-3) (DB17-20 methodology),2
GRD,Enforcing contracts,Attorney fees (% of claim),22.1
GRD,Enforcing contracts,Case management (0-6) (DB17-20 methodology),3
GRD,Enforcing contracts,Cost (% of claim),32.6
GRD,Enforcing contracts,Court automation (0-4) (DB17-20 methodology),1.5
GRD,Enforcing contracts,Court fees (% of claim),3.1
GRD,Enforcing contracts,Court structure and proceedings (0-5) (DB17-20 methodology),4.5
GRD,Enforcing contracts,Enforcement fees (% of claim),7.4
GRD,Enforcing contracts,Enforcement of judgment (days),200
GRD,Enforcing contracts,Filing and service (days),28
GRD,Enforcing contracts,Quality of judicial processes index (0-18) (DB17-20 methodology),11
GRD,Enforcing contracts,Time (days),688
GRD,Enforcing contracts,Trial and judgment (days),460
GRD,Getting credit,Credit bureau coverage (% of adults),0
GRD,Getting credit,Credit registry coverage (% of adults),0
GRD,Getting credit,Depth of credit information index (0-8) (DB15-20 methodology),0
GRD,Getting credit,Getting Credit total score (DB15-20 methodology),6
GRD,Getting credit,Strength of legal rights index (0-12) (DB15-20 methodology),6
GRD,Paying taxes,Labor tax and contributions (% of profit),5.6
GRD,Paying taxes,Other taxes (% of profit),15.6
GRD,Paying taxes,Payments (number per year),42
GRD,Paying taxes,Profit tax (% of profit),26.5
GRD,Paying taxes,Time (hours per year),140
GRD,Paying taxes,Time to complete a corporate income tax correction (weeks) (DB17-20 methodology),0
GRD,Paying taxes,Time to comply with VAT refund (hours) (DB17-20 methodology),No VAT refund per case study scenario
GRD,Paying taxes,Time to comply with a corporate income tax correction (hours) (DB17-20 methodology),4
GRD,Paying taxes,Time to obtain VAT refund (weeks) (DB17-20 methodology),No VAT refund per case study scenario
GRD,Paying taxes,Total tax and contribution rate (% of profit),47.8
GRD,Registering property,Cost (% of property value),7.4
GRD,Registering property,Equal access to property rights index (-2-0) (DB17-20 methodology),0
GRD,Registering property,Geographic coverage index (0-8) (DB17-20 methodology),0
GRD,Registering property,Land dispute resolution index (0-8) (DB17-20 methodology),4.5
GRD,Registering property,Procedures (number),8
GRD,Registering property,Quality of land administration index (0-30) (DB17-20 methodology),7
GRD,Registering property,Reliability of infrastructure index (0-8) (DB17-20 methodology),1
GRD,Registering property,Time (days),32
GRD,Registering property,Transparency of information index (0-6) (DB17-20 methodology),1.5
GRD,Resolving insolvency,Commencement of proceedings index (0-3) (DB15-20 methodology),2.5
GRD,Resolving insolvency,Creditor participation index (0-4) (DB15-20 methodology),3
GRD,Resolving insolvency,Management of debtor's assets index (0-6) (DB15-20 methodology),4.5
GRD,Resolving insolvency,Outcome (0 as piecemeal sale and 1 as going concern),0
GRD,Resolving insolvency,Recovery rate (cents on the dollar),0
GRD,Resolving insolvency,Reorganization proceedings index (0-3) (DB15-20 methodology),1
GRD,Resolving insolvency,Strength of insolvency framework index (0-16),0
GRD,Starting a business,Cost - Men (% of income per capita),14.4
GRD,Starting a business,Cost - Women (% of income per capita),14.4
GRD,Starting a business,Paid-in Minimum capital (% of income per capita),0
GRD,Starting a business,Procedures - Men (number),6
GRD,Starting a business,Procedures - Women (number),6
GRD,Starting a business,Time - Men (days),12
GRD,Starting a business,Time - Women (days),12
GRD,Trading across borders,Cost to export: Border compliance (USD) (DB16-20 methodology),1034.444
GRD,Trading across borders,Cost to export: Documentary compliance (USD) (DB16-20 methodology),40
GRD,Trading across borders,Cost to import: Border compliance (USD) (DB16-20 methodology),1256
GRD,Trading across borders,Cost to import: Documentary compliance (USD) (DB16-20 methodology),50
GRD,Trading across borders,Time to export: Border compliance (hours) (DB16-20 methodology),101.4433
GRD,Trading across borders,Time to export: Documentary compliance (hours) (DB16-20 methodology),13.33333
GRD,Trading across borders,Time to import: Border compliance (hours) (DB16-20 methodology),37.33333
GRD,Trading across borders,Time to import: Documentary compliance (hours) (DB16-20 methodology),24
GTM,Dealing with construction permits,Building quality control index (0-15) (DB16-20 methodology),11
GTM,Dealing with construction permits,Cost (% of Warehouse value),6.1
GTM,Dealing with construction permits,Liability and insurance regimes index (0-2) (DB16-20 methodology),1
GTM,Dealing with construction permits,Procedures (number),11
GTM,Dealing with construction permits,Professional certifications index (0-4) (DB16-20 methodology),2
GTM,Dealing with construction permits,Quality control after construction index (0-3) (DB16-20 methodology),3
GTM,Dealing with construction permits,Quality control before construction index (0-1) (DB16-20 methodology),1
GTM,Dealing with construction permits,Quality control during construction index (0-3) (DB16-20 methodology),2
GTM,Dealing with construction permits,Quality of building regulations index (0-2) (DB16-20 methodology),2
GTM,Dealing with construction permits,Time (days),226
GTM,Enforcing contracts,Alternative dispute resolution (0-3) (DB17-20 methodology),2
GTM,Enforcing contracts,Attorney fees (% of claim),15
GTM,Enforcing contracts,Case management (0-6) (DB17-20 methodology),.5
GTM,Enforcing contracts,Cost (% of claim),26.5
GTM,Enforcing contracts,Court automation (0-4) (DB17-20 methodology),.5
GTM,Enforcing contracts,Court fees (% of claim),6.5
GTM,Enforcing contracts,Court structure and proceedings (0-5) (DB17-20 methodology),3
GTM,Enforcing contracts,Enforcement fees (% of claim),5
GTM,Enforcing contracts,Enforcement of judgment (days),540
GTM,Enforcing contracts,Filing and service (days),66
GTM,Enforcing contracts,Quality of judicial processes index (0-18) (DB17-20 methodology),6
GTM,Enforcing contracts,Time (days),1402
GTM,Enforcing contracts,Trial and judgment (days),796
GTM,Getting credit,Credit bureau coverage (% of adults),37.1
GTM,Getting credit,Credit registry coverage (% of adults),22.8
GTM,Getting credit,Depth of credit information index (0-8) (DB15-20 methodology),8
GTM,Getting credit,Getting Credit total score (DB15-20 methodology),17
GTM,Getting credit,Strength of legal rights index (0-12) (DB15-20 methodology),9
GTM,Paying taxes,Labor tax and contributions (% of profit),14.3
GTM,Paying taxes,Other taxes (% of profit),.7
GTM,Paying taxes,Payments (number per year),8
GTM,Paying taxes,Profit tax (% of profit),20.2
GTM,Paying taxes,Time (hours per year),248
GTM,Paying taxes,Time to complete a corporate income tax correction (weeks) (DB17-20 methodology),13.78571
GTM,Paying taxes,Time to comply with VAT refund (hours) (DB17-20 methodology),No VAT refund per case study scenario
GTM,Paying taxes,Time to comply with a corporate income tax correction (hours) (DB17-20 methodology),15
GTM,Paying taxes,Time to obtain VAT refund (weeks) (DB17-20 methodology),No VAT refund per case study scenario
GTM,Paying taxes,Total tax and contribution rate (% of profit),35.2
GTM,Registering property,Cost (% of property value),3.6
GTM,Registering property,Equal access to property rights index (-2-0) (DB17-20 methodology),0
GTM,Registering property,Geographic coverage index (0-8) (DB17-20 methodology),0
GTM,Registering property,Land dispute resolution index (0-8) (DB17-20 methodology),5
GTM,Registering property,Procedures (number),7
GTM,Registering property,Quality of land administration index (0-30) (DB17-20 methodology),13.5
GTM,Registering property,Reliability of infrastructure index (0-8) (DB17-20 methodology),4
GTM,Registering property,Time (days),24
GTM,Registering property,Transparency of information index (0-6) (DB17-20 methodology),4.5
GTM,Resolving insolvency,Commencement of proceedings index (0-3) (DB15-20 methodology),2
GTM,Resolving insolvency,Cost (% of estate),14.5
GTM,Resolving insolvency,Creditor participation index (0-4) (DB15-20 methodology),2
GTM,Resolving insolvency,Management of debtor's assets index (0-6) (DB15-20 methodology),0
GTM,Resolving insolvency,Outcome (0 as piecemeal sale and 1 as going concern),0
GTM,Resolving insolvency,Recovery rate (cents on the dollar),28.1
GTM,Resolving insolvency,Reorganization proceedings index (0-3) (DB15-20 methodology),0
GTM,Resolving insolvency,Strength of insolvency framework index (0-16),4
GTM,Resolving insolvency,Time (years),3
GTM,Starting a business,Cost - Men (% of income per capita),17.3
GTM,Starting a business,Cost - Women (% of income per capita),17.3
GTM,Starting a business,Paid-in Minimum capital (% of income per capita),.6
GTM,Starting a business,Procedures - Men (number),6
GTM,Starting a business,Procedures - Women (number),6
GTM,Starting a business,Time - Men (days),15
GTM,Starting a business,Time - Women (days),15
GTM,Trading across borders,Cost to export: Border compliance (USD) (DB16-20 methodology),310
GTM,Trading across borders,Cost to export: Documentary compliance (USD) (DB16-20 methodology),105
GTM,Trading across borders,Cost to import: Border compliance (USD) (DB16-20 methodology),405
GTM,Trading across borders,Cost to import: Documentary compliance (USD) (DB16-20 methodology),37
GTM,Trading across borders,Time to export: Border compliance (hours) (DB16-20 methodology),36
GTM,Trading across borders,Time to export: Documentary compliance (hours) (DB16-20 methodology),48
GTM,Trading across borders,Time to import: Border compliance (hours) (DB16-20 methodology),72
GTM,Trading across borders,Time to import: Documentary compliance (hours) (DB16-20 methodology),32
GUY,Dealing with construction permits,Building quality control index (0-15) (DB16-20 methodology),4
GUY,Dealing with construction permits,Cost (% of Warehouse value),2.4
GUY,Dealing with construction permits,Liability and insurance regimes index (0-2) (DB16-20 methodology),0
GUY,Dealing with construction permits,Procedures (number),18
GUY,Dealing with construction permits,Professional certifications index (0-4) (DB16-20 methodology),0
GUY,Dealing with construction permits,Quality control after construction index (0-3) (DB16-20 methodology),2
GUY,Dealing with construction permits,Quality control before construction index (0-1) (DB16-20 methodology),0
GUY,Dealing with construction permits,Quality control during construction index (0-3) (DB16-20 methodology),1
GUY,Dealing with construction permits,Quality of building regulations index (0-2) (DB16-20 methodology),1
GUY,Dealing with construction permits,Time (days),208
GUY,Enforcing contracts,Alternative dispute resolution (0-3) (DB17-20 methodology),2
GUY,Enforcing contracts,Attorney fees (% of claim),24
GUY,Enforcing contracts,Case management (0-6) (DB17-20 methodology),1.5
GUY,Enforcing contracts,Cost (% of claim),27
GUY,Enforcing contracts,Court automation (0-4) (DB17-20 methodology),0
GUY,Enforcing contracts,Court fees (% of claim),2
GUY,Enforcing contracts,Court structure and proceedings (0-5) (DB17-20 methodology),4
GUY,Enforcing contracts,Enforcement fees (% of claim),1
GUY,Enforcing contracts,Enforcement of judgment (days),320
GUY,Enforcing contracts,Filing and service (days),21
GUY,Enforcing contracts,Quality of judicial processes index (0-18) (DB17-20 methodology),7.5
GUY,Enforcing contracts,Time (days),581
GUY,Enforcing contracts,Trial and judgment (days),240
GUY,Getting credit,Credit bureau coverage (% of adults),30.9
GUY,Getting credit,Credit registry coverage (% of adults),0
GUY,Getting credit,Depth of credit information index (0-8) (DB15-20 methodology),8
GUY,Getting credit,Getting Credit total score (DB15-20 methodology),11
GUY,Getting credit,Strength of legal rights index (0-12) (DB15-20 methodology),3
GUY,Paying taxes,Labor tax and contributions (% of profit),9.2
GUY,Paying taxes,Other taxes (% of profit),1.7
GUY,Paying taxes,Payments (number per year),35
GUY,Paying taxes,Profit tax (% of profit),19.6
GUY,Paying taxes,Time (hours per year),256
GUY,Paying taxes,Time to complete a corporate income tax correction (weeks) (DB17-20 methodology),9.785714
GUY,Paying taxes,Time to comply with VAT refund (hours) (DB17-20 methodology),20
GUY,Paying taxes,Time to comply with a corporate income tax correction (hours) (DB17-20 methodology),30.5
GUY,Paying taxes,Time to obtain VAT refund (weeks) (DB17-20 methodology),33.88095
GUY,Paying taxes,Total tax and contribution rate (% of profit),30.6
GUY,Registering property,Cost (% of property value),4.6
GUY,Registering property,Equal access to property rights index (-2-0) (DB17-20 methodology),0
GUY,Registering property,Geographic coverage index (0-8) (DB17-20 methodology),0
GUY,Registering property,Land dispute resolution index (0-8) (DB17-20 methodology),3.5
GUY,Registering property,Procedures (number),7
GUY,Registering property,Quality of land administration index (0-30) (DB17-20 methodology),7.5
GUY,Registering property,Reliability of infrastructure index (0-8) (DB17-20 methodology),1
GUY,Registering property,Time (days),46
GUY,Registering property,Transparency of information index (0-6) (DB17-20 methodology),3
GUY,Resolving insolvency,Commencement of proceedings index (0-3) (DB15-20 methodology),2
GUY,Resolving insolvency,Cost (% of estate),28.5
GUY,Resolving insolvency,Creditor participation index (0-4) (DB15-20 methodology),0
GUY,Resolving insolvency,Management of debtor's assets index (0-6) (DB15-20 methodology),2
GUY,Resolving insolvency,Outcome (0 as piecemeal sale and 1 as going concern),0
GUY,Resolving insolvency,Recovery rate (cents on the dollar),18.4
GUY,Resolving insolvency,Reorganization proceedings index (0-3) (DB15-20 methodology),0
GUY,Resolving insolvency,Strength of insolvency framework index (0-16),4
GUY,Resolving insolvency,Time (years),3
GUY,Starting a business,Cost - Men (% of income per capita),9.4
GUY,Starting a business,Cost - Women (% of income per capita),9.4
GUY,Starting a business,Paid-in Minimum capital (% of income per capita),0
GUY,Starting a business,Procedures - Men (number),7
GUY,Starting a business,Procedures - Women (number),7
GUY,Starting a business,Time - Men (days),18
GUY,Starting a business,Time - Women (days),18
GUY,Trading across borders,Cost to export: Border compliance (USD) (DB16-20 methodology),467.7778
GUY,Trading across borders,Cost to export: Documentary compliance (USD) (DB16-20 methodology),77.77778
GUY,Trading across borders,Cost to import: Border compliance (USD) (DB16-20 methodology),265
GUY,Trading across borders,Cost to import: Documentary compliance (USD) (DB16-20 methodology),62.5
GUY,Trading across borders,Time to export: Border compliance (hours) (DB16-20 methodology),72
GUY,Trading across borders,Time to export: Documentary compliance (hours) (DB16-20 methodology),200
GUY,Trading across borders,Time to import: Border compliance (hours) (DB16-20 methodology),84
GUY,Trading across borders,Time to import: Documentary compliance (hours) (DB16-20 methodology),156
HKG,Dealing with construction permits,Building quality control index (0-15) (DB16-20 methodology),15
HKG,Dealing with construction permits,Cost (% of Warehouse value),.3
HKG,Dealing with construction permits,Liability and insurance regimes index (0-2) (DB16-20 methodology),2
HKG,Dealing with construction permits,Procedures (number),8
HKG,Dealing with construction permits,Professional certifications index (0-4) (DB16-20 methodology),4
HKG,Dealing with construction permits,Quality control after construction index (0-3) (DB16-20 methodology),3
HKG,Dealing with construction permits,Quality control before construction index (0-1) (DB16-20 methodology),1
HKG,Dealing with construction permits,Quality control during construction index (0-3) (DB16-20 methodology),3
HKG,Dealing with construction permits,Quality of building regulations index (0-2) (DB16-20 methodology),2
HKG,Dealing with construction permits,Time (days),69
HKG,Enforcing contracts,Alternative dispute resolution (0-3) (DB17-20 methodology),2.5
HKG,Enforcing contracts,Attorney fees (% of claim),19.5
HKG,Enforcing contracts,Case management (0-6) (DB17-20 methodology),2
HKG,Enforcing contracts,Cost (% of claim),23.6
HKG,Enforcing contracts,Court automation (0-4) (DB17-20 methodology),1
HKG,Enforcing contracts,Court fees (% of claim),3.1
HKG,Enforcing contracts,Court structure and proceedings (0-5) (DB17-20 methodology),4.5
HKG,Enforcing contracts,Enforcement fees (% of claim),1
HKG,Enforcing contracts,Enforcement of judgment (days),45
HKG,Enforcing contracts,Filing and service (days),30
HKG,Enforcing contracts,Quality of judicial processes index (0-18) (DB17-20 methodology),10
HKG,Enforcing contracts,Time (days),385
HKG,Enforcing contracts,Trial and judgment (days),310
HKG,Getting credit,Credit bureau coverage (% of adults),100
HKG,Getting credit,Credit registry coverage (% of adults),0
HKG,Getting credit,Depth of credit information index (0-8) (DB15-20 methodology),7
HKG,Getting credit,Getting Credit total score (DB15-20 methodology),15
HKG,Getting credit,Strength of legal rights index (0-12) (DB15-20 methodology),8
HKG,Paying taxes,Labor tax and contributions (% of profit),5.3
HKG,Paying taxes,Other taxes (% of profit),.1
HKG,Paying taxes,Payments (number per year),3
HKG,Paying taxes,Profit tax (% of profit),16.5
HKG,Paying taxes,Time (hours per year),34.5
HKG,Paying taxes,Time to complete a corporate income tax correction (weeks) (DB17-20 methodology),0
HKG,Paying taxes,Time to comply with a corporate income tax correction (hours) (DB17-20 methodology),2.75
HKG,Paying taxes,Total tax and contribution rate (% of profit),21.9
HKG,Registering property,Cost (% of property value),7.7
HKG,Registering property,Equal access to property rights index (-2-0) (DB17-20 methodology),0
HKG,Registering property,Geographic coverage index (0-8) (DB17-20 methodology),8
HKG,Registering property,Land dispute resolution index (0-8) (DB17-20 methodology),5.5
HKG,Registering property,Procedures (number),5
HKG,Registering property,Quality of land administration index (0-30) (DB17-20 methodology),27.5
HKG,Registering property,Reliability of infrastructure index (0-8) (DB17-20 methodology),8
HKG,Registering property,Time (days),27.5
HKG,Registering property,Transparency of information index (0-6) (DB17-20 methodology),6
HKG,Resolving insolvency,Commencement of proceedings index (0-3) (DB15-20 methodology),2
HKG,Resolving insolvency,Cost (% of estate),5
HKG,Resolving insolvency,Creditor participation index (0-4) (DB15-20 methodology),1
HKG,Resolving insolvency,Management of debtor's assets index (0-6) (DB15-20 methodology),3
HKG,Resolving insolvency,Outcome (0 as piecemeal sale and 1 as going concern),1
HKG,Resolving insolvency,Recovery rate (cents on the dollar),87.2
HKG,Resolving insolvency,Reorganization proceedings index (0-3) (DB15-20 methodology),0
HKG,Resolving insolvency,Strength of insolvency framework index (0-16),6
HKG,Resolving insolvency,Time (years),.8
HKG,Starting a business,Cost - Men (% of income per capita),.5
HKG,Starting a business,Cost - Women (% of income per capita),.5
HKG,Starting a business,Paid-in Minimum capital (% of income per capita),0
HKG,Starting a business,Procedures - Men (number),2
HKG,Starting a business,Procedures - Women (number),2
HKG,Starting a business,Time - Men (days),1.5
HKG,Starting a business,Time - Women (days),1.5
HKG,Trading across borders,Cost to export: Border compliance (USD) (DB16-20 methodology),0
HKG,Trading across borders,Cost to export: Documentary compliance (USD) (DB16-20 methodology),12
HKG,Trading across borders,Cost to import: Border compliance (USD) (DB16-20 methodology),265.625
HKG,Trading across borders,Cost to import: Documentary compliance (USD) (DB16-20 methodology),56.8
HKG,Trading across borders,Time to export: Border compliance (hours) (DB16-20 methodology),1
HKG,Trading across borders,Time to export: Documentary compliance (hours) (DB16-20 methodology),.666
HKG,Trading across borders,Time to import: Border compliance (hours) (DB16-20 methodology),18.54545
HKG,Trading across borders,Time to import: Documentary compliance (hours) (DB16-20 methodology),1.318182
HND,Dealing with construction permits,Building quality control index (0-15) (DB16-20 methodology),9
HND,Dealing with construction permits,Cost (% of Warehouse value),11.4
HND,Dealing with construction permits,Liability and insurance regimes index (0-2) (DB16-20 methodology),1
HND,Dealing with construction permits,Procedures (number),17
HND,Dealing with construction permits,Professional certifications index (0-4) (DB16-20 methodology),2
HND,Dealing with construction permits,Quality control after construction index (0-3) (DB16-20 methodology),3
HND,Dealing with construction permits,Quality control before construction index (0-1) (DB16-20 methodology),1
HND,Dealing with construction permits,Quality control during construction index (0-3) (DB16-20 methodology),1
HND,Dealing with construction permits,Quality of building regulations index (0-2) (DB16-20 methodology),1
HND,Dealing with construction permits,Time (days),132
HND,Enforcing contracts,Alternative dispute resolution (0-3) (DB17-20 methodology),2.5
HND,Enforcing contracts,Attorney fees (% of claim),25
HND,Enforcing contracts,Case management (0-6) (DB17-20 methodology),2
HND,Enforcing contracts,Cost (% of claim),38.8
HND,Enforcing contracts,Court automation (0-4) (DB17-20 methodology),0
HND,Enforcing contracts,Court fees (% of claim),5.7
HND,Enforcing contracts,Court structure and proceedings (0-5) (DB17-20 methodology),3
HND,Enforcing contracts,Enforcement fees (% of claim),8.1
HND,Enforcing contracts,Enforcement of judgment (days),180
HND,Enforcing contracts,Filing and service (days),60
HND,Enforcing contracts,Quality of judicial processes index (0-18) (DB17-20 methodology),7.5
HND,Enforcing contracts,Time (days),920
HND,Enforcing contracts,Trial and judgment (days),680
HND,Getting credit,Credit bureau coverage (% of adults),48.9
HND,Getting credit,Credit registry coverage (% of adults),17.3
HND,Getting credit,Depth of credit information index (0-8) (DB15-20 methodology),8
HND,Getting credit,Getting Credit total score (DB15-20 methodology),16
HND,Getting credit,Strength of legal rights index (0-12) (DB15-20 methodology),8
HND,Paying taxes,Labor tax and contributions (% of profit),8.8
HND,Paying taxes,Other taxes (% of profit),1.1
HND,Paying taxes,Payments (number per year),59
HND,Paying taxes,Profit tax (% of profit),29.2
HND,Paying taxes,Time (hours per year),203
HND,Paying taxes,Time to complete a corporate income tax correction (weeks) (DB17-20 methodology),21.14286
HND,Paying taxes,Time to comply with VAT refund (hours) (DB17-20 methodology),33
HND,Paying taxes,Time to comply with a corporate income tax correction (hours) (DB17-20 methodology),17
HND,Paying taxes,Time to obtain VAT refund (weeks) (DB17-20 methodology),54.45238
HND,Paying taxes,Total tax and contribution rate (% of profit),39.1
HND,Registering property,Cost (% of property value),5.7
HND,Registering property,Equal access to property rights index (-2-0) (DB17-20 methodology),0
HND,Registering property,Geographic coverage index (0-8) (DB17-20 methodology),0
HND,Registering property,Land dispute resolution index (0-8) (DB17-20 methodology),6
HND,Registering property,Procedures (number),6
HND,Registering property,Quality of land administration index (0-30) (DB17-20 methodology),12.5
HND,Registering property,Reliability of infrastructure index (0-8) (DB17-20 methodology),4
HND,Registering property,Time (days),28.5
HND,Registering property,Transparency of information index (0-6) (DB17-20 methodology),2.5
HND,Resolving insolvency,Commencement of proceedings index (0-3) (DB15-20 methodology),2
HND,Resolving insolvency,Cost (% of estate),14.5
HND,Resolving insolvency,Creditor participation index (0-4) (DB15-20 methodology),1
HND,Resolving insolvency,Management of debtor's assets index (0-6) (DB15-20 methodology),4
HND,Resolving insolvency,Outcome (0 as piecemeal sale and 1 as going concern),0
HND,Resolving insolvency,Recovery rate (cents on the dollar),19.9
HND,Resolving insolvency,Reorganization proceedings index (0-3) (DB15-20 methodology),0
HND,Resolving insolvency,Strength of insolvency framework index (0-16),7
HND,Resolving insolvency,Time (years),3.8
HND,Starting a business,Cost - Men (% of income per capita),28.1
HND,Starting a business,Cost - Women (% of income per capita),28.1
HND,Starting a business,Paid-in Minimum capital (% of income per capita),0
HND,Starting a business,Procedures - Men (number),11
HND,Starting a business,Procedures - Women (number),11
HND,Starting a business,Time - Men (days),42
HND,Starting a business,Time - Women (days),42
HND,Trading across borders,Cost to export: Border compliance (USD) (DB16-20 methodology),601.26
HND,Trading across borders,Cost to export: Documentary compliance (USD) (DB16-20 methodology),80
HND,Trading across borders,Cost to import: Border compliance (USD) (DB16-20 methodology),482.76
HND,Trading across borders,Cost to import: Documentary compliance (USD) (DB16-20 methodology),70
HND,Trading across borders,Time to export: Border compliance (hours) (DB16-20 methodology),108
HND,Trading across borders,Time to export: Documentary compliance (hours) (DB16-20 methodology),48
HND,Trading across borders,Time to import: Border compliance (hours) (DB16-20 methodology),96
HND,Trading across borders,Time to import: Documentary compliance (hours) (DB16-20 methodology),72
HRV,Dealing with construction permits,Building quality control index (0-15) (DB16-20 methodology),12
HRV,Dealing with construction permits,Cost (% of Warehouse value),9.2
HRV,Dealing with construction permits,Liability and insurance regimes index (0-2) (DB16-20 methodology),1
HRV,Dealing with construction permits,Procedures (number),22
HRV,Dealing with construction permits,Professional certifications index (0-4) (DB16-20 methodology),4
HRV,Dealing with construction permits,Quality control after construction index (0-3) (DB16-20 methodology),3
HRV,Dealing with construction permits,Quality control before construction index (0-1) (DB16-20 methodology),0
HRV,Dealing with construction permits,Quality control during construction index (0-3) (DB16-20 methodology),2
HRV,Dealing with construction permits,Quality of building regulations index (0-2) (DB16-20 methodology),2
HRV,Dealing with construction permits,Time (days),146
HRV,Enforcing contracts,Alternative dispute resolution (0-3) (DB17-20 methodology),2.5
HRV,Enforcing contracts,Attorney fees (% of claim),8.6
HRV,Enforcing contracts,Case management (0-6) (DB17-20 methodology),3.5
HRV,Enforcing contracts,Cost (% of claim),15.2
HRV,Enforcing contracts,Court automation (0-4) (DB17-20 methodology),2
HRV,Enforcing contracts,Court fees (% of claim),4
HRV,Enforcing contracts,Court structure and proceedings (0-5) (DB17-20 methodology),5
HRV,Enforcing contracts,Enforcement fees (% of claim),2.6
HRV,Enforcing contracts,Enforcement of judgment (days),235
HRV,Enforcing contracts,Filing and service (days),50
HRV,Enforcing contracts,Quality of judicial processes index (0-18) (DB17-20 methodology),13
HRV,Enforcing contracts,Time (days),650
HRV,Enforcing contracts,Trial and judgment (days),365
HRV,Getting credit,Credit bureau coverage (% of adults),6.1
HRV,Getting credit,Credit registry coverage (% of adults),0
HRV,Getting credit,Depth of credit information index (0-8) (DB15-20 methodology),5
HRV,Getting credit,Getting Credit total score (DB15-20 methodology),10
HRV,Getting credit,Strength of legal rights index (0-12) (DB15-20 methodology),5
HRV,Paying taxes,Labor tax and contributions (% of profit),19.4
HRV,Paying taxes,Other taxes (% of profit),1.1
HRV,Paying taxes,Payments (number per year),12
HRV,Paying taxes,Profit tax (% of profit),0
HRV,Paying taxes,Time (hours per year),206
HRV,Paying taxes,Time to complete a corporate income tax correction (weeks) (DB17-20 methodology),20.28571
HRV,Paying taxes,Time to comply with VAT refund (hours) (DB17-20 methodology),0
HRV,Paying taxes,Time to comply with a corporate income tax correction (hours) (DB17-20 methodology),36.5
HRV,Paying taxes,Time to obtain VAT refund (weeks) (DB17-20 methodology),6.166667
HRV,Paying taxes,Total tax and contribution rate (% of profit),20.5
HRV,Registering property,Cost (% of property value),3
HRV,Registering property,Equal access to property rights index (-2-0) (DB17-20 methodology),0
HRV,Registering property,Geographic coverage index (0-8) (DB17-20 methodology),8
HRV,Registering property,Land dispute resolution index (0-8) (DB17-20 methodology),6
HRV,Registering property,Procedures (number),5
HRV,Registering property,Quality of land administration index (0-30) (DB17-20 methodology),23.5
HRV,Registering property,Reliability of infrastructure index (0-8) (DB17-20 methodology),6
HRV,Registering property,Time (days),33
HRV,Registering property,Transparency of information index (0-6) (DB17-20 methodology),3.5
HRV,Resolving insolvency,Commencement of proceedings index (0-3) (DB15-20 methodology),3
HRV,Resolving insolvency,Cost (% of estate),14.5
HRV,Resolving insolvency,Creditor participation index (0-4) (DB15-20 methodology),2
HRV,Resolving insolvency,Management of debtor's assets index (0-6) (DB15-20 methodology),4
HRV,Resolving insolvency,Outcome (0 as piecemeal sale and 1 as going concern),0
HRV,Resolving insolvency,Recovery rate (cents on the dollar),35.2
HRV,Resolving insolvency,Reorganization proceedings index (0-3) (DB15-20 methodology),3
HRV,Resolving insolvency,Strength of insolvency framework index (0-16),12
HRV,Resolving insolvency,Time (years),3.1
HRV,Starting a business,Cost - Men (% of income per capita),6.2
HRV,Starting a business,Cost - Women (% of income per capita),6.2
HRV,Starting a business,Paid-in Minimum capital (% of income per capita),5.5
HRV,Starting a business,Procedures - Men (number),7
HRV,Starting a business,Procedures - Women (number),7
HRV,Starting a business,Time - Men (days),19.5
HRV,Starting a business,Time - Women (days),19.5
HRV,Trading across borders,Cost to export: Border compliance (USD) (DB16-20 methodology),0
HRV,Trading across borders,Cost to export: Documentary compliance (USD) (DB16-20 methodology),0
HRV,Trading across borders,Cost to import: Border compliance (USD) (DB16-20 methodology),0
HRV,Trading across borders,Cost to import: Documentary compliance (USD) (DB16-20 methodology),0
HRV,Trading across borders,Time to export: Border compliance (hours) (DB16-20 methodology),.1285714
HRV,Trading across borders,Time to export: Documentary compliance (hours) (DB16-20 methodology),.5
HRV,Trading across borders,Time to import: Border compliance (hours) (DB16-20 methodology),.1444444
HRV,Trading across borders,Time to import: Documentary compliance (hours) (DB16-20 methodology),.5
HTI,Dealing with construction permits,Building quality control index (0-15) (DB16-20 methodology),5
HTI,Dealing with construction permits,Cost (% of Warehouse value),21.9
HTI,Dealing with construction permits,Liability and insurance regimes index (0-2) (DB16-20 methodology),0
HTI,Dealing with construction permits,Procedures (number),14
HTI,Dealing with construction permits,Professional certifications index (0-4) (DB16-20 methodology),0
HTI,Dealing with construction permits,Quality control after construction index (0-3) (DB16-20 methodology),2
HTI,Dealing with construction permits,Quality control before construction index (0-1) (DB16-20 methodology),1
HTI,Dealing with construction permits,Quality control during construction index (0-3) (DB16-20 methodology),1
HTI,Dealing with construction permits,Quality of building regulations index (0-2) (DB16-20 methodology),1
HTI,Dealing with construction permits,Time (days),97
HTI,Enforcing contracts,Alternative dispute resolution (0-3) (DB17-20 methodology),2
HTI,Enforcing contracts,Attorney fees (% of claim),20
HTI,Enforcing contracts,Case management (0-6) (DB17-20 methodology),.5
HTI,Enforcing contracts,Cost (% of claim),42.6
HTI,Enforcing contracts,Court automation (0-4) (DB17-20 methodology),0
HTI,Enforcing contracts,Court fees (% of claim),12.6
HTI,Enforcing contracts,Court structure and proceedings (0-5) (DB17-20 methodology),4
HTI,Enforcing contracts,Enforcement fees (% of claim),10
HTI,Enforcing contracts,Enforcement of judgment (days),180
HTI,Enforcing contracts,Filing and service (days),30
HTI,Enforcing contracts,Quality of judicial processes index (0-18) (DB17-20 methodology),6.5
HTI,Enforcing contracts,Time (days),530
HTI,Enforcing contracts,Trial and judgment (days),320
HTI,Getting credit,Credit bureau coverage (% of adults),0
HTI,Getting credit,Credit registry coverage (% of adults),5.3
HTI,Getting credit,Depth of credit information index (0-8) (DB15-20 methodology),5
HTI,Getting credit,Getting Credit total score (DB15-20 methodology),7
HTI,Getting credit,Strength of legal rights index (0-12) (DB15-20 methodology),2
HTI,Paying taxes,Labor tax and contributions (% of profit),12.4
HTI,Paying taxes,Other taxes (% of profit),7.5
HTI,Paying taxes,Payments (number per year),47
HTI,Paying taxes,Profit tax (% of profit),22.8
HTI,Paying taxes,Time (hours per year),184
HTI,Paying taxes,Time to complete a corporate income tax correction (weeks) (DB17-20 methodology),0
HTI,Paying taxes,Time to comply with VAT refund (hours) (DB17-20 methodology),No VAT refund per case study scenario
HTI,Paying taxes,Time to comply with a corporate income tax correction (hours) (DB17-20 methodology),5.5
HTI,Paying taxes,Time to obtain VAT refund (weeks) (DB17-20 methodology),No VAT refund per case study scenario
HTI,Paying taxes,Total tax and contribution rate (% of profit),42.7
HTI,Registering property,Cost (% of property value),6.8
HTI,Registering property,Equal access to property rights index (-2-0) (DB17-20 methodology),-1
HTI,Registering property,Geographic coverage index (0-8) (DB17-20 methodology),0
HTI,Registering property,Land dispute resolution index (0-8) (DB17-20 methodology),3.5
HTI,Registering property,Procedures (number),6
HTI,Registering property,Quality of land administration index (0-30) (DB17-20 methodology),2.5
HTI,Registering property,Reliability of infrastructure index (0-8) (DB17-20 methodology),0
HTI,Registering property,Time (days),319
HTI,Registering property,Transparency of information index (0-6) (DB17-20 methodology),0
HTI,Resolving insolvency,Commencement of proceedings index (0-3) (DB15-20 methodology),2
HTI,Resolving insolvency,Creditor participation index (0-4) (DB15-20 methodology),1
HTI,Resolving insolvency,Management of debtor's assets index (0-6) (DB15-20 methodology),0
HTI,Resolving insolvency,Outcome (0 as piecemeal sale and 1 as going concern),0
HTI,Resolving insolvency,Recovery rate (cents on the dollar),0
HTI,Resolving insolvency,Reorganization proceedings index (0-3) (DB15-20 methodology),0
HTI,Resolving insolvency,Strength of insolvency framework index (0-16),0
HTI,Starting a business,Cost - Men (% of income per capita),179.7
HTI,Starting a business,Cost - Women (% of income per capita),179.7
HTI,Starting a business,Paid-in Minimum capital (% of income per capita),11
HTI,Starting a business,Procedures - Men (number),12
HTI,Starting a business,Procedures - Women (number),12
HTI,Starting a business,Time - Men (days),97
HTI,Starting a business,Time - Women (days),97
HTI,Trading across borders,Cost to export: Border compliance (USD) (DB16-20 methodology),367.5
HTI,Trading across borders,Cost to export: Documentary compliance (USD) (DB16-20 methodology),47.5
HTI,Trading across borders,Cost to import: Border compliance (USD) (DB16-20 methodology),562.5
HTI,Trading across borders,Cost to import: Documentary compliance (USD) (DB16-20 methodology),150
HTI,Trading across borders,Time to export: Border compliance (hours) (DB16-20 methodology),27.75
HTI,Trading across borders,Time to export: Documentary compliance (hours) (DB16-20 methodology),22
HTI,Trading across borders,Time to import: Border compliance (hours) (DB16-20 methodology),83
HTI,Trading across borders,Time to import: Documentary compliance (hours) (DB16-20 methodology),28
HUN,Dealing with construction permits,Building quality control index (0-15) (DB16-20 methodology),13
HUN,Dealing with construction permits,Cost (% of Warehouse value),.6
HUN,Dealing with construction permits,Liability and insurance regimes index (0-2) (DB16-20 methodology),1
HUN,Dealing with construction permits,Procedures (number),22
HUN,Dealing with construction permits,Professional certifications index (0-4) (DB16-20 methodology),4
HUN,Dealing with construction permits,Quality control after construction index (0-3) (DB16-20 methodology),3
HUN,Dealing with construction permits,Quality control before construction index (0-1) (DB16-20 methodology),1
HUN,Dealing with construction permits,Quality control during construction index (0-3) (DB16-20 methodology),2
HUN,Dealing with construction permits,Quality of building regulations index (0-2) (DB16-20 methodology),2
HUN,Dealing with construction permits,Time (days),192.5
HUN,Enforcing contracts,Alternative dispute resolution (0-3) (DB17-20 methodology),3
HUN,Enforcing contracts,Attorney fees (% of claim),5
HUN,Enforcing contracts,Case management (0-6) (DB17-20 methodology),4
HUN,Enforcing contracts,Cost (% of claim),15
HUN,Enforcing contracts,Court automation (0-4) (DB17-20 methodology),2.5
HUN,Enforcing contracts,Court fees (% of claim),8
HUN,Enforcing contracts,Court structure and proceedings (0-5) (DB17-20 methodology),3
HUN,Enforcing contracts,Enforcement fees (% of claim),2
HUN,Enforcing contracts,Enforcement of judgment (days),180
HUN,Enforcing contracts,Filing and service (days),60
HUN,Enforcing contracts,Quality of judicial processes index (0-18) (DB17-20 methodology),12.5
HUN,Enforcing contracts,Time (days),605
HUN,Enforcing contracts,Trial and judgment (days),365
HUN,Getting credit,Credit bureau coverage (% of adults),91.1
HUN,Getting credit,Credit registry coverage (% of adults),0
HUN,Getting credit,Depth of credit information index (0-8) (DB15-20 methodology),6
HUN,Getting credit,Getting Credit total score (DB15-20 methodology),15
HUN,Getting credit,Strength of legal rights index (0-12) (DB15-20 methodology),9
HUN,Paying taxes,Labor tax and contributions (% of profit),26.4
HUN,Paying taxes,Other taxes (% of profit),2.1
HUN,Paying taxes,Payments (number per year),11
HUN,Paying taxes,Profit tax (% of profit),9.4
HUN,Paying taxes,Time (hours per year),277
HUN,Paying taxes,Time to complete a corporate income tax correction (weeks) (DB17-20 methodology),0
HUN,Paying taxes,Time to comply with VAT refund (hours) (DB17-20 methodology),15
HUN,Paying taxes,Time to comply with a corporate income tax correction (hours) (DB17-20 methodology),4
HUN,Paying taxes,Time to obtain VAT refund (weeks) (DB17-20 methodology),11.16667
HUN,Paying taxes,Total tax and contribution rate (% of profit),37.9
HUN,Registering property,Cost (% of property value),5
HUN,Registering property,Equal access to property rights index (-2-0) (DB17-20 methodology),0
HUN,Registering property,Geographic coverage index (0-8) (DB17-20 methodology),8
HUN,Registering property,Land dispute resolution index (0-8) (DB17-20 methodology),6.5
HUN,Registering property,Procedures (number),4
HUN,Registering property,Quality of land administration index (0-30) (DB17-20 methodology),26
HUN,Registering property,Reliability of infrastructure index (0-8) (DB17-20 methodology),8
HUN,Registering property,Time (days),17.5
HUN,Registering property,Transparency of information index (0-6) (DB17-20 methodology),3.5
HUN,Resolving insolvency,Commencement of proceedings index (0-3) (DB15-20 methodology),2.5
HUN,Resolving insolvency,Cost (% of estate),14.5
HUN,Resolving insolvency,Creditor participation index (0-4) (DB15-20 methodology),2
HUN,Resolving insolvency,Management of debtor's assets index (0-6) (DB15-20 methodology),5
HUN,Resolving insolvency,Outcome (0 as piecemeal sale and 1 as going concern),0
HUN,Resolving insolvency,Recovery rate (cents on the dollar),44.2
HUN,Resolving insolvency,Reorganization proceedings index (0-3) (DB15-20 methodology),.5
HUN,Resolving insolvency,Strength of insolvency framework index (0-16),10
HUN,Resolving insolvency,Time (years),2
HUN,Starting a business,Cost - Men (% of income per capita),4.5
HUN,Starting a business,Cost - Women (% of income per capita),4.5
HUN,Starting a business,Paid-in Minimum capital (% of income per capita),36.2
HUN,Starting a business,Procedures - Men (number),6
HUN,Starting a business,Procedures - Women (number),6
HUN,Starting a business,Time - Men (days),7
HUN,Starting a business,Time - Women (days),7
HUN,Trading across borders,Cost to export: Border compliance (USD) (DB16-20 methodology),0
HUN,Trading across borders,Cost to export: Documentary compliance (USD) (DB16-20 methodology),0
HUN,Trading across borders,Cost to import: Border compliance (USD) (DB16-20 methodology),0
HUN,Trading across borders,Cost to import: Documentary compliance (USD) (DB16-20 methodology),0
HUN,Trading across borders,Time to export: Border compliance (hours) (DB16-20 methodology),0
HUN,Trading across borders,Time to export: Documentary compliance (hours) (DB16-20 methodology),.75
HUN,Trading across borders,Time to import: Border compliance (hours) (DB16-20 methodology),0
HUN,Trading across borders,Time to import: Documentary compliance (hours) (DB16-20 methodology),.75
IDN,Dealing with construction permits,Building quality control index (0-15) (DB16-20 methodology),13.78
IDN,Dealing with construction permits,Cost (% of Warehouse value),4.5
IDN,Dealing with construction permits,Liability and insurance regimes index (0-2) (DB16-20 methodology),2
IDN,Dealing with construction permits,Procedures (number),18
IDN,Dealing with construction permits,Professional certifications index (0-4) (DB16-20 methodology),4
IDN,Dealing with construction permits,Quality control after construction index (0-3) (DB16-20 methodology),3
IDN,Dealing with construction permits,Quality control before construction index (0-1) (DB16-20 methodology),1
IDN,Dealing with construction permits,Quality control during construction index (0-3) (DB16-20 methodology),2
IDN,Dealing with construction permits,Quality of building regulations index (0-2) (DB16-20 methodology),1.78
IDN,Dealing with construction permits,Time (days),200.13
IDN,Enforcing contracts,Alternative dispute resolution (0-3) (DB17-20 methodology),2.5
IDN,Enforcing contracts,Attorney fees (% of claim),46.7
IDN,Enforcing contracts,Case management (0-6) (DB17-20 methodology),2.78
IDN,Enforcing contracts,Cost (% of claim),70.3
IDN,Enforcing contracts,Court automation (0-4) (DB17-20 methodology),.61
IDN,Enforcing contracts,Court fees (% of claim),11.7
IDN,Enforcing contracts,Court structure and proceedings (0-5) (DB17-20 methodology),3
IDN,Enforcing contracts,Enforcement fees (% of claim),11.9
IDN,Enforcing contracts,Enforcement of judgment (days),199.8
IDN,Enforcing contracts,Filing and service (days),60
IDN,Enforcing contracts,Quality of judicial processes index (0-18) (DB17-20 methodology),8.89
IDN,Enforcing contracts,Time (days),403.2
IDN,Enforcing contracts,Trial and judgment (days),143.4
IDN,Getting credit,Credit bureau coverage (% of adults),40.4
IDN,Getting credit,Credit registry coverage (% of adults),30.9
IDN,Getting credit,Depth of credit information index (0-8) (DB15-20 methodology),8
IDN,Getting credit,Getting Credit total score (DB15-20 methodology),14
IDN,Getting credit,Strength of legal rights index (0-12) (DB15-20 methodology),6
IDN,Paying taxes,Labor tax and contributions (% of profit),11.6
IDN,Paying taxes,Other taxes (% of profit),.4
IDN,Paying taxes,Payments (number per year),26
IDN,Paying taxes,Profit tax (% of profit),18.1
IDN,Paying taxes,Time (hours per year),191
IDN,Paying taxes,Time to complete a corporate income tax correction (weeks) (DB17-20 methodology),0
IDN,Paying taxes,Time to comply with VAT refund (hours) (DB17-20 methodology),18
IDN,Paying taxes,Time to comply with a corporate income tax correction (hours) (DB17-20 methodology),3
IDN,Paying taxes,Time to obtain VAT refund (weeks) (DB17-20 methodology),47.7381
IDN,Paying taxes,Total tax and contribution rate (% of profit),30.1
IDN,Registering property,Cost (% of property value),8.3
IDN,Registering property,Equal access to property rights index (-2-0) (DB17-20 methodology),0
IDN,Registering property,Geographic coverage index (0-8) (DB17-20 methodology),0
IDN,Registering property,Land dispute resolution index (0-8) (DB17-20 methodology),7.5
IDN,Registering property,Procedures (number),6
IDN,Registering property,Quality of land administration index (0-30) (DB17-20 methodology),15.5
IDN,Registering property,Reliability of infrastructure index (0-8) (DB17-20 methodology),5
IDN,Registering property,Time (days),30.64
IDN,Registering property,Transparency of information index (0-6) (DB17-20 methodology),3
IDN,Resolving insolvency,Commencement of proceedings index (0-3) (DB15-20 methodology),3
IDN,Resolving insolvency,Cost (% of estate),21.6
IDN,Resolving insolvency,Creditor participation index (0-4) (DB15-20 methodology),2
IDN,Resolving insolvency,Management of debtor's assets index (0-6) (DB15-20 methodology),5
IDN,Resolving insolvency,Outcome (0 as piecemeal sale and 1 as going concern),1
IDN,Resolving insolvency,Recovery rate (cents on the dollar),65.5
IDN,Resolving insolvency,Reorganization proceedings index (0-3) (DB15-20 methodology),.5
IDN,Resolving insolvency,Strength of insolvency framework index (0-16),10.5
IDN,Resolving insolvency,Time (years),1.1
IDN,Starting a business,Cost - Men (% of income per capita),5.7
IDN,Starting a business,Cost - Women (% of income per capita),5.7
IDN,Starting a business,Paid-in Minimum capital (% of income per capita),0
IDN,Starting a business,Procedures - Men (number),11.22
IDN,Starting a business,Procedures - Women (number),11.22
IDN,Starting a business,Time - Men (days),12.64
IDN,Starting a business,Time - Women (days),12.64
IDN,Trading across borders,Cost to export: Border compliance (USD) (DB16-20 methodology),211.0714
IDN,Trading across borders,Cost to export: Documentary compliance (USD) (DB16-20 methodology),138.8
IDN,Trading across borders,Cost to import: Border compliance (USD) (DB16-20 methodology),382.5867
IDN,Trading across borders,Cost to import: Documentary compliance (USD) (DB16-20 methodology),164.4
IDN,Trading across borders,Time to export: Border compliance (hours) (DB16-20 methodology),56.28
IDN,Trading across borders,Time to export: Documentary compliance (hours) (DB16-20 methodology),61.32
IDN,Trading across borders,Time to import: Border compliance (hours) (DB16-20 methodology),99.36
IDN,Trading across borders,Time to import: Documentary compliance (hours) (DB16-20 methodology),106.22
IND,Dealing with construction permits,Building quality control index (0-15) (DB16-20 methodology),14.53
IND,Dealing with construction permits,Cost (% of Warehouse value),4
IND,Dealing with construction permits,Liability and insurance regimes index (0-2) (DB16-20 methodology),2
IND,Dealing with construction permits,Procedures (number),14.76
IND,Dealing with construction permits,Professional certifications index (0-4) (DB16-20 methodology),4
IND,Dealing with construction permits,Quality control after construction index (0-3) (DB16-20 methodology),3
IND,Dealing with construction permits,Quality control before construction index (0-1) (DB16-20 methodology),1
IND,Dealing with construction permits,Quality control during construction index (0-3) (DB16-20 methodology),2.53
IND,Dealing with construction permits,Quality of building regulations index (0-2) (DB16-20 methodology),2
IND,Dealing with construction permits,Time (days),106.215
IND,Enforcing contracts,Alternative dispute resolution (0-3) (DB17-20 methodology),2.5
IND,Enforcing contracts,Attorney fees (% of claim),22
IND,Enforcing contracts,Case management (0-6) (DB17-20 methodology),1.5
IND,Enforcing contracts,Cost (% of claim),31
IND,Enforcing contracts,Court automation (0-4) (DB17-20 methodology),2
IND,Enforcing contracts,Court fees (% of claim),8.5
IND,Enforcing contracts,Court structure and proceedings (0-5) (DB17-20 methodology),4.5
IND,Enforcing contracts,Enforcement fees (% of claim),.5
IND,Enforcing contracts,Enforcement of judgment (days),305
IND,Enforcing contracts,Filing and service (days),45
IND,Enforcing contracts,Quality of judicial processes index (0-18) (DB17-20 methodology),10.5
IND,Enforcing contracts,Time (days),1445
IND,Enforcing contracts,Trial and judgment (days),1095
IND,Getting credit,Credit bureau coverage (% of adults),63.1
IND,Getting credit,Credit registry coverage (% of adults),0
IND,Getting credit,Depth of credit information index (0-8) (DB15-20 methodology),7
IND,Getting credit,Getting Credit total score (DB15-20 methodology),16
IND,Getting credit,Strength of legal rights index (0-12) (DB15-20 methodology),9
IND,Paying taxes,Labor tax and contributions (% of profit),20.2
IND,Paying taxes,Other taxes (% of profit),7.9
IND,Paying taxes,Payments (number per year),10.94
IND,Paying taxes,Profit tax (% of profit),21.6
IND,Paying taxes,Time (hours per year),251.88
IND,Paying taxes,Time to complete a corporate income tax correction (weeks) (DB17-20 methodology),0
IND,Paying taxes,Time to comply with VAT refund (hours) (DB17-20 methodology),No VAT refund per case study scenario
IND,Paying taxes,Time to comply with a corporate income tax correction (hours) (DB17-20 methodology),3
IND,Paying taxes,Time to obtain VAT refund (weeks) (DB17-20 methodology),No VAT refund per case study scenario
IND,Paying taxes,Total tax and contribution rate (% of profit),49.7
IND,Registering property,Cost (% of property value),7.8
IND,Registering property,Equal access to property rights index (-2-0) (DB17-20 methodology),0
IND,Registering property,Geographic coverage index (0-8) (DB17-20 methodology),0
IND,Registering property,Land dispute resolution index (0-8) (DB17-20 methodology),3.5
IND,Registering property,Procedures (number),9
IND,Registering property,Quality of land administration index (0-30) (DB17-20 methodology),10.82
IND,Registering property,Reliability of infrastructure index (0-8) (DB17-20 methodology),3.88
IND,Registering property,Time (days),57.93
IND,Registering property,Transparency of information index (0-6) (DB17-20 methodology),3.44
IND,Resolving insolvency,Commencement of proceedings index (0-3) (DB15-20 methodology),2
IND,Resolving insolvency,Cost (% of estate),9
IND,Resolving insolvency,Creditor participation index (0-4) (DB15-20 methodology),1
IND,Resolving insolvency,Management of debtor's assets index (0-6) (DB15-20 methodology),4.5
IND,Resolving insolvency,Outcome (0 as piecemeal sale and 1 as going concern),1
IND,Resolving insolvency,Recovery rate (cents on the dollar),71.6
IND,Resolving insolvency,Reorganization proceedings index (0-3) (DB15-20 methodology),0
IND,Resolving insolvency,Strength of insolvency framework index (0-16),7.5
IND,Resolving insolvency,Time (years),1.6
IND,Starting a business,Cost - Men (% of income per capita),7.2
IND,Starting a business,Cost - Women (% of income per capita),7.2
IND,Starting a business,Paid-in Minimum capital (% of income per capita),0
IND,Starting a business,Procedures - Men (number),10
IND,Starting a business,Procedures - Women (number),10
IND,Starting a business,Time - Men (days),17.47
IND,Starting a business,Time - Women (days),17.47
IND,Trading across borders,Cost to export: Border compliance (USD) (DB16-20 methodology),211.92
IND,Trading across borders,Cost to export: Documentary compliance (USD) (DB16-20 methodology),57.95
IND,Trading across borders,Cost to import: Border compliance (USD) (DB16-20 methodology),266.11
IND,Trading across borders,Cost to import: Documentary compliance (USD) (DB16-20 methodology),100
IND,Trading across borders,Time to export: Border compliance (hours) (DB16-20 methodology),52.12
IND,Trading across borders,Time to export: Documentary compliance (hours) (DB16-20 methodology),11.64
IND,Trading across borders,Time to import: Border compliance (hours) (DB16-20 methodology),65.3
IND,Trading across borders,Time to import: Documentary compliance (hours) (DB16-20 methodology),19.88
IRL,Dealing with construction permits,Building quality control index (0-15) (DB16-20 methodology),13
IRL,Dealing with construction permits,Cost (% of Warehouse value),4.1
IRL,Dealing with construction permits,Liability and insurance regimes index (0-2) (DB16-20 methodology),0
IRL,Dealing with construction permits,Procedures (number),10
IRL,Dealing with construction permits,Professional certifications index (0-4) (DB16-20 methodology),4
IRL,Dealing with construction permits,Quality control after construction index (0-3) (DB16-20 methodology),3
IRL,Dealing with construction permits,Quality control before construction index (0-1) (DB16-20 methodology),1
IRL,Dealing with construction permits,Quality control during construction index (0-3) (DB16-20 methodology),3
IRL,Dealing with construction permits,Quality of building regulations index (0-2) (DB16-20 methodology),2
IRL,Dealing with construction permits,Time (days),164
IRL,Enforcing contracts,Alternative dispute resolution (0-3) (DB17-20 methodology),2.5
IRL,Enforcing contracts,Attorney fees (% of claim),18.8
IRL,Enforcing contracts,Case management (0-6) (DB17-20 methodology),1
IRL,Enforcing contracts,Cost (% of claim),26.9
IRL,Enforcing contracts,Court automation (0-4) (DB17-20 methodology),.5
IRL,Enforcing contracts,Court fees (% of claim),2.3
IRL,Enforcing contracts,Court structure and proceedings (0-5) (DB17-20 methodology),4.5
IRL,Enforcing contracts,Enforcement fees (% of claim),5.8
IRL,Enforcing contracts,Enforcement of judgment (days),90
IRL,Enforcing contracts,Filing and service (days),60
IRL,Enforcing contracts,Quality of judicial processes index (0-18) (DB17-20 methodology),8.5
IRL,Enforcing contracts,Time (days),650
IRL,Enforcing contracts,Trial and judgment (days),500
IRL,Getting credit,Credit bureau coverage (% of adults),100
IRL,Getting credit,Credit registry coverage (% of adults),94.4
IRL,Getting credit,Depth of credit information index (0-8) (DB15-20 methodology),7
IRL,Getting credit,Getting Credit total score (DB15-20 methodology),14
IRL,Getting credit,Strength of legal rights index (0-12) (DB15-20 methodology),7
IRL,Paying taxes,Labor tax and contributions (% of profit),12.4
IRL,Paying taxes,Other taxes (% of profit),1.4
IRL,Paying taxes,Payments (number per year),9
IRL,Paying taxes,Profit tax (% of profit),12.4
IRL,Paying taxes,Time (hours per year),81.5
IRL,Paying taxes,Time to complete a corporate income tax correction (weeks) (DB17-20 methodology),0
IRL,Paying taxes,Time to comply with VAT refund (hours) (DB17-20 methodology),0
IRL,Paying taxes,Time to comply with a corporate income tax correction (hours) (DB17-20 methodology),2
IRL,Paying taxes,Time to obtain VAT refund (weeks) (DB17-20 methodology),16.33333
IRL,Paying taxes,Total tax and contribution rate (% of profit),26.1
IRL,Registering property,Cost (% of property value),6.5
IRL,Registering property,Equal access to property rights index (-2-0) (DB17-20 methodology),0
IRL,Registering property,Geographic coverage index (0-8) (DB17-20 methodology),4
IRL,Registering property,Land dispute resolution index (0-8) (DB17-20 methodology),7
IRL,Registering property,Procedures (number),5
IRL,Registering property,Quality of land administration index (0-30) (DB17-20 methodology),23.5
IRL,Registering property,Reliability of infrastructure index (0-8) (DB17-20 methodology),8
IRL,Registering property,Time (days),31.5
IRL,Registering property,Transparency of information index (0-6) (DB17-20 methodology),4.5
IRL,Resolving insolvency,Commencement of proceedings index (0-3) (DB15-20 methodology),3
IRL,Resolving insolvency,Cost (% of estate),9
IRL,Resolving insolvency,Creditor participation index (0-4) (DB15-20 methodology),1
IRL,Resolving insolvency,Management of debtor's assets index (0-6) (DB15-20 methodology),5
IRL,Resolving insolvency,Outcome (0 as piecemeal sale and 1 as going concern),1
IRL,Resolving insolvency,Recovery rate (cents on the dollar),86.1
IRL,Resolving insolvency,Reorganization proceedings index (0-3) (DB15-20 methodology),1.5
IRL,Resolving insolvency,Strength of insolvency framework index (0-16),10.5
IRL,Resolving insolvency,Time (years),.4
IRL,Starting a business,Cost - Men (% of income per capita),.1
IRL,Starting a business,Cost - Women (% of income per capita),.1
IRL,Starting a business,Paid-in Minimum capital (% of income per capita),0
IRL,Starting a business,Procedures - Men (number),3
IRL,Starting a business,Procedures - Women (number),3
IRL,Starting a business,Time - Men (days),11
IRL,Starting a business,Time - Women (days),11
IRL,Trading across borders,Cost to export: Border compliance (USD) (DB16-20 methodology),305
IRL,Trading across borders,Cost to export: Documentary compliance (USD) (DB16-20 methodology),75
IRL,Trading across borders,Cost to import: Border compliance (USD) (DB16-20 methodology),253
IRL,Trading across borders,Cost to import: Documentary compliance (USD) (DB16-20 methodology),75
IRL,Trading across borders,Time to export: Border compliance (hours) (DB16-20 methodology),24
IRL,Trading across borders,Time to export: Documentary compliance (hours) (DB16-20 methodology),1
IRL,Trading across borders,Time to import: Border compliance (hours) (DB16-20 methodology),24
IRL,Trading across borders,Time to import: Documentary compliance (hours) (DB16-20 methodology),.8125
IRN,Dealing with construction permits,Building quality control index (0-15) (DB16-20 methodology),13.5
IRN,Dealing with construction permits,Cost (% of Warehouse value),6.3
IRN,Dealing with construction permits,Liability and insurance regimes index (0-2) (DB16-20 methodology),1.5
IRN,Dealing with construction permits,Procedures (number),16
IRN,Dealing with construction permits,Professional certifications index (0-4) (DB16-20 methodology),4
IRN,Dealing with construction permits,Quality control after construction index (0-3) (DB16-20 methodology),3
IRN,Dealing with construction permits,Quality control before construction index (0-1) (DB16-20 methodology),1
IRN,Dealing with construction permits,Quality control during construction index (0-3) (DB16-20 methodology),2
IRN,Dealing with construction permits,Quality of building regulations index (0-2) (DB16-20 methodology),2
IRN,Dealing with construction permits,Time (days),130
IRN,Enforcing contracts,Alternative dispute resolution (0-3) (DB17-20 methodology),2.5
IRN,Enforcing contracts,Attorney fees (% of claim),10
IRN,Enforcing contracts,Case management (0-6) (DB17-20 methodology),1
IRN,Enforcing contracts,Cost (% of claim),19.3
IRN,Enforcing contracts,Court automation (0-4) (DB17-20 methodology),1
IRN,Enforcing contracts,Court fees (% of claim),4.3
IRN,Enforcing contracts,Court structure and proceedings (0-5) (DB17-20 methodology),.5
IRN,Enforcing contracts,Enforcement fees (% of claim),5
IRN,Enforcing contracts,Enforcement of judgment (days),180
IRN,Enforcing contracts,Filing and service (days),30
IRN,Enforcing contracts,Quality of judicial processes index (0-18) (DB17-20 methodology),5
IRN,Enforcing contracts,Time (days),505
IRN,Enforcing contracts,Trial and judgment (days),295
IRN,Getting credit,Credit bureau coverage (% of adults),60.7
IRN,Getting credit,Credit registry coverage (% of adults),60.3
IRN,Getting credit,Depth of credit information index (0-8) (DB15-20 methodology),8
IRN,Getting credit,Getting Credit total score (DB15-20 methodology),10
IRN,Getting credit,Strength of legal rights index (0-12) (DB15-20 methodology),2
IRN,Paying taxes,Labor tax and contributions (% of profit),25.9
IRN,Paying taxes,Other taxes (% of profit),.4
IRN,Paying taxes,Payments (number per year),20
IRN,Paying taxes,Profit tax (% of profit),18.4
IRN,Paying taxes,Time (hours per year),216
IRN,Paying taxes,Time to complete a corporate income tax correction (weeks) (DB17-20 methodology),38.85714
IRN,Paying taxes,Time to comply with VAT refund (hours) (DB17-20 methodology),51
IRN,Paying taxes,Time to comply with a corporate income tax correction (hours) (DB17-20 methodology),32
IRN,Paying taxes,Time to obtain VAT refund (weeks) (DB17-20 methodology),38.5
IRN,Paying taxes,Total tax and contribution rate (% of profit),44.7
IRN,Registering property,Cost (% of property value),3.8
IRN,Registering property,Equal access to property rights index (-2-0) (DB17-20 methodology),0
IRN,Registering property,Geographic coverage index (0-8) (DB17-20 methodology),4
IRN,Registering property,Land dispute resolution index (0-8) (DB17-20 methodology),5
IRN,Registering property,Procedures (number),6
IRN,Registering property,Quality of land administration index (0-30) (DB17-20 methodology),16
IRN,Registering property,Reliability of infrastructure index (0-8) (DB17-20 methodology),6
IRN,Registering property,Time (days),31
IRN,Registering property,Transparency of information index (0-6) (DB17-20 methodology),1
IRN,Resolving insolvency,Commencement of proceedings index (0-3) (DB15-20 methodology),2
IRN,Resolving insolvency,Cost (% of estate),15
IRN,Resolving insolvency,Creditor participation index (0-4) (DB15-20 methodology),1
IRN,Resolving insolvency,Management of debtor's assets index (0-6) (DB15-20 methodology),2
IRN,Resolving insolvency,Outcome (0 as piecemeal sale and 1 as going concern),0
IRN,Resolving insolvency,Recovery rate (cents on the dollar),36.1
IRN,Resolving insolvency,Reorganization proceedings index (0-3) (DB15-20 methodology),0
IRN,Resolving insolvency,Strength of insolvency framework index (0-16),5
IRN,Resolving insolvency,Time (years),1.5
IRN,Starting a business,Cost - Men (% of income per capita),1.1
IRN,Starting a business,Cost - Women (% of income per capita),1.1
IRN,Starting a business,Paid-in Minimum capital (% of income per capita),0
IRN,Starting a business,Procedures - Men (number),10
IRN,Starting a business,Procedures - Women (number),11
IRN,Starting a business,Time - Men (days),72
IRN,Starting a business,Time - Women (days),73
IRN,Trading across borders,Cost to export: Border compliance (USD) (DB16-20 methodology),415.3846
IRN,Trading across borders,Cost to export: Documentary compliance (USD) (DB16-20 methodology),60
IRN,Trading across borders,Cost to import: Border compliance (USD) (DB16-20 methodology),660.3846
IRN,Trading across borders,Cost to import: Documentary compliance (USD) (DB16-20 methodology),90
IRN,Trading across borders,Time to export: Border compliance (hours) (DB16-20 methodology),101
IRN,Trading across borders,Time to export: Documentary compliance (hours) (DB16-20 methodology),33
IRN,Trading across borders,Time to import: Border compliance (hours) (DB16-20 methodology),141
IRN,Trading across borders,Time to import: Documentary compliance (hours) (DB16-20 methodology),40
IRQ,Dealing with construction permits,Building quality control index (0-15) (DB16-20 methodology),5.5
IRQ,Dealing with construction permits,Cost (% of Warehouse value),.3
IRQ,Dealing with construction permits,Liability and insurance regimes index (0-2) (DB16-20 methodology),.5
IRQ,Dealing with construction permits,Procedures (number),11
IRQ,Dealing with construction permits,Professional certifications index (0-4) (DB16-20 methodology),1
IRQ,Dealing with construction permits,Quality control after construction index (0-3) (DB16-20 methodology),2
IRQ,Dealing with construction permits,Quality control before construction index (0-1) (DB16-20 methodology),1
IRQ,Dealing with construction permits,Quality control during construction index (0-3) (DB16-20 methodology),0
IRQ,Dealing with construction permits,Quality of building regulations index (0-2) (DB16-20 methodology),1
IRQ,Dealing with construction permits,Time (days),167
IRQ,Enforcing contracts,Alternative dispute resolution (0-3) (DB17-20 methodology),1.5
IRQ,Enforcing contracts,Attorney fees (% of claim),22.5
IRQ,Enforcing contracts,Case management (0-6) (DB17-20 methodology),0
IRQ,Enforcing contracts,Cost (% of claim),28.1
IRQ,Enforcing contracts,Court automation (0-4) (DB17-20 methodology),0
IRQ,Enforcing contracts,Court fees (% of claim),2.3
IRQ,Enforcing contracts,Court structure and proceedings (0-5) (DB17-20 methodology),0
IRQ,Enforcing contracts,Enforcement fees (% of claim),3.3
IRQ,Enforcing contracts,Enforcement of judgment (days),100
IRQ,Enforcing contracts,Filing and service (days),60
IRQ,Enforcing contracts,Quality of judicial processes index (0-18) (DB17-20 methodology),1.5
IRQ,Enforcing contracts,Time (days),520
IRQ,Enforcing contracts,Trial and judgment (days),360
IRQ,Getting credit,Credit bureau coverage (% of adults),0
IRQ,Getting credit,Credit registry coverage (% of adults),1.3
IRQ,Getting credit,Depth of credit information index (0-8) (DB15-20 methodology),0
IRQ,Getting credit,Getting Credit total score (DB15-20 methodology),0
IRQ,Getting credit,Strength of legal rights index (0-12) (DB15-20 methodology),0
IRQ,Paying taxes,Labor tax and contributions (% of profit),13.5
IRQ,Paying taxes,Other taxes (% of profit),2.3
IRQ,Paying taxes,Payments (number per year),15
IRQ,Paying taxes,Profit tax (% of profit),15
IRQ,Paying taxes,Time (hours per year),312
IRQ,Paying taxes,Time to complete a corporate income tax correction (weeks) (DB17-20 methodology),18.28571
IRQ,Paying taxes,Time to comply with a corporate income tax correction (hours) (DB17-20 methodology),83
IRQ,Paying taxes,Total tax and contribution rate (% of profit),30.8
IRQ,Registering property,Cost (% of property value),7.3
IRQ,Registering property,Equal access to property rights index (-2-0) (DB17-20 methodology),0
IRQ,Registering property,Geographic coverage index (0-8) (DB17-20 methodology),4
IRQ,Registering property,Land dispute resolution index (0-8) (DB17-20 methodology),5
IRQ,Registering property,Procedures (number),5
IRQ,Registering property,Quality of land administration index (0-30) (DB17-20 methodology),10.5
IRQ,Registering property,Reliability of infrastructure index (0-8) (DB17-20 methodology),1
IRQ,Registering property,Time (days),51
IRQ,Registering property,Transparency of information index (0-6) (DB17-20 methodology),.5
IRQ,Resolving insolvency,Commencement of proceedings index (0-3) (DB15-20 methodology),2
IRQ,Resolving insolvency,Creditor participation index (0-4) (DB15-20 methodology),1
IRQ,Resolving insolvency,Management of debtor's assets index (0-6) (DB15-20 methodology),4
IRQ,Resolving insolvency,Outcome (0 as piecemeal sale and 1 as going concern),0
IRQ,Resolving insolvency,Recovery rate (cents on the dollar),0
IRQ,Resolving insolvency,Reorganization proceedings index (0-3) (DB15-20 methodology),0
IRQ,Resolving insolvency,Strength of insolvency framework index (0-16),0
IRQ,Starting a business,Cost - Men (% of income per capita),34.2
IRQ,Starting a business,Cost - Women (% of income per capita),34.2
IRQ,Starting a business,Paid-in Minimum capital (% of income per capita),14.6
IRQ,Starting a business,Procedures - Men (number),8
IRQ,Starting a business,Procedures - Women (number),9
IRQ,Starting a business,Time - Men (days),26
IRQ,Starting a business,Time - Women (days),27
IRQ,Trading across borders,Cost to export: Border compliance (USD) (DB16-20 methodology),1117.857
IRQ,Trading across borders,Cost to export: Documentary compliance (USD) (DB16-20 methodology),1800
IRQ,Trading across borders,Cost to import: Border compliance (USD) (DB16-20 methodology),644.4444
IRQ,Trading across borders,Cost to import: Documentary compliance (USD) (DB16-20 methodology),500
IRQ,Trading across borders,Time to export: Border compliance (hours) (DB16-20 methodology),84.57143
IRQ,Trading across borders,Time to export: Documentary compliance (hours) (DB16-20 methodology),504
IRQ,Trading across borders,Time to import: Border compliance (hours) (DB16-20 methodology),130.6667
IRQ,Trading across borders,Time to import: Documentary compliance (hours) (DB16-20 methodology),176
ISL,Dealing with construction permits,Building quality control index (0-15) (DB16-20 methodology),8
ISL,Dealing with construction permits,Cost (% of Warehouse value),.5
ISL,Dealing with construction permits,Liability and insurance regimes index (0-2) (DB16-20 methodology),0
ISL,Dealing with construction permits,Procedures (number),17
ISL,Dealing with construction permits,Professional certifications index (0-4) (DB16-20 methodology),0
ISL,Dealing with construction permits,Quality control after construction index (0-3) (DB16-20 methodology),3
ISL,Dealing with construction permits,Quality control before construction index (0-1) (DB16-20 methodology),1
ISL,Dealing with construction permits,Quality control during construction index (0-3) (DB16-20 methodology),2
ISL,Dealing with construction permits,Quality of building regulations index (0-2) (DB16-20 methodology),2
ISL,Dealing with construction permits,Time (days),84
ISL,Enforcing contracts,Alternative dispute resolution (0-3) (DB17-20 methodology),2
ISL,Enforcing contracts,Attorney fees (% of claim),5.9
ISL,Enforcing contracts,Case management (0-6) (DB17-20 methodology),2
ISL,Enforcing contracts,Cost (% of claim),9
ISL,Enforcing contracts,Court automation (0-4) (DB17-20 methodology),2
ISL,Enforcing contracts,Court fees (% of claim),2.1
ISL,Enforcing contracts,Court structure and proceedings (0-5) (DB17-20 methodology),1.5
ISL,Enforcing contracts,Enforcement fees (% of claim),1
ISL,Enforcing contracts,Enforcement of judgment (days),80
ISL,Enforcing contracts,Filing and service (days),45
ISL,Enforcing contracts,Quality of judicial processes index (0-18) (DB17-20 methodology),7.5
ISL,Enforcing contracts,Time (days),417
ISL,Enforcing contracts,Trial and judgment (days),292
ISL,Getting credit,Credit bureau coverage (% of adults),100
ISL,Getting credit,Credit registry coverage (% of adults),0
ISL,Getting credit,Depth of credit information index (0-8) (DB15-20 methodology),7
ISL,Getting credit,Getting Credit total score (DB15-20 methodology),11
ISL,Getting credit,Strength of legal rights index (0-12) (DB15-20 methodology),4
ISL,Paying taxes,Labor tax and contributions (% of profit),20.6
ISL,Paying taxes,Other taxes (% of profit),2.9
ISL,Paying taxes,Payments (number per year),21
ISL,Paying taxes,Profit tax (% of profit),8.5
ISL,Paying taxes,Time (hours per year),140
ISL,Paying taxes,Time to complete a corporate income tax correction (weeks) (DB17-20 methodology),0
ISL,Paying taxes,Time to comply with VAT refund (hours) (DB17-20 methodology),3
ISL,Paying taxes,Time to comply with a corporate income tax correction (hours) (DB17-20 methodology),3.75
ISL,Paying taxes,Time to obtain VAT refund (weeks) (DB17-20 methodology),24.47619
ISL,Paying taxes,Total tax and contribution rate (% of profit),31.9
ISL,Registering property,Cost (% of property value),3.6
ISL,Registering property,Equal access to property rights index (-2-0) (DB17-20 methodology),0
ISL,Registering property,Geographic coverage index (0-8) (DB17-20 methodology),8
ISL,Registering property,Land dispute resolution index (0-8) (DB17-20 methodology),7.5
ISL,Registering property,Procedures (number),3
ISL,Registering property,Quality of land administration index (0-30) (DB17-20 methodology),26.5
ISL,Registering property,Reliability of infrastructure index (0-8) (DB17-20 methodology),7
ISL,Registering property,Time (days),3.5
ISL,Registering property,Transparency of information index (0-6) (DB17-20 methodology),4
ISL,Resolving insolvency,Commencement of proceedings index (0-3) (DB15-20 methodology),2.5
ISL,Resolving insolvency,Cost (% of estate),3.5
ISL,Resolving insolvency,Creditor participation index (0-4) (DB15-20 methodology),2
ISL,Resolving insolvency,Management of debtor's assets index (0-6) (DB15-20 methodology),6
ISL,Resolving insolvency,Outcome (0 as piecemeal sale and 1 as going concern),1
ISL,Resolving insolvency,Recovery rate (cents on the dollar),85.5
ISL,Resolving insolvency,Reorganization proceedings index (0-3) (DB15-20 methodology),1
ISL,Resolving insolvency,Strength of insolvency framework index (0-16),11.5
ISL,Resolving insolvency,Time (years),1
ISL,Starting a business,Cost - Men (% of income per capita),1.9
ISL,Starting a business,Cost - Women (% of income per capita),1.9
ISL,Starting a business,Paid-in Minimum capital (% of income per capita),7.4
ISL,Starting a business,Procedures - Men (number),5
ISL,Starting a business,Procedures - Women (number),5
ISL,Starting a business,Time - Men (days),11.5
ISL,Starting a business,Time - Women (days),11.5
ISL,Trading across borders,Cost to export: Border compliance (USD) (DB16-20 methodology),365
ISL,Trading across borders,Cost to export: Documentary compliance (USD) (DB16-20 methodology),40
ISL,Trading across borders,Cost to import: Border compliance (USD) (DB16-20 methodology),365
ISL,Trading across borders,Cost to import: Documentary compliance (USD) (DB16-20 methodology),0
ISL,Trading across borders,Time to export: Border compliance (hours) (DB16-20 methodology),36
ISL,Trading across borders,Time to export: Documentary compliance (hours) (DB16-20 methodology),2
ISL,Trading across borders,Time to import: Border compliance (hours) (DB16-20 methodology),24
ISL,Trading across borders,Time to import: Documentary compliance (hours) (DB16-20 methodology),2.5
ISR,Dealing with construction permits,Building quality control index (0-15) (DB16-20 methodology),14
ISR,Dealing with construction permits,Cost (% of Warehouse value),1.7
ISR,Dealing with construction permits,Liability and insurance regimes index (0-2) (DB16-20 methodology),2
ISR,Dealing with construction permits,Procedures (number),12
ISR,Dealing with construction permits,Professional certifications index (0-4) (DB16-20 methodology),4
ISR,Dealing with construction permits,Quality control after construction index (0-3) (DB16-20 methodology),3
ISR,Dealing with construction permits,Quality control before construction index (0-1) (DB16-20 methodology),1
ISR,Dealing with construction permits,Quality control during construction index (0-3) (DB16-20 methodology),2
ISR,Dealing with construction permits,Quality of building regulations index (0-2) (DB16-20 methodology),2
ISR,Dealing with construction permits,Time (days),200
ISR,Enforcing contracts,Alternative dispute resolution (0-3) (DB17-20 methodology),3
ISR,Enforcing contracts,Attorney fees (% of claim),18
ISR,Enforcing contracts,Case management (0-6) (DB17-20 methodology),4.5
ISR,Enforcing contracts,Cost (% of claim),25.3
ISR,Enforcing contracts,Court automation (0-4) (DB17-20 methodology),3
ISR,Enforcing contracts,Court fees (% of claim),3.7
ISR,Enforcing contracts,Court structure and proceedings (0-5) (DB17-20 methodology),3
ISR,Enforcing contracts,Enforcement fees (% of claim),3.6
ISR,Enforcing contracts,Enforcement of judgment (days),360
ISR,Enforcing contracts,Filing and service (days),15
ISR,Enforcing contracts,Quality of judicial processes index (0-18) (DB17-20 methodology),13.5
ISR,Enforcing contracts,Time (days),975
ISR,Enforcing contracts,Trial and judgment (days),600
ISR,Getting credit,Credit bureau coverage (% of adults),100
ISR,Getting credit,Credit registry coverage (% of adults),0
ISR,Getting credit,Depth of credit information index (0-8) (DB15-20 methodology),8
ISR,Getting credit,Getting Credit total score (DB15-20 methodology),14
ISR,Getting credit,Strength of legal rights index (0-12) (DB15-20 methodology),6
ISR,Paying taxes,Labor tax and contributions (% of profit),5.8
ISR,Paying taxes,Other taxes (% of profit),1.5
ISR,Paying taxes,Payments (number per year),6
ISR,Paying taxes,Profit tax (% of profit),18
ISR,Paying taxes,Time (hours per year),234
ISR,Paying taxes,Time to complete a corporate income tax correction (weeks) (DB17-20 methodology),0
ISR,Paying taxes,Time to comply with VAT refund (hours) (DB17-20 methodology),4
ISR,Paying taxes,Time to comply with a corporate income tax correction (hours) (DB17-20 methodology),10
ISR,Paying taxes,Time to obtain VAT refund (weeks) (DB17-20 methodology),7.452381
ISR,Paying taxes,Total tax and contribution rate (% of profit),25.3
ISR,Registering property,Cost (% of property value),7.2
ISR,Registering property,Equal access to property rights index (-2-0) (DB17-20 methodology),0
ISR,Registering property,Geographic coverage index (0-8) (DB17-20 methodology),4
ISR,Registering property,Land dispute resolution index (0-8) (DB17-20 methodology),6
ISR,Registering property,Procedures (number),6
ISR,Registering property,Quality of land administration index (0-30) (DB17-20 methodology),22.5
ISR,Registering property,Reliability of infrastructure index (0-8) (DB17-20 methodology),8
ISR,Registering property,Time (days),37
ISR,Registering property,Transparency of information index (0-6) (DB17-20 methodology),4.5
ISR,Resolving insolvency,Commencement of proceedings index (0-3) (DB15-20 methodology),3
ISR,Resolving insolvency,Cost (% of estate),23
ISR,Resolving insolvency,Creditor participation index (0-4) (DB15-20 methodology),2
ISR,Resolving insolvency,Management of debtor's assets index (0-6) (DB15-20 methodology),5.5
ISR,Resolving insolvency,Outcome (0 as piecemeal sale and 1 as going concern),1
ISR,Resolving insolvency,Recovery rate (cents on the dollar),62.6
ISR,Resolving insolvency,Reorganization proceedings index (0-3) (DB15-20 methodology),2
ISR,Resolving insolvency,Strength of insolvency framework index (0-16),12.5
ISR,Resolving insolvency,Time (years),2
ISR,Starting a business,Cost - Men (% of income per capita),2.7
ISR,Starting a business,Cost - Women (% of income per capita),2.7
ISR,Starting a business,Paid-in Minimum capital (% of income per capita),0
ISR,Starting a business,Procedures - Men (number),3
ISR,Starting a business,Procedures - Women (number),3
ISR,Starting a business,Time - Men (days),11
ISR,Starting a business,Time - Women (days),11
ISR,Trading across borders,Cost to export: Border compliance (USD) (DB16-20 methodology),150
ISR,Trading across borders,Cost to export: Documentary compliance (USD) (DB16-20 methodology),60
ISR,Trading across borders,Cost to import: Border compliance (USD) (DB16-20 methodology),306.6667
ISR,Trading across borders,Cost to import: Documentary compliance (USD) (DB16-20 methodology),70
ISR,Trading across borders,Time to export: Border compliance (hours) (DB16-20 methodology),36
ISR,Trading across borders,Time to export: Documentary compliance (hours) (DB16-20 methodology),10
ISR,Trading across borders,Time to import: Border compliance (hours) (DB16-20 methodology),64
ISR,Trading across borders,Time to import: Documentary compliance (hours) (DB16-20 methodology),44
ITA,Dealing with construction permits,Building quality control index (0-15) (DB16-20 methodology),11
ITA,Dealing with construction permits,Cost (% of Warehouse value),3.4
ITA,Dealing with construction permits,Liability and insurance regimes index (0-2) (DB16-20 methodology),2
ITA,Dealing with construction permits,Procedures (number),14
ITA,Dealing with construction permits,Professional certifications index (0-4) (DB16-20 methodology),2
ITA,Dealing with construction permits,Quality control after construction index (0-3) (DB16-20 methodology),3
ITA,Dealing with construction permits,Quality control before construction index (0-1) (DB16-20 methodology),0
ITA,Dealing with construction permits,Quality control during construction index (0-3) (DB16-20 methodology),2
ITA,Dealing with construction permits,Quality of building regulations index (0-2) (DB16-20 methodology),2
ITA,Dealing with construction permits,Time (days),189.5
ITA,Enforcing contracts,Alternative dispute resolution (0-3) (DB17-20 methodology),3
ITA,Enforcing contracts,Attorney fees (% of claim),19
ITA,Enforcing contracts,Case management (0-6) (DB17-20 methodology),4
ITA,Enforcing contracts,Cost (% of claim),27.6
ITA,Enforcing contracts,Court automation (0-4) (DB17-20 methodology),3
ITA,Enforcing contracts,Court fees (% of claim),3.9
ITA,Enforcing contracts,Court structure and proceedings (0-5) (DB17-20 methodology),3
ITA,Enforcing contracts,Enforcement fees (% of claim),4.7
ITA,Enforcing contracts,Enforcement of judgment (days),270
ITA,Enforcing contracts,Filing and service (days),10
ITA,Enforcing contracts,Quality of judicial processes index (0-18) (DB17-20 methodology),13
ITA,Enforcing contracts,Time (days),1120
ITA,Enforcing contracts,Trial and judgment (days),840
ITA,Getting credit,Credit bureau coverage (% of adults),100
ITA,Getting credit,Credit registry coverage (% of adults),31.1
ITA,Getting credit,Depth of credit information index (0-8) (DB15-20 methodology),7
ITA,Getting credit,Getting Credit total score (DB15-20 methodology),9
ITA,Getting credit,Strength of legal rights index (0-12) (DB15-20 methodology),2
ITA,Paying taxes,Labor tax and contributions (% of profit),42.9
ITA,Paying taxes,Other taxes (% of profit),1.6
ITA,Paying taxes,Payments (number per year),14
ITA,Paying taxes,Profit tax (% of profit),14.6
ITA,Paying taxes,Time (hours per year),238
ITA,Paying taxes,Time to complete a corporate income tax correction (weeks) (DB17-20 methodology),0
ITA,Paying taxes,Time to comply with VAT refund (hours) (DB17-20 methodology),42
ITA,Paying taxes,Time to comply with a corporate income tax correction (hours) (DB17-20 methodology),5
ITA,Paying taxes,Time to obtain VAT refund (weeks) (DB17-20 methodology),62.57143
ITA,Paying taxes,Total tax and contribution rate (% of profit),59.1
ITA,Registering property,Cost (% of property value),4.4
ITA,Registering property,Equal access to property rights index (-2-0) (DB17-20 methodology),0
ITA,Registering property,Geographic coverage index (0-8) (DB17-20 methodology),8
ITA,Registering property,Land dispute resolution index (0-8) (DB17-20 methodology),6
ITA,Registering property,Procedures (number),4
ITA,Registering property,Quality of land administration index (0-30) (DB17-20 methodology),26.5
ITA,Registering property,Reliability of infrastructure index (0-8) (DB17-20 methodology),8
ITA,Registering property,Time (days),16
ITA,Registering property,Transparency of information index (0-6) (DB17-20 methodology),4.5
ITA,Resolving insolvency,Commencement of proceedings index (0-3) (DB15-20 methodology),3
ITA,Resolving insolvency,Cost (% of estate),22
ITA,Resolving insolvency,Creditor participation index (0-4) (DB15-20 methodology),2
ITA,Resolving insolvency,Management of debtor's assets index (0-6) (DB15-20 methodology),5.5
ITA,Resolving insolvency,Outcome (0 as piecemeal sale and 1 as going concern),1
ITA,Resolving insolvency,Recovery rate (cents on the dollar),65.6
ITA,Resolving insolvency,Reorganization proceedings index (0-3) (DB15-20 methodology),3
ITA,Resolving insolvency,Strength of insolvency framework index (0-16),13.5
ITA,Resolving insolvency,Time (years),1.8
ITA,Starting a business,Cost - Men (% of income per capita),13.8
ITA,Starting a business,Cost - Women (% of income per capita),13.8
ITA,Starting a business,Paid-in Minimum capital (% of income per capita),0
ITA,Starting a business,Procedures - Men (number),7
ITA,Starting a business,Procedures - Women (number),7
ITA,Starting a business,Time - Men (days),11
ITA,Starting a business,Time - Women (days),11
ITA,Trading across borders,Cost to export: Border compliance (USD) (DB16-20 methodology),0
ITA,Trading across borders,Cost to export: Documentary compliance (USD) (DB16-20 methodology),0
ITA,Trading across borders,Cost to import: Border compliance (USD) (DB16-20 methodology),0
ITA,Trading across borders,Cost to import: Documentary compliance (USD) (DB16-20 methodology),0
ITA,Trading across borders,Time to export: Border compliance (hours) (DB16-20 methodology),0
ITA,Trading across borders,Time to export: Documentary compliance (hours) (DB16-20 methodology),.5
ITA,Trading across borders,Time to import: Border compliance (hours) (DB16-20 methodology),0
ITA,Trading across borders,Time to import: Documentary compliance (hours) (DB16-20 methodology),.5
JAM,Dealing with construction permits,Building quality control index (0-15) (DB16-20 methodology),12
JAM,Dealing with construction permits,Cost (% of Warehouse value),1.5
JAM,Dealing with construction permits,Liability and insurance regimes index (0-2) (DB16-20 methodology),1
JAM,Dealing with construction permits,Procedures (number),18
JAM,Dealing with construction permits,Professional certifications index (0-4) (DB16-20 methodology),4
JAM,Dealing with construction permits,Quality control after construction index (0-3) (DB16-20 methodology),2
JAM,Dealing with construction permits,Quality control before construction index (0-1) (DB16-20 methodology),1
JAM,Dealing with construction permits,Quality control during construction index (0-3) (DB16-20 methodology),2
JAM,Dealing with construction permits,Quality of building regulations index (0-2) (DB16-20 methodology),2
JAM,Dealing with construction permits,Time (days),140.5
JAM,Enforcing contracts,Alternative dispute resolution (0-3) (DB17-20 methodology),2.5
JAM,Enforcing contracts,Attorney fees (% of claim),35
JAM,Enforcing contracts,Case management (0-6) (DB17-20 methodology),2
JAM,Enforcing contracts,Cost (% of claim),50.2
JAM,Enforcing contracts,Court automation (0-4) (DB17-20 methodology),.5
JAM,Enforcing contracts,Court fees (% of claim),10.2
JAM,Enforcing contracts,Court structure and proceedings (0-5) (DB17-20 methodology),4.5
JAM,Enforcing contracts,Enforcement fees (% of claim),5
JAM,Enforcing contracts,Enforcement of judgment (days),70
JAM,Enforcing contracts,Filing and service (days),30
JAM,Enforcing contracts,Quality of judicial processes index (0-18) (DB17-20 methodology),9.5
JAM,Enforcing contracts,Time (days),550
JAM,Enforcing contracts,Trial and judgment (days),450
JAM,Getting credit,Credit bureau coverage (% of adults),52.6
JAM,Getting credit,Credit registry coverage (% of adults),0
JAM,Getting credit,Depth of credit information index (0-8) (DB15-20 methodology),8
JAM,Getting credit,Getting Credit total score (DB15-20 methodology),17
JAM,Getting credit,Strength of legal rights index (0-12) (DB15-20 methodology),9
JAM,Paying taxes,Labor tax and contributions (% of profit),13.4
JAM,Paying taxes,Other taxes (% of profit),8.1
JAM,Paying taxes,Payments (number per year),11
JAM,Paying taxes,Profit tax (% of profit),13.6
JAM,Paying taxes,Time (hours per year),268
JAM,Paying taxes,Time to complete a corporate income tax correction (weeks) (DB17-20 methodology),113.2857
JAM,Paying taxes,Time to comply with VAT refund (hours) (DB17-20 methodology),40
JAM,Paying taxes,Time to comply with a corporate income tax correction (hours) (DB17-20 methodology),24
JAM,Paying taxes,Time to obtain VAT refund (weeks) (DB17-20 methodology),89.45238
JAM,Paying taxes,Total tax and contribution rate (% of profit),35.1
JAM,Registering property,Cost (% of property value),2.8
JAM,Registering property,Equal access to property rights index (-2-0) (DB17-20 methodology),0
JAM,Registering property,Geographic coverage index (0-8) (DB17-20 methodology),0
JAM,Registering property,Land dispute resolution index (0-8) (DB17-20 methodology),3.5
JAM,Registering property,Procedures (number),8
JAM,Registering property,Quality of land administration index (0-30) (DB17-20 methodology),14
JAM,Registering property,Reliability of infrastructure index (0-8) (DB17-20 methodology),5
JAM,Registering property,Time (days),19
JAM,Registering property,Transparency of information index (0-6) (DB17-20 methodology),5.5
JAM,Resolving insolvency,Commencement of proceedings index (0-3) (DB15-20 methodology),2.5
JAM,Resolving insolvency,Cost (% of estate),18
JAM,Resolving insolvency,Creditor participation index (0-4) (DB15-20 methodology),3
JAM,Resolving insolvency,Management of debtor's assets index (0-6) (DB15-20 methodology),4.5
JAM,Resolving insolvency,Outcome (0 as piecemeal sale and 1 as going concern),1
JAM,Resolving insolvency,Recovery rate (cents on the dollar),66.4
JAM,Resolving insolvency,Reorganization proceedings index (0-3) (DB15-20 methodology),1
JAM,Resolving insolvency,Strength of insolvency framework index (0-16),11
JAM,Resolving insolvency,Time (years),1.1
JAM,Starting a business,Cost - Men (% of income per capita),4.2
JAM,Starting a business,Cost - Women (% of income per capita),4.2
JAM,Starting a business,Paid-in Minimum capital (% of income per capita),0
JAM,Starting a business,Procedures - Men (number),2
JAM,Starting a business,Procedures - Women (number),2
JAM,Starting a business,Time - Men (days),3
JAM,Starting a business,Time - Women (days),3
JAM,Trading across borders,Cost to export: Border compliance (USD) (DB16-20 methodology),876
JAM,Trading across borders,Cost to export: Documentary compliance (USD) (DB16-20 methodology),90
JAM,Trading across borders,Cost to import: Border compliance (USD) (DB16-20 methodology),906
JAM,Trading across borders,Cost to import: Documentary compliance (USD) (DB16-20 methodology),90
JAM,Trading across borders,Time to export: Border compliance (hours) (DB16-20 methodology),57.71429
JAM,Trading across borders,Time to export: Documentary compliance (hours) (DB16-20 methodology),47
JAM,Trading across borders,Time to import: Border compliance (hours) (DB16-20 methodology),80
JAM,Trading across borders,Time to import: Documentary compliance (hours) (DB16-20 methodology),56
JOR,Dealing with construction permits,Building quality control index (0-15) (DB16-20 methodology),11
JOR,Dealing with construction permits,Cost (% of Warehouse value),12.1
JOR,Dealing with construction permits,Liability and insurance regimes index (0-2) (DB16-20 methodology),1
JOR,Dealing with construction permits,Procedures (number),20
JOR,Dealing with construction permits,Professional certifications index (0-4) (DB16-20 methodology),2
JOR,Dealing with construction permits,Quality control after construction index (0-3) (DB16-20 methodology),3
JOR,Dealing with construction permits,Quality control before construction index (0-1) (DB16-20 methodology),1
JOR,Dealing with construction permits,Quality control during construction index (0-3) (DB16-20 methodology),2
JOR,Dealing with construction permits,Quality of building regulations index (0-2) (DB16-20 methodology),2
JOR,Dealing with construction permits,Time (days),66
JOR,Enforcing contracts,Alternative dispute resolution (0-3) (DB17-20 methodology),3
JOR,Enforcing contracts,Attorney fees (% of claim),8
JOR,Enforcing contracts,Case management (0-6) (DB17-20 methodology),2
JOR,Enforcing contracts,Cost (% of claim),31.2
JOR,Enforcing contracts,Court automation (0-4) (DB17-20 methodology),1
JOR,Enforcing contracts,Court fees (% of claim),8.2
JOR,Enforcing contracts,Court structure and proceedings (0-5) (DB17-20 methodology),2
JOR,Enforcing contracts,Enforcement fees (% of claim),15
JOR,Enforcing contracts,Enforcement of judgment (days),190
JOR,Enforcing contracts,Filing and service (days),37
JOR,Enforcing contracts,Quality of judicial processes index (0-18) (DB17-20 methodology),8
JOR,Enforcing contracts,Time (days),642
JOR,Enforcing contracts,Trial and judgment (days),415
JOR,Getting credit,Credit bureau coverage (% of adults),22.9
JOR,Getting credit,Credit registry coverage (% of adults),5
JOR,Getting credit,Depth of credit information index (0-8) (DB15-20 methodology),8
JOR,Getting credit,Getting Credit total score (DB15-20 methodology),19
JOR,Getting credit,Strength of legal rights index (0-12) (DB15-20 methodology),11
JOR,Paying taxes,Labor tax and contributions (% of profit),16.1
JOR,Paying taxes,Other taxes (% of profit),2
JOR,Paying taxes,Payments (number per year),9
JOR,Paying taxes,Profit tax (% of profit),10.5
JOR,Paying taxes,Time (hours per year),96.5
JOR,Paying taxes,Time to complete a corporate income tax correction (weeks) (DB17-20 methodology),62.71429
JOR,Paying taxes,Time to comply with VAT refund (hours) (DB17-20 methodology),22
JOR,Paying taxes,Time to comply with a corporate income tax correction (hours) (DB17-20 methodology),11
JOR,Paying taxes,Time to obtain VAT refund (weeks) (DB17-20 methodology),52.90476
JOR,Paying taxes,Total tax and contribution rate (% of profit),28.6
JOR,Registering property,Cost (% of property value),9
JOR,Registering property,Equal access to property rights index (-2-0) (DB17-20 methodology),0
JOR,Registering property,Geographic coverage index (0-8) (DB17-20 methodology),6
JOR,Registering property,Land dispute resolution index (0-8) (DB17-20 methodology),6
JOR,Registering property,Procedures (number),6
JOR,Registering property,Quality of land administration index (0-30) (DB17-20 methodology),22.5
JOR,Registering property,Reliability of infrastructure index (0-8) (DB17-20 methodology),7
JOR,Registering property,Time (days),17
JOR,Registering property,Transparency of information index (0-6) (DB17-20 methodology),3.5
JOR,Resolving insolvency,Commencement of proceedings index (0-3) (DB15-20 methodology),2.5
JOR,Resolving insolvency,Cost (% of estate),20
JOR,Resolving insolvency,Creditor participation index (0-4) (DB15-20 methodology),1
JOR,Resolving insolvency,Management of debtor's assets index (0-6) (DB15-20 methodology),4
JOR,Resolving insolvency,Outcome (0 as piecemeal sale and 1 as going concern),0
JOR,Resolving insolvency,Recovery rate (cents on the dollar),27.3
JOR,Resolving insolvency,Reorganization proceedings index (0-3) (DB15-20 methodology),.5
JOR,Resolving insolvency,Strength of insolvency framework index (0-16),8
JOR,Resolving insolvency,Time (years),3
JOR,Starting a business,Cost - Men (% of income per capita),23.3
JOR,Starting a business,Cost - Women (% of income per capita),23.3
JOR,Starting a business,Paid-in Minimum capital (% of income per capita),.1
JOR,Starting a business,Procedures - Men (number),7
JOR,Starting a business,Procedures - Women (number),8
JOR,Starting a business,Time - Men (days),12
JOR,Starting a business,Time - Women (days),13
JOR,Trading across borders,Cost to export: Border compliance (USD) (DB16-20 methodology),131.2857
JOR,Trading across borders,Cost to export: Documentary compliance (USD) (DB16-20 methodology),100
JOR,Trading across borders,Cost to import: Border compliance (USD) (DB16-20 methodology),205.7143
JOR,Trading across borders,Cost to import: Documentary compliance (USD) (DB16-20 methodology),190
JOR,Trading across borders,Time to export: Border compliance (hours) (DB16-20 methodology),53
JOR,Trading across borders,Time to export: Documentary compliance (hours) (DB16-20 methodology),6
JOR,Trading across borders,Time to import: Border compliance (hours) (DB16-20 methodology),78.85714
JOR,Trading across borders,Time to import: Documentary compliance (hours) (DB16-20 methodology),54.85714
JPN,Dealing with construction permits,Building quality control index (0-15) (DB16-20 methodology),13
JPN,Dealing with construction permits,Cost (% of Warehouse value),.5
JPN,Dealing with construction permits,Liability and insurance regimes index (0-2) (DB16-20 methodology),1
JPN,Dealing with construction permits,Procedures (number),12
JPN,Dealing with construction permits,Professional certifications index (0-4) (DB16-20 methodology),4
JPN,Dealing with construction permits,Quality control after construction index (0-3) (DB16-20 methodology),3
JPN,Dealing with construction permits,Quality control before construction index (0-1) (DB16-20 methodology),1
JPN,Dealing with construction permits,Quality control during construction index (0-3) (DB16-20 methodology),2
JPN,Dealing with construction permits,Quality of building regulations index (0-2) (DB16-20 methodology),2
JPN,Dealing with construction permits,Time (days),108
JPN,Enforcing contracts,Alternative dispute resolution (0-3) (DB17-20 methodology),2.5
JPN,Enforcing contracts,Attorney fees (% of claim),18.5
JPN,Enforcing contracts,Case management (0-6) (DB17-20 methodology),1
JPN,Enforcing contracts,Cost (% of claim),23.4
JPN,Enforcing contracts,Court automation (0-4) (DB17-20 methodology),1
JPN,Enforcing contracts,Court fees (% of claim),4.5
JPN,Enforcing contracts,Court structure and proceedings (0-5) (DB17-20 methodology),3
JPN,Enforcing contracts,Enforcement fees (% of claim),.4
JPN,Enforcing contracts,Enforcement of judgment (days),60
JPN,Enforcing contracts,Filing and service (days),20
JPN,Enforcing contracts,Quality of judicial processes index (0-18) (DB17-20 methodology),7.5
JPN,Enforcing contracts,Time (days),360
JPN,Enforcing contracts,Trial and judgment (days),280
JPN,Getting credit,Credit bureau coverage (% of adults),100
JPN,Getting credit,Credit registry coverage (% of adults),0
JPN,Getting credit,Depth of credit information index (0-8) (DB15-20 methodology),6
JPN,Getting credit,Getting Credit total score (DB15-20 methodology),11
JPN,Getting credit,Strength of legal rights index (0-12) (DB15-20 methodology),5
JPN,Paying taxes,Labor tax and contributions (% of profit),18.6
JPN,Paying taxes,Other taxes (% of profit),4.2
JPN,Paying taxes,Payments (number per year),19
JPN,Paying taxes,Profit tax (% of profit),23.9
JPN,Paying taxes,Time (hours per year),128.5
JPN,Paying taxes,Time to complete a corporate income tax correction (weeks) (DB17-20 methodology),0
JPN,Paying taxes,Time to comply with VAT refund (hours) (DB17-20 methodology),1
JPN,Paying taxes,Time to comply with a corporate income tax correction (hours) (DB17-20 methodology),3
JPN,Paying taxes,Time to obtain VAT refund (weeks) (DB17-20 methodology),10.78571
JPN,Paying taxes,Total tax and contribution rate (% of profit),46.7
JPN,Registering property,Cost (% of property value),5.3
JPN,Registering property,Equal access to property rights index (-2-0) (DB17-20 methodology),0
JPN,Registering property,Geographic coverage index (0-8) (DB17-20 methodology),8
JPN,Registering property,Land dispute resolution index (0-8) (DB17-20 methodology),5.5
JPN,Registering property,Procedures (number),6
JPN,Registering property,Quality of land administration index (0-30) (DB17-20 methodology),25.5
JPN,Registering property,Reliability of infrastructure index (0-8) (DB17-20 methodology),8
JPN,Registering property,Time (days),13
JPN,Registering property,Transparency of information index (0-6) (DB17-20 methodology),4
JPN,Resolving insolvency,Commencement of proceedings index (0-3) (DB15-20 methodology),3
JPN,Resolving insolvency,Cost (% of estate),4.5
JPN,Resolving insolvency,Creditor participation index (0-4) (DB15-20 methodology),1
JPN,Resolving insolvency,Management of debtor's assets index (0-6) (DB15-20 methodology),6
JPN,Resolving insolvency,Outcome (0 as piecemeal sale and 1 as going concern),1
JPN,Resolving insolvency,Recovery rate (cents on the dollar),91.8
JPN,Resolving insolvency,Reorganization proceedings index (0-3) (DB15-20 methodology),3
JPN,Resolving insolvency,Strength of insolvency framework index (0-16),13
JPN,Resolving insolvency,Time (years),.6
JPN,Starting a business,Cost - Men (% of income per capita),7.5
JPN,Starting a business,Cost - Women (% of income per capita),7.5
JPN,Starting a business,Paid-in Minimum capital (% of income per capita),0
JPN,Starting a business,Procedures - Men (number),8
JPN,Starting a business,Procedures - Women (number),8
JPN,Starting a business,Time - Men (days),11.5
JPN,Starting a business,Time - Women (days),11.5
JPN,Trading across borders,Cost to export: Border compliance (USD) (DB16-20 methodology),241
JPN,Trading across borders,Cost to export: Documentary compliance (USD) (DB16-20 methodology),54
JPN,Trading across borders,Cost to import: Border compliance (USD) (DB16-20 methodology),275
JPN,Trading across borders,Cost to import: Documentary compliance (USD) (DB16-20 methodology),107
JPN,Trading across borders,Time to export: Border compliance (hours) (DB16-20 methodology),27
JPN,Trading across borders,Time to export: Documentary compliance (hours) (DB16-20 methodology),3
JPN,Trading across borders,Time to import: Border compliance (hours) (DB16-20 methodology),48
JPN,Trading across borders,Time to import: Documentary compliance (hours) (DB16-20 methodology),3
KAZ,Dealing with construction permits,Building quality control index (0-15) (DB16-20 methodology),13
KAZ,Dealing with construction permits,Cost (% of Warehouse value),2.1
KAZ,Dealing with construction permits,Liability and insurance regimes index (0-2) (DB16-20 methodology),1
KAZ,Dealing with construction permits,Procedures (number),17
KAZ,Dealing with construction permits,Professional certifications index (0-4) (DB16-20 methodology),4
KAZ,Dealing with construction permits,Quality control after construction index (0-3) (DB16-20 methodology),3
KAZ,Dealing with construction permits,Quality control before construction index (0-1) (DB16-20 methodology),1
KAZ,Dealing with construction permits,Quality control during construction index (0-3) (DB16-20 methodology),2
KAZ,Dealing with construction permits,Quality of building regulations index (0-2) (DB16-20 methodology),2
KAZ,Dealing with construction permits,Time (days),102.5
KAZ,Enforcing contracts,Alternative dispute resolution (0-3) (DB17-20 methodology),3
KAZ,Enforcing contracts,Attorney fees (% of claim),8.5
KAZ,Enforcing contracts,Case management (0-6) (DB17-20 methodology),5
KAZ,Enforcing contracts,Cost (% of claim),22
KAZ,Enforcing contracts,Court automation (0-4) (DB17-20 methodology),3
KAZ,Enforcing contracts,Court fees (% of claim),3.5
KAZ,Enforcing contracts,Court structure and proceedings (0-5) (DB17-20 methodology),5
KAZ,Enforcing contracts,Enforcement fees (% of claim),10
KAZ,Enforcing contracts,Enforcement of judgment (days),220
KAZ,Enforcing contracts,Filing and service (days),15
KAZ,Enforcing contracts,Quality of judicial processes index (0-18) (DB17-20 methodology),16
KAZ,Enforcing contracts,Time (days),370
KAZ,Enforcing contracts,Trial and judgment (days),135
KAZ,Getting credit,Credit bureau coverage (% of adults),65.4
KAZ,Getting credit,Credit registry coverage (% of adults),0
KAZ,Getting credit,Depth of credit information index (0-8) (DB15-20 methodology),8
KAZ,Getting credit,Getting Credit total score (DB15-20 methodology),16
KAZ,Getting credit,Strength of legal rights index (0-12) (DB15-20 methodology),8
KAZ,Paying taxes,Labor tax and contributions (% of profit),10.1
KAZ,Paying taxes,Other taxes (% of profit),1.9
KAZ,Paying taxes,Payments (number per year),10
KAZ,Paying taxes,Profit tax (% of profit),16.4
KAZ,Paying taxes,Time (hours per year),186
KAZ,Paying taxes,Time to complete a corporate income tax correction (weeks) (DB17-20 methodology),0
KAZ,Paying taxes,Time to comply with VAT refund (hours) (DB17-20 methodology),No VAT refund per case study scenario
KAZ,Paying taxes,Time to comply with a corporate income tax correction (hours) (DB17-20 methodology),4
KAZ,Paying taxes,Time to obtain VAT refund (weeks) (DB17-20 methodology),No VAT refund per case study scenario
KAZ,Paying taxes,Total tax and contribution rate (% of profit),28.4
KAZ,Registering property,Cost (% of property value),0
KAZ,Registering property,Equal access to property rights index (-2-0) (DB17-20 methodology),0
KAZ,Registering property,Geographic coverage index (0-8) (DB17-20 methodology),0
KAZ,Registering property,Land dispute resolution index (0-8) (DB17-20 methodology),7.5
KAZ,Registering property,Procedures (number),4
KAZ,Registering property,Quality of land administration index (0-30) (DB17-20 methodology),17
KAZ,Registering property,Reliability of infrastructure index (0-8) (DB17-20 methodology),6
KAZ,Registering property,Time (days),4.5
KAZ,Registering property,Transparency of information index (0-6) (DB17-20 methodology),3.5
KAZ,Resolving insolvency,Commencement of proceedings index (0-3) (DB15-20 methodology),3
KAZ,Resolving insolvency,Cost (% of estate),15
KAZ,Resolving insolvency,Creditor participation index (0-4) (DB15-20 methodology),4
KAZ,Resolving insolvency,Management of debtor's assets index (0-6) (DB15-20 methodology),6
KAZ,Resolving insolvency,Outcome (0 as piecemeal sale and 1 as going concern),0
KAZ,Resolving insolvency,Recovery rate (cents on the dollar),39.8
KAZ,Resolving insolvency,Reorganization proceedings index (0-3) (DB15-20 methodology),1.5
KAZ,Resolving insolvency,Strength of insolvency framework index (0-16),14.5
KAZ,Resolving insolvency,Time (years),1.5
KAZ,Starting a business,Cost - Men (% of income per capita),.2
KAZ,Starting a business,Cost - Women (% of income per capita),.2
KAZ,Starting a business,Paid-in Minimum capital (% of income per capita),0
KAZ,Starting a business,Procedures - Men (number),4
KAZ,Starting a business,Procedures - Women (number),4
KAZ,Starting a business,Time - Men (days),5
KAZ,Starting a business,Time - Women (days),5
KAZ,Trading across borders,Cost to export: Border compliance (USD) (DB16-20 methodology),470
KAZ,Trading across borders,Cost to export: Documentary compliance (USD) (DB16-20 methodology),200
KAZ,Trading across borders,Cost to import: Border compliance (USD) (DB16-20 methodology),0
KAZ,Trading across borders,Cost to import: Documentary compliance (USD) (DB16-20 methodology),0
KAZ,Trading across borders,Time to export: Border compliance (hours) (DB16-20 methodology),105
KAZ,Trading across borders,Time to export: Documentary compliance (hours) (DB16-20 methodology),128
KAZ,Trading across borders,Time to import: Border compliance (hours) (DB16-20 methodology),2
KAZ,Trading across borders,Time to import: Documentary compliance (hours) (DB16-20 methodology),5.5
KEN,Dealing with construction permits,Building quality control index (0-15) (DB16-20 methodology),10
KEN,Dealing with construction permits,Cost (% of Warehouse value),2.8
KEN,Dealing with construction permits,Liability and insurance regimes index (0-2) (DB16-20 methodology),0
KEN,Dealing with construction permits,Procedures (number),16
KEN,Dealing with construction permits,Professional certifications index (0-4) (DB16-20 methodology),4
KEN,Dealing with construction permits,Quality control after construction index (0-3) (DB16-20 methodology),2
KEN,Dealing with construction permits,Quality control before construction index (0-1) (DB16-20 methodology),1
KEN,Dealing with construction permits,Quality control during construction index (0-3) (DB16-20 methodology),1
KEN,Dealing with construction permits,Quality of building regulations index (0-2) (DB16-20 methodology),2
KEN,Dealing with construction permits,Time (days),159
KEN,Enforcing contracts,Alternative dispute resolution (0-3) (DB17-20 methodology),2
KEN,Enforcing contracts,Attorney fees (% of claim),27.5
KEN,Enforcing contracts,Case management (0-6) (DB17-20 methodology),2
KEN,Enforcing contracts,Cost (% of claim),41.8
KEN,Enforcing contracts,Court automation (0-4) (DB17-20 methodology),.5
KEN,Enforcing contracts,Court fees (% of claim),11.6
KEN,Enforcing contracts,Court structure and proceedings (0-5) (DB17-20 methodology),4.5
KEN,Enforcing contracts,Enforcement fees (% of claim),2.7
KEN,Enforcing contracts,Enforcement of judgment (days),60
KEN,Enforcing contracts,Filing and service (days),40
KEN,Enforcing contracts,Quality of judicial processes index (0-18) (DB17-20 methodology),9
KEN,Enforcing contracts,Time (days),465
KEN,Enforcing contracts,Trial and judgment (days),365
KEN,Getting credit,Credit bureau coverage (% of adults),36.4
KEN,Getting credit,Credit registry coverage (% of adults),0
KEN,Getting credit,Depth of credit information index (0-8) (DB15-20 methodology),8
KEN,Getting credit,Getting Credit total score (DB15-20 methodology),19
KEN,Getting credit,Strength of legal rights index (0-12) (DB15-20 methodology),11
KEN,Paying taxes,Labor tax and contributions (% of profit),1.9
KEN,Paying taxes,Other taxes (% of profit),5.2
KEN,Paying taxes,Payments (number per year),24
KEN,Paying taxes,Profit tax (% of profit),30.1
KEN,Paying taxes,Time (hours per year),179.5
KEN,Paying taxes,Time to complete a corporate income tax correction (weeks) (DB17-20 methodology),13.14286
KEN,Paying taxes,Time to comply with a corporate income tax correction (hours) (DB17-20 methodology),20.5
KEN,Paying taxes,Total tax and contribution rate (% of profit),37.2
KEN,Registering property,Cost (% of property value),5.9
KEN,Registering property,Equal access to property rights index (-2-0) (DB17-20 methodology),0
KEN,Registering property,Geographic coverage index (0-8) (DB17-20 methodology),0
KEN,Registering property,Land dispute resolution index (0-8) (DB17-20 methodology),5
KEN,Registering property,Procedures (number),10
KEN,Registering property,Quality of land administration index (0-30) (DB17-20 methodology),15
KEN,Registering property,Reliability of infrastructure index (0-8) (DB17-20 methodology),7
KEN,Registering property,Time (days),43.5
KEN,Registering property,Transparency of information index (0-6) (DB17-20 methodology),3
KEN,Resolving insolvency,Commencement of proceedings index (0-3) (DB15-20 methodology),3
KEN,Resolving insolvency,Cost (% of estate),22
KEN,Resolving insolvency,Creditor participation index (0-4) (DB15-20 methodology),3
KEN,Resolving insolvency,Management of debtor's assets index (0-6) (DB15-20 methodology),5.5
KEN,Resolving insolvency,Outcome (0 as piecemeal sale and 1 as going concern),1
KEN,Resolving insolvency,Recovery rate (cents on the dollar),31.8
KEN,Resolving insolvency,Reorganization proceedings index (0-3) (DB15-20 methodology),3
KEN,Resolving insolvency,Strength of insolvency framework index (0-16),14.5
KEN,Resolving insolvency,Time (years),4.5
KEN,Starting a business,Cost - Men (% of income per capita),22.4
KEN,Starting a business,Cost - Women (% of income per capita),22.4
KEN,Starting a business,Paid-in Minimum capital (% of income per capita),0
KEN,Starting a business,Procedures - Men (number),7
KEN,Starting a business,Procedures - Women (number),7
KEN,Starting a business,Time - Men (days),23
KEN,Starting a business,Time - Women (days),23
KEN,Trading across borders,Cost to export: Border compliance (USD) (DB16-20 methodology),142.5
KEN,Trading across borders,Cost to export: Documentary compliance (USD) (DB16-20 methodology),190.5
KEN,Trading across borders,Cost to import: Border compliance (USD) (DB16-20 methodology),832.5
KEN,Trading across borders,Cost to import: Documentary compliance (USD) (DB16-20 methodology),115
KEN,Trading across borders,Time to export: Border compliance (hours) (DB16-20 methodology),15.5
KEN,Trading across borders,Time to export: Documentary compliance (hours) (DB16-20 methodology),19
KEN,Trading across borders,Time to import: Border compliance (hours) (DB16-20 methodology),194
KEN,Trading across borders,Time to import: Documentary compliance (hours) (DB16-20 methodology),60
KGZ,Dealing with construction permits,Building quality control index (0-15) (DB16-20 methodology),11
KGZ,Dealing with construction permits,Cost (% of Warehouse value),1.7
KGZ,Dealing with construction permits,Liability and insurance regimes index (0-2) (DB16-20 methodology),0
KGZ,Dealing with construction permits,Procedures (number),17
KGZ,Dealing with construction permits,Professional certifications index (0-4) (DB16-20 methodology),3
KGZ,Dealing with construction permits,Quality control after construction index (0-3) (DB16-20 methodology),3
KGZ,Dealing with construction permits,Quality control before construction index (0-1) (DB16-20 methodology),1
KGZ,Dealing with construction permits,Quality control during construction index (0-3) (DB16-20 methodology),2
KGZ,Dealing with construction permits,Quality of building regulations index (0-2) (DB16-20 methodology),2
KGZ,Dealing with construction permits,Time (days),167
KGZ,Enforcing contracts,Alternative dispute resolution (0-3) (DB17-20 methodology),1.5
KGZ,Enforcing contracts,Attorney fees (% of claim),22
KGZ,Enforcing contracts,Case management (0-6) (DB17-20 methodology),1
KGZ,Enforcing contracts,Cost (% of claim),47
KGZ,Enforcing contracts,Court automation (0-4) (DB17-20 methodology),0
KGZ,Enforcing contracts,Court fees (% of claim),15
KGZ,Enforcing contracts,Court structure and proceedings (0-5) (DB17-20 methodology),2.5
KGZ,Enforcing contracts,Enforcement fees (% of claim),10
KGZ,Enforcing contracts,Enforcement of judgment (days),150
KGZ,Enforcing contracts,Filing and service (days),20
KGZ,Enforcing contracts,Quality of judicial processes index (0-18) (DB17-20 methodology),5
KGZ,Enforcing contracts,Time (days),410
KGZ,Enforcing contracts,Trial and judgment (days),240
KGZ,Getting credit,Credit bureau coverage (% of adults),39.2
KGZ,Getting credit,Credit registry coverage (% of adults),0
KGZ,Getting credit,Depth of credit information index (0-8) (DB15-20 methodology),8
KGZ,Getting credit,Getting Credit total score (DB15-20 methodology),17
KGZ,Getting credit,Strength of legal rights index (0-12) (DB15-20 methodology),9
KGZ,Paying taxes,Labor tax and contributions (% of profit),19.5
KGZ,Paying taxes,Other taxes (% of profit),2.8
KGZ,Paying taxes,Payments (number per year),26
KGZ,Paying taxes,Profit tax (% of profit),6.7
KGZ,Paying taxes,Time (hours per year),220
KGZ,Paying taxes,Time to complete a corporate income tax correction (weeks) (DB17-20 methodology),5.285714
KGZ,Paying taxes,Time to comply with VAT refund (hours) (DB17-20 methodology),No VAT refund per case study scenario
KGZ,Paying taxes,Time to comply with a corporate income tax correction (hours) (DB17-20 methodology),20
KGZ,Paying taxes,Time to obtain VAT refund (weeks) (DB17-20 methodology),No VAT refund per case study scenario
KGZ,Paying taxes,Total tax and contribution rate (% of profit),29
KGZ,Registering property,Cost (% of property value),.2
KGZ,Registering property,Equal access to property rights index (-2-0) (DB17-20 methodology),0
KGZ,Registering property,Geographic coverage index (0-8) (DB17-20 methodology),8
KGZ,Registering property,Land dispute resolution index (0-8) (DB17-20 methodology),6
KGZ,Registering property,Procedures (number),3
KGZ,Registering property,Quality of land administration index (0-30) (DB17-20 methodology),24
KGZ,Registering property,Reliability of infrastructure index (0-8) (DB17-20 methodology),6
KGZ,Registering property,Time (days),3.5
KGZ,Registering property,Transparency of information index (0-6) (DB17-20 methodology),4
KGZ,Resolving insolvency,Commencement of proceedings index (0-3) (DB15-20 methodology),3
KGZ,Resolving insolvency,Cost (% of estate),9.5
KGZ,Resolving insolvency,Creditor participation index (0-4) (DB15-20 methodology),1
KGZ,Resolving insolvency,Management of debtor's assets index (0-6) (DB15-20 methodology),3
KGZ,Resolving insolvency,Outcome (0 as piecemeal sale and 1 as going concern),0
KGZ,Resolving insolvency,Recovery rate (cents on the dollar),40.6
KGZ,Resolving insolvency,Reorganization proceedings index (0-3) (DB15-20 methodology),2
KGZ,Resolving insolvency,Strength of insolvency framework index (0-16),9
KGZ,Resolving insolvency,Time (years),1.5
KGZ,Starting a business,Cost - Men (% of income per capita),1.4
KGZ,Starting a business,Cost - Women (% of income per capita),1.4
KGZ,Starting a business,Paid-in Minimum capital (% of income per capita),0
KGZ,Starting a business,Procedures - Men (number),4
KGZ,Starting a business,Procedures - Women (number),4
KGZ,Starting a business,Time - Men (days),10
KGZ,Starting a business,Time - Women (days),10
KGZ,Trading across borders,Cost to export: Border compliance (USD) (DB16-20 methodology),10
KGZ,Trading across borders,Cost to export: Documentary compliance (USD) (DB16-20 methodology),110
KGZ,Trading across borders,Cost to import: Border compliance (USD) (DB16-20 methodology),499.0909
KGZ,Trading across borders,Cost to import: Documentary compliance (USD) (DB16-20 methodology),200
KGZ,Trading across borders,Time to export: Border compliance (hours) (DB16-20 methodology),5
KGZ,Trading across borders,Time to export: Documentary compliance (hours) (DB16-20 methodology),72
KGZ,Trading across borders,Time to import: Border compliance (hours) (DB16-20 methodology),68.90909
KGZ,Trading across borders,Time to import: Documentary compliance (hours) (DB16-20 methodology),84
KHM,Dealing with construction permits,Building quality control index (0-15) (DB16-20 methodology),8
KHM,Dealing with construction permits,Cost (% of Warehouse value),3
KHM,Dealing with construction permits,Liability and insurance regimes index (0-2) (DB16-20 methodology),0
KHM,Dealing with construction permits,Procedures (number),20
KHM,Dealing with construction permits,Professional certifications index (0-4) (DB16-20 methodology),1
KHM,Dealing with construction permits,Quality control after construction index (0-3) (DB16-20 methodology),2
KHM,Dealing with construction permits,Quality control before construction index (0-1) (DB16-20 methodology),1
KHM,Dealing with construction permits,Quality control during construction index (0-3) (DB16-20 methodology),2
KHM,Dealing with construction permits,Quality of building regulations index (0-2) (DB16-20 methodology),2
KHM,Dealing with construction permits,Time (days),652
KHM,Enforcing contracts,Alternative dispute resolution (0-3) (DB17-20 methodology),2.5
KHM,Enforcing contracts,Attorney fees (% of claim),95.8
KHM,Enforcing contracts,Case management (0-6) (DB17-20 methodology),1
KHM,Enforcing contracts,Cost (% of claim),103.4
KHM,Enforcing contracts,Court automation (0-4) (DB17-20 methodology),0
KHM,Enforcing contracts,Court fees (% of claim),1
KHM,Enforcing contracts,Court structure and proceedings (0-5) (DB17-20 methodology),1
KHM,Enforcing contracts,Enforcement fees (% of claim),6.6
KHM,Enforcing contracts,Enforcement of judgment (days),170
KHM,Enforcing contracts,Filing and service (days),63
KHM,Enforcing contracts,Quality of judicial processes index (0-18) (DB17-20 methodology),4.5
KHM,Enforcing contracts,Time (days),483
KHM,Enforcing contracts,Trial and judgment (days),250
KHM,Getting credit,Credit bureau coverage (% of adults),52.2
KHM,Getting credit,Credit registry coverage (% of adults),0
KHM,Getting credit,Depth of credit information index (0-8) (DB15-20 methodology),6
KHM,Getting credit,Getting Credit total score (DB15-20 methodology),16
KHM,Getting credit,Strength of legal rights index (0-12) (DB15-20 methodology),10
KHM,Paying taxes,Labor tax and contributions (% of profit),2.3
KHM,Paying taxes,Other taxes (% of profit),1.8
KHM,Paying taxes,Payments (number per year),40
KHM,Paying taxes,Profit tax (% of profit),19
KHM,Paying taxes,Time (hours per year),173
KHM,Paying taxes,Time to complete a corporate income tax correction (weeks) (DB17-20 methodology),39.42857
KHM,Paying taxes,Time to comply with VAT refund (hours) (DB17-20 methodology),21
KHM,Paying taxes,Time to comply with a corporate income tax correction (hours) (DB17-20 methodology),31
KHM,Paying taxes,Time to obtain VAT refund (weeks) (DB17-20 methodology),63.88095
KHM,Paying taxes,Total tax and contribution rate (% of profit),23.1
KHM,Registering property,Cost (% of property value),4.3
KHM,Registering property,Equal access to property rights index (-2-0) (DB17-20 methodology),0
KHM,Registering property,Geographic coverage index (0-8) (DB17-20 methodology),0
KHM,Registering property,Land dispute resolution index (0-8) (DB17-20 methodology),5
KHM,Registering property,Procedures (number),7
KHM,Registering property,Quality of land administration index (0-30) (DB17-20 methodology),7.5
KHM,Registering property,Reliability of infrastructure index (0-8) (DB17-20 methodology),2
KHM,Registering property,Time (days),55
KHM,Registering property,Transparency of information index (0-6) (DB17-20 methodology),.5
KHM,Resolving insolvency,Commencement of proceedings index (0-3) (DB15-20 methodology),3
KHM,Resolving insolvency,Cost (% of estate),18
KHM,Resolving insolvency,Creditor participation index (0-4) (DB15-20 methodology),3
KHM,Resolving insolvency,Management of debtor's assets index (0-6) (DB15-20 methodology),4
KHM,Resolving insolvency,Outcome (0 as piecemeal sale and 1 as going concern),0
KHM,Resolving insolvency,Recovery rate (cents on the dollar),14.6
KHM,Resolving insolvency,Reorganization proceedings index (0-3) (DB15-20 methodology),3
KHM,Resolving insolvency,Strength of insolvency framework index (0-16),13
KHM,Resolving insolvency,Time (years),6
KHM,Starting a business,Cost - Men (% of income per capita),53.4
KHM,Starting a business,Cost - Women (% of income per capita),53.4
KHM,Starting a business,Paid-in Minimum capital (% of income per capita),70.2
KHM,Starting a business,Procedures - Men (number),9
KHM,Starting a business,Procedures - Women (number),9
KHM,Starting a business,Time - Men (days),99
KHM,Starting a business,Time - Women (days),99
KHM,Trading across borders,Cost to export: Border compliance (USD) (DB16-20 methodology),375
KHM,Trading across borders,Cost to export: Documentary compliance (USD) (DB16-20 methodology),100
KHM,Trading across borders,Cost to import: Border compliance (USD) (DB16-20 methodology),240
KHM,Trading across borders,Cost to import: Documentary compliance (USD) (DB16-20 methodology),120
KHM,Trading across borders,Time to export: Border compliance (hours) (DB16-20 methodology),48
KHM,Trading across borders,Time to export: Documentary compliance (hours) (DB16-20 methodology),132
KHM,Trading across borders,Time to import: Border compliance (hours) (DB16-20 methodology),7.5
KHM,Trading across borders,Time to import: Documentary compliance (hours) (DB16-20 methodology),132
KIR,Dealing with construction permits,Building quality control index (0-15) (DB16-20 methodology),6
KIR,Dealing with construction permits,Cost (% of Warehouse value),8.3
KIR,Dealing with construction permits,Liability and insurance regimes index (0-2) (DB16-20 methodology),.5
KIR,Dealing with construction permits,Procedures (number),16
KIR,Dealing with construction permits,Professional certifications index (0-4) (DB16-20 methodology),0
KIR,Dealing with construction permits,Quality control after construction index (0-3) (DB16-20 methodology),2
KIR,Dealing with construction permits,Quality control before construction index (0-1) (DB16-20 methodology),1
KIR,Dealing with construction permits,Quality control during construction index (0-3) (DB16-20 methodology),1
KIR,Dealing with construction permits,Quality of building regulations index (0-2) (DB16-20 methodology),1.5
KIR,Dealing with construction permits,Time (days),185
KIR,Enforcing contracts,Alternative dispute resolution (0-3) (DB17-20 methodology),1.5
KIR,Enforcing contracts,Attorney fees (% of claim),24.3
KIR,Enforcing contracts,Case management (0-6) (DB17-20 methodology),1
KIR,Enforcing contracts,Cost (% of claim),25.8
KIR,Enforcing contracts,Court automation (0-4) (DB17-20 methodology),.5
KIR,Enforcing contracts,Court fees (% of claim),1.5
KIR,Enforcing contracts,Court structure and proceedings (0-5) (DB17-20 methodology),3
KIR,Enforcing contracts,Enforcement fees (% of claim),0
KIR,Enforcing contracts,Enforcement of judgment (days),540
KIR,Enforcing contracts,Filing and service (days),20
KIR,Enforcing contracts,Quality of judicial processes index (0-18) (DB17-20 methodology),6
KIR,Enforcing contracts,Time (days),660
KIR,Enforcing contracts,Trial and judgment (days),100
KIR,Getting credit,Credit bureau coverage (% of adults),0
KIR,Getting credit,Credit registry coverage (% of adults),0
KIR,Getting credit,Depth of credit information index (0-8) (DB15-20 methodology),0
KIR,Getting credit,Getting Credit total score (DB15-20 methodology),4
KIR,Getting credit,Strength of legal rights index (0-12) (DB15-20 methodology),4
KIR,Paying taxes,Labor tax and contributions (% of profit),8.5
KIR,Paying taxes,Other taxes (% of profit),0
KIR,Paying taxes,Payments (number per year),11
KIR,Paying taxes,Profit tax (% of profit),24.3
KIR,Paying taxes,Time (hours per year),168
KIR,Paying taxes,Time to complete a corporate income tax correction (weeks) (DB17-20 methodology),10.42857
KIR,Paying taxes,Time to comply with VAT refund (hours) (DB17-20 methodology),88
KIR,Paying taxes,Time to comply with a corporate income tax correction (hours) (DB17-20 methodology),81
KIR,Paying taxes,Time to obtain VAT refund (weeks) (DB17-20 methodology),34.64286
KIR,Paying taxes,Total tax and contribution rate (% of profit),32.7
KIR,Registering property,Cost (% of property value),0
KIR,Registering property,Equal access to property rights index (-2-0) (DB17-20 methodology),-1
KIR,Registering property,Geographic coverage index (0-8) (DB17-20 methodology),2
KIR,Registering property,Land dispute resolution index (0-8) (DB17-20 methodology),6
KIR,Registering property,Procedures (number),5
KIR,Registering property,Quality of land administration index (0-30) (DB17-20 methodology),9
KIR,Registering property,Reliability of infrastructure index (0-8) (DB17-20 methodology),2
KIR,Registering property,Time (days),513
KIR,Registering property,Transparency of information index (0-6) (DB17-20 methodology),0
KIR,Resolving insolvency,Commencement of proceedings index (0-3) (DB15-20 methodology),2
KIR,Resolving insolvency,Creditor participation index (0-4) (DB15-20 methodology),2
KIR,Resolving insolvency,Management of debtor's assets index (0-6) (DB15-20 methodology),0
KIR,Resolving insolvency,Outcome (0 as piecemeal sale and 1 as going concern),0
KIR,Resolving insolvency,Recovery rate (cents on the dollar),0
KIR,Resolving insolvency,Reorganization proceedings index (0-3) (DB15-20 methodology),0
KIR,Resolving insolvency,Strength of insolvency framework index (0-16),0
KIR,Starting a business,Cost - Men (% of income per capita),34.9
KIR,Starting a business,Cost - Women (% of income per capita),34.9
KIR,Starting a business,Paid-in Minimum capital (% of income per capita),11.9
KIR,Starting a business,Procedures - Men (number),7
KIR,Starting a business,Procedures - Women (number),7
KIR,Starting a business,Time - Men (days),31
KIR,Starting a business,Time - Women (days),31
KIR,Trading across borders,Cost to export: Border compliance (USD) (DB16-20 methodology),420
KIR,Trading across borders,Cost to export: Documentary compliance (USD) (DB16-20 methodology),310
KIR,Trading across borders,Cost to import: Border compliance (USD) (DB16-20 methodology),685
KIR,Trading across borders,Cost to import: Documentary compliance (USD) (DB16-20 methodology),120
KIR,Trading across borders,Time to export: Border compliance (hours) (DB16-20 methodology),72
KIR,Trading across borders,Time to export: Documentary compliance (hours) (DB16-20 methodology),24
KIR,Trading across borders,Time to import: Border compliance (hours) (DB16-20 methodology),96
KIR,Trading across borders,Time to import: Documentary compliance (hours) (DB16-20 methodology),48
KNA,Dealing with construction permits,Building quality control index (0-15) (DB16-20 methodology),7
KNA,Dealing with construction permits,Cost (% of Warehouse value),.4
KNA,Dealing with construction permits,Liability and insurance regimes index (0-2) (DB16-20 methodology),0
KNA,Dealing with construction permits,Procedures (number),12
KNA,Dealing with construction permits,Professional certifications index (0-4) (DB16-20 methodology),1
KNA,Dealing with construction permits,Quality control after construction index (0-3) (DB16-20 methodology),3
KNA,Dealing with construction permits,Quality control before construction index (0-1) (DB16-20 methodology),1
KNA,Dealing with construction permits,Quality control during construction index (0-3) (DB16-20 methodology),2
KNA,Dealing with construction permits,Quality of building regulations index (0-2) (DB16-20 methodology),0
KNA,Dealing with construction permits,Time (days),105
KNA,Enforcing contracts,Alternative dispute resolution (0-3) (DB17-20 methodology),2.5
KNA,Enforcing contracts,Attorney fees (% of claim),18
KNA,Enforcing contracts,Case management (0-6) (DB17-20 methodology),3
KNA,Enforcing contracts,Cost (% of claim),26.6
KNA,Enforcing contracts,Court automation (0-4) (DB17-20 methodology),1.5
KNA,Enforcing contracts,Court fees (% of claim),5.2
KNA,Enforcing contracts,Court structure and proceedings (0-5) (DB17-20 methodology),4.5
KNA,Enforcing contracts,Enforcement fees (% of claim),3.4
KNA,Enforcing contracts,Enforcement of judgment (days),150
KNA,Enforcing contracts,Filing and service (days),28
KNA,Enforcing contracts,Quality of judicial processes index (0-18) (DB17-20 methodology),11.5
KNA,Enforcing contracts,Time (days),578
KNA,Enforcing contracts,Trial and judgment (days),400
KNA,Getting credit,Credit bureau coverage (% of adults),0
KNA,Getting credit,Credit registry coverage (% of adults),0
KNA,Getting credit,Depth of credit information index (0-8) (DB15-20 methodology),0
KNA,Getting credit,Getting Credit total score (DB15-20 methodology),5
KNA,Getting credit,Strength of legal rights index (0-12) (DB15-20 methodology),5
KNA,Paying taxes,Labor tax and contributions (% of profit),11.2
KNA,Paying taxes,Other taxes (% of profit),8
KNA,Paying taxes,Payments (number per year),39
KNA,Paying taxes,Profit tax (% of profit),30.5
KNA,Paying taxes,Time (hours per year),203
KNA,Paying taxes,Time to complete a corporate income tax correction (weeks) (DB17-20 methodology),0
KNA,Paying taxes,Time to comply with VAT refund (hours) (DB17-20 methodology),10
KNA,Paying taxes,Time to comply with a corporate income tax correction (hours) (DB17-20 methodology),2
KNA,Paying taxes,Time to obtain VAT refund (weeks) (DB17-20 methodology),42.64286
KNA,Paying taxes,Total tax and contribution rate (% of profit),49.7
KNA,Registering property,Cost (% of property value),10.9
KNA,Registering property,Equal access to property rights index (-2-0) (DB17-20 methodology),0
KNA,Registering property,Geographic coverage index (0-8) (DB17-20 methodology),0
KNA,Registering property,Land dispute resolution index (0-8) (DB17-20 methodology),6.5
KNA,Registering property,Procedures (number),6
KNA,Registering property,Quality of land administration index (0-30) (DB17-20 methodology),9
KNA,Registering property,Reliability of infrastructure index (0-8) (DB17-20 methodology),1
KNA,Registering property,Time (days),224
KNA,Registering property,Transparency of information index (0-6) (DB17-20 methodology),1.5
KNA,Resolving insolvency,Commencement of proceedings index (0-3) (DB15-20 methodology),2.5
KNA,Resolving insolvency,Creditor participation index (0-4) (DB15-20 methodology),3
KNA,Resolving insolvency,Management of debtor's assets index (0-6) (DB15-20 methodology),4.5
KNA,Resolving insolvency,Outcome (0 as piecemeal sale and 1 as going concern),0
KNA,Resolving insolvency,Recovery rate (cents on the dollar),0
KNA,Resolving insolvency,Reorganization proceedings index (0-3) (DB15-20 methodology),1
KNA,Resolving insolvency,Strength of insolvency framework index (0-16),0
KNA,Starting a business,Cost - Men (% of income per capita),6.2
KNA,Starting a business,Cost - Women (% of income per capita),6.2
KNA,Starting a business,Paid-in Minimum capital (% of income per capita),0
KNA,Starting a business,Procedures - Men (number),7
KNA,Starting a business,Procedures - Women (number),7
KNA,Starting a business,Time - Men (days),18.5
KNA,Starting a business,Time - Women (days),18.5
KNA,Trading across borders,Cost to export: Border compliance (USD) (DB16-20 methodology),335
KNA,Trading across borders,Cost to export: Documentary compliance (USD) (DB16-20 methodology),100
KNA,Trading across borders,Cost to import: Border compliance (USD) (DB16-20 methodology),310.7143
KNA,Trading across borders,Cost to import: Documentary compliance (USD) (DB16-20 methodology),90
KNA,Trading across borders,Time to export: Border compliance (hours) (DB16-20 methodology),27
KNA,Trading across borders,Time to export: Documentary compliance (hours) (DB16-20 methodology),24
KNA,Trading across borders,Time to import: Border compliance (hours) (DB16-20 methodology),37.14286
KNA,Trading across borders,Time to import: Documentary compliance (hours) (DB16-20 methodology),33.14286
KOR,Dealing with construction permits,Building quality control index (0-15) (DB16-20 methodology),12
KOR,Dealing with construction permits,Cost (% of Warehouse value),4.4
KOR,Dealing with construction permits,Liability and insurance regimes index (0-2) (DB16-20 methodology),1
KOR,Dealing with construction permits,Procedures (number),10
KOR,Dealing with construction permits,Professional certifications index (0-4) (DB16-20 methodology),4
KOR,Dealing with construction permits,Quality control after construction index (0-3) (DB16-20 methodology),3
KOR,Dealing with construction permits,Quality control before construction index (0-1) (DB16-20 methodology),0
KOR,Dealing with construction permits,Quality control during construction index (0-3) (DB16-20 methodology),2
KOR,Dealing with construction permits,Quality of building regulations index (0-2) (DB16-20 methodology),2
KOR,Dealing with construction permits,Time (days),27.5
KOR,Enforcing contracts,Alternative dispute resolution (0-3) (DB17-20 methodology),3
KOR,Enforcing contracts,Attorney fees (% of claim),9
KOR,Enforcing contracts,Case management (0-6) (DB17-20 methodology),4
KOR,Enforcing contracts,Cost (% of claim),12.7
KOR,Enforcing contracts,Court automation (0-4) (DB17-20 methodology),4
KOR,Enforcing contracts,Court fees (% of claim),3
KOR,Enforcing contracts,Court structure and proceedings (0-5) (DB17-20 methodology),3.5
KOR,Enforcing contracts,Enforcement fees (% of claim),.7
KOR,Enforcing contracts,Enforcement of judgment (days),120
KOR,Enforcing contracts,Filing and service (days),20
KOR,Enforcing contracts,Quality of judicial processes index (0-18) (DB17-20 methodology),14.5
KOR,Enforcing contracts,Time (days),290
KOR,Enforcing contracts,Trial and judgment (days),150
KOR,Getting credit,Credit bureau coverage (% of adults),100
KOR,Getting credit,Credit registry coverage (% of adults),68.2
KOR,Getting credit,Depth of credit information index (0-8) (DB15-20 methodology),8
KOR,Getting credit,Getting Credit total score (DB15-20 methodology),13
KOR,Getting credit,Strength of legal rights index (0-12) (DB15-20 methodology),5
KOR,Paying taxes,Labor tax and contributions (% of profit),13.7
KOR,Paying taxes,Other taxes (% of profit),1.4
KOR,Paying taxes,Payments (number per year),12
KOR,Paying taxes,Profit tax (% of profit),18.2
KOR,Paying taxes,Time (hours per year),174
KOR,Paying taxes,Time to complete a corporate income tax correction (weeks) (DB17-20 methodology),0
KOR,Paying taxes,Time to comply with VAT refund (hours) (DB17-20 methodology),0
KOR,Paying taxes,Time to comply with a corporate income tax correction (hours) (DB17-20 methodology),9
KOR,Paying taxes,Time to obtain VAT refund (weeks) (DB17-20 methodology),8.642857
KOR,Paying taxes,Total tax and contribution rate (% of profit),33.2
KOR,Registering property,Cost (% of property value),5.1
KOR,Registering property,Equal access to property rights index (-2-0) (DB17-20 methodology),0
KOR,Registering property,Geographic coverage index (0-8) (DB17-20 methodology),8
KOR,Registering property,Land dispute resolution index (0-8) (DB17-20 methodology),7
KOR,Registering property,Procedures (number),7
KOR,Registering property,Quality of land administration index (0-30) (DB17-20 methodology),27.5
KOR,Registering property,Reliability of infrastructure index (0-8) (DB17-20 methodology),8
KOR,Registering property,Time (days),5.5
KOR,Registering property,Transparency of information index (0-6) (DB17-20 methodology),4.5
KOR,Resolving insolvency,Commencement of proceedings index (0-3) (DB15-20 methodology),2.5
KOR,Resolving insolvency,Cost (% of estate),3.5
KOR,Resolving insolvency,Creditor participation index (0-4) (DB15-20 methodology),1
KOR,Resolving insolvency,Management of debtor's assets index (0-6) (DB15-20 methodology),5.5
KOR,Resolving insolvency,Outcome (0 as piecemeal sale and 1 as going concern),1
KOR,Resolving insolvency,Recovery rate (cents on the dollar),84.3
KOR,Resolving insolvency,Reorganization proceedings index (0-3) (DB15-20 methodology),3
KOR,Resolving insolvency,Strength of insolvency framework index (0-16),12
KOR,Resolving insolvency,Time (years),1.5
KOR,Starting a business,Cost - Men (% of income per capita),14.6
KOR,Starting a business,Cost - Women (% of income per capita),14.6
KOR,Starting a business,Paid-in Minimum capital (% of income per capita),0
KOR,Starting a business,Procedures - Men (number),3
KOR,Starting a business,Procedures - Women (number),3
KOR,Starting a business,Time - Men (days),8
KOR,Starting a business,Time - Women (days),8
KOR,Trading across borders,Cost to export: Border compliance (USD) (DB16-20 methodology),184.7233
KOR,Trading across borders,Cost to export: Documentary compliance (USD) (DB16-20 methodology),11.095
KOR,Trading across borders,Cost to import: Border compliance (USD) (DB16-20 methodology),314.6389
KOR,Trading across borders,Cost to import: Documentary compliance (USD) (DB16-20 methodology),26.75
KOR,Trading across borders,Time to export: Border compliance (hours) (DB16-20 methodology),13.375
KOR,Trading across borders,Time to export: Documentary compliance (hours) (DB16-20 methodology),1
KOR,Trading across borders,Time to import: Border compliance (hours) (DB16-20 methodology),6
KOR,Trading across borders,Time to import: Documentary compliance (hours) (DB16-20 methodology),1
KWT,Dealing with construction permits,Building quality control index (0-15) (DB16-20 methodology),14
KWT,Dealing with construction permits,Cost (% of Warehouse value),5.5
KWT,Dealing with construction permits,Liability and insurance regimes index (0-2) (DB16-20 methodology),2
KWT,Dealing with construction permits,Procedures (number),19
KWT,Dealing with construction permits,Professional certifications index (0-4) (DB16-20 methodology),4
KWT,Dealing with construction permits,Quality control after construction index (0-3) (DB16-20 methodology),3
KWT,Dealing with construction permits,Quality control before construction index (0-1) (DB16-20 methodology),1
KWT,Dealing with construction permits,Quality control during construction index (0-3) (DB16-20 methodology),2
KWT,Dealing with construction permits,Quality of building regulations index (0-2) (DB16-20 methodology),2
KWT,Dealing with construction permits,Time (days),103
KWT,Enforcing contracts,Alternative dispute resolution (0-3) (DB17-20 methodology),2.5
KWT,Enforcing contracts,Attorney fees (% of claim),15
KWT,Enforcing contracts,Case management (0-6) (DB17-20 methodology),1
KWT,Enforcing contracts,Cost (% of claim),18.6
KWT,Enforcing contracts,Court automation (0-4) (DB17-20 methodology),0
KWT,Enforcing contracts,Court fees (% of claim),2.6
KWT,Enforcing contracts,Court structure and proceedings (0-5) (DB17-20 methodology),4
KWT,Enforcing contracts,Enforcement fees (% of claim),1
KWT,Enforcing contracts,Enforcement of judgment (days),120
KWT,Enforcing contracts,Filing and service (days),26
KWT,Enforcing contracts,Quality of judicial processes index (0-18) (DB17-20 methodology),7.5
KWT,Enforcing contracts,Time (days),566
KWT,Enforcing contracts,Trial and judgment (days),420
KWT,Getting credit,Credit bureau coverage (% of adults),31.6
KWT,Getting credit,Credit registry coverage (% of adults),16.8
KWT,Getting credit,Depth of credit information index (0-8) (DB15-20 methodology),8
KWT,Getting credit,Getting Credit total score (DB15-20 methodology),9
KWT,Getting credit,Strength of legal rights index (0-12) (DB15-20 methodology),1
KWT,Paying taxes,Labor tax and contributions (% of profit),13
KWT,Paying taxes,Other taxes (% of profit),0
KWT,Paying taxes,Payments (number per year),12
KWT,Paying taxes,Profit tax (% of profit),0
KWT,Paying taxes,Time (hours per year),98
KWT,Paying taxes,Time to complete a corporate income tax correction (weeks) (DB17-20 methodology),No corporate income tax
KWT,Paying taxes,Time to comply with a corporate income tax correction (hours) (DB17-20 methodology),No corporate income tax
KWT,Paying taxes,Total tax and contribution rate (% of profit),13
KWT,Registering property,Cost (% of property value),.5
KWT,Registering property,Equal access to property rights index (-2-0) (DB17-20 methodology),0
KWT,Registering property,Geographic coverage index (0-8) (DB17-20 methodology),8
KWT,Registering property,Land dispute resolution index (0-8) (DB17-20 methodology),5
KWT,Registering property,Procedures (number),7
KWT,Registering property,Quality of land administration index (0-30) (DB17-20 methodology),18.5
KWT,Registering property,Reliability of infrastructure index (0-8) (DB17-20 methodology),3
KWT,Registering property,Time (days),17
KWT,Registering property,Transparency of information index (0-6) (DB17-20 methodology),2.5
KWT,Resolving insolvency,Commencement of proceedings index (0-3) (DB15-20 methodology),2
KWT,Resolving insolvency,Cost (% of estate),10
KWT,Resolving insolvency,Creditor participation index (0-4) (DB15-20 methodology),1
KWT,Resolving insolvency,Management of debtor's assets index (0-6) (DB15-20 methodology),4
KWT,Resolving insolvency,Outcome (0 as piecemeal sale and 1 as going concern),0
KWT,Resolving insolvency,Recovery rate (cents on the dollar),32.2
KWT,Resolving insolvency,Reorganization proceedings index (0-3) (DB15-20 methodology),0
KWT,Resolving insolvency,Strength of insolvency framework index (0-16),7
KWT,Resolving insolvency,Time (years),4.2
KWT,Starting a business,Cost - Men (% of income per capita),1.7
KWT,Starting a business,Cost - Women (% of income per capita),1.7
KWT,Starting a business,Paid-in Minimum capital (% of income per capita),0
KWT,Starting a business,Procedures - Men (number),5
KWT,Starting a business,Procedures - Women (number),6
KWT,Starting a business,Time - Men (days),19
KWT,Starting a business,Time - Women (days),20
KWT,Trading across borders,Cost to export: Border compliance (USD) (DB16-20 methodology),665
KWT,Trading across borders,Cost to export: Documentary compliance (USD) (DB16-20 methodology),227
KWT,Trading across borders,Cost to import: Border compliance (USD) (DB16-20 methodology),633.7273
KWT,Trading across borders,Cost to import: Documentary compliance (USD) (DB16-20 methodology),331.8182
KWT,Trading across borders,Time to export: Border compliance (hours) (DB16-20 methodology),84
KWT,Trading across borders,Time to export: Documentary compliance (hours) (DB16-20 methodology),72
KWT,Trading across borders,Time to import: Border compliance (hours) (DB16-20 methodology),72
KWT,Trading across borders,Time to import: Documentary compliance (hours) (DB16-20 methodology),96
LAO,Dealing with construction permits,Building quality control index (0-15) (DB16-20 methodology),6.5
LAO,Dealing with construction permits,Cost (% of Warehouse value),4.6
LAO,Dealing with construction permits,Liability and insurance regimes index (0-2) (DB16-20 methodology),.5
LAO,Dealing with construction permits,Procedures (number),12
LAO,Dealing with construction permits,Professional certifications index (0-4) (DB16-20 methodology),0
LAO,Dealing with construction permits,Quality control after construction index (0-3) (DB16-20 methodology),3
LAO,Dealing with construction permits,Quality control before construction index (0-1) (DB16-20 methodology),1
LAO,Dealing with construction permits,Quality control during construction index (0-3) (DB16-20 methodology),2
LAO,Dealing with construction permits,Quality of building regulations index (0-2) (DB16-20 methodology),0
LAO,Dealing with construction permits,Time (days),92
LAO,Enforcing contracts,Alternative dispute resolution (0-3) (DB17-20 methodology),2.5
LAO,Enforcing contracts,Attorney fees (% of claim),27.9
LAO,Enforcing contracts,Case management (0-6) (DB17-20 methodology),0
LAO,Enforcing contracts,Cost (% of claim),31.6
LAO,Enforcing contracts,Court automation (0-4) (DB17-20 methodology),0
LAO,Enforcing contracts,Court fees (% of claim),1.4
LAO,Enforcing contracts,Court structure and proceedings (0-5) (DB17-20 methodology),1
LAO,Enforcing contracts,Enforcement fees (% of claim),2.3
LAO,Enforcing contracts,Enforcement of judgment (days),365
LAO,Enforcing contracts,Filing and service (days),119
LAO,Enforcing contracts,Quality of judicial processes index (0-18) (DB17-20 methodology),3.5
LAO,Enforcing contracts,Time (days),828
LAO,Enforcing contracts,Trial and judgment (days),344
LAO,Getting credit,Credit bureau coverage (% of adults),0
LAO,Getting credit,Credit registry coverage (% of adults),19.8
LAO,Getting credit,Depth of credit information index (0-8) (DB15-20 methodology),6
LAO,Getting credit,Getting Credit total score (DB15-20 methodology),12
LAO,Getting credit,Strength of legal rights index (0-12) (DB15-20 methodology),6
LAO,Paying taxes,Labor tax and contributions (% of profit),6.8
LAO,Paying taxes,Other taxes (% of profit),.9
LAO,Paying taxes,Payments (number per year),35
LAO,Paying taxes,Profit tax (% of profit),16.4
LAO,Paying taxes,Time (hours per year),362
LAO,Paying taxes,Time to complete a corporate income tax correction (weeks) (DB17-20 methodology),31.71429
LAO,Paying taxes,Time to comply with VAT refund (hours) (DB17-20 methodology),No VAT refund per case study scenario
LAO,Paying taxes,Time to comply with a corporate income tax correction (hours) (DB17-20 methodology),16
LAO,Paying taxes,Time to obtain VAT refund (weeks) (DB17-20 methodology),No VAT refund per case study scenario
LAO,Paying taxes,Total tax and contribution rate (% of profit),24.1
LAO,Registering property,Cost (% of property value),3.1
LAO,Registering property,Equal access to property rights index (-2-0) (DB17-20 methodology),0
LAO,Registering property,Geographic coverage index (0-8) (DB17-20 methodology),4
LAO,Registering property,Land dispute resolution index (0-8) (DB17-20 methodology),4
LAO,Registering property,Procedures (number),6
LAO,Registering property,Quality of land administration index (0-30) (DB17-20 methodology),10.5
LAO,Registering property,Reliability of infrastructure index (0-8) (DB17-20 methodology),2
LAO,Registering property,Time (days),28
LAO,Registering property,Transparency of information index (0-6) (DB17-20 methodology),.5
LAO,Resolving insolvency,Commencement of proceedings index (0-3) (DB15-20 methodology),2
LAO,Resolving insolvency,Creditor participation index (0-4) (DB15-20 methodology),0
LAO,Resolving insolvency,Management of debtor's assets index (0-6) (DB15-20 methodology),2
LAO,Resolving insolvency,Outcome (0 as piecemeal sale and 1 as going concern),0
LAO,Resolving insolvency,Recovery rate (cents on the dollar),0
LAO,Resolving insolvency,Reorganization proceedings index (0-3) (DB15-20 methodology),.5
LAO,Resolving insolvency,Strength of insolvency framework index (0-16),0
LAO,Starting a business,Cost - Men (% of income per capita),4.6
LAO,Starting a business,Cost - Women (% of income per capita),4.6
LAO,Starting a business,Paid-in Minimum capital (% of income per capita),0
LAO,Starting a business,Procedures - Men (number),9
LAO,Starting a business,Procedures - Women (number),9
LAO,Starting a business,Time - Men (days),173
LAO,Starting a business,Time - Women (days),173
LAO,Trading across borders,Cost to export: Border compliance (USD) (DB16-20 methodology),140
LAO,Trading across borders,Cost to export: Documentary compliance (USD) (DB16-20 methodology),235
LAO,Trading across borders,Cost to import: Border compliance (USD) (DB16-20 methodology),223.5
LAO,Trading across borders,Cost to import: Documentary compliance (USD) (DB16-20 methodology),115
LAO,Trading across borders,Time to export: Border compliance (hours) (DB16-20 methodology),9
LAO,Trading across borders,Time to export: Documentary compliance (hours) (DB16-20 methodology),60
LAO,Trading across borders,Time to import: Border compliance (hours) (DB16-20 methodology),10.5
LAO,Trading across borders,Time to import: Documentary compliance (hours) (DB16-20 methodology),60
LBN,Dealing with construction permits,Building quality control index (0-15) (DB16-20 methodology),14
LBN,Dealing with construction permits,Cost (% of Warehouse value),7.7
LBN,Dealing with construction permits,Liability and insurance regimes index (0-2) (DB16-20 methodology),2
LBN,Dealing with construction permits,Procedures (number),22
LBN,Dealing with construction permits,Professional certifications index (0-4) (DB16-20 methodology),4
LBN,Dealing with construction permits,Quality control after construction index (0-3) (DB16-20 methodology),3
LBN,Dealing with construction permits,Quality control before construction index (0-1) (DB16-20 methodology),1
LBN,Dealing with construction permits,Quality control during construction index (0-3) (DB16-20 methodology),2
LBN,Dealing with construction permits,Quality of building regulations index (0-2) (DB16-20 methodology),2
LBN,Dealing with construction permits,Time (days),276
LBN,Enforcing contracts,Alternative dispute resolution (0-3) (DB17-20 methodology),2
LBN,Enforcing contracts,Attorney fees (% of claim),24.8
LBN,Enforcing contracts,Case management (0-6) (DB17-20 methodology),.5
LBN,Enforcing contracts,Cost (% of claim),30.8
LBN,Enforcing contracts,Court automation (0-4) (DB17-20 methodology),0
LBN,Enforcing contracts,Court fees (% of claim),3
LBN,Enforcing contracts,Court structure and proceedings (0-5) (DB17-20 methodology),4
LBN,Enforcing contracts,Enforcement fees (% of claim),3
LBN,Enforcing contracts,Enforcement of judgment (days),150
LBN,Enforcing contracts,Filing and service (days),15
LBN,Enforcing contracts,Quality of judicial processes index (0-18) (DB17-20 methodology),6.5
LBN,Enforcing contracts,Time (days),721
LBN,Enforcing contracts,Trial and judgment (days),556
LBN,Getting credit,Credit bureau coverage (% of adults),0
LBN,Getting credit,Credit registry coverage (% of adults),21.3
LBN,Getting credit,Depth of credit information index (0-8) (DB15-20 methodology),6
LBN,Getting credit,Getting Credit total score (DB15-20 methodology),8
LBN,Getting credit,Strength of legal rights index (0-12) (DB15-20 methodology),2
LBN,Paying taxes,Labor tax and contributions (% of profit),24.9
LBN,Paying taxes,Other taxes (% of profit),.4
LBN,Paying taxes,Payments (number per year),20
LBN,Paying taxes,Profit tax (% of profit),6.9
LBN,Paying taxes,Time (hours per year),181
LBN,Paying taxes,Time to complete a corporate income tax correction (weeks) (DB17-20 methodology),25.14286
LBN,Paying taxes,Time to comply with VAT refund (hours) (DB17-20 methodology),47
LBN,Paying taxes,Time to comply with a corporate income tax correction (hours) (DB17-20 methodology),23
LBN,Paying taxes,Time to obtain VAT refund (weeks) (DB17-20 methodology),43.64286
LBN,Paying taxes,Total tax and contribution rate (% of profit),32.2
LBN,Registering property,Cost (% of property value),6
LBN,Registering property,Equal access to property rights index (-2-0) (DB17-20 methodology),0
LBN,Registering property,Geographic coverage index (0-8) (DB17-20 methodology),4
LBN,Registering property,Land dispute resolution index (0-8) (DB17-20 methodology),5
LBN,Registering property,Procedures (number),8
LBN,Registering property,Quality of land administration index (0-30) (DB17-20 methodology),16
LBN,Registering property,Reliability of infrastructure index (0-8) (DB17-20 methodology),4
LBN,Registering property,Time (days),37
LBN,Registering property,Transparency of information index (0-6) (DB17-20 methodology),3
LBN,Resolving insolvency,Commencement of proceedings index (0-3) (DB15-20 methodology),2
LBN,Resolving insolvency,Cost (% of estate),15
LBN,Resolving insolvency,Creditor participation index (0-4) (DB15-20 methodology),0
LBN,Resolving insolvency,Management of debtor's assets index (0-6) (DB15-20 methodology),2
LBN,Resolving insolvency,Outcome (0 as piecemeal sale and 1 as going concern),0
LBN,Resolving insolvency,Recovery rate (cents on the dollar),30.8
LBN,Resolving insolvency,Reorganization proceedings index (0-3) (DB15-20 methodology),0
LBN,Resolving insolvency,Strength of insolvency framework index (0-16),4
LBN,Resolving insolvency,Time (years),3
LBN,Starting a business,Cost - Men (% of income per capita),42.3
LBN,Starting a business,Cost - Women (% of income per capita),42.3
LBN,Starting a business,Paid-in Minimum capital (% of income per capita),41.5
LBN,Starting a business,Procedures - Men (number),8
LBN,Starting a business,Procedures - Women (number),8
LBN,Starting a business,Time - Men (days),15
LBN,Starting a business,Time - Women (days),15
LBN,Trading across borders,Cost to export: Border compliance (USD) (DB16-20 methodology),480
LBN,Trading across borders,Cost to export: Documentary compliance (USD) (DB16-20 methodology),100
LBN,Trading across borders,Cost to import: Border compliance (USD) (DB16-20 methodology),790
LBN,Trading across borders,Cost to import: Documentary compliance (USD) (DB16-20 methodology),135
LBN,Trading across borders,Time to export: Border compliance (hours) (DB16-20 methodology),96
LBN,Trading across borders,Time to export: Documentary compliance (hours) (DB16-20 methodology),48
LBN,Trading across borders,Time to import: Border compliance (hours) (DB16-20 methodology),180
LBN,Trading across borders,Time to import: Documentary compliance (hours) (DB16-20 methodology),72
LBR,Dealing with construction permits,Building quality control index (0-15) (DB16-20 methodology),2
LBR,Dealing with construction permits,Cost (% of Warehouse value),24.1
LBR,Dealing with construction permits,Liability and insurance regimes index (0-2) (DB16-20 methodology),0
LBR,Dealing with construction permits,Procedures (number),25
LBR,Dealing with construction permits,Professional certifications index (0-4) (DB16-20 methodology),1
LBR,Dealing with construction permits,Quality control after construction index (0-3) (DB16-20 methodology),0
LBR,Dealing with construction permits,Quality control before construction index (0-1) (DB16-20 methodology),1
LBR,Dealing with construction permits,Quality control during construction index (0-3) (DB16-20 methodology),0
LBR,Dealing with construction permits,Quality of building regulations index (0-2) (DB16-20 methodology),0
LBR,Dealing with construction permits,Time (days),87
LBR,Enforcing contracts,Alternative dispute resolution (0-3) (DB17-20 methodology),1.5
LBR,Enforcing contracts,Attorney fees (% of claim),25.1
LBR,Enforcing contracts,Case management (0-6) (DB17-20 methodology),2
LBR,Enforcing contracts,Cost (% of claim),35
LBR,Enforcing contracts,Court automation (0-4) (DB17-20 methodology),0
LBR,Enforcing contracts,Court fees (% of claim),6.9
LBR,Enforcing contracts,Court structure and proceedings (0-5) (DB17-20 methodology),4
LBR,Enforcing contracts,Enforcement fees (% of claim),3
LBR,Enforcing contracts,Enforcement of judgment (days),540
LBR,Enforcing contracts,Filing and service (days),30
LBR,Enforcing contracts,Quality of judicial processes index (0-18) (DB17-20 methodology),7.5
LBR,Enforcing contracts,Time (days),1300
LBR,Enforcing contracts,Trial and judgment (days),730
LBR,Getting credit,Credit bureau coverage (% of adults),0
LBR,Getting credit,Credit registry coverage (% of adults),3.2
LBR,Getting credit,Depth of credit information index (0-8) (DB15-20 methodology),0
LBR,Getting credit,Getting Credit total score (DB15-20 methodology),10
LBR,Getting credit,Strength of legal rights index (0-12) (DB15-20 methodology),10
LBR,Paying taxes,Labor tax and contributions (% of profit),6.1
LBR,Paying taxes,Other taxes (% of profit),4.8
LBR,Paying taxes,Payments (number per year),33
LBR,Paying taxes,Profit tax (% of profit),35.4
LBR,Paying taxes,Time (hours per year),139.5
LBR,Paying taxes,Time to complete a corporate income tax correction (weeks) (DB17-20 methodology),0
LBR,Paying taxes,Time to comply with a corporate income tax correction (hours) (DB17-20 methodology),3
LBR,Paying taxes,Total tax and contribution rate (% of profit),46.2
LBR,Registering property,Cost (% of property value),13.3
LBR,Registering property,Equal access to property rights index (-2-0) (DB17-20 methodology),0
LBR,Registering property,Geographic coverage index (0-8) (DB17-20 methodology),0
LBR,Registering property,Land dispute resolution index (0-8) (DB17-20 methodology),2.5
LBR,Registering property,Procedures (number),10
LBR,Registering property,Quality of land administration index (0-30) (DB17-20 methodology),3.5
LBR,Registering property,Reliability of infrastructure index (0-8) (DB17-20 methodology),0
LBR,Registering property,Time (days),44
LBR,Registering property,Transparency of information index (0-6) (DB17-20 methodology),1
LBR,Resolving insolvency,Commencement of proceedings index (0-3) (DB15-20 methodology),2.5
LBR,Resolving insolvency,Cost (% of estate),30
LBR,Resolving insolvency,Creditor participation index (0-4) (DB15-20 methodology),1
LBR,Resolving insolvency,Management of debtor's assets index (0-6) (DB15-20 methodology),6
LBR,Resolving insolvency,Outcome (0 as piecemeal sale and 1 as going concern),0
LBR,Resolving insolvency,Recovery rate (cents on the dollar),17.4
LBR,Resolving insolvency,Reorganization proceedings index (0-3) (DB15-20 methodology),.5
LBR,Resolving insolvency,Strength of insolvency framework index (0-16),10
LBR,Resolving insolvency,Time (years),3
LBR,Starting a business,Cost - Men (% of income per capita),6.3
LBR,Starting a business,Cost - Women (% of income per capita),6.3
LBR,Starting a business,Paid-in Minimum capital (% of income per capita),0
LBR,Starting a business,Procedures - Men (number),5
LBR,Starting a business,Procedures - Women (number),5
LBR,Starting a business,Time - Men (days),18
LBR,Starting a business,Time - Women (days),18
LBR,Trading across borders,Cost to export: Border compliance (USD) (DB16-20 methodology),1112.5
LBR,Trading across borders,Cost to export: Documentary compliance (USD) (DB16-20 methodology),330
LBR,Trading across borders,Cost to import: Border compliance (USD) (DB16-20 methodology),1012.5
LBR,Trading across borders,Cost to import: Documentary compliance (USD) (DB16-20 methodology),405
LBR,Trading across borders,Time to export: Border compliance (hours) (DB16-20 methodology),193
LBR,Trading across borders,Time to export: Documentary compliance (hours) (DB16-20 methodology),144
LBR,Trading across borders,Time to import: Border compliance (hours) (DB16-20 methodology),217
LBR,Trading across borders,Time to import: Documentary compliance (hours) (DB16-20 methodology),144
LBY,Enforcing contracts,Alternative dispute resolution (0-3) (DB17-20 methodology),2
LBY,Enforcing contracts,Attorney fees (% of claim),16
LBY,Enforcing contracts,Case management (0-6) (DB17-20 methodology),0
LBY,Enforcing contracts,Cost (% of claim),27
LBY,Enforcing contracts,Court automation (0-4) (DB17-20 methodology),0
LBY,Enforcing contracts,Court fees (% of claim),6
LBY,Enforcing contracts,Court structure and proceedings (0-5) (DB17-20 methodology),2
LBY,Enforcing contracts,Enforcement fees (% of claim),5
LBY,Enforcing contracts,Enforcement of judgment (days),215
LBY,Enforcing contracts,Filing and service (days),60
LBY,Enforcing contracts,Quality of judicial processes index (0-18) (DB17-20 methodology),4
LBY,Enforcing contracts,Time (days),690
LBY,Enforcing contracts,Trial and judgment (days),415
LBY,Getting credit,Credit bureau coverage (% of adults),0
LBY,Getting credit,Credit registry coverage (% of adults),.6
LBY,Getting credit,Depth of credit information index (0-8) (DB15-20 methodology),0
LBY,Getting credit,Getting Credit total score (DB15-20 methodology),0
LBY,Getting credit,Strength of legal rights index (0-12) (DB15-20 methodology),0
LBY,Paying taxes,Labor tax and contributions (% of profit),10.3
LBY,Paying taxes,Other taxes (% of profit),.2
LBY,Paying taxes,Payments (number per year),19
LBY,Paying taxes,Profit tax (% of profit),22.1
LBY,Paying taxes,Time (hours per year),889
LBY,Paying taxes,Time to complete a corporate income tax correction (weeks) (DB17-20 methodology),.4285714
LBY,Paying taxes,Time to comply with a corporate income tax correction (hours) (DB17-20 methodology),11.5
LBY,Paying taxes,Total tax and contribution rate (% of profit),32.6
LBY,Resolving insolvency,Commencement of proceedings index (0-3) (DB15-20 methodology),2
LBY,Resolving insolvency,Creditor participation index (0-4) (DB15-20 methodology),1
LBY,Resolving insolvency,Management of debtor's assets index (0-6) (DB15-20 methodology),4
LBY,Resolving insolvency,Outcome (0 as piecemeal sale and 1 as going concern),0
LBY,Resolving insolvency,Recovery rate (cents on the dollar),0
LBY,Resolving insolvency,Reorganization proceedings index (0-3) (DB15-20 methodology),0
LBY,Resolving insolvency,Strength of insolvency framework index (0-16),0
LBY,Starting a business,Cost - Men (% of income per capita),24.6
LBY,Starting a business,Cost - Women (% of income per capita),24.6
LBY,Starting a business,Paid-in Minimum capital (% of income per capita),30
LBY,Starting a business,Procedures - Men (number),10
LBY,Starting a business,Procedures - Women (number),10
LBY,Starting a business,Time - Men (days),35
LBY,Starting a business,Time - Women (days),35
LBY,Trading across borders,Cost to export: Border compliance (USD) (DB16-20 methodology),574.8571
LBY,Trading across borders,Cost to export: Documentary compliance (USD) (DB16-20 methodology),50
LBY,Trading across borders,Cost to import: Border compliance (USD) (DB16-20 methodology),637.4286
LBY,Trading across borders,Cost to import: Documentary compliance (USD) (DB16-20 methodology),60
LBY,Trading across borders,Time to export: Border compliance (hours) (DB16-20 methodology),72
LBY,Trading across borders,Time to export: Documentary compliance (hours) (DB16-20 methodology),72
LBY,Trading across borders,Time to import: Border compliance (hours) (DB16-20 methodology),78.85714
LBY,Trading across borders,Time to import: Documentary compliance (hours) (DB16-20 methodology),96
LCA,Dealing with construction permits,Building quality control index (0-15) (DB16-20 methodology),10.5
LCA,Dealing with construction permits,Cost (% of Warehouse value),.5
LCA,Dealing with construction permits,Liability and insurance regimes index (0-2) (DB16-20 methodology),.5
LCA,Dealing with construction permits,Procedures (number),14
LCA,Dealing with construction permits,Professional certifications index (0-4) (DB16-20 methodology),2
LCA,Dealing with construction permits,Quality control after construction index (0-3) (DB16-20 methodology),3
LCA,Dealing with construction permits,Quality control before construction index (0-1) (DB16-20 methodology),1
LCA,Dealing with construction permits,Quality control during construction index (0-3) (DB16-20 methodology),2
LCA,Dealing with construction permits,Quality of building regulations index (0-2) (DB16-20 methodology),2
LCA,Dealing with construction permits,Time (days),116
LCA,Enforcing contracts,Alternative dispute resolution (0-3) (DB17-20 methodology),2.5
LCA,Enforcing contracts,Attorney fees (% of claim),29.3
LCA,Enforcing contracts,Case management (0-6) (DB17-20 methodology),3
LCA,Enforcing contracts,Cost (% of claim),37.3
LCA,Enforcing contracts,Court automation (0-4) (DB17-20 methodology),1.5
LCA,Enforcing contracts,Court fees (% of claim),2
LCA,Enforcing contracts,Court structure and proceedings (0-5) (DB17-20 methodology),4.5
LCA,Enforcing contracts,Enforcement fees (% of claim),6
LCA,Enforcing contracts,Enforcement of judgment (days),180
LCA,Enforcing contracts,Filing and service (days),21
LCA,Enforcing contracts,Quality of judicial processes index (0-18) (DB17-20 methodology),11.5
LCA,Enforcing contracts,Time (days),645
LCA,Enforcing contracts,Trial and judgment (days),444
LCA,Getting credit,Credit bureau coverage (% of adults),0
LCA,Getting credit,Credit registry coverage (% of adults),0
LCA,Getting credit,Depth of credit information index (0-8) (DB15-20 methodology),0
LCA,Getting credit,Getting Credit total score (DB15-20 methodology),5
LCA,Getting credit,Strength of legal rights index (0-12) (DB15-20 methodology),5
LCA,Paying taxes,Labor tax and contributions (% of profit),5.6
LCA,Paying taxes,Other taxes (% of profit),3.3
LCA,Paying taxes,Payments (number per year),35
LCA,Paying taxes,Profit tax (% of profit),25.8
LCA,Paying taxes,Time (hours per year),110
LCA,Paying taxes,Time to complete a corporate income tax correction (weeks) (DB17-20 methodology),8.714286
LCA,Paying taxes,Time to comply with VAT refund (hours) (DB17-20 methodology),8.25
LCA,Paying taxes,Time to comply with a corporate income tax correction (hours) (DB17-20 methodology),4.5
LCA,Paying taxes,Time to obtain VAT refund (weeks) (DB17-20 methodology),25.59524
LCA,Paying taxes,Total tax and contribution rate (% of profit),34.7
LCA,Registering property,Cost (% of property value),7.2
LCA,Registering property,Equal access to property rights index (-2-0) (DB17-20 methodology),0
LCA,Registering property,Geographic coverage index (0-8) (DB17-20 methodology),8
LCA,Registering property,Land dispute resolution index (0-8) (DB17-20 methodology),6.5
LCA,Registering property,Procedures (number),9
LCA,Registering property,Quality of land administration index (0-30) (DB17-20 methodology),18.5
LCA,Registering property,Reliability of infrastructure index (0-8) (DB17-20 methodology),2
LCA,Registering property,Time (days),17
LCA,Registering property,Transparency of information index (0-6) (DB17-20 methodology),2
LCA,Resolving insolvency,Commencement of proceedings index (0-3) (DB15-20 methodology),2
LCA,Resolving insolvency,Cost (% of estate),9
LCA,Resolving insolvency,Creditor participation index (0-4) (DB15-20 methodology),0
LCA,Resolving insolvency,Management of debtor's assets index (0-6) (DB15-20 methodology),2
LCA,Resolving insolvency,Outcome (0 as piecemeal sale and 1 as going concern),0
LCA,Resolving insolvency,Recovery rate (cents on the dollar),43.5
LCA,Resolving insolvency,Reorganization proceedings index (0-3) (DB15-20 methodology),0
LCA,Resolving insolvency,Strength of insolvency framework index (0-16),4
LCA,Resolving insolvency,Time (years),2
LCA,Starting a business,Cost - Men (% of income per capita),17
LCA,Starting a business,Cost - Women (% of income per capita),17
LCA,Starting a business,Paid-in Minimum capital (% of income per capita),0
LCA,Starting a business,Procedures - Men (number),5
LCA,Starting a business,Procedures - Women (number),5
LCA,Starting a business,Time - Men (days),11
LCA,Starting a business,Time - Women (days),11
LCA,Trading across borders,Cost to export: Border compliance (USD) (DB16-20 methodology),717.5
LCA,Trading across borders,Cost to export: Documentary compliance (USD) (DB16-20 methodology),62.5
LCA,Trading across borders,Cost to import: Border compliance (USD) (DB16-20 methodology),842.0545
LCA,Trading across borders,Cost to import: Documentary compliance (USD) (DB16-20 methodology),97.5
LCA,Trading across borders,Time to export: Border compliance (hours) (DB16-20 methodology),27
LCA,Trading across borders,Time to export: Documentary compliance (hours) (DB16-20 methodology),19
LCA,Trading across borders,Time to import: Border compliance (hours) (DB16-20 methodology),26.57143
LCA,Trading across borders,Time to import: Documentary compliance (hours) (DB16-20 methodology),14.07143
LIE,Dealing with construction permits,Building quality control index (0-15) (DB16-20 methodology),12
LIE,Dealing with construction permits,Cost (% of Warehouse value),.3
LIE,Dealing with construction permits,Liability and insurance regimes index (0-2) (DB16-20 methodology),1
LIE,Dealing with construction permits,Procedures (number),8
LIE,Dealing with construction permits,Professional certifications index (0-4) (DB16-20 methodology),4
LIE,Dealing with construction permits,Quality control after construction index (0-3) (DB16-20 methodology),3
LIE,Dealing with construction permits,Quality control before construction index (0-1) (DB16-20 methodology),1
LIE,Dealing with construction permits,Quality control during construction index (0-3) (DB16-20 methodology),2
LIE,Dealing with construction permits,Quality of building regulations index (0-2) (DB16-20 methodology),1
LIE,Dealing with construction permits,Time (days),138
LIE,Enforcing contracts,Alternative dispute resolution (0-3) (DB17-20 methodology),2.5
LIE,Enforcing contracts,Attorney fees (% of claim),9.8
LIE,Enforcing contracts,Case management (0-6) (DB17-20 methodology),1.5
LIE,Enforcing contracts,Cost (% of claim),12.7
LIE,Enforcing contracts,Court automation (0-4) (DB17-20 methodology),1
LIE,Enforcing contracts,Court fees (% of claim),2.3
LIE,Enforcing contracts,Court structure and proceedings (0-5) (DB17-20 methodology),1.5
LIE,Enforcing contracts,Enforcement fees (% of claim),.6
LIE,Enforcing contracts,Enforcement of judgment (days),225
LIE,Enforcing contracts,Filing and service (days),50
LIE,Enforcing contracts,Quality of judicial processes index (0-18) (DB17-20 methodology),6.5
LIE,Enforcing contracts,Time (days),640
LIE,Enforcing contracts,Trial and judgment (days),365
LIE,Getting credit,Credit bureau coverage (% of adults),0
LIE,Getting credit,Credit registry coverage (% of adults),0
LIE,Getting credit,Depth of credit information index (0-8) (DB15-20 methodology),0
LIE,Getting credit,Getting Credit total score (DB15-20 methodology),3
LIE,Getting credit,Strength of legal rights index (0-12) (DB15-20 methodology),3
LIE,Paying taxes,Labor tax and contributions (% of profit),15.2
LIE,Paying taxes,Other taxes (% of profit),0
LIE,Paying taxes,Payments (number per year),34
LIE,Paying taxes,Profit tax (% of profit),6.4
LIE,Paying taxes,Time (hours per year),49
LIE,Paying taxes,Time to complete a corporate income tax correction (weeks) (DB17-20 methodology),14.85714
LIE,Paying taxes,Time to comply with VAT refund (hours) (DB17-20 methodology),9
LIE,Paying taxes,Time to comply with a corporate income tax correction (hours) (DB17-20 methodology),11.5
LIE,Paying taxes,Time to obtain VAT refund (weeks) (DB17-20 methodology),27.5
LIE,Paying taxes,Total tax and contribution rate (% of profit),21.6
LIE,Registering property,Cost (% of property value),1.1
LIE,Registering property,Equal access to property rights index (-2-0) (DB17-20 methodology),0
LIE,Registering property,Geographic coverage index (0-8) (DB17-20 methodology),8
LIE,Registering property,Land dispute resolution index (0-8) (DB17-20 methodology),5
LIE,Registering property,Procedures (number),8
LIE,Registering property,Quality of land administration index (0-30) (DB17-20 methodology),21.5
LIE,Registering property,Reliability of infrastructure index (0-8) (DB17-20 methodology),5
LIE,Registering property,Time (days),17
LIE,Registering property,Transparency of information index (0-6) (DB17-20 methodology),3.5
LIE,Resolving insolvency,Commencement of proceedings index (0-3) (DB15-20 methodology),2
LIE,Resolving insolvency,Cost (% of estate),12.7
LIE,Resolving insolvency,Creditor participation index (0-4) (DB15-20 methodology),1
LIE,Resolving insolvency,Management of debtor's assets index (0-6) (DB15-20 methodology),2
LIE,Resolving insolvency,Outcome (0 as piecemeal sale and 1 as going concern),0
LIE,Resolving insolvency,Recovery rate (cents on the dollar),47.7
LIE,Resolving insolvency,Reorganization proceedings index (0-3) (DB15-20 methodology),0
LIE,Resolving insolvency,Strength of insolvency framework index (0-16),5
LIE,Resolving insolvency,Time (years),1.5
LIE,Starting a business,Cost - Men (% of income per capita),2.2
LIE,Starting a business,Cost - Women (% of income per capita),2.2
LIE,Starting a business,Paid-in Minimum capital (% of income per capita),32.7
LIE,Starting a business,Procedures - Men (number),10
LIE,Starting a business,Procedures - Women (number),10
LIE,Starting a business,Time - Men (days),46
LIE,Starting a business,Time - Women (days),46
LIE,Trading across borders,Cost to export: Border compliance (USD) (DB16-20 methodology),115
LIE,Trading across borders,Cost to export: Documentary compliance (USD) (DB16-20 methodology),27
LIE,Trading across borders,Cost to import: Border compliance (USD) (DB16-20 methodology),115
LIE,Trading across borders,Cost to import: Documentary compliance (USD) (DB16-20 methodology),27
LIE,Trading across borders,Time to export: Border compliance (hours) (DB16-20 methodology),1
LIE,Trading across borders,Time to export: Documentary compliance (hours) (DB16-20 methodology),1.5
LIE,Trading across borders,Time to import: Border compliance (hours) (DB16-20 methodology),1
LIE,Trading across borders,Time to import: Documentary compliance (hours) (DB16-20 methodology),1.5
LKA,Dealing with construction permits,Building quality control index (0-15) (DB16-20 methodology),6
LKA,Dealing with construction permits,Cost (% of Warehouse value),.3
LKA,Dealing with construction permits,Liability and insurance regimes index (0-2) (DB16-20 methodology),0
LKA,Dealing with construction permits,Procedures (number),13
LKA,Dealing with construction permits,Professional certifications index (0-4) (DB16-20 methodology),0
LKA,Dealing with construction permits,Quality control after construction index (0-3) (DB16-20 methodology),3
LKA,Dealing with construction permits,Quality control before construction index (0-1) (DB16-20 methodology),0
LKA,Dealing with construction permits,Quality control during construction index (0-3) (DB16-20 methodology),1
LKA,Dealing with construction permits,Quality of building regulations index (0-2) (DB16-20 methodology),2
LKA,Dealing with construction permits,Time (days),86
LKA,Enforcing contracts,Alternative dispute resolution (0-3) (DB17-20 methodology),2.5
LKA,Enforcing contracts,Attorney fees (% of claim),20.2
LKA,Enforcing contracts,Case management (0-6) (DB17-20 methodology),1
LKA,Enforcing contracts,Cost (% of claim),22.8
LKA,Enforcing contracts,Court automation (0-4) (DB17-20 methodology),.5
LKA,Enforcing contracts,Court fees (% of claim),1.1
LKA,Enforcing contracts,Court structure and proceedings (0-5) (DB17-20 methodology),4.5
LKA,Enforcing contracts,Enforcement fees (% of claim),1.5
LKA,Enforcing contracts,Enforcement of judgment (days),256
LKA,Enforcing contracts,Filing and service (days),62
LKA,Enforcing contracts,Quality of judicial processes index (0-18) (DB17-20 methodology),8.5
LKA,Enforcing contracts,Time (days),1318
LKA,Enforcing contracts,Trial and judgment (days),1000
LKA,Getting credit,Credit bureau coverage (% of adults),48.7
LKA,Getting credit,Credit registry coverage (% of adults),0
LKA,Getting credit,Depth of credit information index (0-8) (DB15-20 methodology),6
LKA,Getting credit,Getting Credit total score (DB15-20 methodology),8
LKA,Getting credit,Strength of legal rights index (0-12) (DB15-20 methodology),2
LKA,Paying taxes,Labor tax and contributions (% of profit),16.9
LKA,Paying taxes,Other taxes (% of profit),37.1
LKA,Paying taxes,Payments (number per year),36
LKA,Paying taxes,Profit tax (% of profit),1.2
LKA,Paying taxes,Time (hours per year),129
LKA,Paying taxes,Time to complete a corporate income tax correction (weeks) (DB17-20 methodology),0
LKA,Paying taxes,Time to comply with VAT refund (hours) (DB17-20 methodology),No VAT refund per case study scenario
LKA,Paying taxes,Time to comply with a corporate income tax correction (hours) (DB17-20 methodology),3
LKA,Paying taxes,Time to obtain VAT refund (weeks) (DB17-20 methodology),No VAT refund per case study scenario
LKA,Paying taxes,Total tax and contribution rate (% of profit),55.2
LKA,Registering property,Cost (% of property value),5.1
LKA,Registering property,Equal access to property rights index (-2-0) (DB17-20 methodology),0
LKA,Registering property,Geographic coverage index (0-8) (DB17-20 methodology),0
LKA,Registering property,Land dispute resolution index (0-8) (DB17-20 methodology),1
LKA,Registering property,Procedures (number),8
LKA,Registering property,Quality of land administration index (0-30) (DB17-20 methodology),5.5
LKA,Registering property,Reliability of infrastructure index (0-8) (DB17-20 methodology),3
LKA,Registering property,Time (days),39
LKA,Registering property,Transparency of information index (0-6) (DB17-20 methodology),1.5
LKA,Resolving insolvency,Commencement of proceedings index (0-3) (DB15-20 methodology),2.5
LKA,Resolving insolvency,Cost (% of estate),10
LKA,Resolving insolvency,Creditor participation index (0-4) (DB15-20 methodology),1
LKA,Resolving insolvency,Management of debtor's assets index (0-6) (DB15-20 methodology),3
LKA,Resolving insolvency,Outcome (0 as piecemeal sale and 1 as going concern),0
LKA,Resolving insolvency,Recovery rate (cents on the dollar),43
LKA,Resolving insolvency,Reorganization proceedings index (0-3) (DB15-20 methodology),.5
LKA,Resolving insolvency,Strength of insolvency framework index (0-16),7
LKA,Resolving insolvency,Time (years),1.7
LKA,Starting a business,Cost - Men (% of income per capita),8.7
LKA,Starting a business,Cost - Women (% of income per capita),8.7
LKA,Starting a business,Paid-in Minimum capital (% of income per capita),0
LKA,Starting a business,Procedures - Men (number),7
LKA,Starting a business,Procedures - Women (number),7
LKA,Starting a business,Time - Men (days),8
LKA,Starting a business,Time - Women (days),8
LKA,Trading across borders,Cost to export: Border compliance (USD) (DB16-20 methodology),366.1111
LKA,Trading across borders,Cost to export: Documentary compliance (USD) (DB16-20 methodology),57.58333
LKA,Trading across borders,Cost to import: Border compliance (USD) (DB16-20 methodology),299.6667
LKA,Trading across borders,Cost to import: Documentary compliance (USD) (DB16-20 methodology),282.7778
LKA,Trading across borders,Time to export: Border compliance (hours) (DB16-20 methodology),43
LKA,Trading across borders,Time to export: Documentary compliance (hours) (DB16-20 methodology),48
LKA,Trading across borders,Time to import: Border compliance (hours) (DB16-20 methodology),72
LKA,Trading across borders,Time to import: Documentary compliance (hours) (DB16-20 methodology),48
LSO,Dealing with construction permits,Building quality control index (0-15) (DB16-20 methodology),5
LSO,Dealing with construction permits,Cost (% of Warehouse value),11.3
LSO,Dealing with construction permits,Liability and insurance regimes index (0-2) (DB16-20 methodology),0
LSO,Dealing with construction permits,Procedures (number),10
LSO,Dealing with construction permits,Professional certifications index (0-4) (DB16-20 methodology),1
LSO,Dealing with construction permits,Quality control after construction index (0-3) (DB16-20 methodology),2
LSO,Dealing with construction permits,Quality control before construction index (0-1) (DB16-20 methodology),1
LSO,Dealing with construction permits,Quality control during construction index (0-3) (DB16-20 methodology),0
LSO,Dealing with construction permits,Quality of building regulations index (0-2) (DB16-20 methodology),1
LSO,Dealing with construction permits,Time (days),183
LSO,Enforcing contracts,Alternative dispute resolution (0-3) (DB17-20 methodology),2.5
LSO,Enforcing contracts,Attorney fees (% of claim),25
LSO,Enforcing contracts,Case management (0-6) (DB17-20 methodology),1
LSO,Enforcing contracts,Cost (% of claim),31.3
LSO,Enforcing contracts,Court automation (0-4) (DB17-20 methodology),.5
LSO,Enforcing contracts,Court fees (% of claim),3.6
LSO,Enforcing contracts,Court structure and proceedings (0-5) (DB17-20 methodology),4.5
LSO,Enforcing contracts,Enforcement fees (% of claim),2.7
LSO,Enforcing contracts,Enforcement of judgment (days),270
LSO,Enforcing contracts,Filing and service (days),45
LSO,Enforcing contracts,Quality of judicial processes index (0-18) (DB17-20 methodology),8.5
LSO,Enforcing contracts,Time (days),615
LSO,Enforcing contracts,Trial and judgment (days),300
LSO,Getting credit,Credit bureau coverage (% of adults),15.8
LSO,Getting credit,Credit registry coverage (% of adults),0
LSO,Getting credit,Depth of credit information index (0-8) (DB15-20 methodology),6
LSO,Getting credit,Getting Credit total score (DB15-20 methodology),11
LSO,Getting credit,Strength of legal rights index (0-12) (DB15-20 methodology),5
LSO,Paying taxes,Labor tax and contributions (% of profit),0
LSO,Paying taxes,Other taxes (% of profit),2.8
LSO,Paying taxes,Payments (number per year),32
LSO,Paying taxes,Profit tax (% of profit),10.8
LSO,Paying taxes,Time (hours per year),327
LSO,Paying taxes,Time to complete a corporate income tax correction (weeks) (DB17-20 methodology),5.571429
LSO,Paying taxes,Time to comply with VAT refund (hours) (DB17-20 methodology),11.5
LSO,Paying taxes,Time to comply with a corporate income tax correction (hours) (DB17-20 methodology),11
LSO,Paying taxes,Time to obtain VAT refund (weeks) (DB17-20 methodology),41.7381
LSO,Paying taxes,Total tax and contribution rate (% of profit),13.6
LSO,Registering property,Cost (% of property value),8.2
LSO,Registering property,Equal access to property rights index (-2-0) (DB17-20 methodology),0
LSO,Registering property,Geographic coverage index (0-8) (DB17-20 methodology),0
LSO,Registering property,Land dispute resolution index (0-8) (DB17-20 methodology),4
LSO,Registering property,Procedures (number),4
LSO,Registering property,Quality of land administration index (0-30) (DB17-20 methodology),10
LSO,Registering property,Reliability of infrastructure index (0-8) (DB17-20 methodology),3
LSO,Registering property,Time (days),43
LSO,Registering property,Transparency of information index (0-6) (DB17-20 methodology),3
LSO,Resolving insolvency,Commencement of proceedings index (0-3) (DB15-20 methodology),3
LSO,Resolving insolvency,Cost (% of estate),20
LSO,Resolving insolvency,Creditor participation index (0-4) (DB15-20 methodology),1
LSO,Resolving insolvency,Management of debtor's assets index (0-6) (DB15-20 methodology),3
LSO,Resolving insolvency,Outcome (0 as piecemeal sale and 1 as going concern),0
LSO,Resolving insolvency,Recovery rate (cents on the dollar),28.1
LSO,Resolving insolvency,Reorganization proceedings index (0-3) (DB15-20 methodology),0
LSO,Resolving insolvency,Strength of insolvency framework index (0-16),7
LSO,Resolving insolvency,Time (years),2.6
LSO,Starting a business,Cost - Men (% of income per capita),6.1
LSO,Starting a business,Cost - Women (% of income per capita),6.1
LSO,Starting a business,Paid-in Minimum capital (% of income per capita),0
LSO,Starting a business,Procedures - Men (number),6
LSO,Starting a business,Procedures - Women (number),6
LSO,Starting a business,Time - Men (days),15
LSO,Starting a business,Time - Women (days),15
LSO,Trading across borders,Cost to export: Border compliance (USD) (DB16-20 methodology),150
LSO,Trading across borders,Cost to export: Documentary compliance (USD) (DB16-20 methodology),90
LSO,Trading across borders,Cost to import: Border compliance (USD) (DB16-20 methodology),150
LSO,Trading across borders,Cost to import: Documentary compliance (USD) (DB16-20 methodology),90
LSO,Trading across borders,Time to export: Border compliance (hours) (DB16-20 methodology),4
LSO,Trading across borders,Time to export: Documentary compliance (hours) (DB16-20 methodology),1
LSO,Trading across borders,Time to import: Border compliance (hours) (DB16-20 methodology),4.5
LSO,Trading across borders,Time to import: Documentary compliance (hours) (DB16-20 methodology),1
LTU,Dealing with construction permits,Building quality control index (0-15) (DB16-20 methodology),13
LTU,Dealing with construction permits,Cost (% of Warehouse value),.3
LTU,Dealing with construction permits,Liability and insurance regimes index (0-2) (DB16-20 methodology),1
LTU,Dealing with construction permits,Procedures (number),13
LTU,Dealing with construction permits,Professional certifications index (0-4) (DB16-20 methodology),4
LTU,Dealing with construction permits,Quality control after construction index (0-3) (DB16-20 methodology),3
LTU,Dealing with construction permits,Quality control before construction index (0-1) (DB16-20 methodology),1
LTU,Dealing with construction permits,Quality control during construction index (0-3) (DB16-20 methodology),2
LTU,Dealing with construction permits,Quality of building regulations index (0-2) (DB16-20 methodology),2
LTU,Dealing with construction permits,Time (days),74
LTU,Enforcing contracts,Alternative dispute resolution (0-3) (DB17-20 methodology),3
LTU,Enforcing contracts,Attorney fees (% of claim),8.6
LTU,Enforcing contracts,Case management (0-6) (DB17-20 methodology),4.5
LTU,Enforcing contracts,Cost (% of claim),23.6
LTU,Enforcing contracts,Court automation (0-4) (DB17-20 methodology),4
LTU,Enforcing contracts,Court fees (% of claim),6
LTU,Enforcing contracts,Court structure and proceedings (0-5) (DB17-20 methodology),3.5
LTU,Enforcing contracts,Enforcement fees (% of claim),9
LTU,Enforcing contracts,Enforcement of judgment (days),90
LTU,Enforcing contracts,Filing and service (days),40
LTU,Enforcing contracts,Quality of judicial processes index (0-18) (DB17-20 methodology),15
LTU,Enforcing contracts,Time (days),370
LTU,Enforcing contracts,Trial and judgment (days),240
LTU,Getting credit,Credit bureau coverage (% of adults),100
LTU,Getting credit,Credit registry coverage (% of adults),53.7
LTU,Getting credit,Depth of credit information index (0-8) (DB15-20 methodology),8
LTU,Getting credit,Getting Credit total score (DB15-20 methodology),14
LTU,Getting credit,Strength of legal rights index (0-12) (DB15-20 methodology),6
LTU,Paying taxes,Labor tax and contributions (% of profit),35.2
LTU,Paying taxes,Other taxes (% of profit),1.5
LTU,Paying taxes,Payments (number per year),10
LTU,Paying taxes,Profit tax (% of profit),5.9
LTU,Paying taxes,Time (hours per year),95
LTU,Paying taxes,Time to complete a corporate income tax correction (weeks) (DB17-20 methodology),0
LTU,Paying taxes,Time to comply with VAT refund (hours) (DB17-20 methodology),2.1
LTU,Paying taxes,Time to comply with a corporate income tax correction (hours) (DB17-20 methodology),1.5
LTU,Paying taxes,Time to obtain VAT refund (weeks) (DB17-20 methodology),6.166667
LTU,Paying taxes,Total tax and contribution rate (% of profit),42.6
LTU,Registering property,Cost (% of property value),.8
LTU,Registering property,Equal access to property rights index (-2-0) (DB17-20 methodology),0
LTU,Registering property,Geographic coverage index (0-8) (DB17-20 methodology),8
LTU,Registering property,Land dispute resolution index (0-8) (DB17-20 methodology),8
LTU,Registering property,Procedures (number),3
LTU,Registering property,Quality of land administration index (0-30) (DB17-20 methodology),28.5
LTU,Registering property,Reliability of infrastructure index (0-8) (DB17-20 methodology),8
LTU,Registering property,Time (days),3.5
LTU,Registering property,Transparency of information index (0-6) (DB17-20 methodology),4.5
LTU,Resolving insolvency,Commencement of proceedings index (0-3) (DB15-20 methodology),2.5
LTU,Resolving insolvency,Cost (% of estate),15
LTU,Resolving insolvency,Creditor participation index (0-4) (DB15-20 methodology),1
LTU,Resolving insolvency,Management of debtor's assets index (0-6) (DB15-20 methodology),4
LTU,Resolving insolvency,Outcome (0 as piecemeal sale and 1 as going concern),0
LTU,Resolving insolvency,Recovery rate (cents on the dollar),40.3
LTU,Resolving insolvency,Reorganization proceedings index (0-3) (DB15-20 methodology),.5
LTU,Resolving insolvency,Strength of insolvency framework index (0-16),8
LTU,Resolving insolvency,Time (years),2.3
LTU,Starting a business,Cost - Men (% of income per capita),.5
LTU,Starting a business,Cost - Women (% of income per capita),.5
LTU,Starting a business,Paid-in Minimum capital (% of income per capita),16
LTU,Starting a business,Procedures - Men (number),4
LTU,Starting a business,Procedures - Women (number),4
LTU,Starting a business,Time - Men (days),5.5
LTU,Starting a business,Time - Women (days),5.5
LTU,Trading across borders,Cost to export: Border compliance (USD) (DB16-20 methodology),58
LTU,Trading across borders,Cost to export: Documentary compliance (USD) (DB16-20 methodology),28
LTU,Trading across borders,Cost to import: Border compliance (USD) (DB16-20 methodology),0
LTU,Trading across borders,Cost to import: Documentary compliance (USD) (DB16-20 methodology),0
LTU,Trading across borders,Time to export: Border compliance (hours) (DB16-20 methodology),7.307692
LTU,Trading across borders,Time to export: Documentary compliance (hours) (DB16-20 methodology),2.5
LTU,Trading across borders,Time to import: Border compliance (hours) (DB16-20 methodology),0
LTU,Trading across borders,Time to import: Documentary compliance (hours) (DB16-20 methodology),.5
LUX,Dealing with construction permits,Building quality control index (0-15) (DB16-20 methodology),15
LUX,Dealing with construction permits,Cost (% of Warehouse value),.7
LUX,Dealing with construction permits,Liability and insurance regimes index (0-2) (DB16-20 methodology),2
LUX,Dealing with construction permits,Procedures (number),11
LUX,Dealing with construction permits,Professional certifications index (0-4) (DB16-20 methodology),4
LUX,Dealing with construction permits,Quality control after construction index (0-3) (DB16-20 methodology),3
LUX,Dealing with construction permits,Quality control before construction index (0-1) (DB16-20 methodology),1
LUX,Dealing with construction permits,Quality control during construction index (0-3) (DB16-20 methodology),3
LUX,Dealing with construction permits,Quality of building regulations index (0-2) (DB16-20 methodology),2
LUX,Dealing with construction permits,Time (days),155
LUX,Enforcing contracts,Alternative dispute resolution (0-3) (DB17-20 methodology),2.5
LUX,Enforcing contracts,Attorney fees (% of claim),8.7
LUX,Enforcing contracts,Case management (0-6) (DB17-20 methodology),1
LUX,Enforcing contracts,Cost (% of claim),9.7
LUX,Enforcing contracts,Court automation (0-4) (DB17-20 methodology),.5
LUX,Enforcing contracts,Court fees (% of claim),.1
LUX,Enforcing contracts,Court structure and proceedings (0-5) (DB17-20 methodology),4.5
LUX,Enforcing contracts,Enforcement fees (% of claim),.9
LUX,Enforcing contracts,Enforcement of judgment (days),60
LUX,Enforcing contracts,Filing and service (days),21
LUX,Enforcing contracts,Quality of judicial processes index (0-18) (DB17-20 methodology),8.5
LUX,Enforcing contracts,Time (days),321
LUX,Enforcing contracts,Trial and judgment (days),240
LUX,Getting credit,Credit bureau coverage (% of adults),0
LUX,Getting credit,Credit registry coverage (% of adults),0
LUX,Getting credit,Depth of credit information index (0-8) (DB15-20 methodology),0
LUX,Getting credit,Getting Credit total score (DB15-20 methodology),3
LUX,Getting credit,Strength of legal rights index (0-12) (DB15-20 methodology),3
LUX,Paying taxes,Labor tax and contributions (% of profit),15.4
LUX,Paying taxes,Other taxes (% of profit),.8
LUX,Paying taxes,Payments (number per year),23
LUX,Paying taxes,Profit tax (% of profit),4.2
LUX,Paying taxes,Time (hours per year),55
LUX,Paying taxes,Time to complete a corporate income tax correction (weeks) (DB17-20 methodology),4.285714
LUX,Paying taxes,Time to comply with VAT refund (hours) (DB17-20 methodology),11.5
LUX,Paying taxes,Time to comply with a corporate income tax correction (hours) (DB17-20 methodology),4.5
LUX,Paying taxes,Time to obtain VAT refund (weeks) (DB17-20 methodology),15.16667
LUX,Paying taxes,Total tax and contribution rate (% of profit),20.4
LUX,Registering property,Cost (% of property value),10.1
LUX,Registering property,Equal access to property rights index (-2-0) (DB17-20 methodology),0
LUX,Registering property,Geographic coverage index (0-8) (DB17-20 methodology),8
LUX,Registering property,Land dispute resolution index (0-8) (DB17-20 methodology),6
LUX,Registering property,Procedures (number),7
LUX,Registering property,Quality of land administration index (0-30) (DB17-20 methodology),25.5
LUX,Registering property,Reliability of infrastructure index (0-8) (DB17-20 methodology),8
LUX,Registering property,Time (days),26.5
LUX,Registering property,Transparency of information index (0-6) (DB17-20 methodology),3.5
LUX,Resolving insolvency,Commencement of proceedings index (0-3) (DB15-20 methodology),2.5
LUX,Resolving insolvency,Cost (% of estate),14.5
LUX,Resolving insolvency,Creditor participation index (0-4) (DB15-20 methodology),1
LUX,Resolving insolvency,Management of debtor's assets index (0-6) (DB15-20 methodology),3
LUX,Resolving insolvency,Outcome (0 as piecemeal sale and 1 as going concern),0
LUX,Resolving insolvency,Recovery rate (cents on the dollar),43.9
LUX,Resolving insolvency,Reorganization proceedings index (0-3) (DB15-20 methodology),.5
LUX,Resolving insolvency,Strength of insolvency framework index (0-16),7
LUX,Resolving insolvency,Time (years),2
LUX,Starting a business,Cost - Men (% of income per capita),1.6
LUX,Starting a business,Cost - Women (% of income per capita),1.6
LUX,Starting a business,Paid-in Minimum capital (% of income per capita),17.2
LUX,Starting a business,Procedures - Men (number),5
LUX,Starting a business,Procedures - Women (number),5
LUX,Starting a business,Time - Men (days),16.5
LUX,Starting a business,Time - Women (days),16.5
LUX,Trading across borders,Cost to export: Border compliance (USD) (DB16-20 methodology),0
LUX,Trading across borders,Cost to export: Documentary compliance (USD) (DB16-20 methodology),0
LUX,Trading across borders,Cost to import: Border compliance (USD) (DB16-20 methodology),0
LUX,Trading across borders,Cost to import: Documentary compliance (USD) (DB16-20 methodology),0
LUX,Trading across borders,Time to export: Border compliance (hours) (DB16-20 methodology),0
LUX,Trading across borders,Time to export: Documentary compliance (hours) (DB16-20 methodology),.5
LUX,Trading across borders,Time to import: Border compliance (hours) (DB16-20 methodology),0
LUX,Trading across borders,Time to import: Documentary compliance (hours) (DB16-20 methodology),.5
LVA,Dealing with construction permits,Building quality control index (0-15) (DB16-20 methodology),12
LVA,Dealing with construction permits,Cost (% of Warehouse value),.4
LVA,Dealing with construction permits,Liability and insurance regimes index (0-2) (DB16-20 methodology),0
LVA,Dealing with construction permits,Procedures (number),14
LVA,Dealing with construction permits,Professional certifications index (0-4) (DB16-20 methodology),4
LVA,Dealing with construction permits,Quality control after construction index (0-3) (DB16-20 methodology),3
LVA,Dealing with construction permits,Quality control before construction index (0-1) (DB16-20 methodology),1
LVA,Dealing with construction permits,Quality control during construction index (0-3) (DB16-20 methodology),2
LVA,Dealing with construction permits,Quality of building regulations index (0-2) (DB16-20 methodology),2
LVA,Dealing with construction permits,Time (days),192
LVA,Enforcing contracts,Alternative dispute resolution (0-3) (DB17-20 methodology),3
LVA,Enforcing contracts,Attorney fees (% of claim),14.3
LVA,Enforcing contracts,Case management (0-6) (DB17-20 methodology),5.5
LVA,Enforcing contracts,Cost (% of claim),23.1
LVA,Enforcing contracts,Court automation (0-4) (DB17-20 methodology),2
LVA,Enforcing contracts,Court fees (% of claim),6.4
LVA,Enforcing contracts,Court structure and proceedings (0-5) (DB17-20 methodology),3
LVA,Enforcing contracts,Enforcement fees (% of claim),2.4
LVA,Enforcing contracts,Enforcement of judgment (days),120
LVA,Enforcing contracts,Filing and service (days),49
LVA,Enforcing contracts,Quality of judicial processes index (0-18) (DB17-20 methodology),13.5
LVA,Enforcing contracts,Time (days),469
LVA,Enforcing contracts,Trial and judgment (days),300
LVA,Getting credit,Credit bureau coverage (% of adults),48.1
LVA,Getting credit,Credit registry coverage (% of adults),96.9
LVA,Getting credit,Depth of credit information index (0-8) (DB15-20 methodology),8
LVA,Getting credit,Getting Credit total score (DB15-20 methodology),17
LVA,Getting credit,Strength of legal rights index (0-12) (DB15-20 methodology),9
LVA,Paying taxes,Labor tax and contributions (% of profit),27.2
LVA,Paying taxes,Other taxes (% of profit),3.1
LVA,Paying taxes,Payments (number per year),7
LVA,Paying taxes,Profit tax (% of profit),7.8
LVA,Paying taxes,Time (hours per year),168.5
LVA,Paying taxes,Time to complete a corporate income tax correction (weeks) (DB17-20 methodology),0
LVA,Paying taxes,Time to comply with VAT refund (hours) (DB17-20 methodology),0
LVA,Paying taxes,Time to comply with a corporate income tax correction (hours) (DB17-20 methodology),2.5
LVA,Paying taxes,Time to obtain VAT refund (weeks) (DB17-20 methodology),6.166667
LVA,Paying taxes,Total tax and contribution rate (% of profit),38.1
LVA,Registering property,Cost (% of property value),2
LVA,Registering property,Equal access to property rights index (-2-0) (DB17-20 methodology),0
LVA,Registering property,Geographic coverage index (0-8) (DB17-20 methodology),4
LVA,Registering property,Land dispute resolution index (0-8) (DB17-20 methodology),6
LVA,Registering property,Procedures (number),4
LVA,Registering property,Quality of land administration index (0-30) (DB17-20 methodology),22.5
LVA,Registering property,Reliability of infrastructure index (0-8) (DB17-20 methodology),8
LVA,Registering property,Time (days),16.5
LVA,Registering property,Transparency of information index (0-6) (DB17-20 methodology),4.5
LVA,Resolving insolvency,Commencement of proceedings index (0-3) (DB15-20 methodology),2.5
LVA,Resolving insolvency,Cost (% of estate),10
LVA,Resolving insolvency,Creditor participation index (0-4) (DB15-20 methodology),2
LVA,Resolving insolvency,Management of debtor's assets index (0-6) (DB15-20 methodology),5
LVA,Resolving insolvency,Outcome (0 as piecemeal sale and 1 as going concern),0
LVA,Resolving insolvency,Recovery rate (cents on the dollar),41.4
LVA,Resolving insolvency,Reorganization proceedings index (0-3) (DB15-20 methodology),2.5
LVA,Resolving insolvency,Strength of insolvency framework index (0-16),12
LVA,Resolving insolvency,Time (years),1.5
LVA,Starting a business,Cost - Men (% of income per capita),1.5
LVA,Starting a business,Cost - Women (% of income per capita),1.5
LVA,Starting a business,Paid-in Minimum capital (% of income per capita),0
LVA,Starting a business,Procedures - Men (number),4
LVA,Starting a business,Procedures - Women (number),4
LVA,Starting a business,Time - Men (days),5.5
LVA,Starting a business,Time - Women (days),5.5
LVA,Trading across borders,Cost to export: Border compliance (USD) (DB16-20 methodology),150
LVA,Trading across borders,Cost to export: Documentary compliance (USD) (DB16-20 methodology),35
LVA,Trading across borders,Cost to import: Border compliance (USD) (DB16-20 methodology),0
LVA,Trading across borders,Cost to import: Documentary compliance (USD) (DB16-20 methodology),0
LVA,Trading across borders,Time to export: Border compliance (hours) (DB16-20 methodology),24
LVA,Trading across borders,Time to export: Documentary compliance (hours) (DB16-20 methodology),2
LVA,Trading across borders,Time to import: Border compliance (hours) (DB16-20 methodology),0
LVA,Trading across borders,Time to import: Documentary compliance (hours) (DB16-20 methodology),.5
MAR,Dealing with construction permits,Building quality control index (0-15) (DB16-20 methodology),13
MAR,Dealing with construction permits,Cost (% of Warehouse value),3.3
MAR,Dealing with construction permits,Liability and insurance regimes index (0-2) (DB16-20 methodology),2
MAR,Dealing with construction permits,Procedures (number),12
MAR,Dealing with construction permits,Professional certifications index (0-4) (DB16-20 methodology),3
MAR,Dealing with construction permits,Quality control after construction index (0-3) (DB16-20 methodology),3
MAR,Dealing with construction permits,Quality control before construction index (0-1) (DB16-20 methodology),1
MAR,Dealing with construction permits,Quality control during construction index (0-3) (DB16-20 methodology),2
MAR,Dealing with construction permits,Quality of building regulations index (0-2) (DB16-20 methodology),2
MAR,Dealing with construction permits,Time (days),58
MAR,Enforcing contracts,Alternative dispute resolution (0-3) (DB17-20 methodology),2.5
MAR,Enforcing contracts,Attorney fees (% of claim),13.7
MAR,Enforcing contracts,Case management (0-6) (DB17-20 methodology),2
MAR,Enforcing contracts,Cost (% of claim),26.5
MAR,Enforcing contracts,Court automation (0-4) (DB17-20 methodology),0
MAR,Enforcing contracts,Court fees (% of claim),4.5
MAR,Enforcing contracts,Court structure and proceedings (0-5) (DB17-20 methodology),5
MAR,Enforcing contracts,Enforcement fees (% of claim),8.3
MAR,Enforcing contracts,Enforcement of judgment (days),180
MAR,Enforcing contracts,Filing and service (days),20
MAR,Enforcing contracts,Quality of judicial processes index (0-18) (DB17-20 methodology),9.5
MAR,Enforcing contracts,Time (days),510
MAR,Enforcing contracts,Trial and judgment (days),310
MAR,Getting credit,Credit bureau coverage (% of adults),31.6
MAR,Getting credit,Credit registry coverage (% of adults),0
MAR,Getting credit,Depth of credit information index (0-8) (DB15-20 methodology),7
MAR,Getting credit,Getting Credit total score (DB15-20 methodology),9
MAR,Getting credit,Strength of legal rights index (0-12) (DB15-20 methodology),2
MAR,Paying taxes,Labor tax and contributions (% of profit),23.3
MAR,Paying taxes,Other taxes (% of profit),1.4
MAR,Paying taxes,Payments (number per year),6
MAR,Paying taxes,Profit tax (% of profit),21.1
MAR,Paying taxes,Time (hours per year),155
MAR,Paying taxes,Time to complete a corporate income tax correction (weeks) (DB17-20 methodology),0
MAR,Paying taxes,Time to comply with a corporate income tax correction (hours) (DB17-20 methodology),3
MAR,Paying taxes,Total tax and contribution rate (% of profit),45.8
MAR,Registering property,Cost (% of property value),6.4
MAR,Registering property,Equal access to property rights index (-2-0) (DB17-20 methodology),0
MAR,Registering property,Geographic coverage index (0-8) (DB17-20 methodology),2
MAR,Registering property,Land dispute resolution index (0-8) (DB17-20 methodology),5.5
MAR,Registering property,Procedures (number),6
MAR,Registering property,Quality of land administration index (0-30) (DB17-20 methodology),17
MAR,Registering property,Reliability of infrastructure index (0-8) (DB17-20 methodology),7
MAR,Registering property,Time (days),20
MAR,Registering property,Transparency of information index (0-6) (DB17-20 methodology),2.5
MAR,Resolving insolvency,Commencement of proceedings index (0-3) (DB15-20 methodology),3
MAR,Resolving insolvency,Cost (% of estate),18
MAR,Resolving insolvency,Creditor participation index (0-4) (DB15-20 methodology),2
MAR,Resolving insolvency,Management of debtor's assets index (0-6) (DB15-20 methodology),5.5
MAR,Resolving insolvency,Outcome (0 as piecemeal sale and 1 as going concern),0
MAR,Resolving insolvency,Recovery rate (cents on the dollar),28.7
MAR,Resolving insolvency,Reorganization proceedings index (0-3) (DB15-20 methodology),1.5
MAR,Resolving insolvency,Strength of insolvency framework index (0-16),12
MAR,Resolving insolvency,Time (years),3.5
MAR,Starting a business,Cost - Men (% of income per capita),3.6
MAR,Starting a business,Cost - Women (% of income per capita),3.6
MAR,Starting a business,Paid-in Minimum capital (% of income per capita),0
MAR,Starting a business,Procedures - Men (number),4
MAR,Starting a business,Procedures - Women (number),4
MAR,Starting a business,Time - Men (days),9
MAR,Starting a business,Time - Women (days),9
MAR,Trading across borders,Cost to export: Border compliance (USD) (DB16-20 methodology),155.7692
MAR,Trading across borders,Cost to export: Documentary compliance (USD) (DB16-20 methodology),67
MAR,Trading across borders,Cost to import: Border compliance (USD) (DB16-20 methodology),228.1111
MAR,Trading across borders,Cost to import: Documentary compliance (USD) (DB16-20 methodology),116.4444
MAR,Trading across borders,Time to export: Border compliance (hours) (DB16-20 methodology),6
MAR,Trading across borders,Time to export: Documentary compliance (hours) (DB16-20 methodology),25.61538
MAR,Trading across borders,Time to import: Border compliance (hours) (DB16-20 methodology),57
MAR,Trading across borders,Time to import: Documentary compliance (hours) (DB16-20 methodology),26
MDA,Dealing with construction permits,Building quality control index (0-15) (DB16-20 methodology),12
MDA,Dealing with construction permits,Cost (% of Warehouse value),3.7
MDA,Dealing with construction permits,Liability and insurance regimes index (0-2) (DB16-20 methodology),1
MDA,Dealing with construction permits,Procedures (number),21
MDA,Dealing with construction permits,Professional certifications index (0-4) (DB16-20 methodology),4
MDA,Dealing with construction permits,Quality control after construction index (0-3) (DB16-20 methodology),3
MDA,Dealing with construction permits,Quality control before construction index (0-1) (DB16-20 methodology),1
MDA,Dealing with construction permits,Quality control during construction index (0-3) (DB16-20 methodology),2
MDA,Dealing with construction permits,Quality of building regulations index (0-2) (DB16-20 methodology),1
MDA,Dealing with construction permits,Time (days),278
MDA,Enforcing contracts,Alternative dispute resolution (0-3) (DB17-20 methodology),2.5
MDA,Enforcing contracts,Attorney fees (% of claim),10.6
MDA,Enforcing contracts,Case management (0-6) (DB17-20 methodology),3
MDA,Enforcing contracts,Cost (% of claim),28.6
MDA,Enforcing contracts,Court automation (0-4) (DB17-20 methodology),2
MDA,Enforcing contracts,Court fees (% of claim),6
MDA,Enforcing contracts,Court structure and proceedings (0-5) (DB17-20 methodology),3.5
MDA,Enforcing contracts,Enforcement fees (% of claim),12
MDA,Enforcing contracts,Enforcement of judgment (days),105
MDA,Enforcing contracts,Filing and service (days),60
MDA,Enforcing contracts,Quality of judicial processes index (0-18) (DB17-20 methodology),11
MDA,Enforcing contracts,Time (days),585
MDA,Enforcing contracts,Trial and judgment (days),420
MDA,Getting credit,Credit bureau coverage (% of adults),18.2
MDA,Getting credit,Credit registry coverage (% of adults),0
MDA,Getting credit,Depth of credit information index (0-8) (DB15-20 methodology),6
MDA,Getting credit,Getting Credit total score (DB15-20 methodology),14
MDA,Getting credit,Strength of legal rights index (0-12) (DB15-20 methodology),8
MDA,Paying taxes,Labor tax and contributions (% of profit),29.9
MDA,Paying taxes,Other taxes (% of profit),.3
MDA,Paying taxes,Payments (number per year),10
MDA,Paying taxes,Profit tax (% of profit),8.4
MDA,Paying taxes,Time (hours per year),183
MDA,Paying taxes,Time to complete a corporate income tax correction (weeks) (DB17-20 methodology),0
MDA,Paying taxes,Time to comply with VAT refund (hours) (DB17-20 methodology),7.75
MDA,Paying taxes,Time to comply with a corporate income tax correction (hours) (DB17-20 methodology),2.5
MDA,Paying taxes,Time to obtain VAT refund (weeks) (DB17-20 methodology),13.30952
MDA,Paying taxes,Total tax and contribution rate (% of profit),38.7
MDA,Registering property,Cost (% of property value),1
MDA,Registering property,Equal access to property rights index (-2-0) (DB17-20 methodology),0
MDA,Registering property,Geographic coverage index (0-8) (DB17-20 methodology),4
MDA,Registering property,Land dispute resolution index (0-8) (DB17-20 methodology),5.5
MDA,Registering property,Procedures (number),5
MDA,Registering property,Quality of land administration index (0-30) (DB17-20 methodology),22
MDA,Registering property,Reliability of infrastructure index (0-8) (DB17-20 methodology),8
MDA,Registering property,Time (days),5.5
MDA,Registering property,Transparency of information index (0-6) (DB17-20 methodology),4.5
MDA,Resolving insolvency,Commencement of proceedings index (0-3) (DB15-20 methodology),2.5
MDA,Resolving insolvency,Cost (% of estate),15
MDA,Resolving insolvency,Creditor participation index (0-4) (DB15-20 methodology),3
MDA,Resolving insolvency,Management of debtor's assets index (0-6) (DB15-20 methodology),4
MDA,Resolving insolvency,Outcome (0 as piecemeal sale and 1 as going concern),0
MDA,Resolving insolvency,Recovery rate (cents on the dollar),32.1
MDA,Resolving insolvency,Reorganization proceedings index (0-3) (DB15-20 methodology),2.5
MDA,Resolving insolvency,Strength of insolvency framework index (0-16),12
MDA,Resolving insolvency,Time (years),2.8
MDA,Starting a business,Cost - Men (% of income per capita),4
MDA,Starting a business,Cost - Women (% of income per capita),4
MDA,Starting a business,Paid-in Minimum capital (% of income per capita),0
MDA,Starting a business,Procedures - Men (number),3
MDA,Starting a business,Procedures - Women (number),3
MDA,Starting a business,Time - Men (days),4
MDA,Starting a business,Time - Women (days),4
MDA,Trading across borders,Cost to export: Border compliance (USD) (DB16-20 methodology),76.11111
MDA,Trading across borders,Cost to export: Documentary compliance (USD) (DB16-20 methodology),43.88889
MDA,Trading across borders,Cost to import: Border compliance (USD) (DB16-20 methodology),82.77778
MDA,Trading across borders,Cost to import: Documentary compliance (USD) (DB16-20 methodology),41.11111
MDA,Trading across borders,Time to export: Border compliance (hours) (DB16-20 methodology),3
MDA,Trading across borders,Time to export: Documentary compliance (hours) (DB16-20 methodology),48
MDA,Trading across borders,Time to import: Border compliance (hours) (DB16-20 methodology),4.388889
MDA,Trading across borders,Time to import: Documentary compliance (hours) (DB16-20 methodology),1.555556
MDG,Dealing with construction permits,Building quality control index (0-15) (DB16-20 methodology),6
MDG,Dealing with construction permits,Cost (% of Warehouse value),35.2
MDG,Dealing with construction permits,Liability and insurance regimes index (0-2) (DB16-20 methodology),1
MDG,Dealing with construction permits,Procedures (number),17
MDG,Dealing with construction permits,Professional certifications index (0-4) (DB16-20 methodology),0
MDG,Dealing with construction permits,Quality control after construction index (0-3) (DB16-20 methodology),2
MDG,Dealing with construction permits,Quality control before construction index (0-1) (DB16-20 methodology),1
MDG,Dealing with construction permits,Quality control during construction index (0-3) (DB16-20 methodology),0
MDG,Dealing with construction permits,Quality of building regulations index (0-2) (DB16-20 methodology),2
MDG,Dealing with construction permits,Time (days),194
MDG,Enforcing contracts,Alternative dispute resolution (0-3) (DB17-20 methodology),2.5
MDG,Enforcing contracts,Attorney fees (% of claim),11
MDG,Enforcing contracts,Case management (0-6) (DB17-20 methodology),2
MDG,Enforcing contracts,Cost (% of claim),33.6
MDG,Enforcing contracts,Court automation (0-4) (DB17-20 methodology),0
MDG,Enforcing contracts,Court fees (% of claim),7
MDG,Enforcing contracts,Court structure and proceedings (0-5) (DB17-20 methodology),3.5
MDG,Enforcing contracts,Enforcement fees (% of claim),15.6
MDG,Enforcing contracts,Enforcement of judgment (days),150
MDG,Enforcing contracts,Filing and service (days),21
MDG,Enforcing contracts,Quality of judicial processes index (0-18) (DB17-20 methodology),8
MDG,Enforcing contracts,Time (days),811
MDG,Enforcing contracts,Trial and judgment (days),640
MDG,Getting credit,Credit bureau coverage (% of adults),0
MDG,Getting credit,Credit registry coverage (% of adults),10.4
MDG,Getting credit,Depth of credit information index (0-8) (DB15-20 methodology),6
MDG,Getting credit,Getting Credit total score (DB15-20 methodology),8
MDG,Getting credit,Strength of legal rights index (0-12) (DB15-20 methodology),2
MDG,Paying taxes,Labor tax and contributions (% of profit),20.3
MDG,Paying taxes,Other taxes (% of profit),1.5
MDG,Paying taxes,Payments (number per year),23
MDG,Paying taxes,Profit tax (% of profit),16.6
MDG,Paying taxes,Time (hours per year),183
MDG,Paying taxes,Time to complete a corporate income tax correction (weeks) (DB17-20 methodology),29
MDG,Paying taxes,Time to comply with VAT refund (hours) (DB17-20 methodology),No VAT refund per case study scenario
MDG,Paying taxes,Time to comply with a corporate income tax correction (hours) (DB17-20 methodology),13.5
MDG,Paying taxes,Time to obtain VAT refund (weeks) (DB17-20 methodology),No VAT refund per case study scenario
MDG,Paying taxes,Total tax and contribution rate (% of profit),38.3
MDG,Registering property,Cost (% of property value),9
MDG,Registering property,Equal access to property rights index (-2-0) (DB17-20 methodology),0
MDG,Registering property,Geographic coverage index (0-8) (DB17-20 methodology),0
MDG,Registering property,Land dispute resolution index (0-8) (DB17-20 methodology),3
MDG,Registering property,Procedures (number),6
MDG,Registering property,Quality of land administration index (0-30) (DB17-20 methodology),8
MDG,Registering property,Reliability of infrastructure index (0-8) (DB17-20 methodology),1
MDG,Registering property,Time (days),100
MDG,Registering property,Transparency of information index (0-6) (DB17-20 methodology),4
MDG,Resolving insolvency,Commencement of proceedings index (0-3) (DB15-20 methodology),2
MDG,Resolving insolvency,Cost (% of estate),8.5
MDG,Resolving insolvency,Creditor participation index (0-4) (DB15-20 methodology),1
MDG,Resolving insolvency,Management of debtor's assets index (0-6) (DB15-20 methodology),5.5
MDG,Resolving insolvency,Outcome (0 as piecemeal sale and 1 as going concern),0
MDG,Resolving insolvency,Recovery rate (cents on the dollar),12.4
MDG,Resolving insolvency,Reorganization proceedings index (0-3) (DB15-20 methodology),.5
MDG,Resolving insolvency,Strength of insolvency framework index (0-16),9
MDG,Resolving insolvency,Time (years),3
MDG,Starting a business,Cost - Men (% of income per capita),30.2
MDG,Starting a business,Cost - Women (% of income per capita),30.2
MDG,Starting a business,Paid-in Minimum capital (% of income per capita),0
MDG,Starting a business,Procedures - Men (number),5
MDG,Starting a business,Procedures - Women (number),5
MDG,Starting a business,Time - Men (days),8
MDG,Starting a business,Time - Women (days),8
MDG,Trading across borders,Cost to export: Border compliance (USD) (DB16-20 methodology),867.7273
MDG,Trading across borders,Cost to export: Documentary compliance (USD) (DB16-20 methodology),116.8182
MDG,Trading across borders,Cost to import: Border compliance (USD) (DB16-20 methodology),595
MDG,Trading across borders,Cost to import: Documentary compliance (USD) (DB16-20 methodology),149.5455
MDG,Trading across borders,Time to export: Border compliance (hours) (DB16-20 methodology),69.81818
MDG,Trading across borders,Time to export: Documentary compliance (hours) (DB16-20 methodology),48.90909
MDG,Trading across borders,Time to import: Border compliance (hours) (DB16-20 methodology),98.72727
MDG,Trading across borders,Time to import: Documentary compliance (hours) (DB16-20 methodology),57.63636
MDV,Dealing with construction permits,Building quality control index (0-15) (DB16-20 methodology),7
MDV,Dealing with construction permits,Cost (% of Warehouse value),.4
MDV,Dealing with construction permits,Liability and insurance regimes index (0-2) (DB16-20 methodology),0
MDV,Dealing with construction permits,Procedures (number),10
MDV,Dealing with construction permits,Professional certifications index (0-4) (DB16-20 methodology),2
MDV,Dealing with construction permits,Quality control after construction index (0-3) (DB16-20 methodology),0
MDV,Dealing with construction permits,Quality control before construction index (0-1) (DB16-20 methodology),1
MDV,Dealing with construction permits,Quality control during construction index (0-3) (DB16-20 methodology),2
MDV,Dealing with construction permits,Quality of building regulations index (0-2) (DB16-20 methodology),2
MDV,Dealing with construction permits,Time (days),140
MDV,Enforcing contracts,Alternative dispute resolution (0-3) (DB17-20 methodology),2
MDV,Enforcing contracts,Attorney fees (% of claim),16.4
MDV,Enforcing contracts,Case management (0-6) (DB17-20 methodology),0
MDV,Enforcing contracts,Cost (% of claim),18.5
MDV,Enforcing contracts,Court automation (0-4) (DB17-20 methodology),1
MDV,Enforcing contracts,Court fees (% of claim),2.1
MDV,Enforcing contracts,Court structure and proceedings (0-5) (DB17-20 methodology),2.5
MDV,Enforcing contracts,Enforcement fees (% of claim),0
MDV,Enforcing contracts,Enforcement of judgment (days),470
MDV,Enforcing contracts,Filing and service (days),30
MDV,Enforcing contracts,Quality of judicial processes index (0-18) (DB17-20 methodology),5.5
MDV,Enforcing contracts,Time (days),760
MDV,Enforcing contracts,Trial and judgment (days),260
MDV,Getting credit,Credit bureau coverage (% of adults),0
MDV,Getting credit,Credit registry coverage (% of adults),22.4
MDV,Getting credit,Depth of credit information index (0-8) (DB15-20 methodology),5
MDV,Getting credit,Getting Credit total score (DB15-20 methodology),7
MDV,Getting credit,Strength of legal rights index (0-12) (DB15-20 methodology),2
MDV,Paying taxes,Labor tax and contributions (% of profit),7.9
MDV,Paying taxes,Other taxes (% of profit),9.2
MDV,Paying taxes,Payments (number per year),17
MDV,Paying taxes,Profit tax (% of profit),13.1
MDV,Paying taxes,Time (hours per year),390.5
MDV,Paying taxes,Time to complete a corporate income tax correction (weeks) (DB17-20 methodology),0
MDV,Paying taxes,Time to comply with VAT refund (hours) (DB17-20 methodology),No VAT refund per case study scenario
MDV,Paying taxes,Time to comply with a corporate income tax correction (hours) (DB17-20 methodology),7
MDV,Paying taxes,Time to obtain VAT refund (weeks) (DB17-20 methodology),No VAT refund per case study scenario
MDV,Paying taxes,Total tax and contribution rate (% of profit),30.2
MDV,Registering property,Cost (% of property value),15.7
MDV,Registering property,Equal access to property rights index (-2-0) (DB17-20 methodology),0
MDV,Registering property,Geographic coverage index (0-8) (DB17-20 methodology),4
MDV,Registering property,Land dispute resolution index (0-8) (DB17-20 methodology),4.5
MDV,Registering property,Procedures (number),6
MDV,Registering property,Quality of land administration index (0-30) (DB17-20 methodology),8.5
MDV,Registering property,Reliability of infrastructure index (0-8) (DB17-20 methodology),0
MDV,Registering property,Time (days),57
MDV,Registering property,Transparency of information index (0-6) (DB17-20 methodology),0
MDV,Resolving insolvency,Commencement of proceedings index (0-3) (DB15-20 methodology),2
MDV,Resolving insolvency,Cost (% of estate),4
MDV,Resolving insolvency,Creditor participation index (0-4) (DB15-20 methodology),0
MDV,Resolving insolvency,Management of debtor's assets index (0-6) (DB15-20 methodology),0
MDV,Resolving insolvency,Outcome (0 as piecemeal sale and 1 as going concern),0
MDV,Resolving insolvency,Recovery rate (cents on the dollar),50.2
MDV,Resolving insolvency,Reorganization proceedings index (0-3) (DB15-20 methodology),0
MDV,Resolving insolvency,Strength of insolvency framework index (0-16),2
MDV,Resolving insolvency,Time (years),1.5
MDV,Starting a business,Cost - Men (% of income per capita),4.1
MDV,Starting a business,Cost - Women (% of income per capita),4.1
MDV,Starting a business,Paid-in Minimum capital (% of income per capita),1.4
MDV,Starting a business,Procedures - Men (number),6
MDV,Starting a business,Procedures - Women (number),6
MDV,Starting a business,Time - Men (days),12
MDV,Starting a business,Time - Women (days),12
MDV,Trading across borders,Cost to export: Border compliance (USD) (DB16-20 methodology),595.75
MDV,Trading across borders,Cost to export: Documentary compliance (USD) (DB16-20 methodology),300
MDV,Trading across borders,Cost to import: Border compliance (USD) (DB16-20 methodology),980.5
MDV,Trading across borders,Cost to import: Documentary compliance (USD) (DB16-20 methodology),180.4444
MDV,Trading across borders,Time to export: Border compliance (hours) (DB16-20 methodology),42
MDV,Trading across borders,Time to export: Documentary compliance (hours) (DB16-20 methodology),48
MDV,Trading across borders,Time to import: Border compliance (hours) (DB16-20 methodology),100
MDV,Trading across borders,Time to import: Documentary compliance (hours) (DB16-20 methodology),61.33333
MEX,Dealing with construction permits,Building quality control index (0-15) (DB16-20 methodology),11.66
MEX,Dealing with construction permits,Cost (% of Warehouse value),9.5
MEX,Dealing with construction permits,Liability and insurance regimes index (0-2) (DB16-20 methodology),1.17
MEX,Dealing with construction permits,Procedures (number),14.66
MEX,Dealing with construction permits,Professional certifications index (0-4) (DB16-20 methodology),3.32
MEX,Dealing with construction permits,Quality control after construction index (0-3) (DB16-20 methodology),2.17
MEX,Dealing with construction permits,Quality control before construction index (0-1) (DB16-20 methodology),1
MEX,Dealing with construction permits,Quality control during construction index (0-3) (DB16-20 methodology),2
MEX,Dealing with construction permits,Quality of building regulations index (0-2) (DB16-20 methodology),2
MEX,Dealing with construction permits,Time (days),82.12
MEX,Enforcing contracts,Alternative dispute resolution (0-3) (DB17-20 methodology),2.5
MEX,Enforcing contracts,Attorney fees (% of claim),22.1
MEX,Enforcing contracts,Case management (0-6) (DB17-20 methodology),3.34
MEX,Enforcing contracts,Cost (% of claim),33
MEX,Enforcing contracts,Court automation (0-4) (DB17-20 methodology),.5
MEX,Enforcing contracts,Court fees (% of claim),5
MEX,Enforcing contracts,Court structure and proceedings (0-5) (DB17-20 methodology),3.755
MEX,Enforcing contracts,Enforcement fees (% of claim),5.8
MEX,Enforcing contracts,Enforcement of judgment (days),179.09
MEX,Enforcing contracts,Filing and service (days),37.41
MEX,Enforcing contracts,Quality of judicial processes index (0-18) (DB17-20 methodology),10.095
MEX,Enforcing contracts,Time (days),340.65
MEX,Enforcing contracts,Trial and judgment (days),124.15
MEX,Getting credit,Credit bureau coverage (% of adults),100
MEX,Getting credit,Credit registry coverage (% of adults),0
MEX,Getting credit,Depth of credit information index (0-8) (DB15-20 methodology),8
MEX,Getting credit,Getting Credit total score (DB15-20 methodology),18
MEX,Getting credit,Strength of legal rights index (0-12) (DB15-20 methodology),10
MEX,Paying taxes,Labor tax and contributions (% of profit),27.2
MEX,Paying taxes,Other taxes (% of profit),.9
MEX,Paying taxes,Payments (number per year),6
MEX,Paying taxes,Profit tax (% of profit),27
MEX,Paying taxes,Time (hours per year),240.5
MEX,Paying taxes,Time to complete a corporate income tax correction (weeks) (DB17-20 methodology),87.14286
MEX,Paying taxes,Time to comply with VAT refund (hours) (DB17-20 methodology),20.5
MEX,Paying taxes,Time to comply with a corporate income tax correction (hours) (DB17-20 methodology),13.5
MEX,Paying taxes,Time to obtain VAT refund (weeks) (DB17-20 methodology),42.02381
MEX,Paying taxes,Total tax and contribution rate (% of profit),55.1
MEX,Registering property,Cost (% of property value),5.9
MEX,Registering property,Equal access to property rights index (-2-0) (DB17-20 methodology),0
MEX,Registering property,Geographic coverage index (0-8) (DB17-20 methodology),2.34
MEX,Registering property,Land dispute resolution index (0-8) (DB17-20 methodology),5
MEX,Registering property,Procedures (number),7.66
MEX,Registering property,Quality of land administration index (0-30) (DB17-20 methodology),16.255
MEX,Registering property,Reliability of infrastructure index (0-8) (DB17-20 methodology),5
MEX,Registering property,Time (days),38.77
MEX,Registering property,Transparency of information index (0-6) (DB17-20 methodology),3.915
MEX,Resolving insolvency,Commencement of proceedings index (0-3) (DB15-20 methodology),2.5
MEX,Resolving insolvency,Cost (% of estate),18
MEX,Resolving insolvency,Creditor participation index (0-4) (DB15-20 methodology),2
MEX,Resolving insolvency,Management of debtor's assets index (0-6) (DB15-20 methodology),5.5
MEX,Resolving insolvency,Outcome (0 as piecemeal sale and 1 as going concern),1
MEX,Resolving insolvency,Recovery rate (cents on the dollar),63.9
MEX,Resolving insolvency,Reorganization proceedings index (0-3) (DB15-20 methodology),1.5
MEX,Resolving insolvency,Strength of insolvency framework index (0-16),11.5
MEX,Resolving insolvency,Time (years),1.8
MEX,Starting a business,Cost - Men (% of income per capita),15.2
MEX,Starting a business,Cost - Women (% of income per capita),15.2
MEX,Starting a business,Paid-in Minimum capital (% of income per capita),0
MEX,Starting a business,Procedures - Men (number),7.83
MEX,Starting a business,Procedures - Women (number),7.83
MEX,Starting a business,Time - Men (days),8.415
MEX,Starting a business,Time - Women (days),8.415
MEX,Trading across borders,Cost to export: Border compliance (USD) (DB16-20 methodology),400
MEX,Trading across borders,Cost to export: Documentary compliance (USD) (DB16-20 methodology),60
MEX,Trading across borders,Cost to import: Border compliance (USD) (DB16-20 methodology),450
MEX,Trading across borders,Cost to import: Documentary compliance (USD) (DB16-20 methodology),100
MEX,Trading across borders,Time to export: Border compliance (hours) (DB16-20 methodology),20.38889
MEX,Trading across borders,Time to export: Documentary compliance (hours) (DB16-20 methodology),8
MEX,Trading across borders,Time to import: Border compliance (hours) (DB16-20 methodology),44.22222
MEX,Trading across borders,Time to import: Documentary compliance (hours) (DB16-20 methodology),17.55556
MHL,Dealing with construction permits,Building quality control index (0-15) (DB16-20 methodology),1
MHL,Dealing with construction permits,Cost (% of Warehouse value),2.2
MHL,Dealing with construction permits,Liability and insurance regimes index (0-2) (DB16-20 methodology),0
MHL,Dealing with construction permits,Procedures (number),7
MHL,Dealing with construction permits,Professional certifications index (0-4) (DB16-20 methodology),0
MHL,Dealing with construction permits,Quality control after construction index (0-3) (DB16-20 methodology),0
MHL,Dealing with construction permits,Quality control before construction index (0-1) (DB16-20 methodology),0
MHL,Dealing with construction permits,Quality control during construction index (0-3) (DB16-20 methodology),0
MHL,Dealing with construction permits,Quality of building regulations index (0-2) (DB16-20 methodology),1
MHL,Dealing with construction permits,Time (days),38
MHL,Enforcing contracts,Alternative dispute resolution (0-3) (DB17-20 methodology),2.5
MHL,Enforcing contracts,Attorney fees (% of claim),26.2
MHL,Enforcing contracts,Case management (0-6) (DB17-20 methodology),2
MHL,Enforcing contracts,Cost (% of claim),32.1
MHL,Enforcing contracts,Court automation (0-4) (DB17-20 methodology),.5
MHL,Enforcing contracts,Court fees (% of claim),5
MHL,Enforcing contracts,Court structure and proceedings (0-5) (DB17-20 methodology),3
MHL,Enforcing contracts,Enforcement fees (% of claim),.9
MHL,Enforcing contracts,Enforcement of judgment (days),365
MHL,Enforcing contracts,Filing and service (days),51
MHL,Enforcing contracts,Quality of judicial processes index (0-18) (DB17-20 methodology),8
MHL,Enforcing contracts,Time (days),616
MHL,Enforcing contracts,Trial and judgment (days),200
MHL,Getting credit,Credit bureau coverage (% of adults),0
MHL,Getting credit,Credit registry coverage (% of adults),0
MHL,Getting credit,Depth of credit information index (0-8) (DB15-20 methodology),0
MHL,Getting credit,Getting Credit total score (DB15-20 methodology),10
MHL,Getting credit,Strength of legal rights index (0-12) (DB15-20 methodology),10
MHL,Paying taxes,Labor tax and contributions (% of profit),13
MHL,Paying taxes,Other taxes (% of profit),53
MHL,Paying taxes,Payments (number per year),9
MHL,Paying taxes,Profit tax (% of profit),0
MHL,Paying taxes,Time (hours per year),56
MHL,Paying taxes,Time to complete a corporate income tax correction (weeks) (DB17-20 methodology),No corporate income tax
MHL,Paying taxes,Time to comply with a corporate income tax correction (hours) (DB17-20 methodology),No corporate income tax
MHL,Paying taxes,Total tax and contribution rate (% of profit),65.9
MHL,Resolving insolvency,Commencement of proceedings index (0-3) (DB15-20 methodology),0
MHL,Resolving insolvency,Cost (% of estate),38
MHL,Resolving insolvency,Creditor participation index (0-4) (DB15-20 methodology),0
MHL,Resolving insolvency,Management of debtor's assets index (0-6) (DB15-20 methodology),0
MHL,Resolving insolvency,Outcome (0 as piecemeal sale and 1 as going concern),0
MHL,Resolving insolvency,Recovery rate (cents on the dollar),17.1
MHL,Resolving insolvency,Reorganization proceedings index (0-3) (DB15-20 methodology),0
MHL,Resolving insolvency,Strength of insolvency framework index (0-16),0
MHL,Resolving insolvency,Time (years),2
MHL,Starting a business,Cost - Men (% of income per capita),12.9
MHL,Starting a business,Cost - Women (% of income per capita),12.9
MHL,Starting a business,Paid-in Minimum capital (% of income per capita),0
MHL,Starting a business,Procedures - Men (number),5
MHL,Starting a business,Procedures - Women (number),5
MHL,Starting a business,Time - Men (days),17
MHL,Starting a business,Time - Women (days),17
MHL,Trading across borders,Cost to export: Border compliance (USD) (DB16-20 methodology),297.5
MHL,Trading across borders,Cost to export: Documentary compliance (USD) (DB16-20 methodology),20
MHL,Trading across borders,Cost to import: Border compliance (USD) (DB16-20 methodology),297.5
MHL,Trading across borders,Cost to import: Documentary compliance (USD) (DB16-20 methodology),42.5
MHL,Trading across borders,Time to export: Border compliance (hours) (DB16-20 methodology),60
MHL,Trading across borders,Time to export: Documentary compliance (hours) (DB16-20 methodology),24
MHL,Trading across borders,Time to import: Border compliance (hours) (DB16-20 methodology),84
MHL,Trading across borders,Time to import: Documentary compliance (hours) (DB16-20 methodology),60
MKD,Dealing with construction permits,Building quality control index (0-15) (DB16-20 methodology),13
MKD,Dealing with construction permits,Cost (% of Warehouse value),3.5
MKD,Dealing with construction permits,Liability and insurance regimes index (0-2) (DB16-20 methodology),1
MKD,Dealing with construction permits,Procedures (number),9
MKD,Dealing with construction permits,Professional certifications index (0-4) (DB16-20 methodology),4
MKD,Dealing with construction permits,Quality control after construction index (0-3) (DB16-20 methodology),3
MKD,Dealing with construction permits,Quality control before construction index (0-1) (DB16-20 methodology),1
MKD,Dealing with construction permits,Quality control during construction index (0-3) (DB16-20 methodology),2
MKD,Dealing with construction permits,Quality of building regulations index (0-2) (DB16-20 methodology),2
MKD,Dealing with construction permits,Time (days),91
MKD,Enforcing contracts,Alternative dispute resolution (0-3) (DB17-20 methodology),2.5
MKD,Enforcing contracts,Attorney fees (% of claim),16.3
MKD,Enforcing contracts,Case management (0-6) (DB17-20 methodology),3.5
MKD,Enforcing contracts,Cost (% of claim),28.6
MKD,Enforcing contracts,Court automation (0-4) (DB17-20 methodology),2
MKD,Enforcing contracts,Court fees (% of claim),6.9
MKD,Enforcing contracts,Court structure and proceedings (0-5) (DB17-20 methodology),5
MKD,Enforcing contracts,Enforcement fees (% of claim),5.4
MKD,Enforcing contracts,Enforcement of judgment (days),127
MKD,Enforcing contracts,Filing and service (days),70
MKD,Enforcing contracts,Quality of judicial processes index (0-18) (DB17-20 methodology),13
MKD,Enforcing contracts,Time (days),634
MKD,Enforcing contracts,Trial and judgment (days),437
MKD,Getting credit,Credit bureau coverage (% of adults),100
MKD,Getting credit,Credit registry coverage (% of adults),41.7
MKD,Getting credit,Depth of credit information index (0-8) (DB15-20 methodology),7
MKD,Getting credit,Getting Credit total score (DB15-20 methodology),16
MKD,Getting credit,Strength of legal rights index (0-12) (DB15-20 methodology),9
MKD,Paying taxes,Labor tax and contributions (% of profit),0
MKD,Paying taxes,Other taxes (% of profit),1.9
MKD,Paying taxes,Payments (number per year),7
MKD,Paying taxes,Profit tax (% of profit),11
MKD,Paying taxes,Time (hours per year),119
MKD,Paying taxes,Time to complete a corporate income tax correction (weeks) (DB17-20 methodology),17
MKD,Paying taxes,Time to comply with VAT refund (hours) (DB17-20 methodology),10
MKD,Paying taxes,Time to comply with a corporate income tax correction (hours) (DB17-20 methodology),21.5
MKD,Paying taxes,Time to obtain VAT refund (weeks) (DB17-20 methodology),36.7381
MKD,Paying taxes,Total tax and contribution rate (% of profit),13
MKD,Registering property,Cost (% of property value),3.2
MKD,Registering property,Equal access to property rights index (-2-0) (DB17-20 methodology),0
MKD,Registering property,Geographic coverage index (0-8) (DB17-20 methodology),6
MKD,Registering property,Land dispute resolution index (0-8) (DB17-20 methodology),7
MKD,Registering property,Procedures (number),7
MKD,Registering property,Quality of land administration index (0-30) (DB17-20 methodology),25
MKD,Registering property,Reliability of infrastructure index (0-8) (DB17-20 methodology),8
MKD,Registering property,Time (days),30
MKD,Registering property,Transparency of information index (0-6) (DB17-20 methodology),4
MKD,Resolving insolvency,Commencement of proceedings index (0-3) (DB15-20 methodology),3
MKD,Resolving insolvency,Cost (% of estate),10
MKD,Resolving insolvency,Creditor participation index (0-4) (DB15-20 methodology),3
MKD,Resolving insolvency,Management of debtor's assets index (0-6) (DB15-20 methodology),6
MKD,Resolving insolvency,Outcome (0 as piecemeal sale and 1 as going concern),0
MKD,Resolving insolvency,Recovery rate (cents on the dollar),48
MKD,Resolving insolvency,Reorganization proceedings index (0-3) (DB15-20 methodology),3
MKD,Resolving insolvency,Strength of insolvency framework index (0-16),15
MKD,Resolving insolvency,Time (years),1.5
MKD,Starting a business,Cost - Men (% of income per capita),3.1
MKD,Starting a business,Cost - Women (% of income per capita),3.1
MKD,Starting a business,Paid-in Minimum capital (% of income per capita),0
MKD,Starting a business,Procedures - Men (number),6
MKD,Starting a business,Procedures - Women (number),6
MKD,Starting a business,Time - Men (days),15
MKD,Starting a business,Time - Women (days),15
MKD,Trading across borders,Cost to export: Border compliance (USD) (DB16-20 methodology),102.5
MKD,Trading across borders,Cost to export: Documentary compliance (USD) (DB16-20 methodology),45
MKD,Trading across borders,Cost to import: Border compliance (USD) (DB16-20 methodology),150
MKD,Trading across borders,Cost to import: Documentary compliance (USD) (DB16-20 methodology),50
MKD,Trading across borders,Time to export: Border compliance (hours) (DB16-20 methodology),8.5
MKD,Trading across borders,Time to export: Documentary compliance (hours) (DB16-20 methodology),2
MKD,Trading across borders,Time to import: Border compliance (hours) (DB16-20 methodology),7.5
MKD,Trading across borders,Time to import: Documentary compliance (hours) (DB16-20 methodology),3
MLI,Dealing with construction permits,Building quality control index (0-15) (DB16-20 methodology),8.5
MLI,Dealing with construction permits,Cost (% of Warehouse value),9.3
MLI,Dealing with construction permits,Liability and insurance regimes index (0-2) (DB16-20 methodology),1.5
MLI,Dealing with construction permits,Procedures (number),14
MLI,Dealing with construction permits,Professional certifications index (0-4) (DB16-20 methodology),3
MLI,Dealing with construction permits,Quality control after construction index (0-3) (DB16-20 methodology),2
MLI,Dealing with construction permits,Quality control before construction index (0-1) (DB16-20 methodology),1
MLI,Dealing with construction permits,Quality control during construction index (0-3) (DB16-20 methodology),0
MLI,Dealing with construction permits,Quality of building regulations index (0-2) (DB16-20 methodology),1
MLI,Dealing with construction permits,Time (days),124
MLI,Enforcing contracts,Alternative dispute resolution (0-3) (DB17-20 methodology),2.5
MLI,Enforcing contracts,Attorney fees (% of claim),30
MLI,Enforcing contracts,Case management (0-6) (DB17-20 methodology),0
MLI,Enforcing contracts,Cost (% of claim),52
MLI,Enforcing contracts,Court automation (0-4) (DB17-20 methodology),0
MLI,Enforcing contracts,Court fees (% of claim),15
MLI,Enforcing contracts,Court structure and proceedings (0-5) (DB17-20 methodology),2.5
MLI,Enforcing contracts,Enforcement fees (% of claim),7
MLI,Enforcing contracts,Enforcement of judgment (days),365
MLI,Enforcing contracts,Filing and service (days),15
MLI,Enforcing contracts,Quality of judicial processes index (0-18) (DB17-20 methodology),5
MLI,Enforcing contracts,Time (days),620
MLI,Enforcing contracts,Trial and judgment (days),240
MLI,Getting credit,Credit bureau coverage (% of adults),3.5
MLI,Getting credit,Credit registry coverage (% of adults),0
MLI,Getting credit,Depth of credit information index (0-8) (DB15-20 methodology),0
MLI,Getting credit,Getting Credit total score (DB15-20 methodology),6
MLI,Getting credit,Strength of legal rights index (0-12) (DB15-20 methodology),6
MLI,Paying taxes,Labor tax and contributions (% of profit),43.1
MLI,Paying taxes,Other taxes (% of profit),3.9
MLI,Paying taxes,Payments (number per year),35
MLI,Paying taxes,Profit tax (% of profit),7.5
MLI,Paying taxes,Time (hours per year),276
MLI,Paying taxes,Time to complete a corporate income tax correction (weeks) (DB17-20 methodology),27.85714
MLI,Paying taxes,Time to comply with VAT refund (hours) (DB17-20 methodology),No VAT refund per case study scenario
MLI,Paying taxes,Time to comply with a corporate income tax correction (hours) (DB17-20 methodology),7
MLI,Paying taxes,Time to obtain VAT refund (weeks) (DB17-20 methodology),No VAT refund per case study scenario
MLI,Paying taxes,Total tax and contribution rate (% of profit),54.5
MLI,Registering property,Cost (% of property value),11.1
MLI,Registering property,Equal access to property rights index (-2-0) (DB17-20 methodology),0
MLI,Registering property,Geographic coverage index (0-8) (DB17-20 methodology),0
MLI,Registering property,Land dispute resolution index (0-8) (DB17-20 methodology),4.5
MLI,Registering property,Procedures (number),5
MLI,Registering property,Quality of land administration index (0-30) (DB17-20 methodology),8
MLI,Registering property,Reliability of infrastructure index (0-8) (DB17-20 methodology),2
MLI,Registering property,Time (days),29
MLI,Registering property,Transparency of information index (0-6) (DB17-20 methodology),1.5
MLI,Resolving insolvency,Commencement of proceedings index (0-3) (DB15-20 methodology),2
MLI,Resolving insolvency,Cost (% of estate),18
MLI,Resolving insolvency,Creditor participation index (0-4) (DB15-20 methodology),1
MLI,Resolving insolvency,Management of debtor's assets index (0-6) (DB15-20 methodology),5.5
MLI,Resolving insolvency,Outcome (0 as piecemeal sale and 1 as going concern),0
MLI,Resolving insolvency,Recovery rate (cents on the dollar),28.3
MLI,Resolving insolvency,Reorganization proceedings index (0-3) (DB15-20 methodology),.5
MLI,Resolving insolvency,Strength of insolvency framework index (0-16),9
MLI,Resolving insolvency,Time (years),3.6
MLI,Starting a business,Cost - Men (% of income per capita),55.1
MLI,Starting a business,Cost - Women (% of income per capita),55.1
MLI,Starting a business,Paid-in Minimum capital (% of income per capita),5.2
MLI,Starting a business,Procedures - Men (number),5
MLI,Starting a business,Procedures - Women (number),5
MLI,Starting a business,Time - Men (days),11
MLI,Starting a business,Time - Women (days),11
MLI,Trading across borders,Cost to export: Border compliance (USD) (DB16-20 methodology),241.6667
MLI,Trading across borders,Cost to export: Documentary compliance (USD) (DB16-20 methodology),33.33333
MLI,Trading across borders,Cost to import: Border compliance (USD) (DB16-20 methodology),545
MLI,Trading across borders,Cost to import: Documentary compliance (USD) (DB16-20 methodology),90
MLI,Trading across borders,Time to export: Border compliance (hours) (DB16-20 methodology),48.22222
MLI,Trading across borders,Time to export: Documentary compliance (hours) (DB16-20 methodology),48
MLI,Trading across borders,Time to import: Border compliance (hours) (DB16-20 methodology),98.33333
MLI,Trading across borders,Time to import: Documentary compliance (hours) (DB16-20 methodology),77
MLT,Dealing with construction permits,Building quality control index (0-15) (DB16-20 methodology),14
MLT,Dealing with construction permits,Cost (% of Warehouse value),2.3
MLT,Dealing with construction permits,Liability and insurance regimes index (0-2) (DB16-20 methodology),2
MLT,Dealing with construction permits,Procedures (number),16
MLT,Dealing with construction permits,Professional certifications index (0-4) (DB16-20 methodology),4
MLT,Dealing with construction permits,Quality control after construction index (0-3) (DB16-20 methodology),3
MLT,Dealing with construction permits,Quality control before construction index (0-1) (DB16-20 methodology),1
MLT,Dealing with construction permits,Quality control during construction index (0-3) (DB16-20 methodology),2
MLT,Dealing with construction permits,Quality of building regulations index (0-2) (DB16-20 methodology),2
MLT,Dealing with construction permits,Time (days),179
MLT,Enforcing contracts,Alternative dispute resolution (0-3) (DB17-20 methodology),2.5
MLT,Enforcing contracts,Attorney fees (% of claim),15
MLT,Enforcing contracts,Case management (0-6) (DB17-20 methodology),4
MLT,Enforcing contracts,Cost (% of claim),21.5
MLT,Enforcing contracts,Court automation (0-4) (DB17-20 methodology),1
MLT,Enforcing contracts,Court fees (% of claim),5.2
MLT,Enforcing contracts,Court structure and proceedings (0-5) (DB17-20 methodology),3
MLT,Enforcing contracts,Enforcement fees (% of claim),1.3
MLT,Enforcing contracts,Enforcement of judgment (days),125
MLT,Enforcing contracts,Filing and service (days),15
MLT,Enforcing contracts,Quality of judicial processes index (0-18) (DB17-20 methodology),10.5
MLT,Enforcing contracts,Time (days),505
MLT,Enforcing contracts,Trial and judgment (days),365
MLT,Getting credit,Credit bureau coverage (% of adults),0
MLT,Getting credit,Credit registry coverage (% of adults),54.4
MLT,Getting credit,Depth of credit information index (0-8) (DB15-20 methodology),5
MLT,Getting credit,Getting Credit total score (DB15-20 methodology),7
MLT,Getting credit,Strength of legal rights index (0-12) (DB15-20 methodology),2
MLT,Paying taxes,Labor tax and contributions (% of profit),11.1
MLT,Paying taxes,Other taxes (% of profit),.5
MLT,Paying taxes,Payments (number per year),8
MLT,Paying taxes,Profit tax (% of profit),32.3
MLT,Paying taxes,Time (hours per year),139
MLT,Paying taxes,Time to complete a corporate income tax correction (weeks) (DB17-20 methodology),46.28571
MLT,Paying taxes,Time to comply with VAT refund (hours) (DB17-20 methodology),0
MLT,Paying taxes,Time to comply with a corporate income tax correction (hours) (DB17-20 methodology),24.5
MLT,Paying taxes,Time to obtain VAT refund (weeks) (DB17-20 methodology),27.92857
MLT,Paying taxes,Total tax and contribution rate (% of profit),44
MLT,Registering property,Cost (% of property value),13.5
MLT,Registering property,Equal access to property rights index (-2-0) (DB17-20 methodology),0
MLT,Registering property,Geographic coverage index (0-8) (DB17-20 methodology),0
MLT,Registering property,Land dispute resolution index (0-8) (DB17-20 methodology),3
MLT,Registering property,Procedures (number),7
MLT,Registering property,Quality of land administration index (0-30) (DB17-20 methodology),12.5
MLT,Registering property,Reliability of infrastructure index (0-8) (DB17-20 methodology),6
MLT,Registering property,Time (days),17
MLT,Registering property,Transparency of information index (0-6) (DB17-20 methodology),3.5
MLT,Resolving insolvency,Commencement of proceedings index (0-3) (DB15-20 methodology),2.5
MLT,Resolving insolvency,Cost (% of estate),10
MLT,Resolving insolvency,Creditor participation index (0-4) (DB15-20 methodology),1
MLT,Resolving insolvency,Management of debtor's assets index (0-6) (DB15-20 methodology),2
MLT,Resolving insolvency,Outcome (0 as piecemeal sale and 1 as going concern),0
MLT,Resolving insolvency,Recovery rate (cents on the dollar),39.2
MLT,Resolving insolvency,Reorganization proceedings index (0-3) (DB15-20 methodology),0
MLT,Resolving insolvency,Strength of insolvency framework index (0-16),5.5
MLT,Resolving insolvency,Time (years),3
MLT,Starting a business,Cost - Men (% of income per capita),6.7
MLT,Starting a business,Cost - Women (% of income per capita),6.7
MLT,Starting a business,Paid-in Minimum capital (% of income per capita),1
MLT,Starting a business,Procedures - Men (number),5
MLT,Starting a business,Procedures - Women (number),5
MLT,Starting a business,Time - Men (days),20.5
MLT,Starting a business,Time - Women (days),20.5
MLT,Trading across borders,Cost to export: Border compliance (USD) (DB16-20 methodology),370
MLT,Trading across borders,Cost to export: Documentary compliance (USD) (DB16-20 methodology),25
MLT,Trading across borders,Cost to import: Border compliance (USD) (DB16-20 methodology),230
MLT,Trading across borders,Cost to import: Documentary compliance (USD) (DB16-20 methodology),0
MLT,Trading across borders,Time to export: Border compliance (hours) (DB16-20 methodology),24
MLT,Trading across borders,Time to export: Documentary compliance (hours) (DB16-20 methodology),24
MLT,Trading across borders,Time to import: Border compliance (hours) (DB16-20 methodology),1.555556
MLT,Trading across borders,Time to import: Documentary compliance (hours) (DB16-20 methodology),.5
MMR,Dealing with construction permits,Building quality control index (0-15) (DB16-20 methodology),12
MMR,Dealing with construction permits,Cost (% of Warehouse value),3.3
MMR,Dealing with construction permits,Liability and insurance regimes index (0-2) (DB16-20 methodology),0
MMR,Dealing with construction permits,Procedures (number),16
MMR,Dealing with construction permits,Professional certifications index (0-4) (DB16-20 methodology),4
MMR,Dealing with construction permits,Quality control after construction index (0-3) (DB16-20 methodology),3
MMR,Dealing with construction permits,Quality control before construction index (0-1) (DB16-20 methodology),1
MMR,Dealing with construction permits,Quality control during construction index (0-3) (DB16-20 methodology),2
MMR,Dealing with construction permits,Quality of building regulations index (0-2) (DB16-20 methodology),2
MMR,Dealing with construction permits,Time (days),88
MMR,Enforcing contracts,Alternative dispute resolution (0-3) (DB17-20 methodology),1.5
MMR,Enforcing contracts,Attorney fees (% of claim),47
MMR,Enforcing contracts,Case management (0-6) (DB17-20 methodology),1
MMR,Enforcing contracts,Cost (% of claim),51.5
MMR,Enforcing contracts,Court automation (0-4) (DB17-20 methodology),0
MMR,Enforcing contracts,Court fees (% of claim),2.5
MMR,Enforcing contracts,Court structure and proceedings (0-5) (DB17-20 methodology),1.5
MMR,Enforcing contracts,Enforcement fees (% of claim),2
MMR,Enforcing contracts,Enforcement of judgment (days),280
MMR,Enforcing contracts,Filing and service (days),65
MMR,Enforcing contracts,Quality of judicial processes index (0-18) (DB17-20 methodology),4
MMR,Enforcing contracts,Time (days),1160
MMR,Enforcing contracts,Trial and judgment (days),815
MMR,Getting credit,Credit bureau coverage (% of adults),0
MMR,Getting credit,Credit registry coverage (% of adults),0
MMR,Getting credit,Depth of credit information index (0-8) (DB15-20 methodology),0
MMR,Getting credit,Getting Credit total score (DB15-20 methodology),2
MMR,Getting credit,Strength of legal rights index (0-12) (DB15-20 methodology),2
MMR,Paying taxes,Labor tax and contributions (% of profit),.3
MMR,Paying taxes,Other taxes (% of profit),4.2
MMR,Paying taxes,Payments (number per year),31
MMR,Paying taxes,Profit tax (% of profit),26.8
MMR,Paying taxes,Time (hours per year),282
MMR,Paying taxes,Time to complete a corporate income tax correction (weeks) (DB17-20 methodology),.7142857
MMR,Paying taxes,Time to comply with VAT refund (hours) (DB17-20 methodology),No VAT refund per case study scenario
MMR,Paying taxes,Time to comply with a corporate income tax correction (hours) (DB17-20 methodology),10
MMR,Paying taxes,Time to obtain VAT refund (weeks) (DB17-20 methodology),No VAT refund per case study scenario
MMR,Paying taxes,Total tax and contribution rate (% of profit),31.2
MMR,Registering property,Cost (% of property value),4.3
MMR,Registering property,Equal access to property rights index (-2-0) (DB17-20 methodology),0
MMR,Registering property,Geographic coverage index (0-8) (DB17-20 methodology),0
MMR,Registering property,Land dispute resolution index (0-8) (DB17-20 methodology),3.5
MMR,Registering property,Procedures (number),6
MMR,Registering property,Quality of land administration index (0-30) (DB17-20 methodology),8
MMR,Registering property,Reliability of infrastructure index (0-8) (DB17-20 methodology),0
MMR,Registering property,Time (days),65
MMR,Registering property,Transparency of information index (0-6) (DB17-20 methodology),4.5
MMR,Resolving insolvency,Commencement of proceedings index (0-3) (DB15-20 methodology),2
MMR,Resolving insolvency,Cost (% of estate),18
MMR,Resolving insolvency,Creditor participation index (0-4) (DB15-20 methodology),0
MMR,Resolving insolvency,Management of debtor's assets index (0-6) (DB15-20 methodology),2
MMR,Resolving insolvency,Outcome (0 as piecemeal sale and 1 as going concern),0
MMR,Resolving insolvency,Recovery rate (cents on the dollar),14.7
MMR,Resolving insolvency,Reorganization proceedings index (0-3) (DB15-20 methodology),0
MMR,Resolving insolvency,Strength of insolvency framework index (0-16),4
MMR,Resolving insolvency,Time (years),5
MMR,Starting a business,Cost - Men (% of income per capita),13.3
MMR,Starting a business,Cost - Women (% of income per capita),13.3
MMR,Starting a business,Paid-in Minimum capital (% of income per capita),0
MMR,Starting a business,Procedures - Men (number),6
MMR,Starting a business,Procedures - Women (number),6
MMR,Starting a business,Time - Men (days),7
MMR,Starting a business,Time - Women (days),7
MMR,Trading across borders,Cost to export: Border compliance (USD) (DB16-20 methodology),431.6667
MMR,Trading across borders,Cost to export: Documentary compliance (USD) (DB16-20 methodology),140
MMR,Trading across borders,Cost to import: Border compliance (USD) (DB16-20 methodology),456.6667
MMR,Trading across borders,Cost to import: Documentary compliance (USD) (DB16-20 methodology),210
MMR,Trading across borders,Time to export: Border compliance (hours) (DB16-20 methodology),141.6667
MMR,Trading across borders,Time to export: Documentary compliance (hours) (DB16-20 methodology),144
MMR,Trading across borders,Time to import: Border compliance (hours) (DB16-20 methodology),230
MMR,Trading across borders,Time to import: Documentary compliance (hours) (DB16-20 methodology),48
MNE,Dealing with construction permits,Building quality control index (0-15) (DB16-20 methodology),10
MNE,Dealing with construction permits,Cost (% of Warehouse value),4.9
MNE,Dealing with construction permits,Liability and insurance regimes index (0-2) (DB16-20 methodology),1
MNE,Dealing with construction permits,Procedures (number),9
MNE,Dealing with construction permits,Professional certifications index (0-4) (DB16-20 methodology),2
MNE,Dealing with construction permits,Quality control after construction index (0-3) (DB16-20 methodology),3
MNE,Dealing with construction permits,Quality control before construction index (0-1) (DB16-20 methodology),1
MNE,Dealing with construction permits,Quality control during construction index (0-3) (DB16-20 methodology),2
MNE,Dealing with construction permits,Quality of building regulations index (0-2) (DB16-20 methodology),1
MNE,Dealing with construction permits,Time (days),102
MNE,Enforcing contracts,Alternative dispute resolution (0-3) (DB17-20 methodology),2
MNE,Enforcing contracts,Attorney fees (% of claim),11.3
MNE,Enforcing contracts,Case management (0-6) (DB17-20 methodology),3.5
MNE,Enforcing contracts,Cost (% of claim),25.7
MNE,Enforcing contracts,Court automation (0-4) (DB17-20 methodology),1
MNE,Enforcing contracts,Court fees (% of claim),6.9
MNE,Enforcing contracts,Court structure and proceedings (0-5) (DB17-20 methodology),5
MNE,Enforcing contracts,Enforcement fees (% of claim),7.5
MNE,Enforcing contracts,Enforcement of judgment (days),120
MNE,Enforcing contracts,Filing and service (days),60
MNE,Enforcing contracts,Quality of judicial processes index (0-18) (DB17-20 methodology),11.5
MNE,Enforcing contracts,Time (days),545
MNE,Enforcing contracts,Trial and judgment (days),365
MNE,Getting credit,Credit bureau coverage (% of adults),0
MNE,Getting credit,Credit registry coverage (% of adults),41
MNE,Getting credit,Depth of credit information index (0-8) (DB15-20 methodology),5
MNE,Getting credit,Getting Credit total score (DB15-20 methodology),17
MNE,Getting credit,Strength of legal rights index (0-12) (DB15-20 methodology),12
MNE,Paying taxes,Labor tax and contributions (% of profit),13.4
MNE,Paying taxes,Other taxes (% of profit),.5
MNE,Paying taxes,Payments (number per year),18
MNE,Paying taxes,Profit tax (% of profit),8.3
MNE,Paying taxes,Time (hours per year),300
MNE,Paying taxes,Time to complete a corporate income tax correction (weeks) (DB17-20 methodology),19
MNE,Paying taxes,Time to comply with VAT refund (hours) (DB17-20 methodology),4
MNE,Paying taxes,Time to comply with a corporate income tax correction (hours) (DB17-20 methodology),9.5
MNE,Paying taxes,Time to obtain VAT refund (weeks) (DB17-20 methodology),21.84524
MNE,Paying taxes,Total tax and contribution rate (% of profit),22.2
MNE,Registering property,Cost (% of property value),3.1
MNE,Registering property,Equal access to property rights index (-2-0) (DB17-20 methodology),0
MNE,Registering property,Geographic coverage index (0-8) (DB17-20 methodology),4
MNE,Registering property,Land dispute resolution index (0-8) (DB17-20 methodology),3.5
MNE,Registering property,Procedures (number),6
MNE,Registering property,Quality of land administration index (0-30) (DB17-20 methodology),17.5
MNE,Registering property,Reliability of infrastructure index (0-8) (DB17-20 methodology),7
MNE,Registering property,Time (days),69
MNE,Registering property,Transparency of information index (0-6) (DB17-20 methodology),3
MNE,Resolving insolvency,Commencement of proceedings index (0-3) (DB15-20 methodology),2.5
MNE,Resolving insolvency,Cost (% of estate),8
MNE,Resolving insolvency,Creditor participation index (0-4) (DB15-20 methodology),1
MNE,Resolving insolvency,Management of debtor's assets index (0-6) (DB15-20 methodology),6
MNE,Resolving insolvency,Outcome (0 as piecemeal sale and 1 as going concern),0
MNE,Resolving insolvency,Recovery rate (cents on the dollar),50.3
MNE,Resolving insolvency,Reorganization proceedings index (0-3) (DB15-20 methodology),3
MNE,Resolving insolvency,Strength of insolvency framework index (0-16),12.5
MNE,Resolving insolvency,Time (years),1.4
MNE,Starting a business,Cost - Men (% of income per capita),1.2
MNE,Starting a business,Cost - Women (% of income per capita),1.2
MNE,Starting a business,Paid-in Minimum capital (% of income per capita),0
MNE,Starting a business,Procedures - Men (number),8
MNE,Starting a business,Procedures - Women (number),8
MNE,Starting a business,Time - Men (days),12
MNE,Starting a business,Time - Women (days),12
MNE,Trading across borders,Cost to export: Border compliance (USD) (DB16-20 methodology),85
MNE,Trading across borders,Cost to export: Documentary compliance (USD) (DB16-20 methodology),26
MNE,Trading across borders,Cost to import: Border compliance (USD) (DB16-20 methodology),305.5556
MNE,Trading across borders,Cost to import: Documentary compliance (USD) (DB16-20 methodology),60
MNE,Trading across borders,Time to export: Border compliance (hours) (DB16-20 methodology),7.606061
MNE,Trading across borders,Time to export: Documentary compliance (hours) (DB16-20 methodology),5.409091
MNE,Trading across borders,Time to import: Border compliance (hours) (DB16-20 methodology),23.22222
MNE,Trading across borders,Time to import: Documentary compliance (hours) (DB16-20 methodology),5.5
MNG,Dealing with construction permits,Building quality control index (0-15) (DB16-20 methodology),14
MNG,Dealing with construction permits,Cost (% of Warehouse value),.1
MNG,Dealing with construction permits,Liability and insurance regimes index (0-2) (DB16-20 methodology),2
MNG,Dealing with construction permits,Procedures (number),17
MNG,Dealing with construction permits,Professional certifications index (0-4) (DB16-20 methodology),4
MNG,Dealing with construction permits,Quality control after construction index (0-3) (DB16-20 methodology),3
MNG,Dealing with construction permits,Quality control before construction index (0-1) (DB16-20 methodology),1
MNG,Dealing with construction permits,Quality control during construction index (0-3) (DB16-20 methodology),2
MNG,Dealing with construction permits,Quality of building regulations index (0-2) (DB16-20 methodology),2
MNG,Dealing with construction permits,Time (days),137
MNG,Enforcing contracts,Alternative dispute resolution (0-3) (DB17-20 methodology),2
MNG,Enforcing contracts,Attorney fees (% of claim),14.9
MNG,Enforcing contracts,Case management (0-6) (DB17-20 methodology),1
MNG,Enforcing contracts,Cost (% of claim),22.9
MNG,Enforcing contracts,Court automation (0-4) (DB17-20 methodology),1
MNG,Enforcing contracts,Court fees (% of claim),7.2
MNG,Enforcing contracts,Court structure and proceedings (0-5) (DB17-20 methodology),1.5
MNG,Enforcing contracts,Enforcement fees (% of claim),.8
MNG,Enforcing contracts,Enforcement of judgment (days),180
MNG,Enforcing contracts,Filing and service (days),14
MNG,Enforcing contracts,Quality of judicial processes index (0-18) (DB17-20 methodology),5.5
MNG,Enforcing contracts,Time (days),374
MNG,Enforcing contracts,Trial and judgment (days),180
MNG,Getting credit,Credit bureau coverage (% of adults),0
MNG,Getting credit,Credit registry coverage (% of adults),53.6
MNG,Getting credit,Depth of credit information index (0-8) (DB15-20 methodology),7
MNG,Getting credit,Getting Credit total score (DB15-20 methodology),16
MNG,Getting credit,Strength of legal rights index (0-12) (DB15-20 methodology),9
MNG,Paying taxes,Labor tax and contributions (% of profit),13.5
MNG,Paying taxes,Other taxes (% of profit),2
MNG,Paying taxes,Payments (number per year),19
MNG,Paying taxes,Profit tax (% of profit),10.2
MNG,Paying taxes,Time (hours per year),134
MNG,Paying taxes,Time to complete a corporate income tax correction (weeks) (DB17-20 methodology),0
MNG,Paying taxes,Time to comply with VAT refund (hours) (DB17-20 methodology),No VAT refund per case study scenario
MNG,Paying taxes,Time to comply with a corporate income tax correction (hours) (DB17-20 methodology),3.5
MNG,Paying taxes,Time to obtain VAT refund (weeks) (DB17-20 methodology),No VAT refund per case study scenario
MNG,Paying taxes,Total tax and contribution rate (% of profit),25.7
MNG,Registering property,Cost (% of property value),2.1
MNG,Registering property,Equal access to property rights index (-2-0) (DB17-20 methodology),0
MNG,Registering property,Geographic coverage index (0-8) (DB17-20 methodology),0
MNG,Registering property,Land dispute resolution index (0-8) (DB17-20 methodology),8
MNG,Registering property,Procedures (number),5
MNG,Registering property,Quality of land administration index (0-30) (DB17-20 methodology),14.5
MNG,Registering property,Reliability of infrastructure index (0-8) (DB17-20 methodology),4
MNG,Registering property,Time (days),10.5
MNG,Registering property,Transparency of information index (0-6) (DB17-20 methodology),2.5
MNG,Resolving insolvency,Commencement of proceedings index (0-3) (DB15-20 methodology),2
MNG,Resolving insolvency,Cost (% of estate),15
MNG,Resolving insolvency,Creditor participation index (0-4) (DB15-20 methodology),0
MNG,Resolving insolvency,Management of debtor's assets index (0-6) (DB15-20 methodology),4
MNG,Resolving insolvency,Outcome (0 as piecemeal sale and 1 as going concern),0
MNG,Resolving insolvency,Recovery rate (cents on the dollar),18.2
MNG,Resolving insolvency,Reorganization proceedings index (0-3) (DB15-20 methodology),.5
MNG,Resolving insolvency,Strength of insolvency framework index (0-16),6.5
MNG,Resolving insolvency,Time (years),4
MNG,Starting a business,Cost - Men (% of income per capita),1.2
MNG,Starting a business,Cost - Women (% of income per capita),1.2
MNG,Starting a business,Paid-in Minimum capital (% of income per capita),0
MNG,Starting a business,Procedures - Men (number),8
MNG,Starting a business,Procedures - Women (number),8
MNG,Starting a business,Time - Men (days),12
MNG,Starting a business,Time - Women (days),12
MNG,Trading across borders,Cost to export: Border compliance (USD) (DB16-20 methodology),225.1111
MNG,Trading across borders,Cost to export: Documentary compliance (USD) (DB16-20 methodology),63.88889
MNG,Trading across borders,Cost to import: Border compliance (USD) (DB16-20 methodology),209.7778
MNG,Trading across borders,Cost to import: Documentary compliance (USD) (DB16-20 methodology),82.55556
MNG,Trading across borders,Time to export: Border compliance (hours) (DB16-20 methodology),134
MNG,Trading across borders,Time to export: Documentary compliance (hours) (DB16-20 methodology),168
MNG,Trading across borders,Time to import: Border compliance (hours) (DB16-20 methodology),48
MNG,Trading across borders,Time to import: Documentary compliance (hours) (DB16-20 methodology),114.6667
MOZ,Dealing with construction permits,Building quality control index (0-15) (DB16-20 methodology),11
MOZ,Dealing with construction permits,Cost (% of Warehouse value),6
MOZ,Dealing with construction permits,Liability and insurance regimes index (0-2) (DB16-20 methodology),0
MOZ,Dealing with construction permits,Procedures (number),11
MOZ,Dealing with construction permits,Professional certifications index (0-4) (DB16-20 methodology),4
MOZ,Dealing with construction permits,Quality control after construction index (0-3) (DB16-20 methodology),3
MOZ,Dealing with construction permits,Quality control before construction index (0-1) (DB16-20 methodology),1
MOZ,Dealing with construction permits,Quality control during construction index (0-3) (DB16-20 methodology),2
MOZ,Dealing with construction permits,Quality of building regulations index (0-2) (DB16-20 methodology),1
MOZ,Dealing with construction permits,Time (days),118
MOZ,Enforcing contracts,Alternative dispute resolution (0-3) (DB17-20 methodology),2.5
MOZ,Enforcing contracts,Attorney fees (% of claim),35
MOZ,Enforcing contracts,Case management (0-6) (DB17-20 methodology),2
MOZ,Enforcing contracts,Cost (% of claim),53.3
MOZ,Enforcing contracts,Court automation (0-4) (DB17-20 methodology),0
MOZ,Enforcing contracts,Court fees (% of claim),9.4
MOZ,Enforcing contracts,Court structure and proceedings (0-5) (DB17-20 methodology),4
MOZ,Enforcing contracts,Enforcement fees (% of claim),8.9
MOZ,Enforcing contracts,Enforcement of judgment (days),220
MOZ,Enforcing contracts,Filing and service (days),90
MOZ,Enforcing contracts,Quality of judicial processes index (0-18) (DB17-20 methodology),8.5
MOZ,Enforcing contracts,Time (days),950
MOZ,Enforcing contracts,Trial and judgment (days),640
MOZ,Getting credit,Credit bureau coverage (% of adults),0
MOZ,Getting credit,Credit registry coverage (% of adults),7.6
MOZ,Getting credit,Depth of credit information index (0-8) (DB15-20 methodology),4
MOZ,Getting credit,Getting Credit total score (DB15-20 methodology),5
MOZ,Getting credit,Strength of legal rights index (0-12) (DB15-20 methodology),1
MOZ,Paying taxes,Labor tax and contributions (% of profit),4.5
MOZ,Paying taxes,Other taxes (% of profit),.8
MOZ,Paying taxes,Payments (number per year),37
MOZ,Paying taxes,Profit tax (% of profit),30.8
MOZ,Paying taxes,Time (hours per year),200
MOZ,Paying taxes,Time to complete a corporate income tax correction (weeks) (DB17-20 methodology),9.571429
MOZ,Paying taxes,Time to comply with VAT refund (hours) (DB17-20 methodology),28
MOZ,Paying taxes,Time to comply with a corporate income tax correction (hours) (DB17-20 methodology),28
MOZ,Paying taxes,Time to obtain VAT refund (weeks) (DB17-20 methodology),36.71429
MOZ,Paying taxes,Total tax and contribution rate (% of profit),36.1
MOZ,Registering property,Cost (% of property value),5
MOZ,Registering property,Equal access to property rights index (-2-0) (DB17-20 methodology),0
MOZ,Registering property,Geographic coverage index (0-8) (DB17-20 methodology),0
MOZ,Registering property,Land dispute resolution index (0-8) (DB17-20 methodology),4
MOZ,Registering property,Procedures (number),8
MOZ,Registering property,Quality of land administration index (0-30) (DB17-20 methodology),7.5
MOZ,Registering property,Reliability of infrastructure index (0-8) (DB17-20 methodology),2
MOZ,Registering property,Time (days),43
MOZ,Registering property,Transparency of information index (0-6) (DB17-20 methodology),1.5
MOZ,Resolving insolvency,Commencement of proceedings index (0-3) (DB15-20 methodology),2.5
MOZ,Resolving insolvency,Cost (% of estate),20.5
MOZ,Resolving insolvency,Creditor participation index (0-4) (DB15-20 methodology),2
MOZ,Resolving insolvency,Management of debtor's assets index (0-6) (DB15-20 methodology),4
MOZ,Resolving insolvency,Outcome (0 as piecemeal sale and 1 as going concern),0
MOZ,Resolving insolvency,Recovery rate (cents on the dollar),30.8
MOZ,Resolving insolvency,Reorganization proceedings index (0-3) (DB15-20 methodology),1.5
MOZ,Resolving insolvency,Strength of insolvency framework index (0-16),10
MOZ,Resolving insolvency,Time (years),1.5
MOZ,Starting a business,Cost - Men (% of income per capita),106.9
MOZ,Starting a business,Cost - Women (% of income per capita),106.9
MOZ,Starting a business,Paid-in Minimum capital (% of income per capita),0
MOZ,Starting a business,Procedures - Men (number),10
MOZ,Starting a business,Procedures - Women (number),10
MOZ,Starting a business,Time - Men (days),17
MOZ,Starting a business,Time - Women (days),17
MOZ,Trading across borders,Cost to export: Border compliance (USD) (DB16-20 methodology),601.6667
MOZ,Trading across borders,Cost to export: Documentary compliance (USD) (DB16-20 methodology),160
MOZ,Trading across borders,Cost to import: Border compliance (USD) (DB16-20 methodology),399
MOZ,Trading across borders,Cost to import: Documentary compliance (USD) (DB16-20 methodology),60
MOZ,Trading across borders,Time to export: Border compliance (hours) (DB16-20 methodology),66
MOZ,Trading across borders,Time to export: Documentary compliance (hours) (DB16-20 methodology),36
MOZ,Trading across borders,Time to import: Border compliance (hours) (DB16-20 methodology),9
MOZ,Trading across borders,Time to import: Documentary compliance (hours) (DB16-20 methodology),16
MRT,Dealing with construction permits,Building quality control index (0-15) (DB16-20 methodology),7.5
MRT,Dealing with construction permits,Cost (% of Warehouse value),4.8
MRT,Dealing with construction permits,Liability and insurance regimes index (0-2) (DB16-20 methodology),.5
MRT,Dealing with construction permits,Procedures (number),14
MRT,Dealing with construction permits,Professional certifications index (0-4) (DB16-20 methodology),2
MRT,Dealing with construction permits,Quality control after construction index (0-3) (DB16-20 methodology),2
MRT,Dealing with construction permits,Quality control before construction index (0-1) (DB16-20 methodology),1
MRT,Dealing with construction permits,Quality control during construction index (0-3) (DB16-20 methodology),0
MRT,Dealing with construction permits,Quality of building regulations index (0-2) (DB16-20 methodology),2
MRT,Dealing with construction permits,Time (days),104
MRT,Enforcing contracts,Alternative dispute resolution (0-3) (DB17-20 methodology),2.5
MRT,Enforcing contracts,Attorney fees (% of claim),17.9
MRT,Enforcing contracts,Case management (0-6) (DB17-20 methodology),1
MRT,Enforcing contracts,Cost (% of claim),23.2
MRT,Enforcing contracts,Court automation (0-4) (DB17-20 methodology),1
MRT,Enforcing contracts,Court fees (% of claim),2.3
MRT,Enforcing contracts,Court structure and proceedings (0-5) (DB17-20 methodology),3.5
MRT,Enforcing contracts,Enforcement fees (% of claim),3
MRT,Enforcing contracts,Enforcement of judgment (days),140
MRT,Enforcing contracts,Filing and service (days),40
MRT,Enforcing contracts,Quality of judicial processes index (0-18) (DB17-20 methodology),8
MRT,Enforcing contracts,Time (days),370
MRT,Enforcing contracts,Trial and judgment (days),190
MRT,Getting credit,Credit bureau coverage (% of adults),0
MRT,Getting credit,Credit registry coverage (% of adults),8.4
MRT,Getting credit,Depth of credit information index (0-8) (DB15-20 methodology),6
MRT,Getting credit,Getting Credit total score (DB15-20 methodology),8
MRT,Getting credit,Strength of legal rights index (0-12) (DB15-20 methodology),2
MRT,Paying taxes,Labor tax and contributions (% of profit),10.3
MRT,Paying taxes,Other taxes (% of profit),56.7
MRT,Paying taxes,Payments (number per year),33
MRT,Paying taxes,Profit tax (% of profit),0
MRT,Paying taxes,Time (hours per year),270
MRT,Paying taxes,Time to complete a corporate income tax correction (weeks) (DB17-20 methodology),35.85714
MRT,Paying taxes,Time to comply with VAT refund (hours) (DB17-20 methodology),No VAT refund per case study scenario
MRT,Paying taxes,Time to comply with a corporate income tax correction (hours) (DB17-20 methodology),18.5
MRT,Paying taxes,Time to obtain VAT refund (weeks) (DB17-20 methodology),No VAT refund per case study scenario
MRT,Paying taxes,Total tax and contribution rate (% of profit),67
MRT,Registering property,Cost (% of property value),4.5
MRT,Registering property,Equal access to property rights index (-2-0) (DB17-20 methodology),-1
MRT,Registering property,Geographic coverage index (0-8) (DB17-20 methodology),0
MRT,Registering property,Land dispute resolution index (0-8) (DB17-20 methodology),4
MRT,Registering property,Procedures (number),4
MRT,Registering property,Quality of land administration index (0-30) (DB17-20 methodology),7
MRT,Registering property,Reliability of infrastructure index (0-8) (DB17-20 methodology),2
MRT,Registering property,Time (days),49
MRT,Registering property,Transparency of information index (0-6) (DB17-20 methodology),2
MRT,Resolving insolvency,Commencement of proceedings index (0-3) (DB15-20 methodology),2
MRT,Resolving insolvency,Creditor participation index (0-4) (DB15-20 methodology),0
MRT,Resolving insolvency,Management of debtor's assets index (0-6) (DB15-20 methodology),4
MRT,Resolving insolvency,Outcome (0 as piecemeal sale and 1 as going concern),0
MRT,Resolving insolvency,Recovery rate (cents on the dollar),0
MRT,Resolving insolvency,Reorganization proceedings index (0-3) (DB15-20 methodology),0
MRT,Resolving insolvency,Strength of insolvency framework index (0-16),0
MRT,Starting a business,Cost - Men (% of income per capita),15.8
MRT,Starting a business,Cost - Women (% of income per capita),15.8
MRT,Starting a business,Paid-in Minimum capital (% of income per capita),0
MRT,Starting a business,Procedures - Men (number),4
MRT,Starting a business,Procedures - Women (number),4
MRT,Starting a business,Time - Men (days),6
MRT,Starting a business,Time - Women (days),6
MRT,Trading across borders,Cost to export: Border compliance (USD) (DB16-20 methodology),749
MRT,Trading across borders,Cost to export: Documentary compliance (USD) (DB16-20 methodology),92
MRT,Trading across borders,Cost to import: Border compliance (USD) (DB16-20 methodology),580
MRT,Trading across borders,Cost to import: Documentary compliance (USD) (DB16-20 methodology),400
MRT,Trading across borders,Time to export: Border compliance (hours) (DB16-20 methodology),61.99667
MRT,Trading across borders,Time to export: Documentary compliance (hours) (DB16-20 methodology),50.66667
MRT,Trading across borders,Time to import: Border compliance (hours) (DB16-20 methodology),69
MRT,Trading across borders,Time to import: Documentary compliance (hours) (DB16-20 methodology),64
MUS,Dealing with construction permits,Building quality control index (0-15) (DB16-20 methodology),14
MUS,Dealing with construction permits,Cost (% of Warehouse value),.4
MUS,Dealing with construction permits,Liability and insurance regimes index (0-2) (DB16-20 methodology),2
MUS,Dealing with construction permits,Procedures (number),12
MUS,Dealing with construction permits,Professional certifications index (0-4) (DB16-20 methodology),4
MUS,Dealing with construction permits,Quality control after construction index (0-3) (DB16-20 methodology),3
MUS,Dealing with construction permits,Quality control before construction index (0-1) (DB16-20 methodology),1
MUS,Dealing with construction permits,Quality control during construction index (0-3) (DB16-20 methodology),2
MUS,Dealing with construction permits,Quality of building regulations index (0-2) (DB16-20 methodology),2
MUS,Dealing with construction permits,Time (days),95.5
MUS,Enforcing contracts,Alternative dispute resolution (0-3) (DB17-20 methodology),2.5
MUS,Enforcing contracts,Attorney fees (% of claim),22
MUS,Enforcing contracts,Case management (0-6) (DB17-20 methodology),3
MUS,Enforcing contracts,Cost (% of claim),25
MUS,Enforcing contracts,Court automation (0-4) (DB17-20 methodology),3
MUS,Enforcing contracts,Court fees (% of claim),2
MUS,Enforcing contracts,Court structure and proceedings (0-5) (DB17-20 methodology),5
MUS,Enforcing contracts,Enforcement fees (% of claim),1
MUS,Enforcing contracts,Enforcement of judgment (days),150
MUS,Enforcing contracts,Filing and service (days),15
MUS,Enforcing contracts,Quality of judicial processes index (0-18) (DB17-20 methodology),13.5
MUS,Enforcing contracts,Time (days),490
MUS,Enforcing contracts,Trial and judgment (days),325
MUS,Getting credit,Credit bureau coverage (% of adults),0
MUS,Getting credit,Credit registry coverage (% of adults),100
MUS,Getting credit,Depth of credit information index (0-8) (DB15-20 methodology),7
MUS,Getting credit,Getting Credit total score (DB15-20 methodology),13
MUS,Getting credit,Strength of legal rights index (0-12) (DB15-20 methodology),6
MUS,Paying taxes,Labor tax and contributions (% of profit),8.2
MUS,Paying taxes,Other taxes (% of profit),3.7
MUS,Paying taxes,Payments (number per year),8
MUS,Paying taxes,Profit tax (% of profit),10.3
MUS,Paying taxes,Time (hours per year),140
MUS,Paying taxes,Time to complete a corporate income tax correction (weeks) (DB17-20 methodology),0
MUS,Paying taxes,Time to comply with VAT refund (hours) (DB17-20 methodology),1.5
MUS,Paying taxes,Time to comply with a corporate income tax correction (hours) (DB17-20 methodology),2.5
MUS,Paying taxes,Time to obtain VAT refund (weeks) (DB17-20 methodology),4.309524
MUS,Paying taxes,Total tax and contribution rate (% of profit),22.2
MUS,Registering property,Cost (% of property value),.6
MUS,Registering property,Equal access to property rights index (-2-0) (DB17-20 methodology),0
MUS,Registering property,Geographic coverage index (0-8) (DB17-20 methodology),4
MUS,Registering property,Land dispute resolution index (0-8) (DB17-20 methodology),5.5
MUS,Registering property,Procedures (number),5
MUS,Registering property,Quality of land administration index (0-30) (DB17-20 methodology),22.5
MUS,Registering property,Reliability of infrastructure index (0-8) (DB17-20 methodology),7
MUS,Registering property,Time (days),17
MUS,Registering property,Transparency of information index (0-6) (DB17-20 methodology),6
MUS,Resolving insolvency,Commencement of proceedings index (0-3) (DB15-20 methodology),3
MUS,Resolving insolvency,Cost (% of estate),14.5
MUS,Resolving insolvency,Creditor participation index (0-4) (DB15-20 methodology),3
MUS,Resolving insolvency,Management of debtor's assets index (0-6) (DB15-20 methodology),5.5
MUS,Resolving insolvency,Outcome (0 as piecemeal sale and 1 as going concern),1
MUS,Resolving insolvency,Recovery rate (cents on the dollar),67.4
MUS,Resolving insolvency,Reorganization proceedings index (0-3) (DB15-20 methodology),.5
MUS,Resolving insolvency,Strength of insolvency framework index (0-16),12
MUS,Resolving insolvency,Time (years),1.7
MUS,Starting a business,Cost - Men (% of income per capita),.8
MUS,Starting a business,Cost - Women (% of income per capita),.8
MUS,Starting a business,Paid-in Minimum capital (% of income per capita),0
MUS,Starting a business,Procedures - Men (number),4
MUS,Starting a business,Procedures - Women (number),4
MUS,Starting a business,Time - Men (days),4.5
MUS,Starting a business,Time - Women (days),4.5
MUS,Trading across borders,Cost to export: Border compliance (USD) (DB16-20 methodology),302.625
MUS,Trading across borders,Cost to export: Documentary compliance (USD) (DB16-20 methodology),128.125
MUS,Trading across borders,Cost to import: Border compliance (USD) (DB16-20 methodology),372.125
MUS,Trading across borders,Cost to import: Documentary compliance (USD) (DB16-20 methodology),165.625
MUS,Trading across borders,Time to export: Border compliance (hours) (DB16-20 methodology),24
MUS,Trading across borders,Time to export: Documentary compliance (hours) (DB16-20 methodology),9
MUS,Trading across borders,Time to import: Border compliance (hours) (DB16-20 methodology),41
MUS,Trading across borders,Time to import: Documentary compliance (hours) (DB16-20 methodology),8.625
MWI,Dealing with construction permits,Building quality control index (0-15) (DB16-20 methodology),9.5
MWI,Dealing with construction permits,Cost (% of Warehouse value),8.4
MWI,Dealing with construction permits,Liability and insurance regimes index (0-2) (DB16-20 methodology),.5
MWI,Dealing with construction permits,Procedures (number),13
MWI,Dealing with construction permits,Professional certifications index (0-4) (DB16-20 methodology),4
MWI,Dealing with construction permits,Quality control after construction index (0-3) (DB16-20 methodology),3
MWI,Dealing with construction permits,Quality control before construction index (0-1) (DB16-20 methodology),1
MWI,Dealing with construction permits,Quality control during construction index (0-3) (DB16-20 methodology),1
MWI,Dealing with construction permits,Quality of building regulations index (0-2) (DB16-20 methodology),0
MWI,Dealing with construction permits,Time (days),153
MWI,Enforcing contracts,Alternative dispute resolution (0-3) (DB17-20 methodology),1.5
MWI,Enforcing contracts,Attorney fees (% of claim),50
MWI,Enforcing contracts,Case management (0-6) (DB17-20 methodology),2
MWI,Enforcing contracts,Cost (% of claim),69.1
MWI,Enforcing contracts,Court automation (0-4) (DB17-20 methodology),1.5
MWI,Enforcing contracts,Court fees (% of claim),5.3
MWI,Enforcing contracts,Court structure and proceedings (0-5) (DB17-20 methodology),4.5
MWI,Enforcing contracts,Enforcement fees (% of claim),13.8
MWI,Enforcing contracts,Enforcement of judgment (days),120
MWI,Enforcing contracts,Filing and service (days),42
MWI,Enforcing contracts,Quality of judicial processes index (0-18) (DB17-20 methodology),9.5
MWI,Enforcing contracts,Time (days),522
MWI,Enforcing contracts,Trial and judgment (days),360
MWI,Getting credit,Credit bureau coverage (% of adults),40.2
MWI,Getting credit,Credit registry coverage (% of adults),0
MWI,Getting credit,Depth of credit information index (0-8) (DB15-20 methodology),7
MWI,Getting credit,Getting Credit total score (DB15-20 methodology),18
MWI,Getting credit,Strength of legal rights index (0-12) (DB15-20 methodology),11
MWI,Paying taxes,Labor tax and contributions (% of profit),12.4
MWI,Paying taxes,Other taxes (% of profit),1.7
MWI,Paying taxes,Payments (number per year),35
MWI,Paying taxes,Profit tax (% of profit),20.4
MWI,Paying taxes,Time (hours per year),169
MWI,Paying taxes,Time to complete a corporate income tax correction (weeks) (DB17-20 methodology),27.85714
MWI,Paying taxes,Time to comply with VAT refund (hours) (DB17-20 methodology),33
MWI,Paying taxes,Time to comply with a corporate income tax correction (hours) (DB17-20 methodology),20.5
MWI,Paying taxes,Time to obtain VAT refund (weeks) (DB17-20 methodology),44.30952
MWI,Paying taxes,Total tax and contribution rate (% of profit),34.5
MWI,Registering property,Cost (% of property value),1.7
MWI,Registering property,Equal access to property rights index (-2-0) (DB17-20 methodology),0
MWI,Registering property,Geographic coverage index (0-8) (DB17-20 methodology),4
MWI,Registering property,Land dispute resolution index (0-8) (DB17-20 methodology),5
MWI,Registering property,Procedures (number),6
MWI,Registering property,Quality of land administration index (0-30) (DB17-20 methodology),10.5
MWI,Registering property,Reliability of infrastructure index (0-8) (DB17-20 methodology),0
MWI,Registering property,Time (days),47
MWI,Registering property,Transparency of information index (0-6) (DB17-20 methodology),1.5
MWI,Resolving insolvency,Commencement of proceedings index (0-3) (DB15-20 methodology),3
MWI,Resolving insolvency,Cost (% of estate),25
MWI,Resolving insolvency,Creditor participation index (0-4) (DB15-20 methodology),1
MWI,Resolving insolvency,Management of debtor's assets index (0-6) (DB15-20 methodology),4
MWI,Resolving insolvency,Outcome (0 as piecemeal sale and 1 as going concern),0
MWI,Resolving insolvency,Recovery rate (cents on the dollar),15.6
MWI,Resolving insolvency,Reorganization proceedings index (0-3) (DB15-20 methodology),.5
MWI,Resolving insolvency,Strength of insolvency framework index (0-16),8.5
MWI,Resolving insolvency,Time (years),2.6
MWI,Starting a business,Cost - Men (% of income per capita),32.6
MWI,Starting a business,Cost - Women (% of income per capita),32.6
MWI,Starting a business,Paid-in Minimum capital (% of income per capita),0
MWI,Starting a business,Procedures - Men (number),7
MWI,Starting a business,Procedures - Women (number),7
MWI,Starting a business,Time - Men (days),37
MWI,Starting a business,Time - Women (days),37
MWI,Trading across borders,Cost to export: Border compliance (USD) (DB16-20 methodology),242.9412
MWI,Trading across borders,Cost to export: Documentary compliance (USD) (DB16-20 methodology),341.7647
MWI,Trading across borders,Cost to import: Border compliance (USD) (DB16-20 methodology),143.4615
MWI,Trading across borders,Cost to import: Documentary compliance (USD) (DB16-20 methodology),161.5385
MWI,Trading across borders,Time to export: Border compliance (hours) (DB16-20 methodology),78.11765
MWI,Trading across borders,Time to export: Documentary compliance (hours) (DB16-20 methodology),75
MWI,Trading across borders,Time to import: Border compliance (hours) (DB16-20 methodology),55.03846
MWI,Trading across borders,Time to import: Documentary compliance (hours) (DB16-20 methodology),55
MYS,Dealing with construction permits,Building quality control index (0-15) (DB16-20 methodology),13
MYS,Dealing with construction permits,Cost (% of Warehouse value),1.3
MYS,Dealing with construction permits,Liability and insurance regimes index (0-2) (DB16-20 methodology),1
MYS,Dealing with construction permits,Procedures (number),9
MYS,Dealing with construction permits,Professional certifications index (0-4) (DB16-20 methodology),4
MYS,Dealing with construction permits,Quality control after construction index (0-3) (DB16-20 methodology),3
MYS,Dealing with construction permits,Quality control before construction index (0-1) (DB16-20 methodology),1
MYS,Dealing with construction permits,Quality control during construction index (0-3) (DB16-20 methodology),2
MYS,Dealing with construction permits,Quality of building regulations index (0-2) (DB16-20 methodology),2
MYS,Dealing with construction permits,Time (days),41
MYS,Enforcing contracts,Alternative dispute resolution (0-3) (DB17-20 methodology),2.5
MYS,Enforcing contracts,Attorney fees (% of claim),30
MYS,Enforcing contracts,Case management (0-6) (DB17-20 methodology),4
MYS,Enforcing contracts,Cost (% of claim),37.9
MYS,Enforcing contracts,Court automation (0-4) (DB17-20 methodology),2.5
MYS,Enforcing contracts,Court fees (% of claim),1.7
MYS,Enforcing contracts,Court structure and proceedings (0-5) (DB17-20 methodology),4
MYS,Enforcing contracts,Enforcement fees (% of claim),6.2
MYS,Enforcing contracts,Enforcement of judgment (days),120
MYS,Enforcing contracts,Filing and service (days),35
MYS,Enforcing contracts,Quality of judicial processes index (0-18) (DB17-20 methodology),13
MYS,Enforcing contracts,Time (days),425
MYS,Enforcing contracts,Trial and judgment (days),270
MYS,Getting credit,Credit bureau coverage (% of adults),89.1
MYS,Getting credit,Credit registry coverage (% of adults),64.9
MYS,Getting credit,Depth of credit information index (0-8) (DB15-20 methodology),8
MYS,Getting credit,Getting Credit total score (DB15-20 methodology),15
MYS,Getting credit,Strength of legal rights index (0-12) (DB15-20 methodology),7
MYS,Paying taxes,Labor tax and contributions (% of profit),16.7
MYS,Paying taxes,Other taxes (% of profit),2.5
MYS,Paying taxes,Payments (number per year),9
MYS,Paying taxes,Profit tax (% of profit),19.6
MYS,Paying taxes,Time (hours per year),174
MYS,Paying taxes,Time to complete a corporate income tax correction (weeks) (DB17-20 methodology),25.64286
MYS,Paying taxes,Time to comply with a corporate income tax correction (hours) (DB17-20 methodology),11.25
MYS,Paying taxes,Total tax and contribution rate (% of profit),38.7
MYS,Registering property,Cost (% of property value),3.5
MYS,Registering property,Equal access to property rights index (-2-0) (DB17-20 methodology),0
MYS,Registering property,Geographic coverage index (0-8) (DB17-20 methodology),8
MYS,Registering property,Land dispute resolution index (0-8) (DB17-20 methodology),7
MYS,Registering property,Procedures (number),6
MYS,Registering property,Quality of land administration index (0-30) (DB17-20 methodology),26.5
MYS,Registering property,Reliability of infrastructure index (0-8) (DB17-20 methodology),7
MYS,Registering property,Time (days),11.5
MYS,Registering property,Transparency of information index (0-6) (DB17-20 methodology),4.5
MYS,Resolving insolvency,Commencement of proceedings index (0-3) (DB15-20 methodology),3
MYS,Resolving insolvency,Cost (% of estate),10
MYS,Resolving insolvency,Creditor participation index (0-4) (DB15-20 methodology),2
MYS,Resolving insolvency,Management of debtor's assets index (0-6) (DB15-20 methodology),2
MYS,Resolving insolvency,Outcome (0 as piecemeal sale and 1 as going concern),1
MYS,Resolving insolvency,Recovery rate (cents on the dollar),81
MYS,Resolving insolvency,Reorganization proceedings index (0-3) (DB15-20 methodology),.5
MYS,Resolving insolvency,Strength of insolvency framework index (0-16),7.5
MYS,Resolving insolvency,Time (years),1
MYS,Starting a business,Cost - Men (% of income per capita),11.1
MYS,Starting a business,Cost - Women (% of income per capita),11.1
MYS,Starting a business,Paid-in Minimum capital (% of income per capita),0
MYS,Starting a business,Procedures - Men (number),8
MYS,Starting a business,Procedures - Women (number),9
MYS,Starting a business,Time - Men (days),17
MYS,Starting a business,Time - Women (days),18
MYS,Trading across borders,Cost to export: Border compliance (USD) (DB16-20 methodology),212.5
MYS,Trading across borders,Cost to export: Documentary compliance (USD) (DB16-20 methodology),35
MYS,Trading across borders,Cost to import: Border compliance (USD) (DB16-20 methodology),212.5
MYS,Trading across borders,Cost to import: Documentary compliance (USD) (DB16-20 methodology),60
MYS,Trading across borders,Time to export: Border compliance (hours) (DB16-20 methodology),28
MYS,Trading across borders,Time to export: Documentary compliance (hours) (DB16-20 methodology),10
MYS,Trading across borders,Time to import: Border compliance (hours) (DB16-20 methodology),36
MYS,Trading across borders,Time to import: Documentary compliance (hours) (DB16-20 methodology),6.5
NAM,Dealing with construction permits,Building quality control index (0-15) (DB16-20 methodology),8.5
NAM,Dealing with construction permits,Cost (% of Warehouse value),2
NAM,Dealing with construction permits,Liability and insurance regimes index (0-2) (DB16-20 methodology),.5
NAM,Dealing with construction permits,Procedures (number),12
NAM,Dealing with construction permits,Professional certifications index (0-4) (DB16-20 methodology),0
NAM,Dealing with construction permits,Quality control after construction index (0-3) (DB16-20 methodology),3
NAM,Dealing with construction permits,Quality control before construction index (0-1) (DB16-20 methodology),1
NAM,Dealing with construction permits,Quality control during construction index (0-3) (DB16-20 methodology),2
NAM,Dealing with construction permits,Quality of building regulations index (0-2) (DB16-20 methodology),2
NAM,Dealing with construction permits,Time (days),160
NAM,Enforcing contracts,Alternative dispute resolution (0-3) (DB17-20 methodology),2
NAM,Enforcing contracts,Attorney fees (% of claim),29
NAM,Enforcing contracts,Case management (0-6) (DB17-20 methodology),5
NAM,Enforcing contracts,Cost (% of claim),35.8
NAM,Enforcing contracts,Court automation (0-4) (DB17-20 methodology),2
NAM,Enforcing contracts,Court fees (% of claim),6
NAM,Enforcing contracts,Court structure and proceedings (0-5) (DB17-20 methodology),1.5
NAM,Enforcing contracts,Enforcement fees (% of claim),.8
NAM,Enforcing contracts,Enforcement of judgment (days),50
NAM,Enforcing contracts,Filing and service (days),10
NAM,Enforcing contracts,Quality of judicial processes index (0-18) (DB17-20 methodology),10.5
NAM,Enforcing contracts,Time (days),460
NAM,Enforcing contracts,Trial and judgment (days),400
NAM,Getting credit,Credit bureau coverage (% of adults),62.7
NAM,Getting credit,Credit registry coverage (% of adults),0
NAM,Getting credit,Depth of credit information index (0-8) (DB15-20 methodology),7
NAM,Getting credit,Getting Credit total score (DB15-20 methodology),12
NAM,Getting credit,Strength of legal rights index (0-12) (DB15-20 methodology),5
NAM,Paying taxes,Labor tax and contributions (% of profit),1.9
NAM,Paying taxes,Other taxes (% of profit),2.2
NAM,Paying taxes,Payments (number per year),27
NAM,Paying taxes,Profit tax (% of profit),16.7
NAM,Paying taxes,Time (hours per year),302
NAM,Paying taxes,Time to complete a corporate income tax correction (weeks) (DB17-20 methodology),0
NAM,Paying taxes,Time to comply with VAT refund (hours) (DB17-20 methodology),30
NAM,Paying taxes,Time to comply with a corporate income tax correction (hours) (DB17-20 methodology),4
NAM,Paying taxes,Time to obtain VAT refund (weeks) (DB17-20 methodology),17.04762
NAM,Paying taxes,Total tax and contribution rate (% of profit),20.7
NAM,Registering property,Cost (% of property value),13.8
NAM,Registering property,Equal access to property rights index (-2-0) (DB17-20 methodology),0
NAM,Registering property,Geographic coverage index (0-8) (DB17-20 methodology),0
NAM,Registering property,Land dispute resolution index (0-8) (DB17-20 methodology),4.5
NAM,Registering property,Procedures (number),8
NAM,Registering property,Quality of land administration index (0-30) (DB17-20 methodology),10
NAM,Registering property,Reliability of infrastructure index (0-8) (DB17-20 methodology),2
NAM,Registering property,Time (days),44
NAM,Registering property,Transparency of information index (0-6) (DB17-20 methodology),3.5
NAM,Resolving insolvency,Commencement of proceedings index (0-3) (DB15-20 methodology),3
NAM,Resolving insolvency,Cost (% of estate),14.5
NAM,Resolving insolvency,Creditor participation index (0-4) (DB15-20 methodology),1
NAM,Resolving insolvency,Management of debtor's assets index (0-6) (DB15-20 methodology),2
NAM,Resolving insolvency,Outcome (0 as piecemeal sale and 1 as going concern),0
NAM,Resolving insolvency,Recovery rate (cents on the dollar),33.8
NAM,Resolving insolvency,Reorganization proceedings index (0-3) (DB15-20 methodology),0
NAM,Resolving insolvency,Strength of insolvency framework index (0-16),6
NAM,Resolving insolvency,Time (years),2.5
NAM,Starting a business,Cost - Men (% of income per capita),8.9
NAM,Starting a business,Cost - Women (% of income per capita),8.9
NAM,Starting a business,Paid-in Minimum capital (% of income per capita),0
NAM,Starting a business,Procedures - Men (number),10
NAM,Starting a business,Procedures - Women (number),10
NAM,Starting a business,Time - Men (days),54
NAM,Starting a business,Time - Women (days),54
NAM,Trading across borders,Cost to export: Border compliance (USD) (DB16-20 methodology),745
NAM,Trading across borders,Cost to export: Documentary compliance (USD) (DB16-20 methodology),347.5
NAM,Trading across borders,Cost to import: Border compliance (USD) (DB16-20 methodology),145
NAM,Trading across borders,Cost to import: Documentary compliance (USD) (DB16-20 methodology),62.5
NAM,Trading across borders,Time to export: Border compliance (hours) (DB16-20 methodology),120
NAM,Trading across borders,Time to export: Documentary compliance (hours) (DB16-20 methodology),90
NAM,Trading across borders,Time to import: Border compliance (hours) (DB16-20 methodology),5.5
NAM,Trading across borders,Time to import: Documentary compliance (hours) (DB16-20 methodology),3.25
NER,Dealing with construction permits,Building quality control index (0-15) (DB16-20 methodology),8
NER,Dealing with construction permits,Cost (% of Warehouse value),32.4
NER,Dealing with construction permits,Liability and insurance regimes index (0-2) (DB16-20 methodology),1
NER,Dealing with construction permits,Procedures (number),19
NER,Dealing with construction permits,Professional certifications index (0-4) (DB16-20 methodology),2
NER,Dealing with construction permits,Quality control after construction index (0-3) (DB16-20 methodology),2
NER,Dealing with construction permits,Quality control before construction index (0-1) (DB16-20 methodology),1
NER,Dealing with construction permits,Quality control during construction index (0-3) (DB16-20 methodology),0
NER,Dealing with construction permits,Quality of building regulations index (0-2) (DB16-20 methodology),2
NER,Dealing with construction permits,Time (days),98
NER,Enforcing contracts,Alternative dispute resolution (0-3) (DB17-20 methodology),2.5
NER,Enforcing contracts,Attorney fees (% of claim),23
NER,Enforcing contracts,Case management (0-6) (DB17-20 methodology),1
NER,Enforcing contracts,Cost (% of claim),52.6
NER,Enforcing contracts,Court automation (0-4) (DB17-20 methodology),0
NER,Enforcing contracts,Court fees (% of claim),12
NER,Enforcing contracts,Court structure and proceedings (0-5) (DB17-20 methodology),4.5
NER,Enforcing contracts,Enforcement fees (% of claim),17.6
NER,Enforcing contracts,Enforcement of judgment (days),150
NER,Enforcing contracts,Filing and service (days),30
NER,Enforcing contracts,Quality of judicial processes index (0-18) (DB17-20 methodology),8
NER,Enforcing contracts,Time (days),380
NER,Enforcing contracts,Trial and judgment (days),200
NER,Getting credit,Credit bureau coverage (% of adults),6.2
NER,Getting credit,Credit registry coverage (% of adults),0
NER,Getting credit,Depth of credit information index (0-8) (DB15-20 methodology),8
NER,Getting credit,Getting Credit total score (DB15-20 methodology),14
NER,Getting credit,Strength of legal rights index (0-12) (DB15-20 methodology),6
NER,Paying taxes,Labor tax and contributions (% of profit),22.3
NER,Paying taxes,Other taxes (% of profit),3.4
NER,Paying taxes,Payments (number per year),41
NER,Paying taxes,Profit tax (% of profit),21.6
NER,Paying taxes,Time (hours per year),270
NER,Paying taxes,Time to complete a corporate income tax correction (weeks) (DB17-20 methodology),7.714286
NER,Paying taxes,Time to comply with VAT refund (hours) (DB17-20 methodology),No VAT refund per case study scenario
NER,Paying taxes,Time to comply with a corporate income tax correction (hours) (DB17-20 methodology),41.5
NER,Paying taxes,Time to obtain VAT refund (weeks) (DB17-20 methodology),No VAT refund per case study scenario
NER,Paying taxes,Total tax and contribution rate (% of profit),47.2
NER,Registering property,Cost (% of property value),7.4
NER,Registering property,Equal access to property rights index (-2-0) (DB17-20 methodology),0
NER,Registering property,Geographic coverage index (0-8) (DB17-20 methodology),0
NER,Registering property,Land dispute resolution index (0-8) (DB17-20 methodology),2.5
NER,Registering property,Procedures (number),4
NER,Registering property,Quality of land administration index (0-30) (DB17-20 methodology),4
NER,Registering property,Reliability of infrastructure index (0-8) (DB17-20 methodology),0
NER,Registering property,Time (days),13
NER,Registering property,Transparency of information index (0-6) (DB17-20 methodology),1.5
NER,Resolving insolvency,Commencement of proceedings index (0-3) (DB15-20 methodology),2
NER,Resolving insolvency,Cost (% of estate),18
NER,Resolving insolvency,Creditor participation index (0-4) (DB15-20 methodology),1
NER,Resolving insolvency,Management of debtor's assets index (0-6) (DB15-20 methodology),5.5
NER,Resolving insolvency,Outcome (0 as piecemeal sale and 1 as going concern),0
NER,Resolving insolvency,Recovery rate (cents on the dollar),20.9
NER,Resolving insolvency,Reorganization proceedings index (0-3) (DB15-20 methodology),.5
NER,Resolving insolvency,Strength of insolvency framework index (0-16),9
NER,Resolving insolvency,Time (years),5
NER,Starting a business,Cost - Men (% of income per capita),7.9
NER,Starting a business,Cost - Women (% of income per capita),7.9
NER,Starting a business,Paid-in Minimum capital (% of income per capita),11.3
NER,Starting a business,Procedures - Men (number),4
NER,Starting a business,Procedures - Women (number),4
NER,Starting a business,Time - Men (days),10
NER,Starting a business,Time - Women (days),10
NER,Trading across borders,Cost to export: Border compliance (USD) (DB16-20 methodology),390.7778
NER,Trading across borders,Cost to export: Documentary compliance (USD) (DB16-20 methodology),39.11111
NER,Trading across borders,Cost to import: Border compliance (USD) (DB16-20 methodology),461.5
NER,Trading across borders,Cost to import: Documentary compliance (USD) (DB16-20 methodology),282
NER,Trading across borders,Time to export: Border compliance (hours) (DB16-20 methodology),48
NER,Trading across borders,Time to export: Documentary compliance (hours) (DB16-20 methodology),50.66667
NER,Trading across borders,Time to import: Border compliance (hours) (DB16-20 methodology),78
NER,Trading across borders,Time to import: Documentary compliance (hours) (DB16-20 methodology),156
NGA,Dealing with construction permits,Building quality control index (0-15) (DB16-20 methodology),11.77
NGA,Dealing with construction permits,Cost (% of Warehouse value),4
NGA,Dealing with construction permits,Liability and insurance regimes index (0-2) (DB16-20 methodology),0
NGA,Dealing with construction permits,Procedures (number),15.31
NGA,Dealing with construction permits,Professional certifications index (0-4) (DB16-20 methodology),4
NGA,Dealing with construction permits,Quality control after construction index (0-3) (DB16-20 methodology),2.77
NGA,Dealing with construction permits,Quality control before construction index (0-1) (DB16-20 methodology),1
NGA,Dealing with construction permits,Quality control during construction index (0-3) (DB16-20 methodology),2
NGA,Dealing with construction permits,Quality of building regulations index (0-2) (DB16-20 methodology),2
NGA,Dealing with construction permits,Time (days),104.79
NGA,Enforcing contracts,Alternative dispute resolution (0-3) (DB17-20 methodology),2.5
NGA,Enforcing contracts,Attorney fees (% of claim),21.6
NGA,Enforcing contracts,Case management (0-6) (DB17-20 methodology),2.5
NGA,Enforcing contracts,Cost (% of claim),38.9
NGA,Enforcing contracts,Court automation (0-4) (DB17-20 methodology),0
NGA,Enforcing contracts,Court fees (% of claim),11.8
NGA,Enforcing contracts,Court structure and proceedings (0-5) (DB17-20 methodology),4.155
NGA,Enforcing contracts,Enforcement fees (% of claim),5.5
NGA,Enforcing contracts,Enforcement of judgment (days),130.04
NGA,Enforcing contracts,Filing and service (days),35.63
NGA,Enforcing contracts,Quality of judicial processes index (0-18) (DB17-20 methodology),9.155
NGA,Enforcing contracts,Time (days),399
NGA,Enforcing contracts,Trial and judgment (days),233.33
NGA,Getting credit,Credit bureau coverage (% of adults),13.9
NGA,Getting credit,Credit registry coverage (% of adults),4.8
NGA,Getting credit,Depth of credit information index (0-8) (DB15-20 methodology),8
NGA,Getting credit,Getting Credit total score (DB15-20 methodology),17
NGA,Getting credit,Strength of legal rights index (0-12) (DB15-20 methodology),9
NGA,Paying taxes,Labor tax and contributions (% of profit),13.5
NGA,Paying taxes,Other taxes (% of profit),.3
NGA,Paying taxes,Payments (number per year),48
NGA,Paying taxes,Profit tax (% of profit),21
NGA,Paying taxes,Time (hours per year),343.365
NGA,Paying taxes,Time to complete a corporate income tax correction (weeks) (DB17-20 methodology),0
NGA,Paying taxes,Time to comply with VAT refund (hours) (DB17-20 methodology),No VAT refund per case study scenario
NGA,Paying taxes,Time to comply with a corporate income tax correction (hours) (DB17-20 methodology),7
NGA,Paying taxes,Time to obtain VAT refund (weeks) (DB17-20 methodology),No VAT refund per case study scenario
NGA,Paying taxes,Total tax and contribution rate (% of profit),34.8
NGA,Registering property,Cost (% of property value),11.3
NGA,Registering property,Equal access to property rights index (-2-0) (DB17-20 methodology),0
NGA,Registering property,Geographic coverage index (0-8) (DB17-20 methodology),0
NGA,Registering property,Land dispute resolution index (0-8) (DB17-20 methodology),2.5
NGA,Registering property,Procedures (number),11.77
NGA,Registering property,Quality of land administration index (0-30) (DB17-20 methodology),7.965
NGA,Registering property,Reliability of infrastructure index (0-8) (DB17-20 methodology),4.08
NGA,Registering property,Time (days),91.66
NGA,Registering property,Transparency of information index (0-6) (DB17-20 methodology),1.385
NGA,Resolving insolvency,Commencement of proceedings index (0-3) (DB15-20 methodology),2
NGA,Resolving insolvency,Cost (% of estate),22
NGA,Resolving insolvency,Creditor participation index (0-4) (DB15-20 methodology),1
NGA,Resolving insolvency,Management of debtor's assets index (0-6) (DB15-20 methodology),2
NGA,Resolving insolvency,Outcome (0 as piecemeal sale and 1 as going concern),0
NGA,Resolving insolvency,Recovery rate (cents on the dollar),27.8
NGA,Resolving insolvency,Reorganization proceedings index (0-3) (DB15-20 methodology),0
NGA,Resolving insolvency,Strength of insolvency framework index (0-16),5
NGA,Resolving insolvency,Time (years),2
NGA,Starting a business,Cost - Men (% of income per capita),26.1
NGA,Starting a business,Cost - Women (% of income per capita),26.1
NGA,Starting a business,Paid-in Minimum capital (% of income per capita),0
NGA,Starting a business,Procedures - Men (number),7
NGA,Starting a business,Procedures - Women (number),7
NGA,Starting a business,Time - Men (days),7.23
NGA,Starting a business,Time - Women (days),7.23
NGA,Trading across borders,Cost to export: Border compliance (USD) (DB16-20 methodology),785.7143
NGA,Trading across borders,Cost to export: Documentary compliance (USD) (DB16-20 methodology),250
NGA,Trading across borders,Cost to import: Border compliance (USD) (DB16-20 methodology),1076.786
NGA,Trading across borders,Cost to import: Documentary compliance (USD) (DB16-20 methodology),564.2857
NGA,Trading across borders,Time to export: Border compliance (hours) (DB16-20 methodology),128.4286
NGA,Trading across borders,Time to export: Documentary compliance (hours) (DB16-20 methodology),74
NGA,Trading across borders,Time to import: Border compliance (hours) (DB16-20 methodology),241.7143
NGA,Trading across borders,Time to import: Documentary compliance (hours) (DB16-20 methodology),120
NIC,Dealing with construction permits,Building quality control index (0-15) (DB16-20 methodology),3.5
NIC,Dealing with construction permits,Cost (% of Warehouse value),5.7
NIC,Dealing with construction permits,Liability and insurance regimes index (0-2) (DB16-20 methodology),.5
NIC,Dealing with construction permits,Procedures (number),18
NIC,Dealing with construction permits,Professional certifications index (0-4) (DB16-20 methodology),0
NIC,Dealing with construction permits,Quality control after construction index (0-3) (DB16-20 methodology),0
NIC,Dealing with construction permits,Quality control before construction index (0-1) (DB16-20 methodology),1
NIC,Dealing with construction permits,Quality control during construction index (0-3) (DB16-20 methodology),0
NIC,Dealing with construction permits,Quality of building regulations index (0-2) (DB16-20 methodology),2
NIC,Dealing with construction permits,Time (days),225
NIC,Enforcing contracts,Alternative dispute resolution (0-3) (DB17-20 methodology),2.5
NIC,Enforcing contracts,Attorney fees (% of claim),16.3
NIC,Enforcing contracts,Case management (0-6) (DB17-20 methodology),.5
NIC,Enforcing contracts,Cost (% of claim),26.8
NIC,Enforcing contracts,Court automation (0-4) (DB17-20 methodology),0
NIC,Enforcing contracts,Court fees (% of claim),5.5
NIC,Enforcing contracts,Court structure and proceedings (0-5) (DB17-20 methodology),3.5
NIC,Enforcing contracts,Enforcement fees (% of claim),5
NIC,Enforcing contracts,Enforcement of judgment (days),200
NIC,Enforcing contracts,Filing and service (days),60
NIC,Enforcing contracts,Quality of judicial processes index (0-18) (DB17-20 methodology),6.5
NIC,Enforcing contracts,Time (days),490
NIC,Enforcing contracts,Trial and judgment (days),230
NIC,Getting credit,Credit bureau coverage (% of adults),56.6
NIC,Getting credit,Credit registry coverage (% of adults),12.9
NIC,Getting credit,Depth of credit information index (0-8) (DB15-20 methodology),8
NIC,Getting credit,Getting Credit total score (DB15-20 methodology),10
NIC,Getting credit,Strength of legal rights index (0-12) (DB15-20 methodology),2
NIC,Paying taxes,Labor tax and contributions (% of profit),23.7
NIC,Paying taxes,Other taxes (% of profit),19.6
NIC,Paying taxes,Payments (number per year),43
NIC,Paying taxes,Profit tax (% of profit),17.3
NIC,Paying taxes,Time (hours per year),201
NIC,Paying taxes,Time to complete a corporate income tax correction (weeks) (DB17-20 methodology),0
NIC,Paying taxes,Time to comply with VAT refund (hours) (DB17-20 methodology),54
NIC,Paying taxes,Time to comply with a corporate income tax correction (hours) (DB17-20 methodology),9
NIC,Paying taxes,Time to obtain VAT refund (weeks) (DB17-20 methodology),42.59524
NIC,Paying taxes,Total tax and contribution rate (% of profit),60.6
NIC,Registering property,Cost (% of property value),6
NIC,Registering property,Equal access to property rights index (-2-0) (DB17-20 methodology),0
NIC,Registering property,Geographic coverage index (0-8) (DB17-20 methodology),0
NIC,Registering property,Land dispute resolution index (0-8) (DB17-20 methodology),3.5
NIC,Registering property,Procedures (number),9
NIC,Registering property,Quality of land administration index (0-30) (DB17-20 methodology),5.5
NIC,Registering property,Reliability of infrastructure index (0-8) (DB17-20 methodology),0
NIC,Registering property,Time (days),56
NIC,Registering property,Transparency of information index (0-6) (DB17-20 methodology),2
NIC,Resolving insolvency,Commencement of proceedings index (0-3) (DB15-20 methodology),2
NIC,Resolving insolvency,Cost (% of estate),14.5
NIC,Resolving insolvency,Creditor participation index (0-4) (DB15-20 methodology),3
NIC,Resolving insolvency,Management of debtor's assets index (0-6) (DB15-20 methodology),2
NIC,Resolving insolvency,Outcome (0 as piecemeal sale and 1 as going concern),0
NIC,Resolving insolvency,Recovery rate (cents on the dollar),35.7
NIC,Resolving insolvency,Reorganization proceedings index (0-3) (DB15-20 methodology),0
NIC,Resolving insolvency,Strength of insolvency framework index (0-16),7
NIC,Resolving insolvency,Time (years),2.2
NIC,Starting a business,Cost - Men (% of income per capita),65.7
NIC,Starting a business,Cost - Women (% of income per capita),65.7
NIC,Starting a business,Paid-in Minimum capital (% of income per capita),0
NIC,Starting a business,Procedures - Men (number),7
NIC,Starting a business,Procedures - Women (number),7
NIC,Starting a business,Time - Men (days),14
NIC,Starting a business,Time - Women (days),14
NIC,Trading across borders,Cost to export: Border compliance (USD) (DB16-20 methodology),240
NIC,Trading across borders,Cost to export: Documentary compliance (USD) (DB16-20 methodology),46.66667
NIC,Trading across borders,Cost to import: Border compliance (USD) (DB16-20 methodology),399.7778
NIC,Trading across borders,Cost to import: Documentary compliance (USD) (DB16-20 methodology),86.11111
NIC,Trading across borders,Time to export: Border compliance (hours) (DB16-20 methodology),72
NIC,Trading across borders,Time to export: Documentary compliance (hours) (DB16-20 methodology),48
NIC,Trading across borders,Time to import: Border compliance (hours) (DB16-20 methodology),72
NIC,Trading across borders,Time to import: Documentary compliance (hours) (DB16-20 methodology),16
NLD,Dealing with construction permits,Building quality control index (0-15) (DB16-20 methodology),10
NLD,Dealing with construction permits,Cost (% of Warehouse value),3.6
NLD,Dealing with construction permits,Liability and insurance regimes index (0-2) (DB16-20 methodology),1
NLD,Dealing with construction permits,Procedures (number),13
NLD,Dealing with construction permits,Professional certifications index (0-4) (DB16-20 methodology),0
NLD,Dealing with construction permits,Quality control after construction index (0-3) (DB16-20 methodology),3
NLD,Dealing with construction permits,Quality control before construction index (0-1) (DB16-20 methodology),1
NLD,Dealing with construction permits,Quality control during construction index (0-3) (DB16-20 methodology),3
NLD,Dealing with construction permits,Quality of building regulations index (0-2) (DB16-20 methodology),2
NLD,Dealing with construction permits,Time (days),161
NLD,Enforcing contracts,Alternative dispute resolution (0-3) (DB17-20 methodology),1.5
NLD,Enforcing contracts,Attorney fees (% of claim),13.7
NLD,Enforcing contracts,Case management (0-6) (DB17-20 methodology),.5
NLD,Enforcing contracts,Cost (% of claim),23.9
NLD,Enforcing contracts,Court automation (0-4) (DB17-20 methodology),2
NLD,Enforcing contracts,Court fees (% of claim),5
NLD,Enforcing contracts,Court structure and proceedings (0-5) (DB17-20 methodology),3
NLD,Enforcing contracts,Enforcement fees (% of claim),5.2
NLD,Enforcing contracts,Enforcement of judgment (days),62
NLD,Enforcing contracts,Filing and service (days),10
NLD,Enforcing contracts,Quality of judicial processes index (0-18) (DB17-20 methodology),7
NLD,Enforcing contracts,Time (days),514
NLD,Enforcing contracts,Trial and judgment (days),442
NLD,Getting credit,Credit bureau coverage (% of adults),98.7
NLD,Getting credit,Credit registry coverage (% of adults),0
NLD,Getting credit,Depth of credit information index (0-8) (DB15-20 methodology),7
NLD,Getting credit,Getting Credit total score (DB15-20 methodology),9
NLD,Getting credit,Strength of legal rights index (0-12) (DB15-20 methodology),2
NLD,Paying taxes,Labor tax and contributions (% of profit),20.5
NLD,Paying taxes,Other taxes (% of profit),.3
NLD,Paying taxes,Payments (number per year),9
NLD,Paying taxes,Profit tax (% of profit),20.4
NLD,Paying taxes,Time (hours per year),119
NLD,Paying taxes,Time to complete a corporate income tax correction (weeks) (DB17-20 methodology),2.142857
NLD,Paying taxes,Time to comply with VAT refund (hours) (DB17-20 methodology),0
NLD,Paying taxes,Time to comply with a corporate income tax correction (hours) (DB17-20 methodology),3.5
NLD,Paying taxes,Time to obtain VAT refund (weeks) (DB17-20 methodology),14.5
NLD,Paying taxes,Total tax and contribution rate (% of profit),41.2
NLD,Registering property,Cost (% of property value),6.1
NLD,Registering property,Equal access to property rights index (-2-0) (DB17-20 methodology),0
NLD,Registering property,Geographic coverage index (0-8) (DB17-20 methodology),8
NLD,Registering property,Land dispute resolution index (0-8) (DB17-20 methodology),7.5
NLD,Registering property,Procedures (number),5
NLD,Registering property,Quality of land administration index (0-30) (DB17-20 methodology),28.5
NLD,Registering property,Reliability of infrastructure index (0-8) (DB17-20 methodology),7
NLD,Registering property,Time (days),2.5
NLD,Registering property,Transparency of information index (0-6) (DB17-20 methodology),6
NLD,Resolving insolvency,Commencement of proceedings index (0-3) (DB15-20 methodology),2.5
NLD,Resolving insolvency,Cost (% of estate),3.5
NLD,Resolving insolvency,Creditor participation index (0-4) (DB15-20 methodology),2
NLD,Resolving insolvency,Management of debtor's assets index (0-6) (DB15-20 methodology),6
NLD,Resolving insolvency,Outcome (0 as piecemeal sale and 1 as going concern),1
NLD,Resolving insolvency,Recovery rate (cents on the dollar),90.1
NLD,Resolving insolvency,Reorganization proceedings index (0-3) (DB15-20 methodology),1
NLD,Resolving insolvency,Strength of insolvency framework index (0-16),11.5
NLD,Resolving insolvency,Time (years),1.1
NLD,Starting a business,Cost - Men (% of income per capita),4
NLD,Starting a business,Cost - Women (% of income per capita),4
NLD,Starting a business,Paid-in Minimum capital (% of income per capita),0
NLD,Starting a business,Procedures - Men (number),4
NLD,Starting a business,Procedures - Women (number),4
NLD,Starting a business,Time - Men (days),3.5
NLD,Starting a business,Time - Women (days),3.5
NLD,Trading across borders,Cost to export: Border compliance (USD) (DB16-20 methodology),0
NLD,Trading across borders,Cost to export: Documentary compliance (USD) (DB16-20 methodology),0
NLD,Trading across borders,Cost to import: Border compliance (USD) (DB16-20 methodology),0
NLD,Trading across borders,Cost to import: Documentary compliance (USD) (DB16-20 methodology),0
NLD,Trading across borders,Time to export: Border compliance (hours) (DB16-20 methodology),0
NLD,Trading across borders,Time to export: Documentary compliance (hours) (DB16-20 methodology),.5
NLD,Trading across borders,Time to import: Border compliance (hours) (DB16-20 methodology),0
NLD,Trading across borders,Time to import: Documentary compliance (hours) (DB16-20 methodology),.5
NOR,Dealing with construction permits,Building quality control index (0-15) (DB16-20 methodology),11
NOR,Dealing with construction permits,Cost (% of Warehouse value),.6
NOR,Dealing with construction permits,Liability and insurance regimes index (0-2) (DB16-20 methodology),0
NOR,Dealing with construction permits,Procedures (number),11
NOR,Dealing with construction permits,Professional certifications index (0-4) (DB16-20 methodology),3
NOR,Dealing with construction permits,Quality control after construction index (0-3) (DB16-20 methodology),3
NOR,Dealing with construction permits,Quality control before construction index (0-1) (DB16-20 methodology),1
NOR,Dealing with construction permits,Quality control during construction index (0-3) (DB16-20 methodology),2
NOR,Dealing with construction permits,Quality of building regulations index (0-2) (DB16-20 methodology),2
NOR,Dealing with construction permits,Time (days),109.5
NOR,Enforcing contracts,Alternative dispute resolution (0-3) (DB17-20 methodology),2.5
NOR,Enforcing contracts,Attorney fees (% of claim),8
NOR,Enforcing contracts,Case management (0-6) (DB17-20 methodology),4
NOR,Enforcing contracts,Cost (% of claim),9.9
NOR,Enforcing contracts,Court automation (0-4) (DB17-20 methodology),4
NOR,Enforcing contracts,Court fees (% of claim),1.3
NOR,Enforcing contracts,Court structure and proceedings (0-5) (DB17-20 methodology),3.5
NOR,Enforcing contracts,Enforcement fees (% of claim),.6
NOR,Enforcing contracts,Enforcement of judgment (days),60
NOR,Enforcing contracts,Filing and service (days),40
NOR,Enforcing contracts,Quality of judicial processes index (0-18) (DB17-20 methodology),14
NOR,Enforcing contracts,Time (days),400
NOR,Enforcing contracts,Trial and judgment (days),300
NOR,Getting credit,Credit bureau coverage (% of adults),100
NOR,Getting credit,Credit registry coverage (% of adults),0
NOR,Getting credit,Depth of credit information index (0-8) (DB15-20 methodology),6
NOR,Getting credit,Getting Credit total score (DB15-20 methodology),11
NOR,Getting credit,Strength of legal rights index (0-12) (DB15-20 methodology),5
NOR,Paying taxes,Labor tax and contributions (% of profit),15.9
NOR,Paying taxes,Other taxes (% of profit),.3
NOR,Paying taxes,Payments (number per year),5
NOR,Paying taxes,Profit tax (% of profit),20
NOR,Paying taxes,Time (hours per year),79
NOR,Paying taxes,Time to complete a corporate income tax correction (weeks) (DB17-20 methodology),29.14286
NOR,Paying taxes,Time to comply with VAT refund (hours) (DB17-20 methodology),9
NOR,Paying taxes,Time to comply with a corporate income tax correction (hours) (DB17-20 methodology),12
NOR,Paying taxes,Time to obtain VAT refund (weeks) (DB17-20 methodology),14.11905
NOR,Paying taxes,Total tax and contribution rate (% of profit),36.2
NOR,Registering property,Cost (% of property value),2.5
NOR,Registering property,Equal access to property rights index (-2-0) (DB17-20 methodology),0
NOR,Registering property,Geographic coverage index (0-8) (DB17-20 methodology),4
NOR,Registering property,Land dispute resolution index (0-8) (DB17-20 methodology),5.5
NOR,Registering property,Procedures (number),1
NOR,Registering property,Quality of land administration index (0-30) (DB17-20 methodology),20
NOR,Registering property,Reliability of infrastructure index (0-8) (DB17-20 methodology),7
NOR,Registering property,Time (days),3
NOR,Registering property,Transparency of information index (0-6) (DB17-20 methodology),3.5
NOR,Resolving insolvency,Commencement of proceedings index (0-3) (DB15-20 methodology),2.5
NOR,Resolving insolvency,Cost (% of estate),1
NOR,Resolving insolvency,Creditor participation index (0-4) (DB15-20 methodology),3
NOR,Resolving insolvency,Management of debtor's assets index (0-6) (DB15-20 methodology),5
NOR,Resolving insolvency,Outcome (0 as piecemeal sale and 1 as going concern),1
NOR,Resolving insolvency,Recovery rate (cents on the dollar),91.9
NOR,Resolving insolvency,Reorganization proceedings index (0-3) (DB15-20 methodology),1
NOR,Resolving insolvency,Strength of insolvency framework index (0-16),11.5
NOR,Resolving insolvency,Time (years),.9
NOR,Starting a business,Cost - Men (% of income per capita),.8
NOR,Starting a business,Cost - Women (% of income per capita),.8
NOR,Starting a business,Paid-in Minimum capital (% of income per capita),4.3
NOR,Starting a business,Procedures - Men (number),4
NOR,Starting a business,Procedures - Women (number),4
NOR,Starting a business,Time - Men (days),4
NOR,Starting a business,Time - Women (days),4
NOR,Trading across borders,Cost to export: Border compliance (USD) (DB16-20 methodology),125
NOR,Trading across borders,Cost to export: Documentary compliance (USD) (DB16-20 methodology),0
NOR,Trading across borders,Cost to import: Border compliance (USD) (DB16-20 methodology),125
NOR,Trading across borders,Cost to import: Documentary compliance (USD) (DB16-20 methodology),0
NOR,Trading across borders,Time to export: Border compliance (hours) (DB16-20 methodology),2
NOR,Trading across borders,Time to export: Documentary compliance (hours) (DB16-20 methodology),2
NOR,Trading across borders,Time to import: Border compliance (hours) (DB16-20 methodology),2
NOR,Trading across borders,Time to import: Documentary compliance (hours) (DB16-20 methodology),2
NPL,Dealing with construction permits,Building quality control index (0-15) (DB16-20 methodology),10
NPL,Dealing with construction permits,Cost (% of Warehouse value),8.6
NPL,Dealing with construction permits,Liability and insurance regimes index (0-2) (DB16-20 methodology),0
NPL,Dealing with construction permits,Procedures (number),12
NPL,Dealing with construction permits,Professional certifications index (0-4) (DB16-20 methodology),2
NPL,Dealing with construction permits,Quality control after construction index (0-3) (DB16-20 methodology),3
NPL,Dealing with construction permits,Quality control before construction index (0-1) (DB16-20 methodology),1
NPL,Dealing with construction permits,Quality control during construction index (0-3) (DB16-20 methodology),2
NPL,Dealing with construction permits,Quality of building regulations index (0-2) (DB16-20 methodology),2
NPL,Dealing with construction permits,Time (days),118
NPL,Enforcing contracts,Alternative dispute resolution (0-3) (DB17-20 methodology),2.5
NPL,Enforcing contracts,Attorney fees (% of claim),20.8
NPL,Enforcing contracts,Case management (0-6) (DB17-20 methodology),.5
NPL,Enforcing contracts,Cost (% of claim),27.3
NPL,Enforcing contracts,Court automation (0-4) (DB17-20 methodology),0
NPL,Enforcing contracts,Court fees (% of claim),3.5
NPL,Enforcing contracts,Court structure and proceedings (0-5) (DB17-20 methodology),3
NPL,Enforcing contracts,Enforcement fees (% of claim),3
NPL,Enforcing contracts,Enforcement of judgment (days),365
NPL,Enforcing contracts,Filing and service (days),45
NPL,Enforcing contracts,Quality of judicial processes index (0-18) (DB17-20 methodology),6
NPL,Enforcing contracts,Time (days),910
NPL,Enforcing contracts,Trial and judgment (days),500
NPL,Getting credit,Credit bureau coverage (% of adults),7.3
NPL,Getting credit,Credit registry coverage (% of adults),0
NPL,Getting credit,Depth of credit information index (0-8) (DB15-20 methodology),5
NPL,Getting credit,Getting Credit total score (DB15-20 methodology),15
NPL,Getting credit,Strength of legal rights index (0-12) (DB15-20 methodology),10
NPL,Paying taxes,Labor tax and contributions (% of profit),26.2
NPL,Paying taxes,Other taxes (% of profit),.7
NPL,Paying taxes,Payments (number per year),46
NPL,Paying taxes,Profit tax (% of profit),15
NPL,Paying taxes,Time (hours per year),377
NPL,Paying taxes,Time to complete a corporate income tax correction (weeks) (DB17-20 methodology),17.85714
NPL,Paying taxes,Time to comply with VAT refund (hours) (DB17-20 methodology),119
NPL,Paying taxes,Time to comply with a corporate income tax correction (hours) (DB17-20 methodology),26
NPL,Paying taxes,Time to obtain VAT refund (weeks) (DB17-20 methodology),37.30952
NPL,Paying taxes,Total tax and contribution rate (% of profit),41.8
NPL,Registering property,Cost (% of property value),5.8
NPL,Registering property,Equal access to property rights index (-2-0) (DB17-20 methodology),0
NPL,Registering property,Geographic coverage index (0-8) (DB17-20 methodology),0
NPL,Registering property,Land dispute resolution index (0-8) (DB17-20 methodology),2.5
NPL,Registering property,Procedures (number),4
NPL,Registering property,Quality of land administration index (0-30) (DB17-20 methodology),6
NPL,Registering property,Reliability of infrastructure index (0-8) (DB17-20 methodology),1
NPL,Registering property,Time (days),6
NPL,Registering property,Transparency of information index (0-6) (DB17-20 methodology),2.5
NPL,Resolving insolvency,Commencement of proceedings index (0-3) (DB15-20 methodology),2
NPL,Resolving insolvency,Cost (% of estate),9
NPL,Resolving insolvency,Creditor participation index (0-4) (DB15-20 methodology),0
NPL,Resolving insolvency,Management of debtor's assets index (0-6) (DB15-20 methodology),4
NPL,Resolving insolvency,Outcome (0 as piecemeal sale and 1 as going concern),0
NPL,Resolving insolvency,Recovery rate (cents on the dollar),41.2
NPL,Resolving insolvency,Reorganization proceedings index (0-3) (DB15-20 methodology),2
NPL,Resolving insolvency,Strength of insolvency framework index (0-16),8
NPL,Resolving insolvency,Time (years),2
NPL,Starting a business,Cost - Men (% of income per capita),20.2
NPL,Starting a business,Cost - Women (% of income per capita),20.2
NPL,Starting a business,Paid-in Minimum capital (% of income per capita),0
NPL,Starting a business,Procedures - Men (number),8
NPL,Starting a business,Procedures - Women (number),8
NPL,Starting a business,Time - Men (days),22.5
NPL,Starting a business,Time - Women (days),22.5
NPL,Trading across borders,Cost to export: Border compliance (USD) (DB16-20 methodology),102.8571
NPL,Trading across borders,Cost to export: Documentary compliance (USD) (DB16-20 methodology),110
NPL,Trading across borders,Cost to import: Border compliance (USD) (DB16-20 methodology),190
NPL,Trading across borders,Cost to import: Documentary compliance (USD) (DB16-20 methodology),80
NPL,Trading across borders,Time to export: Border compliance (hours) (DB16-20 methodology),11
NPL,Trading across borders,Time to export: Documentary compliance (hours) (DB16-20 methodology),43
NPL,Trading across borders,Time to import: Border compliance (hours) (DB16-20 methodology),11
NPL,Trading across borders,Time to import: Documentary compliance (hours) (DB16-20 methodology),48
NZL,Dealing with construction permits,Building quality control index (0-15) (DB16-20 methodology),15
NZL,Dealing with construction permits,Cost (% of Warehouse value),2.2
NZL,Dealing with construction permits,Liability and insurance regimes index (0-2) (DB16-20 methodology),2
NZL,Dealing with construction permits,Procedures (number),11
NZL,Dealing with construction permits,Professional certifications index (0-4) (DB16-20 methodology),4
NZL,Dealing with construction permits,Quality control after construction index (0-3) (DB16-20 methodology),3
NZL,Dealing with construction permits,Quality control before construction index (0-1) (DB16-20 methodology),1
NZL,Dealing with construction permits,Quality control during construction index (0-3) (DB16-20 methodology),3
NZL,Dealing with construction permits,Quality of building regulations index (0-2) (DB16-20 methodology),2
NZL,Dealing with construction permits,Time (days),93
NZL,Enforcing contracts,Alternative dispute resolution (0-3) (DB17-20 methodology),2
NZL,Enforcing contracts,Attorney fees (% of claim),22
NZL,Enforcing contracts,Case management (0-6) (DB17-20 methodology),3
NZL,Enforcing contracts,Cost (% of claim),27.2
NZL,Enforcing contracts,Court automation (0-4) (DB17-20 methodology),1.5
NZL,Enforcing contracts,Court fees (% of claim),2
NZL,Enforcing contracts,Court structure and proceedings (0-5) (DB17-20 methodology),3
NZL,Enforcing contracts,Enforcement fees (% of claim),3.2
NZL,Enforcing contracts,Enforcement of judgment (days),42
NZL,Enforcing contracts,Filing and service (days),7
NZL,Enforcing contracts,Quality of judicial processes index (0-18) (DB17-20 methodology),9.5
NZL,Enforcing contracts,Time (days),216
NZL,Enforcing contracts,Trial and judgment (days),167
NZL,Getting credit,Credit bureau coverage (% of adults),100
NZL,Getting credit,Credit registry coverage (% of adults),0
NZL,Getting credit,Depth of credit information index (0-8) (DB15-20 methodology),8
NZL,Getting credit,Getting Credit total score (DB15-20 methodology),20
NZL,Getting credit,Strength of legal rights index (0-12) (DB15-20 methodology),12
NZL,Paying taxes,Labor tax and contributions (% of profit),2.8
NZL,Paying taxes,Other taxes (% of profit),1.9
NZL,Paying taxes,Payments (number per year),7
NZL,Paying taxes,Profit tax (% of profit),29.9
NZL,Paying taxes,Time (hours per year),140
NZL,Paying taxes,Time to complete a corporate income tax correction (weeks) (DB17-20 methodology),0
NZL,Paying taxes,Time to comply with VAT refund (hours) (DB17-20 methodology),2
NZL,Paying taxes,Time to comply with a corporate income tax correction (hours) (DB17-20 methodology),4
NZL,Paying taxes,Time to obtain VAT refund (weeks) (DB17-20 methodology),5.166667
NZL,Paying taxes,Total tax and contribution rate (% of profit),34.6
NZL,Registering property,Cost (% of property value),.1
NZL,Registering property,Equal access to property rights index (-2-0) (DB17-20 methodology),0
NZL,Registering property,Geographic coverage index (0-8) (DB17-20 methodology),8
NZL,Registering property,Land dispute resolution index (0-8) (DB17-20 methodology),6
NZL,Registering property,Procedures (number),2
NZL,Registering property,Quality of land administration index (0-30) (DB17-20 methodology),26.5
NZL,Registering property,Reliability of infrastructure index (0-8) (DB17-20 methodology),8
NZL,Registering property,Time (days),3.5
NZL,Registering property,Transparency of information index (0-6) (DB17-20 methodology),4.5
NZL,Resolving insolvency,Commencement of proceedings index (0-3) (DB15-20 methodology),3
NZL,Resolving insolvency,Cost (% of estate),3.5
NZL,Resolving insolvency,Creditor participation index (0-4) (DB15-20 methodology),2
NZL,Resolving insolvency,Management of debtor's assets index (0-6) (DB15-20 methodology),3
NZL,Resolving insolvency,Outcome (0 as piecemeal sale and 1 as going concern),1
NZL,Resolving insolvency,Recovery rate (cents on the dollar),79.7
NZL,Resolving insolvency,Reorganization proceedings index (0-3) (DB15-20 methodology),.5
NZL,Resolving insolvency,Strength of insolvency framework index (0-16),8.5
NZL,Resolving insolvency,Time (years),1.3
NZL,Starting a business,Cost - Men (% of income per capita),.2
NZL,Starting a business,Cost - Women (% of income per capita),.2
NZL,Starting a business,Paid-in Minimum capital (% of income per capita),0
NZL,Starting a business,Procedures - Men (number),1
NZL,Starting a business,Procedures - Women (number),1
NZL,Starting a business,Time - Men (days),.5
NZL,Starting a business,Time - Women (days),.5
NZL,Trading across borders,Cost to export: Border compliance (USD) (DB16-20 methodology),337
NZL,Trading across borders,Cost to export: Documentary compliance (USD) (DB16-20 methodology),67
NZL,Trading across borders,Cost to import: Border compliance (USD) (DB16-20 methodology),366.5
NZL,Trading across borders,Cost to import: Documentary compliance (USD) (DB16-20 methodology),80
NZL,Trading across borders,Time to export: Border compliance (hours) (DB16-20 methodology),37
NZL,Trading across borders,Time to export: Documentary compliance (hours) (DB16-20 methodology),3
NZL,Trading across borders,Time to import: Border compliance (hours) (DB16-20 methodology),25
NZL,Trading across borders,Time to import: Documentary compliance (hours) (DB16-20 methodology),1
OMN,Dealing with construction permits,Building quality control index (0-15) (DB16-20 methodology),11
OMN,Dealing with construction permits,Cost (% of Warehouse value),.8
OMN,Dealing with construction permits,Liability and insurance regimes index (0-2) (DB16-20 methodology),1
OMN,Dealing with construction permits,Procedures (number),15
OMN,Dealing with construction permits,Professional certifications index (0-4) (DB16-20 methodology),2
OMN,Dealing with construction permits,Quality control after construction index (0-3) (DB16-20 methodology),3
OMN,Dealing with construction permits,Quality control before construction index (0-1) (DB16-20 methodology),1
OMN,Dealing with construction permits,Quality control during construction index (0-3) (DB16-20 methodology),2
OMN,Dealing with construction permits,Quality of building regulations index (0-2) (DB16-20 methodology),2
OMN,Dealing with construction permits,Time (days),125
OMN,Enforcing contracts,Alternative dispute resolution (0-3) (DB17-20 methodology),2.5
OMN,Enforcing contracts,Attorney fees (% of claim),10
OMN,Enforcing contracts,Case management (0-6) (DB17-20 methodology),1
OMN,Enforcing contracts,Cost (% of claim),15.1
OMN,Enforcing contracts,Court automation (0-4) (DB17-20 methodology),0
OMN,Enforcing contracts,Court fees (% of claim),4.5
OMN,Enforcing contracts,Court structure and proceedings (0-5) (DB17-20 methodology),4
OMN,Enforcing contracts,Enforcement fees (% of claim),.6
OMN,Enforcing contracts,Enforcement of judgment (days),120
OMN,Enforcing contracts,Filing and service (days),28
OMN,Enforcing contracts,Quality of judicial processes index (0-18) (DB17-20 methodology),7.5
OMN,Enforcing contracts,Time (days),598
OMN,Enforcing contracts,Trial and judgment (days),450
OMN,Getting credit,Credit bureau coverage (% of adults),0
OMN,Getting credit,Credit registry coverage (% of adults),27.1
OMN,Getting credit,Depth of credit information index (0-8) (DB15-20 methodology),6
OMN,Getting credit,Getting Credit total score (DB15-20 methodology),7
OMN,Getting credit,Strength of legal rights index (0-12) (DB15-20 methodology),1
OMN,Paying taxes,Labor tax and contributions (% of profit),13
OMN,Paying taxes,Other taxes (% of profit),0
OMN,Paying taxes,Payments (number per year),15
OMN,Paying taxes,Profit tax (% of profit),14.4
OMN,Paying taxes,Time (hours per year),68
OMN,Paying taxes,Time to complete a corporate income tax correction (weeks) (DB17-20 methodology),0
OMN,Paying taxes,Time to comply with a corporate income tax correction (hours) (DB17-20 methodology),17.5
OMN,Paying taxes,Total tax and contribution rate (% of profit),27.4
OMN,Registering property,Cost (% of property value),6
OMN,Registering property,Equal access to property rights index (-2-0) (DB17-20 methodology),0
OMN,Registering property,Geographic coverage index (0-8) (DB17-20 methodology),4
OMN,Registering property,Land dispute resolution index (0-8) (DB17-20 methodology),5.5
OMN,Registering property,Procedures (number),3
OMN,Registering property,Quality of land administration index (0-30) (DB17-20 methodology),17
OMN,Registering property,Reliability of infrastructure index (0-8) (DB17-20 methodology),5
OMN,Registering property,Time (days),18
OMN,Registering property,Transparency of information index (0-6) (DB17-20 methodology),2.5
OMN,Resolving insolvency,Commencement of proceedings index (0-3) (DB15-20 methodology),2
OMN,Resolving insolvency,Cost (% of estate),7
OMN,Resolving insolvency,Creditor participation index (0-4) (DB15-20 methodology),1
OMN,Resolving insolvency,Management of debtor's assets index (0-6) (DB15-20 methodology),4
OMN,Resolving insolvency,Outcome (0 as piecemeal sale and 1 as going concern),0
OMN,Resolving insolvency,Recovery rate (cents on the dollar),41.1
OMN,Resolving insolvency,Reorganization proceedings index (0-3) (DB15-20 methodology),0
OMN,Resolving insolvency,Strength of insolvency framework index (0-16),7
OMN,Resolving insolvency,Time (years),3
OMN,Starting a business,Cost - Men (% of income per capita),3.1
OMN,Starting a business,Cost - Women (% of income per capita),3.1
OMN,Starting a business,Paid-in Minimum capital (% of income per capita),0
OMN,Starting a business,Procedures - Men (number),4
OMN,Starting a business,Procedures - Women (number),5
OMN,Starting a business,Time - Men (days),4
OMN,Starting a business,Time - Women (days),5
OMN,Trading across borders,Cost to export: Border compliance (USD) (DB16-20 methodology),279
OMN,Trading across borders,Cost to export: Documentary compliance (USD) (DB16-20 methodology),107.1429
OMN,Trading across borders,Cost to import: Border compliance (USD) (DB16-20 methodology),243.5714
OMN,Trading across borders,Cost to import: Documentary compliance (USD) (DB16-20 methodology),124
OMN,Trading across borders,Time to export: Border compliance (hours) (DB16-20 methodology),27.5
OMN,Trading across borders,Time to export: Documentary compliance (hours) (DB16-20 methodology),7
OMN,Trading across borders,Time to import: Border compliance (hours) (DB16-20 methodology),39
OMN,Trading across borders,Time to import: Documentary compliance (hours) (DB16-20 methodology),7
PAK,Dealing with construction permits,Building quality control index (0-15) (DB16-20 methodology),12.975
PAK,Dealing with construction permits,Cost (% of Warehouse value),8.8
PAK,Dealing with construction permits,Liability and insurance regimes index (0-2) (DB16-20 methodology),.975
PAK,Dealing with construction permits,Procedures (number),17.05
PAK,Dealing with construction permits,Professional certifications index (0-4) (DB16-20 methodology),4
PAK,Dealing with construction permits,Quality control after construction index (0-3) (DB16-20 methodology),3
PAK,Dealing with construction permits,Quality control before construction index (0-1) (DB16-20 methodology),1
PAK,Dealing with construction permits,Quality control during construction index (0-3) (DB16-20 methodology),2
PAK,Dealing with construction permits,Quality of building regulations index (0-2) (DB16-20 methodology),2
PAK,Dealing with construction permits,Time (days),124.9
PAK,Enforcing contracts,Alternative dispute resolution (0-3) (DB17-20 methodology),2
PAK,Enforcing contracts,Attorney fees (% of claim),12.4
PAK,Enforcing contracts,Case management (0-6) (DB17-20 methodology),1.15
PAK,Enforcing contracts,Cost (% of claim),20.5
PAK,Enforcing contracts,Court automation (0-4) (DB17-20 methodology),.5
PAK,Enforcing contracts,Court fees (% of claim),6.3
PAK,Enforcing contracts,Court structure and proceedings (0-5) (DB17-20 methodology),2
PAK,Enforcing contracts,Enforcement fees (% of claim),1.8
PAK,Enforcing contracts,Enforcement of judgment (days),322.75
PAK,Enforcing contracts,Filing and service (days),83.4
PAK,Enforcing contracts,Quality of judicial processes index (0-18) (DB17-20 methodology),5.65
PAK,Enforcing contracts,Time (days),1071.15
PAK,Enforcing contracts,Trial and judgment (days),665
PAK,Getting credit,Credit bureau coverage (% of adults),6.7
PAK,Getting credit,Credit registry coverage (% of adults),11.7
PAK,Getting credit,Depth of credit information index (0-8) (DB15-20 methodology),7
PAK,Getting credit,Getting Credit total score (DB15-20 methodology),9
PAK,Getting credit,Strength of legal rights index (0-12) (DB15-20 methodology),2
PAK,Paying taxes,Labor tax and contributions (% of profit),15
PAK,Paying taxes,Other taxes (% of profit),1.1
PAK,Paying taxes,Payments (number per year),34
PAK,Paying taxes,Profit tax (% of profit),17.8
PAK,Paying taxes,Time (hours per year),283
PAK,Paying taxes,Time to complete a corporate income tax correction (weeks) (DB17-20 methodology),18.57143
PAK,Paying taxes,Time to comply with VAT refund (hours) (DB17-20 methodology),84
PAK,Paying taxes,Time to comply with a corporate income tax correction (hours) (DB17-20 methodology),67.5
PAK,Paying taxes,Time to obtain VAT refund (weeks) (DB17-20 methodology),79.02381
PAK,Paying taxes,Total tax and contribution rate (% of profit),33.9
PAK,Registering property,Cost (% of property value),4.2
PAK,Registering property,Equal access to property rights index (-2-0) (DB17-20 methodology),0
PAK,Registering property,Geographic coverage index (0-8) (DB17-20 methodology),0
PAK,Registering property,Land dispute resolution index (0-8) (DB17-20 methodology),3.5
PAK,Registering property,Procedures (number),8.3
PAK,Registering property,Quality of land administration index (0-30) (DB17-20 methodology),9.8
PAK,Registering property,Reliability of infrastructure index (0-8) (DB17-20 methodology),2.1
PAK,Registering property,Time (days),104.725
PAK,Registering property,Transparency of information index (0-6) (DB17-20 methodology),4.2
PAK,Resolving insolvency,Commencement of proceedings index (0-3) (DB15-20 methodology),2.5
PAK,Resolving insolvency,Cost (% of estate),4
PAK,Resolving insolvency,Creditor participation index (0-4) (DB15-20 methodology),2
PAK,Resolving insolvency,Management of debtor's assets index (0-6) (DB15-20 methodology),5.5
PAK,Resolving insolvency,Outcome (0 as piecemeal sale and 1 as going concern),0
PAK,Resolving insolvency,Recovery rate (cents on the dollar),42.8
PAK,Resolving insolvency,Reorganization proceedings index (0-3) (DB15-20 methodology),1.5
PAK,Resolving insolvency,Strength of insolvency framework index (0-16),11.5
PAK,Resolving insolvency,Time (years),2.6
PAK,Starting a business,Cost - Men (% of income per capita),6.7
PAK,Starting a business,Cost - Women (% of income per capita),6.7
PAK,Starting a business,Paid-in Minimum capital (% of income per capita),0
PAK,Starting a business,Procedures - Men (number),5
PAK,Starting a business,Procedures - Women (number),5
PAK,Starting a business,Time - Men (days),16.5
PAK,Starting a business,Time - Women (days),16.5
PAK,Trading across borders,Cost to export: Border compliance (USD) (DB16-20 methodology),288
PAK,Trading across borders,Cost to export: Documentary compliance (USD) (DB16-20 methodology),118
PAK,Trading across borders,Cost to import: Border compliance (USD) (DB16-20 methodology),287
PAK,Trading across borders,Cost to import: Documentary compliance (USD) (DB16-20 methodology),130
PAK,Trading across borders,Time to export: Border compliance (hours) (DB16-20 methodology),58
PAK,Trading across borders,Time to export: Documentary compliance (hours) (DB16-20 methodology),55
PAK,Trading across borders,Time to import: Border compliance (hours) (DB16-20 methodology),120
PAK,Trading across borders,Time to import: Documentary compliance (hours) (DB16-20 methodology),96
PAN,Dealing with construction permits,Building quality control index (0-15) (DB16-20 methodology),9
PAN,Dealing with construction permits,Cost (% of Warehouse value),2.5
PAN,Dealing with construction permits,Liability and insurance regimes index (0-2) (DB16-20 methodology),1
PAN,Dealing with construction permits,Procedures (number),18
PAN,Dealing with construction permits,Professional certifications index (0-4) (DB16-20 methodology),2
PAN,Dealing with construction permits,Quality control after construction index (0-3) (DB16-20 methodology),3
PAN,Dealing with construction permits,Quality control before construction index (0-1) (DB16-20 methodology),1
PAN,Dealing with construction permits,Quality control during construction index (0-3) (DB16-20 methodology),0
PAN,Dealing with construction permits,Quality of building regulations index (0-2) (DB16-20 methodology),2
PAN,Dealing with construction permits,Time (days),105
PAN,Enforcing contracts,Alternative dispute resolution (0-3) (DB17-20 methodology),2.5
PAN,Enforcing contracts,Attorney fees (% of claim),24.8
PAN,Enforcing contracts,Case management (0-6) (DB17-20 methodology),1
PAN,Enforcing contracts,Cost (% of claim),38
PAN,Enforcing contracts,Court automation (0-4) (DB17-20 methodology),1
PAN,Enforcing contracts,Court fees (% of claim),13
PAN,Enforcing contracts,Court structure and proceedings (0-5) (DB17-20 methodology),3.5
PAN,Enforcing contracts,Enforcement fees (% of claim),.2
PAN,Enforcing contracts,Enforcement of judgment (days),365
PAN,Enforcing contracts,Filing and service (days),60
PAN,Enforcing contracts,Quality of judicial processes index (0-18) (DB17-20 methodology),8
PAN,Enforcing contracts,Time (days),790
PAN,Enforcing contracts,Trial and judgment (days),365
PAN,Getting credit,Credit bureau coverage (% of adults),77
PAN,Getting credit,Credit registry coverage (% of adults),0
PAN,Getting credit,Depth of credit information index (0-8) (DB15-20 methodology),8
PAN,Getting credit,Getting Credit total score (DB15-20 methodology),16
PAN,Getting credit,Strength of legal rights index (0-12) (DB15-20 methodology),8
PAN,Paying taxes,Labor tax and contributions (% of profit),20
PAN,Paying taxes,Other taxes (% of profit),4.8
PAN,Paying taxes,Payments (number per year),36
PAN,Paying taxes,Profit tax (% of profit),12.4
PAN,Paying taxes,Time (hours per year),408
PAN,Paying taxes,Time to complete a corporate income tax correction (weeks) (DB17-20 methodology),99.28571
PAN,Paying taxes,Time to comply with VAT refund (hours) (DB17-20 methodology),No VAT refund per case study scenario
PAN,Paying taxes,Time to comply with a corporate income tax correction (hours) (DB17-20 methodology),28
PAN,Paying taxes,Time to obtain VAT refund (weeks) (DB17-20 methodology),No VAT refund per case study scenario
PAN,Paying taxes,Total tax and contribution rate (% of profit),37.2
PAN,Registering property,Cost (% of property value),2.3
PAN,Registering property,Equal access to property rights index (-2-0) (DB17-20 methodology),0
PAN,Registering property,Geographic coverage index (0-8) (DB17-20 methodology),0
PAN,Registering property,Land dispute resolution index (0-8) (DB17-20 methodology),5
PAN,Registering property,Procedures (number),7
PAN,Registering property,Quality of land administration index (0-30) (DB17-20 methodology),11
PAN,Registering property,Reliability of infrastructure index (0-8) (DB17-20 methodology),3
PAN,Registering property,Time (days),22.5
PAN,Registering property,Transparency of information index (0-6) (DB17-20 methodology),3
PAN,Resolving insolvency,Commencement of proceedings index (0-3) (DB15-20 methodology),2.5
PAN,Resolving insolvency,Cost (% of estate),25
PAN,Resolving insolvency,Creditor participation index (0-4) (DB15-20 methodology),2
PAN,Resolving insolvency,Management of debtor's assets index (0-6) (DB15-20 methodology),3
PAN,Resolving insolvency,Outcome (0 as piecemeal sale and 1 as going concern),0
PAN,Resolving insolvency,Recovery rate (cents on the dollar),27
PAN,Resolving insolvency,Reorganization proceedings index (0-3) (DB15-20 methodology),.5
PAN,Resolving insolvency,Strength of insolvency framework index (0-16),8
PAN,Resolving insolvency,Time (years),2.5
PAN,Starting a business,Cost - Men (% of income per capita),5.8
PAN,Starting a business,Cost - Women (% of income per capita),5.8
PAN,Starting a business,Paid-in Minimum capital (% of income per capita),0
PAN,Starting a business,Procedures - Men (number),5
PAN,Starting a business,Procedures - Women (number),5
PAN,Starting a business,Time - Men (days),6
PAN,Starting a business,Time - Women (days),6
PAN,Trading across borders,Cost to export: Border compliance (USD) (DB16-20 methodology),270
PAN,Trading across borders,Cost to export: Documentary compliance (USD) (DB16-20 methodology),60
PAN,Trading across borders,Cost to import: Border compliance (USD) (DB16-20 methodology),490
PAN,Trading across borders,Cost to import: Documentary compliance (USD) (DB16-20 methodology),50
PAN,Trading across borders,Time to export: Border compliance (hours) (DB16-20 methodology),24
PAN,Trading across borders,Time to export: Documentary compliance (hours) (DB16-20 methodology),6
PAN,Trading across borders,Time to import: Border compliance (hours) (DB16-20 methodology),24
PAN,Trading across borders,Time to import: Documentary compliance (hours) (DB16-20 methodology),6
PER,Dealing with construction permits,Building quality control index (0-15) (DB16-20 methodology),13
PER,Dealing with construction permits,Cost (% of Warehouse value),1.7
PER,Dealing with construction permits,Liability and insurance regimes index (0-2) (DB16-20 methodology),1
PER,Dealing with construction permits,Procedures (number),19
PER,Dealing with construction permits,Professional certifications index (0-4) (DB16-20 methodology),3
PER,Dealing with construction permits,Quality control after construction index (0-3) (DB16-20 methodology),3
PER,Dealing with construction permits,Quality control before construction index (0-1) (DB16-20 methodology),1
PER,Dealing with construction permits,Quality control during construction index (0-3) (DB16-20 methodology),3
PER,Dealing with construction permits,Quality of building regulations index (0-2) (DB16-20 methodology),2
PER,Dealing with construction permits,Time (days),137
PER,Enforcing contracts,Alternative dispute resolution (0-3) (DB17-20 methodology),2.5
PER,Enforcing contracts,Attorney fees (% of claim),30
PER,Enforcing contracts,Case management (0-6) (DB17-20 methodology),2.5
PER,Enforcing contracts,Cost (% of claim),41.2
PER,Enforcing contracts,Court automation (0-4) (DB17-20 methodology),0
PER,Enforcing contracts,Court fees (% of claim),4.7
PER,Enforcing contracts,Court structure and proceedings (0-5) (DB17-20 methodology),4.5
PER,Enforcing contracts,Enforcement fees (% of claim),6.5
PER,Enforcing contracts,Enforcement of judgment (days),175
PER,Enforcing contracts,Filing and service (days),80
PER,Enforcing contracts,Quality of judicial processes index (0-18) (DB17-20 methodology),9.5
PER,Enforcing contracts,Time (days),478
PER,Enforcing contracts,Trial and judgment (days),223
PER,Getting credit,Credit bureau coverage (% of adults),100
PER,Getting credit,Credit registry coverage (% of adults),39.4
PER,Getting credit,Depth of credit information index (0-8) (DB15-20 methodology),8
PER,Getting credit,Getting Credit total score (DB15-20 methodology),15
PER,Getting credit,Strength of legal rights index (0-12) (DB15-20 methodology),7
PER,Paying taxes,Labor tax and contributions (% of profit),11
PER,Paying taxes,Other taxes (% of profit),3.2
PER,Paying taxes,Payments (number per year),8
PER,Paying taxes,Profit tax (% of profit),22.7
PER,Paying taxes,Time (hours per year),260
PER,Paying taxes,Time to complete a corporate income tax correction (weeks) (DB17-20 methodology),30.57143
PER,Paying taxes,Time to comply with VAT refund (hours) (DB17-20 methodology),No VAT refund per case study scenario
PER,Paying taxes,Time to comply with a corporate income tax correction (hours) (DB17-20 methodology),16.5
PER,Paying taxes,Time to obtain VAT refund (weeks) (DB17-20 methodology),No VAT refund per case study scenario
PER,Paying taxes,Total tax and contribution rate (% of profit),36.8
PER,Registering property,Cost (% of property value),3.9
PER,Registering property,Equal access to property rights index (-2-0) (DB17-20 methodology),0
PER,Registering property,Geographic coverage index (0-8) (DB17-20 methodology),0
PER,Registering property,Land dispute resolution index (0-8) (DB17-20 methodology),5
PER,Registering property,Procedures (number),6
PER,Registering property,Quality of land administration index (0-30) (DB17-20 methodology),18
PER,Registering property,Reliability of infrastructure index (0-8) (DB17-20 methodology),7
PER,Registering property,Time (days),9.5
PER,Registering property,Transparency of information index (0-6) (DB17-20 methodology),6
PER,Resolving insolvency,Commencement of proceedings index (0-3) (DB15-20 methodology),2.5
PER,Resolving insolvency,Cost (% of estate),7
PER,Resolving insolvency,Creditor participation index (0-4) (DB15-20 methodology),3
PER,Resolving insolvency,Management of debtor's assets index (0-6) (DB15-20 methodology),3.5
PER,Resolving insolvency,Outcome (0 as piecemeal sale and 1 as going concern),0
PER,Resolving insolvency,Recovery rate (cents on the dollar),31.3
PER,Resolving insolvency,Reorganization proceedings index (0-3) (DB15-20 methodology),.5
PER,Resolving insolvency,Strength of insolvency framework index (0-16),9.5
PER,Resolving insolvency,Time (years),3.1
PER,Starting a business,Cost - Men (% of income per capita),9.4
PER,Starting a business,Cost - Women (% of income per capita),9.4
PER,Starting a business,Paid-in Minimum capital (% of income per capita),0
PER,Starting a business,Procedures - Men (number),8
PER,Starting a business,Procedures - Women (number),8
PER,Starting a business,Time - Men (days),26
PER,Starting a business,Time - Women (days),26
PER,Trading across borders,Cost to export: Border compliance (USD) (DB16-20 methodology),630
PER,Trading across borders,Cost to export: Documentary compliance (USD) (DB16-20 methodology),50
PER,Trading across borders,Cost to import: Border compliance (USD) (DB16-20 methodology),700
PER,Trading across borders,Cost to import: Documentary compliance (USD) (DB16-20 methodology),80
PER,Trading across borders,Time to export: Border compliance (hours) (DB16-20 methodology),48
PER,Trading across borders,Time to export: Documentary compliance (hours) (DB16-20 methodology),24
PER,Trading across borders,Time to import: Border compliance (hours) (DB16-20 methodology),72
PER,Trading across borders,Time to import: Documentary compliance (hours) (DB16-20 methodology),48
PHL,Dealing with construction permits,Building quality control index (0-15) (DB16-20 methodology),13
PHL,Dealing with construction permits,Cost (% of Warehouse value),2.3
PHL,Dealing with construction permits,Liability and insurance regimes index (0-2) (DB16-20 methodology),2
PHL,Dealing with construction permits,Procedures (number),22
PHL,Dealing with construction permits,Professional certifications index (0-4) (DB16-20 methodology),3
PHL,Dealing with construction permits,Quality control after construction index (0-3) (DB16-20 methodology),3
PHL,Dealing with construction permits,Quality control before construction index (0-1) (DB16-20 methodology),1
PHL,Dealing with construction permits,Quality control during construction index (0-3) (DB16-20 methodology),2
PHL,Dealing with construction permits,Quality of building regulations index (0-2) (DB16-20 methodology),2
PHL,Dealing with construction permits,Time (days),120
PHL,Enforcing contracts,Alternative dispute resolution (0-3) (DB17-20 methodology),2.5
PHL,Enforcing contracts,Attorney fees (% of claim),20
PHL,Enforcing contracts,Case management (0-6) (DB17-20 methodology),1.5
PHL,Enforcing contracts,Cost (% of claim),31
PHL,Enforcing contracts,Court automation (0-4) (DB17-20 methodology),0
PHL,Enforcing contracts,Court fees (% of claim),6
PHL,Enforcing contracts,Court structure and proceedings (0-5) (DB17-20 methodology),3.5
PHL,Enforcing contracts,Enforcement fees (% of claim),5
PHL,Enforcing contracts,Enforcement of judgment (days),204
PHL,Enforcing contracts,Filing and service (days),58
PHL,Enforcing contracts,Quality of judicial processes index (0-18) (DB17-20 methodology),7.5
PHL,Enforcing contracts,Time (days),962
PHL,Enforcing contracts,Trial and judgment (days),700
PHL,Getting credit,Credit bureau coverage (% of adults),13.5
PHL,Getting credit,Credit registry coverage (% of adults),0
PHL,Getting credit,Depth of credit information index (0-8) (DB15-20 methodology),7
PHL,Getting credit,Getting Credit total score (DB15-20 methodology),8
PHL,Getting credit,Strength of legal rights index (0-12) (DB15-20 methodology),1
PHL,Paying taxes,Labor tax and contributions (% of profit),8.9
PHL,Paying taxes,Other taxes (% of profit),14
PHL,Paying taxes,Payments (number per year),13
PHL,Paying taxes,Profit tax (% of profit),20.2
PHL,Paying taxes,Time (hours per year),171
PHL,Paying taxes,Time to complete a corporate income tax correction (weeks) (DB17-20 methodology),0
PHL,Paying taxes,Time to comply with VAT refund (hours) (DB17-20 methodology),No VAT refund per case study scenario
PHL,Paying taxes,Time to comply with a corporate income tax correction (hours) (DB17-20 methodology),1.5
PHL,Paying taxes,Time to obtain VAT refund (weeks) (DB17-20 methodology),No VAT refund per case study scenario
PHL,Paying taxes,Total tax and contribution rate (% of profit),43.1
PHL,Registering property,Cost (% of property value),4.3
PHL,Registering property,Equal access to property rights index (-2-0) (DB17-20 methodology),-1
PHL,Registering property,Geographic coverage index (0-8) (DB17-20 methodology),4
PHL,Registering property,Land dispute resolution index (0-8) (DB17-20 methodology),4.5
PHL,Registering property,Procedures (number),9
PHL,Registering property,Quality of land administration index (0-30) (DB17-20 methodology),12.5
PHL,Registering property,Reliability of infrastructure index (0-8) (DB17-20 methodology),2
PHL,Registering property,Time (days),35
PHL,Registering property,Transparency of information index (0-6) (DB17-20 methodology),3
PHL,Resolving insolvency,Commencement of proceedings index (0-3) (DB15-20 methodology),2.5
PHL,Resolving insolvency,Cost (% of estate),32
PHL,Resolving insolvency,Creditor participation index (0-4) (DB15-20 methodology),3
PHL,Resolving insolvency,Management of debtor's assets index (0-6) (DB15-20 methodology),5.5
PHL,Resolving insolvency,Outcome (0 as piecemeal sale and 1 as going concern),0
PHL,Resolving insolvency,Recovery rate (cents on the dollar),21.1
PHL,Resolving insolvency,Reorganization proceedings index (0-3) (DB15-20 methodology),3
PHL,Resolving insolvency,Strength of insolvency framework index (0-16),14
PHL,Resolving insolvency,Time (years),2.7
PHL,Starting a business,Cost - Men (% of income per capita),23.3
PHL,Starting a business,Cost - Women (% of income per capita),23.3
PHL,Starting a business,Paid-in Minimum capital (% of income per capita),0
PHL,Starting a business,Procedures - Men (number),13
PHL,Starting a business,Procedures - Women (number),13
PHL,Starting a business,Time - Men (days),33
PHL,Starting a business,Time - Women (days),33
PHL,Trading across borders,Cost to export: Border compliance (USD) (DB16-20 methodology),456.0048
PHL,Trading across borders,Cost to export: Documentary compliance (USD) (DB16-20 methodology),52.5
PHL,Trading across borders,Cost to import: Border compliance (USD) (DB16-20 methodology),689.5
PHL,Trading across borders,Cost to import: Documentary compliance (USD) (DB16-20 methodology),67.5
PHL,Trading across borders,Time to export: Border compliance (hours) (DB16-20 methodology),42.46154
PHL,Trading across borders,Time to export: Documentary compliance (hours) (DB16-20 methodology),36
PHL,Trading across borders,Time to import: Border compliance (hours) (DB16-20 methodology),120
PHL,Trading across borders,Time to import: Documentary compliance (hours) (DB16-20 methodology),96
PLW,Dealing with construction permits,Building quality control index (0-15) (DB16-20 methodology),7
PLW,Dealing with construction permits,Cost (% of Warehouse value),3.2
PLW,Dealing with construction permits,Liability and insurance regimes index (0-2) (DB16-20 methodology),0
PLW,Dealing with construction permits,Procedures (number),20
PLW,Dealing with construction permits,Professional certifications index (0-4) (DB16-20 methodology),0
PLW,Dealing with construction permits,Quality control after construction index (0-3) (DB16-20 methodology),3
PLW,Dealing with construction permits,Quality control before construction index (0-1) (DB16-20 methodology),0
PLW,Dealing with construction permits,Quality control during construction index (0-3) (DB16-20 methodology),2
PLW,Dealing with construction permits,Quality of building regulations index (0-2) (DB16-20 methodology),2
PLW,Dealing with construction permits,Time (days),90
PLW,Enforcing contracts,Alternative dispute resolution (0-3) (DB17-20 methodology),1
PLW,Enforcing contracts,Attorney fees (% of claim),27
PLW,Enforcing contracts,Case management (0-6) (DB17-20 methodology),1.5
PLW,Enforcing contracts,Cost (% of claim),35.3
PLW,Enforcing contracts,Court automation (0-4) (DB17-20 methodology),3.5
PLW,Enforcing contracts,Court fees (% of claim),7.6
PLW,Enforcing contracts,Court structure and proceedings (0-5) (DB17-20 methodology),3.5
PLW,Enforcing contracts,Enforcement fees (% of claim),.7
PLW,Enforcing contracts,Enforcement of judgment (days),365
PLW,Enforcing contracts,Filing and service (days),45
PLW,Enforcing contracts,Quality of judicial processes index (0-18) (DB17-20 methodology),9.5
PLW,Enforcing contracts,Time (days),810
PLW,Enforcing contracts,Trial and judgment (days),400
PLW,Getting credit,Credit bureau coverage (% of adults),0
PLW,Getting credit,Credit registry coverage (% of adults),0
PLW,Getting credit,Depth of credit information index (0-8) (DB15-20 methodology),0
PLW,Getting credit,Getting Credit total score (DB15-20 methodology),10
PLW,Getting credit,Strength of legal rights index (0-12) (DB15-20 methodology),10
PLW,Paying taxes,Labor tax and contributions (% of profit),10.7
PLW,Paying taxes,Other taxes (% of profit),.1
PLW,Paying taxes,Payments (number per year),11
PLW,Paying taxes,Profit tax (% of profit),65.8
PLW,Paying taxes,Time (hours per year),52
PLW,Paying taxes,Time to complete a corporate income tax correction (weeks) (DB17-20 methodology),No corporate income tax
PLW,Paying taxes,Time to comply with a corporate income tax correction (hours) (DB17-20 methodology),No corporate income tax
PLW,Paying taxes,Total tax and contribution rate (% of profit),76.6
PLW,Registering property,Cost (% of property value),.2
PLW,Registering property,Equal access to property rights index (-2-0) (DB17-20 methodology),0
PLW,Registering property,Geographic coverage index (0-8) (DB17-20 methodology),2
PLW,Registering property,Land dispute resolution index (0-8) (DB17-20 methodology),5
PLW,Registering property,Procedures (number),5
PLW,Registering property,Quality of land administration index (0-30) (DB17-20 methodology),12
PLW,Registering property,Reliability of infrastructure index (0-8) (DB17-20 methodology),3
PLW,Registering property,Time (days),14
PLW,Registering property,Transparency of information index (0-6) (DB17-20 methodology),2
PLW,Resolving insolvency,Commencement of proceedings index (0-3) (DB15-20 methodology),0
PLW,Resolving insolvency,Cost (% of estate),22.5
PLW,Resolving insolvency,Creditor participation index (0-4) (DB15-20 methodology),0
PLW,Resolving insolvency,Management of debtor's assets index (0-6) (DB15-20 methodology),0
PLW,Resolving insolvency,Outcome (0 as piecemeal sale and 1 as going concern),0
PLW,Resolving insolvency,Recovery rate (cents on the dollar),30.4
PLW,Resolving insolvency,Reorganization proceedings index (0-3) (DB15-20 methodology),0
PLW,Resolving insolvency,Strength of insolvency framework index (0-16),0
PLW,Resolving insolvency,Time (years),2
PLW,Starting a business,Cost - Men (% of income per capita),2.2
PLW,Starting a business,Cost - Women (% of income per capita),2.2
PLW,Starting a business,Paid-in Minimum capital (% of income per capita),5.9
PLW,Starting a business,Procedures - Men (number),8
PLW,Starting a business,Procedures - Women (number),8
PLW,Starting a business,Time - Men (days),28
PLW,Starting a business,Time - Women (days),28
PLW,Trading across borders,Cost to export: Border compliance (USD) (DB16-20 methodology),505
PLW,Trading across borders,Cost to export: Documentary compliance (USD) (DB16-20 methodology),100
PLW,Trading across borders,Cost to import: Border compliance (USD) (DB16-20 methodology),605
PLW,Trading across borders,Cost to import: Documentary compliance (USD) (DB16-20 methodology),100
PLW,Trading across borders,Time to export: Border compliance (hours) (DB16-20 methodology),101.7143
PLW,Trading across borders,Time to export: Documentary compliance (hours) (DB16-20 methodology),72
PLW,Trading across borders,Time to import: Border compliance (hours) (DB16-20 methodology),84
PLW,Trading across borders,Time to import: Documentary compliance (hours) (DB16-20 methodology),96
PNG,Dealing with construction permits,Building quality control index (0-15) (DB16-20 methodology),10
PNG,Dealing with construction permits,Cost (% of Warehouse value),1.1
PNG,Dealing with construction permits,Liability and insurance regimes index (0-2) (DB16-20 methodology),0
PNG,Dealing with construction permits,Procedures (number),17
PNG,Dealing with construction permits,Professional certifications index (0-4) (DB16-20 methodology),2
PNG,Dealing with construction permits,Quality control after construction index (0-3) (DB16-20 methodology),3
PNG,Dealing with construction permits,Quality control before construction index (0-1) (DB16-20 methodology),1
PNG,Dealing with construction permits,Quality control during construction index (0-3) (DB16-20 methodology),2
PNG,Dealing with construction permits,Quality of building regulations index (0-2) (DB16-20 methodology),2
PNG,Dealing with construction permits,Time (days),217
PNG,Enforcing contracts,Alternative dispute resolution (0-3) (DB17-20 methodology),2
PNG,Enforcing contracts,Attorney fees (% of claim),82.8
PNG,Enforcing contracts,Case management (0-6) (DB17-20 methodology),1.5
PNG,Enforcing contracts,Cost (% of claim),110.3
PNG,Enforcing contracts,Court automation (0-4) (DB17-20 methodology),1
PNG,Enforcing contracts,Court fees (% of claim),11
PNG,Enforcing contracts,Court structure and proceedings (0-5) (DB17-20 methodology),4
PNG,Enforcing contracts,Enforcement fees (% of claim),16.5
PNG,Enforcing contracts,Enforcement of judgment (days),180
PNG,Enforcing contracts,Filing and service (days),30
PNG,Enforcing contracts,Quality of judicial processes index (0-18) (DB17-20 methodology),8.5
PNG,Enforcing contracts,Time (days),591
PNG,Enforcing contracts,Trial and judgment (days),381
PNG,Getting credit,Credit bureau coverage (% of adults),7.5
PNG,Getting credit,Credit registry coverage (% of adults),0
PNG,Getting credit,Depth of credit information index (0-8) (DB15-20 methodology),5
PNG,Getting credit,Getting Credit total score (DB15-20 methodology),14
PNG,Getting credit,Strength of legal rights index (0-12) (DB15-20 methodology),9
PNG,Paying taxes,Labor tax and contributions (% of profit),9.5
PNG,Paying taxes,Other taxes (% of profit),4.4
PNG,Paying taxes,Payments (number per year),45
PNG,Paying taxes,Profit tax (% of profit),23.2
PNG,Paying taxes,Time (hours per year),207
PNG,Paying taxes,Time to complete a corporate income tax correction (weeks) (DB17-20 methodology),0
PNG,Paying taxes,Time to comply with VAT refund (hours) (DB17-20 methodology),5.5
PNG,Paying taxes,Time to comply with a corporate income tax correction (hours) (DB17-20 methodology),4.5
PNG,Paying taxes,Time to obtain VAT refund (weeks) (DB17-20 methodology),39.16667
PNG,Paying taxes,Total tax and contribution rate (% of profit),37.1
PNG,Registering property,Cost (% of property value),5.2
PNG,Registering property,Equal access to property rights index (-2-0) (DB17-20 methodology),0
PNG,Registering property,Geographic coverage index (0-8) (DB17-20 methodology),0
PNG,Registering property,Land dispute resolution index (0-8) (DB17-20 methodology),2
PNG,Registering property,Procedures (number),4
PNG,Registering property,Quality of land administration index (0-30) (DB17-20 methodology),5.5
PNG,Registering property,Reliability of infrastructure index (0-8) (DB17-20 methodology),1
PNG,Registering property,Time (days),72
PNG,Registering property,Transparency of information index (0-6) (DB17-20 methodology),2.5
PNG,Resolving insolvency,Commencement of proceedings index (0-3) (DB15-20 methodology),2
PNG,Resolving insolvency,Cost (% of estate),23
PNG,Resolving insolvency,Creditor participation index (0-4) (DB15-20 methodology),1
PNG,Resolving insolvency,Management of debtor's assets index (0-6) (DB15-20 methodology),3
PNG,Resolving insolvency,Outcome (0 as piecemeal sale and 1 as going concern),0
PNG,Resolving insolvency,Recovery rate (cents on the dollar),24.9
PNG,Resolving insolvency,Reorganization proceedings index (0-3) (DB15-20 methodology),0
PNG,Resolving insolvency,Strength of insolvency framework index (0-16),6
PNG,Resolving insolvency,Time (years),3
PNG,Starting a business,Cost - Men (% of income per capita),18.6
PNG,Starting a business,Cost - Women (% of income per capita),18.6
PNG,Starting a business,Paid-in Minimum capital (% of income per capita),0
PNG,Starting a business,Procedures - Men (number),6
PNG,Starting a business,Procedures - Women (number),6
PNG,Starting a business,Time - Men (days),41
PNG,Starting a business,Time - Women (days),41
PNG,Trading across borders,Cost to export: Border compliance (USD) (DB16-20 methodology),700
PNG,Trading across borders,Cost to export: Documentary compliance (USD) (DB16-20 methodology),75
PNG,Trading across borders,Cost to import: Border compliance (USD) (DB16-20 methodology),940
PNG,Trading across borders,Cost to import: Documentary compliance (USD) (DB16-20 methodology),85
PNG,Trading across borders,Time to export: Border compliance (hours) (DB16-20 methodology),42
PNG,Trading across borders,Time to export: Documentary compliance (hours) (DB16-20 methodology),48
PNG,Trading across borders,Time to import: Border compliance (hours) (DB16-20 methodology),72
PNG,Trading across borders,Time to import: Documentary compliance (hours) (DB16-20 methodology),48
POL,Dealing with construction permits,Building quality control index (0-15) (DB16-20 methodology),10
POL,Dealing with construction permits,Cost (% of Warehouse value),.3
POL,Dealing with construction permits,Liability and insurance regimes index (0-2) (DB16-20 methodology),2
POL,Dealing with construction permits,Procedures (number),12
POL,Dealing with construction permits,Professional certifications index (0-4) (DB16-20 methodology),2
POL,Dealing with construction permits,Quality control after construction index (0-3) (DB16-20 methodology),2
POL,Dealing with construction permits,Quality control before construction index (0-1) (DB16-20 methodology),1
POL,Dealing with construction permits,Quality control during construction index (0-3) (DB16-20 methodology),2
POL,Dealing with construction permits,Quality of building regulations index (0-2) (DB16-20 methodology),1
POL,Dealing with construction permits,Time (days),137
POL,Enforcing contracts,Alternative dispute resolution (0-3) (DB17-20 methodology),3
POL,Enforcing contracts,Attorney fees (% of claim),12
POL,Enforcing contracts,Case management (0-6) (DB17-20 methodology),1.5
POL,Enforcing contracts,Cost (% of claim),19.4
POL,Enforcing contracts,Court automation (0-4) (DB17-20 methodology),1.5
POL,Enforcing contracts,Court fees (% of claim),5.4
POL,Enforcing contracts,Court structure and proceedings (0-5) (DB17-20 methodology),5
POL,Enforcing contracts,Enforcement fees (% of claim),2
POL,Enforcing contracts,Enforcement of judgment (days),145
POL,Enforcing contracts,Filing and service (days),60
POL,Enforcing contracts,Quality of judicial processes index (0-18) (DB17-20 methodology),11
POL,Enforcing contracts,Time (days),685
POL,Enforcing contracts,Trial and judgment (days),480
POL,Getting credit,Credit bureau coverage (% of adults),100
POL,Getting credit,Credit registry coverage (% of adults),0
POL,Getting credit,Depth of credit information index (0-8) (DB15-20 methodology),8
POL,Getting credit,Getting Credit total score (DB15-20 methodology),15
POL,Getting credit,Strength of legal rights index (0-12) (DB15-20 methodology),7
POL,Paying taxes,Labor tax and contributions (% of profit),25.3
POL,Paying taxes,Other taxes (% of profit),1
POL,Paying taxes,Payments (number per year),7
POL,Paying taxes,Profit tax (% of profit),14.5
POL,Paying taxes,Time (hours per year),334
POL,Paying taxes,Time to complete a corporate income tax correction (weeks) (DB17-20 methodology),18.14286
POL,Paying taxes,Time to comply with VAT refund (hours) (DB17-20 methodology),8
POL,Paying taxes,Time to comply with a corporate income tax correction (hours) (DB17-20 methodology),6
POL,Paying taxes,Time to obtain VAT refund (weeks) (DB17-20 methodology),8.166667
POL,Paying taxes,Total tax and contribution rate (% of profit),40.8
POL,Registering property,Cost (% of property value),.3
POL,Registering property,Equal access to property rights index (-2-0) (DB17-20 methodology),0
POL,Registering property,Geographic coverage index (0-8) (DB17-20 methodology),4
POL,Registering property,Land dispute resolution index (0-8) (DB17-20 methodology),5.5
POL,Registering property,Procedures (number),6
POL,Registering property,Quality of land administration index (0-30) (DB17-20 methodology),19
POL,Registering property,Reliability of infrastructure index (0-8) (DB17-20 methodology),7
POL,Registering property,Time (days),135
POL,Registering property,Transparency of information index (0-6) (DB17-20 methodology),2.5
POL,Resolving insolvency,Commencement of proceedings index (0-3) (DB15-20 methodology),3
POL,Resolving insolvency,Cost (% of estate),15
POL,Resolving insolvency,Creditor participation index (0-4) (DB15-20 methodology),2
POL,Resolving insolvency,Management of debtor's assets index (0-6) (DB15-20 methodology),6
POL,Resolving insolvency,Outcome (0 as piecemeal sale and 1 as going concern),1
POL,Resolving insolvency,Recovery rate (cents on the dollar),60.9
POL,Resolving insolvency,Reorganization proceedings index (0-3) (DB15-20 methodology),3
POL,Resolving insolvency,Strength of insolvency framework index (0-16),14
POL,Resolving insolvency,Time (years),3
POL,Starting a business,Cost - Men (% of income per capita),11.6
POL,Starting a business,Cost - Women (% of income per capita),11.6
POL,Starting a business,Paid-in Minimum capital (% of income per capita),9.3
POL,Starting a business,Procedures - Men (number),5
POL,Starting a business,Procedures - Women (number),5
POL,Starting a business,Time - Men (days),37
POL,Starting a business,Time - Women (days),37
POL,Trading across borders,Cost to export: Border compliance (USD) (DB16-20 methodology),0
POL,Trading across borders,Cost to export: Documentary compliance (USD) (DB16-20 methodology),0
POL,Trading across borders,Cost to import: Border compliance (USD) (DB16-20 methodology),0
POL,Trading across borders,Cost to import: Documentary compliance (USD) (DB16-20 methodology),0
POL,Trading across borders,Time to export: Border compliance (hours) (DB16-20 methodology),0
POL,Trading across borders,Time to export: Documentary compliance (hours) (DB16-20 methodology),.5
POL,Trading across borders,Time to import: Border compliance (hours) (DB16-20 methodology),0
POL,Trading across borders,Time to import: Documentary compliance (hours) (DB16-20 methodology),.5
PRI,Dealing with construction permits,Building quality control index (0-15) (DB16-20 methodology),12
PRI,Dealing with construction permits,Cost (% of Warehouse value),6.7
PRI,Dealing with construction permits,Liability and insurance regimes index (0-2) (DB16-20 methodology),1
PRI,Dealing with construction permits,Procedures (number),22
PRI,Dealing with construction permits,Professional certifications index (0-4) (DB16-20 methodology),3
PRI,Dealing with construction permits,Quality control after construction index (0-3) (DB16-20 methodology),3
PRI,Dealing with construction permits,Quality control before construction index (0-1) (DB16-20 methodology),1
PRI,Dealing with construction permits,Quality control during construction index (0-3) (DB16-20 methodology),2
PRI,Dealing with construction permits,Quality of building regulations index (0-2) (DB16-20 methodology),2
PRI,Dealing with construction permits,Time (days),165
PRI,Enforcing contracts,Alternative dispute resolution (0-3) (DB17-20 methodology),2
PRI,Enforcing contracts,Attorney fees (% of claim),23
PRI,Enforcing contracts,Case management (0-6) (DB17-20 methodology),3.5
PRI,Enforcing contracts,Cost (% of claim),30.2
PRI,Enforcing contracts,Court automation (0-4) (DB17-20 methodology),2.5
PRI,Enforcing contracts,Court fees (% of claim),5.6
PRI,Enforcing contracts,Court structure and proceedings (0-5) (DB17-20 methodology),3
PRI,Enforcing contracts,Enforcement fees (% of claim),1.6
PRI,Enforcing contracts,Enforcement of judgment (days),90
PRI,Enforcing contracts,Filing and service (days),40
PRI,Enforcing contracts,Quality of judicial processes index (0-18) (DB17-20 methodology),11
PRI,Enforcing contracts,Time (days),630
PRI,Enforcing contracts,Trial and judgment (days),500
PRI,Getting credit,Credit bureau coverage (% of adults),100
PRI,Getting credit,Credit registry coverage (% of adults),0
PRI,Getting credit,Depth of credit information index (0-8) (DB15-20 methodology),7
PRI,Getting credit,Getting Credit total score (DB15-20 methodology),19
PRI,Getting credit,Strength of legal rights index (0-12) (DB15-20 methodology),12
PRI,Paying taxes,Labor tax and contributions (% of profit),13.4
PRI,Paying taxes,Other taxes (% of profit),20.2
PRI,Paying taxes,Payments (number per year),16
PRI,Paying taxes,Profit tax (% of profit),30.8
PRI,Paying taxes,Time (hours per year),218
PRI,Paying taxes,Time to complete a corporate income tax correction (weeks) (DB17-20 methodology),104.8571
PRI,Paying taxes,Time to comply with a corporate income tax correction (hours) (DB17-20 methodology),41
PRI,Paying taxes,Total tax and contribution rate (% of profit),64.4
PRI,Registering property,Cost (% of property value),1.6
PRI,Registering property,Equal access to property rights index (-2-0) (DB17-20 methodology),0
PRI,Registering property,Geographic coverage index (0-8) (DB17-20 methodology),0
PRI,Registering property,Land dispute resolution index (0-8) (DB17-20 methodology),3.5
PRI,Registering property,Procedures (number),8
PRI,Registering property,Quality of land administration index (0-30) (DB17-20 methodology),13.5
PRI,Registering property,Reliability of infrastructure index (0-8) (DB17-20 methodology),7
PRI,Registering property,Time (days),190
PRI,Registering property,Transparency of information index (0-6) (DB17-20 methodology),3
PRI,Resolving insolvency,Commencement of proceedings index (0-3) (DB15-20 methodology),3
PRI,Resolving insolvency,Cost (% of estate),11
PRI,Resolving insolvency,Creditor participation index (0-4) (DB15-20 methodology),3
PRI,Resolving insolvency,Management of debtor's assets index (0-6) (DB15-20 methodology),6
PRI,Resolving insolvency,Outcome (0 as piecemeal sale and 1 as going concern),1
PRI,Resolving insolvency,Recovery rate (cents on the dollar),67.7
PRI,Resolving insolvency,Reorganization proceedings index (0-3) (DB15-20 methodology),3
PRI,Resolving insolvency,Strength of insolvency framework index (0-16),15
PRI,Resolving insolvency,Time (years),2.5
PRI,Starting a business,Cost - Men (% of income per capita),1.2
PRI,Starting a business,Cost - Women (% of income per capita),1.2
PRI,Starting a business,Paid-in Minimum capital (% of income per capita),0
PRI,Starting a business,Procedures - Men (number),6
PRI,Starting a business,Procedures - Women (number),6
PRI,Starting a business,Time - Men (days),5.5
PRI,Starting a business,Time - Women (days),5.5
PRI,Trading across borders,Cost to export: Border compliance (USD) (DB16-20 methodology),385.7143
PRI,Trading across borders,Cost to export: Documentary compliance (USD) (DB16-20 methodology),75
PRI,Trading across borders,Cost to import: Border compliance (USD) (DB16-20 methodology),385.7143
PRI,Trading across borders,Cost to import: Documentary compliance (USD) (DB16-20 methodology),75
PRI,Trading across borders,Time to export: Border compliance (hours) (DB16-20 methodology),48
PRI,Trading across borders,Time to export: Documentary compliance (hours) (DB16-20 methodology),1.714286
PRI,Trading across borders,Time to import: Border compliance (hours) (DB16-20 methodology),48
PRI,Trading across borders,Time to import: Documentary compliance (hours) (DB16-20 methodology),1.714286
PRT,Dealing with construction permits,Building quality control index (0-15) (DB16-20 methodology),11
PRT,Dealing with construction permits,Cost (% of Warehouse value),1.2
PRT,Dealing with construction permits,Liability and insurance regimes index (0-2) (DB16-20 methodology),1
PRT,Dealing with construction permits,Procedures (number),14
PRT,Dealing with construction permits,Professional certifications index (0-4) (DB16-20 methodology),2
PRT,Dealing with construction permits,Quality control after construction index (0-3) (DB16-20 methodology),3
PRT,Dealing with construction permits,Quality control before construction index (0-1) (DB16-20 methodology),1
PRT,Dealing with construction permits,Quality control during construction index (0-3) (DB16-20 methodology),2
PRT,Dealing with construction permits,Quality of building regulations index (0-2) (DB16-20 methodology),2
PRT,Dealing with construction permits,Time (days),160
PRT,Enforcing contracts,Alternative dispute resolution (0-3) (DB17-20 methodology),2.5
PRT,Enforcing contracts,Attorney fees (% of claim),10.7
PRT,Enforcing contracts,Case management (0-6) (DB17-20 methodology),5
PRT,Enforcing contracts,Cost (% of claim),17.2
PRT,Enforcing contracts,Court automation (0-4) (DB17-20 methodology),2.5
PRT,Enforcing contracts,Court fees (% of claim),6
PRT,Enforcing contracts,Court structure and proceedings (0-5) (DB17-20 methodology),3.5
PRT,Enforcing contracts,Enforcement fees (% of claim),.5
PRT,Enforcing contracts,Enforcement of judgment (days),180
PRT,Enforcing contracts,Filing and service (days),30
PRT,Enforcing contracts,Quality of judicial processes index (0-18) (DB17-20 methodology),13.5
PRT,Enforcing contracts,Time (days),755
PRT,Enforcing contracts,Trial and judgment (days),545
PRT,Getting credit,Credit bureau coverage (% of adults),7.9
PRT,Getting credit,Credit registry coverage (% of adults),100
PRT,Getting credit,Depth of credit information index (0-8) (DB15-20 methodology),7
PRT,Getting credit,Getting Credit total score (DB15-20 methodology),9
PRT,Getting credit,Strength of legal rights index (0-12) (DB15-20 methodology),2
PRT,Paying taxes,Labor tax and contributions (% of profit),26.8
PRT,Paying taxes,Other taxes (% of profit),.5
PRT,Paying taxes,Payments (number per year),8
PRT,Paying taxes,Profit tax (% of profit),12.5
PRT,Paying taxes,Time (hours per year),243
PRT,Paying taxes,Time to complete a corporate income tax correction (weeks) (DB17-20 methodology),0
PRT,Paying taxes,Time to comply with VAT refund (hours) (DB17-20 methodology),4
PRT,Paying taxes,Time to comply with a corporate income tax correction (hours) (DB17-20 methodology),1
PRT,Paying taxes,Time to obtain VAT refund (weeks) (DB17-20 methodology),14.16667
PRT,Paying taxes,Total tax and contribution rate (% of profit),39.8
PRT,Registering property,Cost (% of property value),7.3
PRT,Registering property,Equal access to property rights index (-2-0) (DB17-20 methodology),0
PRT,Registering property,Geographic coverage index (0-8) (DB17-20 methodology),4
PRT,Registering property,Land dispute resolution index (0-8) (DB17-20 methodology),5.5
PRT,Registering property,Procedures (number),1
PRT,Registering property,Quality of land administration index (0-30) (DB17-20 methodology),20
PRT,Registering property,Reliability of infrastructure index (0-8) (DB17-20 methodology),6
PRT,Registering property,Time (days),10
PRT,Registering property,Transparency of information index (0-6) (DB17-20 methodology),4.5
PRT,Resolving insolvency,Commencement of proceedings index (0-3) (DB15-20 methodology),3
PRT,Resolving insolvency,Cost (% of estate),9
PRT,Resolving insolvency,Creditor participation index (0-4) (DB15-20 methodology),3
PRT,Resolving insolvency,Management of debtor's assets index (0-6) (DB15-20 methodology),5.5
PRT,Resolving insolvency,Outcome (0 as piecemeal sale and 1 as going concern),1
PRT,Resolving insolvency,Recovery rate (cents on the dollar),64.8
PRT,Resolving insolvency,Reorganization proceedings index (0-3) (DB15-20 methodology),3
PRT,Resolving insolvency,Strength of insolvency framework index (0-16),14.5
PRT,Resolving insolvency,Time (years),3
PRT,Starting a business,Cost - Men (% of income per capita),1.9
PRT,Starting a business,Cost - Women (% of income per capita),1.9
PRT,Starting a business,Paid-in Minimum capital (% of income per capita),0
PRT,Starting a business,Procedures - Men (number),6
PRT,Starting a business,Procedures - Women (number),6
PRT,Starting a business,Time - Men (days),6.5
PRT,Starting a business,Time - Women (days),6.5
PRT,Trading across borders,Cost to export: Border compliance (USD) (DB16-20 methodology),0
PRT,Trading across borders,Cost to export: Documentary compliance (USD) (DB16-20 methodology),0
PRT,Trading across borders,Cost to import: Border compliance (USD) (DB16-20 methodology),0
PRT,Trading across borders,Cost to import: Documentary compliance (USD) (DB16-20 methodology),0
PRT,Trading across borders,Time to export: Border compliance (hours) (DB16-20 methodology),0
PRT,Trading across borders,Time to export: Documentary compliance (hours) (DB16-20 methodology),.5
PRT,Trading across borders,Time to import: Border compliance (hours) (DB16-20 methodology),0
PRT,Trading across borders,Time to import: Documentary compliance (hours) (DB16-20 methodology),.5
PRY,Dealing with construction permits,Building quality control index (0-15) (DB16-20 methodology),8
PRY,Dealing with construction permits,Cost (% of Warehouse value),1.1
PRY,Dealing with construction permits,Liability and insurance regimes index (0-2) (DB16-20 methodology),1
PRY,Dealing with construction permits,Procedures (number),14
PRY,Dealing with construction permits,Professional certifications index (0-4) (DB16-20 methodology),2
PRY,Dealing with construction permits,Quality control after construction index (0-3) (DB16-20 methodology),3
PRY,Dealing with construction permits,Quality control before construction index (0-1) (DB16-20 methodology),1
PRY,Dealing with construction permits,Quality control during construction index (0-3) (DB16-20 methodology),0
PRY,Dealing with construction permits,Quality of building regulations index (0-2) (DB16-20 methodology),1
PRY,Dealing with construction permits,Time (days),121
PRY,Enforcing contracts,Alternative dispute resolution (0-3) (DB17-20 methodology),2.5
PRY,Enforcing contracts,Attorney fees (% of claim),20
PRY,Enforcing contracts,Case management (0-6) (DB17-20 methodology),3.5
PRY,Enforcing contracts,Cost (% of claim),30
PRY,Enforcing contracts,Court automation (0-4) (DB17-20 methodology),1.5
PRY,Enforcing contracts,Court fees (% of claim),5.5
PRY,Enforcing contracts,Court structure and proceedings (0-5) (DB17-20 methodology),3
PRY,Enforcing contracts,Enforcement fees (% of claim),4.5
PRY,Enforcing contracts,Enforcement of judgment (days),110
PRY,Enforcing contracts,Filing and service (days),30
PRY,Enforcing contracts,Quality of judicial processes index (0-18) (DB17-20 methodology),10.5
PRY,Enforcing contracts,Time (days),606
PRY,Enforcing contracts,Trial and judgment (days),466
PRY,Getting credit,Credit bureau coverage (% of adults),59.9
PRY,Getting credit,Credit registry coverage (% of adults),23.9
PRY,Getting credit,Depth of credit information index (0-8) (DB15-20 methodology),7
PRY,Getting credit,Getting Credit total score (DB15-20 methodology),8
PRY,Getting credit,Strength of legal rights index (0-12) (DB15-20 methodology),1
PRY,Paying taxes,Labor tax and contributions (% of profit),18.6
PRY,Paying taxes,Other taxes (% of profit),6.7
PRY,Paying taxes,Payments (number per year),19
PRY,Paying taxes,Profit tax (% of profit),9.6
PRY,Paying taxes,Time (hours per year),378
PRY,Paying taxes,Time to complete a corporate income tax correction (weeks) (DB17-20 methodology),0
PRY,Paying taxes,Time to comply with VAT refund (hours) (DB17-20 methodology),No VAT refund per case study scenario
PRY,Paying taxes,Time to comply with a corporate income tax correction (hours) (DB17-20 methodology),9
PRY,Paying taxes,Time to obtain VAT refund (weeks) (DB17-20 methodology),No VAT refund per case study scenario
PRY,Paying taxes,Total tax and contribution rate (% of profit),35
PRY,Registering property,Cost (% of property value),1.8
PRY,Registering property,Equal access to property rights index (-2-0) (DB17-20 methodology),0
PRY,Registering property,Geographic coverage index (0-8) (DB17-20 methodology),2
PRY,Registering property,Land dispute resolution index (0-8) (DB17-20 methodology),6
PRY,Registering property,Procedures (number),6
PRY,Registering property,Quality of land administration index (0-30) (DB17-20 methodology),12
PRY,Registering property,Reliability of infrastructure index (0-8) (DB17-20 methodology),3
PRY,Registering property,Time (days),46
PRY,Registering property,Transparency of information index (0-6) (DB17-20 methodology),1
PRY,Resolving insolvency,Commencement of proceedings index (0-3) (DB15-20 methodology),2.5
PRY,Resolving insolvency,Cost (% of estate),9
PRY,Resolving insolvency,Creditor participation index (0-4) (DB15-20 methodology),2
PRY,Resolving insolvency,Management of debtor's assets index (0-6) (DB15-20 methodology),4
PRY,Resolving insolvency,Outcome (0 as piecemeal sale and 1 as going concern),0
PRY,Resolving insolvency,Recovery rate (cents on the dollar),23
PRY,Resolving insolvency,Reorganization proceedings index (0-3) (DB15-20 methodology),1
PRY,Resolving insolvency,Strength of insolvency framework index (0-16),9.5
PRY,Resolving insolvency,Time (years),3.9
PRY,Starting a business,Cost - Men (% of income per capita),52.2
PRY,Starting a business,Cost - Women (% of income per capita),52.2
PRY,Starting a business,Paid-in Minimum capital (% of income per capita),0
PRY,Starting a business,Procedures - Men (number),7
PRY,Starting a business,Procedures - Women (number),7
PRY,Starting a business,Time - Men (days),35
PRY,Starting a business,Time - Women (days),35
PRY,Trading across borders,Cost to export: Border compliance (USD) (DB16-20 methodology),815
PRY,Trading across borders,Cost to export: Documentary compliance (USD) (DB16-20 methodology),120
PRY,Trading across borders,Cost to import: Border compliance (USD) (DB16-20 methodology),500
PRY,Trading across borders,Cost to import: Documentary compliance (USD) (DB16-20 methodology),135
PRY,Trading across borders,Time to export: Border compliance (hours) (DB16-20 methodology),120
PRY,Trading across borders,Time to export: Documentary compliance (hours) (DB16-20 methodology),24
PRY,Trading across borders,Time to import: Border compliance (hours) (DB16-20 methodology),24
PRY,Trading across borders,Time to import: Documentary compliance (hours) (DB16-20 methodology),36
QAT,Dealing with construction permits,Building quality control index (0-15) (DB16-20 methodology),13
QAT,Dealing with construction permits,Cost (% of Warehouse value),.1
QAT,Dealing with construction permits,Liability and insurance regimes index (0-2) (DB16-20 methodology),1
QAT,Dealing with construction permits,Procedures (number),13
QAT,Dealing with construction permits,Professional certifications index (0-4) (DB16-20 methodology),4
QAT,Dealing with construction permits,Quality control after construction index (0-3) (DB16-20 methodology),3
QAT,Dealing with construction permits,Quality control before construction index (0-1) (DB16-20 methodology),1
QAT,Dealing with construction permits,Quality control during construction index (0-3) (DB16-20 methodology),2
QAT,Dealing with construction permits,Quality of building regulations index (0-2) (DB16-20 methodology),2
QAT,Dealing with construction permits,Time (days),87.5
QAT,Enforcing contracts,Alternative dispute resolution (0-3) (DB17-20 methodology),2
QAT,Enforcing contracts,Attorney fees (% of claim),15.5
QAT,Enforcing contracts,Case management (0-6) (DB17-20 methodology),0
QAT,Enforcing contracts,Cost (% of claim),21.6
QAT,Enforcing contracts,Court automation (0-4) (DB17-20 methodology),0
QAT,Enforcing contracts,Court fees (% of claim),2.5
QAT,Enforcing contracts,Court structure and proceedings (0-5) (DB17-20 methodology),2.5
QAT,Enforcing contracts,Enforcement fees (% of claim),3.6
QAT,Enforcing contracts,Enforcement of judgment (days),60
QAT,Enforcing contracts,Filing and service (days),60
QAT,Enforcing contracts,Quality of judicial processes index (0-18) (DB17-20 methodology),4.5
QAT,Enforcing contracts,Time (days),570
QAT,Enforcing contracts,Trial and judgment (days),450
QAT,Getting credit,Credit bureau coverage (% of adults),0
QAT,Getting credit,Credit registry coverage (% of adults),34.7
QAT,Getting credit,Depth of credit information index (0-8) (DB15-20 methodology),8
QAT,Getting credit,Getting Credit total score (DB15-20 methodology),9
QAT,Getting credit,Strength of legal rights index (0-12) (DB15-20 methodology),1
QAT,Paying taxes,Labor tax and contributions (% of profit),11.3
QAT,Paying taxes,Other taxes (% of profit),0
QAT,Paying taxes,Payments (number per year),4
QAT,Paying taxes,Profit tax (% of profit),0
QAT,Paying taxes,Time (hours per year),41
QAT,Paying taxes,Time to complete a corporate income tax correction (weeks) (DB17-20 methodology),No corporate income tax
QAT,Paying taxes,Time to comply with a corporate income tax correction (hours) (DB17-20 methodology),No corporate income tax
QAT,Paying taxes,Total tax and contribution rate (% of profit),11.3
QAT,Registering property,Cost (% of property value),.3
QAT,Registering property,Equal access to property rights index (-2-0) (DB17-20 methodology),0
QAT,Registering property,Geographic coverage index (0-8) (DB17-20 methodology),8
QAT,Registering property,Land dispute resolution index (0-8) (DB17-20 methodology),6.5
QAT,Registering property,Procedures (number),1
QAT,Registering property,Quality of land administration index (0-30) (DB17-20 methodology),26
QAT,Registering property,Reliability of infrastructure index (0-8) (DB17-20 methodology),8
QAT,Registering property,Time (days),1
QAT,Registering property,Transparency of information index (0-6) (DB17-20 methodology),3.5
QAT,Resolving insolvency,Commencement of proceedings index (0-3) (DB15-20 methodology),2
QAT,Resolving insolvency,Cost (% of estate),22
QAT,Resolving insolvency,Creditor participation index (0-4) (DB15-20 methodology),1
QAT,Resolving insolvency,Management of debtor's assets index (0-6) (DB15-20 methodology),4
QAT,Resolving insolvency,Outcome (0 as piecemeal sale and 1 as going concern),0
QAT,Resolving insolvency,Recovery rate (cents on the dollar),30
QAT,Resolving insolvency,Reorganization proceedings index (0-3) (DB15-20 methodology),0
QAT,Resolving insolvency,Strength of insolvency framework index (0-16),7
QAT,Resolving insolvency,Time (years),2.8
QAT,Starting a business,Cost - Men (% of income per capita),6.3
QAT,Starting a business,Cost - Women (% of income per capita),6.3
QAT,Starting a business,Paid-in Minimum capital (% of income per capita),0
QAT,Starting a business,Procedures - Men (number),8
QAT,Starting a business,Procedures - Women (number),9
QAT,Starting a business,Time - Men (days),8.5
QAT,Starting a business,Time - Women (days),9.5
QAT,Trading across borders,Cost to export: Border compliance (USD) (DB16-20 methodology),381.6667
QAT,Trading across borders,Cost to export: Documentary compliance (USD) (DB16-20 methodology),150
QAT,Trading across borders,Cost to import: Border compliance (USD) (DB16-20 methodology),557.7778
QAT,Trading across borders,Cost to import: Documentary compliance (USD) (DB16-20 methodology),290
QAT,Trading across borders,Time to export: Border compliance (hours) (DB16-20 methodology),24.5
QAT,Trading across borders,Time to export: Documentary compliance (hours) (DB16-20 methodology),9.777778
QAT,Trading across borders,Time to import: Border compliance (hours) (DB16-20 methodology),48
QAT,Trading across borders,Time to import: Documentary compliance (hours) (DB16-20 methodology),72
RUS,Dealing with construction permits,Building quality control index (0-15) (DB16-20 methodology),14
RUS,Dealing with construction permits,Cost (% of Warehouse value),1.1
RUS,Dealing with construction permits,Liability and insurance regimes index (0-2) (DB16-20 methodology),1
RUS,Dealing with construction permits,Procedures (number),13.1
RUS,Dealing with construction permits,Professional certifications index (0-4) (DB16-20 methodology),4
RUS,Dealing with construction permits,Quality control after construction index (0-3) (DB16-20 methodology),3
RUS,Dealing with construction permits,Quality control before construction index (0-1) (DB16-20 methodology),1
RUS,Dealing with construction permits,Quality control during construction index (0-3) (DB16-20 methodology),3
RUS,Dealing with construction permits,Quality of building regulations index (0-2) (DB16-20 methodology),2
RUS,Dealing with construction permits,Time (days),164.5
RUS,Enforcing contracts,Alternative dispute resolution (0-3) (DB17-20 methodology),2.5
RUS,Enforcing contracts,Attorney fees (% of claim),11.5
RUS,Enforcing contracts,Case management (0-6) (DB17-20 methodology),4
RUS,Enforcing contracts,Cost (% of claim),16.5
RUS,Enforcing contracts,Court automation (0-4) (DB17-20 methodology),0
RUS,Enforcing contracts,Court fees (% of claim),5
RUS,Enforcing contracts,Court structure and proceedings (0-5) (DB17-20 methodology),3
RUS,Enforcing contracts,Enforcement fees (% of claim),0
RUS,Enforcing contracts,Enforcement of judgment (days),120
RUS,Enforcing contracts,Filing and service (days),60
RUS,Enforcing contracts,Quality of judicial processes index (0-18) (DB17-20 methodology),9.5
RUS,Enforcing contracts,Time (days),337
RUS,Enforcing contracts,Trial and judgment (days),157
RUS,Getting credit,Credit bureau coverage (% of adults),100
RUS,Getting credit,Credit registry coverage (% of adults),0
RUS,Getting credit,Depth of credit information index (0-8) (DB15-20 methodology),7
RUS,Getting credit,Getting Credit total score (DB15-20 methodology),16
RUS,Getting credit,Strength of legal rights index (0-12) (DB15-20 methodology),9
RUS,Paying taxes,Labor tax and contributions (% of profit),36.6
RUS,Paying taxes,Other taxes (% of profit),2.2
RUS,Paying taxes,Payments (number per year),9
RUS,Paying taxes,Profit tax (% of profit),7.4
RUS,Paying taxes,Time (hours per year),159
RUS,Paying taxes,Time to complete a corporate income tax correction (weeks) (DB17-20 methodology),11.2
RUS,Paying taxes,Time to comply with VAT refund (hours) (DB17-20 methodology),7.2
RUS,Paying taxes,Time to comply with a corporate income tax correction (hours) (DB17-20 methodology),6
RUS,Paying taxes,Time to obtain VAT refund (weeks) (DB17-20 methodology),19.35714
RUS,Paying taxes,Total tax and contribution rate (% of profit),46.2
RUS,Registering property,Cost (% of property value),.1
RUS,Registering property,Equal access to property rights index (-2-0) (DB17-20 methodology),0
RUS,Registering property,Geographic coverage index (0-8) (DB17-20 methodology),4
RUS,Registering property,Land dispute resolution index (0-8) (DB17-20 methodology),8
RUS,Registering property,Procedures (number),4
RUS,Registering property,Quality of land administration index (0-30) (DB17-20 methodology),26
RUS,Registering property,Reliability of infrastructure index (0-8) (DB17-20 methodology),8
RUS,Registering property,Time (days),14
RUS,Registering property,Transparency of information index (0-6) (DB17-20 methodology),6
RUS,Resolving insolvency,Commencement of proceedings index (0-3) (DB15-20 methodology),2.5
RUS,Resolving insolvency,Cost (% of estate),9
RUS,Resolving insolvency,Creditor participation index (0-4) (DB15-20 methodology),3
RUS,Resolving insolvency,Management of debtor's assets index (0-6) (DB15-20 methodology),5
RUS,Resolving insolvency,Outcome (0 as piecemeal sale and 1 as going concern),0
RUS,Resolving insolvency,Recovery rate (cents on the dollar),43
RUS,Resolving insolvency,Reorganization proceedings index (0-3) (DB15-20 methodology),1
RUS,Resolving insolvency,Strength of insolvency framework index (0-16),11.5
RUS,Resolving insolvency,Time (years),2
RUS,Starting a business,Cost - Men (% of income per capita),1
RUS,Starting a business,Cost - Women (% of income per capita),1
RUS,Starting a business,Paid-in Minimum capital (% of income per capita),0
RUS,Starting a business,Procedures - Men (number),4
RUS,Starting a business,Procedures - Women (number),4
RUS,Starting a business,Time - Men (days),10.1
RUS,Starting a business,Time - Women (days),10.1
RUS,Trading across borders,Cost to export: Border compliance (USD) (DB16-20 methodology),580
RUS,Trading across borders,Cost to export: Documentary compliance (USD) (DB16-20 methodology),92
RUS,Trading across borders,Cost to import: Border compliance (USD) (DB16-20 methodology),520
RUS,Trading across borders,Cost to import: Documentary compliance (USD) (DB16-20 methodology),152.5
RUS,Trading across borders,Time to export: Border compliance (hours) (DB16-20 methodology),66
RUS,Trading across borders,Time to export: Documentary compliance (hours) (DB16-20 methodology),25.4
RUS,Trading across borders,Time to import: Border compliance (hours) (DB16-20 methodology),30
RUS,Trading across borders,Time to import: Documentary compliance (hours) (DB16-20 methodology),42.5
RWA,Dealing with construction permits,Building quality control index (0-15) (DB16-20 methodology),15
RWA,Dealing with construction permits,Cost (% of Warehouse value),11.4
RWA,Dealing with construction permits,Liability and insurance regimes index (0-2) (DB16-20 methodology),2
RWA,Dealing with construction permits,Procedures (number),15
RWA,Dealing with construction permits,Professional certifications index (0-4) (DB16-20 methodology),4
RWA,Dealing with construction permits,Quality control after construction index (0-3) (DB16-20 methodology),3
RWA,Dealing with construction permits,Quality control before construction index (0-1) (DB16-20 methodology),1
RWA,Dealing with construction permits,Quality control during construction index (0-3) (DB16-20 methodology),3
RWA,Dealing with construction permits,Quality of building regulations index (0-2) (DB16-20 methodology),2
RWA,Dealing with construction permits,Time (days),97
RWA,Enforcing contracts,Alternative dispute resolution (0-3) (DB17-20 methodology),2.5
RWA,Enforcing contracts,Attorney fees (% of claim),28
RWA,Enforcing contracts,Case management (0-6) (DB17-20 methodology),5
RWA,Enforcing contracts,Cost (% of claim),64.6
RWA,Enforcing contracts,Court automation (0-4) (DB17-20 methodology),4
RWA,Enforcing contracts,Court fees (% of claim),13.3
RWA,Enforcing contracts,Court structure and proceedings (0-5) (DB17-20 methodology),4.5
RWA,Enforcing contracts,Enforcement fees (% of claim),23.3
RWA,Enforcing contracts,Enforcement of judgment (days),90
RWA,Enforcing contracts,Filing and service (days),20
RWA,Enforcing contracts,Quality of judicial processes index (0-18) (DB17-20 methodology),16
RWA,Enforcing contracts,Time (days),230
RWA,Enforcing contracts,Trial and judgment (days),120
RWA,Getting credit,Credit bureau coverage (% of adults),15.8
RWA,Getting credit,Credit registry coverage (% of adults),10.4
RWA,Getting credit,Depth of credit information index (0-8) (DB15-20 methodology),8
RWA,Getting credit,Getting Credit total score (DB15-20 methodology),19
RWA,Getting credit,Strength of legal rights index (0-12) (DB15-20 methodology),11
RWA,Paying taxes,Labor tax and contributions (% of profit),6
RWA,Paying taxes,Other taxes (% of profit),1.5
RWA,Paying taxes,Payments (number per year),9
RWA,Paying taxes,Profit tax (% of profit),25.7
RWA,Paying taxes,Time (hours per year),90.5
RWA,Paying taxes,Time to complete a corporate income tax correction (weeks) (DB17-20 methodology),7
RWA,Paying taxes,Time to comply with VAT refund (hours) (DB17-20 methodology),9
RWA,Paying taxes,Time to comply with a corporate income tax correction (hours) (DB17-20 methodology),19
RWA,Paying taxes,Time to obtain VAT refund (weeks) (DB17-20 methodology),39.16667
RWA,Paying taxes,Total tax and contribution rate (% of profit),33.2
RWA,Registering property,Cost (% of property value),.1
RWA,Registering property,Equal access to property rights index (-2-0) (DB17-20 methodology),0
RWA,Registering property,Geographic coverage index (0-8) (DB17-20 methodology),8
RWA,Registering property,Land dispute resolution index (0-8) (DB17-20 methodology),8
RWA,Registering property,Procedures (number),3
RWA,Registering property,Quality of land administration index (0-30) (DB17-20 methodology),28.5
RWA,Registering property,Reliability of infrastructure index (0-8) (DB17-20 methodology),8
RWA,Registering property,Time (days),7
RWA,Registering property,Transparency of information index (0-6) (DB17-20 methodology),4.5
RWA,Resolving insolvency,Commencement of proceedings index (0-3) (DB15-20 methodology),3
RWA,Resolving insolvency,Cost (% of estate),29
RWA,Resolving insolvency,Creditor participation index (0-4) (DB15-20 methodology),4
RWA,Resolving insolvency,Management of debtor's assets index (0-6) (DB15-20 methodology),5
RWA,Resolving insolvency,Outcome (0 as piecemeal sale and 1 as going concern),0
RWA,Resolving insolvency,Recovery rate (cents on the dollar),19.3
RWA,Resolving insolvency,Reorganization proceedings index (0-3) (DB15-20 methodology),3
RWA,Resolving insolvency,Strength of insolvency framework index (0-16),15
RWA,Resolving insolvency,Time (years),2.5
RWA,Starting a business,Cost - Men (% of income per capita),0
RWA,Starting a business,Cost - Women (% of income per capita),0
RWA,Starting a business,Paid-in Minimum capital (% of income per capita),0
RWA,Starting a business,Procedures - Men (number),5
RWA,Starting a business,Procedures - Women (number),5
RWA,Starting a business,Time - Men (days),4
RWA,Starting a business,Time - Women (days),4
RWA,Trading across borders,Cost to export: Border compliance (USD) (DB16-20 methodology),183.3333
RWA,Trading across borders,Cost to export: Documentary compliance (USD) (DB16-20 methodology),110
RWA,Trading across borders,Cost to import: Border compliance (USD) (DB16-20 methodology),282.1429
RWA,Trading across borders,Cost to import: Documentary compliance (USD) (DB16-20 methodology),121.0714
RWA,Trading across borders,Time to export: Border compliance (hours) (DB16-20 methodology),83.33333
RWA,Trading across borders,Time to export: Documentary compliance (hours) (DB16-20 methodology),30
RWA,Trading across borders,Time to import: Border compliance (hours) (DB16-20 methodology),73.5
RWA,Trading across borders,Time to import: Documentary compliance (hours) (DB16-20 methodology),48
SAU,Dealing with construction permits,Building quality control index (0-15) (DB16-20 methodology),12
SAU,Dealing with construction permits,Cost (% of Warehouse value),1.9
SAU,Dealing with construction permits,Liability and insurance regimes index (0-2) (DB16-20 methodology),0
SAU,Dealing with construction permits,Procedures (number),14
SAU,Dealing with construction permits,Professional certifications index (0-4) (DB16-20 methodology),4
SAU,Dealing with construction permits,Quality control after construction index (0-3) (DB16-20 methodology),3
SAU,Dealing with construction permits,Quality control before construction index (0-1) (DB16-20 methodology),1
SAU,Dealing with construction permits,Quality control during construction index (0-3) (DB16-20 methodology),2
SAU,Dealing with construction permits,Quality of building regulations index (0-2) (DB16-20 methodology),2
SAU,Dealing with construction permits,Time (days),100
SAU,Enforcing contracts,Alternative dispute resolution (0-3) (DB17-20 methodology),2
SAU,Enforcing contracts,Attorney fees (% of claim),20
SAU,Enforcing contracts,Case management (0-6) (DB17-20 methodology),3.5
SAU,Enforcing contracts,Cost (% of claim),27.5
SAU,Enforcing contracts,Court automation (0-4) (DB17-20 methodology),2
SAU,Enforcing contracts,Court fees (% of claim),7.5
SAU,Enforcing contracts,Court structure and proceedings (0-5) (DB17-20 methodology),4
SAU,Enforcing contracts,Enforcement fees (% of claim),0
SAU,Enforcing contracts,Enforcement of judgment (days),180
SAU,Enforcing contracts,Filing and service (days),30
SAU,Enforcing contracts,Quality of judicial processes index (0-18) (DB17-20 methodology),11.5
SAU,Enforcing contracts,Time (days),575
SAU,Enforcing contracts,Trial and judgment (days),365
SAU,Getting credit,Credit bureau coverage (% of adults),56.7
SAU,Getting credit,Credit registry coverage (% of adults),0
SAU,Getting credit,Depth of credit information index (0-8) (DB15-20 methodology),8
SAU,Getting credit,Getting Credit total score (DB15-20 methodology),11
SAU,Getting credit,Strength of legal rights index (0-12) (DB15-20 methodology),3
SAU,Paying taxes,Labor tax and contributions (% of profit),13.5
SAU,Paying taxes,Other taxes (% of profit),0
SAU,Paying taxes,Payments (number per year),4
SAU,Paying taxes,Profit tax (% of profit),2.2
SAU,Paying taxes,Time (hours per year),152
SAU,Paying taxes,Time to complete a corporate income tax correction (weeks) (DB17-20 methodology),33.57143
SAU,Paying taxes,Time to comply with VAT refund (hours) (DB17-20 methodology),16.5
SAU,Paying taxes,Time to comply with a corporate income tax correction (hours) (DB17-20 methodology),69
SAU,Paying taxes,Time to obtain VAT refund (weeks) (DB17-20 methodology),22.95238
SAU,Paying taxes,Total tax and contribution rate (% of profit),15.7
SAU,Registering property,Cost (% of property value),0
SAU,Registering property,Equal access to property rights index (-2-0) (DB17-20 methodology),0
SAU,Registering property,Geographic coverage index (0-8) (DB17-20 methodology),0
SAU,Registering property,Land dispute resolution index (0-8) (DB17-20 methodology),6.5
SAU,Registering property,Procedures (number),2
SAU,Registering property,Quality of land administration index (0-30) (DB17-20 methodology),14
SAU,Registering property,Reliability of infrastructure index (0-8) (DB17-20 methodology),5
SAU,Registering property,Time (days),1.5
SAU,Registering property,Transparency of information index (0-6) (DB17-20 methodology),2.5
SAU,Resolving insolvency,Commencement of proceedings index (0-3) (DB15-20 methodology),3
SAU,Resolving insolvency,Creditor participation index (0-4) (DB15-20 methodology),2
SAU,Resolving insolvency,Management of debtor's assets index (0-6) (DB15-20 methodology),3.5
SAU,Resolving insolvency,Outcome (0 as piecemeal sale and 1 as going concern),0
SAU,Resolving insolvency,Recovery rate (cents on the dollar),0
SAU,Resolving insolvency,Reorganization proceedings index (0-3) (DB15-20 methodology),2
SAU,Resolving insolvency,Strength of insolvency framework index (0-16),0
SAU,Starting a business,Cost - Men (% of income per capita),5.4
SAU,Starting a business,Cost - Women (% of income per capita),5.4
SAU,Starting a business,Paid-in Minimum capital (% of income per capita),0
SAU,Starting a business,Procedures - Men (number),3
SAU,Starting a business,Procedures - Women (number),4
SAU,Starting a business,Time - Men (days),10
SAU,Starting a business,Time - Women (days),11
SAU,Trading across borders,Cost to export: Border compliance (USD) (DB16-20 methodology),319
SAU,Trading across borders,Cost to export: Documentary compliance (USD) (DB16-20 methodology),73
SAU,Trading across borders,Cost to import: Border compliance (USD) (DB16-20 methodology),464.4615
SAU,Trading across borders,Cost to import: Documentary compliance (USD) (DB16-20 methodology),267
SAU,Trading across borders,Time to export: Border compliance (hours) (DB16-20 methodology),37
SAU,Trading across borders,Time to export: Documentary compliance (hours) (DB16-20 methodology),11
SAU,Trading across borders,Time to import: Border compliance (hours) (DB16-20 methodology),72
SAU,Trading across borders,Time to import: Documentary compliance (hours) (DB16-20 methodology),32
SDN,Dealing with construction permits,Building quality control index (0-15) (DB16-20 methodology),12
SDN,Dealing with construction permits,Cost (% of Warehouse value),2.6
SDN,Dealing with construction permits,Liability and insurance regimes index (0-2) (DB16-20 methodology),1
SDN,Dealing with construction permits,Procedures (number),16
SDN,Dealing with construction permits,Professional certifications index (0-4) (DB16-20 methodology),4
SDN,Dealing with construction permits,Quality control after construction index (0-3) (DB16-20 methodology),2
SDN,Dealing with construction permits,Quality control before construction index (0-1) (DB16-20 methodology),1
SDN,Dealing with construction permits,Quality control during construction index (0-3) (DB16-20 methodology),2
SDN,Dealing with construction permits,Quality of building regulations index (0-2) (DB16-20 methodology),2
SDN,Dealing with construction permits,Time (days),255
SDN,Enforcing contracts,Alternative dispute resolution (0-3) (DB17-20 methodology),2
SDN,Enforcing contracts,Attorney fees (% of claim),12.3
SDN,Enforcing contracts,Case management (0-6) (DB17-20 methodology),0
SDN,Enforcing contracts,Cost (% of claim),19.8
SDN,Enforcing contracts,Court automation (0-4) (DB17-20 methodology),0
SDN,Enforcing contracts,Court fees (% of claim),5
SDN,Enforcing contracts,Court structure and proceedings (0-5) (DB17-20 methodology),2
SDN,Enforcing contracts,Enforcement fees (% of claim),2.5
SDN,Enforcing contracts,Enforcement of judgment (days),410
SDN,Enforcing contracts,Filing and service (days),90
SDN,Enforcing contracts,Quality of judicial processes index (0-18) (DB17-20 methodology),4
SDN,Enforcing contracts,Time (days),810
SDN,Enforcing contracts,Trial and judgment (days),310
SDN,Getting credit,Credit bureau coverage (% of adults),2.3
SDN,Getting credit,Credit registry coverage (% of adults),0
SDN,Getting credit,Depth of credit information index (0-8) (DB15-20 methodology),0
SDN,Getting credit,Getting Credit total score (DB15-20 methodology),3
SDN,Getting credit,Strength of legal rights index (0-12) (DB15-20 methodology),3
SDN,Paying taxes,Labor tax and contributions (% of profit),19.2
SDN,Paying taxes,Other taxes (% of profit),14.7
SDN,Paying taxes,Payments (number per year),42
SDN,Paying taxes,Profit tax (% of profit),11.5
SDN,Paying taxes,Time (hours per year),180
SDN,Paying taxes,Time to complete a corporate income tax correction (weeks) (DB17-20 methodology),6.142857
SDN,Paying taxes,Time to comply with VAT refund (hours) (DB17-20 methodology),No VAT refund per case study scenario
SDN,Paying taxes,Time to comply with a corporate income tax correction (hours) (DB17-20 methodology),60
SDN,Paying taxes,Time to obtain VAT refund (weeks) (DB17-20 methodology),No VAT refund per case study scenario
SDN,Paying taxes,Total tax and contribution rate (% of profit),45.4
SDN,Registering property,Cost (% of property value),2.6
SDN,Registering property,Equal access to property rights index (-2-0) (DB17-20 methodology),0
SDN,Registering property,Geographic coverage index (0-8) (DB17-20 methodology),0
SDN,Registering property,Land dispute resolution index (0-8) (DB17-20 methodology),2.5
SDN,Registering property,Procedures (number),6
SDN,Registering property,Quality of land administration index (0-30) (DB17-20 methodology),5.5
SDN,Registering property,Reliability of infrastructure index (0-8) (DB17-20 methodology),3
SDN,Registering property,Time (days),11
SDN,Registering property,Transparency of information index (0-6) (DB17-20 methodology),0
SDN,Resolving insolvency,Commencement of proceedings index (0-3) (DB15-20 methodology),2
SDN,Resolving insolvency,Cost (% of estate),20
SDN,Resolving insolvency,Creditor participation index (0-4) (DB15-20 methodology),0
SDN,Resolving insolvency,Management of debtor's assets index (0-6) (DB15-20 methodology),2
SDN,Resolving insolvency,Outcome (0 as piecemeal sale and 1 as going concern),0
SDN,Resolving insolvency,Recovery rate (cents on the dollar),30.2
SDN,Resolving insolvency,Reorganization proceedings index (0-3) (DB15-20 methodology),0
SDN,Resolving insolvency,Strength of insolvency framework index (0-16),4
SDN,Resolving insolvency,Time (years),2
SDN,Starting a business,Cost - Men (% of income per capita),17.8
SDN,Starting a business,Cost - Women (% of income per capita),17.8
SDN,Starting a business,Paid-in Minimum capital (% of income per capita),0
SDN,Starting a business,Procedures - Men (number),9
SDN,Starting a business,Procedures - Women (number),10
SDN,Starting a business,Time - Men (days),34
SDN,Starting a business,Time - Women (days),35
SDN,Trading across borders,Cost to export: Border compliance (USD) (DB16-20 methodology),966.5
SDN,Trading across borders,Cost to export: Documentary compliance (USD) (DB16-20 methodology),427.5
SDN,Trading across borders,Cost to import: Border compliance (USD) (DB16-20 methodology),1092.5
SDN,Trading across borders,Cost to import: Documentary compliance (USD) (DB16-20 methodology),420
SDN,Trading across borders,Time to export: Border compliance (hours) (DB16-20 methodology),180
SDN,Trading across borders,Time to export: Documentary compliance (hours) (DB16-20 methodology),190
SDN,Trading across borders,Time to import: Border compliance (hours) (DB16-20 methodology),144
SDN,Trading across borders,Time to import: Documentary compliance (hours) (DB16-20 methodology),132
SEN,Dealing with construction permits,Building quality control index (0-15) (DB16-20 methodology),10
SEN,Dealing with construction permits,Cost (% of Warehouse value),7.8
SEN,Dealing with construction permits,Liability and insurance regimes index (0-2) (DB16-20 methodology),2
SEN,Dealing with construction permits,Procedures (number),14
SEN,Dealing with construction permits,Professional certifications index (0-4) (DB16-20 methodology),1
SEN,Dealing with construction permits,Quality control after construction index (0-3) (DB16-20 methodology),2
SEN,Dealing with construction permits,Quality control before construction index (0-1) (DB16-20 methodology),1
SEN,Dealing with construction permits,Quality control during construction index (0-3) (DB16-20 methodology),2
SEN,Dealing with construction permits,Quality of building regulations index (0-2) (DB16-20 methodology),2
SEN,Dealing with construction permits,Time (days),177
SEN,Enforcing contracts,Alternative dispute resolution (0-3) (DB17-20 methodology),2.5
SEN,Enforcing contracts,Attorney fees (% of claim),28
SEN,Enforcing contracts,Case management (0-6) (DB17-20 methodology),1
SEN,Enforcing contracts,Cost (% of claim),36.4
SEN,Enforcing contracts,Court automation (0-4) (DB17-20 methodology),0
SEN,Enforcing contracts,Court fees (% of claim),8
SEN,Enforcing contracts,Court structure and proceedings (0-5) (DB17-20 methodology),3
SEN,Enforcing contracts,Enforcement fees (% of claim),.4
SEN,Enforcing contracts,Enforcement of judgment (days),315
SEN,Enforcing contracts,Filing and service (days),35
SEN,Enforcing contracts,Quality of judicial processes index (0-18) (DB17-20 methodology),6.5
SEN,Enforcing contracts,Time (days),650
SEN,Enforcing contracts,Trial and judgment (days),300
SEN,Getting credit,Credit bureau coverage (% of adults),8.2
SEN,Getting credit,Credit registry coverage (% of adults),0
SEN,Getting credit,Depth of credit information index (0-8) (DB15-20 methodology),7
SEN,Getting credit,Getting Credit total score (DB15-20 methodology),13
SEN,Getting credit,Strength of legal rights index (0-12) (DB15-20 methodology),6
SEN,Paying taxes,Labor tax and contributions (% of profit),23.6
SEN,Paying taxes,Other taxes (% of profit),5
SEN,Paying taxes,Payments (number per year),53
SEN,Paying taxes,Profit tax (% of profit),16.2
SEN,Paying taxes,Time (hours per year),416
SEN,Paying taxes,Time to complete a corporate income tax correction (weeks) (DB17-20 methodology),0
SEN,Paying taxes,Time to comply with VAT refund (hours) (DB17-20 methodology),34
SEN,Paying taxes,Time to comply with a corporate income tax correction (hours) (DB17-20 methodology),11.5
SEN,Paying taxes,Time to obtain VAT refund (weeks) (DB17-20 methodology),16.88095
SEN,Paying taxes,Total tax and contribution rate (% of profit),44.8
SEN,Registering property,Cost (% of property value),7.1
SEN,Registering property,Equal access to property rights index (-2-0) (DB17-20 methodology),0
SEN,Registering property,Geographic coverage index (0-8) (DB17-20 methodology),0
SEN,Registering property,Land dispute resolution index (0-8) (DB17-20 methodology),6
SEN,Registering property,Procedures (number),5
SEN,Registering property,Quality of land administration index (0-30) (DB17-20 methodology),10
SEN,Registering property,Reliability of infrastructure index (0-8) (DB17-20 methodology),0
SEN,Registering property,Time (days),41
SEN,Registering property,Transparency of information index (0-6) (DB17-20 methodology),4
SEN,Resolving insolvency,Commencement of proceedings index (0-3) (DB15-20 methodology),2
SEN,Resolving insolvency,Cost (% of estate),20
SEN,Resolving insolvency,Creditor participation index (0-4) (DB15-20 methodology),1
SEN,Resolving insolvency,Management of debtor's assets index (0-6) (DB15-20 methodology),5.5
SEN,Resolving insolvency,Outcome (0 as piecemeal sale and 1 as going concern),0
SEN,Resolving insolvency,Recovery rate (cents on the dollar),30
SEN,Resolving insolvency,Reorganization proceedings index (0-3) (DB15-20 methodology),.5
SEN,Resolving insolvency,Strength of insolvency framework index (0-16),9
SEN,Resolving insolvency,Time (years),3
SEN,Starting a business,Cost - Men (% of income per capita),22.6
SEN,Starting a business,Cost - Women (% of income per capita),22.6
SEN,Starting a business,Paid-in Minimum capital (% of income per capita),3
SEN,Starting a business,Procedures - Men (number),4
SEN,Starting a business,Procedures - Women (number),4
SEN,Starting a business,Time - Men (days),6
SEN,Starting a business,Time - Women (days),6
SEN,Trading across borders,Cost to export: Border compliance (USD) (DB16-20 methodology),546.7273
SEN,Trading across borders,Cost to export: Documentary compliance (USD) (DB16-20 methodology),96
SEN,Trading across borders,Cost to import: Border compliance (USD) (DB16-20 methodology),701.6667
SEN,Trading across borders,Cost to import: Documentary compliance (USD) (DB16-20 methodology),545
SEN,Trading across borders,Time to export: Border compliance (hours) (DB16-20 methodology),61.45455
SEN,Trading across borders,Time to export: Documentary compliance (hours) (DB16-20 methodology),26
SEN,Trading across borders,Time to import: Border compliance (hours) (DB16-20 methodology),53.33333
SEN,Trading across borders,Time to import: Documentary compliance (hours) (DB16-20 methodology),72
SGP,Dealing with construction permits,Building quality control index (0-15) (DB16-20 methodology),13
SGP,Dealing with construction permits,Cost (% of Warehouse value),3.3
SGP,Dealing with construction permits,Liability and insurance regimes index (0-2) (DB16-20 methodology),0
SGP,Dealing with construction permits,Procedures (number),9
SGP,Dealing with construction permits,Professional certifications index (0-4) (DB16-20 methodology),4
SGP,Dealing with construction permits,Quality control after construction index (0-3) (DB16-20 methodology),3
SGP,Dealing with construction permits,Quality control before construction index (0-1) (DB16-20 methodology),1
SGP,Dealing with construction permits,Quality control during construction index (0-3) (DB16-20 methodology),3
SGP,Dealing with construction permits,Quality of building regulations index (0-2) (DB16-20 methodology),2
SGP,Dealing with construction permits,Time (days),35.5
SGP,Enforcing contracts,Alternative dispute resolution (0-3) (DB17-20 methodology),2.5
SGP,Enforcing contracts,Attorney fees (% of claim),20.9
SGP,Enforcing contracts,Case management (0-6) (DB17-20 methodology),4.5
SGP,Enforcing contracts,Cost (% of claim),25.8
SGP,Enforcing contracts,Court automation (0-4) (DB17-20 methodology),4
SGP,Enforcing contracts,Court fees (% of claim),2.8
SGP,Enforcing contracts,Court structure and proceedings (0-5) (DB17-20 methodology),4.5
SGP,Enforcing contracts,Enforcement fees (% of claim),2.1
SGP,Enforcing contracts,Enforcement of judgment (days),40
SGP,Enforcing contracts,Filing and service (days),6
SGP,Enforcing contracts,Quality of judicial processes index (0-18) (DB17-20 methodology),15.5
SGP,Enforcing contracts,Time (days),164
SGP,Enforcing contracts,Trial and judgment (days),118
SGP,Getting credit,Credit bureau coverage (% of adults),64.2
SGP,Getting credit,Credit registry coverage (% of adults),0
SGP,Getting credit,Depth of credit information index (0-8) (DB15-20 methodology),7
SGP,Getting credit,Getting Credit total score (DB15-20 methodology),15
SGP,Getting credit,Strength of legal rights index (0-12) (DB15-20 methodology),8
SGP,Paying taxes,Labor tax and contributions (% of profit),17.8
SGP,Paying taxes,Other taxes (% of profit),1.1
SGP,Paying taxes,Payments (number per year),5
SGP,Paying taxes,Profit tax (% of profit),2.1
SGP,Paying taxes,Time (hours per year),64
SGP,Paying taxes,Time to complete a corporate income tax correction (weeks) (DB17-20 methodology),12.85714
SGP,Paying taxes,Time to comply with VAT refund (hours) (DB17-20 methodology),4.5
SGP,Paying taxes,Time to comply with a corporate income tax correction (hours) (DB17-20 methodology),17
SGP,Paying taxes,Time to obtain VAT refund (weeks) (DB17-20 methodology),21.07143
SGP,Paying taxes,Total tax and contribution rate (% of profit),21
SGP,Registering property,Cost (% of property value),2.9
SGP,Registering property,Equal access to property rights index (-2-0) (DB17-20 methodology),0
SGP,Registering property,Geographic coverage index (0-8) (DB17-20 methodology),8
SGP,Registering property,Land dispute resolution index (0-8) (DB17-20 methodology),7
SGP,Registering property,Procedures (number),6
SGP,Registering property,Quality of land administration index (0-30) (DB17-20 methodology),28.5
SGP,Registering property,Reliability of infrastructure index (0-8) (DB17-20 methodology),8
SGP,Registering property,Time (days),4.5
SGP,Registering property,Transparency of information index (0-6) (DB17-20 methodology),5.5
SGP,Resolving insolvency,Commencement of proceedings index (0-3) (DB15-20 methodology),3
SGP,Resolving insolvency,Cost (% of estate),4
SGP,Resolving insolvency,Creditor participation index (0-4) (DB15-20 methodology),1
SGP,Resolving insolvency,Management of debtor's assets index (0-6) (DB15-20 methodology),4
SGP,Resolving insolvency,Outcome (0 as piecemeal sale and 1 as going concern),1
SGP,Resolving insolvency,Recovery rate (cents on the dollar),88.7
SGP,Resolving insolvency,Reorganization proceedings index (0-3) (DB15-20 methodology),.5
SGP,Resolving insolvency,Strength of insolvency framework index (0-16),8.5
SGP,Resolving insolvency,Time (years),.8
SGP,Starting a business,Cost - Men (% of income per capita),.4
SGP,Starting a business,Cost - Women (% of income per capita),.4
SGP,Starting a business,Paid-in Minimum capital (% of income per capita),0
SGP,Starting a business,Procedures - Men (number),2
SGP,Starting a business,Procedures - Women (number),2
SGP,Starting a business,Time - Men (days),1.5
SGP,Starting a business,Time - Women (days),1.5
SGP,Trading across borders,Cost to export: Border compliance (USD) (DB16-20 methodology),335
SGP,Trading across borders,Cost to export: Documentary compliance (USD) (DB16-20 methodology),37
SGP,Trading across borders,Cost to import: Border compliance (USD) (DB16-20 methodology),220
SGP,Trading across borders,Cost to import: Documentary compliance (USD) (DB16-20 methodology),40
SGP,Trading across borders,Time to export: Border compliance (hours) (DB16-20 methodology),10
SGP,Trading across borders,Time to export: Documentary compliance (hours) (DB16-20 methodology),2
SGP,Trading across borders,Time to import: Border compliance (hours) (DB16-20 methodology),33
SGP,Trading across borders,Time to import: Documentary compliance (hours) (DB16-20 methodology),3
SLB,Dealing with construction permits,Building quality control index (0-15) (DB16-20 methodology),8
SLB,Dealing with construction permits,Cost (% of Warehouse value),19.7
SLB,Dealing with construction permits,Liability and insurance regimes index (0-2) (DB16-20 methodology),1
SLB,Dealing with construction permits,Procedures (number),14
SLB,Dealing with construction permits,Professional certifications index (0-4) (DB16-20 methodology),1
SLB,Dealing with construction permits,Quality control after construction index (0-3) (DB16-20 methodology),2
SLB,Dealing with construction permits,Quality control before construction index (0-1) (DB16-20 methodology),1
SLB,Dealing with construction permits,Quality control during construction index (0-3) (DB16-20 methodology),1
SLB,Dealing with construction permits,Quality of building regulations index (0-2) (DB16-20 methodology),2
SLB,Dealing with construction permits,Time (days),99
SLB,Enforcing contracts,Alternative dispute resolution (0-3) (DB17-20 methodology),2.5
SLB,Enforcing contracts,Attorney fees (% of claim),55.5
SLB,Enforcing contracts,Case management (0-6) (DB17-20 methodology),1.5
SLB,Enforcing contracts,Cost (% of claim),78.9
SLB,Enforcing contracts,Court automation (0-4) (DB17-20 methodology),2
SLB,Enforcing contracts,Court fees (% of claim),5.1
SLB,Enforcing contracts,Court structure and proceedings (0-5) (DB17-20 methodology),3
SLB,Enforcing contracts,Enforcement fees (% of claim),18.3
SLB,Enforcing contracts,Enforcement of judgment (days),270
SLB,Enforcing contracts,Filing and service (days),45
SLB,Enforcing contracts,Quality of judicial processes index (0-18) (DB17-20 methodology),9
SLB,Enforcing contracts,Time (days),497
SLB,Enforcing contracts,Trial and judgment (days),182
SLB,Getting credit,Credit bureau coverage (% of adults),4.6
SLB,Getting credit,Credit registry coverage (% of adults),0
SLB,Getting credit,Depth of credit information index (0-8) (DB15-20 methodology),0
SLB,Getting credit,Getting Credit total score (DB15-20 methodology),10
SLB,Getting credit,Strength of legal rights index (0-12) (DB15-20 methodology),10
SLB,Paying taxes,Labor tax and contributions (% of profit),8.5
SLB,Paying taxes,Other taxes (% of profit),.3
SLB,Paying taxes,Payments (number per year),34
SLB,Paying taxes,Profit tax (% of profit),23.3
SLB,Paying taxes,Time (hours per year),80
SLB,Paying taxes,Time to complete a corporate income tax correction (weeks) (DB17-20 methodology),0
SLB,Paying taxes,Time to comply with a corporate income tax correction (hours) (DB17-20 methodology),1.5
SLB,Paying taxes,Total tax and contribution rate (% of profit),32
SLB,Registering property,Cost (% of property value),4.7
SLB,Registering property,Equal access to property rights index (-2-0) (DB17-20 methodology),0
SLB,Registering property,Geographic coverage index (0-8) (DB17-20 methodology),4
SLB,Registering property,Land dispute resolution index (0-8) (DB17-20 methodology),5.5
SLB,Registering property,Procedures (number),10
SLB,Registering property,Quality of land administration index (0-30) (DB17-20 methodology),11
SLB,Registering property,Reliability of infrastructure index (0-8) (DB17-20 methodology),0
SLB,Registering property,Time (days),86.5
SLB,Registering property,Transparency of information index (0-6) (DB17-20 methodology),1.5
SLB,Resolving insolvency,Commencement of proceedings index (0-3) (DB15-20 methodology),2
SLB,Resolving insolvency,Cost (% of estate),38
SLB,Resolving insolvency,Creditor participation index (0-4) (DB15-20 methodology),1
SLB,Resolving insolvency,Management of debtor's assets index (0-6) (DB15-20 methodology),3
SLB,Resolving insolvency,Outcome (0 as piecemeal sale and 1 as going concern),0
SLB,Resolving insolvency,Recovery rate (cents on the dollar),24.4
SLB,Resolving insolvency,Reorganization proceedings index (0-3) (DB15-20 methodology),0
SLB,Resolving insolvency,Strength of insolvency framework index (0-16),6
SLB,Resolving insolvency,Time (years),1
SLB,Starting a business,Cost - Men (% of income per capita),27.4
SLB,Starting a business,Cost - Women (% of income per capita),27.4
SLB,Starting a business,Paid-in Minimum capital (% of income per capita),0
SLB,Starting a business,Procedures - Men (number),7
SLB,Starting a business,Procedures - Women (number),7
SLB,Starting a business,Time - Men (days),9
SLB,Starting a business,Time - Women (days),9
SLB,Trading across borders,Cost to export: Border compliance (USD) (DB16-20 methodology),630
SLB,Trading across borders,Cost to export: Documentary compliance (USD) (DB16-20 methodology),257
SLB,Trading across borders,Cost to import: Border compliance (USD) (DB16-20 methodology),740
SLB,Trading across borders,Cost to import: Documentary compliance (USD) (DB16-20 methodology),215
SLB,Trading across borders,Time to export: Border compliance (hours) (DB16-20 methodology),109.5
SLB,Trading across borders,Time to export: Documentary compliance (hours) (DB16-20 methodology),60
SLB,Trading across borders,Time to import: Border compliance (hours) (DB16-20 methodology),108
SLB,Trading across borders,Time to import: Documentary compliance (hours) (DB16-20 methodology),36.5
SLE,Dealing with construction permits,Building quality control index (0-15) (DB16-20 methodology),7
SLE,Dealing with construction permits,Cost (% of Warehouse value),21.5
SLE,Dealing with construction permits,Liability and insurance regimes index (0-2) (DB16-20 methodology),0
SLE,Dealing with construction permits,Procedures (number),17
SLE,Dealing with construction permits,Professional certifications index (0-4) (DB16-20 methodology),0
SLE,Dealing with construction permits,Quality control after construction index (0-3) (DB16-20 methodology),3
SLE,Dealing with construction permits,Quality control before construction index (0-1) (DB16-20 methodology),1
SLE,Dealing with construction permits,Quality control during construction index (0-3) (DB16-20 methodology),2
SLE,Dealing with construction permits,Quality of building regulations index (0-2) (DB16-20 methodology),1
SLE,Dealing with construction permits,Time (days),182
SLE,Enforcing contracts,Alternative dispute resolution (0-3) (DB17-20 methodology),1.5
SLE,Enforcing contracts,Attorney fees (% of claim),15
SLE,Enforcing contracts,Case management (0-6) (DB17-20 methodology),2
SLE,Enforcing contracts,Cost (% of claim),39.5
SLE,Enforcing contracts,Court automation (0-4) (DB17-20 methodology),0
SLE,Enforcing contracts,Court fees (% of claim),4.5
SLE,Enforcing contracts,Court structure and proceedings (0-5) (DB17-20 methodology),4.5
SLE,Enforcing contracts,Enforcement fees (% of claim),20
SLE,Enforcing contracts,Enforcement of judgment (days),90
SLE,Enforcing contracts,Filing and service (days),30
SLE,Enforcing contracts,Quality of judicial processes index (0-18) (DB17-20 methodology),8
SLE,Enforcing contracts,Time (days),515
SLE,Enforcing contracts,Trial and judgment (days),395
SLE,Getting credit,Credit bureau coverage (% of adults),0
SLE,Getting credit,Credit registry coverage (% of adults),2.1
SLE,Getting credit,Depth of credit information index (0-8) (DB15-20 methodology),0
SLE,Getting credit,Getting Credit total score (DB15-20 methodology),5
SLE,Getting credit,Strength of legal rights index (0-12) (DB15-20 methodology),5
SLE,Paying taxes,Labor tax and contributions (% of profit),11.3
SLE,Paying taxes,Other taxes (% of profit),1
SLE,Paying taxes,Payments (number per year),34
SLE,Paying taxes,Profit tax (% of profit),18.5
SLE,Paying taxes,Time (hours per year),343
SLE,Paying taxes,Time to complete a corporate income tax correction (weeks) (DB17-20 methodology),0
SLE,Paying taxes,Time to comply with a corporate income tax correction (hours) (DB17-20 methodology),6.5
SLE,Paying taxes,Total tax and contribution rate (% of profit),30.7
SLE,Registering property,Cost (% of property value),10.6
SLE,Registering property,Equal access to property rights index (-2-0) (DB17-20 methodology),0
SLE,Registering property,Geographic coverage index (0-8) (DB17-20 methodology),0
SLE,Registering property,Land dispute resolution index (0-8) (DB17-20 methodology),3.5
SLE,Registering property,Procedures (number),7
SLE,Registering property,Quality of land administration index (0-30) (DB17-20 methodology),5.5
SLE,Registering property,Reliability of infrastructure index (0-8) (DB17-20 methodology),0
SLE,Registering property,Time (days),56
SLE,Registering property,Transparency of information index (0-6) (DB17-20 methodology),2
SLE,Resolving insolvency,Commencement of proceedings index (0-3) (DB15-20 methodology),2
SLE,Resolving insolvency,Cost (% of estate),42
SLE,Resolving insolvency,Creditor participation index (0-4) (DB15-20 methodology),1
SLE,Resolving insolvency,Management of debtor's assets index (0-6) (DB15-20 methodology),3
SLE,Resolving insolvency,Outcome (0 as piecemeal sale and 1 as going concern),0
SLE,Resolving insolvency,Recovery rate (cents on the dollar),11.1
SLE,Resolving insolvency,Reorganization proceedings index (0-3) (DB15-20 methodology),0
SLE,Resolving insolvency,Strength of insolvency framework index (0-16),6
SLE,Resolving insolvency,Time (years),2.3
SLE,Starting a business,Cost - Men (% of income per capita),7.6
SLE,Starting a business,Cost - Women (% of income per capita),7.6
SLE,Starting a business,Paid-in Minimum capital (% of income per capita),0
SLE,Starting a business,Procedures - Men (number),5
SLE,Starting a business,Procedures - Women (number),5
SLE,Starting a business,Time - Men (days),8
SLE,Starting a business,Time - Women (days),8
SLE,Trading across borders,Cost to export: Border compliance (USD) (DB16-20 methodology),551.8571
SLE,Trading across borders,Cost to export: Documentary compliance (USD) (DB16-20 methodology),227.1429
SLE,Trading across borders,Cost to import: Border compliance (USD) (DB16-20 methodology),821
SLE,Trading across borders,Cost to import: Documentary compliance (USD) (DB16-20 methodology),387.1429
SLE,Trading across borders,Time to export: Border compliance (hours) (DB16-20 methodology),54.85714
SLE,Trading across borders,Time to export: Documentary compliance (hours) (DB16-20 methodology),72
SLE,Trading across borders,Time to import: Border compliance (hours) (DB16-20 methodology),120
SLE,Trading across borders,Time to import: Documentary compliance (hours) (DB16-20 methodology),82
SLV,Dealing with construction permits,Building quality control index (0-15) (DB16-20 methodology),10
SLV,Dealing with construction permits,Cost (% of Warehouse value),6.3
SLV,Dealing with construction permits,Liability and insurance regimes index (0-2) (DB16-20 methodology),0
SLV,Dealing with construction permits,Procedures (number),16
SLV,Dealing with construction permits,Professional certifications index (0-4) (DB16-20 methodology),3
SLV,Dealing with construction permits,Quality control after construction index (0-3) (DB16-20 methodology),3
SLV,Dealing with construction permits,Quality control before construction index (0-1) (DB16-20 methodology),1
SLV,Dealing with construction permits,Quality control during construction index (0-3) (DB16-20 methodology),1
SLV,Dealing with construction permits,Quality of building regulations index (0-2) (DB16-20 methodology),2
SLV,Dealing with construction permits,Time (days),310
SLV,Enforcing contracts,Alternative dispute resolution (0-3) (DB17-20 methodology),2.5
SLV,Enforcing contracts,Attorney fees (% of claim),20
SLV,Enforcing contracts,Case management (0-6) (DB17-20 methodology),2
SLV,Enforcing contracts,Cost (% of claim),28.4
SLV,Enforcing contracts,Court automation (0-4) (DB17-20 methodology),.5
SLV,Enforcing contracts,Court fees (% of claim),3
SLV,Enforcing contracts,Court structure and proceedings (0-5) (DB17-20 methodology),3
SLV,Enforcing contracts,Enforcement fees (% of claim),5.4
SLV,Enforcing contracts,Enforcement of judgment (days),365
SLV,Enforcing contracts,Filing and service (days),70
SLV,Enforcing contracts,Quality of judicial processes index (0-18) (DB17-20 methodology),8
SLV,Enforcing contracts,Time (days),816
SLV,Enforcing contracts,Trial and judgment (days),381
SLV,Getting credit,Credit bureau coverage (% of adults),53.2
SLV,Getting credit,Credit registry coverage (% of adults),30.4
SLV,Getting credit,Depth of credit information index (0-8) (DB15-20 methodology),7
SLV,Getting credit,Getting Credit total score (DB15-20 methodology),16
SLV,Getting credit,Strength of legal rights index (0-12) (DB15-20 methodology),9
SLV,Paying taxes,Labor tax and contributions (% of profit),18.3
SLV,Paying taxes,Other taxes (% of profit),1.4
SLV,Paying taxes,Payments (number per year),7
SLV,Paying taxes,Profit tax (% of profit),16.6
SLV,Paying taxes,Time (hours per year),168
SLV,Paying taxes,Time to complete a corporate income tax correction (weeks) (DB17-20 methodology),0
SLV,Paying taxes,Time to comply with VAT refund (hours) (DB17-20 methodology),No VAT refund per case study scenario
SLV,Paying taxes,Time to comply with a corporate income tax correction (hours) (DB17-20 methodology),2.5
SLV,Paying taxes,Time to obtain VAT refund (weeks) (DB17-20 methodology),No VAT refund per case study scenario
SLV,Paying taxes,Total tax and contribution rate (% of profit),36.4
SLV,Registering property,Cost (% of property value),3.8
SLV,Registering property,Equal access to property rights index (-2-0) (DB17-20 methodology),0
SLV,Registering property,Geographic coverage index (0-8) (DB17-20 methodology),0
SLV,Registering property,Land dispute resolution index (0-8) (DB17-20 methodology),5
SLV,Registering property,Procedures (number),6
SLV,Registering property,Quality of land administration index (0-30) (DB17-20 methodology),14
SLV,Registering property,Reliability of infrastructure index (0-8) (DB17-20 methodology),5
SLV,Registering property,Time (days),31
SLV,Registering property,Transparency of information index (0-6) (DB17-20 methodology),4
SLV,Resolving insolvency,Commencement of proceedings index (0-3) (DB15-20 methodology),2
SLV,Resolving insolvency,Cost (% of estate),12
SLV,Resolving insolvency,Creditor participation index (0-4) (DB15-20 methodology),3
SLV,Resolving insolvency,Management of debtor's assets index (0-6) (DB15-20 methodology),4
SLV,Resolving insolvency,Outcome (0 as piecemeal sale and 1 as going concern),0
SLV,Resolving insolvency,Recovery rate (cents on the dollar),32.4
SLV,Resolving insolvency,Reorganization proceedings index (0-3) (DB15-20 methodology),0
SLV,Resolving insolvency,Strength of insolvency framework index (0-16),9
SLV,Resolving insolvency,Time (years),3.5
SLV,Starting a business,Cost - Men (% of income per capita),43.3
SLV,Starting a business,Cost - Women (% of income per capita),43.3
SLV,Starting a business,Paid-in Minimum capital (% of income per capita),2.6
SLV,Starting a business,Procedures - Men (number),9
SLV,Starting a business,Procedures - Women (number),9
SLV,Starting a business,Time - Men (days),16.5
SLV,Starting a business,Time - Women (days),16.5
SLV,Trading across borders,Cost to export: Border compliance (USD) (DB16-20 methodology),128.3333
SLV,Trading across borders,Cost to export: Documentary compliance (USD) (DB16-20 methodology),50
SLV,Trading across borders,Cost to import: Border compliance (USD) (DB16-20 methodology),128.3333
SLV,Trading across borders,Cost to import: Documentary compliance (USD) (DB16-20 methodology),66.66667
SLV,Trading across borders,Time to export: Border compliance (hours) (DB16-20 methodology),24
SLV,Trading across borders,Time to export: Documentary compliance (hours) (DB16-20 methodology),9.333333
SLV,Trading across borders,Time to import: Border compliance (hours) (DB16-20 methodology),36
SLV,Trading across borders,Time to import: Documentary compliance (hours) (DB16-20 methodology),13.33333
SMR,Dealing with construction permits,Building quality control index (0-15) (DB16-20 methodology),13
SMR,Dealing with construction permits,Cost (% of Warehouse value),7.3
SMR,Dealing with construction permits,Liability and insurance regimes index (0-2) (DB16-20 methodology),1
SMR,Dealing with construction permits,Procedures (number),15
SMR,Dealing with construction permits,Professional certifications index (0-4) (DB16-20 methodology),4
SMR,Dealing with construction permits,Quality control after construction index (0-3) (DB16-20 methodology),3
SMR,Dealing with construction permits,Quality control before construction index (0-1) (DB16-20 methodology),1
SMR,Dealing with construction permits,Quality control during construction index (0-3) (DB16-20 methodology),2
SMR,Dealing with construction permits,Quality of building regulations index (0-2) (DB16-20 methodology),2
SMR,Dealing with construction permits,Time (days),145.5
SMR,Enforcing contracts,Alternative dispute resolution (0-3) (DB17-20 methodology),1.5
SMR,Enforcing contracts,Attorney fees (% of claim),10.5
SMR,Enforcing contracts,Case management (0-6) (DB17-20 methodology),1
SMR,Enforcing contracts,Cost (% of claim),13.9
SMR,Enforcing contracts,Court automation (0-4) (DB17-20 methodology),1.5
SMR,Enforcing contracts,Court fees (% of claim),2.9
SMR,Enforcing contracts,Court structure and proceedings (0-5) (DB17-20 methodology),1.5
SMR,Enforcing contracts,Enforcement fees (% of claim),.5
SMR,Enforcing contracts,Enforcement of judgment (days),180
SMR,Enforcing contracts,Filing and service (days),45
SMR,Enforcing contracts,Quality of judicial processes index (0-18) (DB17-20 methodology),5.5
SMR,Enforcing contracts,Time (days),575
SMR,Enforcing contracts,Trial and judgment (days),350
SMR,Getting credit,Credit bureau coverage (% of adults),0
SMR,Getting credit,Credit registry coverage (% of adults),92.6
SMR,Getting credit,Depth of credit information index (0-8) (DB15-20 methodology),5
SMR,Getting credit,Getting Credit total score (DB15-20 methodology),6
SMR,Getting credit,Strength of legal rights index (0-12) (DB15-20 methodology),1
SMR,Paying taxes,Labor tax and contributions (% of profit),30.9
SMR,Paying taxes,Other taxes (% of profit),.3
SMR,Paying taxes,Payments (number per year),18
SMR,Paying taxes,Profit tax (% of profit),5
SMR,Paying taxes,Time (hours per year),52
SMR,Paying taxes,Time to complete a corporate income tax correction (weeks) (DB17-20 methodology),13.85714
SMR,Paying taxes,Time to comply with a corporate income tax correction (hours) (DB17-20 methodology),13
SMR,Paying taxes,Total tax and contribution rate (% of profit),36.2
SMR,Registering property,Cost (% of property value),6.6
SMR,Registering property,Equal access to property rights index (-2-0) (DB17-20 methodology),0
SMR,Registering property,Geographic coverage index (0-8) (DB17-20 methodology),8
SMR,Registering property,Land dispute resolution index (0-8) (DB17-20 methodology),6
SMR,Registering property,Procedures (number),9
SMR,Registering property,Quality of land administration index (0-30) (DB17-20 methodology),23
SMR,Registering property,Reliability of infrastructure index (0-8) (DB17-20 methodology),5
SMR,Registering property,Time (days),42.5
SMR,Registering property,Transparency of information index (0-6) (DB17-20 methodology),4
SMR,Resolving insolvency,Commencement of proceedings index (0-3) (DB15-20 methodology),1.5
SMR,Resolving insolvency,Cost (% of estate),5
SMR,Resolving insolvency,Creditor participation index (0-4) (DB15-20 methodology),0
SMR,Resolving insolvency,Management of debtor's assets index (0-6) (DB15-20 methodology),2
SMR,Resolving insolvency,Outcome (0 as piecemeal sale and 1 as going concern),0
SMR,Resolving insolvency,Recovery rate (cents on the dollar),50.2
SMR,Resolving insolvency,Reorganization proceedings index (0-3) (DB15-20 methodology),1
SMR,Resolving insolvency,Strength of insolvency framework index (0-16),4.5
SMR,Resolving insolvency,Time (years),2.3
SMR,Starting a business,Cost - Men (% of income per capita),8.8
SMR,Starting a business,Cost - Women (% of income per capita),8.8
SMR,Starting a business,Paid-in Minimum capital (% of income per capita),0
SMR,Starting a business,Procedures - Men (number),7
SMR,Starting a business,Procedures - Women (number),7
SMR,Starting a business,Time - Men (days),11.5
SMR,Starting a business,Time - Women (days),11.5
SMR,Trading across borders,Cost to export: Border compliance (USD) (DB16-20 methodology),0
SMR,Trading across borders,Cost to export: Documentary compliance (USD) (DB16-20 methodology),0
SMR,Trading across borders,Cost to import: Border compliance (USD) (DB16-20 methodology),50
SMR,Trading across borders,Cost to import: Documentary compliance (USD) (DB16-20 methodology),100
SMR,Trading across borders,Time to export: Border compliance (hours) (DB16-20 methodology),0
SMR,Trading across borders,Time to export: Documentary compliance (hours) (DB16-20 methodology),.5
SMR,Trading across borders,Time to import: Border compliance (hours) (DB16-20 methodology),4
SMR,Trading across borders,Time to import: Documentary compliance (hours) (DB16-20 methodology),2.5
SOM,Enforcing contracts,Alternative dispute resolution (0-3) (DB17-20 methodology),2
SOM,Enforcing contracts,Attorney fees (% of claim),10
SOM,Enforcing contracts,Case management (0-6) (DB17-20 methodology),0
SOM,Enforcing contracts,Cost (% of claim),21.4
SOM,Enforcing contracts,Court automation (0-4) (DB17-20 methodology),0
SOM,Enforcing contracts,Court fees (% of claim),6.4
SOM,Enforcing contracts,Court structure and proceedings (0-5) (DB17-20 methodology),2.5
SOM,Enforcing contracts,Enforcement fees (% of claim),5
SOM,Enforcing contracts,Enforcement of judgment (days),180
SOM,Enforcing contracts,Filing and service (days),30
SOM,Enforcing contracts,Quality of judicial processes index (0-18) (DB17-20 methodology),4.5
SOM,Enforcing contracts,Time (days),575
SOM,Enforcing contracts,Trial and judgment (days),365
SOM,Getting credit,Credit bureau coverage (% of adults),0
SOM,Getting credit,Credit registry coverage (% of adults),0
SOM,Getting credit,Depth of credit information index (0-8) (DB15-20 methodology),0
SOM,Getting credit,Getting Credit total score (DB15-20 methodology),0
SOM,Getting credit,Strength of legal rights index (0-12) (DB15-20 methodology),0
SOM,Registering property,Cost (% of property value),1.4
SOM,Registering property,Equal access to property rights index (-2-0) (DB17-20 methodology),0
SOM,Registering property,Geographic coverage index (0-8) (DB17-20 methodology),0
SOM,Registering property,Land dispute resolution index (0-8) (DB17-20 methodology),5.5
SOM,Registering property,Procedures (number),5
SOM,Registering property,Quality of land administration index (0-30) (DB17-20 methodology),7.5
SOM,Registering property,Reliability of infrastructure index (0-8) (DB17-20 methodology),2
SOM,Registering property,Time (days),188
SOM,Registering property,Transparency of information index (0-6) (DB17-20 methodology),0
SOM,Resolving insolvency,Commencement of proceedings index (0-3) (DB15-20 methodology),0
SOM,Resolving insolvency,Creditor participation index (0-4) (DB15-20 methodology),0
SOM,Resolving insolvency,Management of debtor's assets index (0-6) (DB15-20 methodology),0
SOM,Resolving insolvency,Outcome (0 as piecemeal sale and 1 as going concern),0
SOM,Resolving insolvency,Recovery rate (cents on the dollar),0
SOM,Resolving insolvency,Reorganization proceedings index (0-3) (DB15-20 methodology),0
SOM,Resolving insolvency,Strength of insolvency framework index (0-16),0
SOM,Starting a business,Cost - Men (% of income per capita),198.2
SOM,Starting a business,Cost - Women (% of income per capita),198.2
SOM,Starting a business,Paid-in Minimum capital (% of income per capita),0
SOM,Starting a business,Procedures - Men (number),9
SOM,Starting a business,Procedures - Women (number),9
SOM,Starting a business,Time - Men (days),70
SOM,Starting a business,Time - Women (days),70
SOM,Trading across borders,Cost to export: Border compliance (USD) (DB16-20 methodology),495
SOM,Trading across borders,Cost to export: Documentary compliance (USD) (DB16-20 methodology),350
SOM,Trading across borders,Cost to import: Border compliance (USD) (DB16-20 methodology),952
SOM,Trading across borders,Cost to import: Documentary compliance (USD) (DB16-20 methodology),300
SOM,Trading across borders,Time to export: Border compliance (hours) (DB16-20 methodology),44
SOM,Trading across borders,Time to export: Documentary compliance (hours) (DB16-20 methodology),72.5
SOM,Trading across borders,Time to import: Border compliance (hours) (DB16-20 methodology),85
SOM,Trading across borders,Time to import: Documentary compliance (hours) (DB16-20 methodology),76
SRB,Dealing with construction permits,Building quality control index (0-15) (DB16-20 methodology),14
SRB,Dealing with construction permits,Cost (% of Warehouse value),1.4
SRB,Dealing with construction permits,Liability and insurance regimes index (0-2) (DB16-20 methodology),2
SRB,Dealing with construction permits,Procedures (number),11
SRB,Dealing with construction permits,Professional certifications index (0-4) (DB16-20 methodology),4
SRB,Dealing with construction permits,Quality control after construction index (0-3) (DB16-20 methodology),3
SRB,Dealing with construction permits,Quality control before construction index (0-1) (DB16-20 methodology),1
SRB,Dealing with construction permits,Quality control during construction index (0-3) (DB16-20 methodology),2
SRB,Dealing with construction permits,Quality of building regulations index (0-2) (DB16-20 methodology),2
SRB,Dealing with construction permits,Time (days),99.5
SRB,Enforcing contracts,Alternative dispute resolution (0-3) (DB17-20 methodology),2.5
SRB,Enforcing contracts,Attorney fees (% of claim),14.5
SRB,Enforcing contracts,Case management (0-6) (DB17-20 methodology),4.5
SRB,Enforcing contracts,Cost (% of claim),39.6
SRB,Enforcing contracts,Court automation (0-4) (DB17-20 methodology),1.5
SRB,Enforcing contracts,Court fees (% of claim),13.9
SRB,Enforcing contracts,Court structure and proceedings (0-5) (DB17-20 methodology),5
SRB,Enforcing contracts,Enforcement fees (% of claim),11.2
SRB,Enforcing contracts,Enforcement of judgment (days),97
SRB,Enforcing contracts,Filing and service (days),30
SRB,Enforcing contracts,Quality of judicial processes index (0-18) (DB17-20 methodology),13.5
SRB,Enforcing contracts,Time (days),622
SRB,Enforcing contracts,Trial and judgment (days),495
SRB,Getting credit,Credit bureau coverage (% of adults),100
SRB,Getting credit,Credit registry coverage (% of adults),0
SRB,Getting credit,Depth of credit information index (0-8) (DB15-20 methodology),7
SRB,Getting credit,Getting Credit total score (DB15-20 methodology),13
SRB,Getting credit,Strength of legal rights index (0-12) (DB15-20 methodology),6
SRB,Paying taxes,Labor tax and contributions (% of profit),20.2
SRB,Paying taxes,Other taxes (% of profit),3.4
SRB,Paying taxes,Payments (number per year),33
SRB,Paying taxes,Profit tax (% of profit),13
SRB,Paying taxes,Time (hours per year),225.5
SRB,Paying taxes,Time to complete a corporate income tax correction (weeks) (DB17-20 methodology),0
SRB,Paying taxes,Time to comply with VAT refund (hours) (DB17-20 methodology),4
SRB,Paying taxes,Time to comply with a corporate income tax correction (hours) (DB17-20 methodology),4.5
SRB,Paying taxes,Time to obtain VAT refund (weeks) (DB17-20 methodology),10.2381
SRB,Paying taxes,Total tax and contribution rate (% of profit),36.6
SRB,Registering property,Cost (% of property value),2.6
SRB,Registering property,Equal access to property rights index (-2-0) (DB17-20 methodology),0
SRB,Registering property,Geographic coverage index (0-8) (DB17-20 methodology),4
SRB,Registering property,Land dispute resolution index (0-8) (DB17-20 methodology),5
SRB,Registering property,Procedures (number),6
SRB,Registering property,Quality of land administration index (0-30) (DB17-20 methodology),18.5
SRB,Registering property,Reliability of infrastructure index (0-8) (DB17-20 methodology),5
SRB,Registering property,Time (days),33
SRB,Registering property,Transparency of information index (0-6) (DB17-20 methodology),4.5
SRB,Resolving insolvency,Commencement of proceedings index (0-3) (DB15-20 methodology),2.5
SRB,Resolving insolvency,Cost (% of estate),20
SRB,Resolving insolvency,Creditor participation index (0-4) (DB15-20 methodology),4
SRB,Resolving insolvency,Management of debtor's assets index (0-6) (DB15-20 methodology),6
SRB,Resolving insolvency,Outcome (0 as piecemeal sale and 1 as going concern),0
SRB,Resolving insolvency,Recovery rate (cents on the dollar),34.5
SRB,Resolving insolvency,Reorganization proceedings index (0-3) (DB15-20 methodology),3
SRB,Resolving insolvency,Strength of insolvency framework index (0-16),15.5
SRB,Resolving insolvency,Time (years),2
SRB,Starting a business,Cost - Men (% of income per capita),2.3
SRB,Starting a business,Cost - Women (% of income per capita),2.3
SRB,Starting a business,Paid-in Minimum capital (% of income per capita),0
SRB,Starting a business,Procedures - Men (number),7
SRB,Starting a business,Procedures - Women (number),7
SRB,Starting a business,Time - Men (days),7
SRB,Starting a business,Time - Women (days),7
SRB,Trading across borders,Cost to export: Border compliance (USD) (DB16-20 methodology),47.25
SRB,Trading across borders,Cost to export: Documentary compliance (USD) (DB16-20 methodology),35
SRB,Trading across borders,Cost to import: Border compliance (USD) (DB16-20 methodology),52
SRB,Trading across borders,Cost to import: Documentary compliance (USD) (DB16-20 methodology),35
SRB,Trading across borders,Time to export: Border compliance (hours) (DB16-20 methodology),4.13
SRB,Trading across borders,Time to export: Documentary compliance (hours) (DB16-20 methodology),2.333333
SRB,Trading across borders,Time to import: Border compliance (hours) (DB16-20 methodology),4.6
SRB,Trading across borders,Time to import: Documentary compliance (hours) (DB16-20 methodology),3
SSD,Dealing with construction permits,Building quality control index (0-15) (DB16-20 methodology),7
SSD,Dealing with construction permits,Cost (% of Warehouse value),8.5
SSD,Dealing with construction permits,Liability and insurance regimes index (0-2) (DB16-20 methodology),0
SSD,Dealing with construction permits,Procedures (number),23
SSD,Dealing with construction permits,Professional certifications index (0-4) (DB16-20 methodology),3
SSD,Dealing with construction permits,Quality control after construction index (0-3) (DB16-20 methodology),2
SSD,Dealing with construction permits,Quality control before construction index (0-1) (DB16-20 methodology),1
SSD,Dealing with construction permits,Quality control during construction index (0-3) (DB16-20 methodology),1
SSD,Dealing with construction permits,Quality of building regulations index (0-2) (DB16-20 methodology),0
SSD,Dealing with construction permits,Time (days),131
SSD,Enforcing contracts,Alternative dispute resolution (0-3) (DB17-20 methodology),2
SSD,Enforcing contracts,Attorney fees (% of claim),15
SSD,Enforcing contracts,Case management (0-6) (DB17-20 methodology),0
SSD,Enforcing contracts,Cost (% of claim),30
SSD,Enforcing contracts,Court automation (0-4) (DB17-20 methodology),0
SSD,Enforcing contracts,Court fees (% of claim),10
SSD,Enforcing contracts,Court structure and proceedings (0-5) (DB17-20 methodology),1.5
SSD,Enforcing contracts,Enforcement fees (% of claim),5
SSD,Enforcing contracts,Enforcement of judgment (days),45
SSD,Enforcing contracts,Filing and service (days),28
SSD,Enforcing contracts,Quality of judicial processes index (0-18) (DB17-20 methodology),3.5
SSD,Enforcing contracts,Time (days),228
SSD,Enforcing contracts,Trial and judgment (days),155
SSD,Getting credit,Credit bureau coverage (% of adults),0
SSD,Getting credit,Credit registry coverage (% of adults),0
SSD,Getting credit,Depth of credit information index (0-8) (DB15-20 methodology),0
SSD,Getting credit,Getting Credit total score (DB15-20 methodology),2
SSD,Getting credit,Strength of legal rights index (0-12) (DB15-20 methodology),2
SSD,Paying taxes,Labor tax and contributions (% of profit),19.2
SSD,Paying taxes,Other taxes (% of profit),3
SSD,Paying taxes,Payments (number per year),37
SSD,Paying taxes,Profit tax (% of profit),9.2
SSD,Paying taxes,Time (hours per year),210
SSD,Paying taxes,Time to complete a corporate income tax correction (weeks) (DB17-20 methodology),0
SSD,Paying taxes,Time to comply with a corporate income tax correction (hours) (DB17-20 methodology),6
SSD,Paying taxes,Total tax and contribution rate (% of profit),31.4
SSD,Registering property,Cost (% of property value),14.6
SSD,Registering property,Equal access to property rights index (-2-0) (DB17-20 methodology),0
SSD,Registering property,Geographic coverage index (0-8) (DB17-20 methodology),0
SSD,Registering property,Land dispute resolution index (0-8) (DB17-20 methodology),5
SSD,Registering property,Procedures (number),7
SSD,Registering property,Quality of land administration index (0-30) (DB17-20 methodology),5
SSD,Registering property,Reliability of infrastructure index (0-8) (DB17-20 methodology),0
SSD,Registering property,Time (days),48
SSD,Registering property,Transparency of information index (0-6) (DB17-20 methodology),0
SSD,Resolving insolvency,Commencement of proceedings index (0-3) (DB15-20 methodology),2.5
SSD,Resolving insolvency,Creditor participation index (0-4) (DB15-20 methodology),1
SSD,Resolving insolvency,Management of debtor's assets index (0-6) (DB15-20 methodology),2
SSD,Resolving insolvency,Outcome (0 as piecemeal sale and 1 as going concern),0
SSD,Resolving insolvency,Recovery rate (cents on the dollar),0
SSD,Resolving insolvency,Reorganization proceedings index (0-3) (DB15-20 methodology),.5
SSD,Resolving insolvency,Strength of insolvency framework index (0-16),0
SSD,Starting a business,Cost - Men (% of income per capita),77.4
SSD,Starting a business,Cost - Women (% of income per capita),77.4
SSD,Starting a business,Paid-in Minimum capital (% of income per capita),0
SSD,Starting a business,Procedures - Men (number),12
SSD,Starting a business,Procedures - Women (number),12
SSD,Starting a business,Time - Men (days),13
SSD,Starting a business,Time - Women (days),13
SSD,Trading across borders,Cost to export: Border compliance (USD) (DB16-20 methodology),762.5
SSD,Trading across borders,Cost to export: Documentary compliance (USD) (DB16-20 methodology),193.75
SSD,Trading across borders,Cost to import: Border compliance (USD) (DB16-20 methodology),781.25
SSD,Trading across borders,Cost to import: Documentary compliance (USD) (DB16-20 methodology),350
SSD,Trading across borders,Time to export: Border compliance (hours) (DB16-20 methodology),146
SSD,Trading across borders,Time to export: Documentary compliance (hours) (DB16-20 methodology),192
SSD,Trading across borders,Time to import: Border compliance (hours) (DB16-20 methodology),179
SSD,Trading across borders,Time to import: Documentary compliance (hours) (DB16-20 methodology),360
STP,Dealing with construction permits,Building quality control index (0-15) (DB16-20 methodology),5
STP,Dealing with construction permits,Cost (% of Warehouse value),2.2
STP,Dealing with construction permits,Liability and insurance regimes index (0-2) (DB16-20 methodology),.5
STP,Dealing with construction permits,Procedures (number),16
STP,Dealing with construction permits,Professional certifications index (0-4) (DB16-20 methodology),0
STP,Dealing with construction permits,Quality control after construction index (0-3) (DB16-20 methodology),2
STP,Dealing with construction permits,Quality control before construction index (0-1) (DB16-20 methodology),0
STP,Dealing with construction permits,Quality control during construction index (0-3) (DB16-20 methodology),2
STP,Dealing with construction permits,Quality of building regulations index (0-2) (DB16-20 methodology),.5
STP,Dealing with construction permits,Time (days),67
STP,Enforcing contracts,Alternative dispute resolution (0-3) (DB17-20 methodology),1.5
STP,Enforcing contracts,Attorney fees (% of claim),23.4
STP,Enforcing contracts,Case management (0-6) (DB17-20 methodology),1.5
STP,Enforcing contracts,Cost (% of claim),45.6
STP,Enforcing contracts,Court automation (0-4) (DB17-20 methodology),0
STP,Enforcing contracts,Court fees (% of claim),6.5
STP,Enforcing contracts,Court structure and proceedings (0-5) (DB17-20 methodology),1.5
STP,Enforcing contracts,Enforcement fees (% of claim),15.7
STP,Enforcing contracts,Enforcement of judgment (days),365
STP,Enforcing contracts,Filing and service (days),90
STP,Enforcing contracts,Quality of judicial processes index (0-18) (DB17-20 methodology),4.5
STP,Enforcing contracts,Time (days),1185
STP,Enforcing contracts,Trial and judgment (days),730
STP,Getting credit,Credit bureau coverage (% of adults),0
STP,Getting credit,Credit registry coverage (% of adults),21.5
STP,Getting credit,Depth of credit information index (0-8) (DB15-20 methodology),5
STP,Getting credit,Getting Credit total score (DB15-20 methodology),5
STP,Getting credit,Strength of legal rights index (0-12) (DB15-20 methodology),0
STP,Paying taxes,Labor tax and contributions (% of profit),6.8
STP,Paying taxes,Other taxes (% of profit),10.8
STP,Paying taxes,Payments (number per year),46
STP,Paying taxes,Profit tax (% of profit),19.4
STP,Paying taxes,Time (hours per year),424
STP,Paying taxes,Time to complete a corporate income tax correction (weeks) (DB17-20 methodology),0
STP,Paying taxes,Time to comply with a corporate income tax correction (hours) (DB17-20 methodology),10
STP,Paying taxes,Total tax and contribution rate (% of profit),37
STP,Registering property,Cost (% of property value),10.2
STP,Registering property,Equal access to property rights index (-2-0) (DB17-20 methodology),0
STP,Registering property,Geographic coverage index (0-8) (DB17-20 methodology),0
STP,Registering property,Land dispute resolution index (0-8) (DB17-20 methodology),3
STP,Registering property,Procedures (number),8
STP,Registering property,Quality of land administration index (0-30) (DB17-20 methodology),4.5
STP,Registering property,Reliability of infrastructure index (0-8) (DB17-20 methodology),0
STP,Registering property,Time (days),52
STP,Registering property,Transparency of information index (0-6) (DB17-20 methodology),1.5
STP,Resolving insolvency,Commencement of proceedings index (0-3) (DB15-20 methodology),2
STP,Resolving insolvency,Creditor participation index (0-4) (DB15-20 methodology),0
STP,Resolving insolvency,Management of debtor's assets index (0-6) (DB15-20 methodology),4
STP,Resolving insolvency,Outcome (0 as piecemeal sale and 1 as going concern),0
STP,Resolving insolvency,Recovery rate (cents on the dollar),0
STP,Resolving insolvency,Reorganization proceedings index (0-3) (DB15-20 methodology),0
STP,Resolving insolvency,Strength of insolvency framework index (0-16),0
STP,Starting a business,Cost - Men (% of income per capita),12.4
STP,Starting a business,Cost - Women (% of income per capita),12.4
STP,Starting a business,Paid-in Minimum capital (% of income per capita),179.6
STP,Starting a business,Procedures - Men (number),6
STP,Starting a business,Procedures - Women (number),6
STP,Starting a business,Time - Men (days),7
STP,Starting a business,Time - Women (days),7
STP,Trading across borders,Cost to export: Border compliance (USD) (DB16-20 methodology),426.25
STP,Trading across borders,Cost to export: Documentary compliance (USD) (DB16-20 methodology),193.75
STP,Trading across borders,Cost to import: Border compliance (USD) (DB16-20 methodology),406
STP,Trading across borders,Cost to import: Documentary compliance (USD) (DB16-20 methodology),75
STP,Trading across borders,Time to export: Border compliance (hours) (DB16-20 methodology),83.125
STP,Trading across borders,Time to export: Documentary compliance (hours) (DB16-20 methodology),46.25
STP,Trading across borders,Time to import: Border compliance (hours) (DB16-20 methodology),150
STP,Trading across borders,Time to import: Documentary compliance (hours) (DB16-20 methodology),17
SUR,Dealing with construction permits,Building quality control index (0-15) (DB16-20 methodology),6.5
SUR,Dealing with construction permits,Cost (% of Warehouse value),.3
SUR,Dealing with construction permits,Liability and insurance regimes index (0-2) (DB16-20 methodology),1.5
SUR,Dealing with construction permits,Procedures (number),10
SUR,Dealing with construction permits,Professional certifications index (0-4) (DB16-20 methodology),1
SUR,Dealing with construction permits,Quality control after construction index (0-3) (DB16-20 methodology),2
SUR,Dealing with construction permits,Quality control before construction index (0-1) (DB16-20 methodology),1
SUR,Dealing with construction permits,Quality control during construction index (0-3) (DB16-20 methodology),0
SUR,Dealing with construction permits,Quality of building regulations index (0-2) (DB16-20 methodology),1
SUR,Dealing with construction permits,Time (days),223
SUR,Enforcing contracts,Alternative dispute resolution (0-3) (DB17-20 methodology),2
SUR,Enforcing contracts,Attorney fees (% of claim),17.7
SUR,Enforcing contracts,Case management (0-6) (DB17-20 methodology),0
SUR,Enforcing contracts,Cost (% of claim),37.1
SUR,Enforcing contracts,Court automation (0-4) (DB17-20 methodology),0
SUR,Enforcing contracts,Court fees (% of claim),5.3
SUR,Enforcing contracts,Court structure and proceedings (0-5) (DB17-20 methodology),1.5
SUR,Enforcing contracts,Enforcement fees (% of claim),14.1
SUR,Enforcing contracts,Enforcement of judgment (days),455
SUR,Enforcing contracts,Filing and service (days),165
SUR,Enforcing contracts,Quality of judicial processes index (0-18) (DB17-20 methodology),3.5
SUR,Enforcing contracts,Time (days),1715
SUR,Enforcing contracts,Trial and judgment (days),1095
SUR,Getting credit,Credit bureau coverage (% of adults),0
SUR,Getting credit,Credit registry coverage (% of adults),0
SUR,Getting credit,Depth of credit information index (0-8) (DB15-20 methodology),0
SUR,Getting credit,Getting Credit total score (DB15-20 methodology),2
SUR,Getting credit,Strength of legal rights index (0-12) (DB15-20 methodology),2
SUR,Paying taxes,Labor tax and contributions (% of profit),0
SUR,Paying taxes,Other taxes (% of profit),0
SUR,Paying taxes,Payments (number per year),30
SUR,Paying taxes,Profit tax (% of profit),27.9
SUR,Paying taxes,Time (hours per year),199
SUR,Paying taxes,Time to complete a corporate income tax correction (weeks) (DB17-20 methodology),0
SUR,Paying taxes,Time to comply with VAT refund (hours) (DB17-20 methodology),No VAT refund per case study scenario
SUR,Paying taxes,Time to comply with a corporate income tax correction (hours) (DB17-20 methodology),5
SUR,Paying taxes,Time to obtain VAT refund (weeks) (DB17-20 methodology),No VAT refund per case study scenario
SUR,Paying taxes,Total tax and contribution rate (% of profit),27.9
SUR,Registering property,Cost (% of property value),14.2
SUR,Registering property,Equal access to property rights index (-2-0) (DB17-20 methodology),0
SUR,Registering property,Geographic coverage index (0-8) (DB17-20 methodology),0
SUR,Registering property,Land dispute resolution index (0-8) (DB17-20 methodology),4
SUR,Registering property,Procedures (number),6
SUR,Registering property,Quality of land administration index (0-30) (DB17-20 methodology),13.5
SUR,Registering property,Reliability of infrastructure index (0-8) (DB17-20 methodology),5
SUR,Registering property,Time (days),46
SUR,Registering property,Transparency of information index (0-6) (DB17-20 methodology),4.5
SUR,Resolving insolvency,Commencement of proceedings index (0-3) (DB15-20 methodology),2.5
SUR,Resolving insolvency,Cost (% of estate),30
SUR,Resolving insolvency,Creditor participation index (0-4) (DB15-20 methodology),2
SUR,Resolving insolvency,Management of debtor's assets index (0-6) (DB15-20 methodology),4
SUR,Resolving insolvency,Outcome (0 as piecemeal sale and 1 as going concern),0
SUR,Resolving insolvency,Recovery rate (cents on the dollar),7.7
SUR,Resolving insolvency,Reorganization proceedings index (0-3) (DB15-20 methodology),1
SUR,Resolving insolvency,Strength of insolvency framework index (0-16),9.5
SUR,Resolving insolvency,Time (years),5
SUR,Starting a business,Cost - Men (% of income per capita),93.5
SUR,Starting a business,Cost - Women (% of income per capita),93.5
SUR,Starting a business,Paid-in Minimum capital (% of income per capita),0
SUR,Starting a business,Procedures - Men (number),8
SUR,Starting a business,Procedures - Women (number),8
SUR,Starting a business,Time - Men (days),66
SUR,Starting a business,Time - Women (days),66
SUR,Trading across borders,Cost to export: Border compliance (USD) (DB16-20 methodology),467.5
SUR,Trading across borders,Cost to export: Documentary compliance (USD) (DB16-20 methodology),40
SUR,Trading across borders,Cost to import: Border compliance (USD) (DB16-20 methodology),658
SUR,Trading across borders,Cost to import: Documentary compliance (USD) (DB16-20 methodology),40
SUR,Trading across borders,Time to export: Border compliance (hours) (DB16-20 methodology),84
SUR,Trading across borders,Time to export: Documentary compliance (hours) (DB16-20 methodology),12
SUR,Trading across borders,Time to import: Border compliance (hours) (DB16-20 methodology),48
SUR,Trading across borders,Time to import: Documentary compliance (hours) (DB16-20 methodology),24
SVK,Dealing with construction permits,Building quality control index (0-15) (DB16-20 methodology),8
SVK,Dealing with construction permits,Cost (% of Warehouse value),.2
SVK,Dealing with construction permits,Liability and insurance regimes index (0-2) (DB16-20 methodology),1
SVK,Dealing with construction permits,Procedures (number),14
SVK,Dealing with construction permits,Professional certifications index (0-4) (DB16-20 methodology),0
SVK,Dealing with construction permits,Quality control after construction index (0-3) (DB16-20 methodology),3
SVK,Dealing with construction permits,Quality control before construction index (0-1) (DB16-20 methodology),0
SVK,Dealing with construction permits,Quality control during construction index (0-3) (DB16-20 methodology),2
SVK,Dealing with construction permits,Quality of building regulations index (0-2) (DB16-20 methodology),2
SVK,Dealing with construction permits,Time (days),300
SVK,Enforcing contracts,Alternative dispute resolution (0-3) (DB17-20 methodology),2
SVK,Enforcing contracts,Attorney fees (% of claim),14
SVK,Enforcing contracts,Case management (0-6) (DB17-20 methodology),4
SVK,Enforcing contracts,Cost (% of claim),20.5
SVK,Enforcing contracts,Court automation (0-4) (DB17-20 methodology),4
SVK,Enforcing contracts,Court fees (% of claim),6.4
SVK,Enforcing contracts,Court structure and proceedings (0-5) (DB17-20 methodology),3.5
SVK,Enforcing contracts,Enforcement fees (% of claim),.1
SVK,Enforcing contracts,Enforcement of judgment (days),180
SVK,Enforcing contracts,Filing and service (days),70
SVK,Enforcing contracts,Quality of judicial processes index (0-18) (DB17-20 methodology),13.5
SVK,Enforcing contracts,Time (days),775
SVK,Enforcing contracts,Trial and judgment (days),525
SVK,Getting credit,Credit bureau coverage (% of adults),85.4
SVK,Getting credit,Credit registry coverage (% of adults),2
SVK,Getting credit,Depth of credit information index (0-8) (DB15-20 methodology),7
SVK,Getting credit,Getting Credit total score (DB15-20 methodology),14
SVK,Getting credit,Strength of legal rights index (0-12) (DB15-20 methodology),7
SVK,Paying taxes,Labor tax and contributions (% of profit),39.7
SVK,Paying taxes,Other taxes (% of profit),.9
SVK,Paying taxes,Payments (number per year),8
SVK,Paying taxes,Profit tax (% of profit),9.1
SVK,Paying taxes,Time (hours per year),192
SVK,Paying taxes,Time to complete a corporate income tax correction (weeks) (DB17-20 methodology),0
SVK,Paying taxes,Time to comply with VAT refund (hours) (DB17-20 methodology),5
SVK,Paying taxes,Time to comply with a corporate income tax correction (hours) (DB17-20 methodology),2
SVK,Paying taxes,Time to obtain VAT refund (weeks) (DB17-20 methodology),24.1381
SVK,Paying taxes,Total tax and contribution rate (% of profit),49.7
SVK,Registering property,Cost (% of property value),0
SVK,Registering property,Equal access to property rights index (-2-0) (DB17-20 methodology),0
SVK,Registering property,Geographic coverage index (0-8) (DB17-20 methodology),8
SVK,Registering property,Land dispute resolution index (0-8) (DB17-20 methodology),6
SVK,Registering property,Procedures (number),3
SVK,Registering property,Quality of land administration index (0-30) (DB17-20 methodology),25.5
SVK,Registering property,Reliability of infrastructure index (0-8) (DB17-20 methodology),6
SVK,Registering property,Time (days),16.5
SVK,Registering property,Transparency of information index (0-6) (DB17-20 methodology),5.5
SVK,Resolving insolvency,Commencement of proceedings index (0-3) (DB15-20 methodology),3
SVK,Resolving insolvency,Cost (% of estate),18
SVK,Resolving insolvency,Creditor participation index (0-4) (DB15-20 methodology),3
SVK,Resolving insolvency,Management of debtor's assets index (0-6) (DB15-20 methodology),4
SVK,Resolving insolvency,Outcome (0 as piecemeal sale and 1 as going concern),1
SVK,Resolving insolvency,Recovery rate (cents on the dollar),46.1
SVK,Resolving insolvency,Reorganization proceedings index (0-3) (DB15-20 methodology),3
SVK,Resolving insolvency,Strength of insolvency framework index (0-16),13
SVK,Resolving insolvency,Time (years),4
SVK,Starting a business,Cost - Men (% of income per capita),1
SVK,Starting a business,Cost - Women (% of income per capita),1
SVK,Starting a business,Paid-in Minimum capital (% of income per capita),15.4
SVK,Starting a business,Procedures - Men (number),7
SVK,Starting a business,Procedures - Women (number),7
SVK,Starting a business,Time - Men (days),21.5
SVK,Starting a business,Time - Women (days),21.5
SVK,Trading across borders,Cost to export: Border compliance (USD) (DB16-20 methodology),0
SVK,Trading across borders,Cost to export: Documentary compliance (USD) (DB16-20 methodology),0
SVK,Trading across borders,Cost to import: Border compliance (USD) (DB16-20 methodology),0
SVK,Trading across borders,Cost to import: Documentary compliance (USD) (DB16-20 methodology),0
SVK,Trading across borders,Time to export: Border compliance (hours) (DB16-20 methodology),0
SVK,Trading across borders,Time to export: Documentary compliance (hours) (DB16-20 methodology),.5
SVK,Trading across borders,Time to import: Border compliance (hours) (DB16-20 methodology),0
SVK,Trading across borders,Time to import: Documentary compliance (hours) (DB16-20 methodology),.5
SVN,Dealing with construction permits,Building quality control index (0-15) (DB16-20 methodology),13
SVN,Dealing with construction permits,Cost (% of Warehouse value),2.7
SVN,Dealing with construction permits,Liability and insurance regimes index (0-2) (DB16-20 methodology),1
SVN,Dealing with construction permits,Procedures (number),17
SVN,Dealing with construction permits,Professional certifications index (0-4) (DB16-20 methodology),4
SVN,Dealing with construction permits,Quality control after construction index (0-3) (DB16-20 methodology),3
SVN,Dealing with construction permits,Quality control before construction index (0-1) (DB16-20 methodology),1
SVN,Dealing with construction permits,Quality control during construction index (0-3) (DB16-20 methodology),2
SVN,Dealing with construction permits,Quality of building regulations index (0-2) (DB16-20 methodology),2
SVN,Dealing with construction permits,Time (days),247.5
SVN,Enforcing contracts,Alternative dispute resolution (0-3) (DB17-20 methodology),2.5
SVN,Enforcing contracts,Attorney fees (% of claim),7.6
SVN,Enforcing contracts,Case management (0-6) (DB17-20 methodology),3
SVN,Enforcing contracts,Cost (% of claim),12.7
SVN,Enforcing contracts,Court automation (0-4) (DB17-20 methodology),1.5
SVN,Enforcing contracts,Court fees (% of claim),3.5
SVN,Enforcing contracts,Court structure and proceedings (0-5) (DB17-20 methodology),4.5
SVN,Enforcing contracts,Enforcement fees (% of claim),1.6
SVN,Enforcing contracts,Enforcement of judgment (days),330
SVN,Enforcing contracts,Filing and service (days),30
SVN,Enforcing contracts,Quality of judicial processes index (0-18) (DB17-20 methodology),11.5
SVN,Enforcing contracts,Time (days),1160
SVN,Enforcing contracts,Trial and judgment (days),800
SVN,Getting credit,Credit bureau coverage (% of adults),0
SVN,Getting credit,Credit registry coverage (% of adults),100
SVN,Getting credit,Depth of credit information index (0-8) (DB15-20 methodology),6
SVN,Getting credit,Getting Credit total score (DB15-20 methodology),9
SVN,Getting credit,Strength of legal rights index (0-12) (DB15-20 methodology),3
SVN,Paying taxes,Labor tax and contributions (% of profit),18.2
SVN,Paying taxes,Other taxes (% of profit),.2
SVN,Paying taxes,Payments (number per year),10
SVN,Paying taxes,Profit tax (% of profit),12.7
SVN,Paying taxes,Time (hours per year),233
SVN,Paying taxes,Time to complete a corporate income tax correction (weeks) (DB17-20 methodology),6.285714
SVN,Paying taxes,Time to comply with VAT refund (hours) (DB17-20 methodology),3
SVN,Paying taxes,Time to comply with a corporate income tax correction (hours) (DB17-20 methodology),29
SVN,Paying taxes,Time to obtain VAT refund (weeks) (DB17-20 methodology),5.166667
SVN,Paying taxes,Total tax and contribution rate (% of profit),31
SVN,Registering property,Cost (% of property value),2.2
SVN,Registering property,Equal access to property rights index (-2-0) (DB17-20 methodology),0
SVN,Registering property,Geographic coverage index (0-8) (DB17-20 methodology),8
SVN,Registering property,Land dispute resolution index (0-8) (DB17-20 methodology),5.5
SVN,Registering property,Procedures (number),7
SVN,Registering property,Quality of land administration index (0-30) (DB17-20 methodology),23
SVN,Registering property,Reliability of infrastructure index (0-8) (DB17-20 methodology),6
SVN,Registering property,Time (days),50.5
SVN,Registering property,Transparency of information index (0-6) (DB17-20 methodology),3.5
SVN,Resolving insolvency,Commencement of proceedings index (0-3) (DB15-20 methodology),2.5
SVN,Resolving insolvency,Cost (% of estate),4
SVN,Resolving insolvency,Creditor participation index (0-4) (DB15-20 methodology),1
SVN,Resolving insolvency,Management of debtor's assets index (0-6) (DB15-20 methodology),6
SVN,Resolving insolvency,Outcome (0 as piecemeal sale and 1 as going concern),1
SVN,Resolving insolvency,Recovery rate (cents on the dollar),90
SVN,Resolving insolvency,Reorganization proceedings index (0-3) (DB15-20 methodology),2
SVN,Resolving insolvency,Strength of insolvency framework index (0-16),11.5
SVN,Resolving insolvency,Time (years),.8
SVN,Starting a business,Cost - Men (% of income per capita),0
SVN,Starting a business,Cost - Women (% of income per capita),0
SVN,Starting a business,Paid-in Minimum capital (% of income per capita),34.3
SVN,Starting a business,Procedures - Men (number),3
SVN,Starting a business,Procedures - Women (number),3
SVN,Starting a business,Time - Men (days),8
SVN,Starting a business,Time - Women (days),8
SVN,Trading across borders,Cost to export: Border compliance (USD) (DB16-20 methodology),0
SVN,Trading across borders,Cost to export: Documentary compliance (USD) (DB16-20 methodology),0
SVN,Trading across borders,Cost to import: Border compliance (USD) (DB16-20 methodology),0
SVN,Trading across borders,Cost to import: Documentary compliance (USD) (DB16-20 methodology),0
SVN,Trading across borders,Time to export: Border compliance (hours) (DB16-20 methodology),0
SVN,Trading across borders,Time to export: Documentary compliance (hours) (DB16-20 methodology),.5
SVN,Trading across borders,Time to import: Border compliance (hours) (DB16-20 methodology),0
SVN,Trading across borders,Time to import: Documentary compliance (hours) (DB16-20 methodology),.5
SWE,Dealing with construction permits,Building quality control index (0-15) (DB16-20 methodology),9
SWE,Dealing with construction permits,Cost (% of Warehouse value),1.9
SWE,Dealing with construction permits,Liability and insurance regimes index (0-2) (DB16-20 methodology),0
SWE,Dealing with construction permits,Procedures (number),8
SWE,Dealing with construction permits,Professional certifications index (0-4) (DB16-20 methodology),0
SWE,Dealing with construction permits,Quality control after construction index (0-3) (DB16-20 methodology),3
SWE,Dealing with construction permits,Quality control before construction index (0-1) (DB16-20 methodology),1
SWE,Dealing with construction permits,Quality control during construction index (0-3) (DB16-20 methodology),3
SWE,Dealing with construction permits,Quality of building regulations index (0-2) (DB16-20 methodology),2
SWE,Dealing with construction permits,Time (days),117
SWE,Enforcing contracts,Alternative dispute resolution (0-3) (DB17-20 methodology),2.5
SWE,Enforcing contracts,Attorney fees (% of claim),28
SWE,Enforcing contracts,Case management (0-6) (DB17-20 methodology),4
SWE,Enforcing contracts,Cost (% of claim),30.4
SWE,Enforcing contracts,Court automation (0-4) (DB17-20 methodology),2
SWE,Enforcing contracts,Court fees (% of claim),2.3
SWE,Enforcing contracts,Court structure and proceedings (0-5) (DB17-20 methodology),3.5
SWE,Enforcing contracts,Enforcement fees (% of claim),.1
SWE,Enforcing contracts,Enforcement of judgment (days),90
SWE,Enforcing contracts,Filing and service (days),28
SWE,Enforcing contracts,Quality of judicial processes index (0-18) (DB17-20 methodology),12
SWE,Enforcing contracts,Time (days),483
SWE,Enforcing contracts,Trial and judgment (days),365
SWE,Getting credit,Credit bureau coverage (% of adults),100
SWE,Getting credit,Credit registry coverage (% of adults),0
SWE,Getting credit,Depth of credit information index (0-8) (DB15-20 methodology),5
SWE,Getting credit,Getting Credit total score (DB15-20 methodology),12
SWE,Getting credit,Strength of legal rights index (0-12) (DB15-20 methodology),7
SWE,Paying taxes,Labor tax and contributions (% of profit),35.4
SWE,Paying taxes,Other taxes (% of profit),.6
SWE,Paying taxes,Payments (number per year),6
SWE,Paying taxes,Profit tax (% of profit),13.1
SWE,Paying taxes,Time (hours per year),122
SWE,Paying taxes,Time to complete a corporate income tax correction (weeks) (DB17-20 methodology),0
SWE,Paying taxes,Time to comply with VAT refund (hours) (DB17-20 methodology),10.5
SWE,Paying taxes,Time to comply with a corporate income tax correction (hours) (DB17-20 methodology),5
SWE,Paying taxes,Time to obtain VAT refund (weeks) (DB17-20 methodology),8.166667
SWE,Paying taxes,Total tax and contribution rate (% of profit),49.1
SWE,Registering property,Cost (% of property value),4.3
SWE,Registering property,Equal access to property rights index (-2-0) (DB17-20 methodology),0
SWE,Registering property,Geographic coverage index (0-8) (DB17-20 methodology),8
SWE,Registering property,Land dispute resolution index (0-8) (DB17-20 methodology),7
SWE,Registering property,Procedures (number),1
SWE,Registering property,Quality of land administration index (0-30) (DB17-20 methodology),27.5
SWE,Registering property,Reliability of infrastructure index (0-8) (DB17-20 methodology),8
SWE,Registering property,Time (days),7
SWE,Registering property,Transparency of information index (0-6) (DB17-20 methodology),4.5
SWE,Resolving insolvency,Commencement of proceedings index (0-3) (DB15-20 methodology),3
SWE,Resolving insolvency,Cost (% of estate),9
SWE,Resolving insolvency,Creditor participation index (0-4) (DB15-20 methodology),2
SWE,Resolving insolvency,Management of debtor's assets index (0-6) (DB15-20 methodology),6
SWE,Resolving insolvency,Outcome (0 as piecemeal sale and 1 as going concern),1
SWE,Resolving insolvency,Recovery rate (cents on the dollar),78.1
SWE,Resolving insolvency,Reorganization proceedings index (0-3) (DB15-20 methodology),1
SWE,Resolving insolvency,Strength of insolvency framework index (0-16),12
SWE,Resolving insolvency,Time (years),2
SWE,Starting a business,Cost - Men (% of income per capita),.5
SWE,Starting a business,Cost - Women (% of income per capita),.5
SWE,Starting a business,Paid-in Minimum capital (% of income per capita),10.5
SWE,Starting a business,Procedures - Men (number),4
SWE,Starting a business,Procedures - Women (number),4
SWE,Starting a business,Time - Men (days),7.5
SWE,Starting a business,Time - Women (days),7.5
SWE,Trading across borders,Cost to export: Border compliance (USD) (DB16-20 methodology),55
SWE,Trading across borders,Cost to export: Documentary compliance (USD) (DB16-20 methodology),40
SWE,Trading across borders,Cost to import: Border compliance (USD) (DB16-20 methodology),0
SWE,Trading across borders,Cost to import: Documentary compliance (USD) (DB16-20 methodology),0
SWE,Trading across borders,Time to export: Border compliance (hours) (DB16-20 methodology),1.83
SWE,Trading across borders,Time to export: Documentary compliance (hours) (DB16-20 methodology),1
SWE,Trading across borders,Time to import: Border compliance (hours) (DB16-20 methodology),0
SWE,Trading across borders,Time to import: Documentary compliance (hours) (DB16-20 methodology),.5
SWZ,Dealing with construction permits,Building quality control index (0-15) (DB16-20 methodology),8
SWZ,Dealing with construction permits,Cost (% of Warehouse value),3.4
SWZ,Dealing with construction permits,Liability and insurance regimes index (0-2) (DB16-20 methodology),0
SWZ,Dealing with construction permits,Procedures (number),14
SWZ,Dealing with construction permits,Professional certifications index (0-4) (DB16-20 methodology),0
SWZ,Dealing with construction permits,Quality control after construction index (0-3) (DB16-20 methodology),3
SWZ,Dealing with construction permits,Quality control before construction index (0-1) (DB16-20 methodology),1
SWZ,Dealing with construction permits,Quality control during construction index (0-3) (DB16-20 methodology),2
SWZ,Dealing with construction permits,Quality of building regulations index (0-2) (DB16-20 methodology),2
SWZ,Dealing with construction permits,Time (days),116
SWZ,Enforcing contracts,Alternative dispute resolution (0-3) (DB17-20 methodology),2
SWZ,Enforcing contracts,Attorney fees (% of claim),52
SWZ,Enforcing contracts,Case management (0-6) (DB17-20 methodology),2
SWZ,Enforcing contracts,Cost (% of claim),56.1
SWZ,Enforcing contracts,Court automation (0-4) (DB17-20 methodology),.5
SWZ,Enforcing contracts,Court fees (% of claim),1.1
SWZ,Enforcing contracts,Court structure and proceedings (0-5) (DB17-20 methodology),3
SWZ,Enforcing contracts,Enforcement fees (% of claim),3
SWZ,Enforcing contracts,Enforcement of judgment (days),30
SWZ,Enforcing contracts,Filing and service (days),14
SWZ,Enforcing contracts,Quality of judicial processes index (0-18) (DB17-20 methodology),7.5
SWZ,Enforcing contracts,Time (days),956
SWZ,Enforcing contracts,Trial and judgment (days),912
SWZ,Getting credit,Credit bureau coverage (% of adults),54.2
SWZ,Getting credit,Credit registry coverage (% of adults),0
SWZ,Getting credit,Depth of credit information index (0-8) (DB15-20 methodology),7
SWZ,Getting credit,Getting Credit total score (DB15-20 methodology),11
SWZ,Getting credit,Strength of legal rights index (0-12) (DB15-20 methodology),4
SWZ,Paying taxes,Labor tax and contributions (% of profit),6.4
SWZ,Paying taxes,Other taxes (% of profit),4.1
SWZ,Paying taxes,Payments (number per year),33
SWZ,Paying taxes,Profit tax (% of profit),25.2
SWZ,Paying taxes,Time (hours per year),122
SWZ,Paying taxes,Time to complete a corporate income tax correction (weeks) (DB17-20 methodology),0
SWZ,Paying taxes,Time to comply with VAT refund (hours) (DB17-20 methodology),16
SWZ,Paying taxes,Time to comply with a corporate income tax correction (hours) (DB17-20 methodology),4
SWZ,Paying taxes,Time to obtain VAT refund (weeks) (DB17-20 methodology),19.16667
SWZ,Paying taxes,Total tax and contribution rate (% of profit),35.8
SWZ,Registering property,Cost (% of property value),7.3
SWZ,Registering property,Equal access to property rights index (-2-0) (DB17-20 methodology),0
SWZ,Registering property,Geographic coverage index (0-8) (DB17-20 methodology),4
SWZ,Registering property,Land dispute resolution index (0-8) (DB17-20 methodology),6.5
SWZ,Registering property,Procedures (number),9
SWZ,Registering property,Quality of land administration index (0-30) (DB17-20 methodology),20.5
SWZ,Registering property,Reliability of infrastructure index (0-8) (DB17-20 methodology),6
SWZ,Registering property,Time (days),21
SWZ,Registering property,Transparency of information index (0-6) (DB17-20 methodology),4
SWZ,Resolving insolvency,Commencement of proceedings index (0-3) (DB15-20 methodology),3
SWZ,Resolving insolvency,Cost (% of estate),14.5
SWZ,Resolving insolvency,Creditor participation index (0-4) (DB15-20 methodology),1
SWZ,Resolving insolvency,Management of debtor's assets index (0-6) (DB15-20 methodology),2
SWZ,Resolving insolvency,Outcome (0 as piecemeal sale and 1 as going concern),0
SWZ,Resolving insolvency,Recovery rate (cents on the dollar),37.4
SWZ,Resolving insolvency,Reorganization proceedings index (0-3) (DB15-20 methodology),0
SWZ,Resolving insolvency,Strength of insolvency framework index (0-16),6
SWZ,Resolving insolvency,Time (years),2
SWZ,Starting a business,Cost - Men (% of income per capita),10.7
SWZ,Starting a business,Cost - Women (% of income per capita),10.7
SWZ,Starting a business,Paid-in Minimum capital (% of income per capita),.2
SWZ,Starting a business,Procedures - Men (number),12
SWZ,Starting a business,Procedures - Women (number),12
SWZ,Starting a business,Time - Men (days),21.5
SWZ,Starting a business,Time - Women (days),21.5
SWZ,Trading across borders,Cost to export: Border compliance (USD) (DB16-20 methodology),134.4444
SWZ,Trading across borders,Cost to export: Documentary compliance (USD) (DB16-20 methodology),75.55556
SWZ,Trading across borders,Cost to import: Border compliance (USD) (DB16-20 methodology),134.4444
SWZ,Trading across borders,Cost to import: Documentary compliance (USD) (DB16-20 methodology),75.55556
SWZ,Trading across borders,Time to export: Border compliance (hours) (DB16-20 methodology),2.111111
SWZ,Trading across borders,Time to export: Documentary compliance (hours) (DB16-20 methodology),2
SWZ,Trading across borders,Time to import: Border compliance (hours) (DB16-20 methodology),3.055556
SWZ,Trading across borders,Time to import: Documentary compliance (hours) (DB16-20 methodology),3.555556
SYC,Dealing with construction permits,Building quality control index (0-15) (DB16-20 methodology),6
SYC,Dealing with construction permits,Cost (% of Warehouse value),.3
SYC,Dealing with construction permits,Liability and insurance regimes index (0-2) (DB16-20 methodology),0
SYC,Dealing with construction permits,Procedures (number),16
SYC,Dealing with construction permits,Professional certifications index (0-4) (DB16-20 methodology),0
SYC,Dealing with construction permits,Quality control after construction index (0-3) (DB16-20 methodology),3
SYC,Dealing with construction permits,Quality control before construction index (0-1) (DB16-20 methodology),0
SYC,Dealing with construction permits,Quality control during construction index (0-3) (DB16-20 methodology),1
SYC,Dealing with construction permits,Quality of building regulations index (0-2) (DB16-20 methodology),2
SYC,Dealing with construction permits,Time (days),113
SYC,Enforcing contracts,Alternative dispute resolution (0-3) (DB17-20 methodology),2
SYC,Enforcing contracts,Attorney fees (% of claim),10
SYC,Enforcing contracts,Case management (0-6) (DB17-20 methodology),1
SYC,Enforcing contracts,Cost (% of claim),15.4
SYC,Enforcing contracts,Court automation (0-4) (DB17-20 methodology),.5
SYC,Enforcing contracts,Court fees (% of claim),3
SYC,Enforcing contracts,Court structure and proceedings (0-5) (DB17-20 methodology),3
SYC,Enforcing contracts,Enforcement fees (% of claim),2.4
SYC,Enforcing contracts,Enforcement of judgment (days),120
SYC,Enforcing contracts,Filing and service (days),75
SYC,Enforcing contracts,Quality of judicial processes index (0-18) (DB17-20 methodology),6.5
SYC,Enforcing contracts,Time (days),915
SYC,Enforcing contracts,Trial and judgment (days),720
SYC,Getting credit,Credit bureau coverage (% of adults),0
SYC,Getting credit,Credit registry coverage (% of adults),76.6
SYC,Getting credit,Depth of credit information index (0-8) (DB15-20 methodology),5
SYC,Getting credit,Getting Credit total score (DB15-20 methodology),7
SYC,Getting credit,Strength of legal rights index (0-12) (DB15-20 methodology),2
SYC,Paying taxes,Labor tax and contributions (% of profit),2.3
SYC,Paying taxes,Other taxes (% of profit),9.1
SYC,Paying taxes,Payments (number per year),29
SYC,Paying taxes,Profit tax (% of profit),18.8
SYC,Paying taxes,Time (hours per year),85
SYC,Paying taxes,Time to complete a corporate income tax correction (weeks) (DB17-20 methodology),0
SYC,Paying taxes,Time to comply with VAT refund (hours) (DB17-20 methodology),0
SYC,Paying taxes,Time to comply with a corporate income tax correction (hours) (DB17-20 methodology),1.5
SYC,Paying taxes,Time to obtain VAT refund (weeks) (DB17-20 methodology),16.83333
SYC,Paying taxes,Total tax and contribution rate (% of profit),30.1
SYC,Registering property,Cost (% of property value),7
SYC,Registering property,Equal access to property rights index (-2-0) (DB17-20 methodology),0
SYC,Registering property,Geographic coverage index (0-8) (DB17-20 methodology),4
SYC,Registering property,Land dispute resolution index (0-8) (DB17-20 methodology),6
SYC,Registering property,Procedures (number),4
SYC,Registering property,Quality of land administration index (0-30) (DB17-20 methodology),21
SYC,Registering property,Reliability of infrastructure index (0-8) (DB17-20 methodology),6
SYC,Registering property,Time (days),33
SYC,Registering property,Transparency of information index (0-6) (DB17-20 methodology),5
SYC,Resolving insolvency,Commencement of proceedings index (0-3) (DB15-20 methodology),2.5
SYC,Resolving insolvency,Cost (% of estate),11
SYC,Resolving insolvency,Creditor participation index (0-4) (DB15-20 methodology),2
SYC,Resolving insolvency,Management of debtor's assets index (0-6) (DB15-20 methodology),5
SYC,Resolving insolvency,Outcome (0 as piecemeal sale and 1 as going concern),0
SYC,Resolving insolvency,Recovery rate (cents on the dollar),38.8
SYC,Resolving insolvency,Reorganization proceedings index (0-3) (DB15-20 methodology),.5
SYC,Resolving insolvency,Strength of insolvency framework index (0-16),10
SYC,Resolving insolvency,Time (years),2
SYC,Starting a business,Cost - Men (% of income per capita),12.5
SYC,Starting a business,Cost - Women (% of income per capita),12.5
SYC,Starting a business,Paid-in Minimum capital (% of income per capita),0
SYC,Starting a business,Procedures - Men (number),9
SYC,Starting a business,Procedures - Women (number),9
SYC,Starting a business,Time - Men (days),32
SYC,Starting a business,Time - Women (days),32
SYC,Trading across borders,Cost to export: Border compliance (USD) (DB16-20 methodology),332.2727
SYC,Trading across borders,Cost to export: Documentary compliance (USD) (DB16-20 methodology),115
SYC,Trading across borders,Cost to import: Border compliance (USD) (DB16-20 methodology),340.625
SYC,Trading across borders,Cost to import: Documentary compliance (USD) (DB16-20 methodology),92.5
SYC,Trading across borders,Time to export: Border compliance (hours) (DB16-20 methodology),82
SYC,Trading across borders,Time to export: Documentary compliance (hours) (DB16-20 methodology),43.63636
SYC,Trading across borders,Time to import: Border compliance (hours) (DB16-20 methodology),97
SYC,Trading across borders,Time to import: Documentary compliance (hours) (DB16-20 methodology),33
SYR,Enforcing contracts,Alternative dispute resolution (0-3) (DB17-20 methodology),2
SYR,Enforcing contracts,Attorney fees (% of claim),16.3
SYR,Enforcing contracts,Case management (0-6) (DB17-20 methodology),0
SYR,Enforcing contracts,Cost (% of claim),29.3
SYR,Enforcing contracts,Court automation (0-4) (DB17-20 methodology),0
SYR,Enforcing contracts,Court fees (% of claim),4.5
SYR,Enforcing contracts,Court structure and proceedings (0-5) (DB17-20 methodology),2
SYR,Enforcing contracts,Enforcement fees (% of claim),8.5
SYR,Enforcing contracts,Enforcement of judgment (days),224
SYR,Enforcing contracts,Filing and service (days),58
SYR,Enforcing contracts,Quality of judicial processes index (0-18) (DB17-20 methodology),4
SYR,Enforcing contracts,Time (days),872
SYR,Enforcing contracts,Trial and judgment (days),590
SYR,Getting credit,Credit bureau coverage (% of adults),0
SYR,Getting credit,Credit registry coverage (% of adults),7.8
SYR,Getting credit,Depth of credit information index (0-8) (DB15-20 methodology),2
SYR,Getting credit,Getting Credit total score (DB15-20 methodology),3
SYR,Getting credit,Strength of legal rights index (0-12) (DB15-20 methodology),1
SYR,Paying taxes,Labor tax and contributions (% of profit),19.3
SYR,Paying taxes,Other taxes (% of profit),.4
SYR,Paying taxes,Payments (number per year),20
SYR,Paying taxes,Profit tax (% of profit),23
SYR,Paying taxes,Time (hours per year),336
SYR,Paying taxes,Time to complete a corporate income tax correction (weeks) (DB17-20 methodology),0
SYR,Paying taxes,Time to comply with a corporate income tax correction (hours) (DB17-20 methodology),10
SYR,Paying taxes,Total tax and contribution rate (% of profit),42.7
SYR,Registering property,Cost (% of property value),28
SYR,Registering property,Equal access to property rights index (-2-0) (DB17-20 methodology),0
SYR,Registering property,Geographic coverage index (0-8) (DB17-20 methodology),0
SYR,Registering property,Land dispute resolution index (0-8) (DB17-20 methodology),4
SYR,Registering property,Procedures (number),4
SYR,Registering property,Quality of land administration index (0-30) (DB17-20 methodology),8.5
SYR,Registering property,Reliability of infrastructure index (0-8) (DB17-20 methodology),2
SYR,Registering property,Time (days),48
SYR,Registering property,Transparency of information index (0-6) (DB17-20 methodology),2.5
SYR,Resolving insolvency,Commencement of proceedings index (0-3) (DB15-20 methodology),2
SYR,Resolving insolvency,Cost (% of estate),16
SYR,Resolving insolvency,Creditor participation index (0-4) (DB15-20 methodology),1
SYR,Resolving insolvency,Management of debtor's assets index (0-6) (DB15-20 methodology),2
SYR,Resolving insolvency,Outcome (0 as piecemeal sale and 1 as going concern),0
SYR,Resolving insolvency,Recovery rate (cents on the dollar),21.1
SYR,Resolving insolvency,Reorganization proceedings index (0-3) (DB15-20 methodology),0
SYR,Resolving insolvency,Strength of insolvency framework index (0-16),5
SYR,Resolving insolvency,Time (years),4.1
SYR,Starting a business,Cost - Men (% of income per capita),8.1
SYR,Starting a business,Cost - Women (% of income per capita),8.1
SYR,Starting a business,Paid-in Minimum capital (% of income per capita),88.3
SYR,Starting a business,Procedures - Men (number),7
SYR,Starting a business,Procedures - Women (number),8
SYR,Starting a business,Time - Men (days),15
SYR,Starting a business,Time - Women (days),16
SYR,Trading across borders,Cost to export: Border compliance (USD) (DB16-20 methodology),1112.5
SYR,Trading across borders,Cost to export: Documentary compliance (USD) (DB16-20 methodology),725
SYR,Trading across borders,Cost to import: Border compliance (USD) (DB16-20 methodology),827.7778
SYR,Trading across borders,Cost to import: Documentary compliance (USD) (DB16-20 methodology),741.6667
SYR,Trading across borders,Time to export: Border compliance (hours) (DB16-20 methodology),84
SYR,Trading across borders,Time to export: Documentary compliance (hours) (DB16-20 methodology),48
SYR,Trading across borders,Time to import: Border compliance (hours) (DB16-20 methodology),141.3333
SYR,Trading across borders,Time to import: Documentary compliance (hours) (DB16-20 methodology),149.3333
TCD,Dealing with construction permits,Building quality control index (0-15) (DB16-20 methodology),11.5
TCD,Dealing with construction permits,Cost (% of Warehouse value),18.8
TCD,Dealing with construction permits,Liability and insurance regimes index (0-2) (DB16-20 methodology),2
TCD,Dealing with construction permits,Procedures (number),14
TCD,Dealing with construction permits,Professional certifications index (0-4) (DB16-20 methodology),3
TCD,Dealing with construction permits,Quality control after construction index (0-3) (DB16-20 methodology),3
TCD,Dealing with construction permits,Quality control before construction index (0-1) (DB16-20 methodology),0
TCD,Dealing with construction permits,Quality control during construction index (0-3) (DB16-20 methodology),2
TCD,Dealing with construction permits,Quality of building regulations index (0-2) (DB16-20 methodology),1.5
TCD,Dealing with construction permits,Time (days),226
TCD,Enforcing contracts,Alternative dispute resolution (0-3) (DB17-20 methodology),2.5
TCD,Enforcing contracts,Attorney fees (% of claim),23.5
TCD,Enforcing contracts,Case management (0-6) (DB17-20 methodology),0
TCD,Enforcing contracts,Cost (% of claim),45.7
TCD,Enforcing contracts,Court automation (0-4) (DB17-20 methodology),0
TCD,Enforcing contracts,Court fees (% of claim),13.8
TCD,Enforcing contracts,Court structure and proceedings (0-5) (DB17-20 methodology),4.5
TCD,Enforcing contracts,Enforcement fees (% of claim),8.4
TCD,Enforcing contracts,Enforcement of judgment (days),388
TCD,Enforcing contracts,Filing and service (days),35
TCD,Enforcing contracts,Quality of judicial processes index (0-18) (DB17-20 methodology),7
TCD,Enforcing contracts,Time (days),743
TCD,Enforcing contracts,Trial and judgment (days),320
TCD,Getting credit,Credit bureau coverage (% of adults),0
TCD,Getting credit,Credit registry coverage (% of adults),2.5
TCD,Getting credit,Depth of credit information index (0-8) (DB15-20 methodology),0
TCD,Getting credit,Getting Credit total score (DB15-20 methodology),6
TCD,Getting credit,Strength of legal rights index (0-12) (DB15-20 methodology),6
TCD,Paying taxes,Labor tax and contributions (% of profit),28.4
TCD,Paying taxes,Other taxes (% of profit),3.8
TCD,Paying taxes,Payments (number per year),54
TCD,Paying taxes,Profit tax (% of profit),31.3
TCD,Paying taxes,Time (hours per year),834
TCD,Paying taxes,Time to complete a corporate income tax correction (weeks) (DB17-20 methodology),21.14286
TCD,Paying taxes,Time to comply with VAT refund (hours) (DB17-20 methodology),No VAT refund per case study scenario
TCD,Paying taxes,Time to comply with a corporate income tax correction (hours) (DB17-20 methodology),46
TCD,Paying taxes,Time to obtain VAT refund (weeks) (DB17-20 methodology),No VAT refund per case study scenario
TCD,Paying taxes,Total tax and contribution rate (% of profit),63.5
TCD,Registering property,Cost (% of property value),8.1
TCD,Registering property,Equal access to property rights index (-2-0) (DB17-20 methodology),-1
TCD,Registering property,Geographic coverage index (0-8) (DB17-20 methodology),0
TCD,Registering property,Land dispute resolution index (0-8) (DB17-20 methodology),5
TCD,Registering property,Procedures (number),6
TCD,Registering property,Quality of land administration index (0-30) (DB17-20 methodology),8.5
TCD,Registering property,Reliability of infrastructure index (0-8) (DB17-20 methodology),3
TCD,Registering property,Time (days),29
TCD,Registering property,Transparency of information index (0-6) (DB17-20 methodology),1.5
TCD,Resolving insolvency,Commencement of proceedings index (0-3) (DB15-20 methodology),2
TCD,Resolving insolvency,Cost (% of estate),60
TCD,Resolving insolvency,Creditor participation index (0-4) (DB15-20 methodology),1
TCD,Resolving insolvency,Management of debtor's assets index (0-6) (DB15-20 methodology),5.5
TCD,Resolving insolvency,Outcome (0 as piecemeal sale and 1 as going concern),0
TCD,Resolving insolvency,Recovery rate (cents on the dollar),0
TCD,Resolving insolvency,Reorganization proceedings index (0-3) (DB15-20 methodology),.5
TCD,Resolving insolvency,Strength of insolvency framework index (0-16),9
TCD,Resolving insolvency,Time (years),4
TCD,Starting a business,Cost - Men (% of income per capita),169.3
TCD,Starting a business,Cost - Women (% of income per capita),169.3
TCD,Starting a business,Paid-in Minimum capital (% of income per capita),25.3
TCD,Starting a business,Procedures - Men (number),8
TCD,Starting a business,Procedures - Women (number),8
TCD,Starting a business,Time - Men (days),58
TCD,Starting a business,Time - Women (days),58
TCD,Trading across borders,Cost to export: Border compliance (USD) (DB16-20 methodology),319
TCD,Trading across borders,Cost to export: Documentary compliance (USD) (DB16-20 methodology),187.5
TCD,Trading across borders,Cost to import: Border compliance (USD) (DB16-20 methodology),965
TCD,Trading across borders,Cost to import: Documentary compliance (USD) (DB16-20 methodology),500
TCD,Trading across borders,Time to export: Border compliance (hours) (DB16-20 methodology),106
TCD,Trading across borders,Time to export: Documentary compliance (hours) (DB16-20 methodology),87
TCD,Trading across borders,Time to import: Border compliance (hours) (DB16-20 methodology),242
TCD,Trading across borders,Time to import: Documentary compliance (hours) (DB16-20 methodology),172
TGO,Dealing with construction permits,Building quality control index (0-15) (DB16-20 methodology),11
TGO,Dealing with construction permits,Cost (% of Warehouse value),9.6
TGO,Dealing with construction permits,Liability and insurance regimes index (0-2) (DB16-20 methodology),2
TGO,Dealing with construction permits,Procedures (number),12
TGO,Dealing with construction permits,Professional certifications index (0-4) (DB16-20 methodology),3
TGO,Dealing with construction permits,Quality control after construction index (0-3) (DB16-20 methodology),2
TGO,Dealing with construction permits,Quality control before construction index (0-1) (DB16-20 methodology),1
TGO,Dealing with construction permits,Quality control during construction index (0-3) (DB16-20 methodology),1
TGO,Dealing with construction permits,Quality of building regulations index (0-2) (DB16-20 methodology),2
TGO,Dealing with construction permits,Time (days),168.5
TGO,Enforcing contracts,Alternative dispute resolution (0-3) (DB17-20 methodology),2.5
TGO,Enforcing contracts,Attorney fees (% of claim),19
TGO,Enforcing contracts,Case management (0-6) (DB17-20 methodology),0
TGO,Enforcing contracts,Cost (% of claim),47.5
TGO,Enforcing contracts,Court automation (0-4) (DB17-20 methodology),0
TGO,Enforcing contracts,Court fees (% of claim),11.1
TGO,Enforcing contracts,Court structure and proceedings (0-5) (DB17-20 methodology),3
TGO,Enforcing contracts,Enforcement fees (% of claim),17.4
TGO,Enforcing contracts,Enforcement of judgment (days),180
TGO,Enforcing contracts,Filing and service (days),23
TGO,Enforcing contracts,Quality of judicial processes index (0-18) (DB17-20 methodology),5.5
TGO,Enforcing contracts,Time (days),488
TGO,Enforcing contracts,Trial and judgment (days),285
TGO,Getting credit,Credit bureau coverage (% of adults),13.6
TGO,Getting credit,Credit registry coverage (% of adults),0
TGO,Getting credit,Depth of credit information index (0-8) (DB15-20 methodology),8
TGO,Getting credit,Getting Credit total score (DB15-20 methodology),14
TGO,Getting credit,Strength of legal rights index (0-12) (DB15-20 methodology),6
TGO,Paying taxes,Labor tax and contributions (% of profit),23.1
TGO,Paying taxes,Other taxes (% of profit),14.7
TGO,Paying taxes,Payments (number per year),49
TGO,Paying taxes,Profit tax (% of profit),10.3
TGO,Paying taxes,Time (hours per year),159
TGO,Paying taxes,Time to complete a corporate income tax correction (weeks) (DB17-20 methodology),24.14286
TGO,Paying taxes,Time to comply with VAT refund (hours) (DB17-20 methodology),No VAT refund per case study scenario
TGO,Paying taxes,Time to comply with a corporate income tax correction (hours) (DB17-20 methodology),37
TGO,Paying taxes,Time to obtain VAT refund (weeks) (DB17-20 methodology),No VAT refund per case study scenario
TGO,Paying taxes,Total tax and contribution rate (% of profit),48.2
TGO,Registering property,Cost (% of property value),1.6
TGO,Registering property,Equal access to property rights index (-2-0) (DB17-20 methodology),0
TGO,Registering property,Geographic coverage index (0-8) (DB17-20 methodology),0
TGO,Registering property,Land dispute resolution index (0-8) (DB17-20 methodology),4.5
TGO,Registering property,Procedures (number),3
TGO,Registering property,Quality of land administration index (0-30) (DB17-20 methodology),9.5
TGO,Registering property,Reliability of infrastructure index (0-8) (DB17-20 methodology),1
TGO,Registering property,Time (days),35
TGO,Registering property,Transparency of information index (0-6) (DB17-20 methodology),4
TGO,Resolving insolvency,Commencement of proceedings index (0-3) (DB15-20 methodology),2
TGO,Resolving insolvency,Cost (% of estate),15
TGO,Resolving insolvency,Creditor participation index (0-4) (DB15-20 methodology),1
TGO,Resolving insolvency,Management of debtor's assets index (0-6) (DB15-20 methodology),5.5
TGO,Resolving insolvency,Outcome (0 as piecemeal sale and 1 as going concern),0
TGO,Resolving insolvency,Recovery rate (cents on the dollar),35.1
TGO,Resolving insolvency,Reorganization proceedings index (0-3) (DB15-20 methodology),.5
TGO,Resolving insolvency,Strength of insolvency framework index (0-16),9
TGO,Resolving insolvency,Time (years),3
TGO,Starting a business,Cost - Men (% of income per capita),8.1
TGO,Starting a business,Cost - Women (% of income per capita),8.1
TGO,Starting a business,Paid-in Minimum capital (% of income per capita),6.7
TGO,Starting a business,Procedures - Men (number),3
TGO,Starting a business,Procedures - Women (number),3
TGO,Starting a business,Time - Men (days),2.5
TGO,Starting a business,Time - Women (days),2.5
TGO,Trading across borders,Cost to export: Border compliance (USD) (DB16-20 methodology),162.5
TGO,Trading across borders,Cost to export: Documentary compliance (USD) (DB16-20 methodology),25
TGO,Trading across borders,Cost to import: Border compliance (USD) (DB16-20 methodology),611.6667
TGO,Trading across borders,Cost to import: Documentary compliance (USD) (DB16-20 methodology),251.6667
TGO,Trading across borders,Time to export: Border compliance (hours) (DB16-20 methodology),67
TGO,Trading across borders,Time to export: Documentary compliance (hours) (DB16-20 methodology),11
TGO,Trading across borders,Time to import: Border compliance (hours) (DB16-20 methodology),168
TGO,Trading across borders,Time to import: Documentary compliance (hours) (DB16-20 methodology),180
THA,Dealing with construction permits,Building quality control index (0-15) (DB16-20 methodology),11
THA,Dealing with construction permits,Cost (% of Warehouse value),.6
THA,Dealing with construction permits,Liability and insurance regimes index (0-2) (DB16-20 methodology),1
THA,Dealing with construction permits,Procedures (number),14
THA,Dealing with construction permits,Professional certifications index (0-4) (DB16-20 methodology),2
THA,Dealing with construction permits,Quality control after construction index (0-3) (DB16-20 methodology),3
THA,Dealing with construction permits,Quality control before construction index (0-1) (DB16-20 methodology),1
THA,Dealing with construction permits,Quality control during construction index (0-3) (DB16-20 methodology),2
THA,Dealing with construction permits,Quality of building regulations index (0-2) (DB16-20 methodology),2
THA,Dealing with construction permits,Time (days),113
THA,Enforcing contracts,Alternative dispute resolution (0-3) (DB17-20 methodology),2.5
THA,Enforcing contracts,Attorney fees (% of claim),10
THA,Enforcing contracts,Case management (0-6) (DB17-20 methodology),2
THA,Enforcing contracts,Cost (% of claim),16.9
THA,Enforcing contracts,Court automation (0-4) (DB17-20 methodology),1
THA,Enforcing contracts,Court fees (% of claim),6.5
THA,Enforcing contracts,Court structure and proceedings (0-5) (DB17-20 methodology),3
THA,Enforcing contracts,Enforcement fees (% of claim),.4
THA,Enforcing contracts,Enforcement of judgment (days),100
THA,Enforcing contracts,Filing and service (days),60
THA,Enforcing contracts,Quality of judicial processes index (0-18) (DB17-20 methodology),8.5
THA,Enforcing contracts,Time (days),420
THA,Enforcing contracts,Trial and judgment (days),260
THA,Getting credit,Credit bureau coverage (% of adults),56.5
THA,Getting credit,Credit registry coverage (% of adults),0
THA,Getting credit,Depth of credit information index (0-8) (DB15-20 methodology),7
THA,Getting credit,Getting Credit total score (DB15-20 methodology),14
THA,Getting credit,Strength of legal rights index (0-12) (DB15-20 methodology),7
THA,Paying taxes,Labor tax and contributions (% of profit),5.4
THA,Paying taxes,Other taxes (% of profit),1.9
THA,Paying taxes,Payments (number per year),21
THA,Paying taxes,Profit tax (% of profit),22.2
THA,Paying taxes,Time (hours per year),229
THA,Paying taxes,Time to complete a corporate income tax correction (weeks) (DB17-20 methodology),0
THA,Paying taxes,Time to comply with VAT refund (hours) (DB17-20 methodology),16
THA,Paying taxes,Time to comply with a corporate income tax correction (hours) (DB17-20 methodology),10.5
THA,Paying taxes,Time to obtain VAT refund (weeks) (DB17-20 methodology),33.16667
THA,Paying taxes,Total tax and contribution rate (% of profit),29.5
THA,Registering property,Cost (% of property value),7.2
THA,Registering property,Equal access to property rights index (-2-0) (DB17-20 methodology),0
THA,Registering property,Geographic coverage index (0-8) (DB17-20 methodology),4
THA,Registering property,Land dispute resolution index (0-8) (DB17-20 methodology),6.5
THA,Registering property,Procedures (number),5
THA,Registering property,Quality of land administration index (0-30) (DB17-20 methodology),19
THA,Registering property,Reliability of infrastructure index (0-8) (DB17-20 methodology),4
THA,Registering property,Time (days),9
THA,Registering property,Transparency of information index (0-6) (DB17-20 methodology),4.5
THA,Resolving insolvency,Commencement of proceedings index (0-3) (DB15-20 methodology),2.5
THA,Resolving insolvency,Cost (% of estate),18
THA,Resolving insolvency,Creditor participation index (0-4) (DB15-20 methodology),2
THA,Resolving insolvency,Management of debtor's assets index (0-6) (DB15-20 methodology),5
THA,Resolving insolvency,Outcome (0 as piecemeal sale and 1 as going concern),1
THA,Resolving insolvency,Recovery rate (cents on the dollar),70.1
THA,Resolving insolvency,Reorganization proceedings index (0-3) (DB15-20 methodology),3
THA,Resolving insolvency,Strength of insolvency framework index (0-16),12.5
THA,Resolving insolvency,Time (years),1.5
THA,Starting a business,Cost - Men (% of income per capita),3
THA,Starting a business,Cost - Women (% of income per capita),3
THA,Starting a business,Paid-in Minimum capital (% of income per capita),0
THA,Starting a business,Procedures - Men (number),5
THA,Starting a business,Procedures - Women (number),5
THA,Starting a business,Time - Men (days),6
THA,Starting a business,Time - Women (days),6
THA,Trading across borders,Cost to export: Border compliance (USD) (DB16-20 methodology),222.5568
THA,Trading across borders,Cost to export: Documentary compliance (USD) (DB16-20 methodology),96.85714
THA,Trading across borders,Cost to import: Border compliance (USD) (DB16-20 methodology),232.5455
THA,Trading across borders,Cost to import: Documentary compliance (USD) (DB16-20 methodology),43.45455
THA,Trading across borders,Time to export: Border compliance (hours) (DB16-20 methodology),44
THA,Trading across borders,Time to export: Documentary compliance (hours) (DB16-20 methodology),11.27273
THA,Trading across borders,Time to import: Border compliance (hours) (DB16-20 methodology),50.18182
THA,Trading across borders,Time to import: Documentary compliance (hours) (DB16-20 methodology),4
TJK,Dealing with construction permits,Building quality control index (0-15) (DB16-20 methodology),12
TJK,Dealing with construction permits,Cost (% of Warehouse value),3
TJK,Dealing with construction permits,Liability and insurance regimes index (0-2) (DB16-20 methodology),0
TJK,Dealing with construction permits,Procedures (number),26
TJK,Dealing with construction permits,Professional certifications index (0-4) (DB16-20 methodology),4
TJK,Dealing with construction permits,Quality control after construction index (0-3) (DB16-20 methodology),3
TJK,Dealing with construction permits,Quality control before construction index (0-1) (DB16-20 methodology),1
TJK,Dealing with construction permits,Quality control during construction index (0-3) (DB16-20 methodology),2
TJK,Dealing with construction permits,Quality of building regulations index (0-2) (DB16-20 methodology),2
TJK,Dealing with construction permits,Time (days),157
TJK,Enforcing contracts,Alternative dispute resolution (0-3) (DB17-20 methodology),2
TJK,Enforcing contracts,Attorney fees (% of claim),8.5
TJK,Enforcing contracts,Case management (0-6) (DB17-20 methodology),2
TJK,Enforcing contracts,Cost (% of claim),25.5
TJK,Enforcing contracts,Court automation (0-4) (DB17-20 methodology),0
TJK,Enforcing contracts,Court fees (% of claim),10
TJK,Enforcing contracts,Court structure and proceedings (0-5) (DB17-20 methodology),2.5
TJK,Enforcing contracts,Enforcement fees (% of claim),7
TJK,Enforcing contracts,Enforcement of judgment (days),270
TJK,Enforcing contracts,Filing and service (days),40
TJK,Enforcing contracts,Quality of judicial processes index (0-18) (DB17-20 methodology),6.5
TJK,Enforcing contracts,Time (days),430
TJK,Enforcing contracts,Trial and judgment (days),120
TJK,Getting credit,Credit bureau coverage (% of adults),47.6
TJK,Getting credit,Credit registry coverage (% of adults),0
TJK,Getting credit,Depth of credit information index (0-8) (DB15-20 methodology),7
TJK,Getting credit,Getting Credit total score (DB15-20 methodology),18
TJK,Getting credit,Strength of legal rights index (0-12) (DB15-20 methodology),11
TJK,Paying taxes,Labor tax and contributions (% of profit),28.5
TJK,Paying taxes,Other taxes (% of profit),21.1
TJK,Paying taxes,Payments (number per year),7
TJK,Paying taxes,Profit tax (% of profit),17.7
TJK,Paying taxes,Time (hours per year),224
TJK,Paying taxes,Time to complete a corporate income tax correction (weeks) (DB17-20 methodology),7
TJK,Paying taxes,Time to comply with VAT refund (hours) (DB17-20 methodology),No VAT refund per case study scenario
TJK,Paying taxes,Time to comply with a corporate income tax correction (hours) (DB17-20 methodology),10.5
TJK,Paying taxes,Time to obtain VAT refund (weeks) (DB17-20 methodology),No VAT refund per case study scenario
TJK,Paying taxes,Total tax and contribution rate (% of profit),67.3
TJK,Registering property,Cost (% of property value),2.8
TJK,Registering property,Equal access to property rights index (-2-0) (DB17-20 methodology),0
TJK,Registering property,Geographic coverage index (0-8) (DB17-20 methodology),0
TJK,Registering property,Land dispute resolution index (0-8) (DB17-20 methodology),6.5
TJK,Registering property,Procedures (number),4
TJK,Registering property,Quality of land administration index (0-30) (DB17-20 methodology),7.5
TJK,Registering property,Reliability of infrastructure index (0-8) (DB17-20 methodology),0
TJK,Registering property,Time (days),33
TJK,Registering property,Transparency of information index (0-6) (DB17-20 methodology),1
TJK,Resolving insolvency,Commencement of proceedings index (0-3) (DB15-20 methodology),1.5
TJK,Resolving insolvency,Cost (% of estate),17
TJK,Resolving insolvency,Creditor participation index (0-4) (DB15-20 methodology),1
TJK,Resolving insolvency,Management of debtor's assets index (0-6) (DB15-20 methodology),1
TJK,Resolving insolvency,Outcome (0 as piecemeal sale and 1 as going concern),0
TJK,Resolving insolvency,Recovery rate (cents on the dollar),29.6
TJK,Resolving insolvency,Reorganization proceedings index (0-3) (DB15-20 methodology),.5
TJK,Resolving insolvency,Strength of insolvency framework index (0-16),4
TJK,Resolving insolvency,Time (years),1.7
TJK,Starting a business,Cost - Men (% of income per capita),17.5
TJK,Starting a business,Cost - Women (% of income per capita),17.5
TJK,Starting a business,Paid-in Minimum capital (% of income per capita),0
TJK,Starting a business,Procedures - Men (number),3
TJK,Starting a business,Procedures - Women (number),3
TJK,Starting a business,Time - Men (days),7
TJK,Starting a business,Time - Women (days),7
TJK,Trading across borders,Cost to export: Border compliance (USD) (DB16-20 methodology),313.3333
TJK,Trading across borders,Cost to export: Documentary compliance (USD) (DB16-20 methodology),330
TJK,Trading across borders,Cost to import: Border compliance (USD) (DB16-20 methodology),223.3333
TJK,Trading across borders,Cost to import: Documentary compliance (USD) (DB16-20 methodology),260
TJK,Trading across borders,Time to export: Border compliance (hours) (DB16-20 methodology),26.5
TJK,Trading across borders,Time to export: Documentary compliance (hours) (DB16-20 methodology),66
TJK,Trading across borders,Time to import: Border compliance (hours) (DB16-20 methodology),106.5
TJK,Trading across borders,Time to import: Documentary compliance (hours) (DB16-20 methodology),126
TON,Dealing with construction permits,Building quality control index (0-15) (DB16-20 methodology),10
TON,Dealing with construction permits,Cost (% of Warehouse value),5.7
TON,Dealing with construction permits,Liability and insurance regimes index (0-2) (DB16-20 methodology),1
TON,Dealing with construction permits,Procedures (number),14
TON,Dealing with construction permits,Professional certifications index (0-4) (DB16-20 methodology),3
TON,Dealing with construction permits,Quality control after construction index (0-3) (DB16-20 methodology),3
TON,Dealing with construction permits,Quality control before construction index (0-1) (DB16-20 methodology),1
TON,Dealing with construction permits,Quality control during construction index (0-3) (DB16-20 methodology),2
TON,Dealing with construction permits,Quality of building regulations index (0-2) (DB16-20 methodology),0
TON,Dealing with construction permits,Time (days),77
TON,Enforcing contracts,Alternative dispute resolution (0-3) (DB17-20 methodology),.5
TON,Enforcing contracts,Attorney fees (% of claim),22.5
TON,Enforcing contracts,Case management (0-6) (DB17-20 methodology),1
TON,Enforcing contracts,Cost (% of claim),30.5
TON,Enforcing contracts,Court automation (0-4) (DB17-20 methodology),.5
TON,Enforcing contracts,Court fees (% of claim),6.7
TON,Enforcing contracts,Court structure and proceedings (0-5) (DB17-20 methodology),2.5
TON,Enforcing contracts,Enforcement fees (% of claim),1.3
TON,Enforcing contracts,Enforcement of judgment (days),80
TON,Enforcing contracts,Filing and service (days),7
TON,Enforcing contracts,Quality of judicial processes index (0-18) (DB17-20 methodology),4.5
TON,Enforcing contracts,Time (days),350
TON,Enforcing contracts,Trial and judgment (days),263
TON,Getting credit,Credit bureau coverage (% of adults),28.2
TON,Getting credit,Credit registry coverage (% of adults),0
TON,Getting credit,Depth of credit information index (0-8) (DB15-20 methodology),4
TON,Getting credit,Getting Credit total score (DB15-20 methodology),14
TON,Getting credit,Strength of legal rights index (0-12) (DB15-20 methodology),10
TON,Paying taxes,Labor tax and contributions (% of profit),5.6
TON,Paying taxes,Other taxes (% of profit),.7
TON,Paying taxes,Payments (number per year),30
TON,Paying taxes,Profit tax (% of profit),21.2
TON,Paying taxes,Time (hours per year),200
TON,Paying taxes,Time to complete a corporate income tax correction (weeks) (DB17-20 methodology),8.142857
TON,Paying taxes,Time to comply with VAT refund (hours) (DB17-20 methodology),42
TON,Paying taxes,Time to comply with a corporate income tax correction (hours) (DB17-20 methodology),14
TON,Paying taxes,Time to obtain VAT refund (weeks) (DB17-20 methodology),32.97619
TON,Paying taxes,Total tax and contribution rate (% of profit),27.5
TON,Registering property,Cost (% of property value),15.1
TON,Registering property,Equal access to property rights index (-2-0) (DB17-20 methodology),-2
TON,Registering property,Geographic coverage index (0-8) (DB17-20 methodology),8
TON,Registering property,Land dispute resolution index (0-8) (DB17-20 methodology),6
TON,Registering property,Procedures (number),4
TON,Registering property,Quality of land administration index (0-30) (DB17-20 methodology),15.5
TON,Registering property,Reliability of infrastructure index (0-8) (DB17-20 methodology),2
TON,Registering property,Time (days),112
TON,Registering property,Transparency of information index (0-6) (DB17-20 methodology),1.5
TON,Resolving insolvency,Commencement of proceedings index (0-3) (DB15-20 methodology),2
TON,Resolving insolvency,Cost (% of estate),22
TON,Resolving insolvency,Creditor participation index (0-4) (DB15-20 methodology),1
TON,Resolving insolvency,Management of debtor's assets index (0-6) (DB15-20 methodology),3
TON,Resolving insolvency,Outcome (0 as piecemeal sale and 1 as going concern),0
TON,Resolving insolvency,Recovery rate (cents on the dollar),28.2
TON,Resolving insolvency,Reorganization proceedings index (0-3) (DB15-20 methodology),0
TON,Resolving insolvency,Strength of insolvency framework index (0-16),6
TON,Resolving insolvency,Time (years),2.7
TON,Starting a business,Cost - Men (% of income per capita),6
TON,Starting a business,Cost - Women (% of income per capita),6
TON,Starting a business,Paid-in Minimum capital (% of income per capita),0
TON,Starting a business,Procedures - Men (number),4
TON,Starting a business,Procedures - Women (number),4
TON,Starting a business,Time - Men (days),16
TON,Starting a business,Time - Women (days),16
TON,Trading across borders,Cost to export: Border compliance (USD) (DB16-20 methodology),201
TON,Trading across borders,Cost to export: Documentary compliance (USD) (DB16-20 methodology),70
TON,Trading across borders,Cost to import: Border compliance (USD) (DB16-20 methodology),330
TON,Trading across borders,Cost to import: Documentary compliance (USD) (DB16-20 methodology),147.5
TON,Trading across borders,Time to export: Border compliance (hours) (DB16-20 methodology),52
TON,Trading across borders,Time to export: Documentary compliance (hours) (DB16-20 methodology),108
TON,Trading across borders,Time to import: Border compliance (hours) (DB16-20 methodology),25.5
TON,Trading across borders,Time to import: Documentary compliance (hours) (DB16-20 methodology),72
TTO,Dealing with construction permits,Building quality control index (0-15) (DB16-20 methodology),10
TTO,Dealing with construction permits,Cost (% of Warehouse value),.1
TTO,Dealing with construction permits,Liability and insurance regimes index (0-2) (DB16-20 methodology),0
TTO,Dealing with construction permits,Procedures (number),16
TTO,Dealing with construction permits,Professional certifications index (0-4) (DB16-20 methodology),3
TTO,Dealing with construction permits,Quality control after construction index (0-3) (DB16-20 methodology),3
TTO,Dealing with construction permits,Quality control before construction index (0-1) (DB16-20 methodology),1
TTO,Dealing with construction permits,Quality control during construction index (0-3) (DB16-20 methodology),1
TTO,Dealing with construction permits,Quality of building regulations index (0-2) (DB16-20 methodology),2
TTO,Dealing with construction permits,Time (days),254
TTO,Enforcing contracts,Alternative dispute resolution (0-3) (DB17-20 methodology),2.5
TTO,Enforcing contracts,Attorney fees (% of claim),30.4
TTO,Enforcing contracts,Case management (0-6) (DB17-20 methodology),2
TTO,Enforcing contracts,Cost (% of claim),33.5
TTO,Enforcing contracts,Court automation (0-4) (DB17-20 methodology),.5
TTO,Enforcing contracts,Court fees (% of claim),.1
TTO,Enforcing contracts,Court structure and proceedings (0-5) (DB17-20 methodology),3
TTO,Enforcing contracts,Enforcement fees (% of claim),3
TTO,Enforcing contracts,Enforcement of judgment (days),60
TTO,Enforcing contracts,Filing and service (days),85
TTO,Enforcing contracts,Quality of judicial processes index (0-18) (DB17-20 methodology),8
TTO,Enforcing contracts,Time (days),1340
TTO,Enforcing contracts,Trial and judgment (days),1195
TTO,Getting credit,Credit bureau coverage (% of adults),81
TTO,Getting credit,Credit registry coverage (% of adults),0
TTO,Getting credit,Depth of credit information index (0-8) (DB15-20 methodology),6
TTO,Getting credit,Getting Credit total score (DB15-20 methodology),13
TTO,Getting credit,Strength of legal rights index (0-12) (DB15-20 methodology),7
TTO,Paying taxes,Labor tax and contributions (% of profit),9.4
TTO,Paying taxes,Other taxes (% of profit),5.3
TTO,Paying taxes,Payments (number per year),39
TTO,Paying taxes,Profit tax (% of profit),25.8
TTO,Paying taxes,Time (hours per year),210
TTO,Paying taxes,Time to complete a corporate income tax correction (weeks) (DB17-20 methodology),32.28571
TTO,Paying taxes,Time to comply with VAT refund (hours) (DB17-20 methodology),27
TTO,Paying taxes,Time to comply with a corporate income tax correction (hours) (DB17-20 methodology),54
TTO,Paying taxes,Time to obtain VAT refund (weeks) (DB17-20 methodology),40.33333
TTO,Paying taxes,Total tax and contribution rate (% of profit),40.5
TTO,Registering property,Cost (% of property value),7
TTO,Registering property,Equal access to property rights index (-2-0) (DB17-20 methodology),0
TTO,Registering property,Geographic coverage index (0-8) (DB17-20 methodology),2
TTO,Registering property,Land dispute resolution index (0-8) (DB17-20 methodology),3.5
TTO,Registering property,Procedures (number),9
TTO,Registering property,Quality of land administration index (0-30) (DB17-20 methodology),11
TTO,Registering property,Reliability of infrastructure index (0-8) (DB17-20 methodology),4
TTO,Registering property,Time (days),77
TTO,Registering property,Transparency of information index (0-6) (DB17-20 methodology),1.5
TTO,Resolving insolvency,Commencement of proceedings index (0-3) (DB15-20 methodology),2.5
TTO,Resolving insolvency,Cost (% of estate),25
TTO,Resolving insolvency,Creditor participation index (0-4) (DB15-20 methodology),3
TTO,Resolving insolvency,Management of debtor's assets index (0-6) (DB15-20 methodology),4.5
TTO,Resolving insolvency,Outcome (0 as piecemeal sale and 1 as going concern),0
TTO,Resolving insolvency,Recovery rate (cents on the dollar),26.1
TTO,Resolving insolvency,Reorganization proceedings index (0-3) (DB15-20 methodology),1
TTO,Resolving insolvency,Strength of insolvency framework index (0-16),11
TTO,Resolving insolvency,Time (years),2.5
TTO,Starting a business,Cost - Men (% of income per capita),.7
TTO,Starting a business,Cost - Women (% of income per capita),.7
TTO,Starting a business,Paid-in Minimum capital (% of income per capita),0
TTO,Starting a business,Procedures - Men (number),7
TTO,Starting a business,Procedures - Women (number),7
TTO,Starting a business,Time - Men (days),10.5
TTO,Starting a business,Time - Women (days),10.5
TTO,Trading across borders,Cost to export: Border compliance (USD) (DB16-20 methodology),498.5
TTO,Trading across borders,Cost to export: Documentary compliance (USD) (DB16-20 methodology),250
TTO,Trading across borders,Cost to import: Border compliance (USD) (DB16-20 methodology),635
TTO,Trading across borders,Cost to import: Documentary compliance (USD) (DB16-20 methodology),250
TTO,Trading across borders,Time to export: Border compliance (hours) (DB16-20 methodology),60
TTO,Trading across borders,Time to export: Documentary compliance (hours) (DB16-20 methodology),32
TTO,Trading across borders,Time to import: Border compliance (hours) (DB16-20 methodology),78
TTO,Trading across borders,Time to import: Documentary compliance (hours) (DB16-20 methodology),44
TUN,Dealing with construction permits,Building quality control index (0-15) (DB16-20 methodology),14
TUN,Dealing with construction permits,Cost (% of Warehouse value),3.4
TUN,Dealing with construction permits,Liability and insurance regimes index (0-2) (DB16-20 methodology),2
TUN,Dealing with construction permits,Procedures (number),14
TUN,Dealing with construction permits,Professional certifications index (0-4) (DB16-20 methodology),4
TUN,Dealing with construction permits,Quality control after construction index (0-3) (DB16-20 methodology),3
TUN,Dealing with construction permits,Quality control before construction index (0-1) (DB16-20 methodology),1
TUN,Dealing with construction permits,Quality control during construction index (0-3) (DB16-20 methodology),2
TUN,Dealing with construction permits,Quality of building regulations index (0-2) (DB16-20 methodology),2
TUN,Dealing with construction permits,Time (days),133
TUN,Enforcing contracts,Alternative dispute resolution (0-3) (DB17-20 methodology),2
TUN,Enforcing contracts,Attorney fees (% of claim),13.8
TUN,Enforcing contracts,Case management (0-6) (DB17-20 methodology),0
TUN,Enforcing contracts,Cost (% of claim),21.8
TUN,Enforcing contracts,Court automation (0-4) (DB17-20 methodology),0
TUN,Enforcing contracts,Court fees (% of claim),5
TUN,Enforcing contracts,Court structure and proceedings (0-5) (DB17-20 methodology),4.5
TUN,Enforcing contracts,Enforcement fees (% of claim),3
TUN,Enforcing contracts,Enforcement of judgment (days),210
TUN,Enforcing contracts,Filing and service (days),55
TUN,Enforcing contracts,Quality of judicial processes index (0-18) (DB17-20 methodology),6.5
TUN,Enforcing contracts,Time (days),565
TUN,Enforcing contracts,Trial and judgment (days),300
TUN,Getting credit,Credit bureau coverage (% of adults),0
TUN,Getting credit,Credit registry coverage (% of adults),36.4
TUN,Getting credit,Depth of credit information index (0-8) (DB15-20 methodology),7
TUN,Getting credit,Getting Credit total score (DB15-20 methodology),10
TUN,Getting credit,Strength of legal rights index (0-12) (DB15-20 methodology),3
TUN,Paying taxes,Labor tax and contributions (% of profit),25.3
TUN,Paying taxes,Other taxes (% of profit),21.8
TUN,Paying taxes,Payments (number per year),8
TUN,Paying taxes,Profit tax (% of profit),13.6
TUN,Paying taxes,Time (hours per year),144
TUN,Paying taxes,Time to complete a corporate income tax correction (weeks) (DB17-20 methodology),0
TUN,Paying taxes,Time to comply with VAT refund (hours) (DB17-20 methodology),45
TUN,Paying taxes,Time to comply with a corporate income tax correction (hours) (DB17-20 methodology),1.5
TUN,Paying taxes,Time to obtain VAT refund (weeks) (DB17-20 methodology),62.16667
TUN,Paying taxes,Total tax and contribution rate (% of profit),60.7
TUN,Registering property,Cost (% of property value),6.1
TUN,Registering property,Equal access to property rights index (-2-0) (DB17-20 methodology),0
TUN,Registering property,Geographic coverage index (0-8) (DB17-20 methodology),0
TUN,Registering property,Land dispute resolution index (0-8) (DB17-20 methodology),5
TUN,Registering property,Procedures (number),5
TUN,Registering property,Quality of land administration index (0-30) (DB17-20 methodology),13.5
TUN,Registering property,Reliability of infrastructure index (0-8) (DB17-20 methodology),4
TUN,Registering property,Time (days),35
TUN,Registering property,Transparency of information index (0-6) (DB17-20 methodology),4.5
TUN,Resolving insolvency,Commencement of proceedings index (0-3) (DB15-20 methodology),2
TUN,Resolving insolvency,Cost (% of estate),7
TUN,Resolving insolvency,Creditor participation index (0-4) (DB15-20 methodology),1
TUN,Resolving insolvency,Management of debtor's assets index (0-6) (DB15-20 methodology),5.5
TUN,Resolving insolvency,Outcome (0 as piecemeal sale and 1 as going concern),0
TUN,Resolving insolvency,Recovery rate (cents on the dollar),51.3
TUN,Resolving insolvency,Reorganization proceedings index (0-3) (DB15-20 methodology),0
TUN,Resolving insolvency,Strength of insolvency framework index (0-16),8.5
TUN,Resolving insolvency,Time (years),1.3
TUN,Starting a business,Cost - Men (% of income per capita),2.9
TUN,Starting a business,Cost - Women (% of income per capita),2.9
TUN,Starting a business,Paid-in Minimum capital (% of income per capita),0
TUN,Starting a business,Procedures - Men (number),3
TUN,Starting a business,Procedures - Women (number),3
TUN,Starting a business,Time - Men (days),9
TUN,Starting a business,Time - Women (days),9
TUN,Trading across borders,Cost to export: Border compliance (USD) (DB16-20 methodology),374.8462
TUN,Trading across borders,Cost to export: Documentary compliance (USD) (DB16-20 methodology),200
TUN,Trading across borders,Cost to import: Border compliance (USD) (DB16-20 methodology),596.1538
TUN,Trading across borders,Cost to import: Documentary compliance (USD) (DB16-20 methodology),144.4444
TUN,Trading across borders,Time to export: Border compliance (hours) (DB16-20 methodology),12
TUN,Trading across borders,Time to export: Documentary compliance (hours) (DB16-20 methodology),3
TUN,Trading across borders,Time to import: Border compliance (hours) (DB16-20 methodology),80
TUN,Trading across borders,Time to import: Documentary compliance (hours) (DB16-20 methodology),26.92308
TUR,Dealing with construction permits,Building quality control index (0-15) (DB16-20 methodology),13
TUR,Dealing with construction permits,Cost (% of Warehouse value),3.6
TUR,Dealing with construction permits,Liability and insurance regimes index (0-2) (DB16-20 methodology),1
TUR,Dealing with construction permits,Procedures (number),18
TUR,Dealing with construction permits,Professional certifications index (0-4) (DB16-20 methodology),4
TUR,Dealing with construction permits,Quality control after construction index (0-3) (DB16-20 methodology),3
TUR,Dealing with construction permits,Quality control before construction index (0-1) (DB16-20 methodology),1
TUR,Dealing with construction permits,Quality control during construction index (0-3) (DB16-20 methodology),2
TUR,Dealing with construction permits,Quality of building regulations index (0-2) (DB16-20 methodology),2
TUR,Dealing with construction permits,Time (days),100
TUR,Enforcing contracts,Alternative dispute resolution (0-3) (DB17-20 methodology),2.5
TUR,Enforcing contracts,Attorney fees (% of claim),12
TUR,Enforcing contracts,Case management (0-6) (DB17-20 methodology),5
TUR,Enforcing contracts,Cost (% of claim),24.9
TUR,Enforcing contracts,Court automation (0-4) (DB17-20 methodology),4
TUR,Enforcing contracts,Court fees (% of claim),3
TUR,Enforcing contracts,Court structure and proceedings (0-5) (DB17-20 methodology),3.5
TUR,Enforcing contracts,Enforcement fees (% of claim),9.9
TUR,Enforcing contracts,Enforcement of judgment (days),129
TUR,Enforcing contracts,Filing and service (days),44
TUR,Enforcing contracts,Quality of judicial processes index (0-18) (DB17-20 methodology),15
TUR,Enforcing contracts,Time (days),623
TUR,Enforcing contracts,Trial and judgment (days),450
TUR,Getting credit,Credit bureau coverage (% of adults),0
TUR,Getting credit,Credit registry coverage (% of adults),80.2
TUR,Getting credit,Depth of credit information index (0-8) (DB15-20 methodology),8
TUR,Getting credit,Getting Credit total score (DB15-20 methodology),15
TUR,Getting credit,Strength of legal rights index (0-12) (DB15-20 methodology),7
TUR,Paying taxes,Labor tax and contributions (% of profit),19.7
TUR,Paying taxes,Other taxes (% of profit),2.5
TUR,Paying taxes,Payments (number per year),10
TUR,Paying taxes,Profit tax (% of profit),20
TUR,Paying taxes,Time (hours per year),170
TUR,Paying taxes,Time to complete a corporate income tax correction (weeks) (DB17-20 methodology),0
TUR,Paying taxes,Time to comply with a corporate income tax correction (hours) (DB17-20 methodology),1.5
TUR,Paying taxes,Total tax and contribution rate (% of profit),42.3
TUR,Registering property,Cost (% of property value),3
TUR,Registering property,Equal access to property rights index (-2-0) (DB17-20 methodology),0
TUR,Registering property,Geographic coverage index (0-8) (DB17-20 methodology),8
TUR,Registering property,Land dispute resolution index (0-8) (DB17-20 methodology),7
TUR,Registering property,Procedures (number),6
TUR,Registering property,Quality of land administration index (0-30) (DB17-20 methodology),27
TUR,Registering property,Reliability of infrastructure index (0-8) (DB17-20 methodology),8
TUR,Registering property,Time (days),4.5
TUR,Registering property,Transparency of information index (0-6) (DB17-20 methodology),4
TUR,Resolving insolvency,Commencement of proceedings index (0-3) (DB15-20 methodology),3
TUR,Resolving insolvency,Cost (% of estate),14.5
TUR,Resolving insolvency,Creditor participation index (0-4) (DB15-20 methodology),3
TUR,Resolving insolvency,Management of debtor's assets index (0-6) (DB15-20 methodology),3
TUR,Resolving insolvency,Outcome (0 as piecemeal sale and 1 as going concern),0
TUR,Resolving insolvency,Recovery rate (cents on the dollar),10.5
TUR,Resolving insolvency,Reorganization proceedings index (0-3) (DB15-20 methodology),1.5
TUR,Resolving insolvency,Strength of insolvency framework index (0-16),10.5
TUR,Resolving insolvency,Time (years),5
TUR,Starting a business,Cost - Men (% of income per capita),6
TUR,Starting a business,Cost - Women (% of income per capita),6
TUR,Starting a business,Paid-in Minimum capital (% of income per capita),0
TUR,Starting a business,Procedures - Men (number),7
TUR,Starting a business,Procedures - Women (number),7
TUR,Starting a business,Time - Men (days),7
TUR,Starting a business,Time - Women (days),7
TUR,Trading across borders,Cost to export: Border compliance (USD) (DB16-20 methodology),338
TUR,Trading across borders,Cost to export: Documentary compliance (USD) (DB16-20 methodology),55
TUR,Trading across borders,Cost to import: Border compliance (USD) (DB16-20 methodology),46
TUR,Trading across borders,Cost to import: Documentary compliance (USD) (DB16-20 methodology),55
TUR,Trading across borders,Time to export: Border compliance (hours) (DB16-20 methodology),9.75
TUR,Trading across borders,Time to export: Documentary compliance (hours) (DB16-20 methodology),4
TUR,Trading across borders,Time to import: Border compliance (hours) (DB16-20 methodology),6.5
TUR,Trading across borders,Time to import: Documentary compliance (hours) (DB16-20 methodology),2
TZA,Dealing with construction permits,Building quality control index (0-15) (DB16-20 methodology),12
TZA,Dealing with construction permits,Cost (% of Warehouse value),5.4
TZA,Dealing with construction permits,Liability and insurance regimes index (0-2) (DB16-20 methodology),0
TZA,Dealing with construction permits,Procedures (number),24
TZA,Dealing with construction permits,Professional certifications index (0-4) (DB16-20 methodology),4
TZA,Dealing with construction permits,Quality control after construction index (0-3) (DB16-20 methodology),3
TZA,Dealing with construction permits,Quality control before construction index (0-1) (DB16-20 methodology),1
TZA,Dealing with construction permits,Quality control during construction index (0-3) (DB16-20 methodology),2
TZA,Dealing with construction permits,Quality of building regulations index (0-2) (DB16-20 methodology),2
TZA,Dealing with construction permits,Time (days),184
TZA,Enforcing contracts,Alternative dispute resolution (0-3) (DB17-20 methodology),1.5
TZA,Enforcing contracts,Attorney fees (% of claim),10
TZA,Enforcing contracts,Case management (0-6) (DB17-20 methodology),1.5
TZA,Enforcing contracts,Cost (% of claim),14.3
TZA,Enforcing contracts,Court automation (0-4) (DB17-20 methodology),0
TZA,Enforcing contracts,Court fees (% of claim),4.3
TZA,Enforcing contracts,Court structure and proceedings (0-5) (DB17-20 methodology),3
TZA,Enforcing contracts,Enforcement fees (% of claim),0
TZA,Enforcing contracts,Enforcement of judgment (days),90
TZA,Enforcing contracts,Filing and service (days),60
TZA,Enforcing contracts,Quality of judicial processes index (0-18) (DB17-20 methodology),6
TZA,Enforcing contracts,Time (days),515
TZA,Enforcing contracts,Trial and judgment (days),365
TZA,Getting credit,Credit bureau coverage (% of adults),6.1
TZA,Getting credit,Credit registry coverage (% of adults),0
TZA,Getting credit,Depth of credit information index (0-8) (DB15-20 methodology),8
TZA,Getting credit,Getting Credit total score (DB15-20 methodology),13
TZA,Getting credit,Strength of legal rights index (0-12) (DB15-20 methodology),5
TZA,Paying taxes,Labor tax and contributions (% of profit),17.5
TZA,Paying taxes,Other taxes (% of profit),5.4
TZA,Paying taxes,Payments (number per year),59
TZA,Paying taxes,Profit tax (% of profit),20.9
TZA,Paying taxes,Time (hours per year),207
TZA,Paying taxes,Time to complete a corporate income tax correction (weeks) (DB17-20 methodology),0
TZA,Paying taxes,Time to comply with VAT refund (hours) (DB17-20 methodology),60
TZA,Paying taxes,Time to comply with a corporate income tax correction (hours) (DB17-20 methodology),5
TZA,Paying taxes,Time to obtain VAT refund (weeks) (DB17-20 methodology),109.881
TZA,Paying taxes,Total tax and contribution rate (% of profit),43.8
TZA,Registering property,Cost (% of property value),5.2
TZA,Registering property,Equal access to property rights index (-2-0) (DB17-20 methodology),0
TZA,Registering property,Geographic coverage index (0-8) (DB17-20 methodology),0
TZA,Registering property,Land dispute resolution index (0-8) (DB17-20 methodology),5
TZA,Registering property,Procedures (number),8
TZA,Registering property,Quality of land administration index (0-30) (DB17-20 methodology),7.5
TZA,Registering property,Reliability of infrastructure index (0-8) (DB17-20 methodology),0
TZA,Registering property,Time (days),67
TZA,Registering property,Transparency of information index (0-6) (DB17-20 methodology),2.5
TZA,Resolving insolvency,Commencement of proceedings index (0-3) (DB15-20 methodology),3
TZA,Resolving insolvency,Cost (% of estate),22
TZA,Resolving insolvency,Creditor participation index (0-4) (DB15-20 methodology),1
TZA,Resolving insolvency,Management of debtor's assets index (0-6) (DB15-20 methodology),4
TZA,Resolving insolvency,Outcome (0 as piecemeal sale and 1 as going concern),0
TZA,Resolving insolvency,Recovery rate (cents on the dollar),20.4
TZA,Resolving insolvency,Reorganization proceedings index (0-3) (DB15-20 methodology),1
TZA,Resolving insolvency,Strength of insolvency framework index (0-16),9
TZA,Resolving insolvency,Time (years),3
TZA,Starting a business,Cost - Men (% of income per capita),40.6
TZA,Starting a business,Cost - Women (% of income per capita),40.6
TZA,Starting a business,Paid-in Minimum capital (% of income per capita),0
TZA,Starting a business,Procedures - Men (number),10
TZA,Starting a business,Procedures - Women (number),10
TZA,Starting a business,Time - Men (days),29.5
TZA,Starting a business,Time - Women (days),29.5
TZA,Trading across borders,Cost to export: Border compliance (USD) (DB16-20 methodology),1175
TZA,Trading across borders,Cost to export: Documentary compliance (USD) (DB16-20 methodology),275
TZA,Trading across borders,Cost to import: Border compliance (USD) (DB16-20 methodology),1350
TZA,Trading across borders,Cost to import: Documentary compliance (USD) (DB16-20 methodology),375
TZA,Trading across borders,Time to export: Border compliance (hours) (DB16-20 methodology),96
TZA,Trading across borders,Time to export: Documentary compliance (hours) (DB16-20 methodology),96
TZA,Trading across borders,Time to import: Border compliance (hours) (DB16-20 methodology),402
TZA,Trading across borders,Time to import: Documentary compliance (hours) (DB16-20 methodology),240
UGA,Dealing with construction permits,Building quality control index (0-15) (DB16-20 methodology),12
UGA,Dealing with construction permits,Cost (% of Warehouse value),7.4
UGA,Dealing with construction permits,Liability and insurance regimes index (0-2) (DB16-20 methodology),0
UGA,Dealing with construction permits,Procedures (number),18
UGA,Dealing with construction permits,Professional certifications index (0-4) (DB16-20 methodology),4
UGA,Dealing with construction permits,Quality control after construction index (0-3) (DB16-20 methodology),3
UGA,Dealing with construction permits,Quality control before construction index (0-1) (DB16-20 methodology),1
UGA,Dealing with construction permits,Quality control during construction index (0-3) (DB16-20 methodology),2
UGA,Dealing with construction permits,Quality of building regulations index (0-2) (DB16-20 methodology),2
UGA,Dealing with construction permits,Time (days),113
UGA,Enforcing contracts,Alternative dispute resolution (0-3) (DB17-20 methodology),2.5
UGA,Enforcing contracts,Attorney fees (% of claim),15
UGA,Enforcing contracts,Case management (0-6) (DB17-20 methodology),1.5
UGA,Enforcing contracts,Cost (% of claim),31.3
UGA,Enforcing contracts,Court automation (0-4) (DB17-20 methodology),.5
UGA,Enforcing contracts,Court fees (% of claim),6.7
UGA,Enforcing contracts,Court structure and proceedings (0-5) (DB17-20 methodology),4
UGA,Enforcing contracts,Enforcement fees (% of claim),9.6
UGA,Enforcing contracts,Enforcement of judgment (days),105
UGA,Enforcing contracts,Filing and service (days),20
UGA,Enforcing contracts,Quality of judicial processes index (0-18) (DB17-20 methodology),8.5
UGA,Enforcing contracts,Time (days),490
UGA,Enforcing contracts,Trial and judgment (days),365
UGA,Getting credit,Credit bureau coverage (% of adults),6.9
UGA,Getting credit,Credit registry coverage (% of adults),0
UGA,Getting credit,Depth of credit information index (0-8) (DB15-20 methodology),7
UGA,Getting credit,Getting Credit total score (DB15-20 methodology),12
UGA,Getting credit,Strength of legal rights index (0-12) (DB15-20 methodology),5
UGA,Paying taxes,Labor tax and contributions (% of profit),11.3
UGA,Paying taxes,Other taxes (% of profit),.1
UGA,Paying taxes,Payments (number per year),31
UGA,Paying taxes,Profit tax (% of profit),22.3
UGA,Paying taxes,Time (hours per year),195
UGA,Paying taxes,Time to complete a corporate income tax correction (weeks) (DB17-20 methodology),11.28571
UGA,Paying taxes,Time to comply with VAT refund (hours) (DB17-20 methodology),9
UGA,Paying taxes,Time to comply with a corporate income tax correction (hours) (DB17-20 methodology),20
UGA,Paying taxes,Time to obtain VAT refund (weeks) (DB17-20 methodology),15.45238
UGA,Paying taxes,Total tax and contribution rate (% of profit),33.7
UGA,Registering property,Cost (% of property value),3.9
UGA,Registering property,Equal access to property rights index (-2-0) (DB17-20 methodology),0
UGA,Registering property,Geographic coverage index (0-8) (DB17-20 methodology),0
UGA,Registering property,Land dispute resolution index (0-8) (DB17-20 methodology),4
UGA,Registering property,Procedures (number),10
UGA,Registering property,Quality of land administration index (0-30) (DB17-20 methodology),10.5
UGA,Registering property,Reliability of infrastructure index (0-8) (DB17-20 methodology),3
UGA,Registering property,Time (days),42
UGA,Registering property,Transparency of information index (0-6) (DB17-20 methodology),3.5
UGA,Resolving insolvency,Commencement of proceedings index (0-3) (DB15-20 methodology),2.5
UGA,Resolving insolvency,Cost (% of estate),29.5
UGA,Resolving insolvency,Creditor participation index (0-4) (DB15-20 methodology),1
UGA,Resolving insolvency,Management of debtor's assets index (0-6) (DB15-20 methodology),3
UGA,Resolving insolvency,Outcome (0 as piecemeal sale and 1 as going concern),1
UGA,Resolving insolvency,Recovery rate (cents on the dollar),40.3
UGA,Resolving insolvency,Reorganization proceedings index (0-3) (DB15-20 methodology),.5
UGA,Resolving insolvency,Strength of insolvency framework index (0-16),7
UGA,Resolving insolvency,Time (years),2.2
UGA,Starting a business,Cost - Men (% of income per capita),40.5
UGA,Starting a business,Cost - Women (% of income per capita),40.5
UGA,Starting a business,Paid-in Minimum capital (% of income per capita),0
UGA,Starting a business,Procedures - Men (number),13
UGA,Starting a business,Procedures - Women (number),13
UGA,Starting a business,Time - Men (days),24
UGA,Starting a business,Time - Women (days),24
UGA,Trading across borders,Cost to export: Border compliance (USD) (DB16-20 methodology),209.375
UGA,Trading across borders,Cost to export: Documentary compliance (USD) (DB16-20 methodology),101.875
UGA,Trading across borders,Cost to import: Border compliance (USD) (DB16-20 methodology),446.6875
UGA,Trading across borders,Cost to import: Documentary compliance (USD) (DB16-20 methodology),295.625
UGA,Trading across borders,Time to export: Border compliance (hours) (DB16-20 methodology),59
UGA,Trading across borders,Time to export: Documentary compliance (hours) (DB16-20 methodology),24
UGA,Trading across borders,Time to import: Border compliance (hours) (DB16-20 methodology),145
UGA,Trading across borders,Time to import: Documentary compliance (hours) (DB16-20 methodology),96
UKR,Dealing with construction permits,Building quality control index (0-15) (DB16-20 methodology),12
UKR,Dealing with construction permits,Cost (% of Warehouse value),4.4
UKR,Dealing with construction permits,Liability and insurance regimes index (0-2) (DB16-20 methodology),1
UKR,Dealing with construction permits,Procedures (number),10
UKR,Dealing with construction permits,Professional certifications index (0-4) (DB16-20 methodology),4
UKR,Dealing with construction permits,Quality control after construction index (0-3) (DB16-20 methodology),3
UKR,Dealing with construction permits,Quality control before construction index (0-1) (DB16-20 methodology),0
UKR,Dealing with construction permits,Quality control during construction index (0-3) (DB16-20 methodology),2
UKR,Dealing with construction permits,Quality of building regulations index (0-2) (DB16-20 methodology),2
UKR,Dealing with construction permits,Time (days),72.5
UKR,Enforcing contracts,Alternative dispute resolution (0-3) (DB17-20 methodology),1.5
UKR,Enforcing contracts,Attorney fees (% of claim),25
UKR,Enforcing contracts,Case management (0-6) (DB17-20 methodology),3
UKR,Enforcing contracts,Cost (% of claim),46.3
UKR,Enforcing contracts,Court automation (0-4) (DB17-20 methodology),2
UKR,Enforcing contracts,Court fees (% of claim),9.9
UKR,Enforcing contracts,Court structure and proceedings (0-5) (DB17-20 methodology),5
UKR,Enforcing contracts,Enforcement fees (% of claim),11.4
UKR,Enforcing contracts,Enforcement of judgment (days),180
UKR,Enforcing contracts,Filing and service (days),48
UKR,Enforcing contracts,Quality of judicial processes index (0-18) (DB17-20 methodology),11.5
UKR,Enforcing contracts,Time (days),378
UKR,Enforcing contracts,Trial and judgment (days),150
UKR,Getting credit,Credit bureau coverage (% of adults),56.9
UKR,Getting credit,Credit registry coverage (% of adults),2.4
UKR,Getting credit,Depth of credit information index (0-8) (DB15-20 methodology),7
UKR,Getting credit,Getting Credit total score (DB15-20 methodology),15
UKR,Getting credit,Strength of legal rights index (0-12) (DB15-20 methodology),8
UKR,Paying taxes,Labor tax and contributions (% of profit),33.8
UKR,Paying taxes,Other taxes (% of profit),1.1
UKR,Paying taxes,Payments (number per year),5
UKR,Paying taxes,Profit tax (% of profit),10.2
UKR,Paying taxes,Time (hours per year),327.5
UKR,Paying taxes,Time to complete a corporate income tax correction (weeks) (DB17-20 methodology),0
UKR,Paying taxes,Time to comply with VAT refund (hours) (DB17-20 methodology),16
UKR,Paying taxes,Time to comply with a corporate income tax correction (hours) (DB17-20 methodology),3
UKR,Paying taxes,Time to obtain VAT refund (weeks) (DB17-20 methodology),14.30952
UKR,Paying taxes,Total tax and contribution rate (% of profit),45.2
UKR,Registering property,Cost (% of property value),1.7
UKR,Registering property,Equal access to property rights index (-2-0) (DB17-20 methodology),0
UKR,Registering property,Geographic coverage index (0-8) (DB17-20 methodology),0
UKR,Registering property,Land dispute resolution index (0-8) (DB17-20 methodology),7.5
UKR,Registering property,Procedures (number),7
UKR,Registering property,Quality of land administration index (0-30) (DB17-20 methodology),16
UKR,Registering property,Reliability of infrastructure index (0-8) (DB17-20 methodology),5
UKR,Registering property,Time (days),15
UKR,Registering property,Transparency of information index (0-6) (DB17-20 methodology),3.5
UKR,Resolving insolvency,Commencement of proceedings index (0-3) (DB15-20 methodology),2
UKR,Resolving insolvency,Cost (% of estate),40.5
UKR,Resolving insolvency,Creditor participation index (0-4) (DB15-20 methodology),2
UKR,Resolving insolvency,Management of debtor's assets index (0-6) (DB15-20 methodology),4
UKR,Resolving insolvency,Outcome (0 as piecemeal sale and 1 as going concern),0
UKR,Resolving insolvency,Recovery rate (cents on the dollar),9
UKR,Resolving insolvency,Reorganization proceedings index (0-3) (DB15-20 methodology),.5
UKR,Resolving insolvency,Strength of insolvency framework index (0-16),8.5
UKR,Resolving insolvency,Time (years),2.9
UKR,Starting a business,Cost - Men (% of income per capita),.5
UKR,Starting a business,Cost - Women (% of income per capita),.5
UKR,Starting a business,Paid-in Minimum capital (% of income per capita),0
UKR,Starting a business,Procedures - Men (number),6
UKR,Starting a business,Procedures - Women (number),6
UKR,Starting a business,Time - Men (days),6.5
UKR,Starting a business,Time - Women (days),6.5
UKR,Trading across borders,Cost to export: Border compliance (USD) (DB16-20 methodology),75
UKR,Trading across borders,Cost to export: Documentary compliance (USD) (DB16-20 methodology),192
UKR,Trading across borders,Cost to import: Border compliance (USD) (DB16-20 methodology),100
UKR,Trading across borders,Cost to import: Documentary compliance (USD) (DB16-20 methodology),162
UKR,Trading across borders,Time to export: Border compliance (hours) (DB16-20 methodology),6
UKR,Trading across borders,Time to export: Documentary compliance (hours) (DB16-20 methodology),66
UKR,Trading across borders,Time to import: Border compliance (hours) (DB16-20 methodology),32
UKR,Trading across borders,Time to import: Documentary compliance (hours) (DB16-20 methodology),48
URY,Dealing with construction permits,Building quality control index (0-15) (DB16-20 methodology),9
URY,Dealing with construction permits,Cost (% of Warehouse value),1
URY,Dealing with construction permits,Liability and insurance regimes index (0-2) (DB16-20 methodology),1
URY,Dealing with construction permits,Procedures (number),19
URY,Dealing with construction permits,Professional certifications index (0-4) (DB16-20 methodology),0
URY,Dealing with construction permits,Quality control after construction index (0-3) (DB16-20 methodology),3
URY,Dealing with construction permits,Quality control before construction index (0-1) (DB16-20 methodology),1
URY,Dealing with construction permits,Quality control during construction index (0-3) (DB16-20 methodology),2
URY,Dealing with construction permits,Quality of building regulations index (0-2) (DB16-20 methodology),2
URY,Dealing with construction permits,Time (days),265
URY,Enforcing contracts,Alternative dispute resolution (0-3) (DB17-20 methodology),2
URY,Enforcing contracts,Attorney fees (% of claim),14
URY,Enforcing contracts,Case management (0-6) (DB17-20 methodology),3
URY,Enforcing contracts,Cost (% of claim),23.2
URY,Enforcing contracts,Court automation (0-4) (DB17-20 methodology),1
URY,Enforcing contracts,Court fees (% of claim),6
URY,Enforcing contracts,Court structure and proceedings (0-5) (DB17-20 methodology),2
URY,Enforcing contracts,Enforcement fees (% of claim),3.2
URY,Enforcing contracts,Enforcement of judgment (days),270
URY,Enforcing contracts,Filing and service (days),35
URY,Enforcing contracts,Quality of judicial processes index (0-18) (DB17-20 methodology),8
URY,Enforcing contracts,Time (days),725
URY,Enforcing contracts,Trial and judgment (days),420
URY,Getting credit,Credit bureau coverage (% of adults),100
URY,Getting credit,Credit registry coverage (% of adults),100
URY,Getting credit,Depth of credit information index (0-8) (DB15-20 methodology),8
URY,Getting credit,Getting Credit total score (DB15-20 methodology),12
URY,Getting credit,Strength of legal rights index (0-12) (DB15-20 methodology),4
URY,Paying taxes,Labor tax and contributions (% of profit),15.6
URY,Paying taxes,Other taxes (% of profit),2.6
URY,Paying taxes,Payments (number per year),20
URY,Paying taxes,Profit tax (% of profit),23.6
URY,Paying taxes,Time (hours per year),163
URY,Paying taxes,Time to complete a corporate income tax correction (weeks) (DB17-20 methodology),0
URY,Paying taxes,Time to comply with VAT refund (hours) (DB17-20 methodology),No VAT refund per case study scenario
URY,Paying taxes,Time to comply with a corporate income tax correction (hours) (DB17-20 methodology),2.5
URY,Paying taxes,Time to obtain VAT refund (weeks) (DB17-20 methodology),No VAT refund per case study scenario
URY,Paying taxes,Total tax and contribution rate (% of profit),41.8
URY,Registering property,Cost (% of property value),7
URY,Registering property,Equal access to property rights index (-2-0) (DB17-20 methodology),0
URY,Registering property,Geographic coverage index (0-8) (DB17-20 methodology),6
URY,Registering property,Land dispute resolution index (0-8) (DB17-20 methodology),6
URY,Registering property,Procedures (number),9
URY,Registering property,Quality of land administration index (0-30) (DB17-20 methodology),22.5
URY,Registering property,Reliability of infrastructure index (0-8) (DB17-20 methodology),7
URY,Registering property,Time (days),66
URY,Registering property,Transparency of information index (0-6) (DB17-20 methodology),3.5
URY,Resolving insolvency,Commencement of proceedings index (0-3) (DB15-20 methodology),2.5
URY,Resolving insolvency,Cost (% of estate),7
URY,Resolving insolvency,Creditor participation index (0-4) (DB15-20 methodology),0
URY,Resolving insolvency,Management of debtor's assets index (0-6) (DB15-20 methodology),6
URY,Resolving insolvency,Outcome (0 as piecemeal sale and 1 as going concern),0
URY,Resolving insolvency,Recovery rate (cents on the dollar),44.4
URY,Resolving insolvency,Reorganization proceedings index (0-3) (DB15-20 methodology),1
URY,Resolving insolvency,Strength of insolvency framework index (0-16),9.5
URY,Resolving insolvency,Time (years),1.8
URY,Starting a business,Cost - Men (% of income per capita),24.1
URY,Starting a business,Cost - Women (% of income per capita),24.1
URY,Starting a business,Paid-in Minimum capital (% of income per capita),0
URY,Starting a business,Procedures - Men (number),5
URY,Starting a business,Procedures - Women (number),5
URY,Starting a business,Time - Men (days),6.5
URY,Starting a business,Time - Women (days),6.5
URY,Trading across borders,Cost to export: Border compliance (USD) (DB16-20 methodology),1038
URY,Trading across borders,Cost to export: Documentary compliance (USD) (DB16-20 methodology),231
URY,Trading across borders,Cost to import: Border compliance (USD) (DB16-20 methodology),500
URY,Trading across borders,Cost to import: Documentary compliance (USD) (DB16-20 methodology),285
URY,Trading across borders,Time to export: Border compliance (hours) (DB16-20 methodology),96
URY,Trading across borders,Time to export: Documentary compliance (hours) (DB16-20 methodology),24
URY,Trading across borders,Time to import: Border compliance (hours) (DB16-20 methodology),6
URY,Trading across borders,Time to import: Documentary compliance (hours) (DB16-20 methodology),48
USA,Dealing with construction permits,Building quality control index (0-15) (DB16-20 methodology),12.4
USA,Dealing with construction permits,Cost (% of Warehouse value),.7
USA,Dealing with construction permits,Liability and insurance regimes index (0-2) (DB16-20 methodology),.4
USA,Dealing with construction permits,Procedures (number),15.8
USA,Dealing with construction permits,Professional certifications index (0-4) (DB16-20 methodology),4
USA,Dealing with construction permits,Quality control after construction index (0-3) (DB16-20 methodology),3
USA,Dealing with construction permits,Quality control before construction index (0-1) (DB16-20 methodology),1
USA,Dealing with construction permits,Quality control during construction index (0-3) (DB16-20 methodology),2
USA,Dealing with construction permits,Quality of building regulations index (0-2) (DB16-20 methodology),2
USA,Dealing with construction permits,Time (days),80.6
USA,Enforcing contracts,Alternative dispute resolution (0-3) (DB17-20 methodology),2.5
USA,Enforcing contracts,Attorney fees (% of claim),20.6
USA,Enforcing contracts,Case management (0-6) (DB17-20 methodology),4.7
USA,Enforcing contracts,Cost (% of claim),30.5
USA,Enforcing contracts,Court automation (0-4) (DB17-20 methodology),3
USA,Enforcing contracts,Court fees (% of claim),5
USA,Enforcing contracts,Court structure and proceedings (0-5) (DB17-20 methodology),4.4
USA,Enforcing contracts,Enforcement fees (% of claim),4.9
USA,Enforcing contracts,Enforcement of judgment (days),100
USA,Enforcing contracts,Filing and service (days),30
USA,Enforcing contracts,Quality of judicial processes index (0-18) (DB17-20 methodology),14.6
USA,Enforcing contracts,Time (days),444
USA,Enforcing contracts,Trial and judgment (days),314
USA,Getting credit,Credit bureau coverage (% of adults),100
USA,Getting credit,Credit registry coverage (% of adults),0
USA,Getting credit,Depth of credit information index (0-8) (DB15-20 methodology),8
USA,Getting credit,Getting Credit total score (DB15-20 methodology),19
USA,Getting credit,Strength of legal rights index (0-12) (DB15-20 methodology),11
USA,Paying taxes,Labor tax and contributions (% of profit),9.8
USA,Paying taxes,Other taxes (% of profit),6.1
USA,Paying taxes,Payments (number per year),10.6
USA,Paying taxes,Profit tax (% of profit),20.7
USA,Paying taxes,Time (hours per year),175
USA,Paying taxes,Time to complete a corporate income tax correction (weeks) (DB17-20 methodology),0
USA,Paying taxes,Time to comply with a corporate income tax correction (hours) (DB17-20 methodology),8
USA,Paying taxes,Total tax and contribution rate (% of profit),36.6
USA,Registering property,Cost (% of property value),2.4
USA,Registering property,Equal access to property rights index (-2-0) (DB17-20 methodology),0
USA,Registering property,Geographic coverage index (0-8) (DB17-20 methodology),4
USA,Registering property,Land dispute resolution index (0-8) (DB17-20 methodology),3.4
USA,Registering property,Procedures (number),4.4
USA,Registering property,Quality of land administration index (0-30) (DB17-20 methodology),17.6
USA,Registering property,Reliability of infrastructure index (0-8) (DB17-20 methodology),7
USA,Registering property,Time (days),15.2
USA,Registering property,Transparency of information index (0-6) (DB17-20 methodology),3.2
USA,Resolving insolvency,Commencement of proceedings index (0-3) (DB15-20 methodology),3
USA,Resolving insolvency,Cost (% of estate),10
USA,Resolving insolvency,Creditor participation index (0-4) (DB15-20 methodology),3
USA,Resolving insolvency,Management of debtor's assets index (0-6) (DB15-20 methodology),6
USA,Resolving insolvency,Outcome (0 as piecemeal sale and 1 as going concern),1
USA,Resolving insolvency,Recovery rate (cents on the dollar),81
USA,Resolving insolvency,Reorganization proceedings index (0-3) (DB15-20 methodology),3
USA,Resolving insolvency,Strength of insolvency framework index (0-16),15
USA,Resolving insolvency,Time (years),1
USA,Starting a business,Cost - Men (% of income per capita),1
USA,Starting a business,Cost - Women (% of income per capita),1
USA,Starting a business,Paid-in Minimum capital (% of income per capita),0
USA,Starting a business,Procedures - Men (number),6
USA,Starting a business,Procedures - Women (number),6
USA,Starting a business,Time - Men (days),4.2
USA,Starting a business,Time - Women (days),4.2
USA,Trading across borders,Cost to export: Border compliance (USD) (DB16-20 methodology),175
USA,Trading across borders,Cost to export: Documentary compliance (USD) (DB16-20 methodology),60
USA,Trading across borders,Cost to import: Border compliance (USD) (DB16-20 methodology),175
USA,Trading across borders,Cost to import: Documentary compliance (USD) (DB16-20 methodology),100
USA,Trading across borders,Time to export: Border compliance (hours) (DB16-20 methodology),1.5
USA,Trading across borders,Time to export: Documentary compliance (hours) (DB16-20 methodology),1.5
USA,Trading across borders,Time to import: Border compliance (hours) (DB16-20 methodology),1.5
USA,Trading across borders,Time to import: Documentary compliance (hours) (DB16-20 methodology),7.5
UZB,Dealing with construction permits,Building quality control index (0-15) (DB16-20 methodology),11
UZB,Dealing with construction permits,Cost (% of Warehouse value),3
UZB,Dealing with construction permits,Liability and insurance regimes index (0-2) (DB16-20 methodology),1
UZB,Dealing with construction permits,Procedures (number),17
UZB,Dealing with construction permits,Professional certifications index (0-4) (DB16-20 methodology),2
UZB,Dealing with construction permits,Quality control after construction index (0-3) (DB16-20 methodology),3
UZB,Dealing with construction permits,Quality control before construction index (0-1) (DB16-20 methodology),1
UZB,Dealing with construction permits,Quality control during construction index (0-3) (DB16-20 methodology),2
UZB,Dealing with construction permits,Quality of building regulations index (0-2) (DB16-20 methodology),2
UZB,Dealing with construction permits,Time (days),246
UZB,Enforcing contracts,Alternative dispute resolution (0-3) (DB17-20 methodology),3
UZB,Enforcing contracts,Attorney fees (% of claim),15
UZB,Enforcing contracts,Case management (0-6) (DB17-20 methodology),1
UZB,Enforcing contracts,Cost (% of claim),20.5
UZB,Enforcing contracts,Court automation (0-4) (DB17-20 methodology),2
UZB,Enforcing contracts,Court fees (% of claim),3.5
UZB,Enforcing contracts,Court structure and proceedings (0-5) (DB17-20 methodology),2.5
UZB,Enforcing contracts,Enforcement fees (% of claim),2
UZB,Enforcing contracts,Enforcement of judgment (days),105
UZB,Enforcing contracts,Filing and service (days),30
UZB,Enforcing contracts,Quality of judicial processes index (0-18) (DB17-20 methodology),8.5
UZB,Enforcing contracts,Time (days),225
UZB,Enforcing contracts,Trial and judgment (days),90
UZB,Getting credit,Credit bureau coverage (% of adults),47.8
UZB,Getting credit,Credit registry coverage (% of adults),0
UZB,Getting credit,Depth of credit information index (0-8) (DB15-20 methodology),7
UZB,Getting credit,Getting Credit total score (DB15-20 methodology),13
UZB,Getting credit,Strength of legal rights index (0-12) (DB15-20 methodology),6
UZB,Paying taxes,Labor tax and contributions (% of profit),17.4
UZB,Paying taxes,Other taxes (% of profit),2.5
UZB,Paying taxes,Payments (number per year),9
UZB,Paying taxes,Profit tax (% of profit),11.8
UZB,Paying taxes,Time (hours per year),181
UZB,Paying taxes,Time to complete a corporate income tax correction (weeks) (DB17-20 methodology),0
UZB,Paying taxes,Time to comply with VAT refund (hours) (DB17-20 methodology),No VAT refund per case study scenario
UZB,Paying taxes,Time to comply with a corporate income tax correction (hours) (DB17-20 methodology),5.5
UZB,Paying taxes,Time to obtain VAT refund (weeks) (DB17-20 methodology),No VAT refund per case study scenario
UZB,Paying taxes,Total tax and contribution rate (% of profit),31.6
UZB,Registering property,Cost (% of property value),.7
UZB,Registering property,Equal access to property rights index (-2-0) (DB17-20 methodology),0
UZB,Registering property,Geographic coverage index (0-8) (DB17-20 methodology),4
UZB,Registering property,Land dispute resolution index (0-8) (DB17-20 methodology),7
UZB,Registering property,Procedures (number),9
UZB,Registering property,Quality of land administration index (0-30) (DB17-20 methodology),19
UZB,Registering property,Reliability of infrastructure index (0-8) (DB17-20 methodology),5
UZB,Registering property,Time (days),43
UZB,Registering property,Transparency of information index (0-6) (DB17-20 methodology),3
UZB,Resolving insolvency,Commencement of proceedings index (0-3) (DB15-20 methodology),2.5
UZB,Resolving insolvency,Cost (% of estate),10
UZB,Resolving insolvency,Creditor participation index (0-4) (DB15-20 methodology),2
UZB,Resolving insolvency,Management of debtor's assets index (0-6) (DB15-20 methodology),3
UZB,Resolving insolvency,Outcome (0 as piecemeal sale and 1 as going concern),0
UZB,Resolving insolvency,Recovery rate (cents on the dollar),34.4
UZB,Resolving insolvency,Reorganization proceedings index (0-3) (DB15-20 methodology),.5
UZB,Resolving insolvency,Strength of insolvency framework index (0-16),8
UZB,Resolving insolvency,Time (years),2
UZB,Starting a business,Cost - Men (% of income per capita),2.2
UZB,Starting a business,Cost - Women (% of income per capita),2.2
UZB,Starting a business,Paid-in Minimum capital (% of income per capita),0
UZB,Starting a business,Procedures - Men (number),3
UZB,Starting a business,Procedures - Women (number),3
UZB,Starting a business,Time - Men (days),3
UZB,Starting a business,Time - Women (days),3
UZB,Trading across borders,Cost to export: Border compliance (USD) (DB16-20 methodology),277.8947
UZB,Trading across borders,Cost to export: Documentary compliance (USD) (DB16-20 methodology),292
UZB,Trading across borders,Cost to import: Border compliance (USD) (DB16-20 methodology),277.8947
UZB,Trading across borders,Cost to import: Documentary compliance (USD) (DB16-20 methodology),242
UZB,Trading across borders,Time to export: Border compliance (hours) (DB16-20 methodology),31.78571
UZB,Trading across borders,Time to export: Documentary compliance (hours) (DB16-20 methodology),96
UZB,Trading across borders,Time to import: Border compliance (hours) (DB16-20 methodology),110.609
UZB,Trading across borders,Time to import: Documentary compliance (hours) (DB16-20 methodology),150
VCT,Dealing with construction permits,Building quality control index (0-15) (DB16-20 methodology),8
VCT,Dealing with construction permits,Cost (% of Warehouse value),.1
VCT,Dealing with construction permits,Liability and insurance regimes index (0-2) (DB16-20 methodology),1
VCT,Dealing with construction permits,Procedures (number),14
VCT,Dealing with construction permits,Professional certifications index (0-4) (DB16-20 methodology),1
VCT,Dealing with construction permits,Quality control after construction index (0-3) (DB16-20 methodology),2
VCT,Dealing with construction permits,Quality control before construction index (0-1) (DB16-20 methodology),1
VCT,Dealing with construction permits,Quality control during construction index (0-3) (DB16-20 methodology),2
VCT,Dealing with construction permits,Quality of building regulations index (0-2) (DB16-20 methodology),1
VCT,Dealing with construction permits,Time (days),92
VCT,Enforcing contracts,Alternative dispute resolution (0-3) (DB17-20 methodology),2.5
VCT,Enforcing contracts,Attorney fees (% of claim),14.3
VCT,Enforcing contracts,Case management (0-6) (DB17-20 methodology),3
VCT,Enforcing contracts,Cost (% of claim),30.3
VCT,Enforcing contracts,Court automation (0-4) (DB17-20 methodology),1.5
VCT,Enforcing contracts,Court fees (% of claim),7.8
VCT,Enforcing contracts,Court structure and proceedings (0-5) (DB17-20 methodology),4.5
VCT,Enforcing contracts,Enforcement fees (% of claim),8.2
VCT,Enforcing contracts,Enforcement of judgment (days),120
VCT,Enforcing contracts,Filing and service (days),30
VCT,Enforcing contracts,Quality of judicial processes index (0-18) (DB17-20 methodology),11.5
VCT,Enforcing contracts,Time (days),595
VCT,Enforcing contracts,Trial and judgment (days),445
VCT,Getting credit,Credit bureau coverage (% of adults),0
VCT,Getting credit,Credit registry coverage (% of adults),0
VCT,Getting credit,Depth of credit information index (0-8) (DB15-20 methodology),0
VCT,Getting credit,Getting Credit total score (DB15-20 methodology),5
VCT,Getting credit,Strength of legal rights index (0-12) (DB15-20 methodology),5
VCT,Paying taxes,Labor tax and contributions (% of profit),6.2
VCT,Paying taxes,Other taxes (% of profit),3.3
VCT,Paying taxes,Payments (number per year),36
VCT,Paying taxes,Profit tax (% of profit),27.6
VCT,Paying taxes,Time (hours per year),108
VCT,Paying taxes,Time to complete a corporate income tax correction (weeks) (DB17-20 methodology),9.285714
VCT,Paying taxes,Time to comply with VAT refund (hours) (DB17-20 methodology),12
VCT,Paying taxes,Time to comply with a corporate income tax correction (hours) (DB17-20 methodology),22.5
VCT,Paying taxes,Time to obtain VAT refund (weeks) (DB17-20 methodology),30.59524
VCT,Paying taxes,Total tax and contribution rate (% of profit),37
VCT,Registering property,Cost (% of property value),11.8
VCT,Registering property,Equal access to property rights index (-2-0) (DB17-20 methodology),0
VCT,Registering property,Geographic coverage index (0-8) (DB17-20 methodology),0
VCT,Registering property,Land dispute resolution index (0-8) (DB17-20 methodology),5.5
VCT,Registering property,Procedures (number),7
VCT,Registering property,Quality of land administration index (0-30) (DB17-20 methodology),7
VCT,Registering property,Reliability of infrastructure index (0-8) (DB17-20 methodology),0
VCT,Registering property,Time (days),47
VCT,Registering property,Transparency of information index (0-6) (DB17-20 methodology),1.5
VCT,Resolving insolvency,Commencement of proceedings index (0-3) (DB15-20 methodology),2.5
VCT,Resolving insolvency,Creditor participation index (0-4) (DB15-20 methodology),3
VCT,Resolving insolvency,Management of debtor's assets index (0-6) (DB15-20 methodology),4.5
VCT,Resolving insolvency,Outcome (0 as piecemeal sale and 1 as going concern),0
VCT,Resolving insolvency,Recovery rate (cents on the dollar),0
VCT,Resolving insolvency,Reorganization proceedings index (0-3) (DB15-20 methodology),1
VCT,Resolving insolvency,Strength of insolvency framework index (0-16),0
VCT,Starting a business,Cost - Men (% of income per capita),13.9
VCT,Starting a business,Cost - Women (% of income per capita),13.9
VCT,Starting a business,Paid-in Minimum capital (% of income per capita),0
VCT,Starting a business,Procedures - Men (number),7
VCT,Starting a business,Procedures - Women (number),7
VCT,Starting a business,Time - Men (days),10
VCT,Starting a business,Time - Women (days),10
VCT,Trading across borders,Cost to export: Border compliance (USD) (DB16-20 methodology),340
VCT,Trading across borders,Cost to export: Documentary compliance (USD) (DB16-20 methodology),80
VCT,Trading across borders,Cost to import: Border compliance (USD) (DB16-20 methodology),540
VCT,Trading across borders,Cost to import: Documentary compliance (USD) (DB16-20 methodology),90
VCT,Trading across borders,Time to export: Border compliance (hours) (DB16-20 methodology),28
VCT,Trading across borders,Time to export: Documentary compliance (hours) (DB16-20 methodology),48
VCT,Trading across borders,Time to import: Border compliance (hours) (DB16-20 methodology),48
VCT,Trading across borders,Time to import: Documentary compliance (hours) (DB16-20 methodology),24
VEN,Dealing with construction permits,Building quality control index (0-15) (DB16-20 methodology),10.5
VEN,Dealing with construction permits,Cost (% of Warehouse value),12
VEN,Dealing with construction permits,Liability and insurance regimes index (0-2) (DB16-20 methodology),1
VEN,Dealing with construction permits,Procedures (number),11
VEN,Dealing with construction permits,Professional certifications index (0-4) (DB16-20 methodology),2
VEN,Dealing with construction permits,Quality control after construction index (0-3) (DB16-20 methodology),3
VEN,Dealing with construction permits,Quality control before construction index (0-1) (DB16-20 methodology),1
VEN,Dealing with construction permits,Quality control during construction index (0-3) (DB16-20 methodology),2
VEN,Dealing with construction permits,Quality of building regulations index (0-2) (DB16-20 methodology),1.5
VEN,Dealing with construction permits,Time (days),434
VEN,Enforcing contracts,Alternative dispute resolution (0-3) (DB17-20 methodology),2
VEN,Enforcing contracts,Attorney fees (% of claim),21.5
VEN,Enforcing contracts,Case management (0-6) (DB17-20 methodology),.5
VEN,Enforcing contracts,Cost (% of claim),43.7
VEN,Enforcing contracts,Court automation (0-4) (DB17-20 methodology),1
VEN,Enforcing contracts,Court fees (% of claim),7.2
VEN,Enforcing contracts,Court structure and proceedings (0-5) (DB17-20 methodology),3.5
VEN,Enforcing contracts,Enforcement fees (% of claim),15
VEN,Enforcing contracts,Enforcement of judgment (days),150
VEN,Enforcing contracts,Filing and service (days),150
VEN,Enforcing contracts,Quality of judicial processes index (0-18) (DB17-20 methodology),7
VEN,Enforcing contracts,Time (days),720
VEN,Enforcing contracts,Trial and judgment (days),420
VEN,Getting credit,Credit bureau coverage (% of adults),40.7
VEN,Getting credit,Credit registry coverage (% of adults),0
VEN,Getting credit,Depth of credit information index (0-8) (DB15-20 methodology),7
VEN,Getting credit,Getting Credit total score (DB15-20 methodology),8
VEN,Getting credit,Strength of legal rights index (0-12) (DB15-20 methodology),1
VEN,Paying taxes,Labor tax and contributions (% of profit),18.2
VEN,Paying taxes,Other taxes (% of profit),45.7
VEN,Paying taxes,Payments (number per year),99
VEN,Paying taxes,Profit tax (% of profit),9.4
VEN,Paying taxes,Time (hours per year),920
VEN,Paying taxes,Time to complete a corporate income tax correction (weeks) (DB17-20 methodology),32.28571
VEN,Paying taxes,Time to comply with VAT refund (hours) (DB17-20 methodology),No VAT refund per case study scenario
VEN,Paying taxes,Time to comply with a corporate income tax correction (hours) (DB17-20 methodology),13
VEN,Paying taxes,Time to obtain VAT refund (weeks) (DB17-20 methodology),No VAT refund per case study scenario
VEN,Paying taxes,Total tax and contribution rate (% of profit),73.3
VEN,Registering property,Cost (% of property value),2.6
VEN,Registering property,Equal access to property rights index (-2-0) (DB17-20 methodology),0
VEN,Registering property,Geographic coverage index (0-8) (DB17-20 methodology),0
VEN,Registering property,Land dispute resolution index (0-8) (DB17-20 methodology),4
VEN,Registering property,Procedures (number),10
VEN,Registering property,Quality of land administration index (0-30) (DB17-20 methodology),5.5
VEN,Registering property,Reliability of infrastructure index (0-8) (DB17-20 methodology),0
VEN,Registering property,Time (days),53
VEN,Registering property,Transparency of information index (0-6) (DB17-20 methodology),1.5
VEN,Resolving insolvency,Commencement of proceedings index (0-3) (DB15-20 methodology),2
VEN,Resolving insolvency,Cost (% of estate),38
VEN,Resolving insolvency,Creditor participation index (0-4) (DB15-20 methodology),1
VEN,Resolving insolvency,Management of debtor's assets index (0-6) (DB15-20 methodology),2
VEN,Resolving insolvency,Outcome (0 as piecemeal sale and 1 as going concern),0
VEN,Resolving insolvency,Recovery rate (cents on the dollar),5.3
VEN,Resolving insolvency,Reorganization proceedings index (0-3) (DB15-20 methodology),0
VEN,Resolving insolvency,Strength of insolvency framework index (0-16),5
VEN,Resolving insolvency,Time (years),4
VEN,Starting a business,Cost - Men (% of income per capita),211.8
VEN,Starting a business,Cost - Women (% of income per capita),211.8
VEN,Starting a business,Paid-in Minimum capital (% of income per capita),0
VEN,Starting a business,Procedures - Men (number),20
VEN,Starting a business,Procedures - Women (number),20
VEN,Starting a business,Time - Men (days),230
VEN,Starting a business,Time - Women (days),230
VNM,Dealing with construction permits,Building quality control index (0-15) (DB16-20 methodology),12
VNM,Dealing with construction permits,Cost (% of Warehouse value),.5
VNM,Dealing with construction permits,Liability and insurance regimes index (0-2) (DB16-20 methodology),0
VNM,Dealing with construction permits,Procedures (number),10
VNM,Dealing with construction permits,Professional certifications index (0-4) (DB16-20 methodology),4
VNM,Dealing with construction permits,Quality control after construction index (0-3) (DB16-20 methodology),3
VNM,Dealing with construction permits,Quality control before construction index (0-1) (DB16-20 methodology),1
VNM,Dealing with construction permits,Quality control during construction index (0-3) (DB16-20 methodology),2
VNM,Dealing with construction permits,Quality of building regulations index (0-2) (DB16-20 methodology),2
VNM,Dealing with construction permits,Time (days),166
VNM,Enforcing contracts,Alternative dispute resolution (0-3) (DB17-20 methodology),2.5
VNM,Enforcing contracts,Attorney fees (% of claim),21
VNM,Enforcing contracts,Case management (0-6) (DB17-20 methodology),1
VNM,Enforcing contracts,Cost (% of claim),29
VNM,Enforcing contracts,Court automation (0-4) (DB17-20 methodology),1
VNM,Enforcing contracts,Court fees (% of claim),5
VNM,Enforcing contracts,Court structure and proceedings (0-5) (DB17-20 methodology),3
VNM,Enforcing contracts,Enforcement fees (% of claim),3
VNM,Enforcing contracts,Enforcement of judgment (days),150
VNM,Enforcing contracts,Filing and service (days),50
VNM,Enforcing contracts,Quality of judicial processes index (0-18) (DB17-20 methodology),7.5
VNM,Enforcing contracts,Time (days),400
VNM,Enforcing contracts,Trial and judgment (days),200
VNM,Getting credit,Credit bureau coverage (% of adults),20.6
VNM,Getting credit,Credit registry coverage (% of adults),59.4
VNM,Getting credit,Depth of credit information index (0-8) (DB15-20 methodology),8
VNM,Getting credit,Getting Credit total score (DB15-20 methodology),16
VNM,Getting credit,Strength of legal rights index (0-12) (DB15-20 methodology),8
VNM,Paying taxes,Labor tax and contributions (% of profit),24.3
VNM,Paying taxes,Other taxes (% of profit),.1
VNM,Paying taxes,Payments (number per year),6
VNM,Paying taxes,Profit tax (% of profit),13.2
VNM,Paying taxes,Time (hours per year),384
VNM,Paying taxes,Time to complete a corporate income tax correction (weeks) (DB17-20 methodology),0
VNM,Paying taxes,Time to comply with VAT refund (hours) (DB17-20 methodology),No VAT refund per case study scenario
VNM,Paying taxes,Time to comply with a corporate income tax correction (hours) (DB17-20 methodology),3.5
VNM,Paying taxes,Time to obtain VAT refund (weeks) (DB17-20 methodology),No VAT refund per case study scenario
VNM,Paying taxes,Total tax and contribution rate (% of profit),37.6
VNM,Registering property,Cost (% of property value),.6
VNM,Registering property,Equal access to property rights index (-2-0) (DB17-20 methodology),0
VNM,Registering property,Geographic coverage index (0-8) (DB17-20 methodology),0
VNM,Registering property,Land dispute resolution index (0-8) (DB17-20 methodology),5
VNM,Registering property,Procedures (number),5
VNM,Registering property,Quality of land administration index (0-30) (DB17-20 methodology),14
VNM,Registering property,Reliability of infrastructure index (0-8) (DB17-20 methodology),6
VNM,Registering property,Time (days),53.5
VNM,Registering property,Transparency of information index (0-6) (DB17-20 methodology),3
VNM,Resolving insolvency,Commencement of proceedings index (0-3) (DB15-20 methodology),2.5
VNM,Resolving insolvency,Cost (% of estate),14.5
VNM,Resolving insolvency,Creditor participation index (0-4) (DB15-20 methodology),1
VNM,Resolving insolvency,Management of debtor's assets index (0-6) (DB15-20 methodology),3
VNM,Resolving insolvency,Outcome (0 as piecemeal sale and 1 as going concern),0
VNM,Resolving insolvency,Recovery rate (cents on the dollar),21.3
VNM,Resolving insolvency,Reorganization proceedings index (0-3) (DB15-20 methodology),2
VNM,Resolving insolvency,Strength of insolvency framework index (0-16),8.5
VNM,Resolving insolvency,Time (years),5
VNM,Starting a business,Cost - Men (% of income per capita),5.6
VNM,Starting a business,Cost - Women (% of income per capita),5.6
VNM,Starting a business,Paid-in Minimum capital (% of income per capita),0
VNM,Starting a business,Procedures - Men (number),8
VNM,Starting a business,Procedures - Women (number),8
VNM,Starting a business,Time - Men (days),16
VNM,Starting a business,Time - Women (days),16
VNM,Trading across borders,Cost to export: Border compliance (USD) (DB16-20 methodology),290
VNM,Trading across borders,Cost to export: Documentary compliance (USD) (DB16-20 methodology),139.2308
VNM,Trading across borders,Cost to import: Border compliance (USD) (DB16-20 methodology),373
VNM,Trading across borders,Cost to import: Documentary compliance (USD) (DB16-20 methodology),182.5
VNM,Trading across borders,Time to export: Border compliance (hours) (DB16-20 methodology),55
VNM,Trading across borders,Time to export: Documentary compliance (hours) (DB16-20 methodology),50
VNM,Trading across borders,Time to import: Border compliance (hours) (DB16-20 methodology),56
VNM,Trading across borders,Time to import: Documentary compliance (hours) (DB16-20 methodology),76
VUT,Dealing with construction permits,Building quality control index (0-15) (DB16-20 methodology),5
VUT,Dealing with construction permits,Cost (% of Warehouse value),9.4
VUT,Dealing with construction permits,Liability and insurance regimes index (0-2) (DB16-20 methodology),0
VUT,Dealing with construction permits,Procedures (number),15
VUT,Dealing with construction permits,Professional certifications index (0-4) (DB16-20 methodology),0
VUT,Dealing with construction permits,Quality control after construction index (0-3) (DB16-20 methodology),3
VUT,Dealing with construction permits,Quality control before construction index (0-1) (DB16-20 methodology),0
VUT,Dealing with construction permits,Quality control during construction index (0-3) (DB16-20 methodology),1
VUT,Dealing with construction permits,Quality of building regulations index (0-2) (DB16-20 methodology),1
VUT,Dealing with construction permits,Time (days),123
VUT,Enforcing contracts,Alternative dispute resolution (0-3) (DB17-20 methodology),2
VUT,Enforcing contracts,Attorney fees (% of claim),40
VUT,Enforcing contracts,Case management (0-6) (DB17-20 methodology),1
VUT,Enforcing contracts,Cost (% of claim),56
VUT,Enforcing contracts,Court automation (0-4) (DB17-20 methodology),.5
VUT,Enforcing contracts,Court fees (% of claim),6
VUT,Enforcing contracts,Court structure and proceedings (0-5) (DB17-20 methodology),3
VUT,Enforcing contracts,Enforcement fees (% of claim),10
VUT,Enforcing contracts,Enforcement of judgment (days),200
VUT,Enforcing contracts,Filing and service (days),30
VUT,Enforcing contracts,Quality of judicial processes index (0-18) (DB17-20 methodology),6.5
VUT,Enforcing contracts,Time (days),430
VUT,Enforcing contracts,Trial and judgment (days),200
VUT,Getting credit,Credit bureau coverage (% of adults),17.6
VUT,Getting credit,Credit registry coverage (% of adults),0
VUT,Getting credit,Depth of credit information index (0-8) (DB15-20 methodology),4
VUT,Getting credit,Getting Credit total score (DB15-20 methodology),15
VUT,Getting credit,Strength of legal rights index (0-12) (DB15-20 methodology),11
VUT,Paying taxes,Labor tax and contributions (% of profit),4.5
VUT,Paying taxes,Other taxes (% of profit),4
VUT,Paying taxes,Payments (number per year),31
VUT,Paying taxes,Profit tax (% of profit),0
VUT,Paying taxes,Time (hours per year),120
VUT,Paying taxes,Time to complete a corporate income tax correction (weeks) (DB17-20 methodology),No corporate income tax
VUT,Paying taxes,Time to comply with VAT refund (hours) (DB17-20 methodology),7
VUT,Paying taxes,Time to comply with a corporate income tax correction (hours) (DB17-20 methodology),No corporate income tax
VUT,Paying taxes,Time to obtain VAT refund (weeks) (DB17-20 methodology),28.02381
VUT,Paying taxes,Total tax and contribution rate (% of profit),8.5
VUT,Registering property,Cost (% of property value),7
VUT,Registering property,Equal access to property rights index (-2-0) (DB17-20 methodology),0
VUT,Registering property,Geographic coverage index (0-8) (DB17-20 methodology),4
VUT,Registering property,Land dispute resolution index (0-8) (DB17-20 methodology),4
VUT,Registering property,Procedures (number),4
VUT,Registering property,Quality of land administration index (0-30) (DB17-20 methodology),18.5
VUT,Registering property,Reliability of infrastructure index (0-8) (DB17-20 methodology),6
VUT,Registering property,Time (days),58
VUT,Registering property,Transparency of information index (0-6) (DB17-20 methodology),4.5
VUT,Resolving insolvency,Commencement of proceedings index (0-3) (DB15-20 methodology),2
VUT,Resolving insolvency,Cost (% of estate),38
VUT,Resolving insolvency,Creditor participation index (0-4) (DB15-20 methodology),1
VUT,Resolving insolvency,Management of debtor's assets index (0-6) (DB15-20 methodology),3
VUT,Resolving insolvency,Outcome (0 as piecemeal sale and 1 as going concern),1
VUT,Resolving insolvency,Recovery rate (cents on the dollar),45.8
VUT,Resolving insolvency,Reorganization proceedings index (0-3) (DB15-20 methodology),0
VUT,Resolving insolvency,Strength of insolvency framework index (0-16),6
VUT,Resolving insolvency,Time (years),2.6
VUT,Starting a business,Cost - Men (% of income per capita),42.5
VUT,Starting a business,Cost - Women (% of income per capita),42.5
VUT,Starting a business,Paid-in Minimum capital (% of income per capita),0
VUT,Starting a business,Procedures - Men (number),7
VUT,Starting a business,Procedures - Women (number),7
VUT,Starting a business,Time - Men (days),18
VUT,Starting a business,Time - Women (days),18
VUT,Trading across borders,Cost to export: Border compliance (USD) (DB16-20 methodology),709
VUT,Trading across borders,Cost to export: Documentary compliance (USD) (DB16-20 methodology),190
VUT,Trading across borders,Cost to import: Border compliance (USD) (DB16-20 methodology),680.625
VUT,Trading across borders,Cost to import: Documentary compliance (USD) (DB16-20 methodology),182.5
VUT,Trading across borders,Time to export: Border compliance (hours) (DB16-20 methodology),38
VUT,Trading across borders,Time to export: Documentary compliance (hours) (DB16-20 methodology),72
VUT,Trading across borders,Time to import: Border compliance (hours) (DB16-20 methodology),126
VUT,Trading across borders,Time to import: Documentary compliance (hours) (DB16-20 methodology),48
WSM,Dealing with construction permits,Building quality control index (0-15) (DB16-20 methodology),6
WSM,Dealing with construction permits,Cost (% of Warehouse value),.8
WSM,Dealing with construction permits,Liability and insurance regimes index (0-2) (DB16-20 methodology),0
WSM,Dealing with construction permits,Procedures (number),18
WSM,Dealing with construction permits,Professional certifications index (0-4) (DB16-20 methodology),4
WSM,Dealing with construction permits,Quality control after construction index (0-3) (DB16-20 methodology),0
WSM,Dealing with construction permits,Quality control before construction index (0-1) (DB16-20 methodology),1
WSM,Dealing with construction permits,Quality control during construction index (0-3) (DB16-20 methodology),0
WSM,Dealing with construction permits,Quality of building regulations index (0-2) (DB16-20 methodology),1
WSM,Dealing with construction permits,Time (days),57
WSM,Enforcing contracts,Alternative dispute resolution (0-3) (DB17-20 methodology),2.5
WSM,Enforcing contracts,Attorney fees (% of claim),15
WSM,Enforcing contracts,Case management (0-6) (DB17-20 methodology),0
WSM,Enforcing contracts,Cost (% of claim),24.4
WSM,Enforcing contracts,Court automation (0-4) (DB17-20 methodology),.5
WSM,Enforcing contracts,Court fees (% of claim),5
WSM,Enforcing contracts,Court structure and proceedings (0-5) (DB17-20 methodology),2.5
WSM,Enforcing contracts,Enforcement fees (% of claim),4.4
WSM,Enforcing contracts,Enforcement of judgment (days),180
WSM,Enforcing contracts,Filing and service (days),35
WSM,Enforcing contracts,Quality of judicial processes index (0-18) (DB17-20 methodology),5.5
WSM,Enforcing contracts,Time (days),455
WSM,Enforcing contracts,Trial and judgment (days),240
WSM,Getting credit,Credit bureau coverage (% of adults),0
WSM,Getting credit,Credit registry coverage (% of adults),0
WSM,Getting credit,Depth of credit information index (0-8) (DB15-20 methodology),0
WSM,Getting credit,Getting Credit total score (DB15-20 methodology),9
WSM,Getting credit,Strength of legal rights index (0-12) (DB15-20 methodology),9
WSM,Paying taxes,Labor tax and contributions (% of profit),8.5
WSM,Paying taxes,Other taxes (% of profit),0
WSM,Paying taxes,Payments (number per year),37
WSM,Paying taxes,Profit tax (% of profit),10.9
WSM,Paying taxes,Time (hours per year),224
WSM,Paying taxes,Time to complete a corporate income tax correction (weeks) (DB17-20 methodology),0
WSM,Paying taxes,Time to comply with VAT refund (hours) (DB17-20 methodology),10
WSM,Paying taxes,Time to comply with a corporate income tax correction (hours) (DB17-20 methodology),8.5
WSM,Paying taxes,Time to obtain VAT refund (weeks) (DB17-20 methodology),14.04762
WSM,Paying taxes,Total tax and contribution rate (% of profit),19.3
WSM,Registering property,Cost (% of property value),3.8
WSM,Registering property,Equal access to property rights index (-2-0) (DB17-20 methodology),0
WSM,Registering property,Geographic coverage index (0-8) (DB17-20 methodology),0
WSM,Registering property,Land dispute resolution index (0-8) (DB17-20 methodology),5
WSM,Registering property,Procedures (number),5
WSM,Registering property,Quality of land administration index (0-30) (DB17-20 methodology),12.5
WSM,Registering property,Reliability of infrastructure index (0-8) (DB17-20 methodology),6
WSM,Registering property,Time (days),15
WSM,Registering property,Transparency of information index (0-6) (DB17-20 methodology),1.5
WSM,Resolving insolvency,Commencement of proceedings index (0-3) (DB15-20 methodology),2.5
WSM,Resolving insolvency,Cost (% of estate),38
WSM,Resolving insolvency,Creditor participation index (0-4) (DB15-20 methodology),1
WSM,Resolving insolvency,Management of debtor's assets index (0-6) (DB15-20 methodology),3
WSM,Resolving insolvency,Outcome (0 as piecemeal sale and 1 as going concern),0
WSM,Resolving insolvency,Recovery rate (cents on the dollar),18.5
WSM,Resolving insolvency,Reorganization proceedings index (0-3) (DB15-20 methodology),1
WSM,Resolving insolvency,Strength of insolvency framework index (0-16),7.5
WSM,Resolving insolvency,Time (years),2
WSM,Starting a business,Cost - Men (% of income per capita),6.9
WSM,Starting a business,Cost - Women (% of income per capita),6.9
WSM,Starting a business,Paid-in Minimum capital (% of income per capita),0
WSM,Starting a business,Procedures - Men (number),4
WSM,Starting a business,Procedures - Women (number),4
WSM,Starting a business,Time - Men (days),9
WSM,Starting a business,Time - Women (days),9
WSM,Trading across borders,Cost to export: Border compliance (USD) (DB16-20 methodology),1400
WSM,Trading across borders,Cost to export: Documentary compliance (USD) (DB16-20 methodology),180
WSM,Trading across borders,Cost to import: Border compliance (USD) (DB16-20 methodology),900
WSM,Trading across borders,Cost to import: Documentary compliance (USD) (DB16-20 methodology),230
WSM,Trading across borders,Time to export: Border compliance (hours) (DB16-20 methodology),51
WSM,Trading across borders,Time to export: Documentary compliance (hours) (DB16-20 methodology),24
WSM,Trading across borders,Time to import: Border compliance (hours) (DB16-20 methodology),84
WSM,Trading across borders,Time to import: Documentary compliance (hours) (DB16-20 methodology),24.5
YEM,Enforcing contracts,Alternative dispute resolution (0-3) (DB17-20 methodology),2
YEM,Enforcing contracts,Attorney fees (% of claim),20
YEM,Enforcing contracts,Case management (0-6) (DB17-20 methodology),0
YEM,Enforcing contracts,Cost (% of claim),30
YEM,Enforcing contracts,Court automation (0-4) (DB17-20 methodology),0
YEM,Enforcing contracts,Court fees (% of claim),4
YEM,Enforcing contracts,Court structure and proceedings (0-5) (DB17-20 methodology),2
YEM,Enforcing contracts,Enforcement fees (% of claim),6
YEM,Enforcing contracts,Enforcement of judgment (days),215
YEM,Enforcing contracts,Filing and service (days),30
YEM,Enforcing contracts,Quality of judicial processes index (0-18) (DB17-20 methodology),4
YEM,Enforcing contracts,Time (days),645
YEM,Enforcing contracts,Trial and judgment (days),400
YEM,Getting credit,Credit bureau coverage (% of adults),0
YEM,Getting credit,Credit registry coverage (% of adults),1.3
YEM,Getting credit,Depth of credit information index (0-8) (DB15-20 methodology),0
YEM,Getting credit,Getting Credit total score (DB15-20 methodology),0
YEM,Getting credit,Strength of legal rights index (0-12) (DB15-20 methodology),0
YEM,Paying taxes,Labor tax and contributions (% of profit),11.3
YEM,Paying taxes,Other taxes (% of profit),1.6
YEM,Paying taxes,Payments (number per year),44
YEM,Paying taxes,Profit tax (% of profit),13.8
YEM,Paying taxes,Time (hours per year),248
YEM,Paying taxes,Time to complete a corporate income tax correction (weeks) (DB17-20 methodology),0
YEM,Paying taxes,Time to comply with VAT refund (hours) (DB17-20 methodology),4
YEM,Paying taxes,Time to comply with a corporate income tax correction (hours) (DB17-20 methodology),2
YEM,Paying taxes,Time to obtain VAT refund (weeks) (DB17-20 methodology),6.166667
YEM,Paying taxes,Total tax and contribution rate (% of profit),26.6
YEM,Registering property,Cost (% of property value),1.8
YEM,Registering property,Equal access to property rights index (-2-0) (DB17-20 methodology),0
YEM,Registering property,Geographic coverage index (0-8) (DB17-20 methodology),0
YEM,Registering property,Land dispute resolution index (0-8) (DB17-20 methodology),3.5
YEM,Registering property,Procedures (number),6
YEM,Registering property,Quality of land administration index (0-30) (DB17-20 methodology),7
YEM,Registering property,Reliability of infrastructure index (0-8) (DB17-20 methodology),1
YEM,Registering property,Time (days),19
YEM,Registering property,Transparency of information index (0-6) (DB17-20 methodology),2.5
YEM,Resolving insolvency,Commencement of proceedings index (0-3) (DB15-20 methodology),2
YEM,Resolving insolvency,Cost (% of estate),15
YEM,Resolving insolvency,Creditor participation index (0-4) (DB15-20 methodology),1
YEM,Resolving insolvency,Management of debtor's assets index (0-6) (DB15-20 methodology),2
YEM,Resolving insolvency,Outcome (0 as piecemeal sale and 1 as going concern),0
YEM,Resolving insolvency,Recovery rate (cents on the dollar),21
YEM,Resolving insolvency,Reorganization proceedings index (0-3) (DB15-20 methodology),0
YEM,Resolving insolvency,Strength of insolvency framework index (0-16),5
YEM,Resolving insolvency,Time (years),3
YEM,Starting a business,Cost - Men (% of income per capita),40.2
YEM,Starting a business,Cost - Women (% of income per capita),40.2
YEM,Starting a business,Paid-in Minimum capital (% of income per capita),0
YEM,Starting a business,Procedures - Men (number),6
YEM,Starting a business,Procedures - Women (number),7
YEM,Starting a business,Time - Men (days),40
YEM,Starting a business,Time - Women (days),41
ZAF,Dealing with construction permits,Building quality control index (0-15) (DB16-20 methodology),12
ZAF,Dealing with construction permits,Cost (% of Warehouse value),1.9
ZAF,Dealing with construction permits,Liability and insurance regimes index (0-2) (DB16-20 methodology),0
ZAF,Dealing with construction permits,Procedures (number),20
ZAF,Dealing with construction permits,Professional certifications index (0-4) (DB16-20 methodology),4
ZAF,Dealing with construction permits,Quality control after construction index (0-3) (DB16-20 methodology),3
ZAF,Dealing with construction permits,Quality control before construction index (0-1) (DB16-20 methodology),1
ZAF,Dealing with construction permits,Quality control during construction index (0-3) (DB16-20 methodology),2
ZAF,Dealing with construction permits,Quality of building regulations index (0-2) (DB16-20 methodology),2
ZAF,Dealing with construction permits,Time (days),155
ZAF,Enforcing contracts,Alternative dispute resolution (0-3) (DB17-20 methodology),2.5
ZAF,Enforcing contracts,Attorney fees (% of claim),22.6
ZAF,Enforcing contracts,Case management (0-6) (DB17-20 methodology),2
ZAF,Enforcing contracts,Cost (% of claim),33.2
ZAF,Enforcing contracts,Court automation (0-4) (DB17-20 methodology),.5
ZAF,Enforcing contracts,Court fees (% of claim),7.6
ZAF,Enforcing contracts,Court structure and proceedings (0-5) (DB17-20 methodology),3.5
ZAF,Enforcing contracts,Enforcement fees (% of claim),3
ZAF,Enforcing contracts,Enforcement of judgment (days),80
ZAF,Enforcing contracts,Filing and service (days),30
ZAF,Enforcing contracts,Quality of judicial processes index (0-18) (DB17-20 methodology),8.5
ZAF,Enforcing contracts,Time (days),600
ZAF,Enforcing contracts,Trial and judgment (days),490
ZAF,Getting credit,Credit bureau coverage (% of adults),66.5
ZAF,Getting credit,Credit registry coverage (% of adults),0
ZAF,Getting credit,Depth of credit information index (0-8) (DB15-20 methodology),7
ZAF,Getting credit,Getting Credit total score (DB15-20 methodology),12
ZAF,Getting credit,Strength of legal rights index (0-12) (DB15-20 methodology),5
ZAF,Paying taxes,Labor tax and contributions (% of profit),4
ZAF,Paying taxes,Other taxes (% of profit),3.4
ZAF,Paying taxes,Payments (number per year),7
ZAF,Paying taxes,Profit tax (% of profit),21.8
ZAF,Paying taxes,Time (hours per year),210
ZAF,Paying taxes,Time to complete a corporate income tax correction (weeks) (DB17-20 methodology),31.57143
ZAF,Paying taxes,Time to comply with VAT refund (hours) (DB17-20 methodology),8.5
ZAF,Paying taxes,Time to comply with a corporate income tax correction (hours) (DB17-20 methodology),11
ZAF,Paying taxes,Time to obtain VAT refund (weeks) (DB17-20 methodology),15.49524
ZAF,Paying taxes,Total tax and contribution rate (% of profit),29.2
ZAF,Registering property,Cost (% of property value),8
ZAF,Registering property,Equal access to property rights index (-2-0) (DB17-20 methodology),0
ZAF,Registering property,Geographic coverage index (0-8) (DB17-20 methodology),2
ZAF,Registering property,Land dispute resolution index (0-8) (DB17-20 methodology),4.5
ZAF,Registering property,Procedures (number),7
ZAF,Registering property,Quality of land administration index (0-30) (DB17-20 methodology),15.5
ZAF,Registering property,Reliability of infrastructure index (0-8) (DB17-20 methodology),5
ZAF,Registering property,Time (days),23
ZAF,Registering property,Transparency of information index (0-6) (DB17-20 methodology),4
ZAF,Resolving insolvency,Commencement of proceedings index (0-3) (DB15-20 methodology),3
ZAF,Resolving insolvency,Cost (% of estate),18
ZAF,Resolving insolvency,Creditor participation index (0-4) (DB15-20 methodology),2
ZAF,Resolving insolvency,Management of debtor's assets index (0-6) (DB15-20 methodology),6
ZAF,Resolving insolvency,Outcome (0 as piecemeal sale and 1 as going concern),0
ZAF,Resolving insolvency,Recovery rate (cents on the dollar),34.7
ZAF,Resolving insolvency,Reorganization proceedings index (0-3) (DB15-20 methodology),.5
ZAF,Resolving insolvency,Strength of insolvency framework index (0-16),11.5
ZAF,Resolving insolvency,Time (years),2
ZAF,Starting a business,Cost - Men (% of income per capita),.2
ZAF,Starting a business,Cost - Women (% of income per capita),.2
ZAF,Starting a business,Paid-in Minimum capital (% of income per capita),0
ZAF,Starting a business,Procedures - Men (number),7
ZAF,Starting a business,Procedures - Women (number),7
ZAF,Starting a business,Time - Men (days),40
ZAF,Starting a business,Time - Women (days),40
ZAF,Trading across borders,Cost to export: Border compliance (USD) (DB16-20 methodology),1257
ZAF,Trading across borders,Cost to export: Documentary compliance (USD) (DB16-20 methodology),55
ZAF,Trading across borders,Cost to import: Border compliance (USD) (DB16-20 methodology),676
ZAF,Trading across borders,Cost to import: Documentary compliance (USD) (DB16-20 methodology),73
ZAF,Trading across borders,Time to export: Border compliance (hours) (DB16-20 methodology),92
ZAF,Trading across borders,Time to export: Documentary compliance (hours) (DB16-20 methodology),68
ZAF,Trading across borders,Time to import: Border compliance (hours) (DB16-20 methodology),87
ZAF,Trading across borders,Time to import: Documentary compliance (hours) (DB16-20 methodology),36
ZMB,Dealing with construction permits,Building quality control index (0-15) (DB16-20 methodology),10
ZMB,Dealing with construction permits,Cost (% of Warehouse value),2.3
ZMB,Dealing with construction permits,Liability and insurance regimes index (0-2) (DB16-20 methodology),0
ZMB,Dealing with construction permits,Procedures (number),10
ZMB,Dealing with construction permits,Professional certifications index (0-4) (DB16-20 methodology),4
ZMB,Dealing with construction permits,Quality control after construction index (0-3) (DB16-20 methodology),2
ZMB,Dealing with construction permits,Quality control before construction index (0-1) (DB16-20 methodology),1
ZMB,Dealing with construction permits,Quality control during construction index (0-3) (DB16-20 methodology),1
ZMB,Dealing with construction permits,Quality of building regulations index (0-2) (DB16-20 methodology),2
ZMB,Dealing with construction permits,Time (days),188
ZMB,Enforcing contracts,Alternative dispute resolution (0-3) (DB17-20 methodology),1.5
ZMB,Enforcing contracts,Attorney fees (% of claim),23.7
ZMB,Enforcing contracts,Case management (0-6) (DB17-20 methodology),0
ZMB,Enforcing contracts,Cost (% of claim),38.7
ZMB,Enforcing contracts,Court automation (0-4) (DB17-20 methodology),.5
ZMB,Enforcing contracts,Court fees (% of claim),5
ZMB,Enforcing contracts,Court structure and proceedings (0-5) (DB17-20 methodology),4.5
ZMB,Enforcing contracts,Enforcement fees (% of claim),10
ZMB,Enforcing contracts,Enforcement of judgment (days),120
ZMB,Enforcing contracts,Filing and service (days),21
ZMB,Enforcing contracts,Quality of judicial processes index (0-18) (DB17-20 methodology),6.5
ZMB,Enforcing contracts,Time (days),611
ZMB,Enforcing contracts,Trial and judgment (days),470
ZMB,Getting credit,Credit bureau coverage (% of adults),9.1
ZMB,Getting credit,Credit registry coverage (% of adults),0
ZMB,Getting credit,Depth of credit information index (0-8) (DB15-20 methodology),8
ZMB,Getting credit,Getting Credit total score (DB15-20 methodology),19
ZMB,Getting credit,Strength of legal rights index (0-12) (DB15-20 methodology),11
ZMB,Paying taxes,Labor tax and contributions (% of profit),10.4
ZMB,Paying taxes,Other taxes (% of profit),3.1
ZMB,Paying taxes,Payments (number per year),11
ZMB,Paying taxes,Profit tax (% of profit),2
ZMB,Paying taxes,Time (hours per year),158
ZMB,Paying taxes,Time to complete a corporate income tax correction (weeks) (DB17-20 methodology),0
ZMB,Paying taxes,Time to comply with VAT refund (hours) (DB17-20 methodology),10
ZMB,Paying taxes,Time to comply with a corporate income tax correction (hours) (DB17-20 methodology),3.25
ZMB,Paying taxes,Time to obtain VAT refund (weeks) (DB17-20 methodology),20.30952
ZMB,Paying taxes,Total tax and contribution rate (% of profit),15.6
ZMB,Registering property,Cost (% of property value),9.5
ZMB,Registering property,Equal access to property rights index (-2-0) (DB17-20 methodology),0
ZMB,Registering property,Geographic coverage index (0-8) (DB17-20 methodology),0
ZMB,Registering property,Land dispute resolution index (0-8) (DB17-20 methodology),5.5
ZMB,Registering property,Procedures (number),6
ZMB,Registering property,Quality of land administration index (0-30) (DB17-20 methodology),7
ZMB,Registering property,Reliability of infrastructure index (0-8) (DB17-20 methodology),0
ZMB,Registering property,Time (days),45
ZMB,Registering property,Transparency of information index (0-6) (DB17-20 methodology),1.5
ZMB,Resolving insolvency,Commencement of proceedings index (0-3) (DB15-20 methodology),3
ZMB,Resolving insolvency,Cost (% of estate),9
ZMB,Resolving insolvency,Creditor participation index (0-4) (DB15-20 methodology),0
ZMB,Resolving insolvency,Management of debtor's assets index (0-6) (DB15-20 methodology),4
ZMB,Resolving insolvency,Outcome (0 as piecemeal sale and 1 as going concern),0
ZMB,Resolving insolvency,Recovery rate (cents on the dollar),51
ZMB,Resolving insolvency,Reorganization proceedings index (0-3) (DB15-20 methodology),0
ZMB,Resolving insolvency,Strength of insolvency framework index (0-16),7
ZMB,Resolving insolvency,Time (years),1
ZMB,Starting a business,Cost - Men (% of income per capita),34
ZMB,Starting a business,Cost - Women (% of income per capita),34
ZMB,Starting a business,Paid-in Minimum capital (% of income per capita),0
ZMB,Starting a business,Procedures - Men (number),7
ZMB,Starting a business,Procedures - Women (number),7
ZMB,Starting a business,Time - Men (days),8.5
ZMB,Starting a business,Time - Women (days),8.5
ZMB,Trading across borders,Cost to export: Border compliance (USD) (DB16-20 methodology),370
ZMB,Trading across borders,Cost to export: Documentary compliance (USD) (DB16-20 methodology),200
ZMB,Trading across borders,Cost to import: Border compliance (USD) (DB16-20 methodology),380
ZMB,Trading across borders,Cost to import: Documentary compliance (USD) (DB16-20 methodology),175
ZMB,Trading across borders,Time to export: Border compliance (hours) (DB16-20 methodology),120
ZMB,Trading across borders,Time to export: Documentary compliance (hours) (DB16-20 methodology),96
ZMB,Trading across borders,Time to import: Border compliance (hours) (DB16-20 methodology),120
ZMB,Trading across borders,Time to import: Documentary compliance (hours) (DB16-20 methodology),72
ZWE,Dealing with construction permits,Building quality control index (0-15) (DB16-20 methodology),10
ZWE,Dealing with construction permits,Cost (% of Warehouse value),12.6
ZWE,Dealing with construction permits,Liability and insurance regimes index (0-2) (DB16-20 methodology),.5
ZWE,Dealing with construction permits,Procedures (number),10
ZWE,Dealing with construction permits,Professional certifications index (0-4) (DB16-20 methodology),3
ZWE,Dealing with construction permits,Quality control after construction index (0-3) (DB16-20 methodology),3
ZWE,Dealing with construction permits,Quality control before construction index (0-1) (DB16-20 methodology),0
ZWE,Dealing with construction permits,Quality control during construction index (0-3) (DB16-20 methodology),2
ZWE,Dealing with construction permits,Quality of building regulations index (0-2) (DB16-20 methodology),1.5
ZWE,Dealing with construction permits,Time (days),178
ZWE,Enforcing contracts,Alternative dispute resolution (0-3) (DB17-20 methodology),2
ZWE,Enforcing contracts,Attorney fees (% of claim),70
ZWE,Enforcing contracts,Case management (0-6) (DB17-20 methodology),1
ZWE,Enforcing contracts,Cost (% of claim),83.1
ZWE,Enforcing contracts,Court automation (0-4) (DB17-20 methodology),.5
ZWE,Enforcing contracts,Court fees (% of claim),8
ZWE,Enforcing contracts,Court structure and proceedings (0-5) (DB17-20 methodology),3
ZWE,Enforcing contracts,Enforcement fees (% of claim),5.1
ZWE,Enforcing contracts,Enforcement of judgment (days),149
ZWE,Enforcing contracts,Filing and service (days),14
ZWE,Enforcing contracts,Quality of judicial processes index (0-18) (DB17-20 methodology),6.5
ZWE,Enforcing contracts,Time (days),410
ZWE,Enforcing contracts,Trial and judgment (days),247
ZWE,Getting credit,Credit bureau coverage (% of adults),50.2
ZWE,Getting credit,Credit registry coverage (% of adults),8.8
ZWE,Getting credit,Depth of credit information index (0-8) (DB15-20 methodology),7
ZWE,Getting credit,Getting Credit total score (DB15-20 methodology),13
ZWE,Getting credit,Strength of legal rights index (0-12) (DB15-20 methodology),6
ZWE,Paying taxes,Labor tax and contributions (% of profit),5.6
ZWE,Paying taxes,Other taxes (% of profit),8.3
ZWE,Paying taxes,Payments (number per year),51
ZWE,Paying taxes,Profit tax (% of profit),17.6
ZWE,Paying taxes,Time (hours per year),242
ZWE,Paying taxes,Time to complete a corporate income tax correction (weeks) (DB17-20 methodology),0
ZWE,Paying taxes,Time to comply with VAT refund (hours) (DB17-20 methodology),55.5
ZWE,Paying taxes,Time to comply with a corporate income tax correction (hours) (DB17-20 methodology),3.5
ZWE,Paying taxes,Time to obtain VAT refund (weeks) (DB17-20 methodology),48.16667
ZWE,Paying taxes,Total tax and contribution rate (% of profit),31.6
ZWE,Registering property,Cost (% of property value),7.3
ZWE,Registering property,Equal access to property rights index (-2-0) (DB17-20 methodology),0
ZWE,Registering property,Geographic coverage index (0-8) (DB17-20 methodology),0
ZWE,Registering property,Land dispute resolution index (0-8) (DB17-20 methodology),5.5
ZWE,Registering property,Procedures (number),5
ZWE,Registering property,Quality of land administration index (0-30) (DB17-20 methodology),10
ZWE,Registering property,Reliability of infrastructure index (0-8) (DB17-20 methodology),1
ZWE,Registering property,Time (days),29
ZWE,Registering property,Transparency of information index (0-6) (DB17-20 methodology),3.5
ZWE,Resolving insolvency,Commencement of proceedings index (0-3) (DB15-20 methodology),3
ZWE,Resolving insolvency,Cost (% of estate),22
ZWE,Resolving insolvency,Creditor participation index (0-4) (DB15-20 methodology),0
ZWE,Resolving insolvency,Management of debtor's assets index (0-6) (DB15-20 methodology),4
ZWE,Resolving insolvency,Outcome (0 as piecemeal sale and 1 as going concern),0
ZWE,Resolving insolvency,Recovery rate (cents on the dollar),17.5
ZWE,Resolving insolvency,Reorganization proceedings index (0-3) (DB15-20 methodology),.5
ZWE,Resolving insolvency,Strength of insolvency framework index (0-16),7.5
ZWE,Resolving insolvency,Time (years),3.3
ZWE,Starting a business,Cost - Men (% of income per capita),76.6
ZWE,Starting a business,Cost - Women (% of income per capita),76.6
ZWE,Starting a business,Paid-in Minimum capital (% of income per capita),0
ZWE,Starting a business,Procedures - Men (number),9
ZWE,Starting a business,Procedures - Women (number),9
ZWE,Starting a business,Time - Men (days),27
ZWE,Starting a business,Time - Women (days),27
ZWE,Trading across borders,Cost to export: Border compliance (USD) (DB16-20 methodology),285
ZWE,Trading across borders,Cost to export: Documentary compliance (USD) (DB16-20 methodology),170
ZWE,Trading across borders,Cost to import: Border compliance (USD) (DB16-20 methodology),561.6667
ZWE,Trading across borders,Cost to import: Documentary compliance (USD) (DB16-20 methodology),150
ZWE,Trading across borders,Time to export: Border compliance (hours) (DB16-20 methodology),88.33333
ZWE,Trading across borders,Time to export: Documentary compliance (hours) (DB16-20 methodology),99
ZWE,Trading across borders,Time to import: Border compliance (hours) (DB16-20 methodology),227.6667
ZWE,Trading across borders,Time to import: Documentary compliance (hours) (DB16-20 methodology),81
