iso3,election,date,turnout_pct,total_vote,registered,vap_turnout_pct,invalid_pct,compulsory
ABW,Parliamentary,1993-01-01,88.09,40240.0,45680.0,81.0,0.9,No
ABW,Parliamentary,1994-01-01,61.66,39986.0,64848.0,76.08,1.0,No
ABW,Parliamentary,1997-01-01,85.77,44741.0,52166.0,84.14,1.3,No
ABW,Parliamentary,2005-01-01,85.74,51990.0,60635.0,72.41,1.3,No
ABW,Parliamentary,2009-01-01,84.81,55125.0,65000.0,69.66,,No
ABW,Parliamentary,2013-01-01,84.86,58350.0,68758.0,69.72,0.95,No
ABW,Parliamentary,2017-01-01,83.96,59403.0,70750.0,65.39,1.26,No
ABW,Parliamentary,2021-01-01,84.66,59500.0,70283.0,62.14,1.5,No
AFG,Parliamentary,2005-09-18,49.37,6406615.0,12977336.0,51.71,5.1,No
AFG,Parliamentary,2010-09-18,35.14,4216594.0,12000000.0,29.71,4.42,No
AFG,Parliamentary,2018-10-27,45.23,4000000.0,8843151.0,21.81,,No
AFG,Presidential,2004-10-09,83.66,8128940.0,9716413.0,67.54,1.28,No
AFG,Presidential,2009-08-20,38.8,4823090.0,12430644.0,35.06,4.67,No
AFG,Presidential,2014-04-05,33.67,7018049.0,20845988.0,43.3,5.89,No
AFG,Presidential,2014-06-14,38.9,8109493.0,20845988.0,50.03,1.68,No
AFG,Presidential,2019-09-28,19.0,1824401.0,9600000.0,9.63,,No
AGO,Parliamentary,1992-09-30,86.91,4196388.0,4828626.0,84.16,12.98,No
AGO,Parliamentary,2008-09-06,87.36,7213281.0,8256854.0,92.42,10.58,No
AGO,Parliamentary,2012-08-31,62.77,6124669.0,9757671.0,71.59,6.02,No
AGO,Parliamentary,2017-08-26,76.13,7093002.0,9317294.0,53.07,3.88,No
AGO,Parliamentary,2022-08-24,44.82,6454109.0,14399391.0,40.49,2.82,No
AGO,Presidential,1992-09-30,90.37,4363646.0,4828626.0,87.51,13.09,No
ALB,Parliamentary,1991-03-31,98.92,1963568.0,1984933.0,98.89,,No
ALB,Parliamentary,1992-03-22,91.5,1830000.0,2000000.0,89.21,,No
ALB,Parliamentary,1996-05-26,89.08,1963344.0,2204002.0,89.53,,No
ALB,Parliamentary,1997-06-29,72.56,1412929.0,1947235.0,63.4,,No
ALB,Parliamentary,2001-07-08,54.95,1373210.0,2499238.0,67.3,3.6,No
ALB,Parliamentary,2005-07-03,48.73,1389320.0,2850821.0,58.96,1.58,No
ALB,Parliamentary,2009-06-28,50.77,1566079.0,3084946.0,69.11,2.99,No
ALB,Parliamentary,2013-06-23,53.31,1744261.0,3271885.0,76.68,1.84,No
ALB,Parliamentary,2017-07-25,46.76,1614479.0,3452324.0,68.5,1.97,No
ALB,Parliamentary,2021-04-25,46.32,1662274.0,3588869.0,68.35,4.99,No
ALB,Parliamentary,2025-05-11,43.28,1607347.0,3713897.0,78.05,3.46,No
AND,Parliamentary,1993-12-12,80.92,7829.0,9675.0,80.92,,No
AND,Parliamentary,1997-02-16,81.59,8842.0,10837.0,81.59,5.19,No
AND,Parliamentary,2001-03-04,81.64,10892.0,13342.0,15.94,5.7,No
AND,Parliamentary,2005-04-24,80.38,12879.0,16022.0,21.02,0.9,No
AND,Parliamentary,2009-04-26,75.34,15293.0,20298.0,25.98,0.89,No
AND,Parliamentary,2011-04-03,74.12,16197.0,21852.0,23.38,4.24,No
AND,Parliamentary,2015-03-01,65.62,16084.0,24512.0,22.97,8.17,No
AND,Parliamentary,2019-04-07,68.33,18638.0,27278.0,26.19,4.59,No
AND,Parliamentary,2023-04-02,66.93,20050.0,29958.0,27.75,4.38,No
ARG,Parliamentary,1991-08-11,89.71,18609221.0,20742631.0,89.41,7.7,Yes
ARG,Parliamentary,1993-10-03,79.7,17090830.0,21443953.0,78.09,6.9,Yes
ARG,Parliamentary,1995-05-14,80.96,17939156.0,22158612.0,79.77,3.7,Yes
ARG,Parliamentary,1997-10-26,78.22,18135267.0,23184491.0,78.07,6.2,Yes
ARG,Parliamentary,1999-10-24,80.54,19415960.0,24108413.0,81.32,3.99,Yes
ARG,Parliamentary,2001-10-14,75.21,18602837.0,24735483.0,72.99,21.0,Yes
ARG,Parliamentary,2005-10-23,73.33,19168566.0,26140766.0,73.23,10.02,Yes
ARG,Parliamentary,2007-10-28,76.21,20680663.0,27137536.0,76.8,12.53,Yes
ARG,Parliamentary,2009-06-28,72.39,20123715.0,27797930.0,70.89,4.92,Yes
ARG,Parliamentary,2011-10-23,79.39,22956385.0,28916183.0,77.35,4.48,Yes
ARG,Parliamentary,2013-10-27,77.17,23641116.0,30635464.0,78.08,4.45,Yes
ARG,Parliamentary,2015-10-25,81.06,26046646.0,32130853.0,81.41,10.0,Yes
ARG,Parliamentary,2017-10-22,76.74,25413205.0,33116077.0,77.69,4.13,Yes
ARG,Parliamentary,2019-10-27,80.37,27511567.0,34231895.0,82.26,6.8,Yes
ARG,Parliamentary,2021-11-14,71.51,24842572.0,34742150.0,72.57,4.99,Yes
ARG,Parliamentary,2023-10-22,77.01,27612739.0,35854122.0,79.01,11.1,Yes
ARG,Parliamentary,2025-10-26,67.92,24263248.0,35722397.0,68.37,2.46,Yes
ARG,Presidential,1995-05-14,82.08,18203924.0,22178201.0,80.95,4.28,Yes
ARG,Presidential,1999-10-24,82.32,19849341.0,24111270.0,83.13,4.51,Yes
ARG,Presidential,2003-04-27,78.22,19930911.0,25481410.0,78.25,2.72,Yes
ARG,Presidential,2007-10-28,76.2,20679327.0,27137536.0,76.8,7.6,Yes
ARG,Presidential,2011-10-23,79.39,22956385.0,28916183.0,77.35,4.48,Yes
ARG,Presidential,2015-10-25,81.07,26048446.0,32130853.0,81.41,3.32,Yes
ARG,Presidential,2015-11-22,80.77,25935243.0,32108509.0,81.06,2.46,Yes
ARG,Presidential,2019-10-27,80.42,27529896.0,34231721.0,82.32,2.51,Yes
ARG,Presidential,2023-10-22,77.14,27658857.0,35854122.0,79.14,3.14,Yes
ARG,Presidential,2023-11-19,76.32,27021600.0,35405398.0,77.31,3.21,Yes
ARM,Parliamentary,1995-07-05,53.91,1183573.0,2195283.0,50.61,,No
ARM,Parliamentary,1999-05-30,51.72,1137133.0,2198544.0,45.47,5.8,No
ARM,Parliamentary,2003-05-25,55.18,1232627.0,2233757.0,60.65,2.8,No
ARM,Parliamentary,2007-05-12,59.99,1391540.0,2319722.0,65.15,2.7,No
ARM,Parliamentary,2012-05-06,62.87,1572858.0,2501597.0,69.67,3.42,No
ARM,Parliamentary,2017-04-02,60.93,1577323.0,2588590.0,66.73,0.42,No
ARM,Parliamentary,2018-12-09,48.63,1261105.0,2593140.0,53.38,0.37,No
ARM,Parliamentary,2021-06-20,49.39,1281997.0,2595512.0,54.43,0.36,No
ARM,Parliamentary,2026-06-07,58.98,1476769.0,2503990.0,63.0,1.1,No
ARM,Presidential,1996-01-01,60.32,1333204.0,2210189.0,56.35,4.4,No
ARM,Presidential,1998-03-16,63.48,1456109.0,2293636.0,61.24,2.62,No
ARM,Presidential,1998-03-30,68.14,1567702.0,2300816.0,65.93,1.62,No
ARM,Presidential,2003-02-19,63.21,1463499.0,2315410.0,72.01,2.55,No
ARM,Presidential,2003-03-05,68.43,1595438.0,2331507.0,78.5,1.99,No
ARM,Presidential,2008-02-19,69.81,1668464.0,2390000.0,77.19,2.15,No
ARM,Presidential,2013-02-19,60.18,1521703.0,2528773.0,74.21,3.35,No
ATG,Parliamentary,1994-03-08,62.32,27263.0,43749.0,85.6,0.5,No
ATG,Parliamentary,1999-03-09,63.6,33318.0,52385.0,72.35,0.7,No
ATG,Parliamentary,2004-03-23,91.19,39627.0,43456.0,76.34,0.5,No
ATG,Parliamentary,2009-03-12,80.27,41886.0,52183.0,89.59,0.5,No
ATG,Parliamentary,2014-06-12,90.27,43077.0,47721.0,69.96,,No
ATG,Parliamentary,2018-03-21,76.52,39220.0,51257.0,56.69,0.73,No
ATG,Parliamentary,2023-01-18,70.34,42849.0,60916.0,57.26,0.55,No
ATG,Parliamentary,2026-04-30,62.41,39515.0,63313.0,50.74,0.84,No
AUS,Parliamentary,1990-03-24,95.31,10225800.0,10728435.0,82.09,3.19,Yes
AUS,Parliamentary,1993-03-13,95.75,10900861.0,11384638.0,83.43,2.97,Yes
AUS,Parliamentary,1996-03-02,95.77,11243941.0,11740568.0,82.99,3.2,Yes
AUS,Parliamentary,1998-10-03,94.99,11545132.0,12154050.0,82.24,3.78,Yes
AUS,Parliamentary,2001-11-10,94.85,12054664.0,12708837.0,84.2,4.82,Yes
AUS,Parliamentary,2004-10-09,94.32,12354983.0,13098461.0,82.37,5.18,Yes
AUS,Parliamentary,2007-11-24,94.76,12931460.0,13646539.0,82.38,3.95,Yes
AUS,Parliamentary,2010-10-21,93.22,13131667.0,14086869.0,81.02,5.6,Yes
AUS,Parliamentary,2013-09-07,93.23,13726070.0,14722754.0,78.86,5.91,Yes
AUS,Parliamentary,2016-07-02,91.01,14262016.0,15671551.0,78.96,5.05,Yes
AUS,Parliamentary,2019-05-18,91.89,15088616.0,16419543.0,80.79,5.54,Yes
AUS,Parliamentary,2022-05-21,89.74,15460808.0,17228900.0,75.99,5.18,Yes
AUS,Parliamentary,2025-05-03,90.67,16410058.0,18098797.0,77.66,5.58,Yes
AUT,Parliamentary,1990-10-07,86.14,4848741.0,5628912.0,80.47,3.0,No
AUT,Parliamentary,1994-10-09,82.46,4760987.0,5774000.0,76.02,1.7,No
AUT,Parliamentary,1995-12-17,85.98,4959539.0,5768009.0,78.64,2.3,No
AUT,Parliamentary,1999-10-03,80.42,4695192.0,5838373.0,72.64,1.5,No
AUT,Parliamentary,2002-11-24,84.27,4982261.0,5912592.0,77.45,1.5,No
AUT,Parliamentary,2006-10-01,78.49,4793780.0,6107892.0,73.21,1.78,No
AUT,Parliamentary,2008-09-28,78.81,4990952.0,6333109.0,75.61,2.1,No
AUT,Parliamentary,2013-09-29,74.91,4782563.0,6384331.0,65.87,1.9,No
AUT,Parliamentary,2017-10-15,80.0,5120881.0,6400993.0,68.79,0.99,No
AUT,Parliamentary,2019-09-29,75.59,4835469.0,6396812.0,64.4,1.2,No
AUT,Parliamentary,2024-09-29,76.25,4902460.0,6346059.0,65.76,0.95,No
AUT,Presidential,1992-04-26,84.36,4788894.0,5676903.0,52.8,3.0,No
AUT,Presidential,1992-05-24,80.91,4592927.0,5676903.0,75.66,3.2,No
AUT,Presidential,1998-04-19,74.4,4351272.0,5848584.0,68.59,4.2,No
AUT,Presidential,2004-04-25,71.6,4318439.0,6030982.0,66.5,4.2,No
AUT,Presidential,2010-04-25,53.57,3404646.0,6355800.0,47.84,7.13,No
AUT,Presidential,2016-04-24,68.5,4371825.0,6382507.0,59.03,2.12,No
AUT,Presidential,2016-05-22,72.65,4637046.0,6382507.0,62.61,3.56,No
AUT,Presidential,2016-12-04,74.21,4749339.0,6399607.0,64.13,3.2,No
AUT,Presidential,2022-10-09,65.19,4148079.0,6363489.0,54.74,2.2,No
AZE,Parliamentary,1995-01-01,86.05,3556277.0,4132800.0,82.51,,No
AZE,Parliamentary,2000-01-01,67.99,2883819.0,4241550.0,61.23,,No
AZE,Parliamentary,2005-01-01,40.47,1891977.0,4675572.0,36.67,3.7,No
AZE,Parliamentary,2010-01-01,49.76,2409129.0,4841631.0,46.55,,No
AZE,Parliamentary,2015-01-01,55.54,2894515.0,5211765.0,40.48,,No
AZE,Parliamentary,2020-01-01,46.84,2510135.0,5359015.0,33.58,,No
AZE,Parliamentary,2024-09-01,76.43,4957967.0,6478840.0,63.52,,No
AZE,Presidential,1993-01-01,85.85,3966327.0,4620000.0,94.14,,No
AZE,Presidential,1998-01-01,78.94,3359633.0,4255717.0,71.98,,No
AZE,Presidential,2003-01-01,71.23,3164348.0,4442338.0,63.4,,No
AZE,Presidential,2008-10-15,75.1,3700634.0,4927561.0,68.03,1.56,No
AZE,Presidential,2013-01-01,71.63,3735374.0,5214787.0,58.56,1.08,No
AZE,Presidential,2018-01-01,74.24,3958852.0,5332817.0,53.76,0.31,No
AZE,Presidential,2024-02-07,76.68,4967795.0,6478840.0,63.65,0.2,No
BDI,Parliamentary,1993-06-29,91.38,2156659.0,2360090.0,75.41,2.12,No
BDI,Parliamentary,2005-07-04,77.23,2446001.0,3167124.0,70.39,1.0,No
BDI,Parliamentary,2010-07-23,66.68,2367926.0,3551125.0,50.81,3.87,No
BDI,Parliamentary,2015-06-29,74.32,2856112.0,3843024.0,55.53,19.45,No
BDI,Parliamentary,2020-05-20,87.31,4464359.0,5113418.0,76.14,4.18,No
BDI,Parliamentary,2025-06-05,98.88,5945869.0,6013498.0,83.19,0.71,No
BDI,Presidential,1993-06-29,97.31,2291746.0,2355126.0,80.14,1.4,No
BDI,Presidential,2010-06-28,76.98,2735558.0,3553372.0,58.69,1.07,No
BDI,Presidential,2015-07-21,73.44,2826072.0,3848119.0,54.94,6.09,No
BDI,Presidential,2020-01-01,87.71,4484928.0,5113418.0,76.49,3.82,No
BEL,Parliamentary,1991-11-24,92.71,6623897.0,7144884.0,85.1,7.0,Yes
BEL,Parliamentary,1995-05-21,91.15,6562149.0,7199440.0,83.2,7.5,Yes
BEL,Parliamentary,1999-06-13,90.57,6650796.0,7343466.0,83.14,6.86,Yes
BEL,Parliamentary,2003-05-18,91.63,6934605.0,7570637.0,85.92,4.3,Yes
BEL,Parliamentary,2007-06-10,91.08,7032077.0,7720796.0,86.0,5.13,Yes
BEL,Parliamentary,2010-06-13,89.22,6929855.0,7767552.0,84.65,5.8,Yes
BEL,Parliamentary,2014-05-25,89.37,7157498.0,8008776.0,87.21,5.78,Yes
BEL,Parliamentary,2019-05-26,88.38,7218633.0,8167709.0,77.94,6.07,Yes
BEL,Parliamentary,2024-06-09,87.42,7315450.0,8368029.0,75.82,5.63,Yes
BEN,Parliamentary,1991-01-01,51.68,1069367.0,2069343.0,46.54,3.7,No
BEN,Parliamentary,1995-01-01,75.8,1922553.0,2536234.0,73.65,2.4,No
BEN,Parliamentary,1999-01-01,70.11,1776108.0,2533399.0,65.85,,No
BEN,Parliamentary,2003-01-01,55.9,1724093.0,3084422.0,52.2,13.8,No
BEN,Parliamentary,2007-01-01,58.69,2347600.0,4000000.0,61.83,,No
BEN,Parliamentary,2011-01-01,56.12,2037004.0,3629837.0,44.77,,No
BEN,Parliamentary,2015-01-01,65.91,2946042.0,4470000.0,56.69,,No
BEN,Parliamentary,2019-01-01,27.16,1355776.0,4992399.0,22.72,,No
BEN,Parliamentary,2023-01-01,37.79,2558446.0,6769817.0,37.37,3.15,No
BEN,Parliamentary,2026-01-11,36.73,2877773.0,7834608.0,37.87,3.04,No
BEN,Presidential,1991-03-10,56.31,1162515.0,2064311.0,50.59,1.63,No
BEN,Presidential,1991-03-24,64.07,1315123.0,2052638.0,57.23,0.8,No
BEN,Presidential,1996-03-03,87.84,2211677.0,2517970.0,82.31,24.45,No
BEN,Presidential,1996-03-18,77.6,1958855.0,2524262.0,72.9,2.79,No
BEN,Presidential,2001-03-04,87.74,2662595.0,3034471.0,86.3,6.8,No
BEN,Presidential,2001-03-18,54.17,1707604.0,3152365.0,55.35,10.18,No
BEN,Presidential,2006-03-05,81.4,3189266.0,3917865.0,86.86,5.86,No
BEN,Presidential,2006-03-19,69.54,2725634.0,3919550.0,74.23,2.55,No
BEN,Presidential,2011-03-13,84.82,3111833.0,3668558.0,68.39,4.48,No
BEN,Presidential,2016-03-06,66.05,3134988.0,4746348.0,58.29,3.72,No
BEN,Presidential,2016-03-20,66.13,3138624.0,4746348.0,58.35,1.01,No
BEN,Presidential,2021-04-11,50.63,2431414.0,4802303.0,44.39,5.52,No
BEN,Presidential,2026-04-12,58.75,4639378.0,7897287.0,61.05,2.53,No
BFA,Parliamentary,1992-01-01,33.8,1260107.0,3727843.0,26.72,,No
BFA,Parliamentary,1997-01-01,44.53,2220161.0,4985352.0,41.29,4.9,No
BFA,Parliamentary,2002-01-01,64.14,1868645.0,2913219.0,33.47,7.7,No
BFA,Parliamentary,2007-01-01,56.43,2520488.0,4466354.0,37.93,11.4,No
BFA,Parliamentary,2012-01-01,75.96,3315795.0,4365153.0,39.67,9.02,No
BFA,Parliamentary,2015-01-01,60.13,3317193.0,5517015.0,36.45,4.75,No
BFA,Parliamentary,2020-01-01,50.7,2987478.0,5891981.0,28.82,4.75,No
BFA,Presidential,1991-01-01,35.25,1256381.0,3564501.0,27.34,3.3,No
BFA,Presidential,1998-01-01,56.08,2361294.0,4210234.0,46.92,0.1,No
BFA,Presidential,2005-01-01,57.66,2262899.0,3924328.0,36.4,8.7,No
BFA,Presidential,2010-01-01,54.82,1773151.0,3234555.0,23.0,4.45,No
BFA,Presidential,2015-01-01,60.0,3309988.0,5517015.0,36.37,5.78,No
BFA,Presidential,2020-01-01,50.79,2993280.0,5893406.0,28.88,4.46,No
BGD,Parliamentary,1991-01-01,55.45,34477803.0,62181743.0,61.52,0.6,No
BGD,Parliamentary,1996-01-01,75.6,42880564.0,56716935.0,64.57,0.8,No
BGD,Parliamentary,2001-01-01,74.97,56185707.0,74946364.0,76.5,0.8,No
BGD,Parliamentary,2008-01-01,85.26,69172649.0,81130973.0,78.93,0.9,No
BGD,Parliamentary,2014-01-01,51.37,47262168.0,92007113.0,48.54,3.3,No
BGD,Parliamentary,2018-01-01,80.0,83352384.0,104190480.0,78.06,,No
BGD,Parliamentary,2024-01-07,41.8,50031102.0,121775450.0,42.42,,No
BGD,Parliamentary,2026-02-12,,,,,,No
BGR,Parliamentary,1991-01-01,83.87,5694842.0,6790006.0,84.54,2.7,No
BGR,Parliamentary,1994-01-01,75.23,5264614.0,6997954.0,80.98,1.2,No
BGR,Parliamentary,1997-01-01,58.87,4291258.0,7289956.0,66.9,0.8,No
BGR,Parliamentary,2001-01-01,66.63,4608289.0,6916151.0,72.1,0.9,No
BGR,Parliamentary,2005-01-01,55.76,3747808.0,6720941.0,62.41,2.7,No
BGR,Parliamentary,2009-01-01,60.64,4323581.0,7129965.0,72.43,2.25,No
BGR,Parliamentary,2013-01-01,52.49,3632174.0,6919260.0,59.69,2.48,No
BGR,Parliamentary,2014-01-01,51.05,3501269.0,6858304.0,60.88,6.2,No
BGR,Parliamentary,2017-01-01,53.85,3682493.0,6838235.0,62.79,7.97,Yes
BGR,Parliamentary,2021-04-04,49.11,3334283.0,6789605.0,58.32,2.59,Yes
BGR,Parliamentary,2021-07-11,41.62,2775755.0,6668540.0,48.55,0.34,Yes
BGR,Parliamentary,2021-11-14,40.07,2670923.0,6665534.0,46.72,0.42,Yes
BGR,Parliamentary,2022-10-02,37.98,2601963.0,6850969.0,45.79,0.35,Yes
BGR,Parliamentary,2023-04-02,39.11,2683606.0,6862409.0,47.48,1.66,Yes
BGR,Parliamentary,2024-06-09,34.41,2268644.0,6593275.0,40.34,2.82,Yes
BGR,Parliamentary,2024-10-27,38.94,2570639.0,6601262.0,44.71,2.01,No
BGR,Parliamentary,2026-04-19,49.28,3240156.0,6575151.0,58.08,,No
BGR,Presidential,1992-01-01,75.17,5154973.0,6857942.0,80.48,,No
BGR,Presidential,1996-10-27,63.14,4317408.0,6837737.0,67.04,0.67,No
BGR,Presidential,1996-11-03,61.45,4215175.0,6859318.0,65.45,0.6,No
BGR,Presidential,2001-11-11,41.63,2850291.0,6847422.0,46.53,0.44,No
BGR,Presidential,2001-11-18,54.92,3784036.0,6889638.0,61.78,0.2,No
BGR,Presidential,2006-10-22,44.11,2856747.0,6477126.0,47.8,2.71,No
BGR,Presidential,2006-10-29,42.62,2757441.0,6469224.0,46.14,2.1,No
BGR,Presidential,2011-10-23,52.29,3593928.0,6873589.0,60.51,6.4,No
BGR,Presidential,2011-10-30,48.25,3334169.0,6910491.0,56.14,3.14,No
BGR,Presidential,2016-11-06,56.28,3947629.0,7014723.0,66.87,3.04,Yes
BGR,Presidential,2016-11-13,50.44,3540964.0,7020119.0,59.98,1.86,Yes
BGR,Presidential,2021-11-14,38.45,2670923.0,6946852.0,46.72,0.42,Yes
BGR,Presidential,2021-11-21,34.64,2311528.0,6672935.0,40.43,0.17,Yes
BHR,Parliamentary,2002-01-01,53.0,344500.0,650000.0,74.48,,No
BHR,Parliamentary,2006-01-01,73.6,217625.0,295686.0,37.22,,No
BHR,Parliamentary,2010-01-01,67.0,114570.0,171000.0,13.48,,No
BHR,Parliamentary,2014-01-01,52.6,183949.0,349713.0,18.45,,No
BHR,Parliamentary,2018-01-01,67.0,237550.0,365467.0,22.18,,No
BHR,Parliamentary,2022-01-01,73.0,251640.0,344713.0,21.7,,No
BHS,Parliamentary,1992-01-01,91.85,112057.0,122000.0,68.46,,No
BHS,Parliamentary,1997-01-01,91.71,119173.0,129946.0,67.92,0.7,No
BHS,Parliamentary,2002-01-01,90.03,130328.0,144758.0,69.69,0.9,No
BHS,Parliamentary,2007-01-01,92.13,138800.0,150654.0,69.19,0.8,No
BHS,Parliamentary,2012-01-01,90.78,156088.0,171932.0,67.31,,No
BHS,Parliamentary,2017-01-01,86.91,159910.0,184000.0,66.53,,No
BHS,Parliamentary,2021-01-01,65.0,126414.0,194494.0,48.46,,No
BHS,Parliamentary,2026-05-12,59.87,125290.0,209264.0,40.19,,No
BIH,Parliamentary,1996-01-01,46.06,1335707.0,2900000.0,51.92,,No
BIH,Parliamentary,1998-01-01,70.74,1879339.0,2656758.0,57.72,,No
BIH,Parliamentary,2000-01-01,63.7,1597805.0,2508349.0,52.33,,No
BIH,Parliamentary,2002-01-01,55.45,1298827.0,2342141.0,40.86,,No
BIH,Parliamentary,2006-01-01,54.94,1513597.0,2755207.0,42.76,6.7,No
BIH,Parliamentary,2010-01-01,56.49,1769249.0,3132231.0,58.77,7.22,No
BIH,Parliamentary,2014-01-01,54.54,1788181.0,3278908.0,59.32,8.76,No
BIH,Parliamentary,2018-01-01,54.03,1812960.0,3355429.0,56.15,8.63,No
BIH,Parliamentary,2022-01-01,51.45,1733260.0,3368666.0,53.94,8.38,No
BIH,Presidential,1996-01-01,60.32,1333204.0,2210189.0,56.35,4.4,No
BIH,Presidential,1998-01-01,70.74,1879339.0,2656758.0,57.72,,No
BIH,Presidential,2002-01-01,55.45,1298811.0,2342141.0,40.86,6.8,No
BIH,Presidential,2006-01-01,50.51,1391748.0,2755207.0,39.32,,No
BIH,Presidential,2010-01-01,56.46,1768573.0,3132231.0,58.75,7.98,No
BIH,Presidential,2014-01-01,54.54,1788193.0,3278908.0,59.32,7.69,No
BIH,Presidential,2018-01-01,54.02,1812575.0,3355429.0,56.14,6.63,No
BIH,Presidential,2022-01-01,51.45,1733206.0,3368666.0,53.94,6.65,No
BLR,Parliamentary,1995-05-14,56.4,4199431.0,7445800.0,54.88,,No
BLR,Parliamentary,2000-10-15,61.08,4430878.0,7254752.0,58.24,,No
BLR,Parliamentary,2004-10-17,90.14,6297600.0,6986163.0,82.43,3.2,No
BLR,Parliamentary,2008-09-28,76.74,5384647.0,7016711.0,69.56,2.1,No
BLR,Parliamentary,2012-09-23,74.2,5210676.0,7022221.0,65.92,,No
BLR,Parliamentary,2016-09-11,74.68,5211871.0,6978490.0,66.84,,No
BLR,Parliamentary,2019-11-17,77.31,5319286.0,6880605.0,68.94,1.05,No
BLR,Parliamentary,2024-02-25,73.09,5052142.0,6912221.0,65.97,,No
BLR,Presidential,1994-06-23,78.97,5904312.0,7476586.0,77.05,2.06,No
BLR,Presidential,1994-07-10,70.6,5278331.0,7476205.0,68.88,0.32,No
BLR,Presidential,2001-09-09,83.86,6169087.0,7356343.0,81.34,2.2,No
BLR,Presidential,2006-03-19,92.94,6630653.0,7133978.0,86.18,5.2,No
BLR,Presidential,2010-12-19,90.65,6441031.0,7105660.0,81.66,0.97,No
BLR,Presidential,2015-10-11,87.22,6113013.0,7008682.0,78.08,0.8,No
BLR,Presidential,2020-08-09,84.28,5818955.0,6904649.0,75.69,1.15,No
BLR,Presidential,2025-01-26,85.7,5916834.0,6903994.0,80.49,,No
BLZ,Parliamentary,1993-06-30,74.59,70465.0,94470.0,68.75,,No
BLZ,Parliamentary,1998-12-27,90.1,81090.0,90000.0,65.74,,No
BLZ,Parliamentary,2003-03-05,79.52,100353.0,126202.0,75.08,0.8,No
BLZ,Parliamentary,2008-02-07,77.18,121168.0,156993.0,76.54,0.72,No
BLZ,Parliamentary,2012-03-07,73.18,130303.0,178054.0,66.43,,No
BLZ,Parliamentary,2015-11-04,72.69,142900.0,196587.0,70.21,1.02,No
BLZ,Parliamentary,2020-11-11,81.86,149650.0,182815.0,61.29,1.3,No
BLZ,Parliamentary,2025-03-12,64.97,128002.0,197018.0,50.6,2.11,No
BMU,Parliamentary,1993-01-01,,,,,,
BMU,Parliamentary,1993-10-05,,,,,,
BMU,Parliamentary,1998-01-01,,,,,,
BMU,Parliamentary,1998-11-09,81.44,29378.0,36073.0,,,No
BMU,Parliamentary,2003-07-24,74.95,29472.0,39324.0,60.19,0.3,No
BMU,Parliamentary,2007-12-18,75.65,32028.0,42337.0,62.73,,No
BMU,Parliamentary,2012-12-17,70.7,30862.0,43652.0,57.22,,No
BMU,Parliamentary,2017-07-18,72.98,34060.0,46669.0,60.56,9.39,No
BMU,Parliamentary,2020-10-01,60.93,25980.0,42638.0,45.39,0.85,No
BMU,Parliamentary,2025-02-18,54.99,24779.0,45064.0,42.24,,No
BOL,Parliamentary,1993-06-06,72.16,1731309.0,2399197.0,50.01,4.8,Yes
BOL,Parliamentary,1997-06-01,71.36,2321117.0,3252501.0,64.54,6.2,Yes
BOL,Parliamentary,2002-06-30,72.06,2994065.0,4155055.0,66.82,7.2,Yes
BOL,Parliamentary,2005-12-18,84.51,3102417.0,3671152.0,63.44,7.4,Yes
BOL,Parliamentary,2009-12-06,94.55,4859440.0,5139554.0,85.55,2.48,Yes
BOL,Parliamentary,2014-10-12,87.45,5224109.0,5973901.0,86.19,20.8,Yes
BOL,Parliamentary,2019-10-20,88.47,6260690.0,7076933.0,86.53,21.45,Yes
BOL,Parliamentary,2020-10-18,88.42,6484008.0,7332926.0,87.57,5.01,Yes
BOL,Parliamentary,2025-08-17,88.96,5236925.0,7567207.0,63.6,19.69,Yes
BOL,Presidential,1993-01-01,,,,,,
BOL,Presidential,1993-06-06,72.16,1731309.0,2399197.0,50.01,,Yes
BOL,Presidential,1997-01-01,,,,,,
BOL,Presidential,1997-06-01,71.36,2321117.0,3252501.0,64.54,,Yes
BOL,Presidential,2002-06-30,72.06,2994065.0,4155055.0,66.82,7.2,Yes
BOL,Presidential,2005-12-18,84.51,3102417.0,3671152.0,63.44,3.4,Yes
BOL,Presidential,2009-12-06,94.55,4859440.0,5139554.0,85.55,2.48,Yes
BOL,Presidential,2014-10-12,91.86,5487676.0,5973901.0,90.54,5.76,Yes
BOL,Presidential,2019-10-20,88.31,6460515.0,7315364.0,89.29,5.0,Yes
BOL,Presidential,2020-10-18,88.42,6484008.0,7332926.0,87.57,5.01,Yes
BOL,Presidential,2025-08-17,86.95,6900418.0,7936515.0,83.8,19.87,Yes
BOL,Presidential,2025-10-19,85.32,6771811.0,7936515.0,82.24,0.73,Yes
BRA,Parliamentary,1990-01-01,84.61,70918635.0,83817593.0,76.57,40.1,Yes
BRA,Parliamentary,1994-01-01,82.24,77950257.0,94782803.0,79.88,18.8,Yes
BRA,Parliamentary,1998-01-01,78.51,83296067.0,106101067.0,81.03,,Yes
BRA,Parliamentary,2002-01-01,68.72,79200181.0,115254113.0,68.37,11.8,Yes
BRA,Parliamentary,2006-01-01,83.27,104778751.0,125827119.0,83.54,11.1,Yes
BRA,Parliamentary,2010-01-01,81.88,111193747.0,135804433.0,80.62,8.64,Yes
BRA,Parliamentary,2014-01-01,80.6,113232072.0,140488492.0,75.09,13.95,Yes
BRA,Parliamentary,2018-01-01,79.8,117111476.0,146750529.0,76.66,16.03,Yes
BRA,Parliamentary,2022-01-01,79.2,123195571.0,155557422.0,73.42,10.54,Yes
BRA,Presidential,1994-10-03,84.93,77971676.0,91803851.0,76.85,18.8,Yes
BRA,Presidential,1998-10-04,78.51,83297773.0,106101067.0,81.03,18.7,Yes
BRA,Presidential,2002-10-06,82.26,94805583.0,115253816.0,81.84,10.39,Yes
BRA,Presidential,2002-10-27,79.53,91664259.0,115254113.0,79.12,6.0,Yes
BRA,Presidential,2006-10-01,83.25,104820145.0,125913479.0,83.57,8.42,Yes
BRA,Presidential,2006-10-29,81.01,101998221.0,125913479.0,81.32,6.04,Yes
BRA,Presidential,2010-10-03,81.88,111193747.0,135804084.0,80.62,8.64,Yes
BRA,Presidential,2010-10-31,78.5,106606214.0,135804084.0,77.29,6.7,Yes
BRA,Presidential,2014-10-05,80.61,115122883.0,142822046.0,76.34,9.64,Yes
BRA,Presidential,2014-10-26,78.9,112683879.0,142821358.0,74.72,6.34,Yes
BRA,Presidential,2018-10-07,79.67,117364654.0,147306295.0,76.83,8.7,Yes
BRA,Presidential,2018-10-28,78.7,115933451.0,147305824.0,75.89,9.57,Yes
BRA,Presidential,2022-10-02,79.05,123682372.0,156453354.0,73.86,4.41,Yes
BRA,Presidential,2022-10-30,79.42,124252796.0,156453354.0,74.05,4.59,Yes
BRB,Parliamentary,1991-01-01,63.72,121696.0,191000.0,67.38,1.1,No
BRB,Parliamentary,1994-01-01,60.25,124121.0,206000.0,66.05,,No
BRB,Parliamentary,1999-01-01,63.1,128484.0,203621.0,68.64,,No
BRB,Parliamentary,2003-01-01,56.88,124463.0,218811.0,68.13,0.2,No
BRB,Parliamentary,2008-01-01,63.54,149633.0,235510.0,69.41,0.7,No
BRB,Parliamentary,2013-01-01,65.05,153204.0,235510.0,69.78,,No
BRB,Parliamentary,2018-01-01,60.29,154245.0,255833.0,67.06,0.33,No
BRB,Parliamentary,2022-01-01,41.73,111135.0,266330.0,46.2,0.07,No
BRB,Parliamentary,2026-02-11,,101838.0,,45.1,,No
BTN,Parliamentary,2007-01-01,54.87,147789.0,269337.0,37.16,,No
BTN,Parliamentary,2008-01-01,79.45,253012.0,318465.0,61.81,,No
BTN,Parliamentary,2013-01-01,66.13,252485.0,381790.0,53.96,,No
BTN,Parliamentary,2018-01-01,71.46,313473.0,438663.0,59.08,,No
BTN,Parliamentary,2023-11-30,63.0,313162.0,497058.0,49.96,,No
BTN,Parliamentary,2024-01-09,65.6,326775.0,498135.0,52.13,,No
BWA,Parliamentary,1994-01-01,76.55,283375.0,370173.0,44.63,,No
BWA,Parliamentary,1999-01-01,77.11,354463.0,459662.0,41.98,4.9,No
BWA,Parliamentary,2004-01-01,76.2,421272.0,552849.0,44.0,2.1,No
BWA,Parliamentary,2009-01-01,76.71,555078.0,723617.0,62.2,1.88,No
BWA,Parliamentary,2014-01-01,84.75,698409.0,824073.0,55.09,1.17,No
BWA,Parliamentary,2019-01-01,83.51,772208.0,924709.0,53.47,,No
BWA,Parliamentary,2024-10-30,81.42,845394.0,1038275.0,52.44,0.0,No
CAF,Parliamentary,1993-01-01,67.93,809298.0,1191374.0,50.28,1.9,No
CAF,Parliamentary,1998-01-01,58.45,834494.0,1427691.0,53.6,1.5,No
CAF,Parliamentary,2005-01-01,72.65,946616.0,1302930.0,45.14,6.0,No
CAF,Parliamentary,2011-01-01,61.16,1116620.0,1825735.0,55.67,,No
CAF,Parliamentary,2016-01-01,44.28,542546.0,1225300.0,27.05,4.73,No
CAF,Parliamentary,2025-12-28,,,,,,No
CAF,Presidential,1993-08-22,68.48,809298.0,1181874.0,50.28,1.9,No
CAF,Presidential,1993-09-19,56.05,692597.0,1235568.0,43.03,1.93,No
CAF,Presidential,1999-01-01,59.14,1010744.0,1709086.0,63.71,7.4,No
CAF,Presidential,2005-03-13,72.65,946616.0,1302930.0,45.14,6.0,No
CAF,Presidential,2005-05-08,67.33,977730.0,1452211.0,46.62,3.28,No
CAF,Presidential,2011-01-01,61.21,1117447.0,1825735.0,55.71,0.07,No
CAF,Presidential,2015-01-01,62.57,1222956.0,1954433.0,48.22,7.36,No
CAF,Presidential,2016-01-01,59.01,1153300.0,1954433.0,57.49,3.89,No
CAF,Presidential,2020-01-01,35.25,655054.0,1858236.0,20.24,8.49,No
CAF,Presidential,2025-12-28,52.42,1254376.0,2392946.0,39.47,3.21,No
CAN,Parliamentary,1993-10-25,69.64,13863135.0,19906796.0,63.87,1.4,No
CAN,Parliamentary,1997-06-02,67.0,13174698.0,19663478.0,57.06,1.44,No
CAN,Parliamentary,2000-11-27,61.18,12997185.0,21243473.0,54.64,1.1,No
CAN,Parliamentary,2004-06-28,60.91,13683570.0,22466621.0,55.28,0.9,No
CAN,Parliamentary,2006-01-23,64.67,14908703.0,23054615.0,58.75,0.6,No
CAN,Parliamentary,2008-10-14,59.52,13929093.0,23401064.0,53.59,0.7,No
CAN,Parliamentary,2011-05-02,61.11,14823408.0,24257592.0,54.16,0.67,No
CAN,Parliamentary,2015-10-19,68.28,17711983.0,25939742.0,62.12,0.68,No
CAN,Parliamentary,2019-10-21,67.65,18351260.0,27126166.0,62.42,0.98,No
CAN,Parliamentary,2021-09-20,62.25,17034298.0,27366297.0,55.43,1.03,No
CAN,Parliamentary,2025-04-28,68.7,19597674.0,28525638.0,61.28,,No
CHE,Parliamentary,1991-01-01,46.05,2076901.0,4510521.0,39.67,1.58,No
CHE,Parliamentary,1995-01-01,42.22,1940622.0,4596209.0,35.66,1.82,No
CHE,Parliamentary,1999-01-01,43.3,2004408.0,4628782.0,34.94,1.7,No
CHE,Parliamentary,2003-01-01,45.23,2161921.0,4779733.0,37.27,1.75,No
CHE,Parliamentary,2007-01-01,48.28,2373071.0,4915623.0,39.79,1.8,No
CHE,Parliamentary,2011-01-01,49.5,2485403.0,5124034.0,39.59,1.72,No
CHE,Parliamentary,2015-01-01,48.51,2563052.0,5283556.0,38.63,1.62,No
CHE,Parliamentary,2019-01-01,45.12,2462581.0,5457940.0,36.06,1.56,No
CHE,Parliamentary,2023-10-22,46.64,2604931.0,5585212.0,36.08,1.94,No
CHL,Parliamentary,1993-01-01,90.96,7354141.0,8085439.0,81.91,5.5,Yes
CHL,Parliamentary,1997-01-01,87.32,7046361.0,8069624.0,73.14,17.7,Yes
CHL,Parliamentary,2001-01-01,87.11,7034292.0,8075446.0,66.95,12.65,Yes
CHL,Parliamentary,2005-01-01,87.67,7207351.0,8220897.0,63.65,3.7,Yes
CHL,Parliamentary,2009-01-01,87.67,7263537.0,8285186.0,59.63,8.92,Yes
CHL,Parliamentary,2013-01-01,49.35,6698524.0,13573143.0,53.66,7.16,No
CHL,Parliamentary,2017-01-01,46.53,6675146.0,14347288.0,49.55,10.16,No
CHL,Parliamentary,2021-01-01,47.05,7072148.0,15030974.0,50.43,10.52,No
CHL,Parliamentary,2025-11-16,83.96,13248755.0,15779102.0,87.36,12.86,Yes
CHL,Presidential,1993-01-01,90.47,7314890.0,8085439.0,81.47,3.6,Yes
CHL,Presidential,1999-01-01,89.95,7271584.0,8084476.0,71.81,2.98,Yes
CHL,Presidential,2000-01-01,90.63,7326753.0,8084476.0,72.36,2.02,Yes
CHL,Presidential,2005-01-01,87.67,7207278.0,8220897.0,63.65,3.68,Yes
CHL,Presidential,2006-01-01,87.12,7162345.0,8220897.0,63.26,2.83,Yes
CHL,Presidential,2009-01-01,87.68,7264136.0,8285186.0,59.64,3.95,Yes
CHL,Presidential,2010-01-01,86.94,7203371.0,8285186.0,59.14,3.39,Yes
CHL,Presidential,2013-11-17,49.35,6699011.0,13573143.0,53.78,1.69,No
CHL,Presidential,2013-12-15,41.98,5697751.0,13573143.0,45.74,2.02,No
CHL,Presidential,2017-11-19,46.72,6703327.0,14347288.0,49.74,1.53,No
CHL,Presidential,2017-12-17,49.02,7032878.0,14347288.0,52.2,1.07,No
CHL,Presidential,2021-11-21,47.33,7114318.0,15030974.0,50.74,1.21,No
CHL,Presidential,2021-12-18,55.64,8363910.0,15030974.0,59.65,1.11,No
CHL,Presidential,2025-11-16,85.26,13452724.0,15779102.0,88.71,2.68,Yes
CHL,Presidential,2025-12-14,85.12,13430532.0,15779102.0,88.56,5.83,Yes
CIV,Parliamentary,1990-01-01,42.47,1872292.0,4408809.0,39.95,,No
CIV,Parliamentary,2000-01-01,31.54,1740240.0,5517613.0,23.83,11.1,No
CIV,Parliamentary,2011-01-01,36.56,2070793.0,5664377.0,18.16,5.43,No
CIV,Parliamentary,2016-01-01,34.1,2137364.0,6268113.0,16.15,5.17,No
CIV,Parliamentary,2021-01-01,37.88,2788022.0,7359399.0,17.98,4.17,No
CIV,Parliamentary,2025-12-27,35.04,3012094.0,8597092.0,17.48,2.27,No
CIV,Presidential,1990-01-01,70.0,3086166.0,4408809.0,65.85,,No
CIV,Presidential,1995-01-01,45.33,1722506.0,3800000.0,31.16,,No
CIV,Presidential,2000-01-01,37.42,2049018.0,5475143.0,28.06,12.4,No
CIV,Presidential,2010-10-31,83.73,4843445.0,5784490.0,55.67,4.66,No
CIV,Presidential,2010-11-28,81.12,4689366.0,5780804.0,53.9,2.12,No
CIV,Presidential,2015-10-25,52.86,3330928.0,6301189.0,25.88,6.03,No
CIV,Presidential,2020-10-31,53.9,3269813.0,6066441.0,21.76,1.65,No
CIV,Presidential,2025-10-25,50.1,4292474.0,8568456.0,24.91,2.45,No
CMR,Parliamentary,1992-03-01,60.59,2435443.0,4019562.0,44.42,9.8,No
CMR,Parliamentary,1997-05-17,75.6,2906156.0,3844330.0,46.7,,No
CMR,Parliamentary,2002-06-30,65.66,2882164.0,4389572.0,36.89,,No
CMR,Parliamentary,2007-07-22,62.01,3100000.0,5000000.0,34.51,,No
CMR,Parliamentary,2013-09-30,76.79,4208796.0,5481226.0,37.55,4.4,No
CMR,Parliamentary,2020-02-09,43.79,3021947.0,6900928.0,23.24,,No
CMR,Presidential,1992-01-01,,,,,,
CMR,Presidential,1992-10-11,71.87,3015440.0,4195687.0,55.0,,No
CMR,Presidential,1997-01-01,,,,,,
CMR,Presidential,1997-10-12,87.0,3377833.0,3882725.0,53.67,,No
CMR,Presidential,2004-10-11,79.52,3738759.0,4701953.0,45.28,4.5,No
CMR,Presidential,2011-10-09,68.28,4951434.0,7251651.0,50.25,2.31,No
CMR,Presidential,2018-10-07,53.85,3590681.0,6667754.0,29.61,1.47,No
CMR,Presidential,2025-10-12,57.76,4668446.0,8082692.0,30.56,30.56,No
COD,Parliamentary,2006-01-01,70.29,17868580.0,25420199.0,61.36,5.56,Yes
COD,Parliamentary,2011-01-01,59.05,18911572.0,32024640.0,55.56,4.06,Yes
COD,Parliamentary,2018-01-01,45.4,18329318.0,40371439.0,41.53,,Yes
COD,Presidential,2006-07-30,70.54,17931238.0,25420199.0,61.57,5.54,No
COD,Presidential,2006-10-29,65.36,16615479.0,25420199.0,57.06,2.16,Yes
COD,Presidential,2011-01-01,59.05,18911572.0,32024640.0,55.56,4.06,Yes
COD,Presidential,2018-01-01,45.4,18329318.0,40371439.0,41.53,,Yes
COD,Presidential,2023-12-20,41.05,18045358.0,43955181.0,34.0,0.15,Yes
COG,Parliamentary,2002-05-26,69.36,1202611.0,1733943.0,80.39,,No
COG,Parliamentary,2007-06-24,,,,,,No
COG,Parliamentary,2017-07-16,42.23,938136.0,2221596.0,35.83,2.82,No
COG,Presidential,2002-03-10,74.7,1295319.0,1733943.0,86.59,7.16,No
COG,Presidential,2009-07-12,66.42,1380651.0,2078802.0,72.56,2.78,No
COG,Presidential,2016-03-20,68.92,1489961.0,2161839.0,57.95,6.45,No
COG,Presidential,2021-03-21,67.17,1776786.0,2645283.0,62.37,1.97,No
COG,Presidential,2026-03-15,84.65,2681587.0,3167909.0,74.38,1.4,No
COL,Parliamentary,1990-01-01,55.33,7631691.0,13793566.0,40.05,0.2,No
COL,Parliamentary,1991-01-01,33.0,4962383.0,15037526.0,25.61,,No
COL,Parliamentary,1994-01-01,36.14,6145436.0,17003195.0,29.18,7.8,No
COL,Parliamentary,1998-01-01,45.0,9000000.0,20000000.0,40.47,,No
COL,Parliamentary,2002-01-01,42.45,10188929.0,24000636.0,40.62,18.6,No
COL,Parliamentary,2006-01-01,40.49,10767726.0,26595171.0,39.42,14.4,No
COL,Parliamentary,2010-01-01,43.75,13061798.0,29853299.0,44.07,26.4,No
COL,Parliamentary,2014-01-01,43.58,14310367.0,32835856.0,45.88,16.27,No
COL,Parliamentary,2018-01-01,49.0,17882318.0,36493318.0,52.17,19.2,No
COL,Parliamentary,2022-01-01,47.43,18413467.0,38819901.0,50.8,7.6,No
COL,Parliamentary,2026-03-08,,20492278.0,41287084.0,55.44,2.79,No
COL,Presidential,1990-05-27,43.5,6047566.0,13903324.0,31.73,0.75,No
COL,Presidential,1994-05-29,33.95,5821331.0,17146597.0,27.65,0.52,No
COL,Presidential,1994-06-19,43.32,7427742.0,17146597.0,35.27,0.61,No
COL,Presidential,1998-05-31,51.55,10751465.0,20856150.0,48.35,1.14,No
COL,Presidential,1998-06-21,58.76,12255723.0,20857801.0,55.12,0.89,No
COL,Presidential,2002-01-01,46.45,11244288.0,24208150.0,44.83,2.3,No
COL,Presidential,2006-01-01,45.11,12058788.0,26731700.0,44.15,3.7,No
COL,Presidential,2010-05-30,49.3,14781020.0,29983279.0,49.87,1.41,No
COL,Presidential,2010-06-20,44.35,13296924.0,29983279.0,44.86,1.77,No
COL,Presidential,2014-05-25,40.09,13222354.0,32975158.0,43.88,2.64,No
COL,Presidential,2014-06-15,47.97,15818214.0,32975158.0,52.42,2.79,No
COL,Presidential,2018-05-27,53.38,19636714.0,36783940.0,57.28,1.53,No
COL,Presidential,2018-06-17,53.04,19511168.0,36783940.0,56.92,1.51,No
COL,Presidential,2022-05-29,54.98,21442300.0,39002239.0,59.16,1.25,No
COL,Presidential,2022-06-19,58.17,22689034.0,39002239.0,62.6,1.28,No
COL,Presidential,2026-05-31,57.88,23978304.0,41421973.0,64.87,1.02,No
COL,Presidential,2026-06-21,63.3,26095102.0,41421973.0,70.6,0.83,No
COM,Parliamentary,2004-01-01,,,225000.0,,,No
COM,Parliamentary,2009-12-06,,,363967.0,,,No
COM,Parliamentary,2015-01-25,71.35,195870.0,274505.0,49.41,,No
COM,Parliamentary,2020-01-19,62.42,195773.0,313647.0,41.27,4.6,No
COM,Parliamentary,2025-01-12,66.27,224610.0,338940.0,40.16,,No
COM,Parliamentary,2025-02-16,,,,,,No
COM,Presidential,1990-03-04,60.27,190074.0,315391.0,77.79,1.4,No
COM,Presidential,1996-03-06,61.95,179655.0,290000.0,59.06,,No
COM,Presidential,2002-03-17,76.28,115078.0,150867.0,37.99,3.3,No
COM,Presidential,2006-04-16,57.26,177601.0,310177.0,52.14,3.8,No
COM,Presidential,2010-12-26,52.8,202933.0,384358.0,56.13,13.52,No
COM,Presidential,2016-04-10,67.81,204113.0,301006.0,48.29,5.82,No
COM,Presidential,2019-03-24,53.84,166447.0,309137.0,36.14,4.47,No
COM,Presidential,2024-01-14,56.44,191297.0,338940.0,35.22,8.74,No
CPV,Parliamentary,1991-01-01,75.27,125564.0,166818.0,71.75,5.9,No
CPV,Parliamentary,1995-01-01,76.52,158901.0,207648.0,79.48,3.4,No
CPV,Parliamentary,2001-01-01,54.14,140901.0,260275.0,65.85,3.4,No
CPV,Parliamentary,2006-01-01,54.18,174858.0,322735.0,79.98,2.0,No
CPV,Parliamentary,2011-01-01,76.01,226942.0,298567.0,86.18,1.32,No
CPV,Parliamentary,2016-01-01,65.93,229337.0,347828.0,64.47,,No
CPV,Parliamentary,2021-01-01,57.46,225761.0,392899.0,56.98,2.44,No
CPV,Parliamentary,2026-05-17,46.46,193329.0,416096.0,44.69,0.96,No
CPV,Presidential,2001-02-11,51.68,134495.0,260221.0,62.86,1.49,No
CPV,Presidential,2001-02-25,58.94,153407.0,260275.0,71.69,1.2,No
CPV,Presidential,2006-01-01,53.1,171819.0,323554.0,78.59,0.8,No
CPV,Presidential,2011-08-07,53.5,162960.0,304621.0,50.53,1.14,No
CPV,Presidential,2011-08-21,59.87,182363.0,304621.0,56.61,1.23,No
CPV,Presidential,2016-10-02,35.47,128117.0,361221.0,36.02,2.01,No
CPV,Presidential,2021-01-01,47.96,191300.0,398865.0,48.27,3.1,No
CRI,Parliamentary,1990-01-01,81.79,1383956.0,1692050.0,85.07,3.5,Yes
CRI,Parliamentary,1994-01-01,81.09,1525624.0,1881348.0,84.2,3.3,Yes
CRI,Parliamentary,1998-01-01,69.99,1431913.0,2045980.0,73.72,3.0,Yes
CRI,Parliamentary,2002-01-01,68.84,1569338.0,2279851.0,67.04,3.0,Yes
CRI,Parliamentary,2006-01-01,65.13,1404509.0,2156572.0,54.01,1.7,Yes
CRI,Parliamentary,2010-01-01,69.11,1950708.0,2822491.0,62.26,2.6,Yes
CRI,Parliamentary,2014-01-01,68.38,2096155.0,3065667.0,64.35,2.28,Yes
CRI,Parliamentary,2018-01-01,65.56,2178096.0,3322329.0,59.79,1.86,Yes
CRI,Parliamentary,2022-01-01,60.65,2117502.0,3491078.0,54.89,1.97,Yes
CRI,Parliamentary,2026-02-01,73.15,2570671.0,3664518.0,61.74,0.66,Yes
CRI,Presidential,1990-01-01,81.81,1384326.0,1692050.0,85.09,2.6,Yes
CRI,Presidential,1994-01-01,81.11,1525979.0,1881348.0,84.22,2.3,Yes
CRI,Presidential,1998-01-01,69.99,1431913.0,2045980.0,73.72,3.0,Yes
CRI,Presidential,2002-02-03,68.84,1569418.0,2279851.0,67.04,2.52,Yes
CRI,Presidential,2002-04-07,60.22,1372943.0,2279851.0,58.65,2.4,Yes
CRI,Presidential,2006-01-01,65.21,1663248.0,2550613.0,63.96,2.4,Yes
CRI,Presidential,2010-01-01,69.12,1950847.0,2822491.0,62.27,2.0,Yes
CRI,Presidential,2014-02-02,68.48,2099219.0,3065667.0,64.44,2.08,Yes
CRI,Presidential,2014-04-06,56.5,1739235.0,3078321.0,53.39,1.05,Yes
CRI,Presidential,2018-02-04,65.7,2182764.0,3322329.0,59.92,1.29,Yes
CRI,Presidential,2018-04-01,66.45,2207556.0,3322329.0,60.6,1.1,Yes
CRI,Presidential,2022-02-06,59.97,2124088.0,3541910.0,55.06,1.38,Yes
CRI,Presidential,2022-04-03,56.79,2011466.0,3541913.0,52.14,2.55,Yes
CRI,Presidential,2026-02-01,69.08,2494611.0,3611182.0,59.91,1.09,Yes
CUB,Parliamentary,1993-01-01,98.71,7852364.0,7955170.0,90.69,,No
CUB,Parliamentary,1998-01-01,98.35,7931229.0,8064205.0,89.86,,No
CUB,Parliamentary,2003-01-01,97.64,8117151.0,8313770.0,90.99,,No
CUB,Parliamentary,2008-01-01,96.89,8231365.0,8495577.0,92.24,4.7,No
CUB,Parliamentary,2013-01-01,90.88,7877906.0,8668457.0,88.75,,No
CUB,Parliamentary,2018-01-01,85.65,7399891.0,8639989.0,80.82,5.58,No
CUB,Parliamentary,2023-01-01,75.87,6167605.0,8129321.0,67.98,9.72,No
CYM,Parliamentary,2005-05-11,80.25,10527.0,13118.0,32.04,1.9,No
CYM,Parliamentary,2013-05-22,79.87,14758.0,18476.0,36.03,,No
CYM,Parliamentary,2017-05-24,74.06,15721.0,21228.0,34.31,,No
CYM,Parliamentary,2021-04-14,73.1,17247.0,23594.0,34.58,,No
CYM,Parliamentary,2025-04-30,72.89,18663.0,25606.0,34.69,1.26,No
CYP,Parliamentary,1991-01-01,94.31,359640.0,381323.0,78.63,3.5,Yes
CYP,Parliamentary,1996-01-01,90.13,369521.0,409996.0,75.9,,Yes
CYP,Parliamentary,2001-01-01,91.75,428981.0,467543.0,67.68,4.2,Yes
CYP,Parliamentary,2006-01-01,89.0,445915.0,501024.0,60.35,5.6,Yes
CYP,Parliamentary,2011-01-01,78.7,418247.0,531463.0,47.21,2.08,Yes
CYP,Parliamentary,2016-01-01,66.74,362542.0,543186.0,39.13,3.08,Yes
CYP,Parliamentary,2021-01-01,65.72,366608.0,557836.0,35.17,2.43,No
CYP,Parliamentary,2026-05-25,66.91,380851.0,569182.0,34.33,1.74,No
CYP,Presidential,1993-02-07,92.42,364118.0,393993.0,78.02,2.33,Yes
CYP,Presidential,1993-02-14,93.27,367474.0,393993.0,78.74,3.2,Yes
CYP,Presidential,1998-02-08,91.72,409979.0,446976.0,84.06,3.34,Yes
CYP,Presidential,1998-02-15,93.37,417406.0,447046.0,85.59,2.5,Yes
CYP,Presidential,2003-01-01,90.55,431690.0,476758.0,78.31,4.1,Yes
CYP,Presidential,2008-02-17,89.62,462847.0,516441.0,78.84,2.64,Yes
CYP,Presidential,2008-02-24,90.84,469143.0,516448.0,78.84,3.9,Yes
CYP,Presidential,2013-02-17,83.14,453534.0,545491.0,50.51,2.71,Yes
CYP,Presidential,2013-02-24,81.58,445009.0,545493.0,49.57,3.31,Yes
CYP,Presidential,2018-01-28,71.88,395949.0,550876.0,39.39,2.36,No
CYP,Presidential,2018-02-04,73.97,407475.0,550876.0,40.54,5.63,No
CYP,Presidential,2023-02-05,72.04,404321.0,561273.0,37.99,1.73,No
CYP,Presidential,2023-02-12,72.45,406616.0,561273.0,38.21,3.05,No
CZE,Parliamentary,1990-06-09,96.33,10785270.0,11195596.0,93.06,1.4,No
CZE,Parliamentary,1992-06-06,84.68,9750978.0,11515699.0,83.76,1.7,No
CZE,Parliamentary,1996-06-01,76.29,6096404.0,7990770.0,77.57,0.6,No
CZE,Parliamentary,1998-06-20,74.0,6006459.0,8116836.0,76.73,0.4,No
CZE,Parliamentary,2002-06-15,57.95,4789145.0,8264484.0,59.03,0.4,No
CZE,Parliamentary,2006-06-03,64.47,5372449.0,8333305.0,65.12,0.4,No
CZE,Parliamentary,2010-05-29,62.6,5268098.0,8415892.0,62.22,0.63,No
CZE,Parliamentary,2013-10-26,59.48,5010944.0,8424227.0,59.33,0.74,No
CZE,Parliamentary,2017-10-21,60.84,5094633.0,8374501.0,58.06,0.6,No
CZE,Parliamentary,2021-10-09,65.39,5411884.0,8275752.0,61.66,0.68,No
CZE,Parliamentary,2025-10-03,68.95,5690635.0,8253316.0,64.74,1.12,No
CZE,Presidential,2013-01-12,61.27,5168161.0,8435522.0,61.19,0.47,No
CZE,Presidential,2013-01-26,59.08,4983481.0,8434941.0,59.0,0.5,No
CZE,Presidential,2018-01-13,61.88,5177238.0,8366433.0,58.99,0.56,No
CZE,Presidential,2018-01-27,66.57,5567627.0,8362987.0,63.44,0.23,No
CZE,Presidential,2023-01-14,68.24,5626824.0,8245962.0,64.0,0.86,No
CZE,Presidential,2023-01-28,70.25,5789991.0,8242566.0,65.86,0.53,No
DEU,Parliamentary,1990-12-02,77.76,46995915.0,60436560.0,73.1,1.1,No
DEU,Parliamentary,1994-10-16,78.97,47737999.0,60452009.0,72.39,1.3,No
DEU,Parliamentary,1998-09-27,82.2,49947087.0,60762751.0,75.32,1.6,No
DEU,Parliamentary,2002-09-22,79.08,48582761.0,61432868.0,73.46,1.2,No
DEU,Parliamentary,2005-09-18,77.65,48044134.0,61870711.0,71.99,1.6,No
DEU,Parliamentary,2009-09-27,70.78,44005575.0,62168489.0,64.61,1.44,No
DEU,Parliamentary,2013-09-22,71.53,44309925.0,61946900.0,66.07,1.55,No
DEU,Parliamentary,2017-09-24,76.15,46976341.0,61688485.0,69.11,1.25,No
DEU,Parliamentary,2021-09-26,76.58,46854508.0,61181072.0,69.48,1.05,No
DEU,Parliamentary,2025-02-23,82.54,49927315.0,60490603.0,82.12,0.86,No
DJI,Parliamentary,1992-01-01,48.45,73187.0,151066.0,26.28,1.9,No
DJI,Parliamentary,1997-01-01,56.83,94303.0,165942.0,29.82,1.5,No
DJI,Parliamentary,2003-01-01,48.42,86482.0,178617.0,23.56,1.8,No
DJI,Parliamentary,2008-01-01,72.61,109999.0,151490.0,27.72,5.9,No
DJI,Parliamentary,2013-01-01,69.16,122333.0,176878.0,26.82,1.83,No
DJI,Parliamentary,2018-01-01,61.78,119861.0,194000.0,21.48,,No
DJI,Parliamentary,2023-01-01,74.01,170430.0,230295.0,26.51,,No
DJI,Presidential,1993-01-01,50.26,75635.0,150487.0,26.11,,No
DJI,Presidential,1999-01-01,56.28,96368.0,171232.0,29.01,1.1,No
DJI,Presidential,2005-01-01,78.9,156484.0,198332.0,54.08,5.7,No
DJI,Presidential,2011-01-01,75.45,114681.0,152000.0,25.98,,No
DJI,Presidential,2016-01-01,69.26,129507.0,187000.0,24.73,,No
DJI,Presidential,2021-01-01,76.44,164866.0,215687.0,27.06,3.19,No
DJI,Presidential,2026-04-10,80.5,210792.0,261857.0,30.54,,No
DMA,Parliamentary,1990-01-01,66.64,33693.0,50557.0,78.83,0.7,No
DMA,Parliamentary,1995-01-01,65.18,37563.0,57632.0,82.41,1.0,No
DMA,Parliamentary,2000-01-01,60.17,36264.0,60266.0,87.73,1.3,No
DMA,Parliamentary,2005-01-01,59.09,38935.0,65889.0,82.1,2.6,No
DMA,Parliamentary,2009-01-01,54.87,36883.0,67223.0,91.35,1.6,No
DMA,Parliamentary,2014-01-01,56.31,39725.0,70541.0,97.34,,No
DMA,Parliamentary,2019-01-01,53.66,40189.0,74895.0,72.73,1.21,No
DMA,Parliamentary,2022-01-01,31.6,19066.0,60330.0,33.98,3.13,No
DNK,Parliamentary,1990-01-01,82.85,3265420.0,3941499.0,80.42,0.8,No
DNK,Parliamentary,1994-01-01,84.25,3360637.0,3988787.0,81.73,1.0,No
DNK,Parliamentary,1998-01-01,85.95,3431926.0,3993009.0,83.13,0.8,No
DNK,Parliamentary,2001-01-01,87.15,3484957.0,3998957.0,84.34,1.0,No
DNK,Parliamentary,2005-01-01,84.54,3384560.0,4003616.0,81.34,0.8,No
DNK,Parliamentary,2007-01-01,86.59,3483633.0,4022920.0,83.2,0.7,No
DNK,Parliamentary,2011-01-01,87.74,3579675.0,4079910.0,81.83,0.84,No
DNK,Parliamentary,2015-01-01,85.89,3560060.0,4145105.0,80.34,1.15,No
DNK,Parliamentary,2019-01-01,84.6,3569521.0,4219537.0,76.38,1.06,No
DNK,Parliamentary,2022-01-01,84.16,3592822.0,4269048.0,75.65,1.6,No
DNK,Parliamentary,2026-03-24,83.99,3614272.0,4303429.0,73.26,0.25,No
DOM,Parliamentary,1990-01-01,56.19,1840553.0,3275570.0,45.84,1.9,Yes
DOM,Parliamentary,1994-01-01,42.4,1399200.0,3300000.0,30.56,,Yes
DOM,Parliamentary,1998-01-01,52.97,2187528.0,4129554.0,45.62,4.3,Yes
DOM,Parliamentary,2002-01-01,51.05,2371247.0,4644791.0,47.03,3.8,Yes
DOM,Parliamentary,2006-01-01,56.46,3101071.0,5492880.0,56.4,3.5,Yes
DOM,Parliamentary,2010-01-01,56.43,3451368.0,6116397.0,58.57,4.08,No
DOM,Parliamentary,2016-01-01,67.77,4584780.0,6765245.0,64.26,,No
DOM,Parliamentary,2020-01-01,55.18,4003159.0,7529932.0,56.35,3.8,No
DOM,Parliamentary,2024-05-19,53.59,4365147.0,8145548.0,58.29,1.44,No
DOM,Presidential,1990-01-01,59.79,1958509.0,3275570.0,48.78,,Yes
DOM,Presidential,1996-05-16,78.63,2948979.0,3750502.0,62.18,1.53,Yes
DOM,Presidential,1996-06-30,76.56,2871487.0,3750502.0,60.54,0.7,Yes
DOM,Presidential,2000-01-01,76.14,3236906.0,4251218.0,65.33,1.3,Yes
DOM,Presidential,2004-01-01,72.84,3656850.0,5020703.0,69.45,1.2,Yes
DOM,Presidential,2008-01-01,71.36,4113644.0,5764387.0,71.63,0.7,Yes
DOM,Presidential,2012-01-01,70.23,4566838.0,6502968.0,70.21,0.66,No
DOM,Presidential,2016-01-01,69.6,4708746.0,6765245.0,65.99,2.06,No
DOM,Presidential,2020-01-01,55.29,4163275.0,7529932.0,58.61,1.44,No
DZA,Parliamentary,1991-12-26,59.0,7822625.0,13258554.0,60.07,11.8,No
DZA,Parliamentary,1997-06-05,65.6,10999139.0,16767309.0,74.13,4.6,No
DZA,Parliamentary,2002-05-30,46.17,8288536.0,17951127.0,45.08,10.5,No
DZA,Parliamentary,2007-05-17,35.51,6662383.0,18760400.0,32.02,14.4,No
DZA,Parliamentary,2012-05-10,43.14,9339026.0,21645841.0,38.7,,No
DZA,Parliamentary,2017-05-04,37.09,8624199.0,23251503.0,31.65,24.46,No
DZA,Parliamentary,2021-06-12,23.03,5625324.0,24425187.0,19.53,18.18,No
DZA,Parliamentary,2026-07-02,21.24,,24727041.0,,,No
DZA,Presidential,1995-11-16,75.69,12087281.0,15969904.0,80.1,3.9,No
DZA,Presidential,1999-04-15,60.91,10652623.0,17488757.0,63.77,,No
DZA,Presidential,2004-04-08,58.07,10508777.0,18097225.0,53.6,3.1,No
DZA,Presidential,2009-04-09,74.56,15356024.0,20595683.0,65.86,6.02,No
DZA,Presidential,2014-04-17,49.42,11307478.0,22880678.0,43.57,,No
DZA,Presidential,2019-12-12,39.88,9759392.0,24474161.0,34.86,12.86,No
DZA,Presidential,2024-09-07,46.1,11226065.0,24351551.0,37.12,37.12,No
ECU,Parliamentary,1990-06-17,69.42,3651081.0,5259114.0,64.68,16.9,Yes
ECU,Parliamentary,1994-06-01,65.49,4044433.0,6175991.0,66.3,15.7,Yes
ECU,Parliamentary,1996-05-19,67.87,4521207.0,6662007.0,67.83,22.1,Yes
ECU,Parliamentary,1998-05-31,64.16,4537822.0,7072496.0,65.84,22.25,Yes
ECU,Parliamentary,2002-10-20,63.51,5178885.0,8154425.0,70.26,,Yes
ECU,Parliamentary,2006-10-15,63.5,5819854.0,9165125.0,70.28,41.7,Yes
ECU,Parliamentary,2009-04-26,75.72,7975133.0,10532234.0,91.0,26.79,Yes
ECU,Parliamentary,2013-02-17,80.84,9439237.0,11675441.0,94.29,22.06,Yes
ECU,Parliamentary,2017-02-19,81.74,10476231.0,12816698.0,90.47,22.21,Yes
ECU,Parliamentary,2021-02-07,81.0,10616457.0,13107364.0,89.34,24.41,Yes
ECU,Parliamentary,2023-08-20,82.93,10818266.0,13045553.0,84.09,22.58,Yes
ECU,Parliamentary,2025-02-09,82.09,11256432.0,13709241.0,85.52,9.24,Yes
ECU,Presidential,1992-05-17,71.62,4089743.0,5710363.0,69.23,16.47,Yes
ECU,Presidential,1992-07-05,73.1,4174097.0,5710363.0,70.66,10.27,Yes
ECU,Presidential,1996-05-19,67.94,4525881.0,6662007.0,67.9,15.82,Yes
ECU,Presidential,1996-07-07,71.71,4777547.0,6662007.0,71.67,11.3,Yes
ECU,Presidential,1998-05-30,64.16,4537822.0,7072496.0,65.84,15.29,Yes
ECU,Presidential,1998-07-12,70.13,4960075.0,7072496.0,71.97,11.62,Yes
ECU,Presidential,2002-10-20,64.98,5298581.0,8154425.0,71.88,13.77,Yes
ECU,Presidential,2002-11-24,71.21,5807109.0,8154425.0,78.78,11.9,Yes
ECU,Presidential,2006-10-15,71.46,6549677.0,9165125.0,79.09,16.67,Yes
ECU,Presidential,2006-11-26,76.01,6966145.0,9165125.0,84.12,9.8,Yes
ECU,Presidential,2009-04-26,75.28,7928748.0,10532234.0,90.47,13.0,Yes
ECU,Presidential,2013-02-17,81.08,9467062.0,11675441.0,94.57,9.11,Yes
ECU,Presidential,2017-02-19,81.69,10470174.0,12816698.0,90.42,9.77,Yes
ECU,Presidential,2017-04-02,82.99,10636008.0,12816698.0,91.85,6.96,Yes
ECU,Presidential,2021-02-07,81.03,10614874.0,13099150.0,89.34,12.65,Yes
ECU,Presidential,2021-04-11,84.31,10828386.0,12843192.0,91.12,17.87,Yes
ECU,Presidential,2023-08-20,82.93,10819475.0,13045553.0,84.1,8.81,Yes
ECU,Presidential,2023-10-15,82.36,11074792.0,13446682.0,86.08,8.51,Yes
ECU,Presidential,2025-02-09,82.01,11264489.0,13736315.0,96.55,6.8,Yes
ECU,Presidential,2025-04-13,82.95,11394247.0,13736315.0,85.58,6.7,Yes
EGY,Parliamentary,1990-11-29,44.43,7253168.0,16326229.0,25.03,4.8,Yes
EGY,Parliamentary,1995-11-29,47.99,10072017.0,20987453.0,30.41,2.5,Yes
EGY,Parliamentary,2000-01-01,,,,,,
EGY,Parliamentary,2000-10-18,,,24602241.0,,,Yes
EGY,Parliamentary,2005-11-15,28.13,8790708.0,31253417.0,19.75,3.4,Yes
EGY,Parliamentary,2010-11-29,27.47,7995022.0,29109107.0,16.16,,Yes
EGY,Parliamentary,2012-01-11,62.04,29279884.0,47192169.0,54.99,,Yes
EGY,Parliamentary,2015-10-17,28.27,15206000.0,53786000.0,27.46,,Yes
EGY,Parliamentary,2020-10-21,29.07,18358895.0,63157351.0,28.82,,Yes
EGY,Parliamentary,2025-11-10,,,,,,Yes
EGY,Presidential,2005-09-07,22.95,7305036.0,31826284.0,16.41,2.4,Yes
EGY,Presidential,2012-05-24,46.42,23672236.0,50996746.0,44.46,1.72,No
EGY,Presidential,2012-06-17,51.85,26420763.0,50958794.0,49.62,3.19,Yes
EGY,Presidential,2014-05-28,47.5,25578233.0,53848911.0,47.14,4.07,Yes
EGY,Presidential,2018-03-28,41.05,24254152.0,59078138.0,39.9,7.27,Yes
EGY,Presidential,2023-12-12,66.8,44777668.0,67032438.0,68.01,1.09,Yes
ESP,Parliamentary,1993-01-01,77.05,23907495.0,31030511.0,77.43,1.3,No
ESP,Parliamentary,1996-01-01,78.06,24985097.0,32007554.0,80.56,1.5,No
ESP,Parliamentary,2000-01-01,68.71,23339490.0,33969640.0,73.79,0.7,No
ESP,Parliamentary,2004-01-01,75.66,26155436.0,34571831.0,76.25,2.6,No
ESP,Parliamentary,2008-01-01,75.32,25514671.0,33875268.0,69.3,1.8,No
ESP,Parliamentary,2011-01-01,68.94,24666441.0,35779491.0,63.26,1.29,No
ESP,Parliamentary,2015-01-01,73.2,25350447.0,34631086.0,64.39,1.64,No
ESP,Parliamentary,2016-01-01,69.84,24161083.0,34597038.0,60.87,1.68,No
ESP,Parliamentary,2019-01-01,71.76,26478140.0,36898883.0,65.14,1.8,No
ESP,Parliamentary,2023-07-23,66.59,24952447.0,37469458.0,63.38,1.86,No
EST,Parliamentary,1990-01-01,78.2,910000.0,1163683.0,78.28,,No
EST,Parliamentary,1992-01-01,67.84,467629.0,689319.0,40.93,1.5,No
EST,Parliamentary,1995-01-01,68.91,545770.0,791957.0,48.84,0.9,No
EST,Parliamentary,1999-01-01,57.43,492356.0,857270.0,45.95,1.6,No
EST,Parliamentary,2003-01-01,58.24,500686.0,859714.0,48.12,1.2,No
EST,Parliamentary,2007-01-01,61.91,555463.0,897243.0,53.44,0.9,No
EST,Parliamentary,2011-01-01,63.53,580264.0,913346.0,55.45,0.56,No
EST,Parliamentary,2015-01-01,64.23,577927.0,899793.0,56.82,0.6,No
EST,Parliamentary,2019-01-01,63.67,565045.0,887420.0,56.45,0.69,No
EST,Parliamentary,2023-03-05,63.53,613801.0,966129.0,62.95,0.57,No
EST,Presidential,1992-09-20,67.95,468605.0,689608.0,41.01,1.08,No
ETH,Parliamentary,1992-06-21,,19148000.0,,77.35,,No
ETH,Parliamentary,1995-01-01,94.05,20068508.0,21337379.0,76.02,,No
ETH,Parliamentary,2000-01-01,90.0,18226800.0,20252000.0,59.98,,No
ETH,Parliamentary,2005-01-01,82.6,22610690.0,27372888.0,66.19,,No
ETH,Parliamentary,2010-01-01,93.44,29832190.0,31926520.0,71.17,,No
ETH,Parliamentary,2015-01-01,93.22,34351444.0,36851461.0,70.09,,No
ETH,Parliamentary,2021-01-01,93.64,37946992.0,40525964.0,63.37,,No
ETH,Parliamentary,2026-06-01,,,,,,No
FIN,Parliamentary,1991-01-01,68.39,2776984.0,4060778.0,71.93,1.8,No
FIN,Parliamentary,1995-01-01,68.58,2803602.0,4088358.0,71.13,0.6,No
FIN,Parliamentary,1999-01-01,65.27,2710095.0,4152430.0,65.21,1.0,No
FIN,Parliamentary,2003-01-01,66.71,2815700.0,4220951.0,69.96,0.9,No
FIN,Parliamentary,2007-01-01,65.02,2790752.0,4292436.0,68.18,0.7,No
FIN,Parliamentary,2011-01-01,67.37,2955865.0,4387701.0,72.77,0.55,No
FIN,Parliamentary,2015-01-01,66.85,2983856.0,4463333.0,73.14,0.51,No
FIN,Parliamentary,2019-01-01,68.73,3099760.0,4510040.0,69.43,0.58,No
FIN,Parliamentary,2023-01-01,68.5,3110038.0,4540437.0,68.87,0.46,No
FIN,Presidential,1994-01-16,78.43,3204531.0,4085623.0,81.68,0.27,No
FIN,Presidential,1994-02-06,78.68,3214761.0,4085622.0,81.94,0.47,No
FIN,Presidential,2000-01-16,73.63,3068150.0,4167204.0,73.64,0.3,No
FIN,Presidential,2000-02-06,76.8,3200580.0,4167204.0,76.81,0.5,No
FIN,Presidential,2006-01-15,70.82,3025606.0,4272537.0,74.17,0.29,No
FIN,Presidential,2006-01-29,74.05,3163667.0,4272537.0,77.56,0.5,No
FIN,Presidential,2012-01-22,69.74,3070429.0,4402622.0,75.79,0.31,No
FIN,Presidential,2012-02-05,65.98,2904886.0,4402622.0,71.71,0.87,No
FIN,Presidential,2018-01-28,66.76,3002710.0,4498004.0,67.47,0.3,No
FIN,Presidential,2024-01-28,71.55,3252546.0,4546041.0,71.82,0.28,No
FJI,Parliamentary,1992-01-01,78.77,238814.0,303172.0,64.03,,Yes
FJI,Parliamentary,1994-01-01,74.8,227046.0,303529.0,55.69,,Yes
FJI,Parliamentary,1999-01-01,89.41,390877.0,437195.0,74.84,9.0,Yes
FJI,Parliamentary,2001-01-01,81.05,379954.0,468772.0,77.04,11.7,Yes
FJI,Parliamentary,2006-01-01,64.0,307004.0,479674.0,55.54,6.4,Yes
FJI,Parliamentary,2014-01-01,84.6,500078.0,591101.0,83.01,0.75,No
FJI,Parliamentary,2018-01-01,71.92,458532.0,637527.0,72.97,0.92,No
FJI,Parliamentary,2022-01-01,68.3,473910.0,693915.0,72.49,0.7,No
FRA,Parliamentary,1993-03-21,68.93,26860177.0,38968660.0,61.29,5.3,No
FRA,Parliamentary,1993-03-28,67.51,22802301.0,33773804.0,52.03,9.51,No
FRA,Parliamentary,1997-05-25,67.92,26635942.0,39217241.0,59.83,4.89,No
FRA,Parliamentary,1997-06-01,71.07,27353998.0,38487205.0,61.44,6.32,No
FRA,Parliamentary,2002-06-09,64.42,26389875.0,40968484.0,56.2,4.33,No
FRA,Parliamentary,2002-06-16,60.32,22186165.0,36783746.0,47.25,4.35,No
FRA,Parliamentary,2007-06-10,60.42,26521822.0,43895833.0,54.51,1.87,No
FRA,Parliamentary,2007-06-17,59.98,21129002.0,35224953.0,43.43,3.42,No
FRA,Parliamentary,2012-06-10,57.22,26369126.0,46082104.0,50.73,1.58,No
FRA,Parliamentary,2012-06-17,55.4,23952486.0,43233648.0,46.08,3.85,No
FRA,Parliamentary,2017-06-11,48.7,23167508.0,47570988.0,44.37,2.22,No
FRA,Parliamentary,2017-06-18,42.64,20164615.0,47293103.0,38.62,9.86,No
FRA,Parliamentary,2022-06-12,47.51,23256207.0,48953748.0,43.55,2.2,No
FRA,Parliamentary,2022-06-19,46.23,22464299.0,48589606.0,42.07,7.64,No
FRA,Parliamentary,2024-06-30,66.71,32910888.0,49332761.0,60.95,1.77,No
FRA,Parliamentary,2024-07-07,66.63,28870330.0,43328470.0,53.47,2.75,No
FRA,Presidential,1995-04-23,78.38,31345794.0,39992912.0,71.11,2.82,No
FRA,Presidential,1995-05-07,79.68,31852695.0,39976944.0,72.26,6.0,No
FRA,Presidential,2002-04-21,71.6,29497888.0,41197964.0,62.82,3.38,No
FRA,Presidential,2002-05-05,79.71,32832295.0,41191169.0,69.92,5.4,No
FRA,Presidential,2007-04-22,83.77,37254242.0,44472834.0,76.57,1.44,No
FRA,Presidential,2007-05-06,83.97,37342004.0,44472733.0,76.75,4.2,No
FRA,Presidential,2012-04-22,79.48,36584399.0,46028542.0,70.35,1.92,No
FRA,Presidential,2012-05-06,80.35,37016309.0,46066307.0,71.18,5.82,No
FRA,Presidential,2017-04-23,77.77,37003728.0,47582183.0,70.87,2.57,No
FRA,Presidential,2017-05-07,74.56,35467327.0,47568693.0,67.93,11.52,No
FRA,Presidential,2022-04-10,73.69,35923707.0,48747876.0,67.27,2.2,No
FRA,Presidential,2022-04-24,71.99,35096478.0,48752339.0,65.72,8.66,No
FRO,Parliamentary,1998-01-01,88.19,27876.0,31609.0,87.0,0.7,No
FRO,Parliamentary,2002-01-01,91.63,30717.0,33522.0,89.83,0.5,No
FRO,Parliamentary,2004-01-01,92.34,31788.0,34426.0,90.95,0.2,No
FRO,Parliamentary,2008-01-01,89.5,31177.0,34835.0,87.63,0.2,No
FRO,Parliamentary,2015-01-01,88.48,32257.0,36458.0,84.92,0.36,No
FRO,Parliamentary,2019-01-01,89.42,33819.0,37821.0,86.59,0.38,No
FRO,Parliamentary,2026-03-24,75.49,29406.0,38955.0,72.1,0.36,No
FSM,Parliamentary,1995-01-01,,,,,,
FSM,Parliamentary,1995-03-20,,33686.0,,62.96,,No
FSM,Parliamentary,1999-01-01,,,,,,
FSM,Parliamentary,1999-03-02,,17020.0,,29.46,,No
FSM,Parliamentary,2001-01-01,,,,,,
FSM,Parliamentary,2001-03-06,,,,,,No
FSM,Parliamentary,2003-01-01,,,,,,
FSM,Parliamentary,2003-03-04,,,,,,No
FSM,Parliamentary,2005-01-01,,,,,,
FSM,Parliamentary,2005-03-08,,,80000.0,,,No
FSM,Parliamentary,2007-03-06,52.58,48673.0,92573.0,82.38,,No
FSM,Parliamentary,2009-03-03,,34856.0,,55.59,,No
FSM,Parliamentary,2011-01-01,,,,,,
FSM,Parliamentary,2011-03-08,,,,,,No
FSM,Parliamentary,2013-03-05,44.68,41103.0,92000.0,64.88,,No
FSM,Parliamentary,2017-03-02,33.11,39067.0,117977.0,59.24,,No
FSM,Parliamentary,2021-03-07,,35176.0,,52.61,,No
FSM,Parliamentary,2025-03-04,28.67,31122.0,108568.0,49.75,,No
GAB,Parliamentary,1996-01-01,,,,,,
GAB,Parliamentary,1996-12-15,,,,,,Yes
GAB,Parliamentary,2001-01-01,,,,,,
GAB,Parliamentary,2001-12-09,,,596431.0,,,Yes
GAB,Parliamentary,2006-12-17,,,640000.0,,,Yes
GAB,Parliamentary,2011-12-27,34.28,255570.0,745645.0,28.24,,Yes
GAB,Parliamentary,2018-10-06,58.63,398798.0,680194.0,33.87,,Yes
GAB,Parliamentary,2025-09-27,43.96,405451.0,922365.0,33.14,7.7,Yes
GAB,Parliamentary,2025-10-11,28.71,168884.0,588216.0,13.8,3.24,Yes
GAB,Presidential,1993-12-05,88.08,426594.0,484319.0,57.94,2.1,Yes
GAB,Presidential,1998-12-06,53.83,337113.0,626200.0,49.3,1.3,Yes
GAB,Presidential,2005-11-27,63.47,352263.0,554967.0,42.98,1.4,Yes
GAB,Presidential,2009-08-30,44.29,357621.0,807402.0,40.01,4.88,Yes
GAB,Presidential,2016-08-27,59.46,373310.0,627805.0,41.89,4.4,Yes
GAB,Presidential,2023-08-26,56.64,479652.0,846822.0,34.41,4.66,Yes
GAB,Presidential,2025-04-12,70.69,641632.0,907665.0,52.44,3.37,Yes
GBR,Parliamentary,1992-04-09,77.83,33653800.0,43240084.0,75.36,0.1,No
GBR,Parliamentary,1997-05-01,71.46,31289097.0,43784559.0,69.39,0.2,No
GBR,Parliamentary,2001-06-07,59.38,26365192.0,44403238.0,57.56,0.4,No
GBR,Parliamentary,2005-05-05,61.36,27148510.0,44245939.0,58.32,0.3,No
GBR,Parliamentary,2010-05-06,65.77,29991471.0,45597461.0,61.06,1.03,No
GBR,Parliamentary,2015-05-07,66.34,30798826.0,46425386.0,60.65,0.33,No
GBR,Parliamentary,2017-06-08,69.31,32463654.0,46835433.0,63.25,0.23,No
GBR,Parliamentary,2019-12-12,67.55,32132029.0,47567752.0,62.04,0.37,No
GBR,Parliamentary,2024-07-04,59.76,28808662.0,48208507.0,52.79,0.24,No
GEO,Parliamentary,1992-01-01,74.77,2592117.0,3466677.0,67.09,,No
GEO,Parliamentary,1995-01-01,68.18,2127946.0,3121075.0,54.15,,No
GEO,Parliamentary,1999-01-01,67.87,2133878.0,3143851.0,58.76,,No
GEO,Parliamentary,2003-01-01,60.06,1909215.0,3178593.0,54.78,,No
GEO,Parliamentary,2004-01-01,63.93,1498012.0,2343087.0,42.77,2.2,No
GEO,Parliamentary,2008-01-01,53.39,1850407.0,3465736.0,51.7,3.0,No
GEO,Parliamentary,2012-01-01,59.76,2159624.0,3613747.0,59.0,,No
GEO,Parliamentary,2016-01-01,51.94,1825054.0,3513884.0,46.98,3.58,No
GEO,Parliamentary,2020-10-13,56.75,1992891.0,3511853.0,51.52,3.28,No
GEO,Parliamentary,2024-10-26,58.73,2060412.0,3508294.0,55.4,,No
GEO,Presidential,1995-01-01,68.87,2139369.0,3106557.0,54.44,,No
GEO,Presidential,2000-01-01,75.86,2343176.0,3088925.0,65.25,,No
GEO,Presidential,2004-01-01,87.97,1963556.0,2231986.0,56.07,0.7,No
GEO,Presidential,2008-01-01,56.19,1982318.0,3527964.0,55.38,1.7,No
GEO,Presidential,2013-10-27,46.96,1661273.0,3537719.0,47.34,1.87,No
GEO,Presidential,2018-10-28,46.83,1647878.0,3518877.0,42.49,3.27,No
GEO,Presidential,2018-11-28,56.36,1988787.0,3528658.0,51.28,3.0,No
GHA,Parliamentary,1992-01-01,28.07,2059415.0,7336846.0,30.01,,No
GHA,Parliamentary,1996-01-01,65.0,5980000.0,9200000.0,67.96,,No
GHA,Parliamentary,2000-01-01,61.19,6546695.0,10698652.0,64.55,1.6,No
GHA,Parliamentary,2004-01-01,85.12,8813908.0,10354970.0,79.98,2.1,No
GHA,Parliamentary,2008-01-01,69.52,8671272.0,12472758.0,66.59,2.4,No
GHA,Parliamentary,2012-01-01,80.01,11226352.0,14031793.0,82.05,1.58,No
GHA,Parliamentary,2016-01-01,67.55,10614718.0,15712499.0,70.88,1.75,No
GHA,Parliamentary,2020-01-01,77.83,13253035.0,17027641.0,79.99,,No
GHA,Parliamentary,2024-12-07,60.88,11430622.0,18774159.0,58.6,2.09,No
GHA,Presidential,1992-01-01,50.16,4127876.0,8229902.0,60.15,,No
GHA,Presidential,1996-01-01,78.21,7257984.0,9279605.0,82.48,1.5,No
GHA,Presidential,2000-12-07,61.74,6605084.0,10698652.0,65.13,1.6,No
GHA,Presidential,2000-12-28,60.37,6459003.0,10698652.0,63.69,1.2,No
GHA,Presidential,2004-01-01,85.12,8813908.0,10354970.0,79.98,2.1,No
GHA,Presidential,2008-12-07,69.52,8671272.0,12472758.0,66.59,2.37,No
GHA,Presidential,2008-12-28,72.91,9094364.0,12472758.0,69.84,1.02,No
GHA,Presidential,2012-01-01,80.15,11246982.0,14031793.0,82.2,2.2,No
GHA,Presidential,2016-01-01,68.62,10781917.0,15712499.0,72.0,1.54,No
GHA,Presidential,2020-01-01,78.89,13432857.0,17027641.0,81.07,2.33,No
GHA,Presidential,2024-12-07,60.88,11430622.0,18774158.0,58.6,2.09,No
GIB,Parliamentary,2011-01-01,82.51,17915.0,21712.0,82.72,,No
GIB,Parliamentary,2015-01-01,70.77,16475.0,23278.0,74.23,,No
GIB,Parliamentary,2019-01-01,70.84,17135.0,24189.0,76.38,2.15,No
GIB,Parliamentary,2023-10-12,76.41,19256.0,25200.0,85.07,2.45,No
GIN,Parliamentary,1995-01-01,61.86,1886403.0,3049262.0,59.91,2.5,No
GIN,Parliamentary,2002-01-01,71.98,3209458.0,4458871.0,77.47,0.9,No
GIN,Parliamentary,2013-01-01,63.53,3311175.0,5211965.0,62.99,8.6,No
GIN,Parliamentary,2020-01-01,58.04,3006055.0,5179600.0,45.85,4.2,No
GIN,Parliamentary,2026-05-31,,,,,,No
GIN,Presidential,1993-01-01,78.46,2236406.0,2850403.0,75.46,6.9,No
GIN,Presidential,1998-01-01,69.83,2650790.0,3796293.0,75.38,,No
GIN,Presidential,2003-01-01,82.76,4146027.0,5009780.0,97.38,1.5,No
GIN,Presidential,2010-06-27,51.6,1949396.0,3778177.0,36.95,9.1,No
GIN,Presidential,2010-11-07,67.87,2898233.0,4270531.0,54.94,3.09,No
GIN,Presidential,2015-01-01,68.36,4131046.0,6042634.0,68.03,4.35,No
GIN,Presidential,2020-01-01,78.88,4267594.0,5410089.0,65.09,3.94,No
GMB,Parliamentary,1992-01-01,55.8,223200.0,400000.0,55.26,,No
GMB,Parliamentary,1997-01-01,73.21,307856.0,420507.0,56.71,,No
GMB,Parliamentary,2002-01-01,56.38,94621.0,167817.0,13.88,1.0,No
GMB,Parliamentary,2007-01-01,41.7,261947.0,628160.0,32.75,,No
GMB,Parliamentary,2012-01-01,19.44,154950.0,796929.0,16.83,,No
GMB,Parliamentary,2017-01-01,42.0,372362.0,886578.0,32.33,,No
GMB,Parliamentary,2022-01-01,51.21,492754.0,962157.0,36.92,,No
GMB,Presidential,1996-01-01,80.0,394537.0,493171.0,72.68,,No
GMB,Presidential,2001-01-01,89.71,404343.0,,61.32,,No
GMB,Presidential,2006-01-01,58.58,392685.0,670336.0,50.66,0.0,No
GMB,Presidential,2011-01-01,82.55,657904.0,796929.0,73.53,0.02,No
GMB,Presidential,2016-01-01,59.35,526161.0,886578.0,47.04,,No
GMB,Presidential,2021-01-01,89.34,859557.0,962157.0,66.24,,No
GNB,Parliamentary,1994-01-01,45.0,178604.0,396938.0,32.09,0.2,No
GNB,Parliamentary,1999-01-01,80.0,402400.0,503007.0,63.26,,No
GNB,Parliamentary,2004-01-01,74.37,449924.0,605018.0,65.21,6.8,No
GNB,Parliamentary,2008-01-01,82.0,486873.0,593739.0,64.25,0.1,No
GNB,Parliamentary,2014-01-01,88.57,686876.0,775508.0,79.07,14.61,No
GNB,Parliamentary,2019-01-01,84.69,645085.0,761676.0,68.93,6.54,No
GNB,Parliamentary,2023-06-04,79.57,711058.0,893618.0,67.63,5.74,No
GNB,Parliamentary,2025-11-23,,,,,,No
GNB,Presidential,1994-07-03,89.33,357682.0,400417.0,64.27,13.72,No
GNB,Presidential,1994-08-07,81.57,326615.0,400417.0,58.69,5.16,No
GNB,Presidential,1999-11-28,83.38,419412.0,503007.0,65.94,11.54,No
GNB,Presidential,2000-01-16,71.89,361609.0,503007.0,56.85,3.5,No
GNB,Presidential,2005-06-19,87.63,471843.0,538472.0,66.84,5.37,No
GNB,Presidential,2005-07-24,78.55,422978.0,538472.0,59.92,2.5,No
GNB,Presidential,2009-06-28,60.01,356340.0,593765.0,44.04,5.16,No
GNB,Presidential,2009-07-26,61.09,362736.0,593765.0,44.83,2.35,No
GNB,Presidential,2014-04-13,89.29,692440.0,775508.0,79.71,9.03,No
GNB,Presidential,2014-05-18,78.21,606536.0,775508.0,69.82,2.98,No
GNB,Presidential,2019-11-24,74.37,566473.0,761676.0,60.53,1.96,No
GNB,Presidential,2019-12-29,72.67,553521.0,761676.0,59.14,1.03,No
GNB,Presidential,2025-11-23,60.73,587470.0,967392.0,52.64,3.97,No
GNQ,Parliamentary,1999-01-01,94.94,184218.0,194036.0,24.51,0.4,No
GNQ,Parliamentary,2004-01-01,96.45,203042.0,210514.0,74.58,0.4,No
GNQ,Parliamentary,2008-01-01,,,278000.0,,,No
GNQ,Parliamentary,2017-01-01,84.01,273502.0,325555.0,65.53,,No
GNQ,Presidential,2002-01-01,97.97,211104.0,215477.0,78.94,0.26,No
GNQ,Presidential,2009-01-01,93.35,273127.0,292585.0,83.03,0.43,No
GNQ,Presidential,2016-01-01,92.7,301799.0,325548.0,74.55,3.93,No
GNQ,Presidential,2022-01-01,98.41,413148.0,419817.0,43.0,0.3,No
GRC,Parliamentary,1993-01-01,82.95,7019925.0,8462636.0,85.61,1.7,Yes
GRC,Parliamentary,1996-01-01,76.34,6952938.0,9107766.0,83.88,2.0,Yes
GRC,Parliamentary,2000-01-01,74.97,7027007.0,9373439.0,89.02,1.6,Yes
GRC,Parliamentary,2004-01-01,76.62,7575190.0,9886807.0,87.66,2.2,Yes
GRC,Parliamentary,2007-01-01,74.14,7355684.0,9921343.0,79.59,2.7,Yes
GRC,Parliamentary,2009-01-01,70.92,6477060.0,9933385.0,79.24,2.64,Yes
GRC,Parliamentary,2012-01-01,62.47,6216996.0,9951970.0,69.36,0.99,Yes
GRC,Parliamentary,2015-01-01,63.94,6330318.0,9900403.0,70.65,2.36,Yes
GRC,Parliamentary,2019-01-01,57.78,5769644.0,9984934.0,63.52,2.08,Yes
GRC,Parliamentary,2023-05-21,61.1,6061098.0,9919115.0,68.92,2.61,Yes
GRC,Parliamentary,2023-06-25,53.74,5273699.0,9813595.0,59.96,1.11,Yes
GRD,Parliamentary,1990-01-01,68.42,39939.0,58374.0,78.94,1.2,No
GRD,Parliamentary,1995-01-01,61.78,44116.0,71412.0,83.98,0.5,No
GRD,Parliamentary,1999-01-01,56.67,41753.0,73682.0,80.11,0.5,No
GRD,Parliamentary,2003-01-01,57.42,47239.0,82270.0,98.24,0.5,No
GRD,Parliamentary,2008-01-01,80.3,56911.0,70869.0,,0.4,No
GRD,Parliamentary,2013-01-01,87.73,54524.0,62147.0,85.02,0.11,No
GRD,Parliamentary,2018-01-01,73.65,57621.0,78236.0,71.52,0.46,No
GRD,Parliamentary,2022-01-01,70.32,60941.0,86658.0,72.96,0.51,No
GRL,Parliamentary,2014-11-28,72.95,29489.0,40424.0,69.18,0.71,No
GRL,Parliamentary,2018-04-24,71.86,29296.0,40769.0,67.79,0.99,No
GRL,Parliamentary,2021-04-06,65.84,27079.0,41126.0,62.28,2.19,No
GRL,Parliamentary,2025-03-11,70.9,28620.0,40369.0,65.48,1.13,No
GTM,Parliamentary,1990-01-01,56.44,1808718.0,3204955.0,40.97,14.1,No
GTM,Parliamentary,1994-01-01,21.01,731357.0,3480196.0,14.46,12.0,No
GTM,Parliamentary,1995-01-01,46.8,1737033.0,3711589.0,33.38,6.4,No
GTM,Parliamentary,1999-01-01,40.39,1800676.0,4458744.0,31.13,3.6,No
GTM,Parliamentary,2003-01-01,54.5,2764965.0,5073282.0,49.28,10.1,No
GTM,Parliamentary,2007-01-01,60.46,3621852.0,5990029.0,57.19,9.4,No
GTM,Parliamentary,2011-01-01,69.38,5093230.0,7340841.0,69.99,,No
GTM,Parliamentary,2015-01-01,71.13,5375103.0,7556873.0,62.6,13.73,No
GTM,Parliamentary,2019-01-01,63.4,5127244.0,8086526.0,50.88,26.19,No
GTM,Parliamentary,2023-06-25,59.86,5549642.0,9270360.0,49.74,25.83,No
GTM,Presidential,1990-11-11,56.44,1808718.0,3204955.0,40.97,14.1,No
GTM,Presidential,1991-01-06,45.26,1450603.0,3204955.0,31.92,5.2,No
GTM,Presidential,1995-11-12,46.8,1737033.0,3711589.0,33.38,10.83,No
GTM,Presidential,1996-01-07,36.88,1368828.0,3711589.0,26.31,4.24,No
GTM,Presidential,1999-11-07,53.76,2397212.0,4458744.0,41.44,8.58,No
GTM,Presidential,1999-12-26,40.39,1800676.0,4458744.0,31.13,3.1,No
GTM,Presidential,2003-11-09,57.89,2937169.0,5073282.0,52.35,8.63,No
GTM,Presidential,2003-12-28,46.78,2373469.0,5073282.0,42.3,3.85,No
GTM,Presidential,2007-09-09,60.36,3615867.0,5990029.0,57.1,9.32,No
GTM,Presidential,2007-11-04,48.15,2884175.0,5990029.0,45.54,5.2,No
GTM,Presidential,2011-09-11,68.86,5055183.0,7340841.0,69.46,11.89,No
GTM,Presidential,2011-11-06,60.64,4451486.0,7340841.0,61.17,3.81,No
GTM,Presidential,2015-09-06,69.74,5270489.0,7556873.0,61.38,8.88,No
GTM,Presidential,2015-10-25,56.15,4242854.0,7556873.0,49.41,3.85,No
GTM,Presidential,2019-06-16,62.16,5066479.0,8150221.0,50.28,13.18,No
GTM,Presidential,2019-08-11,42.66,3476758.0,8150221.0,34.5,5.32,No
GTM,Presidential,2023-06-25,59.45,5565598.0,9361068.0,49.88,25.33,No
GTM,Presidential,2023-08-20,45.23,4234400.0,9361068.0,37.95,5.29,No
GUY,Parliamentary,1992-10-05,81.0,308852.0,381299.0,63.71,1.8,No
GUY,Parliamentary,1997-12-15,88.42,408057.0,461481.0,80.16,1.4,No
GUY,Parliamentary,2001-03-19,91.73,403769.0,440185.0,72.56,1.8,No
GUY,Parliamentary,2006-08-28,68.82,338839.0,492369.0,66.44,1.5,No
GUY,Parliamentary,2011-11-28,72.89,346604.0,475496.0,75.0,1.32,No
GUY,Parliamentary,2015-05-11,72.19,412012.0,570708.0,86.27,,No
GUY,Parliamentary,2020-03-02,72.58,480061.0,661378.0,91.49,0.85,No
GUY,Parliamentary,2025-09-01,58.41,442550.0,757690.0,77.32,0.92,No
HND,Parliamentary,1993-11-27,64.97,1776204.0,2734000.0,63.49,3.7,Yes
HND,Parliamentary,1997-11-30,71.83,2084411.0,2901743.0,67.98,,Yes
HND,Parliamentary,2001-11-25,66.31,2279366.0,3437454.0,72.34,8.6,Yes
HND,Parliamentary,2005-11-27,45.97,1833710.0,3988605.0,50.69,,Yes
HND,Parliamentary,2009-11-29,50.05,2298690.0,4592898.0,53.13,11.45,Yes
HND,Parliamentary,2013-11-24,61.16,3275346.0,5355112.0,69.17,4.9,Yes
HND,Parliamentary,2017-11-26,59.49,3567244.0,5996253.0,65.29,15.33,Yes
HND,Parliamentary,2021-11-28,,,,,,Yes
HND,Parliamentary,2025-11-30,,,,,,Yes
HND,Presidential,1993-11-27,64.97,1776204.0,2734000.0,63.49,1.2,Yes
HND,Presidential,1997-11-30,72.09,2091733.0,2901743.0,68.22,5.7,Yes
HND,Presidential,2001-11-25,66.34,2280526.0,3437454.0,72.37,4.6,Yes
HND,Presidential,2005-11-27,55.08,2190398.0,3976550.0,60.55,8.6,Yes
HND,Presidential,2009-11-29,49.88,2300056.0,4611211.0,53.17,6.7,Yes
HND,Presidential,2013-11-24,59.14,3139692.0,5308781.0,66.31,14.01,Yes
HND,Presidential,2017-11-26,57.52,3478317.0,6046873.0,63.66,5.55,Yes
HND,Presidential,2021-11-28,68.58,3580527.0,5182425.0,59.72,6.21,Yes
HND,Presidential,2025-11-30,,,,,,Yes
HRV,Parliamentary,1990-04-22,84.54,2996250.0,3544112.0,,3.84,
HRV,Parliamentary,1992-08-02,75.61,2690873.0,3558913.0,74.92,4.7,No
HRV,Parliamentary,1995-10-29,68.79,2500000.0,3634233.0,72.17,3.3,No
HRV,Parliamentary,2000-01-03,76.55,2821020.0,3685378.0,80.95,1.7,No
HRV,Parliamentary,2003-11-23,61.65,2520008.0,4087553.0,71.96,1.6,No
HRV,Parliamentary,2007-11-25,59.58,2520079.0,4229681.0,70.84,1.5,No
HRV,Parliamentary,2011-12-04,54.17,2439754.0,4504251.0,66.09,1.73,No
HRV,Parliamentary,2015-11-08,60.82,2304403.0,3788788.0,63.96,,No
HRV,Parliamentary,2016-09-11,52.59,1979277.0,3763769.0,55.52,1.88,No
HRV,Parliamentary,2020-07-05,46.9,1736065.0,3701924.0,49.48,2.26,No
HRV,Parliamentary,2024-04-17,62.3,2216763.0,3733398.0,6426.0,,No
HRV,Presidential,1992-01-01,74.9,2677764.0,3575032.0,74.55,1.9,No
HRV,Presidential,1997-01-01,54.62,2218448.0,4061479.0,64.3,1.8,No
HRV,Presidential,2000-01-24,62.98,2677561.0,4251109.0,76.83,0.49,No
HRV,Presidential,2000-02-07,60.88,2589120.0,4252921.0,74.29,1.1,No
HRV,Presidential,2005-01-02,50.57,2227073.0,4403933.0,63.02,0.91,No
HRV,Presidential,2005-01-16,51.04,2241760.0,4392220.0,63.44,1.6,No
HRV,Presidential,2009-12-27,43.94,1975331.0,4495233.0,57.19,1.06,No
HRV,Presidential,2010-01-10,50.13,2253570.0,4495528.0,65.24,1.36,No
HRV,Presidential,2014-12-28,47.1,1787003.0,3794293.0,49.6,1.56,No
HRV,Presidential,2015-01-11,59.05,2258887.0,3825242.0,62.7,2.69,No
HRV,Presidential,2019-12-22,51.2,1904461.0,3719741.0,54.02,1.17,No
HRV,Presidential,2020-01-05,54.99,2053292.0,3734115.0,58.51,4.35,No
HRV,Presidential,2024-12-29,46.03,1625458.0,3531622.0,47.12,1.18,No
HRV,Presidential,2025-01-12,44.18,1561223.0,3533441.0,55.38,3.67,No
HTI,Parliamentary,1990-01-01,50.16,1640729.0,3271155.0,52.69,,No
HTI,Parliamentary,1995-01-01,31.09,1140523.0,3668049.0,33.07,,No
HTI,Parliamentary,2000-01-01,59.99,2547000.0,4245384.0,60.54,,No
HTI,Parliamentary,2006-01-01,28.31,1000314.0,3533430.0,22.82,,No
HTI,Parliamentary,2011-01-01,22.77,1073079.0,4712693.0,19.28,,No
HTI,Parliamentary,2015-01-01,17.82,1046516.0,5871450.0,17.29,,No
HTI,Presidential,1990-01-01,50.16,1640729.0,3271155.0,53.82,,No
HTI,Presidential,1995-01-01,27.8,994599.0,3578155.0,28.84,13.3,No
HTI,Presidential,2000-01-01,78.29,2871572.0,3668049.0,68.25,,No
HTI,Presidential,2006-01-01,59.26,2093947.0,3533430.0,47.77,7.4,No
HTI,Presidential,2010-11-10,22.88,1074056.0,4694961.0,19.3,,No
HTI,Presidential,2011-03-20,22.6,1061089.0,4694961.0,19.07,,No
HTI,Presidential,2015-10-25,28.49,1672931.0,5871450.0,27.64,7.16,No
HTI,Presidential,2016-11-20,18.11,1120663.0,6189253.0,17.82,5.16,No
HUN,Parliamentary,1990-03-25,65.1,5093119.0,7824110.0,65.52,1.36,No
HUN,Parliamentary,1994-05-08,68.92,5485618.0,7959206.0,69.43,1.2,No
HUN,Parliamentary,1998-05-10,57.01,4570386.0,8016397.0,59.03,1.3,No
HUN,Parliamentary,2002-04-07,70.52,5667551.0,8037265.0,71.55,0.6,No
HUN,Parliamentary,2006-04-09,67.57,5457553.0,8076781.0,68.84,0.6,No
HUN,Parliamentary,2010-04-11,64.38,5172222.0,8034394.0,63.67,,No
HUN,Parliamentary,2014-04-06,61.84,5096524.0,8241488.0,63.36,0.91,No
HUN,Parliamentary,2018-04-08,69.67,5791432.0,8312264.0,71.64,1.03,No
HUN,Parliamentary,2022-04-03,69.59,5717182.0,8215466.0,71.44,1.01,No
HUN,Parliamentary,2026-04-12,79.56,5988778.0,7527742.0,74.27,0.59,No
HUN,Parliamentary,2026-06-29,66.98,,,,,
IDN,Parliamentary,1992-01-01,90.91,97789534.0,107565697.0,87.6,,No
IDN,Parliamentary,1997-01-01,88.93,110938069.0,124740987.0,92.81,,No
IDN,Parliamentary,1999-01-01,93.3,110298176.0,118217393.0,85.69,3.4,No
IDN,Parliamentary,2004-01-01,84.09,124456342.0,148000369.0,87.6,8.0,No
IDN,Parliamentary,2009-01-01,70.99,121588366.0,171265442.0,74.04,14.38,No
IDN,Parliamentary,2014-04-09,74.53,140016815.0,187866698.0,83.19,10.74,No
IDN,Parliamentary,2019-04-17,83.86,157475213.0,187781884.0,82.16,11.12,No
IDN,Parliamentary,2024-02-14,81.42,166440076.0,204421612.0,81.14,8.8,No
IDN,Presidential,2004-04-05,77.68,121293844.0,156139262.0,85.38,2.17,No
IDN,Presidential,2004-09-20,74.72,116662705.0,156139262.0,82.12,2.06,No
IDN,Presidential,2009-07-08,71.91,127983655.0,177983000.0,77.93,5.06,No
IDN,Presidential,2014-07-09,69.58,134953967.0,193944150.0,80.19,1.02,No
IDN,Presidential,2019-04-17,81.97,158012506.0,192770611.0,82.44,2.38,No
IDN,Presidential,2024-02-14,82.39,168422011.0,204421612.0,82.11,2.49,No
IND,Parliamentary,1991-01-01,56.73,282700942.0,498363801.0,57.23,2.43,No
IND,Parliamentary,1996-01-01,57.94,343308035.0,592572288.0,61.08,2.44,No
IND,Parliamentary,1998-01-01,61.97,375441739.0,605880192.0,67.45,1.86,No
IND,Parliamentary,1999-01-01,59.99,371669104.0,619536847.0,65.69,1.91,No
IND,Parliamentary,2004-01-01,58.07,389948330.0,,60.91,0.1,No
IND,Parliamentary,2009-01-01,58.17,417037606.0,716985101.0,56.45,0.05,No
IND,Parliamentary,2014-01-01,66.4,553801801.0,834101479.0,70.29,,No
IND,Parliamentary,2019-01-01,67.4,613656298.0,910512091.0,68.8,,No
IND,Parliamentary,2024-04-19,65.79,637387945.0,968821926.0,64.25,,No
IRL,Parliamentary,1992-11-25,68.49,1751351.0,2557036.0,73.65,1.5,No
IRL,Parliamentary,1997-06-06,65.92,1806932.0,2741262.0,67.38,0.99,No
IRL,Parliamentary,2002-05-17,62.57,1878609.0,3002173.0,66.98,1.1,No
IRL,Parliamentary,2007-05-24,67.03,2085245.0,3110914.0,68.89,0.9,No
IRL,Parliamentary,2011-02-25,69.9,2243176.0,3209244.0,63.78,1.0,No
IRL,Parliamentary,2016-02-26,65.09,2151293.0,3305110.0,58.04,0.86,No
IRL,Parliamentary,2020-02-08,62.77,2201192.0,3506906.0,56.65,0.8,No
IRL,Parliamentary,2024-11-29,59.7,2218295.0,3689896.0,54.86,,No
IRL,Presidential,1990-01-01,,,,,,
IRL,Presidential,1990-11-07,64.1,1584095.0,2471308.0,,0.6,No
IRL,Presidential,1997-01-01,,,,,,
IRL,Presidential,1997-10-30,46.71,1279688.0,2739529.0,47.72,0.8,No
IRL,Presidential,2011-10-27,56.11,1790438.0,3191157.0,50.72,,No
IRL,Presidential,2018-10-26,43.87,1492338.0,3401681.0,39.33,1.24,No
IRL,Presidential,2025-10-24,45.83,1656436.0,3614450.0,40.45,12.9,No
IRN,Parliamentary,1992-01-01,,18803158.0,,62.07,1.47,No
IRN,Parliamentary,1996-01-01,77.24,24716692.0,32000000.0,73.07,,No
IRN,Parliamentary,2000-01-01,82.63,32000000.0,38726386.0,76.52,,No
IRN,Parliamentary,2004-01-01,50.57,,46351032.0,52.77,,No
IRN,Parliamentary,2008-01-01,49.47,24240269.0,49000000.0,54.08,4.32,No
IRN,Parliamentary,2012-01-01,64.2,31001408.0,48288799.0,61.81,,No
IRN,Parliamentary,2016-01-01,60.09,33000000.0,54915024.0,55.29,,No
IRN,Parliamentary,2020-01-01,42.32,24512000.0,57918000.0,40.25,,No
IRN,Parliamentary,2024-03-01,40.64,24861542.0,61172298.0,38.84,,No
IRN,Presidential,1993-01-01,,16796787.0,,53.19,,No
IRN,Presidential,2001-01-01,72.76,28159289.0,38700000.0,86.42,1.8,No
IRN,Presidential,2005-06-17,62.84,29400857.0,46786418.0,71.11,4.17,No
IRN,Presidential,2005-06-24,59.76,27959253.0,46786418.0,67.62,2.4,No
IRN,Presidential,2009-01-01,84.77,39165191.0,46200000.0,75.52,1.05,No
IRN,Presidential,2013-01-01,72.71,36704156.0,50483192.0,62.27,3.39,No
IRN,Presidential,2017-01-01,73.33,41366085.0,56410234.0,68.43,2.9,No
IRN,Presidential,2021-01-01,48.78,28933004.0,59310307.0,46.9,12.88,No
IRN,Presidential,2024-06-28,39.93,24535184.0,61452322.0,38.33,4.3,No
IRQ,Parliamentary,2005-12-15,79.63,12396631.0,15568702.0,89.22,1.66,No
IRQ,Parliamentary,2010-03-07,62.4,11526412.0,18471814.0,70.12,,No
IRQ,Parliamentary,2014-04-30,60.53,13013765.0,21500000.0,76.81,13.76,No
IRQ,Parliamentary,2018-05-12,44.85,10364697.0,23109138.0,47.38,,No
IRQ,Parliamentary,2021-10-10,43.54,9629601.0,22116368.0,42.59,7.5,No
IRQ,Parliamentary,2025-11-11,56.04,11997084.0,21406882.0,47.0,6.08,No
ISL,Parliamentary,1991-01-01,87.62,160142.0,182768.0,88.67,1.5,No
ISL,Parliamentary,1995-01-01,87.38,167751.0,191973.0,87.83,1.6,No
ISL,Parliamentary,1999-01-01,84.07,169431.0,201525.0,86.18,2.2,No
ISL,Parliamentary,2003-01-01,87.7,185311.0,211289.0,89.12,1.2,No
ISL,Parliamentary,2007-01-01,83.6,185071.0,221368.0,84.65,1.6,No
ISL,Parliamentary,2009-01-01,85.12,193975.0,227896.0,84.74,3.5,No
ISL,Parliamentary,2013-01-01,81.44,193792.0,237957.0,80.01,0.3,No
ISL,Parliamentary,2016-01-01,79.18,195200.0,246511.0,75.68,2.9,No
ISL,Parliamentary,2017-01-01,81.2,201777.0,248502.0,78.39,2.74,No
ISL,Parliamentary,2021-01-01,80.09,203978.0,254681.0,75.79,2.08,No
ISL,Parliamentary,2024-11-30,80.18,215216.0,268420.0,77.53,0.0,No
ISL,Presidential,1996-01-01,85.9,167319.0,194784.0,86.96,1.2,No
ISL,Presidential,2004-01-01,62.92,134374.0,213553.0,63.72,0.6,No
ISL,Presidential,2012-01-01,69.32,163251.0,235495.0,68.91,2.48,No
ISL,Presidential,2016-01-01,75.67,185390.0,245004.0,72.93,1.52,No
ISL,Presidential,2020-01-01,66.92,168821.0,252267.0,63.39,3.03,No
ISL,Presidential,2024-06-01,80.78,215635.0,266935.0,77.68,0.61,No
ISR,Parliamentary,1992-01-01,77.38,2637943.0,3409015.0,81.73,0.8,No
ISR,Parliamentary,1996-01-01,79.32,3121270.0,3933250.0,84.71,4.8,No
ISR,Parliamentary,1999-01-01,78.73,3372952.0,4285428.0,84.43,5.3,No
ISR,Parliamentary,2001-01-01,62.29,2805938.0,4504769.0,69.57,3.0,No
ISR,Parliamentary,2003-01-01,67.81,3200773.0,4720074.0,76.11,1.6,No
ISR,Parliamentary,2006-01-01,63.55,3186739.0,5014622.0,71.16,1.6,No
ISR,Parliamentary,2009-01-01,64.72,3416587.0,5278985.0,70.24,1.3,No
ISR,Parliamentary,2013-01-01,67.77,3833646.0,5656705.0,73.19,1.06,No
ISR,Parliamentary,2015-01-01,72.34,4254738.0,5881696.0,76.1,1.03,No
ISR,Parliamentary,2019-04-09,68.46,4340253.0,6339729.0,74.59,0.71,No
ISR,Parliamentary,2019-11-17,69.83,4465168.0,6394030.0,76.74,0.64,No
ISR,Parliamentary,2020-01-01,71.52,4615135.0,6453255.0,77.9,0.54,No
ISR,Parliamentary,2021-01-01,67.44,4436365.0,6578084.0,73.65,0.59,No
ISR,Parliamentary,2022-01-01,70.63,4794593.0,6788804.0,78.13,0.62,No
ITA,Parliamentary,1992-01-01,87.44,41479764.0,47435964.0,92.34,5.4,Yes
ITA,Parliamentary,1994-01-01,86.14,41461260.0,48135041.0,90.84,5.9,No
ITA,Parliamentary,1996-01-01,82.91,40496438.0,48846238.0,87.35,7.8,No
ITA,Parliamentary,2001-01-01,81.44,40195500.0,49358947.0,84.92,7.2,No
ITA,Parliamentary,2006-01-01,83.62,39298497.0,46997601.0,82.13,2.9,No
ITA,Parliamentary,2008-01-01,80.54,37954253.0,47126326.0,79.13,5.1,No
ITA,Parliamentary,2013-01-01,75.19,35271541.0,46905154.0,68.33,3.59,No
ITA,Parliamentary,2018-01-01,72.93,33916460.0,46505499.0,65.18,3.22,No
ITA,Parliamentary,2022-01-01,63.79,29355592.0,46021956.0,56.07,4.47,No
JAM,Parliamentary,1993-03-30,67.68,678572.0,1002571.0,44.67,1.4,No
JAM,Parliamentary,1997-12-18,65.42,773425.0,1182292.0,48.77,0.9,No
JAM,Parliamentary,2002-10-16,59.06,768758.0,1301638.0,50.89,,No
JAM,Parliamentary,2007-09-03,60.4,808240.0,1338146.0,49.56,,No
JAM,Parliamentary,2011-12-29,53.17,876310.0,1648036.0,46.18,0.61,No
JAM,Parliamentary,2016-02-25,48.37,882489.0,1824412.0,44.79,1.12,No
JAM,Parliamentary,2020-09-03,37.85,724317.0,1913410.0,37.17,1.22,No
JAM,Parliamentary,2025-09-03,39.96,830298.0,2077800.0,41.26,1.65,No
JOR,Parliamentary,1993-01-01,54.77,822294.0,1501279.0,34.71,,No
JOR,Parliamentary,1997-01-01,47.45,702260.0,1480000.0,26.56,,No
JOR,Parliamentary,2003-01-01,57.75,1342999.0,2325496.0,44.19,,No
JOR,Parliamentary,2007-01-01,54.0,1326070.0,2455686.0,43.64,,No
JOR,Parliamentary,2010-01-01,53.0,1256100.0,2370000.0,33.88,,No
JOR,Parliamentary,2013-01-01,56.45,1282550.0,2272182.0,34.11,,No
JOR,Parliamentary,2016-01-01,36.13,1492400.0,4130145.0,31.13,,No
JOR,Parliamentary,2020-01-01,29.9,1387711.0,4640643.0,21.13,,No
JOR,Parliamentary,2024-09-10,31.25,1638351.0,5115219.0,23.17,,No
JPN,Parliamentary,1990-01-01,73.31,66215906.0,90322908.0,74.95,0.6,No
JPN,Parliamentary,1993-01-01,67.02,63574819.0,94866020.0,66.25,1.2,No
JPN,Parliamentary,1996-01-01,59.65,58262930.0,97680719.0,60.27,2.98,No
JPN,Parliamentary,2000-01-01,60.62,60882471.0,100433798.0,59.02,3.0,No
JPN,Parliamentary,2003-01-01,59.8,61183286.0,102306684.0,59.07,3.4,No
JPN,Parliamentary,2005-01-01,67.46,69532186.0,103067966.0,66.62,1.7,No
JPN,Parliamentary,2009-01-01,69.27,72003538.0,103949442.0,69.34,,No
JPN,Parliamentary,2012-01-01,59.32,61669473.0,103959866.0,59.67,,No
JPN,Parliamentary,2014-01-01,52.66,53334447.0,101280758.0,51.97,,No
JPN,Parliamentary,2017-10-22,53.68,56945254.0,106091229.0,53.39,2.09,No
JPN,Parliamentary,2021-01-01,55.97,58891347.0,105224103.0,55.75,2.42,No
JPN,Parliamentary,2024-10-27,53.84,55930899.0,103880749.0,51.35,2.47,No
JPN,Parliamentary,2026-02-08,56.25,58059718.0,103211223.0,55.66,1.38,No
KAZ,Parliamentary,1994-01-01,73.52,,,,,No
KAZ,Parliamentary,1995-01-01,80.73,7153443.0,,64.3,1.42,No
KAZ,Parliamentary,1999-01-01,62.56,5262489.0,8411757.0,53.57,8.0,No
KAZ,Parliamentary,2004-01-01,56.49,4893204.0,8662188.0,48.42,,No
KAZ,Parliamentary,2007-01-01,68.41,6082430.0,8891561.0,57.54,,No
KAZ,Parliamentary,2012-01-01,75.44,7018927.0,9303693.0,56.88,,No
KAZ,Parliamentary,2016-01-01,77.1,7564281.0,9810920.0,58.43,,No
KAZ,Parliamentary,2021-01-01,63.25,7539280.0,11919241.0,56.09,3.95,No
KAZ,Parliamentary,2023-01-01,54.15,6517360.0,12035578.0,47.63,2.32,No
KAZ,Presidential,1999-01-01,85.77,7221408.0,8419283.0,71.11,1.5,No
KAZ,Presidential,2005-01-01,76.78,6871571.0,8949199.0,66.98,1.9,No
KAZ,Presidential,2011-01-01,89.99,8279227.0,9200298.0,72.72,,No
KAZ,Presidential,2015-01-01,95.21,9090920.0,9547864.0,70.8,,No
KAZ,Presidential,2019-01-01,77.54,9274110.0,11960364.0,70.09,0.62,No
KAZ,Presidential,2022-01-01,69.44,8300046.0,11953465.0,61.22,4.33,No
KEN,Parliamentary,1992-01-01,58.84,4622764.0,7855880.0,40.88,,No
KEN,Parliamentary,1997-01-01,65.45,5910580.0,9030092.0,46.67,1.6,No
KEN,Parliamentary,2002-01-01,57.18,5976205.0,10451150.0,38.51,1.7,No
KEN,Parliamentary,2007-01-01,69.09,9877028.0,14296180.0,54.49,1.1,No
KEN,Parliamentary,2013-01-01,85.75,12194562.0,14388781.0,54.99,0.88,No
KEN,Parliamentary,2017-01-01,77.37,15164826.0,19601502.0,59.77,1.95,No
KEN,Presidential,1992-01-01,66.81,5248596.0,7855880.0,46.41,,No
KEN,Presidential,1997-01-01,83.86,4273595.0,5095850.0,33.74,0.7,No
KEN,Presidential,2002-01-01,57.18,5975910.0,10451150.0,38.51,1.9,No
KEN,Presidential,2007-01-01,69.09,9877028.0,14296180.0,54.49,0.9,No
KEN,Presidential,2013-01-01,85.69,12330028.0,14388781.0,55.6,0.88,No
KEN,Presidential,2017-01-01,79.49,15590236.0,19611423.0,61.44,2.62,No
KEN,Presidential,2022-01-01,64.77,14326751.0,22120458.0,46.1,0.79,No
KGZ,Parliamentary,1995-01-01,61.1,1344200.0,2200000.0,50.47,,No
KGZ,Parliamentary,2000-01-01,64.41,1613855.0,2505763.0,61.16,,No
KGZ,Parliamentary,2005-01-01,59.0,,2600000.0,,,No
KGZ,Parliamentary,2007-01-01,75.2,2033848.0,2704553.0,63.63,0.8,No
KGZ,Parliamentary,2010-01-01,56.59,1614427.0,2852751.0,45.62,,No
KGZ,Parliamentary,2015-01-01,56.62,1563456.0,2761297.0,42.46,,No
KGZ,Parliamentary,2020-01-01,56.2,1980240.0,3523554.0,51.26,1.43,No
KGZ,Parliamentary,2021-01-01,34.94,1293946.0,3703420.0,33.14,9.29,
KGZ,Parliamentary,2025-11-30,36.9,1584446.0,4294243.0,38.78,,No
KGZ,Presidential,1995-01-01,86.19,1943077.0,2254348.0,72.95,1.2,No
KGZ,Presidential,2000-01-01,77.26,1960201.0,2537247.0,74.29,,No
KGZ,Presidential,2005-01-01,74.97,2002004.0,2670530.0,65.8,0.9,No
KGZ,Presidential,2009-01-01,79.2,2328068.0,2939413.0,67.18,1.3,No
KGZ,Presidential,2011-01-01,61.28,1858596.0,3032957.0,52.06,,No
KGZ,Presidential,2017-01-01,56.32,1697868.0,3014434.0,45.13,0.82,No
KGZ,Presidential,2021-01-01,39.16,1395513.0,3563574.0,35.75,0.78,No
KHM,Parliamentary,1993-01-01,86.78,4134631.0,4764430.0,88.84,3.0,No
KHM,Parliamentary,1998-01-01,93.74,5057679.0,5395595.0,92.16,3.1,No
KHM,Parliamentary,2003-01-01,83.22,5277494.0,6341834.0,77.92,2.1,No
KHM,Parliamentary,2008-01-01,75.21,6111210.0,8125529.0,75.91,1.7,No
KHM,Parliamentary,2013-01-01,68.49,6627159.0,9675453.0,69.76,,No
KHM,Parliamentary,2018-01-01,83.02,6956900.0,8380217.0,66.26,8.55,No
KHM,Parliamentary,2023-07-23,84.59,8214430.0,9710655.0,74.75,5.36,No
KIR,Parliamentary,1991-01-01,,19285.0,,49.64,,No
KIR,Parliamentary,1994-01-01,,,,,,No
KIR,Parliamentary,1998-01-01,,,,,,No
KIR,Parliamentary,2002-01-01,,,,,,No
KIR,Parliamentary,2003-01-01,,,,,,No
KIR,Parliamentary,2007-01-01,67.54,29166.0,43184.0,44.8,,No
KIR,Parliamentary,2011-10-21,,,,,,No
KIR,Parliamentary,2016-01-07,,,40000.0,,,No
KIR,Parliamentary,2020-04-14,75.67,34000.0,44929.0,46.26,,No
KIR,Parliamentary,2024-08-14,84.54,44758.0,52941.0,56.66,0.28,No
KIR,Parliamentary,2024-08-19,57.99,30699.0,52941.0,38.87,0.0,No
KIR,Presidential,1991-01-01,73.7,,,,,No
KIR,Presidential,1994-01-01,,,,,,No
KIR,Presidential,1998-01-01,,,,,,No
KIR,Presidential,2003-01-01,,,,,,No
KIR,Presidential,2007-01-01,57.08,24568.0,43042.0,45.24,0.66,No
KIR,Presidential,2012-01-01,68.0,33939.0,49910.0,55.33,,No
KIR,Presidential,2016-01-01,83.12,33247.0,40000.0,49.27,,No
KIR,Presidential,2024-10-25,68.77,37671.0,54776.0,47.69,0.3,No
KNA,Parliamentary,1993-01-01,66.43,19256.0,28987.0,74.5,0.3,No
KNA,Parliamentary,1995-01-01,68.37,21690.0,31726.0,69.55,0.3,No
KNA,Parliamentary,2000-01-01,64.24,21949.0,34166.0,84.77,0.5,No
KNA,Parliamentary,2004-01-01,58.98,22922.0,38865.0,91.42,1.5,No
KNA,Parliamentary,2010-01-01,83.51,27364.0,32766.0,76.25,0.43,No
KNA,Parliamentary,2015-01-01,72.19,30455.0,42185.0,77.3,0.51,No
KNA,Parliamentary,2020-01-01,58.41,28139.0,48173.0,68.47,0.56,No
KNA,Parliamentary,2022-01-01,58.03,29554.0,50933.0,70.56,0.76,No
KOR,Parliamentary,1992-03-24,71.86,20843482.0,29003828.0,74.59,1.3,No
KOR,Parliamentary,1996-04-11,63.91,20122799.0,31488294.0,65.32,2.3,No
KOR,Parliamentary,2000-04-13,57.21,19156515.0,33482387.0,55.74,1.3,No
KOR,Parliamentary,2004-04-15,59.98,21351340.0,35596497.0,59.46,0.3,No
KOR,Parliamentary,2008-04-09,46.01,17389206.0,37796035.0,46.59,1.2,No
KOR,Parliamentary,2012-04-11,54.26,21815420.0,40205055.0,56.29,,No
KOR,Parliamentary,2016-04-13,58.03,24430746.0,42100398.0,60.78,2.74,No
KOR,Parliamentary,2020-04-15,66.21,29126396.0,43994247.0,66.48,4.21,No
KOR,Parliamentary,2024-04-10,66.97,29654450.0,44280011.0,66.19,4.42,No
KOR,Presidential,1992-01-01,,,,,,
KOR,Presidential,1992-12-18,,23775409.0,,85.08,,No
KOR,Presidential,1997-12-18,80.65,26041889.0,32290416.0,92.48,1.5,No
KOR,Presidential,2002-12-19,70.83,24784963.0,34991529.0,70.81,0.9,No
KOR,Presidential,2007-12-19,63.01,23725197.0,37653518.0,64.17,0.5,No
KOR,Presidential,2012-12-19,75.84,30721459.0,40507842.0,79.28,0.41,No
KOR,Presidential,2017-05-09,77.2,32807908.0,42479710.0,77.92,0.41,No
KOR,Presidential,2022-03-09,77.08,34067853.0,44197692.0,76.73,0.9,No
KOR,Presidential,2025-06-03,79.38,35236497.0,44391871.0,78.5,0.73,No
KWT,Parliamentary,1992-01-01,85.0,69224.0,81440.0,18.45,,No
KWT,Parliamentary,1996-01-01,80.0,85735.0,107169.0,22.86,,No
KWT,Parliamentary,1999-01-01,83.27,93996.0,112883.0,,,No
KWT,Parliamentary,2003-01-01,,,136715.0,,,No
KWT,Parliamentary,2006-01-01,,312762.0,340248.0,19.42,0.6,No
KWT,Parliamentary,2008-01-01,59.41,214886.0,361684.0,12.29,,No
KWT,Parliamentary,2009-01-01,59.0,,384790.0,,,No
KWT,Parliamentary,2012-01-01,59.53,238308.0,400296.0,12.93,,No
KWT,Parliamentary,2013-01-01,51.9,228314.0,439911.0,12.17,,No
KWT,Parliamentary,2016-01-01,70.0,338000.0,483186.0,17.77,,No
KWT,Parliamentary,2020-01-01,60.0,340600.0,567694.0,16.72,,No
KWT,Parliamentary,2022-01-01,50.0,,795911.0,,,No
KWT,Parliamentary,2023-01-01,59.27,470369.0,793646.0,22.04,,No
KWT,Parliamentary,2024-04-04,62.1,518365.0,834733.0,23.93,0.93,No
LAO,Parliamentary,1992-01-01,99.26,2009727.0,2024756.0,,,No
LAO,Parliamentary,1997-01-01,99.37,2284632.0,2299128.0,90.29,,No
LAO,Parliamentary,2002-01-01,99.9,2543403.0,2545838.0,88.6,0.01,No
LAO,Parliamentary,2006-01-01,99.76,2819904.0,2826580.0,89.03,,No
LAO,Parliamentary,2011-01-01,99.69,3230000.0,3240000.0,88.21,,No
LAO,Parliamentary,2016-01-01,97.94,3657026.0,3733932.0,87.28,,No
LAO,Parliamentary,2021-01-01,98.02,3973017.0,4053151.0,83.07,,No
LAO,Parliamentary,2026-02-22,98.02,4670050.0,4764384.0,87.9,,No
LBN,Parliamentary,1992-01-01,30.35,723291.0,2383345.0,61.35,,Yes
LBN,Parliamentary,1996-01-01,43.14,1112249.0,2577979.0,80.83,,Yes
LBN,Parliamentary,2000-01-01,44.97,1236168.0,2748674.0,61.12,,Yes
LBN,Parliamentary,2005-01-01,46.47,1395015.0,3002028.0,54.75,1.0,Yes
LBN,Parliamentary,2009-01-01,53.98,1758901.0,3258573.0,66.34,1.2,Yes
LBN,Parliamentary,2018-01-01,49.7,1862103.0,3746483.0,45.5,,Yes
LBN,Parliamentary,2022-01-01,49.19,1951683.0,3967507.0,51.29,2.96,Yes
LBR,Parliamentary,2005-10-11,76.49,987911.0,1291541.0,70.6,5.3,No
LBR,Parliamentary,2011-10-11,70.83,1274186.0,1798930.0,66.63,6.61,No
LBR,Parliamentary,2017-10-10,74.32,1622929.0,2183629.0,69.97,5.14,No
LBR,Parliamentary,2023-10-10,78.13,1930972.0,2471617.0,67.59,5.9,No
LBR,Presidential,2005-10-11,74.86,1012673.0,1352730.0,72.37,3.84,No
LBR,Presidential,2005-11-08,61.04,825716.0,1352730.0,59.01,2.4,No
LBR,Presidential,2011-10-11,71.64,1288716.0,1798930.0,67.39,6.37,No
LBR,Presidential,2011-11-08,38.6,694412.0,1798930.0,36.31,3.54,No
LBR,Presidential,2017-10-10,75.19,1641922.0,2183629.0,70.79,5.39,No
LBR,Presidential,2017-12-26,55.78,1218124.0,2183629.0,52.52,2.33,No
LBR,Presidential,2023-10-10,78.86,1949155.0,2471617.0,68.2,5.88,No
LBR,Presidential,2023-11-14,66.12,1634183.0,2471617.0,57.2,1.58,No
LBY,Parliamentary,2012-01-01,61.58,1764840.0,2865937.0,48.72,,No
LBY,Parliamentary,2014-01-01,41.74,630000.0,1509218.0,15.64,,No
LCA,Parliamentary,1992-01-01,63.34,61308.0,96790.0,77.02,3.04,No
LCA,Parliamentary,1997-01-01,66.55,73585.0,110563.0,89.58,2.12,No
LCA,Parliamentary,2001-01-01,31.54,62805.0,199100.0,64.42,2.06,No
LCA,Parliamentary,2006-01-01,58.46,77487.0,132545.0,74.45,2.23,No
LCA,Parliamentary,2011-01-01,56.84,85821.0,150996.0,74.31,2.52,No
LCA,Parliamentary,2016-01-01,53.45,86525.0,161883.0,69.99,2.57,No
LCA,Parliamentary,2021-01-01,51.08,89052.0,174332.0,69.11,1.9,No
LCA,Parliamentary,2025-12-01,48.45,89459.0,184654.0,67.44,2.21,No
LIE,Parliamentary,1993-10-24,87.54,12255.0,13999.0,55.58,0.9,Yes
LIE,Parliamentary,1997-02-02,86.94,12836.0,14765.0,53.84,0.5,Yes
LIE,Parliamentary,2001-02-09,86.72,14178.0,16350.0,56.76,1.1,Yes
LIE,Parliamentary,2005-03-13,86.47,15070.0,17428.0,57.62,2.1,Yes
LIE,Parliamentary,2009-02-08,84.63,15650.0,18493.0,56.46,3.4,Yes
LIE,Parliamentary,2013-02-03,79.8,15363.0,19251.0,52.7,3.98,Yes
LIE,Parliamentary,2017-02-05,77.82,15413.0,19806.0,49.58,4.08,Yes
LIE,Parliamentary,2021-02-07,78.01,15901.0,20384.0,49.31,3.53,Yes
LIE,Parliamentary,2025-02-09,76.34,16171.0,21183.0,21.94,2.62,Yes
LKA,Parliamentary,1994-01-01,76.24,8344095.0,10945065.0,74.14,4.8,No
LKA,Parliamentary,2000-01-01,75.63,9128823.0,12071062.0,82.16,5.3,No
LKA,Parliamentary,2001-01-01,76.03,9449813.0,12428762.0,72.24,5.2,No
LKA,Parliamentary,2004-01-01,75.96,9797680.0,12899139.0,70.78,5.5,No
LKA,Parliamentary,2010-01-01,61.26,8630689.0,14088500.0,58.32,6.92,No
LKA,Parliamentary,2015-01-01,77.66,11684111.0,15044490.0,76.55,4.42,No
LKA,Parliamentary,2020-01-01,75.89,12343309.0,16263885.0,74.67,6.03,No
LKA,Parliamentary,2024-11-14,68.93,11815246.0,17140354.0,74.23,5.65,No
LKA,Presidential,1994-01-01,70.48,7709084.0,10937279.0,68.5,,No
LKA,Presidential,1999-01-01,73.31,8635290.0,11779200.0,78.49,2.3,No
LKA,Presidential,2005-01-01,72.91,9717039.0,13327160.0,69.1,1.1,No
LKA,Presidential,2010-01-01,74.5,10495451.0,14088500.0,70.92,0.97,No
LKA,Presidential,2015-01-01,81.52,12264377.0,15044490.0,80.35,1.15,No
LKA,Presidential,2019-01-01,83.72,13387951.0,15992096.0,81.91,1.01,No
LKA,Presidential,2024-09-21,79.46,13619916.0,17140354.0,85.56,79.46,No
LSO,Parliamentary,1993-01-01,72.28,532678.0,736930.0,59.6,,No
LSO,Parliamentary,1998-01-01,71.83,617738.0,860000.0,61.71,,No
LSO,Parliamentary,2002-01-01,66.69,554386.0,831315.0,49.61,,No
LSO,Parliamentary,2007-01-01,49.0,448953.0,916230.0,38.63,,No
LSO,Parliamentary,2012-01-01,50.04,564451.0,1127980.0,50.32,,No
LSO,Parliamentary,2015-01-01,46.61,563972.0,1210079.0,49.77,,No
LSO,Parliamentary,2017-01-01,46.37,581692.0,1254506.0,48.07,0.96,No
LSO,Parliamentary,2022-01-01,37.44,515018.0,1375753.0,38.69,,No
LTU,Parliamentary,1990-01-01,71.72,1851343.0,2581359.0,,,
LTU,Parliamentary,1992-01-01,75.22,1918027.0,2549952.0,70.21,5.5,No
LTU,Parliamentary,1996-01-01,52.92,1374612.0,2597530.0,49.96,4.9,No
LTU,Parliamentary,2000-01-01,58.18,1539743.0,2646663.0,50.43,4.4,No
LTU,Parliamentary,2004-01-01,46.04,1227648.0,2666199.0,43.33,5.47,No
LTU,Parliamentary,2008-01-01,48.59,1309965.0,2696090.0,46.15,6.22,No
LTU,Parliamentary,2012-01-01,52.93,1370014.0,2588418.0,55.86,4.23,No
LTU,Parliamentary,2016-01-01,50.64,1273427.0,2514657.0,54.51,4.12,No
LTU,Parliamentary,2020-01-01,47.8,1174725.0,2457722.0,52.51,5.26,No
LTU,Parliamentary,2024-10-13,52.04,1240710.0,2384368.0,59.77,3.72,No
LTU,Parliamentary,2024-10-27,41.04,870719.0,2121562.0,50.55,3.61,No
LTU,Presidential,1993-02-14,78.62,2019013.0,2568016.0,73.15,1.7,No
LTU,Presidential,1997-12-21,71.45,1875148.0,2624312.0,68.24,1.21,No
LTU,Presidential,1998-01-04,73.66,1937786.0,2630681.0,70.52,0.82,No
LTU,Presidential,2002-12-22,53.92,1466536.0,2719608.0,52.03,1.32,No
LTU,Presidential,2003-01-05,52.65,1436322.0,2727805.0,50.95,1.02,No
LTU,Presidential,2004-06-13,48.4,1285067.0,2655309.0,45.36,3.09,No
LTU,Presidential,2004-06-27,52.46,1395103.0,2659211.0,49.24,1.45,No
LTU,Presidential,2009-05-17,51.76,1393278.0,2691603.0,48.04,1.27,No
LTU,Presidential,2014-05-11,52.23,1333666.0,2553335.0,47.51,1.53,No
LTU,Presidential,2014-05-25,47.37,1212374.0,2559398.0,43.19,1.99,No
LTU,Presidential,2019-05-12,57.37,1426694.0,2486915.0,63.01,0.71,No
LTU,Presidential,2019-05-26,53.88,1342094.0,2491021.0,59.28,1.28,No
LTU,Presidential,2024-05-12,59.95,1439997.0,2401807.0,67.05,0.8,No
LUX,Parliamentary,1994-01-01,88.3,191724.0,217131.0,60.52,6.5,Yes
LUX,Parliamentary,1999-01-01,86.51,191267.0,221103.0,56.92,6.5,Yes
LUX,Parliamentary,2004-01-01,91.68,199846.0,217979.0,56.5,5.6,Yes
LUX,Parliamentary,2009-01-01,90.93,203535.0,223842.0,53.2,6.45,Yes
LUX,Parliamentary,2013-01-01,91.15,218453.0,239668.0,55.12,6.81,Yes
LUX,Parliamentary,2018-01-01,89.66,233014.0,259887.0,48.16,7.23,Yes
LUX,Parliamentary,2023-10-08,87.18,249968.0,286711.0,47.25,7.45,Yes
LVA,Parliamentary,1990-01-01,81.2,1600000.0,1970443.0,80.95,,No
LVA,Parliamentary,1993-01-01,89.88,1119432.0,1245530.0,57.72,1.5,No
LVA,Parliamentary,1995-01-01,71.9,959459.0,1334436.0,50.64,1.5,No
LVA,Parliamentary,1998-01-01,71.9,964667.0,1341602.0,51.91,0.5,No
LVA,Parliamentary,2002-01-01,71.17,995085.0,1398156.0,55.08,0.5,No
LVA,Parliamentary,2006-01-01,60.98,908979.0,1490636.0,50.18,0.8,No
LVA,Parliamentary,2010-01-01,64.72,965509.0,1491735.0,52.46,2.14,No
LVA,Parliamentary,2011-01-01,59.49,917713.0,1542700.0,53.02,0.14,No
LVA,Parliamentary,2014-01-01,58.8,913491.0,1553556.0,51.69,0.76,No
LVA,Parliamentary,2018-01-01,54.58,844925.0,1548100.0,53.55,0.7,No
LVA,Parliamentary,2022-01-01,59.43,916691.0,1542407.0,60.85,0.29,No
MAR,Parliamentary,1993-01-01,62.75,7153211.0,11398987.0,51.77,13.0,No
MAR,Parliamentary,1997-01-01,58.3,7456996.0,12790631.0,50.21,14.6,No
MAR,Parliamentary,2002-01-01,51.61,7165206.0,13884467.0,39.98,17.1,No
MAR,Parliamentary,2007-01-01,37.0,5721074.0,15462362.0,27.83,19.0,No
MAR,Parliamentary,2011-01-01,45.4,6117847.0,13475435.0,28.65,,No
MAR,Parliamentary,2016-01-01,42.98,6750000.0,15702592.0,29.19,,No
MAR,Parliamentary,2021-01-01,50.86,8905142.0,17509127.0,35.94,,No
MCO,Parliamentary,1993-01-01,66.59,3051.0,4582.0,12.0,3.3,No
MCO,Parliamentary,1998-01-01,65.41,3226.0,4932.0,11.7,2.8,No
MCO,Parliamentary,2003-01-01,79.73,4658.0,5842.0,17.86,3.4,No
MCO,Parliamentary,2008-01-01,76.85,4854.0,6316.0,18.29,4.2,No
MCO,Parliamentary,2013-01-01,74.55,5088.0,6825.0,19.88,4.36,No
MCO,Parliamentary,2018-01-01,70.35,5097.0,7245.0,19.09,5.4,No
MCO,Parliamentary,2023-01-01,57.26,4348.0,7594.0,16.65,9.2,No
MDA,Parliamentary,1994-02-27,79.31,1869090.0,2356614.0,64.13,5.0,No
MDA,Parliamentary,1998-03-22,69.12,1680470.0,2431218.0,56.98,3.4,No
MDA,Parliamentary,2001-02-25,69.96,1605853.0,2295288.0,63.77,2.5,No
MDA,Parliamentary,2005-03-06,64.84,1576079.0,2430537.0,48.66,1.2,No
MDA,Parliamentary,2009-07-29,58.77,1591757.0,2708381.0,46.36,0.65,No
MDA,Parliamentary,2010-11-28,63.37,1733051.0,2734700.0,50.21,0.69,No
MDA,Parliamentary,2014-11-30,55.8,1649489.0,2956270.0,58.82,3.08,No
MDA,Parliamentary,2019-02-24,51.98,1457220.0,2803573.0,54.66,2.8,No
MDA,Parliamentary,2021-07-11,48.51,1480965.0,3052603.0,56.92,0.45,No
MDA,Parliamentary,2025-09-28,52.21,1608515.0,3080866.0,54.86,1.85,No
MDA,Presidential,1996-11-17,68.13,1634661.0,2399156.0,56.09,4.7,No
MDA,Presidential,1996-12-01,71.64,1748688.0,2441054.0,60.0,2.6,No
MDA,Presidential,2016-10-30,49.18,1440733.0,2929694.0,52.17,1.54,No
MDA,Presidential,2016-11-13,53.45,1614067.0,3019495.0,58.45,0.82,No
MDA,Presidential,2020-11-01,48.54,1368516.0,2819449.0,51.94,1.15,No
MDA,Presidential,2020-11-15,58.22,1654150.0,2841244.0,62.78,1.24,No
MDA,Presidential,2024-10-20,51.68,1562705.0,2714239.0,55.13,1.18,No
MDA,Presidential,2024-11-03,44.9,1680569.0,3661454.0,45.9,1.22,No
MDG,Parliamentary,1993-01-01,60.0,3600000.0,6000000.0,54.14,,No
MDG,Parliamentary,1998-01-01,60.13,3147368.0,5234198.0,40.64,3.3,No
MDG,Parliamentary,2002-01-01,67.86,3966287.0,5844564.0,50.87,2.5,No
MDG,Parliamentary,2007-01-01,,,7466164.0,,,No
MDG,Parliamentary,2013-01-01,50.72,4043246.0,7971790.0,35.29,4.74,No
MDG,Parliamentary,2019-01-01,40.0,4120877.0,10302194.0,28.83,,No
MDG,Parliamentary,2024-05-29,46.66,5409497.0,11594039.0,32.49,,No
MDG,Presidential,1992-11-26,74.43,4506993.0,6054966.0,67.78,2.21,No
MDG,Presidential,1993-02-10,68.49,4302663.0,6282564.0,64.7,3.6,No
MDG,Presidential,1996-11-03,58.41,3769623.0,6453612.0,51.59,4.24,No
MDG,Presidential,1996-12-29,49.66,3310902.0,6667192.0,45.31,4.21,No
MDG,Presidential,2001-12-16,66.85,4256508.0,6367610.0,56.42,1.6,No
MDG,Presidential,2006-12-03,61.93,4531946.0,7317790.0,50.85,1.93,No
MDG,Presidential,2013-10-25,61.56,4826156.0,7839268.0,42.12,6.95,No
MDG,Presidential,2013-12-20,50.72,4043246.0,7971790.0,35.29,4.74,No
MDG,Presidential,2018-11-07,53.95,5367550.0,9949083.0,38.73,7.21,No
MDG,Presidential,2018-12-19,48.09,4767342.0,9913599.0,34.39,2.51,No
MDG,Presidential,2023-11-16,46.35,5119018.0,11043836.0,31.67,5.28,No
MDV,Parliamentary,1994-01-01,75.39,82227.0,109072.0,81.53,1.6,No
MDV,Parliamentary,1999-01-01,77.4,,128000.0,,,No
MDV,Parliamentary,2005-01-01,71.29,111946.0,157027.0,55.38,1.6,No
MDV,Parliamentary,2009-01-01,78.87,164996.0,209197.0,59.11,1.07,No
MDV,Parliamentary,2014-01-01,77.93,187547.0,240652.0,75.68,,No
MDV,Parliamentary,2019-01-01,81.32,215053.0,264442.0,74.31,2.23,No
MDV,Parliamentary,2024-04-21,73.91,210390.0,284663.0,73.69,,No
MDV,Presidential,1998-01-01,76.67,96698.0,126128.0,74.22,0.8,No
MDV,Presidential,2003-10-17,77.46,114849.0,148271.0,,0.75,No
MDV,Presidential,2008-10-08,85.38,177802.0,208252.0,69.28,0.7,No
MDV,Presidential,2008-10-28,86.58,181204.0,209294.0,70.6,1.03,No
MDV,Presidential,2013-09-07,88.44,211890.0,239593.0,80.87,1.13,No
MDV,Presidential,2013-11-09,87.2,208504.0,239105.0,79.57,1.12,No
MDV,Presidential,2013-11-16,91.41,218621.0,239165.0,83.44,1.02,No
MDV,Presidential,2018-09-23,89.22,233889.0,262135.0,80.61,1.34,No
MDV,Presidential,2023-09-09,79.85,225486.0,282395.0,78.67,2.14,No
MDV,Presidential,2023-09-30,87.31,246915.0,282804.0,86.15,3.19,No
MEX,Parliamentary,1991-01-01,61.11,24149001.0,39517979.0,49.99,4.2,Yes
MEX,Parliamentary,1994-01-01,77.73,35545831.0,45729053.0,65.89,,Yes
MEX,Parliamentary,1997-01-01,57.69,30120221.0,52208966.0,54.36,,Yes
MEX,Parliamentary,2000-01-01,57.24,30214419.0,52789209.0,48.2,2.8,Yes
MEX,Parliamentary,2003-01-01,41.68,26968371.0,64710596.0,43.44,3.4,Yes
MEX,Parliamentary,2006-01-01,58.9,42026083.0,71351585.0,63.62,3.0,Yes
MEX,Parliamentary,2009-01-01,44.61,34560344.0,77470785.0,47.77,5.4,Yes
MEX,Parliamentary,2012-01-01,62.45,48425584.0,77547511.0,63.71,4.95,Yes
MEX,Parliamentary,2015-01-01,47.72,39872757.0,83563190.0,48.93,,Yes
MEX,Parliamentary,2018-01-01,63.21,56300247.0,89069718.0,65.62,3.98,Yes
MEX,Parliamentary,2021-01-01,52.66,49151320.0,93328771.0,54.52,3.4,Yes
MEX,Parliamentary,2024-06-02,60.54,59466468.0,98214289.0,63.72,5.66,Yes
MEX,Presidential,1994-01-01,78.5,35545831.0,45279053.0,65.89,2.8,Yes
MEX,Presidential,2000-01-01,63.96,37603923.0,58789209.0,59.99,2.1,Yes
MEX,Presidential,2006-01-01,58.55,41791322.0,71374373.0,63.26,2.2,Yes
MEX,Presidential,2012-01-01,63.14,49087446.0,77738494.0,64.58,2.48,Yes
MEX,Presidential,2018-01-01,63.43,56611027.0,89250881.0,65.98,2.78,Yes
MEX,Presidential,2024-06-02,61.04,60115184.0,98468994.0,64.42,2.33,Yes
MHL,Parliamentary,1995-01-01,,,,,,No
MHL,Parliamentary,1999-01-01,,,,,,No
MHL,Parliamentary,2003-01-01,64.14,20078.0,31302.0,66.79,,No
MHL,Parliamentary,2007-01-01,50.07,18093.0,36134.0,52.64,,No
MHL,Parliamentary,2015-01-01,45.85,20442.0,44588.0,49.13,,No
MHL,Parliamentary,2019-01-01,37.84,17834.0,47133.0,38.55,,No
MHL,Parliamentary,2023-11-20,32.62,17998.0,55167.0,35.15,,No
MKD,Parliamentary,1990-01-01,81.18,1135728.0,1399021.0,,5.9,
MKD,Parliamentary,1994-01-01,77.29,1051665.0,1360729.0,71.16,3.9,No
MKD,Parliamentary,1998-01-01,72.88,1146457.0,1572976.0,70.7,,No
MKD,Parliamentary,2002-01-01,74.6,1241605.0,1664297.0,85.35,1.8,No
MKD,Parliamentary,2006-01-01,55.98,974891.0,1741449.0,64.5,3.9,No
MKD,Parliamentary,2008-01-01,57.99,1031632.0,1779116.0,67.08,3.0,No
MKD,Parliamentary,2011-01-01,63.48,1156049.0,1821122.0,69.37,2.77,No
MKD,Parliamentary,2014-01-01,62.98,1120744.0,1779572.0,68.96,3.36,No
MKD,Parliamentary,2016-01-01,66.79,1191851.0,1784416.0,71.99,3.18,No
MKD,Parliamentary,2020-01-01,52.02,943750.0,1814263.0,55.09,3.34,No
MKD,Parliamentary,2024-05-08,55.44,1006436.0,1815350.0,58.3,2.73,No
MKD,Presidential,1994-10-16,77.76,1058130.0,1360729.0,71.59,14.0,No
MKD,Presidential,1999-10-31,65.12,1050615.0,1613284.0,73.01,1.05,No
MKD,Presidential,1999-11-14,69.56,1120087.0,1610340.0,77.84,1.5,No
MKD,Presidential,2004-04-14,55.18,935372.0,1695103.0,63.03,2.99,No
MKD,Presidential,2004-04-28,53.64,909289.0,1695103.0,61.27,3.3,No
MKD,Presidential,2009-03-22,56.88,1019268.0,1792082.0,64.51,3.18,No
MKD,Presidential,2009-04-05,42.63,764039.0,1792082.0,48.35,5.97,No
MKD,Presidential,2014-04-13,48.87,869617.0,1779572.0,5350.0,2.72,No
MKD,Presidential,2014-04-27,54.38,967694.0,1779572.0,59.54,3.59,No
MKD,Presidential,2019-04-21,41.67,753507.0,1808131.0,44.14,4.34,No
MKD,Presidential,2019-05-05,46.65,843508.0,1808131.0,49.41,3.6,No
MKD,Presidential,2024-04-24,49.88,904892.0,1814317.0,52.42,2.71,No
MKD,Presidential,2024-05-08,55.44,1006436.0,1815350.0,58.3,2.73,No
MLI,Parliamentary,1992-01-01,21.09,1008189.0,4780416.0,24.84,,No
MLI,Parliamentary,1997-01-01,21.58,1133769.0,5254299.0,25.01,1.9,No
MLI,Parliamentary,2002-01-01,26.0,1078246.0,4146595.0,20.65,1.2,No
MLI,Parliamentary,2007-01-01,32.19,2017464.0,6267363.0,33.32,,No
MLI,Parliamentary,2013-01-01,38.5,2629432.0,6829696.0,35.12,,No
MLI,Parliamentary,2020-01-01,35.58,2726292.0,7663464.0,30.57,4.52,No
MLI,Presidential,1997-05-11,28.83,1681157.0,5830824.0,37.08,2.26,No
MLI,Presidential,2002-04-28,38.31,2201154.0,5746202.0,42.15,28.91,No
MLI,Presidential,2002-05-12,29.99,1723210.0,5746202.0,33.0,17.32,No
MLI,Presidential,2007-04-29,36.24,2494846.0,6884352.0,41.2,9.2,No
MLI,Presidential,2013-07-28,48.98,3345253.0,6829696.0,44.68,11.66,No
MLI,Presidential,2013-08-11,45.73,3123127.0,6829696.0,41.71,2.84,No
MLI,Presidential,2018-07-29,42.7,3416218.0,8000462.0,40.92,6.56,No
MLI,Presidential,2018-08-12,34.42,2753698.0,8000462.0,32.98,3.11,No
MLT,Parliamentary,1992-01-01,96.04,249145.0,259423.0,95.33,0.8,No
MLT,Parliamentary,1996-01-01,97.16,264037.0,271746.0,98.02,1.1,No
MLT,Parliamentary,1998-01-01,95.4,268150.0,281078.0,95.93,1.4,No
MLT,Parliamentary,2003-01-01,95.7,285122.0,297930.0,95.35,1.0,No
MLT,Parliamentary,2008-01-01,93.3,294214.0,315357.0,88.88,1.2,No
MLT,Parliamentary,2013-01-01,92.95,309600.0,333072.0,91.72,1.3,No
MLT,Parliamentary,2017-01-01,92.06,314696.0,341856.0,92.29,1.28,No
MLT,Parliamentary,2022-01-01,85.63,304050.0,355075.0,77.41,2.89,No
MLT,Parliamentary,2026-05-30,87.47,312129.0,356832.0,69.54,1.95,No
MMR,Parliamentary,1990-01-01,73.33,15120000.0,20619500.0,64.57,12.3,No
MMR,Parliamentary,2010-01-01,77.26,22421123.0,29021608.0,63.35,6.94,No
MMR,Parliamentary,2015-01-01,69.72,23911784.0,34295334.0,61.87,6.25,No
MMR,Parliamentary,2020-01-01,71.89,27512855.0,38271447.0,70.51,3.06,No
MMR,Parliamentary,2025-12-28,,,,,,No
MNE,Parliamentary,2006-01-01,72.05,349014.0,484430.0,65.84,2.0,No
MNE,Parliamentary,2009-01-01,66.19,329819.0,498305.0,61.15,1.77,No
MNE,Parliamentary,2012-01-01,70.56,362714.0,514055.0,71.01,1.5,No
MNE,Parliamentary,2016-01-01,73.41,388220.0,528817.0,73.38,1.42,No
MNE,Parliamentary,2020-01-01,76.65,413952.0,540026.0,86.82,1.09,No
MNE,Parliamentary,2023-01-01,56.25,305125.0,542468.0,64.52,0.95,No
MNE,Presidential,2003-01-01,48.38,221752.0,458339.0,41.16,2.03,No
MNE,Presidential,2008-01-01,68.7,336900.0,490412.0,63.46,2.1,No
MNE,Presidential,2013-01-01,63.9,326793.0,511405.0,64.36,3.23,No
MNE,Presidential,2018-01-01,63.92,340462.0,532599.0,64.68,1.76,No
MNE,Presidential,2023-03-19,63.0,341582.0,542154.0,72.23,0.93,No
MNE,Presidential,2023-04-02,70.14,380281.0,542154.0,80.41,1.03,No
MNG,Parliamentary,1990-01-01,98.0,1006460.0,1027000.0,87.23,,No
MNG,Parliamentary,1992-01-01,95.6,1037392.0,1085120.0,86.11,,No
MNG,Parliamentary,1996-01-01,88.39,1014031.0,1147260.0,73.64,0.4,No
MNG,Parliamentary,2000-01-01,82.42,1027859.0,1247033.0,70.96,,No
MNG,Parliamentary,2004-01-01,81.84,1088318.0,1329798.0,64.91,1.4,No
MNG,Parliamentary,2008-01-01,74.31,1139984.0,1534074.0,60.47,,No
MNG,Parliamentary,2012-01-01,65.24,1198086.0,1836435.0,56.24,,No
MNG,Parliamentary,2016-01-01,73.58,1406123.0,1911047.0,67.86,,No
MNG,Parliamentary,2020-01-01,73.64,1475780.0,2003969.0,67.71,,No
MNG,Parliamentary,2024-06-28,69.83,1459351.0,2089935.0,64.08,,No
MNG,Presidential,1993-01-01,92.73,1025970.0,1106403.0,79.04,,No
MNG,Presidential,1997-01-01,85.06,982640.0,1155228.0,70.03,,No
MNG,Presidential,2001-01-01,82.94,1000110.0,1205885.0,67.92,,No
MNG,Presidential,2005-01-01,74.98,930976.0,1241691.0,53.89,1.4,No
MNG,Presidential,2009-01-01,73.59,1098875.0,1493217.0,54.98,,No
MNG,Presidential,2013-01-01,66.79,1239784.0,1856190.0,58.47,,No
MNG,Presidential,2017-06-26,68.27,1357788.0,1988891.0,64.61,1.37,No
MNG,Presidential,2017-07-07,60.67,1207787.0,1990787.0,57.47,8.24,No
MNG,Presidential,2021-01-01,59.35,1210628.0,2041985.0,54.92,5.94,No
MOZ,Parliamentary,1994-01-01,87.89,5404199.0,6148842.0,66.38,11.7,No
MOZ,Parliamentary,1999-01-01,68.09,4833761.0,7099105.0,58.21,9.6,No
MOZ,Parliamentary,2004-01-01,36.34,3321926.0,9142151.0,35.56,8.3,No
MOZ,Parliamentary,2009-01-01,44.44,4387250.0,9871949.0,42.5,11.25,No
MOZ,Parliamentary,2014-01-01,48.84,5316936.0,10886195.0,44.87,13.38,No
MOZ,Parliamentary,2019-01-01,51.41,6766416.0,13153088.0,49.92,10.36,No
MOZ,Parliamentary,2024-10-09,,,16649373.0,,,No
MOZ,Presidential,1994-01-01,88.03,5412940.0,6148842.0,66.49,8.4,No
MOZ,Presidential,1999-01-01,69.51,4934352.0,7099105.0,59.42,2.9,No
MOZ,Presidential,2004-01-01,36.42,3329177.0,9142151.0,35.63,5.3,No
MOZ,Presidential,2009-01-01,44.63,4406093.0,9871949.0,42.68,9.99,No
MOZ,Presidential,2014-01-01,49.03,5376329.0,10964377.0,45.37,8.51,No
MOZ,Presidential,2019-01-01,51.84,6823926.0,13153088.0,50.34,7.45,No
MOZ,Presidential,2024-10-09,40.49,6951936.0,16649373.0,42.98,3.2,No
MRT,Parliamentary,1992-01-01,38.86,456237.0,1174087.0,42.46,1.2,No
MRT,Parliamentary,1996-01-01,52.06,541849.0,1040855.0,47.71,,No
MRT,Parliamentary,2001-01-01,54.45,560045.0,1028630.0,47.3,,No
MRT,Parliamentary,2006-01-01,73.42,788029.0,1073287.0,54.73,15.6,No
MRT,Parliamentary,2013-01-01,73.9,878693.0,1189105.0,56.41,31.97,No
MRT,Parliamentary,2018-01-01,72.46,1027367.0,1417823.0,48.34,31.6,No
MRT,Parliamentary,2023-01-01,71.59,1278986.0,1786448.0,52.31,24.12,No
MRT,Presidential,1992-01-01,46.55,551356.0,1184372.0,51.31,0.4,No
MRT,Presidential,1997-01-01,74.73,899444.0,1203668.0,74.73,0.9,No
MRT,Presidential,2003-01-01,60.86,673591.0,1106827.0,51.34,2.3,No
MRT,Presidential,2007-03-11,70.16,794979.0,1133152.0,53.55,6.81,No
MRT,Presidential,2007-03-25,67.44,764045.0,1132877.0,51.47,7.5,No
MRT,Presidential,2009-01-01,61.51,816974.0,1265063.0,49.67,4.71,No
MRT,Presidential,2014-01-01,56.46,749865.0,1328168.0,40.32,5.88,No
MRT,Presidential,2019-01-01,62.66,967597.0,1544132.0,44.29,3.96,No
MRT,Presidential,2024-06-29,55.39,1074208.0,1939342.0,42.79,5.0,No
MUS,Parliamentary,1991-01-01,84.08,573419.0,682000.0,82.45,,No
MUS,Parliamentary,1995-01-01,79.69,567810.0,712513.0,77.09,1.5,No
MUS,Parliamentary,2000-01-01,80.87,630292.0,779433.0,79.57,1.1,No
MUS,Parliamentary,2005-01-01,81.25,664081.0,817356.0,75.34,,No
MUS,Parliamentary,2010-01-01,77.82,684768.0,879897.0,72.63,0.85,No
MUS,Parliamentary,2014-01-01,74.41,697231.0,936975.0,71.23,,No
MUS,Parliamentary,2019-01-01,77.01,725236.0,941719.0,69.45,,No
MUS,Parliamentary,2024-11-10,78.63,788571.0,1002857.0,74.05,,No
MWI,Parliamentary,1994-05-17,80.03,3021239.0,3775256.0,67.94,2.4,No
MWI,Parliamentary,1999-06-15,92.28,4680262.0,5071822.0,92.48,4.1,No
MWI,Parliamentary,2004-05-20,60.18,3119645.0,5184086.0,55.32,4.5,No
MWI,Parliamentary,2009-05-19,53.9,3164240.0,5870819.0,50.9,,No
MWI,Parliamentary,2014-05-20,70.07,5234506.0,7470806.0,64.04,1.43,No
MWI,Parliamentary,2019-05-21,73.93,5070948.0,6859570.0,52.47,2.03,No
MWI,Parliamentary,2025-09-16,,,7203390.0,,,No
MWI,Presidential,1994-05-17,80.54,3040665.0,3775256.0,68.38,2.0,No
MWI,Presidential,1999-06-15,93.76,4755422.0,5071822.0,93.96,1.9,No
MWI,Presidential,2004-05-20,63.59,3296711.0,5184086.0,58.46,2.6,No
MWI,Presidential,2009-05-19,78.28,4595902.0,5870819.0,73.93,2.55,No
MWI,Presidential,2014-05-20,70.75,5285278.0,7470806.0,64.66,1.07,No
MWI,Presidential,2019-05-21,74.44,5105983.0,6859570.0,52.83,1.46,No
MWI,Presidential,2020-06-23,64.81,4445699.0,6859570.0,44.32,1.29,No
MWI,Presidential,2025-09-16,76.39,5502982.0,7203390.0,44.29,,No
MYS,Parliamentary,1990-01-01,70.0,5600000.0,8000000.0,63.05,,No
MYS,Parliamentary,1995-01-01,71.8,6470882.0,9012370.0,63.6,,No
MYS,Parliamentary,1999-01-01,68.65,6655348.0,9694156.0,49.62,2.2,No
MYS,Parliamentary,2004-01-01,73.9,7209948.0,9756097.0,52.24,,No
MYS,Parliamentary,2008-01-01,75.99,8161039.0,10740227.0,53.4,2.7,No
MYS,Parliamentary,2013-01-01,84.84,11257147.0,13268002.0,62.95,1.3,No
MYS,Parliamentary,2018-01-01,82.32,12299514.0,14940624.0,62.14,1.76,No
MYS,Parliamentary,2022-01-01,73.89,15677567.0,21173638.0,63.6,1.02,No
NAM,Parliamentary,1994-01-01,76.05,497499.0,654189.0,63.78,1.6,No
NAM,Parliamentary,1999-01-01,62.79,541114.0,861848.0,61.71,0.9,No
NAM,Parliamentary,2004-01-01,84.81,829269.0,977742.0,80.23,1.3,No
NAM,Parliamentary,2009-01-01,68.64,811143.0,1181802.0,67.53,1.3,No
NAM,Parliamentary,2014-01-01,72.0,893643.0,1241194.0,74.0,,No
NAM,Parliamentary,2019-01-01,60.38,820227.0,1358468.0,55.44,,No
NAM,Parliamentary,2024-11-27,75.68,1108583.0,1449569.0,66.35,1.43,No
NAM,Presidential,1994-01-01,76.05,497508.0,654189.0,62.22,2.45,No
NAM,Presidential,1999-01-01,62.06,545465.0,878869.0,62.21,1.2,No
NAM,Presidential,2004-01-01,85.47,835743.0,977862.0,80.85,1.8,No
NAM,Presidential,2009-01-01,68.73,812233.0,1181802.0,67.62,1.53,No
NAM,Presidential,2014-01-01,71.76,890738.0,1241194.0,73.75,,No
NAM,Presidential,2019-01-01,60.82,826198.0,1358468.0,55.84,,No
NAM,Presidential,2024-11-27,76.05,1114134.0,1449569.0,66.68,1.0,No
NER,Parliamentary,1993-01-01,33.07,1282473.0,3878178.0,34.09,4.2,No
NER,Parliamentary,1995-01-01,34.97,1530198.0,4376021.0,37.19,5.5,No
NER,Parliamentary,1996-01-01,38.99,1535963.0,3939101.0,36.13,,No
NER,Parliamentary,1999-01-01,40.11,1840120.0,4587684.0,38.83,,No
NER,Parliamentary,2004-01-01,44.67,2358168.0,5278598.0,43.44,2.3,No
NER,Parliamentary,2009-01-01,51.27,3106833.0,6059961.0,48.33,3.25,No
NER,Parliamentary,2011-01-01,49.22,3317935.0,6740493.0,45.64,2.64,No
NER,Parliamentary,2016-01-01,66.27,5020167.0,7574958.0,61.25,5.16,No
NER,Parliamentary,2020-01-01,76.96,5152473.0,6694958.0,53.54,7.58,No
NER,Presidential,1993-02-27,32.55,1328782.0,4082076.0,35.32,2.69,No
NER,Presidential,1993-03-27,35.22,1433393.0,4069333.0,38.1,2.13,No
NER,Presidential,1996-01-01,64.1,2525019.0,3939101.0,59.39,4.27,No
NER,Presidential,1999-10-17,43.64,1990370.0,4560508.0,42.0,4.08,No
NER,Presidential,1999-11-24,39.4,1815411.0,4608090.0,38.31,2.35,No
NER,Presidential,2004-11-16,48.25,2535493.0,5255232.0,46.7,3.83,No
NER,Presidential,2004-12-04,44.98,2363692.0,5255232.0,43.54,2.52,No
NER,Presidential,2011-01-01,48.96,3300027.0,6740046.0,45.39,6.16,No
NER,Presidential,2016-02-21,66.75,5059880.0,7580598.0,61.73,8.15,No
NER,Presidential,2016-03-20,59.79,4533290.0,7581486.0,55.31,2.09,No
NER,Presidential,2020-12-27,69.68,5189132.0,7446556.0,53.92,7.84,No
NER,Presidential,2021-02-21,62.91,4684779.0,7446556.0,48.68,4.52,No
NGA,Parliamentary,1999-01-01,40.69,23573407.0,57938945.0,44.65,2.4,No
NGA,Parliamentary,2003-01-01,49.32,29995171.0,60823022.0,46.63,3.2,No
NGA,Parliamentary,2007-01-01,,,61567036.0,,,No
NGA,Parliamentary,2011-01-01,28.66,21074621.0,73528040.0,25.8,,No
NGA,Parliamentary,2015-01-01,43.65,29432083.0,67422005.0,32.11,,No
NGA,Parliamentary,2019-01-01,32.14,26468211.0,82344107.0,24.86,,No
NGA,Parliamentary,2023-01-01,,,93469008.0,,,No
NGA,Presidential,1993-01-01,,14039486.0,,27.79,,No
NGA,Presidential,1999-01-01,52.26,30280052.0,57938945.0,57.36,1.4,No
NGA,Presidential,2003-01-01,69.08,42018735.0,60823022.0,65.33,6.0,No
NGA,Presidential,2007-01-01,57.49,35397517.0,61567036.0,49.85,,No
NGA,Presidential,2011-01-01,53.68,39469484.0,73528040.0,48.32,3.19,No
NGA,Presidential,2015-01-01,43.65,29432083.0,67422005.0,32.11,2.87,No
NGA,Presidential,2019-01-01,34.75,28614190.0,82344107.0,26.87,4.51,No
NGA,Presidential,2023-01-01,26.71,24965572.0,93469008.0,20.6,3.76,No
NIC,Parliamentary,1990-01-01,81.01,1419384.0,1752088.0,73.33,6.1,No
NIC,Parliamentary,1996-01-01,77.07,1865833.0,2421067.0,76.25,5.0,No
NIC,Parliamentary,2001-01-01,75.0,2124696.0,2832928.0,75.13,3.9,No
NIC,Parliamentary,2006-01-01,66.73,2445692.0,3665141.0,80.82,8.5,No
NIC,Parliamentary,2011-01-01,79.09,2613087.0,3303831.0,71.84,,No
NIC,Parliamentary,2016-01-01,63.54,2414598.0,3800000.0,57.77,,No
NIC,Parliamentary,2021-01-01,65.24,2920731.0,4476600.0,63.87,5.84,No
NIC,Presidential,1990-01-01,86.23,1510838.0,1752088.0,78.06,6.0,No
NIC,Presidential,1996-01-01,76.39,1849362.0,2421067.0,75.57,4.9,No
NIC,Presidential,2001-01-01,74.91,2122233.0,2832928.0,75.05,3.5,No
NIC,Presidential,2006-01-01,61.23,2244215.0,3665141.0,74.16,,No
NIC,Presidential,2011-01-01,79.09,2613087.0,3303831.0,71.84,,No
NIC,Presidential,2016-01-01,65.63,2493942.0,3800000.0,59.67,,No
NIC,Presidential,2021-01-01,65.26,2921430.0,4476600.0,63.89,5.53,No
NLD,Parliamentary,1994-05-03,78.75,9021144.0,11455924.0,75.2,0.5,No
NLD,Parliamentary,1998-05-06,73.23,8607787.0,11755132.0,70.12,1.7,No
NLD,Parliamentary,2002-05-15,79.06,9515226.0,12035935.0,76.82,1.5,No
NLD,Parliamentary,2003-01-22,80.04,9666602.0,12076711.0,77.54,0.1,No
NLD,Parliamentary,2006-11-22,80.35,9854998.0,12264503.0,77.48,0.2,No
NLD,Parliamentary,2010-06-09,75.4,9442977.0,12524152.0,71.13,0.28,No
NLD,Parliamentary,2012-09-12,74.56,9462223.0,12689810.0,71.02,0.4,No
NLD,Parliamentary,2017-03-15,81.93,10563456.0,12893466.0,77.31,0.45,No
NLD,Parliamentary,2021-03-17,78.71,10462677.0,13293186.0,74.92,0.38,No
NLD,Parliamentary,2023-11-22,77.74,10475139.0,13473750.0,72.65,0.41,No
NLD,Parliamentary,2025-10-29,78.3,10640324.0,13589128.0,73.1,0.26,No
NOR,Parliamentary,1993-09-12,75.85,2472551.0,3259957.0,74.47,0.4,No
NOR,Parliamentary,1997-09-15,78.33,2593669.0,3311190.0,76.77,0.5,No
NOR,Parliamentary,2001-09-09,75.48,2535776.0,3359433.0,73.5,0.6,No
NOR,Parliamentary,2005-09-11,77.44,2649735.0,3421741.0,76.54,0.4,No
NOR,Parliamentary,2009-09-13,76.37,2696468.0,3530785.0,74.74,0.5,No
NOR,Parliamentary,2013-09-08,78.23,2848898.0,3641753.0,77.93,0.45,No
NOR,Parliamentary,2017-09-11,78.22,2945352.0,3765245.0,70.59,0.8,No
NOR,Parliamentary,2021-09-13,77.16,3003290.0,3892507.0,69.33,0.76,No
NOR,Parliamentary,2025-09-08,80.12,3251828.0,4058875.0,73.13,0.17,No
NPL,Parliamentary,1991-01-01,88.13,5725246.0,6496365.0,83.6,1.5,No
NPL,Parliamentary,1994-01-01,86.74,5562920.0,6413172.0,82.77,1.7,No
NPL,Parliamentary,1997-01-01,88.13,5725246.0,6496365.0,83.6,1.5,No
NPL,Parliamentary,1999-01-01,65.79,8894566.0,13518839.0,75.77,2.8,No
NPL,Parliamentary,2008-01-01,63.29,11146540.0,,74.42,3.7,No
NPL,Parliamentary,2013-01-01,78.34,9516724.0,12147865.0,57.36,4.96,No
NPL,Parliamentary,2017-01-01,68.67,10594044.0,15428159.0,56.98,5.18,No
NPL,Parliamentary,2022-01-01,61.35,11126226.0,18136482.0,53.84,5.09,No
NPL,Parliamentary,2026-03-05,59.67,11280617.0,18903689.0,48.75,3.95,No
NRU,Parliamentary,1992-01-01,,,,,,
NRU,Parliamentary,1992-11-14,,,2576.0,,,Yes
NRU,Parliamentary,1995-11-18,99.83,2947.0,2952.0,61.15,3.1,Yes
NRU,Parliamentary,1997-02-08,91.84,3139.0,3418.0,64.8,3.0,Yes
NRU,Parliamentary,2000-02-03,88.8,3400.0,3829.0,69.04,3.5,Yes
NRU,Parliamentary,2003-01-01,,,,,,
NRU,Parliamentary,2003-05-03,,3881.0,,76.14,3.3,Yes
NRU,Parliamentary,2004-01-01,,,,,,
NRU,Parliamentary,2004-10-23,,,,,,Yes
NRU,Parliamentary,2007-08-25,,,7000.0,,,Yes
NRU,Parliamentary,2008-04-26,88.0,4607.0,5235.0,88.09,2.3,Yes
NRU,Parliamentary,2010-06-19,92.69,5287.0,5704.0,97.67,2.03,Yes
NRU,Parliamentary,2013-06-08,96.91,5528.0,5704.0,96.81,3.23,Yes
NRU,Parliamentary,2016-07-09,82.48,6469.0,7843.0,113.55,,Yes
NRU,Parliamentary,2019-08-24,95.13,7154.0,7520.0,121.56,1.82,Yes
NRU,Parliamentary,2022-09-24,97.09,7820.0,8054.0,128.89,1.99,Yes
NRU,Parliamentary,2025-10-11,,8380.0,,6349.0,1.77,Yes
NZL,Parliamentary,1990-01-01,85.24,1877115.0,2202157.0,78.62,0.6,No
NZL,Parliamentary,1993-01-01,85.2,1978092.0,2321664.0,79.61,0.6,No
NZL,Parliamentary,1996-01-01,88.28,2135175.0,2418587.0,83.02,0.4,No
NZL,Parliamentary,1999-01-01,84.77,2127245.0,2509365.0,76.11,1.0,No
NZL,Parliamentary,2002-01-01,76.98,2055404.0,2670030.0,72.49,0.4,No
NZL,Parliamentary,2005-01-01,80.29,2286190.0,2847396.0,79.22,0.5,No
NZL,Parliamentary,2008-01-01,79.46,2376480.0,2990759.0,77.84,0.8,No
NZL,Parliamentary,2011-01-01,74.21,2278989.0,3070847.0,69.83,,No
NZL,Parliamentary,2014-01-01,76.95,2416479.0,3140417.0,72.35,0.45,No
NZL,Parliamentary,2017-01-01,79.75,2630173.0,3298009.0,76.35,1.46,No
NZL,Parliamentary,2020-01-01,82.24,2919073.0,3549580.0,77.35,0.39,No
NZL,Parliamentary,2023-10-14,78.2,2884096.0,3688291.0,73.4,1.14,No
OMN,Parliamentary,2007-01-01,62.7,212354.0,338683.0,13.28,,No
OMN,Parliamentary,2011-01-01,76.04,397000.0,522093.0,23.18,,No
OMN,Parliamentary,2015-01-01,56.66,297905.0,525785.0,15.52,,No
OMN,Parliamentary,2019-01-01,49.02,349680.0,713335.0,16.42,,No
OMN,Parliamentary,2023-10-29,65.85,496279.0,753690.0,21.26,,No
PAK,Parliamentary,1990-01-01,45.46,21395479.0,47065330.0,43.4,1.1,No
PAK,Parliamentary,1993-01-01,40.28,20293307.0,50377915.0,37.56,1.3,No
PAK,Parliamentary,1997-01-01,35.17,19058131.0,54189534.0,31.47,2.3,No
PAK,Parliamentary,2002-01-01,41.8,29829463.0,71358040.0,38.93,2.6,No
PAK,Parliamentary,2008-01-01,44.55,35610001.0,79934801.0,38.77,2.7,No
PAK,Parliamentary,2013-01-01,53.62,46217482.0,86189802.0,40.43,,No
PAK,Parliamentary,2018-01-01,51.89,54476652.0,104981940.0,41.7,3.08,No
PAK,Parliamentary,2024-02-08,47.28,60800000.0,128585760.0,40.99,,No
PAN,Parliamentary,1994-01-01,73.67,1105050.0,1500000.0,70.13,5.3,Yes
PAN,Parliamentary,1999-01-01,75.94,1326663.0,1746989.0,76.07,3.9,Yes
PAN,Parliamentary,2004-01-01,76.27,1524976.0,1999553.0,79.66,2.0,Yes
PAN,Parliamentary,2009-01-01,70.05,1547733.0,2209555.0,70.53,6.04,Yes
PAN,Parliamentary,2014-01-01,75.19,1847800.0,2457401.0,79.03,7.94,Yes
PAN,Parliamentary,2019-01-01,70.71,1950103.0,2757823.0,73.28,7.32,Yes
PAN,Presidential,1994-01-01,73.7,1105388.0,1499848.0,70.16,3.4,Yes
PAN,Presidential,1999-01-01,76.17,1330730.0,1746989.0,76.3,2.7,Yes
PAN,Presidential,2004-01-01,76.9,1537714.0,1999628.0,80.33,1.2,Yes
PAN,Presidential,2009-01-01,68.57,1515167.0,2209555.0,69.04,2.98,Yes
PAN,Presidential,2014-01-01,76.76,1886308.0,2457401.0,80.67,1.7,Yes
PAN,Presidential,2019-01-01,73.01,2013433.0,2757823.0,75.66,2.42,Yes
PAN,Presidential,2024-05-05,77.65,2332563.0,3004083.0,74.11,2.47,Yes
PER,Parliamentary,1990-01-01,68.38,6867170.0,10042599.0,56.9,21.1,Yes
PER,Parliamentary,1995-01-01,63.39,7874240.0,12421164.0,57.69,44.4,Yes
PER,Parliamentary,2000-01-01,81.98,11942810.0,14567468.0,77.18,16.81,Yes
PER,Parliamentary,2001-01-01,81.37,12128969.0,14906233.0,78.61,11.1,Yes
PER,Parliamentary,2006-01-01,88.66,14624880.0,16494906.0,84.09,26.5,Yes
PER,Parliamentary,2011-01-01,83.72,16701619.0,19949915.0,87.41,23.13,Yes
PER,Parliamentary,2016-01-01,81.88,18731066.0,22875582.0,89.58,34.96,Yes
PER,Parliamentary,2020-01-01,74.07,18369088.0,24799384.0,82.8,19.44,Yes
PER,Parliamentary,2021-01-01,70.08,17722731.0,25287954.0,78.6,27.44,Yes
PER,Parliamentary,2026-04-12,73.81,20167745.0,27325432.0,87.82,,Yes
PER,Presidential,1990-04-08,78.56,7866858.0,10013225.0,65.19,15.35,Yes
PER,Presidential,1990-06-10,79.94,7999978.0,10007614.0,66.29,9.55,Yes
PER,Presidential,1995-04-09,73.85,9069644.0,12280538.0,65.02,17.88,Yes
PER,Presidential,2000-04-09,82.83,12066229.0,14567467.0,77.98,8.12,Yes
PER,Presidential,2000-05-28,81.0,11800310.0,14567467.0,76.26,31.12,Yes
PER,Presidential,2001-04-08,82.28,12264349.0,14906233.0,79.49,13.56,Yes
PER,Presidential,2001-06-03,81.37,12128969.0,14906233.0,78.61,13.81,Yes
PER,Presidential,2006-04-09,88.71,14632003.0,16494906.0,84.13,16.11,Yes
PER,Presidential,2006-06-04,87.71,14468049.0,16494906.0,83.19,8.52,Yes
PER,Presidential,2011-04-10,83.71,16699734.0,19949915.0,87.4,12.29,Yes
PER,Presidential,2011-06-05,82.54,16466397.0,19949915.0,86.18,6.31,Yes
PER,Presidential,2016-04-10,81.8,18734130.0,22901954.0,89.6,18.12,No
PER,Presidential,2016-06-05,80.09,18342896.0,22901954.0,87.73,6.49,Yes
PER,Presidential,2021-04-11,70.05,17713716.0,25287954.0,78.56,18.7,Yes
PER,Presidential,2021-06-06,74.57,18856802.0,25287954.0,83.63,6.51,Yes
PER,Presidential,2026-04-12,73.81,20167745.0,27325432.0,87.82,5.24,Yes
PER,Presidential,2026-06-07,72.03,19683383.0,27325432.0,85.71,5.93,Yes
PHL,Parliamentary,1992-05-11,70.56,22654194.0,32105782.0,65.29,,No
PHL,Parliamentary,1995-05-08,70.68,25736505.0,36415154.0,68.35,,No
PHL,Parliamentary,1998-05-11,78.75,26902536.0,34163465.0,66.78,,No
PHL,Parliamentary,2001-05-14,81.08,27709510.0,34176376.0,64.75,,No
PHL,Parliamentary,2004-05-10,76.97,33510092.0,43536028.0,68.77,,No
PHL,Parliamentary,2007-05-14,63.68,28945710.0,45453236.0,54.87,,No
PHL,Parliamentary,2010-05-10,74.98,38162985.0,50896164.0,69.93,9.09,No
PHL,Parliamentary,2013-05-13,77.31,40214324.0,52014648.0,69.45,,No
PHL,Parliamentary,2016-05-09,81.95,44549212.0,54363844.0,72.17,,No
PHL,Parliamentary,2019-05-13,74.31,47296442.0,63643263.0,71.91,13.24,No
PHL,Parliamentary,2022-05-09,83.83,55114084.0,65745512.0,78.7,12.58,No
PHL,Parliamentary,2025-05-12,83.4,57070294.0,68431965.0,74.08,11.54,No
PHL,Presidential,1992-01-01,,,,,,
PHL,Presidential,1992-05-11,,22654194.0,,65.29,,No
PHL,Presidential,1998-01-01,,,,,,
PHL,Presidential,1998-05-11,81.32,27782735.0,34163465.0,68.96,,No
PHL,Presidential,2004-05-10,76.97,33510092.0,43536028.0,68.77,11.9,No
PHL,Presidential,2010-05-10,74.98,38162985.0,50896164.0,64.7,,No
PHL,Presidential,2016-05-09,81.95,44549212.0,54363844.0,72.17,,No
PHL,Presidential,2022-05-09,83.07,56095234.0,67525619.0,80.11,4.06,No
PLW,Parliamentary,1992-01-01,83.43,9726.0,11658.0,93.23,0.1,No
PLW,Parliamentary,1996-01-01,79.27,10223.0,12897.0,85.91,,No
PLW,Parliamentary,2000-01-01,81.15,10744.0,13239.0,81.65,0.2,No
PLW,Parliamentary,2004-01-01,,,12922.0,,,No
PLW,Parliamentary,2008-01-01,42.66,6096.0,14289.0,42.6,4.0,No
PLW,Parliamentary,2012-01-01,40.63,6218.0,15305.0,42.24,,No
PLW,Parliamentary,2016-01-01,62.7,9963.0,15890.0,62.06,,No
PLW,Parliamentary,2020-01-01,60.9,10204.0,16754.0,61.77,,No
PLW,Parliamentary,2024-11-05,44.41,7513.0,16916.0,43.89,0.95,No
PLW,Presidential,1992-01-01,83.43,9726.0,11658.0,93.23,0.1,No
PLW,Presidential,1996-01-01,79.27,10223.0,12897.0,85.91,,No
PLW,Presidential,2000-01-01,81.15,10744.0,13239.0,81.65,0.2,No
PLW,Presidential,2004-01-01,74.79,9664.0,12922.0,68.55,2.3,No
PLW,Presidential,2008-01-01,67.66,9668.0,14289.0,67.56,,No
PLW,Presidential,2012-01-01,52.76,8076.0,15305.0,54.86,,No
PLW,Presidential,2016-01-01,62.7,9963.0,15890.0,62.06,,No
PLW,Presidential,2020-09-22,47.73,7837.0,16420.0,47.45,2.41,No
PLW,Presidential,2020-11-03,60.9,10204.0,16754.0,61.78,1.51,No
PLW,Presidential,2024-11-05,44.41,7513.0,16916.0,43.89,0.95,No
PNG,Parliamentary,1992-01-01,81.2,1614251.0,1987994.0,71.03,,No
PNG,Parliamentary,1997-01-01,65.74,2244531.0,3414072.0,98.76,,No
PNG,Parliamentary,2002-01-01,62.22,3309758.0,5319095.0,,,No
PNG,Parliamentary,2007-01-01,75.92,2990325.0,3938839.0,94.61,,No
PNG,Parliamentary,2012-01-01,76.89,3672251.0,4776096.0,100.96,,No
PNG,Parliamentary,2017-01-01,81.3,4110117.0,5055347.0,98.85,,No
POL,Parliamentary,1991-10-27,43.2,11886984.0,27516166.0,44.4,5.6,No
POL,Parliamentary,1993-09-19,52.08,14415586.0,27677302.0,52.0,4.3,No
POL,Parliamentary,1997-09-21,47.93,13616378.0,28409054.0,48.8,3.9,No
POL,Parliamentary,2001-09-23,46.18,13559412.0,29364455.0,47.63,4.0,No
POL,Parliamentary,2005-09-25,40.57,12263640.0,30229031.0,40.87,3.6,No
POL,Parliamentary,2007-10-21,53.88,16495045.0,30615471.0,54.24,2.1,No
POL,Parliamentary,2011-10-09,48.92,15050027.0,30762931.0,48.54,4.52,No
POL,Parliamentary,2015-10-25,50.92,15595335.0,30629150.0,49.4,2.53,No
POL,Parliamentary,2019-10-13,61.74,18678457.0,30253556.0,59.08,1.11,No
POL,Parliamentary,2023-10-15,74.38,21966891.0,29532595.0,67.92,1.69,No
POL,Presidential,1990-11-25,60.63,16702000.0,27545625.0,62.59,1.55,No
POL,Presidential,1990-12-09,53.4,14703775.0,27535159.0,55.1,2.3,No
POL,Presidential,1995-11-05,64.7,18203218.0,28136332.0,65.5,1.82,No
POL,Presidential,1995-11-19,68.23,19146496.0,28062205.0,68.9,2.0,No
POL,Presidential,2000-10-08,61.12,17798791.0,29122304.0,62.58,1.1,No
POL,Presidential,2005-10-09,49.72,15046350.0,30260027.0,50.15,0.66,No
POL,Presidential,2005-10-23,50.99,15439684.0,30279209.0,51.46,1.0,No
POL,Presidential,2010-06-20,54.92,16923832.0,30813005.0,54.08,0.7,No
POL,Presidential,2010-07-04,55.31,17054690.0,30833924.0,54.5,1.16,No
POL,Presidential,2015-05-10,48.96,15023886.0,30688570.0,47.59,0.83,No
POL,Presidential,2015-05-24,55.34,16993169.0,30709281.0,53.83,1.47,No
POL,Presidential,2020-06-28,64.51,19483760.0,30204792.0,61.74,0.3,No
POL,Presidential,2020-07-12,68.18,20636635.0,30268543.0,65.4,0.86,No
POL,Presidential,2025-05-18,67.31,19689597.0,29252340.0,62.07,0.44,No
POL,Presidential,2025-06-01,71.63,21033457.0,29363722.0,66.31,0.9,No
PRT,Parliamentary,1991-10-06,68.18,5674332.0,8322481.0,77.71,1.1,No
PRT,Parliamentary,1995-10-01,66.3,5904854.0,8906608.0,79.11,1.9,No
PRT,Parliamentary,1999-10-10,61.05,5406946.0,8857173.0,69.27,2.0,No
PRT,Parliamentary,2002-03-17,62.84,5582146.0,8882561.0,68.62,1.9,No
PRT,Parliamentary,2005-02-20,64.26,5747834.0,8944508.0,69.23,2.9,No
PRT,Parliamentary,2009-09-27,59.68,5681258.0,9519921.0,66.14,3.1,No
PRT,Parliamentary,2011-06-05,58.03,5585054.0,9624354.0,64.49,4.08,No
PRT,Parliamentary,2015-10-04,55.84,5408092.0,9684922.0,61.75,3.7,No
PRT,Parliamentary,2019-10-06,48.57,5251064.0,10810240.0,61.29,4.87,No
PRT,Parliamentary,2022-01-30,51.46,5564539.0,10813246.0,64.82,2.63,No
PRT,Parliamentary,2024-03-10,59.9,6476952.0,10813643.0,75.29,4.36,No
PRT,Parliamentary,2025-05-18,58.23,6317949.0,10850215.0,73.35,2.73,No
PRT,Presidential,1991-01-13,61.92,5099092.0,8235151.0,69.84,3.6,No
PRT,Presidential,1996-01-14,66.29,5762978.0,8693636.0,77.23,2.5,No
PRT,Presidential,2001-01-14,49.71,4449800.0,8950905.0,57.19,2.87,No
PRT,Presidential,2006-01-22,61.53,5590132.0,9085339.0,66.97,1.8,No
PRT,Presidential,2011-01-23,46.52,4492297.0,9656797.0,51.87,5.07,No
PRT,Presidential,2016-01-24,48.66,4744597.0,9751398.0,54.03,2.16,No
PRT,Presidential,2021-01-24,39.26,4258356.0,10847434.0,49.64,2.0,No
PRT,Presidential,2026-01-18,52.26,5769394.0,11039672.0,66.88,1.13,No
PRT,Presidential,2026-02-08,50.0,5519808.0,11039672.0,63.99,1.76,No
PRY,Parliamentary,1993-01-01,66.22,1124986.0,1698984.0,45.42,3.6,Yes
PRY,Parliamentary,1998-01-01,80.48,1649419.0,2049449.0,59.38,3.34,Yes
PRY,Parliamentary,2003-01-01,64.02,1539800.0,2405108.0,47.47,4.3,Yes
PRY,Parliamentary,2008-01-01,65.48,1874127.0,2861940.0,49.86,1.5,Yes
PRY,Parliamentary,2013-01-01,68.24,2399626.0,3516275.0,58.15,2.82,Yes
PRY,Parliamentary,2018-01-01,60.88,2582360.0,4241507.0,52.05,8.16,Yes
PRY,Parliamentary,2023-01-01,62.86,3006704.0,4782940.0,55.35,5.77,Yes
PRY,Presidential,1993-01-01,,826834.0,,33.38,,Yes
PRY,Presidential,1998-01-01,80.54,1650725.0,2049449.0,59.43,1.87,Yes
PRY,Presidential,2003-01-01,64.2,1544172.0,2405108.0,47.6,3.1,Yes
PRY,Presidential,2008-01-01,60.34,1726906.0,2861940.0,45.94,3.5,Yes
PRY,Presidential,2013-01-01,68.02,2391790.0,3516275.0,57.96,2.48,Yes
PRY,Presidential,2018-01-01,61.25,2597989.0,4241507.0,52.36,5.18,Yes
PRY,Presidential,2023-01-01,63.29,3021049.0,4773427.0,55.62,2.71,Yes
PSE,Parliamentary,1996-01-01,75.35,780079.0,1035235.0,75.35,,No
PSE,Parliamentary,2006-01-01,77.7,1042424.0,1341671.0,57.65,4.9,No
PSE,Presidential,1996-01-01,72.05,745902.0,1035235.0,78.09,,No
PSE,Presidential,2005-01-01,45.56,802077.0,1760481.0,46.02,7.2,No
QAT,Parliamentary,2021-01-01,63.5,,,,,No
ROU,Parliamentary,1990-05-20,79.69,13707159.0,17200722.0,,,
ROU,Parliamentary,1992-09-27,76.29,12496430.0,16380663.0,76.16,12.7,No
ROU,Parliamentary,1996-11-03,76.01,13088388.0,17218654.0,78.2,6.5,No
ROU,Parliamentary,2000-11-26,65.31,11559458.0,17699727.0,62.16,6.2,No
ROU,Parliamentary,2004-11-28,58.51,10794653.0,18449344.0,62.26,5.2,No
ROU,Parliamentary,2008-11-30,39.2,7238871.0,18464274.0,40.48,4.86,No
ROU,Parliamentary,2012-12-09,41.76,7694180.0,18423066.0,42.81,3.61,No
ROU,Parliamentary,2016-12-11,37.79,7323368.0,18403044.0,41.12,3.77,No
ROU,Parliamentary,2020-12-06,31.95,6059113.0,18964642.0,34.3,2.57,No
ROU,Parliamentary,2024-12-01,52.33,9415518.0,19503273.0,63.89,1.59,No
ROU,Presidential,1996-11-03,76.01,13088388.0,17218654.0,78.2,3.33,No
ROU,Presidential,1996-11-17,75.9,13078883.0,17230654.0,78.14,0.8,No
ROU,Presidential,2000-11-26,65.31,11559458.0,17699727.0,62.15,3.0,No
ROU,Presidential,2000-12-10,56.62,10020870.0,17699727.0,53.88,1.6,No
ROU,Presidential,2004-11-28,58.49,10791215.0,18449344.0,62.24,3.14,No
ROU,Presidential,2004-12-12,55.21,10112262.0,18316104.0,58.32,1.03,No
ROU,Presidential,2009-11-22,54.37,9946748.0,18293277.0,55.48,2.29,No
ROU,Presidential,2009-12-06,58.02,10620116.0,18303224.0,59.24,1.31,No
ROU,Presidential,2014-11-02,53.18,9723232.0,18284066.0,55.1,2.45,No
ROU,Presidential,2014-11-16,64.11,11719344.0,18280994.0,66.42,1.42,No
ROU,Presidential,2019-11-10,51.18,9359673.0,18286865.0,52.84,1.53,No
ROU,Presidential,2019-11-24,54.86,10031762.0,18287119.0,56.64,1.82,No
ROU,Presidential,2024-11-24,52.56,9465257.0,18008480.0,64.22,2.36,No
ROU,Presidential,2024-12-08,52.56,9465257.0,18008480.0,64.22,1.36,No
ROU,Presidential,2025-05-04,53.19,9571899.0,17996367.0,65.43,1.48,No
ROU,Presidential,2025-05-18,64.69,11641999.0,17996367.0,79.58,1.15,No
RUS,Parliamentary,1993-01-01,50.0,52600000.0,105200000.0,47.22,,No
RUS,Parliamentary,1995-01-01,64.73,69587454.0,107496856.0,62.77,1.9,No
RUS,Parliamentary,1999-01-01,62.33,66840603.0,107239000.0,59.12,2.0,No
RUS,Parliamentary,2003-01-01,55.67,60633179.0,108906244.0,54.34,1.6,No
RUS,Parliamentary,2007-01-01,63.71,69537065.0,109145517.0,61.91,1.1,No
RUS,Parliamentary,2011-01-01,60.1,65656526.0,109237780.0,57.96,1.57,No
RUS,Parliamentary,2016-01-01,47.88,52700922.0,110061200.0,46.04,1.86,No
RUS,Parliamentary,2021-01-01,51.58,56329690.0,109204662.0,49.64,2.08,No
RUS,Presidential,1991-01-01,74.66,79498240.0,106484518.0,73.27,0.4,No
RUS,Presidential,1996-06-16,69.67,75587139.0,108495023.0,68.32,1.42,No
RUS,Presidential,1996-07-03,68.88,74800449.0,108589050.0,67.61,1.2,No
RUS,Presidential,2000-01-01,68.64,75070776.0,109372046.0,68.85,0.9,No
RUS,Presidential,2004-01-01,64.39,69581761.0,108064281.0,62.22,0.9,No
RUS,Presidential,2008-01-01,69.71,74747649.0,107222016.0,65.37,1.4,No
RUS,Presidential,2012-01-01,65.27,71701665.0,109860331.0,63.37,1.17,No
RUS,Presidential,2018-01-01,67.5,73579096.0,109008428.0,64.78,1.08,No
RUS,Presidential,2024-03-15,77.49,87576075.0,113011059.0,77.76,1.57,No
RWA,Parliamentary,2003-01-01,96.48,3818603.0,3958058.0,89.92,1.5,No
RWA,Parliamentary,2008-01-01,98.5,4697689.0,4769228.0,93.6,1.2,No
RWA,Parliamentary,2013-01-01,98.8,5881874.0,5953531.0,99.38,,No
RWA,Parliamentary,2018-01-01,93.04,6673483.0,7172612.0,104.31,0.18,No
RWA,Parliamentary,2024-07-15,98.2,8907876.0,9071157.0,117.03,0.14,No
RWA,Presidential,2003-01-01,96.55,3812567.0,3948749.0,89.77,2.2,No
RWA,Presidential,2010-01-01,97.51,5049302.0,5178492.0,89.17,1.31,No
RWA,Presidential,2017-01-01,98.15,6769514.0,6897076.0,109.1,0.18,No
RWA,Presidential,2024-07-15,98.2,8907876.0,9071157.0,117.03,0.07,No
SDN,Parliamentary,1996-01-01,72.2,5525280.0,7652742.0,36.22,3.3,No
SDN,Parliamentary,2000-01-01,,,12000000.0,,,No
SDN,Parliamentary,2010-01-01,72.0,11646822.0,16176142.0,64.11,,No
SDN,Parliamentary,2015-01-01,46.4,6091412.0,13126989.0,30.97,8.31,No
SDN,Presidential,1996-01-01,72.2,5525280.0,7652742.0,36.22,,No
SDN,Presidential,2000-01-01,,,12000000.0,,,No
SDN,Presidential,2010-01-01,72.0,11646822.0,16176142.0,64.11,,No
SDN,Presidential,2015-01-01,46.4,6091412.0,13126989.0,30.97,8.31,No
SEN,Parliamentary,1993-01-01,40.4,1070539.0,2650000.0,26.8,0.5,No
SEN,Parliamentary,1998-01-01,39.28,1243026.0,3164827.0,27.54,1.1,No
SEN,Parliamentary,2001-01-01,67.26,1888911.0,2808253.0,40.99,0.6,No
SEN,Parliamentary,2007-01-01,34.75,1738675.0,5004096.0,27.59,1.1,No
SEN,Parliamentary,2012-01-01,36.67,1968852.0,5368783.0,30.27,0.35,No
SEN,Parliamentary,2017-01-01,53.66,3337494.0,6219446.0,43.94,0.81,No
SEN,Parliamentary,2022-01-01,46.64,3281583.0,7036466.0,36.92,0.63,No
SEN,Parliamentary,2024-11-17,,3649959.0,,,0.72,No
SEN,Presidential,1993-01-01,51.5,1313095.0,2549699.0,32.87,,No
SEN,Presidential,2000-02-27,62.23,1969384.0,2725987.0,43.38,1.38,No
SEN,Presidential,2000-03-19,60.75,1667775.0,2745239.0,36.74,0.6,No
SEN,Presidential,2007-01-01,70.62,3472712.0,4917157.0,55.11,1.4,No
SEN,Presidential,2012-02-26,51.58,2735135.0,5302349.0,42.05,1.04,No
SEN,Presidential,2012-03-25,55.0,2915893.0,5301648.0,44.83,0.48,No
SEN,Presidential,2019-01-01,66.27,4428680.0,6683043.0,54.87,0.96,No
SEN,Presidential,2024-03-24,61.3,4519253.0,7371894.0,45.65,0.76,No
SGP,Parliamentary,1991-08-31,95.03,805573.0,847716.0,43.52,2.7,Yes
SGP,Parliamentary,1997-01-02,95.91,734000.0,765332.0,35.35,2.4,Yes
SGP,Parliamentary,2001-11-03,94.61,638903.0,675306.0,21.44,2.14,Yes
SGP,Parliamentary,2006-05-06,94.01,1149668.0,1222884.0,32.17,,Yes
SGP,Parliamentary,2011-05-07,93.18,2060373.0,2211102.0,52.95,2.17,Yes
SGP,Parliamentary,2015-09-11,93.7,2307746.0,2462926.0,52.13,2.05,Yes
SGP,Parliamentary,2020-07-10,95.81,2540359.0,2651435.0,51.37,1.8,Yes
SGP,Parliamentary,2025-05-03,92.83,2438610.0,2627026.0,50.98,1.76,Yes
SGP,Presidential,1993-08-28,94.48,1659482.0,1756517.0,83.68,2.2,Yes
SGP,Presidential,2011-08-27,94.8,2156389.0,2274773.0,55.41,1.76,Yes
SGP,Presidential,2023-09-01,93.55,2534711.0,2709407.0,54.31,1.98,Yes
SLB,Parliamentary,1993-01-01,63.61,105351.0,165620.0,60.56,,No
SLB,Parliamentary,1997-01-01,68.35,137787.0,201584.0,70.72,,No
SLB,Parliamentary,2001-01-01,61.88,178161.0,287921.0,77.16,,No
SLB,Parliamentary,2006-01-01,56.95,193459.0,339688.0,70.37,1.3,No
SLB,Parliamentary,2010-01-01,52.36,234366.0,447612.0,75.73,,No
SLB,Parliamentary,2014-01-01,89.93,258607.0,287565.0,80.5,,No
SLB,Parliamentary,2019-01-01,67.54,242920.0,359690.0,60.01,,No
SLB,Parliamentary,2024-04-17,82.35,346027.0,420185.0,74.96,,No
SLE,Parliamentary,1996-01-01,60.33,750858.0,1244601.0,36.99,,No
SLE,Parliamentary,2002-01-01,83.26,1950492.0,2342547.0,77.27,,No
SLE,Parliamentary,2007-01-01,75.8,1984106.0,2617554.0,72.06,7.3,No
SLE,Parliamentary,2012-01-01,79.28,2141482.0,2701299.0,76.84,,No
SLE,Parliamentary,2018-01-01,84.2,2676549.0,3178663.0,81.5,7.42,No
SLE,Parliamentary,2023-06-24,82.86,2795881.0,3374258.0,59.61,0.4,No
SLE,Presidential,1996-02-27,49.7,745511.0,1500000.0,36.73,,No
SLE,Presidential,1996-03-15,68.18,1022754.0,1500000.0,50.39,,No
SLE,Presidential,2002-01-01,81.43,1907455.0,2342547.0,75.56,,No
SLE,Presidential,2007-08-11,75.75,1984106.0,2619397.0,72.06,7.3,No
SLE,Presidential,2007-10-08,68.1,1783581.0,2619397.0,64.78,2.45,No
SLE,Presidential,2012-11-17,87.3,2350626.0,2692635.0,84.35,4.63,No
SLE,Presidential,2018-03-07,84.2,2676549.0,3178663.0,81.5,5.21,No
SLE,Presidential,2018-03-31,81.11,2578271.0,3178663.0,78.51,1.23,No
SLE,Presidential,2023-06-24,83.0,2800691.0,3374258.0,59.71,0.39,No
SLV,Parliamentary,1991-01-01,52.89,1153013.0,2180000.0,43.97,8.8,No
SLV,Parliamentary,1994-01-01,53.08,1453299.0,2737743.0,49.54,7.43,No
SLV,Parliamentary,1997-01-01,39.18,1176887.0,3004174.0,36.11,4.87,No
SLV,Parliamentary,2000-01-01,38.07,1242842.0,3264724.0,37.95,2.6,No
SLV,Parliamentary,2003-01-01,41.03,1451328.0,3537091.0,41.26,3.6,No
SLV,Parliamentary,2006-03-12,54.22,2060889.0,3801040.0,54.39,3.05,No
SLV,Parliamentary,2009-01-01,53.58,2264567.0,4226479.0,61.65,2.2,No
SLV,Parliamentary,2015-03-01,48.23,2368733.0,4911672.0,64.32,3.91,No
SLV,Parliamentary,2018-03-04,45.73,2371325.0,5186042.0,55.68,10.41,No
SLV,Parliamentary,2021-02-18,50.25,2707794.0,5389017.0,59.75,3.36,No
SLV,Parliamentary,2024-02-04,52.02,3232890.0,6214399.0,69.52,3.54,No
SLV,Presidential,1994-03-20,52.27,1431035.0,2737743.0,48.79,7.28,No
SLV,Presidential,1994-04-24,45.51,1246027.0,2737743.0,42.48,3.92,No
SLV,Presidential,1999-01-01,38.57,1223215.0,3171224.0,38.11,,No
SLV,Presidential,2004-01-01,66.16,2277473.0,3442515.0,63.13,9.5,No
SLV,Presidential,2009-01-01,61.91,2659138.0,4294849.0,72.39,0.8,No
SLV,Presidential,2014-02-02,55.32,2741074.0,4955107.0,73.67,1.9,No
SLV,Presidential,2014-03-09,60.89,3016958.0,4955107.0,81.08,1.05,No
SLV,Presidential,2019-02-03,51.88,2733178.0,5268411.0,63.34,1.14,No
SLV,Presidential,2024-02-04,52.6,3268466.0,6214399.0,70.29,2.35,No
SMR,Parliamentary,1993-01-01,80.3,22637.0,28191.0,80.3,3.8,No
SMR,Parliamentary,1998-01-01,75.28,22673.0,30117.0,75.28,3.8,No
SMR,Parliamentary,2001-01-01,73.8,22648.0,30688.0,,3.8,No
SMR,Parliamentary,2006-01-01,71.84,22815.0,31759.0,98.06,3.4,No
SMR,Parliamentary,2008-01-01,68.48,21806.0,31845.0,88.48,3.83,No
SMR,Parliamentary,2012-01-01,63.85,21138.0,33106.0,82.05,6.43,No
SMR,Parliamentary,2016-01-01,59.66,20276.0,33985.0,75.24,4.19,No
SMR,Parliamentary,2019-01-01,55.73,19234.0,34511.0,69.21,6.58,No
SMR,Parliamentary,2024-06-09,50.73,19448.0,38338.0,67.12,6.54,No
SRB,Parliamentary,2007-01-01,60.57,4029286.0,6652105.0,68.19,1.6,No
SRB,Parliamentary,2008-01-01,61.35,4141176.0,6749688.0,70.17,2.2,No
SRB,Parliamentary,2012-01-01,57.77,3911136.0,6770013.0,67.55,,No
SRB,Parliamentary,2014-01-01,53.09,3592375.0,6766575.0,63.49,,No
SRB,Parliamentary,2016-01-01,56.07,3778923.0,6739441.0,64.31,2.86,No
SRB,Parliamentary,2020-01-01,48.93,3221908.0,6584376.0,55.6,3.67,No
SRB,Parliamentary,2022-01-01,58.53,3805956.0,6502307.0,66.07,2.96,No
SRB,Parliamentary,2023-12-17,58.77,3820746.0,6500666.0,69.23,2.73,No
SRB,Presidential,2004-06-13,47.75,3119087.0,6532263.0,52.1,1.22,No
SRB,Presidential,2004-06-27,48.35,3158571.0,6532940.0,52.75,1.36,No
SRB,Presidential,2008-01-20,61.37,4116835.0,6708697.0,69.75,1.91,No
SRB,Presidential,2008-02-03,68.12,4580428.0,6723762.0,77.61,1.72,No
SRB,Presidential,2012-05-04,57.91,3908652.0,6749688.0,67.5,4.47,No
SRB,Presidential,2012-05-20,46.26,3132679.0,6771479.0,54.1,3.15,No
SRB,Presidential,2017-01-01,54.36,3655365.0,6724949.0,62.45,1.65,No
SRB,Presidential,2022-01-01,58.4,3797612.0,6502307.0,65.94,2.37,No
SSD,Presidential,2010-01-01,58.62,2813830.0,4800000.0,63.34,,No
STP,Parliamentary,1991-01-01,76.74,39605.0,51610.0,69.64,6.1,No
STP,Parliamentary,1994-01-01,52.09,29100.0,55862.0,49.53,12.9,No
STP,Parliamentary,1998-01-01,64.68,32108.0,49639.0,50.54,9.1,No
STP,Parliamentary,2002-01-01,66.29,40412.0,60961.0,54.43,3.1,No
STP,Parliamentary,2006-01-01,66.85,53378.0,79849.0,62.93,2.42,No
STP,Parliamentary,2010-01-01,88.45,70136.0,79296.0,81.66,2.18,No
STP,Parliamentary,2018-01-01,80.65,78456.0,97274.0,74.49,4.12,No
STP,Parliamentary,2022-01-01,65.67,80974.0,123302.0,68.12,3.57,No
STP,Presidential,1991-01-01,60.0,30966.0,51610.0,54.45,14.3,No
STP,Presidential,1996-01-01,77.29,38841.0,50256.0,63.65,3.2,No
STP,Presidential,2001-01-01,70.55,47535.0,67374.0,70.42,1.5,No
STP,Presidential,2006-01-01,64.95,59178.0,91119.0,69.76,2.8,No
STP,Presidential,2011-07-11,68.36,63328.0,92639.0,65.76,4.87,No
STP,Presidential,2011-08-07,74.09,68640.0,92639.0,71.28,3.19,No
STP,Presidential,2016-07-17,64.31,71524.0,111222.0,51.49,3.24,No
STP,Presidential,2016-08-07,46.06,51226.0,111222.0,51.49,18.36,No
STP,Presidential,2021-07-18,67.76,83547.0,123298.0,72.4,2.9,No
STP,Presidential,2021-09-05,65.32,80535.0,123301.0,69.79,1.86,No
STP,Presidential,2026-07-19,41.31,58734.0,142191.0,43.99,3.32,No
SUR,Parliamentary,1991-05-25,64.31,158809.0,246926.0,67.77,,No
SUR,Parliamentary,1996-05-23,66.66,179416.0,269165.0,71.22,3.3,No
SUR,Parliamentary,2000-05-25,69.85,185064.0,264961.0,72.34,2.6,No
SUR,Parliamentary,2005-05-25,46.68,155888.0,333985.0,52.99,0.7,No
SUR,Parliamentary,2010-05-25,73.21,237575.0,324490.0,65.61,,No
SUR,Parliamentary,2015-05-25,75.32,265909.0,353031.0,65.1,3.12,No
SUR,Parliamentary,2020-05-25,71.57,274352.0,383333.0,62.8,,No
SUR,Parliamentary,2025-05-25,69.36,277405.0,399932.0,58.02,1.43,No
SVK,Parliamentary,1990-01-01,96.33,10785270.0,11195596.0,93.06,1.4,No
SVK,Parliamentary,1992-01-01,84.68,9750978.0,11515699.0,83.76,1.7,No
SVK,Parliamentary,1994-01-01,75.41,2923265.0,3876555.0,75.93,1.6,No
SVK,Parliamentary,1998-01-01,84.25,3389346.0,4023191.0,78.86,1.7,No
SVK,Parliamentary,2002-01-01,70.07,2913267.0,4157802.0,71.63,1.3,No
SVK,Parliamentary,2006-01-01,54.67,2335917.0,4272517.0,56.4,1.4,No
SVK,Parliamentary,2010-01-01,58.84,2566779.0,4362369.0,58.38,1.46,No
SVK,Parliamentary,2012-01-01,59.11,2596443.0,4392451.0,57.85,,No
SVK,Parliamentary,2016-01-01,59.82,2648184.0,4426760.0,59.43,1.53,No
SVK,Parliamentary,2020-01-01,65.81,2916840.0,4432419.0,65.39,1.21,No
SVK,Parliamentary,2023-09-30,68.52,3007123.0,4388872.0,66.12,1.3,No
SVK,Presidential,1999-05-15,73.89,2984424.0,4038899.0,79.22,1.21,No
SVK,Presidential,1999-05-29,75.45,3049221.0,4041181.0,80.94,0.92,No
SVK,Presidential,2004-04-03,47.94,2015889.0,4204899.0,48.67,1.47,No
SVK,Presidential,2004-04-17,43.5,1828307.0,4202597.0,44.14,1.44,No
SVK,Presidential,2009-03-21,43.63,1893439.0,4339331.0,43.28,0.94,No
SVK,Presidential,2009-04-04,51.67,2242162.0,4339257.0,51.25,0.83,No
SVK,Presidential,2014-03-15,43.4,1914021.0,4409793.0,43.98,0.73,No
SVK,Presidential,2014-03-29,50.48,2224382.0,4406261.0,51.11,1.04,No
SVK,Presidential,2019-03-16,48.74,2158859.0,4419883.0,48.37,0.63,No
SVK,Presidential,2019-03-30,41.8,1847417.0,4419883.0,41.4,2.08,No
SVK,Presidential,2024-03-23,51.92,2265656.0,4364071.0,49.89,0.5,No
SVN,Parliamentary,1992-01-01,85.9,1280243.0,1490434.0,85.52,7.0,No
SVN,Parliamentary,1996-01-01,73.67,1136211.0,1542218.0,75.75,5.9,No
SVN,Parliamentary,2000-01-01,70.36,1116423.0,1586695.0,72.33,3.3,No
SVN,Parliamentary,2004-01-01,60.64,991123.0,1634402.0,61.09,2.3,No
SVN,Parliamentary,2008-01-01,63.1,1070523.0,1696437.0,65.04,1.7,No
SVN,Parliamentary,2011-01-01,65.6,1121475.0,1709692.0,66.99,1.71,No
SVN,Parliamentary,2014-01-01,51.73,886124.0,1713067.0,54.09,1.3,No
SVN,Parliamentary,2018-01-01,52.64,901512.0,1712676.0,54.58,1.15,No
SVN,Parliamentary,2022-01-01,70.97,1203522.0,1695796.0,69.44,0.92,No
SVN,Parliamentary,2026-03-22,69.26,1173585.0,1695225.0,0.9,0.9,No
SVN,Presidential,1990-01-01,,,,,,
SVN,Presidential,1990-04-08,83.05,1237545.0,1490136.0,82.59,2.1,No
SVN,Presidential,1990-04-22,76.85,1144985.0,1489822.0,76.41,2.04,No
SVN,Presidential,1992-01-01,85.84,1280252.0,1491374.0,85.52,2.8,No
SVN,Presidential,1997-01-01,68.65,1064532.0,1550775.0,71.18,2.1,No
SVN,Presidential,2002-11-10,72.04,1159781.0,1609985.0,72.28,1.31,No
SVN,Presidential,2002-12-01,65.24,1050533.0,1610234.0,65.47,1.36,No
SVN,Presidential,2007-10-21,57.67,992245.0,1720481.0,60.46,0.53,No
SVN,Presidential,2007-11-11,58.45,1005359.0,1720174.0,61.26,0.97,No
SVN,Presidential,2012-11-11,48.41,828752.0,1711768.0,49.57,1.31,No
SVN,Presidential,2012-12-02,42.41,725768.0,1711461.0,43.41,2.05,No
SVN,Presidential,2017-10-22,44.24,758088.0,1713762.0,45.78,0.74,No
SVN,Presidential,2017-11-12,42.13,721894.0,1713473.0,43.59,1.28,No
SVN,Presidential,2022-10-23,51.74,876687.0,1694441.0,50.58,0.53,No
SVN,Presidential,2022-11-13,53.6,908138.0,1694379.0,52.4,1.13,No
SWE,Parliamentary,1991-09-15,86.74,5562920.0,6413172.0,82.77,1.7,No
SWE,Parliamentary,1994-09-18,86.82,5640393.0,6496365.0,82.36,1.5,No
SWE,Parliamentary,1998-09-20,81.39,5374588.0,6603129.0,77.72,2.1,No
SWE,Parliamentary,2002-09-15,80.11,5385430.0,6722152.0,78.04,1.5,No
SWE,Parliamentary,2006-09-17,81.99,5650416.0,6892009.0,80.6,1.8,No
SWE,Parliamentary,2010-09-19,84.63,6028682.0,7123651.0,82.63,1.14,No
SWE,Parliamentary,2014-09-14,85.81,6290016.0,7330432.0,82.61,0.92,No
SWE,Parliamentary,2018-09-11,87.18,6535271.0,7495936.0,82.08,0.9,No
SWE,Parliamentary,2022-09-11,84.21,6547625.0,7775390.0,80.34,1.07,No
SYC,Parliamentary,1993-07-23,86.52,43579.0,50370.0,96.07,1.6,No
SYC,Parliamentary,1998-03-22,86.73,47568.0,54847.0,90.21,2.5,No
SYC,Parliamentary,2002-12-06,84.52,52699.0,62350.0,98.12,1.8,No
SYC,Parliamentary,2007-05-12,85.9,55827.0,64993.0,93.49,2.5,No
SYC,Parliamentary,2011-10-01,74.25,51592.0,69480.0,80.65,31.87,No
SYC,Parliamentary,2016-09-10,87.5,62939.0,71932.0,88.91,2.46,No
SYC,Parliamentary,2020-10-24,88.4,65978.0,74634.0,88.78,2.7,No
SYC,Parliamentary,2025-09-27,84.09,64786.0,77045.0,82.88,3.01,No
SYC,Presidential,1993-07-23,86.53,43584.0,50370.0,96.08,1.2,No
SYC,Presidential,1998-03-22,86.7,47550.0,54847.0,90.18,2.1,No
SYC,Presidential,2001-09-02,93.25,51145.0,54847.0,97.85,1.8,No
SYC,Presidential,2006-07-30,88.69,56787.0,64026.0,97.08,1.3,No
SYC,Presidential,2011-05-21,85.26,59242.0,69480.0,92.6,2.72,No
SYC,Presidential,2015-12-05,87.4,62004.0,70943.0,88.7,2.36,No
SYC,Presidential,2015-12-18,90.06,63893.0,70943.0,91.4,1.66,No
SYC,Presidential,2020-10-24,88.45,66017.0,74634.0,88.83,1.9,No
SYC,Presidential,2025-09-27,84.12,64809.0,77045.0,82.91,2.89,No
SYR,Parliamentary,1994-01-01,61.17,3693656.0,6037885.0,58.0,,No
SYR,Parliamentary,1998-01-01,82.22,5501940.0,6691323.0,79.04,,No
SYR,Parliamentary,2003-01-01,63.45,4556475.0,7181206.0,50.05,,No
SYR,Parliamentary,2007-01-01,56.0,4371357.0,7805994.0,41.52,,No
SYR,Parliamentary,2012-01-01,51.26,2658834.0,5186957.0,20.28,,No
SYR,Parliamentary,2016-01-01,57.56,5085444.0,8834994.0,47.89,,No
SYR,Parliamentary,2020-01-01,33.17,6224687.0,18766014.0,52.88,,No
SYR,Parliamentary,2024-07-15,38.16,7326844.0,19200325.0,50.1,,No
SYR,Presidential,2014-01-01,73.42,11634412.0,15845575.0,107.21,3.8,No
SYR,Presidential,2021-01-01,78.64,14239140.0,18107109.0,114.77,0.1,No
TCD,Parliamentary,1997-01-01,50.14,881346.0,1757879.0,25.64,3.3,No
TCD,Parliamentary,2002-01-01,52.4,2185646.0,4171169.0,59.61,,No
TCD,Parliamentary,2011-01-01,56.6,2734280.0,4830885.0,57.27,,No
TCD,Presidential,1996-06-02,67.5,2406962.0,3565913.0,71.96,3.67,No
TCD,Presidential,1996-07-03,77.68,3007174.0,3871044.0,89.9,2.32,No
TCD,Presidential,2001-01-01,61.12,2487215.0,4069099.0,70.01,2.8,No
TCD,Presidential,2006-01-01,53.08,3024226.0,5697922.0,71.4,4.7,No
TCD,Presidential,2011-01-01,55.71,2765765.0,4964807.0,57.92,,No
TCD,Presidential,2016-01-01,65.95,4123730.0,6252548.0,70.98,6.71,No
TCD,Presidential,2021-01-01,63.37,4618733.0,7288203.0,57.79,,No
TCD,Presidential,2024-05-06,75.89,6224387.0,8202207.0,69.28,0.38,Yes
TGO,Parliamentary,1990-01-01,,,,,,
TGO,Parliamentary,1990-03-04,78.67,1197754.0,1522491.0,69.23,,No
TGO,Parliamentary,1994-02-06,65.12,1302400.0,2000000.0,69.08,,No
TGO,Parliamentary,1999-01-01,,,,,,
TGO,Parliamentary,1999-03-21,,,2270000.0,,,No
TGO,Parliamentary,2002-10-27,67.43,1915875.0,2841079.0,82.29,,No
TGO,Parliamentary,2007-10-14,84.92,2526049.0,2974718.0,90.97,7.2,No
TGO,Parliamentary,2013-07-25,66.06,2011203.0,3044332.0,57.72,5.7,No
TGO,Parliamentary,2018-12-20,59.25,1869717.0,3155837.0,42.66,6.34,No
TGO,Parliamentary,2024-04-29,61.76,2596212.0,,,,No
TGO,Presidential,1998-06-21,69.81,1587027.0,2273190.0,74.82,1.8,No
TGO,Presidential,2003-01-01,,,,,,
TGO,Presidential,2003-06-01,71.99,2327675.0,3233353.0,96.46,,No
TGO,Presidential,2005-04-24,63.58,2288279.0,3599306.0,88.36,3.7,No
TGO,Presidential,2010-03-04,64.68,2119829.0,3277492.0,65.79,3.74,No
TGO,Presidential,2015-04-25,60.94,2138438.0,3509258.0,53.21,2.75,No
TGO,Presidential,2020-02-22,92.28,3449989.0,3738786.0,74.27,3.07,No
TGO,Presidential,2025-05-03,0.0,0.0,0.0,0.0,,No
THA,Parliamentary,1992-01-01,59.28,19224201.0,32432087.0,58.39,4.3,No
THA,Parliamentary,1995-01-01,62.04,23462746.0,37817983.0,64.07,3.8,No
THA,Parliamentary,1996-01-01,62.39,24060744.0,38564836.0,65.03,1.7,No
THA,Parliamentary,2001-01-01,69.95,29909271.0,42759001.0,70.11,10.0,Yes
THA,Parliamentary,2005-01-01,75.13,33693624.0,44846472.0,73.46,5.7,Yes
THA,Parliamentary,2006-01-01,64.77,29088209.0,44909562.0,62.61,5.8,Yes
THA,Parliamentary,2007-01-01,78.51,35844272.0,45658170.0,76.23,8.8,Yes
THA,Parliamentary,2011-01-01,75.03,35203107.0,46918709.0,69.29,4.9,Yes
THA,Parliamentary,2014-01-01,46.79,20130929.0,43024000.0,39.35,12.05,Yes
THA,Parliamentary,2019-01-01,74.69,38268375.0,51239638.0,69.75,5.57,Yes
THA,Parliamentary,2023-01-01,75.71,39514964.0,52195920.0,70.32,3.82,Yes
THA,Parliamentary,2026-02-08,65.31,34565642.0,52922923.0,60.78,4.5,Yes
TJK,Parliamentary,1995-02-26,84.0,2254560.0,2684000.0,72.43,,No
TJK,Parliamentary,2000-02-27,93.36,2683010.0,2873745.0,85.56,2.5,No
TJK,Parliamentary,2005-02-27,93.23,2583919.0,2771528.0,70.73,2.4,No
TJK,Parliamentary,2010-02-28,90.84,3289377.0,3621174.0,59.3,0.66,No
TJK,Parliamentary,2015-03-01,82.0,3540760.0,4318000.0,77.16,,No
TJK,Parliamentary,2020-03-01,86.44,4260951.0,4929128.0,76.28,,No
TJK,Parliamentary,2025-03-02,85.35,4712967.0,5522038.0,85.89,,No
TJK,Presidential,1994-01-01,,,,,,
TJK,Presidential,1994-11-06,88.33,2338356.0,2647398.0,77.28,,No
TJK,Presidential,1999-11-06,,,,,,No
TJK,Presidential,2006-11-06,91.01,3054573.0,3356304.0,80.78,1.3,No
TJK,Presidential,2013-11-06,90.16,3787703.0,4201156.0,79.13,1.04,No
TJK,Presidential,2020-10-11,85.34,4221076.0,4946289.0,75.57,1.25,No
TKM,Parliamentary,2004-01-01,76.88,1472252.0,1915000.0,55.8,,No
TKM,Parliamentary,2008-01-01,93.87,2594658.0,2763993.0,84.74,,No
TKM,Parliamentary,2013-01-01,91.33,2797637.0,3063218.0,83.33,,No
TKM,Parliamentary,2018-01-01,91.69,3017801.0,3291312.0,80.33,,No
TKM,Parliamentary,2023-01-01,91.12,3185832.0,3496304.0,79.04,,No
TKM,Presidential,2007-01-01,98.72,2643192.0,2677589.0,100.18,1.3,No
TKM,Presidential,2012-01-01,96.7,2888742.0,2987324.0,87.03,,No
TKM,Presidential,2017-01-01,97.28,3163692.0,3252243.0,85.47,,No
TKM,Presidential,2022-01-01,97.17,3362052.0,3460080.0,84.44,,No
TLS,Parliamentary,2001-01-01,86.03,384248.0,446666.0,84.57,5.4,No
TLS,Parliamentary,2007-01-01,80.54,426210.0,529198.0,71.63,1.87,No
TLS,Parliamentary,2017-01-01,76.74,583956.0,760907.0,83.26,2.72,No
TLS,Parliamentary,2018-01-01,80.98,635116.0,784286.0,91.53,1.67,No
TLS,Parliamentary,2023-01-01,79.28,705693.0,890145.0,84.32,1.87,No
TLS,Presidential,2002-04-14,84.83,378548.0,446256.0,77.79,3.64,No
TLS,Presidential,2007-04-09,81.79,427712.0,522933.0,71.88,5.44,No
TLS,Presidential,2007-05-09,81.0,424475.0,524073.0,71.34,2.19,No
TLS,Presidential,2012-03-17,78.1,489933.0,627295.0,81.48,5.16,No
TLS,Presidential,2012-04-16,73.12,458703.0,627295.0,76.28,1.48,No
TLS,Presidential,2017-03-20,71.16,528813.0,743150.0,75.4,2.28,No
TLS,Presidential,2022-03-19,77.26,664106.0,859613.0,81.45,1.84,No
TLS,Presidential,2022-04-19,75.17,646389.0,859925.0,79.28,0.84,No
TON,Parliamentary,1993-01-01,58.81,28515.0,48487.0,63.31,0.8,No
TON,Parliamentary,1996-01-01,56.09,27948.0,49830.0,41.84,0.7,No
TON,Parliamentary,1999-01-01,50.75,27867.0,54912.0,53.52,,No
TON,Parliamentary,2005-01-01,50.52,33119.0,65555.0,55.0,,No
TON,Parliamentary,2008-01-01,46.69,32091.0,68730.0,47.8,,No
TON,Parliamentary,2010-01-01,90.85,38516.0,42395.0,72.49,0.17,No
TON,Parliamentary,2014-01-01,76.8,39512.0,51448.0,78.37,,No
TON,Parliamentary,2017-01-01,67.0,39613.0,59000.0,69.36,,No
TON,Parliamentary,2021-01-01,61.92,38550.0,62253.0,64.41,,No
TON,Parliamentary,2025-11-20,54.11,34353.0,63484.0,55.19,0.15,No
TTO,Parliamentary,1991-12-16,65.76,522472.0,794486.0,70.4,0.5,No
TTO,Parliamentary,1995-11-06,63.3,530311.0,837741.0,67.3,0.9,No
TTO,Parliamentary,2000-12-11,63.05,597525.0,947689.0,69.99,0.5,No
TTO,Parliamentary,2001-12-10,66.13,561993.0,849874.0,64.98,0.5,No
TTO,Parliamentary,2002-10-07,69.64,609571.0,875260.0,71.91,0.5,No
TTO,Parliamentary,2007-11-05,66.03,653882.0,990352.0,72.52,0.4,No
TTO,Parliamentary,2010-05-24,69.45,722322.0,1040127.0,77.16,0.36,No
TTO,Parliamentary,2015-09-07,66.84,734792.0,1099279.0,78.1,0.33,No
TTO,Parliamentary,2020-10-10,58.04,658297.0,1134135.0,70.26,0.27,No
TTO,Parliamentary,2025-04-28,53.92,622181.0,1153876.0,56.96,0.32,No
TUN,Parliamentary,1994-01-01,95.47,2841557.0,2976366.0,60.26,0.3,No
TUN,Parliamentary,1999-01-01,91.51,3100098.0,3387542.0,55.72,0.3,No
TUN,Parliamentary,2004-01-01,86.41,4215151.0,4877905.0,64.2,0.4,No
TUN,Parliamentary,2009-01-01,89.4,4447388.0,4974707.0,60.87,0.2,No
TUN,Parliamentary,2011-01-01,92.24,4308888.0,4671276.0,53.9,6.3,No
TUN,Parliamentary,2014-01-01,67.72,3579257.0,5285136.0,45.39,4.78,No
TUN,Parliamentary,2019-01-01,41.7,2946628.0,7065885.0,35.85,2.58,No
TUN,Parliamentary,2022-12-17,11.22,1025418.0,9136502.0,12.15,6.77,No
TUN,Parliamentary,2023-01-29,11.4,895002.0,7853447.0,10.61,5.13,No
TUN,Presidential,1994-01-01,94.9,2989880.0,3150612.0,63.4,,No
TUN,Presidential,1999-01-01,89.7,195906.0,218400.0,3.52,0.6,No
TUN,Presidential,2004-01-01,91.52,4464337.0,4877905.0,68.0,0.3,No
TUN,Presidential,2009-01-01,89.45,4737367.0,5296008.0,64.84,0.16,No
TUN,Presidential,2014-11-23,62.94,3339666.0,5306324.0,42.35,2.16,No
TUN,Presidential,2014-12-21,60.11,3189382.0,5306324.0,40.44,2.49,No
TUN,Presidential,2019-09-15,48.98,3465184.0,7074566.0,42.16,2.66,No
TUN,Presidential,2019-10-13,55.02,3892085.0,7074566.0,47.35,1.83,No
TUN,Presidential,2024-10-06,28.8,2808548.0,9753217.0,32.66,1.22,No
TUR,Parliamentary,1991-01-01,83.92,25157123.0,29979123.0,79.79,2.9,Yes
TUR,Parliamentary,1995-01-01,85.2,29101469.0,34155981.0,79.05,3.4,Yes
TUR,Parliamentary,1999-01-01,87.09,32656070.0,37495217.0,80.38,4.5,Yes
TUR,Parliamentary,2002-01-01,79.14,32768161.0,41407027.0,75.86,3.78,Yes
TUR,Parliamentary,2007-01-01,84.25,36056293.0,42799303.0,74.46,2.8,Yes
TUR,Parliamentary,2011-01-01,83.16,43914948.0,52806322.0,86.43,2.22,Yes
TUR,Parliamentary,2015-01-01,85.23,48537695.0,56949009.0,84.3,1.44,Yes
TUR,Parliamentary,2018-01-01,86.22,51189444.0,59367469.0,88.95,2.06,Yes
TUR,Parliamentary,2023-05-14,87.05,55356081.0,64145504.0,91.23,2.52,Yes
TUR,Presidential,2014-01-01,74.13,41283627.0,55692841.0,74.37,1.78,Yes
TUR,Presidential,2018-01-01,86.24,51197959.0,59367469.0,88.97,2.21,Yes
TUR,Presidential,2023-05-14,87.04,55833153.0,64145504.0,91.23,1.86,Yes
TUR,Presidential,2023-05-28,84.15,54023601.0,64197454.0,88.27,1.27,No
TUV,Parliamentary,1993-01-01,,,,,,No
TUV,Parliamentary,1998-01-01,,,,,,No
TUV,Parliamentary,2002-01-01,79.99,4150.0,5188.0,63.15,,No
TUV,Parliamentary,2006-01-01,,,,,,No
TUV,Parliamentary,2010-01-01,,,6008.0,,,No
TUV,Parliamentary,2015-01-01,,7819.0,,111.05,,No
TUV,Parliamentary,2019-01-01,,10202.0,,,,No
TUV,Parliamentary,2024-01-26,,,6000.0,,,No
TZA,Parliamentary,1995-10-29,76.51,6831578.0,8928816.0,47.92,5.5,No
TZA,Parliamentary,2000-10-29,72.77,7341067.0,10088484.0,45.72,4.6,No
TZA,Parliamentary,2005-12-14,69.64,11438350.0,16425913.0,65.51,5.3,No
TZA,Parliamentary,2010-10-31,39.49,7952497.0,20137303.0,37.53,,No
TZA,Parliamentary,2015-10-25,62.68,14574957.0,23253982.0,58.31,,No
TZA,Parliamentary,2020-10-28,,,29754699.0,,,No
TZA,Parliamentary,2025-10-29,,,,,,No
TZA,Presidential,1995-10-29,76.67,6846681.0,8929969.0,48.03,4.9,No
TZA,Presidential,2000-10-29,84.43,8517648.0,10088484.0,53.05,4.1,No
TZA,Presidential,2005-12-14,72.23,11875927.0,16442657.0,68.02,4.3,No
TZA,Presidential,2010-10-31,42.84,8626283.0,20137303.0,40.71,2.64,No
TZA,Presidential,2015-10-25,67.34,15596110.0,23161440.0,62.4,2.58,No
TZA,Presidential,2020-10-28,50.72,15091950.0,29754699.0,51.19,1.73,No
TZA,Presidential,2025-10-29,,,,,,No
UGA,Parliamentary,1996-01-01,59.3,5027166.0,8477320.0,50.91,,No
UGA,Parliamentary,2001-01-01,70.31,7576144.0,10775836.0,74.23,2.7,No
UGA,Parliamentary,2006-01-01,68.0,7106536.0,10450788.0,60.12,3.0,No
UGA,Parliamentary,2011-01-01,59.29,8272760.0,13954129.0,55.32,4.05,No
UGA,Parliamentary,2016-01-01,67.61,10329131.0,15277198.0,60.37,4.9,No
UGA,Parliamentary,2021-01-01,55.23,9998554.0,18103603.0,49.77,,No
UGA,Parliamentary,2026-01-15,,,,,,No
UGA,Presidential,1996-01-01,72.6,6163678.0,8489915.0,62.42,,No
UGA,Presidential,2001-01-01,70.31,7576144.0,10775836.0,74.23,2.7,No
UGA,Presidential,2006-01-01,69.19,7230456.0,10450788.0,61.17,4.1,No
UGA,Presidential,2011-01-01,59.29,8272760.0,13954129.0,55.32,4.05,No
UGA,Presidential,2016-01-01,67.61,10329131.0,15277198.0,60.37,4.9,No
UGA,Presidential,2021-01-01,59.35,10744319.0,18103603.0,53.48,3.66,No
UGA,Presidential,2026-01-15,52.5,11366201.0,21649067.0,46.42,2.42,No
UKR,Parliamentary,1994-01-01,75.81,28963982.0,38204100.0,73.42,6.3,No
UKR,Parliamentary,1998-01-01,70.65,26521273.0,37540092.0,68.11,3.1,No
UKR,Parliamentary,2002-01-01,69.24,25874271.0,37368748.0,69.57,3.9,No
UKR,Parliamentary,2006-01-01,67.19,24990424.0,37191928.0,67.2,1.77,No
UKR,Parliamentary,2007-01-01,62.03,23315257.0,37588040.0,62.73,4.4,No
UKR,Parliamentary,2012-01-01,57.4,20759472.0,36163839.0,55.94,1.97,No
UKR,Parliamentary,2014-10-26,51.28,16092990.0,31382762.0,44.26,1.86,No
UKR,Parliamentary,2019-01-01,49.2,14749867.0,29278586.0,41.29,0.93,No
UKR,Presidential,1994-06-26,70.37,26480671.0,37630835.0,67.12,1.78,No
UKR,Presidential,1994-07-10,71.63,26883642.0,37531666.0,68.14,0.41,No
UKR,Presidential,1999-10-31,70.15,26305198.0,37498630.0,68.73,3.95,No
UKR,Presidential,1999-11-14,74.92,28231774.0,37680581.0,73.77,2.5,No
UKR,Presidential,2004-10-31,74.54,28035184.0,37613022.0,75.35,2.97,No
UKR,Presidential,2004-11-21,81.12,30511289.0,37613022.0,82.01,1.59,No
UKR,Presidential,2004-12-26,77.28,29068971.0,37613022.0,78.13,1.45,No
UKR,Presidential,2010-01-17,67.22,24588268.0,36576763.0,65.54,1.65,No
UKR,Presidential,2010-02-07,69.7,25493529.0,36576763.0,67.95,1.19,No
UKR,Presidential,2014-05-25,59.19,18092321.0,30569074.0,49.75,1.35,No
UKR,Presidential,2019-03-31,62.16,18948895.0,30482348.0,53.04,1.18,No
UKR,Presidential,2019-04-21,60.72,18551667.0,30554178.0,51.93,2.31,No
URY,Parliamentary,1994-01-01,91.44,2130618.0,2330154.0,96.11,4.7,Yes
URY,Parliamentary,1999-01-01,91.71,2202884.0,2402014.0,94.58,0.4,Yes
URY,Parliamentary,2004-01-01,89.62,2229583.0,2487816.0,93.14,2.4,Yes
URY,Parliamentary,2009-01-01,89.91,2304686.0,2563250.0,96.88,1.18,Yes
URY,Parliamentary,2014-01-01,89.62,2348833.0,2620791.0,98.29,3.28,Yes
URY,Parliamentary,2019-01-01,90.13,2433364.0,2699978.0,94.88,3.63,Yes
URY,Parliamentary,2024-10-27,89.52,2441238.0,2727120.0,92.41,6.27,Yes
URY,Presidential,1994-01-01,91.44,2130618.0,2330154.0,96.11,,Yes
URY,Presidential,1999-10-31,91.79,2204884.0,2402160.0,94.66,2.62,Yes
URY,Presidential,1999-11-29,91.84,2206112.0,2402135.0,94.71,2.97,Yes
URY,Presidential,2004-10-31,89.62,2229611.0,2487816.0,93.14,2.36,Yes
URY,Presidential,2009-10-25,89.91,2304686.0,2563250.0,96.88,2.79,Yes
URY,Presidential,2009-11-29,89.18,2285958.0,2563285.0,96.1,4.1,Yes
URY,Presidential,2014-10-26,90.51,2372117.0,2620791.0,99.27,3.3,Yes
URY,Presidential,2014-11-30,88.57,2321230.0,2620791.0,97.14,5.95,Yes
URY,Presidential,2019-10-27,90.13,2433364.0,2699978.0,94.88,3.63,Yes
URY,Presidential,2019-11-24,90.12,2433196.0,2699980.0,94.88,3.77,Yes
URY,Presidential,2024-10-27,89.52,2441238.0,2727120.0,92.41,5.27,Yes
URY,Presidential,2024-11-24,89.36,2436833.0,2727120.0,92.24,2.65,Yes
USA,Parliamentary,1990-11-06,56.03,67859189.0,121105630.0,36.52,,No
USA,Parliamentary,1992-11-03,78.02,104405155.0,133821178.0,55.09,,No
USA,Parliamentary,1994-11-08,57.64,75105860.0,130292822.0,38.78,,No
USA,Parliamentary,1996-11-05,65.97,96456345.0,146211960.0,49.08,,No
USA,Parliamentary,1998-11-03,51.55,73117022.0,141850558.0,34.74,,No
USA,Parliamentary,2000-11-07,63.76,99738383.0,156421311.0,47.35,,No
USA,Parliamentary,2002-11-05,45.31,73844526.0,162993315.0,35.09,,No
USA,Parliamentary,2004-11-02,68.75,121862329.0,177265030.0,55.31,,No
USA,Parliamentary,2006-11-07,47.52,82121411.0,172805006.0,37.32,0.4,No
USA,Parliamentary,2008-11-04,64.36,122586293.0,190461401.0,52.59,,No
USA,Parliamentary,2010-11-02,48.59,90810679.0,186874157.0,38.51,,No
USA,Parliamentary,2012-11-06,64.44,124793121.0,193653908.0,51.8,,No
USA,Parliamentary,2014-11-08,42.5,81033355.0,190669639.0,32.98,,No
USA,Parliamentary,2016-11-08,65.44,140114503.0,214109367.0,56.2,,No
USA,Parliamentary,2018-11-06,56.84,120314461.0,211665577.0,47.49,,No
USA,Parliamentary,2020-11-03,70.75,161303109.0,228004364.0,62.36,,No
USA,Parliamentary,2022-11-08,55.02,112054124.0,203660564.0,46.87,,No
USA,Parliamentary,2024-11-05,64.47,,234504358.0,59.17,,No
USA,Presidential,1992-01-01,,,,,,
USA,Presidential,1992-11-03,89.96,113866000.0,126578000.0,60.08,,No
USA,Presidential,1996-01-01,,,,,,
USA,Presidential,1996-11-05,82.26,105017000.0,127661000.0,53.44,,No
USA,Presidential,2000-11-07,85.55,110826000.0,129549000.0,52.62,0.13,No
USA,Presidential,2004-11-02,88.5,125736000.0,142070000.0,57.07,2.7,No
USA,Presidential,2008-11-04,70.33,133944538.0,190461401.0,57.47,,No
USA,Presidential,2012-11-06,66.66,129085403.0,193653908.0,53.58,,No
USA,Presidential,2016-11-08,65.44,140114503.0,214109367.0,56.2,,No
USA,Presidential,2020-11-03,70.75,161303109.0,228004364.0,62.36,,No
USA,Presidential,2024-11-05,64.47,158211780.0,234504358.0,59.17,,No
UZB,Parliamentary,1994-01-01,93.58,10526654.0,11248464.0,87.22,6.4,No
UZB,Parliamentary,1999-01-01,93.46,11873065.0,12703488.0,90.72,,No
UZB,Parliamentary,2004-01-01,85.1,12197159.0,14332736.0,80.66,,No
UZB,Parliamentary,2010-01-01,87.76,15108000.0,17215700.0,82.22,,No
UZB,Parliamentary,2014-01-01,88.94,18490245.0,20789572.0,96.93,,No
UZB,Parliamentary,2019-01-01,67.8,13963627.0,20596570.0,61.39,2.4,No
UZB,Parliamentary,2024-10-27,75.35,15027529.0,19944859.0,62.78,0.54,No
UZB,Presidential,1991-01-01,94.0,9870000.0,10500000.0,89.12,,No
UZB,Presidential,2000-01-01,,12123199.0,,91.2,3.88,No
UZB,Presidential,2007-01-01,90.6,14765444.0,16297400.0,89.84,2.9,No
UZB,Presidential,2015-01-01,91.08,18942349.0,20798520.0,98.41,1.56,No
UZB,Presidential,2016-01-01,87.73,17951667.0,20461805.0,86.17,1.86,No
UZB,Presidential,2021-01-01,80.42,16212343.0,20158907.0,72.42,0.24,No
UZB,Presidential,2023-01-01,79.88,15651557.0,19593838.0,68.26,0.76,No
VCT,Parliamentary,1994-01-01,65.61,47212.0,71954.0,73.21,0.6,No
VCT,Parliamentary,1998-01-01,67.36,51513.0,76469.0,77.1,0.4,No
VCT,Parliamentary,2001-01-01,69.2,58498.0,84536.0,91.42,0.4,No
VCT,Parliamentary,2005-01-01,63.68,57982.0,91045.0,81.38,0.6,No
VCT,Parliamentary,2010-01-01,62.33,62993.0,101067.0,87.26,0.3,No
VCT,Parliamentary,2015-01-01,73.39,65706.0,89527.0,88.06,0.31,No
VCT,Parliamentary,2020-01-01,66.95,65689.0,98119.0,85.81,0.5,No
VCT,Parliamentary,2025-11-27,62.31,64504.0,103524.0,82.7,0.42,No
VEN,Parliamentary,1993-12-05,60.16,5829216.0,9688795.0,48.52,19.18,No
VEN,Parliamentary,1998-11-08,52.65,5792391.0,11002589.0,42.66,14.5,No
VEN,Parliamentary,2000-07-30,56.05,6560503.0,11705702.0,46.43,32.04,No
VEN,Parliamentary,2005-12-04,25.26,3604741.0,14272964.0,23.88,5.7,No
VEN,Parliamentary,2010-09-26,66.42,11596239.0,17458473.0,66.6,2.48,No
VEN,Parliamentary,2015-12-06,73.76,14385349.0,19504106.0,73.78,4.77,No
VEN,Parliamentary,2020-12-06,30.46,6307976.0,20710421.0,31.76,0.71,No
VEN,Parliamentary,2025-05-25,,,,,,No
VEN,Presidential,1993-12-05,60.16,5829216.0,9688795.0,48.52,3.65,No
VEN,Presidential,1998-12-06,63.45,6988291.0,11013020.0,52.0,6.45,No
VEN,Presidential,2000-07-30,56.31,6600196.0,11720660.0,46.71,5.28,No
VEN,Presidential,2006-12-03,74.69,11790397.0,15784777.0,76.41,1.35,No
VEN,Presidential,2012-10-07,80.28,15176253.0,18903937.0,81.98,1.9,No
VEN,Presidential,2013-04-14,79.64,15056160.0,18904364.0,80.16,0.44,No
VEN,Presidential,2018-05-20,45.74,9389056.0,20526978.0,43.67,1.89,No
VEN,Presidential,2024-07-28,,,,,,No
VGB,Parliamentary,1999-01-01,,,,,,
VGB,Parliamentary,2003-01-01,72.32,7362.0,10180.0,41.12,1.2,No
VGB,Parliamentary,2007-01-01,66.47,7429.0,11176.0,35.88,0.3,No
VGB,Parliamentary,2011-01-01,72.85,9186.0,12609.0,38.8,,No
VGB,Parliamentary,2015-01-01,66.58,9045.0,13585.0,34.13,,No
VGB,Parliamentary,2019-01-01,64.64,9720.0,15038.0,33.19,,No
VGB,Parliamentary,2023-01-01,57.5,9275.0,16130.0,50.96,0.02,No
VNM,Parliamentary,1992-01-01,99.12,37195592.0,37524453.0,95.27,0.96,No
VNM,Parliamentary,1997-01-01,99.59,43493624.0,43672683.0,97.87,0.71,No
VNM,Parliamentary,2002-01-01,98.85,49211275.0,49783769.0,,,No
VNM,Parliamentary,2007-01-01,99.64,,,,,No
VNM,Parliamentary,2011-01-01,99.51,61965651.0,62270778.0,98.97,,No
VNM,Parliamentary,2016-01-01,99.26,67000000.0,67500000.0,98.32,,No
VNM,Parliamentary,2021-01-01,95.6,69243604.0,69523133.0,94.06,,No
VNM,Parliamentary,2026-03-15,99.7,76198214.0,76423940.0,97.15,,No
VUT,Parliamentary,1991-12-02,71.3,62527.0,87695.0,70.69,,No
VUT,Parliamentary,1995-11-30,67.95,76522.0,112610.0,78.6,0.6,No
VUT,Parliamentary,1998-03-06,61.61,69375.0,112610.0,77.24,0.1,No
VUT,Parliamentary,2002-05-02,63.47,80657.0,127069.0,74.18,1.8,No
VUT,Parliamentary,2004-07-06,68.58,91551.0,133497.0,79.3,1.2,No
VUT,Parliamentary,2008-09-02,70.38,107002.0,152043.0,82.78,1.4,No
VUT,Parliamentary,2012-10-30,63.22,121792.0,192632.0,85.0,1.3,No
VUT,Parliamentary,2016-01-22,56.47,111472.0,197400.0,70.01,0.57,No
VUT,Parliamentary,2020-03-19,51.29,143076.0,278954.0,80.0,0.74,No
VUT,Parliamentary,2022-10-13,44.16,133486.0,302258.0,70.59,0.86,No
VUT,Parliamentary,2025-01-16,69.09,146631.0,212245.0,74.73,0.35,No
WSM,Parliamentary,1991-04-05,78.0,44460.0,57000.0,77.46,,No
WSM,Parliamentary,1996-04-26,86.35,67469.0,78137.0,105.06,0.4,No
WSM,Parliamentary,2001-03-02,82.54,76934.0,93213.0,76.62,0.6,No
WSM,Parliamentary,2006-01-01,,,,,,
WSM,Parliamentary,2006-03-31,,,79284.0,,,No
WSM,Parliamentary,2011-01-01,,,,,,
WSM,Parliamentary,2011-03-04,,,,,,No
WSM,Parliamentary,2016-03-04,73.06,73132.0,100097.0,66.11,,No
WSM,Parliamentary,2021-04-09,69.47,89514.0,128848.0,73.67,0.68,Yes
WSM,Parliamentary,2025-08-29,93.08,90403.0,97111.0,69.14,,Yes
YEM,Parliamentary,1993-01-01,80.74,2179942.0,2700000.0,37.7,,No
YEM,Parliamentary,1997-01-01,60.71,2792675.0,4600000.0,35.93,,No
YEM,Parliamentary,2003-01-01,74.98,6071209.0,8097162.0,71.34,3.2,No
YEM,Presidential,2006-01-01,65.16,6025818.0,9247390.0,62.89,10.8,No
YEM,Presidential,2012-01-01,64.78,6635192.0,10243364.0,54.16,,No
ZAF,Parliamentary,1994-01-01,86.87,19726610.0,22709152.0,85.53,0.98,No
ZAF,Parliamentary,1999-01-01,89.28,16228462.0,18177000.0,63.86,1.5,No
ZAF,Parliamentary,2004-01-01,76.73,15863554.0,20674926.0,56.77,1.6,No
ZAF,Parliamentary,2009-01-01,77.3,17919966.0,23181997.0,56.57,1.34,No
ZAF,Parliamentary,2014-01-01,73.48,18654771.0,25388082.0,53.77,,No
ZAF,Parliamentary,2019-01-01,66.05,17671616.0,26756649.0,47.28,1.33,No
ZAF,Parliamentary,2024-05-29,58.64,16291516.0,27782081.0,39.64,1.31,No
ZMB,Parliamentary,1991-01-01,44.44,1325038.0,2981895.0,34.24,3.4,No
ZMB,Parliamentary,1996-01-01,78.49,1779607.0,2267382.0,39.83,,No
ZMB,Parliamentary,2001-01-01,68.55,1785485.0,2604761.0,35.46,1.9,No
ZMB,Parliamentary,2006-01-01,70.74,2788211.0,3941235.0,55.74,2.4,No
ZMB,Parliamentary,2011-01-01,53.65,2772264.0,5167154.0,42.25,1.43,No
ZMB,Parliamentary,2016-01-01,56.03,3752879.0,6698372.0,51.19,2.45,No
ZMB,Parliamentary,2021-01-01,70.3,4937366.0,7023499.0,52.14,2.26,No
ZMB,Presidential,1991-01-01,44.44,1325155.0,2981895.0,34.25,,No
ZMB,Presidential,1996-01-01,55.52,1258805.0,2267382.0,28.18,5.3,No
ZMB,Presidential,2001-01-01,67.81,1766356.0,2604761.0,35.08,1.6,No
ZMB,Presidential,2006-01-01,70.77,2789114.0,3941229.0,55.75,1.8,No
ZMB,Presidential,2008-01-01,45.43,1791806.0,3944135.0,34.18,1.3,No
ZMB,Presidential,2011-01-01,53.65,2772264.0,5167154.0,42.25,1.43,No
ZMB,Presidential,2015-01-01,32.36,1671662.0,5166088.0,24.17,1.03,No
ZMB,Presidential,2016-01-01,56.45,3781505.0,6698372.0,51.58,2.27,No
ZMB,Presidential,2021-01-01,70.61,4959332.0,7023499.0,52.37,2.55,No
ZWE,Parliamentary,1990-01-01,,2235425.0,,48.69,36.7,No
ZWE,Parliamentary,1995-01-01,30.81,1485660.0,4822289.0,25.98,5.5,No
ZWE,Parliamentary,2000-01-01,48.33,2556261.0,5288804.0,43.46,2.6,No
ZWE,Parliamentary,2005-01-01,47.66,2696670.0,5658624.0,48.66,2.3,No
ZWE,Parliamentary,2008-01-01,40.81,2421973.0,5934768.0,45.53,,No
ZWE,Parliamentary,2013-01-01,57.78,3394036.0,5874115.0,59.58,1.9,No
ZWE,Parliamentary,2018-01-01,83.1,4732929.0,5695706.0,61.86,,No
ZWE,Parliamentary,2023-08-23,67.37,4462068.0,6623511.0,47.67,,No
ZWE,Presidential,1990-01-01,,2587204.0,,56.36,5.7,No
ZWE,Presidential,1996-01-01,32.3,1557558.0,4822289.0,26.68,3.0,No
ZWE,Presidential,2002-01-01,54.33,3046891.0,5607795.0,54.25,1.6,No
ZWE,Presidential,2008-03-29,42.75,2537240.0,5934768.0,47.69,1.58,No
ZWE,Presidential,2008-06-27,42.37,2514750.0,5934768.0,47.27,5.23,No
ZWE,Presidential,2013-01-01,59.24,3480047.0,5874115.0,61.09,1.9,No
ZWE,Presidential,2018-01-01,86.84,4946378.0,5695706.0,64.65,1.49,No
ZWE,Presidential,2023-08-23,68.86,4468668.0,6623511.0,47.74,2.03,No
