iso3,question,text,answer
AFG,28,Are there provisions for direct public funding to political parties?,No public funding available
AFG,29,What are the eligibility criteria for political parties to receive public funding?,Not applicable
AFG,30,What is the allocation calculation for political parties to receive public funding?,Not applicable
AFG,31,What are the provisions on 'ear marking' direct public funding to political parties (how it should be used)?,Not applicable
AFG,32,Are there provisions for free or subsidized access to media for political parties?,Yes
AFG,33,What criteria determine allocation for free or subsidized access to media for political parties?,No data
AFG,34,Are there provisions for free or subsidized access to media for candidates?,Yes
AFG,35,Are there provisions for any other form of indirect public funding?,Yes
AFG,36,Is the provision of direct public funding to political parties tied to gender equality among candidates?,No
AFG,37,Are there provisions for other financial advantages to encourage gender equality in political parties?,No
AFG,39,Are there limits on the amount a political party can spend?,No
AFG,40,"If there are limits on the amount a political party can spend, what is the limit?",Not applicable
AFG,41,Are there limits on the amount a candidate can spend?,Yes
AFG,42,"If there are limits on the amount a candidate can spend, what is the limit?",Varies by election and defined by the Electoral Commission
AGO,28,Are there provisions for direct public funding to political parties?,"Yes, regularly"
AGO,29,What are the eligibility criteria for political parties to receive public funding?,"#Representation in elected body
#Participation in election"
AGO,30,What is the allocation calculation for political parties to receive public funding?,Equal
AGO,31,What are the provisions on 'ear marking' direct public funding to political parties (how it should be used)?,Ongoing party activities
AGO,32,Are there provisions for free or subsidized access to media for political parties?,Yes
AGO,33,What criteria determine allocation for free or subsidized access to media for political parties?,Other
AGO,34,Are there provisions for free or subsidized access to media for candidates?,Yes
AGO,35,Are there provisions for any other form of indirect public funding?,Yes
AGO,36,Is the provision of direct public funding to political parties tied to gender equality among candidates?,No
AGO,37,Are there provisions for other financial advantages to encourage gender equality in political parties?,No
AGO,39,Are there limits on the amount a political party can spend?,No
AGO,40,"If there are limits on the amount a political party can spend, what is the limit?",Not applicable
AGO,41,Are there limits on the amount a candidate can spend?,No
AGO,42,"If there are limits on the amount a candidate can spend, what is the limit?",Not applicable
ALB,28,Are there provisions for direct public funding to political parties?,"Yes, both regularly and in relation to campaigns"
ALB,29,What are the eligibility criteria for political parties to receive public funding?,"#Share of votes in previous election
#Share of seats in previous election"
ALB,30,What is the allocation calculation for political parties to receive public funding?,"Proportional to votes received
Proportional to seats received
Share of expenses reimbursed"
ALB,31,What are the provisions on 'ear marking' direct public funding to political parties (how it should be used)?,Campaign spending
ALB,32,Are there provisions for free or subsidized access to media for political parties?,Yes
ALB,33,What criteria determine allocation for free or subsidized access to media for political parties?,"#Other
#Share of seats"
ALB,34,Are there provisions for free or subsidized access to media for candidates?,Yes
ALB,35,Are there provisions for any other form of indirect public funding?,Yes
ALB,36,Is the provision of direct public funding to political parties tied to gender equality among candidates?,No
ALB,37,Are there provisions for other financial advantages to encourage gender equality in political parties?,No
ALB,39,Are there limits on the amount a political party can spend?,Yes
ALB,40,"If there are limits on the amount a political party can spend, what is the limit?",other
ALB,41,Are there limits on the amount a candidate can spend?,No
ALB,42,"If there are limits on the amount a candidate can spend, what is the limit?",Not applicable
AND,28,Are there provisions for direct public funding to political parties?,"Yes, both regularly and in relation to campaigns"
AND,29,What are the eligibility criteria for political parties to receive public funding?,"#Share of votes in previous election
#Registration as a political party"
AND,30,What is the allocation calculation for political parties to receive public funding?,Proportional to candidates fielded
AND,31,What are the provisions on 'ear marking' direct public funding to political parties (how it should be used)?,"#Campaign spending
#Ongoing party activities"
AND,32,Are there provisions for free or subsidized access to media for political parties?,Yes
AND,33,What criteria determine allocation for free or subsidized access to media for political parties?,"#Votes Received 
#Other"
AND,34,Are there provisions for free or subsidized access to media for candidates?,Yes
AND,35,Are there provisions for any other form of indirect public funding?,No
AND,36,Is the provision of direct public funding to political parties tied to gender equality among candidates?,No
AND,37,Are there provisions for other financial advantages to encourage gender equality in political parties?,No
AND,39,Are there limits on the amount a political party can spend?,Yes
AND,40,"If there are limits on the amount a political party can spend, what is the limit?","200.000 euros in case of elections for the General Council in national lists 30.000 euros in case of elections for the General Council in parishes lists an additional 0,30 euro cent for every person inscribed in the electoral census of the corresponding constituency"
AND,41,Are there limits on the amount a candidate can spend?,No
AND,42,"If there are limits on the amount a candidate can spend, what is the limit?",Not applicable
ARG,28,Are there provisions for direct public funding to political parties?,"Yes, both regularly and in relation to campaigns"
ARG,29,What are the eligibility criteria for political parties to receive public funding?,Other
ARG,30,What is the allocation calculation for political parties to receive public funding?,"Equal
Proportional to votes received"
ARG,31,What are the provisions on 'ear marking' direct public funding to political parties (how it should be used)?,"#Campaign spending
#Ongoing party activities
#Research and policy initiatives"
ARG,32,Are there provisions for free or subsidized access to media for political parties?,Yes
ARG,33,What criteria determine allocation for free or subsidized access to media for political parties?,"#Equal
#Number of candidates 
#Other"
ARG,34,Are there provisions for free or subsidized access to media for candidates?,Not applicable
ARG,35,Are there provisions for any other form of indirect public funding?,Yes
ARG,36,Is the provision of direct public funding to political parties tied to gender equality among candidates?,No
ARG,37,Are there provisions for other financial advantages to encourage gender equality in political parties?,"Yes, funds earmarked for gender activities"
ARG,39,Are there limits on the amount a political party can spend?,Yes
ARG,40,"If there are limits on the amount a political party can spend, what is the limit?",The flat rate equals to the amount of an index included in the annual budget of the country
ARG,41,Are there limits on the amount a candidate can spend?,Not applicable
ARG,42,"If there are limits on the amount a candidate can spend, what is the limit?",Not applicable
ARM,28,Are there provisions for direct public funding to political parties?,"Yes, regularly"
ARM,29,What are the eligibility criteria for political parties to receive public funding?,Share of votes in previous election
ARM,30,What is the allocation calculation for political parties to receive public funding?,Flat rate by votes received
ARM,31,What are the provisions on 'ear marking' direct public funding to political parties (how it should be used)?,"#Ongoing party activities
#Intra-party institution
#Research and policy initiatives"
ARM,32,Are there provisions for free or subsidized access to media for political parties?,Yes
ARM,33,What criteria determine allocation for free or subsidized access to media for political parties?,Equal
ARM,34,Are there provisions for free or subsidized access to media for candidates?,No
ARM,35,Are there provisions for any other form of indirect public funding?,Yes
ARM,36,Is the provision of direct public funding to political parties tied to gender equality among candidates?,Yes
ARM,37,Are there provisions for other financial advantages to encourage gender equality in political parties?,"#Yes, funds earmarked for gender activities
#Other"
ARM,39,Are there limits on the amount a political party can spend?,Yes
ARM,40,"If there are limits on the amount a political party can spend, what is the limit?","National Assembly election: 500,000,000 AMD National Assembly election (second round): 200,000,000 AMD Yerevan municipal election: 300,000,000 AMD Other municipal elections with over 25,000 electors: 60,000,000 AMD Municipal elections with between 4,000-25,000 electors: 40,000,000 AMD"
ARM,41,Are there limits on the amount a candidate can spend?,Not applicable
ARM,42,"If there are limits on the amount a candidate can spend, what is the limit?",Not applicable
ATG,28,Are there provisions for direct public funding to political parties?,No public funding available
ATG,29,What are the eligibility criteria for political parties to receive public funding?,Not applicable
ATG,30,What is the allocation calculation for political parties to receive public funding?,Not applicable
ATG,31,What are the provisions on 'ear marking' direct public funding to political parties (how it should be used)?,Not applicable
ATG,32,Are there provisions for free or subsidized access to media for political parties?,Yes
ATG,33,What criteria determine allocation for free or subsidized access to media for political parties?,Equal
ATG,34,Are there provisions for free or subsidized access to media for candidates?,Yes
ATG,35,Are there provisions for any other form of indirect public funding?,Yes
ATG,36,Is the provision of direct public funding to political parties tied to gender equality among candidates?,Not applicable
ATG,37,Are there provisions for other financial advantages to encourage gender equality in political parties?,No
ATG,39,Are there limits on the amount a political party can spend?,No
ATG,40,"If there are limits on the amount a political party can spend, what is the limit?",Not applicable
ATG,41,Are there limits on the amount a candidate can spend?,No
ATG,42,"If there are limits on the amount a candidate can spend, what is the limit?",Not applicable
AUS,28,Are there provisions for direct public funding to political parties?,"Yes, in relation to campaigns"
AUS,29,What are the eligibility criteria for political parties to receive public funding?,Share of votes in previous election
AUS,30,What is the allocation calculation for political parties to receive public funding?,Flat rate by votes received
AUS,31,What are the provisions on 'ear marking' direct public funding to political parties (how it should be used)?,Campaign spending
AUS,32,Are there provisions for free or subsidized access to media for political parties?,No
AUS,33,What criteria determine allocation for free or subsidized access to media for political parties?,Not applicable
AUS,34,Are there provisions for free or subsidized access to media for candidates?,No
AUS,35,Are there provisions for any other form of indirect public funding?,Yes
AUS,36,Is the provision of direct public funding to political parties tied to gender equality among candidates?,No
AUS,37,Are there provisions for other financial advantages to encourage gender equality in political parties?,No
AUS,39,Are there limits on the amount a political party can spend?,Yes
AUS,40,"If there are limits on the amount a political party can spend, what is the limit?","For the purposes of the expenditure caps (which apply from 1 July 2026), expenditure is aggregated across members of an expenditure group. The cap applies to the group’s total expenditure. An expenditure group is made up of the following:
Core members including the political party (group owner), state branches, endorsed candidates, endorsed parliamentarians, nominated entities
Other related branches, candidates, parliamentarians and nominated entities that are part of the group owner.
Expenditure group expenditure caps:
The totals below apply to a registered political party and members of its expenditure group
Federal cap is set at a total of $90 million
Divisional cap is set at $800,000
Senate cap is a formula, multiplying the Senate base amount of $200,000 by the number of divisions in that state or territory."
AUS,41,Are there limits on the amount a candidate can spend?,Yes
AUS,42,"If there are limits on the amount a candidate can spend, what is the limit?","Independent House of Representative candidates and members expenditure caps (which apply from 1 July 2026): Divisional cap is set at $800,000. Independent Senate candidate or senator expenditure caps: Independent Senate cap is a formula: multiplying the Senate base amount of $200,000 by the number of divisions in that state or territory and dividing the result by 6 for a state or by 2 for a territory. There are also caps that apply in by-elections and Senate-only elections and for Senate groups."
AUT,28,Are there provisions for direct public funding to political parties?,"Yes, both regularly and in relation to campaigns"
AUT,29,What are the eligibility criteria for political parties to receive public funding?,"#Other
#Representation in elected body
#Share of votes in previous election"
AUT,30,What is the allocation calculation for political parties to receive public funding?,"Equal
Proportional to votes received
Share of expenses reimbursed
Other"
AUT,31,What are the provisions on 'ear marking' direct public funding to political parties (how it should be used)?,No
AUT,32,Are there provisions for free or subsidized access to media for political parties?,No
AUT,33,What criteria determine allocation for free or subsidized access to media for political parties?,Not applicable
AUT,34,Are there provisions for free or subsidized access to media for candidates?,No
AUT,35,Are there provisions for any other form of indirect public funding?,Yes
AUT,36,Is the provision of direct public funding to political parties tied to gender equality among candidates?,No
AUT,37,Are there provisions for other financial advantages to encourage gender equality in political parties?,No
AUT,39,Are there limits on the amount a political party can spend?,Yes
AUT,40,"If there are limits on the amount a political party can spend, what is the limit?",7 million euros
AUT,41,Are there limits on the amount a candidate can spend?,Yes
AUT,42,"If there are limits on the amount a candidate can spend, what is the limit?","The maximum campaign expenditure of €7 million is calculated at the level of the party and also includes all expenditure of candidates, except for candidate expenditure of less than €15,000."
AZE,28,Are there provisions for direct public funding to political parties?,"Yes, regularly"
AZE,29,What are the eligibility criteria for political parties to receive public funding?,"#Representation in elected body
#Share of votes in previous election"
AZE,30,What is the allocation calculation for political parties to receive public funding?,"Equal
Proportional to votes received
Proportional to seats received"
AZE,31,What are the provisions on 'ear marking' direct public funding to political parties (how it should be used)?,Ongoing party activities
AZE,32,Are there provisions for free or subsidized access to media for political parties?,Yes
AZE,33,What criteria determine allocation for free or subsidized access to media for political parties?,"#Equal
#Number of members
#Number of candidates"
AZE,34,Are there provisions for free or subsidized access to media for candidates?,Yes
AZE,35,Are there provisions for any other form of indirect public funding?,Yes
AZE,36,Is the provision of direct public funding to political parties tied to gender equality among candidates?,No
AZE,37,Are there provisions for other financial advantages to encourage gender equality in political parties?,No
AZE,39,Are there limits on the amount a political party can spend?,No
AZE,40,"If there are limits on the amount a political party can spend, what is the limit?",Not applicable
AZE,41,Are there limits on the amount a candidate can spend?,No
AZE,42,"If there are limits on the amount a candidate can spend, what is the limit?",Not applicable
BDI,28,Are there provisions for direct public funding to political parties?,"Yes, regularly"
BDI,29,What are the eligibility criteria for political parties to receive public funding?,Share of seats in previous election
BDI,30,What is the allocation calculation for political parties to receive public funding?,Proportional to seats received
BDI,31,What are the provisions on 'ear marking' direct public funding to political parties (how it should be used)?,No
BDI,32,Are there provisions for free or subsidized access to media for political parties?,Yes
BDI,33,What criteria determine allocation for free or subsidized access to media for political parties?,Equal
BDI,34,Are there provisions for free or subsidized access to media for candidates?,Yes
BDI,35,Are there provisions for any other form of indirect public funding?,Yes
BDI,36,Is the provision of direct public funding to political parties tied to gender equality among candidates?,No
BDI,37,Are there provisions for other financial advantages to encourage gender equality in political parties?,No
BDI,39,Are there limits on the amount a political party can spend?,No
BDI,40,"If there are limits on the amount a political party can spend, what is the limit?",Not applicable
BDI,41,Are there limits on the amount a candidate can spend?,No
BDI,42,"If there are limits on the amount a candidate can spend, what is the limit?",Not applicable
BEL,28,Are there provisions for direct public funding to political parties?,"Yes, regularly"
BEL,29,What are the eligibility criteria for political parties to receive public funding?,Representation in elected body
BEL,30,What is the allocation calculation for political parties to receive public funding?,"Equal
Proportional to votes received"
BEL,31,What are the provisions on 'ear marking' direct public funding to political parties (how it should be used)?,No
BEL,32,Are there provisions for free or subsidized access to media for political parties?,Yes
BEL,33,What criteria determine allocation for free or subsidized access to media for political parties?,"#Equal
#Number of candidates"
BEL,34,Are there provisions for free or subsidized access to media for candidates?,No
BEL,35,Are there provisions for any other form of indirect public funding?,Yes
BEL,36,Is the provision of direct public funding to political parties tied to gender equality among candidates?,No data
BEL,37,Are there provisions for other financial advantages to encourage gender equality in political parties?,No data
BEL,39,Are there limits on the amount a political party can spend?,Yes
BEL,40,"If there are limits on the amount a political party can spend, what is the limit?","EUR 1,000,000"
BEL,41,Are there limits on the amount a candidate can spend?,Yes
BEL,42,"If there are limits on the amount a candidate can spend, what is the limit?",Depends on candidate's position on the nomination list; limit includes fixed amount and amount for registered voter in previous election
BEN,28,Are there provisions for direct public funding to political parties?,"Yes, both regularly and in relation to campaigns"
BEN,29,What are the eligibility criteria for political parties to receive public funding?,"#Representation in elected body
#Share of votes in previous election"
BEN,30,What is the allocation calculation for political parties to receive public funding?,Flat rate by votes received
BEN,31,What are the provisions on 'ear marking' direct public funding to political parties (how it should be used)?,Campaign spending No
BEN,32,Are there provisions for free or subsidized access to media for political parties?,Yes
BEN,33,What criteria determine allocation for free or subsidized access to media for political parties?,Equal
BEN,34,Are there provisions for free or subsidized access to media for candidates?,Yes
BEN,35,Are there provisions for any other form of indirect public funding?,Yes
BEN,36,Is the provision of direct public funding to political parties tied to gender equality among candidates?,No
BEN,37,Are there provisions for other financial advantages to encourage gender equality in political parties?,No
BEN,39,Are there limits on the amount a political party can spend?,Yes
BEN,40,"If there are limits on the amount a political party can spend, what is the limit?","500,000 francs for the election of members of village or neighborhood, city Councils; 1,500,000 francs for municipal and communal elections; 15,000,000 francs for legislative elections;2,500,000,000 francs for the presidential elections"
BEN,41,Are there limits on the amount a candidate can spend?,Yes
BEN,42,"If there are limits on the amount a candidate can spend, what is the limit?","500,000 francs for the election of members of village or neighborhood, city Councils; 1,500,000 francs for municipal and communal elections; 15,000,000 francs for legislative elections;2,500,000,000 francs for the presidential elections"
BFA,28,Are there provisions for direct public funding to political parties?,"Yes, both regularly and in relation to campaigns"
BFA,29,What are the eligibility criteria for political parties to receive public funding?,"#Share of votes in previous election
#Number of candidates nominated"
BFA,30,What is the allocation calculation for political parties to receive public funding?,"Equal
Proportional to votes received"
BFA,31,What are the provisions on 'ear marking' direct public funding to political parties (how it should be used)?,"#Campaign spending
#Ongoing party activities"
BFA,32,Are there provisions for free or subsidized access to media for political parties?,Yes
BFA,33,What criteria determine allocation for free or subsidized access to media for political parties?,"#Equal
#Number of candidates"
BFA,34,Are there provisions for free or subsidized access to media for candidates?,No
BFA,35,Are there provisions for any other form of indirect public funding?,No data
BFA,36,Is the provision of direct public funding to political parties tied to gender equality among candidates?,Yes
BFA,37,Are there provisions for other financial advantages to encourage gender equality in political parties?,Other
BFA,39,Are there limits on the amount a political party can spend?,No
BFA,40,"If there are limits on the amount a political party can spend, what is the limit?",Not applicable
BFA,41,Are there limits on the amount a candidate can spend?,No
BFA,42,"If there are limits on the amount a candidate can spend, what is the limit?",Not applicable
BGD,28,Are there provisions for direct public funding to political parties?,No public funding available
BGD,29,What are the eligibility criteria for political parties to receive public funding?,Not applicable
BGD,30,What is the allocation calculation for political parties to receive public funding?,Not applicable
BGD,31,What are the provisions on 'ear marking' direct public funding to political parties (how it should be used)?,Not applicable
BGD,32,Are there provisions for free or subsidized access to media for political parties?,Yes
BGD,33,What criteria determine allocation for free or subsidized access to media for political parties?,Not applicable
BGD,34,Are there provisions for free or subsidized access to media for candidates?,No
BGD,35,Are there provisions for any other form of indirect public funding?,No
BGD,36,Is the provision of direct public funding to political parties tied to gender equality among candidates?,Not applicable
BGD,37,Are there provisions for other financial advantages to encourage gender equality in political parties?,No
BGD,39,Are there limits on the amount a political party can spend?,Yes
BGD,40,"If there are limits on the amount a political party can spend, what is the limit?",Yes
BGD,41,Are there limits on the amount a candidate can spend?,Yes
BGD,42,"If there are limits on the amount a candidate can spend, what is the limit?",Twenty five lakh
BGR,28,Are there provisions for direct public funding to political parties?,"Yes, regularly"
BGR,29,What are the eligibility criteria for political parties to receive public funding?,Share of votes in previous election
BGR,30,What is the allocation calculation for political parties to receive public funding?,Proportional to votes received
BGR,31,What are the provisions on 'ear marking' direct public funding to political parties (how it should be used)?,"#Campaign spending
#Ongoing party activities"
BGR,32,Are there provisions for free or subsidized access to media for political parties?,Yes
BGR,33,What criteria determine allocation for free or subsidized access to media for political parties?,Equal
BGR,34,Are there provisions for free or subsidized access to media for candidates?,Yes
BGR,35,Are there provisions for any other form of indirect public funding?,No
BGR,36,Is the provision of direct public funding to political parties tied to gender equality among candidates?,No
BGR,37,Are there provisions for other financial advantages to encourage gender equality in political parties?,No
BGR,39,Are there limits on the amount a political party can spend?,Yes
BGR,40,"If there are limits on the amount a political party can spend, what is the limit?","The amounts of spending depend on the type of elections and the actors involved in the respective campaigns (parties, coalitions or nomination committees)."
BGR,41,Are there limits on the amount a candidate can spend?,Yes
BGR,42,"If there are limits on the amount a candidate can spend, what is the limit?","The amounts of spending depend on the type of elections and the actors involved in the respective campaigns (parties, coalitions or nomination committees)."
BHR,28,Are there provisions for direct public funding to political parties?,"Yes, regularly"
BHR,29,What are the eligibility criteria for political parties to receive public funding?,No data
BHR,30,What is the allocation calculation for political parties to receive public funding?,No data
BHR,31,What are the provisions on 'ear marking' direct public funding to political parties (how it should be used)?,No data
BHR,32,Are there provisions for free or subsidized access to media for political parties?,No data
BHR,33,What criteria determine allocation for free or subsidized access to media for political parties?,No data
BHR,34,Are there provisions for free or subsidized access to media for candidates?,Yes
BHR,35,Are there provisions for any other form of indirect public funding?,No data
BHR,36,Is the provision of direct public funding to political parties tied to gender equality among candidates?,No
BHR,37,Are there provisions for other financial advantages to encourage gender equality in political parties?,No data
BHR,39,Are there limits on the amount a political party can spend?,No data
BHR,40,"If there are limits on the amount a political party can spend, what is the limit?",Not applicable
BHR,41,Are there limits on the amount a candidate can spend?,No data
BHR,42,"If there are limits on the amount a candidate can spend, what is the limit?",No data
BHS,28,Are there provisions for direct public funding to political parties?,No public funding available
BHS,29,What are the eligibility criteria for political parties to receive public funding?,Not applicable
BHS,30,What is the allocation calculation for political parties to receive public funding?,Not applicable
BHS,31,What are the provisions on 'ear marking' direct public funding to political parties (how it should be used)?,Not applicable
BHS,32,Are there provisions for free or subsidized access to media for political parties?,No
BHS,33,What criteria determine allocation for free or subsidized access to media for political parties?,Not applicable
BHS,34,Are there provisions for free or subsidized access to media for candidates?,No
BHS,35,Are there provisions for any other form of indirect public funding?,No
BHS,36,Is the provision of direct public funding to political parties tied to gender equality among candidates?,No
BHS,37,Are there provisions for other financial advantages to encourage gender equality in political parties?,No
BHS,39,Are there limits on the amount a political party can spend?,No
BHS,40,"If there are limits on the amount a political party can spend, what is the limit?",Not applicable
BHS,41,Are there limits on the amount a candidate can spend?,No
BHS,42,"If there are limits on the amount a candidate can spend, what is the limit?",Not applicable
BIH,28,Are there provisions for direct public funding to political parties?,"Yes, regularly"
BIH,29,What are the eligibility criteria for political parties to receive public funding?,"#Representation in elected body
#Share of seats in previous election"
BIH,30,What is the allocation calculation for political parties to receive public funding?,"Equal
Proportional to seats received"
BIH,31,What are the provisions on 'ear marking' direct public funding to political parties (how it should be used)?,No
BIH,32,Are there provisions for free or subsidized access to media for political parties?,Yes
BIH,33,What criteria determine allocation for free or subsidized access to media for political parties?,Equal
BIH,34,Are there provisions for free or subsidized access to media for candidates?,Yes
BIH,35,Are there provisions for any other form of indirect public funding?,Yes
BIH,36,Is the provision of direct public funding to political parties tied to gender equality among candidates?,Yes
BIH,37,Are there provisions for other financial advantages to encourage gender equality in political parties?,No
BIH,39,Are there limits on the amount a political party can spend?,Yes
BIH,40,"If there are limits on the amount a political party can spend, what is the limit?",other
BIH,41,Are there limits on the amount a candidate can spend?,Yes
BIH,42,"If there are limits on the amount a candidate can spend, what is the limit?",other
BLR,28,Are there provisions for direct public funding to political parties?,No public funding available
BLR,29,What are the eligibility criteria for political parties to receive public funding?,Not applicable
BLR,30,What is the allocation calculation for political parties to receive public funding?,Not applicable
BLR,31,What are the provisions on 'ear marking' direct public funding to political parties (how it should be used)?,Not applicable
BLR,32,Are there provisions for free or subsidized access to media for political parties?,Yes
BLR,33,What criteria determine allocation for free or subsidized access to media for political parties?,Equal
BLR,34,Are there provisions for free or subsidized access to media for candidates?,Yes
BLR,35,Are there provisions for any other form of indirect public funding?,Yes
BLR,36,Is the provision of direct public funding to political parties tied to gender equality among candidates?,Not applicable
BLR,37,Are there provisions for other financial advantages to encourage gender equality in political parties?,No
BLR,39,Are there limits on the amount a political party can spend?,No
BLR,40,"If there are limits on the amount a political party can spend, what is the limit?",Not applicable
BLR,41,Are there limits on the amount a candidate can spend?,Yes
BLR,42,"If there are limits on the amount a candidate can spend, what is the limit?","In 2018 the value of 1 basic unit = 24,5 BYN (Belarusian Ruble). Thus, in 2018 the maximum sum of all the expenditures from the electoral fund of a candidate for the President of the Republic of Belarus may not exceed 91500 Euro (9,000 basic units); a candidate for deputy of the House of Representatives – 10167 Euro (1000 basic units); a candidate for deputy of regional, Minsk city Council of Deputies – 305 Euro (30 basic units); while holding elections of deputies of regional, Minsk city Council of deputies, a candidate for deputy of deputies of district, city (cities of regional and district subordination), settlement and rural Councils of Deputies – 102 Euro (10 basic units)."
BLZ,28,Are there provisions for direct public funding to political parties?,No public funding available
BLZ,29,What are the eligibility criteria for political parties to receive public funding?,Not applicable
BLZ,30,What is the allocation calculation for political parties to receive public funding?,Not applicable
BLZ,31,What are the provisions on 'ear marking' direct public funding to political parties (how it should be used)?,Not applicable
BLZ,32,Are there provisions for free or subsidized access to media for political parties?,No
BLZ,33,What criteria determine allocation for free or subsidized access to media for political parties?,Not applicable
BLZ,34,Are there provisions for free or subsidized access to media for candidates?,No
BLZ,35,Are there provisions for any other form of indirect public funding?,No
BLZ,36,Is the provision of direct public funding to political parties tied to gender equality among candidates?,Not applicable
BLZ,37,Are there provisions for other financial advantages to encourage gender equality in political parties?,No
BLZ,39,Are there limits on the amount a political party can spend?,No
BLZ,40,"If there are limits on the amount a political party can spend, what is the limit?",Not applicable
BLZ,41,Are there limits on the amount a candidate can spend?,No
BLZ,42,"If there are limits on the amount a candidate can spend, what is the limit?",Not applicable
BOL,28,Are there provisions for direct public funding to political parties?,"Yes, both regularly and in relation to campaigns"
BOL,29,What are the eligibility criteria for political parties to receive public funding?,"#Participation in election
#Registration as a political party"
BOL,30,What is the allocation calculation for political parties to receive public funding?,"Equal
Proportional to votes received"
BOL,31,What are the provisions on 'ear marking' direct public funding to political parties (how it should be used)?,No
BOL,32,Are there provisions for free or subsidized access to media for political parties?,Yes
BOL,33,What criteria determine allocation for free or subsidized access to media for political parties?,"#Equal
#Votes Received"
BOL,34,Are there provisions for free or subsidized access to media for candidates?,Yes
BOL,35,Are there provisions for any other form of indirect public funding?,Yes
BOL,36,Is the provision of direct public funding to political parties tied to gender equality among candidates?,No
BOL,37,Are there provisions for other financial advantages to encourage gender equality in political parties?,No data
BOL,39,Are there limits on the amount a political party can spend?,No
BOL,40,"If there are limits on the amount a political party can spend, what is the limit?",Not applicable
BOL,41,Are there limits on the amount a candidate can spend?,No
BOL,42,"If there are limits on the amount a candidate can spend, what is the limit?",Not applicable
BRA,28,Are there provisions for direct public funding to political parties?,"Yes, both regularly and in relation to campaigns"
BRA,29,What are the eligibility criteria for political parties to receive public funding?,"#Representation in elected body
#Share of seats in previous election
#Other"
BRA,30,What is the allocation calculation for political parties to receive public funding?,"Equal
Proportional to votes received
Proportional to seats received"
BRA,31,What are the provisions on 'ear marking' direct public funding to political parties (how it should be used)?,"#Campaign spending
#Ongoing party activities
#Intra-party institution"
BRA,32,Are there provisions for free or subsidized access to media for political parties?,Yes
BRA,33,What criteria determine allocation for free or subsidized access to media for political parties?,"#Share of seats
#Other"
BRA,34,Are there provisions for free or subsidized access to media for candidates?,Yes
BRA,35,Are there provisions for any other form of indirect public funding?,Yes
BRA,36,Is the provision of direct public funding to political parties tied to gender equality among candidates?,Yes
BRA,37,Are there provisions for other financial advantages to encourage gender equality in political parties?,"Yes, funds earmarked for gender activities"
BRA,39,Are there limits on the amount a political party can spend?,Yes
BRA,40,"If there are limits on the amount a political party can spend, what is the limit?",Minimum 5% and maximum 15% of the value destined to finance campaigns reserved in bank accounts for this purpose
BRA,41,Are there limits on the amount a candidate can spend?,Yes
BRA,42,"If there are limits on the amount a candidate can spend, what is the limit?",Varies according to office contested
BRB,28,Are there provisions for direct public funding to political parties?,No public funding available
BRB,29,What are the eligibility criteria for political parties to receive public funding?,Not applicable
BRB,30,What is the allocation calculation for political parties to receive public funding?,Not applicable
BRB,31,What are the provisions on 'ear marking' direct public funding to political parties (how it should be used)?,Not applicable
BRB,32,Are there provisions for free or subsidized access to media for political parties?,Yes
BRB,33,What criteria determine allocation for free or subsidized access to media for political parties?,"#Number of candidates
#Other"
BRB,34,Are there provisions for free or subsidized access to media for candidates?,No
BRB,35,Are there provisions for any other form of indirect public funding?,Yes
BRB,36,Is the provision of direct public funding to political parties tied to gender equality among candidates?,No
BRB,37,Are there provisions for other financial advantages to encourage gender equality in political parties?,No
BRB,39,Are there limits on the amount a political party can spend?,No
BRB,40,"If there are limits on the amount a political party can spend, what is the limit?",Not applicable
BRB,41,Are there limits on the amount a candidate can spend?,Yes
BRB,42,"If there are limits on the amount a candidate can spend, what is the limit?","The spending limit for the candidate depends on the constituency. The limit is calculated at the rate of10 BBD in respect of each registered elector in the constituency. For example, in the City of Bridgetown constituency the limit is 69,150 BBD (6,915 electors * 10 BBD). Additionally, a candidate has a right to cover own personal expenses related to the elections up to 50 BBD. This amount is not included in the candidate's overall spending limit."
BTN,28,Are there provisions for direct public funding to political parties?,130000.0
BTN,29,What are the eligibility criteria for political parties to receive public funding?,"#Share of votes in previous election
#Registration as a political party"
BTN,30,What is the allocation calculation for political parties to receive public funding?,Equal
BTN,31,What are the provisions on 'ear marking' direct public funding to political parties (how it should be used)?,Campaign spending
BTN,32,Are there provisions for free or subsidized access to media for political parties?,Yes
BTN,33,What criteria determine allocation for free or subsidized access to media for political parties?,Equal
BTN,34,Are there provisions for free or subsidized access to media for candidates?,Yes
BTN,35,Are there provisions for any other form of indirect public funding?,Yes
BTN,36,Is the provision of direct public funding to political parties tied to gender equality among candidates?,No
BTN,37,Are there provisions for other financial advantages to encourage gender equality in political parties?,No
BTN,39,Are there limits on the amount a political party can spend?,Yes
BTN,40,"If there are limits on the amount a political party can spend, what is the limit?","Nu.130,000 from the Election Commission of Bhutan plus funds from party (which should not exceed the fund provided by the Election Commission of Bhutan)"
BTN,41,Are there limits on the amount a candidate can spend?,Yes
BTN,42,"If there are limits on the amount a candidate can spend, what is the limit?","Nu.130,000 from the Election Commission of Bhutan plus funds from party (which should not exceed the fund provided by the Election Commission of Bhutan)"
BWA,28,Are there provisions for direct public funding to political parties?,No public funding available
BWA,29,What are the eligibility criteria for political parties to receive public funding?,Not applicable
BWA,30,What is the allocation calculation for political parties to receive public funding?,Not applicable
BWA,31,What are the provisions on 'ear marking' direct public funding to political parties (how it should be used)?,Not applicable
BWA,32,Are there provisions for free or subsidized access to media for political parties?,No
BWA,33,What criteria determine allocation for free or subsidized access to media for political parties?,Not applicable
BWA,34,Are there provisions for free or subsidized access to media for candidates?,No
BWA,35,Are there provisions for any other form of indirect public funding?,Yes
BWA,36,Is the provision of direct public funding to political parties tied to gender equality among candidates?,Not applicable
BWA,37,Are there provisions for other financial advantages to encourage gender equality in political parties?,No
BWA,39,Are there limits on the amount a political party can spend?,No
BWA,40,"If there are limits on the amount a political party can spend, what is the limit?",Not applicable
BWA,41,Are there limits on the amount a candidate can spend?,Yes
BWA,42,"If there are limits on the amount a candidate can spend, what is the limit?","50,000 pulas"
CAF,28,Are there provisions for direct public funding to political parties?,"Yes, both regularly and in relation to campaigns"
CAF,29,What are the eligibility criteria for political parties to receive public funding?,Share of votes in previous election
CAF,30,What is the allocation calculation for political parties to receive public funding?,"Determined by the Government in the finance act (""loi de finances"")."
CAF,31,What are the provisions on 'ear marking' direct public funding to political parties (how it should be used)?,No
CAF,32,Are there provisions for free or subsidized access to media for political parties?,Yes
CAF,33,What criteria determine allocation for free or subsidized access to media for political parties?,Equal
CAF,34,Are there provisions for free or subsidized access to media for candidates?,Yes
CAF,35,Are there provisions for any other form of indirect public funding?,No
CAF,36,Is the provision of direct public funding to political parties tied to gender equality among candidates?,No
CAF,37,Are there provisions for other financial advantages to encourage gender equality in political parties?,No
CAF,39,Are there limits on the amount a political party can spend?,Yes
CAF,40,"If there are limits on the amount a political party can spend, what is the limit?",No data
CAF,41,Are there limits on the amount a candidate can spend?,Yes
CAF,42,"If there are limits on the amount a candidate can spend, what is the limit?",No data
CAN,28,Are there provisions for direct public funding to political parties?,"Yes, in relation to campaigns"
CAN,29,What are the eligibility criteria for political parties to receive public funding?,Share of votes in previous election
CAN,30,What is the allocation calculation for political parties to receive public funding?,Share of expenses reimbursed
CAN,31,What are the provisions on 'ear marking' direct public funding to political parties (how it should be used)?,No
CAN,32,Are there provisions for free or subsidized access to media for political parties?,Yes
CAN,33,What criteria determine allocation for free or subsidized access to media for political parties?,"#Number of candidates
#Share of seats
#Other"
CAN,34,Are there provisions for free or subsidized access to media for candidates?,No
CAN,35,Are there provisions for any other form of indirect public funding?,Yes
CAN,36,Is the provision of direct public funding to political parties tied to gender equality among candidates?,No
CAN,37,Are there provisions for other financial advantages to encourage gender equality in political parties?,No
CAN,39,Are there limits on the amount a political party can spend?,Yes
CAN,40,"If there are limits on the amount a political party can spend, what is the limit?",CAD 0.735 multiplied by the number of names appearing on the preliminary or revised electoral lists for each electoral district.
CAN,41,Are there limits on the amount a candidate can spend?,Yes
CAN,42,"If there are limits on the amount a candidate can spend, what is the limit?",A spending limit is set for each electoral district. These limits are calculated according to a formula based on the number of names on the preliminary or revised lists of electors for each electoral district.
CHE,28,Are there provisions for direct public funding to political parties?,No public funding available
CHE,29,What are the eligibility criteria for political parties to receive public funding?,Not applicable
CHE,30,What is the allocation calculation for political parties to receive public funding?,Not applicable
CHE,31,What are the provisions on 'ear marking' direct public funding to political parties (how it should be used)?,Not applicable
CHE,32,Are there provisions for free or subsidized access to media for political parties?,No
CHE,33,What criteria determine allocation for free or subsidized access to media for political parties?,Not applicable
CHE,34,Are there provisions for free or subsidized access to media for candidates?,No
CHE,35,Are there provisions for any other form of indirect public funding?,Yes
CHE,36,Is the provision of direct public funding to political parties tied to gender equality among candidates?,No
CHE,37,Are there provisions for other financial advantages to encourage gender equality in political parties?,No
CHE,39,Are there limits on the amount a political party can spend?,No
CHE,40,"If there are limits on the amount a political party can spend, what is the limit?",Not applicable
CHE,41,Are there limits on the amount a candidate can spend?,No
CHE,42,"If there are limits on the amount a candidate can spend, what is the limit?",Not applicable
CHL,28,Are there provisions for direct public funding to political parties?,"Yes, both regularly and in relation to campaigns"
CHL,29,What are the eligibility criteria for political parties to receive public funding?,"#Representation in elected body
#Share of votes in previous election
#Participation in election
#Registration as a political party"
CHL,30,What is the allocation calculation for political parties to receive public funding?,Flat rate by votes received
CHL,31,What are the provisions on 'ear marking' direct public funding to political parties (how it should be used)?,"#Ongoing party activities
#Intra-party institution"
CHL,32,Are there provisions for free or subsidized access to media for political parties?,Yes
CHL,33,What criteria determine allocation for free or subsidized access to media for political parties?,"#Equal
#Votes Received"
CHL,34,Are there provisions for free or subsidized access to media for candidates?,Yes
CHL,35,Are there provisions for any other form of indirect public funding?,Yes
CHL,36,Is the provision of direct public funding to political parties tied to gender equality among candidates?,Yes
CHL,37,Are there provisions for other financial advantages to encourage gender equality in political parties?,"#Yes, funds earmarked for gender activities
#Other"
CHL,39,Are there limits on the amount a political party can spend?,Yes
CHL,40,"If there are limits on the amount a political party can spend, what is the limit?",Varía según la elección
CHL,41,Are there limits on the amount a candidate can spend?,Yes
CHL,42,"If there are limits on the amount a candidate can spend, what is the limit?","Varies from office to office, but in every case is set according to a formula"
CIV,28,Are there provisions for direct public funding to political parties?,"Yes, regularly"
CIV,29,What are the eligibility criteria for political parties to receive public funding?,"#Share of votes in previous election
#Share of seats in previous election
#Number of members"
CIV,30,What is the allocation calculation for political parties to receive public funding?,"Proportional to votes received
Proportional to seats received
Number of members"
CIV,31,What are the provisions on 'ear marking' direct public funding to political parties (how it should be used)?,No
CIV,32,Are there provisions for free or subsidized access to media for political parties?,Yes
CIV,33,What criteria determine allocation for free or subsidized access to media for political parties?,Equal
CIV,34,Are there provisions for free or subsidized access to media for candidates?,Yes
CIV,35,Are there provisions for any other form of indirect public funding?,Yes
CIV,36,Is the provision of direct public funding to political parties tied to gender equality among candidates?,No
CIV,37,Are there provisions for other financial advantages to encourage gender equality in political parties?,No
CIV,39,Are there limits on the amount a political party can spend?,No
CIV,40,"If there are limits on the amount a political party can spend, what is the limit?",Not applicable
CIV,41,Are there limits on the amount a candidate can spend?,No
CIV,42,"If there are limits on the amount a candidate can spend, what is the limit?",Not applicable
CMR,28,Are there provisions for direct public funding to political parties?,"Yes, both regularly and in relation to campaigns"
CMR,29,What are the eligibility criteria for political parties to receive public funding?,Share of votes in previous election
CMR,30,What is the allocation calculation for political parties to receive public funding?,"Proportional to votes received
Proportional to seats received"
CMR,31,What are the provisions on 'ear marking' direct public funding to political parties (how it should be used)?,"#Campaign spending
#Ongoing party activities
#Intra-party institution"
CMR,32,Are there provisions for free or subsidized access to media for political parties?,Yes
CMR,33,What criteria determine allocation for free or subsidized access to media for political parties?,No data
CMR,34,Are there provisions for free or subsidized access to media for candidates?,No
CMR,35,Are there provisions for any other form of indirect public funding?,No
CMR,36,Is the provision of direct public funding to political parties tied to gender equality among candidates?,No
CMR,37,Are there provisions for other financial advantages to encourage gender equality in political parties?,No
CMR,39,Are there limits on the amount a political party can spend?,No
CMR,40,"If there are limits on the amount a political party can spend, what is the limit?",Not applicable
CMR,41,Are there limits on the amount a candidate can spend?,No
CMR,42,"If there are limits on the amount a candidate can spend, what is the limit?",Not applicable
COD,28,Are there provisions for direct public funding to political parties?,"Yes, regularly"
COD,29,What are the eligibility criteria for political parties to receive public funding?,Share of seats in previous election
COD,30,What is the allocation calculation for political parties to receive public funding?,Proportional to votes received
COD,31,What are the provisions on 'ear marking' direct public funding to political parties (how it should be used)?,No
COD,32,Are there provisions for free or subsidized access to media for political parties?,Yes
COD,33,What criteria determine allocation for free or subsidized access to media for political parties?,Equal
COD,34,Are there provisions for free or subsidized access to media for candidates?,Yes
COD,35,Are there provisions for any other form of indirect public funding?,No
COD,36,Is the provision of direct public funding to political parties tied to gender equality among candidates?,No
COD,37,Are there provisions for other financial advantages to encourage gender equality in political parties?,No
COD,39,Are there limits on the amount a political party can spend?,No
COD,40,"If there are limits on the amount a political party can spend, what is the limit?",Not applicable
COD,41,Are there limits on the amount a candidate can spend?,No
COD,42,"If there are limits on the amount a candidate can spend, what is the limit?",Not applicable
COG,28,Are there provisions for direct public funding to political parties?,"Yes, regularly"
COG,29,What are the eligibility criteria for political parties to receive public funding?,"#Representation in elected body
#Share of votes in previous election
#Share of seats in previous election"
COG,30,What is the allocation calculation for political parties to receive public funding?,No data
COG,31,What are the provisions on 'ear marking' direct public funding to political parties (how it should be used)?,No
COG,32,Are there provisions for free or subsidized access to media for political parties?,Yes
COG,33,What criteria determine allocation for free or subsidized access to media for political parties?,"#Equal
#Other"
COG,34,Are there provisions for free or subsidized access to media for candidates?,Yes
COG,35,Are there provisions for any other form of indirect public funding?,No data
COG,36,Is the provision of direct public funding to political parties tied to gender equality among candidates?,No
COG,37,Are there provisions for other financial advantages to encourage gender equality in political parties?,No
COG,39,Are there limits on the amount a political party can spend?,No
COG,40,"If there are limits on the amount a political party can spend, what is the limit?",Not applicable
COG,41,Are there limits on the amount a candidate can spend?,No
COG,42,"If there are limits on the amount a candidate can spend, what is the limit?",Not applicable
COL,28,Are there provisions for direct public funding to political parties?,"Yes, both regularly and in relation to campaigns"
COL,29,What are the eligibility criteria for political parties to receive public funding?,"#Share of votes in previous election
#Share of seats in previous election
#Registration as a political party
#Other"
COL,30,What is the allocation calculation for political parties to receive public funding?,"Equal
Proportional to votes received
Number of members"
COL,31,What are the provisions on 'ear marking' direct public funding to political parties (how it should be used)?,"#Campaign spending
#Ongoing party activities
#Intra-party institution
#Research and policy initiatives"
COL,32,Are there provisions for free or subsidized access to media for political parties?,Yes
COL,33,What criteria determine allocation for free or subsidized access to media for political parties?,"#Equal
#Share of seats"
COL,34,Are there provisions for free or subsidized access to media for candidates?,Yes
COL,35,Are there provisions for any other form of indirect public funding?,Yes
COL,36,Is the provision of direct public funding to political parties tied to gender equality among candidates?,Yes
COL,37,Are there provisions for other financial advantages to encourage gender equality in political parties?,"#Yes, funds earmarked for gender activities
#Other"
COL,39,Are there limits on the amount a political party can spend?,Yes
COL,40,"If there are limits on the amount a political party can spend, what is the limit?","Limits on campaign spending change for each election, and are imposed to the campaign. For 2022, they are: $96.215.827.231 (for Senate – ordinary electoral district), $2.886.474.816 (for Senate – indigenous special electoral district), between $1.506.613.332 and $20.093.516.658 (for Representative Chambers, according to the number of voters) Source: Resolución No. 0227 de 2021 And for Presidential Candidates: $ 27.453.094.557 (first round), $ 12.840.703.931 (run-off) Resolución No. 1677 de 2021"
COL,41,Are there limits on the amount a candidate can spend?,Yes
COL,42,"If there are limits on the amount a candidate can spend, what is the limit?","Limits on campaign spending change for each election, and are imposed to the campaign. For 2022, they are: $96.215.827.231 (for Senate – ordinary electoral district), $2.886.474.816 (for Senate – indigenous special electoral district), between $1.506.613.332 and $20.093.516.658 (for Representative Chambers, according to the number of voters) Source: Resolución No. 0227 de 2021 And for Presidential Candidates: $ 27.453.094.557 (first round), $ 12.840.703.931 (run-off) Resolución No. 1677 de 2021"
COM,28,Are there provisions for direct public funding to political parties?,No public funding available
COM,29,What are the eligibility criteria for political parties to receive public funding?,Not applicable
COM,30,What is the allocation calculation for political parties to receive public funding?,Not applicable
COM,31,What are the provisions on 'ear marking' direct public funding to political parties (how it should be used)?,Not applicable
COM,32,Are there provisions for free or subsidized access to media for political parties?,No
COM,33,What criteria determine allocation for free or subsidized access to media for political parties?,Not applicable
COM,34,Are there provisions for free or subsidized access to media for candidates?,Yes
COM,35,Are there provisions for any other form of indirect public funding?,No
COM,36,Is the provision of direct public funding to political parties tied to gender equality among candidates?,No
COM,37,Are there provisions for other financial advantages to encourage gender equality in political parties?,No
COM,39,Are there limits on the amount a political party can spend?,No
COM,40,"If there are limits on the amount a political party can spend, what is the limit?",Not applicable
COM,41,Are there limits on the amount a candidate can spend?,No
COM,42,"If there are limits on the amount a candidate can spend, what is the limit?",Not applicable
CPV,28,Are there provisions for direct public funding to political parties?,"Yes, in relation to campaigns"
CPV,29,What are the eligibility criteria for political parties to receive public funding?,Participation in election
CPV,30,What is the allocation calculation for political parties to receive public funding?,Proportional to votes received
CPV,31,What are the provisions on 'ear marking' direct public funding to political parties (how it should be used)?,No
CPV,32,Are there provisions for free or subsidized access to media for political parties?,Yes
CPV,33,What criteria determine allocation for free or subsidized access to media for political parties?,"#Equal
#Number of candidates"
CPV,34,Are there provisions for free or subsidized access to media for candidates?,Yes
CPV,35,Are there provisions for any other form of indirect public funding?,Yes
CPV,36,Is the provision of direct public funding to political parties tied to gender equality among candidates?,Yes
CPV,37,Are there provisions for other financial advantages to encourage gender equality in political parties?,No
CPV,39,Are there limits on the amount a political party can spend?,Yes
CPV,40,"If there are limits on the amount a political party can spend, what is the limit?",Not more than 80% of the overall amount of the State subsidy for the elections in question.
CPV,41,Are there limits on the amount a candidate can spend?,Yes
CPV,42,"If there are limits on the amount a candidate can spend, what is the limit?",Not more than 80% of the overall amount of the State subsidy for the elections in question.
CRI,28,Are there provisions for direct public funding to political parties?,"Yes, both regularly and in relation to campaigns"
CRI,29,What are the eligibility criteria for political parties to receive public funding?,"#Representation in elected body
#Share of votes in previous election"
CRI,30,What is the allocation calculation for political parties to receive public funding?,"Proportional to votes received
Other"
CRI,31,What are the provisions on 'ear marking' direct public funding to political parties (how it should be used)?,"#Campaign spending
#Ongoing party activities
#Intra-party institution
#Research and policy initiatives"
CRI,32,Are there provisions for free or subsidized access to media for political parties?,No
CRI,33,What criteria determine allocation for free or subsidized access to media for political parties?,Votes Received
CRI,34,Are there provisions for free or subsidized access to media for candidates?,Not applicable
CRI,35,Are there provisions for any other form of indirect public funding?,No
CRI,36,Is the provision of direct public funding to political parties tied to gender equality among candidates?,Yes
CRI,37,Are there provisions for other financial advantages to encourage gender equality in political parties?,No
CRI,39,Are there limits on the amount a political party can spend?,No
CRI,40,"If there are limits on the amount a political party can spend, what is the limit?",Not applicable
CRI,41,Are there limits on the amount a candidate can spend?,Not applicable
CRI,42,"If there are limits on the amount a candidate can spend, what is the limit?",Not applicable
CYP,28,Are there provisions for direct public funding to political parties?,"Yes, regularly"
CYP,29,What are the eligibility criteria for political parties to receive public funding?,Share of seats in previous election
CYP,30,What is the allocation calculation for political parties to receive public funding?,Equal
CYP,31,What are the provisions on 'ear marking' direct public funding to political parties (how it should be used)?,No
CYP,32,Are there provisions for free or subsidized access to media for political parties?,Yes
CYP,33,What criteria determine allocation for free or subsidized access to media for political parties?,Equal
CYP,34,Are there provisions for free or subsidized access to media for candidates?,Yes
CYP,35,Are there provisions for any other form of indirect public funding?,Yes
CYP,36,Is the provision of direct public funding to political parties tied to gender equality among candidates?,No
CYP,37,Are there provisions for other financial advantages to encourage gender equality in political parties?,No
CYP,39,Are there limits on the amount a political party can spend?,No
CYP,40,"If there are limits on the amount a political party can spend, what is the limit?",Not applicable
CYP,41,Are there limits on the amount a candidate can spend?,Yes
CYP,42,"If there are limits on the amount a candidate can spend, what is the limit?",30.000€
CZE,28,Are there provisions for direct public funding to political parties?,"Yes, both regularly and in relation to campaigns"
CZE,29,What are the eligibility criteria for political parties to receive public funding?,"#Representation in elected body
#Share of votes in previous election"
CZE,30,What is the allocation calculation for political parties to receive public funding?,"Proportional to votes received
Proportional to seats received"
CZE,31,What are the provisions on 'ear marking' direct public funding to political parties (how it should be used)?,No
CZE,32,Are there provisions for free or subsidized access to media for political parties?,Yes
CZE,33,What criteria determine allocation for free or subsidized access to media for political parties?,Equal
CZE,34,Are there provisions for free or subsidized access to media for candidates?,Yes
CZE,35,Are there provisions for any other form of indirect public funding?,Yes
CZE,36,Is the provision of direct public funding to political parties tied to gender equality among candidates?,No
CZE,37,Are there provisions for other financial advantages to encourage gender equality in political parties?,No
CZE,39,Are there limits on the amount a political party can spend?,No
CZE,40,"If there are limits on the amount a political party can spend, what is the limit?",Not applicable
CZE,41,Are there limits on the amount a candidate can spend?,Yes
CZE,42,"If there are limits on the amount a candidate can spend, what is the limit?","Parliamentary elections - CZK 90,000,000 for the Chamber of Deputies elections and CZK 2,000,000 for Senate elections; Presidential elections - CZK 40,000,000."
DEU,28,Are there provisions for direct public funding to political parties?,"Yes, regularly"
DEU,29,What are the eligibility criteria for political parties to receive public funding?,"#Participation in election
#Representation in elected body
#Registration as a political party
#Share of votes in previous election"
DEU,30,What is the allocation calculation for political parties to receive public funding?,"Proportional to votes received
Flat rate by votes received
Other"
DEU,31,What are the provisions on 'ear marking' direct public funding to political parties (how it should be used)?,No
DEU,32,Are there provisions for free or subsidized access to media for political parties?,No
DEU,33,What criteria determine allocation for free or subsidized access to media for political parties?,Other
DEU,34,Are there provisions for free or subsidized access to media for candidates?,No
DEU,35,Are there provisions for any other form of indirect public funding?,Yes
DEU,36,Is the provision of direct public funding to political parties tied to gender equality among candidates?,No
DEU,37,Are there provisions for other financial advantages to encourage gender equality in political parties?,No
DEU,39,Are there limits on the amount a political party can spend?,No
DEU,40,"If there are limits on the amount a political party can spend, what is the limit?",Not applicable
DEU,41,Are there limits on the amount a candidate can spend?,No
DEU,42,"If there are limits on the amount a candidate can spend, what is the limit?",Not applicable
DJI,28,Are there provisions for direct public funding to political parties?,"Yes, regularly"
DJI,29,What are the eligibility criteria for political parties to receive public funding?,Share of seats in previous election
DJI,30,What is the allocation calculation for political parties to receive public funding?,No data
DJI,31,What are the provisions on 'ear marking' direct public funding to political parties (how it should be used)?,No
DJI,32,Are there provisions for free or subsidized access to media for political parties?,Yes
DJI,33,What criteria determine allocation for free or subsidized access to media for political parties?,No data
DJI,34,Are there provisions for free or subsidized access to media for candidates?,Yes
DJI,35,Are there provisions for any other form of indirect public funding?,Yes
DJI,36,Is the provision of direct public funding to political parties tied to gender equality among candidates?,No
DJI,37,Are there provisions for other financial advantages to encourage gender equality in political parties?,No
DJI,39,Are there limits on the amount a political party can spend?,No
DJI,40,"If there are limits on the amount a political party can spend, what is the limit?",Not applicable
DJI,41,Are there limits on the amount a candidate can spend?,No
DJI,42,"If there are limits on the amount a candidate can spend, what is the limit?",Not applicable
DMA,28,Are there provisions for direct public funding to political parties?,No public funding available
DMA,29,What are the eligibility criteria for political parties to receive public funding?,Not applicable
DMA,30,What is the allocation calculation for political parties to receive public funding?,Not applicable
DMA,31,What are the provisions on 'ear marking' direct public funding to political parties (how it should be used)?,Not applicable
DMA,32,Are there provisions for free or subsidized access to media for political parties?,No
DMA,33,What criteria determine allocation for free or subsidized access to media for political parties?,Not applicable
DMA,34,Are there provisions for free or subsidized access to media for candidates?,No
DMA,35,Are there provisions for any other form of indirect public funding?,No
DMA,36,Is the provision of direct public funding to political parties tied to gender equality among candidates?,No
DMA,37,Are there provisions for other financial advantages to encourage gender equality in political parties?,No
DMA,39,Are there limits on the amount a political party can spend?,No
DMA,40,"If there are limits on the amount a political party can spend, what is the limit?",Not applicable
DMA,41,Are there limits on the amount a candidate can spend?,No
DMA,42,"If there are limits on the amount a candidate can spend, what is the limit?",Not applicable
DNK,28,Are there provisions for direct public funding to political parties?,"Yes, regularly"
DNK,29,What are the eligibility criteria for political parties to receive public funding?,Share of votes in previous election
DNK,30,What is the allocation calculation for political parties to receive public funding?,Flat rate by votes received
DNK,31,What are the provisions on 'ear marking' direct public funding to political parties (how it should be used)?,No
DNK,32,Are there provisions for free or subsidized access to media for political parties?,Yes
DNK,33,What criteria determine allocation for free or subsidized access to media for political parties?,Equal
DNK,34,Are there provisions for free or subsidized access to media for candidates?,No
DNK,35,Are there provisions for any other form of indirect public funding?,Yes
DNK,36,Is the provision of direct public funding to political parties tied to gender equality among candidates?,No
DNK,37,Are there provisions for other financial advantages to encourage gender equality in political parties?,No
DNK,39,Are there limits on the amount a political party can spend?,No
DNK,40,"If there are limits on the amount a political party can spend, what is the limit?",Not applicable
DNK,41,Are there limits on the amount a candidate can spend?,No
DNK,42,"If there are limits on the amount a candidate can spend, what is the limit?",Not applicable
DOM,28,Are there provisions for direct public funding to political parties?,"Yes, both regularly and in relation to campaigns"
DOM,29,What are the eligibility criteria for political parties to receive public funding?,Share of votes in previous election
DOM,30,What is the allocation calculation for political parties to receive public funding?,"Equal
Proportional to votes received"
DOM,31,What are the provisions on 'ear marking' direct public funding to political parties (how it should be used)?,"#Campaign spending
#Ongoing party activities
#Intra-party institution"
DOM,32,Are there provisions for free or subsidized access to media for political parties?,Yes
DOM,33,What criteria determine allocation for free or subsidized access to media for political parties?,"#Equal
#Number of candidates"
DOM,34,Are there provisions for free or subsidized access to media for candidates?,Yes
DOM,35,Are there provisions for any other form of indirect public funding?,No
DOM,36,Is the provision of direct public funding to political parties tied to gender equality among candidates?,No
DOM,37,Are there provisions for other financial advantages to encourage gender equality in political parties?,No
DOM,39,Are there limits on the amount a political party can spend?,Yes
DOM,40,"If there are limits on the amount a political party can spend, what is the limit?",It depends on the office
DOM,41,Are there limits on the amount a candidate can spend?,Yes
DOM,42,"If there are limits on the amount a candidate can spend, what is the limit?",Depends on office contested.
DZA,28,Are there provisions for direct public funding to political parties?,"Yes, both regularly and in relation to campaigns"
DZA,29,What are the eligibility criteria for political parties to receive public funding?,"#Representation in elected body
#Share of seats in previous election"
DZA,30,What is the allocation calculation for political parties to receive public funding?,"Proportional to votes received
Proportional to seats received"
DZA,31,What are the provisions on 'ear marking' direct public funding to political parties (how it should be used)?,Campaign spending
DZA,32,Are there provisions for free or subsidized access to media for political parties?,Yes
DZA,33,What criteria determine allocation for free or subsidized access to media for political parties?,Equal
DZA,34,Are there provisions for free or subsidized access to media for candidates?,Yes
DZA,35,Are there provisions for any other form of indirect public funding?,No
DZA,36,Is the provision of direct public funding to political parties tied to gender equality among candidates?,No
DZA,37,Are there provisions for other financial advantages to encourage gender equality in political parties?,Other
DZA,39,Are there limits on the amount a political party can spend?,No
DZA,40,"If there are limits on the amount a political party can spend, what is the limit?",Not applicable
DZA,41,Are there limits on the amount a candidate can spend?,Yes
DZA,42,"If there are limits on the amount a candidate can spend, what is the limit?",Presidential elections=120.000.000 DA for the first round;140.000.000 DA for the second round. Electoral campaign expenses for each list of candidates for the legislative elections cannot exceed 2.500.000 DA per candidate.
ECU,28,Are there provisions for direct public funding to political parties?,"Yes, both regularly and in relation to campaigns"
ECU,29,What are the eligibility criteria for political parties to receive public funding?,"#Representation in elected body
#Share of votes in previous election
#Registration as a political party"
ECU,30,What is the allocation calculation for political parties to receive public funding?,"Equal
Proportional to votes received"
ECU,31,What are the provisions on 'ear marking' direct public funding to political parties (how it should be used)?,"#Ongoing party activities
#Intra-party institution
#Research and policy initiatives"
ECU,32,Are there provisions for free or subsidized access to media for political parties?,Yes
ECU,33,What criteria determine allocation for free or subsidized access to media for political parties?,Equal
ECU,34,Are there provisions for free or subsidized access to media for candidates?,Yes
ECU,35,Are there provisions for any other form of indirect public funding?,Yes
ECU,36,Is the provision of direct public funding to political parties tied to gender equality among candidates?,No
ECU,37,Are there provisions for other financial advantages to encourage gender equality in political parties?,No
ECU,39,Are there limits on the amount a political party can spend?,Yes
ECU,40,"If there are limits on the amount a political party can spend, what is the limit?","Spending limit  depends on the public office election. For national and provincial assemblymen, governors and regional governors and the binomial prefecture and vice prefecture: limit is the amount resulting from multiplying the value of of zero comma fifteen cents of the United States of America by the number of citizens recorded in the registry of the respective jurisdiction. In no case will the spending limit be less than US$ 15,000."
ECU,41,Are there limits on the amount a candidate can spend?,Yes
ECU,42,"If there are limits on the amount a candidate can spend, what is the limit?","Spending limit  depends on the public office election.  For national and provincial assemblymen, governors and regional governors and the binomial prefecture and vice prefecture: limit is the amount resulting from multiplying the value of of zero comma fifteen cents of the United States of America by the number of citizens recorded in the registry of the respective jurisdiction. In no case will the spending limit be less than US$ 15,000."
EGY,28,Are there provisions for direct public funding to political parties?,No public funding available
EGY,29,What are the eligibility criteria for political parties to receive public funding?,Not applicable
EGY,30,What is the allocation calculation for political parties to receive public funding?,Not applicable
EGY,31,What are the provisions on 'ear marking' direct public funding to political parties (how it should be used)?,Not applicable
EGY,32,Are there provisions for free or subsidized access to media for political parties?,Yes
EGY,33,What criteria determine allocation for free or subsidized access to media for political parties?,Equal
EGY,34,Are there provisions for free or subsidized access to media for candidates?,Yes
EGY,35,Are there provisions for any other form of indirect public funding?,Yes
EGY,36,Is the provision of direct public funding to political parties tied to gender equality among candidates?,Not applicable
EGY,37,Are there provisions for other financial advantages to encourage gender equality in political parties?,No
EGY,39,Are there limits on the amount a political party can spend?,No data
EGY,40,"If there are limits on the amount a political party can spend, what is the limit?",Not applicable
EGY,41,Are there limits on the amount a candidate can spend?,Yes
EGY,42,"If there are limits on the amount a candidate can spend, what is the limit?",EGP 20 million
ESP,28,Are there provisions for direct public funding to political parties?,"Yes, both regularly and in relation to campaigns"
ESP,29,What are the eligibility criteria for political parties to receive public funding?,Representation in elected body
ESP,30,What is the allocation calculation for political parties to receive public funding?,"Proportional to votes received
Proportional to seats received"
ESP,31,What are the provisions on 'ear marking' direct public funding to political parties (how it should be used)?,"#Campaign spending
#Ongoing party activities
#Other"
ESP,32,Are there provisions for free or subsidized access to media for political parties?,Yes
ESP,33,What criteria determine allocation for free or subsidized access to media for political parties?,"#Share of seats
#Votes Received"
ESP,34,Are there provisions for free or subsidized access to media for candidates?,No
ESP,35,Are there provisions for any other form of indirect public funding?,Yes
ESP,36,Is the provision of direct public funding to political parties tied to gender equality among candidates?,No
ESP,37,Are there provisions for other financial advantages to encourage gender equality in political parties?,No
ESP,39,Are there limits on the amount a political party can spend?,Yes
ESP,40,"If there are limits on the amount a political party can spend, what is the limit?","General elections: EUR 0.24 [I$ 0,33] per resident in the electoral districts where the party presents its list European Parliament elections: EUR 0.12 [I$ 0,16] per resident Municipal elections: EUR 0.07 [I$ 0,10] per resident Additionally EUR 96,162 [I$ 131,000] for each province where the political party meets certain conditions"
ESP,41,Are there limits on the amount a candidate can spend?,No
ESP,42,"If there are limits on the amount a candidate can spend, what is the limit?",Not applicable
EST,28,Are there provisions for direct public funding to political parties?,"Yes, regularly"
EST,29,What are the eligibility criteria for political parties to receive public funding?,"#Representation in elected body
#Share of votes in previous election
#Share of seats in previous election
#Participation in election
#Registration as a political party"
EST,30,What is the allocation calculation for political parties to receive public funding?,"Proportional to votes received
Proportional to seats received"
EST,31,What are the provisions on 'ear marking' direct public funding to political parties (how it should be used)?,No
EST,32,Are there provisions for free or subsidized access to media for political parties?,No
EST,33,What criteria determine allocation for free or subsidized access to media for political parties?,Not applicable
EST,34,Are there provisions for free or subsidized access to media for candidates?,No
EST,35,Are there provisions for any other form of indirect public funding?,Yes
EST,36,Is the provision of direct public funding to political parties tied to gender equality among candidates?,No
EST,37,Are there provisions for other financial advantages to encourage gender equality in political parties?,No
EST,39,Are there limits on the amount a political party can spend?,No
EST,40,"If there are limits on the amount a political party can spend, what is the limit?",Not applicable
EST,41,Are there limits on the amount a candidate can spend?,No
EST,42,"If there are limits on the amount a candidate can spend, what is the limit?",Not applicable
ETH,28,Are there provisions for direct public funding to political parties?,"Yes, both regularly and in relation to campaigns"
ETH,29,What are the eligibility criteria for political parties to receive public funding?,"#Share of votes in previous election
#Number of candidates nominated"
ETH,30,What is the allocation calculation for political parties to receive public funding?,"Proportional to votes received
Proportional to candidates fielded"
ETH,31,What are the provisions on 'ear marking' direct public funding to political parties (how it should be used)?,"#Ongoing party activities
#Research and policy initiatives"
ETH,32,Are there provisions for free or subsidized access to media for political parties?,Yes
ETH,33,What criteria determine allocation for free or subsidized access to media for political parties?,"#Equal
#Other"
ETH,34,Are there provisions for free or subsidized access to media for candidates?,Yes
ETH,35,Are there provisions for any other form of indirect public funding?,Yes
ETH,36,Is the provision of direct public funding to political parties tied to gender equality among candidates?,Yes
ETH,37,Are there provisions for other financial advantages to encourage gender equality in political parties?,No
ETH,39,Are there limits on the amount a political party can spend?,Yes
ETH,40,"If there are limits on the amount a political party can spend, what is the limit?",No data
ETH,41,Are there limits on the amount a candidate can spend?,No
ETH,42,"If there are limits on the amount a candidate can spend, what is the limit?",Not applicable
FIN,28,Are there provisions for direct public funding to political parties?,"Yes, regularly"
FIN,29,What are the eligibility criteria for political parties to receive public funding?,Representation in elected body
FIN,30,What is the allocation calculation for political parties to receive public funding?,Proportional to seats received
FIN,31,What are the provisions on 'ear marking' direct public funding to political parties (how it should be used)?,No
FIN,32,Are there provisions for free or subsidized access to media for political parties?,Yes
FIN,33,What criteria determine allocation for free or subsidized access to media for political parties?,Equal
FIN,34,Are there provisions for free or subsidized access to media for candidates?,No
FIN,35,Are there provisions for any other form of indirect public funding?,Yes
FIN,36,Is the provision of direct public funding to political parties tied to gender equality among candidates?,No
FIN,37,Are there provisions for other financial advantages to encourage gender equality in political parties?,"Yes, funding to women's wings"
FIN,39,Are there limits on the amount a political party can spend?,No
FIN,40,"If there are limits on the amount a political party can spend, what is the limit?",Not applicable
FIN,41,Are there limits on the amount a candidate can spend?,No
FIN,42,"If there are limits on the amount a candidate can spend, what is the limit?",Not applicable
FJI,28,Are there provisions for direct public funding to political parties?,No public funding available
FJI,29,What are the eligibility criteria for political parties to receive public funding?,Not applicable
FJI,30,What is the allocation calculation for political parties to receive public funding?,Not applicable
FJI,31,What are the provisions on 'ear marking' direct public funding to political parties (how it should be used)?,Not applicable
FJI,32,Are there provisions for free or subsidized access to media for political parties?,No
FJI,33,What criteria determine allocation for free or subsidized access to media for political parties?,Not applicable
FJI,34,Are there provisions for free or subsidized access to media for candidates?,No
FJI,35,Are there provisions for any other form of indirect public funding?,No
FJI,36,Is the provision of direct public funding to political parties tied to gender equality among candidates?,No
FJI,37,Are there provisions for other financial advantages to encourage gender equality in political parties?,No
FJI,39,Are there limits on the amount a political party can spend?,No
FJI,40,"If there are limits on the amount a political party can spend, what is the limit?",Not applicable
FJI,41,Are there limits on the amount a candidate can spend?,No
FJI,42,"If there are limits on the amount a candidate can spend, what is the limit?",Not applicable
FRA,28,Are there provisions for direct public funding to political parties?,"Yes, regularly"
FRA,29,What are the eligibility criteria for political parties to receive public funding?,"#Share of votes in previous election
#Number of candidates nominated"
FRA,30,What is the allocation calculation for political parties to receive public funding?,"Proportional to votes received
Proportional to seats received"
FRA,31,What are the provisions on 'ear marking' direct public funding to political parties (how it should be used)?,No
FRA,32,Are there provisions for free or subsidized access to media for political parties?,Yes
FRA,33,What criteria determine allocation for free or subsidized access to media for political parties?,"#Equal
#Share of seats
#Other"
FRA,34,Are there provisions for free or subsidized access to media for candidates?,Yes
FRA,35,Are there provisions for any other form of indirect public funding?,Yes
FRA,36,Is the provision of direct public funding to political parties tied to gender equality among candidates?,Yes
FRA,37,Are there provisions for other financial advantages to encourage gender equality in political parties?,No
FRA,39,Are there limits on the amount a political party can spend?,No
FRA,40,"If there are limits on the amount a political party can spend, what is the limit?",Not applicable
FRA,41,Are there limits on the amount a candidate can spend?,Yes
FRA,42,"If there are limits on the amount a candidate can spend, what is the limit?",Depends on the type of elections.
FSM,28,Are there provisions for direct public funding to political parties?,No public funding available
FSM,29,What are the eligibility criteria for political parties to receive public funding?,Not applicable
FSM,30,What is the allocation calculation for political parties to receive public funding?,Not applicable
FSM,31,What are the provisions on 'ear marking' direct public funding to political parties (how it should be used)?,Not applicable
FSM,32,Are there provisions for free or subsidized access to media for political parties?,No
FSM,33,What criteria determine allocation for free or subsidized access to media for political parties?,Not applicable
FSM,34,Are there provisions for free or subsidized access to media for candidates?,No
FSM,35,Are there provisions for any other form of indirect public funding?,Yes
FSM,36,Is the provision of direct public funding to political parties tied to gender equality among candidates?,Not applicable
FSM,37,Are there provisions for other financial advantages to encourage gender equality in political parties?,No
FSM,39,Are there limits on the amount a political party can spend?,No
FSM,40,"If there are limits on the amount a political party can spend, what is the limit?",Not applicable
FSM,41,Are there limits on the amount a candidate can spend?,No
FSM,42,"If there are limits on the amount a candidate can spend, what is the limit?",Not applicable
GAB,28,Are there provisions for direct public funding to political parties?,"Yes, both regularly and in relation to campaigns"
GAB,29,What are the eligibility criteria for political parties to receive public funding?,Other
GAB,30,What is the allocation calculation for political parties to receive public funding?,Equal
GAB,31,What are the provisions on 'ear marking' direct public funding to political parties (how it should be used)?,No
GAB,32,Are there provisions for free or subsidized access to media for political parties?,Yes
GAB,33,What criteria determine allocation for free or subsidized access to media for political parties?,No data
GAB,34,Are there provisions for free or subsidized access to media for candidates?,Yes
GAB,35,Are there provisions for any other form of indirect public funding?,Yes
GAB,36,Is the provision of direct public funding to political parties tied to gender equality among candidates?,No
GAB,37,Are there provisions for other financial advantages to encourage gender equality in political parties?,No
GAB,39,Are there limits on the amount a political party can spend?,No
GAB,40,"If there are limits on the amount a political party can spend, what is the limit?",No data
GAB,41,Are there limits on the amount a candidate can spend?,No
GAB,42,"If there are limits on the amount a candidate can spend, what is the limit?",No data
GBR,28,Are there provisions for direct public funding to political parties?,"Yes, regularly"
GBR,29,What are the eligibility criteria for political parties to receive public funding?,Representation in elected body
GBR,30,What is the allocation calculation for political parties to receive public funding?,No data
GBR,31,What are the provisions on 'ear marking' direct public funding to political parties (how it should be used)?,"#Campaign spending
#Research and policy initiatives
#Other"
GBR,32,Are there provisions for free or subsidized access to media for political parties?,Yes
GBR,33,What criteria determine allocation for free or subsidized access to media for political parties?,Other
GBR,34,Are there provisions for free or subsidized access to media for candidates?,Yes
GBR,35,Are there provisions for any other form of indirect public funding?,No
GBR,36,Is the provision of direct public funding to political parties tied to gender equality among candidates?,No data
GBR,37,Are there provisions for other financial advantages to encourage gender equality in political parties?,No data
GBR,39,Are there limits on the amount a political party can spend?,Yes
GBR,40,"If there are limits on the amount a political party can spend, what is the limit?","£30,000 per constituency or £810,000 (England), £120,000 (Scotland) and £60,000 ] (Wales), £30,000 per constituency in Northern Ireland"
GBR,41,Are there limits on the amount a candidate can spend?,Yes
GBR,42,"If there are limits on the amount a candidate can spend, what is the limit?",No data
GEO,28,Are there provisions for direct public funding to political parties?,"Yes, regularly"
GEO,29,What are the eligibility criteria for political parties to receive public funding?,Share of votes in previous election
GEO,30,What is the allocation calculation for political parties to receive public funding?,Proportional to votes received
GEO,31,What are the provisions on 'ear marking' direct public funding to political parties (how it should be used)?,No
GEO,32,Are there provisions for free or subsidized access to media for political parties?,Yes
GEO,33,What criteria determine allocation for free or subsidized access to media for political parties?,Equal
GEO,34,Are there provisions for free or subsidized access to media for candidates?,No
GEO,35,Are there provisions for any other form of indirect public funding?,No
GEO,36,Is the provision of direct public funding to political parties tied to gender equality among candidates?,No
GEO,37,Are there provisions for other financial advantages to encourage gender equality in political parties?,No
GEO,39,Are there limits on the amount a political party can spend?,Yes
GEO,40,"If there are limits on the amount a political party can spend, what is the limit?",other
GEO,41,Are there limits on the amount a candidate can spend?,Yes
GEO,42,"If there are limits on the amount a candidate can spend, what is the limit?",other
GHA,28,Are there provisions for direct public funding to political parties?,No public funding available
GHA,29,What are the eligibility criteria for political parties to receive public funding?,Not applicable
GHA,30,What is the allocation calculation for political parties to receive public funding?,Not applicable
GHA,31,What are the provisions on 'ear marking' direct public funding to political parties (how it should be used)?,Not applicable
GHA,32,Are there provisions for free or subsidized access to media for political parties?,Yes
GHA,33,What criteria determine allocation for free or subsidized access to media for political parties?,Equal
GHA,34,Are there provisions for free or subsidized access to media for candidates?,Yes
GHA,35,Are there provisions for any other form of indirect public funding?,No
GHA,36,Is the provision of direct public funding to political parties tied to gender equality among candidates?,No
GHA,37,Are there provisions for other financial advantages to encourage gender equality in political parties?,No
GHA,39,Are there limits on the amount a political party can spend?,No
GHA,40,"If there are limits on the amount a political party can spend, what is the limit?",Not applicable
GHA,41,Are there limits on the amount a candidate can spend?,No
GHA,42,"If there are limits on the amount a candidate can spend, what is the limit?",Not applicable
GIN,28,Are there provisions for direct public funding to political parties?,No public funding available
GIN,29,What are the eligibility criteria for political parties to receive public funding?,Not applicable
GIN,30,What is the allocation calculation for political parties to receive public funding?,Not applicable
GIN,31,What are the provisions on 'ear marking' direct public funding to political parties (how it should be used)?,Not applicable
GIN,32,Are there provisions for free or subsidized access to media for political parties?,Yes
GIN,33,What criteria determine allocation for free or subsidized access to media for political parties?,Equal
GIN,34,Are there provisions for free or subsidized access to media for candidates?,Yes
GIN,35,Are there provisions for any other form of indirect public funding?,No data
GIN,36,Is the provision of direct public funding to political parties tied to gender equality among candidates?,Not applicable
GIN,37,Are there provisions for other financial advantages to encourage gender equality in political parties?,No
GIN,39,Are there limits on the amount a political party can spend?,Yes
GIN,40,"If there are limits on the amount a political party can spend, what is the limit?",The limit is set by decision of the President of the INEC
GIN,41,Are there limits on the amount a candidate can spend?,Yes
GIN,42,"If there are limits on the amount a candidate can spend, what is the limit?",limit is set by decision of the President of the INEC.
GMB,28,Are there provisions for direct public funding to political parties?,No public funding available
GMB,29,What are the eligibility criteria for political parties to receive public funding?,Not applicable
GMB,30,What is the allocation calculation for political parties to receive public funding?,Not applicable
GMB,31,What are the provisions on 'ear marking' direct public funding to political parties (how it should be used)?,Not applicable
GMB,32,Are there provisions for free or subsidized access to media for political parties?,Yes
GMB,33,What criteria determine allocation for free or subsidized access to media for political parties?,Equal
GMB,34,Are there provisions for free or subsidized access to media for candidates?,Yes
GMB,35,Are there provisions for any other form of indirect public funding?,Yes
GMB,36,Is the provision of direct public funding to political parties tied to gender equality among candidates?,No
GMB,37,Are there provisions for other financial advantages to encourage gender equality in political parties?,No
GMB,39,Are there limits on the amount a political party can spend?,No
GMB,40,"If there are limits on the amount a political party can spend, what is the limit?",Not applicable
GMB,41,Are there limits on the amount a candidate can spend?,No
GMB,42,"If there are limits on the amount a candidate can spend, what is the limit?",Not applicable
GNB,28,Are there provisions for direct public funding to political parties?,No public funding available
GNB,29,What are the eligibility criteria for political parties to receive public funding?,Not applicable
GNB,30,What is the allocation calculation for political parties to receive public funding?,Not applicable
GNB,31,What are the provisions on 'ear marking' direct public funding to political parties (how it should be used)?,Not applicable
GNB,32,Are there provisions for free or subsidized access to media for political parties?,Yes
GNB,33,What criteria determine allocation for free or subsidized access to media for political parties?,"#Equal
#Other"
GNB,34,Are there provisions for free or subsidized access to media for candidates?,Yes
GNB,35,Are there provisions for any other form of indirect public funding?,Yes
GNB,36,Is the provision of direct public funding to political parties tied to gender equality among candidates?,Not applicable
GNB,37,Are there provisions for other financial advantages to encourage gender equality in political parties?,No
GNB,39,Are there limits on the amount a political party can spend?,No
GNB,40,"If there are limits on the amount a political party can spend, what is the limit?",Not applicable
GNB,41,Are there limits on the amount a candidate can spend?,No
GNB,42,"If there are limits on the amount a candidate can spend, what is the limit?",Not applicable
GNQ,28,Are there provisions for direct public funding to political parties?,No data
GNQ,29,What are the eligibility criteria for political parties to receive public funding?,No data
GNQ,30,What is the allocation calculation for political parties to receive public funding?,Equal
GNQ,31,What are the provisions on 'ear marking' direct public funding to political parties (how it should be used)?,No data
GNQ,32,Are there provisions for free or subsidized access to media for political parties?,Yes
GNQ,33,What criteria determine allocation for free or subsidized access to media for political parties?,No data
GNQ,34,Are there provisions for free or subsidized access to media for candidates?,Yes
GNQ,35,Are there provisions for any other form of indirect public funding?,Yes
GNQ,36,Is the provision of direct public funding to political parties tied to gender equality among candidates?,No data
GNQ,37,Are there provisions for other financial advantages to encourage gender equality in political parties?,No data
GNQ,39,Are there limits on the amount a political party can spend?,No data
GNQ,40,"If there are limits on the amount a political party can spend, what is the limit?",No data
GNQ,41,Are there limits on the amount a candidate can spend?,No data
GNQ,42,"If there are limits on the amount a candidate can spend, what is the limit?",No data
GRC,28,Are there provisions for direct public funding to political parties?,"Yes, both regularly and in relation to campaigns"
GRC,29,What are the eligibility criteria for political parties to receive public funding?,"#Other
#Representation in elected body
#Registration as a political party
#Share of votes in previous election"
GRC,30,What is the allocation calculation for political parties to receive public funding?,Other
GRC,31,What are the provisions on 'ear marking' direct public funding to political parties (how it should be used)?,"#Campaign spending
#Research and policy initiatives
#Ongoing party activities"
GRC,32,Are there provisions for free or subsidized access to media for political parties?,Yes
GRC,33,What criteria determine allocation for free or subsidized access to media for political parties?,Other
GRC,34,Are there provisions for free or subsidized access to media for candidates?,Yes
GRC,35,Are there provisions for any other form of indirect public funding?,No
GRC,36,Is the provision of direct public funding to political parties tied to gender equality among candidates?,No
GRC,37,Are there provisions for other financial advantages to encourage gender equality in political parties?,No
GRC,39,Are there limits on the amount a political party can spend?,Yes
GRC,40,"If there are limits on the amount a political party can spend, what is the limit?",Other (explain in comments in local currency)
GRC,41,Are there limits on the amount a candidate can spend?,Yes
GRC,42,"If there are limits on the amount a candidate can spend, what is the limit?",Other (explain in comments in local currency)
GRD,28,Are there provisions for direct public funding to political parties?,No public funding available
GRD,29,What are the eligibility criteria for political parties to receive public funding?,Not applicable
GRD,30,What is the allocation calculation for political parties to receive public funding?,Not applicable
GRD,31,What are the provisions on 'ear marking' direct public funding to political parties (how it should be used)?,Not applicable
GRD,32,Are there provisions for free or subsidized access to media for political parties?,No
GRD,33,What criteria determine allocation for free or subsidized access to media for political parties?,Not applicable
GRD,34,Are there provisions for free or subsidized access to media for candidates?,No
GRD,35,Are there provisions for any other form of indirect public funding?,No
GRD,36,Is the provision of direct public funding to political parties tied to gender equality among candidates?,No
GRD,37,Are there provisions for other financial advantages to encourage gender equality in political parties?,No
GRD,39,Are there limits on the amount a political party can spend?,No
GRD,40,"If there are limits on the amount a political party can spend, what is the limit?",Not applicable
GRD,41,Are there limits on the amount a candidate can spend?,No
GRD,42,"If there are limits on the amount a candidate can spend, what is the limit?",Not applicable
GTM,28,Are there provisions for direct public funding to political parties?,"Yes, regularly"
GTM,29,What are the eligibility criteria for political parties to receive public funding?,Share of votes in previous election
GTM,30,What is the allocation calculation for political parties to receive public funding?,Equal
GTM,31,What are the provisions on 'ear marking' direct public funding to political parties (how it should be used)?,"#Campaign spending
#Ongoing party activities"
GTM,32,Are there provisions for free or subsidized access to media for political parties?,Yes
GTM,33,What criteria determine allocation for free or subsidized access to media for political parties?,Votes Received
GTM,34,Are there provisions for free or subsidized access to media for candidates?,No
GTM,35,Are there provisions for any other form of indirect public funding?,Yes
GTM,36,Is the provision of direct public funding to political parties tied to gender equality among candidates?,No
GTM,37,Are there provisions for other financial advantages to encourage gender equality in political parties?,No
GTM,39,Are there limits on the amount a political party can spend?,Yes
GTM,40,"If there are limits on the amount a political party can spend, what is the limit?",USD $.0.50 for each  registered citizen (to vote) until Dec 31st of prior year to elections.
GTM,41,Are there limits on the amount a candidate can spend?,No data
GTM,42,"If there are limits on the amount a candidate can spend, what is the limit?",No data
GUY,28,Are there provisions for direct public funding to political parties?,No public funding available
GUY,29,What are the eligibility criteria for political parties to receive public funding?,Not applicable
GUY,30,What is the allocation calculation for political parties to receive public funding?,No data
GUY,31,What are the provisions on 'ear marking' direct public funding to political parties (how it should be used)?,Not applicable
GUY,32,Are there provisions for free or subsidized access to media for political parties?,No data
GUY,33,What criteria determine allocation for free or subsidized access to media for political parties?,Not applicable
GUY,34,Are there provisions for free or subsidized access to media for candidates?,No data
GUY,35,Are there provisions for any other form of indirect public funding?,No
GUY,36,Is the provision of direct public funding to political parties tied to gender equality among candidates?,Not applicable
GUY,37,Are there provisions for other financial advantages to encourage gender equality in political parties?,No
GUY,39,Are there limits on the amount a political party can spend?,Yes
GUY,40,"If there are limits on the amount a political party can spend, what is the limit?","In the excess of the sum of fifty thousand dollars multiplied by the number of candidates, not exceding 53 on the list of candidates"
GUY,41,Are there limits on the amount a candidate can spend?,Yes
GUY,42,"If there are limits on the amount a candidate can spend, what is the limit?",Twenty five Thousand dollars
HND,28,Are there provisions for direct public funding to political parties?,"Yes, both regularly and in relation to campaigns"
HND,29,What are the eligibility criteria for political parties to receive public funding?,"#Representation in elected body
#Share of votes in previous election"
HND,30,What is the allocation calculation for political parties to receive public funding?,Proportional to votes received
HND,31,What are the provisions on 'ear marking' direct public funding to political parties (how it should be used)?,"#Ongoing party activities
#Intra-party institution"
HND,32,Are there provisions for free or subsidized access to media for political parties?,Yes
HND,33,What criteria determine allocation for free or subsidized access to media for political parties?,Equal
HND,34,Are there provisions for free or subsidized access to media for candidates?,Yes
HND,35,Are there provisions for any other form of indirect public funding?,Yes
HND,36,Is the provision of direct public funding to political parties tied to gender equality among candidates?,Yes
HND,37,Are there provisions for other financial advantages to encourage gender equality in political parties?,"Yes, funds earmarked for gender activities"
HND,39,Are there limits on the amount a political party can spend?,Yes
HND,40,"If there are limits on the amount a political party can spend, what is the limit?",The limits for campaign expenses shall be set for each electoral process
HND,41,Are there limits on the amount a candidate can spend?,Yes
HND,42,"If there are limits on the amount a candidate can spend, what is the limit?",The limits for campaign expenses shall be set for each electoral process
HRV,28,Are there provisions for direct public funding to political parties?,"Yes, both regularly and in relation to campaigns"
HRV,29,What are the eligibility criteria for political parties to receive public funding?,"#Representation in elected body
#Share of votes in next election
#Participation in election"
HRV,30,What is the allocation calculation for political parties to receive public funding?,"Proportional to votes received
Proportional to seats received"
HRV,31,What are the provisions on 'ear marking' direct public funding to political parties (how it should be used)?,"#Campaign spending
#No"
HRV,32,Are there provisions for free or subsidized access to media for political parties?,Yes
HRV,33,What criteria determine allocation for free or subsidized access to media for political parties?,Other
HRV,34,Are there provisions for free or subsidized access to media for candidates?,Yes
HRV,35,Are there provisions for any other form of indirect public funding?,Yes
HRV,36,Is the provision of direct public funding to political parties tied to gender equality among candidates?,Yes
HRV,37,Are there provisions for other financial advantages to encourage gender equality in political parties?,No
HRV,39,Are there limits on the amount a political party can spend?,No
HRV,40,"If there are limits on the amount a political party can spend, what is the limit?",Not applicable
HRV,41,Are there limits on the amount a candidate can spend?,Yes
HRV,42,"If there are limits on the amount a candidate can spend, what is the limit?","The total amount of election campaign costs per candidate or per list of candidates shall not exceed the following amounts: – HRK 8,000,000.00 (eight million) in the case of elections for President of the Republic of Croatia; – HRK 1,500,000.00 (one million five hundred thousand) within a single constituency in the case of the election of MPs; – HRK 1,500,000.00 (one million five hundred thousand) in the case of the election of members to the European Parliament; – HRK 1,000,000.00 (one million) in the case of elections for the mayor of the City of Zagreb; – HRK 600,000.00 (six hundred thousand) in the case of elections for county prefect and mayor of major cities. – HRK 250,000.00 (two hundred and fifty thousand) in the case of elections for city and municipality head in local self-government units with a population exceeding 10,000; – HRK 100,000.00 (one hundred thousand) in the case of elections for city and municipal chief officials in local self-government units with populations from 3,001 to 10,000; – HRK 50,000.00 (fifty thousand) in the case of elections for mayor and municipality head in local self-government units with a population not exceeding 3,000."
HTI,28,Are there provisions for direct public funding to political parties?,"Yes, both regularly and in relation to campaigns"
HTI,29,What are the eligibility criteria for political parties to receive public funding?,"#Share of votes in previous election
#Share of seats in previous election
#Number of candidates nominated"
HTI,30,What is the allocation calculation for political parties to receive public funding?,Equal
HTI,31,What are the provisions on 'ear marking' direct public funding to political parties (how it should be used)?,Ongoing party activities
HTI,32,Are there provisions for free or subsidized access to media for political parties?,Yes
HTI,33,What criteria determine allocation for free or subsidized access to media for political parties?,Other
HTI,34,Are there provisions for free or subsidized access to media for candidates?,No data
HTI,35,Are there provisions for any other form of indirect public funding?,Yes
HTI,36,Is the provision of direct public funding to political parties tied to gender equality among candidates?,Yes
HTI,37,Are there provisions for other financial advantages to encourage gender equality in political parties?,"Yes, reduced nomination fee"
HTI,39,Are there limits on the amount a political party can spend?,Yes
HTI,40,"If there are limits on the amount a political party can spend, what is the limit?","In the context of private financing of political campaigns, the law states that: ""The ceiling for each level is as follows: a) For a candidate for the post of Presidenthe t of the Republic, one hundred million gourdes (100,000,000); b) For a candidate for the post of the Senator, twenty million gourdes (Gdes 20,000,000); (c) For a candidate for the office of Deputy, one million five hundred thousand gourdes (Gdes 1,500,000); d) For the post of a Mayor, one million gourdes (Gdes 1,000,000); (e) For a post of CASEC, two hundred and fifty thousand gourdes (Gdes 250,000); f) For a candidate for ASEC, one hundred thousand gourdes (Gdes 100,000)."""
HTI,41,Are there limits on the amount a candidate can spend?,Yes
HTI,42,"If there are limits on the amount a candidate can spend, what is the limit?","In the context of private financing of political campaigns, the law states that: ""The ceiling for each level is as follows: a) For a candidate for the post of Presidenthe t of the Republic, one hundred million gourdes (100,000,000); b) For a candidate for the post of the Senator, twenty million gourdes (Gdes 20,000,000); (c) For a candidate for the office of Deputy, one million five hundred thousand gourdes (Gdes 1,500,000); d) For the post of a Mayor, one million gourdes (Gdes 1,000,000); (e) For a post of CASEC, two hundred and fifty thousand gourdes (Gdes 250,000); f) For a candidate for ASEC, one hundred thousand gourdes (Gdes 100,000). """
HUN,28,Are there provisions for direct public funding to political parties?,"Yes, both regularly and in relation to campaigns"
HUN,29,What are the eligibility criteria for political parties to receive public funding?,"#Share of votes in previous election
#Share of seats in previous election
#Number of candidates nominated"
HUN,30,What is the allocation calculation for political parties to receive public funding?,"Proportional to votes received
Proportional to seats received"
HUN,31,What are the provisions on 'ear marking' direct public funding to political parties (how it should be used)?,No
HUN,32,Are there provisions for free or subsidized access to media for political parties?,No
HUN,33,What criteria determine allocation for free or subsidized access to media for political parties?,Equal
HUN,34,Are there provisions for free or subsidized access to media for candidates?,Yes
HUN,35,Are there provisions for any other form of indirect public funding?,Yes
HUN,36,Is the provision of direct public funding to political parties tied to gender equality among candidates?,No
HUN,37,Are there provisions for other financial advantages to encourage gender equality in political parties?,No
HUN,39,Are there limits on the amount a political party can spend?,No
HUN,40,"If there are limits on the amount a political party can spend, what is the limit?",Not applicable
HUN,41,Are there limits on the amount a candidate can spend?,Yes
HUN,42,"If there are limits on the amount a candidate can spend, what is the limit?",HUF 5 million for each single-member and national list candidate HUF 995 million for the parties that field the maximum number of candidates
IDN,28,Are there provisions for direct public funding to political parties?,"Yes, regularly"
IDN,29,What are the eligibility criteria for political parties to receive public funding?,"#Representation in elected body
#Share of seats in previous election"
IDN,30,What is the allocation calculation for political parties to receive public funding?,Flat rate by votes received
IDN,31,What are the provisions on 'ear marking' direct public funding to political parties (how it should be used)?,Ongoing party activities
IDN,32,Are there provisions for free or subsidized access to media for political parties?,No
IDN,33,What criteria determine allocation for free or subsidized access to media for political parties?,Not applicable
IDN,34,Are there provisions for free or subsidized access to media for candidates?,Yes
IDN,35,Are there provisions for any other form of indirect public funding?,No
IDN,36,Is the provision of direct public funding to political parties tied to gender equality among candidates?,No
IDN,37,Are there provisions for other financial advantages to encourage gender equality in political parties?,Other
IDN,39,Are there limits on the amount a political party can spend?,No
IDN,40,"If there are limits on the amount a political party can spend, what is the limit?",Not applicable
IDN,41,Are there limits on the amount a candidate can spend?,Yes
IDN,42,"If there are limits on the amount a candidate can spend, what is the limit?","Depends on number of voters, the coverage/area, and the regional cost standards"
IND,28,Are there provisions for direct public funding to political parties?,No public funding available
IND,29,What are the eligibility criteria for political parties to receive public funding?,Not applicable
IND,30,What is the allocation calculation for political parties to receive public funding?,Not applicable
IND,31,What are the provisions on 'ear marking' direct public funding to political parties (how it should be used)?,Not applicable
IND,32,Are there provisions for free or subsidized access to media for political parties?,Yes
IND,33,What criteria determine allocation for free or subsidized access to media for political parties?,Equal
IND,34,Are there provisions for free or subsidized access to media for candidates?,No
IND,35,Are there provisions for any other form of indirect public funding?,Yes
IND,36,Is the provision of direct public funding to political parties tied to gender equality among candidates?,Not applicable
IND,37,Are there provisions for other financial advantages to encourage gender equality in political parties?,No
IND,39,Are there limits on the amount a political party can spend?,No
IND,40,"If there are limits on the amount a political party can spend, what is the limit?",Not applicable
IND,41,Are there limits on the amount a candidate can spend?,Yes
IND,42,"If there are limits on the amount a candidate can spend, what is the limit?","7 million rupees (or $ 106,000) and 2.8 million rupees ($42,000)"
IRL,28,Are there provisions for direct public funding to political parties?,"Yes, regularly"
IRL,29,What are the eligibility criteria for political parties to receive public funding?,"#Registration as a political party
#Share of votes in previous election"
IRL,30,What is the allocation calculation for political parties to receive public funding?,Proportional to votes received
IRL,31,What are the provisions on 'ear marking' direct public funding to political parties (how it should be used)?,"#Intra-party institution
#Research and policy initiatives
#Ongoing party activities"
IRL,32,Are there provisions for free or subsidized access to media for political parties?,Yes
IRL,33,What criteria determine allocation for free or subsidized access to media for political parties?,Other
IRL,34,Are there provisions for free or subsidized access to media for candidates?,No
IRL,35,Are there provisions for any other form of indirect public funding?,Yes
IRL,36,Is the provision of direct public funding to political parties tied to gender equality among candidates?,Yes
IRL,37,Are there provisions for other financial advantages to encourage gender equality in political parties?,"Yes, funds earmarked for gender activities"
IRL,39,Are there limits on the amount a political party can spend?,Yes
IRL,40,"If there are limits on the amount a political party can spend, what is the limit?",Other (explain in comments in local currency)
IRL,41,Are there limits on the amount a candidate can spend?,Yes
IRL,42,"If there are limits on the amount a candidate can spend, what is the limit?",Other (explain in comments in local currency)
IRN,28,Are there provisions for direct public funding to political parties?,"Yes, regularly"
IRN,29,What are the eligibility criteria for political parties to receive public funding?,Registration as a political party
IRN,30,What is the allocation calculation for political parties to receive public funding?,Other
IRN,31,What are the provisions on 'ear marking' direct public funding to political parties (how it should be used)?,Ongoing party activities
IRN,32,Are there provisions for free or subsidized access to media for political parties?,No
IRN,33,What criteria determine allocation for free or subsidized access to media for political parties?,Not applicable
IRN,34,Are there provisions for free or subsidized access to media for candidates?,Yes
IRN,35,Are there provisions for any other form of indirect public funding?,Yes
IRN,36,Is the provision of direct public funding to political parties tied to gender equality among candidates?,No
IRN,37,Are there provisions for other financial advantages to encourage gender equality in political parties?,No
IRN,39,Are there limits on the amount a political party can spend?,No
IRN,40,"If there are limits on the amount a political party can spend, what is the limit?",Not applicable
IRN,41,Are there limits on the amount a candidate can spend?,Yes
IRN,42,"If there are limits on the amount a candidate can spend, what is the limit?",It is determined by the Central Executive Board
IRQ,28,Are there provisions for direct public funding to political parties?,"Yes, regularly"
IRQ,29,What are the eligibility criteria for political parties to receive public funding?,"#Share of seats in previous election
#Registration as a political party"
IRQ,30,What is the allocation calculation for political parties to receive public funding?,"Equal
Proportional to seats received"
IRQ,31,What are the provisions on 'ear marking' direct public funding to political parties (how it should be used)?,No data
IRQ,32,Are there provisions for free or subsidized access to media for political parties?,Yes
IRQ,33,What criteria determine allocation for free or subsidized access to media for political parties?,Equal
IRQ,34,Are there provisions for free or subsidized access to media for candidates?,Yes
IRQ,35,Are there provisions for any other form of indirect public funding?,Yes
IRQ,36,Is the provision of direct public funding to political parties tied to gender equality among candidates?,No data
IRQ,37,Are there provisions for other financial advantages to encourage gender equality in political parties?,No data
IRQ,39,Are there limits on the amount a political party can spend?,Yes
IRQ,40,"If there are limits on the amount a political party can spend, what is the limit?","250,000 Iraqi dinars multiplied by the number of candidates on the political entity’s list multiplied by the number of voters in the constituency."
IRQ,41,Are there limits on the amount a candidate can spend?,Yes
IRQ,42,"If there are limits on the amount a candidate can spend, what is the limit?",No data
ISL,28,Are there provisions for direct public funding to political parties?,"Yes, both regularly and in relation to campaigns"
ISL,29,What are the eligibility criteria for political parties to receive public funding?,"#Representation in elected body
#Share of votes in previous election
#Participation in election"
ISL,30,What is the allocation calculation for political parties to receive public funding?,Proportional to votes received
ISL,31,What are the provisions on 'ear marking' direct public funding to political parties (how it should be used)?,No
ISL,32,Are there provisions for free or subsidized access to media for political parties?,Yes
ISL,33,What criteria determine allocation for free or subsidized access to media for political parties?,Equal
ISL,34,Are there provisions for free or subsidized access to media for candidates?,No
ISL,35,Are there provisions for any other form of indirect public funding?,Yes
ISL,36,Is the provision of direct public funding to political parties tied to gender equality among candidates?,No
ISL,37,Are there provisions for other financial advantages to encourage gender equality in political parties?,No
ISL,39,Are there limits on the amount a political party can spend?,No
ISL,40,"If there are limits on the amount a political party can spend, what is the limit?",Not applicable
ISL,41,Are there limits on the amount a candidate can spend?,Yes
ISL,42,"If there are limits on the amount a candidate can spend, what is the limit?",Depends on the constituency.
ISR,28,Are there provisions for direct public funding to political parties?,"Yes, both regularly and in relation to campaigns"
ISR,29,What are the eligibility criteria for political parties to receive public funding?,"#Representation in elected body
#Share of votes in next election"
ISR,30,What is the allocation calculation for political parties to receive public funding?,Proportional to seats received
ISR,31,What are the provisions on 'ear marking' direct public funding to political parties (how it should be used)?,"#Campaign spending
#Ongoing party activities"
ISR,32,Are there provisions for free or subsidized access to media for political parties?,Yes
ISR,33,What criteria determine allocation for free or subsidized access to media for political parties?,Share of seats
ISR,34,Are there provisions for free or subsidized access to media for candidates?,No
ISR,35,Are there provisions for any other form of indirect public funding?,No
ISR,36,Is the provision of direct public funding to political parties tied to gender equality among candidates?,No
ISR,37,Are there provisions for other financial advantages to encourage gender equality in political parties?,No
ISR,39,Are there limits on the amount a political party can spend?,Yes
ISR,40,"If there are limits on the amount a political party can spend, what is the limit?",Not applicable
ISR,41,Are there limits on the amount a candidate can spend?,Yes
ISR,42,"If there are limits on the amount a candidate can spend, what is the limit?",Not applicable
ITA,28,Are there provisions for direct public funding to political parties?,No public funding available
ITA,29,What are the eligibility criteria for political parties to receive public funding?,Not applicable
ITA,30,What is the allocation calculation for political parties to receive public funding?,Not applicable
ITA,31,What are the provisions on 'ear marking' direct public funding to political parties (how it should be used)?,Not applicable
ITA,32,Are there provisions for free or subsidized access to media for political parties?,Yes
ITA,33,What criteria determine allocation for free or subsidized access to media for political parties?,"#Equal
#Other"
ITA,34,Are there provisions for free or subsidized access to media for candidates?,Yes
ITA,35,Are there provisions for any other form of indirect public funding?,Yes
ITA,36,Is the provision of direct public funding to political parties tied to gender equality among candidates?,No
ITA,37,Are there provisions for other financial advantages to encourage gender equality in political parties?,"Yes, funds earmarked for gender activities"
ITA,39,Are there limits on the amount a political party can spend?,Yes
ITA,40,"If there are limits on the amount a political party can spend, what is the limit?","1 EUR times the number of citizens who are registered as voters in the constituencies where the parties have presented lists of candidates (for national parliament) | 1 EUR times the number of persons eligible to vote for the Chamber of Deputies (for European parliament) | 1 EUR multiplied by the number of persons eligible to vote for the Town Council (for municipal elections) | for others election, the maximum amount varies according to the size of the town/city"
ITA,41,Are there limits on the amount a candidate can spend?,Yes
ITA,42,"If there are limits on the amount a candidate can spend, what is the limit?","52,000 EUR + 0.001 EUR times the number of citizens living in the constituencies in which the candidate stands (national and European elections)| 38.802,85 EUR + 0.0061 EUR times the number of citizens living in the provincial constituency for which the candidates stand (for regional, provincial and municipal elections)"
JAM,28,Are there provisions for direct public funding to political parties?,"Yes, both regularly and in relation to campaigns"
JAM,29,What are the eligibility criteria for political parties to receive public funding?,"#Share of votes in previous election
#Share of seats in previous election"
JAM,30,What is the allocation calculation for political parties to receive public funding?,Equal
JAM,31,What are the provisions on 'ear marking' direct public funding to political parties (how it should be used)?,"#Ongoing party activities
#Research and policy initiatives"
JAM,32,Are there provisions for free or subsidized access to media for political parties?,No data
JAM,33,What criteria determine allocation for free or subsidized access to media for political parties?,No data
JAM,34,Are there provisions for free or subsidized access to media for candidates?,No data
JAM,35,Are there provisions for any other form of indirect public funding?,No
JAM,36,Is the provision of direct public funding to political parties tied to gender equality among candidates?,No
JAM,37,Are there provisions for other financial advantages to encourage gender equality in political parties?,No
JAM,39,Are there limits on the amount a political party can spend?,Yes
JAM,40,"If there are limits on the amount a political party can spend, what is the limit?","630,000,000 GHS"
JAM,41,Are there limits on the amount a candidate can spend?,Yes
JAM,42,"If there are limits on the amount a candidate can spend, what is the limit?","15,000,000 GHS"
JOR,28,Are there provisions for direct public funding to political parties?,"Yes, regularly"
JOR,29,What are the eligibility criteria for political parties to receive public funding?,"#Representation in elected body
#Number of candidates nominated
#Participation in election
#Registration as a political party"
JOR,30,What is the allocation calculation for political parties to receive public funding?,Not applicable
JOR,31,What are the provisions on 'ear marking' direct public funding to political parties (how it should be used)?,"#Campaign spending
#Ongoing party activities"
JOR,32,Are there provisions for free or subsidized access to media for political parties?,No data
JOR,33,What criteria determine allocation for free or subsidized access to media for political parties?,"#Equal
#No data"
JOR,34,Are there provisions for free or subsidized access to media for candidates?,No
JOR,35,Are there provisions for any other form of indirect public funding?,No
JOR,36,Is the provision of direct public funding to political parties tied to gender equality among candidates?,Yes
JOR,37,Are there provisions for other financial advantages to encourage gender equality in political parties?,No
JOR,39,Are there limits on the amount a political party can spend?,Yes
JOR,40,"If there are limits on the amount a political party can spend, what is the limit?",No data
JOR,41,Are there limits on the amount a candidate can spend?,Yes
JOR,42,"If there are limits on the amount a candidate can spend, what is the limit?",No data
JPN,28,Are there provisions for direct public funding to political parties?,"Yes, regularly"
JPN,29,What are the eligibility criteria for political parties to receive public funding?,Representation in elected body
JPN,30,What is the allocation calculation for political parties to receive public funding?,Proportional to votes received
JPN,31,What are the provisions on 'ear marking' direct public funding to political parties (how it should be used)?,No
JPN,32,Are there provisions for free or subsidized access to media for political parties?,Yes
JPN,33,What criteria determine allocation for free or subsidized access to media for political parties?,Equal
JPN,34,Are there provisions for free or subsidized access to media for candidates?,Yes
JPN,35,Are there provisions for any other form of indirect public funding?,Yes
JPN,36,Is the provision of direct public funding to political parties tied to gender equality among candidates?,No
JPN,37,Are there provisions for other financial advantages to encourage gender equality in political parties?,No
JPN,39,Are there limits on the amount a political party can spend?,No
JPN,40,"If there are limits on the amount a political party can spend, what is the limit?",Not applicable
JPN,41,Are there limits on the amount a candidate can spend?,Yes
JPN,42,"If there are limits on the amount a candidate can spend, what is the limit?",other
KAZ,28,Are there provisions for direct public funding to political parties?,"Yes, regularly"
KAZ,29,What are the eligibility criteria for political parties to receive public funding?,Representation in elected body
KAZ,30,What is the allocation calculation for political parties to receive public funding?,Proportional to votes received
KAZ,31,What are the provisions on 'ear marking' direct public funding to political parties (how it should be used)?,No
KAZ,32,Are there provisions for free or subsidized access to media for political parties?,Yes
KAZ,33,What criteria determine allocation for free or subsidized access to media for political parties?,Equal
KAZ,34,Are there provisions for free or subsidized access to media for candidates?,Yes
KAZ,35,Are there provisions for any other form of indirect public funding?,Yes
KAZ,36,Is the provision of direct public funding to political parties tied to gender equality among candidates?,No
KAZ,37,Are there provisions for other financial advantages to encourage gender equality in political parties?,No
KAZ,39,Are there limits on the amount a political party can spend?,No
KAZ,40,"If there are limits on the amount a political party can spend, what is the limit?",Not applicable
KAZ,41,Are there limits on the amount a candidate can spend?,Yes
KAZ,42,"If there are limits on the amount a candidate can spend, what is the limit?","500 minimum wages (Senate elections), 15,000  minimum wages (Presidential elections)."
KEN,28,Are there provisions for direct public funding to political parties?,"Yes, regularly"
KEN,29,What are the eligibility criteria for political parties to receive public funding?,"#Other
#Number of members
#Representation in elected body
#Share of votes in previous election"
KEN,30,What is the allocation calculation for political parties to receive public funding?,"Proportional to votes received
Proportional to seats received"
KEN,31,What are the provisions on 'ear marking' direct public funding to political parties (how it should be used)?,"#Intra-party institution
#Ongoing party activities
#Other"
KEN,32,Are there provisions for free or subsidized access to media for political parties?,Yes
KEN,33,What criteria determine allocation for free or subsidized access to media for political parties?,Other
KEN,34,Are there provisions for free or subsidized access to media for candidates?,Not applicable
KEN,35,Are there provisions for any other form of indirect public funding?,Yes
KEN,36,Is the provision of direct public funding to political parties tied to gender equality among candidates?,Yes
KEN,37,Are there provisions for other financial advantages to encourage gender equality in political parties?,"Yes, funds earmarked for gender activities"
KEN,39,Are there limits on the amount a political party can spend?,Yes
KEN,40,"If there are limits on the amount a political party can spend, what is the limit?",Not applicable
KEN,41,Are there limits on the amount a candidate can spend?,Yes
KEN,42,"If there are limits on the amount a candidate can spend, what is the limit?",Not applicable
KGZ,28,Are there provisions for direct public funding to political parties?,No public funding available
KGZ,29,What are the eligibility criteria for political parties to receive public funding?,Not applicable
KGZ,30,What is the allocation calculation for political parties to receive public funding?,Not applicable
KGZ,31,What are the provisions on 'ear marking' direct public funding to political parties (how it should be used)?,Not applicable
KGZ,32,Are there provisions for free or subsidized access to media for political parties?,Yes
KGZ,33,What criteria determine allocation for free or subsidized access to media for political parties?,Equal
KGZ,34,Are there provisions for free or subsidized access to media for candidates?,Yes
KGZ,35,Are there provisions for any other form of indirect public funding?,No
KGZ,36,Is the provision of direct public funding to political parties tied to gender equality among candidates?,Not applicable
KGZ,37,Are there provisions for other financial advantages to encourage gender equality in political parties?,No
KGZ,39,Are there limits on the amount a political party can spend?,Yes
KGZ,40,"If there are limits on the amount a political party can spend, what is the limit?","The calculated indicator=100, 3000000*100=300,000,000 KGS"
KGZ,41,Are there limits on the amount a candidate can spend?,Yes
KGZ,42,"If there are limits on the amount a candidate can spend, what is the limit?","The calculated indicator=100, 100,000*100=10,000,000 KGS"
KHM,28,Are there provisions for direct public funding to political parties?,"Yes, in relation to campaigns"
KHM,29,What are the eligibility criteria for political parties to receive public funding?,"#Representation in elected body
#Share of votes in next election"
KHM,30,What is the allocation calculation for political parties to receive public funding?,Equal
KHM,31,What are the provisions on 'ear marking' direct public funding to political parties (how it should be used)?,No
KHM,32,Are there provisions for free or subsidized access to media for political parties?,Yes
KHM,33,What criteria determine allocation for free or subsidized access to media for political parties?,"#Equal
#Other"
KHM,34,Are there provisions for free or subsidized access to media for candidates?,No
KHM,35,Are there provisions for any other form of indirect public funding?,No
KHM,36,Is the provision of direct public funding to political parties tied to gender equality among candidates?,No
KHM,37,Are there provisions for other financial advantages to encourage gender equality in political parties?,No
KHM,39,Are there limits on the amount a political party can spend?,No
KHM,40,"If there are limits on the amount a political party can spend, what is the limit?",Not applicable
KHM,41,Are there limits on the amount a candidate can spend?,No
KHM,42,"If there are limits on the amount a candidate can spend, what is the limit?",Not applicable
KIR,28,Are there provisions for direct public funding to political parties?,No public funding available
KIR,29,What are the eligibility criteria for political parties to receive public funding?,Not applicable
KIR,30,What is the allocation calculation for political parties to receive public funding?,Not applicable
KIR,31,What are the provisions on 'ear marking' direct public funding to political parties (how it should be used)?,Not applicable
KIR,32,Are there provisions for free or subsidized access to media for political parties?,No
KIR,33,What criteria determine allocation for free or subsidized access to media for political parties?,Not applicable
KIR,34,Are there provisions for free or subsidized access to media for candidates?,No
KIR,35,Are there provisions for any other form of indirect public funding?,No
KIR,36,Is the provision of direct public funding to political parties tied to gender equality among candidates?,Not applicable
KIR,37,Are there provisions for other financial advantages to encourage gender equality in political parties?,No
KIR,39,Are there limits on the amount a political party can spend?,No
KIR,40,"If there are limits on the amount a political party can spend, what is the limit?",Not applicable
KIR,41,Are there limits on the amount a candidate can spend?,No
KIR,42,"If there are limits on the amount a candidate can spend, what is the limit?",Not applicable
KNA,28,Are there provisions for direct public funding to political parties?,No public funding available
KNA,29,What are the eligibility criteria for political parties to receive public funding?,Not applicable
KNA,30,What is the allocation calculation for political parties to receive public funding?,Not applicable
KNA,31,What are the provisions on 'ear marking' direct public funding to political parties (how it should be used)?,Not applicable
KNA,32,Are there provisions for free or subsidized access to media for political parties?,No
KNA,33,What criteria determine allocation for free or subsidized access to media for political parties?,Not applicable
KNA,34,Are there provisions for free or subsidized access to media for candidates?,No
KNA,35,Are there provisions for any other form of indirect public funding?,No
KNA,36,Is the provision of direct public funding to political parties tied to gender equality among candidates?,Not applicable
KNA,37,Are there provisions for other financial advantages to encourage gender equality in political parties?,No
KNA,39,Are there limits on the amount a political party can spend?,No
KNA,40,"If there are limits on the amount a political party can spend, what is the limit?",Not applicable
KNA,41,Are there limits on the amount a candidate can spend?,No
KNA,42,"If there are limits on the amount a candidate can spend, what is the limit?",Not applicable
KOR,28,Are there provisions for direct public funding to political parties?,"Yes, regularly"
KOR,29,What are the eligibility criteria for political parties to receive public funding?,"#Representation in elected body
#Share of votes in previous election
#Share of seats in previous election"
KOR,30,What is the allocation calculation for political parties to receive public funding?,"Proportional to votes received
Proportional to seats received"
KOR,31,What are the provisions on 'ear marking' direct public funding to political parties (how it should be used)?,"#Campaign spending
#Intra-party institution
#Research and policy initiatives
#Ongoing party activities"
KOR,32,Are there provisions for free or subsidized access to media for political parties?,Yes
KOR,33,What criteria determine allocation for free or subsidized access to media for political parties?,"#Votes Received
#Share of seats"
KOR,34,Are there provisions for free or subsidized access to media for candidates?,Yes
KOR,35,Are there provisions for any other form of indirect public funding?,Yes
KOR,36,Is the provision of direct public funding to political parties tied to gender equality among candidates?,Yes
KOR,37,Are there provisions for other financial advantages to encourage gender equality in political parties?,"Yes, funds earmarked for gender activities"
KOR,39,Are there limits on the amount a political party can spend?,Yes
KOR,40,"If there are limits on the amount a political party can spend, what is the limit?",Other (explain in comments in local currency)
KOR,41,Are there limits on the amount a candidate can spend?,Yes
KOR,42,"If there are limits on the amount a candidate can spend, what is the limit?",Other (explain in comments in local currency)
LBN,28,Are there provisions for direct public funding to political parties?,No public funding available
LBN,29,What are the eligibility criteria for political parties to receive public funding?,Not applicable
LBN,30,What is the allocation calculation for political parties to receive public funding?,Not applicable
LBN,31,What are the provisions on 'ear marking' direct public funding to political parties (how it should be used)?,Not applicable
LBN,32,Are there provisions for free or subsidized access to media for political parties?,Yes
LBN,33,What criteria determine allocation for free or subsidized access to media for political parties?,Equal
LBN,34,Are there provisions for free or subsidized access to media for candidates?,Yes
LBN,35,Are there provisions for any other form of indirect public funding?,No
LBN,36,Is the provision of direct public funding to political parties tied to gender equality among candidates?,Not applicable
LBN,37,Are there provisions for other financial advantages to encourage gender equality in political parties?,No
LBN,39,Are there limits on the amount a political party can spend?,Yes
LBN,40,"If there are limits on the amount a political party can spend, what is the limit?",No data
LBN,41,Are there limits on the amount a candidate can spend?,Yes
LBN,42,"If there are limits on the amount a candidate can spend, what is the limit?",No data
LBR,28,Are there provisions for direct public funding to political parties?,No public funding available
LBR,29,What are the eligibility criteria for political parties to receive public funding?,Not applicable
LBR,30,What is the allocation calculation for political parties to receive public funding?,Not applicable
LBR,31,What are the provisions on 'ear marking' direct public funding to political parties (how it should be used)?,Not applicable
LBR,32,Are there provisions for free or subsidized access to media for political parties?,No
LBR,33,What criteria determine allocation for free or subsidized access to media for political parties?,Not applicable
LBR,34,Are there provisions for free or subsidized access to media for candidates?,No
LBR,35,Are there provisions for any other form of indirect public funding?,No
LBR,36,Is the provision of direct public funding to political parties tied to gender equality among candidates?,Not applicable
LBR,37,Are there provisions for other financial advantages to encourage gender equality in political parties?,No
LBR,39,Are there limits on the amount a political party can spend?,Yes
LBR,40,"If there are limits on the amount a political party can spend, what is the limit?","Representative candidate; USD 400,000 [I$ 711,000] Senate candidate: USD 600,000 [I$ 1,100,000]Vice President candidate: USD 1,000,000 [I$ 1,800,000]President candidate: USD 2,000,000 [I$ 3,600,000](These limits apply also for the supporting political parties)"
LBR,41,Are there limits on the amount a candidate can spend?,Yes
LBR,42,"If there are limits on the amount a candidate can spend, what is the limit?","Representative candidate; USD 400,000 [I$ 711,000] Senate candidate: USD 600,000 [I$ 1,100,000]Vice President candidate: USD 1,000,000 [I$ 1,800,000]President candidate: USD 2,000,000 [I$ 3,600,000]"
LBY,28,Are there provisions for direct public funding to political parties?,"Yes, both regularly and in relation to campaigns"
LBY,29,What are the eligibility criteria for political parties to receive public funding?,Other
LBY,30,What is the allocation calculation for political parties to receive public funding?,Not applicable
LBY,31,What are the provisions on 'ear marking' direct public funding to political parties (how it should be used)?,Not applicable
LBY,32,Are there provisions for free or subsidized access to media for political parties?,No
LBY,33,What criteria determine allocation for free or subsidized access to media for political parties?,Not applicable
LBY,34,Are there provisions for free or subsidized access to media for candidates?,Yes
LBY,35,Are there provisions for any other form of indirect public funding?,No
LBY,36,Is the provision of direct public funding to political parties tied to gender equality among candidates?,Not applicable
LBY,37,Are there provisions for other financial advantages to encourage gender equality in political parties?,No
LBY,39,Are there limits on the amount a political party can spend?,Yes
LBY,40,"If there are limits on the amount a political party can spend, what is the limit?",Determined by The High National Election Commission.
LBY,41,Are there limits on the amount a candidate can spend?,Yes
LBY,42,"If there are limits on the amount a candidate can spend, what is the limit?",Determined by The High National Election Commission.
LCA,28,Are there provisions for direct public funding to political parties?,No public funding available
LCA,29,What are the eligibility criteria for political parties to receive public funding?,Not applicable
LCA,30,What is the allocation calculation for political parties to receive public funding?,Not applicable
LCA,31,What are the provisions on 'ear marking' direct public funding to political parties (how it should be used)?,Not applicable
LCA,32,Are there provisions for free or subsidized access to media for political parties?,Yes
LCA,33,What criteria determine allocation for free or subsidized access to media for political parties?,"#Share of seats
#Other"
LCA,34,Are there provisions for free or subsidized access to media for candidates?,Yes
LCA,35,Are there provisions for any other form of indirect public funding?,Yes
LCA,36,Is the provision of direct public funding to political parties tied to gender equality among candidates?,No
LCA,37,Are there provisions for other financial advantages to encourage gender equality in political parties?,No
LCA,39,Are there limits on the amount a political party can spend?,No
LCA,40,"If there are limits on the amount a political party can spend, what is the limit?",Not applicable
LCA,41,Are there limits on the amount a candidate can spend?,No
LCA,42,"If there are limits on the amount a candidate can spend, what is the limit?",Not applicable
LIE,28,Are there provisions for direct public funding to political parties?,"Yes, regularly"
LIE,29,What are the eligibility criteria for political parties to receive public funding?,"#Representation in elected body
#Share of seats in previous election"
LIE,30,What is the allocation calculation for political parties to receive public funding?,"Equal
Proportional to votes received"
LIE,31,What are the provisions on 'ear marking' direct public funding to political parties (how it should be used)?,"#Ongoing party activities
#Research and policy initiatives"
LIE,32,Are there provisions for free or subsidized access to media for political parties?,No
LIE,33,What criteria determine allocation for free or subsidized access to media for political parties?,Not applicable
LIE,34,Are there provisions for free or subsidized access to media for candidates?,No
LIE,35,Are there provisions for any other form of indirect public funding?,No
LIE,36,Is the provision of direct public funding to political parties tied to gender equality among candidates?,No
LIE,37,Are there provisions for other financial advantages to encourage gender equality in political parties?,No
LIE,39,Are there limits on the amount a political party can spend?,No
LIE,40,"If there are limits on the amount a political party can spend, what is the limit?",Not applicable
LIE,41,Are there limits on the amount a candidate can spend?,No
LIE,42,"If there are limits on the amount a candidate can spend, what is the limit?",Not applicable
LKA,28,Are there provisions for direct public funding to political parties?,"Yes, in relation to campaigns"
LKA,29,What are the eligibility criteria for political parties to receive public funding?,"#Participation in election
#Registration as a political party
#Share of votes in previous election"
LKA,30,What is the allocation calculation for political parties to receive public funding?,Flat rate by votes received
LKA,31,What are the provisions on 'ear marking' direct public funding to political parties (how it should be used)?,No
LKA,32,Are there provisions for free or subsidized access to media for political parties?,Yes
LKA,33,What criteria determine allocation for free or subsidized access to media for political parties?,"#Other
#Number of candidates"
LKA,34,Are there provisions for free or subsidized access to media for candidates?,Yes
LKA,35,Are there provisions for any other form of indirect public funding?,No
LKA,36,Is the provision of direct public funding to political parties tied to gender equality among candidates?,No
LKA,37,Are there provisions for other financial advantages to encourage gender equality in political parties?,No data
LKA,39,Are there limits on the amount a political party can spend?,Yes
LKA,40,"If there are limits on the amount a political party can spend, what is the limit?",other
LKA,41,Are there limits on the amount a candidate can spend?,Yes
LKA,42,"If there are limits on the amount a candidate can spend, what is the limit?",other
LSO,28,Are there provisions for direct public funding to political parties?,"Yes, regularly"
LSO,29,What are the eligibility criteria for political parties to receive public funding?,"#Share of votes in previous election 
#Share of seats in previous election
#Participation in election
#Registration as a political party"
LSO,30,What is the allocation calculation for political parties to receive public funding?,"Proportional to votes received
Proportional to seats received
Other"
LSO,31,What are the provisions on 'ear marking' direct public funding to political parties (how it should be used)?,"#Campaign spending
#Ongoing party activities"
LSO,32,Are there provisions for free or subsidized access to media for political parties?,Yes
LSO,33,What criteria determine allocation for free or subsidized access to media for political parties?,Other
LSO,34,Are there provisions for free or subsidized access to media for candidates?,Yes
LSO,35,Are there provisions for any other form of indirect public funding?,Yes
LSO,36,Is the provision of direct public funding to political parties tied to gender equality among candidates?,No
LSO,37,Are there provisions for other financial advantages to encourage gender equality in political parties?,No
LSO,39,Are there limits on the amount a political party can spend?,No
LSO,40,"If there are limits on the amount a political party can spend, what is the limit?",Not applicable
LSO,41,Are there limits on the amount a candidate can spend?,No
LSO,42,"If there are limits on the amount a candidate can spend, what is the limit?",Not applicable
LTU,28,Are there provisions for direct public funding to political parties?,"Yes, regularly"
LTU,29,What are the eligibility criteria for political parties to receive public funding?,"#Representation in elected body
#Registration as a political party
#Share of votes in previous election"
LTU,30,What is the allocation calculation for political parties to receive public funding?,Proportional to votes received
LTU,31,What are the provisions on 'ear marking' direct public funding to political parties (how it should be used)?,"#Campaign spending
#Research and policy initiatives
#Ongoing party activities
#Other (explain in comments)"
LTU,32,Are there provisions for free or subsidized access to media for political parties?,Yes
LTU,33,What criteria determine allocation for free or subsidized access to media for political parties?,Equal
LTU,34,Are there provisions for free or subsidized access to media for candidates?,Yes
LTU,35,Are there provisions for any other form of indirect public funding?,No
LTU,36,Is the provision of direct public funding to political parties tied to gender equality among candidates?,No
LTU,37,Are there provisions for other financial advantages to encourage gender equality in political parties?,No
LTU,39,Are there limits on the amount a political party can spend?,Yes
LTU,40,"If there are limits on the amount a political party can spend, what is the limit?",Other (explain in comments in local currency)
LTU,41,Are there limits on the amount a candidate can spend?,Yes
LTU,42,"If there are limits on the amount a candidate can spend, what is the limit?",Other (explain in comments in local currency)
LUX,28,Are there provisions for direct public funding to political parties?,"Yes, both regularly and in relation to campaigns"
LUX,29,What are the eligibility criteria for political parties to receive public funding?,"#Representation in elected body
#Share of votes in previous election"
LUX,30,What is the allocation calculation for political parties to receive public funding?,"Equal
Proportional to votes received"
LUX,31,What are the provisions on 'ear marking' direct public funding to political parties (how it should be used)?,"#Campaign spending
#Ongoing party activities"
LUX,32,Are there provisions for free or subsidized access to media for political parties?,No
LUX,33,What criteria determine allocation for free or subsidized access to media for political parties?,Not applicable
LUX,34,Are there provisions for free or subsidized access to media for candidates?,No
LUX,35,Are there provisions for any other form of indirect public funding?,Yes
LUX,36,Is the provision of direct public funding to political parties tied to gender equality among candidates?,Yes
LUX,37,Are there provisions for other financial advantages to encourage gender equality in political parties?,No
LUX,39,Are there limits on the amount a political party can spend?,No
LUX,40,"If there are limits on the amount a political party can spend, what is the limit?",Not applicable
LUX,41,Are there limits on the amount a candidate can spend?,No
LUX,42,"If there are limits on the amount a candidate can spend, what is the limit?",Not applicable
LVA,28,Are there provisions for direct public funding to political parties?,"Yes, regularly"
LVA,29,What are the eligibility criteria for political parties to receive public funding?,Share of votes in previous election
LVA,30,What is the allocation calculation for political parties to receive public funding?,"Proportional to votes received
Flat rate by votes received
Other"
LVA,31,What are the provisions on 'ear marking' direct public funding to political parties (how it should be used)?,"#Campaign spending
#Intra-party institution
#Research and policy initiatives
#Ongoing party activities"
LVA,32,Are there provisions for free or subsidized access to media for political parties?,Yes
LVA,33,What criteria determine allocation for free or subsidized access to media for political parties?,Equal
LVA,34,Are there provisions for free or subsidized access to media for candidates?,Not applicable
LVA,35,Are there provisions for any other form of indirect public funding?,Yes
LVA,36,Is the provision of direct public funding to political parties tied to gender equality among candidates?,No
LVA,37,Are there provisions for other financial advantages to encourage gender equality in political parties?,No
LVA,39,Are there limits on the amount a political party can spend?,Yes
LVA,40,"If there are limits on the amount a political party can spend, what is the limit?",Other (explain in comments in local currency)
LVA,41,Are there limits on the amount a candidate can spend?,Yes
LVA,42,"If there are limits on the amount a candidate can spend, what is the limit?",Other (explain in comments in local currency)
MAR,28,Are there provisions for direct public funding to political parties?,"Yes, both regularly and in relation to campaigns"
MAR,29,What are the eligibility criteria for political parties to receive public funding?,"#Representation in elected body
#Share of votes in previous election
#Participation in election"
MAR,30,What is the allocation calculation for political parties to receive public funding?,"Equal
Proportional to votes received"
MAR,31,What are the provisions on 'ear marking' direct public funding to political parties (how it should be used)?,"#Campaign spending
#Ongoing party activities
#Intra-party institution"
MAR,32,Are there provisions for free or subsidized access to media for political parties?,Yes
MAR,33,What criteria determine allocation for free or subsidized access to media for political parties?,"#Equal
#Share of seats"
MAR,34,Are there provisions for free or subsidized access to media for candidates?,Yes
MAR,35,Are there provisions for any other form of indirect public funding?,Yes
MAR,36,Is the provision of direct public funding to political parties tied to gender equality among candidates?,No
MAR,37,Are there provisions for other financial advantages to encourage gender equality in political parties?,"#Yes, funds earmarked for gender activities
#Other"
MAR,39,Are there limits on the amount a political party can spend?,No
MAR,40,"If there are limits on the amount a political party can spend, what is the limit?",Not applicable
MAR,41,Are there limits on the amount a candidate can spend?,Yes
MAR,42,"If there are limits on the amount a candidate can spend, what is the limit?","500.000 Dirhams for legislative elections and 300.000 Dirhams for those of members of House of Councilors, the upper house. The limits for regional, provincial and prefectural, and communal elections are, in turn, 150.000, 50.000 and 60.000 Dirhams."
MCO,28,Are there provisions for direct public funding to political parties?,No public funding available
MCO,29,What are the eligibility criteria for political parties to receive public funding?,No data
MCO,30,What is the allocation calculation for political parties to receive public funding?,Not applicable
MCO,31,What are the provisions on 'ear marking' direct public funding to political parties (how it should be used)?,No
MCO,32,Are there provisions for free or subsidized access to media for political parties?,No
MCO,33,What criteria determine allocation for free or subsidized access to media for political parties?,No data
MCO,34,Are there provisions for free or subsidized access to media for candidates?,Yes
MCO,35,Are there provisions for any other form of indirect public funding?,No
MCO,36,Is the provision of direct public funding to political parties tied to gender equality among candidates?,No
MCO,37,Are there provisions for other financial advantages to encourage gender equality in political parties?,No
MCO,39,Are there limits on the amount a political party can spend?,No
MCO,40,"If there are limits on the amount a political party can spend, what is the limit?",No data
MCO,41,Are there limits on the amount a candidate can spend?,Yes
MCO,42,"If there are limits on the amount a candidate can spend, what is the limit?",Not less than 240.000€
MDA,28,Are there provisions for direct public funding to political parties?,"Yes, both regularly and in relation to campaigns"
MDA,29,What are the eligibility criteria for political parties to receive public funding?,Other
MDA,30,What is the allocation calculation for political parties to receive public funding?,Other
MDA,31,What are the provisions on 'ear marking' direct public funding to political parties (how it should be used)?,"#Campaign spending
#Intra-party institution
#Research and policy initiatives
#Ongoing party activities"
MDA,32,Are there provisions for free or subsidized access to media for political parties?,Yes
MDA,33,What criteria determine allocation for free or subsidized access to media for political parties?,Equal
MDA,34,Are there provisions for free or subsidized access to media for candidates?,Yes
MDA,35,Are there provisions for any other form of indirect public funding?,No data
MDA,36,Is the provision of direct public funding to political parties tied to gender equality among candidates?,Yes
MDA,37,Are there provisions for other financial advantages to encourage gender equality in political parties?,No data
MDA,39,Are there limits on the amount a political party can spend?,Yes
MDA,40,"If there are limits on the amount a political party can spend, what is the limit?",other
MDA,41,Are there limits on the amount a candidate can spend?,Yes
MDA,42,"If there are limits on the amount a candidate can spend, what is the limit?",other
MDG,28,Are there provisions for direct public funding to political parties?,"Yes, regularly"
MDG,29,What are the eligibility criteria for political parties to receive public funding?,"#Registration as a political party
#Share of votes in previous election"
MDG,30,What is the allocation calculation for political parties to receive public funding?,Proportional to votes received
MDG,31,What are the provisions on 'ear marking' direct public funding to political parties (how it should be used)?,"#Campaign spending
#Ongoing party activities"
MDG,32,Are there provisions for free or subsidized access to media for political parties?,Yes
MDG,33,What criteria determine allocation for free or subsidized access to media for political parties?,Equal
MDG,34,Are there provisions for free or subsidized access to media for candidates?,Yes
MDG,35,Are there provisions for any other form of indirect public funding?,Yes
MDG,36,Is the provision of direct public funding to political parties tied to gender equality among candidates?,No
MDG,37,Are there provisions for other financial advantages to encourage gender equality in political parties?,No
MDG,39,Are there limits on the amount a political party can spend?,No
MDG,40,"If there are limits on the amount a political party can spend, what is the limit?",Not applicable
MDG,41,Are there limits on the amount a candidate can spend?,No
MDG,42,"If there are limits on the amount a candidate can spend, what is the limit?",Not applicable
MDV,28,Are there provisions for direct public funding to political parties?,"Yes, regularly"
MDV,29,What are the eligibility criteria for political parties to receive public funding?,Number of members
MDV,30,What is the allocation calculation for political parties to receive public funding?,Number of members
MDV,31,What are the provisions on 'ear marking' direct public funding to political parties (how it should be used)?,No
MDV,32,Are there provisions for free or subsidized access to media for political parties?,No
MDV,33,What criteria determine allocation for free or subsidized access to media for political parties?,Not applicable
MDV,34,Are there provisions for free or subsidized access to media for candidates?,Yes
MDV,35,Are there provisions for any other form of indirect public funding?,Yes
MDV,36,Is the provision of direct public funding to political parties tied to gender equality among candidates?,No
MDV,37,Are there provisions for other financial advantages to encourage gender equality in political parties?,No
MDV,39,Are there limits on the amount a political party can spend?,No
MDV,40,"If there are limits on the amount a political party can spend, what is the limit?",Not applicable
MDV,41,Are there limits on the amount a candidate can spend?,Yes
MDV,42,"If there are limits on the amount a candidate can spend, what is the limit?",1500MVR per voter per constituency
MEX,28,Are there provisions for direct public funding to political parties?,"Yes, both regularly and in relation to campaigns"
MEX,29,What are the eligibility criteria for political parties to receive public funding?,Registration as a political party
MEX,30,What is the allocation calculation for political parties to receive public funding?,"Proportional to votes received
Flat rate by votes received"
MEX,31,What are the provisions on 'ear marking' direct public funding to political parties (how it should be used)?,"#Campaign spending
#Intra-party institution
#Research and policy initiatives
#Other (explain in comments)"
MEX,32,Are there provisions for free or subsidized access to media for political parties?,Yes
MEX,33,What criteria determine allocation for free or subsidized access to media for political parties?,"#Equal
#Votes Received"
MEX,34,Are there provisions for free or subsidized access to media for candidates?,Yes
MEX,35,Are there provisions for any other form of indirect public funding?,Yes
MEX,36,Is the provision of direct public funding to political parties tied to gender equality among candidates?,Yes
MEX,37,Are there provisions for other financial advantages to encourage gender equality in political parties?,"Yes, funds earmarked for gender activities"
MEX,39,Are there limits on the amount a political party can spend?,Yes
MEX,40,"If there are limits on the amount a political party can spend, what is the limit?",other (explain in comments in local currency)
MEX,41,Are there limits on the amount a candidate can spend?,Yes
MEX,42,"If there are limits on the amount a candidate can spend, what is the limit?",other (explain in comments in local currency)
MHL,28,Are there provisions for direct public funding to political parties?,No public funding available
MHL,29,What are the eligibility criteria for political parties to receive public funding?,Not applicable
MHL,30,What is the allocation calculation for political parties to receive public funding?,Not applicable
MHL,31,What are the provisions on 'ear marking' direct public funding to political parties (how it should be used)?,Not applicable
MHL,32,Are there provisions for free or subsidized access to media for political parties?,No
MHL,33,What criteria determine allocation for free or subsidized access to media for political parties?,Equal
MHL,34,Are there provisions for free or subsidized access to media for candidates?,Yes
MHL,35,Are there provisions for any other form of indirect public funding?,No
MHL,36,Is the provision of direct public funding to political parties tied to gender equality among candidates?,Not applicable
MHL,37,Are there provisions for other financial advantages to encourage gender equality in political parties?,No
MHL,39,Are there limits on the amount a political party can spend?,No
MHL,40,"If there are limits on the amount a political party can spend, what is the limit?",Not applicable
MHL,41,Are there limits on the amount a candidate can spend?,No
MHL,42,"If there are limits on the amount a candidate can spend, what is the limit?",Not applicable
MKD,28,Are there provisions for direct public funding to political parties?,"Yes, regularly"
MKD,29,What are the eligibility criteria for political parties to receive public funding?,"#Participation in election
#Representation in elected body
#Share of votes in next election
#Share of seats in previous election"
MKD,30,What is the allocation calculation for political parties to receive public funding?,Equal
MKD,31,What are the provisions on 'ear marking' direct public funding to political parties (how it should be used)?,"#Campaign spending
#Research and policy initiatives"
MKD,32,Are there provisions for free or subsidized access to media for political parties?,Yes
MKD,33,What criteria determine allocation for free or subsidized access to media for political parties?,Equal
MKD,34,Are there provisions for free or subsidized access to media for candidates?,No
MKD,35,Are there provisions for any other form of indirect public funding?,No
MKD,36,Is the provision of direct public funding to political parties tied to gender equality among candidates?,No
MKD,37,Are there provisions for other financial advantages to encourage gender equality in political parties?,No
MKD,39,Are there limits on the amount a political party can spend?,Yes
MKD,40,"If there are limits on the amount a political party can spend, what is the limit?",other
MKD,41,Are there limits on the amount a candidate can spend?,Yes
MKD,42,"If there are limits on the amount a candidate can spend, what is the limit?",other
MLI,28,Are there provisions for direct public funding to political parties?,"Yes, regularly"
MLI,29,What are the eligibility criteria for political parties to receive public funding?,"#Representation in elected body
#Share of votes in previous election
#Participation in election
#Other"
MLI,30,What is the allocation calculation for political parties to receive public funding?,"Proportional to votes received
Proportional to seats received
Proportional to candidates fielded"
MLI,31,What are the provisions on 'ear marking' direct public funding to political parties (how it should be used)?,No
MLI,32,Are there provisions for free or subsidized access to media for political parties?,Yes
MLI,33,What criteria determine allocation for free or subsidized access to media for political parties?,Equal Not applicable
MLI,34,Are there provisions for free or subsidized access to media for candidates?,Yes
MLI,35,Are there provisions for any other form of indirect public funding?,Yes
MLI,36,Is the provision of direct public funding to political parties tied to gender equality among candidates?,Yes
MLI,37,Are there provisions for other financial advantages to encourage gender equality in political parties?,No
MLI,39,Are there limits on the amount a political party can spend?,No
MLI,40,"If there are limits on the amount a political party can spend, what is the limit?",Not applicable
MLI,41,Are there limits on the amount a candidate can spend?,No
MLI,42,"If there are limits on the amount a candidate can spend, what is the limit?",Not applicable
MLT,28,Are there provisions for direct public funding to political parties?,No public funding available
MLT,29,What are the eligibility criteria for political parties to receive public funding?,Not applicable
MLT,30,What is the allocation calculation for political parties to receive public funding?,Not applicable
MLT,31,What are the provisions on 'ear marking' direct public funding to political parties (how it should be used)?,Not applicable
MLT,32,Are there provisions for free or subsidized access to media for political parties?,Yes
MLT,33,What criteria determine allocation for free or subsidized access to media for political parties?,Other
MLT,34,Are there provisions for free or subsidized access to media for candidates?,Yes
MLT,35,Are there provisions for any other form of indirect public funding?,Yes
MLT,36,Is the provision of direct public funding to political parties tied to gender equality among candidates?,No
MLT,37,Are there provisions for other financial advantages to encourage gender equality in political parties?,No
MLT,39,Are there limits on the amount a political party can spend?,No
MLT,40,"If there are limits on the amount a political party can spend, what is the limit?",Not applicable
MLT,41,Are there limits on the amount a candidate can spend?,Yes
MLT,42,"If there are limits on the amount a candidate can spend, what is the limit?","20,000 EUR for every electoral district"
MMR,28,Are there provisions for direct public funding to political parties?,No public funding available
MMR,29,What are the eligibility criteria for political parties to receive public funding?,Not applicable
MMR,30,What is the allocation calculation for political parties to receive public funding?,Not applicable
MMR,31,What are the provisions on 'ear marking' direct public funding to political parties (how it should be used)?,Not applicable
MMR,32,Are there provisions for free or subsidized access to media for political parties?,Yes
MMR,33,What criteria determine allocation for free or subsidized access to media for political parties?,Not applicable
MMR,34,Are there provisions for free or subsidized access to media for candidates?,No
MMR,35,Are there provisions for any other form of indirect public funding?,Yes
MMR,36,Is the provision of direct public funding to political parties tied to gender equality among candidates?,No
MMR,37,Are there provisions for other financial advantages to encourage gender equality in political parties?,No
MMR,39,Are there limits on the amount a political party can spend?,Yes
MMR,40,"If there are limits on the amount a political party can spend, what is the limit?","Not exceeding 10,000,000 MMK (ten million kyat)"
MMR,41,Are there limits on the amount a candidate can spend?,Yes
MMR,42,"If there are limits on the amount a candidate can spend, what is the limit?","Not exceeding 10,000,000 (ten million) MMK"
MNE,28,Are there provisions for direct public funding to political parties?,"Yes, both regularly and in relation to campaigns"
MNE,29,What are the eligibility criteria for political parties to receive public funding?,"#Representation in elected body
#Participation in election"
MNE,30,What is the allocation calculation for political parties to receive public funding?,"Equal
Proportional to votes received"
MNE,31,What are the provisions on 'ear marking' direct public funding to political parties (how it should be used)?,"#Ongoing party activities
#Intra-party institution
#Research and policy initiatives"
MNE,32,Are there provisions for free or subsidized access to media for political parties?,Yes
MNE,33,What criteria determine allocation for free or subsidized access to media for political parties?,Equal
MNE,34,Are there provisions for free or subsidized access to media for candidates?,Yes
MNE,35,Are there provisions for any other form of indirect public funding?,Yes
MNE,36,Is the provision of direct public funding to political parties tied to gender equality among candidates?,Yes
MNE,37,Are there provisions for other financial advantages to encourage gender equality in political parties?,"Yes, funding to women"
MNE,39,Are there limits on the amount a political party can spend?,Yes
MNE,40,"If there are limits on the amount a political party can spend, what is the limit?",Presidential candidates may spend up to the amount of the total budget allocation for election campaigns plus the maximum amount established for private donations. The spending limit for parliamentary and local elections is determined by the Agency for Prevention of Corruption (APC).
MNE,41,Are there limits on the amount a candidate can spend?,Yes
MNE,42,"If there are limits on the amount a candidate can spend, what is the limit?",Presidential candidates may spend up to the amount of the total budget allocation for election campaigns plus the maximum amount established for private donations. The spending limit for parliamentary and local elections is determined by the Agency for Prevention of Corruption (APC).
MNG,28,Are there provisions for direct public funding to political parties?,"Yes, regularly"
MNG,29,What are the eligibility criteria for political parties to receive public funding?,"#Representation in elected body
#Share of votes in previous election"
MNG,30,What is the allocation calculation for political parties to receive public funding?,"Proportional to votes received
Proportional to seats received"
MNG,31,What are the provisions on 'ear marking' direct public funding to political parties (how it should be used)?,"#Intra-party institution
#Research and policy initiatives
#other"
MNG,32,Are there provisions for free or subsidized access to media for political parties?,Yes
MNG,33,What criteria determine allocation for free or subsidized access to media for political parties?,Equal
MNG,34,Are there provisions for free or subsidized access to media for candidates?,Yes
MNG,35,Are there provisions for any other form of indirect public funding?,Yes
MNG,36,Is the provision of direct public funding to political parties tied to gender equality among candidates?,Yes
MNG,37,Are there provisions for other financial advantages to encourage gender equality in political parties?,"Yes, funds earmarked for gender activities"
MNG,39,Are there limits on the amount a political party can spend?,Yes
MNG,40,"If there are limits on the amount a political party can spend, what is the limit?",other
MNG,41,Are there limits on the amount a candidate can spend?,Yes
MNG,42,"If there are limits on the amount a candidate can spend, what is the limit?",other
MOZ,28,Are there provisions for direct public funding to political parties?,"Yes, both regularly and in relation to campaigns"
MOZ,29,What are the eligibility criteria for political parties to receive public funding?,"#Representation in elected body
#Share of seats in previous election
#Number of candidates nominated
#Participation in election"
MOZ,30,What is the allocation calculation for political parties to receive public funding?,"Proportional to seats received
Proportional to candidates fielded"
MOZ,31,What are the provisions on 'ear marking' direct public funding to political parties (how it should be used)?,Ongoing party activities
MOZ,32,Are there provisions for free or subsidized access to media for political parties?,Yes
MOZ,33,What criteria determine allocation for free or subsidized access to media for political parties?,Other
MOZ,34,Are there provisions for free or subsidized access to media for candidates?,Yes
MOZ,35,Are there provisions for any other form of indirect public funding?,Yes
MOZ,36,Is the provision of direct public funding to political parties tied to gender equality among candidates?,No
MOZ,37,Are there provisions for other financial advantages to encourage gender equality in political parties?,No
MOZ,39,Are there limits on the amount a political party can spend?,No
MOZ,40,"If there are limits on the amount a political party can spend, what is the limit?",Not applicable
MOZ,41,Are there limits on the amount a candidate can spend?,No
MOZ,42,"If there are limits on the amount a candidate can spend, what is the limit?",Not applicable
MRT,28,Are there provisions for direct public funding to political parties?,No public funding available
MRT,29,What are the eligibility criteria for political parties to receive public funding?,Not applicable
MRT,30,What is the allocation calculation for political parties to receive public funding?,Not applicable
MRT,31,What are the provisions on 'ear marking' direct public funding to political parties (how it should be used)?,Not applicable
MRT,32,Are there provisions for free or subsidized access to media for political parties?,No
MRT,33,What criteria determine allocation for free or subsidized access to media for political parties?,Not applicable
MRT,34,Are there provisions for free or subsidized access to media for candidates?,No
MRT,35,Are there provisions for any other form of indirect public funding?,No
MRT,36,Is the provision of direct public funding to political parties tied to gender equality among candidates?,No
MRT,37,Are there provisions for other financial advantages to encourage gender equality in political parties?,No
MRT,39,Are there limits on the amount a political party can spend?,No
MRT,40,"If there are limits on the amount a political party can spend, what is the limit?",Not applicable
MRT,41,Are there limits on the amount a candidate can spend?,Yes
MRT,42,"If there are limits on the amount a candidate can spend, what is the limit?","• PRESIDENTIAL ELECTIONS: 10 Million UM / Moughataa. • LEGISLATIVE ELECTIONS: 10 Million UM / Moughataa. • SENATE ELECTIONS: 05 million UM / Moughataa. • MUNICIPAL ELECTIONS: 07 Million UM / Commune- Moughataa, chief town of Wilaya; : 04 Million UM / Municipality of Moughataa, head of Department; 02 Million UM / Other Rural Communes."
MUS,28,Are there provisions for direct public funding to political parties?,No public funding available
MUS,29,What are the eligibility criteria for political parties to receive public funding?,Not applicable
MUS,30,What is the allocation calculation for political parties to receive public funding?,Not applicable
MUS,31,What are the provisions on 'ear marking' direct public funding to political parties (how it should be used)?,Not applicable
MUS,32,Are there provisions for free or subsidized access to media for political parties?,Yes
MUS,33,What criteria determine allocation for free or subsidized access to media for political parties?,"#Number of candidates
#Share of seats"
MUS,34,Are there provisions for free or subsidized access to media for candidates?,Yes
MUS,35,Are there provisions for any other form of indirect public funding?,No
MUS,36,Is the provision of direct public funding to political parties tied to gender equality among candidates?,No
MUS,37,Are there provisions for other financial advantages to encourage gender equality in political parties?,No
MUS,39,Are there limits on the amount a political party can spend?,No
MUS,40,"If there are limits on the amount a political party can spend, what is the limit?",Not applicable
MUS,41,Are there limits on the amount a candidate can spend?,Yes
MUS,42,"If there are limits on the amount a candidate can spend, what is the limit?","Different spending limits depending on the type of elections: parliamentary elections, 250,000 rupees (USD 7,040), municipal elections, 50,000 rupees (USD 1,400) and regional elections, 100,000 rupees (USD 2,800)."
MWI,28,Are there provisions for direct public funding to political parties?,"Yes, regularly"
MWI,29,What are the eligibility criteria for political parties to receive public funding?,"#Representation in elected body
#Share of votes in previous election
#Share of seats in previous election"
MWI,30,What is the allocation calculation for political parties to receive public funding?,Equal
MWI,31,What are the provisions on 'ear marking' direct public funding to political parties (how it should be used)?,"#Campaign spending
#Intra-party institution
#Research and policy initiatives
#Ongoing party activities"
MWI,32,Are there provisions for free or subsidized access to media for political parties?,Yes
MWI,33,What criteria determine allocation for free or subsidized access to media for political parties?,Equal
MWI,34,Are there provisions for free or subsidized access to media for candidates?,Yes
MWI,35,Are there provisions for any other form of indirect public funding?,No
MWI,36,Is the provision of direct public funding to political parties tied to gender equality among candidates?,No
MWI,37,Are there provisions for other financial advantages to encourage gender equality in political parties?,No
MWI,39,Are there limits on the amount a political party can spend?,No
MWI,40,"If there are limits on the amount a political party can spend, what is the limit?",Not applicable
MWI,41,Are there limits on the amount a candidate can spend?,No
MWI,42,"If there are limits on the amount a candidate can spend, what is the limit?",Not applicable
MYS,28,Are there provisions for direct public funding to political parties?,No public funding available
MYS,29,What are the eligibility criteria for political parties to receive public funding?,Not applicable
MYS,30,What is the allocation calculation for political parties to receive public funding?,Not applicable
MYS,31,What are the provisions on 'ear marking' direct public funding to political parties (how it should be used)?,Not applicable
MYS,32,Are there provisions for free or subsidized access to media for political parties?,No
MYS,33,What criteria determine allocation for free or subsidized access to media for political parties?,Not applicable
MYS,34,Are there provisions for free or subsidized access to media for candidates?,No
MYS,35,Are there provisions for any other form of indirect public funding?,Yes
MYS,36,Is the provision of direct public funding to political parties tied to gender equality among candidates?,Not applicable
MYS,37,Are there provisions for other financial advantages to encourage gender equality in political parties?,No
MYS,39,Are there limits on the amount a political party can spend?,No
MYS,40,"If there are limits on the amount a political party can spend, what is the limit?",Not applicable
MYS,41,Are there limits on the amount a candidate can spend?,Yes
MYS,42,"If there are limits on the amount a candidate can spend, what is the limit?",(a) two hundred thousand ringgit in the case of an election to the Dewan Rakyat;(b) one hundred thousand ringgit in the case of an election to a Legislative Assembly; (c) ten thousand ringgit in the case of an election to a local authority other than a local council;(d) three thousand ringgit in the case of an election to a local council:Provided that paragraphs (c) and (d) shall have no application in Sabah and Sarawak.
NAM,28,Are there provisions for direct public funding to political parties?,"Yes, regularly"
NAM,29,What are the eligibility criteria for political parties to receive public funding?,Representation in elected body
NAM,30,What is the allocation calculation for political parties to receive public funding?,Proportional to votes received
NAM,31,What are the provisions on 'ear marking' direct public funding to political parties (how it should be used)?,No data
NAM,32,Are there provisions for free or subsidized access to media for political parties?,Yes
NAM,33,What criteria determine allocation for free or subsidized access to media for political parties?,Equal
NAM,34,Are there provisions for free or subsidized access to media for candidates?,No
NAM,35,Are there provisions for any other form of indirect public funding?,No
NAM,36,Is the provision of direct public funding to political parties tied to gender equality among candidates?,No
NAM,37,Are there provisions for other financial advantages to encourage gender equality in political parties?,No
NAM,39,Are there limits on the amount a political party can spend?,No
NAM,40,"If there are limits on the amount a political party can spend, what is the limit?",Not applicable
NAM,41,Are there limits on the amount a candidate can spend?,No
NAM,42,"If there are limits on the amount a candidate can spend, what is the limit?",Not applicable
NER,28,Are there provisions for direct public funding to political parties?,"Yes, regularly"
NER,29,What are the eligibility criteria for political parties to receive public funding?,Representation in elected body
NER,30,What is the allocation calculation for political parties to receive public funding?,Proportional to seats received
NER,31,What are the provisions on 'ear marking' direct public funding to political parties (how it should be used)?,Ongoing party activities
NER,32,Are there provisions for free or subsidized access to media for political parties?,Yes
NER,33,What criteria determine allocation for free or subsidized access to media for political parties?,Equal
NER,34,Are there provisions for free or subsidized access to media for candidates?,Yes
NER,35,Are there provisions for any other form of indirect public funding?,Yes
NER,36,Is the provision of direct public funding to political parties tied to gender equality among candidates?,No
NER,37,Are there provisions for other financial advantages to encourage gender equality in political parties?,No
NER,39,Are there limits on the amount a political party can spend?,No
NER,40,"If there are limits on the amount a political party can spend, what is the limit?",Not applicable
NER,41,Are there limits on the amount a candidate can spend?,No
NER,42,"If there are limits on the amount a candidate can spend, what is the limit?",Not applicable
NGA,28,Are there provisions for direct public funding to political parties?,No public funding available
NGA,29,What are the eligibility criteria for political parties to receive public funding?,Not applicable
NGA,30,What is the allocation calculation for political parties to receive public funding?,Not applicable
NGA,31,What are the provisions on 'ear marking' direct public funding to political parties (how it should be used)?,Not applicable
NGA,32,Are there provisions for free or subsidized access to media for political parties?,No
NGA,33,What criteria determine allocation for free or subsidized access to media for political parties?,Not applicable
NGA,34,Are there provisions for free or subsidized access to media for candidates?,No
NGA,35,Are there provisions for any other form of indirect public funding?,No
NGA,36,Is the provision of direct public funding to political parties tied to gender equality among candidates?,No
NGA,37,Are there provisions for other financial advantages to encourage gender equality in political parties?,No
NGA,39,Are there limits on the amount a political party can spend?,Yes
NGA,40,"If there are limits on the amount a political party can spend, what is the limit?",Other
NGA,41,Are there limits on the amount a candidate can spend?,Yes
NGA,42,"If there are limits on the amount a candidate can spend, what is the limit?",Other
NIC,28,Are there provisions for direct public funding to political parties?,"Yes, in relation to campaigns"
NIC,29,What are the eligibility criteria for political parties to receive public funding?,"#Share of votes in previous election
#Participation in election"
NIC,30,What is the allocation calculation for political parties to receive public funding?,Proportional to votes received
NIC,31,What are the provisions on 'ear marking' direct public funding to political parties (how it should be used)?,Campaign spending
NIC,32,Are there provisions for free or subsidized access to media for political parties?,Yes
NIC,33,What criteria determine allocation for free or subsidized access to media for political parties?,Equal
NIC,34,Are there provisions for free or subsidized access to media for candidates?,Yes
NIC,35,Are there provisions for any other form of indirect public funding?,Yes
NIC,36,Is the provision of direct public funding to political parties tied to gender equality among candidates?,No
NIC,37,Are there provisions for other financial advantages to encourage gender equality in political parties?,No
NIC,39,Are there limits on the amount a political party can spend?,No
NIC,40,"If there are limits on the amount a political party can spend, what is the limit?",Not applicable
NIC,41,Are there limits on the amount a candidate can spend?,No
NIC,42,"If there are limits on the amount a candidate can spend, what is the limit?",Not applicable
NLD,28,Are there provisions for direct public funding to political parties?,"Yes, regularly"
NLD,29,What are the eligibility criteria for political parties to receive public funding?,"#Number of members
#Participation in election
#Representation in elected body
#Number of candidates nominated"
NLD,30,What is the allocation calculation for political parties to receive public funding?,"Equal
Proportional to votes received
Number of members"
NLD,31,What are the provisions on 'ear marking' direct public funding to political parties (how it should be used)?,"#Intra-party institution
#Research and policy initiatives
#Ongoing party activities"
NLD,32,Are there provisions for free or subsidized access to media for political parties?,Yes
NLD,33,What criteria determine allocation for free or subsidized access to media for political parties?,Equal
NLD,34,Are there provisions for free or subsidized access to media for candidates?,No
NLD,35,Are there provisions for any other form of indirect public funding?,Yes
NLD,36,Is the provision of direct public funding to political parties tied to gender equality among candidates?,No
NLD,37,Are there provisions for other financial advantages to encourage gender equality in political parties?,No
NLD,39,Are there limits on the amount a political party can spend?,No
NLD,40,"If there are limits on the amount a political party can spend, what is the limit?",Not applicable
NLD,41,Are there limits on the amount a candidate can spend?,No
NLD,42,"If there are limits on the amount a candidate can spend, what is the limit?",Not applicable
NOR,28,Are there provisions for direct public funding to political parties?,"Yes, regularly"
NOR,29,What are the eligibility criteria for political parties to receive public funding?,"#Representation in elected body
#Share of votes in previous election"
NOR,30,What is the allocation calculation for political parties to receive public funding?,"Equal
Proportional to votes received"
NOR,31,What are the provisions on 'ear marking' direct public funding to political parties (how it should be used)?,No
NOR,32,Are there provisions for free or subsidized access to media for political parties?,No
NOR,33,What criteria determine allocation for free or subsidized access to media for political parties?,Not applicable
NOR,34,Are there provisions for free or subsidized access to media for candidates?,No
NOR,35,Are there provisions for any other form of indirect public funding?,Yes
NOR,36,Is the provision of direct public funding to political parties tied to gender equality among candidates?,No
NOR,37,Are there provisions for other financial advantages to encourage gender equality in political parties?,No
NOR,39,Are there limits on the amount a political party can spend?,No
NOR,40,"If there are limits on the amount a political party can spend, what is the limit?",Not applicable
NOR,41,Are there limits on the amount a candidate can spend?,No
NOR,42,"If there are limits on the amount a candidate can spend, what is the limit?",Not applicable
NPL,28,Are there provisions for direct public funding to political parties?,No public funding available
NPL,29,What are the eligibility criteria for political parties to receive public funding?,Not applicable
NPL,30,What is the allocation calculation for political parties to receive public funding?,Not applicable
NPL,31,What are the provisions on 'ear marking' direct public funding to political parties (how it should be used)?,Not applicable
NPL,32,Are there provisions for free or subsidized access to media for political parties?,No
NPL,33,What criteria determine allocation for free or subsidized access to media for political parties?,Not applicable
NPL,34,Are there provisions for free or subsidized access to media for candidates?,No
NPL,35,Are there provisions for any other form of indirect public funding?,No
NPL,36,Is the provision of direct public funding to political parties tied to gender equality among candidates?,No
NPL,37,Are there provisions for other financial advantages to encourage gender equality in political parties?,No
NPL,39,Are there limits on the amount a political party can spend?,Yes
NPL,40,"If there are limits on the amount a political party can spend, what is the limit?","Every party was free to spend up to NPR 200,000 (€1,639) per PR candidate seeking a seat in the House of Representatives and up to NPR 150,000 (€1,229) per PR candidate running for a seat in a provincial assembly."
NPL,41,Are there limits on the amount a candidate can spend?,Yes
NPL,42,"If there are limits on the amount a candidate can spend, what is the limit?",As prescribed by the Election Commission
NRU,28,Are there provisions for direct public funding to political parties?,No public funding available
NRU,29,What are the eligibility criteria for political parties to receive public funding?,Not applicable
NRU,30,What is the allocation calculation for political parties to receive public funding?,Not applicable
NRU,31,What are the provisions on 'ear marking' direct public funding to political parties (how it should be used)?,Not applicable
NRU,32,Are there provisions for free or subsidized access to media for political parties?,No
NRU,33,What criteria determine allocation for free or subsidized access to media for political parties?,Not applicable
NRU,34,Are there provisions for free or subsidized access to media for candidates?,No
NRU,35,Are there provisions for any other form of indirect public funding?,Yes
NRU,36,Is the provision of direct public funding to political parties tied to gender equality among candidates?,Not applicable
NRU,37,Are there provisions for other financial advantages to encourage gender equality in political parties?,No
NRU,39,Are there limits on the amount a political party can spend?,No
NRU,40,"If there are limits on the amount a political party can spend, what is the limit?",Not applicable
NRU,41,Are there limits on the amount a candidate can spend?,No
NRU,42,"If there are limits on the amount a candidate can spend, what is the limit?",Not applicable
NZL,28,Are there provisions for direct public funding to political parties?,"Yes, in relation to campaigns"
NZL,29,What are the eligibility criteria for political parties to receive public funding?,Registration as a political party
NZL,30,What is the allocation calculation for political parties to receive public funding?,Other
NZL,31,What are the provisions on 'ear marking' direct public funding to political parties (how it should be used)?,Other
NZL,32,Are there provisions for free or subsidized access to media for political parties?,Yes
NZL,33,What criteria determine allocation for free or subsidized access to media for political parties?,Other
NZL,34,Are there provisions for free or subsidized access to media for candidates?,Yes
NZL,35,Are there provisions for any other form of indirect public funding?,Yes
NZL,36,Is the provision of direct public funding to political parties tied to gender equality among candidates?,No
NZL,37,Are there provisions for other financial advantages to encourage gender equality in political parties?,No
NZL,39,Are there limits on the amount a political party can spend?,Yes
NZL,40,"If there are limits on the amount a political party can spend, what is the limit?",Other (explain in comments in local currency)
NZL,41,Are there limits on the amount a candidate can spend?,Yes
NZL,42,"If there are limits on the amount a candidate can spend, what is the limit?",Other (explain in comments in local currency)
PAK,28,Are there provisions for direct public funding to political parties?,No public funding available
PAK,29,What are the eligibility criteria for political parties to receive public funding?,Not applicable
PAK,30,What is the allocation calculation for political parties to receive public funding?,Not applicable
PAK,31,What are the provisions on 'ear marking' direct public funding to political parties (how it should be used)?,Not applicable
PAK,32,Are there provisions for free or subsidized access to media for political parties?,Yes
PAK,33,What criteria determine allocation for free or subsidized access to media for political parties?,Other
PAK,34,Are there provisions for free or subsidized access to media for candidates?,Yes
PAK,35,Are there provisions for any other form of indirect public funding?,No
PAK,36,Is the provision of direct public funding to political parties tied to gender equality among candidates?,Not applicable
PAK,37,Are there provisions for other financial advantages to encourage gender equality in political parties?,No
PAK,39,Are there limits on the amount a political party can spend?,No
PAK,40,"If there are limits on the amount a political party can spend, what is the limit?",Not applicable
PAK,41,Are there limits on the amount a candidate can spend?,Yes
PAK,42,"If there are limits on the amount a candidate can spend, what is the limit?","As per section 132 (3) (a) (b) (c) Elections Act, 2017, expense limits are as follows;(a) One million and five hundred thousand rupees for election to a seat in the Senate; (b) four million rupees for election to a seat in the National Assembly and (c) two million rupees for election to a seat in a Provincial Assembly."
PAN,28,Are there provisions for direct public funding to political parties?,"Yes, both regularly and in relation to campaigns"
PAN,29,What are the eligibility criteria for political parties to receive public funding?,"#Participation in election
#Representation in elected body
#Share of seats in next election
#Registration as a political party
#Share of votes in previous election
#Share of seats in previous election"
PAN,30,What is the allocation calculation for political parties to receive public funding?,"Equal
Proportional to votes received
Other"
PAN,31,What are the provisions on 'ear marking' direct public funding to political parties (how it should be used)?,"#Campaign spending
#Intra-party institution
#Ongoing party activities"
PAN,32,Are there provisions for free or subsidized access to media for political parties?,Yes
PAN,33,What criteria determine allocation for free or subsidized access to media for political parties?,Equal
PAN,34,Are there provisions for free or subsidized access to media for candidates?,Yes
PAN,35,Are there provisions for any other form of indirect public funding?,Yes
PAN,36,Is the provision of direct public funding to political parties tied to gender equality among candidates?,Yes
PAN,37,Are there provisions for other financial advantages to encourage gender equality in political parties?,No
PAN,39,Are there limits on the amount a political party can spend?,Yes
PAN,40,"If there are limits on the amount a political party can spend, what is the limit?",other
PAN,41,Are there limits on the amount a candidate can spend?,Yes
PAN,42,"If there are limits on the amount a candidate can spend, what is the limit?",other
PER,28,Are there provisions for direct public funding to political parties?,"Yes, regularly"
PER,29,What are the eligibility criteria for political parties to receive public funding?,Representation in elected body
PER,30,What is the allocation calculation for political parties to receive public funding?,Proportional to votes received
PER,31,What are the provisions on 'ear marking' direct public funding to political parties (how it should be used)?,"#Campaign spending
#Intra-party institution
#Research and policy initiatives
#Ongoing party activities"
PER,32,Are there provisions for free or subsidized access to media for political parties?,Yes
PER,33,What criteria determine allocation for free or subsidized access to media for political parties?,Other
PER,34,Are there provisions for free or subsidized access to media for candidates?,No
PER,35,Are there provisions for any other form of indirect public funding?,No
PER,36,Is the provision of direct public funding to political parties tied to gender equality among candidates?,No
PER,37,Are there provisions for other financial advantages to encourage gender equality in political parties?,No
PER,39,Are there limits on the amount a political party can spend?,No
PER,40,"If there are limits on the amount a political party can spend, what is the limit?",Not applicable
PER,41,Are there limits on the amount a candidate can spend?,No
PER,42,"If there are limits on the amount a candidate can spend, what is the limit?",Not applicable
PHL,28,Are there provisions for direct public funding to political parties?,No public funding available
PHL,29,What are the eligibility criteria for political parties to receive public funding?,Not applicable
PHL,30,What is the allocation calculation for political parties to receive public funding?,Not applicable
PHL,31,What are the provisions on 'ear marking' direct public funding to political parties (how it should be used)?,Not applicable
PHL,32,Are there provisions for free or subsidized access to media for political parties?,No
PHL,33,What criteria determine allocation for free or subsidized access to media for political parties?,Not applicable
PHL,34,Are there provisions for free or subsidized access to media for candidates?,Yes
PHL,35,Are there provisions for any other form of indirect public funding?,Yes
PHL,36,Is the provision of direct public funding to political parties tied to gender equality among candidates?,Not applicable
PHL,37,Are there provisions for other financial advantages to encourage gender equality in political parties?,No
PHL,39,Are there limits on the amount a political party can spend?,Yes
PHL,40,"If there are limits on the amount a political party can spend, what is the limit?",Five pesos for every voter currently registered in the constituency or constituencies where the party has official candidates.
PHL,41,Are there limits on the amount a candidate can spend?,Yes
PHL,42,"If there are limits on the amount a candidate can spend, what is the limit?",Ten pesos for every registered voter for President and Vice-President candidates; Three pesos for every registered voter in the constituency where the candidate filed a certificate of candidacy for other candidates with a political party; Five pesos for every registered voter in the constituency where the candidate filed a certificate of candidacy for other candidates without any political party and without support from any political party.
PLW,28,Are there provisions for direct public funding to political parties?,No public funding available
PLW,29,What are the eligibility criteria for political parties to receive public funding?,Not applicable
PLW,30,What is the allocation calculation for political parties to receive public funding?,Not applicable
PLW,31,What are the provisions on 'ear marking' direct public funding to political parties (how it should be used)?,Not applicable
PLW,32,Are there provisions for free or subsidized access to media for political parties?,No
PLW,33,What criteria determine allocation for free or subsidized access to media for political parties?,Not applicable
PLW,34,Are there provisions for free or subsidized access to media for candidates?,Yes
PLW,35,Are there provisions for any other form of indirect public funding?,No
PLW,36,Is the provision of direct public funding to political parties tied to gender equality among candidates?,Not applicable
PLW,37,Are there provisions for other financial advantages to encourage gender equality in political parties?,No
PLW,39,Are there limits on the amount a political party can spend?,No
PLW,40,"If there are limits on the amount a political party can spend, what is the limit?",Not applicable
PLW,41,Are there limits on the amount a candidate can spend?,No
PLW,42,"If there are limits on the amount a candidate can spend, what is the limit?",Not applicable
PNG,28,Are there provisions for direct public funding to political parties?,"Yes, regularly"
PNG,29,What are the eligibility criteria for political parties to receive public funding?,Representation in elected body
PNG,30,What is the allocation calculation for political parties to receive public funding?,Proportional to seats received
PNG,31,What are the provisions on 'ear marking' direct public funding to political parties (how it should be used)?,No
PNG,32,Are there provisions for free or subsidized access to media for political parties?,No
PNG,33,What criteria determine allocation for free or subsidized access to media for political parties?,Not applicable
PNG,34,Are there provisions for free or subsidized access to media for candidates?,No
PNG,35,Are there provisions for any other form of indirect public funding?,Yes
PNG,36,Is the provision of direct public funding to political parties tied to gender equality among candidates?,Yes
PNG,37,Are there provisions for other financial advantages to encourage gender equality in political parties?,No
PNG,39,Are there limits on the amount a political party can spend?,No
PNG,40,"If there are limits on the amount a political party can spend, what is the limit?",Not applicable
PNG,41,Are there limits on the amount a candidate can spend?,No
PNG,42,"If there are limits on the amount a candidate can spend, what is the limit?",Not applicable
POL,28,Are there provisions for direct public funding to political parties?,"Yes, both regularly and in relation to campaigns"
POL,29,What are the eligibility criteria for political parties to receive public funding?,"#Participation in election
#Registration as a political party
#Share of votes in previous election
#Share of seats in previous election"
POL,30,What is the allocation calculation for political parties to receive public funding?,"Proportional to votes received
Proportional to seats received"
POL,31,What are the provisions on 'ear marking' direct public funding to political parties (how it should be used)?,"#Campaign spending
#Ongoing party activities"
POL,32,Are there provisions for free or subsidized access to media for political parties?,Yes
POL,33,What criteria determine allocation for free or subsidized access to media for political parties?,other
POL,34,Are there provisions for free or subsidized access to media for candidates?,Yes
POL,35,Are there provisions for any other form of indirect public funding?,Yes
POL,36,Is the provision of direct public funding to political parties tied to gender equality among candidates?,Yes
POL,37,Are there provisions for other financial advantages to encourage gender equality in political parties?,No
POL,39,Are there limits on the amount a political party can spend?,No
POL,40,"If there are limits on the amount a political party can spend, what is the limit?",Not applicable
POL,41,Are there limits on the amount a candidate can spend?,Yes
POL,42,"If there are limits on the amount a candidate can spend, what is the limit?",other
PRT,28,Are there provisions for direct public funding to political parties?,"Yes, both regularly and in relation to campaigns"
PRT,29,What are the eligibility criteria for political parties to receive public funding?,"#Representation in elected body
#Share of votes in previous election
#Number of candidates nominated
#Participation in election"
PRT,30,What is the allocation calculation for political parties to receive public funding?,"Equal
Proportional to votes received"
PRT,31,What are the provisions on 'ear marking' direct public funding to political parties (how it should be used)?,No
PRT,32,Are there provisions for free or subsidized access to media for political parties?,Yes
PRT,33,What criteria determine allocation for free or subsidized access to media for political parties?,Equal
PRT,34,Are there provisions for free or subsidized access to media for candidates?,Yes
PRT,35,Are there provisions for any other form of indirect public funding?,Yes
PRT,36,Is the provision of direct public funding to political parties tied to gender equality among candidates?,Yes
PRT,37,Are there provisions for other financial advantages to encourage gender equality in political parties?,No
PRT,39,Are there limits on the amount a political party can spend?,Yes
PRT,40,"If there are limits on the amount a political party can spend, what is the limit?",Up to 10.000 the value of the minimum wage depending on the election.
PRT,41,Are there limits on the amount a candidate can spend?,Yes
PRT,42,"If there are limits on the amount a candidate can spend, what is the limit?","From 150 to 12,500 minimum monthly wages depending on election type."
PRY,28,Are there provisions for direct public funding to political parties?,"Yes, both regularly and in relation to campaigns"
PRY,29,What are the eligibility criteria for political parties to receive public funding?,Share of votes in previous election
PRY,30,What is the allocation calculation for political parties to receive public funding?,Proportional to votes received
PRY,31,What are the provisions on 'ear marking' direct public funding to political parties (how it should be used)?,"#Campaign spending
#Intra-party institution
#Research and policy initiatives
#Ongoing party activities"
PRY,32,Are there provisions for free or subsidized access to media for political parties?,Yes
PRY,33,What criteria determine allocation for free or subsidized access to media for political parties?,Equal
PRY,34,Are there provisions for free or subsidized access to media for candidates?,No
PRY,35,Are there provisions for any other form of indirect public funding?,Yes
PRY,36,Is the provision of direct public funding to political parties tied to gender equality among candidates?,No
PRY,37,Are there provisions for other financial advantages to encourage gender equality in political parties?,No
PRY,39,Are there limits on the amount a political party can spend?,Yes
PRY,40,"If there are limits on the amount a political party can spend, what is the limit?",other
PRY,41,Are there limits on the amount a candidate can spend?,No
PRY,42,"If there are limits on the amount a candidate can spend, what is the limit?",Not applicable
ROU,28,Are there provisions for direct public funding to political parties?,"Yes, regularly"
ROU,29,What are the eligibility criteria for political parties to receive public funding?,"#Share of votes in previous election
#Share of seats in previous election"
ROU,30,What is the allocation calculation for political parties to receive public funding?,Proportional to votes received
ROU,31,What are the provisions on 'ear marking' direct public funding to political parties (how it should be used)?,Ongoing party activities
ROU,32,Are there provisions for free or subsidized access to media for political parties?,Yes
ROU,33,What criteria determine allocation for free or subsidized access to media for political parties?,"#Equal
#Number of candidates
#Share of seats
#Other"
ROU,34,Are there provisions for free or subsidized access to media for candidates?,Yes
ROU,35,Are there provisions for any other form of indirect public funding?,Yes
ROU,36,Is the provision of direct public funding to political parties tied to gender equality among candidates?,Yes
ROU,37,Are there provisions for other financial advantages to encourage gender equality in political parties?,No
ROU,39,Are there limits on the amount a political party can spend?,No
ROU,40,"If there are limits on the amount a political party can spend, what is the limit?",Not applicable
ROU,41,Are there limits on the amount a candidate can spend?,Yes
ROU,42,"If there are limits on the amount a candidate can spend, what is the limit?",The limits on expenditures vary based on the type of elections.
RUS,28,Are there provisions for direct public funding to political parties?,"Yes, both regularly and in relation to campaigns"
RUS,29,What are the eligibility criteria for political parties to receive public funding?,Share of votes in previous election
RUS,30,What is the allocation calculation for political parties to receive public funding?,Flat rate by votes received
RUS,31,What are the provisions on 'ear marking' direct public funding to political parties (how it should be used)?,Realize the objectives and to attain the goals provided in the charter and program of a political party.
RUS,32,Are there provisions for free or subsidized access to media for political parties?,Yes
RUS,33,What criteria determine allocation for free or subsidized access to media for political parties?,Equal
RUS,34,Are there provisions for free or subsidized access to media for candidates?,Yes
RUS,35,Are there provisions for any other form of indirect public funding?,Yes
RUS,36,Is the provision of direct public funding to political parties tied to gender equality among candidates?,No
RUS,37,Are there provisions for other financial advantages to encourage gender equality in political parties?,No
RUS,39,Are there limits on the amount a political party can spend?,Yes
RUS,40,"If there are limits on the amount a political party can spend, what is the limit?",Maximum 700 million RUB for a political party (for Parliamentary elections) and maximum 400 million RUB for a candidate running for the Presidential elections.
RUS,41,Are there limits on the amount a candidate can spend?,Yes
RUS,42,"If there are limits on the amount a candidate can spend, what is the limit?",Maximum 40 million RUB for an individual candidate running in single-mandate electoral district (for the Parliamentary elections) and maximum 400 million RUB for a candidate running for the Presidential elections.
RWA,28,Are there provisions for direct public funding to political parties?,"Yes, both regularly and in relation to campaigns"
RWA,29,What are the eligibility criteria for political parties to receive public funding?,Registration as a political party
RWA,30,What is the allocation calculation for political parties to receive public funding?,Equal
RWA,31,What are the provisions on 'ear marking' direct public funding to political parties (how it should be used)?,Campaign spending
RWA,32,Are there provisions for free or subsidized access to media for political parties?,Yes
RWA,33,What criteria determine allocation for free or subsidized access to media for political parties?,Equal
RWA,34,Are there provisions for free or subsidized access to media for candidates?,Yes
RWA,35,Are there provisions for any other form of indirect public funding?,No
RWA,36,Is the provision of direct public funding to political parties tied to gender equality among candidates?,No
RWA,37,Are there provisions for other financial advantages to encourage gender equality in political parties?,No
RWA,39,Are there limits on the amount a political party can spend?,No
RWA,40,"If there are limits on the amount a political party can spend, what is the limit?",Not applicable
RWA,41,Are there limits on the amount a candidate can spend?,No
RWA,42,"If there are limits on the amount a candidate can spend, what is the limit?",Not applicable
SDN,28,Are there provisions for direct public funding to political parties?,No public funding available
SDN,29,What are the eligibility criteria for political parties to receive public funding?,Not applicable
SDN,30,What is the allocation calculation for political parties to receive public funding?,Not applicable
SDN,31,What are the provisions on 'ear marking' direct public funding to political parties (how it should be used)?,Not applicable
SDN,32,Are there provisions for free or subsidized access to media for political parties?,Yes
SDN,33,What criteria determine allocation for free or subsidized access to media for political parties?,Equal
SDN,34,Are there provisions for free or subsidized access to media for candidates?,Yes
SDN,35,Are there provisions for any other form of indirect public funding?,Yes
SDN,36,Is the provision of direct public funding to political parties tied to gender equality among candidates?,Not applicable
SDN,37,Are there provisions for other financial advantages to encourage gender equality in political parties?,No
SDN,39,Are there limits on the amount a political party can spend?,Yes
SDN,40,"If there are limits on the amount a political party can spend, what is the limit?",No data
SDN,41,Are there limits on the amount a candidate can spend?,No data
SDN,42,"If there are limits on the amount a candidate can spend, what is the limit?",No data
SEN,28,Are there provisions for direct public funding to political parties?,No public funding available
SEN,29,What are the eligibility criteria for political parties to receive public funding?,Not applicable
SEN,30,What is the allocation calculation for political parties to receive public funding?,Not applicable
SEN,31,What are the provisions on 'ear marking' direct public funding to political parties (how it should be used)?,Not applicable
SEN,32,Are there provisions for free or subsidized access to media for political parties?,Yes
SEN,33,What criteria determine allocation for free or subsidized access to media for political parties?,"#Equal
#Share of seats"
SEN,34,Are there provisions for free or subsidized access to media for candidates?,Yes
SEN,35,Are there provisions for any other form of indirect public funding?,Yes
SEN,36,Is the provision of direct public funding to political parties tied to gender equality among candidates?,No
SEN,37,Are there provisions for other financial advantages to encourage gender equality in political parties?,No data
SEN,39,Are there limits on the amount a political party can spend?,No
SEN,40,"If there are limits on the amount a political party can spend, what is the limit?",Not applicable
SEN,41,Are there limits on the amount a candidate can spend?,No
SEN,42,"If there are limits on the amount a candidate can spend, what is the limit?",Not applicable
SGP,28,Are there provisions for direct public funding to political parties?,No public funding available
SGP,29,What are the eligibility criteria for political parties to receive public funding?,Not applicable
SGP,30,What is the allocation calculation for political parties to receive public funding?,Not applicable
SGP,31,What are the provisions on 'ear marking' direct public funding to political parties (how it should be used)?,Not applicable
SGP,32,Are there provisions for free or subsidized access to media for political parties?,No
SGP,33,What criteria determine allocation for free or subsidized access to media for political parties?,Not applicable
SGP,34,Are there provisions for free or subsidized access to media for candidates?,No
SGP,35,Are there provisions for any other form of indirect public funding?,No
SGP,36,Is the provision of direct public funding to political parties tied to gender equality among candidates?,Not applicable
SGP,37,Are there provisions for other financial advantages to encourage gender equality in political parties?,No
SGP,39,Are there limits on the amount a political party can spend?,No
SGP,40,"If there are limits on the amount a political party can spend, what is the limit?",Not applicable
SGP,41,Are there limits on the amount a candidate can spend?,No
SGP,42,"If there are limits on the amount a candidate can spend, what is the limit?",Not applicable
SLB,28,Are there provisions for direct public funding to political parties?,"Yes, regularly"
SLB,29,What are the eligibility criteria for political parties to receive public funding?,Number of members
SLB,30,What is the allocation calculation for political parties to receive public funding?,Number of members
SLB,31,What are the provisions on 'ear marking' direct public funding to political parties (how it should be used)?,Ongoing party activities
SLB,32,Are there provisions for free or subsidized access to media for political parties?,No
SLB,33,What criteria determine allocation for free or subsidized access to media for political parties?,Not applicable
SLB,34,Are there provisions for free or subsidized access to media for candidates?,No
SLB,35,Are there provisions for any other form of indirect public funding?,No
SLB,36,Is the provision of direct public funding to political parties tied to gender equality among candidates?,No
SLB,37,Are there provisions for other financial advantages to encourage gender equality in political parties?,Other
SLB,39,Are there limits on the amount a political party can spend?,No
SLB,40,"If there are limits on the amount a political party can spend, what is the limit?",Not applicable
SLB,41,Are there limits on the amount a candidate can spend?,Yes
SLB,42,"If there are limits on the amount a candidate can spend, what is the limit?",50000.0
SLE,28,Are there provisions for direct public funding to political parties?,No public funding available
SLE,29,What are the eligibility criteria for political parties to receive public funding?,Not applicable
SLE,30,What is the allocation calculation for political parties to receive public funding?,Not applicable
SLE,31,What are the provisions on 'ear marking' direct public funding to political parties (how it should be used)?,Not applicable
SLE,32,Are there provisions for free or subsidized access to media for political parties?,Yes
SLE,33,What criteria determine allocation for free or subsidized access to media for political parties?,Equal
SLE,34,Are there provisions for free or subsidized access to media for candidates?,Yes
SLE,35,Are there provisions for any other form of indirect public funding?,Yes
SLE,36,Is the provision of direct public funding to political parties tied to gender equality among candidates?,Not applicable
SLE,37,Are there provisions for other financial advantages to encourage gender equality in political parties?,No
SLE,39,Are there limits on the amount a political party can spend?,No
SLE,40,"If there are limits on the amount a political party can spend, what is the limit?",Not applicable
SLE,41,Are there limits on the amount a candidate can spend?,No
SLE,42,"If there are limits on the amount a candidate can spend, what is the limit?",Not applicable
SLV,28,Are there provisions for direct public funding to political parties?,No public funding available
SLV,29,What are the eligibility criteria for political parties to receive public funding?,Not applicable
SLV,30,What is the allocation calculation for political parties to receive public funding?,Not applicable
SLV,31,What are the provisions on 'ear marking' direct public funding to political parties (how it should be used)?,Not applicable
SLV,32,Are there provisions for free or subsidized access to media for political parties?,Yes
SLV,33,What criteria determine allocation for free or subsidized access to media for political parties?,"#Equal
#Votes Received"
SLV,34,Are there provisions for free or subsidized access to media for candidates?,Not applicable
SLV,35,Are there provisions for any other form of indirect public funding?,Yes
SLV,36,Is the provision of direct public funding to political parties tied to gender equality among candidates?,Not applicable
SLV,37,Are there provisions for other financial advantages to encourage gender equality in political parties?,No
SLV,39,Are there limits on the amount a political party can spend?,No
SLV,40,"If there are limits on the amount a political party can spend, what is the limit?",Not applicable
SLV,41,Are there limits on the amount a candidate can spend?,No
SLV,42,"If there are limits on the amount a candidate can spend, what is the limit?",Not applicable
SMR,28,Are there provisions for direct public funding to political parties?,"Yes, both regularly and in relation to campaigns"
SMR,29,What are the eligibility criteria for political parties to receive public funding?,"#Representation in elected body
#Share of seats in previous election
#Participation in election"
SMR,30,What is the allocation calculation for political parties to receive public funding?,Proportional to seats received
SMR,31,What are the provisions on 'ear marking' direct public funding to political parties (how it should be used)?,No data
SMR,32,Are there provisions for free or subsidized access to media for political parties?,Yes
SMR,33,What criteria determine allocation for free or subsidized access to media for political parties?,Equal
SMR,34,Are there provisions for free or subsidized access to media for candidates?,Yes
SMR,35,Are there provisions for any other form of indirect public funding?,Yes
SMR,36,Is the provision of direct public funding to political parties tied to gender equality among candidates?,No data
SMR,37,Are there provisions for other financial advantages to encourage gender equality in political parties?,No data
SMR,39,Are there limits on the amount a political party can spend?,Yes
SMR,40,"If there are limits on the amount a political party can spend, what is the limit?","It cannot exceed the public funds given to the largest group in parliament, some EUR 630,000 for 2016 elections."
SMR,41,Are there limits on the amount a candidate can spend?,Yes
SMR,42,"If there are limits on the amount a candidate can spend, what is the limit?","It cannot exceed the public funds given to the largest group in parliament, some EUR 630,000 for 2016 elections."
SRB,28,Are there provisions for direct public funding to political parties?,"Yes, both regularly and in relation to campaigns"
SRB,29,What are the eligibility criteria for political parties to receive public funding?,"#Participation in election
#Representation in elected body
#Share of votes in next election
#Share of votes in previous election"
SRB,30,What is the allocation calculation for political parties to receive public funding?,"Equal
Proportional to votes received
Proportional to seats received"
SRB,31,What are the provisions on 'ear marking' direct public funding to political parties (how it should be used)?,"#Campaign spending
#Research and policy initiatives
#Ongoing party activities"
SRB,32,Are there provisions for free or subsidized access to media for political parties?,Yes
SRB,33,What criteria determine allocation for free or subsidized access to media for political parties?,Equal
SRB,34,Are there provisions for free or subsidized access to media for candidates?,Yes
SRB,35,Are there provisions for any other form of indirect public funding?,Yes
SRB,36,Is the provision of direct public funding to political parties tied to gender equality among candidates?,No
SRB,37,Are there provisions for other financial advantages to encourage gender equality in political parties?,No
SRB,39,Are there limits on the amount a political party can spend?,No
SRB,40,"If there are limits on the amount a political party can spend, what is the limit?",Not applicable
SRB,41,Are there limits on the amount a candidate can spend?,No
SRB,42,"If there are limits on the amount a candidate can spend, what is the limit?",Not applicable
STP,28,Are there provisions for direct public funding to political parties?,"Yes, both regularly and in relation to campaigns"
STP,29,What are the eligibility criteria for political parties to receive public funding?,Other
STP,30,What is the allocation calculation for political parties to receive public funding?,No data
STP,31,What are the provisions on 'ear marking' direct public funding to political parties (how it should be used)?,No data
STP,32,Are there provisions for free or subsidized access to media for political parties?,No data
STP,33,What criteria determine allocation for free or subsidized access to media for political parties?,Other
STP,34,Are there provisions for free or subsidized access to media for candidates?,No data
STP,35,Are there provisions for any other form of indirect public funding?,No
STP,36,Is the provision of direct public funding to political parties tied to gender equality among candidates?,No
STP,37,Are there provisions for other financial advantages to encourage gender equality in political parties?,No
STP,39,Are there limits on the amount a political party can spend?,Yes
STP,40,"If there are limits on the amount a political party can spend, what is the limit?",Not applicable
STP,41,Are there limits on the amount a candidate can spend?,No
STP,42,"If there are limits on the amount a candidate can spend, what is the limit?",No data
SUR,28,Are there provisions for direct public funding to political parties?,No public funding available
SUR,29,What are the eligibility criteria for political parties to receive public funding?,Not applicable
SUR,30,What is the allocation calculation for political parties to receive public funding?,No data
SUR,31,What are the provisions on 'ear marking' direct public funding to political parties (how it should be used)?,Not applicable
SUR,32,Are there provisions for free or subsidized access to media for political parties?,No data
SUR,33,What criteria determine allocation for free or subsidized access to media for political parties?,No data
SUR,34,Are there provisions for free or subsidized access to media for candidates?,No data
SUR,35,Are there provisions for any other form of indirect public funding?,No
SUR,36,Is the provision of direct public funding to political parties tied to gender equality among candidates?,Not applicable
SUR,37,Are there provisions for other financial advantages to encourage gender equality in political parties?,"Yes, funds earmarked for gender activities"
SUR,39,Are there limits on the amount a political party can spend?,No
SUR,40,"If there are limits on the amount a political party can spend, what is the limit?",Not applicable
SUR,41,Are there limits on the amount a candidate can spend?,No
SUR,42,"If there are limits on the amount a candidate can spend, what is the limit?",Not applicable
SVK,28,Are there provisions for direct public funding to political parties?,"Yes, both regularly and in relation to campaigns"
SVK,29,What are the eligibility criteria for political parties to receive public funding?,"#Representation in elected body
#Share of votes in previous election"
SVK,30,What is the allocation calculation for political parties to receive public funding?,"Flat rate by votes received
Proportional to seats received"
SVK,31,What are the provisions on 'ear marking' direct public funding to political parties (how it should be used)?,Other
SVK,32,Are there provisions for free or subsidized access to media for political parties?,Yes
SVK,33,What criteria determine allocation for free or subsidized access to media for political parties?,Equal
SVK,34,Are there provisions for free or subsidized access to media for candidates?,Not applicable
SVK,35,Are there provisions for any other form of indirect public funding?,Yes
SVK,36,Is the provision of direct public funding to political parties tied to gender equality among candidates?,No
SVK,37,Are there provisions for other financial advantages to encourage gender equality in political parties?,No
SVK,39,Are there limits on the amount a political party can spend?,Yes
SVK,40,"If there are limits on the amount a political party can spend, what is the limit?",Other
SVK,41,Are there limits on the amount a candidate can spend?,Not applicable
SVK,42,"If there are limits on the amount a candidate can spend, what is the limit?",Not applicable
SVN,28,Are there provisions for direct public funding to political parties?,"Yes, both regularly and in relation to campaigns"
SVN,29,What are the eligibility criteria for political parties to receive public funding?,Share of votes in previous election
SVN,30,What is the allocation calculation for political parties to receive public funding?,"Equal
Proportional to votes received"
SVN,31,What are the provisions on 'ear marking' direct public funding to political parties (how it should be used)?,Ongoing party activities
SVN,32,Are there provisions for free or subsidized access to media for political parties?,Yes
SVN,33,What criteria determine allocation for free or subsidized access to media for political parties?,Equal
SVN,34,Are there provisions for free or subsidized access to media for candidates?,Yes
SVN,35,Are there provisions for any other form of indirect public funding?,Yes
SVN,36,Is the provision of direct public funding to political parties tied to gender equality among candidates?,No
SVN,37,Are there provisions for other financial advantages to encourage gender equality in political parties?,"Yes, funds earmarked for gender activities"
SVN,39,Are there limits on the amount a political party can spend?,Yes
SVN,40,"If there are limits on the amount a political party can spend, what is the limit?",Limit is based on the number of eligible voters; exact limit depends on the type of election.
SVN,41,Are there limits on the amount a candidate can spend?,Yes
SVN,42,"If there are limits on the amount a candidate can spend, what is the limit?",Depends on the type of election.
SWE,28,Are there provisions for direct public funding to political parties?,"Yes, regularly"
SWE,29,What are the eligibility criteria for political parties to receive public funding?,"#Representation in elected body
#Share of votes in previous election"
SWE,30,What is the allocation calculation for political parties to receive public funding?,Proportional to seats received
SWE,31,What are the provisions on 'ear marking' direct public funding to political parties (how it should be used)?,No
SWE,32,Are there provisions for free or subsidized access to media for political parties?,No
SWE,33,What criteria determine allocation for free or subsidized access to media for political parties?,Not applicable
SWE,34,Are there provisions for free or subsidized access to media for candidates?,No
SWE,35,Are there provisions for any other form of indirect public funding?,Yes
SWE,36,Is the provision of direct public funding to political parties tied to gender equality among candidates?,No
SWE,37,Are there provisions for other financial advantages to encourage gender equality in political parties?,No
SWE,39,Are there limits on the amount a political party can spend?,No
SWE,40,"If there are limits on the amount a political party can spend, what is the limit?",Not applicable
SWE,41,Are there limits on the amount a candidate can spend?,No
SWE,42,"If there are limits on the amount a candidate can spend, what is the limit?",Not applicable
SWZ,28,Are there provisions for direct public funding to political parties?,No data
SWZ,29,What are the eligibility criteria for political parties to receive public funding?,No data
SWZ,30,What is the allocation calculation for political parties to receive public funding?,No data
SWZ,31,What are the provisions on 'ear marking' direct public funding to political parties (how it should be used)?,No data
SWZ,32,Are there provisions for free or subsidized access to media for political parties?,No data
SWZ,33,What criteria determine allocation for free or subsidized access to media for political parties?,No data
SWZ,34,Are there provisions for free or subsidized access to media for candidates?,No
SWZ,35,Are there provisions for any other form of indirect public funding?,No data
SWZ,36,Is the provision of direct public funding to political parties tied to gender equality among candidates?,No data
SWZ,37,Are there provisions for other financial advantages to encourage gender equality in political parties?,No data
SWZ,39,Are there limits on the amount a political party can spend?,No data
SWZ,40,"If there are limits on the amount a political party can spend, what is the limit?",No data
SWZ,41,Are there limits on the amount a candidate can spend?,No data
SWZ,42,"If there are limits on the amount a candidate can spend, what is the limit?",No data
SYC,28,Are there provisions for direct public funding to political parties?,"Yes, regularly"
SYC,29,What are the eligibility criteria for political parties to receive public funding?,"#Number of candidates nominated
#Registration as a political party"
SYC,30,What is the allocation calculation for political parties to receive public funding?,Proportional to votes received
SYC,31,What are the provisions on 'ear marking' direct public funding to political parties (how it should be used)?,No
SYC,32,Are there provisions for free or subsidized access to media for political parties?,Yes
SYC,33,What criteria determine allocation for free or subsidized access to media for political parties?,Equal
SYC,34,Are there provisions for free or subsidized access to media for candidates?,Yes
SYC,35,Are there provisions for any other form of indirect public funding?,Yes
SYC,36,Is the provision of direct public funding to political parties tied to gender equality among candidates?,No
SYC,37,Are there provisions for other financial advantages to encourage gender equality in political parties?,No
SYC,39,Are there limits on the amount a political party can spend?,No
SYC,40,"If there are limits on the amount a political party can spend, what is the limit?",Not applicable
SYC,41,Are there limits on the amount a candidate can spend?,No
SYC,42,"If there are limits on the amount a candidate can spend, what is the limit?",Not applicable
SYR,28,Are there provisions for direct public funding to political parties?,No data
SYR,29,What are the eligibility criteria for political parties to receive public funding?,Not applicable
SYR,30,What is the allocation calculation for political parties to receive public funding?,Not applicable
SYR,31,What are the provisions on 'ear marking' direct public funding to political parties (how it should be used)?,Not applicable
SYR,32,Are there provisions for free or subsidized access to media for political parties?,No
SYR,33,What criteria determine allocation for free or subsidized access to media for political parties?,Not applicable
SYR,34,Are there provisions for free or subsidized access to media for candidates?,No
SYR,35,Are there provisions for any other form of indirect public funding?,No data
SYR,36,Is the provision of direct public funding to political parties tied to gender equality among candidates?,No data
SYR,37,Are there provisions for other financial advantages to encourage gender equality in political parties?,No data
SYR,39,Are there limits on the amount a political party can spend?,No
SYR,40,"If there are limits on the amount a political party can spend, what is the limit?",Not applicable
SYR,41,Are there limits on the amount a candidate can spend?,No
SYR,42,"If there are limits on the amount a candidate can spend, what is the limit?",Not applicable
TCD,28,Are there provisions for direct public funding to political parties?,"Yes, both regularly and in relation to campaigns"
TCD,29,What are the eligibility criteria for political parties to receive public funding?,"#Participation in election
#Other"
TCD,30,What is the allocation calculation for political parties to receive public funding?,"Proportional to seats received
Other"
TCD,31,What are the provisions on 'ear marking' direct public funding to political parties (how it should be used)?,No
TCD,32,Are there provisions for free or subsidized access to media for political parties?,Yes
TCD,33,What criteria determine allocation for free or subsidized access to media for political parties?,Equal
TCD,34,Are there provisions for free or subsidized access to media for candidates?,No
TCD,35,Are there provisions for any other form of indirect public funding?,Yes
TCD,36,Is the provision of direct public funding to political parties tied to gender equality among candidates?,Yes
TCD,37,Are there provisions for other financial advantages to encourage gender equality in political parties?,No
TCD,39,Are there limits on the amount a political party can spend?,No
TCD,40,"If there are limits on the amount a political party can spend, what is the limit?",Not applicable
TCD,41,Are there limits on the amount a candidate can spend?,No
TCD,42,"If there are limits on the amount a candidate can spend, what is the limit?",Not applicable
TGO,28,Are there provisions for direct public funding to political parties?,"Yes, both regularly and in relation to campaigns"
TGO,29,What are the eligibility criteria for political parties to receive public funding?,"#Share of votes in previous election
#Share of seats in previous election"
TGO,30,What is the allocation calculation for political parties to receive public funding?,Equal
TGO,31,What are the provisions on 'ear marking' direct public funding to political parties (how it should be used)?,No
TGO,32,Are there provisions for free or subsidized access to media for political parties?,Yes
TGO,33,What criteria determine allocation for free or subsidized access to media for political parties?,"#Equal
#Share of seats
#Votes Received
#Other"
TGO,34,Are there provisions for free or subsidized access to media for candidates?,Yes
TGO,35,Are there provisions for any other form of indirect public funding?,Yes
TGO,36,Is the provision of direct public funding to political parties tied to gender equality among candidates?,Yes
TGO,37,Are there provisions for other financial advantages to encourage gender equality in political parties?,No
TGO,39,Are there limits on the amount a political party can spend?,Yes
TGO,40,"If there are limits on the amount a political party can spend, what is the limit?","Legislative election: ten million (10,000,000) francs CFA per candidate Local election: five million (5,000,000) francs CFA per candidate"
TGO,41,Are there limits on the amount a candidate can spend?,Yes
TGO,42,"If there are limits on the amount a candidate can spend, what is the limit?","Presidential election : five hundred million (500,000,000) francs CFA per candidate Senatorial election: ten million (10,000,000) francs CFA per candidate Legislative election: ten million (10,000,000) francs CFA per candidate Local election: five million (5,000,000) francs CFA per candidate"
THA,28,Are there provisions for direct public funding to political parties?,"Yes, regularly"
THA,29,What are the eligibility criteria for political parties to receive public funding?,Share of votes in previous election
THA,30,What is the allocation calculation for political parties to receive public funding?,"Proportional to votes received
Other"
THA,31,What are the provisions on 'ear marking' direct public funding to political parties (how it should be used)?,"#Campaign spending
#Ongoing party activities"
THA,32,Are there provisions for free or subsidized access to media for political parties?,Yes
THA,33,What criteria determine allocation for free or subsidized access to media for political parties?,Share of seats
THA,34,Are there provisions for free or subsidized access to media for candidates?,No
THA,35,Are there provisions for any other form of indirect public funding?,Yes
THA,36,Is the provision of direct public funding to political parties tied to gender equality among candidates?,No
THA,37,Are there provisions for other financial advantages to encourage gender equality in political parties?,No
THA,39,Are there limits on the amount a political party can spend?,Yes
THA,40,"If there are limits on the amount a political party can spend, what is the limit?","THB 1,500,000 x The number of party list candidates per a political party per election"
THA,41,Are there limits on the amount a candidate can spend?,Yes
THA,42,"If there are limits on the amount a candidate can spend, what is the limit?","Not exceeding THB 1,500,000"
TJK,28,Are there provisions for direct public funding to political parties?,"Yes, in relation to campaigns"
TJK,29,What are the eligibility criteria for political parties to receive public funding?,Registration as a political party
TJK,30,What is the allocation calculation for political parties to receive public funding?,Equal
TJK,31,What are the provisions on 'ear marking' direct public funding to political parties (how it should be used)?,No
TJK,32,Are there provisions for free or subsidized access to media for political parties?,Yes
TJK,33,What criteria determine allocation for free or subsidized access to media for political parties?,Equal
TJK,34,Are there provisions for free or subsidized access to media for candidates?,Yes
TJK,35,Are there provisions for any other form of indirect public funding?,Yes
TJK,36,Is the provision of direct public funding to political parties tied to gender equality among candidates?,No
TJK,37,Are there provisions for other financial advantages to encourage gender equality in political parties?,No
TJK,39,Are there limits on the amount a political party can spend?,No
TJK,40,"If there are limits on the amount a political party can spend, what is the limit?",Not applicable
TJK,41,Are there limits on the amount a candidate can spend?,No
TJK,42,"If there are limits on the amount a candidate can spend, what is the limit?",Not applicable
TKM,28,Are there provisions for direct public funding to political parties?,"Yes, in relation to campaigns"
TKM,29,What are the eligibility criteria for political parties to receive public funding?,Not applicable
TKM,30,What is the allocation calculation for political parties to receive public funding?,Not applicable
TKM,31,What are the provisions on 'ear marking' direct public funding to political parties (how it should be used)?,Not applicable
TKM,32,Are there provisions for free or subsidized access to media for political parties?,Yes
TKM,33,What criteria determine allocation for free or subsidized access to media for political parties?,Other
TKM,34,Are there provisions for free or subsidized access to media for candidates?,Yes
TKM,35,Are there provisions for any other form of indirect public funding?,Yes
TKM,36,Is the provision of direct public funding to political parties tied to gender equality among candidates?,No
TKM,37,Are there provisions for other financial advantages to encourage gender equality in political parties?,No
TKM,39,Are there limits on the amount a political party can spend?,No
TKM,40,"If there are limits on the amount a political party can spend, what is the limit?",Not applicable
TKM,41,Are there limits on the amount a candidate can spend?,No
TKM,42,"If there are limits on the amount a candidate can spend, what is the limit?",Not applicable
TLS,28,Are there provisions for direct public funding to political parties?,"Yes, regularly"
TLS,29,What are the eligibility criteria for political parties to receive public funding?,Representation in elected body
TLS,30,What is the allocation calculation for political parties to receive public funding?,Equal
TLS,31,What are the provisions on 'ear marking' direct public funding to political parties (how it should be used)?,Not applicable
TLS,32,Are there provisions for free or subsidized access to media for political parties?,No
TLS,33,What criteria determine allocation for free or subsidized access to media for political parties?,Not applicable
TLS,34,Are there provisions for free or subsidized access to media for candidates?,Yes
TLS,35,Are there provisions for any other form of indirect public funding?,Yes
TLS,36,Is the provision of direct public funding to political parties tied to gender equality among candidates?,No
TLS,37,Are there provisions for other financial advantages to encourage gender equality in political parties?,No
TLS,39,Are there limits on the amount a political party can spend?,No
TLS,40,"If there are limits on the amount a political party can spend, what is the limit?",Not applicable
TLS,41,Are there limits on the amount a candidate can spend?,No
TLS,42,"If there are limits on the amount a candidate can spend, what is the limit?",Not applicable
TON,28,Are there provisions for direct public funding to political parties?,No public funding available
TON,29,What are the eligibility criteria for political parties to receive public funding?,Not applicable
TON,30,What is the allocation calculation for political parties to receive public funding?,Not applicable
TON,31,What are the provisions on 'ear marking' direct public funding to political parties (how it should be used)?,Not applicable
TON,32,Are there provisions for free or subsidized access to media for political parties?,No
TON,33,What criteria determine allocation for free or subsidized access to media for political parties?,Not applicable
TON,34,Are there provisions for free or subsidized access to media for candidates?,No
TON,35,Are there provisions for any other form of indirect public funding?,No
TON,36,Is the provision of direct public funding to political parties tied to gender equality among candidates?,Not applicable
TON,37,Are there provisions for other financial advantages to encourage gender equality in political parties?,No
TON,39,Are there limits on the amount a political party can spend?,No
TON,40,"If there are limits on the amount a political party can spend, what is the limit?",Not applicable
TON,41,Are there limits on the amount a candidate can spend?,Yes
TON,42,"If there are limits on the amount a candidate can spend, what is the limit?","$10,000"
TTO,28,Are there provisions for direct public funding to political parties?,No public funding available
TTO,29,What are the eligibility criteria for political parties to receive public funding?,Not applicable
TTO,30,What is the allocation calculation for political parties to receive public funding?,Not applicable
TTO,31,What are the provisions on 'ear marking' direct public funding to political parties (how it should be used)?,Not applicable
TTO,32,Are there provisions for free or subsidized access to media for political parties?,No
TTO,33,What criteria determine allocation for free or subsidized access to media for political parties?,Not applicable
TTO,34,Are there provisions for free or subsidized access to media for candidates?,No
TTO,35,Are there provisions for any other form of indirect public funding?,No
TTO,36,Is the provision of direct public funding to political parties tied to gender equality among candidates?,No
TTO,37,Are there provisions for other financial advantages to encourage gender equality in political parties?,No
TTO,39,Are there limits on the amount a political party can spend?,No
TTO,40,"If there are limits on the amount a political party can spend, what is the limit?",Not applicable
TTO,41,Are there limits on the amount a candidate can spend?,Yes
TTO,42,"If there are limits on the amount a candidate can spend, what is the limit?","50,000 TTD in the case of a Parliamentary election or 25,000 TTD  in the case of a Municipal Council or the Tobago House of Assembly election. Additionally, a candidate has a right to cover own personal expenses related to the elections up to 5,000 TTD. This amount is not included in the candidate's overall spending limit."
TUN,28,Are there provisions for direct public funding to political parties?,No public funding available
TUN,29,What are the eligibility criteria for political parties to receive public funding?,Not applicable
TUN,30,What is the allocation calculation for political parties to receive public funding?,Not applicable
TUN,31,What are the provisions on 'ear marking' direct public funding to political parties (how it should be used)?,Not applicable
TUN,32,Are there provisions for free or subsidized access to media for political parties?,Yes
TUN,33,What criteria determine allocation for free or subsidized access to media for political parties?,Equal
TUN,34,Are there provisions for free or subsidized access to media for candidates?,Yes
TUN,35,Are there provisions for any other form of indirect public funding?,No
TUN,36,Is the provision of direct public funding to political parties tied to gender equality among candidates?,No
TUN,37,Are there provisions for other financial advantages to encourage gender equality in political parties?,No
TUN,39,Are there limits on the amount a political party can spend?,Yes
TUN,40,"If there are limits on the amount a political party can spend, what is the limit?",Other
TUN,41,Are there limits on the amount a candidate can spend?,Yes
TUN,42,"If there are limits on the amount a candidate can spend, what is the limit?",Other
TUR,28,Are there provisions for direct public funding to political parties?,"Yes, both regularly and in relation to campaigns"
TUR,29,What are the eligibility criteria for political parties to receive public funding?,Share of votes in previous election
TUR,30,What is the allocation calculation for political parties to receive public funding?,Proportional to votes received
TUR,31,What are the provisions on 'ear marking' direct public funding to political parties (how it should be used)?,No
TUR,32,Are there provisions for free or subsidized access to media for political parties?,Yes
TUR,33,What criteria determine allocation for free or subsidized access to media for political parties?,Share of seats
TUR,34,Are there provisions for free or subsidized access to media for candidates?,No
TUR,35,Are there provisions for any other form of indirect public funding?,Yes
TUR,36,Is the provision of direct public funding to political parties tied to gender equality among candidates?,No
TUR,37,Are there provisions for other financial advantages to encourage gender equality in political parties?,No
TUR,39,Are there limits on the amount a political party can spend?,No
TUR,40,"If there are limits on the amount a political party can spend, what is the limit?",Not applicable
TUR,41,Are there limits on the amount a candidate can spend?,No
TUR,42,"If there are limits on the amount a candidate can spend, what is the limit?",Not applicable
TUV,28,Are there provisions for direct public funding to political parties?,Not applicable
TUV,29,What are the eligibility criteria for political parties to receive public funding?,Not applicable
TUV,30,What is the allocation calculation for political parties to receive public funding?,Not applicable
TUV,31,What are the provisions on 'ear marking' direct public funding to political parties (how it should be used)?,Not applicable
TUV,32,Are there provisions for free or subsidized access to media for political parties?,Not applicable
TUV,33,What criteria determine allocation for free or subsidized access to media for political parties?,Not applicable
TUV,34,Are there provisions for free or subsidized access to media for candidates?,No
TUV,35,Are there provisions for any other form of indirect public funding?,No
TUV,36,Is the provision of direct public funding to political parties tied to gender equality among candidates?,Not applicable
TUV,37,Are there provisions for other financial advantages to encourage gender equality in political parties?,No
TUV,39,Are there limits on the amount a political party can spend?,Not applicable
TUV,40,"If there are limits on the amount a political party can spend, what is the limit?",Not applicable
TUV,41,Are there limits on the amount a candidate can spend?,No
TUV,42,"If there are limits on the amount a candidate can spend, what is the limit?",Not applicable
TZA,28,Are there provisions for direct public funding to political parties?,"Yes, regularly"
TZA,29,What are the eligibility criteria for political parties to receive public funding?,"#Representation in elected body
#Registration as a political party"
TZA,30,What is the allocation calculation for political parties to receive public funding?,"Equal
Proportional to votes received"
TZA,31,What are the provisions on 'ear marking' direct public funding to political parties (how it should be used)?,"#Campaign spending
#Ongoing party activities
#Intra-party institution"
TZA,32,Are there provisions for free or subsidized access to media for political parties?,Yes
TZA,33,What criteria determine allocation for free or subsidized access to media for political parties?,Equal
TZA,34,Are there provisions for free or subsidized access to media for candidates?,Yes
TZA,35,Are there provisions for any other form of indirect public funding?,No
TZA,36,Is the provision of direct public funding to political parties tied to gender equality among candidates?,No
TZA,37,Are there provisions for other financial advantages to encourage gender equality in political parties?,No
TZA,39,Are there limits on the amount a political party can spend?,Yes
TZA,40,"If there are limits on the amount a political party can spend, what is the limit?",Limit determined by the 'Minister responsible for political parties'
TZA,41,Are there limits on the amount a candidate can spend?,Yes
TZA,42,"If there are limits on the amount a candidate can spend, what is the limit?",Limit determined by Minister
UGA,28,Are there provisions for direct public funding to political parties?,"Yes, both regularly and in relation to campaigns"
UGA,29,What are the eligibility criteria for political parties to receive public funding?,Representation in elected body
UGA,30,What is the allocation calculation for political parties to receive public funding?,"Equal
Other"
UGA,31,What are the provisions on 'ear marking' direct public funding to political parties (how it should be used)?,No
UGA,32,Are there provisions for free or subsidized access to media for political parties?,No
UGA,33,What criteria determine allocation for free or subsidized access to media for political parties?,Not applicable
UGA,34,Are there provisions for free or subsidized access to media for candidates?,Yes
UGA,35,Are there provisions for any other form of indirect public funding?,Yes
UGA,36,Is the provision of direct public funding to political parties tied to gender equality among candidates?,No
UGA,37,Are there provisions for other financial advantages to encourage gender equality in political parties?,No
UGA,39,Are there limits on the amount a political party can spend?,No
UGA,40,"If there are limits on the amount a political party can spend, what is the limit?",Not applicable
UGA,41,Are there limits on the amount a candidate can spend?,No
UGA,42,"If there are limits on the amount a candidate can spend, what is the limit?",Not applicable
UKR,28,Are there provisions for direct public funding to political parties?,"Yes, both regularly and in relation to campaigns"
UKR,29,What are the eligibility criteria for political parties to receive public funding?,"#Representation in elected body
#Share of votes in previous election"
UKR,30,What is the allocation calculation for political parties to receive public funding?,"Equal
Proportional to votes received"
UKR,31,What are the provisions on 'ear marking' direct public funding to political parties (how it should be used)?,"#Campaign spending
#Intra-party institution
#Ongoing party activities"
UKR,32,Are there provisions for free or subsidized access to media for political parties?,No
UKR,33,What criteria determine allocation for free or subsidized access to media for political parties?,Not applicable
UKR,34,Are there provisions for free or subsidized access to media for candidates?,Yes
UKR,35,Are there provisions for any other form of indirect public funding?,Yes
UKR,36,Is the provision of direct public funding to political parties tied to gender equality among candidates?,Yes
UKR,37,Are there provisions for other financial advantages to encourage gender equality in political parties?,No
UKR,39,Are there limits on the amount a political party can spend?,Yes
UKR,40,"If there are limits on the amount a political party can spend, what is the limit?",other
UKR,41,Are there limits on the amount a candidate can spend?,Yes
UKR,42,"If there are limits on the amount a candidate can spend, what is the limit?",other
URY,28,Are there provisions for direct public funding to political parties?,"Yes, both regularly and in relation to campaigns"
URY,29,What are the eligibility criteria for political parties to receive public funding?,"#Representation in elected body
#Share of votes in previous election
#Registration as a political party"
URY,30,What is the allocation calculation for political parties to receive public funding?,Flat rate by votes received
URY,31,What are the provisions on 'ear marking' direct public funding to political parties (how it should be used)?,"#Campaign spending
#Intra-party institution"
URY,32,Are there provisions for free or subsidized access to media for political parties?,Yes
URY,33,What criteria determine allocation for free or subsidized access to media for political parties?,"#Equal
#Votes Received"
URY,34,Are there provisions for free or subsidized access to media for candidates?,Yes
URY,35,Are there provisions for any other form of indirect public funding?,Yes
URY,36,Is the provision of direct public funding to political parties tied to gender equality among candidates?,No
URY,37,Are there provisions for other financial advantages to encourage gender equality in political parties?,No
URY,39,Are there limits on the amount a political party can spend?,No
URY,40,"If there are limits on the amount a political party can spend, what is the limit?",Not applicable
URY,41,Are there limits on the amount a candidate can spend?,No
URY,42,"If there are limits on the amount a candidate can spend, what is the limit?",Not applicable
USA,28,Are there provisions for direct public funding to political parties?,"Yes, in relation to campaigns"
USA,29,What are the eligibility criteria for political parties to receive public funding?,"#Share of votes in previous election
#Other"
USA,30,What is the allocation calculation for political parties to receive public funding?,Equal
USA,31,What are the provisions on 'ear marking' direct public funding to political parties (how it should be used)?,Presidential nominating convention.
USA,32,Are there provisions for free or subsidized access to media for political parties?,No
USA,33,What criteria determine allocation for free or subsidized access to media for political parties?,Not applicable
USA,34,Are there provisions for free or subsidized access to media for candidates?,No
USA,35,Are there provisions for any other form of indirect public funding?,No
USA,36,Is the provision of direct public funding to political parties tied to gender equality among candidates?,No
USA,37,Are there provisions for other financial advantages to encourage gender equality in political parties?,No
USA,39,Are there limits on the amount a political party can spend?,Yes
USA,40,"If there are limits on the amount a political party can spend, what is the limit?","The coordinated party expenditure limit is  the greater of 2 cents multiplied by the voting age population of the State or $20,000. This limit does not apply to independent expenditures."
USA,41,Are there limits on the amount a candidate can spend?,Yes
USA,42,"If there are limits on the amount a candidate can spend, what is the limit?","The spending limit is different for each presidential election. For more information, see the FEC's website: https://transition.fec.gov/pages/brochures/pubfund_limits_2016.shtml"
UZB,28,Are there provisions for direct public funding to political parties?,"Yes, both regularly and in relation to campaigns"
UZB,29,What are the eligibility criteria for political parties to receive public funding?,"#Share of seats in previous election
#Participation in election"
UZB,30,What is the allocation calculation for political parties to receive public funding?,Proportional to seats received
UZB,31,What are the provisions on 'ear marking' direct public funding to political parties (how it should be used)?,"#Campaign spending
#Ongoing party activities"
UZB,32,Are there provisions for free or subsidized access to media for political parties?,Yes
UZB,33,What criteria determine allocation for free or subsidized access to media for political parties?,Equal
UZB,34,Are there provisions for free or subsidized access to media for candidates?,Yes
UZB,35,Are there provisions for any other form of indirect public funding?,Yes
UZB,36,Is the provision of direct public funding to political parties tied to gender equality among candidates?,No
UZB,37,Are there provisions for other financial advantages to encourage gender equality in political parties?,No
UZB,39,Are there limits on the amount a political party can spend?,No
UZB,40,"If there are limits on the amount a political party can spend, what is the limit?",Not applicable
UZB,41,Are there limits on the amount a candidate can spend?,No
UZB,42,"If there are limits on the amount a candidate can spend, what is the limit?",Not applicable
VCT,28,Are there provisions for direct public funding to political parties?,"Yes, regularly"
VCT,29,What are the eligibility criteria for political parties to receive public funding?,Representation in elected body
VCT,30,What is the allocation calculation for political parties to receive public funding?,No data
VCT,31,What are the provisions on 'ear marking' direct public funding to political parties (how it should be used)?,No data
VCT,32,Are there provisions for free or subsidized access to media for political parties?,No data
VCT,33,What criteria determine allocation for free or subsidized access to media for political parties?,No data
VCT,34,Are there provisions for free or subsidized access to media for candidates?,No
VCT,35,Are there provisions for any other form of indirect public funding?,Yes
VCT,36,Is the provision of direct public funding to political parties tied to gender equality among candidates?,No
VCT,37,Are there provisions for other financial advantages to encourage gender equality in political parties?,No data
VCT,39,Are there limits on the amount a political party can spend?,No
VCT,40,"If there are limits on the amount a political party can spend, what is the limit?",Not applicable
VCT,41,Are there limits on the amount a candidate can spend?,No
VCT,42,"If there are limits on the amount a candidate can spend, what is the limit?",Not applicable
VEN,28,Are there provisions for direct public funding to political parties?,No public funding available
VEN,29,What are the eligibility criteria for political parties to receive public funding?,Not applicable
VEN,30,What is the allocation calculation for political parties to receive public funding?,Not applicable
VEN,31,What are the provisions on 'ear marking' direct public funding to political parties (how it should be used)?,Not applicable
VEN,32,Are there provisions for free or subsidized access to media for political parties?,Yes
VEN,33,What criteria determine allocation for free or subsidized access to media for political parties?,Equal
VEN,34,Are there provisions for free or subsidized access to media for candidates?,Yes
VEN,35,Are there provisions for any other form of indirect public funding?,No
VEN,36,Is the provision of direct public funding to political parties tied to gender equality among candidates?,No
VEN,37,Are there provisions for other financial advantages to encourage gender equality in political parties?,No
VEN,39,Are there limits on the amount a political party can spend?,No
VEN,40,"If there are limits on the amount a political party can spend, what is the limit?",Not applicable
VEN,41,Are there limits on the amount a candidate can spend?,No
VEN,42,"If there are limits on the amount a candidate can spend, what is the limit?",Not applicable
VUT,28,Are there provisions for direct public funding to political parties?,No public funding available
VUT,29,What are the eligibility criteria for political parties to receive public funding?,Not applicable
VUT,30,What is the allocation calculation for political parties to receive public funding?,Not applicable
VUT,31,What are the provisions on 'ear marking' direct public funding to political parties (how it should be used)?,Not applicable
VUT,32,Are there provisions for free or subsidized access to media for political parties?,No
VUT,33,What criteria determine allocation for free or subsidized access to media for political parties?,Not applicable
VUT,34,Are there provisions for free or subsidized access to media for candidates?,No
VUT,35,Are there provisions for any other form of indirect public funding?,No
VUT,36,Is the provision of direct public funding to political parties tied to gender equality among candidates?,Not applicable
VUT,37,Are there provisions for other financial advantages to encourage gender equality in political parties?,No
VUT,39,Are there limits on the amount a political party can spend?,No
VUT,40,"If there are limits on the amount a political party can spend, what is the limit?",Not applicable
VUT,41,Are there limits on the amount a candidate can spend?,No
VUT,42,"If there are limits on the amount a candidate can spend, what is the limit?",Not applicable
WSM,28,Are there provisions for direct public funding to political parties?,"Yes, regularly"
WSM,29,What are the eligibility criteria for political parties to receive public funding?,"#Representation in elected body
#Registration as a political party"
WSM,30,What is the allocation calculation for political parties to receive public funding?,Equal
WSM,31,What are the provisions on 'ear marking' direct public funding to political parties (how it should be used)?,Ongoing party activities
WSM,32,Are there provisions for free or subsidized access to media for political parties?,No
WSM,33,What criteria determine allocation for free or subsidized access to media for political parties?,Not applicable
WSM,34,Are there provisions for free or subsidized access to media for candidates?,No
WSM,35,Are there provisions for any other form of indirect public funding?,No
WSM,36,Is the provision of direct public funding to political parties tied to gender equality among candidates?,No
WSM,37,Are there provisions for other financial advantages to encourage gender equality in political parties?,No
WSM,39,Are there limits on the amount a political party can spend?,No
WSM,40,"If there are limits on the amount a political party can spend, what is the limit?",Not applicable
WSM,41,Are there limits on the amount a candidate can spend?,No
WSM,42,"If there are limits on the amount a candidate can spend, what is the limit?",Not applicable
YEM,28,Are there provisions for direct public funding to political parties?,"Yes, regularly"
YEM,29,What are the eligibility criteria for political parties to receive public funding?,Representation in elected body
YEM,30,What is the allocation calculation for political parties to receive public funding?,"Equal
Proportional to votes received"
YEM,31,What are the provisions on 'ear marking' direct public funding to political parties (how it should be used)?,No data
YEM,32,Are there provisions for free or subsidized access to media for political parties?,Yes
YEM,33,What criteria determine allocation for free or subsidized access to media for political parties?,Equal
YEM,34,Are there provisions for free or subsidized access to media for candidates?,Yes
YEM,35,Are there provisions for any other form of indirect public funding?,No
YEM,36,Is the provision of direct public funding to political parties tied to gender equality among candidates?,No
YEM,37,Are there provisions for other financial advantages to encourage gender equality in political parties?,No
YEM,39,Are there limits on the amount a political party can spend?,No
YEM,40,"If there are limits on the amount a political party can spend, what is the limit?",Not applicable
YEM,41,Are there limits on the amount a candidate can spend?,No
YEM,42,"If there are limits on the amount a candidate can spend, what is the limit?",Not applicable
ZAF,28,Are there provisions for direct public funding to political parties?,"Yes, regularly"
ZAF,29,What are the eligibility criteria for political parties to receive public funding?,Representation in elected body
ZAF,30,What is the allocation calculation for political parties to receive public funding?,"Equal
Proportional to seats received"
ZAF,31,What are the provisions on 'ear marking' direct public funding to political parties (how it should be used)?,"#Ongoing party activities
#Intra-party institution
#Research and policy initiatives"
ZAF,32,Are there provisions for free or subsidized access to media for political parties?,Yes
ZAF,33,What criteria determine allocation for free or subsidized access to media for political parties?,"#Equal
#Number of candidates
#Share of seats"
ZAF,34,Are there provisions for free or subsidized access to media for candidates?,Not applicable
ZAF,35,Are there provisions for any other form of indirect public funding?,No
ZAF,36,Is the provision of direct public funding to political parties tied to gender equality among candidates?,No
ZAF,37,Are there provisions for other financial advantages to encourage gender equality in political parties?,No
ZAF,39,Are there limits on the amount a political party can spend?,No
ZAF,40,"If there are limits on the amount a political party can spend, what is the limit?",Not applicable
ZAF,41,Are there limits on the amount a candidate can spend?,Not applicable
ZAF,42,"If there are limits on the amount a candidate can spend, what is the limit?",Not applicable
ZMB,28,Are there provisions for direct public funding to political parties?,"Yes, regularly"
ZMB,29,What are the eligibility criteria for political parties to receive public funding?,"#Share of votes in previous election
#Share of seats in previous election"
ZMB,30,What is the allocation calculation for political parties to receive public funding?,"Proportional to votes received
Proportional to seats received"
ZMB,31,What are the provisions on 'ear marking' direct public funding to political parties (how it should be used)?,Not applicable
ZMB,32,Are there provisions for free or subsidized access to media for political parties?,Yes
ZMB,33,What criteria determine allocation for free or subsidized access to media for political parties?,Equal
ZMB,34,Are there provisions for free or subsidized access to media for candidates?,Yes
ZMB,35,Are there provisions for any other form of indirect public funding?,No
ZMB,36,Is the provision of direct public funding to political parties tied to gender equality among candidates?,No
ZMB,37,Are there provisions for other financial advantages to encourage gender equality in political parties?,No
ZMB,39,Are there limits on the amount a political party can spend?,No
ZMB,40,"If there are limits on the amount a political party can spend, what is the limit?",Not applicable
ZMB,41,Are there limits on the amount a candidate can spend?,No
ZMB,42,"If there are limits on the amount a candidate can spend, what is the limit?",Not applicable
ZWE,28,Are there provisions for direct public funding to political parties?,"Yes, regularly"
ZWE,29,What are the eligibility criteria for political parties to receive public funding?,Share of votes in previous election
ZWE,30,What is the allocation calculation for political parties to receive public funding?,Proportional to votes received
ZWE,31,What are the provisions on 'ear marking' direct public funding to political parties (how it should be used)?,No
ZWE,32,Are there provisions for free or subsidized access to media for political parties?,Yes
ZWE,33,What criteria determine allocation for free or subsidized access to media for political parties?,Equal
ZWE,34,Are there provisions for free or subsidized access to media for candidates?,Yes
ZWE,35,Are there provisions for any other form of indirect public funding?,No
ZWE,36,Is the provision of direct public funding to political parties tied to gender equality among candidates?,No
ZWE,37,Are there provisions for other financial advantages to encourage gender equality in political parties?,No
ZWE,39,Are there limits on the amount a political party can spend?,No
ZWE,40,"If there are limits on the amount a political party can spend, what is the limit?",Not applicable
ZWE,41,Are there limits on the amount a candidate can spend?,No
ZWE,42,"If there are limits on the amount a candidate can spend, what is the limit?",Not applicable
