iso3,by,year,field,grants
AFG,origin,2015,18,1
AFG,origin,2015,29,1
AFG,origin,2015,5,1
AFG,origin,2015,6,1
AFG,origin,2018,14,1
AFG,origin,2019,25,1
AFG,origin,2020,21,1
AFG,origin,2020,28,1
AFG,origin,2020,4,1
AFG,origin,2021,3,1
ALB,origin,2016,32,1
ALB,origin,2017,33,1
ALB,origin,2018,27,1
ALB,origin,2019,10,1
ALB,origin,2019,25,1
ALB,origin,2019,34,1
ALB,origin,2020,13,1
ALB,origin,2020,35,1
ALB,origin,2021,27,2
ALB,origin,2021,31,1
ALB,origin,2021,35,1
ALB,origin,2022,16,1
AND,origin,2015,13,1
AND,origin,2015,16,3
AND,origin,2015,27,1
AND,origin,2015,29,1
AND,origin,2016,1,1
AND,origin,2016,13,1
AND,origin,2016,16,2
AND,origin,2016,19,1
AND,origin,2016,20,1
AND,origin,2016,29,2
AND,origin,2016,35,1
AND,origin,2016,6,1
AND,origin,2017,1,1
AND,origin,2017,13,1
AND,origin,2017,16,1
AND,origin,2017,35,1
AND,origin,2018,13,1
AND,origin,2018,16,4
AND,origin,2018,17,1
AND,origin,2018,24,2
AND,origin,2018,29,1
AND,origin,2018,30,2
AND,origin,2018,32,1
AND,origin,2018,4,1
AND,origin,2019,1,1
AND,origin,2019,13,3
AND,origin,2019,16,3
AND,origin,2019,17,1
AND,origin,2019,24,1
AND,origin,2019,30,1
AND,origin,2019,35,2
AND,origin,2019,4,1
AND,origin,2019,6,1
AND,origin,2020,1,2
AND,origin,2020,13,1
AND,origin,2020,30,1
AND,origin,2020,31,1
AND,origin,2020,33,1
AND,origin,2020,35,1
AND,origin,2021,13,1
AND,origin,2021,19,1
AND,origin,2021,30,2
AND,origin,2021,31,1
AND,origin,2022,1,1
AND,origin,2022,13,1
AND,origin,2022,16,1
AND,origin,2022,27,1
AND,origin,2022,30,4
AND,origin,2022,31,1
AND,origin,2022,33,1
AND,origin,2022,4,1
AND,origin,2022,6,3
ARE,origin,2015,0,2
ARE,origin,2015,1,2
ARE,origin,2015,10,7
ARE,origin,2015,11,3
ARE,origin,2015,12,2
ARE,origin,2015,13,2
ARE,origin,2015,14,1
ARE,origin,2015,15,1
ARE,origin,2015,16,4
ARE,origin,2015,19,1
ARE,origin,2015,2,1
ARE,origin,2015,20,5
ARE,origin,2015,21,1
ARE,origin,2015,23,1
ARE,origin,2015,24,2
ARE,origin,2015,25,2
ARE,origin,2015,26,1
ARE,origin,2015,27,4
ARE,origin,2015,3,3
ARE,origin,2015,30,1
ARE,origin,2015,31,5
ARE,origin,2015,32,3
ARE,origin,2015,33,3
ARE,origin,2015,35,3
ARE,origin,2015,4,2
ARE,origin,2015,6,5
ARE,origin,2015,7,1
ARE,origin,2015,8,3
ARE,origin,2015,9,1
ARE,origin,2016,0,1
ARE,origin,2016,1,4
ARE,origin,2016,10,8
ARE,origin,2016,11,1
ARE,origin,2016,12,5
ARE,origin,2016,13,3
ARE,origin,2016,15,3
ARE,origin,2016,16,2
ARE,origin,2016,17,10
ARE,origin,2016,19,4
ARE,origin,2016,2,2
ARE,origin,2016,20,6
ARE,origin,2016,21,1
ARE,origin,2016,23,1
ARE,origin,2016,24,2
ARE,origin,2016,25,4
ARE,origin,2016,26,2
ARE,origin,2016,27,4
ARE,origin,2016,29,5
ARE,origin,2016,3,5
ARE,origin,2016,31,8
ARE,origin,2016,32,8
ARE,origin,2016,33,2
ARE,origin,2016,34,3
ARE,origin,2016,35,2
ARE,origin,2016,4,4
ARE,origin,2016,5,1
ARE,origin,2016,6,11
ARE,origin,2016,7,3
ARE,origin,2016,8,5
ARE,origin,2017,0,1
ARE,origin,2017,1,7
ARE,origin,2017,10,2
ARE,origin,2017,11,1
ARE,origin,2017,12,7
ARE,origin,2017,13,6
ARE,origin,2017,14,2
ARE,origin,2017,15,1
ARE,origin,2017,16,2
ARE,origin,2017,17,30
ARE,origin,2017,19,4
ARE,origin,2017,2,1
ARE,origin,2017,20,1
ARE,origin,2017,21,2
ARE,origin,2017,23,5
ARE,origin,2017,24,4
ARE,origin,2017,26,4
ARE,origin,2017,27,8
ARE,origin,2017,28,1
ARE,origin,2017,29,18
ARE,origin,2017,3,6
ARE,origin,2017,30,2
ARE,origin,2017,31,14
ARE,origin,2017,32,4
ARE,origin,2017,33,5
ARE,origin,2017,34,4
ARE,origin,2017,35,8
ARE,origin,2017,4,11
ARE,origin,2017,5,1
ARE,origin,2017,6,18
ARE,origin,2017,7,4
ARE,origin,2017,8,2
ARE,origin,2017,9,1
ARE,origin,2018,1,5
ARE,origin,2018,10,18
ARE,origin,2018,11,1
ARE,origin,2018,12,8
ARE,origin,2018,13,1
ARE,origin,2018,14,2
ARE,origin,2018,16,5
ARE,origin,2018,17,22
ARE,origin,2018,19,1
ARE,origin,2018,2,4
ARE,origin,2018,20,3
ARE,origin,2018,21,2
ARE,origin,2018,23,8
ARE,origin,2018,24,4
ARE,origin,2018,25,5
ARE,origin,2018,26,5
ARE,origin,2018,27,5
ARE,origin,2018,29,12
ARE,origin,2018,3,9
ARE,origin,2018,30,3
ARE,origin,2018,31,7
ARE,origin,2018,32,9
ARE,origin,2018,33,5
ARE,origin,2018,34,6
ARE,origin,2018,35,11
ARE,origin,2018,4,4
ARE,origin,2018,6,11
ARE,origin,2018,7,5
ARE,origin,2018,8,4
ARE,origin,2019,1,5
ARE,origin,2019,10,24
ARE,origin,2019,11,3
ARE,origin,2019,12,7
ARE,origin,2019,13,7
ARE,origin,2019,14,1
ARE,origin,2019,15,4
ARE,origin,2019,16,8
ARE,origin,2019,17,19
ARE,origin,2019,19,6
ARE,origin,2019,2,3
ARE,origin,2019,20,3
ARE,origin,2019,21,1
ARE,origin,2019,23,5
ARE,origin,2019,24,8
ARE,origin,2019,25,7
ARE,origin,2019,26,3
ARE,origin,2019,27,5
ARE,origin,2019,29,14
ARE,origin,2019,3,17
ARE,origin,2019,30,2
ARE,origin,2019,31,5
ARE,origin,2019,32,7
ARE,origin,2019,33,2
ARE,origin,2019,34,3
ARE,origin,2019,35,7
ARE,origin,2019,4,18
ARE,origin,2019,5,2
ARE,origin,2019,6,22
ARE,origin,2019,7,2
ARE,origin,2019,8,1
ARE,origin,2019,9,1
ARE,origin,2020,1,10
ARE,origin,2020,10,8
ARE,origin,2020,11,3
ARE,origin,2020,12,7
ARE,origin,2020,13,7
ARE,origin,2020,14,3
ARE,origin,2020,15,4
ARE,origin,2020,16,11
ARE,origin,2020,17,31
ARE,origin,2020,19,3
ARE,origin,2020,2,3
ARE,origin,2020,20,1
ARE,origin,2020,21,5
ARE,origin,2020,23,7
ARE,origin,2020,24,5
ARE,origin,2020,25,4
ARE,origin,2020,26,2
ARE,origin,2020,27,6
ARE,origin,2020,28,1
ARE,origin,2020,29,13
ARE,origin,2020,3,7
ARE,origin,2020,30,3
ARE,origin,2020,31,14
ARE,origin,2020,32,8
ARE,origin,2020,33,3
ARE,origin,2020,34,6
ARE,origin,2020,35,12
ARE,origin,2020,4,12
ARE,origin,2020,5,1
ARE,origin,2020,6,26
ARE,origin,2020,7,2
ARE,origin,2020,8,2
ARE,origin,2020,9,3
ARE,origin,2021,1,5
ARE,origin,2021,10,11
ARE,origin,2021,11,3
ARE,origin,2021,12,3
ARE,origin,2021,13,15
ARE,origin,2021,14,4
ARE,origin,2021,15,2
ARE,origin,2021,16,12
ARE,origin,2021,17,21
ARE,origin,2021,19,12
ARE,origin,2021,20,3
ARE,origin,2021,21,8
ARE,origin,2021,23,8
ARE,origin,2021,24,9
ARE,origin,2021,25,3
ARE,origin,2021,26,7
ARE,origin,2021,27,4
ARE,origin,2021,29,8
ARE,origin,2021,3,10
ARE,origin,2021,30,5
ARE,origin,2021,31,13
ARE,origin,2021,32,7
ARE,origin,2021,33,3
ARE,origin,2021,34,7
ARE,origin,2021,35,22
ARE,origin,2021,4,14
ARE,origin,2021,6,27
ARE,origin,2021,7,2
ARE,origin,2021,8,2
ARE,origin,2021,9,3
ARE,origin,2022,1,3
ARE,origin,2022,10,10
ARE,origin,2022,11,3
ARE,origin,2022,12,1
ARE,origin,2022,13,10
ARE,origin,2022,14,3
ARE,origin,2022,15,4
ARE,origin,2022,16,5
ARE,origin,2022,17,23
ARE,origin,2022,18,1
ARE,origin,2022,19,5
ARE,origin,2022,2,3
ARE,origin,2022,20,4
ARE,origin,2022,21,5
ARE,origin,2022,22,1
ARE,origin,2022,23,8
ARE,origin,2022,24,5
ARE,origin,2022,25,2
ARE,origin,2022,26,5
ARE,origin,2022,27,7
ARE,origin,2022,28,1
ARE,origin,2022,29,11
ARE,origin,2022,3,4
ARE,origin,2022,30,4
ARE,origin,2022,31,4
ARE,origin,2022,32,10
ARE,origin,2022,33,5
ARE,origin,2022,34,5
ARE,origin,2022,35,12
ARE,origin,2022,4,8
ARE,origin,2022,6,27
ARE,origin,2022,7,7
ARE,origin,2022,8,3
ARE,origin,2022,9,3
ARG,origin,2015,0,1
ARG,origin,2015,1,3
ARG,origin,2015,10,1
ARG,origin,2015,11,2
ARG,origin,2015,12,2
ARG,origin,2015,13,10
ARG,origin,2015,14,4
ARG,origin,2015,15,11
ARG,origin,2015,16,8
ARG,origin,2015,18,3
ARG,origin,2015,19,2
ARG,origin,2015,2,1
ARG,origin,2015,20,2
ARG,origin,2015,23,1
ARG,origin,2015,24,1
ARG,origin,2015,25,4
ARG,origin,2015,26,1
ARG,origin,2015,27,3
ARG,origin,2015,28,1
ARG,origin,2015,29,5
ARG,origin,2015,30,1
ARG,origin,2015,31,3
ARG,origin,2015,32,4
ARG,origin,2015,33,3
ARG,origin,2015,34,4
ARG,origin,2015,35,7
ARG,origin,2015,4,2
ARG,origin,2015,6,2
ARG,origin,2015,7,1
ARG,origin,2015,9,1
ARG,origin,2016,1,2
ARG,origin,2016,10,4
ARG,origin,2016,11,1
ARG,origin,2016,12,1
ARG,origin,2016,13,12
ARG,origin,2016,14,6
ARG,origin,2016,15,10
ARG,origin,2016,16,18
ARG,origin,2016,18,4
ARG,origin,2016,19,4
ARG,origin,2016,2,1
ARG,origin,2016,20,3
ARG,origin,2016,23,1
ARG,origin,2016,25,5
ARG,origin,2016,27,2
ARG,origin,2016,29,12
ARG,origin,2016,31,5
ARG,origin,2016,32,3
ARG,origin,2016,33,1
ARG,origin,2016,34,2
ARG,origin,2016,35,8
ARG,origin,2016,4,2
ARG,origin,2016,6,3
ARG,origin,2017,0,1
ARG,origin,2017,1,1
ARG,origin,2017,10,2
ARG,origin,2017,12,2
ARG,origin,2017,13,12
ARG,origin,2017,14,3
ARG,origin,2017,15,8
ARG,origin,2017,16,19
ARG,origin,2017,18,4
ARG,origin,2017,19,13
ARG,origin,2017,2,1
ARG,origin,2017,20,1
ARG,origin,2017,23,4
ARG,origin,2017,25,4
ARG,origin,2017,26,2
ARG,origin,2017,27,2
ARG,origin,2017,29,12
ARG,origin,2017,31,1
ARG,origin,2017,32,1
ARG,origin,2017,34,1
ARG,origin,2017,35,7
ARG,origin,2017,4,1
ARG,origin,2017,6,1
ARG,origin,2018,1,1
ARG,origin,2018,10,2
ARG,origin,2018,12,2
ARG,origin,2018,13,11
ARG,origin,2018,14,2
ARG,origin,2018,15,11
ARG,origin,2018,16,15
ARG,origin,2018,18,6
ARG,origin,2018,19,3
ARG,origin,2018,2,1
ARG,origin,2018,20,2
ARG,origin,2018,21,1
ARG,origin,2018,23,2
ARG,origin,2018,24,1
ARG,origin,2018,25,8
ARG,origin,2018,26,1
ARG,origin,2018,27,7
ARG,origin,2018,28,1
ARG,origin,2018,29,10
ARG,origin,2018,30,1
ARG,origin,2018,31,1
ARG,origin,2018,32,6
ARG,origin,2018,33,5
ARG,origin,2018,34,3
ARG,origin,2018,35,5
ARG,origin,2018,6,2
ARG,origin,2018,9,1
ARG,origin,2019,1,2
ARG,origin,2019,10,2
ARG,origin,2019,12,2
ARG,origin,2019,13,16
ARG,origin,2019,14,3
ARG,origin,2019,15,7
ARG,origin,2019,16,12
ARG,origin,2019,18,5
ARG,origin,2019,19,5
ARG,origin,2019,2,2
ARG,origin,2019,20,3
ARG,origin,2019,23,2
ARG,origin,2019,24,2
ARG,origin,2019,25,8
ARG,origin,2019,26,1
ARG,origin,2019,27,3
ARG,origin,2019,29,11
ARG,origin,2019,3,1
ARG,origin,2019,30,1
ARG,origin,2019,31,2
ARG,origin,2019,32,3
ARG,origin,2019,33,2
ARG,origin,2019,34,3
ARG,origin,2019,35,12
ARG,origin,2019,4,3
ARG,origin,2019,6,4
ARG,origin,2019,7,2
ARG,origin,2020,0,1
ARG,origin,2020,1,4
ARG,origin,2020,10,2
ARG,origin,2020,11,1
ARG,origin,2020,13,8
ARG,origin,2020,14,5
ARG,origin,2020,15,12
ARG,origin,2020,16,9
ARG,origin,2020,17,1
ARG,origin,2020,18,5
ARG,origin,2020,19,2
ARG,origin,2020,2,1
ARG,origin,2020,21,1
ARG,origin,2020,23,2
ARG,origin,2020,24,1
ARG,origin,2020,25,9
ARG,origin,2020,26,1
ARG,origin,2020,27,3
ARG,origin,2020,29,10
ARG,origin,2020,3,2
ARG,origin,2020,30,1
ARG,origin,2020,31,2
ARG,origin,2020,32,1
ARG,origin,2020,33,2
ARG,origin,2020,34,1
ARG,origin,2020,35,7
ARG,origin,2020,4,2
ARG,origin,2020,6,1
ARG,origin,2020,9,1
ARG,origin,2021,1,2
ARG,origin,2021,10,3
ARG,origin,2021,13,9
ARG,origin,2021,14,2
ARG,origin,2021,15,4
ARG,origin,2021,16,18
ARG,origin,2021,18,2
ARG,origin,2021,19,4
ARG,origin,2021,2,1
ARG,origin,2021,23,5
ARG,origin,2021,24,1
ARG,origin,2021,25,1
ARG,origin,2021,26,3
ARG,origin,2021,27,2
ARG,origin,2021,28,2
ARG,origin,2021,29,15
ARG,origin,2021,3,3
ARG,origin,2021,30,1
ARG,origin,2021,31,2
ARG,origin,2021,32,6
ARG,origin,2021,33,1
ARG,origin,2021,34,2
ARG,origin,2021,35,8
ARG,origin,2021,4,2
ARG,origin,2022,1,2
ARG,origin,2022,10,3
ARG,origin,2022,11,1
ARG,origin,2022,12,1
ARG,origin,2022,13,9
ARG,origin,2022,15,9
ARG,origin,2022,16,9
ARG,origin,2022,18,5
ARG,origin,2022,19,4
ARG,origin,2022,2,2
ARG,origin,2022,20,1
ARG,origin,2022,21,2
ARG,origin,2022,23,1
ARG,origin,2022,25,3
ARG,origin,2022,28,1
ARG,origin,2022,29,7
ARG,origin,2022,3,6
ARG,origin,2022,31,3
ARG,origin,2022,32,6
ARG,origin,2022,33,1
ARG,origin,2022,35,11
ARG,origin,2022,4,2
ARG,origin,2022,6,4
ARG,origin,2022,8,1
ARM,origin,2015,1,1
ARM,origin,2015,19,1
ARM,origin,2015,20,1
ARM,origin,2015,23,1
ARM,origin,2015,25,1
ARM,origin,2015,8,1
ARM,origin,2016,13,1
ARM,origin,2016,14,1
ARM,origin,2016,2,1
ARM,origin,2016,25,4
ARM,origin,2016,27,1
ARM,origin,2016,29,1
ARM,origin,2016,33,1
ARM,origin,2017,13,1
ARM,origin,2017,18,1
ARM,origin,2017,25,1
ARM,origin,2017,27,2
ARM,origin,2017,29,3
ARM,origin,2018,10,1
ARM,origin,2018,16,1
ARM,origin,2018,18,1
ARM,origin,2018,26,1
ARM,origin,2018,27,1
ARM,origin,2018,29,1
ARM,origin,2018,31,1
ARM,origin,2018,35,1
ARM,origin,2018,6,1
ARM,origin,2019,1,1
ARM,origin,2019,13,1
ARM,origin,2019,18,2
ARM,origin,2019,25,1
ARM,origin,2019,32,1
ARM,origin,2019,34,1
ARM,origin,2019,35,2
ARM,origin,2020,1,1
ARM,origin,2020,13,2
ARM,origin,2020,2,1
ARM,origin,2020,25,1
ARM,origin,2020,27,1
ARM,origin,2020,29,1
ARM,origin,2020,8,1
ARM,origin,2020,9,1
ARM,origin,2021,12,1
ARM,origin,2021,13,1
ARM,origin,2021,2,1
ARM,origin,2021,20,1
ARM,origin,2021,23,1
ARM,origin,2021,24,1
ARM,origin,2021,28,1
ARM,origin,2021,30,1
ARM,origin,2021,33,1
ARM,origin,2021,6,1
ARM,origin,2021,9,1
ARM,origin,2022,10,1
ARM,origin,2022,16,1
ARM,origin,2022,2,1
ARM,origin,2022,9,1
ATG,origin,2015,13,2
ATG,origin,2015,16,1
ATG,origin,2015,35,1
ATG,origin,2015,6,1
ATG,origin,2016,1,2
ATG,origin,2016,13,1
ATG,origin,2016,16,1
ATG,origin,2018,13,1
ATG,origin,2018,4,3
ATG,origin,2018,6,3
ATG,origin,2018,7,3
ATG,origin,2019,4,12
ATG,origin,2019,6,7
ATG,origin,2019,7,3
ATG,origin,2020,4,13
ATG,origin,2020,6,1
ATG,origin,2020,7,2
ATG,origin,2021,12,1
ATG,origin,2021,4,30
ATG,origin,2021,6,8
ATG,origin,2021,7,13
ATG,origin,2022,12,3
ATG,origin,2022,29,1
ATG,origin,2022,4,77
ATG,origin,2022,6,38
ATG,origin,2022,7,39
AUS,office,2015,0,1
AUS,office,2015,1,742
AUS,office,2015,10,964
AUS,office,2015,11,323
AUS,office,2015,12,369
AUS,office,2015,13,3102
AUS,office,2015,14,1024
AUS,office,2015,15,1379
AUS,office,2015,16,2027
AUS,office,2015,17,320
AUS,office,2015,18,543
AUS,office,2015,19,1256
AUS,office,2015,2,489
AUS,office,2015,20,525
AUS,office,2015,21,246
AUS,office,2015,22,31
AUS,office,2015,23,665
AUS,office,2015,24,347
AUS,office,2015,25,635
AUS,office,2015,26,330
AUS,office,2015,27,349
AUS,office,2015,28,223
AUS,office,2015,29,546
AUS,office,2015,3,367
AUS,office,2015,30,441
AUS,office,2015,31,487
AUS,office,2015,32,613
AUS,office,2015,33,731
AUS,office,2015,34,512
AUS,office,2015,35,1563
AUS,office,2015,4,751
AUS,office,2015,5,54
AUS,office,2015,6,1139
AUS,office,2015,7,389
AUS,office,2015,8,132
AUS,office,2015,9,355
AUS,office,2016,1,680
AUS,office,2016,10,685
AUS,office,2016,11,273
AUS,office,2016,12,337
AUS,office,2016,13,2246
AUS,office,2016,14,1043
AUS,office,2016,15,1298
AUS,office,2016,16,2350
AUS,office,2016,17,296
AUS,office,2016,18,462
AUS,office,2016,19,1176
AUS,office,2016,2,449
AUS,office,2016,20,468
AUS,office,2016,21,240
AUS,office,2016,22,16
AUS,office,2016,23,692
AUS,office,2016,24,397
AUS,office,2016,25,855
AUS,office,2016,26,357
AUS,office,2016,27,492
AUS,office,2016,28,234
AUS,office,2016,29,717
AUS,office,2016,3,349
AUS,office,2016,30,379
AUS,office,2016,31,646
AUS,office,2016,32,768
AUS,office,2016,33,728
AUS,office,2016,34,523
AUS,office,2016,35,2127
AUS,office,2016,4,695
AUS,office,2016,5,51
AUS,office,2016,6,1143
AUS,office,2016,7,320
AUS,office,2016,8,72
AUS,office,2016,9,201
AUS,office,2017,1,625
AUS,office,2017,10,694
AUS,office,2017,11,202
AUS,office,2017,12,304
AUS,office,2017,13,2566
AUS,office,2017,14,1098
AUS,office,2017,15,1251
AUS,office,2017,16,2323
AUS,office,2017,17,226
AUS,office,2017,18,442
AUS,office,2017,19,965
AUS,office,2017,2,409
AUS,office,2017,20,369
AUS,office,2017,21,218
AUS,office,2017,22,23
AUS,office,2017,23,635
AUS,office,2017,24,306
AUS,office,2017,25,683
AUS,office,2017,26,323
AUS,office,2017,27,345
AUS,office,2017,28,195
AUS,office,2017,29,680
AUS,office,2017,3,250
AUS,office,2017,30,320
AUS,office,2017,31,544
AUS,office,2017,32,678
AUS,office,2017,33,531
AUS,office,2017,34,395
AUS,office,2017,35,1707
AUS,office,2017,4,613
AUS,office,2017,5,49
AUS,office,2017,6,1142
AUS,office,2017,7,293
AUS,office,2017,8,77
AUS,office,2017,9,265
AUS,office,2018,1,528
AUS,office,2018,10,502
AUS,office,2018,11,196
AUS,office,2018,12,199
AUS,office,2018,13,2277
AUS,office,2018,14,899
AUS,office,2018,15,1053
AUS,office,2018,16,1837
AUS,office,2018,17,202
AUS,office,2018,18,298
AUS,office,2018,19,706
AUS,office,2018,2,341
AUS,office,2018,20,306
AUS,office,2018,21,194
AUS,office,2018,22,17
AUS,office,2018,23,521
AUS,office,2018,24,232
AUS,office,2018,25,513
AUS,office,2018,26,209
AUS,office,2018,27,230
AUS,office,2018,28,136
AUS,office,2018,29,560
AUS,office,2018,3,227
AUS,office,2018,30,278
AUS,office,2018,31,391
AUS,office,2018,32,510
AUS,office,2018,33,514
AUS,office,2018,34,390
AUS,office,2018,35,1074
AUS,office,2018,4,538
AUS,office,2018,5,43
AUS,office,2018,6,860
AUS,office,2018,7,173
AUS,office,2018,8,55
AUS,office,2018,9,201
AUS,office,2019,1,523
AUS,office,2019,10,522
AUS,office,2019,11,180
AUS,office,2019,12,251
AUS,office,2019,13,2611
AUS,office,2019,14,881
AUS,office,2019,15,1037
AUS,office,2019,16,1864
AUS,office,2019,17,169
AUS,office,2019,18,336
AUS,office,2019,19,587
AUS,office,2019,2,341
AUS,office,2019,20,314
AUS,office,2019,21,168
AUS,office,2019,22,11
AUS,office,2019,23,470
AUS,office,2019,24,210
AUS,office,2019,25,661
AUS,office,2019,26,235
AUS,office,2019,27,267
AUS,office,2019,28,152
AUS,office,2019,29,564
AUS,office,2019,3,256
AUS,office,2019,30,264
AUS,office,2019,31,452
AUS,office,2019,32,622
AUS,office,2019,33,542
AUS,office,2019,34,489
AUS,office,2019,35,845
AUS,office,2019,4,652
AUS,office,2019,5,37
AUS,office,2019,6,1202
AUS,office,2019,7,137
AUS,office,2019,8,63
AUS,office,2019,9,207
AUS,office,2020,1,489
AUS,office,2020,10,551
AUS,office,2020,11,217
AUS,office,2020,12,239
AUS,office,2020,13,2453
AUS,office,2020,14,975
AUS,office,2020,15,1183
AUS,office,2020,16,2018
AUS,office,2020,17,168
AUS,office,2020,18,327
AUS,office,2020,19,562
AUS,office,2020,2,267
AUS,office,2020,20,287
AUS,office,2020,21,177
AUS,office,2020,22,14
AUS,office,2020,23,449
AUS,office,2020,24,172
AUS,office,2020,25,504
AUS,office,2020,26,185
AUS,office,2020,27,211
AUS,office,2020,28,159
AUS,office,2020,29,507
AUS,office,2020,3,232
AUS,office,2020,30,203
AUS,office,2020,31,298
AUS,office,2020,32,461
AUS,office,2020,33,496
AUS,office,2020,34,374
AUS,office,2020,35,852
AUS,office,2020,4,710
AUS,office,2020,5,50
AUS,office,2020,6,1180
AUS,office,2020,7,229
AUS,office,2020,8,91
AUS,office,2020,9,171
AUS,office,2021,1,611
AUS,office,2021,10,658
AUS,office,2021,11,232
AUS,office,2021,12,344
AUS,office,2021,13,2164
AUS,office,2021,14,953
AUS,office,2021,15,1343
AUS,office,2021,16,2045
AUS,office,2021,17,163
AUS,office,2021,18,318
AUS,office,2021,19,521
AUS,office,2021,2,270
AUS,office,2021,20,258
AUS,office,2021,21,144
AUS,office,2021,22,23
AUS,office,2021,23,462
AUS,office,2021,24,174
AUS,office,2021,25,434
AUS,office,2021,26,180
AUS,office,2021,27,201
AUS,office,2021,28,136
AUS,office,2021,29,502
AUS,office,2021,3,277
AUS,office,2021,30,249
AUS,office,2021,31,246
AUS,office,2021,32,468
AUS,office,2021,33,475
AUS,office,2021,34,404
AUS,office,2021,35,910
AUS,office,2021,4,927
AUS,office,2021,5,56
AUS,office,2021,6,1261
AUS,office,2021,7,194
AUS,office,2021,8,90
AUS,office,2021,9,243
AUS,office,2022,1,597
AUS,office,2022,10,584
AUS,office,2022,11,208
AUS,office,2022,12,245
AUS,office,2022,13,1881
AUS,office,2022,14,777
AUS,office,2022,15,1196
AUS,office,2022,16,1713
AUS,office,2022,17,126
AUS,office,2022,18,294
AUS,office,2022,19,426
AUS,office,2022,2,275
AUS,office,2022,20,231
AUS,office,2022,21,164
AUS,office,2022,22,13
AUS,office,2022,23,454
AUS,office,2022,24,203
AUS,office,2022,25,419
AUS,office,2022,26,234
AUS,office,2022,27,166
AUS,office,2022,28,157
AUS,office,2022,29,476
AUS,office,2022,3,247
AUS,office,2022,30,285
AUS,office,2022,31,270
AUS,office,2022,32,481
AUS,office,2022,33,410
AUS,office,2022,34,426
AUS,office,2022,35,874
AUS,office,2022,4,839
AUS,office,2022,5,41
AUS,office,2022,6,1043
AUS,office,2022,7,180
AUS,office,2022,8,85
AUS,office,2022,9,193
AUS,origin,2015,0,11
AUS,origin,2015,1,158
AUS,origin,2015,10,161
AUS,origin,2015,11,50
AUS,origin,2015,12,118
AUS,origin,2015,13,531
AUS,origin,2015,14,101
AUS,origin,2015,15,201
AUS,origin,2015,16,330
AUS,origin,2015,17,33
AUS,origin,2015,18,68
AUS,origin,2015,19,129
AUS,origin,2015,2,76
AUS,origin,2015,20,115
AUS,origin,2015,21,55
AUS,origin,2015,22,9
AUS,origin,2015,23,155
AUS,origin,2015,24,71
AUS,origin,2015,25,164
AUS,origin,2015,26,77
AUS,origin,2015,27,103
AUS,origin,2015,28,33
AUS,origin,2015,29,158
AUS,origin,2015,3,64
AUS,origin,2015,30,76
AUS,origin,2015,31,137
AUS,origin,2015,32,150
AUS,origin,2015,33,240
AUS,origin,2015,34,115
AUS,origin,2015,35,481
AUS,origin,2015,4,56
AUS,origin,2015,5,9
AUS,origin,2015,6,188
AUS,origin,2015,7,56
AUS,origin,2015,8,27
AUS,origin,2015,9,56
AUS,origin,2016,0,6
AUS,origin,2016,1,144
AUS,origin,2016,10,140
AUS,origin,2016,11,54
AUS,origin,2016,12,107
AUS,origin,2016,13,519
AUS,origin,2016,14,118
AUS,origin,2016,15,195
AUS,origin,2016,16,371
AUS,origin,2016,17,44
AUS,origin,2016,18,65
AUS,origin,2016,19,116
AUS,origin,2016,2,73
AUS,origin,2016,20,112
AUS,origin,2016,21,48
AUS,origin,2016,22,4
AUS,origin,2016,23,143
AUS,origin,2016,24,62
AUS,origin,2016,25,207
AUS,origin,2016,26,73
AUS,origin,2016,27,144
AUS,origin,2016,28,33
AUS,origin,2016,29,178
AUS,origin,2016,3,69
AUS,origin,2016,30,72
AUS,origin,2016,31,137
AUS,origin,2016,32,193
AUS,origin,2016,33,223
AUS,origin,2016,34,111
AUS,origin,2016,35,521
AUS,origin,2016,4,89
AUS,origin,2016,5,14
AUS,origin,2016,6,199
AUS,origin,2016,7,44
AUS,origin,2016,8,26
AUS,origin,2016,9,61
AUS,origin,2017,0,5
AUS,origin,2017,1,110
AUS,origin,2017,10,144
AUS,origin,2017,11,52
AUS,origin,2017,12,132
AUS,origin,2017,13,545
AUS,origin,2017,14,89
AUS,origin,2017,15,196
AUS,origin,2017,16,358
AUS,origin,2017,17,38
AUS,origin,2017,18,59
AUS,origin,2017,19,111
AUS,origin,2017,2,70
AUS,origin,2017,20,107
AUS,origin,2017,21,64
AUS,origin,2017,22,9
AUS,origin,2017,23,141
AUS,origin,2017,24,60
AUS,origin,2017,25,194
AUS,origin,2017,26,95
AUS,origin,2017,27,124
AUS,origin,2017,28,35
AUS,origin,2017,29,186
AUS,origin,2017,3,66
AUS,origin,2017,30,70
AUS,origin,2017,31,124
AUS,origin,2017,32,187
AUS,origin,2017,33,172
AUS,origin,2017,34,110
AUS,origin,2017,35,459
AUS,origin,2017,4,76
AUS,origin,2017,5,11
AUS,origin,2017,6,164
AUS,origin,2017,7,54
AUS,origin,2017,8,32
AUS,origin,2017,9,60
AUS,origin,2018,0,1
AUS,origin,2018,1,163
AUS,origin,2018,10,147
AUS,origin,2018,11,60
AUS,origin,2018,12,103
AUS,origin,2018,13,493
AUS,origin,2018,14,76
AUS,origin,2018,15,205
AUS,origin,2018,16,304
AUS,origin,2018,17,36
AUS,origin,2018,18,52
AUS,origin,2018,19,125
AUS,origin,2018,2,102
AUS,origin,2018,20,104
AUS,origin,2018,21,66
AUS,origin,2018,22,10
AUS,origin,2018,23,123
AUS,origin,2018,24,50
AUS,origin,2018,25,144
AUS,origin,2018,26,58
AUS,origin,2018,27,89
AUS,origin,2018,28,24
AUS,origin,2018,29,153
AUS,origin,2018,3,62
AUS,origin,2018,30,62
AUS,origin,2018,31,114
AUS,origin,2018,32,157
AUS,origin,2018,33,176
AUS,origin,2018,34,96
AUS,origin,2018,35,409
AUS,origin,2018,4,69
AUS,origin,2018,5,7
AUS,origin,2018,6,152
AUS,origin,2018,7,43
AUS,origin,2018,8,33
AUS,origin,2018,9,55
AUS,origin,2019,0,5
AUS,origin,2019,1,172
AUS,origin,2019,10,160
AUS,origin,2019,11,53
AUS,origin,2019,12,121
AUS,origin,2019,13,582
AUS,origin,2019,14,77
AUS,origin,2019,15,183
AUS,origin,2019,16,323
AUS,origin,2019,17,31
AUS,origin,2019,18,68
AUS,origin,2019,19,104
AUS,origin,2019,2,90
AUS,origin,2019,20,99
AUS,origin,2019,21,62
AUS,origin,2019,22,10
AUS,origin,2019,23,112
AUS,origin,2019,24,49
AUS,origin,2019,25,147
AUS,origin,2019,26,48
AUS,origin,2019,27,95
AUS,origin,2019,28,23
AUS,origin,2019,29,154
AUS,origin,2019,3,60
AUS,origin,2019,30,76
AUS,origin,2019,31,136
AUS,origin,2019,32,163
AUS,origin,2019,33,171
AUS,origin,2019,34,103
AUS,origin,2019,35,388
AUS,origin,2019,4,101
AUS,origin,2019,5,14
AUS,origin,2019,6,195
AUS,origin,2019,7,40
AUS,origin,2019,8,33
AUS,origin,2019,9,63
AUS,origin,2020,0,3
AUS,origin,2020,1,202
AUS,origin,2020,10,173
AUS,origin,2020,11,64
AUS,origin,2020,12,169
AUS,origin,2020,13,634
AUS,origin,2020,14,81
AUS,origin,2020,15,160
AUS,origin,2020,16,263
AUS,origin,2020,17,25
AUS,origin,2020,18,57
AUS,origin,2020,19,94
AUS,origin,2020,2,96
AUS,origin,2020,20,102
AUS,origin,2020,21,57
AUS,origin,2020,22,12
AUS,origin,2020,23,131
AUS,origin,2020,24,69
AUS,origin,2020,25,175
AUS,origin,2020,26,60
AUS,origin,2020,27,88
AUS,origin,2020,28,29
AUS,origin,2020,29,175
AUS,origin,2020,3,40
AUS,origin,2020,30,62
AUS,origin,2020,31,114
AUS,origin,2020,32,170
AUS,origin,2020,33,194
AUS,origin,2020,34,106
AUS,origin,2020,35,429
AUS,origin,2020,4,100
AUS,origin,2020,5,15
AUS,origin,2020,6,226
AUS,origin,2020,7,64
AUS,origin,2020,8,31
AUS,origin,2020,9,50
AUS,origin,2021,0,1
AUS,origin,2021,1,169
AUS,origin,2021,10,188
AUS,origin,2021,11,50
AUS,origin,2021,12,209
AUS,origin,2021,13,613
AUS,origin,2021,14,92
AUS,origin,2021,15,185
AUS,origin,2021,16,321
AUS,origin,2021,17,32
AUS,origin,2021,18,56
AUS,origin,2021,19,109
AUS,origin,2021,2,94
AUS,origin,2021,20,117
AUS,origin,2021,21,52
AUS,origin,2021,22,12
AUS,origin,2021,23,155
AUS,origin,2021,24,76
AUS,origin,2021,25,160
AUS,origin,2021,26,59
AUS,origin,2021,27,81
AUS,origin,2021,28,25
AUS,origin,2021,29,184
AUS,origin,2021,3,41
AUS,origin,2021,30,68
AUS,origin,2021,31,111
AUS,origin,2021,32,193
AUS,origin,2021,33,213
AUS,origin,2021,34,112
AUS,origin,2021,35,428
AUS,origin,2021,4,103
AUS,origin,2021,5,8
AUS,origin,2021,6,260
AUS,origin,2021,7,66
AUS,origin,2021,8,30
AUS,origin,2021,9,52
AUS,origin,2022,0,1
AUS,origin,2022,1,176
AUS,origin,2022,10,213
AUS,origin,2022,11,49
AUS,origin,2022,12,174
AUS,origin,2022,13,673
AUS,origin,2022,14,64
AUS,origin,2022,15,161
AUS,origin,2022,16,282
AUS,origin,2022,17,31
AUS,origin,2022,18,66
AUS,origin,2022,19,94
AUS,origin,2022,2,101
AUS,origin,2022,20,98
AUS,origin,2022,21,41
AUS,origin,2022,22,9
AUS,origin,2022,23,131
AUS,origin,2022,24,62
AUS,origin,2022,25,182
AUS,origin,2022,26,48
AUS,origin,2022,27,82
AUS,origin,2022,28,27
AUS,origin,2022,29,185
AUS,origin,2022,3,53
AUS,origin,2022,30,50
AUS,origin,2022,31,104
AUS,origin,2022,32,186
AUS,origin,2022,33,175
AUS,origin,2022,34,101
AUS,origin,2022,35,390
AUS,origin,2022,4,90
AUS,origin,2022,5,4
AUS,origin,2022,6,274
AUS,origin,2022,7,62
AUS,origin,2022,8,34
AUS,origin,2022,9,53
AUT,office,2015,1,120
AUT,office,2015,10,81
AUT,office,2015,11,5
AUT,office,2015,12,26
AUT,office,2015,13,42
AUT,office,2015,14,3
AUT,office,2015,15,3
AUT,office,2015,16,3
AUT,office,2015,17,4
AUT,office,2015,18,11
AUT,office,2015,19,16
AUT,office,2015,2,17
AUT,office,2015,20,17
AUT,office,2015,21,27
AUT,office,2015,22,1
AUT,office,2015,23,40
AUT,office,2015,24,19
AUT,office,2015,25,62
AUT,office,2015,26,87
AUT,office,2015,27,58
AUT,office,2015,28,46
AUT,office,2015,29,138
AUT,office,2015,3,8
AUT,office,2015,30,57
AUT,office,2015,31,54
AUT,office,2015,32,102
AUT,office,2015,33,75
AUT,office,2015,34,43
AUT,office,2015,35,155
AUT,office,2015,4,4
AUT,office,2015,5,2
AUT,office,2015,6,14
AUT,office,2015,7,1
AUT,office,2015,8,9
AUT,office,2015,9,16
AUT,office,2016,1,97
AUT,office,2016,10,77
AUT,office,2016,11,3
AUT,office,2016,12,23
AUT,office,2016,13,39
AUT,office,2016,14,3
AUT,office,2016,15,3
AUT,office,2016,16,4
AUT,office,2016,17,6
AUT,office,2016,18,5
AUT,office,2016,19,15
AUT,office,2016,2,13
AUT,office,2016,20,21
AUT,office,2016,21,19
AUT,office,2016,23,38
AUT,office,2016,24,23
AUT,office,2016,25,39
AUT,office,2016,26,80
AUT,office,2016,27,75
AUT,office,2016,28,29
AUT,office,2016,29,82
AUT,office,2016,3,4
AUT,office,2016,30,36
AUT,office,2016,31,55
AUT,office,2016,32,73
AUT,office,2016,33,84
AUT,office,2016,34,35
AUT,office,2016,35,134
AUT,office,2016,4,6
AUT,office,2016,5,2
AUT,office,2016,6,11
AUT,office,2016,8,4
AUT,office,2016,9,10
AUT,office,2017,1,102
AUT,office,2017,10,63
AUT,office,2017,11,4
AUT,office,2017,12,18
AUT,office,2017,13,22
AUT,office,2017,14,1
AUT,office,2017,15,5
AUT,office,2017,16,4
AUT,office,2017,17,4
AUT,office,2017,18,4
AUT,office,2017,19,9
AUT,office,2017,2,13
AUT,office,2017,20,31
AUT,office,2017,21,22
AUT,office,2017,22,1
AUT,office,2017,23,26
AUT,office,2017,24,24
AUT,office,2017,25,41
AUT,office,2017,26,67
AUT,office,2017,27,59
AUT,office,2017,28,26
AUT,office,2017,29,94
AUT,office,2017,3,4
AUT,office,2017,30,42
AUT,office,2017,31,67
AUT,office,2017,32,72
AUT,office,2017,33,63
AUT,office,2017,34,43
AUT,office,2017,35,138
AUT,office,2017,4,6
AUT,office,2017,5,2
AUT,office,2017,6,13
AUT,office,2017,7,1
AUT,office,2017,8,5
AUT,office,2017,9,8
AUT,office,2018,1,89
AUT,office,2018,10,79
AUT,office,2018,11,5
AUT,office,2018,12,20
AUT,office,2018,13,41
AUT,office,2018,14,2
AUT,office,2018,15,4
AUT,office,2018,16,4
AUT,office,2018,17,3
AUT,office,2018,18,3
AUT,office,2018,19,12
AUT,office,2018,2,13
AUT,office,2018,20,22
AUT,office,2018,21,23
AUT,office,2018,23,26
AUT,office,2018,24,22
AUT,office,2018,25,44
AUT,office,2018,26,68
AUT,office,2018,27,77
AUT,office,2018,28,24
AUT,office,2018,29,104
AUT,office,2018,3,4
AUT,office,2018,30,34
AUT,office,2018,31,81
AUT,office,2018,32,97
AUT,office,2018,33,59
AUT,office,2018,34,30
AUT,office,2018,35,137
AUT,office,2018,4,5
AUT,office,2018,6,20
AUT,office,2018,7,3
AUT,office,2018,8,7
AUT,office,2018,9,17
AUT,office,2019,1,77
AUT,office,2019,10,79
AUT,office,2019,11,2
AUT,office,2019,12,26
AUT,office,2019,13,36
AUT,office,2019,14,2
AUT,office,2019,15,2
AUT,office,2019,16,3
AUT,office,2019,17,6
AUT,office,2019,18,4
AUT,office,2019,19,9
AUT,office,2019,2,25
AUT,office,2019,20,28
AUT,office,2019,21,20
AUT,office,2019,22,1
AUT,office,2019,23,21
AUT,office,2019,24,14
AUT,office,2019,25,68
AUT,office,2019,26,59
AUT,office,2019,27,67
AUT,office,2019,28,19
AUT,office,2019,29,84
AUT,office,2019,3,2
AUT,office,2019,30,22
AUT,office,2019,31,79
AUT,office,2019,32,99
AUT,office,2019,33,59
AUT,office,2019,34,29
AUT,office,2019,35,133
AUT,office,2019,4,7
AUT,office,2019,5,1
AUT,office,2019,6,12
AUT,office,2019,7,2
AUT,office,2019,8,20
AUT,office,2019,9,10
AUT,office,2020,1,117
AUT,office,2020,10,70
AUT,office,2020,11,5
AUT,office,2020,12,22
AUT,office,2020,13,24
AUT,office,2020,15,3
AUT,office,2020,16,1
AUT,office,2020,17,4
AUT,office,2020,18,3
AUT,office,2020,19,6
AUT,office,2020,2,14
AUT,office,2020,20,28
AUT,office,2020,21,15
AUT,office,2020,22,2
AUT,office,2020,23,26
AUT,office,2020,24,26
AUT,office,2020,25,59
AUT,office,2020,26,42
AUT,office,2020,27,55
AUT,office,2020,28,16
AUT,office,2020,29,82
AUT,office,2020,3,6
AUT,office,2020,30,24
AUT,office,2020,31,73
AUT,office,2020,32,86
AUT,office,2020,33,57
AUT,office,2020,34,34
AUT,office,2020,35,127
AUT,office,2020,4,6
AUT,office,2020,5,2
AUT,office,2020,6,7
AUT,office,2020,7,4
AUT,office,2020,8,9
AUT,office,2020,9,10
AUT,office,2021,1,90
AUT,office,2021,10,77
AUT,office,2021,12,16
AUT,office,2021,13,17
AUT,office,2021,14,1
AUT,office,2021,15,3
AUT,office,2021,16,1
AUT,office,2021,17,4
AUT,office,2021,18,5
AUT,office,2021,19,10
AUT,office,2021,2,10
AUT,office,2021,20,28
AUT,office,2021,21,15
AUT,office,2021,22,2
AUT,office,2021,23,39
AUT,office,2021,24,35
AUT,office,2021,25,55
AUT,office,2021,26,45
AUT,office,2021,27,60
AUT,office,2021,28,19
AUT,office,2021,29,93
AUT,office,2021,3,6
AUT,office,2021,30,26
AUT,office,2021,31,43
AUT,office,2021,32,88
AUT,office,2021,33,60
AUT,office,2021,34,30
AUT,office,2021,35,100
AUT,office,2021,4,10
AUT,office,2021,6,10
AUT,office,2021,7,2
AUT,office,2021,8,6
AUT,office,2021,9,44
AUT,office,2022,1,124
AUT,office,2022,10,85
AUT,office,2022,11,2
AUT,office,2022,12,19
AUT,office,2022,13,23
AUT,office,2022,14,2
AUT,office,2022,15,2
AUT,office,2022,17,4
AUT,office,2022,18,4
AUT,office,2022,19,10
AUT,office,2022,2,9
AUT,office,2022,20,32
AUT,office,2022,21,21
AUT,office,2022,22,2
AUT,office,2022,23,42
AUT,office,2022,24,33
AUT,office,2022,25,54
AUT,office,2022,26,54
AUT,office,2022,27,47
AUT,office,2022,28,22
AUT,office,2022,29,90
AUT,office,2022,3,3
AUT,office,2022,30,34
AUT,office,2022,31,55
AUT,office,2022,32,125
AUT,office,2022,33,67
AUT,office,2022,34,24
AUT,office,2022,35,121
AUT,office,2022,4,6
AUT,office,2022,5,2
AUT,office,2022,6,15
AUT,office,2022,7,2
AUT,office,2022,8,11
AUT,office,2022,9,12
AUT,origin,2015,0,2
AUT,origin,2015,1,453
AUT,origin,2015,10,230
AUT,origin,2015,11,27
AUT,origin,2015,12,128
AUT,origin,2015,13,224
AUT,origin,2015,14,50
AUT,origin,2015,15,76
AUT,origin,2015,16,100
AUT,origin,2015,17,209
AUT,origin,2015,18,25
AUT,origin,2015,19,69
AUT,origin,2015,2,93
AUT,origin,2015,20,200
AUT,origin,2015,21,71
AUT,origin,2015,22,4
AUT,origin,2015,23,154
AUT,origin,2015,24,76
AUT,origin,2015,25,219
AUT,origin,2015,26,282
AUT,origin,2015,27,159
AUT,origin,2015,28,140
AUT,origin,2015,29,352
AUT,origin,2015,3,26
AUT,origin,2015,30,112
AUT,origin,2015,31,236
AUT,origin,2015,32,245
AUT,origin,2015,33,267
AUT,origin,2015,34,129
AUT,origin,2015,35,397
AUT,origin,2015,4,27
AUT,origin,2015,5,47
AUT,origin,2015,6,84
AUT,origin,2015,7,4
AUT,origin,2015,8,280
AUT,origin,2015,9,45
AUT,origin,2016,0,1
AUT,origin,2016,1,591
AUT,origin,2016,10,257
AUT,origin,2016,11,17
AUT,origin,2016,12,158
AUT,origin,2016,13,275
AUT,origin,2016,14,59
AUT,origin,2016,15,91
AUT,origin,2016,16,112
AUT,origin,2016,17,270
AUT,origin,2016,18,21
AUT,origin,2016,19,83
AUT,origin,2016,2,100
AUT,origin,2016,20,242
AUT,origin,2016,21,100
AUT,origin,2016,22,4
AUT,origin,2016,23,146
AUT,origin,2016,24,88
AUT,origin,2016,25,209
AUT,origin,2016,26,331
AUT,origin,2016,27,172
AUT,origin,2016,28,142
AUT,origin,2016,29,354
AUT,origin,2016,3,35
AUT,origin,2016,30,127
AUT,origin,2016,31,248
AUT,origin,2016,32,279
AUT,origin,2016,33,350
AUT,origin,2016,34,156
AUT,origin,2016,35,404
AUT,origin,2016,4,40
AUT,origin,2016,5,55
AUT,origin,2016,6,90
AUT,origin,2016,7,7
AUT,origin,2016,8,376
AUT,origin,2016,9,55
AUT,origin,2017,0,3
AUT,origin,2017,1,701
AUT,origin,2017,10,255
AUT,origin,2017,11,31
AUT,origin,2017,12,161
AUT,origin,2017,13,262
AUT,origin,2017,14,44
AUT,origin,2017,15,95
AUT,origin,2017,16,117
AUT,origin,2017,17,294
AUT,origin,2017,18,20
AUT,origin,2017,19,77
AUT,origin,2017,2,109
AUT,origin,2017,20,261
AUT,origin,2017,21,113
AUT,origin,2017,22,4
AUT,origin,2017,23,132
AUT,origin,2017,24,97
AUT,origin,2017,25,222
AUT,origin,2017,26,301
AUT,origin,2017,27,185
AUT,origin,2017,28,118
AUT,origin,2017,29,392
AUT,origin,2017,3,39
AUT,origin,2017,30,141
AUT,origin,2017,31,282
AUT,origin,2017,32,302
AUT,origin,2017,33,291
AUT,origin,2017,34,154
AUT,origin,2017,35,414
AUT,origin,2017,4,53
AUT,origin,2017,5,55
AUT,origin,2017,6,98
AUT,origin,2017,7,11
AUT,origin,2017,8,397
AUT,origin,2017,9,57
AUT,origin,2018,0,1
AUT,origin,2018,1,672
AUT,origin,2018,10,291
AUT,origin,2018,11,27
AUT,origin,2018,12,151
AUT,origin,2018,13,230
AUT,origin,2018,14,44
AUT,origin,2018,15,100
AUT,origin,2018,16,98
AUT,origin,2018,17,279
AUT,origin,2018,18,24
AUT,origin,2018,19,80
AUT,origin,2018,2,110
AUT,origin,2018,20,204
AUT,origin,2018,21,103
AUT,origin,2018,22,8
AUT,origin,2018,23,144
AUT,origin,2018,24,86
AUT,origin,2018,25,216
AUT,origin,2018,26,244
AUT,origin,2018,27,206
AUT,origin,2018,28,120
AUT,origin,2018,29,385
AUT,origin,2018,3,36
AUT,origin,2018,30,132
AUT,origin,2018,31,285
AUT,origin,2018,32,378
AUT,origin,2018,33,295
AUT,origin,2018,34,157
AUT,origin,2018,35,408
AUT,origin,2018,4,63
AUT,origin,2018,5,53
AUT,origin,2018,6,111
AUT,origin,2018,7,13
AUT,origin,2018,8,361
AUT,origin,2018,9,60
AUT,origin,2019,0,2
AUT,origin,2019,1,685
AUT,origin,2019,10,337
AUT,origin,2019,11,25
AUT,origin,2019,12,167
AUT,origin,2019,13,239
AUT,origin,2019,14,52
AUT,origin,2019,15,90
AUT,origin,2019,16,104
AUT,origin,2019,17,302
AUT,origin,2019,18,21
AUT,origin,2019,19,87
AUT,origin,2019,2,146
AUT,origin,2019,20,226
AUT,origin,2019,21,129
AUT,origin,2019,22,14
AUT,origin,2019,23,136
AUT,origin,2019,24,84
AUT,origin,2019,25,269
AUT,origin,2019,26,290
AUT,origin,2019,27,198
AUT,origin,2019,28,150
AUT,origin,2019,29,379
AUT,origin,2019,3,38
AUT,origin,2019,30,127
AUT,origin,2019,31,275
AUT,origin,2019,32,384
AUT,origin,2019,33,270
AUT,origin,2019,34,164
AUT,origin,2019,35,490
AUT,origin,2019,4,64
AUT,origin,2019,5,58
AUT,origin,2019,6,110
AUT,origin,2019,7,19
AUT,origin,2019,8,362
AUT,origin,2019,9,71
AUT,origin,2020,1,705
AUT,origin,2020,10,285
AUT,origin,2020,11,28
AUT,origin,2020,12,137
AUT,origin,2020,13,249
AUT,origin,2020,14,41
AUT,origin,2020,15,92
AUT,origin,2020,16,93
AUT,origin,2020,17,312
AUT,origin,2020,18,25
AUT,origin,2020,19,71
AUT,origin,2020,2,131
AUT,origin,2020,20,193
AUT,origin,2020,21,108
AUT,origin,2020,22,13
AUT,origin,2020,23,144
AUT,origin,2020,24,82
AUT,origin,2020,25,297
AUT,origin,2020,26,260
AUT,origin,2020,27,197
AUT,origin,2020,28,139
AUT,origin,2020,29,422
AUT,origin,2020,3,34
AUT,origin,2020,30,109
AUT,origin,2020,31,260
AUT,origin,2020,32,402
AUT,origin,2020,33,233
AUT,origin,2020,34,169
AUT,origin,2020,35,450
AUT,origin,2020,4,59
AUT,origin,2020,5,64
AUT,origin,2020,6,119
AUT,origin,2020,7,16
AUT,origin,2020,8,334
AUT,origin,2020,9,60
AUT,origin,2021,0,1
AUT,origin,2021,1,585
AUT,origin,2021,10,290
AUT,origin,2021,11,29
AUT,origin,2021,12,126
AUT,origin,2021,13,220
AUT,origin,2021,14,42
AUT,origin,2021,15,88
AUT,origin,2021,16,108
AUT,origin,2021,17,293
AUT,origin,2021,18,31
AUT,origin,2021,19,76
AUT,origin,2021,2,139
AUT,origin,2021,20,193
AUT,origin,2021,21,115
AUT,origin,2021,22,9
AUT,origin,2021,23,144
AUT,origin,2021,24,84
AUT,origin,2021,25,257
AUT,origin,2021,26,267
AUT,origin,2021,27,164
AUT,origin,2021,28,133
AUT,origin,2021,29,391
AUT,origin,2021,3,32
AUT,origin,2021,30,93
AUT,origin,2021,31,202
AUT,origin,2021,32,404
AUT,origin,2021,33,225
AUT,origin,2021,34,118
AUT,origin,2021,35,422
AUT,origin,2021,4,67
AUT,origin,2021,5,50
AUT,origin,2021,6,103
AUT,origin,2021,7,17
AUT,origin,2021,8,264
AUT,origin,2021,9,92
AUT,origin,2022,1,622
AUT,origin,2022,10,317
AUT,origin,2022,11,28
AUT,origin,2022,12,97
AUT,origin,2022,13,201
AUT,origin,2022,14,36
AUT,origin,2022,15,86
AUT,origin,2022,16,89
AUT,origin,2022,17,259
AUT,origin,2022,18,24
AUT,origin,2022,19,61
AUT,origin,2022,2,128
AUT,origin,2022,20,183
AUT,origin,2022,21,109
AUT,origin,2022,22,9
AUT,origin,2022,23,138
AUT,origin,2022,24,89
AUT,origin,2022,25,261
AUT,origin,2022,26,275
AUT,origin,2022,27,139
AUT,origin,2022,28,147
AUT,origin,2022,29,382
AUT,origin,2022,3,32
AUT,origin,2022,30,102
AUT,origin,2022,31,247
AUT,origin,2022,32,410
AUT,origin,2022,33,221
AUT,origin,2022,34,127
AUT,origin,2022,35,417
AUT,origin,2022,4,38
AUT,origin,2022,5,42
AUT,origin,2022,6,107
AUT,origin,2022,7,9
AUT,origin,2022,8,252
AUT,origin,2022,9,72
AZE,origin,2015,10,1
AZE,origin,2015,13,3
AZE,origin,2015,16,2
AZE,origin,2015,17,1
AZE,origin,2015,18,2
AZE,origin,2015,19,3
AZE,origin,2015,20,1
AZE,origin,2015,23,1
AZE,origin,2015,25,1
AZE,origin,2015,27,1
AZE,origin,2015,29,1
AZE,origin,2015,35,3
AZE,origin,2016,10,2
AZE,origin,2016,12,1
AZE,origin,2016,13,6
AZE,origin,2016,14,5
AZE,origin,2016,16,7
AZE,origin,2016,17,10
AZE,origin,2016,19,3
AZE,origin,2016,21,1
AZE,origin,2016,23,1
AZE,origin,2016,24,1
AZE,origin,2016,26,1
AZE,origin,2016,27,3
AZE,origin,2016,29,3
AZE,origin,2016,32,1
AZE,origin,2016,35,6
AZE,origin,2016,6,2
AZE,origin,2017,12,1
AZE,origin,2017,13,3
AZE,origin,2017,14,3
AZE,origin,2017,16,6
AZE,origin,2017,17,3
AZE,origin,2017,18,1
AZE,origin,2017,19,5
AZE,origin,2017,20,1
AZE,origin,2017,22,1
AZE,origin,2017,23,6
AZE,origin,2017,29,3
AZE,origin,2017,3,1
AZE,origin,2017,30,1
AZE,origin,2017,31,1
AZE,origin,2017,32,1
AZE,origin,2017,35,8
AZE,origin,2017,4,1
AZE,origin,2018,10,2
AZE,origin,2018,11,1
AZE,origin,2018,12,2
AZE,origin,2018,13,5
AZE,origin,2018,14,2
AZE,origin,2018,16,3
AZE,origin,2018,18,1
AZE,origin,2018,19,3
AZE,origin,2018,20,1
AZE,origin,2018,23,1
AZE,origin,2018,27,2
AZE,origin,2018,29,2
AZE,origin,2018,30,1
AZE,origin,2018,31,2
AZE,origin,2018,32,2
AZE,origin,2018,34,1
AZE,origin,2018,35,5
AZE,origin,2018,6,1
AZE,origin,2019,10,3
AZE,origin,2019,11,1
AZE,origin,2019,13,4
AZE,origin,2019,14,2
AZE,origin,2019,16,12
AZE,origin,2019,19,3
AZE,origin,2019,23,1
AZE,origin,2019,25,1
AZE,origin,2019,26,1
AZE,origin,2019,27,3
AZE,origin,2019,29,1
AZE,origin,2019,3,1
AZE,origin,2019,31,2
AZE,origin,2019,32,2
AZE,origin,2019,35,4
AZE,origin,2019,6,1
AZE,origin,2020,10,1
AZE,origin,2020,13,4
AZE,origin,2020,14,2
AZE,origin,2020,16,4
AZE,origin,2020,19,4
AZE,origin,2020,23,2
AZE,origin,2020,24,1
AZE,origin,2020,27,3
AZE,origin,2020,29,2
AZE,origin,2020,31,1
AZE,origin,2020,32,1
AZE,origin,2020,33,1
AZE,origin,2020,35,12
AZE,origin,2021,10,1
AZE,origin,2021,13,5
AZE,origin,2021,14,2
AZE,origin,2021,16,4
AZE,origin,2021,17,1
AZE,origin,2021,19,4
AZE,origin,2021,20,2
AZE,origin,2021,23,1
AZE,origin,2021,24,1
AZE,origin,2021,27,2
AZE,origin,2021,35,7
AZE,origin,2022,13,1
AZE,origin,2022,14,1
AZE,origin,2022,16,1
AZE,origin,2022,19,1
AZE,origin,2022,23,1
AZE,origin,2022,27,2
AZE,origin,2022,34,1
AZE,origin,2022,35,2
BDI,origin,2020,35,3
BDI,origin,2021,35,1
BEL,office,2015,1,10
BEL,office,2015,10,8
BEL,office,2015,11,1
BEL,office,2015,12,9
BEL,office,2015,13,39
BEL,office,2015,14,10
BEL,office,2015,15,6
BEL,office,2015,16,17
BEL,office,2015,17,10
BEL,office,2015,18,23
BEL,office,2015,19,14
BEL,office,2015,2,11
BEL,office,2015,20,19
BEL,office,2015,21,10
BEL,office,2015,23,11
BEL,office,2015,24,13
BEL,office,2015,25,42
BEL,office,2015,26,13
BEL,office,2015,27,10
BEL,office,2015,28,21
BEL,office,2015,29,52
BEL,office,2015,3,2
BEL,office,2015,30,10
BEL,office,2015,31,9
BEL,office,2015,32,24
BEL,office,2015,33,25
BEL,office,2015,34,20
BEL,office,2015,35,82
BEL,office,2015,4,19
BEL,office,2015,5,3
BEL,office,2015,6,5
BEL,office,2015,7,14
BEL,office,2015,8,4
BEL,office,2015,9,2
BEL,office,2016,1,51
BEL,office,2016,10,37
BEL,office,2016,11,8
BEL,office,2016,12,21
BEL,office,2016,13,59
BEL,office,2016,14,10
BEL,office,2016,15,19
BEL,office,2016,16,35
BEL,office,2016,17,16
BEL,office,2016,18,33
BEL,office,2016,19,23
BEL,office,2016,2,20
BEL,office,2016,20,23
BEL,office,2016,21,12
BEL,office,2016,23,30
BEL,office,2016,24,31
BEL,office,2016,25,71
BEL,office,2016,26,29
BEL,office,2016,27,63
BEL,office,2016,28,69
BEL,office,2016,29,242
BEL,office,2016,3,12
BEL,office,2016,30,42
BEL,office,2016,31,37
BEL,office,2016,32,60
BEL,office,2016,33,58
BEL,office,2016,34,52
BEL,office,2016,35,211
BEL,office,2016,4,25
BEL,office,2016,5,2
BEL,office,2016,6,29
BEL,office,2016,7,31
BEL,office,2016,8,11
BEL,office,2016,9,6
BEL,office,2017,1,42
BEL,office,2017,10,38
BEL,office,2017,11,5
BEL,office,2017,12,14
BEL,office,2017,13,41
BEL,office,2017,14,12
BEL,office,2017,15,15
BEL,office,2017,16,26
BEL,office,2017,17,9
BEL,office,2017,18,34
BEL,office,2017,19,28
BEL,office,2017,2,21
BEL,office,2017,20,25
BEL,office,2017,21,15
BEL,office,2017,23,23
BEL,office,2017,24,25
BEL,office,2017,25,41
BEL,office,2017,26,23
BEL,office,2017,27,45
BEL,office,2017,28,36
BEL,office,2017,29,107
BEL,office,2017,3,3
BEL,office,2017,30,25
BEL,office,2017,31,31
BEL,office,2017,32,37
BEL,office,2017,33,46
BEL,office,2017,34,26
BEL,office,2017,35,145
BEL,office,2017,4,16
BEL,office,2017,5,3
BEL,office,2017,6,18
BEL,office,2017,7,29
BEL,office,2017,8,10
BEL,office,2017,9,8
BEL,office,2018,1,47
BEL,office,2018,10,22
BEL,office,2018,11,3
BEL,office,2018,12,14
BEL,office,2018,13,39
BEL,office,2018,14,10
BEL,office,2018,15,17
BEL,office,2018,16,31
BEL,office,2018,17,13
BEL,office,2018,18,55
BEL,office,2018,19,21
BEL,office,2018,2,14
BEL,office,2018,20,26
BEL,office,2018,21,19
BEL,office,2018,23,24
BEL,office,2018,24,17
BEL,office,2018,25,49
BEL,office,2018,26,20
BEL,office,2018,27,49
BEL,office,2018,28,39
BEL,office,2018,29,117
BEL,office,2018,3,3
BEL,office,2018,30,34
BEL,office,2018,31,28
BEL,office,2018,32,44
BEL,office,2018,33,35
BEL,office,2018,34,33
BEL,office,2018,35,123
BEL,office,2018,4,11
BEL,office,2018,5,1
BEL,office,2018,6,33
BEL,office,2018,7,32
BEL,office,2018,8,2
BEL,office,2018,9,4
BEL,office,2019,1,84
BEL,office,2019,10,38
BEL,office,2019,11,7
BEL,office,2019,12,12
BEL,office,2019,13,28
BEL,office,2019,14,8
BEL,office,2019,15,5
BEL,office,2019,16,12
BEL,office,2019,17,12
BEL,office,2019,18,61
BEL,office,2019,19,18
BEL,office,2019,2,12
BEL,office,2019,20,24
BEL,office,2019,21,10
BEL,office,2019,23,23
BEL,office,2019,24,26
BEL,office,2019,25,62
BEL,office,2019,26,23
BEL,office,2019,27,55
BEL,office,2019,28,40
BEL,office,2019,29,72
BEL,office,2019,3,7
BEL,office,2019,30,29
BEL,office,2019,31,37
BEL,office,2019,32,31
BEL,office,2019,33,50
BEL,office,2019,34,38
BEL,office,2019,35,113
BEL,office,2019,4,6
BEL,office,2019,5,2
BEL,office,2019,6,36
BEL,office,2019,7,26
BEL,office,2019,8,1
BEL,office,2019,9,10
BEL,office,2020,1,64
BEL,office,2020,10,30
BEL,office,2020,11,5
BEL,office,2020,12,17
BEL,office,2020,13,43
BEL,office,2020,14,7
BEL,office,2020,15,11
BEL,office,2020,16,26
BEL,office,2020,17,7
BEL,office,2020,18,50
BEL,office,2020,19,22
BEL,office,2020,2,19
BEL,office,2020,20,22
BEL,office,2020,21,20
BEL,office,2020,23,23
BEL,office,2020,24,19
BEL,office,2020,25,56
BEL,office,2020,26,28
BEL,office,2020,27,55
BEL,office,2020,28,28
BEL,office,2020,29,83
BEL,office,2020,3,7
BEL,office,2020,30,21
BEL,office,2020,31,36
BEL,office,2020,32,34
BEL,office,2020,33,27
BEL,office,2020,34,23
BEL,office,2020,35,134
BEL,office,2020,4,13
BEL,office,2020,5,2
BEL,office,2020,6,34
BEL,office,2020,7,21
BEL,office,2020,8,1
BEL,office,2020,9,8
BEL,office,2021,1,48
BEL,office,2021,10,30
BEL,office,2021,11,5
BEL,office,2021,12,15
BEL,office,2021,13,35
BEL,office,2021,14,8
BEL,office,2021,15,5
BEL,office,2021,16,17
BEL,office,2021,17,17
BEL,office,2021,18,52
BEL,office,2021,19,25
BEL,office,2021,2,13
BEL,office,2021,20,25
BEL,office,2021,21,18
BEL,office,2021,23,39
BEL,office,2021,24,31
BEL,office,2021,25,79
BEL,office,2021,26,31
BEL,office,2021,27,46
BEL,office,2021,28,26
BEL,office,2021,29,70
BEL,office,2021,3,7
BEL,office,2021,30,36
BEL,office,2021,31,33
BEL,office,2021,32,39
BEL,office,2021,33,28
BEL,office,2021,34,31
BEL,office,2021,35,152
BEL,office,2021,4,10
BEL,office,2021,6,23
BEL,office,2021,7,15
BEL,office,2021,8,1
BEL,office,2021,9,7
BEL,office,2022,1,61
BEL,office,2022,10,29
BEL,office,2022,11,4
BEL,office,2022,12,15
BEL,office,2022,13,31
BEL,office,2022,14,15
BEL,office,2022,15,15
BEL,office,2022,16,25
BEL,office,2022,17,5
BEL,office,2022,18,54
BEL,office,2022,19,45
BEL,office,2022,2,16
BEL,office,2022,20,25
BEL,office,2022,21,21
BEL,office,2022,23,37
BEL,office,2022,24,28
BEL,office,2022,25,63
BEL,office,2022,26,41
BEL,office,2022,27,37
BEL,office,2022,28,22
BEL,office,2022,29,71
BEL,office,2022,3,3
BEL,office,2022,30,61
BEL,office,2022,31,24
BEL,office,2022,32,39
BEL,office,2022,33,61
BEL,office,2022,34,42
BEL,office,2022,35,133
BEL,office,2022,4,10
BEL,office,2022,6,31
BEL,office,2022,7,21
BEL,office,2022,8,1
BEL,office,2022,9,10
BEL,origin,2015,0,27
BEL,origin,2015,1,144
BEL,origin,2015,10,136
BEL,origin,2015,11,50
BEL,origin,2015,12,30
BEL,origin,2015,13,168
BEL,origin,2015,14,409
BEL,origin,2015,15,248
BEL,origin,2015,16,496
BEL,origin,2015,17,138
BEL,origin,2015,18,105
BEL,origin,2015,19,122
BEL,origin,2015,2,50
BEL,origin,2015,20,139
BEL,origin,2015,21,74
BEL,origin,2015,22,8
BEL,origin,2015,23,134
BEL,origin,2015,24,77
BEL,origin,2015,25,123
BEL,origin,2015,26,60
BEL,origin,2015,27,88
BEL,origin,2015,28,127
BEL,origin,2015,29,249
BEL,origin,2015,3,27
BEL,origin,2015,30,125
BEL,origin,2015,31,59
BEL,origin,2015,32,115
BEL,origin,2015,33,121
BEL,origin,2015,34,161
BEL,origin,2015,35,231
BEL,origin,2015,4,35
BEL,origin,2015,5,20
BEL,origin,2015,6,87
BEL,origin,2015,7,24
BEL,origin,2015,8,96
BEL,origin,2015,9,61
BEL,origin,2016,0,11
BEL,origin,2016,1,210
BEL,origin,2016,10,185
BEL,origin,2016,11,66
BEL,origin,2016,12,46
BEL,origin,2016,13,229
BEL,origin,2016,14,360
BEL,origin,2016,15,317
BEL,origin,2016,16,515
BEL,origin,2016,17,180
BEL,origin,2016,18,101
BEL,origin,2016,19,151
BEL,origin,2016,2,83
BEL,origin,2016,20,181
BEL,origin,2016,21,95
BEL,origin,2016,22,13
BEL,origin,2016,23,146
BEL,origin,2016,24,94
BEL,origin,2016,25,173
BEL,origin,2016,26,89
BEL,origin,2016,27,137
BEL,origin,2016,28,144
BEL,origin,2016,29,468
BEL,origin,2016,3,40
BEL,origin,2016,30,128
BEL,origin,2016,31,106
BEL,origin,2016,32,190
BEL,origin,2016,33,160
BEL,origin,2016,34,210
BEL,origin,2016,35,394
BEL,origin,2016,4,59
BEL,origin,2016,5,17
BEL,origin,2016,6,121
BEL,origin,2016,7,38
BEL,origin,2016,8,140
BEL,origin,2016,9,94
BEL,origin,2017,0,3
BEL,origin,2017,1,217
BEL,origin,2017,10,182
BEL,origin,2017,11,77
BEL,origin,2017,12,38
BEL,origin,2017,13,234
BEL,origin,2017,14,351
BEL,origin,2017,15,325
BEL,origin,2017,16,481
BEL,origin,2017,17,154
BEL,origin,2017,18,101
BEL,origin,2017,19,137
BEL,origin,2017,2,86
BEL,origin,2017,20,196
BEL,origin,2017,21,115
BEL,origin,2017,22,13
BEL,origin,2017,23,148
BEL,origin,2017,24,99
BEL,origin,2017,25,163
BEL,origin,2017,26,71
BEL,origin,2017,27,163
BEL,origin,2017,28,145
BEL,origin,2017,29,395
BEL,origin,2017,3,39
BEL,origin,2017,30,141
BEL,origin,2017,31,110
BEL,origin,2017,32,193
BEL,origin,2017,33,136
BEL,origin,2017,34,192
BEL,origin,2017,35,312
BEL,origin,2017,4,48
BEL,origin,2017,5,15
BEL,origin,2017,6,121
BEL,origin,2017,7,47
BEL,origin,2017,8,138
BEL,origin,2017,9,139
BEL,origin,2018,0,3
BEL,origin,2018,1,216
BEL,origin,2018,10,178
BEL,origin,2018,11,62
BEL,origin,2018,12,42
BEL,origin,2018,13,236
BEL,origin,2018,14,357
BEL,origin,2018,15,322
BEL,origin,2018,16,472
BEL,origin,2018,17,138
BEL,origin,2018,18,146
BEL,origin,2018,19,157
BEL,origin,2018,2,73
BEL,origin,2018,20,212
BEL,origin,2018,21,116
BEL,origin,2018,22,17
BEL,origin,2018,23,127
BEL,origin,2018,24,85
BEL,origin,2018,25,145
BEL,origin,2018,26,82
BEL,origin,2018,27,196
BEL,origin,2018,28,133
BEL,origin,2018,29,419
BEL,origin,2018,3,31
BEL,origin,2018,30,127
BEL,origin,2018,31,124
BEL,origin,2018,32,178
BEL,origin,2018,33,131
BEL,origin,2018,34,128
BEL,origin,2018,35,271
BEL,origin,2018,4,56
BEL,origin,2018,5,16
BEL,origin,2018,6,154
BEL,origin,2018,7,38
BEL,origin,2018,8,145
BEL,origin,2018,9,111
BEL,origin,2019,0,5
BEL,origin,2019,1,262
BEL,origin,2019,10,219
BEL,origin,2019,11,79
BEL,origin,2019,12,62
BEL,origin,2019,13,254
BEL,origin,2019,14,318
BEL,origin,2019,15,312
BEL,origin,2019,16,469
BEL,origin,2019,17,109
BEL,origin,2019,18,144
BEL,origin,2019,19,148
BEL,origin,2019,2,71
BEL,origin,2019,20,238
BEL,origin,2019,21,108
BEL,origin,2019,22,10
BEL,origin,2019,23,156
BEL,origin,2019,24,115
BEL,origin,2019,25,196
BEL,origin,2019,26,104
BEL,origin,2019,27,261
BEL,origin,2019,28,194
BEL,origin,2019,29,316
BEL,origin,2019,3,42
BEL,origin,2019,30,122
BEL,origin,2019,31,124
BEL,origin,2019,32,165
BEL,origin,2019,33,131
BEL,origin,2019,34,133
BEL,origin,2019,35,278
BEL,origin,2019,4,48
BEL,origin,2019,5,28
BEL,origin,2019,6,178
BEL,origin,2019,7,35
BEL,origin,2019,8,146
BEL,origin,2019,9,134
BEL,origin,2020,0,4
BEL,origin,2020,1,302
BEL,origin,2020,10,232
BEL,origin,2020,11,64
BEL,origin,2020,12,50
BEL,origin,2020,13,240
BEL,origin,2020,14,269
BEL,origin,2020,15,264
BEL,origin,2020,16,450
BEL,origin,2020,17,111
BEL,origin,2020,18,117
BEL,origin,2020,19,159
BEL,origin,2020,2,84
BEL,origin,2020,20,214
BEL,origin,2020,21,133
BEL,origin,2020,22,6
BEL,origin,2020,23,148
BEL,origin,2020,24,95
BEL,origin,2020,25,160
BEL,origin,2020,26,97
BEL,origin,2020,27,223
BEL,origin,2020,28,173
BEL,origin,2020,29,356
BEL,origin,2020,3,48
BEL,origin,2020,30,106
BEL,origin,2020,31,136
BEL,origin,2020,32,169
BEL,origin,2020,33,86
BEL,origin,2020,34,149
BEL,origin,2020,35,317
BEL,origin,2020,4,68
BEL,origin,2020,5,19
BEL,origin,2020,6,157
BEL,origin,2020,7,31
BEL,origin,2020,8,147
BEL,origin,2020,9,134
BEL,origin,2021,0,7
BEL,origin,2021,1,241
BEL,origin,2021,10,200
BEL,origin,2021,11,61
BEL,origin,2021,12,53
BEL,origin,2021,13,245
BEL,origin,2021,14,266
BEL,origin,2021,15,298
BEL,origin,2021,16,467
BEL,origin,2021,17,88
BEL,origin,2021,18,122
BEL,origin,2021,19,135
BEL,origin,2021,2,77
BEL,origin,2021,20,236
BEL,origin,2021,21,100
BEL,origin,2021,22,8
BEL,origin,2021,23,143
BEL,origin,2021,24,98
BEL,origin,2021,25,146
BEL,origin,2021,26,84
BEL,origin,2021,27,194
BEL,origin,2021,28,164
BEL,origin,2021,29,330
BEL,origin,2021,3,38
BEL,origin,2021,30,82
BEL,origin,2021,31,158
BEL,origin,2021,32,204
BEL,origin,2021,33,85
BEL,origin,2021,34,115
BEL,origin,2021,35,291
BEL,origin,2021,4,55
BEL,origin,2021,5,13
BEL,origin,2021,6,128
BEL,origin,2021,7,33
BEL,origin,2021,8,127
BEL,origin,2021,9,152
BEL,origin,2022,0,5
BEL,origin,2022,1,265
BEL,origin,2022,10,190
BEL,origin,2022,11,57
BEL,origin,2022,12,50
BEL,origin,2022,13,244
BEL,origin,2022,14,201
BEL,origin,2022,15,289
BEL,origin,2022,16,418
BEL,origin,2022,17,75
BEL,origin,2022,18,108
BEL,origin,2022,19,141
BEL,origin,2022,2,81
BEL,origin,2022,20,206
BEL,origin,2022,21,90
BEL,origin,2022,22,8
BEL,origin,2022,23,136
BEL,origin,2022,24,99
BEL,origin,2022,25,130
BEL,origin,2022,26,108
BEL,origin,2022,27,181
BEL,origin,2022,28,136
BEL,origin,2022,29,295
BEL,origin,2022,3,48
BEL,origin,2022,30,84
BEL,origin,2022,31,169
BEL,origin,2022,32,253
BEL,origin,2022,33,74
BEL,origin,2022,34,104
BEL,origin,2022,35,296
BEL,origin,2022,4,63
BEL,origin,2022,5,23
BEL,origin,2022,6,141
BEL,origin,2022,7,28
BEL,origin,2022,8,104
BEL,origin,2022,9,142
BEN,origin,2022,11,1
BEN,origin,2022,23,1
BGD,origin,2016,15,1
BGD,origin,2016,27,1
BGD,origin,2017,10,1
BGD,origin,2017,14,2
BGD,origin,2017,15,6
BGD,origin,2017,18,3
BGD,origin,2017,23,1
BGD,origin,2017,24,1
BGD,origin,2017,3,1
BGD,origin,2018,14,1
BGD,origin,2018,15,10
BGD,origin,2018,17,1
BGD,origin,2018,18,5
BGD,origin,2018,23,2
BGD,origin,2018,27,1
BGD,origin,2018,28,1
BGD,origin,2019,10,1
BGD,origin,2019,15,6
BGD,origin,2019,17,1
BGD,origin,2019,23,1
BGD,origin,2019,28,1
BGD,origin,2020,15,4
BGD,origin,2020,18,1
BGD,origin,2020,3,1
BGD,origin,2021,14,1
BGD,origin,2021,15,4
BGD,origin,2021,18,3
BGD,origin,2022,15,2
BGD,origin,2022,18,1
BGD,origin,2022,28,1
BGR,office,2015,0,1
BGR,office,2015,1,4
BGR,office,2015,10,6
BGR,office,2015,12,2
BGR,office,2015,13,1
BGR,office,2015,14,4
BGR,office,2015,15,4
BGR,office,2015,16,3
BGR,office,2015,18,1
BGR,office,2015,19,3
BGR,office,2015,20,2
BGR,office,2015,21,2
BGR,office,2015,22,1
BGR,office,2015,26,2
BGR,office,2015,31,1
BGR,office,2015,32,2
BGR,office,2015,35,2
BGR,office,2015,9,1
BGR,office,2016,1,1
BGR,office,2016,10,4
BGR,office,2016,11,1
BGR,office,2016,12,2
BGR,office,2016,13,1
BGR,office,2016,15,1
BGR,office,2016,16,3
BGR,office,2016,18,3
BGR,office,2016,19,6
BGR,office,2016,21,1
BGR,office,2016,22,1
BGR,office,2016,23,2
BGR,office,2016,24,1
BGR,office,2016,25,1
BGR,office,2016,26,4
BGR,office,2016,28,2
BGR,office,2016,29,1
BGR,office,2016,3,3
BGR,office,2016,30,1
BGR,office,2016,31,3
BGR,office,2016,32,3
BGR,office,2016,35,2
BGR,office,2016,8,2
BGR,office,2017,1,10
BGR,office,2017,10,12
BGR,office,2017,11,1
BGR,office,2017,12,2
BGR,office,2017,13,1
BGR,office,2017,14,1
BGR,office,2017,15,3
BGR,office,2017,16,5
BGR,office,2017,17,1
BGR,office,2017,18,2
BGR,office,2017,19,5
BGR,office,2017,2,3
BGR,office,2017,20,3
BGR,office,2017,21,5
BGR,office,2017,22,1
BGR,office,2017,23,6
BGR,office,2017,25,1
BGR,office,2017,27,4
BGR,office,2017,28,1
BGR,office,2017,29,1
BGR,office,2017,3,1
BGR,office,2017,32,1
BGR,office,2017,33,1
BGR,office,2017,35,3
BGR,office,2017,6,2
BGR,office,2017,8,1
BGR,office,2017,9,1
BGR,office,2018,1,23
BGR,office,2018,10,16
BGR,office,2018,11,1
BGR,office,2018,12,4
BGR,office,2018,13,4
BGR,office,2018,14,2
BGR,office,2018,15,3
BGR,office,2018,16,3
BGR,office,2018,18,3
BGR,office,2018,19,14
BGR,office,2018,2,2
BGR,office,2018,20,8
BGR,office,2018,21,3
BGR,office,2018,22,4
BGR,office,2018,23,3
BGR,office,2018,24,6
BGR,office,2018,25,4
BGR,office,2018,26,5
BGR,office,2018,27,9
BGR,office,2018,28,2
BGR,office,2018,29,9
BGR,office,2018,3,2
BGR,office,2018,30,2
BGR,office,2018,31,4
BGR,office,2018,32,10
BGR,office,2018,33,4
BGR,office,2018,34,3
BGR,office,2018,35,8
BGR,office,2018,4,1
BGR,office,2018,6,5
BGR,office,2018,7,3
BGR,office,2018,8,8
BGR,office,2018,9,3
BGR,office,2019,1,19
BGR,office,2019,10,24
BGR,office,2019,11,1
BGR,office,2019,12,4
BGR,office,2019,13,5
BGR,office,2019,14,3
BGR,office,2019,15,2
BGR,office,2019,16,3
BGR,office,2019,17,1
BGR,office,2019,18,6
BGR,office,2019,19,8
BGR,office,2019,20,9
BGR,office,2019,21,5
BGR,office,2019,22,1
BGR,office,2019,23,7
BGR,office,2019,24,11
BGR,office,2019,25,12
BGR,office,2019,26,4
BGR,office,2019,27,11
BGR,office,2019,28,3
BGR,office,2019,29,10
BGR,office,2019,3,3
BGR,office,2019,30,1
BGR,office,2019,31,4
BGR,office,2019,32,8
BGR,office,2019,33,3
BGR,office,2019,34,1
BGR,office,2019,35,8
BGR,office,2019,4,1
BGR,office,2019,5,1
BGR,office,2019,6,3
BGR,office,2019,7,4
BGR,office,2019,8,4
BGR,office,2019,9,2
BGR,office,2020,1,27
BGR,office,2020,10,29
BGR,office,2020,11,1
BGR,office,2020,12,4
BGR,office,2020,13,10
BGR,office,2020,15,4
BGR,office,2020,16,3
BGR,office,2020,17,3
BGR,office,2020,18,3
BGR,office,2020,19,6
BGR,office,2020,2,5
BGR,office,2020,20,4
BGR,office,2020,21,3
BGR,office,2020,23,7
BGR,office,2020,24,7
BGR,office,2020,25,7
BGR,office,2020,26,4
BGR,office,2020,27,8
BGR,office,2020,28,4
BGR,office,2020,29,8
BGR,office,2020,3,4
BGR,office,2020,30,5
BGR,office,2020,31,5
BGR,office,2020,32,17
BGR,office,2020,33,2
BGR,office,2020,34,2
BGR,office,2020,35,14
BGR,office,2020,4,1
BGR,office,2020,6,7
BGR,office,2020,7,1
BGR,office,2020,8,9
BGR,office,2020,9,4
BGR,office,2021,1,34
BGR,office,2021,10,11
BGR,office,2021,11,2
BGR,office,2021,12,4
BGR,office,2021,13,7
BGR,office,2021,14,4
BGR,office,2021,15,2
BGR,office,2021,16,6
BGR,office,2021,17,3
BGR,office,2021,18,3
BGR,office,2021,19,3
BGR,office,2021,2,4
BGR,office,2021,20,4
BGR,office,2021,21,6
BGR,office,2021,22,1
BGR,office,2021,23,7
BGR,office,2021,24,9
BGR,office,2021,25,2
BGR,office,2021,26,4
BGR,office,2021,27,4
BGR,office,2021,28,3
BGR,office,2021,29,10
BGR,office,2021,3,6
BGR,office,2021,30,5
BGR,office,2021,31,5
BGR,office,2021,32,16
BGR,office,2021,33,2
BGR,office,2021,34,3
BGR,office,2021,35,4
BGR,office,2021,4,4
BGR,office,2021,5,1
BGR,office,2021,6,4
BGR,office,2021,7,3
BGR,office,2021,8,7
BGR,office,2021,9,1
BGR,office,2022,1,4
BGR,office,2022,10,4
BGR,office,2022,11,1
BGR,office,2022,12,2
BGR,office,2022,13,3
BGR,office,2022,15,2
BGR,office,2022,16,2
BGR,office,2022,17,2
BGR,office,2022,18,3
BGR,office,2022,19,3
BGR,office,2022,21,1
BGR,office,2022,23,1
BGR,office,2022,24,1
BGR,office,2022,26,3
BGR,office,2022,27,2
BGR,office,2022,28,1
BGR,office,2022,29,4
BGR,office,2022,32,5
BGR,office,2022,34,1
BGR,office,2022,4,1
BGR,office,2022,7,1
BGR,office,2022,8,2
BGR,office,2022,9,2
BGR,origin,2015,1,7
BGR,origin,2015,10,8
BGR,origin,2015,11,1
BGR,origin,2015,12,3
BGR,origin,2015,13,1
BGR,origin,2015,14,3
BGR,origin,2015,15,3
BGR,origin,2015,16,3
BGR,origin,2015,18,2
BGR,origin,2015,19,1
BGR,origin,2015,2,4
BGR,origin,2015,20,1
BGR,origin,2015,21,3
BGR,origin,2015,22,1
BGR,origin,2015,23,3
BGR,origin,2015,24,1
BGR,origin,2015,25,3
BGR,origin,2015,26,3
BGR,origin,2015,27,4
BGR,origin,2015,29,1
BGR,origin,2015,3,1
BGR,origin,2015,30,2
BGR,origin,2015,31,3
BGR,origin,2015,32,4
BGR,origin,2015,34,1
BGR,origin,2015,35,6
BGR,origin,2015,4,5
BGR,origin,2015,6,11
BGR,origin,2015,7,1
BGR,origin,2015,8,1
BGR,origin,2015,9,1
BGR,origin,2016,1,3
BGR,origin,2016,10,3
BGR,origin,2016,11,1
BGR,origin,2016,12,3
BGR,origin,2016,13,2
BGR,origin,2016,16,3
BGR,origin,2016,18,1
BGR,origin,2016,19,4
BGR,origin,2016,2,2
BGR,origin,2016,20,1
BGR,origin,2016,21,1
BGR,origin,2016,22,1
BGR,origin,2016,23,3
BGR,origin,2016,24,1
BGR,origin,2016,25,4
BGR,origin,2016,26,5
BGR,origin,2016,27,1
BGR,origin,2016,28,5
BGR,origin,2016,29,1
BGR,origin,2016,3,3
BGR,origin,2016,30,6
BGR,origin,2016,31,4
BGR,origin,2016,32,3
BGR,origin,2016,33,4
BGR,origin,2016,34,6
BGR,origin,2016,35,9
BGR,origin,2016,4,4
BGR,origin,2016,5,1
BGR,origin,2016,6,13
BGR,origin,2016,8,2
BGR,origin,2016,9,1
BGR,origin,2017,1,11
BGR,origin,2017,10,12
BGR,origin,2017,11,1
BGR,origin,2017,12,1
BGR,origin,2017,13,1
BGR,origin,2017,14,3
BGR,origin,2017,15,3
BGR,origin,2017,16,6
BGR,origin,2017,17,2
BGR,origin,2017,18,1
BGR,origin,2017,19,6
BGR,origin,2017,2,5
BGR,origin,2017,20,4
BGR,origin,2017,21,4
BGR,origin,2017,22,1
BGR,origin,2017,23,11
BGR,origin,2017,24,2
BGR,origin,2017,25,2
BGR,origin,2017,26,2
BGR,origin,2017,27,7
BGR,origin,2017,28,3
BGR,origin,2017,29,6
BGR,origin,2017,3,1
BGR,origin,2017,30,1
BGR,origin,2017,31,2
BGR,origin,2017,32,4
BGR,origin,2017,33,4
BGR,origin,2017,35,10
BGR,origin,2017,4,4
BGR,origin,2017,6,13
BGR,origin,2017,7,1
BGR,origin,2017,8,1
BGR,origin,2017,9,1
BGR,origin,2018,1,28
BGR,origin,2018,10,16
BGR,origin,2018,11,1
BGR,origin,2018,12,5
BGR,origin,2018,13,5
BGR,origin,2018,14,6
BGR,origin,2018,15,4
BGR,origin,2018,16,9
BGR,origin,2018,18,7
BGR,origin,2018,19,14
BGR,origin,2018,2,2
BGR,origin,2018,20,7
BGR,origin,2018,21,6
BGR,origin,2018,22,3
BGR,origin,2018,23,6
BGR,origin,2018,24,6
BGR,origin,2018,25,5
BGR,origin,2018,26,4
BGR,origin,2018,27,11
BGR,origin,2018,28,7
BGR,origin,2018,29,9
BGR,origin,2018,3,4
BGR,origin,2018,30,4
BGR,origin,2018,31,6
BGR,origin,2018,32,14
BGR,origin,2018,33,7
BGR,origin,2018,34,3
BGR,origin,2018,35,9
BGR,origin,2018,4,9
BGR,origin,2018,6,11
BGR,origin,2018,7,3
BGR,origin,2018,8,8
BGR,origin,2018,9,3
BGR,origin,2019,1,29
BGR,origin,2019,10,23
BGR,origin,2019,11,1
BGR,origin,2019,12,4
BGR,origin,2019,13,7
BGR,origin,2019,14,4
BGR,origin,2019,15,2
BGR,origin,2019,16,5
BGR,origin,2019,17,2
BGR,origin,2019,18,8
BGR,origin,2019,19,8
BGR,origin,2019,20,13
BGR,origin,2019,21,4
BGR,origin,2019,22,1
BGR,origin,2019,23,5
BGR,origin,2019,24,11
BGR,origin,2019,25,13
BGR,origin,2019,26,8
BGR,origin,2019,27,16
BGR,origin,2019,28,8
BGR,origin,2019,29,15
BGR,origin,2019,3,3
BGR,origin,2019,30,1
BGR,origin,2019,31,6
BGR,origin,2019,32,11
BGR,origin,2019,33,7
BGR,origin,2019,34,5
BGR,origin,2019,35,11
BGR,origin,2019,4,1
BGR,origin,2019,5,1
BGR,origin,2019,6,7
BGR,origin,2019,7,4
BGR,origin,2019,8,5
BGR,origin,2019,9,2
BGR,origin,2020,1,42
BGR,origin,2020,10,28
BGR,origin,2020,11,1
BGR,origin,2020,12,5
BGR,origin,2020,13,11
BGR,origin,2020,14,1
BGR,origin,2020,15,4
BGR,origin,2020,16,4
BGR,origin,2020,17,3
BGR,origin,2020,18,5
BGR,origin,2020,19,6
BGR,origin,2020,2,7
BGR,origin,2020,20,6
BGR,origin,2020,21,4
BGR,origin,2020,23,9
BGR,origin,2020,24,8
BGR,origin,2020,25,10
BGR,origin,2020,26,4
BGR,origin,2020,27,12
BGR,origin,2020,28,7
BGR,origin,2020,29,14
BGR,origin,2020,3,4
BGR,origin,2020,30,7
BGR,origin,2020,31,7
BGR,origin,2020,32,10
BGR,origin,2020,33,7
BGR,origin,2020,34,6
BGR,origin,2020,35,14
BGR,origin,2020,4,5
BGR,origin,2020,6,10
BGR,origin,2020,7,1
BGR,origin,2020,8,11
BGR,origin,2020,9,6
BGR,origin,2021,1,43
BGR,origin,2021,10,16
BGR,origin,2021,11,2
BGR,origin,2021,12,4
BGR,origin,2021,13,9
BGR,origin,2021,14,7
BGR,origin,2021,15,3
BGR,origin,2021,16,12
BGR,origin,2021,17,3
BGR,origin,2021,18,6
BGR,origin,2021,19,2
BGR,origin,2021,2,4
BGR,origin,2021,20,3
BGR,origin,2021,21,6
BGR,origin,2021,22,1
BGR,origin,2021,23,10
BGR,origin,2021,24,9
BGR,origin,2021,25,7
BGR,origin,2021,26,6
BGR,origin,2021,27,13
BGR,origin,2021,28,5
BGR,origin,2021,29,12
BGR,origin,2021,3,5
BGR,origin,2021,30,5
BGR,origin,2021,31,6
BGR,origin,2021,32,16
BGR,origin,2021,33,4
BGR,origin,2021,34,3
BGR,origin,2021,35,5
BGR,origin,2021,4,5
BGR,origin,2021,5,3
BGR,origin,2021,6,6
BGR,origin,2021,7,3
BGR,origin,2021,8,7
BGR,origin,2021,9,2
BGR,origin,2022,1,10
BGR,origin,2022,10,13
BGR,origin,2022,11,1
BGR,origin,2022,12,4
BGR,origin,2022,13,5
BGR,origin,2022,14,2
BGR,origin,2022,15,4
BGR,origin,2022,16,3
BGR,origin,2022,17,3
BGR,origin,2022,18,6
BGR,origin,2022,19,4
BGR,origin,2022,2,1
BGR,origin,2022,20,1
BGR,origin,2022,21,2
BGR,origin,2022,23,6
BGR,origin,2022,24,1
BGR,origin,2022,25,5
BGR,origin,2022,26,5
BGR,origin,2022,27,1
BGR,origin,2022,28,5
BGR,origin,2022,29,7
BGR,origin,2022,31,3
BGR,origin,2022,32,10
BGR,origin,2022,33,2
BGR,origin,2022,34,1
BGR,origin,2022,35,1
BGR,origin,2022,4,2
BGR,origin,2022,5,2
BGR,origin,2022,6,3
BGR,origin,2022,7,1
BGR,origin,2022,8,3
BGR,origin,2022,9,2
BHR,origin,2016,15,1
BHR,origin,2016,27,1
BHR,origin,2017,16,2
BHR,origin,2017,29,1
BHR,origin,2017,35,1
BHR,origin,2018,29,1
BHR,origin,2018,30,1
BHR,origin,2018,4,1
BHR,origin,2018,6,1
BHR,origin,2019,13,1
BHR,origin,2019,27,1
BHR,origin,2020,1,1
BHR,origin,2020,13,1
BHR,origin,2020,16,1
BHR,origin,2020,20,3
BHR,origin,2020,21,2
BHR,origin,2020,27,2
BHR,origin,2020,29,1
BHR,origin,2020,30,1
BHR,origin,2020,31,1
BHR,origin,2020,35,1
BHR,origin,2021,13,1
BHR,origin,2021,16,1
BHR,origin,2021,20,2
BHR,origin,2021,21,1
BHR,origin,2021,26,1
BHR,origin,2021,29,1
BHR,origin,2021,9,3
BHR,origin,2022,13,1
BHR,origin,2022,16,3
BHR,origin,2022,19,2
BHR,origin,2022,20,5
BHR,origin,2022,21,1
BHR,origin,2022,4,1
BHS,origin,2015,1,1
BHS,origin,2015,10,16
BHS,origin,2015,12,11
BHS,origin,2015,14,32
BHS,origin,2015,15,2
BHS,origin,2015,16,33
BHS,origin,2015,19,1
BHS,origin,2015,21,1
BHS,origin,2015,23,5
BHS,origin,2015,24,5
BHS,origin,2015,25,1
BHS,origin,2015,26,1
BHS,origin,2015,3,2
BHS,origin,2015,30,1
BHS,origin,2015,31,1
BHS,origin,2015,33,26
BHS,origin,2015,34,1
BHS,origin,2015,35,2
BHS,origin,2015,4,2
BHS,origin,2015,6,3
BHS,origin,2016,1,1
BHS,origin,2016,10,14
BHS,origin,2016,12,13
BHS,origin,2016,13,1
BHS,origin,2016,14,29
BHS,origin,2016,15,3
BHS,origin,2016,16,35
BHS,origin,2016,18,3
BHS,origin,2016,19,2
BHS,origin,2016,2,1
BHS,origin,2016,21,3
BHS,origin,2016,23,3
BHS,origin,2016,24,3
BHS,origin,2016,25,1
BHS,origin,2016,27,1
BHS,origin,2016,29,2
BHS,origin,2016,3,3
BHS,origin,2016,31,4
BHS,origin,2016,33,17
BHS,origin,2016,35,3
BHS,origin,2016,4,3
BHS,origin,2016,6,4
BHS,origin,2017,10,18
BHS,origin,2017,12,13
BHS,origin,2017,13,1
BHS,origin,2017,14,9
BHS,origin,2017,15,3
BHS,origin,2017,16,17
BHS,origin,2017,2,1
BHS,origin,2017,20,3
BHS,origin,2017,23,3
BHS,origin,2017,3,1
BHS,origin,2017,30,1
BHS,origin,2017,31,5
BHS,origin,2017,32,1
BHS,origin,2017,33,10
BHS,origin,2017,34,1
BHS,origin,2017,35,2
BHS,origin,2017,6,2
BHS,origin,2017,7,2
BHS,origin,2017,9,1
BHS,origin,2018,10,14
BHS,origin,2018,11,1
BHS,origin,2018,12,15
BHS,origin,2018,13,3
BHS,origin,2018,14,2
BHS,origin,2018,15,2
BHS,origin,2018,16,6
BHS,origin,2018,23,1
BHS,origin,2018,32,2
BHS,origin,2018,33,7
BHS,origin,2018,4,1
BHS,origin,2018,7,4
BHS,origin,2019,0,1
BHS,origin,2019,10,11
BHS,origin,2019,12,9
BHS,origin,2019,13,2
BHS,origin,2019,15,6
BHS,origin,2019,16,14
BHS,origin,2019,2,1
BHS,origin,2019,24,1
BHS,origin,2019,25,1
BHS,origin,2019,27,1
BHS,origin,2019,28,1
BHS,origin,2019,29,2
BHS,origin,2019,31,1
BHS,origin,2019,33,2
BHS,origin,2019,35,3
BHS,origin,2019,6,1
BHS,origin,2019,7,2
BHS,origin,2020,1,1
BHS,origin,2020,10,7
BHS,origin,2020,12,5
BHS,origin,2020,13,3
BHS,origin,2020,14,3
BHS,origin,2020,15,1
BHS,origin,2020,16,5
BHS,origin,2020,19,1
BHS,origin,2020,21,1
BHS,origin,2020,23,1
BHS,origin,2020,26,2
BHS,origin,2020,31,3
BHS,origin,2020,32,1
BHS,origin,2020,34,1
BHS,origin,2020,6,1
BHS,origin,2020,7,1
BHS,origin,2021,1,1
BHS,origin,2021,10,3
BHS,origin,2021,11,3
BHS,origin,2021,12,3
BHS,origin,2021,13,1
BHS,origin,2021,14,2
BHS,origin,2021,15,3
BHS,origin,2021,16,4
BHS,origin,2021,19,1
BHS,origin,2021,24,1
BHS,origin,2021,25,1
BHS,origin,2021,32,1
BHS,origin,2021,34,1
BHS,origin,2021,6,2
BHS,origin,2021,7,3
BHS,origin,2022,10,3
BHS,origin,2022,12,5
BHS,origin,2022,13,6
BHS,origin,2022,14,1
BHS,origin,2022,16,5
BHS,origin,2022,23,1
BHS,origin,2022,27,1
BHS,origin,2022,32,1
BHS,origin,2022,34,1
BHS,origin,2022,7,1
BIH,origin,2015,25,1
BIH,origin,2015,34,1
BIH,origin,2016,13,2
BIH,origin,2016,31,1
BIH,origin,2016,34,1
BIH,origin,2017,29,1
BIH,origin,2017,4,1
BIH,origin,2017,7,1
BIH,origin,2019,1,1
BIH,origin,2019,2,1
BIH,origin,2021,1,1
BIH,origin,2021,10,1
BIH,origin,2021,11,1
BIH,origin,2021,35,1
BIH,origin,2021,4,1
BIH,origin,2022,1,1
BIH,origin,2022,15,1
BIH,origin,2022,16,1
BIH,origin,2022,35,1
BLR,origin,2015,1,6
BLR,origin,2015,10,10
BLR,origin,2015,11,2
BLR,origin,2015,12,4
BLR,origin,2015,13,14
BLR,origin,2015,16,5
BLR,origin,2015,17,1
BLR,origin,2015,19,3
BLR,origin,2015,2,1
BLR,origin,2015,20,8
BLR,origin,2015,21,3
BLR,origin,2015,22,1
BLR,origin,2015,23,6
BLR,origin,2015,24,1
BLR,origin,2015,25,2
BLR,origin,2015,26,5
BLR,origin,2015,27,2
BLR,origin,2015,29,5
BLR,origin,2015,3,1
BLR,origin,2015,31,6
BLR,origin,2015,32,6
BLR,origin,2015,33,2
BLR,origin,2015,34,1
BLR,origin,2015,35,6
BLR,origin,2015,5,1
BLR,origin,2015,6,2
BLR,origin,2015,9,6
BLR,origin,2016,1,4
BLR,origin,2016,10,5
BLR,origin,2016,11,2
BLR,origin,2016,13,9
BLR,origin,2016,14,1
BLR,origin,2016,16,5
BLR,origin,2016,17,1
BLR,origin,2016,18,3
BLR,origin,2016,19,6
BLR,origin,2016,2,2
BLR,origin,2016,20,9
BLR,origin,2016,21,7
BLR,origin,2016,22,3
BLR,origin,2016,23,2
BLR,origin,2016,24,5
BLR,origin,2016,25,5
BLR,origin,2016,26,8
BLR,origin,2016,27,3
BLR,origin,2016,28,3
BLR,origin,2016,29,15
BLR,origin,2016,3,4
BLR,origin,2016,30,1
BLR,origin,2016,31,4
BLR,origin,2016,32,11
BLR,origin,2016,33,2
BLR,origin,2016,34,3
BLR,origin,2016,35,22
BLR,origin,2016,5,2
BLR,origin,2016,6,1
BLR,origin,2016,7,1
BLR,origin,2016,9,3
BLR,origin,2017,1,3
BLR,origin,2017,10,18
BLR,origin,2017,11,3
BLR,origin,2017,13,13
BLR,origin,2017,15,3
BLR,origin,2017,16,4
BLR,origin,2017,17,2
BLR,origin,2017,18,18
BLR,origin,2017,19,3
BLR,origin,2017,2,1
BLR,origin,2017,20,17
BLR,origin,2017,21,7
BLR,origin,2017,22,3
BLR,origin,2017,23,7
BLR,origin,2017,24,4
BLR,origin,2017,25,6
BLR,origin,2017,26,10
BLR,origin,2017,27,3
BLR,origin,2017,28,1
BLR,origin,2017,29,18
BLR,origin,2017,3,5
BLR,origin,2017,30,6
BLR,origin,2017,31,10
BLR,origin,2017,32,9
BLR,origin,2017,33,4
BLR,origin,2017,34,3
BLR,origin,2017,35,33
BLR,origin,2017,4,2
BLR,origin,2017,5,3
BLR,origin,2017,6,5
BLR,origin,2017,8,8
BLR,origin,2017,9,8
BLR,origin,2018,1,2
BLR,origin,2018,10,7
BLR,origin,2018,11,4
BLR,origin,2018,13,16
BLR,origin,2018,14,1
BLR,origin,2018,15,1
BLR,origin,2018,16,5
BLR,origin,2018,18,8
BLR,origin,2018,19,7
BLR,origin,2018,2,1
BLR,origin,2018,20,11
BLR,origin,2018,21,8
BLR,origin,2018,22,1
BLR,origin,2018,23,5
BLR,origin,2018,24,1
BLR,origin,2018,25,6
BLR,origin,2018,26,8
BLR,origin,2018,27,4
BLR,origin,2018,28,1
BLR,origin,2018,29,9
BLR,origin,2018,30,7
BLR,origin,2018,31,7
BLR,origin,2018,32,12
BLR,origin,2018,33,2
BLR,origin,2018,34,1
BLR,origin,2018,35,21
BLR,origin,2018,4,1
BLR,origin,2018,5,1
BLR,origin,2018,6,3
BLR,origin,2018,8,3
BLR,origin,2018,9,3
BLR,origin,2019,1,6
BLR,origin,2019,10,12
BLR,origin,2019,12,1
BLR,origin,2019,13,12
BLR,origin,2019,15,1
BLR,origin,2019,16,8
BLR,origin,2019,17,1
BLR,origin,2019,18,3
BLR,origin,2019,19,1
BLR,origin,2019,2,1
BLR,origin,2019,20,12
BLR,origin,2019,21,11
BLR,origin,2019,22,1
BLR,origin,2019,23,1
BLR,origin,2019,24,1
BLR,origin,2019,25,6
BLR,origin,2019,26,9
BLR,origin,2019,27,4
BLR,origin,2019,28,2
BLR,origin,2019,29,16
BLR,origin,2019,3,2
BLR,origin,2019,30,1
BLR,origin,2019,31,17
BLR,origin,2019,32,12
BLR,origin,2019,33,1
BLR,origin,2019,34,4
BLR,origin,2019,35,21
BLR,origin,2019,4,2
BLR,origin,2019,5,1
BLR,origin,2019,6,6
BLR,origin,2019,8,2
BLR,origin,2019,9,4
BLR,origin,2020,1,1
BLR,origin,2020,10,11
BLR,origin,2020,11,2
BLR,origin,2020,13,13
BLR,origin,2020,15,3
BLR,origin,2020,16,3
BLR,origin,2020,18,3
BLR,origin,2020,19,1
BLR,origin,2020,2,1
BLR,origin,2020,20,7
BLR,origin,2020,21,8
BLR,origin,2020,22,1
BLR,origin,2020,23,4
BLR,origin,2020,24,4
BLR,origin,2020,25,5
BLR,origin,2020,26,5
BLR,origin,2020,27,5
BLR,origin,2020,29,12
BLR,origin,2020,3,1
BLR,origin,2020,30,3
BLR,origin,2020,31,8
BLR,origin,2020,32,8
BLR,origin,2020,33,3
BLR,origin,2020,34,1
BLR,origin,2020,35,18
BLR,origin,2020,5,2
BLR,origin,2020,6,3
BLR,origin,2020,9,1
BLR,origin,2021,1,3
BLR,origin,2021,10,7
BLR,origin,2021,11,3
BLR,origin,2021,12,3
BLR,origin,2021,13,10
BLR,origin,2021,16,3
BLR,origin,2021,17,1
BLR,origin,2021,18,2
BLR,origin,2021,19,1
BLR,origin,2021,2,1
BLR,origin,2021,20,11
BLR,origin,2021,21,4
BLR,origin,2021,23,4
BLR,origin,2021,24,2
BLR,origin,2021,25,3
BLR,origin,2021,26,4
BLR,origin,2021,27,2
BLR,origin,2021,29,1
BLR,origin,2021,30,1
BLR,origin,2021,31,10
BLR,origin,2021,32,15
BLR,origin,2021,33,2
BLR,origin,2021,34,1
BLR,origin,2021,35,21
BLR,origin,2021,4,1
BLR,origin,2021,6,2
BLR,origin,2021,7,1
BLR,origin,2022,1,2
BLR,origin,2022,10,3
BLR,origin,2022,11,1
BLR,origin,2022,12,2
BLR,origin,2022,13,4
BLR,origin,2022,16,2
BLR,origin,2022,18,1
BLR,origin,2022,19,2
BLR,origin,2022,20,6
BLR,origin,2022,21,1
BLR,origin,2022,23,1
BLR,origin,2022,25,1
BLR,origin,2022,27,3
BLR,origin,2022,29,3
BLR,origin,2022,31,4
BLR,origin,2022,32,9
BLR,origin,2022,33,1
BLR,origin,2022,34,1
BLR,origin,2022,35,6
BLR,origin,2022,4,1
BLR,origin,2022,6,2
BLR,origin,2022,9,1
BLZ,origin,2015,1,3
BLZ,origin,2015,12,1
BLZ,origin,2015,13,2
BLZ,origin,2015,15,1
BLZ,origin,2015,16,1
BLZ,origin,2015,19,1
BLZ,origin,2015,29,1
BLZ,origin,2015,33,1
BLZ,origin,2016,1,4
BLZ,origin,2016,13,3
BLZ,origin,2016,22,1
BLZ,origin,2016,25,1
BLZ,origin,2016,29,1
BLZ,origin,2016,33,1
BLZ,origin,2016,6,2
BLZ,origin,2016,7,1
BLZ,origin,2017,1,3
BLZ,origin,2017,12,1
BLZ,origin,2017,19,1
BLZ,origin,2017,24,1
BLZ,origin,2017,26,3
BLZ,origin,2017,31,3
BLZ,origin,2017,33,2
BLZ,origin,2017,35,1
BLZ,origin,2017,6,1
BLZ,origin,2017,7,2
BLZ,origin,2018,1,5
BLZ,origin,2018,12,1
BLZ,origin,2018,13,3
BLZ,origin,2018,17,1
BLZ,origin,2018,32,1
BLZ,origin,2018,33,3
BLZ,origin,2018,34,4
BLZ,origin,2019,1,4
BLZ,origin,2019,13,1
BLZ,origin,2019,16,1
BLZ,origin,2019,17,1
BLZ,origin,2019,23,1
BLZ,origin,2019,33,3
BLZ,origin,2019,4,3
BLZ,origin,2020,1,2
BLZ,origin,2020,26,1
BLZ,origin,2020,29,1
BLZ,origin,2020,6,1
BLZ,origin,2021,1,6
BLZ,origin,2021,26,1
BLZ,origin,2021,4,3
BLZ,origin,2021,6,1
BLZ,origin,2022,26,2
BLZ,origin,2022,35,1
BLZ,origin,2022,4,3
BOL,origin,2015,10,1
BOL,origin,2015,25,1
BOL,origin,2018,1,1
BOL,origin,2019,18,1
BOL,origin,2019,25,1
BOL,origin,2020,13,1
BOL,origin,2020,18,2
BOL,origin,2021,34,1
BRA,office,2015,0,20
BRA,office,2015,1,101
BRA,office,2015,10,68
BRA,office,2015,11,16
BRA,office,2015,12,33
BRA,office,2015,13,184
BRA,office,2015,14,355
BRA,office,2015,15,103
BRA,office,2015,16,136
BRA,office,2015,17,101
BRA,office,2015,18,142
BRA,office,2015,19,329
BRA,office,2015,2,50
BRA,office,2015,20,181
BRA,office,2015,21,67
BRA,office,2015,22,2
BRA,office,2015,23,161
BRA,office,2015,24,50
BRA,office,2015,25,95
BRA,office,2015,26,91
BRA,office,2015,27,55
BRA,office,2015,28,125
BRA,office,2015,29,188
BRA,office,2015,3,88
BRA,office,2015,30,43
BRA,office,2015,31,103
BRA,office,2015,32,110
BRA,office,2015,33,36
BRA,office,2015,34,51
BRA,office,2015,35,157
BRA,office,2015,4,85
BRA,office,2015,5,12
BRA,office,2015,6,40
BRA,office,2015,7,4
BRA,office,2015,8,6
BRA,office,2015,9,25
BRA,office,2016,0,22
BRA,office,2016,1,148
BRA,office,2016,10,110
BRA,office,2016,11,36
BRA,office,2016,12,38
BRA,office,2016,13,167
BRA,office,2016,14,485
BRA,office,2016,15,151
BRA,office,2016,16,180
BRA,office,2016,17,138
BRA,office,2016,18,145
BRA,office,2016,19,493
BRA,office,2016,2,67
BRA,office,2016,20,189
BRA,office,2016,21,83
BRA,office,2016,22,3
BRA,office,2016,23,184
BRA,office,2016,24,65
BRA,office,2016,25,100
BRA,office,2016,26,52
BRA,office,2016,27,49
BRA,office,2016,28,164
BRA,office,2016,29,214
BRA,office,2016,3,116
BRA,office,2016,30,18
BRA,office,2016,31,120
BRA,office,2016,32,102
BRA,office,2016,33,40
BRA,office,2016,34,51
BRA,office,2016,35,201
BRA,office,2016,4,129
BRA,office,2016,5,18
BRA,office,2016,6,66
BRA,office,2016,7,4
BRA,office,2016,8,11
BRA,office,2016,9,25
BRA,office,2017,0,18
BRA,office,2017,1,170
BRA,office,2017,10,215
BRA,office,2017,11,37
BRA,office,2017,12,45
BRA,office,2017,13,178
BRA,office,2017,14,464
BRA,office,2017,15,155
BRA,office,2017,16,166
BRA,office,2017,17,141
BRA,office,2017,18,136
BRA,office,2017,19,466
BRA,office,2017,2,53
BRA,office,2017,20,221
BRA,office,2017,21,72
BRA,office,2017,22,1
BRA,office,2017,23,196
BRA,office,2017,24,60
BRA,office,2017,25,125
BRA,office,2017,26,87
BRA,office,2017,27,60
BRA,office,2017,28,154
BRA,office,2017,29,259
BRA,office,2017,3,99
BRA,office,2017,30,52
BRA,office,2017,31,105
BRA,office,2017,32,120
BRA,office,2017,33,51
BRA,office,2017,34,98
BRA,office,2017,35,206
BRA,office,2017,4,126
BRA,office,2017,5,16
BRA,office,2017,6,92
BRA,office,2017,7,7
BRA,office,2017,8,12
BRA,office,2017,9,50
BRA,office,2018,0,33
BRA,office,2018,1,343
BRA,office,2018,10,329
BRA,office,2018,11,61
BRA,office,2018,12,86
BRA,office,2018,13,597
BRA,office,2018,14,760
BRA,office,2018,15,276
BRA,office,2018,16,383
BRA,office,2018,17,332
BRA,office,2018,18,308
BRA,office,2018,19,782
BRA,office,2018,2,120
BRA,office,2018,20,447
BRA,office,2018,21,169
BRA,office,2018,22,6
BRA,office,2018,23,399
BRA,office,2018,24,148
BRA,office,2018,25,460
BRA,office,2018,26,202
BRA,office,2018,27,214
BRA,office,2018,28,260
BRA,office,2018,29,653
BRA,office,2018,3,148
BRA,office,2018,30,105
BRA,office,2018,31,345
BRA,office,2018,32,382
BRA,office,2018,33,89
BRA,office,2018,34,145
BRA,office,2018,35,510
BRA,office,2018,4,203
BRA,office,2018,5,20
BRA,office,2018,6,171
BRA,office,2018,7,5
BRA,office,2018,8,31
BRA,office,2018,9,145
BRA,office,2019,0,22
BRA,office,2019,1,547
BRA,office,2019,10,522
BRA,office,2019,11,79
BRA,office,2019,12,120
BRA,office,2019,13,743
BRA,office,2019,14,709
BRA,office,2019,15,306
BRA,office,2019,16,639
BRA,office,2019,17,514
BRA,office,2019,18,250
BRA,office,2019,19,706
BRA,office,2019,2,168
BRA,office,2019,20,515
BRA,office,2019,21,255
BRA,office,2019,22,11
BRA,office,2019,23,498
BRA,office,2019,24,208
BRA,office,2019,25,609
BRA,office,2019,26,363
BRA,office,2019,27,332
BRA,office,2019,28,246
BRA,office,2019,29,714
BRA,office,2019,3,190
BRA,office,2019,30,127
BRA,office,2019,31,517
BRA,office,2019,32,636
BRA,office,2019,33,134
BRA,office,2019,34,209
BRA,office,2019,35,709
BRA,office,2019,4,383
BRA,office,2019,5,29
BRA,office,2019,6,278
BRA,office,2019,7,27
BRA,office,2019,8,42
BRA,office,2019,9,165
BRA,office,2020,0,13
BRA,office,2020,1,751
BRA,office,2020,10,972
BRA,office,2020,11,119
BRA,office,2020,12,165
BRA,office,2020,13,1367
BRA,office,2020,14,1315
BRA,office,2020,15,506
BRA,office,2020,16,1174
BRA,office,2020,17,860
BRA,office,2020,18,353
BRA,office,2020,19,928
BRA,office,2020,2,211
BRA,office,2020,20,504
BRA,office,2020,21,360
BRA,office,2020,22,20
BRA,office,2020,23,871
BRA,office,2020,24,307
BRA,office,2020,25,774
BRA,office,2020,26,652
BRA,office,2020,27,620
BRA,office,2020,28,400
BRA,office,2020,29,1194
BRA,office,2020,3,264
BRA,office,2020,30,337
BRA,office,2020,31,982
BRA,office,2020,32,1277
BRA,office,2020,33,284
BRA,office,2020,34,399
BRA,office,2020,35,879
BRA,office,2020,4,723
BRA,office,2020,5,59
BRA,office,2020,6,522
BRA,office,2020,7,59
BRA,office,2020,8,61
BRA,office,2020,9,160
BRA,office,2021,0,10
BRA,office,2021,1,705
BRA,office,2021,10,740
BRA,office,2021,11,122
BRA,office,2021,12,204
BRA,office,2021,13,1344
BRA,office,2021,14,1146
BRA,office,2021,15,636
BRA,office,2021,16,1083
BRA,office,2021,17,800
BRA,office,2021,18,331
BRA,office,2021,19,974
BRA,office,2021,2,269
BRA,office,2021,20,541
BRA,office,2021,21,359
BRA,office,2021,22,25
BRA,office,2021,23,800
BRA,office,2021,24,293
BRA,office,2021,25,766
BRA,office,2021,26,552
BRA,office,2021,27,684
BRA,office,2021,28,402
BRA,office,2021,29,1011
BRA,office,2021,3,246
BRA,office,2021,30,285
BRA,office,2021,31,844
BRA,office,2021,32,1057
BRA,office,2021,33,227
BRA,office,2021,34,397
BRA,office,2021,35,901
BRA,office,2021,4,644
BRA,office,2021,5,57
BRA,office,2021,6,559
BRA,office,2021,7,56
BRA,office,2021,8,77
BRA,office,2021,9,160
BRA,office,2022,0,2
BRA,office,2022,1,871
BRA,office,2022,10,788
BRA,office,2022,11,136
BRA,office,2022,12,277
BRA,office,2022,13,1864
BRA,office,2022,14,1202
BRA,office,2022,15,869
BRA,office,2022,16,1340
BRA,office,2022,17,814
BRA,office,2022,18,565
BRA,office,2022,19,1322
BRA,office,2022,2,646
BRA,office,2022,20,611
BRA,office,2022,21,378
BRA,office,2022,22,27
BRA,office,2022,23,685
BRA,office,2022,24,321
BRA,office,2022,25,831
BRA,office,2022,26,437
BRA,office,2022,27,947
BRA,office,2022,28,555
BRA,office,2022,29,1059
BRA,office,2022,3,341
BRA,office,2022,30,252
BRA,office,2022,31,865
BRA,office,2022,32,1336
BRA,office,2022,33,346
BRA,office,2022,34,532
BRA,office,2022,35,1173
BRA,office,2022,4,864
BRA,office,2022,5,72
BRA,office,2022,6,822
BRA,office,2022,7,67
BRA,office,2022,8,91
BRA,office,2022,9,289
BRA,origin,2015,0,3
BRA,origin,2015,1,47
BRA,origin,2015,10,30
BRA,origin,2015,11,5
BRA,origin,2015,12,10
BRA,origin,2015,13,49
BRA,origin,2015,14,49
BRA,origin,2015,15,40
BRA,origin,2015,16,54
BRA,origin,2015,17,17
BRA,origin,2015,18,24
BRA,origin,2015,19,65
BRA,origin,2015,2,9
BRA,origin,2015,20,66
BRA,origin,2015,21,17
BRA,origin,2015,22,3
BRA,origin,2015,23,63
BRA,origin,2015,24,27
BRA,origin,2015,25,37
BRA,origin,2015,26,24
BRA,origin,2015,27,53
BRA,origin,2015,28,21
BRA,origin,2015,29,68
BRA,origin,2015,3,7
BRA,origin,2015,30,26
BRA,origin,2015,31,50
BRA,origin,2015,32,54
BRA,origin,2015,33,20
BRA,origin,2015,34,26
BRA,origin,2015,35,50
BRA,origin,2015,4,7
BRA,origin,2015,5,1
BRA,origin,2015,6,11
BRA,origin,2015,7,2
BRA,origin,2015,8,3
BRA,origin,2015,9,4
BRA,origin,2016,1,47
BRA,origin,2016,10,36
BRA,origin,2016,11,9
BRA,origin,2016,12,14
BRA,origin,2016,13,46
BRA,origin,2016,14,58
BRA,origin,2016,15,51
BRA,origin,2016,16,52
BRA,origin,2016,17,23
BRA,origin,2016,18,32
BRA,origin,2016,19,85
BRA,origin,2016,2,17
BRA,origin,2016,20,87
BRA,origin,2016,21,21
BRA,origin,2016,22,5
BRA,origin,2016,23,57
BRA,origin,2016,24,36
BRA,origin,2016,25,43
BRA,origin,2016,26,12
BRA,origin,2016,27,68
BRA,origin,2016,28,28
BRA,origin,2016,29,72
BRA,origin,2016,3,9
BRA,origin,2016,30,14
BRA,origin,2016,31,58
BRA,origin,2016,32,56
BRA,origin,2016,33,23
BRA,origin,2016,34,21
BRA,origin,2016,35,64
BRA,origin,2016,4,8
BRA,origin,2016,5,1
BRA,origin,2016,6,12
BRA,origin,2016,7,3
BRA,origin,2016,8,3
BRA,origin,2016,9,7
BRA,origin,2017,0,1
BRA,origin,2017,1,59
BRA,origin,2017,10,81
BRA,origin,2017,11,10
BRA,origin,2017,12,19
BRA,origin,2017,13,46
BRA,origin,2017,14,51
BRA,origin,2017,15,46
BRA,origin,2017,16,57
BRA,origin,2017,17,19
BRA,origin,2017,18,30
BRA,origin,2017,19,57
BRA,origin,2017,2,9
BRA,origin,2017,20,65
BRA,origin,2017,21,19
BRA,origin,2017,22,3
BRA,origin,2017,23,60
BRA,origin,2017,24,19
BRA,origin,2017,25,36
BRA,origin,2017,26,26
BRA,origin,2017,27,53
BRA,origin,2017,28,23
BRA,origin,2017,29,118
BRA,origin,2017,3,16
BRA,origin,2017,30,25
BRA,origin,2017,31,52
BRA,origin,2017,32,58
BRA,origin,2017,33,21
BRA,origin,2017,34,24
BRA,origin,2017,35,74
BRA,origin,2017,4,7
BRA,origin,2017,5,2
BRA,origin,2017,6,11
BRA,origin,2017,7,2
BRA,origin,2017,8,2
BRA,origin,2017,9,11
BRA,origin,2018,1,54
BRA,origin,2018,10,92
BRA,origin,2018,11,15
BRA,origin,2018,12,23
BRA,origin,2018,13,68
BRA,origin,2018,14,74
BRA,origin,2018,15,55
BRA,origin,2018,16,87
BRA,origin,2018,17,34
BRA,origin,2018,18,34
BRA,origin,2018,19,85
BRA,origin,2018,2,17
BRA,origin,2018,20,63
BRA,origin,2018,21,18
BRA,origin,2018,22,7
BRA,origin,2018,23,91
BRA,origin,2018,24,33
BRA,origin,2018,25,83
BRA,origin,2018,26,27
BRA,origin,2018,27,73
BRA,origin,2018,28,21
BRA,origin,2018,29,172
BRA,origin,2018,3,14
BRA,origin,2018,30,27
BRA,origin,2018,31,53
BRA,origin,2018,32,80
BRA,origin,2018,33,25
BRA,origin,2018,34,28
BRA,origin,2018,35,97
BRA,origin,2018,4,7
BRA,origin,2018,5,1
BRA,origin,2018,6,19
BRA,origin,2018,7,2
BRA,origin,2018,8,5
BRA,origin,2018,9,15
BRA,origin,2019,0,2
BRA,origin,2019,1,62
BRA,origin,2019,10,78
BRA,origin,2019,11,17
BRA,origin,2019,12,26
BRA,origin,2019,13,73
BRA,origin,2019,14,66
BRA,origin,2019,15,51
BRA,origin,2019,16,97
BRA,origin,2019,17,27
BRA,origin,2019,18,36
BRA,origin,2019,19,85
BRA,origin,2019,2,12
BRA,origin,2019,20,76
BRA,origin,2019,21,28
BRA,origin,2019,22,8
BRA,origin,2019,23,78
BRA,origin,2019,24,41
BRA,origin,2019,25,80
BRA,origin,2019,26,49
BRA,origin,2019,27,63
BRA,origin,2019,28,19
BRA,origin,2019,29,132
BRA,origin,2019,3,9
BRA,origin,2019,30,25
BRA,origin,2019,31,67
BRA,origin,2019,32,95
BRA,origin,2019,33,30
BRA,origin,2019,34,27
BRA,origin,2019,35,120
BRA,origin,2019,4,13
BRA,origin,2019,5,2
BRA,origin,2019,6,23
BRA,origin,2019,7,3
BRA,origin,2019,8,3
BRA,origin,2019,9,15
BRA,origin,2020,1,78
BRA,origin,2020,10,147
BRA,origin,2020,11,21
BRA,origin,2020,12,41
BRA,origin,2020,13,141
BRA,origin,2020,14,101
BRA,origin,2020,15,64
BRA,origin,2020,16,146
BRA,origin,2020,17,56
BRA,origin,2020,18,42
BRA,origin,2020,19,91
BRA,origin,2020,2,18
BRA,origin,2020,20,65
BRA,origin,2020,21,28
BRA,origin,2020,22,10
BRA,origin,2020,23,116
BRA,origin,2020,24,42
BRA,origin,2020,25,76
BRA,origin,2020,26,54
BRA,origin,2020,27,81
BRA,origin,2020,28,27
BRA,origin,2020,29,186
BRA,origin,2020,3,16
BRA,origin,2020,30,51
BRA,origin,2020,31,133
BRA,origin,2020,32,137
BRA,origin,2020,33,48
BRA,origin,2020,34,67
BRA,origin,2020,35,157
BRA,origin,2020,4,17
BRA,origin,2020,5,2
BRA,origin,2020,6,41
BRA,origin,2020,7,8
BRA,origin,2020,8,9
BRA,origin,2020,9,25
BRA,origin,2021,1,82
BRA,origin,2021,10,131
BRA,origin,2021,11,30
BRA,origin,2021,12,44
BRA,origin,2021,13,132
BRA,origin,2021,14,72
BRA,origin,2021,15,95
BRA,origin,2021,16,178
BRA,origin,2021,17,50
BRA,origin,2021,18,81
BRA,origin,2021,19,71
BRA,origin,2021,2,16
BRA,origin,2021,20,68
BRA,origin,2021,21,29
BRA,origin,2021,22,14
BRA,origin,2021,23,111
BRA,origin,2021,24,54
BRA,origin,2021,25,102
BRA,origin,2021,26,44
BRA,origin,2021,27,83
BRA,origin,2021,28,28
BRA,origin,2021,29,221
BRA,origin,2021,3,26
BRA,origin,2021,30,45
BRA,origin,2021,31,117
BRA,origin,2021,32,141
BRA,origin,2021,33,45
BRA,origin,2021,34,71
BRA,origin,2021,35,135
BRA,origin,2021,4,24
BRA,origin,2021,5,2
BRA,origin,2021,6,34
BRA,origin,2021,7,9
BRA,origin,2021,8,9
BRA,origin,2021,9,25
BRA,origin,2022,1,120
BRA,origin,2022,10,130
BRA,origin,2022,11,23
BRA,origin,2022,12,56
BRA,origin,2022,13,196
BRA,origin,2022,14,101
BRA,origin,2022,15,86
BRA,origin,2022,16,128
BRA,origin,2022,17,39
BRA,origin,2022,18,66
BRA,origin,2022,19,109
BRA,origin,2022,2,14
BRA,origin,2022,20,83
BRA,origin,2022,21,23
BRA,origin,2022,22,17
BRA,origin,2022,23,113
BRA,origin,2022,24,54
BRA,origin,2022,25,102
BRA,origin,2022,26,66
BRA,origin,2022,27,100
BRA,origin,2022,28,37
BRA,origin,2022,29,181
BRA,origin,2022,3,26
BRA,origin,2022,30,52
BRA,origin,2022,31,111
BRA,origin,2022,32,180
BRA,origin,2022,33,77
BRA,origin,2022,34,77
BRA,origin,2022,35,196
BRA,origin,2022,4,19
BRA,origin,2022,5,9
BRA,origin,2022,6,66
BRA,origin,2022,7,15
BRA,origin,2022,8,6
BRA,origin,2022,9,31
BRB,origin,2015,0,2
BRB,origin,2015,1,37
BRB,origin,2015,10,8
BRB,origin,2015,12,4
BRB,origin,2015,13,23
BRB,origin,2015,14,1
BRB,origin,2015,16,15
BRB,origin,2015,17,3
BRB,origin,2015,19,1
BRB,origin,2015,2,31
BRB,origin,2015,20,1
BRB,origin,2015,23,3
BRB,origin,2015,24,4
BRB,origin,2015,25,7
BRB,origin,2015,26,4
BRB,origin,2015,28,4
BRB,origin,2015,29,11
BRB,origin,2015,3,86
BRB,origin,2015,31,2
BRB,origin,2015,32,4
BRB,origin,2015,33,13
BRB,origin,2015,34,1
BRB,origin,2015,4,155
BRB,origin,2015,5,56
BRB,origin,2015,6,129
BRB,origin,2015,7,4
BRB,origin,2015,8,24
BRB,origin,2015,9,16
BRB,origin,2016,1,40
BRB,origin,2016,10,17
BRB,origin,2016,11,1
BRB,origin,2016,12,7
BRB,origin,2016,13,21
BRB,origin,2016,14,1
BRB,origin,2016,15,4
BRB,origin,2016,16,15
BRB,origin,2016,17,10
BRB,origin,2016,19,1
BRB,origin,2016,2,22
BRB,origin,2016,20,2
BRB,origin,2016,23,5
BRB,origin,2016,24,2
BRB,origin,2016,25,6
BRB,origin,2016,26,3
BRB,origin,2016,28,2
BRB,origin,2016,29,14
BRB,origin,2016,3,81
BRB,origin,2016,30,1
BRB,origin,2016,31,1
BRB,origin,2016,32,1
BRB,origin,2016,33,14
BRB,origin,2016,34,3
BRB,origin,2016,4,156
BRB,origin,2016,5,52
BRB,origin,2016,6,106
BRB,origin,2016,7,5
BRB,origin,2016,8,33
BRB,origin,2016,9,29
BRB,origin,2017,1,26
BRB,origin,2017,10,25
BRB,origin,2017,12,4
BRB,origin,2017,13,28
BRB,origin,2017,14,2
BRB,origin,2017,15,1
BRB,origin,2017,16,18
BRB,origin,2017,17,8
BRB,origin,2017,18,1
BRB,origin,2017,19,1
BRB,origin,2017,2,19
BRB,origin,2017,20,4
BRB,origin,2017,23,5
BRB,origin,2017,24,4
BRB,origin,2017,25,14
BRB,origin,2017,26,3
BRB,origin,2017,27,3
BRB,origin,2017,28,4
BRB,origin,2017,29,18
BRB,origin,2017,3,56
BRB,origin,2017,31,2
BRB,origin,2017,32,5
BRB,origin,2017,33,16
BRB,origin,2017,34,2
BRB,origin,2017,35,2
BRB,origin,2017,4,149
BRB,origin,2017,5,39
BRB,origin,2017,6,88
BRB,origin,2017,8,21
BRB,origin,2017,9,26
BRB,origin,2018,1,41
BRB,origin,2018,10,29
BRB,origin,2018,12,4
BRB,origin,2018,13,46
BRB,origin,2018,14,1
BRB,origin,2018,15,3
BRB,origin,2018,16,12
BRB,origin,2018,17,6
BRB,origin,2018,19,5
BRB,origin,2018,2,18
BRB,origin,2018,20,3
BRB,origin,2018,21,2
BRB,origin,2018,23,4
BRB,origin,2018,24,6
BRB,origin,2018,25,12
BRB,origin,2018,26,4
BRB,origin,2018,27,25
BRB,origin,2018,28,1
BRB,origin,2018,29,26
BRB,origin,2018,3,58
BRB,origin,2018,31,6
BRB,origin,2018,32,6
BRB,origin,2018,33,8
BRB,origin,2018,34,2
BRB,origin,2018,35,5
BRB,origin,2018,4,174
BRB,origin,2018,5,31
BRB,origin,2018,6,82
BRB,origin,2018,7,2
BRB,origin,2018,8,21
BRB,origin,2018,9,18
BRB,origin,2019,1,84
BRB,origin,2019,10,61
BRB,origin,2019,11,1
BRB,origin,2019,12,18
BRB,origin,2019,13,54
BRB,origin,2019,14,4
BRB,origin,2019,15,5
BRB,origin,2019,16,18
BRB,origin,2019,17,3
BRB,origin,2019,18,1
BRB,origin,2019,19,5
BRB,origin,2019,2,21
BRB,origin,2019,20,2
BRB,origin,2019,21,1
BRB,origin,2019,23,5
BRB,origin,2019,24,10
BRB,origin,2019,25,18
BRB,origin,2019,26,6
BRB,origin,2019,27,76
BRB,origin,2019,28,2
BRB,origin,2019,29,18
BRB,origin,2019,3,44
BRB,origin,2019,31,11
BRB,origin,2019,32,29
BRB,origin,2019,33,11
BRB,origin,2019,34,4
BRB,origin,2019,35,6
BRB,origin,2019,4,175
BRB,origin,2019,5,21
BRB,origin,2019,6,77
BRB,origin,2019,7,2
BRB,origin,2019,8,23
BRB,origin,2019,9,21
BRB,origin,2020,1,100
BRB,origin,2020,10,77
BRB,origin,2020,11,1
BRB,origin,2020,12,16
BRB,origin,2020,13,73
BRB,origin,2020,14,2
BRB,origin,2020,15,2
BRB,origin,2020,16,15
BRB,origin,2020,17,3
BRB,origin,2020,19,1
BRB,origin,2020,2,21
BRB,origin,2020,20,1
BRB,origin,2020,23,2
BRB,origin,2020,24,11
BRB,origin,2020,25,20
BRB,origin,2020,26,7
BRB,origin,2020,27,116
BRB,origin,2020,29,15
BRB,origin,2020,3,28
BRB,origin,2020,30,1
BRB,origin,2020,31,8
BRB,origin,2020,32,27
BRB,origin,2020,33,10
BRB,origin,2020,34,4
BRB,origin,2020,35,2
BRB,origin,2020,4,95
BRB,origin,2020,5,7
BRB,origin,2020,6,53
BRB,origin,2020,7,2
BRB,origin,2020,8,7
BRB,origin,2020,9,20
BRB,origin,2021,0,1
BRB,origin,2021,1,114
BRB,origin,2021,10,53
BRB,origin,2021,12,16
BRB,origin,2021,13,38
BRB,origin,2021,14,3
BRB,origin,2021,15,2
BRB,origin,2021,16,8
BRB,origin,2021,17,1
BRB,origin,2021,19,1
BRB,origin,2021,2,22
BRB,origin,2021,23,3
BRB,origin,2021,24,13
BRB,origin,2021,25,10
BRB,origin,2021,26,7
BRB,origin,2021,27,102
BRB,origin,2021,29,6
BRB,origin,2021,3,18
BRB,origin,2021,31,10
BRB,origin,2021,32,32
BRB,origin,2021,33,5
BRB,origin,2021,34,3
BRB,origin,2021,4,58
BRB,origin,2021,5,9
BRB,origin,2021,6,49
BRB,origin,2021,8,8
BRB,origin,2021,9,13
BRB,origin,2022,1,138
BRB,origin,2022,10,73
BRB,origin,2022,11,1
BRB,origin,2022,12,19
BRB,origin,2022,13,36
BRB,origin,2022,15,1
BRB,origin,2022,16,9
BRB,origin,2022,17,2
BRB,origin,2022,18,1
BRB,origin,2022,19,2
BRB,origin,2022,2,27
BRB,origin,2022,20,1
BRB,origin,2022,21,1
BRB,origin,2022,23,4
BRB,origin,2022,24,10
BRB,origin,2022,25,11
BRB,origin,2022,26,10
BRB,origin,2022,27,49
BRB,origin,2022,29,4
BRB,origin,2022,3,22
BRB,origin,2022,30,2
BRB,origin,2022,31,12
BRB,origin,2022,32,52
BRB,origin,2022,33,16
BRB,origin,2022,34,2
BRB,origin,2022,4,40
BRB,origin,2022,5,7
BRB,origin,2022,6,51
BRB,origin,2022,7,4
BRB,origin,2022,8,9
BRB,origin,2022,9,17
BRN,origin,2015,10,2
BRN,origin,2015,2,1
BRN,origin,2015,21,1
BRN,origin,2015,23,1
BRN,origin,2015,26,1
BRN,origin,2015,4,1
BRN,origin,2015,6,1
BRN,origin,2015,8,2
BRN,origin,2015,9,1
BRN,origin,2016,20,1
BRN,origin,2016,25,2
BRN,origin,2016,31,3
BRN,origin,2016,7,2
BRN,origin,2016,9,1
BRN,origin,2017,1,2
BRN,origin,2017,10,1
BRN,origin,2017,2,4
BRN,origin,2017,22,1
BRN,origin,2017,7,1
BRN,origin,2018,1,1
BRN,origin,2018,10,3
BRN,origin,2018,13,1
BRN,origin,2018,2,2
BRN,origin,2018,22,1
BRN,origin,2018,24,1
BRN,origin,2018,8,3
BRN,origin,2019,15,1
BRN,origin,2019,2,1
BRN,origin,2019,8,1
BRN,origin,2020,1,1
BRN,origin,2020,10,2
BRN,origin,2020,11,1
BRN,origin,2020,13,1
BRN,origin,2020,19,1
BRN,origin,2020,20,1
BRN,origin,2020,22,1
BRN,origin,2020,27,1
BRN,origin,2020,32,1
BRN,origin,2020,4,1
BRN,origin,2020,8,1
BRN,origin,2021,15,1
BRN,origin,2022,1,1
BRN,origin,2022,8,1
BTN,origin,2017,31,1
BTN,origin,2018,14,1
BTN,origin,2018,16,1
BWA,origin,2015,29,2
BWA,origin,2022,16,2
CAN,office,2015,0,49
CAN,office,2015,1,929
CAN,office,2015,10,890
CAN,office,2015,11,218
CAN,office,2015,12,320
CAN,office,2015,13,1805
CAN,office,2015,14,885
CAN,office,2015,15,820
CAN,office,2015,16,1556
CAN,office,2015,17,308
CAN,office,2015,18,406
CAN,office,2015,19,924
CAN,office,2015,2,407
CAN,office,2015,20,488
CAN,office,2015,21,295
CAN,office,2015,22,23
CAN,office,2015,23,653
CAN,office,2015,24,368
CAN,office,2015,25,728
CAN,office,2015,26,454
CAN,office,2015,27,721
CAN,office,2015,28,275
CAN,office,2015,29,796
CAN,office,2015,3,524
CAN,office,2015,30,328
CAN,office,2015,31,713
CAN,office,2015,32,900
CAN,office,2015,33,464
CAN,office,2015,34,396
CAN,office,2015,35,1529
CAN,office,2015,4,1266
CAN,office,2015,5,71
CAN,office,2015,6,967
CAN,office,2015,7,221
CAN,office,2015,8,78
CAN,office,2015,9,226
CAN,office,2016,0,35
CAN,office,2016,1,1215
CAN,office,2016,10,1241
CAN,office,2016,11,247
CAN,office,2016,12,401
CAN,office,2016,13,2106
CAN,office,2016,14,1116
CAN,office,2016,15,946
CAN,office,2016,16,1995
CAN,office,2016,17,434
CAN,office,2016,18,438
CAN,office,2016,19,1117
CAN,office,2016,2,580
CAN,office,2016,20,613
CAN,office,2016,21,376
CAN,office,2016,22,28
CAN,office,2016,23,824
CAN,office,2016,24,447
CAN,office,2016,25,775
CAN,office,2016,26,514
CAN,office,2016,27,682
CAN,office,2016,28,331
CAN,office,2016,29,929
CAN,office,2016,3,626
CAN,office,2016,30,373
CAN,office,2016,31,694
CAN,office,2016,32,996
CAN,office,2016,33,509
CAN,office,2016,34,403
CAN,office,2016,35,1751
CAN,office,2016,4,1507
CAN,office,2016,5,108
CAN,office,2016,6,1361
CAN,office,2016,7,388
CAN,office,2016,8,96
CAN,office,2016,9,323
CAN,office,2017,0,23
CAN,office,2017,1,1144
CAN,office,2017,10,1057
CAN,office,2017,11,279
CAN,office,2017,12,332
CAN,office,2017,13,2148
CAN,office,2017,14,933
CAN,office,2017,15,834
CAN,office,2017,16,1688
CAN,office,2017,17,347
CAN,office,2017,18,356
CAN,office,2017,19,917
CAN,office,2017,2,496
CAN,office,2017,20,516
CAN,office,2017,21,307
CAN,office,2017,22,20
CAN,office,2017,23,713
CAN,office,2017,24,360
CAN,office,2017,25,847
CAN,office,2017,26,591
CAN,office,2017,27,638
CAN,office,2017,28,308
CAN,office,2017,29,911
CAN,office,2017,3,443
CAN,office,2017,30,383
CAN,office,2017,31,698
CAN,office,2017,32,1020
CAN,office,2017,33,562
CAN,office,2017,34,439
CAN,office,2017,35,1849
CAN,office,2017,4,1148
CAN,office,2017,5,71
CAN,office,2017,6,1049
CAN,office,2017,7,354
CAN,office,2017,8,70
CAN,office,2017,9,317
CAN,office,2018,0,9
CAN,office,2018,1,1094
CAN,office,2018,10,1001
CAN,office,2018,11,355
CAN,office,2018,12,323
CAN,office,2018,13,2082
CAN,office,2018,14,856
CAN,office,2018,15,1010
CAN,office,2018,16,1660
CAN,office,2018,17,338
CAN,office,2018,18,329
CAN,office,2018,19,949
CAN,office,2018,2,445
CAN,office,2018,20,495
CAN,office,2018,21,362
CAN,office,2018,22,28
CAN,office,2018,23,731
CAN,office,2018,24,333
CAN,office,2018,25,797
CAN,office,2018,26,584
CAN,office,2018,27,680
CAN,office,2018,28,297
CAN,office,2018,29,905
CAN,office,2018,3,318
CAN,office,2018,30,358
CAN,office,2018,31,682
CAN,office,2018,32,968
CAN,office,2018,33,565
CAN,office,2018,34,409
CAN,office,2018,35,1892
CAN,office,2018,4,938
CAN,office,2018,5,66
CAN,office,2018,6,1001
CAN,office,2018,7,337
CAN,office,2018,8,61
CAN,office,2018,9,304
CAN,office,2019,0,5
CAN,office,2019,1,1077
CAN,office,2019,10,861
CAN,office,2019,11,260
CAN,office,2019,12,357
CAN,office,2019,13,1901
CAN,office,2019,14,825
CAN,office,2019,15,1015
CAN,office,2019,16,1565
CAN,office,2019,17,307
CAN,office,2019,18,365
CAN,office,2019,19,833
CAN,office,2019,2,376
CAN,office,2019,20,529
CAN,office,2019,21,340
CAN,office,2019,22,25
CAN,office,2019,23,622
CAN,office,2019,24,288
CAN,office,2019,25,807
CAN,office,2019,26,511
CAN,office,2019,27,623
CAN,office,2019,28,258
CAN,office,2019,29,869
CAN,office,2019,3,286
CAN,office,2019,30,340
CAN,office,2019,31,648
CAN,office,2019,32,1012
CAN,office,2019,33,531
CAN,office,2019,34,386
CAN,office,2019,35,1761
CAN,office,2019,4,877
CAN,office,2019,5,51
CAN,office,2019,6,890
CAN,office,2019,7,337
CAN,office,2019,8,64
CAN,office,2019,9,259
CAN,office,2020,0,5
CAN,office,2020,1,929
CAN,office,2020,10,908
CAN,office,2020,11,261
CAN,office,2020,12,312
CAN,office,2020,13,1854
CAN,office,2020,14,826
CAN,office,2020,15,925
CAN,office,2020,16,1522
CAN,office,2020,17,363
CAN,office,2020,18,307
CAN,office,2020,19,839
CAN,office,2020,2,359
CAN,office,2020,20,504
CAN,office,2020,21,352
CAN,office,2020,22,28
CAN,office,2020,23,682
CAN,office,2020,24,298
CAN,office,2020,25,738
CAN,office,2020,26,501
CAN,office,2020,27,599
CAN,office,2020,28,247
CAN,office,2020,29,931
CAN,office,2020,3,287
CAN,office,2020,30,321
CAN,office,2020,31,717
CAN,office,2020,32,929
CAN,office,2020,33,500
CAN,office,2020,34,380
CAN,office,2020,35,1586
CAN,office,2020,4,795
CAN,office,2020,5,51
CAN,office,2020,6,916
CAN,office,2020,7,311
CAN,office,2020,8,68
CAN,office,2020,9,227
CAN,office,2021,0,3
CAN,office,2021,1,940
CAN,office,2021,10,912
CAN,office,2021,11,282
CAN,office,2021,12,335
CAN,office,2021,13,1980
CAN,office,2021,14,933
CAN,office,2021,15,1183
CAN,office,2021,16,1898
CAN,office,2021,17,361
CAN,office,2021,18,418
CAN,office,2021,19,865
CAN,office,2021,2,347
CAN,office,2021,20,501
CAN,office,2021,21,364
CAN,office,2021,22,31
CAN,office,2021,23,748
CAN,office,2021,24,286
CAN,office,2021,25,700
CAN,office,2021,26,466
CAN,office,2021,27,559
CAN,office,2021,28,301
CAN,office,2021,29,949
CAN,office,2021,3,277
CAN,office,2021,30,320
CAN,office,2021,31,641
CAN,office,2021,32,956
CAN,office,2021,33,465
CAN,office,2021,34,384
CAN,office,2021,35,1610
CAN,office,2021,4,935
CAN,office,2021,5,66
CAN,office,2021,6,1013
CAN,office,2021,7,388
CAN,office,2021,8,74
CAN,office,2021,9,248
CAN,office,2022,0,1
CAN,office,2022,1,799
CAN,office,2022,10,822
CAN,office,2022,11,249
CAN,office,2022,12,267
CAN,office,2022,13,1516
CAN,office,2022,14,639
CAN,office,2022,15,920
CAN,office,2022,16,1381
CAN,office,2022,17,253
CAN,office,2022,18,310
CAN,office,2022,19,677
CAN,office,2022,2,241
CAN,office,2022,20,448
CAN,office,2022,21,297
CAN,office,2022,22,24
CAN,office,2022,23,597
CAN,office,2022,24,282
CAN,office,2022,25,585
CAN,office,2022,26,354
CAN,office,2022,27,448
CAN,office,2022,28,204
CAN,office,2022,29,804
CAN,office,2022,3,230
CAN,office,2022,30,274
CAN,office,2022,31,518
CAN,office,2022,32,794
CAN,office,2022,33,383
CAN,office,2022,34,362
CAN,office,2022,35,1275
CAN,office,2022,4,811
CAN,office,2022,5,53
CAN,office,2022,6,791
CAN,office,2022,7,363
CAN,office,2022,8,44
CAN,office,2022,9,178
CAN,origin,2015,0,17
CAN,origin,2015,1,445
CAN,origin,2015,10,456
CAN,origin,2015,11,88
CAN,origin,2015,12,166
CAN,origin,2015,13,542
CAN,origin,2015,14,228
CAN,origin,2015,15,267
CAN,origin,2015,16,486
CAN,origin,2015,17,69
CAN,origin,2015,18,96
CAN,origin,2015,19,201
CAN,origin,2015,2,381
CAN,origin,2015,20,158
CAN,origin,2015,21,102
CAN,origin,2015,22,21
CAN,origin,2015,23,257
CAN,origin,2015,24,148
CAN,origin,2015,25,230
CAN,origin,2015,26,202
CAN,origin,2015,27,305
CAN,origin,2015,28,62
CAN,origin,2015,29,478
CAN,origin,2015,3,659
CAN,origin,2015,30,147
CAN,origin,2015,31,291
CAN,origin,2015,32,410
CAN,origin,2015,33,271
CAN,origin,2015,34,174
CAN,origin,2015,35,724
CAN,origin,2015,4,1594
CAN,origin,2015,5,95
CAN,origin,2015,6,1173
CAN,origin,2015,7,141
CAN,origin,2015,8,110
CAN,origin,2015,9,113
CAN,origin,2016,0,4
CAN,origin,2016,1,446
CAN,origin,2016,10,542
CAN,origin,2016,11,92
CAN,origin,2016,12,184
CAN,origin,2016,13,570
CAN,origin,2016,14,246
CAN,origin,2016,15,257
CAN,origin,2016,16,480
CAN,origin,2016,17,77
CAN,origin,2016,18,101
CAN,origin,2016,19,242
CAN,origin,2016,2,430
CAN,origin,2016,20,162
CAN,origin,2016,21,130
CAN,origin,2016,22,24
CAN,origin,2016,23,272
CAN,origin,2016,24,160
CAN,origin,2016,25,293
CAN,origin,2016,26,202
CAN,origin,2016,27,301
CAN,origin,2016,28,67
CAN,origin,2016,29,507
CAN,origin,2016,3,604
CAN,origin,2016,30,176
CAN,origin,2016,31,294
CAN,origin,2016,32,449
CAN,origin,2016,33,304
CAN,origin,2016,34,176
CAN,origin,2016,35,815
CAN,origin,2016,4,1526
CAN,origin,2016,5,104
CAN,origin,2016,6,1184
CAN,origin,2016,7,148
CAN,origin,2016,8,112
CAN,origin,2016,9,127
CAN,origin,2017,0,6
CAN,origin,2017,1,475
CAN,origin,2017,10,495
CAN,origin,2017,11,97
CAN,origin,2017,12,202
CAN,origin,2017,13,614
CAN,origin,2017,14,221
CAN,origin,2017,15,271
CAN,origin,2017,16,461
CAN,origin,2017,17,94
CAN,origin,2017,18,91
CAN,origin,2017,19,192
CAN,origin,2017,2,355
CAN,origin,2017,20,153
CAN,origin,2017,21,137
CAN,origin,2017,22,18
CAN,origin,2017,23,255
CAN,origin,2017,24,166
CAN,origin,2017,25,303
CAN,origin,2017,26,216
CAN,origin,2017,27,348
CAN,origin,2017,28,55
CAN,origin,2017,29,499
CAN,origin,2017,3,487
CAN,origin,2017,30,178
CAN,origin,2017,31,305
CAN,origin,2017,32,511
CAN,origin,2017,33,333
CAN,origin,2017,34,192
CAN,origin,2017,35,798
CAN,origin,2017,4,1242
CAN,origin,2017,5,96
CAN,origin,2017,6,1053
CAN,origin,2017,7,158
CAN,origin,2017,8,94
CAN,origin,2017,9,165
CAN,origin,2018,0,3
CAN,origin,2018,1,445
CAN,origin,2018,10,493
CAN,origin,2018,11,99
CAN,origin,2018,12,205
CAN,origin,2018,13,623
CAN,origin,2018,14,204
CAN,origin,2018,15,273
CAN,origin,2018,16,487
CAN,origin,2018,17,92
CAN,origin,2018,18,98
CAN,origin,2018,19,208
CAN,origin,2018,2,307
CAN,origin,2018,20,168
CAN,origin,2018,21,166
CAN,origin,2018,22,18
CAN,origin,2018,23,296
CAN,origin,2018,24,167
CAN,origin,2018,25,280
CAN,origin,2018,26,180
CAN,origin,2018,27,352
CAN,origin,2018,28,58
CAN,origin,2018,29,511
CAN,origin,2018,3,408
CAN,origin,2018,30,181
CAN,origin,2018,31,307
CAN,origin,2018,32,544
CAN,origin,2018,33,290
CAN,origin,2018,34,177
CAN,origin,2018,35,766
CAN,origin,2018,4,1190
CAN,origin,2018,5,67
CAN,origin,2018,6,960
CAN,origin,2018,7,147
CAN,origin,2018,8,68
CAN,origin,2018,9,154
CAN,origin,2019,0,18
CAN,origin,2019,1,504
CAN,origin,2019,10,581
CAN,origin,2019,11,104
CAN,origin,2019,12,235
CAN,origin,2019,13,744
CAN,origin,2019,14,191
CAN,origin,2019,15,280
CAN,origin,2019,16,470
CAN,origin,2019,17,68
CAN,origin,2019,18,84
CAN,origin,2019,19,203
CAN,origin,2019,2,347
CAN,origin,2019,20,169
CAN,origin,2019,21,163
CAN,origin,2019,22,24
CAN,origin,2019,23,290
CAN,origin,2019,24,158
CAN,origin,2019,25,338
CAN,origin,2019,26,185
CAN,origin,2019,27,421
CAN,origin,2019,28,56
CAN,origin,2019,29,527
CAN,origin,2019,3,423
CAN,origin,2019,30,184
CAN,origin,2019,31,335
CAN,origin,2019,32,625
CAN,origin,2019,33,359
CAN,origin,2019,34,192
CAN,origin,2019,35,827
CAN,origin,2019,4,1190
CAN,origin,2019,5,70
CAN,origin,2019,6,994
CAN,origin,2019,7,192
CAN,origin,2019,8,77
CAN,origin,2019,9,210
CAN,origin,2020,0,3
CAN,origin,2020,1,454
CAN,origin,2020,10,538
CAN,origin,2020,11,98
CAN,origin,2020,12,220
CAN,origin,2020,13,744
CAN,origin,2020,14,192
CAN,origin,2020,15,282
CAN,origin,2020,16,442
CAN,origin,2020,17,73
CAN,origin,2020,18,86
CAN,origin,2020,19,183
CAN,origin,2020,2,285
CAN,origin,2020,20,181
CAN,origin,2020,21,161
CAN,origin,2020,22,27
CAN,origin,2020,23,335
CAN,origin,2020,24,173
CAN,origin,2020,25,268
CAN,origin,2020,26,180
CAN,origin,2020,27,455
CAN,origin,2020,28,66
CAN,origin,2020,29,534
CAN,origin,2020,3,308
CAN,origin,2020,30,179
CAN,origin,2020,31,334
CAN,origin,2020,32,595
CAN,origin,2020,33,323
CAN,origin,2020,34,154
CAN,origin,2020,35,806
CAN,origin,2020,4,1044
CAN,origin,2020,5,79
CAN,origin,2020,6,904
CAN,origin,2020,7,209
CAN,origin,2020,8,102
CAN,origin,2020,9,175
CAN,origin,2021,0,1
CAN,origin,2021,1,476
CAN,origin,2021,10,527
CAN,origin,2021,11,89
CAN,origin,2021,12,247
CAN,origin,2021,13,762
CAN,origin,2021,14,210
CAN,origin,2021,15,307
CAN,origin,2021,16,476
CAN,origin,2021,17,79
CAN,origin,2021,18,87
CAN,origin,2021,19,203
CAN,origin,2021,2,233
CAN,origin,2021,20,166
CAN,origin,2021,21,147
CAN,origin,2021,22,29
CAN,origin,2021,23,323
CAN,origin,2021,24,187
CAN,origin,2021,25,288
CAN,origin,2021,26,181
CAN,origin,2021,27,401
CAN,origin,2021,28,66
CAN,origin,2021,29,543
CAN,origin,2021,3,245
CAN,origin,2021,30,159
CAN,origin,2021,31,323
CAN,origin,2021,32,597
CAN,origin,2021,33,319
CAN,origin,2021,34,186
CAN,origin,2021,35,747
CAN,origin,2021,4,937
CAN,origin,2021,5,53
CAN,origin,2021,6,928
CAN,origin,2021,7,250
CAN,origin,2021,8,82
CAN,origin,2021,9,137
CAN,origin,2022,0,2
CAN,origin,2022,1,475
CAN,origin,2022,10,529
CAN,origin,2022,11,83
CAN,origin,2022,12,227
CAN,origin,2022,13,731
CAN,origin,2022,14,168
CAN,origin,2022,15,255
CAN,origin,2022,16,393
CAN,origin,2022,17,77
CAN,origin,2022,18,73
CAN,origin,2022,19,187
CAN,origin,2022,2,231
CAN,origin,2022,20,185
CAN,origin,2022,21,147
CAN,origin,2022,22,21
CAN,origin,2022,23,290
CAN,origin,2022,24,168
CAN,origin,2022,25,227
CAN,origin,2022,26,174
CAN,origin,2022,27,421
CAN,origin,2022,28,42
CAN,origin,2022,29,474
CAN,origin,2022,3,216
CAN,origin,2022,30,152
CAN,origin,2022,31,332
CAN,origin,2022,32,604
CAN,origin,2022,33,273
CAN,origin,2022,34,185
CAN,origin,2022,35,674
CAN,origin,2022,4,720
CAN,origin,2022,5,54
CAN,origin,2022,6,947
CAN,origin,2022,7,317
CAN,origin,2022,8,62
CAN,origin,2022,9,125
CHE,office,2015,1,27
CHE,office,2015,10,156
CHE,office,2015,11,1
CHE,office,2015,12,11
CHE,office,2015,13,19
CHE,office,2015,14,3
CHE,office,2015,15,1
CHE,office,2015,16,5
CHE,office,2015,17,4
CHE,office,2015,18,2
CHE,office,2015,19,4
CHE,office,2015,2,4
CHE,office,2015,20,9
CHE,office,2015,21,9
CHE,office,2015,22,2
CHE,office,2015,23,14
CHE,office,2015,24,16
CHE,office,2015,25,19
CHE,office,2015,26,27
CHE,office,2015,27,85
CHE,office,2015,28,22
CHE,office,2015,29,19
CHE,office,2015,3,1
CHE,office,2015,30,34
CHE,office,2015,31,25
CHE,office,2015,32,21
CHE,office,2015,33,32
CHE,office,2015,34,40
CHE,office,2015,35,65
CHE,office,2015,4,1
CHE,office,2015,5,3
CHE,office,2015,6,4
CHE,office,2015,7,5
CHE,office,2015,8,7
CHE,office,2015,9,7
CHE,office,2016,1,31
CHE,office,2016,10,150
CHE,office,2016,11,3
CHE,office,2016,12,8
CHE,office,2016,13,15
CHE,office,2016,14,9
CHE,office,2016,15,3
CHE,office,2016,16,8
CHE,office,2016,18,2
CHE,office,2016,19,5
CHE,office,2016,2,7
CHE,office,2016,20,11
CHE,office,2016,21,7
CHE,office,2016,22,1
CHE,office,2016,23,18
CHE,office,2016,24,6
CHE,office,2016,25,15
CHE,office,2016,26,29
CHE,office,2016,27,48
CHE,office,2016,28,14
CHE,office,2016,29,24
CHE,office,2016,3,4
CHE,office,2016,30,18
CHE,office,2016,31,28
CHE,office,2016,32,12
CHE,office,2016,33,38
CHE,office,2016,34,31
CHE,office,2016,35,60
CHE,office,2016,5,2
CHE,office,2016,6,8
CHE,office,2016,7,3
CHE,office,2016,8,8
CHE,office,2016,9,8
CHE,office,2017,1,49
CHE,office,2017,10,224
CHE,office,2017,11,1
CHE,office,2017,12,14
CHE,office,2017,13,25
CHE,office,2017,14,9
CHE,office,2017,15,2
CHE,office,2017,16,6
CHE,office,2017,17,2
CHE,office,2017,18,10
CHE,office,2017,19,8
CHE,office,2017,2,7
CHE,office,2017,20,5
CHE,office,2017,21,9
CHE,office,2017,22,4
CHE,office,2017,23,12
CHE,office,2017,24,11
CHE,office,2017,25,30
CHE,office,2017,26,35
CHE,office,2017,27,28
CHE,office,2017,28,25
CHE,office,2017,29,26
CHE,office,2017,3,3
CHE,office,2017,30,18
CHE,office,2017,31,23
CHE,office,2017,32,14
CHE,office,2017,33,34
CHE,office,2017,34,47
CHE,office,2017,35,68
CHE,office,2017,4,1
CHE,office,2017,5,3
CHE,office,2017,6,17
CHE,office,2017,7,8
CHE,office,2017,8,8
CHE,office,2017,9,6
CHE,office,2018,1,33
CHE,office,2018,10,152
CHE,office,2018,11,2
CHE,office,2018,12,7
CHE,office,2018,13,34
CHE,office,2018,14,12
CHE,office,2018,16,8
CHE,office,2018,17,1
CHE,office,2018,18,3
CHE,office,2018,19,4
CHE,office,2018,2,7
CHE,office,2018,20,9
CHE,office,2018,21,13
CHE,office,2018,22,2
CHE,office,2018,23,17
CHE,office,2018,24,7
CHE,office,2018,25,24
CHE,office,2018,26,25
CHE,office,2018,27,16
CHE,office,2018,28,13
CHE,office,2018,29,27
CHE,office,2018,3,2
CHE,office,2018,30,9
CHE,office,2018,31,25
CHE,office,2018,32,16
CHE,office,2018,33,38
CHE,office,2018,34,30
CHE,office,2018,35,65
CHE,office,2018,4,2
CHE,office,2018,6,8
CHE,office,2018,7,2
CHE,office,2018,8,6
CHE,office,2018,9,8
CHE,office,2019,1,37
CHE,office,2019,10,165
CHE,office,2019,11,5
CHE,office,2019,12,14
CHE,office,2019,13,29
CHE,office,2019,14,4
CHE,office,2019,16,6
CHE,office,2019,17,2
CHE,office,2019,18,10
CHE,office,2019,19,4
CHE,office,2019,2,5
CHE,office,2019,20,18
CHE,office,2019,21,12
CHE,office,2019,22,3
CHE,office,2019,23,9
CHE,office,2019,24,7
CHE,office,2019,25,15
CHE,office,2019,26,31
CHE,office,2019,27,13
CHE,office,2019,28,8
CHE,office,2019,29,20
CHE,office,2019,3,1
CHE,office,2019,30,12
CHE,office,2019,31,20
CHE,office,2019,32,22
CHE,office,2019,33,26
CHE,office,2019,34,34
CHE,office,2019,35,57
CHE,office,2019,4,5
CHE,office,2019,5,3
CHE,office,2019,6,8
CHE,office,2019,7,9
CHE,office,2019,8,4
CHE,office,2019,9,15
CHE,office,2020,1,26
CHE,office,2020,10,199
CHE,office,2020,11,5
CHE,office,2020,12,5
CHE,office,2020,13,41
CHE,office,2020,14,13
CHE,office,2020,15,2
CHE,office,2020,16,9
CHE,office,2020,17,7
CHE,office,2020,18,10
CHE,office,2020,19,7
CHE,office,2020,2,7
CHE,office,2020,20,10
CHE,office,2020,21,8
CHE,office,2020,22,5
CHE,office,2020,23,15
CHE,office,2020,24,8
CHE,office,2020,25,23
CHE,office,2020,26,41
CHE,office,2020,27,18
CHE,office,2020,28,15
CHE,office,2020,29,24
CHE,office,2020,3,2
CHE,office,2020,30,11
CHE,office,2020,31,28
CHE,office,2020,32,30
CHE,office,2020,33,35
CHE,office,2020,34,49
CHE,office,2020,35,77
CHE,office,2020,4,3
CHE,office,2020,5,3
CHE,office,2020,6,11
CHE,office,2020,7,5
CHE,office,2020,8,3
CHE,office,2020,9,8
CHE,office,2021,1,41
CHE,office,2021,10,183
CHE,office,2021,11,2
CHE,office,2021,12,13
CHE,office,2021,13,26
CHE,office,2021,14,6
CHE,office,2021,15,3
CHE,office,2021,16,5
CHE,office,2021,17,2
CHE,office,2021,18,3
CHE,office,2021,19,7
CHE,office,2021,2,5
CHE,office,2021,20,11
CHE,office,2021,21,6
CHE,office,2021,22,2
CHE,office,2021,23,19
CHE,office,2021,24,7
CHE,office,2021,25,27
CHE,office,2021,26,21
CHE,office,2021,27,34
CHE,office,2021,28,9
CHE,office,2021,29,30
CHE,office,2021,3,12
CHE,office,2021,30,20
CHE,office,2021,31,19
CHE,office,2021,32,26
CHE,office,2021,33,34
CHE,office,2021,34,53
CHE,office,2021,35,64
CHE,office,2021,4,12
CHE,office,2021,5,3
CHE,office,2021,6,11
CHE,office,2021,7,6
CHE,office,2021,8,2
CHE,office,2021,9,13
CHE,office,2022,1,51
CHE,office,2022,10,204
CHE,office,2022,11,1
CHE,office,2022,12,13
CHE,office,2022,13,23
CHE,office,2022,14,4
CHE,office,2022,15,4
CHE,office,2022,16,6
CHE,office,2022,17,5
CHE,office,2022,18,4
CHE,office,2022,19,5
CHE,office,2022,2,7
CHE,office,2022,20,12
CHE,office,2022,21,11
CHE,office,2022,22,2
CHE,office,2022,23,15
CHE,office,2022,24,10
CHE,office,2022,25,32
CHE,office,2022,26,23
CHE,office,2022,27,49
CHE,office,2022,28,7
CHE,office,2022,29,33
CHE,office,2022,3,6
CHE,office,2022,30,11
CHE,office,2022,31,35
CHE,office,2022,32,26
CHE,office,2022,33,44
CHE,office,2022,34,68
CHE,office,2022,35,58
CHE,office,2022,4,3
CHE,office,2022,5,4
CHE,office,2022,6,14
CHE,office,2022,7,8
CHE,office,2022,8,4
CHE,office,2022,9,7
CHE,origin,2015,0,64
CHE,origin,2015,1,1178
CHE,origin,2015,10,1370
CHE,origin,2015,11,202
CHE,origin,2015,12,231
CHE,origin,2015,13,1550
CHE,origin,2015,14,1170
CHE,origin,2015,15,691
CHE,origin,2015,16,1397
CHE,origin,2015,17,348
CHE,origin,2015,18,557
CHE,origin,2015,19,519
CHE,origin,2015,2,190
CHE,origin,2015,20,236
CHE,origin,2015,21,227
CHE,origin,2015,22,29
CHE,origin,2015,23,438
CHE,origin,2015,24,265
CHE,origin,2015,25,1051
CHE,origin,2015,26,359
CHE,origin,2015,27,565
CHE,origin,2015,28,454
CHE,origin,2015,29,429
CHE,origin,2015,3,125
CHE,origin,2015,30,273
CHE,origin,2015,31,323
CHE,origin,2015,32,273
CHE,origin,2015,33,503
CHE,origin,2015,34,506
CHE,origin,2015,35,354
CHE,origin,2015,4,197
CHE,origin,2015,5,121
CHE,origin,2015,6,448
CHE,origin,2015,7,59
CHE,origin,2015,8,149
CHE,origin,2015,9,228
CHE,origin,2016,0,22
CHE,origin,2016,1,1398
CHE,origin,2016,10,1649
CHE,origin,2016,11,225
CHE,origin,2016,12,274
CHE,origin,2016,13,1630
CHE,origin,2016,14,1256
CHE,origin,2016,15,739
CHE,origin,2016,16,1685
CHE,origin,2016,17,410
CHE,origin,2016,18,613
CHE,origin,2016,19,584
CHE,origin,2016,2,235
CHE,origin,2016,20,262
CHE,origin,2016,21,275
CHE,origin,2016,22,30
CHE,origin,2016,23,502
CHE,origin,2016,24,262
CHE,origin,2016,25,1170
CHE,origin,2016,26,361
CHE,origin,2016,27,605
CHE,origin,2016,28,464
CHE,origin,2016,29,500
CHE,origin,2016,3,158
CHE,origin,2016,30,289
CHE,origin,2016,31,351
CHE,origin,2016,32,284
CHE,origin,2016,33,492
CHE,origin,2016,34,688
CHE,origin,2016,35,406
CHE,origin,2016,4,262
CHE,origin,2016,5,109
CHE,origin,2016,6,495
CHE,origin,2016,7,98
CHE,origin,2016,8,145
CHE,origin,2016,9,218
CHE,origin,2017,0,18
CHE,origin,2017,1,1371
CHE,origin,2017,10,1933
CHE,origin,2017,11,249
CHE,origin,2017,12,295
CHE,origin,2017,13,1701
CHE,origin,2017,14,1211
CHE,origin,2017,15,846
CHE,origin,2017,16,1556
CHE,origin,2017,17,375
CHE,origin,2017,18,544
CHE,origin,2017,19,572
CHE,origin,2017,2,228
CHE,origin,2017,20,271
CHE,origin,2017,21,303
CHE,origin,2017,22,32
CHE,origin,2017,23,452
CHE,origin,2017,24,210
CHE,origin,2017,25,1138
CHE,origin,2017,26,357
CHE,origin,2017,27,465
CHE,origin,2017,28,489
CHE,origin,2017,29,501
CHE,origin,2017,3,142
CHE,origin,2017,30,252
CHE,origin,2017,31,387
CHE,origin,2017,32,258
CHE,origin,2017,33,438
CHE,origin,2017,34,756
CHE,origin,2017,35,411
CHE,origin,2017,4,232
CHE,origin,2017,5,80
CHE,origin,2017,6,447
CHE,origin,2017,7,83
CHE,origin,2017,8,140
CHE,origin,2017,9,210
CHE,origin,2018,0,26
CHE,origin,2018,1,1277
CHE,origin,2018,10,1708
CHE,origin,2018,11,225
CHE,origin,2018,12,313
CHE,origin,2018,13,1609
CHE,origin,2018,14,1096
CHE,origin,2018,15,830
CHE,origin,2018,16,1466
CHE,origin,2018,17,366
CHE,origin,2018,18,521
CHE,origin,2018,19,545
CHE,origin,2018,2,200
CHE,origin,2018,20,284
CHE,origin,2018,21,305
CHE,origin,2018,22,29
CHE,origin,2018,23,462
CHE,origin,2018,24,189
CHE,origin,2018,25,1095
CHE,origin,2018,26,366
CHE,origin,2018,27,383
CHE,origin,2018,28,448
CHE,origin,2018,29,532
CHE,origin,2018,3,128
CHE,origin,2018,30,231
CHE,origin,2018,31,368
CHE,origin,2018,32,296
CHE,origin,2018,33,472
CHE,origin,2018,34,882
CHE,origin,2018,35,363
CHE,origin,2018,4,249
CHE,origin,2018,5,69
CHE,origin,2018,6,457
CHE,origin,2018,7,66
CHE,origin,2018,8,137
CHE,origin,2018,9,173
CHE,origin,2019,0,15
CHE,origin,2019,1,1499
CHE,origin,2019,10,1895
CHE,origin,2019,11,245
CHE,origin,2019,12,358
CHE,origin,2019,13,1921
CHE,origin,2019,14,966
CHE,origin,2019,15,771
CHE,origin,2019,16,1347
CHE,origin,2019,17,305
CHE,origin,2019,18,450
CHE,origin,2019,19,503
CHE,origin,2019,2,217
CHE,origin,2019,20,250
CHE,origin,2019,21,255
CHE,origin,2019,22,33
CHE,origin,2019,23,488
CHE,origin,2019,24,192
CHE,origin,2019,25,1260
CHE,origin,2019,26,382
CHE,origin,2019,27,462
CHE,origin,2019,28,477
CHE,origin,2019,29,513
CHE,origin,2019,3,140
CHE,origin,2019,30,266
CHE,origin,2019,31,442
CHE,origin,2019,32,380
CHE,origin,2019,33,500
CHE,origin,2019,34,1190
CHE,origin,2019,35,422
CHE,origin,2019,4,281
CHE,origin,2019,5,88
CHE,origin,2019,6,561
CHE,origin,2019,7,102
CHE,origin,2019,8,163
CHE,origin,2019,9,227
CHE,origin,2020,0,18
CHE,origin,2020,1,1408
CHE,origin,2020,10,2034
CHE,origin,2020,11,226
CHE,origin,2020,12,330
CHE,origin,2020,13,1832
CHE,origin,2020,14,898
CHE,origin,2020,15,785
CHE,origin,2020,16,1304
CHE,origin,2020,17,333
CHE,origin,2020,18,457
CHE,origin,2020,19,461
CHE,origin,2020,2,206
CHE,origin,2020,20,251
CHE,origin,2020,21,290
CHE,origin,2020,22,32
CHE,origin,2020,23,486
CHE,origin,2020,24,159
CHE,origin,2020,25,1164
CHE,origin,2020,26,457
CHE,origin,2020,27,455
CHE,origin,2020,28,418
CHE,origin,2020,29,528
CHE,origin,2020,3,119
CHE,origin,2020,30,261
CHE,origin,2020,31,444
CHE,origin,2020,32,400
CHE,origin,2020,33,521
CHE,origin,2020,34,1272
CHE,origin,2020,35,478
CHE,origin,2020,4,299
CHE,origin,2020,5,81
CHE,origin,2020,6,499
CHE,origin,2020,7,91
CHE,origin,2020,8,185
CHE,origin,2020,9,222
CHE,origin,2021,0,7
CHE,origin,2021,1,1391
CHE,origin,2021,10,2012
CHE,origin,2021,11,170
CHE,origin,2021,12,301
CHE,origin,2021,13,1918
CHE,origin,2021,14,837
CHE,origin,2021,15,756
CHE,origin,2021,16,1174
CHE,origin,2021,17,346
CHE,origin,2021,18,396
CHE,origin,2021,19,506
CHE,origin,2021,2,237
CHE,origin,2021,20,250
CHE,origin,2021,21,307
CHE,origin,2021,22,24
CHE,origin,2021,23,528
CHE,origin,2021,24,149
CHE,origin,2021,25,1075
CHE,origin,2021,26,352
CHE,origin,2021,27,346
CHE,origin,2021,28,361
CHE,origin,2021,29,519
CHE,origin,2021,3,133
CHE,origin,2021,30,194
CHE,origin,2021,31,379
CHE,origin,2021,32,446
CHE,origin,2021,33,462
CHE,origin,2021,34,1313
CHE,origin,2021,35,377
CHE,origin,2021,4,311
CHE,origin,2021,5,100
CHE,origin,2021,6,514
CHE,origin,2021,7,82
CHE,origin,2021,8,182
CHE,origin,2021,9,192
CHE,origin,2022,0,5
CHE,origin,2022,1,1338
CHE,origin,2022,10,1882
CHE,origin,2022,11,186
CHE,origin,2022,12,331
CHE,origin,2022,13,1828
CHE,origin,2022,14,752
CHE,origin,2022,15,763
CHE,origin,2022,16,1152
CHE,origin,2022,17,339
CHE,origin,2022,18,400
CHE,origin,2022,19,465
CHE,origin,2022,2,213
CHE,origin,2022,20,190
CHE,origin,2022,21,290
CHE,origin,2022,22,23
CHE,origin,2022,23,446
CHE,origin,2022,24,122
CHE,origin,2022,25,995
CHE,origin,2022,26,374
CHE,origin,2022,27,286
CHE,origin,2022,28,334
CHE,origin,2022,29,442
CHE,origin,2022,3,135
CHE,origin,2022,30,147
CHE,origin,2022,31,375
CHE,origin,2022,32,470
CHE,origin,2022,33,453
CHE,origin,2022,34,1270
CHE,origin,2022,35,361
CHE,origin,2022,4,342
CHE,origin,2022,5,90
CHE,origin,2022,6,564
CHE,origin,2022,7,101
CHE,origin,2022,8,172
CHE,origin,2022,9,172
CHL,office,2016,19,1
CHL,origin,2015,1,1
CHL,origin,2015,10,2
CHL,origin,2015,11,4
CHL,origin,2015,13,5
CHL,origin,2015,14,7
CHL,origin,2015,15,9
CHL,origin,2015,16,16
CHL,origin,2015,17,2
CHL,origin,2015,18,10
CHL,origin,2015,19,13
CHL,origin,2015,2,1
CHL,origin,2015,20,7
CHL,origin,2015,21,8
CHL,origin,2015,23,17
CHL,origin,2015,24,4
CHL,origin,2015,25,3
CHL,origin,2015,26,2
CHL,origin,2015,27,7
CHL,origin,2015,29,6
CHL,origin,2015,31,4
CHL,origin,2015,32,3
CHL,origin,2015,33,3
CHL,origin,2015,34,3
CHL,origin,2015,35,8
CHL,origin,2015,6,3
CHL,origin,2016,1,1
CHL,origin,2016,10,2
CHL,origin,2016,11,3
CHL,origin,2016,12,1
CHL,origin,2016,13,7
CHL,origin,2016,14,2
CHL,origin,2016,15,8
CHL,origin,2016,16,12
CHL,origin,2016,18,7
CHL,origin,2016,19,7
CHL,origin,2016,2,1
CHL,origin,2016,20,11
CHL,origin,2016,21,4
CHL,origin,2016,23,18
CHL,origin,2016,24,5
CHL,origin,2016,25,4
CHL,origin,2016,26,3
CHL,origin,2016,27,15
CHL,origin,2016,29,8
CHL,origin,2016,30,3
CHL,origin,2016,31,6
CHL,origin,2016,32,6
CHL,origin,2016,33,1
CHL,origin,2016,34,2
CHL,origin,2016,35,9
CHL,origin,2016,8,1
CHL,origin,2017,1,5
CHL,origin,2017,10,6
CHL,origin,2017,11,2
CHL,origin,2017,12,1
CHL,origin,2017,13,9
CHL,origin,2017,14,3
CHL,origin,2017,15,12
CHL,origin,2017,16,22
CHL,origin,2017,17,1
CHL,origin,2017,18,8
CHL,origin,2017,19,8
CHL,origin,2017,20,17
CHL,origin,2017,21,4
CHL,origin,2017,22,1
CHL,origin,2017,23,10
CHL,origin,2017,24,8
CHL,origin,2017,25,4
CHL,origin,2017,26,1
CHL,origin,2017,27,7
CHL,origin,2017,28,2
CHL,origin,2017,29,3
CHL,origin,2017,30,1
CHL,origin,2017,31,6
CHL,origin,2017,32,6
CHL,origin,2017,33,1
CHL,origin,2017,34,3
CHL,origin,2017,35,5
CHL,origin,2017,6,1
CHL,origin,2017,8,1
CHL,origin,2017,9,1
CHL,origin,2018,1,5
CHL,origin,2018,10,5
CHL,origin,2018,11,3
CHL,origin,2018,12,1
CHL,origin,2018,13,7
CHL,origin,2018,14,3
CHL,origin,2018,15,13
CHL,origin,2018,16,15
CHL,origin,2018,17,2
CHL,origin,2018,18,6
CHL,origin,2018,19,9
CHL,origin,2018,2,1
CHL,origin,2018,20,11
CHL,origin,2018,21,9
CHL,origin,2018,22,1
CHL,origin,2018,23,12
CHL,origin,2018,24,5
CHL,origin,2018,25,4
CHL,origin,2018,26,2
CHL,origin,2018,27,3
CHL,origin,2018,28,1
CHL,origin,2018,29,11
CHL,origin,2018,30,2
CHL,origin,2018,31,8
CHL,origin,2018,32,5
CHL,origin,2018,33,3
CHL,origin,2018,34,6
CHL,origin,2018,35,16
CHL,origin,2018,4,1
CHL,origin,2018,6,2
CHL,origin,2018,7,1
CHL,origin,2018,8,1
CHL,origin,2019,1,5
CHL,origin,2019,10,5
CHL,origin,2019,11,3
CHL,origin,2019,12,4
CHL,origin,2019,13,8
CHL,origin,2019,14,7
CHL,origin,2019,15,14
CHL,origin,2019,16,11
CHL,origin,2019,17,1
CHL,origin,2019,18,11
CHL,origin,2019,19,15
CHL,origin,2019,20,12
CHL,origin,2019,21,7
CHL,origin,2019,22,1
CHL,origin,2019,23,10
CHL,origin,2019,24,2
CHL,origin,2019,25,14
CHL,origin,2019,26,1
CHL,origin,2019,27,3
CHL,origin,2019,28,1
CHL,origin,2019,29,10
CHL,origin,2019,3,1
CHL,origin,2019,30,3
CHL,origin,2019,31,4
CHL,origin,2019,32,2
CHL,origin,2019,35,18
CHL,origin,2019,5,1
CHL,origin,2019,6,2
CHL,origin,2019,7,1
CHL,origin,2020,1,2
CHL,origin,2020,10,5
CHL,origin,2020,11,4
CHL,origin,2020,12,2
CHL,origin,2020,13,4
CHL,origin,2020,14,8
CHL,origin,2020,15,18
CHL,origin,2020,16,8
CHL,origin,2020,17,4
CHL,origin,2020,18,2
CHL,origin,2020,19,14
CHL,origin,2020,20,13
CHL,origin,2020,21,4
CHL,origin,2020,22,1
CHL,origin,2020,23,17
CHL,origin,2020,24,1
CHL,origin,2020,25,6
CHL,origin,2020,26,1
CHL,origin,2020,27,5
CHL,origin,2020,28,1
CHL,origin,2020,29,12
CHL,origin,2020,3,1
CHL,origin,2020,30,1
CHL,origin,2020,31,7
CHL,origin,2020,32,3
CHL,origin,2020,33,4
CHL,origin,2020,34,1
CHL,origin,2020,35,6
CHL,origin,2020,4,1
CHL,origin,2020,6,2
CHL,origin,2020,9,1
CHL,origin,2021,1,4
CHL,origin,2021,10,5
CHL,origin,2021,11,6
CHL,origin,2021,12,4
CHL,origin,2021,13,7
CHL,origin,2021,14,5
CHL,origin,2021,15,12
CHL,origin,2021,16,19
CHL,origin,2021,17,2
CHL,origin,2021,18,9
CHL,origin,2021,19,14
CHL,origin,2021,2,1
CHL,origin,2021,20,12
CHL,origin,2021,21,5
CHL,origin,2021,22,1
CHL,origin,2021,23,15
CHL,origin,2021,24,3
CHL,origin,2021,25,7
CHL,origin,2021,26,2
CHL,origin,2021,27,1
CHL,origin,2021,28,1
CHL,origin,2021,29,12
CHL,origin,2021,30,2
CHL,origin,2021,31,5
CHL,origin,2021,32,3
CHL,origin,2021,33,1
CHL,origin,2021,34,3
CHL,origin,2021,35,11
CHL,origin,2021,6,10
CHL,origin,2022,1,4
CHL,origin,2022,10,4
CHL,origin,2022,11,1
CHL,origin,2022,12,2
CHL,origin,2022,13,14
CHL,origin,2022,14,4
CHL,origin,2022,15,11
CHL,origin,2022,16,13
CHL,origin,2022,17,2
CHL,origin,2022,18,9
CHL,origin,2022,19,11
CHL,origin,2022,2,1
CHL,origin,2022,20,21
CHL,origin,2022,21,9
CHL,origin,2022,22,2
CHL,origin,2022,23,29
CHL,origin,2022,24,2
CHL,origin,2022,25,4
CHL,origin,2022,26,1
CHL,origin,2022,29,8
CHL,origin,2022,3,1
CHL,origin,2022,30,3
CHL,origin,2022,31,4
CHL,origin,2022,32,2
CHL,origin,2022,33,2
CHL,origin,2022,34,1
CHL,origin,2022,35,9
CHL,origin,2022,4,2
CHL,origin,2022,6,7
CHN,office,2015,0,17
CHN,office,2015,1,24268
CHN,office,2015,10,22191
CHN,office,2015,11,2260
CHN,office,2015,12,6182
CHN,office,2015,13,9697
CHN,office,2015,14,10418
CHN,office,2015,15,6440
CHN,office,2015,16,10561
CHN,office,2015,17,7289
CHN,office,2015,18,7967
CHN,office,2015,19,12938
CHN,office,2015,2,7756
CHN,office,2015,20,15257
CHN,office,2015,21,6550
CHN,office,2015,22,1121
CHN,office,2015,23,11016
CHN,office,2015,24,7658
CHN,office,2015,25,9651
CHN,office,2015,26,15965
CHN,office,2015,27,8250
CHN,office,2015,28,7310
CHN,office,2015,29,12889
CHN,office,2015,3,7382
CHN,office,2015,30,5959
CHN,office,2015,31,9140
CHN,office,2015,32,11345
CHN,office,2015,33,3895
CHN,office,2015,34,4743
CHN,office,2015,35,14134
CHN,office,2015,4,16892
CHN,office,2015,5,1991
CHN,office,2015,6,16041
CHN,office,2015,7,670
CHN,office,2015,8,9231
CHN,office,2015,9,8299
CHN,office,2016,0,20
CHN,office,2016,1,32090
CHN,office,2016,10,26423
CHN,office,2016,11,2498
CHN,office,2016,12,8768
CHN,office,2016,13,11590
CHN,office,2016,14,11065
CHN,office,2016,15,6473
CHN,office,2016,16,9330
CHN,office,2016,17,9784
CHN,office,2016,18,7170
CHN,office,2016,19,14446
CHN,office,2016,2,9483
CHN,office,2016,20,18778
CHN,office,2016,21,8333
CHN,office,2016,22,1426
CHN,office,2016,23,12830
CHN,office,2016,24,9164
CHN,office,2016,25,12763
CHN,office,2016,26,20661
CHN,office,2016,27,11020
CHN,office,2016,28,8546
CHN,office,2016,29,15623
CHN,office,2016,3,7553
CHN,office,2016,30,7924
CHN,office,2016,31,11950
CHN,office,2016,32,16803
CHN,office,2016,33,5361
CHN,office,2016,34,6146
CHN,office,2016,35,18746
CHN,office,2016,4,18425
CHN,office,2016,5,2644
CHN,office,2016,6,25712
CHN,office,2016,7,1731
CHN,office,2016,8,12569
CHN,office,2016,9,8972
CHN,office,2017,0,6
CHN,office,2017,1,34540
CHN,office,2017,10,30768
CHN,office,2017,11,2017
CHN,office,2017,12,10496
CHN,office,2017,13,11537
CHN,office,2017,14,8986
CHN,office,2017,15,5160
CHN,office,2017,16,6857
CHN,office,2017,17,8071
CHN,office,2017,18,3913
CHN,office,2017,19,11315
CHN,office,2017,2,11162
CHN,office,2017,20,17235
CHN,office,2017,21,7429
CHN,office,2017,22,1426
CHN,office,2017,23,12538
CHN,office,2017,24,8098
CHN,office,2017,25,14033
CHN,office,2017,26,21865
CHN,office,2017,27,10335
CHN,office,2017,28,7937
CHN,office,2017,29,15443
CHN,office,2017,3,7139
CHN,office,2017,30,8739
CHN,office,2017,31,12084
CHN,office,2017,32,17271
CHN,office,2017,33,5932
CHN,office,2017,34,5948
CHN,office,2017,35,18608
CHN,office,2017,4,19738
CHN,office,2017,5,3195
CHN,office,2017,6,34469
CHN,office,2017,7,2217
CHN,office,2017,8,12741
CHN,office,2017,9,9030
CHN,office,2018,0,2
CHN,office,2018,1,35456
CHN,office,2018,10,31664
CHN,office,2018,11,2016
CHN,office,2018,12,10605
CHN,office,2018,13,11502
CHN,office,2018,14,8966
CHN,office,2018,15,6501
CHN,office,2018,16,7958
CHN,office,2018,17,8550
CHN,office,2018,18,4448
CHN,office,2018,19,11616
CHN,office,2018,2,13092
CHN,office,2018,20,16298
CHN,office,2018,21,7851
CHN,office,2018,22,1173
CHN,office,2018,23,12883
CHN,office,2018,24,8336
CHN,office,2018,25,13728
CHN,office,2018,26,20734
CHN,office,2018,27,9420
CHN,office,2018,28,7453
CHN,office,2018,29,14577
CHN,office,2018,3,8737
CHN,office,2018,30,8343
CHN,office,2018,31,11679
CHN,office,2018,32,16396
CHN,office,2018,33,6535
CHN,office,2018,34,6271
CHN,office,2018,35,17666
CHN,office,2018,4,26040
CHN,office,2018,5,3084
CHN,office,2018,6,38238
CHN,office,2018,7,2719
CHN,office,2018,8,12254
CHN,office,2018,9,8706
CHN,office,2019,0,1
CHN,office,2019,1,36160
CHN,office,2019,10,36461
CHN,office,2019,11,2073
CHN,office,2019,12,10657
CHN,office,2019,13,11535
CHN,office,2019,14,8992
CHN,office,2019,15,9006
CHN,office,2019,16,7430
CHN,office,2019,17,7734
CHN,office,2019,18,3793
CHN,office,2019,19,9996
CHN,office,2019,2,15358
CHN,office,2019,20,15072
CHN,office,2019,21,8123
CHN,office,2019,22,1382
CHN,office,2019,23,13192
CHN,office,2019,24,8396
CHN,office,2019,25,13264
CHN,office,2019,26,19176
CHN,office,2019,27,10005
CHN,office,2019,28,6949
CHN,office,2019,29,13846
CHN,office,2019,3,10664
CHN,office,2019,30,9119
CHN,office,2019,31,11001
CHN,office,2019,32,16861
CHN,office,2019,33,5764
CHN,office,2019,34,5759
CHN,office,2019,35,17049
CHN,office,2019,4,34014
CHN,office,2019,5,2424
CHN,office,2019,6,44047
CHN,office,2019,7,2774
CHN,office,2019,8,13422
CHN,office,2019,9,11158
CHN,office,2020,1,39044
CHN,office,2020,10,41642
CHN,office,2020,11,2211
CHN,office,2020,12,13151
CHN,office,2020,13,14626
CHN,office,2020,14,10505
CHN,office,2020,15,11181
CHN,office,2020,16,8999
CHN,office,2020,17,9451
CHN,office,2020,18,4424
CHN,office,2020,19,12615
CHN,office,2020,2,17168
CHN,office,2020,20,17586
CHN,office,2020,21,8258
CHN,office,2020,22,1580
CHN,office,2020,23,17204
CHN,office,2020,24,10664
CHN,office,2020,25,15520
CHN,office,2020,26,22227
CHN,office,2020,27,10141
CHN,office,2020,28,8121
CHN,office,2020,29,18626
CHN,office,2020,3,12385
CHN,office,2020,30,9798
CHN,office,2020,31,11249
CHN,office,2020,32,19617
CHN,office,2020,33,7617
CHN,office,2020,34,6609
CHN,office,2020,35,20754
CHN,office,2020,4,36591
CHN,office,2020,5,2491
CHN,office,2020,6,55694
CHN,office,2020,7,6760
CHN,office,2020,8,14121
CHN,office,2020,9,11591
CHN,office,2021,1,45223
CHN,office,2021,10,50633
CHN,office,2021,11,3184
CHN,office,2021,12,18000
CHN,office,2021,13,21722
CHN,office,2021,14,13728
CHN,office,2021,15,15258
CHN,office,2021,16,13103
CHN,office,2021,17,13285
CHN,office,2021,18,5762
CHN,office,2021,19,18538
CHN,office,2021,2,21496
CHN,office,2021,20,22776
CHN,office,2021,21,10489
CHN,office,2021,22,1821
CHN,office,2021,23,25629
CHN,office,2021,24,15240
CHN,office,2021,25,20011
CHN,office,2021,26,28736
CHN,office,2021,27,10640
CHN,office,2021,28,11030
CHN,office,2021,29,27469
CHN,office,2021,3,16705
CHN,office,2021,30,11693
CHN,office,2021,31,12561
CHN,office,2021,32,25210
CHN,office,2021,33,10493
CHN,office,2021,34,8677
CHN,office,2021,35,27169
CHN,office,2021,4,47870
CHN,office,2021,5,2999
CHN,office,2021,6,77385
CHN,office,2021,7,12403
CHN,office,2021,8,15285
CHN,office,2021,9,13797
CHN,office,2022,1,51331
CHN,office,2022,10,58262
CHN,office,2022,11,4119
CHN,office,2022,12,21161
CHN,office,2022,13,25210
CHN,office,2022,14,16214
CHN,office,2022,15,17857
CHN,office,2022,16,12884
CHN,office,2022,17,15328
CHN,office,2022,18,6437
CHN,office,2022,19,17978
CHN,office,2022,2,22238
CHN,office,2022,20,27723
CHN,office,2022,21,11526
CHN,office,2022,22,2296
CHN,office,2022,23,30564
CHN,office,2022,24,17451
CHN,office,2022,25,23230
CHN,office,2022,26,32585
CHN,office,2022,27,12829
CHN,office,2022,28,11596
CHN,office,2022,29,30057
CHN,office,2022,3,15010
CHN,office,2022,30,11841
CHN,office,2022,31,14709
CHN,office,2022,32,30437
CHN,office,2022,33,10687
CHN,office,2022,34,9551
CHN,office,2022,35,29246
CHN,office,2022,4,52165
CHN,office,2022,5,3663
CHN,office,2022,6,104824
CHN,office,2022,7,15276
CHN,office,2022,8,16981
CHN,office,2022,9,15165
CHN,origin,2015,0,16
CHN,origin,2015,1,16384
CHN,origin,2015,10,18471
CHN,origin,2015,11,1735
CHN,origin,2015,12,4929
CHN,origin,2015,13,5065
CHN,origin,2015,14,8361
CHN,origin,2015,15,5104
CHN,origin,2015,16,8884
CHN,origin,2015,17,5328
CHN,origin,2015,18,7410
CHN,origin,2015,19,10513
CHN,origin,2015,2,4736
CHN,origin,2015,20,13442
CHN,origin,2015,21,4990
CHN,origin,2015,22,962
CHN,origin,2015,23,8987
CHN,origin,2015,24,6358
CHN,origin,2015,25,7177
CHN,origin,2015,26,13550
CHN,origin,2015,27,4278
CHN,origin,2015,28,4986
CHN,origin,2015,29,10505
CHN,origin,2015,3,5335
CHN,origin,2015,30,4652
CHN,origin,2015,31,5859
CHN,origin,2015,32,6135
CHN,origin,2015,33,2829
CHN,origin,2015,34,3181
CHN,origin,2015,35,12513
CHN,origin,2015,4,14258
CHN,origin,2015,5,1209
CHN,origin,2015,6,11865
CHN,origin,2015,7,565
CHN,origin,2015,8,5439
CHN,origin,2015,9,4645
CHN,origin,2016,0,9
CHN,origin,2016,1,22039
CHN,origin,2016,10,22074
CHN,origin,2016,11,1987
CHN,origin,2016,12,7179
CHN,origin,2016,13,5953
CHN,origin,2016,14,8963
CHN,origin,2016,15,5167
CHN,origin,2016,16,7639
CHN,origin,2016,17,7420
CHN,origin,2016,18,6569
CHN,origin,2016,19,12056
CHN,origin,2016,2,5954
CHN,origin,2016,20,16469
CHN,origin,2016,21,6321
CHN,origin,2016,22,1228
CHN,origin,2016,23,10632
CHN,origin,2016,24,7782
CHN,origin,2016,25,9833
CHN,origin,2016,26,17715
CHN,origin,2016,27,5908
CHN,origin,2016,28,6177
CHN,origin,2016,29,12869
CHN,origin,2016,3,5730
CHN,origin,2016,30,6330
CHN,origin,2016,31,7797
CHN,origin,2016,32,9384
CHN,origin,2016,33,4043
CHN,origin,2016,34,4438
CHN,origin,2016,35,16694
CHN,origin,2016,4,16335
CHN,origin,2016,5,1691
CHN,origin,2016,6,19922
CHN,origin,2016,7,1468
CHN,origin,2016,8,7290
CHN,origin,2016,9,5279
CHN,origin,2017,0,10
CHN,origin,2017,1,25990
CHN,origin,2017,10,26854
CHN,origin,2017,11,1628
CHN,origin,2017,12,9065
CHN,origin,2017,13,7024
CHN,origin,2017,14,7712
CHN,origin,2017,15,4454
CHN,origin,2017,16,5986
CHN,origin,2017,17,6251
CHN,origin,2017,18,3624
CHN,origin,2017,19,9495
CHN,origin,2017,2,8185
CHN,origin,2017,20,15402
CHN,origin,2017,21,5963
CHN,origin,2017,22,1241
CHN,origin,2017,23,10850
CHN,origin,2017,24,7090
CHN,origin,2017,25,11529
CHN,origin,2017,26,19626
CHN,origin,2017,27,6195
CHN,origin,2017,28,5884
CHN,origin,2017,29,13089
CHN,origin,2017,3,6284
CHN,origin,2017,30,7547
CHN,origin,2017,31,8315
CHN,origin,2017,32,10582
CHN,origin,2017,33,4909
CHN,origin,2017,34,4558
CHN,origin,2017,35,16950
CHN,origin,2017,4,19576
CHN,origin,2017,5,2251
CHN,origin,2017,6,29502
CHN,origin,2017,7,2015
CHN,origin,2017,8,8488
CHN,origin,2017,9,6479
CHN,origin,2018,0,10
CHN,origin,2018,1,28073
CHN,origin,2018,10,28360
CHN,origin,2018,11,1711
CHN,origin,2018,12,9404
CHN,origin,2018,13,7924
CHN,origin,2018,14,8049
CHN,origin,2018,15,5812
CHN,origin,2018,16,7267
CHN,origin,2018,17,6793
CHN,origin,2018,18,4191
CHN,origin,2018,19,10048
CHN,origin,2018,2,10305
CHN,origin,2018,20,14759
CHN,origin,2018,21,6484
CHN,origin,2018,22,1030
CHN,origin,2018,23,11819
CHN,origin,2018,24,7533
CHN,origin,2018,25,11841
CHN,origin,2018,26,18752
CHN,origin,2018,27,6094
CHN,origin,2018,28,5896
CHN,origin,2018,29,12567
CHN,origin,2018,3,7933
CHN,origin,2018,30,7561
CHN,origin,2018,31,8477
CHN,origin,2018,32,10905
CHN,origin,2018,33,5803
CHN,origin,2018,34,5214
CHN,origin,2018,35,16481
CHN,origin,2018,4,25577
CHN,origin,2018,5,2112
CHN,origin,2018,6,33759
CHN,origin,2018,7,2503
CHN,origin,2018,8,8145
CHN,origin,2018,9,6656
CHN,origin,2019,0,23
CHN,origin,2019,1,28571
CHN,origin,2019,10,32824
CHN,origin,2019,11,1791
CHN,origin,2019,12,9472
CHN,origin,2019,13,7732
CHN,origin,2019,14,8400
CHN,origin,2019,15,8636
CHN,origin,2019,16,7124
CHN,origin,2019,17,6186
CHN,origin,2019,18,3636
CHN,origin,2019,19,8637
CHN,origin,2019,2,12493
CHN,origin,2019,20,13782
CHN,origin,2019,21,6750
CHN,origin,2019,22,1274
CHN,origin,2019,23,12158
CHN,origin,2019,24,7655
CHN,origin,2019,25,10720
CHN,origin,2019,26,16935
CHN,origin,2019,27,6276
CHN,origin,2019,28,5210
CHN,origin,2019,29,11878
CHN,origin,2019,3,10105
CHN,origin,2019,30,8211
CHN,origin,2019,31,7239
CHN,origin,2019,32,11335
CHN,origin,2019,33,5091
CHN,origin,2019,34,4772
CHN,origin,2019,35,15974
CHN,origin,2019,4,33853
CHN,origin,2019,5,1815
CHN,origin,2019,6,40778
CHN,origin,2019,7,2693
CHN,origin,2019,8,10126
CHN,origin,2019,9,8461
CHN,origin,2020,0,20
CHN,origin,2020,1,32180
CHN,origin,2020,10,37987
CHN,origin,2020,11,1989
CHN,origin,2020,12,11994
CHN,origin,2020,13,10933
CHN,origin,2020,14,10039
CHN,origin,2020,15,10643
CHN,origin,2020,16,8786
CHN,origin,2020,17,7746
CHN,origin,2020,18,4176
CHN,origin,2020,19,11083
CHN,origin,2020,2,14397
CHN,origin,2020,20,16252
CHN,origin,2020,21,6823
CHN,origin,2020,22,1504
CHN,origin,2020,23,16061
CHN,origin,2020,24,9931
CHN,origin,2020,25,13088
CHN,origin,2020,26,20175
CHN,origin,2020,27,6692
CHN,origin,2020,28,6240
CHN,origin,2020,29,16478
CHN,origin,2020,3,12056
CHN,origin,2020,30,8755
CHN,origin,2020,31,7905
CHN,origin,2020,32,14840
CHN,origin,2020,33,6981
CHN,origin,2020,34,5835
CHN,origin,2020,35,19655
CHN,origin,2020,4,38184
CHN,origin,2020,5,2104
CHN,origin,2020,6,54261
CHN,origin,2020,7,6816
CHN,origin,2020,8,11794
CHN,origin,2020,9,8889
CHN,origin,2021,0,1
CHN,origin,2021,1,37970
CHN,origin,2021,10,46506
CHN,origin,2021,11,2923
CHN,origin,2021,12,16456
CHN,origin,2021,13,16094
CHN,origin,2021,14,12644
CHN,origin,2021,15,14179
CHN,origin,2021,16,12281
CHN,origin,2021,17,10918
CHN,origin,2021,18,5435
CHN,origin,2021,19,16056
CHN,origin,2021,2,18682
CHN,origin,2021,20,21050
CHN,origin,2021,21,8665
CHN,origin,2021,22,1728
CHN,origin,2021,23,23727
CHN,origin,2021,24,14081
CHN,origin,2021,25,17094
CHN,origin,2021,26,26125
CHN,origin,2021,27,6704
CHN,origin,2021,28,8824
CHN,origin,2021,29,24409
CHN,origin,2021,3,15629
CHN,origin,2021,30,10517
CHN,origin,2021,31,9218
CHN,origin,2021,32,19110
CHN,origin,2021,33,9390
CHN,origin,2021,34,7125
CHN,origin,2021,35,25619
CHN,origin,2021,4,48783
CHN,origin,2021,5,2454
CHN,origin,2021,6,75025
CHN,origin,2021,7,12187
CHN,origin,2021,8,12813
CHN,origin,2021,9,10144
CHN,origin,2022,0,25
CHN,origin,2022,1,45091
CHN,origin,2022,10,55034
CHN,origin,2022,11,3869
CHN,origin,2022,12,19498
CHN,origin,2022,13,20260
CHN,origin,2022,14,15351
CHN,origin,2022,15,17015
CHN,origin,2022,16,12444
CHN,origin,2022,17,12984
CHN,origin,2022,18,6293
CHN,origin,2022,19,15800
CHN,origin,2022,2,20752
CHN,origin,2022,20,25835
CHN,origin,2022,21,10039
CHN,origin,2022,22,2196
CHN,origin,2022,23,28750
CHN,origin,2022,24,16547
CHN,origin,2022,25,20472
CHN,origin,2022,26,30448
CHN,origin,2022,27,9629
CHN,origin,2022,28,9477
CHN,origin,2022,29,26970
CHN,origin,2022,3,14428
CHN,origin,2022,30,11062
CHN,origin,2022,31,11760
CHN,origin,2022,32,23133
CHN,origin,2022,33,9766
CHN,origin,2022,34,8312
CHN,origin,2022,35,28096
CHN,origin,2022,4,54441
CHN,origin,2022,5,3320
CHN,origin,2022,6,104802
CHN,origin,2022,7,14952
CHN,origin,2022,8,15306
CHN,origin,2022,9,11944
CIV,origin,2017,16,1
CIV,origin,2017,18,1
CIV,origin,2018,14,1
CIV,origin,2018,18,1
CIV,origin,2019,4,1
CIV,origin,2020,27,1
CIV,origin,2020,35,1
CIV,origin,2021,4,1
CIV,origin,2021,6,1
CIV,origin,2022,13,1
CIV,origin,2022,6,1
CMR,origin,2016,16,2
CMR,origin,2017,1,1
CMR,origin,2017,13,1
CMR,origin,2017,16,1
CMR,origin,2017,9,1
CMR,origin,2018,35,1
CMR,origin,2019,16,3
CMR,origin,2020,1,1
CMR,origin,2020,10,1
CMR,origin,2020,30,1
CMR,origin,2020,32,1
CMR,origin,2020,33,1
CMR,origin,2020,34,2
CMR,origin,2020,35,1
CMR,origin,2021,16,1
CMR,origin,2021,2,1
CMR,origin,2021,34,1
COD,origin,2019,24,1
COD,origin,2019,26,1
COD,origin,2020,35,1
COD,origin,2021,35,1
COD,origin,2022,3,1
COD,origin,2022,6,1
COG,origin,2017,34,1
COG,origin,2017,6,1
COG,origin,2018,31,1
COG,origin,2022,35,1
COL,origin,2015,1,1
COL,origin,2015,10,2
COL,origin,2015,13,7
COL,origin,2015,14,1
COL,origin,2015,15,6
COL,origin,2015,16,5
COL,origin,2015,17,1
COL,origin,2015,18,3
COL,origin,2015,19,9
COL,origin,2015,20,2
COL,origin,2015,21,1
COL,origin,2015,23,2
COL,origin,2015,24,1
COL,origin,2015,27,2
COL,origin,2015,28,1
COL,origin,2015,29,3
COL,origin,2015,32,3
COL,origin,2015,35,3
COL,origin,2016,1,4
COL,origin,2016,10,1
COL,origin,2016,12,3
COL,origin,2016,13,5
COL,origin,2016,14,1
COL,origin,2016,15,4
COL,origin,2016,16,4
COL,origin,2016,17,2
COL,origin,2016,18,4
COL,origin,2016,19,5
COL,origin,2016,23,1
COL,origin,2016,24,1
COL,origin,2016,25,1
COL,origin,2016,27,2
COL,origin,2016,29,2
COL,origin,2016,30,1
COL,origin,2016,31,1
COL,origin,2016,32,1
COL,origin,2016,34,1
COL,origin,2016,35,3
COL,origin,2017,1,3
COL,origin,2017,10,4
COL,origin,2017,11,2
COL,origin,2017,12,1
COL,origin,2017,13,10
COL,origin,2017,14,2
COL,origin,2017,15,5
COL,origin,2017,16,10
COL,origin,2017,17,2
COL,origin,2017,18,3
COL,origin,2017,19,3
COL,origin,2017,20,2
COL,origin,2017,21,1
COL,origin,2017,22,1
COL,origin,2017,23,1
COL,origin,2017,24,1
COL,origin,2017,26,1
COL,origin,2017,27,2
COL,origin,2017,29,3
COL,origin,2017,3,1
COL,origin,2017,30,1
COL,origin,2017,31,1
COL,origin,2017,32,1
COL,origin,2017,35,1
COL,origin,2017,9,1
COL,origin,2018,1,3
COL,origin,2018,10,2
COL,origin,2018,11,1
COL,origin,2018,12,2
COL,origin,2018,13,7
COL,origin,2018,14,2
COL,origin,2018,15,3
COL,origin,2018,16,10
COL,origin,2018,17,3
COL,origin,2018,18,5
COL,origin,2018,19,9
COL,origin,2018,2,1
COL,origin,2018,20,1
COL,origin,2018,21,2
COL,origin,2018,23,2
COL,origin,2018,24,1
COL,origin,2018,25,4
COL,origin,2018,27,2
COL,origin,2018,29,5
COL,origin,2018,30,1
COL,origin,2018,31,1
COL,origin,2018,32,1
COL,origin,2018,34,1
COL,origin,2018,35,5
COL,origin,2018,6,2
COL,origin,2019,1,2
COL,origin,2019,10,2
COL,origin,2019,11,1
COL,origin,2019,13,3
COL,origin,2019,14,2
COL,origin,2019,15,4
COL,origin,2019,16,9
COL,origin,2019,17,1
COL,origin,2019,18,5
COL,origin,2019,19,7
COL,origin,2019,2,2
COL,origin,2019,20,3
COL,origin,2019,21,1
COL,origin,2019,23,2
COL,origin,2019,24,2
COL,origin,2019,25,4
COL,origin,2019,27,7
COL,origin,2019,29,3
COL,origin,2019,31,1
COL,origin,2019,34,1
COL,origin,2019,35,8
COL,origin,2019,4,2
COL,origin,2019,6,1
COL,origin,2019,7,2
COL,origin,2020,1,1
COL,origin,2020,12,1
COL,origin,2020,13,11
COL,origin,2020,15,1
COL,origin,2020,16,9
COL,origin,2020,17,2
COL,origin,2020,18,4
COL,origin,2020,19,5
COL,origin,2020,20,1
COL,origin,2020,23,1
COL,origin,2020,24,3
COL,origin,2020,25,3
COL,origin,2020,26,1
COL,origin,2020,27,4
COL,origin,2020,29,5
COL,origin,2020,30,3
COL,origin,2020,31,1
COL,origin,2020,32,1
COL,origin,2020,33,2
COL,origin,2020,34,2
COL,origin,2020,35,7
COL,origin,2020,5,1
COL,origin,2020,6,5
COL,origin,2020,7,1
COL,origin,2020,8,1
COL,origin,2021,1,1
COL,origin,2021,10,1
COL,origin,2021,13,5
COL,origin,2021,15,4
COL,origin,2021,16,6
COL,origin,2021,18,5
COL,origin,2021,19,4
COL,origin,2021,2,1
COL,origin,2021,20,3
COL,origin,2021,21,1
COL,origin,2021,23,2
COL,origin,2021,24,3
COL,origin,2021,25,2
COL,origin,2021,27,3
COL,origin,2021,28,1
COL,origin,2021,29,7
COL,origin,2021,3,1
COL,origin,2021,30,3
COL,origin,2021,31,1
COL,origin,2021,33,6
COL,origin,2021,34,2
COL,origin,2021,35,5
COL,origin,2021,6,3
COL,origin,2021,7,2
COL,origin,2021,8,1
COL,origin,2022,1,3
COL,origin,2022,10,2
COL,origin,2022,11,1
COL,origin,2022,12,1
COL,origin,2022,13,7
COL,origin,2022,14,1
COL,origin,2022,15,2
COL,origin,2022,16,2
COL,origin,2022,17,1
COL,origin,2022,18,4
COL,origin,2022,19,7
COL,origin,2022,2,2
COL,origin,2022,20,2
COL,origin,2022,21,1
COL,origin,2022,23,3
COL,origin,2022,24,2
COL,origin,2022,25,3
COL,origin,2022,26,3
COL,origin,2022,29,9
COL,origin,2022,3,1
COL,origin,2022,31,1
COL,origin,2022,32,2
COL,origin,2022,33,3
COL,origin,2022,34,2
COL,origin,2022,35,5
COL,origin,2022,6,3
COM,origin,2016,18,1
COM,origin,2016,19,1
COM,origin,2017,13,1
COM,origin,2017,25,1
COM,origin,2021,18,1
COM,origin,2021,29,1
CPV,origin,2018,1,1
CPV,origin,2018,12,1
CPV,origin,2019,33,1
CRI,origin,2015,10,1
CRI,origin,2015,13,2
CRI,origin,2015,2,1
CRI,origin,2015,29,1
CRI,origin,2015,32,1
CRI,origin,2015,6,1
CRI,origin,2015,9,1
CRI,origin,2016,1,1
CRI,origin,2016,13,1
CRI,origin,2016,15,2
CRI,origin,2016,16,2
CRI,origin,2016,25,1
CRI,origin,2016,26,1
CRI,origin,2016,29,1
CRI,origin,2016,30,1
CRI,origin,2016,31,3
CRI,origin,2016,32,1
CRI,origin,2016,34,1
CRI,origin,2016,35,2
CRI,origin,2017,10,2
CRI,origin,2017,11,1
CRI,origin,2017,2,1
CRI,origin,2017,26,3
CRI,origin,2017,29,1
CRI,origin,2017,3,1
CRI,origin,2017,30,1
CRI,origin,2017,34,1
CRI,origin,2017,6,2
CRI,origin,2018,13,3
CRI,origin,2018,15,1
CRI,origin,2018,16,1
CRI,origin,2018,26,1
CRI,origin,2018,29,1
CRI,origin,2018,30,5
CRI,origin,2019,1,1
CRI,origin,2019,13,3
CRI,origin,2019,14,1
CRI,origin,2019,16,1
CRI,origin,2019,3,1
CRI,origin,2019,30,6
CRI,origin,2019,6,1
CRI,origin,2020,1,1
CRI,origin,2020,13,5
CRI,origin,2020,15,2
CRI,origin,2020,16,1
CRI,origin,2020,29,2
CRI,origin,2020,30,2
CRI,origin,2020,6,1
CRI,origin,2021,1,1
CRI,origin,2021,10,2
CRI,origin,2021,13,6
CRI,origin,2021,14,1
CRI,origin,2021,17,1
CRI,origin,2021,29,1
CRI,origin,2021,9,2
CRI,origin,2022,13,6
CRI,origin,2022,22,1
CRI,origin,2022,25,1
CRI,origin,2022,29,2
CRI,origin,2022,3,1
CRI,origin,2022,30,1
CRI,origin,2022,33,1
CRI,origin,2022,4,1
CRI,origin,2022,6,2
CUB,office,2015,1,2
CUB,office,2015,10,1
CUB,office,2015,13,3
CUB,office,2015,14,27
CUB,office,2015,15,9
CUB,office,2015,16,23
CUB,office,2015,18,1
CUB,office,2015,19,2
CUB,office,2015,20,8
CUB,office,2015,23,2
CUB,office,2015,25,1
CUB,office,2015,26,1
CUB,office,2015,27,1
CUB,office,2015,28,1
CUB,office,2015,29,1
CUB,office,2015,31,2
CUB,office,2015,35,4
CUB,office,2016,1,1
CUB,office,2016,12,1
CUB,office,2016,13,2
CUB,office,2016,14,13
CUB,office,2016,15,9
CUB,office,2016,16,27
CUB,office,2016,17,2
CUB,office,2016,18,2
CUB,office,2016,19,4
CUB,office,2016,20,3
CUB,office,2016,23,2
CUB,office,2016,24,4
CUB,office,2016,27,1
CUB,office,2016,31,1
CUB,office,2016,32,1
CUB,office,2016,33,2
CUB,office,2016,35,3
CUB,office,2016,9,1
CUB,office,2017,13,2
CUB,office,2017,14,13
CUB,office,2017,15,9
CUB,office,2017,16,20
CUB,office,2017,17,1
CUB,office,2017,18,2
CUB,office,2017,20,3
CUB,office,2017,21,2
CUB,office,2017,23,1
CUB,office,2017,24,1
CUB,office,2017,25,2
CUB,office,2017,28,1
CUB,office,2017,29,5
CUB,office,2017,3,1
CUB,office,2017,32,1
CUB,office,2017,35,3
CUB,office,2018,1,1
CUB,office,2018,11,1
CUB,office,2018,13,1
CUB,office,2018,14,19
CUB,office,2018,15,9
CUB,office,2018,16,28
CUB,office,2018,17,1
CUB,office,2018,19,4
CUB,office,2018,20,1
CUB,office,2018,23,3
CUB,office,2018,25,4
CUB,office,2018,26,1
CUB,office,2018,27,3
CUB,office,2018,28,1
CUB,office,2018,30,1
CUB,office,2018,31,1
CUB,office,2018,35,1
CUB,office,2018,6,1
CUB,office,2018,9,1
CUB,office,2019,1,3
CUB,office,2019,13,1
CUB,office,2019,14,25
CUB,office,2019,15,7
CUB,office,2019,16,26
CUB,office,2019,17,1
CUB,office,2019,18,1
CUB,office,2019,19,2
CUB,office,2019,20,4
CUB,office,2019,21,1
CUB,office,2019,23,1
CUB,office,2019,24,5
CUB,office,2019,29,9
CUB,office,2019,31,1
CUB,office,2019,33,1
CUB,office,2019,35,5
CUB,office,2020,13,1
CUB,office,2020,14,7
CUB,office,2020,15,7
CUB,office,2020,16,12
CUB,office,2020,19,3
CUB,office,2020,20,2
CUB,office,2020,21,1
CUB,office,2020,23,1
CUB,office,2020,25,2
CUB,office,2020,27,1
CUB,office,2020,29,1
CUB,office,2020,35,1
CUB,office,2021,11,1
CUB,office,2021,13,3
CUB,office,2021,14,12
CUB,office,2021,15,11
CUB,office,2021,16,25
CUB,office,2021,17,1
CUB,office,2021,18,3
CUB,office,2021,19,5
CUB,office,2021,20,4
CUB,office,2021,22,1
CUB,office,2021,23,1
CUB,office,2021,24,1
CUB,office,2021,25,1
CUB,office,2021,29,1
CUB,office,2021,35,1
CUB,office,2022,1,1
CUB,office,2022,10,1
CUB,office,2022,11,1
CUB,office,2022,13,2
CUB,office,2022,14,11
CUB,office,2022,15,9
CUB,office,2022,16,27
CUB,office,2022,17,1
CUB,office,2022,18,3
CUB,office,2022,19,6
CUB,office,2022,20,5
CUB,office,2022,21,1
CUB,office,2022,23,2
CUB,office,2022,25,2
CUB,office,2022,27,1
CUB,office,2022,29,2
CUB,office,2022,32,2
CUB,office,2022,35,4
CUB,office,2022,4,7
CUB,origin,2015,0,1
CUB,origin,2015,13,2
CUB,origin,2015,14,4
CUB,origin,2015,15,26
CUB,origin,2015,16,44
CUB,origin,2015,19,5
CUB,origin,2015,20,2
CUB,origin,2015,21,1
CUB,origin,2015,34,1
CUB,origin,2016,12,1
CUB,origin,2016,13,1
CUB,origin,2016,14,7
CUB,origin,2016,15,22
CUB,origin,2016,16,50
CUB,origin,2016,18,1
CUB,origin,2016,19,5
CUB,origin,2016,20,1
CUB,origin,2016,24,1
CUB,origin,2016,25,1
CUB,origin,2016,31,1
CUB,origin,2016,33,1
CUB,origin,2016,35,1
CUB,origin,2017,13,2
CUB,origin,2017,14,8
CUB,origin,2017,15,25
CUB,origin,2017,16,39
CUB,origin,2017,18,1
CUB,origin,2017,19,4
CUB,origin,2017,20,3
CUB,origin,2017,3,1
CUB,origin,2018,1,1
CUB,origin,2018,11,2
CUB,origin,2018,13,2
CUB,origin,2018,14,6
CUB,origin,2018,15,20
CUB,origin,2018,16,35
CUB,origin,2018,19,5
CUB,origin,2018,20,1
CUB,origin,2018,23,2
CUB,origin,2018,27,1
CUB,origin,2018,30,1
CUB,origin,2018,9,1
CUB,origin,2019,0,1
CUB,origin,2019,10,1
CUB,origin,2019,13,3
CUB,origin,2019,15,17
CUB,origin,2019,16,30
CUB,origin,2019,19,1
CUB,origin,2019,20,1
CUB,origin,2019,21,1
CUB,origin,2019,24,1
CUB,origin,2020,13,3
CUB,origin,2020,14,1
CUB,origin,2020,15,18
CUB,origin,2020,16,17
CUB,origin,2020,19,1
CUB,origin,2020,20,2
CUB,origin,2021,11,2
CUB,origin,2021,13,2
CUB,origin,2021,14,9
CUB,origin,2021,15,11
CUB,origin,2021,16,30
CUB,origin,2021,18,2
CUB,origin,2021,19,5
CUB,origin,2021,22,1
CUB,origin,2021,24,1
CUB,origin,2022,13,1
CUB,origin,2022,14,4
CUB,origin,2022,15,11
CUB,origin,2022,16,24
CUB,origin,2022,18,2
CUB,origin,2022,19,3
CUB,origin,2022,20,1
CUB,origin,2022,29,1
CUB,origin,2022,35,1
CUW,origin,2015,10,1
CUW,origin,2015,21,1
CUW,origin,2015,23,1
CUW,origin,2015,24,5
CUW,origin,2015,28,1
CUW,origin,2015,29,2
CUW,origin,2015,34,2
CUW,origin,2015,35,1
CUW,origin,2016,1,1
CUW,origin,2016,19,1
CUW,origin,2016,21,1
CUW,origin,2016,23,3
CUW,origin,2016,24,7
CUW,origin,2016,25,1
CUW,origin,2016,27,1
CUW,origin,2016,28,1
CUW,origin,2016,29,1
CUW,origin,2016,30,1
CUW,origin,2016,31,1
CUW,origin,2016,32,1
CUW,origin,2016,34,1
CUW,origin,2016,35,2
CUW,origin,2016,7,1
CUW,origin,2017,14,1
CUW,origin,2017,16,2
CUW,origin,2017,17,1
CUW,origin,2017,2,1
CUW,origin,2017,23,3
CUW,origin,2017,24,7
CUW,origin,2017,3,4
CUW,origin,2017,35,8
CUW,origin,2018,14,1
CUW,origin,2018,16,1
CUW,origin,2018,23,2
CUW,origin,2018,24,11
CUW,origin,2018,3,4
CUW,origin,2018,30,1
CUW,origin,2018,31,1
CUW,origin,2018,33,2
CUW,origin,2018,35,10
CUW,origin,2018,4,1
CUW,origin,2019,12,1
CUW,origin,2019,13,1
CUW,origin,2019,14,1
CUW,origin,2019,16,1
CUW,origin,2019,2,1
CUW,origin,2019,23,1
CUW,origin,2019,24,9
CUW,origin,2019,26,1
CUW,origin,2019,27,1
CUW,origin,2019,3,4
CUW,origin,2019,31,1
CUW,origin,2019,32,1
CUW,origin,2019,33,4
CUW,origin,2019,34,1
CUW,origin,2019,35,11
CUW,origin,2019,7,1
CUW,origin,2020,14,1
CUW,origin,2020,17,1
CUW,origin,2020,23,2
CUW,origin,2020,24,3
CUW,origin,2020,3,3
CUW,origin,2020,33,1
CUW,origin,2020,35,3
CUW,origin,2021,12,1
CUW,origin,2021,13,1
CUW,origin,2021,23,1
CUW,origin,2021,24,2
CUW,origin,2021,25,1
CUW,origin,2021,3,5
CUW,origin,2021,33,2
CUW,origin,2021,34,1
CUW,origin,2021,35,7
CUW,origin,2022,13,1
CUW,origin,2022,15,1
CUW,origin,2022,21,1
CUW,origin,2022,24,1
CUW,origin,2022,25,1
CUW,origin,2022,3,2
CUW,origin,2022,30,1
CUW,origin,2022,31,1
CUW,origin,2022,33,3
CUW,origin,2022,35,5
CUW,origin,2022,7,1
CYP,origin,2015,1,2
CYP,origin,2015,10,1
CYP,origin,2015,11,1
CYP,origin,2015,12,2
CYP,origin,2015,13,1
CYP,origin,2015,14,5
CYP,origin,2015,15,11
CYP,origin,2015,16,33
CYP,origin,2015,18,4
CYP,origin,2015,19,4
CYP,origin,2015,2,5
CYP,origin,2015,20,4
CYP,origin,2015,21,1
CYP,origin,2015,23,4
CYP,origin,2015,24,2
CYP,origin,2015,25,1
CYP,origin,2015,26,3
CYP,origin,2015,27,4
CYP,origin,2015,28,1
CYP,origin,2015,29,4
CYP,origin,2015,3,3
CYP,origin,2015,30,1
CYP,origin,2015,31,1
CYP,origin,2015,32,8
CYP,origin,2015,33,2
CYP,origin,2015,34,9
CYP,origin,2015,35,7
CYP,origin,2015,4,2
CYP,origin,2015,6,23
CYP,origin,2015,8,1
CYP,origin,2016,1,4
CYP,origin,2016,10,3
CYP,origin,2016,11,2
CYP,origin,2016,12,8
CYP,origin,2016,13,3
CYP,origin,2016,14,9
CYP,origin,2016,15,14
CYP,origin,2016,16,31
CYP,origin,2016,17,7
CYP,origin,2016,18,7
CYP,origin,2016,19,7
CYP,origin,2016,2,4
CYP,origin,2016,20,5
CYP,origin,2016,21,4
CYP,origin,2016,23,5
CYP,origin,2016,24,3
CYP,origin,2016,25,6
CYP,origin,2016,26,1
CYP,origin,2016,28,2
CYP,origin,2016,29,3
CYP,origin,2016,3,7
CYP,origin,2016,30,5
CYP,origin,2016,31,1
CYP,origin,2016,32,7
CYP,origin,2016,34,23
CYP,origin,2016,35,3
CYP,origin,2016,4,15
CYP,origin,2016,6,24
CYP,origin,2016,7,3
CYP,origin,2016,8,3
CYP,origin,2016,9,1
CYP,origin,2017,1,5
CYP,origin,2017,10,5
CYP,origin,2017,11,2
CYP,origin,2017,12,3
CYP,origin,2017,13,14
CYP,origin,2017,14,7
CYP,origin,2017,15,11
CYP,origin,2017,16,34
CYP,origin,2017,17,2
CYP,origin,2017,18,2
CYP,origin,2017,19,3
CYP,origin,2017,2,1
CYP,origin,2017,20,5
CYP,origin,2017,21,1
CYP,origin,2017,23,6
CYP,origin,2017,24,2
CYP,origin,2017,25,9
CYP,origin,2017,26,1
CYP,origin,2017,27,1
CYP,origin,2017,28,1
CYP,origin,2017,29,3
CYP,origin,2017,3,4
CYP,origin,2017,30,3
CYP,origin,2017,31,3
CYP,origin,2017,32,7
CYP,origin,2017,33,4
CYP,origin,2017,34,15
CYP,origin,2017,35,2
CYP,origin,2017,4,16
CYP,origin,2017,6,31
CYP,origin,2017,7,3
CYP,origin,2018,1,6
CYP,origin,2018,10,3
CYP,origin,2018,11,1
CYP,origin,2018,12,5
CYP,origin,2018,13,14
CYP,origin,2018,14,6
CYP,origin,2018,15,11
CYP,origin,2018,16,29
CYP,origin,2018,18,5
CYP,origin,2018,19,5
CYP,origin,2018,2,1
CYP,origin,2018,20,4
CYP,origin,2018,21,2
CYP,origin,2018,23,5
CYP,origin,2018,24,3
CYP,origin,2018,25,3
CYP,origin,2018,26,1
CYP,origin,2018,27,2
CYP,origin,2018,28,2
CYP,origin,2018,29,4
CYP,origin,2018,3,3
CYP,origin,2018,30,2
CYP,origin,2018,31,4
CYP,origin,2018,32,17
CYP,origin,2018,33,2
CYP,origin,2018,34,14
CYP,origin,2018,35,1
CYP,origin,2018,4,22
CYP,origin,2018,6,44
CYP,origin,2018,7,9
CYP,origin,2018,8,1
CYP,origin,2019,1,10
CYP,origin,2019,10,3
CYP,origin,2019,12,8
CYP,origin,2019,13,18
CYP,origin,2019,14,3
CYP,origin,2019,15,7
CYP,origin,2019,16,23
CYP,origin,2019,18,3
CYP,origin,2019,19,5
CYP,origin,2019,2,4
CYP,origin,2019,20,5
CYP,origin,2019,21,3
CYP,origin,2019,23,3
CYP,origin,2019,24,1
CYP,origin,2019,25,4
CYP,origin,2019,26,2
CYP,origin,2019,27,3
CYP,origin,2019,28,4
CYP,origin,2019,29,3
CYP,origin,2019,3,1
CYP,origin,2019,30,2
CYP,origin,2019,31,1
CYP,origin,2019,32,15
CYP,origin,2019,33,3
CYP,origin,2019,34,15
CYP,origin,2019,4,39
CYP,origin,2019,6,53
CYP,origin,2019,7,9
CYP,origin,2019,9,1
CYP,origin,2020,1,18
CYP,origin,2020,10,3
CYP,origin,2020,11,2
CYP,origin,2020,12,4
CYP,origin,2020,13,25
CYP,origin,2020,14,2
CYP,origin,2020,15,8
CYP,origin,2020,16,20
CYP,origin,2020,17,1
CYP,origin,2020,18,10
CYP,origin,2020,19,2
CYP,origin,2020,2,4
CYP,origin,2020,20,4
CYP,origin,2020,21,4
CYP,origin,2020,22,1
CYP,origin,2020,23,3
CYP,origin,2020,24,1
CYP,origin,2020,25,7
CYP,origin,2020,26,1
CYP,origin,2020,27,3
CYP,origin,2020,28,3
CYP,origin,2020,29,5
CYP,origin,2020,3,1
CYP,origin,2020,30,4
CYP,origin,2020,32,9
CYP,origin,2020,33,6
CYP,origin,2020,34,6
CYP,origin,2020,35,2
CYP,origin,2020,4,36
CYP,origin,2020,6,63
CYP,origin,2020,7,7
CYP,origin,2020,9,6
CYP,origin,2021,1,13
CYP,origin,2021,10,3
CYP,origin,2021,11,2
CYP,origin,2021,12,4
CYP,origin,2021,13,19
CYP,origin,2021,14,3
CYP,origin,2021,15,8
CYP,origin,2021,16,14
CYP,origin,2021,17,1
CYP,origin,2021,18,2
CYP,origin,2021,19,6
CYP,origin,2021,2,1
CYP,origin,2021,20,3
CYP,origin,2021,21,1
CYP,origin,2021,22,1
CYP,origin,2021,23,1
CYP,origin,2021,25,4
CYP,origin,2021,28,3
CYP,origin,2021,29,2
CYP,origin,2021,3,2
CYP,origin,2021,30,1
CYP,origin,2021,32,9
CYP,origin,2021,33,8
CYP,origin,2021,34,10
CYP,origin,2021,35,1
CYP,origin,2021,4,47
CYP,origin,2021,6,71
CYP,origin,2021,7,6
CYP,origin,2021,9,4
CYP,origin,2022,1,11
CYP,origin,2022,10,1
CYP,origin,2022,11,2
CYP,origin,2022,12,3
CYP,origin,2022,13,12
CYP,origin,2022,14,3
CYP,origin,2022,15,10
CYP,origin,2022,16,16
CYP,origin,2022,17,2
CYP,origin,2022,18,1
CYP,origin,2022,19,4
CYP,origin,2022,2,2
CYP,origin,2022,20,1
CYP,origin,2022,21,1
CYP,origin,2022,23,2
CYP,origin,2022,24,2
CYP,origin,2022,25,2
CYP,origin,2022,26,3
CYP,origin,2022,27,2
CYP,origin,2022,29,1
CYP,origin,2022,3,4
CYP,origin,2022,31,2
CYP,origin,2022,32,4
CYP,origin,2022,33,8
CYP,origin,2022,34,13
CYP,origin,2022,35,4
CYP,origin,2022,4,31
CYP,origin,2022,5,1
CYP,origin,2022,6,49
CYP,origin,2022,7,8
CYP,origin,2022,9,3
CZE,office,2015,0,4
CZE,office,2015,1,20
CZE,office,2015,10,62
CZE,office,2015,11,13
CZE,office,2015,12,7
CZE,office,2015,13,28
CZE,office,2015,14,52
CZE,office,2015,15,18
CZE,office,2015,16,40
CZE,office,2015,17,14
CZE,office,2015,18,18
CZE,office,2015,19,29
CZE,office,2015,2,5
CZE,office,2015,20,48
CZE,office,2015,21,18
CZE,office,2015,22,8
CZE,office,2015,23,29
CZE,office,2015,24,23
CZE,office,2015,25,18
CZE,office,2015,26,38
CZE,office,2015,27,19
CZE,office,2015,28,22
CZE,office,2015,29,30
CZE,office,2015,3,3
CZE,office,2015,30,25
CZE,office,2015,31,27
CZE,office,2015,32,28
CZE,office,2015,33,6
CZE,office,2015,34,10
CZE,office,2015,35,49
CZE,office,2015,4,2
CZE,office,2015,5,1
CZE,office,2015,6,6
CZE,office,2015,7,1
CZE,office,2015,8,3
CZE,office,2015,9,11
CZE,office,2016,0,2
CZE,office,2016,1,32
CZE,office,2016,10,59
CZE,office,2016,11,8
CZE,office,2016,12,11
CZE,office,2016,13,34
CZE,office,2016,14,34
CZE,office,2016,15,17
CZE,office,2016,16,30
CZE,office,2016,17,14
CZE,office,2016,18,28
CZE,office,2016,19,48
CZE,office,2016,2,3
CZE,office,2016,20,36
CZE,office,2016,21,15
CZE,office,2016,22,10
CZE,office,2016,23,32
CZE,office,2016,24,33
CZE,office,2016,25,30
CZE,office,2016,26,24
CZE,office,2016,27,41
CZE,office,2016,28,15
CZE,office,2016,29,41
CZE,office,2016,3,5
CZE,office,2016,30,28
CZE,office,2016,31,27
CZE,office,2016,32,34
CZE,office,2016,33,13
CZE,office,2016,34,13
CZE,office,2016,35,48
CZE,office,2016,4,5
CZE,office,2016,5,2
CZE,office,2016,6,6
CZE,office,2016,8,3
CZE,office,2016,9,11
CZE,office,2017,0,3
CZE,office,2017,1,40
CZE,office,2017,10,56
CZE,office,2017,11,6
CZE,office,2017,12,10
CZE,office,2017,13,30
CZE,office,2017,14,22
CZE,office,2017,15,15
CZE,office,2017,16,23
CZE,office,2017,17,11
CZE,office,2017,18,12
CZE,office,2017,19,23
CZE,office,2017,2,4
CZE,office,2017,20,29
CZE,office,2017,21,17
CZE,office,2017,22,7
CZE,office,2017,23,25
CZE,office,2017,24,19
CZE,office,2017,25,15
CZE,office,2017,26,36
CZE,office,2017,27,26
CZE,office,2017,28,29
CZE,office,2017,29,46
CZE,office,2017,3,3
CZE,office,2017,30,25
CZE,office,2017,31,43
CZE,office,2017,32,28
CZE,office,2017,33,11
CZE,office,2017,34,8
CZE,office,2017,35,52
CZE,office,2017,4,3
CZE,office,2017,5,1
CZE,office,2017,6,9
CZE,office,2017,7,4
CZE,office,2017,8,3
CZE,office,2017,9,9
CZE,office,2018,0,1
CZE,office,2018,1,27
CZE,office,2018,10,30
CZE,office,2018,11,5
CZE,office,2018,12,8
CZE,office,2018,13,19
CZE,office,2018,14,22
CZE,office,2018,15,18
CZE,office,2018,16,27
CZE,office,2018,17,12
CZE,office,2018,18,11
CZE,office,2018,19,19
CZE,office,2018,2,2
CZE,office,2018,20,28
CZE,office,2018,21,8
CZE,office,2018,22,3
CZE,office,2018,23,21
CZE,office,2018,24,17
CZE,office,2018,25,16
CZE,office,2018,26,27
CZE,office,2018,27,20
CZE,office,2018,28,6
CZE,office,2018,29,31
CZE,office,2018,3,3
CZE,office,2018,30,22
CZE,office,2018,31,15
CZE,office,2018,32,30
CZE,office,2018,33,7
CZE,office,2018,34,3
CZE,office,2018,35,33
CZE,office,2018,4,1
CZE,office,2018,5,1
CZE,office,2018,6,10
CZE,office,2018,7,1
CZE,office,2018,8,4
CZE,office,2018,9,8
CZE,office,2019,0,3
CZE,office,2019,1,29
CZE,office,2019,10,28
CZE,office,2019,11,4
CZE,office,2019,12,7
CZE,office,2019,13,32
CZE,office,2019,14,15
CZE,office,2019,15,12
CZE,office,2019,16,27
CZE,office,2019,17,5
CZE,office,2019,18,6
CZE,office,2019,19,17
CZE,office,2019,2,3
CZE,office,2019,20,31
CZE,office,2019,21,8
CZE,office,2019,22,8
CZE,office,2019,23,20
CZE,office,2019,24,22
CZE,office,2019,25,13
CZE,office,2019,26,18
CZE,office,2019,27,18
CZE,office,2019,28,13
CZE,office,2019,29,31
CZE,office,2019,3,1
CZE,office,2019,30,17
CZE,office,2019,31,16
CZE,office,2019,32,23
CZE,office,2019,33,6
CZE,office,2019,34,13
CZE,office,2019,35,38
CZE,office,2019,4,2
CZE,office,2019,5,1
CZE,office,2019,6,5
CZE,office,2019,7,1
CZE,office,2019,8,4
CZE,office,2019,9,10
CZE,office,2020,1,20
CZE,office,2020,10,41
CZE,office,2020,11,6
CZE,office,2020,12,6
CZE,office,2020,13,30
CZE,office,2020,14,14
CZE,office,2020,15,23
CZE,office,2020,16,17
CZE,office,2020,17,7
CZE,office,2020,18,14
CZE,office,2020,19,21
CZE,office,2020,2,3
CZE,office,2020,20,28
CZE,office,2020,21,8
CZE,office,2020,22,8
CZE,office,2020,23,28
CZE,office,2020,24,19
CZE,office,2020,25,16
CZE,office,2020,26,18
CZE,office,2020,27,25
CZE,office,2020,28,7
CZE,office,2020,29,27
CZE,office,2020,3,1
CZE,office,2020,30,17
CZE,office,2020,31,15
CZE,office,2020,32,44
CZE,office,2020,33,6
CZE,office,2020,34,5
CZE,office,2020,35,35
CZE,office,2020,4,3
CZE,office,2020,5,1
CZE,office,2020,6,5
CZE,office,2020,7,1
CZE,office,2020,8,3
CZE,office,2020,9,5
CZE,office,2021,1,17
CZE,office,2021,10,38
CZE,office,2021,11,4
CZE,office,2021,12,11
CZE,office,2021,13,13
CZE,office,2021,14,12
CZE,office,2021,15,14
CZE,office,2021,16,15
CZE,office,2021,17,5
CZE,office,2021,18,1
CZE,office,2021,19,13
CZE,office,2021,2,3
CZE,office,2021,20,14
CZE,office,2021,21,4
CZE,office,2021,22,4
CZE,office,2021,23,21
CZE,office,2021,24,12
CZE,office,2021,25,11
CZE,office,2021,26,30
CZE,office,2021,27,22
CZE,office,2021,28,5
CZE,office,2021,29,35
CZE,office,2021,3,3
CZE,office,2021,30,11
CZE,office,2021,31,16
CZE,office,2021,32,34
CZE,office,2021,33,14
CZE,office,2021,34,12
CZE,office,2021,35,35
CZE,office,2021,4,2
CZE,office,2021,5,1
CZE,office,2021,6,10
CZE,office,2021,7,1
CZE,office,2021,8,2
CZE,office,2021,9,8
CZE,office,2022,0,2
CZE,office,2022,1,26
CZE,office,2022,10,28
CZE,office,2022,11,3
CZE,office,2022,12,5
CZE,office,2022,13,12
CZE,office,2022,14,14
CZE,office,2022,15,8
CZE,office,2022,16,14
CZE,office,2022,17,6
CZE,office,2022,18,4
CZE,office,2022,19,16
CZE,office,2022,2,1
CZE,office,2022,20,27
CZE,office,2022,21,4
CZE,office,2022,22,3
CZE,office,2022,23,17
CZE,office,2022,24,9
CZE,office,2022,25,11
CZE,office,2022,26,13
CZE,office,2022,27,19
CZE,office,2022,28,8
CZE,office,2022,29,22
CZE,office,2022,3,1
CZE,office,2022,30,13
CZE,office,2022,31,10
CZE,office,2022,32,31
CZE,office,2022,33,9
CZE,office,2022,34,8
CZE,office,2022,35,14
CZE,office,2022,4,1
CZE,office,2022,5,2
CZE,office,2022,6,4
CZE,office,2022,8,3
CZE,office,2022,9,4
CZE,origin,2015,0,2
CZE,origin,2015,1,41
CZE,origin,2015,10,67
CZE,origin,2015,11,12
CZE,origin,2015,12,14
CZE,origin,2015,13,29
CZE,origin,2015,14,49
CZE,origin,2015,15,14
CZE,origin,2015,16,32
CZE,origin,2015,17,18
CZE,origin,2015,18,18
CZE,origin,2015,19,32
CZE,origin,2015,2,7
CZE,origin,2015,20,44
CZE,origin,2015,21,20
CZE,origin,2015,22,9
CZE,origin,2015,23,32
CZE,origin,2015,24,29
CZE,origin,2015,25,19
CZE,origin,2015,26,30
CZE,origin,2015,27,25
CZE,origin,2015,28,27
CZE,origin,2015,29,31
CZE,origin,2015,3,3
CZE,origin,2015,30,21
CZE,origin,2015,31,30
CZE,origin,2015,32,48
CZE,origin,2015,33,10
CZE,origin,2015,34,15
CZE,origin,2015,35,53
CZE,origin,2015,4,5
CZE,origin,2015,5,2
CZE,origin,2015,6,15
CZE,origin,2015,7,2
CZE,origin,2015,8,5
CZE,origin,2015,9,14
CZE,origin,2016,1,56
CZE,origin,2016,10,71
CZE,origin,2016,11,8
CZE,origin,2016,12,11
CZE,origin,2016,13,41
CZE,origin,2016,14,50
CZE,origin,2016,15,16
CZE,origin,2016,16,39
CZE,origin,2016,17,17
CZE,origin,2016,18,25
CZE,origin,2016,19,52
CZE,origin,2016,2,7
CZE,origin,2016,20,32
CZE,origin,2016,21,18
CZE,origin,2016,22,13
CZE,origin,2016,23,36
CZE,origin,2016,24,38
CZE,origin,2016,25,29
CZE,origin,2016,26,40
CZE,origin,2016,27,35
CZE,origin,2016,28,31
CZE,origin,2016,29,52
CZE,origin,2016,3,7
CZE,origin,2016,30,31
CZE,origin,2016,31,30
CZE,origin,2016,32,54
CZE,origin,2016,33,17
CZE,origin,2016,34,20
CZE,origin,2016,35,63
CZE,origin,2016,4,6
CZE,origin,2016,5,2
CZE,origin,2016,6,13
CZE,origin,2016,8,4
CZE,origin,2016,9,14
CZE,origin,2017,1,56
CZE,origin,2017,10,73
CZE,origin,2017,11,6
CZE,origin,2017,12,14
CZE,origin,2017,13,42
CZE,origin,2017,14,43
CZE,origin,2017,15,24
CZE,origin,2017,16,45
CZE,origin,2017,17,13
CZE,origin,2017,18,13
CZE,origin,2017,19,32
CZE,origin,2017,2,5
CZE,origin,2017,20,34
CZE,origin,2017,21,24
CZE,origin,2017,22,8
CZE,origin,2017,23,32
CZE,origin,2017,24,24
CZE,origin,2017,25,32
CZE,origin,2017,26,38
CZE,origin,2017,27,36
CZE,origin,2017,28,44
CZE,origin,2017,29,58
CZE,origin,2017,3,10
CZE,origin,2017,30,35
CZE,origin,2017,31,54
CZE,origin,2017,32,52
CZE,origin,2017,33,13
CZE,origin,2017,34,16
CZE,origin,2017,35,67
CZE,origin,2017,4,11
CZE,origin,2017,5,1
CZE,origin,2017,6,15
CZE,origin,2017,7,3
CZE,origin,2017,8,6
CZE,origin,2017,9,14
CZE,origin,2018,1,68
CZE,origin,2018,10,50
CZE,origin,2018,11,10
CZE,origin,2018,12,15
CZE,origin,2018,13,33
CZE,origin,2018,14,57
CZE,origin,2018,15,28
CZE,origin,2018,16,52
CZE,origin,2018,17,17
CZE,origin,2018,18,13
CZE,origin,2018,19,27
CZE,origin,2018,2,3
CZE,origin,2018,20,37
CZE,origin,2018,21,13
CZE,origin,2018,22,3
CZE,origin,2018,23,33
CZE,origin,2018,24,22
CZE,origin,2018,25,28
CZE,origin,2018,26,39
CZE,origin,2018,27,28
CZE,origin,2018,28,27
CZE,origin,2018,29,50
CZE,origin,2018,3,7
CZE,origin,2018,30,26
CZE,origin,2018,31,21
CZE,origin,2018,32,53
CZE,origin,2018,33,18
CZE,origin,2018,34,9
CZE,origin,2018,35,48
CZE,origin,2018,4,9
CZE,origin,2018,5,1
CZE,origin,2018,6,21
CZE,origin,2018,7,1
CZE,origin,2018,8,9
CZE,origin,2018,9,15
CZE,origin,2019,1,89
CZE,origin,2019,10,52
CZE,origin,2019,11,12
CZE,origin,2019,12,18
CZE,origin,2019,13,61
CZE,origin,2019,14,39
CZE,origin,2019,15,27
CZE,origin,2019,16,48
CZE,origin,2019,17,13
CZE,origin,2019,18,7
CZE,origin,2019,19,33
CZE,origin,2019,2,4
CZE,origin,2019,20,38
CZE,origin,2019,21,13
CZE,origin,2019,22,9
CZE,origin,2019,23,31
CZE,origin,2019,24,30
CZE,origin,2019,25,32
CZE,origin,2019,26,42
CZE,origin,2019,27,26
CZE,origin,2019,28,34
CZE,origin,2019,29,48
CZE,origin,2019,3,10
CZE,origin,2019,30,31
CZE,origin,2019,31,21
CZE,origin,2019,32,61
CZE,origin,2019,33,14
CZE,origin,2019,34,18
CZE,origin,2019,35,52
CZE,origin,2019,4,13
CZE,origin,2019,5,2
CZE,origin,2019,6,27
CZE,origin,2019,7,2
CZE,origin,2019,8,10
CZE,origin,2019,9,19
CZE,origin,2020,1,72
CZE,origin,2020,10,64
CZE,origin,2020,11,10
CZE,origin,2020,12,12
CZE,origin,2020,13,70
CZE,origin,2020,14,51
CZE,origin,2020,15,32
CZE,origin,2020,16,43
CZE,origin,2020,17,13
CZE,origin,2020,18,14
CZE,origin,2020,19,32
CZE,origin,2020,2,4
CZE,origin,2020,20,37
CZE,origin,2020,21,13
CZE,origin,2020,22,9
CZE,origin,2020,23,39
CZE,origin,2020,24,26
CZE,origin,2020,25,28
CZE,origin,2020,26,33
CZE,origin,2020,27,45
CZE,origin,2020,28,29
CZE,origin,2020,29,47
CZE,origin,2020,3,4
CZE,origin,2020,30,33
CZE,origin,2020,31,20
CZE,origin,2020,32,66
CZE,origin,2020,33,18
CZE,origin,2020,34,10
CZE,origin,2020,35,53
CZE,origin,2020,4,21
CZE,origin,2020,5,3
CZE,origin,2020,6,21
CZE,origin,2020,7,3
CZE,origin,2020,8,7
CZE,origin,2020,9,14
CZE,origin,2021,1,62
CZE,origin,2021,10,55
CZE,origin,2021,11,4
CZE,origin,2021,12,19
CZE,origin,2021,13,55
CZE,origin,2021,14,42
CZE,origin,2021,15,20
CZE,origin,2021,16,43
CZE,origin,2021,17,15
CZE,origin,2021,18,1
CZE,origin,2021,19,22
CZE,origin,2021,2,3
CZE,origin,2021,20,23
CZE,origin,2021,21,11
CZE,origin,2021,22,7
CZE,origin,2021,23,27
CZE,origin,2021,24,21
CZE,origin,2021,25,24
CZE,origin,2021,26,38
CZE,origin,2021,27,33
CZE,origin,2021,28,27
CZE,origin,2021,29,52
CZE,origin,2021,3,9
CZE,origin,2021,30,24
CZE,origin,2021,31,21
CZE,origin,2021,32,60
CZE,origin,2021,33,22
CZE,origin,2021,34,14
CZE,origin,2021,35,58
CZE,origin,2021,4,10
CZE,origin,2021,5,2
CZE,origin,2021,6,34
CZE,origin,2021,7,3
CZE,origin,2021,8,6
CZE,origin,2021,9,14
CZE,origin,2022,1,58
CZE,origin,2022,10,43
CZE,origin,2022,11,5
CZE,origin,2022,12,10
CZE,origin,2022,13,58
CZE,origin,2022,14,44
CZE,origin,2022,15,12
CZE,origin,2022,16,38
CZE,origin,2022,17,8
CZE,origin,2022,18,8
CZE,origin,2022,19,17
CZE,origin,2022,2,3
CZE,origin,2022,20,27
CZE,origin,2022,21,10
CZE,origin,2022,22,3
CZE,origin,2022,23,23
CZE,origin,2022,24,19
CZE,origin,2022,25,19
CZE,origin,2022,26,25
CZE,origin,2022,27,36
CZE,origin,2022,28,22
CZE,origin,2022,29,38
CZE,origin,2022,3,6
CZE,origin,2022,30,26
CZE,origin,2022,31,20
CZE,origin,2022,32,44
CZE,origin,2022,33,17
CZE,origin,2022,34,19
CZE,origin,2022,35,29
CZE,origin,2022,4,20
CZE,origin,2022,5,3
CZE,origin,2022,6,21
CZE,origin,2022,7,3
CZE,origin,2022,8,6
CZE,origin,2022,9,7
DEU,office,2015,1,1089
DEU,office,2015,10,1071
DEU,office,2015,11,48
DEU,office,2015,12,201
DEU,office,2015,13,527
DEU,office,2015,14,43
DEU,office,2015,15,120
DEU,office,2015,16,17
DEU,office,2015,17,46
DEU,office,2015,18,29
DEU,office,2015,19,111
DEU,office,2015,2,242
DEU,office,2015,20,181
DEU,office,2015,21,197
DEU,office,2015,22,42
DEU,office,2015,23,265
DEU,office,2015,24,254
DEU,office,2015,25,483
DEU,office,2015,26,763
DEU,office,2015,27,1147
DEU,office,2015,28,252
DEU,office,2015,29,532
DEU,office,2015,3,209
DEU,office,2015,30,239
DEU,office,2015,31,1204
DEU,office,2015,32,1701
DEU,office,2015,33,363
DEU,office,2015,34,251
DEU,office,2015,35,598
DEU,office,2015,4,220
DEU,office,2015,5,207
DEU,office,2015,6,279
DEU,office,2015,7,14
DEU,office,2015,8,409
DEU,office,2015,9,267
DEU,office,2016,1,1114
DEU,office,2016,10,1101
DEU,office,2016,11,33
DEU,office,2016,12,237
DEU,office,2016,13,605
DEU,office,2016,14,31
DEU,office,2016,15,72
DEU,office,2016,16,14
DEU,office,2016,17,43
DEU,office,2016,18,35
DEU,office,2016,19,116
DEU,office,2016,2,285
DEU,office,2016,20,205
DEU,office,2016,21,179
DEU,office,2016,22,57
DEU,office,2016,23,297
DEU,office,2016,24,290
DEU,office,2016,25,471
DEU,office,2016,26,782
DEU,office,2016,27,1228
DEU,office,2016,28,228
DEU,office,2016,29,546
DEU,office,2016,3,218
DEU,office,2016,30,198
DEU,office,2016,31,1248
DEU,office,2016,32,1877
DEU,office,2016,33,401
DEU,office,2016,34,306
DEU,office,2016,35,614
DEU,office,2016,4,219
DEU,office,2016,5,199
DEU,office,2016,6,298
DEU,office,2016,7,21
DEU,office,2016,8,417
DEU,office,2016,9,304
DEU,office,2017,0,2
DEU,office,2017,1,1121
DEU,office,2017,10,1021
DEU,office,2017,11,27
DEU,office,2017,12,247
DEU,office,2017,13,579
DEU,office,2017,14,43
DEU,office,2017,15,66
DEU,office,2017,16,27
DEU,office,2017,17,44
DEU,office,2017,18,19
DEU,office,2017,19,98
DEU,office,2017,2,251
DEU,office,2017,20,214
DEU,office,2017,21,154
DEU,office,2017,22,44
DEU,office,2017,23,294
DEU,office,2017,24,240
DEU,office,2017,25,541
DEU,office,2017,26,658
DEU,office,2017,27,1341
DEU,office,2017,28,232
DEU,office,2017,29,519
DEU,office,2017,3,215
DEU,office,2017,30,207
DEU,office,2017,31,1241
DEU,office,2017,32,2091
DEU,office,2017,33,333
DEU,office,2017,34,312
DEU,office,2017,35,451
DEU,office,2017,4,209
DEU,office,2017,5,178
DEU,office,2017,6,327
DEU,office,2017,7,20
DEU,office,2017,8,493
DEU,office,2017,9,346
DEU,office,2018,1,1259
DEU,office,2018,10,1140
DEU,office,2018,11,40
DEU,office,2018,12,280
DEU,office,2018,13,564
DEU,office,2018,14,49
DEU,office,2018,15,55
DEU,office,2018,16,16
DEU,office,2018,17,41
DEU,office,2018,18,16
DEU,office,2018,19,100
DEU,office,2018,2,272
DEU,office,2018,20,231
DEU,office,2018,21,185
DEU,office,2018,22,65
DEU,office,2018,23,273
DEU,office,2018,24,202
DEU,office,2018,25,594
DEU,office,2018,26,657
DEU,office,2018,27,1282
DEU,office,2018,28,242
DEU,office,2018,29,485
DEU,office,2018,3,241
DEU,office,2018,30,206
DEU,office,2018,31,1332
DEU,office,2018,32,2094
DEU,office,2018,33,296
DEU,office,2018,34,287
DEU,office,2018,35,506
DEU,office,2018,4,202
DEU,office,2018,5,207
DEU,office,2018,6,365
DEU,office,2018,7,30
DEU,office,2018,8,527
DEU,office,2018,9,388
DEU,office,2019,1,1406
DEU,office,2019,10,1268
DEU,office,2019,11,23
DEU,office,2019,12,354
DEU,office,2019,13,604
DEU,office,2019,14,47
DEU,office,2019,15,72
DEU,office,2019,16,15
DEU,office,2019,17,43
DEU,office,2019,18,27
DEU,office,2019,19,78
DEU,office,2019,2,336
DEU,office,2019,20,232
DEU,office,2019,21,168
DEU,office,2019,22,72
DEU,office,2019,23,251
DEU,office,2019,24,257
DEU,office,2019,25,709
DEU,office,2019,26,661
DEU,office,2019,27,1370
DEU,office,2019,28,280
DEU,office,2019,29,532
DEU,office,2019,3,282
DEU,office,2019,30,243
DEU,office,2019,31,1483
DEU,office,2019,32,2750
DEU,office,2019,33,326
DEU,office,2019,34,304
DEU,office,2019,35,399
DEU,office,2019,4,227
DEU,office,2019,5,192
DEU,office,2019,6,397
DEU,office,2019,7,22
DEU,office,2019,8,584
DEU,office,2019,9,438
DEU,office,2020,1,1369
DEU,office,2020,10,1141
DEU,office,2020,11,27
DEU,office,2020,12,298
DEU,office,2020,13,297
DEU,office,2020,14,36
DEU,office,2020,15,34
DEU,office,2020,16,9
DEU,office,2020,17,45
DEU,office,2020,18,21
DEU,office,2020,19,75
DEU,office,2020,2,268
DEU,office,2020,20,136
DEU,office,2020,21,106
DEU,office,2020,22,82
DEU,office,2020,23,244
DEU,office,2020,24,222
DEU,office,2020,25,722
DEU,office,2020,26,658
DEU,office,2020,27,1209
DEU,office,2020,28,221
DEU,office,2020,29,520
DEU,office,2020,3,200
DEU,office,2020,30,261
DEU,office,2020,31,1430
DEU,office,2020,32,2803
DEU,office,2020,33,347
DEU,office,2020,34,327
DEU,office,2020,35,459
DEU,office,2020,4,205
DEU,office,2020,5,187
DEU,office,2020,6,372
DEU,office,2020,7,37
DEU,office,2020,8,706
DEU,office,2020,9,447
DEU,office,2021,1,1710
DEU,office,2021,10,1408
DEU,office,2021,11,37
DEU,office,2021,12,351
DEU,office,2021,13,440
DEU,office,2021,14,42
DEU,office,2021,15,35
DEU,office,2021,16,20
DEU,office,2021,17,47
DEU,office,2021,18,21
DEU,office,2021,19,109
DEU,office,2021,2,350
DEU,office,2021,20,121
DEU,office,2021,21,148
DEU,office,2021,22,65
DEU,office,2021,23,258
DEU,office,2021,24,277
DEU,office,2021,25,753
DEU,office,2021,26,728
DEU,office,2021,27,1515
DEU,office,2021,28,244
DEU,office,2021,29,607
DEU,office,2021,3,209
DEU,office,2021,30,275
DEU,office,2021,31,1730
DEU,office,2021,32,3552
DEU,office,2021,33,316
DEU,office,2021,34,354
DEU,office,2021,35,536
DEU,office,2021,4,225
DEU,office,2021,5,188
DEU,office,2021,6,435
DEU,office,2021,7,35
DEU,office,2021,8,882
DEU,office,2021,9,528
DEU,office,2022,0,1
DEU,office,2022,1,1918
DEU,office,2022,10,1467
DEU,office,2022,11,38
DEU,office,2022,12,436
DEU,office,2022,13,465
DEU,office,2022,14,45
DEU,office,2022,15,48
DEU,office,2022,16,23
DEU,office,2022,17,63
DEU,office,2022,18,21
DEU,office,2022,19,129
DEU,office,2022,2,384
DEU,office,2022,20,135
DEU,office,2022,21,196
DEU,office,2022,22,82
DEU,office,2022,23,303
DEU,office,2022,24,368
DEU,office,2022,25,766
DEU,office,2022,26,791
DEU,office,2022,27,1579
DEU,office,2022,28,255
DEU,office,2022,29,630
DEU,office,2022,3,198
DEU,office,2022,30,326
DEU,office,2022,31,2046
DEU,office,2022,32,4030
DEU,office,2022,33,425
DEU,office,2022,34,356
DEU,office,2022,35,542
DEU,office,2022,4,222
DEU,office,2022,5,189
DEU,office,2022,6,604
DEU,office,2022,7,36
DEU,office,2022,8,999
DEU,office,2022,9,519
DEU,origin,2015,0,52
DEU,origin,2015,1,5226
DEU,origin,2015,10,3724
DEU,origin,2015,11,392
DEU,origin,2015,12,987
DEU,origin,2015,13,3555
DEU,origin,2015,14,2590
DEU,origin,2015,15,1165
DEU,origin,2015,16,1771
DEU,origin,2015,17,1569
DEU,origin,2015,18,280
DEU,origin,2015,19,2393
DEU,origin,2015,2,996
DEU,origin,2015,20,1286
DEU,origin,2015,21,1243
DEU,origin,2015,22,201
DEU,origin,2015,23,1948
DEU,origin,2015,24,1110
DEU,origin,2015,25,2223
DEU,origin,2015,26,2737
DEU,origin,2015,27,3725
DEU,origin,2015,28,1253
DEU,origin,2015,29,2425
DEU,origin,2015,3,813
DEU,origin,2015,30,1018
DEU,origin,2015,31,4138
DEU,origin,2015,32,5572
DEU,origin,2015,33,1102
DEU,origin,2015,34,1257
DEU,origin,2015,35,2326
DEU,origin,2015,4,1091
DEU,origin,2015,5,546
DEU,origin,2015,6,2216
DEU,origin,2015,7,130
DEU,origin,2015,8,2010
DEU,origin,2015,9,1233
DEU,origin,2016,0,17
DEU,origin,2016,1,6373
DEU,origin,2016,10,4251
DEU,origin,2016,11,376
DEU,origin,2016,12,1145
DEU,origin,2016,13,4329
DEU,origin,2016,14,2649
DEU,origin,2016,15,1172
DEU,origin,2016,16,1850
DEU,origin,2016,17,1619
DEU,origin,2016,18,301
DEU,origin,2016,19,2524
DEU,origin,2016,2,1240
DEU,origin,2016,20,1411
DEU,origin,2016,21,1389
DEU,origin,2016,22,222
DEU,origin,2016,23,2231
DEU,origin,2016,24,1214
DEU,origin,2016,25,2573
DEU,origin,2016,26,3096
DEU,origin,2016,27,4579
DEU,origin,2016,28,1237
DEU,origin,2016,29,2762
DEU,origin,2016,3,858
DEU,origin,2016,30,1211
DEU,origin,2016,31,4813
DEU,origin,2016,32,6837
DEU,origin,2016,33,1184
DEU,origin,2016,34,1535
DEU,origin,2016,35,2663
DEU,origin,2016,4,1222
DEU,origin,2016,5,592
DEU,origin,2016,6,2372
DEU,origin,2016,7,162
DEU,origin,2016,8,2231
DEU,origin,2016,9,1344
DEU,origin,2017,0,25
DEU,origin,2017,1,6579
DEU,origin,2017,10,4425
DEU,origin,2017,11,403
DEU,origin,2017,12,1200
DEU,origin,2017,13,3873
DEU,origin,2017,14,2500
DEU,origin,2017,15,1113
DEU,origin,2017,16,1809
DEU,origin,2017,17,1656
DEU,origin,2017,18,259
DEU,origin,2017,19,2355
DEU,origin,2017,2,1173
DEU,origin,2017,20,1440
DEU,origin,2017,21,1241
DEU,origin,2017,22,233
DEU,origin,2017,23,2116
DEU,origin,2017,24,1155
DEU,origin,2017,25,2598
DEU,origin,2017,26,2887
DEU,origin,2017,27,4463
DEU,origin,2017,28,1240
DEU,origin,2017,29,2786
DEU,origin,2017,3,852
DEU,origin,2017,30,1192
DEU,origin,2017,31,4735
DEU,origin,2017,32,6659
DEU,origin,2017,33,1116
DEU,origin,2017,34,1318
DEU,origin,2017,35,2654
DEU,origin,2017,4,1221
DEU,origin,2017,5,574
DEU,origin,2017,6,2513
DEU,origin,2017,7,140
DEU,origin,2017,8,2240
DEU,origin,2017,9,1428
DEU,origin,2018,0,10
DEU,origin,2018,1,6656
DEU,origin,2018,10,4782
DEU,origin,2018,11,492
DEU,origin,2018,12,1329
DEU,origin,2018,13,3621
DEU,origin,2018,14,2302
DEU,origin,2018,15,1169
DEU,origin,2018,16,1553
DEU,origin,2018,17,1587
DEU,origin,2018,18,255
DEU,origin,2018,19,2505
DEU,origin,2018,2,1205
DEU,origin,2018,20,1559
DEU,origin,2018,21,1286
DEU,origin,2018,22,233
DEU,origin,2018,23,2102
DEU,origin,2018,24,1053
DEU,origin,2018,25,2325
DEU,origin,2018,26,2704
DEU,origin,2018,27,4343
DEU,origin,2018,28,1211
DEU,origin,2018,29,2812
DEU,origin,2018,3,957
DEU,origin,2018,30,1215
DEU,origin,2018,31,4783
DEU,origin,2018,32,6540
DEU,origin,2018,33,1101
DEU,origin,2018,34,1314
DEU,origin,2018,35,2545
DEU,origin,2018,4,1390
DEU,origin,2018,5,547
DEU,origin,2018,6,2642
DEU,origin,2018,7,160
DEU,origin,2018,8,2157
DEU,origin,2018,9,1457
DEU,origin,2019,0,16
DEU,origin,2019,1,7032
DEU,origin,2019,10,5067
DEU,origin,2019,11,407
DEU,origin,2019,12,1537
DEU,origin,2019,13,3978
DEU,origin,2019,14,2224
DEU,origin,2019,15,1134
DEU,origin,2019,16,1581
DEU,origin,2019,17,1558
DEU,origin,2019,18,260
DEU,origin,2019,19,2187
DEU,origin,2019,2,1401
DEU,origin,2019,20,1547
DEU,origin,2019,21,1400
DEU,origin,2019,22,207
DEU,origin,2019,23,2263
DEU,origin,2019,24,1105
DEU,origin,2019,25,2513
DEU,origin,2019,26,2918
DEU,origin,2019,27,4328
DEU,origin,2019,28,1359
DEU,origin,2019,29,2795
DEU,origin,2019,3,977
DEU,origin,2019,30,1237
DEU,origin,2019,31,5299
DEU,origin,2019,32,7660
DEU,origin,2019,33,1200
DEU,origin,2019,34,1420
DEU,origin,2019,35,2420
DEU,origin,2019,4,1608
DEU,origin,2019,5,586
DEU,origin,2019,6,2927
DEU,origin,2019,7,197
DEU,origin,2019,8,2002
DEU,origin,2019,9,1444
DEU,origin,2020,0,17
DEU,origin,2020,1,6659
DEU,origin,2020,10,4790
DEU,origin,2020,11,415
DEU,origin,2020,12,1469
DEU,origin,2020,13,3532
DEU,origin,2020,14,1940
DEU,origin,2020,15,1161
DEU,origin,2020,16,1424
DEU,origin,2020,17,1530
DEU,origin,2020,18,257
DEU,origin,2020,19,1893
DEU,origin,2020,2,1247
DEU,origin,2020,20,1365
DEU,origin,2020,21,1250
DEU,origin,2020,22,192
DEU,origin,2020,23,2100
DEU,origin,2020,24,1044
DEU,origin,2020,25,2378
DEU,origin,2020,26,2753
DEU,origin,2020,27,4123
DEU,origin,2020,28,1180
DEU,origin,2020,29,2863
DEU,origin,2020,3,864
DEU,origin,2020,30,1176
DEU,origin,2020,31,5110
DEU,origin,2020,32,7378
DEU,origin,2020,33,1225
DEU,origin,2020,34,1362
DEU,origin,2020,35,2465
DEU,origin,2020,4,1645
DEU,origin,2020,5,541
DEU,origin,2020,6,2917
DEU,origin,2020,7,202
DEU,origin,2020,8,1774
DEU,origin,2020,9,1458
DEU,origin,2021,0,4
DEU,origin,2021,1,6255
DEU,origin,2021,10,4800
DEU,origin,2021,11,398
DEU,origin,2021,12,1530
DEU,origin,2021,13,3603
DEU,origin,2021,14,1919
DEU,origin,2021,15,1177
DEU,origin,2021,16,1412
DEU,origin,2021,17,1473
DEU,origin,2021,18,208
DEU,origin,2021,19,1852
DEU,origin,2021,2,1195
DEU,origin,2021,20,1321
DEU,origin,2021,21,1109
DEU,origin,2021,22,160
DEU,origin,2021,23,1986
DEU,origin,2021,24,1113
DEU,origin,2021,25,2511
DEU,origin,2021,26,2749
DEU,origin,2021,27,3869
DEU,origin,2021,28,1229
DEU,origin,2021,29,2949
DEU,origin,2021,3,774
DEU,origin,2021,30,1046
DEU,origin,2021,31,4883
DEU,origin,2021,32,7809
DEU,origin,2021,33,1236
DEU,origin,2021,34,1361
DEU,origin,2021,35,2328
DEU,origin,2021,4,1561
DEU,origin,2021,5,481
DEU,origin,2021,6,2778
DEU,origin,2021,7,187
DEU,origin,2021,8,1706
DEU,origin,2021,9,1547
DEU,origin,2022,0,5
DEU,origin,2022,1,6054
DEU,origin,2022,10,4686
DEU,origin,2022,11,377
DEU,origin,2022,12,1636
DEU,origin,2022,13,3225
DEU,origin,2022,14,1626
DEU,origin,2022,15,1060
DEU,origin,2022,16,1206
DEU,origin,2022,17,1358
DEU,origin,2022,18,211
DEU,origin,2022,19,1636
DEU,origin,2022,2,1166
DEU,origin,2022,20,1212
DEU,origin,2022,21,1101
DEU,origin,2022,22,160
DEU,origin,2022,23,1822
DEU,origin,2022,24,1038
DEU,origin,2022,25,2406
DEU,origin,2022,26,2605
DEU,origin,2022,27,3367
DEU,origin,2022,28,1175
DEU,origin,2022,29,2627
DEU,origin,2022,3,679
DEU,origin,2022,30,902
DEU,origin,2022,31,4471
DEU,origin,2022,32,7782
DEU,origin,2022,33,1195
DEU,origin,2022,34,1184
DEU,origin,2022,35,2107
DEU,origin,2022,4,1531
DEU,origin,2022,5,379
DEU,origin,2022,6,2892
DEU,origin,2022,7,209
DEU,origin,2022,8,1518
DEU,origin,2022,9,1461
DJI,origin,2016,2,1
DJI,origin,2017,27,2
DMA,origin,2015,1,1
DMA,origin,2015,31,1
DMA,origin,2016,35,1
DMA,origin,2017,25,1
DMA,origin,2018,30,1
DMA,origin,2018,35,1
DMA,origin,2019,25,1
DMA,origin,2019,29,1
DNK,office,2015,1,15
DNK,office,2015,10,19
DNK,office,2015,12,6
DNK,office,2015,13,21
DNK,office,2015,14,3
DNK,office,2015,15,3
DNK,office,2015,16,3
DNK,office,2015,17,2
DNK,office,2015,18,7
DNK,office,2015,19,3
DNK,office,2015,2,8
DNK,office,2015,20,3
DNK,office,2015,21,2
DNK,office,2015,22,1
DNK,office,2015,23,15
DNK,office,2015,24,6
DNK,office,2015,25,16
DNK,office,2015,26,15
DNK,office,2015,27,77
DNK,office,2015,28,14
DNK,office,2015,29,39
DNK,office,2015,3,2
DNK,office,2015,30,11
DNK,office,2015,31,31
DNK,office,2015,32,28
DNK,office,2015,33,20
DNK,office,2015,34,12
DNK,office,2015,35,55
DNK,office,2015,4,2
DNK,office,2015,5,1
DNK,office,2015,6,1
DNK,office,2015,9,2
DNK,office,2016,1,17
DNK,office,2016,10,22
DNK,office,2016,12,2
DNK,office,2016,13,15
DNK,office,2016,14,1
DNK,office,2016,15,2
DNK,office,2016,16,6
DNK,office,2016,17,3
DNK,office,2016,18,9
DNK,office,2016,19,4
DNK,office,2016,2,3
DNK,office,2016,20,1
DNK,office,2016,21,2
DNK,office,2016,23,14
DNK,office,2016,24,8
DNK,office,2016,25,25
DNK,office,2016,26,14
DNK,office,2016,27,66
DNK,office,2016,28,12
DNK,office,2016,29,33
DNK,office,2016,3,3
DNK,office,2016,30,16
DNK,office,2016,31,23
DNK,office,2016,32,24
DNK,office,2016,33,13
DNK,office,2016,34,6
DNK,office,2016,35,60
DNK,office,2016,5,1
DNK,office,2016,6,9
DNK,office,2016,7,2
DNK,office,2017,1,19
DNK,office,2017,10,18
DNK,office,2017,12,7
DNK,office,2017,13,13
DNK,office,2017,14,1
DNK,office,2017,15,6
DNK,office,2017,16,5
DNK,office,2017,17,3
DNK,office,2017,18,9
DNK,office,2017,19,8
DNK,office,2017,2,10
DNK,office,2017,20,4
DNK,office,2017,21,5
DNK,office,2017,23,13
DNK,office,2017,24,11
DNK,office,2017,25,30
DNK,office,2017,26,13
DNK,office,2017,27,52
DNK,office,2017,28,9
DNK,office,2017,29,31
DNK,office,2017,3,2
DNK,office,2017,30,10
DNK,office,2017,31,21
DNK,office,2017,32,19
DNK,office,2017,33,18
DNK,office,2017,34,6
DNK,office,2017,35,50
DNK,office,2017,4,1
DNK,office,2017,5,1
DNK,office,2017,6,28
DNK,office,2017,7,2
DNK,office,2017,8,1
DNK,office,2017,9,1
DNK,office,2018,1,5
DNK,office,2018,10,14
DNK,office,2018,11,1
DNK,office,2018,12,8
DNK,office,2018,13,7
DNK,office,2018,15,3
DNK,office,2018,16,2
DNK,office,2018,18,4
DNK,office,2018,19,4
DNK,office,2018,2,5
DNK,office,2018,20,4
DNK,office,2018,21,9
DNK,office,2018,23,17
DNK,office,2018,24,5
DNK,office,2018,25,16
DNK,office,2018,26,6
DNK,office,2018,27,34
DNK,office,2018,28,1
DNK,office,2018,29,33
DNK,office,2018,3,6
DNK,office,2018,30,10
DNK,office,2018,31,18
DNK,office,2018,32,16
DNK,office,2018,33,11
DNK,office,2018,34,5
DNK,office,2018,35,48
DNK,office,2018,4,4
DNK,office,2018,5,2
DNK,office,2018,6,34
DNK,office,2018,7,3
DNK,office,2018,8,1
DNK,office,2018,9,1
DNK,office,2019,1,17
DNK,office,2019,10,13
DNK,office,2019,11,2
DNK,office,2019,12,7
DNK,office,2019,13,26
DNK,office,2019,14,2
DNK,office,2019,15,8
DNK,office,2019,16,8
DNK,office,2019,18,11
DNK,office,2019,19,12
DNK,office,2019,2,17
DNK,office,2019,20,5
DNK,office,2019,21,7
DNK,office,2019,23,16
DNK,office,2019,24,14
DNK,office,2019,25,24
DNK,office,2019,26,10
DNK,office,2019,27,34
DNK,office,2019,28,4
DNK,office,2019,29,46
DNK,office,2019,3,7
DNK,office,2019,30,14
DNK,office,2019,31,24
DNK,office,2019,32,18
DNK,office,2019,33,20
DNK,office,2019,34,7
DNK,office,2019,35,88
DNK,office,2019,4,5
DNK,office,2019,5,2
DNK,office,2019,6,49
DNK,office,2019,7,2
DNK,office,2019,8,1
DNK,office,2019,9,2
DNK,office,2020,1,13
DNK,office,2020,10,20
DNK,office,2020,11,2
DNK,office,2020,12,7
DNK,office,2020,13,18
DNK,office,2020,14,1
DNK,office,2020,15,6
DNK,office,2020,16,5
DNK,office,2020,17,1
DNK,office,2020,18,5
DNK,office,2020,19,6
DNK,office,2020,2,6
DNK,office,2020,20,3
DNK,office,2020,21,4
DNK,office,2020,23,15
DNK,office,2020,24,8
DNK,office,2020,25,21
DNK,office,2020,26,7
DNK,office,2020,27,15
DNK,office,2020,28,2
DNK,office,2020,29,33
DNK,office,2020,3,6
DNK,office,2020,30,15
DNK,office,2020,31,15
DNK,office,2020,32,18
DNK,office,2020,33,13
DNK,office,2020,34,5
DNK,office,2020,35,58
DNK,office,2020,4,5
DNK,office,2020,5,1
DNK,office,2020,6,27
DNK,office,2020,7,2
DNK,office,2020,8,1
DNK,office,2020,9,3
DNK,office,2021,1,13
DNK,office,2021,10,16
DNK,office,2021,11,2
DNK,office,2021,12,10
DNK,office,2021,13,10
DNK,office,2021,14,1
DNK,office,2021,15,5
DNK,office,2021,16,5
DNK,office,2021,18,5
DNK,office,2021,19,4
DNK,office,2021,2,7
DNK,office,2021,20,3
DNK,office,2021,21,6
DNK,office,2021,23,12
DNK,office,2021,24,4
DNK,office,2021,25,18
DNK,office,2021,26,10
DNK,office,2021,27,29
DNK,office,2021,28,2
DNK,office,2021,29,57
DNK,office,2021,3,3
DNK,office,2021,30,14
DNK,office,2021,31,24
DNK,office,2021,32,19
DNK,office,2021,33,15
DNK,office,2021,34,9
DNK,office,2021,35,55
DNK,office,2021,4,3
DNK,office,2021,5,2
DNK,office,2021,6,11
DNK,office,2021,7,1
DNK,office,2021,9,4
DNK,office,2022,1,16
DNK,office,2022,10,15
DNK,office,2022,11,2
DNK,office,2022,12,5
DNK,office,2022,13,25
DNK,office,2022,14,1
DNK,office,2022,15,4
DNK,office,2022,16,3
DNK,office,2022,18,6
DNK,office,2022,19,5
DNK,office,2022,2,20
DNK,office,2022,20,2
DNK,office,2022,21,8
DNK,office,2022,23,9
DNK,office,2022,24,9
DNK,office,2022,25,32
DNK,office,2022,26,7
DNK,office,2022,27,34
DNK,office,2022,28,2
DNK,office,2022,29,30
DNK,office,2022,3,3
DNK,office,2022,30,9
DNK,office,2022,31,22
DNK,office,2022,32,17
DNK,office,2022,33,19
DNK,office,2022,34,11
DNK,office,2022,35,65
DNK,office,2022,4,4
DNK,office,2022,6,14
DNK,office,2022,7,1
DNK,office,2022,8,1
DNK,office,2022,9,4
DNK,origin,2015,0,12
DNK,origin,2015,1,177
DNK,origin,2015,10,115
DNK,origin,2015,11,43
DNK,origin,2015,12,31
DNK,origin,2015,13,364
DNK,origin,2015,14,146
DNK,origin,2015,15,367
DNK,origin,2015,16,310
DNK,origin,2015,17,26
DNK,origin,2015,18,164
DNK,origin,2015,19,97
DNK,origin,2015,2,189
DNK,origin,2015,20,57
DNK,origin,2015,21,30
DNK,origin,2015,22,3
DNK,origin,2015,23,122
DNK,origin,2015,24,62
DNK,origin,2015,25,138
DNK,origin,2015,26,56
DNK,origin,2015,27,362
DNK,origin,2015,28,34
DNK,origin,2015,29,151
DNK,origin,2015,3,43
DNK,origin,2015,30,88
DNK,origin,2015,31,108
DNK,origin,2015,32,72
DNK,origin,2015,33,77
DNK,origin,2015,34,39
DNK,origin,2015,35,246
DNK,origin,2015,4,44
DNK,origin,2015,5,16
DNK,origin,2015,6,71
DNK,origin,2015,7,5
DNK,origin,2015,8,10
DNK,origin,2015,9,33
DNK,origin,2016,0,5
DNK,origin,2016,1,204
DNK,origin,2016,10,132
DNK,origin,2016,11,39
DNK,origin,2016,12,42
DNK,origin,2016,13,372
DNK,origin,2016,14,161
DNK,origin,2016,15,425
DNK,origin,2016,16,366
DNK,origin,2016,17,34
DNK,origin,2016,18,163
DNK,origin,2016,19,117
DNK,origin,2016,2,231
DNK,origin,2016,20,56
DNK,origin,2016,21,30
DNK,origin,2016,22,4
DNK,origin,2016,23,140
DNK,origin,2016,24,72
DNK,origin,2016,25,159
DNK,origin,2016,26,53
DNK,origin,2016,27,405
DNK,origin,2016,28,40
DNK,origin,2016,29,188
DNK,origin,2016,3,54
DNK,origin,2016,30,108
DNK,origin,2016,31,132
DNK,origin,2016,32,84
DNK,origin,2016,33,92
DNK,origin,2016,34,33
DNK,origin,2016,35,353
DNK,origin,2016,4,21
DNK,origin,2016,5,16
DNK,origin,2016,6,77
DNK,origin,2016,7,9
DNK,origin,2016,8,11
DNK,origin,2016,9,22
DNK,origin,2017,1,191
DNK,origin,2017,10,136
DNK,origin,2017,11,39
DNK,origin,2017,12,49
DNK,origin,2017,13,374
DNK,origin,2017,14,159
DNK,origin,2017,15,395
DNK,origin,2017,16,319
DNK,origin,2017,17,28
DNK,origin,2017,18,161
DNK,origin,2017,19,146
DNK,origin,2017,2,245
DNK,origin,2017,20,65
DNK,origin,2017,21,40
DNK,origin,2017,22,1
DNK,origin,2017,23,141
DNK,origin,2017,24,74
DNK,origin,2017,25,115
DNK,origin,2017,26,39
DNK,origin,2017,27,473
DNK,origin,2017,28,53
DNK,origin,2017,29,182
DNK,origin,2017,3,56
DNK,origin,2017,30,86
DNK,origin,2017,31,131
DNK,origin,2017,32,76
DNK,origin,2017,33,98
DNK,origin,2017,34,37
DNK,origin,2017,35,275
DNK,origin,2017,4,30
DNK,origin,2017,5,14
DNK,origin,2017,6,78
DNK,origin,2017,7,6
DNK,origin,2017,8,12
DNK,origin,2017,9,28
DNK,origin,2018,0,2
DNK,origin,2018,1,175
DNK,origin,2018,10,148
DNK,origin,2018,11,42
DNK,origin,2018,12,54
DNK,origin,2018,13,389
DNK,origin,2018,14,132
DNK,origin,2018,15,417
DNK,origin,2018,16,306
DNK,origin,2018,17,29
DNK,origin,2018,18,143
DNK,origin,2018,19,126
DNK,origin,2018,2,238
DNK,origin,2018,20,61
DNK,origin,2018,21,33
DNK,origin,2018,22,2
DNK,origin,2018,23,160
DNK,origin,2018,24,63
DNK,origin,2018,25,128
DNK,origin,2018,26,33
DNK,origin,2018,27,455
DNK,origin,2018,28,38
DNK,origin,2018,29,201
DNK,origin,2018,3,48
DNK,origin,2018,30,99
DNK,origin,2018,31,135
DNK,origin,2018,32,64
DNK,origin,2018,33,91
DNK,origin,2018,34,30
DNK,origin,2018,35,261
DNK,origin,2018,4,36
DNK,origin,2018,5,22
DNK,origin,2018,6,78
DNK,origin,2018,7,4
DNK,origin,2018,8,9
DNK,origin,2018,9,26
DNK,origin,2019,0,4
DNK,origin,2019,1,226
DNK,origin,2019,10,173
DNK,origin,2019,11,41
DNK,origin,2019,12,54
DNK,origin,2019,13,482
DNK,origin,2019,14,124
DNK,origin,2019,15,380
DNK,origin,2019,16,316
DNK,origin,2019,17,29
DNK,origin,2019,18,131
DNK,origin,2019,19,128
DNK,origin,2019,2,315
DNK,origin,2019,20,67
DNK,origin,2019,21,30
DNK,origin,2019,22,3
DNK,origin,2019,23,177
DNK,origin,2019,24,82
DNK,origin,2019,25,117
DNK,origin,2019,26,38
DNK,origin,2019,27,551
DNK,origin,2019,28,45
DNK,origin,2019,29,222
DNK,origin,2019,3,49
DNK,origin,2019,30,134
DNK,origin,2019,31,165
DNK,origin,2019,32,85
DNK,origin,2019,33,120
DNK,origin,2019,34,36
DNK,origin,2019,35,266
DNK,origin,2019,4,34
DNK,origin,2019,5,20
DNK,origin,2019,6,105
DNK,origin,2019,7,6
DNK,origin,2019,8,9
DNK,origin,2019,9,26
DNK,origin,2020,0,3
DNK,origin,2020,1,166
DNK,origin,2020,10,197
DNK,origin,2020,11,38
DNK,origin,2020,12,54
DNK,origin,2020,13,515
DNK,origin,2020,14,140
DNK,origin,2020,15,370
DNK,origin,2020,16,345
DNK,origin,2020,17,24
DNK,origin,2020,18,132
DNK,origin,2020,19,132
DNK,origin,2020,2,297
DNK,origin,2020,20,53
DNK,origin,2020,21,31
DNK,origin,2020,22,3
DNK,origin,2020,23,171
DNK,origin,2020,24,72
DNK,origin,2020,25,135
DNK,origin,2020,26,36
DNK,origin,2020,27,598
DNK,origin,2020,28,43
DNK,origin,2020,29,206
DNK,origin,2020,3,42
DNK,origin,2020,30,141
DNK,origin,2020,31,172
DNK,origin,2020,32,91
DNK,origin,2020,33,109
DNK,origin,2020,34,35
DNK,origin,2020,35,259
DNK,origin,2020,4,43
DNK,origin,2020,5,18
DNK,origin,2020,6,86
DNK,origin,2020,7,5
DNK,origin,2020,8,12
DNK,origin,2020,9,30
DNK,origin,2021,0,3
DNK,origin,2021,1,164
DNK,origin,2021,10,173
DNK,origin,2021,11,47
DNK,origin,2021,12,52
DNK,origin,2021,13,476
DNK,origin,2021,14,131
DNK,origin,2021,15,398
DNK,origin,2021,16,392
DNK,origin,2021,17,30
DNK,origin,2021,18,164
DNK,origin,2021,19,134
DNK,origin,2021,2,307
DNK,origin,2021,20,79
DNK,origin,2021,21,52
DNK,origin,2021,22,4
DNK,origin,2021,23,148
DNK,origin,2021,24,74
DNK,origin,2021,25,120
DNK,origin,2021,26,40
DNK,origin,2021,27,682
DNK,origin,2021,28,32
DNK,origin,2021,29,242
DNK,origin,2021,3,43
DNK,origin,2021,30,113
DNK,origin,2021,31,163
DNK,origin,2021,32,98
DNK,origin,2021,33,107
DNK,origin,2021,34,47
DNK,origin,2021,35,252
DNK,origin,2021,4,45
DNK,origin,2021,5,13
DNK,origin,2021,6,99
DNK,origin,2021,7,12
DNK,origin,2021,8,9
DNK,origin,2021,9,31
DNK,origin,2022,1,195
DNK,origin,2022,10,135
DNK,origin,2022,11,42
DNK,origin,2022,12,43
DNK,origin,2022,13,420
DNK,origin,2022,14,127
DNK,origin,2022,15,309
DNK,origin,2022,16,361
DNK,origin,2022,17,31
DNK,origin,2022,18,125
DNK,origin,2022,19,115
DNK,origin,2022,2,244
DNK,origin,2022,20,66
DNK,origin,2022,21,50
DNK,origin,2022,22,2
DNK,origin,2022,23,132
DNK,origin,2022,24,47
DNK,origin,2022,25,126
DNK,origin,2022,26,43
DNK,origin,2022,27,624
DNK,origin,2022,28,30
DNK,origin,2022,29,187
DNK,origin,2022,3,31
DNK,origin,2022,30,82
DNK,origin,2022,31,145
DNK,origin,2022,32,93
DNK,origin,2022,33,132
DNK,origin,2022,34,33
DNK,origin,2022,35,238
DNK,origin,2022,4,35
DNK,origin,2022,5,10
DNK,origin,2022,6,83
DNK,origin,2022,7,10
DNK,origin,2022,8,4
DNK,origin,2022,9,38
DOM,origin,2015,21,1
DOM,origin,2015,34,1
DOM,origin,2016,12,1
DOM,origin,2016,2,1
DOM,origin,2016,20,1
DOM,origin,2016,22,1
DOM,origin,2017,1,1
DOM,origin,2017,35,1
DOM,origin,2018,23,1
DOM,origin,2018,24,1
DOM,origin,2018,25,3
DOM,origin,2018,35,1
DOM,origin,2019,2,1
DOM,origin,2019,33,1
DOM,origin,2020,13,1
DOM,origin,2021,13,2
DOM,origin,2021,25,1
DOM,origin,2022,13,1
DOM,origin,2022,20,1
DOM,origin,2022,29,1
DOM,origin,2022,35,2
DOM,origin,2022,4,1
DZA,origin,2015,13,3
DZA,origin,2015,33,1
DZA,origin,2016,13,3
DZA,origin,2016,33,1
DZA,origin,2017,1,2
DZA,origin,2017,13,3
DZA,origin,2017,2,1
DZA,origin,2017,33,1
DZA,origin,2017,4,1
DZA,origin,2018,1,3
DZA,origin,2018,13,3
DZA,origin,2018,27,1
DZA,origin,2018,34,1
DZA,origin,2018,35,1
DZA,origin,2019,1,1
DZA,origin,2019,10,1
DZA,origin,2019,35,1
DZA,origin,2021,1,1
DZA,origin,2021,13,2
DZA,origin,2021,2,1
DZA,origin,2021,33,1
DZA,origin,2022,1,1
DZA,origin,2022,13,3
DZA,origin,2022,20,1
DZA,origin,2022,21,1
ECU,origin,2015,13,1
ECU,origin,2015,16,2
ECU,origin,2015,35,1
ECU,origin,2015,4,1
ECU,origin,2016,20,1
ECU,origin,2016,21,1
ECU,origin,2016,25,1
ECU,origin,2016,27,1
ECU,origin,2016,29,1
ECU,origin,2016,30,1
ECU,origin,2016,35,1
ECU,origin,2016,6,2
ECU,origin,2016,9,1
ECU,origin,2017,16,2
ECU,origin,2017,27,1
ECU,origin,2017,32,1
ECU,origin,2017,33,1
ECU,origin,2019,16,1
ECU,origin,2019,35,1
ECU,origin,2020,16,1
ECU,origin,2020,18,1
ECU,origin,2020,33,1
ECU,origin,2020,35,3
ECU,origin,2021,31,1
ECU,origin,2021,35,2
ECU,origin,2022,31,2
ECU,origin,2022,35,3
EGY,office,2015,0,1
EGY,office,2015,1,9
EGY,office,2015,10,22
EGY,office,2015,12,2
EGY,office,2015,13,9
EGY,office,2015,14,21
EGY,office,2015,15,6
EGY,office,2015,16,6
EGY,office,2015,17,7
EGY,office,2015,18,7
EGY,office,2015,19,19
EGY,office,2015,20,25
EGY,office,2015,21,10
EGY,office,2015,23,19
EGY,office,2015,24,5
EGY,office,2015,25,7
EGY,office,2015,26,4
EGY,office,2015,27,2
EGY,office,2015,28,6
EGY,office,2015,29,7
EGY,office,2015,30,10
EGY,office,2015,31,2
EGY,office,2015,32,3
EGY,office,2015,33,3
EGY,office,2015,34,3
EGY,office,2015,35,16
EGY,office,2015,4,1
EGY,office,2015,6,2
EGY,office,2015,7,1
EGY,office,2015,8,1
EGY,office,2015,9,1
EGY,office,2016,35,1
EGY,origin,2015,0,1
EGY,origin,2015,10,5
EGY,origin,2015,12,1
EGY,origin,2015,13,5
EGY,origin,2015,14,4
EGY,origin,2015,15,4
EGY,origin,2015,16,1
EGY,origin,2015,18,2
EGY,origin,2015,19,3
EGY,origin,2015,20,4
EGY,origin,2015,21,2
EGY,origin,2015,23,2
EGY,origin,2015,25,1
EGY,origin,2015,28,1
EGY,origin,2015,29,1
EGY,origin,2015,32,1
EGY,origin,2015,33,1
EGY,origin,2015,34,2
EGY,origin,2015,35,8
EGY,origin,2015,5,1
EGY,origin,2015,6,2
EGY,origin,2015,9,2
EGY,origin,2016,10,3
EGY,origin,2016,13,1
EGY,origin,2016,14,1
EGY,origin,2016,15,1
EGY,origin,2016,16,1
EGY,origin,2016,20,1
EGY,origin,2016,25,1
EGY,origin,2016,29,1
EGY,origin,2016,30,1
EGY,origin,2016,4,1
EGY,origin,2016,5,1
EGY,origin,2016,6,3
EGY,origin,2016,8,1
EGY,origin,2017,10,3
EGY,origin,2017,13,1
EGY,origin,2017,17,1
EGY,origin,2017,19,1
EGY,origin,2017,3,1
EGY,origin,2017,32,1
EGY,origin,2017,33,1
EGY,origin,2017,35,2
EGY,origin,2017,4,1
EGY,origin,2017,9,1
EGY,origin,2018,1,1
EGY,origin,2018,10,2
EGY,origin,2018,13,2
EGY,origin,2018,15,2
EGY,origin,2018,16,1
EGY,origin,2018,2,1
EGY,origin,2018,21,2
EGY,origin,2018,22,1
EGY,origin,2018,24,1
EGY,origin,2018,25,1
EGY,origin,2018,3,1
EGY,origin,2018,4,2
EGY,origin,2018,5,3
EGY,origin,2019,1,1
EGY,origin,2019,10,4
EGY,origin,2019,11,1
EGY,origin,2019,13,3
EGY,origin,2019,16,1
EGY,origin,2019,17,1
EGY,origin,2019,19,2
EGY,origin,2019,31,1
EGY,origin,2020,1,1
EGY,origin,2020,12,1
EGY,origin,2020,13,7
EGY,origin,2020,16,2
EGY,origin,2020,22,1
EGY,origin,2020,28,1
EGY,origin,2020,31,2
EGY,origin,2020,35,1
EGY,origin,2020,4,2
EGY,origin,2020,5,2
EGY,origin,2020,6,1
EGY,origin,2020,7,1
EGY,origin,2020,9,1
EGY,origin,2021,1,3
EGY,origin,2021,10,3
EGY,origin,2021,11,1
EGY,origin,2021,12,1
EGY,origin,2021,13,7
EGY,origin,2021,26,1
EGY,origin,2021,3,1
EGY,origin,2021,30,1
EGY,origin,2021,31,3
EGY,origin,2021,32,1
EGY,origin,2021,35,1
EGY,origin,2021,5,1
EGY,origin,2021,6,2
EGY,origin,2022,1,3
EGY,origin,2022,10,3
EGY,origin,2022,13,4
EGY,origin,2022,16,6
EGY,origin,2022,2,1
EGY,origin,2022,29,1
EGY,origin,2022,31,1
EGY,origin,2022,4,1
EGY,origin,2022,5,1
EGY,origin,2022,9,1
ERI,origin,2015,30,1
ERI,origin,2018,1,1
ERI,origin,2018,14,1
ERI,origin,2018,23,1
ERI,origin,2018,30,1
ESP,office,2015,1,109
ESP,office,2015,10,137
ESP,office,2015,11,34
ESP,office,2015,12,76
ESP,office,2015,13,143
ESP,office,2015,14,57
ESP,office,2015,15,100
ESP,office,2015,16,114
ESP,office,2015,17,21
ESP,office,2015,18,65
ESP,office,2015,19,82
ESP,office,2015,2,33
ESP,office,2015,20,66
ESP,office,2015,21,27
ESP,office,2015,22,13
ESP,office,2015,23,67
ESP,office,2015,24,57
ESP,office,2015,25,125
ESP,office,2015,26,51
ESP,office,2015,27,107
ESP,office,2015,28,39
ESP,office,2015,29,138
ESP,office,2015,3,32
ESP,office,2015,30,111
ESP,office,2015,31,74
ESP,office,2015,32,169
ESP,office,2015,33,95
ESP,office,2015,34,85
ESP,office,2015,35,172
ESP,office,2015,4,59
ESP,office,2015,5,4
ESP,office,2015,6,70
ESP,office,2015,7,20
ESP,office,2015,8,17
ESP,office,2015,9,26
ESP,office,2016,1,111
ESP,office,2016,10,107
ESP,office,2016,11,29
ESP,office,2016,12,65
ESP,office,2016,13,125
ESP,office,2016,14,44
ESP,office,2016,15,64
ESP,office,2016,16,61
ESP,office,2016,17,21
ESP,office,2016,18,82
ESP,office,2016,19,61
ESP,office,2016,2,14
ESP,office,2016,20,44
ESP,office,2016,21,20
ESP,office,2016,22,13
ESP,office,2016,23,72
ESP,office,2016,24,75
ESP,office,2016,25,124
ESP,office,2016,26,50
ESP,office,2016,27,88
ESP,office,2016,28,31
ESP,office,2016,29,146
ESP,office,2016,3,25
ESP,office,2016,30,102
ESP,office,2016,31,63
ESP,office,2016,32,161
ESP,office,2016,33,84
ESP,office,2016,34,77
ESP,office,2016,35,176
ESP,office,2016,4,37
ESP,office,2016,5,5
ESP,office,2016,6,63
ESP,office,2016,7,18
ESP,office,2016,8,16
ESP,office,2016,9,22
ESP,office,2017,1,126
ESP,office,2017,10,85
ESP,office,2017,11,17
ESP,office,2017,12,51
ESP,office,2017,13,141
ESP,office,2017,14,51
ESP,office,2017,15,40
ESP,office,2017,16,64
ESP,office,2017,17,10
ESP,office,2017,18,63
ESP,office,2017,19,45
ESP,office,2017,2,30
ESP,office,2017,20,44
ESP,office,2017,21,21
ESP,office,2017,22,13
ESP,office,2017,23,60
ESP,office,2017,24,50
ESP,office,2017,25,114
ESP,office,2017,26,36
ESP,office,2017,27,76
ESP,office,2017,28,29
ESP,office,2017,29,133
ESP,office,2017,3,16
ESP,office,2017,30,85
ESP,office,2017,31,63
ESP,office,2017,32,130
ESP,office,2017,33,82
ESP,office,2017,34,56
ESP,office,2017,35,183
ESP,office,2017,4,27
ESP,office,2017,5,5
ESP,office,2017,6,37
ESP,office,2017,7,21
ESP,office,2017,8,9
ESP,office,2017,9,18
ESP,office,2018,1,89
ESP,office,2018,10,76
ESP,office,2018,11,13
ESP,office,2018,12,43
ESP,office,2018,13,125
ESP,office,2018,14,39
ESP,office,2018,15,44
ESP,office,2018,16,73
ESP,office,2018,17,13
ESP,office,2018,18,68
ESP,office,2018,19,46
ESP,office,2018,2,22
ESP,office,2018,20,39
ESP,office,2018,21,19
ESP,office,2018,22,8
ESP,office,2018,23,54
ESP,office,2018,24,48
ESP,office,2018,25,101
ESP,office,2018,26,39
ESP,office,2018,27,78
ESP,office,2018,28,35
ESP,office,2018,29,119
ESP,office,2018,3,21
ESP,office,2018,30,56
ESP,office,2018,31,40
ESP,office,2018,32,133
ESP,office,2018,33,73
ESP,office,2018,34,61
ESP,office,2018,35,144
ESP,office,2018,4,24
ESP,office,2018,5,4
ESP,office,2018,6,43
ESP,office,2018,7,16
ESP,office,2018,8,10
ESP,office,2018,9,20
ESP,office,2019,1,80
ESP,office,2019,10,53
ESP,office,2019,11,11
ESP,office,2019,12,28
ESP,office,2019,13,85
ESP,office,2019,14,32
ESP,office,2019,15,24
ESP,office,2019,16,47
ESP,office,2019,17,13
ESP,office,2019,18,50
ESP,office,2019,19,45
ESP,office,2019,2,14
ESP,office,2019,20,29
ESP,office,2019,21,11
ESP,office,2019,22,8
ESP,office,2019,23,37
ESP,office,2019,24,43
ESP,office,2019,25,67
ESP,office,2019,26,28
ESP,office,2019,27,52
ESP,office,2019,28,18
ESP,office,2019,29,79
ESP,office,2019,3,13
ESP,office,2019,30,43
ESP,office,2019,31,36
ESP,office,2019,32,98
ESP,office,2019,33,64
ESP,office,2019,34,34
ESP,office,2019,35,84
ESP,office,2019,4,11
ESP,office,2019,5,4
ESP,office,2019,6,29
ESP,office,2019,7,12
ESP,office,2019,8,5
ESP,office,2019,9,16
ESP,office,2020,1,39
ESP,office,2020,10,31
ESP,office,2020,11,8
ESP,office,2020,12,8
ESP,office,2020,13,33
ESP,office,2020,14,19
ESP,office,2020,15,15
ESP,office,2020,16,30
ESP,office,2020,17,5
ESP,office,2020,18,23
ESP,office,2020,19,23
ESP,office,2020,2,15
ESP,office,2020,20,17
ESP,office,2020,21,15
ESP,office,2020,22,4
ESP,office,2020,23,26
ESP,office,2020,24,21
ESP,office,2020,25,36
ESP,office,2020,26,13
ESP,office,2020,27,18
ESP,office,2020,28,12
ESP,office,2020,29,45
ESP,office,2020,3,4
ESP,office,2020,30,13
ESP,office,2020,31,22
ESP,office,2020,32,37
ESP,office,2020,33,17
ESP,office,2020,34,19
ESP,office,2020,35,49
ESP,office,2020,4,3
ESP,office,2020,5,2
ESP,office,2020,6,10
ESP,office,2020,7,1
ESP,office,2020,8,8
ESP,office,2020,9,12
ESP,office,2021,1,33
ESP,office,2021,10,37
ESP,office,2021,11,8
ESP,office,2021,12,12
ESP,office,2021,13,50
ESP,office,2021,14,15
ESP,office,2021,15,18
ESP,office,2021,16,25
ESP,office,2021,17,7
ESP,office,2021,18,17
ESP,office,2021,19,27
ESP,office,2021,2,15
ESP,office,2021,20,18
ESP,office,2021,21,11
ESP,office,2021,22,5
ESP,office,2021,23,30
ESP,office,2021,24,23
ESP,office,2021,25,43
ESP,office,2021,26,15
ESP,office,2021,27,28
ESP,office,2021,28,21
ESP,office,2021,29,53
ESP,office,2021,3,4
ESP,office,2021,30,24
ESP,office,2021,31,24
ESP,office,2021,32,58
ESP,office,2021,33,23
ESP,office,2021,34,18
ESP,office,2021,35,40
ESP,office,2021,4,2
ESP,office,2021,6,12
ESP,office,2021,8,3
ESP,office,2021,9,10
ESP,office,2022,1,32
ESP,office,2022,10,38
ESP,office,2022,11,10
ESP,office,2022,12,10
ESP,office,2022,13,42
ESP,office,2022,14,18
ESP,office,2022,15,18
ESP,office,2022,16,27
ESP,office,2022,17,9
ESP,office,2022,18,20
ESP,office,2022,19,28
ESP,office,2022,2,7
ESP,office,2022,20,24
ESP,office,2022,21,11
ESP,office,2022,22,4
ESP,office,2022,23,30
ESP,office,2022,24,21
ESP,office,2022,25,41
ESP,office,2022,26,15
ESP,office,2022,27,24
ESP,office,2022,28,16
ESP,office,2022,29,58
ESP,office,2022,3,3
ESP,office,2022,30,12
ESP,office,2022,31,23
ESP,office,2022,32,50
ESP,office,2022,33,33
ESP,office,2022,34,19
ESP,office,2022,35,44
ESP,office,2022,4,9
ESP,office,2022,5,1
ESP,office,2022,6,13
ESP,office,2022,7,3
ESP,office,2022,8,1
ESP,office,2022,9,15
ESP,origin,2015,0,8
ESP,origin,2015,1,173
ESP,origin,2015,10,184
ESP,origin,2015,11,72
ESP,origin,2015,12,96
ESP,origin,2015,13,272
ESP,origin,2015,14,195
ESP,origin,2015,15,197
ESP,origin,2015,16,382
ESP,origin,2015,17,41
ESP,origin,2015,18,103
ESP,origin,2015,19,114
ESP,origin,2015,2,42
ESP,origin,2015,20,125
ESP,origin,2015,21,64
ESP,origin,2015,22,19
ESP,origin,2015,23,103
ESP,origin,2015,24,69
ESP,origin,2015,25,197
ESP,origin,2015,26,88
ESP,origin,2015,27,166
ESP,origin,2015,28,62
ESP,origin,2015,29,236
ESP,origin,2015,3,72
ESP,origin,2015,30,155
ESP,origin,2015,31,116
ESP,origin,2015,32,271
ESP,origin,2015,33,133
ESP,origin,2015,34,110
ESP,origin,2015,35,253
ESP,origin,2015,4,102
ESP,origin,2015,5,11
ESP,origin,2015,6,113
ESP,origin,2015,7,26
ESP,origin,2015,8,17
ESP,origin,2015,9,40
ESP,origin,2016,0,2
ESP,origin,2016,1,214
ESP,origin,2016,10,165
ESP,origin,2016,11,68
ESP,origin,2016,12,89
ESP,origin,2016,13,255
ESP,origin,2016,14,197
ESP,origin,2016,15,186
ESP,origin,2016,16,404
ESP,origin,2016,17,45
ESP,origin,2016,18,128
ESP,origin,2016,19,102
ESP,origin,2016,2,37
ESP,origin,2016,20,133
ESP,origin,2016,21,67
ESP,origin,2016,22,18
ESP,origin,2016,23,104
ESP,origin,2016,24,89
ESP,origin,2016,25,240
ESP,origin,2016,26,108
ESP,origin,2016,27,175
ESP,origin,2016,28,61
ESP,origin,2016,29,269
ESP,origin,2016,3,60
ESP,origin,2016,30,156
ESP,origin,2016,31,110
ESP,origin,2016,32,319
ESP,origin,2016,33,130
ESP,origin,2016,34,140
ESP,origin,2016,35,318
ESP,origin,2016,4,81
ESP,origin,2016,5,13
ESP,origin,2016,6,109
ESP,origin,2016,7,23
ESP,origin,2016,8,23
ESP,origin,2016,9,39
ESP,origin,2017,0,4
ESP,origin,2017,1,240
ESP,origin,2017,10,150
ESP,origin,2017,11,57
ESP,origin,2017,12,79
ESP,origin,2017,13,296
ESP,origin,2017,14,229
ESP,origin,2017,15,169
ESP,origin,2017,16,384
ESP,origin,2017,17,29
ESP,origin,2017,18,103
ESP,origin,2017,19,97
ESP,origin,2017,2,44
ESP,origin,2017,20,128
ESP,origin,2017,21,76
ESP,origin,2017,22,18
ESP,origin,2017,23,103
ESP,origin,2017,24,68
ESP,origin,2017,25,261
ESP,origin,2017,26,104
ESP,origin,2017,27,169
ESP,origin,2017,28,66
ESP,origin,2017,29,233
ESP,origin,2017,3,57
ESP,origin,2017,30,142
ESP,origin,2017,31,117
ESP,origin,2017,32,314
ESP,origin,2017,33,129
ESP,origin,2017,34,103
ESP,origin,2017,35,328
ESP,origin,2017,4,87
ESP,origin,2017,5,12
ESP,origin,2017,6,95
ESP,origin,2017,7,25
ESP,origin,2017,8,23
ESP,origin,2017,9,43
ESP,origin,2018,0,1
ESP,origin,2018,1,203
ESP,origin,2018,10,135
ESP,origin,2018,11,65
ESP,origin,2018,12,66
ESP,origin,2018,13,280
ESP,origin,2018,14,170
ESP,origin,2018,15,183
ESP,origin,2018,16,372
ESP,origin,2018,17,33
ESP,origin,2018,18,114
ESP,origin,2018,19,92
ESP,origin,2018,2,37
ESP,origin,2018,20,112
ESP,origin,2018,21,64
ESP,origin,2018,22,14
ESP,origin,2018,23,105
ESP,origin,2018,24,71
ESP,origin,2018,25,255
ESP,origin,2018,26,88
ESP,origin,2018,27,180
ESP,origin,2018,28,72
ESP,origin,2018,29,247
ESP,origin,2018,3,60
ESP,origin,2018,30,116
ESP,origin,2018,31,101
ESP,origin,2018,32,335
ESP,origin,2018,33,140
ESP,origin,2018,34,112
ESP,origin,2018,35,300
ESP,origin,2018,4,68
ESP,origin,2018,5,12
ESP,origin,2018,6,99
ESP,origin,2018,7,21
ESP,origin,2018,8,20
ESP,origin,2018,9,48
ESP,origin,2019,0,1
ESP,origin,2019,1,210
ESP,origin,2019,10,154
ESP,origin,2019,11,67
ESP,origin,2019,12,57
ESP,origin,2019,13,258
ESP,origin,2019,14,164
ESP,origin,2019,15,156
ESP,origin,2019,16,344
ESP,origin,2019,17,37
ESP,origin,2019,18,104
ESP,origin,2019,19,90
ESP,origin,2019,2,38
ESP,origin,2019,20,113
ESP,origin,2019,21,62
ESP,origin,2019,22,11
ESP,origin,2019,23,93
ESP,origin,2019,24,70
ESP,origin,2019,25,194
ESP,origin,2019,26,95
ESP,origin,2019,27,128
ESP,origin,2019,28,45
ESP,origin,2019,29,204
ESP,origin,2019,3,54
ESP,origin,2019,30,100
ESP,origin,2019,31,109
ESP,origin,2019,32,319
ESP,origin,2019,33,118
ESP,origin,2019,34,81
ESP,origin,2019,35,244
ESP,origin,2019,4,56
ESP,origin,2019,5,11
ESP,origin,2019,6,80
ESP,origin,2019,7,18
ESP,origin,2019,8,26
ESP,origin,2019,9,42
ESP,origin,2020,0,3
ESP,origin,2020,1,200
ESP,origin,2020,10,113
ESP,origin,2020,11,54
ESP,origin,2020,12,45
ESP,origin,2020,13,228
ESP,origin,2020,14,144
ESP,origin,2020,15,140
ESP,origin,2020,16,285
ESP,origin,2020,17,36
ESP,origin,2020,18,62
ESP,origin,2020,19,100
ESP,origin,2020,2,31
ESP,origin,2020,20,96
ESP,origin,2020,21,63
ESP,origin,2020,22,7
ESP,origin,2020,23,99
ESP,origin,2020,24,49
ESP,origin,2020,25,156
ESP,origin,2020,26,85
ESP,origin,2020,27,96
ESP,origin,2020,28,43
ESP,origin,2020,29,187
ESP,origin,2020,3,48
ESP,origin,2020,30,65
ESP,origin,2020,31,99
ESP,origin,2020,32,236
ESP,origin,2020,33,86
ESP,origin,2020,34,72
ESP,origin,2020,35,198
ESP,origin,2020,4,38
ESP,origin,2020,5,11
ESP,origin,2020,6,59
ESP,origin,2020,7,10
ESP,origin,2020,8,26
ESP,origin,2020,9,36
ESP,origin,2021,1,183
ESP,origin,2021,10,138
ESP,origin,2021,11,55
ESP,origin,2021,12,42
ESP,origin,2021,13,218
ESP,origin,2021,14,123
ESP,origin,2021,15,134
ESP,origin,2021,16,288
ESP,origin,2021,17,41
ESP,origin,2021,18,53
ESP,origin,2021,19,69
ESP,origin,2021,2,24
ESP,origin,2021,20,81
ESP,origin,2021,21,53
ESP,origin,2021,22,8
ESP,origin,2021,23,88
ESP,origin,2021,24,44
ESP,origin,2021,25,176
ESP,origin,2021,26,99
ESP,origin,2021,27,121
ESP,origin,2021,28,55
ESP,origin,2021,29,189
ESP,origin,2021,3,44
ESP,origin,2021,30,74
ESP,origin,2021,31,80
ESP,origin,2021,32,250
ESP,origin,2021,33,71
ESP,origin,2021,34,58
ESP,origin,2021,35,196
ESP,origin,2021,4,27
ESP,origin,2021,5,4
ESP,origin,2021,6,70
ESP,origin,2021,7,8
ESP,origin,2021,8,17
ESP,origin,2021,9,39
ESP,origin,2022,0,1
ESP,origin,2022,1,178
ESP,origin,2022,10,102
ESP,origin,2022,11,43
ESP,origin,2022,12,35
ESP,origin,2022,13,211
ESP,origin,2022,14,119
ESP,origin,2022,15,122
ESP,origin,2022,16,276
ESP,origin,2022,17,34
ESP,origin,2022,18,62
ESP,origin,2022,19,84
ESP,origin,2022,2,25
ESP,origin,2022,20,79
ESP,origin,2022,21,44
ESP,origin,2022,22,10
ESP,origin,2022,23,85
ESP,origin,2022,24,41
ESP,origin,2022,25,160
ESP,origin,2022,26,75
ESP,origin,2022,27,107
ESP,origin,2022,28,43
ESP,origin,2022,29,166
ESP,origin,2022,3,42
ESP,origin,2022,30,55
ESP,origin,2022,31,95
ESP,origin,2022,32,212
ESP,origin,2022,33,79
ESP,origin,2022,34,51
ESP,origin,2022,35,156
ESP,origin,2022,4,38
ESP,origin,2022,5,6
ESP,origin,2022,6,73
ESP,origin,2022,7,16
ESP,origin,2022,8,15
ESP,origin,2022,9,40
EST,office,2015,10,1
EST,office,2015,14,2
EST,office,2015,15,2
EST,office,2015,16,1
EST,office,2015,18,2
EST,office,2015,19,3
EST,office,2015,21,1
EST,office,2015,23,2
EST,office,2015,24,2
EST,office,2015,25,1
EST,office,2015,26,1
EST,office,2015,27,1
EST,office,2015,28,1
EST,office,2015,29,3
EST,office,2015,30,1
EST,office,2015,33,1
EST,office,2015,34,1
EST,office,2015,35,3
EST,office,2015,9,1
EST,office,2016,1,1
EST,office,2016,10,2
EST,office,2016,12,1
EST,office,2016,13,2
EST,office,2016,15,1
EST,office,2016,16,2
EST,office,2016,19,4
EST,office,2016,2,1
EST,office,2016,20,1
EST,office,2016,21,1
EST,office,2016,23,2
EST,office,2016,24,4
EST,office,2016,28,1
EST,office,2016,29,1
EST,office,2016,30,1
EST,office,2016,32,1
EST,office,2016,34,2
EST,office,2016,35,3
EST,office,2016,6,1
EST,office,2016,9,1
EST,office,2017,1,1
EST,office,2017,10,1
EST,office,2017,12,2
EST,office,2017,13,1
EST,office,2017,16,1
EST,office,2017,18,1
EST,office,2017,19,1
EST,office,2017,20,2
EST,office,2017,22,1
EST,office,2017,23,1
EST,office,2017,27,1
EST,office,2017,30,1
EST,office,2017,33,1
EST,office,2017,34,1
EST,office,2017,35,2
EST,office,2018,10,3
EST,office,2018,12,1
EST,office,2018,13,1
EST,office,2018,15,1
EST,office,2018,16,1
EST,office,2018,17,1
EST,office,2018,18,1
EST,office,2018,22,1
EST,office,2018,24,1
EST,office,2018,25,1
EST,office,2018,26,1
EST,office,2018,29,2
EST,office,2018,32,1
EST,office,2018,33,1
EST,office,2018,35,1
EST,office,2018,6,1
EST,office,2019,12,1
EST,office,2019,19,1
EST,office,2019,20,1
EST,office,2019,23,1
EST,office,2019,29,2
EST,office,2019,30,1
EST,office,2020,1,2
EST,office,2020,10,2
EST,office,2020,11,1
EST,office,2020,13,1
EST,office,2020,15,1
EST,office,2020,18,1
EST,office,2020,21,1
EST,office,2020,24,1
EST,office,2020,25,1
EST,office,2020,26,1
EST,office,2020,29,1
EST,office,2020,32,1
EST,office,2020,35,1
EST,office,2021,10,1
EST,office,2021,15,1
EST,office,2021,18,1
EST,office,2021,19,2
EST,office,2021,24,1
EST,office,2021,33,2
EST,office,2021,34,1
EST,office,2021,35,1
EST,office,2022,10,1
EST,office,2022,12,1
EST,office,2022,13,1
EST,office,2022,20,1
EST,office,2022,21,1
EST,office,2022,23,1
EST,office,2022,29,3
EST,office,2022,34,1
EST,office,2022,35,1
EST,origin,2015,1,4
EST,origin,2015,10,2
EST,origin,2015,11,3
EST,origin,2015,12,1
EST,origin,2015,13,2
EST,origin,2015,14,2
EST,origin,2015,15,7
EST,origin,2015,16,4
EST,origin,2015,18,3
EST,origin,2015,19,2
EST,origin,2015,20,1
EST,origin,2015,21,3
EST,origin,2015,23,12
EST,origin,2015,24,3
EST,origin,2015,25,3
EST,origin,2015,26,2
EST,origin,2015,27,1
EST,origin,2015,29,1
EST,origin,2015,3,1
EST,origin,2015,30,4
EST,origin,2015,31,4
EST,origin,2015,32,1
EST,origin,2015,33,2
EST,origin,2015,35,4
EST,origin,2015,4,2
EST,origin,2015,6,2
EST,origin,2015,7,1
EST,origin,2015,8,1
EST,origin,2015,9,2
EST,origin,2016,1,4
EST,origin,2016,10,5
EST,origin,2016,11,4
EST,origin,2016,12,1
EST,origin,2016,13,6
EST,origin,2016,14,1
EST,origin,2016,15,6
EST,origin,2016,16,4
EST,origin,2016,18,2
EST,origin,2016,2,2
EST,origin,2016,20,1
EST,origin,2016,21,3
EST,origin,2016,23,8
EST,origin,2016,24,7
EST,origin,2016,25,4
EST,origin,2016,26,1
EST,origin,2016,28,1
EST,origin,2016,29,3
EST,origin,2016,3,1
EST,origin,2016,31,1
EST,origin,2016,32,5
EST,origin,2016,34,2
EST,origin,2016,35,8
EST,origin,2016,4,3
EST,origin,2016,5,1
EST,origin,2016,6,7
EST,origin,2016,7,1
EST,origin,2016,8,1
EST,origin,2016,9,2
EST,origin,2017,1,4
EST,origin,2017,10,5
EST,origin,2017,12,4
EST,origin,2017,13,6
EST,origin,2017,15,6
EST,origin,2017,16,2
EST,origin,2017,18,2
EST,origin,2017,19,1
EST,origin,2017,2,1
EST,origin,2017,20,3
EST,origin,2017,21,3
EST,origin,2017,22,1
EST,origin,2017,23,7
EST,origin,2017,25,2
EST,origin,2017,26,1
EST,origin,2017,27,2
EST,origin,2017,29,5
EST,origin,2017,3,1
EST,origin,2017,30,1
EST,origin,2017,33,2
EST,origin,2017,34,3
EST,origin,2017,35,3
EST,origin,2017,4,1
EST,origin,2017,5,1
EST,origin,2017,6,5
EST,origin,2017,7,2
EST,origin,2017,8,1
EST,origin,2018,1,8
EST,origin,2018,10,6
EST,origin,2018,11,1
EST,origin,2018,12,3
EST,origin,2018,13,6
EST,origin,2018,14,1
EST,origin,2018,15,5
EST,origin,2018,16,4
EST,origin,2018,17,1
EST,origin,2018,18,3
EST,origin,2018,19,2
EST,origin,2018,20,2
EST,origin,2018,21,3
EST,origin,2018,22,1
EST,origin,2018,23,3
EST,origin,2018,24,3
EST,origin,2018,25,2
EST,origin,2018,26,3
EST,origin,2018,27,1
EST,origin,2018,28,1
EST,origin,2018,29,6
EST,origin,2018,31,3
EST,origin,2018,32,5
EST,origin,2018,33,4
EST,origin,2018,34,2
EST,origin,2018,35,7
EST,origin,2018,4,3
EST,origin,2018,6,7
EST,origin,2019,1,2
EST,origin,2019,10,4
EST,origin,2019,11,1
EST,origin,2019,12,6
EST,origin,2019,13,5
EST,origin,2019,15,3
EST,origin,2019,16,1
EST,origin,2019,17,1
EST,origin,2019,18,2
EST,origin,2019,19,2
EST,origin,2019,2,1
EST,origin,2019,20,1
EST,origin,2019,21,1
EST,origin,2019,23,4
EST,origin,2019,25,6
EST,origin,2019,26,1
EST,origin,2019,27,3
EST,origin,2019,29,7
EST,origin,2019,30,3
EST,origin,2019,32,3
EST,origin,2019,33,5
EST,origin,2019,34,1
EST,origin,2019,35,6
EST,origin,2019,4,6
EST,origin,2019,6,13
EST,origin,2019,7,2
EST,origin,2019,9,1
EST,origin,2020,1,2
EST,origin,2020,10,7
EST,origin,2020,11,5
EST,origin,2020,12,5
EST,origin,2020,13,7
EST,origin,2020,14,1
EST,origin,2020,15,5
EST,origin,2020,16,3
EST,origin,2020,18,1
EST,origin,2020,2,2
EST,origin,2020,21,3
EST,origin,2020,23,1
EST,origin,2020,24,2
EST,origin,2020,25,3
EST,origin,2020,26,2
EST,origin,2020,29,2
EST,origin,2020,31,1
EST,origin,2020,32,6
EST,origin,2020,33,4
EST,origin,2020,35,4
EST,origin,2020,4,8
EST,origin,2020,5,1
EST,origin,2020,6,9
EST,origin,2020,7,4
EST,origin,2020,9,2
EST,origin,2021,1,5
EST,origin,2021,10,14
EST,origin,2021,11,1
EST,origin,2021,12,5
EST,origin,2021,13,12
EST,origin,2021,15,6
EST,origin,2021,16,3
EST,origin,2021,18,1
EST,origin,2021,19,3
EST,origin,2021,2,1
EST,origin,2021,20,1
EST,origin,2021,21,1
EST,origin,2021,23,6
EST,origin,2021,24,1
EST,origin,2021,25,4
EST,origin,2021,29,2
EST,origin,2021,31,2
EST,origin,2021,32,3
EST,origin,2021,33,4
EST,origin,2021,34,3
EST,origin,2021,35,3
EST,origin,2021,4,3
EST,origin,2021,6,8
EST,origin,2021,7,5
EST,origin,2021,9,3
EST,origin,2022,1,8
EST,origin,2022,10,8
EST,origin,2022,11,3
EST,origin,2022,12,8
EST,origin,2022,13,8
EST,origin,2022,14,1
EST,origin,2022,15,1
EST,origin,2022,2,2
EST,origin,2022,20,2
EST,origin,2022,21,3
EST,origin,2022,23,1
EST,origin,2022,24,1
EST,origin,2022,25,7
EST,origin,2022,26,3
EST,origin,2022,27,1
EST,origin,2022,28,1
EST,origin,2022,29,5
EST,origin,2022,32,14
EST,origin,2022,34,1
EST,origin,2022,35,8
EST,origin,2022,4,5
EST,origin,2022,6,11
EST,origin,2022,7,5
FIN,office,2015,0,10
FIN,office,2015,1,41
FIN,office,2015,10,40
FIN,office,2015,11,3
FIN,office,2015,12,12
FIN,office,2015,13,42
FIN,office,2015,14,9
FIN,office,2015,15,6
FIN,office,2015,16,5
FIN,office,2015,17,6
FIN,office,2015,18,5
FIN,office,2015,19,18
FIN,office,2015,2,9
FIN,office,2015,20,37
FIN,office,2015,21,16
FIN,office,2015,22,2
FIN,office,2015,23,49
FIN,office,2015,24,28
FIN,office,2015,25,91
FIN,office,2015,26,52
FIN,office,2015,27,43
FIN,office,2015,28,40
FIN,office,2015,29,35
FIN,office,2015,3,18
FIN,office,2015,30,44
FIN,office,2015,31,37
FIN,office,2015,32,54
FIN,office,2015,33,24
FIN,office,2015,34,13
FIN,office,2015,35,92
FIN,office,2015,4,24
FIN,office,2015,5,8
FIN,office,2015,6,19
FIN,office,2015,7,8
FIN,office,2015,8,5
FIN,office,2015,9,12
FIN,office,2016,0,3
FIN,office,2016,1,31
FIN,office,2016,10,36
FIN,office,2016,11,3
FIN,office,2016,12,13
FIN,office,2016,13,29
FIN,office,2016,14,8
FIN,office,2016,15,8
FIN,office,2016,16,7
FIN,office,2016,17,13
FIN,office,2016,18,9
FIN,office,2016,19,23
FIN,office,2016,2,15
FIN,office,2016,20,22
FIN,office,2016,21,18
FIN,office,2016,22,3
FIN,office,2016,23,48
FIN,office,2016,24,33
FIN,office,2016,25,61
FIN,office,2016,26,25
FIN,office,2016,27,31
FIN,office,2016,28,61
FIN,office,2016,29,44
FIN,office,2016,3,12
FIN,office,2016,30,37
FIN,office,2016,31,35
FIN,office,2016,32,37
FIN,office,2016,33,20
FIN,office,2016,34,8
FIN,office,2016,35,77
FIN,office,2016,4,22
FIN,office,2016,5,2
FIN,office,2016,6,19
FIN,office,2016,7,4
FIN,office,2016,8,4
FIN,office,2016,9,4
FIN,office,2017,0,2
FIN,office,2017,1,29
FIN,office,2017,10,40
FIN,office,2017,11,3
FIN,office,2017,12,6
FIN,office,2017,13,20
FIN,office,2017,14,6
FIN,office,2017,15,11
FIN,office,2017,16,4
FIN,office,2017,17,17
FIN,office,2017,18,9
FIN,office,2017,19,23
FIN,office,2017,2,9
FIN,office,2017,20,32
FIN,office,2017,21,12
FIN,office,2017,22,7
FIN,office,2017,23,40
FIN,office,2017,24,26
FIN,office,2017,25,49
FIN,office,2017,26,31
FIN,office,2017,27,22
FIN,office,2017,28,43
FIN,office,2017,29,41
FIN,office,2017,3,12
FIN,office,2017,30,31
FIN,office,2017,31,29
FIN,office,2017,32,33
FIN,office,2017,33,14
FIN,office,2017,34,8
FIN,office,2017,35,66
FIN,office,2017,4,21
FIN,office,2017,5,2
FIN,office,2017,6,12
FIN,office,2017,7,1
FIN,office,2017,9,2
FIN,office,2018,1,21
FIN,office,2018,10,32
FIN,office,2018,11,4
FIN,office,2018,12,9
FIN,office,2018,13,20
FIN,office,2018,14,6
FIN,office,2018,15,6
FIN,office,2018,16,5
FIN,office,2018,17,8
FIN,office,2018,18,4
FIN,office,2018,19,18
FIN,office,2018,2,5
FIN,office,2018,20,17
FIN,office,2018,21,9
FIN,office,2018,22,2
FIN,office,2018,23,25
FIN,office,2018,24,18
FIN,office,2018,25,32
FIN,office,2018,26,17
FIN,office,2018,27,16
FIN,office,2018,28,33
FIN,office,2018,29,27
FIN,office,2018,3,6
FIN,office,2018,30,33
FIN,office,2018,31,24
FIN,office,2018,32,24
FIN,office,2018,33,12
FIN,office,2018,34,8
FIN,office,2018,35,54
FIN,office,2018,4,22
FIN,office,2018,5,1
FIN,office,2018,6,13
FIN,office,2018,7,2
FIN,office,2018,8,2
FIN,office,2018,9,4
FIN,office,2019,0,4
FIN,office,2019,1,25
FIN,office,2019,10,33
FIN,office,2019,11,4
FIN,office,2019,12,7
FIN,office,2019,13,20
FIN,office,2019,14,3
FIN,office,2019,15,5
FIN,office,2019,16,3
FIN,office,2019,17,8
FIN,office,2019,18,8
FIN,office,2019,19,25
FIN,office,2019,2,5
FIN,office,2019,20,16
FIN,office,2019,21,11
FIN,office,2019,22,4
FIN,office,2019,23,26
FIN,office,2019,24,23
FIN,office,2019,25,25
FIN,office,2019,26,19
FIN,office,2019,27,11
FIN,office,2019,28,30
FIN,office,2019,29,34
FIN,office,2019,3,5
FIN,office,2019,30,16
FIN,office,2019,31,21
FIN,office,2019,32,21
FIN,office,2019,33,14
FIN,office,2019,34,6
FIN,office,2019,35,50
FIN,office,2019,4,10
FIN,office,2019,5,3
FIN,office,2019,6,12
FIN,office,2019,7,3
FIN,office,2019,8,5
FIN,office,2019,9,5
FIN,office,2020,0,2
FIN,office,2020,1,30
FIN,office,2020,10,28
FIN,office,2020,11,3
FIN,office,2020,12,7
FIN,office,2020,13,29
FIN,office,2020,14,3
FIN,office,2020,15,6
FIN,office,2020,16,2
FIN,office,2020,17,6
FIN,office,2020,18,9
FIN,office,2020,19,31
FIN,office,2020,2,5
FIN,office,2020,20,13
FIN,office,2020,21,8
FIN,office,2020,22,1
FIN,office,2020,23,31
FIN,office,2020,24,19
FIN,office,2020,25,40
FIN,office,2020,26,18
FIN,office,2020,27,10
FIN,office,2020,28,25
FIN,office,2020,29,37
FIN,office,2020,3,11
FIN,office,2020,30,31
FIN,office,2020,31,24
FIN,office,2020,32,47
FIN,office,2020,33,20
FIN,office,2020,34,8
FIN,office,2020,35,58
FIN,office,2020,4,17
FIN,office,2020,5,1
FIN,office,2020,6,12
FIN,office,2020,7,2
FIN,office,2020,8,6
FIN,office,2020,9,14
FIN,office,2021,1,18
FIN,office,2021,10,24
FIN,office,2021,11,3
FIN,office,2021,12,10
FIN,office,2021,13,26
FIN,office,2021,14,7
FIN,office,2021,15,6
FIN,office,2021,16,5
FIN,office,2021,17,10
FIN,office,2021,18,7
FIN,office,2021,19,23
FIN,office,2021,2,6
FIN,office,2021,20,10
FIN,office,2021,21,12
FIN,office,2021,22,1
FIN,office,2021,23,28
FIN,office,2021,24,20
FIN,office,2021,25,27
FIN,office,2021,26,11
FIN,office,2021,27,18
FIN,office,2021,28,31
FIN,office,2021,29,42
FIN,office,2021,3,5
FIN,office,2021,30,29
FIN,office,2021,31,20
FIN,office,2021,32,38
FIN,office,2021,33,17
FIN,office,2021,34,8
FIN,office,2021,35,48
FIN,office,2021,4,22
FIN,office,2021,6,11
FIN,office,2021,7,3
FIN,office,2021,8,3
FIN,office,2021,9,10
FIN,office,2022,1,31
FIN,office,2022,10,28
FIN,office,2022,11,3
FIN,office,2022,12,14
FIN,office,2022,13,33
FIN,office,2022,14,8
FIN,office,2022,15,9
FIN,office,2022,16,6
FIN,office,2022,17,9
FIN,office,2022,18,12
FIN,office,2022,19,20
FIN,office,2022,2,8
FIN,office,2022,20,11
FIN,office,2022,21,22
FIN,office,2022,22,1
FIN,office,2022,23,35
FIN,office,2022,24,18
FIN,office,2022,25,24
FIN,office,2022,26,15
FIN,office,2022,27,14
FIN,office,2022,28,26
FIN,office,2022,29,42
FIN,office,2022,3,13
FIN,office,2022,30,29
FIN,office,2022,31,24
FIN,office,2022,32,32
FIN,office,2022,33,17
FIN,office,2022,34,11
FIN,office,2022,35,34
FIN,office,2022,4,37
FIN,office,2022,5,1
FIN,office,2022,6,17
FIN,office,2022,7,3
FIN,office,2022,8,9
FIN,office,2022,9,14
FIN,origin,2015,0,15
FIN,origin,2015,1,206
FIN,origin,2015,10,210
FIN,origin,2015,11,33
FIN,origin,2015,12,61
FIN,origin,2015,13,157
FIN,origin,2015,14,46
FIN,origin,2015,15,78
FIN,origin,2015,16,52
FIN,origin,2015,17,76
FIN,origin,2015,18,31
FIN,origin,2015,19,94
FIN,origin,2015,2,187
FIN,origin,2015,20,213
FIN,origin,2015,21,111
FIN,origin,2015,22,16
FIN,origin,2015,23,207
FIN,origin,2015,24,121
FIN,origin,2015,25,348
FIN,origin,2015,26,116
FIN,origin,2015,27,141
FIN,origin,2015,28,242
FIN,origin,2015,29,125
FIN,origin,2015,3,386
FIN,origin,2015,30,149
FIN,origin,2015,31,105
FIN,origin,2015,32,170
FIN,origin,2015,33,46
FIN,origin,2015,34,37
FIN,origin,2015,35,236
FIN,origin,2015,4,977
FIN,origin,2015,5,48
FIN,origin,2015,6,464
FIN,origin,2015,7,41
FIN,origin,2015,8,54
FIN,origin,2015,9,51
FIN,origin,2016,0,6
FIN,origin,2016,1,242
FIN,origin,2016,10,235
FIN,origin,2016,11,32
FIN,origin,2016,12,75
FIN,origin,2016,13,184
FIN,origin,2016,14,57
FIN,origin,2016,15,87
FIN,origin,2016,16,66
FIN,origin,2016,17,95
FIN,origin,2016,18,47
FIN,origin,2016,19,104
FIN,origin,2016,2,259
FIN,origin,2016,20,198
FIN,origin,2016,21,123
FIN,origin,2016,22,19
FIN,origin,2016,23,267
FIN,origin,2016,24,139
FIN,origin,2016,25,374
FIN,origin,2016,26,94
FIN,origin,2016,27,166
FIN,origin,2016,28,281
FIN,origin,2016,29,147
FIN,origin,2016,3,374
FIN,origin,2016,30,165
FIN,origin,2016,31,126
FIN,origin,2016,32,163
FIN,origin,2016,33,69
FIN,origin,2016,34,38
FIN,origin,2016,35,233
FIN,origin,2016,4,1061
FIN,origin,2016,5,52
FIN,origin,2016,6,544
FIN,origin,2016,7,46
FIN,origin,2016,8,59
FIN,origin,2016,9,45
FIN,origin,2017,0,6
FIN,origin,2017,1,275
FIN,origin,2017,10,254
FIN,origin,2017,11,29
FIN,origin,2017,12,62
FIN,origin,2017,13,173
FIN,origin,2017,14,58
FIN,origin,2017,15,72
FIN,origin,2017,16,72
FIN,origin,2017,17,89
FIN,origin,2017,18,38
FIN,origin,2017,19,92
FIN,origin,2017,2,229
FIN,origin,2017,20,223
FIN,origin,2017,21,109
FIN,origin,2017,22,21
FIN,origin,2017,23,294
FIN,origin,2017,24,130
FIN,origin,2017,25,441
FIN,origin,2017,26,100
FIN,origin,2017,27,149
FIN,origin,2017,28,272
FIN,origin,2017,29,144
FIN,origin,2017,3,321
FIN,origin,2017,30,156
FIN,origin,2017,31,117
FIN,origin,2017,32,184
FIN,origin,2017,33,66
FIN,origin,2017,34,43
FIN,origin,2017,35,279
FIN,origin,2017,4,1050
FIN,origin,2017,5,44
FIN,origin,2017,6,529
FIN,origin,2017,7,43
FIN,origin,2017,8,48
FIN,origin,2017,9,45
FIN,origin,2018,0,6
FIN,origin,2018,1,228
FIN,origin,2018,10,229
FIN,origin,2018,11,43
FIN,origin,2018,12,60
FIN,origin,2018,13,174
FIN,origin,2018,14,68
FIN,origin,2018,15,94
FIN,origin,2018,16,84
FIN,origin,2018,17,90
FIN,origin,2018,18,53
FIN,origin,2018,19,123
FIN,origin,2018,2,225
FIN,origin,2018,20,174
FIN,origin,2018,21,92
FIN,origin,2018,22,13
FIN,origin,2018,23,230
FIN,origin,2018,24,113
FIN,origin,2018,25,376
FIN,origin,2018,26,82
FIN,origin,2018,27,120
FIN,origin,2018,28,242
FIN,origin,2018,29,146
FIN,origin,2018,3,292
FIN,origin,2018,30,147
FIN,origin,2018,31,109
FIN,origin,2018,32,142
FIN,origin,2018,33,58
FIN,origin,2018,34,41
FIN,origin,2018,35,221
FIN,origin,2018,4,1097
FIN,origin,2018,5,51
FIN,origin,2018,6,421
FIN,origin,2018,7,34
FIN,origin,2018,8,46
FIN,origin,2018,9,41
FIN,origin,2019,0,13
FIN,origin,2019,1,217
FIN,origin,2019,10,263
FIN,origin,2019,11,36
FIN,origin,2019,12,67
FIN,origin,2019,13,207
FIN,origin,2019,14,37
FIN,origin,2019,15,80
FIN,origin,2019,16,76
FIN,origin,2019,17,80
FIN,origin,2019,18,68
FIN,origin,2019,19,104
FIN,origin,2019,2,277
FIN,origin,2019,20,185
FIN,origin,2019,21,90
FIN,origin,2019,22,17
FIN,origin,2019,23,224
FIN,origin,2019,24,135
FIN,origin,2019,25,354
FIN,origin,2019,26,97
FIN,origin,2019,27,130
FIN,origin,2019,28,244
FIN,origin,2019,29,150
FIN,origin,2019,3,312
FIN,origin,2019,30,123
FIN,origin,2019,31,126
FIN,origin,2019,32,134
FIN,origin,2019,33,52
FIN,origin,2019,34,37
FIN,origin,2019,35,225
FIN,origin,2019,4,1220
FIN,origin,2019,5,54
FIN,origin,2019,6,474
FIN,origin,2019,7,40
FIN,origin,2019,8,68
FIN,origin,2019,9,57
FIN,origin,2020,0,1
FIN,origin,2020,1,210
FIN,origin,2020,10,240
FIN,origin,2020,11,37
FIN,origin,2020,12,60
FIN,origin,2020,13,219
FIN,origin,2020,14,57
FIN,origin,2020,15,95
FIN,origin,2020,16,76
FIN,origin,2020,17,84
FIN,origin,2020,18,54
FIN,origin,2020,19,187
FIN,origin,2020,2,232
FIN,origin,2020,20,117
FIN,origin,2020,21,94
FIN,origin,2020,22,12
FIN,origin,2020,23,254
FIN,origin,2020,24,113
FIN,origin,2020,25,361
FIN,origin,2020,26,94
FIN,origin,2020,27,107
FIN,origin,2020,28,240
FIN,origin,2020,29,151
FIN,origin,2020,3,247
FIN,origin,2020,30,150
FIN,origin,2020,31,122
FIN,origin,2020,32,160
FIN,origin,2020,33,65
FIN,origin,2020,34,43
FIN,origin,2020,35,207
FIN,origin,2020,4,1060
FIN,origin,2020,5,39
FIN,origin,2020,6,402
FIN,origin,2020,7,35
FIN,origin,2020,8,55
FIN,origin,2020,9,67
FIN,origin,2021,0,1
FIN,origin,2021,1,163
FIN,origin,2021,10,204
FIN,origin,2021,11,32
FIN,origin,2021,12,62
FIN,origin,2021,13,188
FIN,origin,2021,14,55
FIN,origin,2021,15,96
FIN,origin,2021,16,61
FIN,origin,2021,17,79
FIN,origin,2021,18,45
FIN,origin,2021,19,171
FIN,origin,2021,2,219
FIN,origin,2021,20,94
FIN,origin,2021,21,102
FIN,origin,2021,22,7
FIN,origin,2021,23,246
FIN,origin,2021,24,111
FIN,origin,2021,25,352
FIN,origin,2021,26,94
FIN,origin,2021,27,94
FIN,origin,2021,28,256
FIN,origin,2021,29,149
FIN,origin,2021,3,220
FIN,origin,2021,30,126
FIN,origin,2021,31,98
FIN,origin,2021,32,168
FIN,origin,2021,33,71
FIN,origin,2021,34,34
FIN,origin,2021,35,197
FIN,origin,2021,4,1018
FIN,origin,2021,5,39
FIN,origin,2021,6,328
FIN,origin,2021,7,29
FIN,origin,2021,8,63
FIN,origin,2021,9,68
FIN,origin,2022,0,1
FIN,origin,2022,1,178
FIN,origin,2022,10,186
FIN,origin,2022,11,28
FIN,origin,2022,12,69
FIN,origin,2022,13,216
FIN,origin,2022,14,62
FIN,origin,2022,15,68
FIN,origin,2022,16,58
FIN,origin,2022,17,78
FIN,origin,2022,18,37
FIN,origin,2022,19,163
FIN,origin,2022,2,200
FIN,origin,2022,20,74
FIN,origin,2022,21,108
FIN,origin,2022,22,10
FIN,origin,2022,23,229
FIN,origin,2022,24,106
FIN,origin,2022,25,302
FIN,origin,2022,26,101
FIN,origin,2022,27,53
FIN,origin,2022,28,266
FIN,origin,2022,29,155
FIN,origin,2022,3,227
FIN,origin,2022,30,94
FIN,origin,2022,31,96
FIN,origin,2022,32,149
FIN,origin,2022,33,52
FIN,origin,2022,34,27
FIN,origin,2022,35,150
FIN,origin,2022,4,933
FIN,origin,2022,5,31
FIN,origin,2022,6,282
FIN,origin,2022,7,23
FIN,origin,2022,8,72
FIN,origin,2022,9,97
FRA,office,2015,1,932
FRA,office,2015,10,635
FRA,office,2015,11,58
FRA,office,2015,12,177
FRA,office,2015,13,411
FRA,office,2015,14,511
FRA,office,2015,15,86
FRA,office,2015,16,148
FRA,office,2015,17,120
FRA,office,2015,18,90
FRA,office,2015,19,197
FRA,office,2015,2,174
FRA,office,2015,20,183
FRA,office,2015,21,154
FRA,office,2015,22,41
FRA,office,2015,23,290
FRA,office,2015,24,309
FRA,office,2015,25,473
FRA,office,2015,26,379
FRA,office,2015,27,808
FRA,office,2015,28,107
FRA,office,2015,29,570
FRA,office,2015,3,129
FRA,office,2015,30,230
FRA,office,2015,31,737
FRA,office,2015,32,1763
FRA,office,2015,33,326
FRA,office,2015,34,428
FRA,office,2015,35,927
FRA,office,2015,4,176
FRA,office,2015,5,43
FRA,office,2015,6,410
FRA,office,2015,7,33
FRA,office,2015,8,187
FRA,office,2015,9,166
FRA,office,2016,1,907
FRA,office,2016,10,643
FRA,office,2016,11,72
FRA,office,2016,12,236
FRA,office,2016,13,334
FRA,office,2016,14,409
FRA,office,2016,15,105
FRA,office,2016,16,113
FRA,office,2016,17,106
FRA,office,2016,18,67
FRA,office,2016,19,174
FRA,office,2016,2,205
FRA,office,2016,20,163
FRA,office,2016,21,127
FRA,office,2016,22,33
FRA,office,2016,23,252
FRA,office,2016,24,216
FRA,office,2016,25,425
FRA,office,2016,26,335
FRA,office,2016,27,748
FRA,office,2016,28,69
FRA,office,2016,29,575
FRA,office,2016,3,210
FRA,office,2016,30,189
FRA,office,2016,31,728
FRA,office,2016,32,1966
FRA,office,2016,33,339
FRA,office,2016,34,370
FRA,office,2016,35,724
FRA,office,2016,4,199
FRA,office,2016,5,46
FRA,office,2016,6,554
FRA,office,2016,7,51
FRA,office,2016,8,270
FRA,office,2016,9,199
FRA,office,2017,1,918
FRA,office,2017,10,642
FRA,office,2017,11,65
FRA,office,2017,12,189
FRA,office,2017,13,285
FRA,office,2017,14,287
FRA,office,2017,15,71
FRA,office,2017,16,117
FRA,office,2017,17,123
FRA,office,2017,18,74
FRA,office,2017,19,157
FRA,office,2017,2,207
FRA,office,2017,20,146
FRA,office,2017,21,140
FRA,office,2017,22,37
FRA,office,2017,23,216
FRA,office,2017,24,217
FRA,office,2017,25,329
FRA,office,2017,26,305
FRA,office,2017,27,665
FRA,office,2017,28,65
FRA,office,2017,29,590
FRA,office,2017,3,215
FRA,office,2017,30,263
FRA,office,2017,31,705
FRA,office,2017,32,1938
FRA,office,2017,33,342
FRA,office,2017,34,340
FRA,office,2017,35,567
FRA,office,2017,4,260
FRA,office,2017,5,49
FRA,office,2017,6,568
FRA,office,2017,7,54
FRA,office,2017,8,232
FRA,office,2017,9,181
FRA,office,2018,1,1112
FRA,office,2018,10,630
FRA,office,2018,11,47
FRA,office,2018,12,187
FRA,office,2018,13,261
FRA,office,2018,14,296
FRA,office,2018,15,80
FRA,office,2018,16,110
FRA,office,2018,17,94
FRA,office,2018,18,60
FRA,office,2018,19,148
FRA,office,2018,2,231
FRA,office,2018,20,114
FRA,office,2018,21,104
FRA,office,2018,22,29
FRA,office,2018,23,204
FRA,office,2018,24,190
FRA,office,2018,25,267
FRA,office,2018,26,231
FRA,office,2018,27,906
FRA,office,2018,28,61
FRA,office,2018,29,467
FRA,office,2018,3,221
FRA,office,2018,30,334
FRA,office,2018,31,733
FRA,office,2018,32,2062
FRA,office,2018,33,296
FRA,office,2018,34,382
FRA,office,2018,35,527
FRA,office,2018,4,291
FRA,office,2018,5,75
FRA,office,2018,6,643
FRA,office,2018,7,74
FRA,office,2018,8,387
FRA,office,2018,9,231
FRA,office,2019,1,1218
FRA,office,2019,10,774
FRA,office,2019,11,51
FRA,office,2019,12,209
FRA,office,2019,13,279
FRA,office,2019,14,441
FRA,office,2019,15,49
FRA,office,2019,16,143
FRA,office,2019,17,87
FRA,office,2019,18,97
FRA,office,2019,19,175
FRA,office,2019,2,204
FRA,office,2019,20,200
FRA,office,2019,21,162
FRA,office,2019,22,31
FRA,office,2019,23,310
FRA,office,2019,24,246
FRA,office,2019,25,391
FRA,office,2019,26,283
FRA,office,2019,27,1075
FRA,office,2019,28,84
FRA,office,2019,29,486
FRA,office,2019,3,205
FRA,office,2019,30,532
FRA,office,2019,31,755
FRA,office,2019,32,2170
FRA,office,2019,33,291
FRA,office,2019,34,378
FRA,office,2019,35,660
FRA,office,2019,4,234
FRA,office,2019,5,69
FRA,office,2019,6,526
FRA,office,2019,7,57
FRA,office,2019,8,261
FRA,office,2019,9,217
FRA,office,2020,1,1033
FRA,office,2020,10,795
FRA,office,2020,11,50
FRA,office,2020,12,203
FRA,office,2020,13,326
FRA,office,2020,14,574
FRA,office,2020,15,85
FRA,office,2020,16,181
FRA,office,2020,17,186
FRA,office,2020,18,59
FRA,office,2020,19,264
FRA,office,2020,2,165
FRA,office,2020,20,189
FRA,office,2020,21,169
FRA,office,2020,22,30
FRA,office,2020,23,298
FRA,office,2020,24,256
FRA,office,2020,25,452
FRA,office,2020,26,199
FRA,office,2020,27,975
FRA,office,2020,28,91
FRA,office,2020,29,471
FRA,office,2020,3,163
FRA,office,2020,30,360
FRA,office,2020,31,698
FRA,office,2020,32,1898
FRA,office,2020,33,245
FRA,office,2020,34,329
FRA,office,2020,35,644
FRA,office,2020,4,207
FRA,office,2020,5,59
FRA,office,2020,6,452
FRA,office,2020,7,63
FRA,office,2020,8,182
FRA,office,2020,9,123
FRA,office,2021,1,1252
FRA,office,2021,10,934
FRA,office,2021,11,64
FRA,office,2021,12,300
FRA,office,2021,13,569
FRA,office,2021,14,418
FRA,office,2021,15,89
FRA,office,2021,16,126
FRA,office,2021,17,123
FRA,office,2021,18,130
FRA,office,2021,19,181
FRA,office,2021,2,218
FRA,office,2021,20,278
FRA,office,2021,21,194
FRA,office,2021,22,50
FRA,office,2021,23,344
FRA,office,2021,24,314
FRA,office,2021,25,575
FRA,office,2021,26,237
FRA,office,2021,27,1088
FRA,office,2021,28,114
FRA,office,2021,29,633
FRA,office,2021,3,199
FRA,office,2021,30,311
FRA,office,2021,31,703
FRA,office,2021,32,2339
FRA,office,2021,33,311
FRA,office,2021,34,534
FRA,office,2021,35,800
FRA,office,2021,4,285
FRA,office,2021,5,61
FRA,office,2021,6,782
FRA,office,2021,7,121
FRA,office,2021,8,295
FRA,office,2021,9,201
FRA,office,2022,1,1000
FRA,office,2022,10,665
FRA,office,2022,11,39
FRA,office,2022,12,233
FRA,office,2022,13,472
FRA,office,2022,14,349
FRA,office,2022,15,76
FRA,office,2022,16,94
FRA,office,2022,17,109
FRA,office,2022,18,59
FRA,office,2022,19,142
FRA,office,2022,2,173
FRA,office,2022,20,263
FRA,office,2022,21,146
FRA,office,2022,22,26
FRA,office,2022,23,316
FRA,office,2022,24,225
FRA,office,2022,25,419
FRA,office,2022,26,225
FRA,office,2022,27,833
FRA,office,2022,28,70
FRA,office,2022,29,495
FRA,office,2022,3,146
FRA,office,2022,30,247
FRA,office,2022,31,597
FRA,office,2022,32,1842
FRA,office,2022,33,247
FRA,office,2022,34,397
FRA,office,2022,35,694
FRA,office,2022,4,186
FRA,office,2022,5,44
FRA,office,2022,6,552
FRA,office,2022,7,125
FRA,office,2022,8,264
FRA,office,2022,9,155
FRA,origin,2015,0,33
FRA,origin,2015,1,2159
FRA,origin,2015,10,1685
FRA,origin,2015,11,268
FRA,origin,2015,12,415
FRA,origin,2015,13,1275
FRA,origin,2015,14,1782
FRA,origin,2015,15,743
FRA,origin,2015,16,1274
FRA,origin,2015,17,520
FRA,origin,2015,18,244
FRA,origin,2015,19,743
FRA,origin,2015,2,955
FRA,origin,2015,20,726
FRA,origin,2015,21,511
FRA,origin,2015,22,103
FRA,origin,2015,23,852
FRA,origin,2015,24,539
FRA,origin,2015,25,913
FRA,origin,2015,26,667
FRA,origin,2015,27,1953
FRA,origin,2015,28,275
FRA,origin,2015,29,1265
FRA,origin,2015,3,982
FRA,origin,2015,30,495
FRA,origin,2015,31,1388
FRA,origin,2015,32,3489
FRA,origin,2015,33,625
FRA,origin,2015,34,805
FRA,origin,2015,35,1499
FRA,origin,2015,4,1995
FRA,origin,2015,5,237
FRA,origin,2015,6,1661
FRA,origin,2015,7,119
FRA,origin,2015,8,840
FRA,origin,2015,9,568
FRA,origin,2016,0,15
FRA,origin,2016,1,2413
FRA,origin,2016,10,1878
FRA,origin,2016,11,309
FRA,origin,2016,12,548
FRA,origin,2016,13,1326
FRA,origin,2016,14,1733
FRA,origin,2016,15,833
FRA,origin,2016,16,1344
FRA,origin,2016,17,529
FRA,origin,2016,18,275
FRA,origin,2016,19,812
FRA,origin,2016,2,957
FRA,origin,2016,20,801
FRA,origin,2016,21,568
FRA,origin,2016,22,104
FRA,origin,2016,23,893
FRA,origin,2016,24,503
FRA,origin,2016,25,940
FRA,origin,2016,26,681
FRA,origin,2016,27,1922
FRA,origin,2016,28,296
FRA,origin,2016,29,1491
FRA,origin,2016,3,985
FRA,origin,2016,30,553
FRA,origin,2016,31,1519
FRA,origin,2016,32,4010
FRA,origin,2016,33,678
FRA,origin,2016,34,808
FRA,origin,2016,35,1378
FRA,origin,2016,4,1904
FRA,origin,2016,5,249
FRA,origin,2016,6,1870
FRA,origin,2016,7,156
FRA,origin,2016,8,900
FRA,origin,2016,9,645
FRA,origin,2017,0,11
FRA,origin,2017,1,2507
FRA,origin,2017,10,1980
FRA,origin,2017,11,271
FRA,origin,2017,12,499
FRA,origin,2017,13,1275
FRA,origin,2017,14,1602
FRA,origin,2017,15,788
FRA,origin,2017,16,1260
FRA,origin,2017,17,553
FRA,origin,2017,18,277
FRA,origin,2017,19,758
FRA,origin,2017,2,921
FRA,origin,2017,20,806
FRA,origin,2017,21,580
FRA,origin,2017,22,108
FRA,origin,2017,23,919
FRA,origin,2017,24,566
FRA,origin,2017,25,830
FRA,origin,2017,26,671
FRA,origin,2017,27,1948
FRA,origin,2017,28,294
FRA,origin,2017,29,1445
FRA,origin,2017,3,912
FRA,origin,2017,30,625
FRA,origin,2017,31,1534
FRA,origin,2017,32,4076
FRA,origin,2017,33,629
FRA,origin,2017,34,735
FRA,origin,2017,35,1234
FRA,origin,2017,4,1632
FRA,origin,2017,5,222
FRA,origin,2017,6,1720
FRA,origin,2017,7,140
FRA,origin,2017,8,868
FRA,origin,2017,9,641
FRA,origin,2018,0,10
FRA,origin,2018,1,2594
FRA,origin,2018,10,1872
FRA,origin,2018,11,283
FRA,origin,2018,12,518
FRA,origin,2018,13,1247
FRA,origin,2018,14,1594
FRA,origin,2018,15,797
FRA,origin,2018,16,1173
FRA,origin,2018,17,583
FRA,origin,2018,18,236
FRA,origin,2018,19,824
FRA,origin,2018,2,888
FRA,origin,2018,20,873
FRA,origin,2018,21,542
FRA,origin,2018,22,107
FRA,origin,2018,23,919
FRA,origin,2018,24,507
FRA,origin,2018,25,781
FRA,origin,2018,26,566
FRA,origin,2018,27,2098
FRA,origin,2018,28,265
FRA,origin,2018,29,1402
FRA,origin,2018,3,828
FRA,origin,2018,30,653
FRA,origin,2018,31,1653
FRA,origin,2018,32,4234
FRA,origin,2018,33,623
FRA,origin,2018,34,858
FRA,origin,2018,35,1133
FRA,origin,2018,4,1698
FRA,origin,2018,5,246
FRA,origin,2018,6,1907
FRA,origin,2018,7,169
FRA,origin,2018,8,976
FRA,origin,2018,9,696
FRA,origin,2019,0,15
FRA,origin,2019,1,2815
FRA,origin,2019,10,2061
FRA,origin,2019,11,268
FRA,origin,2019,12,573
FRA,origin,2019,13,1388
FRA,origin,2019,14,1589
FRA,origin,2019,15,760
FRA,origin,2019,16,1122
FRA,origin,2019,17,566
FRA,origin,2019,18,300
FRA,origin,2019,19,813
FRA,origin,2019,2,795
FRA,origin,2019,20,933
FRA,origin,2019,21,645
FRA,origin,2019,22,87
FRA,origin,2019,23,1046
FRA,origin,2019,24,543
FRA,origin,2019,25,957
FRA,origin,2019,26,655
FRA,origin,2019,27,2240
FRA,origin,2019,28,304
FRA,origin,2019,29,1567
FRA,origin,2019,3,780
FRA,origin,2019,30,921
FRA,origin,2019,31,1888
FRA,origin,2019,32,4558
FRA,origin,2019,33,581
FRA,origin,2019,34,925
FRA,origin,2019,35,1291
FRA,origin,2019,4,1627
FRA,origin,2019,5,251
FRA,origin,2019,6,1831
FRA,origin,2019,7,168
FRA,origin,2019,8,845
FRA,origin,2019,9,768
FRA,origin,2020,0,19
FRA,origin,2020,1,2655
FRA,origin,2020,10,2173
FRA,origin,2020,11,261
FRA,origin,2020,12,563
FRA,origin,2020,13,1557
FRA,origin,2020,14,1721
FRA,origin,2020,15,791
FRA,origin,2020,16,1110
FRA,origin,2020,17,684
FRA,origin,2020,18,261
FRA,origin,2020,19,870
FRA,origin,2020,2,636
FRA,origin,2020,20,836
FRA,origin,2020,21,662
FRA,origin,2020,22,85
FRA,origin,2020,23,1128
FRA,origin,2020,24,574
FRA,origin,2020,25,963
FRA,origin,2020,26,554
FRA,origin,2020,27,2297
FRA,origin,2020,28,271
FRA,origin,2020,29,1528
FRA,origin,2020,3,655
FRA,origin,2020,30,710
FRA,origin,2020,31,1771
FRA,origin,2020,32,4517
FRA,origin,2020,33,545
FRA,origin,2020,34,892
FRA,origin,2020,35,1273
FRA,origin,2020,4,1416
FRA,origin,2020,5,249
FRA,origin,2020,6,1652
FRA,origin,2020,7,181
FRA,origin,2020,8,760
FRA,origin,2020,9,672
FRA,origin,2021,0,4
FRA,origin,2021,1,2695
FRA,origin,2021,10,2115
FRA,origin,2021,11,271
FRA,origin,2021,12,607
FRA,origin,2021,13,1651
FRA,origin,2021,14,1456
FRA,origin,2021,15,736
FRA,origin,2021,16,1026
FRA,origin,2021,17,601
FRA,origin,2021,18,305
FRA,origin,2021,19,704
FRA,origin,2021,2,669
FRA,origin,2021,20,869
FRA,origin,2021,21,616
FRA,origin,2021,22,98
FRA,origin,2021,23,1127
FRA,origin,2021,24,570
FRA,origin,2021,25,1032
FRA,origin,2021,26,528
FRA,origin,2021,27,2158
FRA,origin,2021,28,247
FRA,origin,2021,29,1569
FRA,origin,2021,3,611
FRA,origin,2021,30,613
FRA,origin,2021,31,1667
FRA,origin,2021,32,4485
FRA,origin,2021,33,558
FRA,origin,2021,34,1101
FRA,origin,2021,35,1255
FRA,origin,2021,4,1286
FRA,origin,2021,5,213
FRA,origin,2021,6,1909
FRA,origin,2021,7,241
FRA,origin,2021,8,898
FRA,origin,2021,9,716
FRA,origin,2022,0,1
FRA,origin,2022,1,2315
FRA,origin,2022,10,1811
FRA,origin,2022,11,215
FRA,origin,2022,12,501
FRA,origin,2022,13,1624
FRA,origin,2022,14,1204
FRA,origin,2022,15,653
FRA,origin,2022,16,887
FRA,origin,2022,17,555
FRA,origin,2022,18,246
FRA,origin,2022,19,671
FRA,origin,2022,2,604
FRA,origin,2022,20,804
FRA,origin,2022,21,542
FRA,origin,2022,22,68
FRA,origin,2022,23,1002
FRA,origin,2022,24,448
FRA,origin,2022,25,805
FRA,origin,2022,26,477
FRA,origin,2022,27,1928
FRA,origin,2022,28,232
FRA,origin,2022,29,1361
FRA,origin,2022,3,474
FRA,origin,2022,30,467
FRA,origin,2022,31,1519
FRA,origin,2022,32,3794
FRA,origin,2022,33,466
FRA,origin,2022,34,915
FRA,origin,2022,35,1156
FRA,origin,2022,4,1058
FRA,origin,2022,5,172
FRA,origin,2022,6,1527
FRA,origin,2022,7,217
FRA,origin,2022,8,787
FRA,origin,2022,9,671
GAB,origin,2015,4,1
GAB,origin,2015,6,1
GAB,origin,2018,6,1
GAB,origin,2019,13,1
GAB,origin,2019,16,1
GAB,origin,2021,6,1
GAB,origin,2022,13,1
GAB,origin,2022,33,1
GBR,office,2015,1,400
GBR,office,2015,10,319
GBR,office,2015,11,15
GBR,office,2015,12,111
GBR,office,2015,13,263
GBR,office,2015,14,19
GBR,office,2015,15,35
GBR,office,2015,16,26
GBR,office,2015,17,16
GBR,office,2015,18,18
GBR,office,2015,19,74
GBR,office,2015,2,225
GBR,office,2015,20,68
GBR,office,2015,21,38
GBR,office,2015,22,10
GBR,office,2015,23,95
GBR,office,2015,24,79
GBR,office,2015,25,149
GBR,office,2015,26,110
GBR,office,2015,27,244
GBR,office,2015,28,34
GBR,office,2015,29,200
GBR,office,2015,3,147
GBR,office,2015,30,96
GBR,office,2015,31,234
GBR,office,2015,32,414
GBR,office,2015,33,256
GBR,office,2015,34,156
GBR,office,2015,35,500
GBR,office,2015,4,397
GBR,office,2015,5,53
GBR,office,2015,6,441
GBR,office,2015,7,21
GBR,office,2015,8,122
GBR,office,2015,9,125
GBR,office,2016,1,431
GBR,office,2016,10,378
GBR,office,2016,11,19
GBR,office,2016,12,103
GBR,office,2016,13,305
GBR,office,2016,14,21
GBR,office,2016,15,33
GBR,office,2016,16,29
GBR,office,2016,17,18
GBR,office,2016,18,34
GBR,office,2016,19,88
GBR,office,2016,2,208
GBR,office,2016,20,52
GBR,office,2016,21,52
GBR,office,2016,22,9
GBR,office,2016,23,115
GBR,office,2016,24,88
GBR,office,2016,25,153
GBR,office,2016,26,122
GBR,office,2016,27,273
GBR,office,2016,28,46
GBR,office,2016,29,190
GBR,office,2016,3,115
GBR,office,2016,30,134
GBR,office,2016,31,260
GBR,office,2016,32,393
GBR,office,2016,33,267
GBR,office,2016,34,202
GBR,office,2016,35,561
GBR,office,2016,4,288
GBR,office,2016,5,54
GBR,office,2016,6,405
GBR,office,2016,7,17
GBR,office,2016,8,92
GBR,office,2016,9,118
GBR,office,2017,1,385
GBR,office,2017,10,540
GBR,office,2017,11,27
GBR,office,2017,12,126
GBR,office,2017,13,309
GBR,office,2017,14,30
GBR,office,2017,15,41
GBR,office,2017,16,52
GBR,office,2017,17,23
GBR,office,2017,18,33
GBR,office,2017,19,80
GBR,office,2017,2,179
GBR,office,2017,20,54
GBR,office,2017,21,75
GBR,office,2017,22,10
GBR,office,2017,23,137
GBR,office,2017,24,135
GBR,office,2017,25,200
GBR,office,2017,26,116
GBR,office,2017,27,288
GBR,office,2017,28,86
GBR,office,2017,29,172
GBR,office,2017,3,142
GBR,office,2017,30,119
GBR,office,2017,31,268
GBR,office,2017,32,509
GBR,office,2017,33,267
GBR,office,2017,34,263
GBR,office,2017,35,732
GBR,office,2017,4,243
GBR,office,2017,5,49
GBR,office,2017,6,493
GBR,office,2017,7,15
GBR,office,2017,8,70
GBR,office,2017,9,110
GBR,office,2018,1,418
GBR,office,2018,10,433
GBR,office,2018,11,32
GBR,office,2018,12,113
GBR,office,2018,13,301
GBR,office,2018,14,60
GBR,office,2018,15,38
GBR,office,2018,16,54
GBR,office,2018,17,18
GBR,office,2018,18,29
GBR,office,2018,19,53
GBR,office,2018,2,206
GBR,office,2018,20,61
GBR,office,2018,21,52
GBR,office,2018,22,12
GBR,office,2018,23,159
GBR,office,2018,24,104
GBR,office,2018,25,156
GBR,office,2018,26,117
GBR,office,2018,27,244
GBR,office,2018,28,56
GBR,office,2018,29,135
GBR,office,2018,3,147
GBR,office,2018,30,124
GBR,office,2018,31,233
GBR,office,2018,32,516
GBR,office,2018,33,255
GBR,office,2018,34,211
GBR,office,2018,35,650
GBR,office,2018,4,307
GBR,office,2018,5,70
GBR,office,2018,6,501
GBR,office,2018,7,13
GBR,office,2018,8,81
GBR,office,2018,9,105
GBR,office,2019,0,1
GBR,office,2019,1,356
GBR,office,2019,10,284
GBR,office,2019,11,34
GBR,office,2019,12,128
GBR,office,2019,13,288
GBR,office,2019,14,78
GBR,office,2019,15,36
GBR,office,2019,16,44
GBR,office,2019,17,9
GBR,office,2019,18,41
GBR,office,2019,19,64
GBR,office,2019,2,210
GBR,office,2019,20,57
GBR,office,2019,21,67
GBR,office,2019,22,16
GBR,office,2019,23,121
GBR,office,2019,24,121
GBR,office,2019,25,143
GBR,office,2019,26,106
GBR,office,2019,27,298
GBR,office,2019,28,58
GBR,office,2019,29,147
GBR,office,2019,3,130
GBR,office,2019,30,116
GBR,office,2019,31,248
GBR,office,2019,32,537
GBR,office,2019,33,199
GBR,office,2019,34,167
GBR,office,2019,35,671
GBR,office,2019,4,310
GBR,office,2019,5,54
GBR,office,2019,6,616
GBR,office,2019,7,31
GBR,office,2019,8,96
GBR,office,2019,9,112
GBR,office,2020,1,545
GBR,office,2020,10,634
GBR,office,2020,11,50
GBR,office,2020,12,200
GBR,office,2020,13,470
GBR,office,2020,14,115
GBR,office,2020,15,62
GBR,office,2020,16,77
GBR,office,2020,17,42
GBR,office,2020,18,42
GBR,office,2020,19,131
GBR,office,2020,2,330
GBR,office,2020,20,66
GBR,office,2020,21,66
GBR,office,2020,22,14
GBR,office,2020,23,180
GBR,office,2020,24,171
GBR,office,2020,25,199
GBR,office,2020,26,147
GBR,office,2020,27,559
GBR,office,2020,28,74
GBR,office,2020,29,227
GBR,office,2020,3,185
GBR,office,2020,30,245
GBR,office,2020,31,386
GBR,office,2020,32,736
GBR,office,2020,33,368
GBR,office,2020,34,232
GBR,office,2020,35,1103
GBR,office,2020,4,458
GBR,office,2020,5,87
GBR,office,2020,6,1203
GBR,office,2020,7,35
GBR,office,2020,8,177
GBR,office,2020,9,205
GBR,office,2021,1,709
GBR,office,2021,10,689
GBR,office,2021,11,51
GBR,office,2021,12,255
GBR,office,2021,13,522
GBR,office,2021,14,137
GBR,office,2021,15,69
GBR,office,2021,16,55
GBR,office,2021,17,47
GBR,office,2021,18,43
GBR,office,2021,19,198
GBR,office,2021,2,333
GBR,office,2021,20,105
GBR,office,2021,21,77
GBR,office,2021,22,13
GBR,office,2021,23,219
GBR,office,2021,24,178
GBR,office,2021,25,278
GBR,office,2021,26,191
GBR,office,2021,27,401
GBR,office,2021,28,72
GBR,office,2021,29,334
GBR,office,2021,3,201
GBR,office,2021,30,207
GBR,office,2021,31,361
GBR,office,2021,32,755
GBR,office,2021,33,422
GBR,office,2021,34,289
GBR,office,2021,35,1472
GBR,office,2021,4,578
GBR,office,2021,5,87
GBR,office,2021,6,1177
GBR,office,2021,7,54
GBR,office,2021,8,124
GBR,office,2021,9,228
GBR,office,2022,1,679
GBR,office,2022,10,685
GBR,office,2022,11,55
GBR,office,2022,12,308
GBR,office,2022,13,689
GBR,office,2022,14,129
GBR,office,2022,15,83
GBR,office,2022,16,101
GBR,office,2022,17,60
GBR,office,2022,18,52
GBR,office,2022,19,239
GBR,office,2022,2,317
GBR,office,2022,20,111
GBR,office,2022,21,107
GBR,office,2022,22,9
GBR,office,2022,23,257
GBR,office,2022,24,182
GBR,office,2022,25,298
GBR,office,2022,26,193
GBR,office,2022,27,361
GBR,office,2022,28,86
GBR,office,2022,29,347
GBR,office,2022,3,177
GBR,office,2022,30,114
GBR,office,2022,31,370
GBR,office,2022,32,671
GBR,office,2022,33,472
GBR,office,2022,34,337
GBR,office,2022,35,1147
GBR,office,2022,4,394
GBR,office,2022,5,104
GBR,office,2022,6,1018
GBR,office,2022,7,81
GBR,office,2022,8,163
GBR,office,2022,9,234
GBR,origin,2015,0,30
GBR,origin,2015,1,978
GBR,origin,2015,10,815
GBR,origin,2015,11,184
GBR,origin,2015,12,243
GBR,origin,2015,13,1026
GBR,origin,2015,14,753
GBR,origin,2015,15,477
GBR,origin,2015,16,837
GBR,origin,2015,17,159
GBR,origin,2015,18,172
GBR,origin,2015,19,509
GBR,origin,2015,2,347
GBR,origin,2015,20,238
GBR,origin,2015,21,209
GBR,origin,2015,22,31
GBR,origin,2015,23,475
GBR,origin,2015,24,242
GBR,origin,2015,25,424
GBR,origin,2015,26,250
GBR,origin,2015,27,656
GBR,origin,2015,28,165
GBR,origin,2015,29,408
GBR,origin,2015,3,333
GBR,origin,2015,30,180
GBR,origin,2015,31,577
GBR,origin,2015,32,733
GBR,origin,2015,33,541
GBR,origin,2015,34,438
GBR,origin,2015,35,812
GBR,origin,2015,4,519
GBR,origin,2015,5,126
GBR,origin,2015,6,938
GBR,origin,2015,7,75
GBR,origin,2015,8,240
GBR,origin,2015,9,236
GBR,origin,2016,0,11
GBR,origin,2016,1,1100
GBR,origin,2016,10,912
GBR,origin,2016,11,208
GBR,origin,2016,12,248
GBR,origin,2016,13,1143
GBR,origin,2016,14,823
GBR,origin,2016,15,534
GBR,origin,2016,16,956
GBR,origin,2016,17,175
GBR,origin,2016,18,160
GBR,origin,2016,19,515
GBR,origin,2016,2,378
GBR,origin,2016,20,251
GBR,origin,2016,21,218
GBR,origin,2016,22,38
GBR,origin,2016,23,528
GBR,origin,2016,24,275
GBR,origin,2016,25,444
GBR,origin,2016,26,229
GBR,origin,2016,27,735
GBR,origin,2016,28,152
GBR,origin,2016,29,474
GBR,origin,2016,3,324
GBR,origin,2016,30,243
GBR,origin,2016,31,646
GBR,origin,2016,32,835
GBR,origin,2016,33,618
GBR,origin,2016,34,609
GBR,origin,2016,35,927
GBR,origin,2016,4,544
GBR,origin,2016,5,147
GBR,origin,2016,6,1005
GBR,origin,2016,7,76
GBR,origin,2016,8,245
GBR,origin,2016,9,279
GBR,origin,2017,0,9
GBR,origin,2017,1,1134
GBR,origin,2017,10,995
GBR,origin,2017,11,201
GBR,origin,2017,12,311
GBR,origin,2017,13,1126
GBR,origin,2017,14,843
GBR,origin,2017,15,570
GBR,origin,2017,16,960
GBR,origin,2017,17,138
GBR,origin,2017,18,132
GBR,origin,2017,19,503
GBR,origin,2017,2,347
GBR,origin,2017,20,245
GBR,origin,2017,21,264
GBR,origin,2017,22,42
GBR,origin,2017,23,542
GBR,origin,2017,24,308
GBR,origin,2017,25,391
GBR,origin,2017,26,213
GBR,origin,2017,27,803
GBR,origin,2017,28,182
GBR,origin,2017,29,431
GBR,origin,2017,3,378
GBR,origin,2017,30,238
GBR,origin,2017,31,652
GBR,origin,2017,32,925
GBR,origin,2017,33,510
GBR,origin,2017,34,729
GBR,origin,2017,35,1091
GBR,origin,2017,4,587
GBR,origin,2017,5,142
GBR,origin,2017,6,1163
GBR,origin,2017,7,74
GBR,origin,2017,8,214
GBR,origin,2017,9,341
GBR,origin,2018,0,2
GBR,origin,2018,1,1207
GBR,origin,2018,10,1016
GBR,origin,2018,11,217
GBR,origin,2018,12,333
GBR,origin,2018,13,1084
GBR,origin,2018,14,773
GBR,origin,2018,15,557
GBR,origin,2018,16,937
GBR,origin,2018,17,164
GBR,origin,2018,18,122
GBR,origin,2018,19,513
GBR,origin,2018,2,356
GBR,origin,2018,20,278
GBR,origin,2018,21,232
GBR,origin,2018,22,42
GBR,origin,2018,23,550
GBR,origin,2018,24,318
GBR,origin,2018,25,409
GBR,origin,2018,26,263
GBR,origin,2018,27,818
GBR,origin,2018,28,152
GBR,origin,2018,29,453
GBR,origin,2018,3,353
GBR,origin,2018,30,245
GBR,origin,2018,31,677
GBR,origin,2018,32,1061
GBR,origin,2018,33,570
GBR,origin,2018,34,789
GBR,origin,2018,35,881
GBR,origin,2018,4,605
GBR,origin,2018,5,160
GBR,origin,2018,6,1195
GBR,origin,2018,7,82
GBR,origin,2018,8,246
GBR,origin,2018,9,299
GBR,origin,2019,0,15
GBR,origin,2019,1,1235
GBR,origin,2019,10,1101
GBR,origin,2019,11,214
GBR,origin,2019,12,332
GBR,origin,2019,13,1209
GBR,origin,2019,14,842
GBR,origin,2019,15,629
GBR,origin,2019,16,1034
GBR,origin,2019,17,145
GBR,origin,2019,18,142
GBR,origin,2019,19,518
GBR,origin,2019,2,424
GBR,origin,2019,20,297
GBR,origin,2019,21,212
GBR,origin,2019,22,62
GBR,origin,2019,23,586
GBR,origin,2019,24,376
GBR,origin,2019,25,420
GBR,origin,2019,26,235
GBR,origin,2019,27,879
GBR,origin,2019,28,177
GBR,origin,2019,29,448
GBR,origin,2019,3,386
GBR,origin,2019,30,238
GBR,origin,2019,31,774
GBR,origin,2019,32,1123
GBR,origin,2019,33,455
GBR,origin,2019,34,847
GBR,origin,2019,35,929
GBR,origin,2019,4,724
GBR,origin,2019,5,188
GBR,origin,2019,6,1483
GBR,origin,2019,7,108
GBR,origin,2019,8,290
GBR,origin,2019,9,334
GBR,origin,2020,0,16
GBR,origin,2020,1,1300
GBR,origin,2020,10,1115
GBR,origin,2020,11,223
GBR,origin,2020,12,313
GBR,origin,2020,13,1303
GBR,origin,2020,14,822
GBR,origin,2020,15,679
GBR,origin,2020,16,1073
GBR,origin,2020,17,166
GBR,origin,2020,18,111
GBR,origin,2020,19,501
GBR,origin,2020,2,494
GBR,origin,2020,20,272
GBR,origin,2020,21,214
GBR,origin,2020,22,54
GBR,origin,2020,23,637
GBR,origin,2020,24,371
GBR,origin,2020,25,447
GBR,origin,2020,26,247
GBR,origin,2020,27,844
GBR,origin,2020,28,190
GBR,origin,2020,29,465
GBR,origin,2020,3,372
GBR,origin,2020,30,258
GBR,origin,2020,31,771
GBR,origin,2020,32,1115
GBR,origin,2020,33,507
GBR,origin,2020,34,806
GBR,origin,2020,35,1006
GBR,origin,2020,4,731
GBR,origin,2020,5,216
GBR,origin,2020,6,1965
GBR,origin,2020,7,142
GBR,origin,2020,8,295
GBR,origin,2020,9,374
GBR,origin,2021,0,2
GBR,origin,2021,1,1203
GBR,origin,2021,10,1111
GBR,origin,2021,11,184
GBR,origin,2021,12,308
GBR,origin,2021,13,1464
GBR,origin,2021,14,773
GBR,origin,2021,15,642
GBR,origin,2021,16,1106
GBR,origin,2021,17,156
GBR,origin,2021,18,109
GBR,origin,2021,19,518
GBR,origin,2021,2,469
GBR,origin,2021,20,243
GBR,origin,2021,21,197
GBR,origin,2021,22,39
GBR,origin,2021,23,642
GBR,origin,2021,24,376
GBR,origin,2021,25,500
GBR,origin,2021,26,227
GBR,origin,2021,27,773
GBR,origin,2021,28,200
GBR,origin,2021,29,564
GBR,origin,2021,3,383
GBR,origin,2021,30,226
GBR,origin,2021,31,746
GBR,origin,2021,32,1139
GBR,origin,2021,33,497
GBR,origin,2021,34,888
GBR,origin,2021,35,1118
GBR,origin,2021,4,778
GBR,origin,2021,5,191
GBR,origin,2021,6,2174
GBR,origin,2021,7,163
GBR,origin,2021,8,259
GBR,origin,2021,9,408
GBR,origin,2022,0,1
GBR,origin,2022,1,1156
GBR,origin,2022,10,1028
GBR,origin,2022,11,159
GBR,origin,2022,12,326
GBR,origin,2022,13,1500
GBR,origin,2022,14,628
GBR,origin,2022,15,659
GBR,origin,2022,16,931
GBR,origin,2022,17,135
GBR,origin,2022,18,97
GBR,origin,2022,19,480
GBR,origin,2022,2,492
GBR,origin,2022,20,270
GBR,origin,2022,21,224
GBR,origin,2022,22,26
GBR,origin,2022,23,583
GBR,origin,2022,24,300
GBR,origin,2022,25,549
GBR,origin,2022,26,241
GBR,origin,2022,27,708
GBR,origin,2022,28,217
GBR,origin,2022,29,582
GBR,origin,2022,3,296
GBR,origin,2022,30,188
GBR,origin,2022,31,650
GBR,origin,2022,32,1055
GBR,origin,2022,33,502
GBR,origin,2022,34,900
GBR,origin,2022,35,1012
GBR,origin,2022,4,603
GBR,origin,2022,5,204
GBR,origin,2022,6,2016
GBR,origin,2022,7,152
GBR,origin,2022,8,286
GBR,origin,2022,9,457
GEO,office,2015,1,5
GEO,office,2015,10,1
GEO,office,2015,12,1
GEO,office,2015,13,6
GEO,office,2015,14,49
GEO,office,2015,15,5
GEO,office,2015,16,58
GEO,office,2015,18,7
GEO,office,2015,19,15
GEO,office,2015,20,6
GEO,office,2015,23,8
GEO,office,2015,24,6
GEO,office,2015,25,2
GEO,office,2015,27,17
GEO,office,2015,28,1
GEO,office,2015,29,9
GEO,office,2015,30,3
GEO,office,2015,31,2
GEO,office,2015,32,7
GEO,office,2015,34,2
GEO,office,2015,35,14
GEO,office,2015,7,1
GEO,office,2015,9,2
GEO,office,2016,0,1
GEO,office,2016,1,3
GEO,office,2016,10,2
GEO,office,2016,13,7
GEO,office,2016,14,24
GEO,office,2016,15,9
GEO,office,2016,16,48
GEO,office,2016,17,2
GEO,office,2016,18,9
GEO,office,2016,19,6
GEO,office,2016,20,8
GEO,office,2016,21,3
GEO,office,2016,23,5
GEO,office,2016,24,3
GEO,office,2016,25,3
GEO,office,2016,26,1
GEO,office,2016,27,4
GEO,office,2016,29,16
GEO,office,2016,3,2
GEO,office,2016,32,4
GEO,office,2016,34,4
GEO,office,2016,35,8
GEO,office,2016,6,2
GEO,office,2016,8,1
GEO,office,2016,9,3
GEO,office,2017,1,3
GEO,office,2017,11,1
GEO,office,2017,12,3
GEO,office,2017,13,7
GEO,office,2017,14,43
GEO,office,2017,15,15
GEO,office,2017,16,86
GEO,office,2017,17,3
GEO,office,2017,18,6
GEO,office,2017,19,7
GEO,office,2017,20,4
GEO,office,2017,21,1
GEO,office,2017,23,5
GEO,office,2017,24,3
GEO,office,2017,25,2
GEO,office,2017,26,2
GEO,office,2017,27,3
GEO,office,2017,29,8
GEO,office,2017,3,2
GEO,office,2017,30,2
GEO,office,2017,32,5
GEO,office,2017,34,1
GEO,office,2017,35,13
GEO,office,2017,6,1
GEO,office,2017,8,2
GEO,office,2018,10,3
GEO,office,2018,12,1
GEO,office,2018,13,4
GEO,office,2018,14,24
GEO,office,2018,15,2
GEO,office,2018,16,34
GEO,office,2018,19,5
GEO,office,2018,20,6
GEO,office,2018,21,1
GEO,office,2018,22,1
GEO,office,2018,23,4
GEO,office,2018,24,3
GEO,office,2018,25,1
GEO,office,2018,26,4
GEO,office,2018,27,1
GEO,office,2018,29,5
GEO,office,2018,31,1
GEO,office,2018,32,1
GEO,office,2018,33,3
GEO,office,2018,34,2
GEO,office,2018,35,3
GEO,office,2019,1,5
GEO,office,2019,13,2
GEO,office,2019,14,18
GEO,office,2019,15,6
GEO,office,2019,16,34
GEO,office,2019,18,1
GEO,office,2019,19,3
GEO,office,2019,20,6
GEO,office,2019,21,5
GEO,office,2019,23,2
GEO,office,2019,24,2
GEO,office,2019,25,3
GEO,office,2019,26,1
GEO,office,2019,27,4
GEO,office,2019,29,4
GEO,office,2019,30,2
GEO,office,2019,32,6
GEO,office,2019,33,3
GEO,office,2019,34,5
GEO,office,2019,35,6
GEO,office,2019,6,1
GEO,office,2019,7,1
GEO,office,2019,8,1
GEO,office,2019,9,1
GEO,office,2020,10,1
GEO,office,2020,13,2
GEO,office,2020,14,29
GEO,office,2020,15,4
GEO,office,2020,16,34
GEO,office,2020,17,2
GEO,office,2020,18,3
GEO,office,2020,19,11
GEO,office,2020,20,8
GEO,office,2020,21,1
GEO,office,2020,24,4
GEO,office,2020,25,6
GEO,office,2020,26,1
GEO,office,2020,27,3
GEO,office,2020,28,3
GEO,office,2020,29,3
GEO,office,2020,30,1
GEO,office,2020,31,1
GEO,office,2020,32,5
GEO,office,2020,33,3
GEO,office,2020,34,1
GEO,office,2020,35,7
GEO,office,2020,4,1
GEO,office,2020,6,2
GEO,office,2020,8,2
GEO,office,2021,1,4
GEO,office,2021,10,2
GEO,office,2021,12,1
GEO,office,2021,13,2
GEO,office,2021,14,18
GEO,office,2021,15,11
GEO,office,2021,16,32
GEO,office,2021,17,1
GEO,office,2021,18,7
GEO,office,2021,19,4
GEO,office,2021,20,3
GEO,office,2021,21,1
GEO,office,2021,23,3
GEO,office,2021,24,3
GEO,office,2021,25,5
GEO,office,2021,26,2
GEO,office,2021,27,4
GEO,office,2021,29,7
GEO,office,2021,31,2
GEO,office,2021,32,4
GEO,office,2021,33,2
GEO,office,2021,35,4
GEO,office,2021,6,1
GEO,office,2021,7,1
GEO,office,2022,1,1
GEO,office,2022,10,2
GEO,office,2022,11,1
GEO,office,2022,12,2
GEO,office,2022,13,2
GEO,office,2022,14,13
GEO,office,2022,15,5
GEO,office,2022,16,32
GEO,office,2022,17,1
GEO,office,2022,18,2
GEO,office,2022,19,2
GEO,office,2022,20,2
GEO,office,2022,23,6
GEO,office,2022,24,5
GEO,office,2022,25,4
GEO,office,2022,26,1
GEO,office,2022,27,3
GEO,office,2022,29,7
GEO,office,2022,30,2
GEO,office,2022,31,3
GEO,office,2022,32,3
GEO,office,2022,34,1
GEO,office,2022,35,9
GEO,office,2022,8,1
GEO,origin,2015,1,3
GEO,origin,2015,10,1
GEO,origin,2015,13,2
GEO,origin,2015,16,4
GEO,origin,2015,18,5
GEO,origin,2015,19,2
GEO,origin,2015,20,4
GEO,origin,2015,22,1
GEO,origin,2015,23,4
GEO,origin,2015,25,1
GEO,origin,2015,27,13
GEO,origin,2015,28,1
GEO,origin,2015,29,8
GEO,origin,2015,30,1
GEO,origin,2015,31,1
GEO,origin,2015,32,6
GEO,origin,2015,35,5
GEO,origin,2015,7,1
GEO,origin,2015,8,1
GEO,origin,2015,9,1
GEO,origin,2016,1,3
GEO,origin,2016,10,2
GEO,origin,2016,13,5
GEO,origin,2016,16,1
GEO,origin,2016,18,8
GEO,origin,2016,19,2
GEO,origin,2016,20,7
GEO,origin,2016,21,1
GEO,origin,2016,23,3
GEO,origin,2016,24,2
GEO,origin,2016,25,3
GEO,origin,2016,27,3
GEO,origin,2016,29,14
GEO,origin,2016,32,4
GEO,origin,2016,35,4
GEO,origin,2016,8,1
GEO,origin,2016,9,2
GEO,origin,2017,1,4
GEO,origin,2017,10,1
GEO,origin,2017,13,1
GEO,origin,2017,18,2
GEO,origin,2017,20,3
GEO,origin,2017,23,2
GEO,origin,2017,24,1
GEO,origin,2017,25,1
GEO,origin,2017,26,2
GEO,origin,2017,27,3
GEO,origin,2017,29,6
GEO,origin,2017,3,1
GEO,origin,2017,30,1
GEO,origin,2017,32,3
GEO,origin,2017,35,7
GEO,origin,2017,6,1
GEO,origin,2017,8,2
GEO,origin,2018,10,3
GEO,origin,2018,12,1
GEO,origin,2018,13,4
GEO,origin,2018,16,1
GEO,origin,2018,19,2
GEO,origin,2018,20,3
GEO,origin,2018,22,1
GEO,origin,2018,23,3
GEO,origin,2018,25,1
GEO,origin,2018,26,3
GEO,origin,2018,27,1
GEO,origin,2018,29,3
GEO,origin,2018,31,2
GEO,origin,2018,32,1
GEO,origin,2018,33,1
GEO,origin,2018,34,2
GEO,origin,2018,35,2
GEO,origin,2019,1,1
GEO,origin,2019,11,1
GEO,origin,2019,15,1
GEO,origin,2019,16,2
GEO,origin,2019,20,4
GEO,origin,2019,21,4
GEO,origin,2019,23,1
GEO,origin,2019,24,2
GEO,origin,2019,25,1
GEO,origin,2019,26,1
GEO,origin,2019,27,2
GEO,origin,2019,29,2
GEO,origin,2019,32,4
GEO,origin,2019,35,4
GEO,origin,2019,6,1
GEO,origin,2019,7,1
GEO,origin,2019,8,1
GEO,origin,2019,9,1
GEO,origin,2020,1,1
GEO,origin,2020,10,1
GEO,origin,2020,13,1
GEO,origin,2020,14,3
GEO,origin,2020,15,1
GEO,origin,2020,16,1
GEO,origin,2020,17,1
GEO,origin,2020,18,1
GEO,origin,2020,19,3
GEO,origin,2020,2,1
GEO,origin,2020,20,6
GEO,origin,2020,24,1
GEO,origin,2020,25,2
GEO,origin,2020,26,1
GEO,origin,2020,27,3
GEO,origin,2020,29,2
GEO,origin,2020,32,6
GEO,origin,2020,33,2
GEO,origin,2020,34,1
GEO,origin,2020,35,5
GEO,origin,2020,6,1
GEO,origin,2020,8,3
GEO,origin,2021,1,1
GEO,origin,2021,10,3
GEO,origin,2021,11,1
GEO,origin,2021,13,2
GEO,origin,2021,15,2
GEO,origin,2021,16,1
GEO,origin,2021,17,1
GEO,origin,2021,18,6
GEO,origin,2021,19,1
GEO,origin,2021,20,3
GEO,origin,2021,23,2
GEO,origin,2021,24,2
GEO,origin,2021,25,3
GEO,origin,2021,26,2
GEO,origin,2021,27,6
GEO,origin,2021,29,6
GEO,origin,2021,30,3
GEO,origin,2021,32,2
GEO,origin,2021,33,1
GEO,origin,2021,35,2
GEO,origin,2021,9,2
GEO,origin,2022,1,1
GEO,origin,2022,10,3
GEO,origin,2022,11,1
GEO,origin,2022,12,2
GEO,origin,2022,13,1
GEO,origin,2022,15,1
GEO,origin,2022,18,3
GEO,origin,2022,20,2
GEO,origin,2022,23,4
GEO,origin,2022,24,4
GEO,origin,2022,25,4
GEO,origin,2022,26,1
GEO,origin,2022,27,1
GEO,origin,2022,29,6
GEO,origin,2022,31,1
GEO,origin,2022,32,2
GEO,origin,2022,34,1
GEO,origin,2022,35,4
GEO,origin,2022,8,1
GHA,origin,2015,19,2
GHA,origin,2015,20,2
GHA,origin,2015,21,1
GIN,origin,2018,16,1
GIN,origin,2018,35,1
GIN,origin,2020,13,1
GIN,origin,2020,33,1
GRC,office,2015,1,10
GRC,office,2015,10,8
GRC,office,2015,11,2
GRC,office,2015,12,4
GRC,office,2015,13,12
GRC,office,2015,14,4
GRC,office,2015,16,25
GRC,office,2015,17,1
GRC,office,2015,18,24
GRC,office,2015,19,5
GRC,office,2015,2,3
GRC,office,2015,20,2
GRC,office,2015,21,1
GRC,office,2015,22,1
GRC,office,2015,23,6
GRC,office,2015,24,9
GRC,office,2015,25,9
GRC,office,2015,26,5
GRC,office,2015,27,13
GRC,office,2015,29,24
GRC,office,2015,3,3
GRC,office,2015,30,13
GRC,office,2015,31,6
GRC,office,2015,32,8
GRC,office,2015,33,11
GRC,office,2015,34,18
GRC,office,2015,35,23
GRC,office,2015,4,2
GRC,office,2015,5,1
GRC,office,2015,6,5
GRC,office,2015,7,2
GRC,office,2015,8,4
GRC,office,2015,9,1
GRC,office,2016,1,9
GRC,office,2016,10,6
GRC,office,2016,12,5
GRC,office,2016,13,18
GRC,office,2016,14,5
GRC,office,2016,15,1
GRC,office,2016,16,15
GRC,office,2016,17,1
GRC,office,2016,18,31
GRC,office,2016,19,8
GRC,office,2016,2,4
GRC,office,2016,20,4
GRC,office,2016,21,2
GRC,office,2016,22,1
GRC,office,2016,23,3
GRC,office,2016,24,6
GRC,office,2016,25,7
GRC,office,2016,26,2
GRC,office,2016,27,14
GRC,office,2016,28,1
GRC,office,2016,29,21
GRC,office,2016,3,1
GRC,office,2016,30,12
GRC,office,2016,31,4
GRC,office,2016,32,12
GRC,office,2016,33,19
GRC,office,2016,34,12
GRC,office,2016,35,22
GRC,office,2016,4,1
GRC,office,2016,5,2
GRC,office,2016,6,7
GRC,office,2016,8,1
GRC,office,2016,9,3
GRC,office,2017,1,8
GRC,office,2017,10,5
GRC,office,2017,11,2
GRC,office,2017,12,6
GRC,office,2017,13,8
GRC,office,2017,14,8
GRC,office,2017,15,3
GRC,office,2017,16,23
GRC,office,2017,17,1
GRC,office,2017,18,26
GRC,office,2017,19,10
GRC,office,2017,2,2
GRC,office,2017,20,2
GRC,office,2017,21,3
GRC,office,2017,22,1
GRC,office,2017,23,11
GRC,office,2017,24,9
GRC,office,2017,25,12
GRC,office,2017,26,3
GRC,office,2017,27,12
GRC,office,2017,29,18
GRC,office,2017,3,2
GRC,office,2017,30,7
GRC,office,2017,31,10
GRC,office,2017,32,10
GRC,office,2017,33,14
GRC,office,2017,34,5
GRC,office,2017,35,31
GRC,office,2017,4,2
GRC,office,2017,5,2
GRC,office,2017,6,4
GRC,office,2017,7,5
GRC,office,2017,8,1
GRC,office,2017,9,1
GRC,office,2018,1,14
GRC,office,2018,10,3
GRC,office,2018,11,2
GRC,office,2018,12,5
GRC,office,2018,13,11
GRC,office,2018,14,2
GRC,office,2018,15,2
GRC,office,2018,16,18
GRC,office,2018,18,21
GRC,office,2018,19,6
GRC,office,2018,2,1
GRC,office,2018,20,2
GRC,office,2018,21,2
GRC,office,2018,22,1
GRC,office,2018,23,6
GRC,office,2018,24,8
GRC,office,2018,25,13
GRC,office,2018,26,4
GRC,office,2018,27,10
GRC,office,2018,28,2
GRC,office,2018,29,19
GRC,office,2018,3,3
GRC,office,2018,30,7
GRC,office,2018,31,6
GRC,office,2018,32,7
GRC,office,2018,33,20
GRC,office,2018,34,17
GRC,office,2018,35,20
GRC,office,2018,4,1
GRC,office,2018,6,3
GRC,office,2018,7,1
GRC,office,2018,8,2
GRC,office,2018,9,1
GRC,office,2019,1,9
GRC,office,2019,10,8
GRC,office,2019,11,2
GRC,office,2019,12,4
GRC,office,2019,13,9
GRC,office,2019,14,4
GRC,office,2019,15,2
GRC,office,2019,16,33
GRC,office,2019,17,1
GRC,office,2019,18,21
GRC,office,2019,19,7
GRC,office,2019,2,2
GRC,office,2019,20,2
GRC,office,2019,21,5
GRC,office,2019,23,5
GRC,office,2019,24,11
GRC,office,2019,25,15
GRC,office,2019,26,2
GRC,office,2019,27,10
GRC,office,2019,28,1
GRC,office,2019,29,26
GRC,office,2019,3,2
GRC,office,2019,30,6
GRC,office,2019,31,4
GRC,office,2019,32,12
GRC,office,2019,33,12
GRC,office,2019,34,6
GRC,office,2019,35,30
GRC,office,2019,4,1
GRC,office,2019,6,1
GRC,office,2019,7,3
GRC,office,2020,1,8
GRC,office,2020,10,4
GRC,office,2020,12,6
GRC,office,2020,13,16
GRC,office,2020,14,3
GRC,office,2020,15,2
GRC,office,2020,16,13
GRC,office,2020,17,2
GRC,office,2020,18,15
GRC,office,2020,19,6
GRC,office,2020,2,3
GRC,office,2020,20,2
GRC,office,2020,21,1
GRC,office,2020,23,4
GRC,office,2020,24,4
GRC,office,2020,25,16
GRC,office,2020,26,7
GRC,office,2020,27,13
GRC,office,2020,28,2
GRC,office,2020,29,25
GRC,office,2020,30,8
GRC,office,2020,31,7
GRC,office,2020,32,9
GRC,office,2020,33,13
GRC,office,2020,34,10
GRC,office,2020,35,19
GRC,office,2020,6,2
GRC,office,2020,7,1
GRC,office,2021,1,6
GRC,office,2021,10,4
GRC,office,2021,11,2
GRC,office,2021,12,6
GRC,office,2021,13,17
GRC,office,2021,14,3
GRC,office,2021,15,5
GRC,office,2021,16,24
GRC,office,2021,17,1
GRC,office,2021,18,20
GRC,office,2021,19,5
GRC,office,2021,2,1
GRC,office,2021,20,3
GRC,office,2021,21,2
GRC,office,2021,23,7
GRC,office,2021,24,11
GRC,office,2021,25,15
GRC,office,2021,26,3
GRC,office,2021,27,12
GRC,office,2021,28,1
GRC,office,2021,29,23
GRC,office,2021,3,2
GRC,office,2021,30,4
GRC,office,2021,31,6
GRC,office,2021,32,10
GRC,office,2021,33,13
GRC,office,2021,34,14
GRC,office,2021,35,21
GRC,office,2021,4,3
GRC,office,2021,6,6
GRC,office,2021,7,3
GRC,office,2021,9,1
GRC,office,2022,1,11
GRC,office,2022,10,9
GRC,office,2022,11,3
GRC,office,2022,12,8
GRC,office,2022,13,15
GRC,office,2022,14,6
GRC,office,2022,15,1
GRC,office,2022,16,23
GRC,office,2022,17,1
GRC,office,2022,18,18
GRC,office,2022,19,7
GRC,office,2022,2,1
GRC,office,2022,20,3
GRC,office,2022,21,3
GRC,office,2022,23,5
GRC,office,2022,24,5
GRC,office,2022,25,14
GRC,office,2022,26,5
GRC,office,2022,27,6
GRC,office,2022,28,2
GRC,office,2022,29,14
GRC,office,2022,3,2
GRC,office,2022,30,4
GRC,office,2022,31,8
GRC,office,2022,32,9
GRC,office,2022,33,7
GRC,office,2022,34,11
GRC,office,2022,35,17
GRC,office,2022,4,2
GRC,office,2022,6,3
GRC,office,2022,7,2
GRC,office,2022,8,1
GRC,office,2022,9,2
GRC,origin,2015,0,2
GRC,origin,2015,1,18
GRC,origin,2015,10,9
GRC,origin,2015,11,2
GRC,origin,2015,12,10
GRC,origin,2015,13,15
GRC,origin,2015,14,6
GRC,origin,2015,15,2
GRC,origin,2015,16,38
GRC,origin,2015,17,2
GRC,origin,2015,18,26
GRC,origin,2015,19,7
GRC,origin,2015,2,5
GRC,origin,2015,20,2
GRC,origin,2015,21,7
GRC,origin,2015,22,1
GRC,origin,2015,23,8
GRC,origin,2015,24,10
GRC,origin,2015,25,14
GRC,origin,2015,26,30
GRC,origin,2015,27,21
GRC,origin,2015,28,5
GRC,origin,2015,29,33
GRC,origin,2015,3,6
GRC,origin,2015,30,12
GRC,origin,2015,31,7
GRC,origin,2015,32,14
GRC,origin,2015,33,15
GRC,origin,2015,34,18
GRC,origin,2015,35,30
GRC,origin,2015,4,2
GRC,origin,2015,5,3
GRC,origin,2015,6,18
GRC,origin,2015,7,3
GRC,origin,2015,8,4
GRC,origin,2015,9,1
GRC,origin,2016,1,15
GRC,origin,2016,10,11
GRC,origin,2016,11,2
GRC,origin,2016,12,11
GRC,origin,2016,13,21
GRC,origin,2016,14,10
GRC,origin,2016,15,6
GRC,origin,2016,16,28
GRC,origin,2016,17,1
GRC,origin,2016,18,32
GRC,origin,2016,19,9
GRC,origin,2016,2,6
GRC,origin,2016,20,7
GRC,origin,2016,21,10
GRC,origin,2016,22,1
GRC,origin,2016,23,8
GRC,origin,2016,24,10
GRC,origin,2016,25,12
GRC,origin,2016,26,22
GRC,origin,2016,27,17
GRC,origin,2016,28,3
GRC,origin,2016,29,38
GRC,origin,2016,3,3
GRC,origin,2016,30,15
GRC,origin,2016,31,8
GRC,origin,2016,32,14
GRC,origin,2016,33,20
GRC,origin,2016,34,14
GRC,origin,2016,35,26
GRC,origin,2016,4,4
GRC,origin,2016,5,3
GRC,origin,2016,6,15
GRC,origin,2016,7,3
GRC,origin,2016,8,2
GRC,origin,2016,9,3
GRC,origin,2017,1,14
GRC,origin,2017,10,10
GRC,origin,2017,11,4
GRC,origin,2017,12,10
GRC,origin,2017,13,16
GRC,origin,2017,14,9
GRC,origin,2017,15,7
GRC,origin,2017,16,33
GRC,origin,2017,17,2
GRC,origin,2017,18,38
GRC,origin,2017,19,10
GRC,origin,2017,2,6
GRC,origin,2017,20,2
GRC,origin,2017,21,11
GRC,origin,2017,22,1
GRC,origin,2017,23,14
GRC,origin,2017,24,11
GRC,origin,2017,25,13
GRC,origin,2017,26,41
GRC,origin,2017,27,15
GRC,origin,2017,28,2
GRC,origin,2017,29,30
GRC,origin,2017,3,3
GRC,origin,2017,30,9
GRC,origin,2017,31,13
GRC,origin,2017,32,15
GRC,origin,2017,33,16
GRC,origin,2017,34,6
GRC,origin,2017,35,39
GRC,origin,2017,4,2
GRC,origin,2017,5,2
GRC,origin,2017,6,11
GRC,origin,2017,7,5
GRC,origin,2017,8,2
GRC,origin,2017,9,3
GRC,origin,2018,1,16
GRC,origin,2018,10,7
GRC,origin,2018,11,4
GRC,origin,2018,12,13
GRC,origin,2018,13,24
GRC,origin,2018,14,7
GRC,origin,2018,15,9
GRC,origin,2018,16,36
GRC,origin,2018,18,24
GRC,origin,2018,19,3
GRC,origin,2018,2,5
GRC,origin,2018,20,2
GRC,origin,2018,21,12
GRC,origin,2018,22,1
GRC,origin,2018,23,10
GRC,origin,2018,24,9
GRC,origin,2018,25,20
GRC,origin,2018,26,50
GRC,origin,2018,27,12
GRC,origin,2018,28,6
GRC,origin,2018,29,32
GRC,origin,2018,3,4
GRC,origin,2018,30,8
GRC,origin,2018,31,8
GRC,origin,2018,32,15
GRC,origin,2018,33,21
GRC,origin,2018,34,16
GRC,origin,2018,35,34
GRC,origin,2018,4,6
GRC,origin,2018,5,1
GRC,origin,2018,6,9
GRC,origin,2018,7,6
GRC,origin,2018,8,2
GRC,origin,2018,9,2
GRC,origin,2019,1,10
GRC,origin,2019,10,8
GRC,origin,2019,11,2
GRC,origin,2019,12,10
GRC,origin,2019,13,22
GRC,origin,2019,14,14
GRC,origin,2019,15,11
GRC,origin,2019,16,66
GRC,origin,2019,17,3
GRC,origin,2019,18,26
GRC,origin,2019,19,8
GRC,origin,2019,2,5
GRC,origin,2019,20,3
GRC,origin,2019,21,20
GRC,origin,2019,23,10
GRC,origin,2019,24,15
GRC,origin,2019,25,22
GRC,origin,2019,26,76
GRC,origin,2019,27,14
GRC,origin,2019,28,5
GRC,origin,2019,29,44
GRC,origin,2019,3,5
GRC,origin,2019,30,7
GRC,origin,2019,31,7
GRC,origin,2019,32,16
GRC,origin,2019,33,14
GRC,origin,2019,34,8
GRC,origin,2019,35,35
GRC,origin,2019,4,3
GRC,origin,2019,5,1
GRC,origin,2019,6,8
GRC,origin,2019,7,5
GRC,origin,2019,8,1
GRC,origin,2019,9,2
GRC,origin,2020,0,1
GRC,origin,2020,1,13
GRC,origin,2020,10,5
GRC,origin,2020,12,8
GRC,origin,2020,13,28
GRC,origin,2020,14,13
GRC,origin,2020,15,15
GRC,origin,2020,16,40
GRC,origin,2020,17,3
GRC,origin,2020,18,21
GRC,origin,2020,19,6
GRC,origin,2020,2,5
GRC,origin,2020,20,4
GRC,origin,2020,21,15
GRC,origin,2020,23,6
GRC,origin,2020,24,7
GRC,origin,2020,25,20
GRC,origin,2020,26,96
GRC,origin,2020,27,16
GRC,origin,2020,28,9
GRC,origin,2020,29,39
GRC,origin,2020,3,7
GRC,origin,2020,30,9
GRC,origin,2020,31,8
GRC,origin,2020,32,17
GRC,origin,2020,33,12
GRC,origin,2020,34,14
GRC,origin,2020,35,29
GRC,origin,2020,4,5
GRC,origin,2020,5,1
GRC,origin,2020,6,11
GRC,origin,2020,7,2
GRC,origin,2020,8,3
GRC,origin,2020,9,1
GRC,origin,2021,1,10
GRC,origin,2021,10,9
GRC,origin,2021,11,1
GRC,origin,2021,12,7
GRC,origin,2021,13,30
GRC,origin,2021,14,14
GRC,origin,2021,15,11
GRC,origin,2021,16,49
GRC,origin,2021,17,2
GRC,origin,2021,18,27
GRC,origin,2021,19,9
GRC,origin,2021,2,2
GRC,origin,2021,20,4
GRC,origin,2021,21,14
GRC,origin,2021,23,11
GRC,origin,2021,24,13
GRC,origin,2021,25,19
GRC,origin,2021,26,100
GRC,origin,2021,27,11
GRC,origin,2021,28,5
GRC,origin,2021,29,30
GRC,origin,2021,3,4
GRC,origin,2021,30,8
GRC,origin,2021,31,6
GRC,origin,2021,32,17
GRC,origin,2021,33,15
GRC,origin,2021,34,16
GRC,origin,2021,35,35
GRC,origin,2021,4,4
GRC,origin,2021,5,1
GRC,origin,2021,6,14
GRC,origin,2021,7,4
GRC,origin,2021,9,2
GRC,origin,2022,1,13
GRC,origin,2022,10,16
GRC,origin,2022,11,3
GRC,origin,2022,12,8
GRC,origin,2022,13,28
GRC,origin,2022,14,14
GRC,origin,2022,15,9
GRC,origin,2022,16,47
GRC,origin,2022,17,4
GRC,origin,2022,18,19
GRC,origin,2022,19,6
GRC,origin,2022,2,4
GRC,origin,2022,20,6
GRC,origin,2022,21,13
GRC,origin,2022,23,10
GRC,origin,2022,24,6
GRC,origin,2022,25,19
GRC,origin,2022,26,97
GRC,origin,2022,27,11
GRC,origin,2022,28,5
GRC,origin,2022,29,24
GRC,origin,2022,3,8
GRC,origin,2022,30,4
GRC,origin,2022,31,17
GRC,origin,2022,32,18
GRC,origin,2022,33,7
GRC,origin,2022,34,16
GRC,origin,2022,35,28
GRC,origin,2022,4,3
GRC,origin,2022,6,7
GRC,origin,2022,7,2
GRC,origin,2022,8,2
GRC,origin,2022,9,2
GRD,origin,2018,10,1
GRD,origin,2018,8,1
GRD,origin,2022,12,1
GRD,origin,2022,32,1
GTM,origin,2015,14,1
GTM,origin,2015,19,1
GTM,origin,2017,31,1
GTM,origin,2017,34,1
GTM,origin,2017,7,1
GTM,origin,2019,31,1
GTM,origin,2019,32,1
GTM,origin,2019,34,1
GTM,origin,2020,13,1
GTM,origin,2020,31,1
GTM,origin,2020,34,2
GTM,origin,2021,1,1
GTM,origin,2021,31,1
GTM,origin,2021,32,1
GTM,origin,2021,33,1
GTM,origin,2022,31,1
GUY,origin,2015,32,1
GUY,origin,2015,35,1
HKG,office,2015,0,18
HKG,office,2015,1,53
HKG,office,2015,10,22
HKG,office,2015,12,11
HKG,office,2015,13,31
HKG,office,2015,14,1
HKG,office,2015,15,3
HKG,office,2015,16,3
HKG,office,2015,18,8
HKG,office,2015,19,2
HKG,office,2015,2,12
HKG,office,2015,20,5
HKG,office,2015,21,6
HKG,office,2015,23,5
HKG,office,2015,24,4
HKG,office,2015,25,14
HKG,office,2015,26,6
HKG,office,2015,27,2
HKG,office,2015,28,8
HKG,office,2015,29,33
HKG,office,2015,3,11
HKG,office,2015,30,8
HKG,office,2015,31,12
HKG,office,2015,32,13
HKG,office,2015,33,60
HKG,office,2015,34,50
HKG,office,2015,35,31
HKG,office,2015,4,16
HKG,office,2015,6,25
HKG,office,2015,7,19
HKG,office,2015,8,3
HKG,office,2015,9,17
HKG,office,2016,0,23
HKG,office,2016,1,34
HKG,office,2016,10,11
HKG,office,2016,12,9
HKG,office,2016,13,31
HKG,office,2016,14,3
HKG,office,2016,15,4
HKG,office,2016,16,1
HKG,office,2016,18,3
HKG,office,2016,19,6
HKG,office,2016,2,17
HKG,office,2016,20,4
HKG,office,2016,21,9
HKG,office,2016,23,9
HKG,office,2016,24,6
HKG,office,2016,25,13
HKG,office,2016,26,11
HKG,office,2016,27,8
HKG,office,2016,28,6
HKG,office,2016,29,13
HKG,office,2016,3,8
HKG,office,2016,30,16
HKG,office,2016,31,18
HKG,office,2016,32,9
HKG,office,2016,33,47
HKG,office,2016,34,75
HKG,office,2016,35,39
HKG,office,2016,4,12
HKG,office,2016,6,33
HKG,office,2016,7,21
HKG,office,2016,8,4
HKG,office,2016,9,13
HKG,office,2017,0,66
HKG,office,2017,1,24
HKG,office,2017,10,16
HKG,office,2017,11,1
HKG,office,2017,12,18
HKG,office,2017,13,30
HKG,office,2017,14,16
HKG,office,2017,15,17
HKG,office,2017,16,16
HKG,office,2017,17,2
HKG,office,2017,18,5
HKG,office,2017,19,5
HKG,office,2017,2,9
HKG,office,2017,20,2
HKG,office,2017,21,6
HKG,office,2017,22,1
HKG,office,2017,23,6
HKG,office,2017,24,4
HKG,office,2017,25,31
HKG,office,2017,26,12
HKG,office,2017,27,5
HKG,office,2017,28,7
HKG,office,2017,29,17
HKG,office,2017,3,8
HKG,office,2017,30,13
HKG,office,2017,31,15
HKG,office,2017,32,13
HKG,office,2017,33,37
HKG,office,2017,34,50
HKG,office,2017,35,23
HKG,office,2017,4,21
HKG,office,2017,5,4
HKG,office,2017,6,22
HKG,office,2017,7,7
HKG,office,2017,8,4
HKG,office,2017,9,12
HKG,office,2018,0,16
HKG,office,2018,1,27
HKG,office,2018,10,6
HKG,office,2018,12,21
HKG,office,2018,13,14
HKG,office,2018,14,4
HKG,office,2018,15,2
HKG,office,2018,16,3
HKG,office,2018,17,1
HKG,office,2018,18,4
HKG,office,2018,19,3
HKG,office,2018,2,7
HKG,office,2018,20,3
HKG,office,2018,21,3
HKG,office,2018,23,3
HKG,office,2018,24,1
HKG,office,2018,25,21
HKG,office,2018,26,4
HKG,office,2018,27,3
HKG,office,2018,28,3
HKG,office,2018,29,7
HKG,office,2018,3,4
HKG,office,2018,30,6
HKG,office,2018,31,2
HKG,office,2018,32,11
HKG,office,2018,33,29
HKG,office,2018,34,40
HKG,office,2018,35,14
HKG,office,2018,4,5
HKG,office,2018,5,1
HKG,office,2018,6,10
HKG,office,2018,7,12
HKG,office,2018,8,3
HKG,office,2018,9,7
HKG,office,2019,0,64
HKG,office,2019,1,26
HKG,office,2019,10,11
HKG,office,2019,12,26
HKG,office,2019,13,26
HKG,office,2019,14,15
HKG,office,2019,15,16
HKG,office,2019,16,24
HKG,office,2019,17,2
HKG,office,2019,18,2
HKG,office,2019,19,5
HKG,office,2019,2,7
HKG,office,2019,20,5
HKG,office,2019,21,5
HKG,office,2019,23,6
HKG,office,2019,24,8
HKG,office,2019,25,20
HKG,office,2019,26,8
HKG,office,2019,27,10
HKG,office,2019,28,6
HKG,office,2019,29,14
HKG,office,2019,3,8
HKG,office,2019,30,14
HKG,office,2019,31,13
HKG,office,2019,32,19
HKG,office,2019,33,24
HKG,office,2019,34,20
HKG,office,2019,35,28
HKG,office,2019,4,22
HKG,office,2019,5,1
HKG,office,2019,6,68
HKG,office,2019,7,25
HKG,office,2019,8,4
HKG,office,2019,9,18
HKG,office,2020,0,133
HKG,office,2020,1,20
HKG,office,2020,10,16
HKG,office,2020,12,7
HKG,office,2020,13,31
HKG,office,2020,14,37
HKG,office,2020,15,34
HKG,office,2020,16,54
HKG,office,2020,17,6
HKG,office,2020,18,8
HKG,office,2020,19,7
HKG,office,2020,2,9
HKG,office,2020,20,5
HKG,office,2020,21,4
HKG,office,2020,23,4
HKG,office,2020,24,3
HKG,office,2020,25,22
HKG,office,2020,26,7
HKG,office,2020,27,5
HKG,office,2020,28,9
HKG,office,2020,29,5
HKG,office,2020,3,6
HKG,office,2020,30,2
HKG,office,2020,31,12
HKG,office,2020,32,15
HKG,office,2020,33,16
HKG,office,2020,34,23
HKG,office,2020,35,13
HKG,office,2020,4,27
HKG,office,2020,5,2
HKG,office,2020,6,43
HKG,office,2020,7,2
HKG,office,2020,8,9
HKG,office,2020,9,16
HKG,origin,2015,0,12
HKG,origin,2015,1,115
HKG,origin,2015,10,55
HKG,origin,2015,11,6
HKG,origin,2015,12,27
HKG,origin,2015,13,48
HKG,origin,2015,14,11
HKG,origin,2015,15,14
HKG,origin,2015,16,28
HKG,origin,2015,17,3
HKG,origin,2015,18,8
HKG,origin,2015,19,18
HKG,origin,2015,2,58
HKG,origin,2015,20,10
HKG,origin,2015,21,23
HKG,origin,2015,22,4
HKG,origin,2015,23,14
HKG,origin,2015,24,6
HKG,origin,2015,25,29
HKG,origin,2015,26,38
HKG,origin,2015,27,8
HKG,origin,2015,28,21
HKG,origin,2015,29,60
HKG,origin,2015,3,71
HKG,origin,2015,30,14
HKG,origin,2015,31,22
HKG,origin,2015,32,111
HKG,origin,2015,33,136
HKG,origin,2015,34,96
HKG,origin,2015,35,61
HKG,origin,2015,4,77
HKG,origin,2015,5,10
HKG,origin,2015,6,118
HKG,origin,2015,7,19
HKG,origin,2015,8,43
HKG,origin,2015,9,36
HKG,origin,2016,0,12
HKG,origin,2016,1,89
HKG,origin,2016,10,39
HKG,origin,2016,11,7
HKG,origin,2016,12,23
HKG,origin,2016,13,58
HKG,origin,2016,14,18
HKG,origin,2016,15,17
HKG,origin,2016,16,35
HKG,origin,2016,17,2
HKG,origin,2016,18,7
HKG,origin,2016,19,42
HKG,origin,2016,2,80
HKG,origin,2016,20,13
HKG,origin,2016,21,37
HKG,origin,2016,22,2
HKG,origin,2016,23,23
HKG,origin,2016,24,15
HKG,origin,2016,25,37
HKG,origin,2016,26,54
HKG,origin,2016,27,9
HKG,origin,2016,28,9
HKG,origin,2016,29,48
HKG,origin,2016,3,57
HKG,origin,2016,30,20
HKG,origin,2016,31,29
HKG,origin,2016,32,107
HKG,origin,2016,33,143
HKG,origin,2016,34,86
HKG,origin,2016,35,67
HKG,origin,2016,4,93
HKG,origin,2016,5,9
HKG,origin,2016,6,118
HKG,origin,2016,7,35
HKG,origin,2016,8,44
HKG,origin,2016,9,45
HKG,origin,2017,0,11
HKG,origin,2017,1,113
HKG,origin,2017,10,45
HKG,origin,2017,11,7
HKG,origin,2017,12,31
HKG,origin,2017,13,51
HKG,origin,2017,14,22
HKG,origin,2017,15,16
HKG,origin,2017,16,42
HKG,origin,2017,17,5
HKG,origin,2017,18,4
HKG,origin,2017,19,35
HKG,origin,2017,2,82
HKG,origin,2017,20,8
HKG,origin,2017,21,31
HKG,origin,2017,22,2
HKG,origin,2017,23,24
HKG,origin,2017,24,9
HKG,origin,2017,25,33
HKG,origin,2017,26,31
HKG,origin,2017,27,16
HKG,origin,2017,28,12
HKG,origin,2017,29,43
HKG,origin,2017,3,74
HKG,origin,2017,30,21
HKG,origin,2017,31,33
HKG,origin,2017,32,117
HKG,origin,2017,33,126
HKG,origin,2017,34,81
HKG,origin,2017,35,46
HKG,origin,2017,4,70
HKG,origin,2017,5,11
HKG,origin,2017,6,151
HKG,origin,2017,7,26
HKG,origin,2017,8,25
HKG,origin,2017,9,50
HKG,origin,2018,0,9
HKG,origin,2018,1,118
HKG,origin,2018,10,40
HKG,origin,2018,11,5
HKG,origin,2018,12,34
HKG,origin,2018,13,51
HKG,origin,2018,14,19
HKG,origin,2018,15,13
HKG,origin,2018,16,34
HKG,origin,2018,17,4
HKG,origin,2018,18,7
HKG,origin,2018,19,33
HKG,origin,2018,2,56
HKG,origin,2018,20,10
HKG,origin,2018,21,18
HKG,origin,2018,22,2
HKG,origin,2018,23,22
HKG,origin,2018,24,7
HKG,origin,2018,25,32
HKG,origin,2018,26,32
HKG,origin,2018,27,10
HKG,origin,2018,28,7
HKG,origin,2018,29,70
HKG,origin,2018,3,40
HKG,origin,2018,30,12
HKG,origin,2018,31,29
HKG,origin,2018,32,98
HKG,origin,2018,33,98
HKG,origin,2018,34,63
HKG,origin,2018,35,45
HKG,origin,2018,4,71
HKG,origin,2018,5,10
HKG,origin,2018,6,116
HKG,origin,2018,7,27
HKG,origin,2018,8,26
HKG,origin,2018,9,29
HKG,origin,2019,0,6
HKG,origin,2019,1,117
HKG,origin,2019,10,38
HKG,origin,2019,11,6
HKG,origin,2019,12,49
HKG,origin,2019,13,42
HKG,origin,2019,14,18
HKG,origin,2019,15,17
HKG,origin,2019,16,22
HKG,origin,2019,17,2
HKG,origin,2019,18,6
HKG,origin,2019,19,46
HKG,origin,2019,2,72
HKG,origin,2019,20,16
HKG,origin,2019,21,19
HKG,origin,2019,23,18
HKG,origin,2019,24,14
HKG,origin,2019,25,23
HKG,origin,2019,26,40
HKG,origin,2019,27,6
HKG,origin,2019,28,8
HKG,origin,2019,29,42
HKG,origin,2019,3,53
HKG,origin,2019,30,14
HKG,origin,2019,31,26
HKG,origin,2019,32,100
HKG,origin,2019,33,113
HKG,origin,2019,34,53
HKG,origin,2019,35,39
HKG,origin,2019,4,140
HKG,origin,2019,5,15
HKG,origin,2019,6,273
HKG,origin,2019,7,61
HKG,origin,2019,8,26
HKG,origin,2019,9,45
HKG,origin,2020,0,1
HKG,origin,2020,1,103
HKG,origin,2020,10,50
HKG,origin,2020,11,13
HKG,origin,2020,12,43
HKG,origin,2020,13,49
HKG,origin,2020,14,15
HKG,origin,2020,15,17
HKG,origin,2020,16,24
HKG,origin,2020,17,3
HKG,origin,2020,18,5
HKG,origin,2020,19,38
HKG,origin,2020,2,89
HKG,origin,2020,20,10
HKG,origin,2020,21,15
HKG,origin,2020,22,3
HKG,origin,2020,23,13
HKG,origin,2020,24,6
HKG,origin,2020,25,20
HKG,origin,2020,26,29
HKG,origin,2020,27,8
HKG,origin,2020,28,16
HKG,origin,2020,29,28
HKG,origin,2020,3,37
HKG,origin,2020,30,10
HKG,origin,2020,31,21
HKG,origin,2020,32,71
HKG,origin,2020,33,83
HKG,origin,2020,34,43
HKG,origin,2020,35,51
HKG,origin,2020,4,180
HKG,origin,2020,5,12
HKG,origin,2020,6,381
HKG,origin,2020,7,132
HKG,origin,2020,8,26
HKG,origin,2020,9,35
HKG,origin,2021,1,107
HKG,origin,2021,10,23
HKG,origin,2021,11,8
HKG,origin,2021,12,34
HKG,origin,2021,13,44
HKG,origin,2021,14,17
HKG,origin,2021,15,27
HKG,origin,2021,16,33
HKG,origin,2021,17,8
HKG,origin,2021,18,7
HKG,origin,2021,19,32
HKG,origin,2021,2,64
HKG,origin,2021,20,11
HKG,origin,2021,21,23
HKG,origin,2021,22,3
HKG,origin,2021,23,27
HKG,origin,2021,24,4
HKG,origin,2021,25,19
HKG,origin,2021,26,16
HKG,origin,2021,27,5
HKG,origin,2021,28,11
HKG,origin,2021,29,34
HKG,origin,2021,3,39
HKG,origin,2021,30,14
HKG,origin,2021,31,29
HKG,origin,2021,32,53
HKG,origin,2021,33,79
HKG,origin,2021,34,37
HKG,origin,2021,35,40
HKG,origin,2021,4,182
HKG,origin,2021,5,13
HKG,origin,2021,6,241
HKG,origin,2021,7,36
HKG,origin,2021,8,23
HKG,origin,2021,9,32
HKG,origin,2022,1,102
HKG,origin,2022,10,36
HKG,origin,2022,11,10
HKG,origin,2022,12,22
HKG,origin,2022,13,53
HKG,origin,2022,14,23
HKG,origin,2022,15,30
HKG,origin,2022,16,28
HKG,origin,2022,17,7
HKG,origin,2022,18,6
HKG,origin,2022,19,26
HKG,origin,2022,2,67
HKG,origin,2022,20,22
HKG,origin,2022,21,16
HKG,origin,2022,22,1
HKG,origin,2022,23,18
HKG,origin,2022,24,9
HKG,origin,2022,25,23
HKG,origin,2022,26,10
HKG,origin,2022,27,6
HKG,origin,2022,28,11
HKG,origin,2022,29,26
HKG,origin,2022,3,39
HKG,origin,2022,30,13
HKG,origin,2022,31,20
HKG,origin,2022,32,47
HKG,origin,2022,33,56
HKG,origin,2022,34,32
HKG,origin,2022,35,40
HKG,origin,2022,4,155
HKG,origin,2022,5,10
HKG,origin,2022,6,185
HKG,origin,2022,7,32
HKG,origin,2022,8,28
HKG,origin,2022,9,38
HND,origin,2015,14,1
HND,origin,2015,16,1
HND,origin,2017,6,1
HND,origin,2018,14,1
HRV,office,2015,0,5
HRV,office,2015,1,7
HRV,office,2015,10,2
HRV,office,2015,12,1
HRV,office,2015,13,5
HRV,office,2015,14,8
HRV,office,2015,15,3
HRV,office,2015,16,19
HRV,office,2015,18,4
HRV,office,2015,19,3
HRV,office,2015,2,3
HRV,office,2015,20,1
HRV,office,2015,21,1
HRV,office,2015,23,2
HRV,office,2015,24,1
HRV,office,2015,25,5
HRV,office,2015,26,1
HRV,office,2015,27,1
HRV,office,2015,28,3
HRV,office,2015,29,7
HRV,office,2015,3,4
HRV,office,2015,30,1
HRV,office,2015,31,5
HRV,office,2015,32,5
HRV,office,2015,33,6
HRV,office,2015,34,1
HRV,office,2015,35,11
HRV,office,2015,4,3
HRV,office,2015,6,2
HRV,office,2015,7,2
HRV,office,2015,8,1
HRV,office,2016,0,5
HRV,office,2016,1,3
HRV,office,2016,10,4
HRV,office,2016,11,2
HRV,office,2016,12,3
HRV,office,2016,13,6
HRV,office,2016,14,8
HRV,office,2016,15,4
HRV,office,2016,16,10
HRV,office,2016,18,1
HRV,office,2016,19,2
HRV,office,2016,21,2
HRV,office,2016,23,3
HRV,office,2016,24,1
HRV,office,2016,25,8
HRV,office,2016,26,6
HRV,office,2016,27,2
HRV,office,2016,28,2
HRV,office,2016,29,1
HRV,office,2016,3,3
HRV,office,2016,31,3
HRV,office,2016,32,9
HRV,office,2016,33,4
HRV,office,2016,34,4
HRV,office,2016,35,8
HRV,office,2016,4,1
HRV,office,2016,6,6
HRV,office,2016,7,5
HRV,office,2017,1,4
HRV,office,2017,10,4
HRV,office,2017,12,3
HRV,office,2017,13,2
HRV,office,2017,14,4
HRV,office,2017,15,2
HRV,office,2017,16,7
HRV,office,2017,18,1
HRV,office,2017,19,2
HRV,office,2017,2,1
HRV,office,2017,23,2
HRV,office,2017,24,3
HRV,office,2017,25,4
HRV,office,2017,26,3
HRV,office,2017,27,2
HRV,office,2017,28,1
HRV,office,2017,29,6
HRV,office,2017,30,2
HRV,office,2017,31,4
HRV,office,2017,32,6
HRV,office,2017,33,9
HRV,office,2017,34,4
HRV,office,2017,35,8
HRV,office,2017,6,2
HRV,office,2017,7,1
HRV,office,2018,0,2
HRV,office,2018,1,1
HRV,office,2018,10,5
HRV,office,2018,12,1
HRV,office,2018,13,1
HRV,office,2018,14,3
HRV,office,2018,15,1
HRV,office,2018,16,8
HRV,office,2018,17,1
HRV,office,2018,18,1
HRV,office,2018,19,1
HRV,office,2018,23,1
HRV,office,2018,26,3
HRV,office,2018,27,3
HRV,office,2018,28,1
HRV,office,2018,29,6
HRV,office,2018,3,1
HRV,office,2018,30,4
HRV,office,2018,31,1
HRV,office,2018,32,4
HRV,office,2018,33,4
HRV,office,2018,34,5
HRV,office,2018,35,9
HRV,office,2018,4,1
HRV,office,2018,6,2
HRV,office,2018,7,1
HRV,office,2018,9,1
HRV,office,2019,0,1
HRV,office,2019,1,9
HRV,office,2019,10,1
HRV,office,2019,12,1
HRV,office,2019,13,2
HRV,office,2019,14,6
HRV,office,2019,16,10
HRV,office,2019,17,1
HRV,office,2019,18,2
HRV,office,2019,19,1
HRV,office,2019,20,2
HRV,office,2019,21,1
HRV,office,2019,24,4
HRV,office,2019,25,2
HRV,office,2019,26,6
HRV,office,2019,27,3
HRV,office,2019,29,3
HRV,office,2019,3,2
HRV,office,2019,30,1
HRV,office,2019,31,3
HRV,office,2019,32,5
HRV,office,2019,33,6
HRV,office,2019,34,6
HRV,office,2019,35,8
HRV,office,2019,6,1
HRV,office,2019,7,3
HRV,office,2019,9,1
HRV,office,2020,0,2
HRV,office,2020,1,3
HRV,office,2020,10,1
HRV,office,2020,12,1
HRV,office,2020,13,3
HRV,office,2020,14,1
HRV,office,2020,15,1
HRV,office,2020,16,6
HRV,office,2020,18,2
HRV,office,2020,20,3
HRV,office,2020,24,1
HRV,office,2020,25,2
HRV,office,2020,27,4
HRV,office,2020,29,6
HRV,office,2020,30,6
HRV,office,2020,31,2
HRV,office,2020,32,6
HRV,office,2020,33,2
HRV,office,2020,34,2
HRV,office,2020,35,12
HRV,office,2020,4,2
HRV,office,2020,6,1
HRV,office,2020,7,2
HRV,office,2021,1,7
HRV,office,2021,12,2
HRV,office,2021,13,3
HRV,office,2021,14,1
HRV,office,2021,15,1
HRV,office,2021,16,2
HRV,office,2021,18,1
HRV,office,2021,19,1
HRV,office,2021,2,1
HRV,office,2021,24,2
HRV,office,2021,25,2
HRV,office,2021,26,2
HRV,office,2021,27,5
HRV,office,2021,28,2
HRV,office,2021,30,5
HRV,office,2021,31,1
HRV,office,2021,32,5
HRV,office,2021,33,5
HRV,office,2021,34,2
HRV,office,2021,35,5
HRV,office,2021,4,1
HRV,office,2021,6,3
HRV,office,2021,8,1
HRV,office,2022,0,1
HRV,office,2022,1,6
HRV,office,2022,11,1
HRV,office,2022,12,6
HRV,office,2022,13,2
HRV,office,2022,14,1
HRV,office,2022,15,1
HRV,office,2022,16,5
HRV,office,2022,18,2
HRV,office,2022,19,1
HRV,office,2022,2,1
HRV,office,2022,21,1
HRV,office,2022,23,1
HRV,office,2022,24,1
HRV,office,2022,26,1
HRV,office,2022,27,1
HRV,office,2022,29,5
HRV,office,2022,3,1
HRV,office,2022,30,1
HRV,office,2022,31,2
HRV,office,2022,32,3
HRV,office,2022,33,2
HRV,office,2022,34,3
HRV,office,2022,35,4
HRV,office,2022,4,3
HRV,office,2022,6,3
HRV,office,2022,9,1
HRV,origin,2015,1,9
HRV,origin,2015,10,3
HRV,origin,2015,11,1
HRV,origin,2015,12,2
HRV,origin,2015,13,3
HRV,origin,2015,14,3
HRV,origin,2015,15,1
HRV,origin,2015,16,6
HRV,origin,2015,18,3
HRV,origin,2015,19,4
HRV,origin,2015,2,1
HRV,origin,2015,20,3
HRV,origin,2015,21,1
HRV,origin,2015,23,1
HRV,origin,2015,24,1
HRV,origin,2015,25,5
HRV,origin,2015,26,1
HRV,origin,2015,27,2
HRV,origin,2015,28,1
HRV,origin,2015,29,8
HRV,origin,2015,3,3
HRV,origin,2015,30,2
HRV,origin,2015,31,7
HRV,origin,2015,32,5
HRV,origin,2015,33,8
HRV,origin,2015,34,1
HRV,origin,2015,35,12
HRV,origin,2015,4,1
HRV,origin,2015,6,1
HRV,origin,2015,7,1
HRV,origin,2015,8,1
HRV,origin,2015,9,1
HRV,origin,2016,1,2
HRV,origin,2016,10,6
HRV,origin,2016,11,3
HRV,origin,2016,12,4
HRV,origin,2016,13,4
HRV,origin,2016,14,2
HRV,origin,2016,15,2
HRV,origin,2016,16,5
HRV,origin,2016,18,1
HRV,origin,2016,19,3
HRV,origin,2016,20,1
HRV,origin,2016,21,2
HRV,origin,2016,23,2
HRV,origin,2016,24,1
HRV,origin,2016,25,6
HRV,origin,2016,26,5
HRV,origin,2016,27,2
HRV,origin,2016,28,1
HRV,origin,2016,29,4
HRV,origin,2016,3,4
HRV,origin,2016,31,3
HRV,origin,2016,32,10
HRV,origin,2016,33,6
HRV,origin,2016,34,6
HRV,origin,2016,35,8
HRV,origin,2016,4,1
HRV,origin,2016,5,1
HRV,origin,2016,6,8
HRV,origin,2016,7,5
HRV,origin,2017,1,5
HRV,origin,2017,10,5
HRV,origin,2017,11,2
HRV,origin,2017,12,3
HRV,origin,2017,13,2
HRV,origin,2017,14,3
HRV,origin,2017,15,3
HRV,origin,2017,16,7
HRV,origin,2017,18,1
HRV,origin,2017,19,1
HRV,origin,2017,2,1
HRV,origin,2017,23,2
HRV,origin,2017,24,2
HRV,origin,2017,25,6
HRV,origin,2017,26,2
HRV,origin,2017,27,2
HRV,origin,2017,28,2
HRV,origin,2017,29,4
HRV,origin,2017,3,5
HRV,origin,2017,30,1
HRV,origin,2017,31,5
HRV,origin,2017,32,9
HRV,origin,2017,33,9
HRV,origin,2017,34,4
HRV,origin,2017,35,5
HRV,origin,2017,5,2
HRV,origin,2017,6,2
HRV,origin,2017,7,1
HRV,origin,2017,8,1
HRV,origin,2017,9,1
HRV,origin,2018,1,1
HRV,origin,2018,10,6
HRV,origin,2018,11,2
HRV,origin,2018,12,1
HRV,origin,2018,13,2
HRV,origin,2018,14,2
HRV,origin,2018,16,7
HRV,origin,2018,17,1
HRV,origin,2018,18,1
HRV,origin,2018,2,1
HRV,origin,2018,23,3
HRV,origin,2018,24,2
HRV,origin,2018,25,1
HRV,origin,2018,26,2
HRV,origin,2018,27,3
HRV,origin,2018,28,2
HRV,origin,2018,29,7
HRV,origin,2018,3,2
HRV,origin,2018,30,4
HRV,origin,2018,31,1
HRV,origin,2018,32,5
HRV,origin,2018,33,4
HRV,origin,2018,34,8
HRV,origin,2018,35,10
HRV,origin,2018,4,1
HRV,origin,2018,5,1
HRV,origin,2018,6,3
HRV,origin,2018,7,1
HRV,origin,2018,9,1
HRV,origin,2019,1,9
HRV,origin,2019,10,1
HRV,origin,2019,12,1
HRV,origin,2019,13,3
HRV,origin,2019,14,4
HRV,origin,2019,15,1
HRV,origin,2019,16,10
HRV,origin,2019,18,2
HRV,origin,2019,20,1
HRV,origin,2019,23,1
HRV,origin,2019,24,7
HRV,origin,2019,25,3
HRV,origin,2019,26,3
HRV,origin,2019,27,2
HRV,origin,2019,28,2
HRV,origin,2019,29,5
HRV,origin,2019,3,2
HRV,origin,2019,30,1
HRV,origin,2019,31,3
HRV,origin,2019,32,7
HRV,origin,2019,33,9
HRV,origin,2019,34,11
HRV,origin,2019,35,10
HRV,origin,2019,6,2
HRV,origin,2019,7,3
HRV,origin,2019,8,1
HRV,origin,2019,9,1
HRV,origin,2020,1,3
HRV,origin,2020,10,4
HRV,origin,2020,12,2
HRV,origin,2020,13,3
HRV,origin,2020,14,5
HRV,origin,2020,15,1
HRV,origin,2020,16,9
HRV,origin,2020,18,6
HRV,origin,2020,20,1
HRV,origin,2020,25,2
HRV,origin,2020,27,5
HRV,origin,2020,28,2
HRV,origin,2020,29,5
HRV,origin,2020,30,9
HRV,origin,2020,31,2
HRV,origin,2020,32,6
HRV,origin,2020,33,3
HRV,origin,2020,34,7
HRV,origin,2020,35,9
HRV,origin,2020,4,2
HRV,origin,2020,6,2
HRV,origin,2020,7,2
HRV,origin,2020,8,1
HRV,origin,2021,1,6
HRV,origin,2021,10,2
HRV,origin,2021,12,2
HRV,origin,2021,13,6
HRV,origin,2021,14,6
HRV,origin,2021,15,1
HRV,origin,2021,16,7
HRV,origin,2021,17,1
HRV,origin,2021,18,2
HRV,origin,2021,19,1
HRV,origin,2021,2,1
HRV,origin,2021,21,1
HRV,origin,2021,24,3
HRV,origin,2021,25,2
HRV,origin,2021,26,2
HRV,origin,2021,27,6
HRV,origin,2021,28,3
HRV,origin,2021,29,1
HRV,origin,2021,30,9
HRV,origin,2021,31,2
HRV,origin,2021,32,6
HRV,origin,2021,33,5
HRV,origin,2021,34,4
HRV,origin,2021,35,3
HRV,origin,2021,4,2
HRV,origin,2021,6,4
HRV,origin,2022,1,7
HRV,origin,2022,10,2
HRV,origin,2022,11,3
HRV,origin,2022,12,9
HRV,origin,2022,13,7
HRV,origin,2022,14,7
HRV,origin,2022,16,7
HRV,origin,2022,18,2
HRV,origin,2022,19,1
HRV,origin,2022,2,1
HRV,origin,2022,23,1
HRV,origin,2022,24,1
HRV,origin,2022,26,2
HRV,origin,2022,27,1
HRV,origin,2022,28,1
HRV,origin,2022,29,7
HRV,origin,2022,3,1
HRV,origin,2022,30,2
HRV,origin,2022,31,4
HRV,origin,2022,32,4
HRV,origin,2022,33,4
HRV,origin,2022,34,4
HRV,origin,2022,35,4
HRV,origin,2022,4,2
HRV,origin,2022,6,2
HRV,origin,2022,9,1
HTI,origin,2019,4,1
HUN,office,2015,0,14
HUN,office,2015,1,13
HUN,office,2015,10,7
HUN,office,2015,11,2
HUN,office,2015,13,18
HUN,office,2015,14,62
HUN,office,2015,15,25
HUN,office,2015,16,72
HUN,office,2015,17,3
HUN,office,2015,18,13
HUN,office,2015,19,33
HUN,office,2015,2,6
HUN,office,2015,20,8
HUN,office,2015,21,5
HUN,office,2015,23,12
HUN,office,2015,24,12
HUN,office,2015,25,7
HUN,office,2015,26,6
HUN,office,2015,27,6
HUN,office,2015,28,2
HUN,office,2015,29,14
HUN,office,2015,30,8
HUN,office,2015,31,5
HUN,office,2015,32,6
HUN,office,2015,33,10
HUN,office,2015,34,6
HUN,office,2015,35,18
HUN,office,2015,5,1
HUN,office,2015,6,1
HUN,office,2015,9,3
HUN,office,2016,0,7
HUN,office,2016,1,7
HUN,office,2016,10,3
HUN,office,2016,11,4
HUN,office,2016,12,1
HUN,office,2016,13,7
HUN,office,2016,14,44
HUN,office,2016,15,18
HUN,office,2016,16,61
HUN,office,2016,17,6
HUN,office,2016,18,8
HUN,office,2016,19,20
HUN,office,2016,2,1
HUN,office,2016,20,5
HUN,office,2016,21,5
HUN,office,2016,23,7
HUN,office,2016,24,7
HUN,office,2016,25,7
HUN,office,2016,26,2
HUN,office,2016,27,6
HUN,office,2016,28,1
HUN,office,2016,29,12
HUN,office,2016,3,1
HUN,office,2016,30,4
HUN,office,2016,31,5
HUN,office,2016,32,3
HUN,office,2016,33,2
HUN,office,2016,34,5
HUN,office,2016,35,10
HUN,office,2016,7,2
HUN,office,2016,8,2
HUN,office,2016,9,4
HUN,office,2017,0,3
HUN,office,2017,1,2
HUN,office,2017,10,6
HUN,office,2017,11,3
HUN,office,2017,12,2
HUN,office,2017,13,8
HUN,office,2017,14,24
HUN,office,2017,15,10
HUN,office,2017,16,30
HUN,office,2017,17,5
HUN,office,2017,18,8
HUN,office,2017,19,8
HUN,office,2017,2,3
HUN,office,2017,20,5
HUN,office,2017,21,1
HUN,office,2017,23,4
HUN,office,2017,24,4
HUN,office,2017,25,3
HUN,office,2017,26,5
HUN,office,2017,27,4
HUN,office,2017,29,13
HUN,office,2017,3,2
HUN,office,2017,31,5
HUN,office,2017,32,10
HUN,office,2017,33,2
HUN,office,2017,34,1
HUN,office,2017,35,5
HUN,office,2017,4,1
HUN,office,2017,6,2
HUN,office,2017,9,3
HUN,office,2018,0,9
HUN,office,2018,1,1
HUN,office,2018,10,3
HUN,office,2018,11,1
HUN,office,2018,13,6
HUN,office,2018,14,24
HUN,office,2018,15,6
HUN,office,2018,16,33
HUN,office,2018,17,3
HUN,office,2018,18,7
HUN,office,2018,19,23
HUN,office,2018,2,1
HUN,office,2018,20,3
HUN,office,2018,21,2
HUN,office,2018,22,1
HUN,office,2018,23,4
HUN,office,2018,24,3
HUN,office,2018,25,2
HUN,office,2018,26,3
HUN,office,2018,27,3
HUN,office,2018,28,3
HUN,office,2018,29,4
HUN,office,2018,30,2
HUN,office,2018,31,5
HUN,office,2018,32,10
HUN,office,2018,33,2
HUN,office,2018,35,6
HUN,office,2018,6,2
HUN,office,2018,7,1
HUN,office,2019,0,2
HUN,office,2019,1,10
HUN,office,2019,10,6
HUN,office,2019,11,1
HUN,office,2019,12,2
HUN,office,2019,13,16
HUN,office,2019,14,13
HUN,office,2019,15,4
HUN,office,2019,16,19
HUN,office,2019,17,2
HUN,office,2019,18,3
HUN,office,2019,19,5
HUN,office,2019,2,2
HUN,office,2019,20,6
HUN,office,2019,21,1
HUN,office,2019,23,3
HUN,office,2019,24,9
HUN,office,2019,25,5
HUN,office,2019,26,3
HUN,office,2019,27,3
HUN,office,2019,28,1
HUN,office,2019,29,9
HUN,office,2019,3,1
HUN,office,2019,30,5
HUN,office,2019,31,6
HUN,office,2019,32,6
HUN,office,2019,33,5
HUN,office,2019,34,3
HUN,office,2019,35,2
HUN,office,2019,4,2
HUN,office,2019,6,2
HUN,office,2019,7,2
HUN,office,2019,8,1
HUN,office,2019,9,2
HUN,office,2020,1,1
HUN,office,2020,12,1
HUN,office,2020,13,7
HUN,office,2020,14,13
HUN,office,2020,15,1
HUN,office,2020,16,14
HUN,office,2020,17,2
HUN,office,2020,18,1
HUN,office,2020,19,9
HUN,office,2020,20,2
HUN,office,2020,21,2
HUN,office,2020,23,5
HUN,office,2020,24,4
HUN,office,2020,25,2
HUN,office,2020,26,3
HUN,office,2020,29,6
HUN,office,2020,3,1
HUN,office,2020,30,1
HUN,office,2020,31,1
HUN,office,2020,32,1
HUN,office,2020,33,6
HUN,office,2020,34,3
HUN,office,2020,35,7
HUN,office,2020,5,1
HUN,office,2020,9,3
HUN,office,2021,0,1
HUN,office,2021,1,3
HUN,office,2021,10,2
HUN,office,2021,11,1
HUN,office,2021,13,6
HUN,office,2021,14,10
HUN,office,2021,15,3
HUN,office,2021,16,5
HUN,office,2021,17,2
HUN,office,2021,18,2
HUN,office,2021,19,3
HUN,office,2021,2,2
HUN,office,2021,20,3
HUN,office,2021,23,6
HUN,office,2021,24,4
HUN,office,2021,25,3
HUN,office,2021,26,1
HUN,office,2021,27,3
HUN,office,2021,28,1
HUN,office,2021,29,8
HUN,office,2021,30,2
HUN,office,2021,31,3
HUN,office,2021,32,2
HUN,office,2021,33,6
HUN,office,2021,34,3
HUN,office,2021,35,8
HUN,office,2021,5,1
HUN,office,2021,9,1
HUN,office,2022,0,1
HUN,office,2022,1,4
HUN,office,2022,10,5
HUN,office,2022,11,2
HUN,office,2022,12,3
HUN,office,2022,13,12
HUN,office,2022,14,7
HUN,office,2022,15,1
HUN,office,2022,16,11
HUN,office,2022,17,1
HUN,office,2022,18,1
HUN,office,2022,19,5
HUN,office,2022,20,2
HUN,office,2022,23,3
HUN,office,2022,24,4
HUN,office,2022,25,2
HUN,office,2022,26,2
HUN,office,2022,27,6
HUN,office,2022,28,1
HUN,office,2022,29,8
HUN,office,2022,30,3
HUN,office,2022,31,1
HUN,office,2022,32,9
HUN,office,2022,33,2
HUN,office,2022,34,1
HUN,office,2022,35,14
HUN,office,2022,6,5
HUN,office,2022,7,1
HUN,office,2022,9,2
HUN,origin,2015,0,1
HUN,origin,2015,1,9
HUN,origin,2015,10,12
HUN,origin,2015,11,5
HUN,origin,2015,12,1
HUN,origin,2015,13,28
HUN,origin,2015,14,50
HUN,origin,2015,15,18
HUN,origin,2015,16,57
HUN,origin,2015,17,2
HUN,origin,2015,18,3
HUN,origin,2015,19,11
HUN,origin,2015,2,7
HUN,origin,2015,20,7
HUN,origin,2015,21,3
HUN,origin,2015,22,1
HUN,origin,2015,23,10
HUN,origin,2015,24,11
HUN,origin,2015,25,11
HUN,origin,2015,26,6
HUN,origin,2015,27,7
HUN,origin,2015,28,2
HUN,origin,2015,29,15
HUN,origin,2015,3,1
HUN,origin,2015,30,8
HUN,origin,2015,31,9
HUN,origin,2015,32,12
HUN,origin,2015,33,20
HUN,origin,2015,34,12
HUN,origin,2015,35,18
HUN,origin,2015,4,3
HUN,origin,2015,5,2
HUN,origin,2015,6,9
HUN,origin,2015,7,1
HUN,origin,2015,8,2
HUN,origin,2015,9,9
HUN,origin,2016,0,1
HUN,origin,2016,1,8
HUN,origin,2016,10,5
HUN,origin,2016,11,4
HUN,origin,2016,12,2
HUN,origin,2016,13,16
HUN,origin,2016,14,40
HUN,origin,2016,15,17
HUN,origin,2016,16,49
HUN,origin,2016,17,5
HUN,origin,2016,18,6
HUN,origin,2016,19,15
HUN,origin,2016,2,12
HUN,origin,2016,20,10
HUN,origin,2016,21,4
HUN,origin,2016,23,9
HUN,origin,2016,24,13
HUN,origin,2016,25,7
HUN,origin,2016,26,1
HUN,origin,2016,27,8
HUN,origin,2016,29,19
HUN,origin,2016,3,1
HUN,origin,2016,30,9
HUN,origin,2016,31,11
HUN,origin,2016,32,7
HUN,origin,2016,33,13
HUN,origin,2016,34,4
HUN,origin,2016,35,13
HUN,origin,2016,4,3
HUN,origin,2016,5,1
HUN,origin,2016,6,6
HUN,origin,2016,8,1
HUN,origin,2016,9,10
HUN,origin,2017,1,5
HUN,origin,2017,10,15
HUN,origin,2017,11,6
HUN,origin,2017,12,7
HUN,origin,2017,13,20
HUN,origin,2017,14,45
HUN,origin,2017,15,21
HUN,origin,2017,16,50
HUN,origin,2017,17,3
HUN,origin,2017,18,12
HUN,origin,2017,19,13
HUN,origin,2017,2,13
HUN,origin,2017,20,5
HUN,origin,2017,21,1
HUN,origin,2017,23,13
HUN,origin,2017,24,13
HUN,origin,2017,25,8
HUN,origin,2017,26,7
HUN,origin,2017,27,7
HUN,origin,2017,28,1
HUN,origin,2017,29,24
HUN,origin,2017,3,2
HUN,origin,2017,30,9
HUN,origin,2017,31,12
HUN,origin,2017,32,15
HUN,origin,2017,33,15
HUN,origin,2017,34,4
HUN,origin,2017,35,17
HUN,origin,2017,4,8
HUN,origin,2017,6,11
HUN,origin,2017,7,3
HUN,origin,2017,9,10
HUN,origin,2018,1,12
HUN,origin,2018,10,9
HUN,origin,2018,11,1
HUN,origin,2018,12,3
HUN,origin,2018,13,18
HUN,origin,2018,14,56
HUN,origin,2018,15,17
HUN,origin,2018,16,49
HUN,origin,2018,17,5
HUN,origin,2018,18,13
HUN,origin,2018,19,12
HUN,origin,2018,2,11
HUN,origin,2018,20,5
HUN,origin,2018,21,4
HUN,origin,2018,22,1
HUN,origin,2018,23,8
HUN,origin,2018,24,7
HUN,origin,2018,25,9
HUN,origin,2018,26,2
HUN,origin,2018,27,11
HUN,origin,2018,28,6
HUN,origin,2018,29,20
HUN,origin,2018,30,13
HUN,origin,2018,31,11
HUN,origin,2018,32,14
HUN,origin,2018,33,14
HUN,origin,2018,34,5
HUN,origin,2018,35,12
HUN,origin,2018,4,4
HUN,origin,2018,5,1
HUN,origin,2018,6,15
HUN,origin,2018,7,1
HUN,origin,2018,9,5
HUN,origin,2019,1,18
HUN,origin,2019,10,14
HUN,origin,2019,11,6
HUN,origin,2019,12,4
HUN,origin,2019,13,29
HUN,origin,2019,14,48
HUN,origin,2019,15,19
HUN,origin,2019,16,52
HUN,origin,2019,17,1
HUN,origin,2019,18,7
HUN,origin,2019,19,9
HUN,origin,2019,2,12
HUN,origin,2019,20,7
HUN,origin,2019,21,3
HUN,origin,2019,23,12
HUN,origin,2019,24,13
HUN,origin,2019,25,10
HUN,origin,2019,26,2
HUN,origin,2019,27,6
HUN,origin,2019,28,2
HUN,origin,2019,29,23
HUN,origin,2019,3,2
HUN,origin,2019,30,8
HUN,origin,2019,31,8
HUN,origin,2019,32,11
HUN,origin,2019,33,10
HUN,origin,2019,34,6
HUN,origin,2019,35,15
HUN,origin,2019,4,3
HUN,origin,2019,6,13
HUN,origin,2019,7,3
HUN,origin,2019,8,1
HUN,origin,2019,9,14
HUN,origin,2020,1,11
HUN,origin,2020,10,14
HUN,origin,2020,11,4
HUN,origin,2020,12,3
HUN,origin,2020,13,22
HUN,origin,2020,14,47
HUN,origin,2020,15,15
HUN,origin,2020,16,54
HUN,origin,2020,17,4
HUN,origin,2020,18,7
HUN,origin,2020,19,15
HUN,origin,2020,2,9
HUN,origin,2020,20,3
HUN,origin,2020,21,3
HUN,origin,2020,23,12
HUN,origin,2020,24,6
HUN,origin,2020,25,7
HUN,origin,2020,26,5
HUN,origin,2020,27,4
HUN,origin,2020,28,2
HUN,origin,2020,29,21
HUN,origin,2020,3,2
HUN,origin,2020,30,3
HUN,origin,2020,31,9
HUN,origin,2020,32,10
HUN,origin,2020,33,15
HUN,origin,2020,34,7
HUN,origin,2020,35,24
HUN,origin,2020,4,3
HUN,origin,2020,5,1
HUN,origin,2020,6,9
HUN,origin,2020,7,2
HUN,origin,2020,8,1
HUN,origin,2020,9,11
HUN,origin,2021,1,16
HUN,origin,2021,10,17
HUN,origin,2021,11,4
HUN,origin,2021,12,3
HUN,origin,2021,13,26
HUN,origin,2021,14,52
HUN,origin,2021,15,24
HUN,origin,2021,16,35
HUN,origin,2021,17,2
HUN,origin,2021,18,3
HUN,origin,2021,19,8
HUN,origin,2021,2,4
HUN,origin,2021,20,8
HUN,origin,2021,21,1
HUN,origin,2021,23,18
HUN,origin,2021,24,3
HUN,origin,2021,25,13
HUN,origin,2021,26,2
HUN,origin,2021,27,8
HUN,origin,2021,28,1
HUN,origin,2021,29,24
HUN,origin,2021,3,1
HUN,origin,2021,30,6
HUN,origin,2021,31,7
HUN,origin,2021,32,5
HUN,origin,2021,33,15
HUN,origin,2021,34,14
HUN,origin,2021,35,34
HUN,origin,2021,4,2
HUN,origin,2021,5,1
HUN,origin,2021,6,12
HUN,origin,2021,8,1
HUN,origin,2021,9,8
HUN,origin,2022,1,11
HUN,origin,2022,10,18
HUN,origin,2022,11,5
HUN,origin,2022,12,8
HUN,origin,2022,13,29
HUN,origin,2022,14,36
HUN,origin,2022,15,18
HUN,origin,2022,16,31
HUN,origin,2022,17,3
HUN,origin,2022,18,4
HUN,origin,2022,19,13
HUN,origin,2022,2,5
HUN,origin,2022,20,3
HUN,origin,2022,23,7
HUN,origin,2022,24,3
HUN,origin,2022,25,14
HUN,origin,2022,26,3
HUN,origin,2022,27,5
HUN,origin,2022,28,1
HUN,origin,2022,29,24
HUN,origin,2022,3,1
HUN,origin,2022,30,9
HUN,origin,2022,31,14
HUN,origin,2022,32,15
HUN,origin,2022,33,9
HUN,origin,2022,34,7
HUN,origin,2022,35,26
HUN,origin,2022,4,2
HUN,origin,2022,6,11
HUN,origin,2022,7,1
HUN,origin,2022,9,13
IDN,origin,2015,1,1
IDN,origin,2015,14,4
IDN,origin,2015,16,6
IDN,origin,2015,17,1
IDN,origin,2015,18,1
IDN,origin,2015,19,2
IDN,origin,2015,25,2
IDN,origin,2015,26,3
IDN,origin,2015,33,1
IDN,origin,2015,35,1
IDN,origin,2016,1,1
IDN,origin,2016,12,1
IDN,origin,2016,16,5
IDN,origin,2016,18,1
IDN,origin,2016,19,5
IDN,origin,2016,2,1
IDN,origin,2016,25,2
IDN,origin,2016,26,2
IDN,origin,2016,32,1
IDN,origin,2016,33,2
IDN,origin,2016,34,2
IDN,origin,2016,4,1
IDN,origin,2016,6,4
IDN,origin,2017,10,1
IDN,origin,2017,12,1
IDN,origin,2017,14,1
IDN,origin,2017,16,4
IDN,origin,2017,18,2
IDN,origin,2017,2,1
IDN,origin,2017,26,2
IDN,origin,2017,28,1
IDN,origin,2017,29,4
IDN,origin,2017,33,2
IDN,origin,2017,34,1
IDN,origin,2017,35,4
IDN,origin,2017,6,3
IDN,origin,2017,9,1
IDN,origin,2018,12,1
IDN,origin,2018,14,2
IDN,origin,2018,15,1
IDN,origin,2018,16,2
IDN,origin,2018,17,1
IDN,origin,2018,19,2
IDN,origin,2018,25,1
IDN,origin,2018,26,1
IDN,origin,2018,28,2
IDN,origin,2018,33,1
IDN,origin,2018,34,2
IDN,origin,2019,14,2
IDN,origin,2019,16,2
IDN,origin,2019,19,1
IDN,origin,2019,28,1
IDN,origin,2019,34,2
IDN,origin,2020,16,3
IDN,origin,2020,17,1
IDN,origin,2020,18,1
IDN,origin,2020,19,2
IDN,origin,2020,25,2
IDN,origin,2020,29,1
IDN,origin,2020,33,2
IDN,origin,2020,34,1
IDN,origin,2020,35,1
IDN,origin,2021,16,2
IDN,origin,2021,23,1
IDN,origin,2021,34,3
IDN,origin,2021,35,3
IDN,origin,2022,15,1
IDN,origin,2022,17,1
IDN,origin,2022,18,1
IDN,origin,2022,19,1
IDN,origin,2022,25,1
IDN,origin,2022,29,1
IDN,origin,2022,31,1
IDN,origin,2022,32,1
IDN,origin,2022,33,2
IDN,origin,2022,34,1
IDN,origin,2022,6,1
IDN,origin,2022,8,1
IND,office,2015,0,124
IND,office,2015,1,317
IND,office,2015,10,184
IND,office,2015,11,19
IND,office,2015,12,54
IND,office,2015,13,218
IND,office,2015,14,575
IND,office,2015,15,199
IND,office,2015,16,302
IND,office,2015,17,258
IND,office,2015,18,75
IND,office,2015,19,339
IND,office,2015,2,142
IND,office,2015,20,239
IND,office,2015,21,131
IND,office,2015,22,2
IND,office,2015,23,212
IND,office,2015,24,112
IND,office,2015,25,95
IND,office,2015,26,109
IND,office,2015,27,191
IND,office,2015,28,144
IND,office,2015,29,142
IND,office,2015,3,397
IND,office,2015,30,43
IND,office,2015,31,209
IND,office,2015,32,189
IND,office,2015,33,41
IND,office,2015,34,66
IND,office,2015,35,78
IND,office,2015,4,236
IND,office,2015,5,37
IND,office,2015,6,258
IND,office,2015,7,14
IND,office,2015,8,55
IND,office,2015,9,75
IND,office,2016,0,171
IND,office,2016,1,353
IND,office,2016,10,211
IND,office,2016,11,32
IND,office,2016,12,68
IND,office,2016,13,313
IND,office,2016,14,868
IND,office,2016,15,292
IND,office,2016,16,407
IND,office,2016,17,429
IND,office,2016,18,118
IND,office,2016,19,482
IND,office,2016,2,195
IND,office,2016,20,334
IND,office,2016,21,189
IND,office,2016,22,7
IND,office,2016,23,350
IND,office,2016,24,153
IND,office,2016,25,166
IND,office,2016,26,156
IND,office,2016,27,271
IND,office,2016,28,127
IND,office,2016,29,188
IND,office,2016,3,453
IND,office,2016,30,57
IND,office,2016,31,243
IND,office,2016,32,286
IND,office,2016,33,42
IND,office,2016,34,85
IND,office,2016,35,139
IND,office,2016,4,412
IND,office,2016,5,56
IND,office,2016,6,351
IND,office,2016,7,25
IND,office,2016,8,70
IND,office,2016,9,81
IND,office,2017,0,243
IND,office,2017,1,593
IND,office,2017,10,366
IND,office,2017,11,43
IND,office,2017,12,97
IND,office,2017,13,438
IND,office,2017,14,1406
IND,office,2017,15,483
IND,office,2017,16,682
IND,office,2017,17,562
IND,office,2017,18,179
IND,office,2017,19,809
IND,office,2017,2,190
IND,office,2017,20,655
IND,office,2017,21,271
IND,office,2017,22,9
IND,office,2017,23,618
IND,office,2017,24,300
IND,office,2017,25,209
IND,office,2017,26,223
IND,office,2017,27,371
IND,office,2017,28,244
IND,office,2017,29,275
IND,office,2017,3,447
IND,office,2017,30,120
IND,office,2017,31,272
IND,office,2017,32,376
IND,office,2017,33,55
IND,office,2017,34,102
IND,office,2017,35,161
IND,office,2017,4,662
IND,office,2017,5,78
IND,office,2017,6,511
IND,office,2017,7,32
IND,office,2017,8,79
IND,office,2017,9,163
IND,office,2018,0,168
IND,office,2018,1,677
IND,office,2018,10,369
IND,office,2018,11,73
IND,office,2018,12,115
IND,office,2018,13,477
IND,office,2018,14,1672
IND,office,2018,15,543
IND,office,2018,16,748
IND,office,2018,17,566
IND,office,2018,18,172
IND,office,2018,19,948
IND,office,2018,2,206
IND,office,2018,20,671
IND,office,2018,21,341
IND,office,2018,22,7
IND,office,2018,23,636
IND,office,2018,24,343
IND,office,2018,25,283
IND,office,2018,26,300
IND,office,2018,27,438
IND,office,2018,28,243
IND,office,2018,29,314
IND,office,2018,3,512
IND,office,2018,30,170
IND,office,2018,31,326
IND,office,2018,32,492
IND,office,2018,33,72
IND,office,2018,34,138
IND,office,2018,35,189
IND,office,2018,4,749
IND,office,2018,5,81
IND,office,2018,6,464
IND,office,2018,7,42
IND,office,2018,8,127
IND,office,2018,9,164
IND,office,2019,0,224
IND,office,2019,1,1479
IND,office,2019,10,666
IND,office,2019,11,68
IND,office,2019,12,203
IND,office,2019,13,802
IND,office,2019,14,1924
IND,office,2019,15,736
IND,office,2019,16,997
IND,office,2019,17,640
IND,office,2019,18,170
IND,office,2019,19,1186
IND,office,2019,2,400
IND,office,2019,20,728
IND,office,2019,21,402
IND,office,2019,22,30
IND,office,2019,23,834
IND,office,2019,24,496
IND,office,2019,25,398
IND,office,2019,26,436
IND,office,2019,27,634
IND,office,2019,28,491
IND,office,2019,29,436
IND,office,2019,3,890
IND,office,2019,30,390
IND,office,2019,31,493
IND,office,2019,32,771
IND,office,2019,33,143
IND,office,2019,34,283
IND,office,2019,35,352
IND,office,2019,4,1509
IND,office,2019,5,148
IND,office,2019,6,829
IND,office,2019,7,73
IND,office,2019,8,239
IND,office,2019,9,256
IND,office,2020,0,187
IND,office,2020,1,1250
IND,office,2020,10,550
IND,office,2020,11,86
IND,office,2020,12,200
IND,office,2020,13,686
IND,office,2020,14,1304
IND,office,2020,15,500
IND,office,2020,16,671
IND,office,2020,17,787
IND,office,2020,18,189
IND,office,2020,19,924
IND,office,2020,2,311
IND,office,2020,20,673
IND,office,2020,21,360
IND,office,2020,22,37
IND,office,2020,23,738
IND,office,2020,24,394
IND,office,2020,25,361
IND,office,2020,26,433
IND,office,2020,27,662
IND,office,2020,28,353
IND,office,2020,29,451
IND,office,2020,3,475
IND,office,2020,30,311
IND,office,2020,31,491
IND,office,2020,32,816
IND,office,2020,33,112
IND,office,2020,34,204
IND,office,2020,35,311
IND,office,2020,4,1409
IND,office,2020,5,109
IND,office,2020,6,711
IND,office,2020,7,76
IND,office,2020,8,205
IND,office,2020,9,187
IND,office,2021,0,293
IND,office,2021,1,1378
IND,office,2021,10,556
IND,office,2021,11,83
IND,office,2021,12,231
IND,office,2021,13,1005
IND,office,2021,14,1216
IND,office,2021,15,627
IND,office,2021,16,825
IND,office,2021,17,728
IND,office,2021,18,237
IND,office,2021,19,919
IND,office,2021,2,413
IND,office,2021,20,689
IND,office,2021,21,393
IND,office,2021,22,39
IND,office,2021,23,841
IND,office,2021,24,462
IND,office,2021,25,468
IND,office,2021,26,590
IND,office,2021,27,798
IND,office,2021,28,300
IND,office,2021,29,496
IND,office,2021,3,465
IND,office,2021,30,291
IND,office,2021,31,648
IND,office,2021,32,913
IND,office,2021,33,203
IND,office,2021,34,234
IND,office,2021,35,385
IND,office,2021,4,1518
IND,office,2021,5,121
IND,office,2021,6,965
IND,office,2021,7,116
IND,office,2021,8,243
IND,office,2021,9,241
IND,office,2022,0,594
IND,office,2022,1,1534
IND,office,2022,10,630
IND,office,2022,11,72
IND,office,2022,12,323
IND,office,2022,13,1075
IND,office,2022,14,1015
IND,office,2022,15,676
IND,office,2022,16,718
IND,office,2022,17,521
IND,office,2022,18,273
IND,office,2022,19,707
IND,office,2022,2,449
IND,office,2022,20,650
IND,office,2022,21,342
IND,office,2022,22,48
IND,office,2022,23,694
IND,office,2022,24,408
IND,office,2022,25,471
IND,office,2022,26,528
IND,office,2022,27,788
IND,office,2022,28,285
IND,office,2022,29,515
IND,office,2022,3,485
IND,office,2022,30,315
IND,office,2022,31,594
IND,office,2022,32,982
IND,office,2022,33,210
IND,office,2022,34,261
IND,office,2022,35,390
IND,office,2022,4,1627
IND,office,2022,5,119
IND,office,2022,6,1198
IND,office,2022,7,169
IND,office,2022,8,264
IND,office,2022,9,287
IND,origin,2015,0,54
IND,origin,2015,1,78
IND,origin,2015,10,67
IND,origin,2015,11,20
IND,origin,2015,12,22
IND,origin,2015,13,90
IND,origin,2015,14,449
IND,origin,2015,15,117
IND,origin,2015,16,387
IND,origin,2015,17,61
IND,origin,2015,18,34
IND,origin,2015,19,138
IND,origin,2015,2,39
IND,origin,2015,20,104
IND,origin,2015,21,30
IND,origin,2015,22,6
IND,origin,2015,23,98
IND,origin,2015,24,39
IND,origin,2015,25,15
IND,origin,2015,26,30
IND,origin,2015,27,36
IND,origin,2015,28,20
IND,origin,2015,29,42
IND,origin,2015,3,65
IND,origin,2015,30,23
IND,origin,2015,31,26
IND,origin,2015,32,62
IND,origin,2015,33,15
IND,origin,2015,34,13
IND,origin,2015,35,26
IND,origin,2015,4,121
IND,origin,2015,5,44
IND,origin,2015,6,290
IND,origin,2015,7,27
IND,origin,2015,8,21
IND,origin,2015,9,18
IND,origin,2016,0,53
IND,origin,2016,1,88
IND,origin,2016,10,77
IND,origin,2016,11,20
IND,origin,2016,12,32
IND,origin,2016,13,113
IND,origin,2016,14,531
IND,origin,2016,15,187
IND,origin,2016,16,509
IND,origin,2016,17,77
IND,origin,2016,18,63
IND,origin,2016,19,201
IND,origin,2016,2,45
IND,origin,2016,20,99
IND,origin,2016,21,46
IND,origin,2016,22,9
IND,origin,2016,23,127
IND,origin,2016,24,42
IND,origin,2016,25,34
IND,origin,2016,26,29
IND,origin,2016,27,51
IND,origin,2016,28,29
IND,origin,2016,29,36
IND,origin,2016,3,64
IND,origin,2016,30,22
IND,origin,2016,31,38
IND,origin,2016,32,65
IND,origin,2016,33,16
IND,origin,2016,34,21
IND,origin,2016,35,30
IND,origin,2016,4,148
IND,origin,2016,5,40
IND,origin,2016,6,306
IND,origin,2016,7,34
IND,origin,2016,8,17
IND,origin,2016,9,12
IND,origin,2017,0,77
IND,origin,2017,1,121
IND,origin,2017,10,113
IND,origin,2017,11,28
IND,origin,2017,12,47
IND,origin,2017,13,115
IND,origin,2017,14,635
IND,origin,2017,15,184
IND,origin,2017,16,496
IND,origin,2017,17,105
IND,origin,2017,18,64
IND,origin,2017,19,236
IND,origin,2017,2,32
IND,origin,2017,20,146
IND,origin,2017,21,51
IND,origin,2017,22,12
IND,origin,2017,23,123
IND,origin,2017,24,74
IND,origin,2017,25,40
IND,origin,2017,26,47
IND,origin,2017,27,53
IND,origin,2017,28,34
IND,origin,2017,29,76
IND,origin,2017,3,60
IND,origin,2017,30,45
IND,origin,2017,31,56
IND,origin,2017,32,94
IND,origin,2017,33,24
IND,origin,2017,34,19
IND,origin,2017,35,26
IND,origin,2017,4,169
IND,origin,2017,5,30
IND,origin,2017,6,304
IND,origin,2017,7,39
IND,origin,2017,8,22
IND,origin,2017,9,25
IND,origin,2018,0,72
IND,origin,2018,1,139
IND,origin,2018,10,104
IND,origin,2018,11,33
IND,origin,2018,12,54
IND,origin,2018,13,147
IND,origin,2018,14,704
IND,origin,2018,15,177
IND,origin,2018,16,514
IND,origin,2018,17,103
IND,origin,2018,18,60
IND,origin,2018,19,295
IND,origin,2018,2,46
IND,origin,2018,20,176
IND,origin,2018,21,73
IND,origin,2018,22,9
IND,origin,2018,23,163
IND,origin,2018,24,74
IND,origin,2018,25,61
IND,origin,2018,26,69
IND,origin,2018,27,97
IND,origin,2018,28,47
IND,origin,2018,29,95
IND,origin,2018,3,66
IND,origin,2018,30,67
IND,origin,2018,31,71
IND,origin,2018,32,179
IND,origin,2018,33,33
IND,origin,2018,34,32
IND,origin,2018,35,40
IND,origin,2018,4,207
IND,origin,2018,5,13
IND,origin,2018,6,358
IND,origin,2018,7,56
IND,origin,2018,8,20
IND,origin,2018,9,20
IND,origin,2019,0,91
IND,origin,2019,1,206
IND,origin,2019,10,147
IND,origin,2019,11,23
IND,origin,2019,12,82
IND,origin,2019,13,206
IND,origin,2019,14,738
IND,origin,2019,15,188
IND,origin,2019,16,554
IND,origin,2019,17,109
IND,origin,2019,18,55
IND,origin,2019,19,317
IND,origin,2019,2,49
IND,origin,2019,20,189
IND,origin,2019,21,65
IND,origin,2019,22,21
IND,origin,2019,23,191
IND,origin,2019,24,101
IND,origin,2019,25,91
IND,origin,2019,26,93
IND,origin,2019,27,171
IND,origin,2019,28,89
IND,origin,2019,29,152
IND,origin,2019,3,78
IND,origin,2019,30,97
IND,origin,2019,31,123
IND,origin,2019,32,251
IND,origin,2019,33,52
IND,origin,2019,34,46
IND,origin,2019,35,78
IND,origin,2019,4,259
IND,origin,2019,5,26
IND,origin,2019,6,455
IND,origin,2019,7,78
IND,origin,2019,8,33
IND,origin,2019,9,28
IND,origin,2020,0,107
IND,origin,2020,1,267
IND,origin,2020,10,169
IND,origin,2020,11,38
IND,origin,2020,12,95
IND,origin,2020,13,240
IND,origin,2020,14,532
IND,origin,2020,15,194
IND,origin,2020,16,503
IND,origin,2020,17,132
IND,origin,2020,18,78
IND,origin,2020,19,333
IND,origin,2020,2,55
IND,origin,2020,20,185
IND,origin,2020,21,58
IND,origin,2020,22,25
IND,origin,2020,23,210
IND,origin,2020,24,108
IND,origin,2020,25,75
IND,origin,2020,26,100
IND,origin,2020,27,142
IND,origin,2020,28,69
IND,origin,2020,29,148
IND,origin,2020,3,98
IND,origin,2020,30,96
IND,origin,2020,31,106
IND,origin,2020,32,254
IND,origin,2020,33,49
IND,origin,2020,34,50
IND,origin,2020,35,73
IND,origin,2020,4,334
IND,origin,2020,5,21
IND,origin,2020,6,516
IND,origin,2020,7,98
IND,origin,2020,8,45
IND,origin,2020,9,29
IND,origin,2021,0,213
IND,origin,2021,1,300
IND,origin,2021,10,186
IND,origin,2021,11,33
IND,origin,2021,12,103
IND,origin,2021,13,293
IND,origin,2021,14,494
IND,origin,2021,15,226
IND,origin,2021,16,573
IND,origin,2021,17,131
IND,origin,2021,18,82
IND,origin,2021,19,358
IND,origin,2021,2,67
IND,origin,2021,20,217
IND,origin,2021,21,94
IND,origin,2021,22,33
IND,origin,2021,23,206
IND,origin,2021,24,139
IND,origin,2021,25,104
IND,origin,2021,26,143
IND,origin,2021,27,169
IND,origin,2021,28,71
IND,origin,2021,29,160
IND,origin,2021,3,86
IND,origin,2021,30,110
IND,origin,2021,31,126
IND,origin,2021,32,262
IND,origin,2021,33,66
IND,origin,2021,34,63
IND,origin,2021,35,102
IND,origin,2021,4,374
IND,origin,2021,5,32
IND,origin,2021,6,621
IND,origin,2021,7,129
IND,origin,2021,8,61
IND,origin,2021,9,57
IND,origin,2022,0,469
IND,origin,2022,1,372
IND,origin,2022,10,233
IND,origin,2022,11,26
IND,origin,2022,12,170
IND,origin,2022,13,436
IND,origin,2022,14,500
IND,origin,2022,15,241
IND,origin,2022,16,462
IND,origin,2022,17,138
IND,origin,2022,18,117
IND,origin,2022,19,354
IND,origin,2022,2,79
IND,origin,2022,20,252
IND,origin,2022,21,92
IND,origin,2022,22,38
IND,origin,2022,23,258
IND,origin,2022,24,151
IND,origin,2022,25,133
IND,origin,2022,26,144
IND,origin,2022,27,220
IND,origin,2022,28,98
IND,origin,2022,29,195
IND,origin,2022,3,113
IND,origin,2022,30,122
IND,origin,2022,31,148
IND,origin,2022,32,370
IND,origin,2022,33,101
IND,origin,2022,34,82
IND,origin,2022,35,136
IND,origin,2022,4,371
IND,origin,2022,5,35
IND,origin,2022,6,720
IND,origin,2022,7,138
IND,origin,2022,8,70
IND,origin,2022,9,63
IRL,office,2015,1,3
IRL,office,2015,10,1
IRL,office,2015,12,3
IRL,office,2015,13,11
IRL,office,2015,16,8
IRL,office,2015,18,3
IRL,office,2015,19,1
IRL,office,2015,2,2
IRL,office,2015,20,1
IRL,office,2015,21,1
IRL,office,2015,23,2
IRL,office,2015,24,2
IRL,office,2015,25,9
IRL,office,2015,26,2
IRL,office,2015,27,4
IRL,office,2015,28,2
IRL,office,2015,29,14
IRL,office,2015,3,1
IRL,office,2015,30,8
IRL,office,2015,31,4
IRL,office,2015,32,5
IRL,office,2015,33,7
IRL,office,2015,34,4
IRL,office,2015,35,18
IRL,office,2015,4,1
IRL,office,2015,6,7
IRL,office,2015,7,5
IRL,office,2015,9,2
IRL,office,2016,1,12
IRL,office,2016,10,3
IRL,office,2016,12,4
IRL,office,2016,13,6
IRL,office,2016,14,1
IRL,office,2016,15,1
IRL,office,2016,16,4
IRL,office,2016,19,2
IRL,office,2016,21,1
IRL,office,2016,23,12
IRL,office,2016,24,4
IRL,office,2016,25,14
IRL,office,2016,26,5
IRL,office,2016,27,15
IRL,office,2016,29,16
IRL,office,2016,3,1
IRL,office,2016,30,20
IRL,office,2016,31,2
IRL,office,2016,32,8
IRL,office,2016,33,6
IRL,office,2016,34,4
IRL,office,2016,35,22
IRL,office,2016,4,2
IRL,office,2016,6,5
IRL,office,2016,7,3
IRL,office,2016,8,1
IRL,office,2017,1,6
IRL,office,2017,10,3
IRL,office,2017,12,2
IRL,office,2017,13,4
IRL,office,2017,18,1
IRL,office,2017,19,1
IRL,office,2017,2,5
IRL,office,2017,21,2
IRL,office,2017,23,2
IRL,office,2017,24,1
IRL,office,2017,25,5
IRL,office,2017,26,3
IRL,office,2017,27,1
IRL,office,2017,28,1
IRL,office,2017,29,12
IRL,office,2017,30,5
IRL,office,2017,31,3
IRL,office,2017,33,5
IRL,office,2017,34,2
IRL,office,2017,35,17
IRL,office,2017,4,1
IRL,office,2017,6,2
IRL,office,2017,7,3
IRL,office,2018,1,3
IRL,office,2018,10,3
IRL,office,2018,12,3
IRL,office,2018,13,4
IRL,office,2018,18,2
IRL,office,2018,2,1
IRL,office,2018,21,1
IRL,office,2018,23,2
IRL,office,2018,24,4
IRL,office,2018,25,7
IRL,office,2018,26,2
IRL,office,2018,27,3
IRL,office,2018,28,1
IRL,office,2018,29,11
IRL,office,2018,30,5
IRL,office,2018,31,1
IRL,office,2018,32,3
IRL,office,2018,33,6
IRL,office,2018,34,6
IRL,office,2018,35,16
IRL,office,2018,7,2
IRL,office,2019,1,2
IRL,office,2019,10,3
IRL,office,2019,12,1
IRL,office,2019,13,15
IRL,office,2019,14,49
IRL,office,2019,15,1
IRL,office,2019,16,2
IRL,office,2019,18,1
IRL,office,2019,19,1
IRL,office,2019,2,1
IRL,office,2019,20,2
IRL,office,2019,21,4
IRL,office,2019,23,3
IRL,office,2019,24,1
IRL,office,2019,25,4
IRL,office,2019,26,2
IRL,office,2019,29,8
IRL,office,2019,3,1
IRL,office,2019,30,5
IRL,office,2019,31,4
IRL,office,2019,32,2
IRL,office,2019,33,4
IRL,office,2019,34,3
IRL,office,2019,35,15
IRL,office,2019,4,1
IRL,office,2019,6,4
IRL,office,2019,7,2
IRL,office,2019,9,1
IRL,office,2020,1,10
IRL,office,2020,10,1
IRL,office,2020,12,4
IRL,office,2020,13,8
IRL,office,2020,16,1
IRL,office,2020,18,3
IRL,office,2020,2,5
IRL,office,2020,21,3
IRL,office,2020,24,3
IRL,office,2020,25,4
IRL,office,2020,26,2
IRL,office,2020,27,1
IRL,office,2020,29,5
IRL,office,2020,31,2
IRL,office,2020,32,5
IRL,office,2020,33,5
IRL,office,2020,34,3
IRL,office,2020,35,8
IRL,office,2020,4,2
IRL,office,2020,5,1
IRL,office,2020,6,1
IRL,office,2021,1,2
IRL,office,2021,10,3
IRL,office,2021,12,2
IRL,office,2021,16,2
IRL,office,2021,18,2
IRL,office,2021,21,1
IRL,office,2021,23,1
IRL,office,2021,24,1
IRL,office,2021,26,1
IRL,office,2021,27,1
IRL,office,2021,29,12
IRL,office,2021,30,3
IRL,office,2021,31,2
IRL,office,2021,32,2
IRL,office,2021,33,4
IRL,office,2021,34,1
IRL,office,2021,35,7
IRL,office,2021,4,1
IRL,office,2021,6,2
IRL,office,2021,7,1
IRL,office,2021,9,1
IRL,office,2022,1,3
IRL,office,2022,12,1
IRL,office,2022,13,2
IRL,office,2022,18,1
IRL,office,2022,2,1
IRL,office,2022,23,3
IRL,office,2022,25,1
IRL,office,2022,26,2
IRL,office,2022,27,1
IRL,office,2022,29,4
IRL,office,2022,3,1
IRL,office,2022,31,1
IRL,office,2022,32,2
IRL,office,2022,33,2
IRL,office,2022,35,6
IRL,office,2022,5,1
IRL,office,2022,7,1
IRL,office,2022,8,1
IRL,office,2022,9,1
IRL,origin,2015,0,5
IRL,origin,2015,1,55
IRL,origin,2015,10,41
IRL,origin,2015,11,15
IRL,origin,2015,12,34
IRL,origin,2015,13,288
IRL,origin,2015,14,98
IRL,origin,2015,15,54
IRL,origin,2015,16,203
IRL,origin,2015,17,5
IRL,origin,2015,18,21
IRL,origin,2015,19,31
IRL,origin,2015,2,54
IRL,origin,2015,20,32
IRL,origin,2015,21,36
IRL,origin,2015,22,2
IRL,origin,2015,23,32
IRL,origin,2015,24,15
IRL,origin,2015,25,34
IRL,origin,2015,26,30
IRL,origin,2015,27,36
IRL,origin,2015,28,60
IRL,origin,2015,29,46
IRL,origin,2015,3,55
IRL,origin,2015,30,22
IRL,origin,2015,31,14
IRL,origin,2015,32,14
IRL,origin,2015,33,33
IRL,origin,2015,34,12
IRL,origin,2015,35,61
IRL,origin,2015,4,126
IRL,origin,2015,5,12
IRL,origin,2015,6,271
IRL,origin,2015,7,69
IRL,origin,2015,8,23
IRL,origin,2015,9,11
IRL,origin,2016,0,1
IRL,origin,2016,1,79
IRL,origin,2016,10,39
IRL,origin,2016,11,13
IRL,origin,2016,12,38
IRL,origin,2016,13,282
IRL,origin,2016,14,148
IRL,origin,2016,15,49
IRL,origin,2016,16,223
IRL,origin,2016,17,9
IRL,origin,2016,18,11
IRL,origin,2016,19,48
IRL,origin,2016,2,67
IRL,origin,2016,20,23
IRL,origin,2016,21,36
IRL,origin,2016,22,3
IRL,origin,2016,23,35
IRL,origin,2016,24,15
IRL,origin,2016,25,36
IRL,origin,2016,26,26
IRL,origin,2016,27,25
IRL,origin,2016,28,53
IRL,origin,2016,29,43
IRL,origin,2016,3,70
IRL,origin,2016,30,29
IRL,origin,2016,31,18
IRL,origin,2016,32,27
IRL,origin,2016,33,40
IRL,origin,2016,34,20
IRL,origin,2016,35,84
IRL,origin,2016,4,174
IRL,origin,2016,5,19
IRL,origin,2016,6,305
IRL,origin,2016,7,66
IRL,origin,2016,8,53
IRL,origin,2016,9,19
IRL,origin,2017,0,10
IRL,origin,2017,1,80
IRL,origin,2017,10,41
IRL,origin,2017,11,16
IRL,origin,2017,12,43
IRL,origin,2017,13,327
IRL,origin,2017,14,156
IRL,origin,2017,15,65
IRL,origin,2017,16,271
IRL,origin,2017,17,9
IRL,origin,2017,18,13
IRL,origin,2017,19,35
IRL,origin,2017,2,74
IRL,origin,2017,20,19
IRL,origin,2017,21,23
IRL,origin,2017,22,3
IRL,origin,2017,23,23
IRL,origin,2017,24,16
IRL,origin,2017,25,38
IRL,origin,2017,26,22
IRL,origin,2017,27,38
IRL,origin,2017,28,29
IRL,origin,2017,29,47
IRL,origin,2017,3,56
IRL,origin,2017,30,21
IRL,origin,2017,31,14
IRL,origin,2017,32,30
IRL,origin,2017,33,40
IRL,origin,2017,34,12
IRL,origin,2017,35,62
IRL,origin,2017,4,176
IRL,origin,2017,5,25
IRL,origin,2017,6,321
IRL,origin,2017,7,81
IRL,origin,2017,8,51
IRL,origin,2017,9,23
IRL,origin,2018,0,3
IRL,origin,2018,1,114
IRL,origin,2018,10,58
IRL,origin,2018,11,22
IRL,origin,2018,12,41
IRL,origin,2018,13,345
IRL,origin,2018,14,152
IRL,origin,2018,15,71
IRL,origin,2018,16,302
IRL,origin,2018,17,8
IRL,origin,2018,18,15
IRL,origin,2018,19,40
IRL,origin,2018,2,103
IRL,origin,2018,20,12
IRL,origin,2018,21,17
IRL,origin,2018,22,5
IRL,origin,2018,23,30
IRL,origin,2018,24,22
IRL,origin,2018,25,28
IRL,origin,2018,26,10
IRL,origin,2018,27,29
IRL,origin,2018,28,53
IRL,origin,2018,29,50
IRL,origin,2018,3,46
IRL,origin,2018,30,20
IRL,origin,2018,31,31
IRL,origin,2018,32,32
IRL,origin,2018,33,29
IRL,origin,2018,34,20
IRL,origin,2018,35,52
IRL,origin,2018,4,168
IRL,origin,2018,5,20
IRL,origin,2018,6,334
IRL,origin,2018,7,70
IRL,origin,2018,8,66
IRL,origin,2018,9,25
IRL,origin,2019,0,4
IRL,origin,2019,1,188
IRL,origin,2019,10,69
IRL,origin,2019,11,20
IRL,origin,2019,12,51
IRL,origin,2019,13,396
IRL,origin,2019,14,144
IRL,origin,2019,15,64
IRL,origin,2019,16,274
IRL,origin,2019,17,8
IRL,origin,2019,18,17
IRL,origin,2019,19,36
IRL,origin,2019,2,121
IRL,origin,2019,20,14
IRL,origin,2019,21,21
IRL,origin,2019,22,7
IRL,origin,2019,23,31
IRL,origin,2019,24,15
IRL,origin,2019,25,40
IRL,origin,2019,26,14
IRL,origin,2019,27,38
IRL,origin,2019,28,62
IRL,origin,2019,29,58
IRL,origin,2019,3,60
IRL,origin,2019,30,13
IRL,origin,2019,31,37
IRL,origin,2019,32,30
IRL,origin,2019,33,36
IRL,origin,2019,34,34
IRL,origin,2019,35,45
IRL,origin,2019,4,180
IRL,origin,2019,5,19
IRL,origin,2019,6,414
IRL,origin,2019,7,106
IRL,origin,2019,8,91
IRL,origin,2019,9,28
IRL,origin,2020,0,3
IRL,origin,2020,1,295
IRL,origin,2020,10,82
IRL,origin,2020,11,24
IRL,origin,2020,12,57
IRL,origin,2020,13,382
IRL,origin,2020,14,132
IRL,origin,2020,15,60
IRL,origin,2020,16,292
IRL,origin,2020,17,4
IRL,origin,2020,18,18
IRL,origin,2020,19,33
IRL,origin,2020,2,130
IRL,origin,2020,20,15
IRL,origin,2020,21,18
IRL,origin,2020,22,10
IRL,origin,2020,23,28
IRL,origin,2020,24,20
IRL,origin,2020,25,40
IRL,origin,2020,26,12
IRL,origin,2020,27,63
IRL,origin,2020,28,70
IRL,origin,2020,29,54
IRL,origin,2020,3,45
IRL,origin,2020,30,15
IRL,origin,2020,31,68
IRL,origin,2020,32,53
IRL,origin,2020,33,30
IRL,origin,2020,34,35
IRL,origin,2020,35,50
IRL,origin,2020,4,167
IRL,origin,2020,5,50
IRL,origin,2020,6,427
IRL,origin,2020,7,103
IRL,origin,2020,8,71
IRL,origin,2020,9,31
IRL,origin,2021,0,2
IRL,origin,2021,1,291
IRL,origin,2021,10,114
IRL,origin,2021,11,23
IRL,origin,2021,12,57
IRL,origin,2021,13,386
IRL,origin,2021,14,113
IRL,origin,2021,15,58
IRL,origin,2021,16,278
IRL,origin,2021,17,6
IRL,origin,2021,18,18
IRL,origin,2021,19,38
IRL,origin,2021,2,114
IRL,origin,2021,20,5
IRL,origin,2021,21,17
IRL,origin,2021,22,7
IRL,origin,2021,23,37
IRL,origin,2021,24,21
IRL,origin,2021,25,39
IRL,origin,2021,26,13
IRL,origin,2021,27,95
IRL,origin,2021,28,61
IRL,origin,2021,29,76
IRL,origin,2021,3,55
IRL,origin,2021,30,16
IRL,origin,2021,31,76
IRL,origin,2021,32,73
IRL,origin,2021,33,24
IRL,origin,2021,34,22
IRL,origin,2021,35,44
IRL,origin,2021,4,155
IRL,origin,2021,5,65
IRL,origin,2021,6,422
IRL,origin,2021,7,87
IRL,origin,2021,8,107
IRL,origin,2021,9,30
IRL,origin,2022,0,1
IRL,origin,2022,1,276
IRL,origin,2022,10,145
IRL,origin,2022,11,23
IRL,origin,2022,12,58
IRL,origin,2022,13,482
IRL,origin,2022,14,79
IRL,origin,2022,15,63
IRL,origin,2022,16,217
IRL,origin,2022,17,9
IRL,origin,2022,18,12
IRL,origin,2022,19,24
IRL,origin,2022,2,83
IRL,origin,2022,20,8
IRL,origin,2022,21,12
IRL,origin,2022,22,5
IRL,origin,2022,23,38
IRL,origin,2022,24,14
IRL,origin,2022,25,31
IRL,origin,2022,26,17
IRL,origin,2022,27,90
IRL,origin,2022,28,53
IRL,origin,2022,29,55
IRL,origin,2022,3,60
IRL,origin,2022,30,11
IRL,origin,2022,31,76
IRL,origin,2022,32,55
IRL,origin,2022,33,27
IRL,origin,2022,34,22
IRL,origin,2022,35,43
IRL,origin,2022,4,103
IRL,origin,2022,5,67
IRL,origin,2022,6,433
IRL,origin,2022,7,92
IRL,origin,2022,8,98
IRL,origin,2022,9,33
IRN,origin,2015,1,1
IRN,origin,2015,10,1
IRN,origin,2015,13,3
IRN,origin,2015,14,1
IRN,origin,2015,15,1
IRN,origin,2015,16,4
IRN,origin,2015,17,2
IRN,origin,2015,20,2
IRN,origin,2015,21,1
IRN,origin,2015,22,1
IRN,origin,2015,24,1
IRN,origin,2015,27,4
IRN,origin,2015,28,1
IRN,origin,2015,29,1
IRN,origin,2015,3,1
IRN,origin,2015,30,2
IRN,origin,2015,31,1
IRN,origin,2015,32,1
IRN,origin,2015,33,1
IRN,origin,2015,34,2
IRN,origin,2015,4,1
IRN,origin,2015,6,2
IRN,origin,2015,8,2
IRN,origin,2016,1,1
IRN,origin,2016,10,2
IRN,origin,2016,13,4
IRN,origin,2016,14,1
IRN,origin,2016,15,2
IRN,origin,2016,16,5
IRN,origin,2016,17,1
IRN,origin,2016,19,2
IRN,origin,2016,20,1
IRN,origin,2016,21,1
IRN,origin,2016,22,1
IRN,origin,2016,23,3
IRN,origin,2016,24,2
IRN,origin,2016,25,1
IRN,origin,2016,27,2
IRN,origin,2016,31,1
IRN,origin,2016,32,1
IRN,origin,2016,34,2
IRN,origin,2016,35,2
IRN,origin,2016,6,1
IRN,origin,2017,1,2
IRN,origin,2017,10,3
IRN,origin,2017,11,1
IRN,origin,2017,12,1
IRN,origin,2017,14,1
IRN,origin,2017,15,1
IRN,origin,2017,16,2
IRN,origin,2017,17,2
IRN,origin,2017,18,1
IRN,origin,2017,19,3
IRN,origin,2017,20,1
IRN,origin,2017,23,5
IRN,origin,2017,25,1
IRN,origin,2017,26,3
IRN,origin,2017,27,4
IRN,origin,2017,29,2
IRN,origin,2017,30,1
IRN,origin,2017,31,2
IRN,origin,2017,32,2
IRN,origin,2017,35,2
IRN,origin,2017,6,2
IRN,origin,2018,1,5
IRN,origin,2018,10,2
IRN,origin,2018,11,1
IRN,origin,2018,12,2
IRN,origin,2018,13,9
IRN,origin,2018,15,3
IRN,origin,2018,16,4
IRN,origin,2018,17,2
IRN,origin,2018,18,2
IRN,origin,2018,19,1
IRN,origin,2018,20,3
IRN,origin,2018,21,2
IRN,origin,2018,23,4
IRN,origin,2018,24,1
IRN,origin,2018,25,1
IRN,origin,2018,26,2
IRN,origin,2018,27,5
IRN,origin,2018,28,2
IRN,origin,2018,29,2
IRN,origin,2018,30,1
IRN,origin,2018,31,1
IRN,origin,2018,33,1
IRN,origin,2018,34,2
IRN,origin,2018,35,3
IRN,origin,2018,5,1
IRN,origin,2018,8,1
IRN,origin,2019,1,5
IRN,origin,2019,10,8
IRN,origin,2019,11,1
IRN,origin,2019,12,4
IRN,origin,2019,13,14
IRN,origin,2019,14,2
IRN,origin,2019,15,6
IRN,origin,2019,16,3
IRN,origin,2019,18,3
IRN,origin,2019,19,4
IRN,origin,2019,20,1
IRN,origin,2019,21,1
IRN,origin,2019,23,6
IRN,origin,2019,24,2
IRN,origin,2019,25,2
IRN,origin,2019,26,4
IRN,origin,2019,27,3
IRN,origin,2019,29,1
IRN,origin,2019,30,2
IRN,origin,2019,31,2
IRN,origin,2019,32,4
IRN,origin,2019,33,3
IRN,origin,2019,34,2
IRN,origin,2019,35,4
IRN,origin,2019,4,2
IRN,origin,2019,5,1
IRN,origin,2019,6,3
IRN,origin,2019,8,1
IRN,origin,2020,1,8
IRN,origin,2020,10,13
IRN,origin,2020,11,6
IRN,origin,2020,12,1
IRN,origin,2020,13,17
IRN,origin,2020,14,2
IRN,origin,2020,15,3
IRN,origin,2020,16,3
IRN,origin,2020,17,2
IRN,origin,2020,18,2
IRN,origin,2020,19,4
IRN,origin,2020,20,3
IRN,origin,2020,21,4
IRN,origin,2020,22,1
IRN,origin,2020,23,6
IRN,origin,2020,24,4
IRN,origin,2020,25,1
IRN,origin,2020,26,6
IRN,origin,2020,27,4
IRN,origin,2020,29,4
IRN,origin,2020,3,2
IRN,origin,2020,30,2
IRN,origin,2020,31,2
IRN,origin,2020,32,2
IRN,origin,2020,33,1
IRN,origin,2020,34,1
IRN,origin,2020,35,10
IRN,origin,2020,4,2
IRN,origin,2020,5,1
IRN,origin,2020,6,8
IRN,origin,2020,9,1
IRN,origin,2021,1,3
IRN,origin,2021,10,6
IRN,origin,2021,11,3
IRN,origin,2021,12,1
IRN,origin,2021,13,15
IRN,origin,2021,14,1
IRN,origin,2021,15,1
IRN,origin,2021,16,3
IRN,origin,2021,17,1
IRN,origin,2021,18,2
IRN,origin,2021,19,1
IRN,origin,2021,20,4
IRN,origin,2021,21,1
IRN,origin,2021,22,1
IRN,origin,2021,23,4
IRN,origin,2021,24,4
IRN,origin,2021,25,1
IRN,origin,2021,26,1
IRN,origin,2021,27,3
IRN,origin,2021,28,1
IRN,origin,2021,29,3
IRN,origin,2021,3,2
IRN,origin,2021,31,3
IRN,origin,2021,33,3
IRN,origin,2021,34,2
IRN,origin,2021,35,2
IRN,origin,2021,4,2
IRN,origin,2021,5,2
IRN,origin,2021,6,6
IRN,origin,2021,9,1
IRN,origin,2022,1,4
IRN,origin,2022,10,8
IRN,origin,2022,11,3
IRN,origin,2022,12,1
IRN,origin,2022,13,8
IRN,origin,2022,14,2
IRN,origin,2022,15,3
IRN,origin,2022,17,1
IRN,origin,2022,18,1
IRN,origin,2022,19,3
IRN,origin,2022,2,1
IRN,origin,2022,20,4
IRN,origin,2022,21,2
IRN,origin,2022,23,2
IRN,origin,2022,24,2
IRN,origin,2022,25,1
IRN,origin,2022,26,6
IRN,origin,2022,27,2
IRN,origin,2022,28,2
IRN,origin,2022,29,1
IRN,origin,2022,3,5
IRN,origin,2022,30,1
IRN,origin,2022,31,3
IRN,origin,2022,32,3
IRN,origin,2022,34,1
IRN,origin,2022,35,4
IRN,origin,2022,4,1
IRN,origin,2022,6,4
IRN,origin,2022,7,1
IRN,origin,2022,9,1
IRQ,origin,2015,19,1
IRQ,origin,2015,23,1
IRQ,origin,2015,30,1
IRQ,origin,2017,23,1
IRQ,origin,2017,30,1
IRQ,origin,2018,13,1
IRQ,origin,2019,15,1
IRQ,origin,2019,23,1
IRQ,origin,2020,31,1
ISL,office,2015,0,3
ISL,office,2015,10,1
ISL,office,2015,14,3
ISL,office,2015,15,2
ISL,office,2015,16,5
ISL,office,2015,24,1
ISL,office,2015,27,1
ISL,office,2015,31,1
ISL,office,2015,32,1
ISL,office,2015,34,1
ISL,office,2015,35,1
ISL,office,2016,0,1
ISL,office,2016,14,4
ISL,office,2016,15,1
ISL,office,2016,16,7
ISL,office,2016,17,2
ISL,office,2016,2,1
ISL,office,2016,24,1
ISL,office,2016,27,1
ISL,office,2016,30,1
ISL,office,2016,33,1
ISL,office,2016,34,1
ISL,office,2017,0,6
ISL,office,2017,10,1
ISL,office,2017,13,1
ISL,office,2017,14,9
ISL,office,2017,15,1
ISL,office,2017,16,11
ISL,office,2017,18,1
ISL,office,2017,19,1
ISL,office,2017,20,2
ISL,office,2017,21,1
ISL,office,2017,24,1
ISL,office,2017,25,3
ISL,office,2017,29,3
ISL,office,2017,30,1
ISL,office,2017,35,3
ISL,office,2018,0,1
ISL,office,2018,14,3
ISL,office,2018,16,5
ISL,office,2018,25,2
ISL,office,2018,26,1
ISL,office,2018,29,3
ISL,office,2018,34,1
ISL,office,2019,13,1
ISL,office,2019,14,1
ISL,office,2019,15,1
ISL,office,2019,16,2
ISL,office,2019,19,1
ISL,office,2019,28,1
ISL,office,2019,29,3
ISL,office,2019,31,1
ISL,office,2019,35,1
ISL,office,2020,0,1
ISL,office,2020,14,2
ISL,office,2020,16,2
ISL,office,2020,29,1
ISL,office,2020,31,2
ISL,office,2020,35,1
ISL,office,2021,14,1
ISL,office,2021,16,3
ISL,office,2021,25,1
ISL,origin,2015,1,1
ISL,origin,2015,10,4
ISL,origin,2015,11,1
ISL,origin,2015,12,1
ISL,origin,2015,13,71
ISL,origin,2015,14,3
ISL,origin,2015,15,12
ISL,origin,2015,16,11
ISL,origin,2015,17,1
ISL,origin,2015,18,2
ISL,origin,2015,19,1
ISL,origin,2015,20,1
ISL,origin,2015,22,1
ISL,origin,2015,23,3
ISL,origin,2015,25,2
ISL,origin,2015,29,6
ISL,origin,2015,3,1
ISL,origin,2015,33,4
ISL,origin,2015,34,3
ISL,origin,2015,35,2
ISL,origin,2015,6,3
ISL,origin,2016,10,3
ISL,origin,2016,11,2
ISL,origin,2016,13,63
ISL,origin,2016,14,5
ISL,origin,2016,15,7
ISL,origin,2016,16,13
ISL,origin,2016,17,1
ISL,origin,2016,18,1
ISL,origin,2016,19,2
ISL,origin,2016,2,1
ISL,origin,2016,23,1
ISL,origin,2016,25,2
ISL,origin,2016,26,1
ISL,origin,2016,27,2
ISL,origin,2016,28,3
ISL,origin,2016,29,13
ISL,origin,2016,30,1
ISL,origin,2016,31,1
ISL,origin,2016,32,3
ISL,origin,2016,33,2
ISL,origin,2016,34,7
ISL,origin,2016,35,2
ISL,origin,2016,6,2
ISL,origin,2017,1,2
ISL,origin,2017,10,3
ISL,origin,2017,11,3
ISL,origin,2017,12,1
ISL,origin,2017,13,83
ISL,origin,2017,14,2
ISL,origin,2017,15,6
ISL,origin,2017,16,8
ISL,origin,2017,17,1
ISL,origin,2017,18,1
ISL,origin,2017,19,2
ISL,origin,2017,20,1
ISL,origin,2017,21,2
ISL,origin,2017,23,5
ISL,origin,2017,25,5
ISL,origin,2017,26,1
ISL,origin,2017,27,2
ISL,origin,2017,28,2
ISL,origin,2017,29,7
ISL,origin,2017,30,1
ISL,origin,2017,31,3
ISL,origin,2017,32,2
ISL,origin,2017,33,2
ISL,origin,2017,34,3
ISL,origin,2017,35,7
ISL,origin,2017,4,2
ISL,origin,2017,6,4
ISL,origin,2017,7,2
ISL,origin,2017,9,1
ISL,origin,2018,0,1
ISL,origin,2018,1,2
ISL,origin,2018,10,1
ISL,origin,2018,13,75
ISL,origin,2018,14,2
ISL,origin,2018,15,5
ISL,origin,2018,16,9
ISL,origin,2018,17,2
ISL,origin,2018,18,2
ISL,origin,2018,19,1
ISL,origin,2018,21,1
ISL,origin,2018,22,1
ISL,origin,2018,23,2
ISL,origin,2018,25,4
ISL,origin,2018,26,1
ISL,origin,2018,27,3
ISL,origin,2018,28,1
ISL,origin,2018,29,12
ISL,origin,2018,32,2
ISL,origin,2018,33,1
ISL,origin,2018,34,9
ISL,origin,2018,6,2
ISL,origin,2018,7,2
ISL,origin,2019,1,1
ISL,origin,2019,10,3
ISL,origin,2019,12,2
ISL,origin,2019,13,73
ISL,origin,2019,14,1
ISL,origin,2019,15,1
ISL,origin,2019,16,2
ISL,origin,2019,17,1
ISL,origin,2019,18,1
ISL,origin,2019,19,1
ISL,origin,2019,21,3
ISL,origin,2019,23,4
ISL,origin,2019,24,2
ISL,origin,2019,25,2
ISL,origin,2019,26,1
ISL,origin,2019,28,3
ISL,origin,2019,29,10
ISL,origin,2019,31,2
ISL,origin,2019,32,2
ISL,origin,2019,34,4
ISL,origin,2019,35,2
ISL,origin,2019,6,4
ISL,origin,2020,1,1
ISL,origin,2020,10,3
ISL,origin,2020,11,2
ISL,origin,2020,13,60
ISL,origin,2020,14,3
ISL,origin,2020,15,5
ISL,origin,2020,16,7
ISL,origin,2020,2,2
ISL,origin,2020,23,4
ISL,origin,2020,25,3
ISL,origin,2020,26,1
ISL,origin,2020,27,2
ISL,origin,2020,29,14
ISL,origin,2020,31,6
ISL,origin,2020,32,2
ISL,origin,2020,33,1
ISL,origin,2020,34,3
ISL,origin,2020,35,3
ISL,origin,2020,4,2
ISL,origin,2020,6,4
ISL,origin,2020,7,1
ISL,origin,2020,9,2
ISL,origin,2021,1,2
ISL,origin,2021,10,1
ISL,origin,2021,11,1
ISL,origin,2021,12,1
ISL,origin,2021,13,55
ISL,origin,2021,14,1
ISL,origin,2021,15,1
ISL,origin,2021,16,4
ISL,origin,2021,17,1
ISL,origin,2021,18,2
ISL,origin,2021,19,2
ISL,origin,2021,2,1
ISL,origin,2021,23,9
ISL,origin,2021,25,7
ISL,origin,2021,26,2
ISL,origin,2021,27,1
ISL,origin,2021,28,1
ISL,origin,2021,29,12
ISL,origin,2021,31,4
ISL,origin,2021,32,1
ISL,origin,2021,34,3
ISL,origin,2021,35,4
ISL,origin,2021,4,2
ISL,origin,2021,6,1
ISL,origin,2022,1,4
ISL,origin,2022,10,4
ISL,origin,2022,11,1
ISL,origin,2022,12,1
ISL,origin,2022,13,51
ISL,origin,2022,14,2
ISL,origin,2022,15,3
ISL,origin,2022,16,9
ISL,origin,2022,17,1
ISL,origin,2022,18,1
ISL,origin,2022,19,1
ISL,origin,2022,21,1
ISL,origin,2022,23,6
ISL,origin,2022,24,1
ISL,origin,2022,25,2
ISL,origin,2022,26,2
ISL,origin,2022,27,1
ISL,origin,2022,28,1
ISL,origin,2022,29,14
ISL,origin,2022,3,1
ISL,origin,2022,30,1
ISL,origin,2022,31,4
ISL,origin,2022,32,1
ISL,origin,2022,33,2
ISL,origin,2022,34,4
ISL,origin,2022,35,1
ISL,origin,2022,4,2
ISL,origin,2022,6,3
ISL,origin,2022,7,1
ISR,office,2018,0,4
ISR,office,2018,1,3
ISR,office,2018,10,13
ISR,office,2018,11,2
ISR,office,2018,12,1
ISR,office,2018,13,20
ISR,office,2018,14,6
ISR,office,2018,15,20
ISR,office,2018,16,60
ISR,office,2018,17,1
ISR,office,2018,18,37
ISR,office,2018,19,8
ISR,office,2018,2,9
ISR,office,2018,20,8
ISR,office,2018,21,1
ISR,office,2018,23,2
ISR,office,2018,28,3
ISR,office,2018,29,13
ISR,office,2018,3,8
ISR,office,2018,30,23
ISR,office,2018,31,3
ISR,office,2018,32,2
ISR,office,2018,34,27
ISR,office,2018,35,1
ISR,office,2018,4,29
ISR,office,2018,6,55
ISR,office,2018,8,1
ISR,office,2018,9,3
ISR,office,2019,0,1
ISR,office,2019,1,6
ISR,office,2019,10,14
ISR,office,2019,12,1
ISR,office,2019,13,19
ISR,office,2019,14,4
ISR,office,2019,15,18
ISR,office,2019,16,60
ISR,office,2019,17,1
ISR,office,2019,18,40
ISR,office,2019,19,15
ISR,office,2019,2,11
ISR,office,2019,20,4
ISR,office,2019,23,2
ISR,office,2019,28,1
ISR,office,2019,29,11
ISR,office,2019,3,7
ISR,office,2019,30,12
ISR,office,2019,32,3
ISR,office,2019,34,33
ISR,office,2019,35,3
ISR,office,2019,4,33
ISR,office,2019,6,56
ISR,office,2019,7,2
ISR,office,2019,8,1
ISR,office,2019,9,2
ISR,office,2020,1,4
ISR,office,2020,10,22
ISR,office,2020,13,28
ISR,office,2020,14,3
ISR,office,2020,15,13
ISR,office,2020,16,62
ISR,office,2020,18,26
ISR,office,2020,19,26
ISR,office,2020,2,2
ISR,office,2020,20,8
ISR,office,2020,23,8
ISR,office,2020,24,2
ISR,office,2020,26,1
ISR,office,2020,27,2
ISR,office,2020,28,2
ISR,office,2020,29,8
ISR,office,2020,3,1
ISR,office,2020,30,12
ISR,office,2020,31,1
ISR,office,2020,32,1
ISR,office,2020,33,1
ISR,office,2020,34,59
ISR,office,2020,35,2
ISR,office,2020,4,18
ISR,office,2020,6,77
ISR,office,2020,7,1
ISR,office,2020,9,4
ISR,office,2021,0,1
ISR,office,2021,1,6
ISR,office,2021,10,24
ISR,office,2021,13,29
ISR,office,2021,14,3
ISR,office,2021,15,20
ISR,office,2021,16,45
ISR,office,2021,17,1
ISR,office,2021,18,13
ISR,office,2021,19,19
ISR,office,2021,2,3
ISR,office,2021,20,6
ISR,office,2021,21,3
ISR,office,2021,23,3
ISR,office,2021,24,2
ISR,office,2021,28,2
ISR,office,2021,29,6
ISR,office,2021,3,10
ISR,office,2021,30,10
ISR,office,2021,32,3
ISR,office,2021,34,44
ISR,office,2021,4,17
ISR,office,2021,6,79
ISR,office,2021,9,4
ISR,office,2022,0,2
ISR,office,2022,1,52
ISR,office,2022,10,133
ISR,office,2022,11,59
ISR,office,2022,12,22
ISR,office,2022,13,209
ISR,office,2022,14,50
ISR,office,2022,15,244
ISR,office,2022,16,694
ISR,office,2022,17,21
ISR,office,2022,18,39
ISR,office,2022,19,52
ISR,office,2022,2,28
ISR,office,2022,20,31
ISR,office,2022,21,29
ISR,office,2022,22,3
ISR,office,2022,23,70
ISR,office,2022,24,9
ISR,office,2022,25,35
ISR,office,2022,26,16
ISR,office,2022,27,15
ISR,office,2022,28,5
ISR,office,2022,29,101
ISR,office,2022,3,34
ISR,office,2022,30,13
ISR,office,2022,31,20
ISR,office,2022,32,58
ISR,office,2022,33,28
ISR,office,2022,34,60
ISR,office,2022,35,23
ISR,office,2022,4,79
ISR,office,2022,5,4
ISR,office,2022,6,151
ISR,office,2022,7,23
ISR,office,2022,8,50
ISR,office,2022,9,64
ISR,origin,2015,0,15
ISR,origin,2015,1,120
ISR,origin,2015,10,188
ISR,origin,2015,11,43
ISR,origin,2015,12,60
ISR,origin,2015,13,771
ISR,origin,2015,14,93
ISR,origin,2015,15,186
ISR,origin,2015,16,296
ISR,origin,2015,17,15
ISR,origin,2015,18,37
ISR,origin,2015,19,72
ISR,origin,2015,2,97
ISR,origin,2015,20,17
ISR,origin,2015,21,34
ISR,origin,2015,22,9
ISR,origin,2015,23,66
ISR,origin,2015,24,38
ISR,origin,2015,25,48
ISR,origin,2015,26,149
ISR,origin,2015,27,23
ISR,origin,2015,28,32
ISR,origin,2015,29,98
ISR,origin,2015,3,130
ISR,origin,2015,30,33
ISR,origin,2015,31,49
ISR,origin,2015,32,70
ISR,origin,2015,33,46
ISR,origin,2015,34,40
ISR,origin,2015,35,54
ISR,origin,2015,4,237
ISR,origin,2015,5,47
ISR,origin,2015,6,590
ISR,origin,2015,7,27
ISR,origin,2015,8,45
ISR,origin,2015,9,83
ISR,origin,2016,0,9
ISR,origin,2016,1,150
ISR,origin,2016,10,208
ISR,origin,2016,11,45
ISR,origin,2016,12,56
ISR,origin,2016,13,883
ISR,origin,2016,14,91
ISR,origin,2016,15,181
ISR,origin,2016,16,342
ISR,origin,2016,17,27
ISR,origin,2016,18,41
ISR,origin,2016,19,78
ISR,origin,2016,2,106
ISR,origin,2016,20,32
ISR,origin,2016,21,33
ISR,origin,2016,22,12
ISR,origin,2016,23,62
ISR,origin,2016,24,40
ISR,origin,2016,25,57
ISR,origin,2016,26,202
ISR,origin,2016,27,44
ISR,origin,2016,28,58
ISR,origin,2016,29,98
ISR,origin,2016,3,140
ISR,origin,2016,30,38
ISR,origin,2016,31,67
ISR,origin,2016,32,99
ISR,origin,2016,33,41
ISR,origin,2016,34,55
ISR,origin,2016,35,72
ISR,origin,2016,4,286
ISR,origin,2016,5,40
ISR,origin,2016,6,610
ISR,origin,2016,7,26
ISR,origin,2016,8,54
ISR,origin,2016,9,88
ISR,origin,2017,0,4
ISR,origin,2017,1,175
ISR,origin,2017,10,237
ISR,origin,2017,11,37
ISR,origin,2017,12,97
ISR,origin,2017,13,1044
ISR,origin,2017,14,87
ISR,origin,2017,15,211
ISR,origin,2017,16,351
ISR,origin,2017,17,17
ISR,origin,2017,18,49
ISR,origin,2017,19,67
ISR,origin,2017,2,113
ISR,origin,2017,20,27
ISR,origin,2017,21,38
ISR,origin,2017,22,13
ISR,origin,2017,23,67
ISR,origin,2017,24,41
ISR,origin,2017,25,54
ISR,origin,2017,26,218
ISR,origin,2017,27,34
ISR,origin,2017,28,62
ISR,origin,2017,29,110
ISR,origin,2017,3,139
ISR,origin,2017,30,27
ISR,origin,2017,31,71
ISR,origin,2017,32,93
ISR,origin,2017,33,42
ISR,origin,2017,34,68
ISR,origin,2017,35,67
ISR,origin,2017,4,337
ISR,origin,2017,5,40
ISR,origin,2017,6,594
ISR,origin,2017,7,47
ISR,origin,2017,8,73
ISR,origin,2017,9,90
ISR,origin,2018,0,3
ISR,origin,2018,1,184
ISR,origin,2018,10,232
ISR,origin,2018,11,48
ISR,origin,2018,12,85
ISR,origin,2018,13,1044
ISR,origin,2018,14,74
ISR,origin,2018,15,194
ISR,origin,2018,16,353
ISR,origin,2018,17,18
ISR,origin,2018,18,54
ISR,origin,2018,19,78
ISR,origin,2018,2,127
ISR,origin,2018,20,21
ISR,origin,2018,21,28
ISR,origin,2018,22,9
ISR,origin,2018,23,94
ISR,origin,2018,24,46
ISR,origin,2018,25,43
ISR,origin,2018,26,175
ISR,origin,2018,27,29
ISR,origin,2018,28,53
ISR,origin,2018,29,142
ISR,origin,2018,3,164
ISR,origin,2018,30,22
ISR,origin,2018,31,66
ISR,origin,2018,32,93
ISR,origin,2018,33,41
ISR,origin,2018,34,88
ISR,origin,2018,35,82
ISR,origin,2018,4,336
ISR,origin,2018,5,24
ISR,origin,2018,6,584
ISR,origin,2018,7,40
ISR,origin,2018,8,51
ISR,origin,2018,9,100
ISR,origin,2019,0,1
ISR,origin,2019,1,182
ISR,origin,2019,10,257
ISR,origin,2019,11,45
ISR,origin,2019,12,111
ISR,origin,2019,13,1295
ISR,origin,2019,14,73
ISR,origin,2019,15,189
ISR,origin,2019,16,346
ISR,origin,2019,17,24
ISR,origin,2019,18,56
ISR,origin,2019,19,79
ISR,origin,2019,2,137
ISR,origin,2019,20,39
ISR,origin,2019,21,38
ISR,origin,2019,22,10
ISR,origin,2019,23,101
ISR,origin,2019,24,46
ISR,origin,2019,25,62
ISR,origin,2019,26,137
ISR,origin,2019,27,34
ISR,origin,2019,28,93
ISR,origin,2019,29,135
ISR,origin,2019,3,163
ISR,origin,2019,30,35
ISR,origin,2019,31,72
ISR,origin,2019,32,118
ISR,origin,2019,33,37
ISR,origin,2019,34,60
ISR,origin,2019,35,70
ISR,origin,2019,4,404
ISR,origin,2019,5,30
ISR,origin,2019,6,688
ISR,origin,2019,7,60
ISR,origin,2019,8,46
ISR,origin,2019,9,181
ISR,origin,2020,0,2
ISR,origin,2020,1,190
ISR,origin,2020,10,305
ISR,origin,2020,11,64
ISR,origin,2020,12,104
ISR,origin,2020,13,1309
ISR,origin,2020,14,83
ISR,origin,2020,15,179
ISR,origin,2020,16,364
ISR,origin,2020,17,28
ISR,origin,2020,18,52
ISR,origin,2020,19,61
ISR,origin,2020,2,163
ISR,origin,2020,20,35
ISR,origin,2020,21,29
ISR,origin,2020,22,5
ISR,origin,2020,23,93
ISR,origin,2020,24,48
ISR,origin,2020,25,82
ISR,origin,2020,26,191
ISR,origin,2020,27,37
ISR,origin,2020,28,97
ISR,origin,2020,29,173
ISR,origin,2020,3,132
ISR,origin,2020,30,26
ISR,origin,2020,31,77
ISR,origin,2020,32,115
ISR,origin,2020,33,46
ISR,origin,2020,34,60
ISR,origin,2020,35,77
ISR,origin,2020,4,393
ISR,origin,2020,5,31
ISR,origin,2020,6,758
ISR,origin,2020,7,57
ISR,origin,2020,8,57
ISR,origin,2020,9,176
ISR,origin,2021,0,2
ISR,origin,2021,1,178
ISR,origin,2021,10,302
ISR,origin,2021,11,56
ISR,origin,2021,12,120
ISR,origin,2021,13,1408
ISR,origin,2021,14,103
ISR,origin,2021,15,186
ISR,origin,2021,16,394
ISR,origin,2021,17,43
ISR,origin,2021,18,71
ISR,origin,2021,19,79
ISR,origin,2021,2,169
ISR,origin,2021,20,37
ISR,origin,2021,21,38
ISR,origin,2021,22,12
ISR,origin,2021,23,84
ISR,origin,2021,24,43
ISR,origin,2021,25,82
ISR,origin,2021,26,167
ISR,origin,2021,27,31
ISR,origin,2021,28,100
ISR,origin,2021,29,177
ISR,origin,2021,3,116
ISR,origin,2021,30,39
ISR,origin,2021,31,69
ISR,origin,2021,32,133
ISR,origin,2021,33,53
ISR,origin,2021,34,73
ISR,origin,2021,35,66
ISR,origin,2021,4,378
ISR,origin,2021,5,37
ISR,origin,2021,6,726
ISR,origin,2021,7,70
ISR,origin,2021,8,76
ISR,origin,2021,9,200
ISR,origin,2022,1,200
ISR,origin,2022,10,332
ISR,origin,2022,11,61
ISR,origin,2022,12,118
ISR,origin,2022,13,1360
ISR,origin,2022,14,82
ISR,origin,2022,15,190
ISR,origin,2022,16,332
ISR,origin,2022,17,29
ISR,origin,2022,18,90
ISR,origin,2022,19,71
ISR,origin,2022,2,152
ISR,origin,2022,20,31
ISR,origin,2022,21,33
ISR,origin,2022,22,8
ISR,origin,2022,23,86
ISR,origin,2022,24,39
ISR,origin,2022,25,84
ISR,origin,2022,26,196
ISR,origin,2022,27,33
ISR,origin,2022,28,82
ISR,origin,2022,29,216
ISR,origin,2022,3,119
ISR,origin,2022,30,32
ISR,origin,2022,31,59
ISR,origin,2022,32,198
ISR,origin,2022,33,69
ISR,origin,2022,34,82
ISR,origin,2022,35,66
ISR,origin,2022,4,359
ISR,origin,2022,5,31
ISR,origin,2022,6,803
ISR,origin,2022,7,80
ISR,origin,2022,8,75
ISR,origin,2022,9,231
ITA,office,2015,16,1
ITA,origin,2015,0,21
ITA,origin,2015,1,433
ITA,origin,2015,10,301
ITA,origin,2015,11,42
ITA,origin,2015,12,90
ITA,origin,2015,13,426
ITA,origin,2015,14,395
ITA,origin,2015,15,149
ITA,origin,2015,16,515
ITA,origin,2015,17,232
ITA,origin,2015,18,91
ITA,origin,2015,19,121
ITA,origin,2015,2,65
ITA,origin,2015,20,171
ITA,origin,2015,21,131
ITA,origin,2015,22,22
ITA,origin,2015,23,204
ITA,origin,2015,24,94
ITA,origin,2015,25,587
ITA,origin,2015,26,349
ITA,origin,2015,27,311
ITA,origin,2015,28,196
ITA,origin,2015,29,469
ITA,origin,2015,3,71
ITA,origin,2015,30,222
ITA,origin,2015,31,340
ITA,origin,2015,32,483
ITA,origin,2015,33,332
ITA,origin,2015,34,265
ITA,origin,2015,35,369
ITA,origin,2015,4,104
ITA,origin,2015,5,39
ITA,origin,2015,6,140
ITA,origin,2015,7,6
ITA,origin,2015,8,123
ITA,origin,2015,9,77
ITA,origin,2016,0,10
ITA,origin,2016,1,451
ITA,origin,2016,10,334
ITA,origin,2016,11,50
ITA,origin,2016,12,110
ITA,origin,2016,13,465
ITA,origin,2016,14,427
ITA,origin,2016,15,153
ITA,origin,2016,16,594
ITA,origin,2016,17,315
ITA,origin,2016,18,99
ITA,origin,2016,19,147
ITA,origin,2016,2,87
ITA,origin,2016,20,171
ITA,origin,2016,21,205
ITA,origin,2016,22,19
ITA,origin,2016,23,292
ITA,origin,2016,24,108
ITA,origin,2016,25,728
ITA,origin,2016,26,400
ITA,origin,2016,27,411
ITA,origin,2016,28,269
ITA,origin,2016,29,554
ITA,origin,2016,3,78
ITA,origin,2016,30,246
ITA,origin,2016,31,436
ITA,origin,2016,32,557
ITA,origin,2016,33,394
ITA,origin,2016,34,336
ITA,origin,2016,35,480
ITA,origin,2016,4,96
ITA,origin,2016,5,44
ITA,origin,2016,6,146
ITA,origin,2016,7,8
ITA,origin,2016,8,124
ITA,origin,2016,9,93
ITA,origin,2017,0,5
ITA,origin,2017,1,462
ITA,origin,2017,10,312
ITA,origin,2017,11,53
ITA,origin,2017,12,131
ITA,origin,2017,13,490
ITA,origin,2017,14,397
ITA,origin,2017,15,153
ITA,origin,2017,16,519
ITA,origin,2017,17,309
ITA,origin,2017,18,113
ITA,origin,2017,19,142
ITA,origin,2017,2,85
ITA,origin,2017,20,168
ITA,origin,2017,21,190
ITA,origin,2017,22,24
ITA,origin,2017,23,270
ITA,origin,2017,24,112
ITA,origin,2017,25,750
ITA,origin,2017,26,387
ITA,origin,2017,27,445
ITA,origin,2017,28,238
ITA,origin,2017,29,570
ITA,origin,2017,3,92
ITA,origin,2017,30,260
ITA,origin,2017,31,453
ITA,origin,2017,32,580
ITA,origin,2017,33,341
ITA,origin,2017,34,295
ITA,origin,2017,35,493
ITA,origin,2017,4,137
ITA,origin,2017,5,33
ITA,origin,2017,6,143
ITA,origin,2017,7,19
ITA,origin,2017,8,103
ITA,origin,2017,9,81
ITA,origin,2018,0,2
ITA,origin,2018,1,506
ITA,origin,2018,10,379
ITA,origin,2018,11,66
ITA,origin,2018,12,136
ITA,origin,2018,13,529
ITA,origin,2018,14,323
ITA,origin,2018,15,148
ITA,origin,2018,16,510
ITA,origin,2018,17,308
ITA,origin,2018,18,137
ITA,origin,2018,19,131
ITA,origin,2018,2,93
ITA,origin,2018,20,159
ITA,origin,2018,21,191
ITA,origin,2018,22,25
ITA,origin,2018,23,296
ITA,origin,2018,24,138
ITA,origin,2018,25,748
ITA,origin,2018,26,408
ITA,origin,2018,27,418
ITA,origin,2018,28,228
ITA,origin,2018,29,646
ITA,origin,2018,3,75
ITA,origin,2018,30,256
ITA,origin,2018,31,509
ITA,origin,2018,32,638
ITA,origin,2018,33,390
ITA,origin,2018,34,302
ITA,origin,2018,35,433
ITA,origin,2018,4,145
ITA,origin,2018,5,50
ITA,origin,2018,6,170
ITA,origin,2018,7,14
ITA,origin,2018,8,123
ITA,origin,2018,9,89
ITA,origin,2019,0,2
ITA,origin,2019,1,544
ITA,origin,2019,10,450
ITA,origin,2019,11,55
ITA,origin,2019,12,134
ITA,origin,2019,13,547
ITA,origin,2019,14,342
ITA,origin,2019,15,162
ITA,origin,2019,16,456
ITA,origin,2019,17,294
ITA,origin,2019,18,150
ITA,origin,2019,19,145
ITA,origin,2019,2,115
ITA,origin,2019,20,149
ITA,origin,2019,21,175
ITA,origin,2019,22,36
ITA,origin,2019,23,314
ITA,origin,2019,24,131
ITA,origin,2019,25,852
ITA,origin,2019,26,390
ITA,origin,2019,27,440
ITA,origin,2019,28,304
ITA,origin,2019,29,636
ITA,origin,2019,3,81
ITA,origin,2019,30,329
ITA,origin,2019,31,568
ITA,origin,2019,32,762
ITA,origin,2019,33,419
ITA,origin,2019,34,318
ITA,origin,2019,35,512
ITA,origin,2019,4,159
ITA,origin,2019,5,54
ITA,origin,2019,6,170
ITA,origin,2019,7,16
ITA,origin,2019,8,108
ITA,origin,2019,9,131
ITA,origin,2020,0,8
ITA,origin,2020,1,548
ITA,origin,2020,10,508
ITA,origin,2020,11,53
ITA,origin,2020,12,145
ITA,origin,2020,13,579
ITA,origin,2020,14,283
ITA,origin,2020,15,126
ITA,origin,2020,16,462
ITA,origin,2020,17,345
ITA,origin,2020,18,140
ITA,origin,2020,19,143
ITA,origin,2020,2,99
ITA,origin,2020,20,158
ITA,origin,2020,21,167
ITA,origin,2020,22,28
ITA,origin,2020,23,325
ITA,origin,2020,24,127
ITA,origin,2020,25,776
ITA,origin,2020,26,444
ITA,origin,2020,27,548
ITA,origin,2020,28,309
ITA,origin,2020,29,724
ITA,origin,2020,3,71
ITA,origin,2020,30,255
ITA,origin,2020,31,598
ITA,origin,2020,32,875
ITA,origin,2020,33,455
ITA,origin,2020,34,296
ITA,origin,2020,35,550
ITA,origin,2020,4,129
ITA,origin,2020,5,64
ITA,origin,2020,6,190
ITA,origin,2020,7,20
ITA,origin,2020,8,103
ITA,origin,2020,9,144
ITA,origin,2021,0,6
ITA,origin,2021,1,519
ITA,origin,2021,10,475
ITA,origin,2021,11,39
ITA,origin,2021,12,154
ITA,origin,2021,13,510
ITA,origin,2021,14,249
ITA,origin,2021,15,155
ITA,origin,2021,16,442
ITA,origin,2021,17,289
ITA,origin,2021,18,135
ITA,origin,2021,19,162
ITA,origin,2021,2,86
ITA,origin,2021,20,131
ITA,origin,2021,21,166
ITA,origin,2021,22,27
ITA,origin,2021,23,328
ITA,origin,2021,24,115
ITA,origin,2021,25,814
ITA,origin,2021,26,460
ITA,origin,2021,27,487
ITA,origin,2021,28,289
ITA,origin,2021,29,664
ITA,origin,2021,3,76
ITA,origin,2021,30,274
ITA,origin,2021,31,544
ITA,origin,2021,32,937
ITA,origin,2021,33,478
ITA,origin,2021,34,290
ITA,origin,2021,35,445
ITA,origin,2021,4,138
ITA,origin,2021,5,50
ITA,origin,2021,6,179
ITA,origin,2021,7,18
ITA,origin,2021,8,109
ITA,origin,2021,9,117
ITA,origin,2022,1,516
ITA,origin,2022,10,458
ITA,origin,2022,11,38
ITA,origin,2022,12,135
ITA,origin,2022,13,490
ITA,origin,2022,14,223
ITA,origin,2022,15,119
ITA,origin,2022,16,373
ITA,origin,2022,17,249
ITA,origin,2022,18,116
ITA,origin,2022,19,125
ITA,origin,2022,2,95
ITA,origin,2022,20,129
ITA,origin,2022,21,142
ITA,origin,2022,22,17
ITA,origin,2022,23,278
ITA,origin,2022,24,114
ITA,origin,2022,25,778
ITA,origin,2022,26,406
ITA,origin,2022,27,381
ITA,origin,2022,28,270
ITA,origin,2022,29,612
ITA,origin,2022,3,64
ITA,origin,2022,30,201
ITA,origin,2022,31,475
ITA,origin,2022,32,828
ITA,origin,2022,33,405
ITA,origin,2022,34,255
ITA,origin,2022,35,440
ITA,origin,2022,4,105
ITA,origin,2022,5,42
ITA,origin,2022,6,179
ITA,origin,2022,7,13
ITA,origin,2022,8,98
ITA,origin,2022,9,125
JAM,origin,2015,1,1
JAM,origin,2015,16,1
JAM,origin,2015,18,1
JAM,origin,2015,19,1
JAM,origin,2015,25,1
JAM,origin,2015,27,1
JAM,origin,2015,29,5
JAM,origin,2015,32,5
JAM,origin,2015,35,1
JAM,origin,2016,1,1
JAM,origin,2016,15,1
JAM,origin,2016,16,1
JAM,origin,2016,29,5
JAM,origin,2016,32,5
JAM,origin,2017,14,1
JAM,origin,2017,16,1
JAM,origin,2017,19,1
JAM,origin,2017,27,2
JAM,origin,2017,29,4
JAM,origin,2017,30,1
JAM,origin,2017,31,1
JAM,origin,2017,32,3
JAM,origin,2017,33,1
JAM,origin,2018,24,1
JAM,origin,2018,25,1
JAM,origin,2018,27,2
JAM,origin,2019,11,2
JAM,origin,2019,16,1
JAM,origin,2019,25,1
JAM,origin,2019,27,1
JAM,origin,2019,29,2
JAM,origin,2019,32,4
JAM,origin,2020,1,1
JAM,origin,2020,14,1
JAM,origin,2020,16,3
JAM,origin,2020,18,1
JAM,origin,2020,19,1
JAM,origin,2020,25,1
JAM,origin,2020,27,1
JAM,origin,2020,29,1
JAM,origin,2021,14,1
JAM,origin,2021,16,3
JAM,origin,2021,29,1
JAM,origin,2021,34,1
JAM,origin,2022,15,1
JAM,origin,2022,31,1
JOR,office,2015,14,3
JOR,office,2015,15,1
JOR,office,2015,16,2
JOR,office,2015,20,1
JOR,office,2015,25,1
JOR,office,2016,16,1
JOR,office,2016,18,2
JOR,office,2016,4,1
JOR,office,2017,0,1
JOR,office,2017,14,2
JOR,office,2017,16,5
JOR,office,2017,18,1
JOR,office,2017,19,1
JOR,office,2017,29,1
JOR,office,2017,30,2
JOR,office,2018,10,1
JOR,office,2018,13,2
JOR,office,2018,14,17
JOR,office,2018,15,3
JOR,office,2018,16,26
JOR,office,2018,17,1
JOR,office,2018,18,1
JOR,office,2018,19,3
JOR,office,2018,20,1
JOR,office,2018,23,1
JOR,office,2018,24,2
JOR,office,2018,25,2
JOR,office,2018,27,1
JOR,office,2018,28,1
JOR,office,2018,30,2
JOR,office,2018,31,1
JOR,office,2018,32,2
JOR,office,2018,35,4
JOR,office,2018,6,1
JOR,office,2019,0,1
JOR,office,2019,1,1
JOR,office,2019,10,2
JOR,office,2019,12,2
JOR,office,2019,13,1
JOR,office,2019,14,28
JOR,office,2019,15,9
JOR,office,2019,16,56
JOR,office,2019,17,1
JOR,office,2019,18,1
JOR,office,2019,19,10
JOR,office,2019,20,3
JOR,office,2019,21,1
JOR,office,2019,23,3
JOR,office,2019,24,4
JOR,office,2019,26,1
JOR,office,2019,27,1
JOR,office,2019,28,2
JOR,office,2019,29,3
JOR,office,2019,3,1
JOR,office,2019,30,5
JOR,office,2019,32,1
JOR,office,2019,35,2
JOR,office,2019,4,1
JOR,office,2019,7,1
JOR,office,2019,9,1
JOR,office,2020,1,2
JOR,office,2020,10,1
JOR,office,2020,11,1
JOR,office,2020,13,8
JOR,office,2020,14,45
JOR,office,2020,15,31
JOR,office,2020,16,110
JOR,office,2020,17,1
JOR,office,2020,18,2
JOR,office,2020,19,9
JOR,office,2020,2,2
JOR,office,2020,20,5
JOR,office,2020,21,2
JOR,office,2020,23,7
JOR,office,2020,24,2
JOR,office,2020,25,2
JOR,office,2020,27,7
JOR,office,2020,28,3
JOR,office,2020,29,1
JOR,office,2020,3,1
JOR,office,2020,30,5
JOR,office,2020,31,3
JOR,office,2020,32,1
JOR,office,2020,33,3
JOR,office,2020,34,1
JOR,office,2020,35,5
JOR,office,2020,4,3
JOR,office,2020,6,2
JOR,office,2020,9,1
JOR,office,2021,1,1
JOR,office,2021,10,3
JOR,office,2021,11,2
JOR,office,2021,13,2
JOR,office,2021,14,42
JOR,office,2021,15,37
JOR,office,2021,16,91
JOR,office,2021,17,2
JOR,office,2021,18,4
JOR,office,2021,19,4
JOR,office,2021,20,6
JOR,office,2021,21,2
JOR,office,2021,23,4
JOR,office,2021,24,5
JOR,office,2021,25,4
JOR,office,2021,26,1
JOR,office,2021,27,2
JOR,office,2021,28,3
JOR,office,2021,29,2
JOR,office,2021,3,1
JOR,office,2021,30,4
JOR,office,2021,31,3
JOR,office,2021,34,2
JOR,office,2021,35,11
JOR,office,2021,4,4
JOR,office,2021,6,2
JOR,office,2021,7,1
JOR,office,2022,10,1
JOR,office,2022,13,3
JOR,office,2022,14,16
JOR,office,2022,15,6
JOR,office,2022,16,30
JOR,office,2022,17,1
JOR,office,2022,19,2
JOR,office,2022,2,1
JOR,office,2022,20,1
JOR,office,2022,21,1
JOR,office,2022,24,1
JOR,office,2022,26,2
JOR,office,2022,27,1
JOR,office,2022,28,1
JOR,office,2022,29,1
JOR,office,2022,31,1
JOR,office,2022,32,1
JOR,office,2022,33,2
JOR,office,2022,35,5
JOR,office,2022,6,1
JOR,office,2022,7,1
JOR,office,2022,9,2
JOR,origin,2015,10,1
JOR,origin,2015,12,1
JOR,origin,2015,13,3
JOR,origin,2015,16,3
JOR,origin,2015,2,1
JOR,origin,2015,32,1
JOR,origin,2015,5,1
JOR,origin,2015,6,2
JOR,origin,2016,1,1
JOR,origin,2016,16,1
JOR,origin,2016,19,2
JOR,origin,2016,2,1
JOR,origin,2016,21,1
JOR,origin,2016,23,8
JOR,origin,2016,27,1
JOR,origin,2016,29,2
JOR,origin,2016,31,1
JOR,origin,2016,34,1
JOR,origin,2016,4,1
JOR,origin,2016,6,2
JOR,origin,2016,7,1
JOR,origin,2016,9,1
JOR,origin,2017,13,1
JOR,origin,2017,16,5
JOR,origin,2017,18,1
JOR,origin,2017,19,2
JOR,origin,2017,23,5
JOR,origin,2017,25,1
JOR,origin,2017,27,1
JOR,origin,2017,29,1
JOR,origin,2017,3,1
JOR,origin,2017,30,2
JOR,origin,2017,35,1
JOR,origin,2017,4,1
JOR,origin,2017,6,1
JOR,origin,2018,1,1
JOR,origin,2018,10,1
JOR,origin,2018,13,4
JOR,origin,2018,16,3
JOR,origin,2018,19,2
JOR,origin,2018,2,1
JOR,origin,2018,23,7
JOR,origin,2018,25,1
JOR,origin,2018,26,2
JOR,origin,2018,27,4
JOR,origin,2018,29,5
JOR,origin,2018,3,1
JOR,origin,2018,30,1
JOR,origin,2018,31,2
JOR,origin,2018,32,2
JOR,origin,2018,33,1
JOR,origin,2018,35,1
JOR,origin,2018,4,2
JOR,origin,2018,6,5
JOR,origin,2019,10,2
JOR,origin,2019,12,2
JOR,origin,2019,13,3
JOR,origin,2019,16,2
JOR,origin,2019,18,1
JOR,origin,2019,19,6
JOR,origin,2019,23,6
JOR,origin,2019,24,1
JOR,origin,2019,25,1
JOR,origin,2019,26,2
JOR,origin,2019,27,4
JOR,origin,2019,29,2
JOR,origin,2019,30,1
JOR,origin,2019,32,2
JOR,origin,2019,35,3
JOR,origin,2020,1,2
JOR,origin,2020,13,1
JOR,origin,2020,19,1
JOR,origin,2020,20,1
JOR,origin,2020,21,1
JOR,origin,2020,23,2
JOR,origin,2020,25,1
JOR,origin,2020,27,1
JOR,origin,2020,29,1
JOR,origin,2020,34,1
JOR,origin,2020,35,2
JOR,origin,2021,1,1
JOR,origin,2021,10,1
JOR,origin,2021,13,2
JOR,origin,2021,15,1
JOR,origin,2021,16,3
JOR,origin,2021,19,2
JOR,origin,2021,20,1
JOR,origin,2021,23,3
JOR,origin,2021,24,1
JOR,origin,2021,26,1
JOR,origin,2021,27,2
JOR,origin,2021,29,2
JOR,origin,2021,30,1
JOR,origin,2021,35,1
JOR,origin,2021,7,1
JOR,origin,2022,21,1
JOR,origin,2022,26,1
JOR,origin,2022,27,1
JOR,origin,2022,32,1
JOR,origin,2022,33,1
JOR,origin,2022,35,2
JPN,office,2015,0,38
JPN,office,2015,1,16788
JPN,office,2015,10,8167
JPN,office,2015,11,1032
JPN,office,2015,12,2938
JPN,office,2015,13,8482
JPN,office,2015,14,4398
JPN,office,2015,15,2814
JPN,office,2015,16,4382
JPN,office,2015,17,4383
JPN,office,2015,18,1622
JPN,office,2015,19,4447
JPN,office,2015,2,7455
JPN,office,2015,20,5044
JPN,office,2015,21,4214
JPN,office,2015,22,283
JPN,office,2015,23,3141
JPN,office,2015,24,2580
JPN,office,2015,25,5600
JPN,office,2015,26,4301
JPN,office,2015,27,5466
JPN,office,2015,28,4841
JPN,office,2015,29,5844
JPN,office,2015,3,5386
JPN,office,2015,30,3242
JPN,office,2015,31,5140
JPN,office,2015,32,8725
JPN,office,2015,33,10830
JPN,office,2015,34,2673
JPN,office,2015,35,5724
JPN,office,2015,4,5874
JPN,office,2015,5,1565
JPN,office,2015,6,11678
JPN,office,2015,7,2102
JPN,office,2015,8,9718
JPN,office,2015,9,9784
JPN,office,2016,0,31
JPN,office,2016,1,19502
JPN,office,2016,10,9541
JPN,office,2016,11,913
JPN,office,2016,12,3737
JPN,office,2016,13,10165
JPN,office,2016,14,4066
JPN,office,2016,15,2990
JPN,office,2016,16,4772
JPN,office,2016,17,4382
JPN,office,2016,18,2016
JPN,office,2016,19,4533
JPN,office,2016,2,8517
JPN,office,2016,20,5197
JPN,office,2016,21,4627
JPN,office,2016,22,284
JPN,office,2016,23,3371
JPN,office,2016,24,2814
JPN,office,2016,25,7030
JPN,office,2016,26,5624
JPN,office,2016,27,6952
JPN,office,2016,28,5420
JPN,office,2016,29,5982
JPN,office,2016,3,5613
JPN,office,2016,30,4103
JPN,office,2016,31,6048
JPN,office,2016,32,11035
JPN,office,2016,33,13235
JPN,office,2016,34,3255
JPN,office,2016,35,6425
JPN,office,2016,4,6353
JPN,office,2016,5,1472
JPN,office,2016,6,13507
JPN,office,2016,7,2693
JPN,office,2016,8,10241
JPN,office,2016,9,11425
JPN,office,2017,0,15
JPN,office,2017,1,19450
JPN,office,2017,10,8957
JPN,office,2017,11,834
JPN,office,2017,12,3365
JPN,office,2017,13,9826
JPN,office,2017,14,3447
JPN,office,2017,15,2472
JPN,office,2017,16,4211
JPN,office,2017,17,4037
JPN,office,2017,18,1722
JPN,office,2017,19,3951
JPN,office,2017,2,7947
JPN,office,2017,20,4315
JPN,office,2017,21,4023
JPN,office,2017,22,247
JPN,office,2017,23,3104
JPN,office,2017,24,2640
JPN,office,2017,25,6398
JPN,office,2017,26,4392
JPN,office,2017,27,6439
JPN,office,2017,28,4819
JPN,office,2017,29,5172
JPN,office,2017,3,4947
JPN,office,2017,30,3912
JPN,office,2017,31,5852
JPN,office,2017,32,10608
JPN,office,2017,33,11916
JPN,office,2017,34,3127
JPN,office,2017,35,6349
JPN,office,2017,4,5488
JPN,office,2017,5,1290
JPN,office,2017,6,12475
JPN,office,2017,7,2780
JPN,office,2017,8,9172
JPN,office,2017,9,9964
JPN,office,2018,0,10
JPN,office,2018,1,17550
JPN,office,2018,10,9256
JPN,office,2018,11,804
JPN,office,2018,12,3935
JPN,office,2018,13,9578
JPN,office,2018,14,3035
JPN,office,2018,15,2413
JPN,office,2018,16,3796
JPN,office,2018,17,3647
JPN,office,2018,18,1681
JPN,office,2018,19,3512
JPN,office,2018,2,7565
JPN,office,2018,20,4422
JPN,office,2018,21,4023
JPN,office,2018,22,242
JPN,office,2018,23,2821
JPN,office,2018,24,2240
JPN,office,2018,25,6117
JPN,office,2018,26,4365
JPN,office,2018,27,5872
JPN,office,2018,28,4616
JPN,office,2018,29,5063
JPN,office,2018,3,4844
JPN,office,2018,30,3605
JPN,office,2018,31,5436
JPN,office,2018,32,9941
JPN,office,2018,33,11363
JPN,office,2018,34,3209
JPN,office,2018,35,6491
JPN,office,2018,4,5939
JPN,office,2018,5,1410
JPN,office,2018,6,11714
JPN,office,2018,7,2953
JPN,office,2018,8,8277
JPN,office,2018,9,9327
JPN,office,2019,0,4
JPN,office,2019,1,16377
JPN,office,2019,10,8879
JPN,office,2019,11,804
JPN,office,2019,12,3897
JPN,office,2019,13,8993
JPN,office,2019,14,2921
JPN,office,2019,15,2480
JPN,office,2019,16,3450
JPN,office,2019,17,3484
JPN,office,2019,18,1768
JPN,office,2019,19,3225
JPN,office,2019,2,7083
JPN,office,2019,20,3900
JPN,office,2019,21,3891
JPN,office,2019,22,202
JPN,office,2019,23,2755
JPN,office,2019,24,2153
JPN,office,2019,25,6174
JPN,office,2019,26,4143
JPN,office,2019,27,5070
JPN,office,2019,28,3786
JPN,office,2019,29,5234
JPN,office,2019,3,4540
JPN,office,2019,30,3455
JPN,office,2019,31,5539
JPN,office,2019,32,9721
JPN,office,2019,33,10591
JPN,office,2019,34,3071
JPN,office,2019,35,6066
JPN,office,2019,4,5828
JPN,office,2019,5,1306
JPN,office,2019,6,10831
JPN,office,2019,7,2986
JPN,office,2019,8,7095
JPN,office,2019,9,8748
JPN,office,2020,0,2
JPN,office,2020,1,15981
JPN,office,2020,10,8974
JPN,office,2020,11,909
JPN,office,2020,12,4226
JPN,office,2020,13,9148
JPN,office,2020,14,2892
JPN,office,2020,15,2544
JPN,office,2020,16,3466
JPN,office,2020,17,3580
JPN,office,2020,18,1923
JPN,office,2020,19,3539
JPN,office,2020,2,6739
JPN,office,2020,20,4006
JPN,office,2020,21,3934
JPN,office,2020,22,211
JPN,office,2020,23,2845
JPN,office,2020,24,2100
JPN,office,2020,25,6342
JPN,office,2020,26,4204
JPN,office,2020,27,4600
JPN,office,2020,28,3674
JPN,office,2020,29,5680
JPN,office,2020,3,3779
JPN,office,2020,30,3196
JPN,office,2020,31,5199
JPN,office,2020,32,9228
JPN,office,2020,33,11685
JPN,office,2020,34,3408
JPN,office,2020,35,6157
JPN,office,2020,4,4669
JPN,office,2020,5,1189
JPN,office,2020,6,10694
JPN,office,2020,7,3460
JPN,office,2020,8,6765
JPN,office,2020,9,8129
JPN,office,2021,0,4
JPN,office,2021,1,15687
JPN,office,2021,10,8930
JPN,office,2021,11,938
JPN,office,2021,12,4544
JPN,office,2021,13,9709
JPN,office,2021,14,3106
JPN,office,2021,15,2866
JPN,office,2021,16,4090
JPN,office,2021,17,4089
JPN,office,2021,18,2019
JPN,office,2021,19,3614
JPN,office,2021,2,5942
JPN,office,2021,20,4116
JPN,office,2021,21,4124
JPN,office,2021,22,211
JPN,office,2021,23,2920
JPN,office,2021,24,2065
JPN,office,2021,25,6667
JPN,office,2021,26,4052
JPN,office,2021,27,4041
JPN,office,2021,28,3945
JPN,office,2021,29,6017
JPN,office,2021,3,3664
JPN,office,2021,30,3542
JPN,office,2021,31,4962
JPN,office,2021,32,8839
JPN,office,2021,33,11303
JPN,office,2021,34,3530
JPN,office,2021,35,6686
JPN,office,2021,4,4889
JPN,office,2021,5,1015
JPN,office,2021,6,10791
JPN,office,2021,7,4414
JPN,office,2021,8,6580
JPN,office,2021,9,7530
JPN,office,2022,0,9
JPN,office,2022,1,19053
JPN,office,2022,10,10648
JPN,office,2022,11,1065
JPN,office,2022,12,5619
JPN,office,2022,13,11126
JPN,office,2022,14,3361
JPN,office,2022,15,3441
JPN,office,2022,16,4477
JPN,office,2022,17,4466
JPN,office,2022,18,2244
JPN,office,2022,19,4013
JPN,office,2022,2,7057
JPN,office,2022,20,4735
JPN,office,2022,21,4859
JPN,office,2022,22,230
JPN,office,2022,23,3257
JPN,office,2022,24,2415
JPN,office,2022,25,7368
JPN,office,2022,26,4935
JPN,office,2022,27,4143
JPN,office,2022,28,4896
JPN,office,2022,29,6780
JPN,office,2022,3,3899
JPN,office,2022,30,3501
JPN,office,2022,31,5011
JPN,office,2022,32,10750
JPN,office,2022,33,13966
JPN,office,2022,34,3895
JPN,office,2022,35,7736
JPN,office,2022,4,6641
JPN,office,2022,5,931
JPN,office,2022,6,12721
JPN,office,2022,7,5416
JPN,office,2022,8,7980
JPN,office,2022,9,8426
JPN,origin,2015,0,51
JPN,origin,2015,1,26762
JPN,origin,2015,10,11192
JPN,origin,2015,11,985
JPN,origin,2015,12,4469
JPN,origin,2015,13,8269
JPN,origin,2015,14,4859
JPN,origin,2015,15,2606
JPN,origin,2015,16,3034
JPN,origin,2015,17,6254
JPN,origin,2015,18,1862
JPN,origin,2015,19,6368
JPN,origin,2015,2,13816
JPN,origin,2015,20,7240
JPN,origin,2015,21,6590
JPN,origin,2015,22,415
JPN,origin,2015,23,4064
JPN,origin,2015,24,3499
JPN,origin,2015,25,7863
JPN,origin,2015,26,6664
JPN,origin,2015,27,8065
JPN,origin,2015,28,8619
JPN,origin,2015,29,7856
JPN,origin,2015,3,8215
JPN,origin,2015,30,4295
JPN,origin,2015,31,7763
JPN,origin,2015,32,14569
JPN,origin,2015,33,11278
JPN,origin,2015,34,3602
JPN,origin,2015,35,6314
JPN,origin,2015,4,7314
JPN,origin,2015,5,2707
JPN,origin,2015,6,17780
JPN,origin,2015,7,2073
JPN,origin,2015,8,17902
JPN,origin,2015,9,19692
JPN,origin,2016,0,24
JPN,origin,2016,1,30978
JPN,origin,2016,10,12626
JPN,origin,2016,11,946
JPN,origin,2016,12,5249
JPN,origin,2016,13,9838
JPN,origin,2016,14,4809
JPN,origin,2016,15,2710
JPN,origin,2016,16,3265
JPN,origin,2016,17,6664
JPN,origin,2016,18,2306
JPN,origin,2016,19,6757
JPN,origin,2016,2,14865
JPN,origin,2016,20,8137
JPN,origin,2016,21,7339
JPN,origin,2016,22,432
JPN,origin,2016,23,4532
JPN,origin,2016,24,3826
JPN,origin,2016,25,9445
JPN,origin,2016,26,8268
JPN,origin,2016,27,9934
JPN,origin,2016,28,8825
JPN,origin,2016,29,8195
JPN,origin,2016,3,8162
JPN,origin,2016,30,5429
JPN,origin,2016,31,9058
JPN,origin,2016,32,17859
JPN,origin,2016,33,13495
JPN,origin,2016,34,4133
JPN,origin,2016,35,7190
JPN,origin,2016,4,7940
JPN,origin,2016,5,2548
JPN,origin,2016,6,19094
JPN,origin,2016,7,2640
JPN,origin,2016,8,19210
JPN,origin,2016,9,21062
JPN,origin,2017,0,38
JPN,origin,2017,1,30944
JPN,origin,2017,10,12131
JPN,origin,2017,11,912
JPN,origin,2017,12,5062
JPN,origin,2017,13,9446
JPN,origin,2017,14,4330
JPN,origin,2017,15,2263
JPN,origin,2017,16,2981
JPN,origin,2017,17,6360
JPN,origin,2017,18,1986
JPN,origin,2017,19,6321
JPN,origin,2017,2,14117
JPN,origin,2017,20,7179
JPN,origin,2017,21,6704
JPN,origin,2017,22,353
JPN,origin,2017,23,4216
JPN,origin,2017,24,3754
JPN,origin,2017,25,8648
JPN,origin,2017,26,7112
JPN,origin,2017,27,9613
JPN,origin,2017,28,7731
JPN,origin,2017,29,7605
JPN,origin,2017,3,7551
JPN,origin,2017,30,5378
JPN,origin,2017,31,8982
JPN,origin,2017,32,17840
JPN,origin,2017,33,12334
JPN,origin,2017,34,3975
JPN,origin,2017,35,7104
JPN,origin,2017,4,7555
JPN,origin,2017,5,2324
JPN,origin,2017,6,17831
JPN,origin,2017,7,2754
JPN,origin,2017,8,17821
JPN,origin,2017,9,18621
JPN,origin,2018,0,22
JPN,origin,2018,1,28995
JPN,origin,2018,10,12534
JPN,origin,2018,11,942
JPN,origin,2018,12,5731
JPN,origin,2018,13,8887
JPN,origin,2018,14,3951
JPN,origin,2018,15,2267
JPN,origin,2018,16,2779
JPN,origin,2018,17,5958
JPN,origin,2018,18,1893
JPN,origin,2018,19,5853
JPN,origin,2018,2,13385
JPN,origin,2018,20,7319
JPN,origin,2018,21,6665
JPN,origin,2018,22,345
JPN,origin,2018,23,3905
JPN,origin,2018,24,3245
JPN,origin,2018,25,8221
JPN,origin,2018,26,7087
JPN,origin,2018,27,9407
JPN,origin,2018,28,7563
JPN,origin,2018,29,7548
JPN,origin,2018,3,7612
JPN,origin,2018,30,5176
JPN,origin,2018,31,8852
JPN,origin,2018,32,17303
JPN,origin,2018,33,11851
JPN,origin,2018,34,3852
JPN,origin,2018,35,7210
JPN,origin,2018,4,7922
JPN,origin,2018,5,2440
JPN,origin,2018,6,16671
JPN,origin,2018,7,2883
JPN,origin,2018,8,16220
JPN,origin,2018,9,17346
JPN,origin,2019,0,27
JPN,origin,2019,1,29175
JPN,origin,2019,10,13100
JPN,origin,2019,11,946
JPN,origin,2019,12,6162
JPN,origin,2019,13,8973
JPN,origin,2019,14,3613
JPN,origin,2019,15,2264
JPN,origin,2019,16,2554
JPN,origin,2019,17,5715
JPN,origin,2019,18,2019
JPN,origin,2019,19,5575
JPN,origin,2019,2,13569
JPN,origin,2019,20,7164
JPN,origin,2019,21,6930
JPN,origin,2019,22,300
JPN,origin,2019,23,3875
JPN,origin,2019,24,3270
JPN,origin,2019,25,8840
JPN,origin,2019,26,7498
JPN,origin,2019,27,9082
JPN,origin,2019,28,7155
JPN,origin,2019,29,7774
JPN,origin,2019,3,7585
JPN,origin,2019,30,5406
JPN,origin,2019,31,9445
JPN,origin,2019,32,17629
JPN,origin,2019,33,11231
JPN,origin,2019,34,3888
JPN,origin,2019,35,6849
JPN,origin,2019,4,8432
JPN,origin,2019,5,2508
JPN,origin,2019,6,16917
JPN,origin,2019,7,3065
JPN,origin,2019,8,15466
JPN,origin,2019,9,17705
JPN,origin,2020,0,19
JPN,origin,2020,1,27363
JPN,origin,2020,10,13062
JPN,origin,2020,11,1022
JPN,origin,2020,12,6489
JPN,origin,2020,13,8970
JPN,origin,2020,14,3487
JPN,origin,2020,15,2165
JPN,origin,2020,16,2634
JPN,origin,2020,17,6000
JPN,origin,2020,18,2109
JPN,origin,2020,19,5731
JPN,origin,2020,2,12810
JPN,origin,2020,20,6797
JPN,origin,2020,21,6790
JPN,origin,2020,22,271
JPN,origin,2020,23,3949
JPN,origin,2020,24,3032
JPN,origin,2020,25,8831
JPN,origin,2020,26,7184
JPN,origin,2020,27,8150
JPN,origin,2020,28,7072
JPN,origin,2020,29,8265
JPN,origin,2020,3,6592
JPN,origin,2020,30,5095
JPN,origin,2020,31,8890
JPN,origin,2020,32,16565
JPN,origin,2020,33,12158
JPN,origin,2020,34,3898
JPN,origin,2020,35,6910
JPN,origin,2020,4,7607
JPN,origin,2020,5,2314
JPN,origin,2020,6,16438
JPN,origin,2020,7,3537
JPN,origin,2020,8,14536
JPN,origin,2020,9,16143
JPN,origin,2021,0,18
JPN,origin,2021,1,26411
JPN,origin,2021,10,12815
JPN,origin,2021,11,938
JPN,origin,2021,12,6804
JPN,origin,2021,13,9264
JPN,origin,2021,14,3511
JPN,origin,2021,15,2355
JPN,origin,2021,16,2895
JPN,origin,2021,17,6510
JPN,origin,2021,18,2113
JPN,origin,2021,19,6008
JPN,origin,2021,2,11481
JPN,origin,2021,20,6650
JPN,origin,2021,21,7037
JPN,origin,2021,22,267
JPN,origin,2021,23,3993
JPN,origin,2021,24,3026
JPN,origin,2021,25,9051
JPN,origin,2021,26,6907
JPN,origin,2021,27,7369
JPN,origin,2021,28,7081
JPN,origin,2021,29,8708
JPN,origin,2021,3,6145
JPN,origin,2021,30,5284
JPN,origin,2021,31,8110
JPN,origin,2021,32,16187
JPN,origin,2021,33,11877
JPN,origin,2021,34,3945
JPN,origin,2021,35,7422
JPN,origin,2021,4,7412
JPN,origin,2021,5,2018
JPN,origin,2021,6,16026
JPN,origin,2021,7,4533
JPN,origin,2021,8,14348
JPN,origin,2021,9,15027
JPN,origin,2022,0,33
JPN,origin,2022,1,27974
JPN,origin,2022,10,13986
JPN,origin,2022,11,1006
JPN,origin,2022,12,7857
JPN,origin,2022,13,9796
JPN,origin,2022,14,3426
JPN,origin,2022,15,2358
JPN,origin,2022,16,2618
JPN,origin,2022,17,6727
JPN,origin,2022,18,2307
JPN,origin,2022,19,6138
JPN,origin,2022,2,11428
JPN,origin,2022,20,7214
JPN,origin,2022,21,7517
JPN,origin,2022,22,281
JPN,origin,2022,23,4206
JPN,origin,2022,24,3127
JPN,origin,2022,25,9824
JPN,origin,2022,26,7289
JPN,origin,2022,27,6859
JPN,origin,2022,28,7496
JPN,origin,2022,29,9251
JPN,origin,2022,3,6147
JPN,origin,2022,30,4931
JPN,origin,2022,31,7751
JPN,origin,2022,32,18465
JPN,origin,2022,33,14295
JPN,origin,2022,34,3961
JPN,origin,2022,35,8470
JPN,origin,2022,4,8195
JPN,origin,2022,5,1811
JPN,origin,2022,6,16964
JPN,origin,2022,7,5600
JPN,origin,2022,8,15051
JPN,origin,2022,9,15021
KAZ,origin,2015,1,2
KAZ,origin,2015,10,4
KAZ,origin,2015,13,2
KAZ,origin,2015,14,1
KAZ,origin,2015,15,2
KAZ,origin,2015,16,4
KAZ,origin,2015,17,1
KAZ,origin,2015,18,27
KAZ,origin,2015,19,3
KAZ,origin,2015,20,11
KAZ,origin,2015,21,2
KAZ,origin,2015,23,2
KAZ,origin,2015,26,1
KAZ,origin,2015,27,3
KAZ,origin,2015,29,3
KAZ,origin,2015,30,2
KAZ,origin,2015,32,1
KAZ,origin,2015,33,1
KAZ,origin,2015,34,4
KAZ,origin,2015,35,6
KAZ,origin,2016,1,2
KAZ,origin,2016,10,2
KAZ,origin,2016,11,2
KAZ,origin,2016,12,3
KAZ,origin,2016,13,8
KAZ,origin,2016,15,2
KAZ,origin,2016,16,10
KAZ,origin,2016,17,1
KAZ,origin,2016,18,18
KAZ,origin,2016,19,6
KAZ,origin,2016,20,4
KAZ,origin,2016,22,2
KAZ,origin,2016,23,7
KAZ,origin,2016,24,6
KAZ,origin,2016,25,2
KAZ,origin,2016,26,2
KAZ,origin,2016,27,3
KAZ,origin,2016,28,1
KAZ,origin,2016,29,2
KAZ,origin,2016,30,5
KAZ,origin,2016,31,3
KAZ,origin,2016,32,2
KAZ,origin,2016,33,2
KAZ,origin,2016,34,2
KAZ,origin,2016,35,9
KAZ,origin,2016,8,1
KAZ,origin,2017,1,6
KAZ,origin,2017,10,2
KAZ,origin,2017,11,1
KAZ,origin,2017,12,1
KAZ,origin,2017,13,7
KAZ,origin,2017,14,1
KAZ,origin,2017,15,2
KAZ,origin,2017,16,4
KAZ,origin,2017,18,1
KAZ,origin,2017,19,2
KAZ,origin,2017,2,1
KAZ,origin,2017,20,6
KAZ,origin,2017,22,1
KAZ,origin,2017,23,2
KAZ,origin,2017,24,1
KAZ,origin,2017,26,1
KAZ,origin,2017,27,8
KAZ,origin,2017,29,5
KAZ,origin,2017,30,3
KAZ,origin,2017,32,6
KAZ,origin,2017,33,2
KAZ,origin,2017,35,17
KAZ,origin,2018,1,3
KAZ,origin,2018,10,4
KAZ,origin,2018,11,2
KAZ,origin,2018,12,1
KAZ,origin,2018,13,6
KAZ,origin,2018,14,1
KAZ,origin,2018,15,2
KAZ,origin,2018,16,5
KAZ,origin,2018,17,1
KAZ,origin,2018,18,1
KAZ,origin,2018,19,3
KAZ,origin,2018,20,9
KAZ,origin,2018,21,2
KAZ,origin,2018,23,4
KAZ,origin,2018,24,4
KAZ,origin,2018,25,1
KAZ,origin,2018,27,3
KAZ,origin,2018,29,4
KAZ,origin,2018,30,3
KAZ,origin,2018,32,2
KAZ,origin,2018,33,5
KAZ,origin,2018,34,2
KAZ,origin,2018,35,7
KAZ,origin,2018,8,1
KAZ,origin,2018,9,1
KAZ,origin,2019,1,4
KAZ,origin,2019,11,2
KAZ,origin,2019,13,12
KAZ,origin,2019,15,1
KAZ,origin,2019,16,7
KAZ,origin,2019,18,1
KAZ,origin,2019,19,2
KAZ,origin,2019,2,1
KAZ,origin,2019,20,8
KAZ,origin,2019,23,3
KAZ,origin,2019,24,2
KAZ,origin,2019,25,1
KAZ,origin,2019,26,2
KAZ,origin,2019,27,9
KAZ,origin,2019,29,5
KAZ,origin,2019,30,5
KAZ,origin,2019,31,2
KAZ,origin,2019,32,2
KAZ,origin,2019,33,2
KAZ,origin,2019,34,1
KAZ,origin,2019,35,5
KAZ,origin,2019,6,1
KAZ,origin,2020,1,4
KAZ,origin,2020,10,9
KAZ,origin,2020,12,1
KAZ,origin,2020,13,6
KAZ,origin,2020,15,2
KAZ,origin,2020,16,3
KAZ,origin,2020,18,8
KAZ,origin,2020,19,1
KAZ,origin,2020,2,1
KAZ,origin,2020,20,6
KAZ,origin,2020,21,2
KAZ,origin,2020,23,2
KAZ,origin,2020,24,2
KAZ,origin,2020,25,2
KAZ,origin,2020,27,5
KAZ,origin,2020,29,9
KAZ,origin,2020,3,1
KAZ,origin,2020,30,7
KAZ,origin,2020,32,3
KAZ,origin,2020,33,2
KAZ,origin,2020,34,3
KAZ,origin,2020,35,10
KAZ,origin,2020,6,3
KAZ,origin,2020,9,3
KAZ,origin,2021,1,3
KAZ,origin,2021,10,8
KAZ,origin,2021,11,1
KAZ,origin,2021,13,6
KAZ,origin,2021,14,2
KAZ,origin,2021,15,1
KAZ,origin,2021,16,5
KAZ,origin,2021,18,4
KAZ,origin,2021,20,5
KAZ,origin,2021,21,1
KAZ,origin,2021,23,2
KAZ,origin,2021,24,2
KAZ,origin,2021,26,1
KAZ,origin,2021,27,4
KAZ,origin,2021,29,4
KAZ,origin,2021,3,1
KAZ,origin,2021,30,4
KAZ,origin,2021,31,1
KAZ,origin,2021,32,2
KAZ,origin,2021,33,3
KAZ,origin,2021,35,9
KAZ,origin,2021,8,1
KAZ,origin,2022,1,1
KAZ,origin,2022,10,3
KAZ,origin,2022,13,4
KAZ,origin,2022,14,1
KAZ,origin,2022,15,1
KAZ,origin,2022,19,1
KAZ,origin,2022,20,1
KAZ,origin,2022,21,1
KAZ,origin,2022,29,1
KAZ,origin,2022,30,3
KAZ,origin,2022,31,1
KAZ,origin,2022,32,1
KAZ,origin,2022,35,3
KAZ,origin,2022,8,1
KEN,origin,2015,10,1
KEN,origin,2015,12,1
KEN,origin,2015,13,1
KEN,origin,2015,14,1
KEN,origin,2015,16,1
KEN,origin,2015,23,1
KEN,origin,2015,31,1
KEN,origin,2015,32,1
KEN,origin,2015,33,2
KEN,origin,2015,34,1
KEN,origin,2016,12,2
KEN,origin,2016,29,1
KEN,origin,2016,30,1
KEN,origin,2016,33,2
KEN,origin,2016,6,1
KEN,origin,2016,7,1
KEN,origin,2017,4,1
KEN,origin,2017,6,1
KEN,origin,2018,12,1
KEN,origin,2018,27,2
KEN,origin,2018,7,1
KEN,origin,2019,13,1
KEN,origin,2019,27,2
KEN,origin,2020,31,1
KEN,origin,2021,25,1
KEN,origin,2021,34,1
KEN,origin,2022,10,1
KEN,origin,2022,12,1
KEN,origin,2022,3,1
KEN,origin,2022,4,1
KGZ,origin,2015,10,1
KGZ,origin,2015,29,1
KGZ,origin,2015,30,1
KGZ,origin,2016,30,1
KGZ,origin,2016,31,1
KGZ,origin,2016,35,1
KGZ,origin,2017,10,1
KGZ,origin,2017,16,1
KGZ,origin,2017,26,1
KGZ,origin,2017,30,1
KGZ,origin,2017,35,1
KGZ,origin,2017,9,1
KGZ,origin,2018,10,3
KGZ,origin,2018,16,1
KGZ,origin,2018,26,1
KGZ,origin,2018,27,2
KGZ,origin,2018,28,1
KGZ,origin,2018,29,3
KGZ,origin,2018,35,3
KGZ,origin,2018,4,1
KGZ,origin,2018,9,1
KGZ,origin,2019,10,4
KGZ,origin,2019,11,1
KGZ,origin,2019,13,1
KGZ,origin,2019,25,1
KGZ,origin,2019,29,1
KGZ,origin,2019,32,2
KGZ,origin,2019,35,2
KGZ,origin,2020,25,1
KGZ,origin,2020,26,1
KGZ,origin,2020,29,1
KGZ,origin,2020,31,1
KGZ,origin,2020,35,1
KGZ,origin,2021,10,2
KGZ,origin,2021,15,1
KGZ,origin,2021,19,1
KGZ,origin,2021,20,2
KGZ,origin,2021,22,1
KGZ,origin,2021,23,2
KGZ,origin,2021,3,1
KGZ,origin,2021,31,1
KGZ,origin,2021,35,1
KGZ,origin,2022,10,1
KHM,origin,2020,16,1
KHM,origin,2020,18,1
KHM,origin,2020,34,1
KHM,origin,2021,1,3
KHM,origin,2021,16,1
KHM,origin,2021,18,1
KHM,origin,2021,29,1
KHM,origin,2022,1,2
KHM,origin,2022,16,1
KHM,origin,2022,18,1
KIR,origin,2015,6,1
KIR,origin,2016,8,1
KIR,origin,2018,4,1
KNA,origin,2015,10,2
KNA,origin,2015,13,4
KNA,origin,2015,2,1
KNA,origin,2015,20,1
KNA,origin,2015,4,1
KNA,origin,2016,1,1
KNA,origin,2016,10,1
KNA,origin,2016,13,2
KNA,origin,2016,16,1
KNA,origin,2016,30,1
KNA,origin,2016,9,1
KNA,origin,2017,13,1
KNA,origin,2017,25,1
KNA,origin,2018,13,2
KNA,origin,2018,20,1
KNA,origin,2018,30,1
KNA,origin,2018,6,1
KNA,origin,2019,11,1
KNA,origin,2019,13,1
KNA,origin,2019,14,1
KNA,origin,2019,15,1
KNA,origin,2019,16,2
KNA,origin,2019,19,4
KNA,origin,2019,20,2
KNA,origin,2019,29,1
KNA,origin,2019,33,1
KNA,origin,2020,11,1
KNA,origin,2020,13,2
KNA,origin,2020,14,1
KNA,origin,2020,15,1
KNA,origin,2020,16,1
KNA,origin,2020,18,1
KNA,origin,2020,19,2
KNA,origin,2020,23,1
KNA,origin,2020,25,2
KNA,origin,2020,33,2
KNA,origin,2021,10,1
KNA,origin,2021,11,1
KNA,origin,2021,13,1
KNA,origin,2021,14,2
KNA,origin,2021,15,3
KNA,origin,2021,16,2
KNA,origin,2021,17,1
KNA,origin,2021,18,1
KNA,origin,2021,19,5
KNA,origin,2021,29,1
KNA,origin,2022,1,1
KNA,origin,2022,11,1
KNA,origin,2022,12,1
KNA,origin,2022,13,1
KNA,origin,2022,14,1
KNA,origin,2022,15,5
KNA,origin,2022,16,1
KNA,origin,2022,18,3
KNA,origin,2022,19,3
KNA,origin,2022,29,1
KNA,origin,2022,6,1
KOR,office,2015,0,1
KOR,office,2015,1,7867
KOR,office,2015,10,3841
KOR,office,2015,11,466
KOR,office,2015,12,1336
KOR,office,2015,13,3475
KOR,office,2015,14,1944
KOR,office,2015,15,1809
KOR,office,2015,16,2333
KOR,office,2015,17,1529
KOR,office,2015,18,1537
KOR,office,2015,19,2302
KOR,office,2015,2,4193
KOR,office,2015,20,2783
KOR,office,2015,21,1873
KOR,office,2015,22,307
KOR,office,2015,23,2646
KOR,office,2015,24,1837
KOR,office,2015,25,2465
KOR,office,2015,26,3368
KOR,office,2015,27,2429
KOR,office,2015,28,1461
KOR,office,2015,29,3292
KOR,office,2015,3,3336
KOR,office,2015,30,2166
KOR,office,2015,31,2406
KOR,office,2015,32,5535
KOR,office,2015,33,2651
KOR,office,2015,34,2345
KOR,office,2015,35,5025
KOR,office,2015,4,5221
KOR,office,2015,5,530
KOR,office,2015,6,6808
KOR,office,2015,7,2096
KOR,office,2015,8,5823
KOR,office,2015,9,3154
KOR,office,2016,0,2
KOR,office,2016,1,8698
KOR,office,2016,10,4014
KOR,office,2016,11,465
KOR,office,2016,12,1572
KOR,office,2016,13,4160
KOR,office,2016,14,2130
KOR,office,2016,15,1766
KOR,office,2016,16,2565
KOR,office,2016,17,1711
KOR,office,2016,18,1607
KOR,office,2016,19,2196
KOR,office,2016,2,4549
KOR,office,2016,20,3081
KOR,office,2016,21,1997
KOR,office,2016,22,232
KOR,office,2016,23,2795
KOR,office,2016,24,1958
KOR,office,2016,25,2696
KOR,office,2016,26,2777
KOR,office,2016,27,2273
KOR,office,2016,28,1230
KOR,office,2016,29,3626
KOR,office,2016,3,2974
KOR,office,2016,30,2214
KOR,office,2016,31,2727
KOR,office,2016,32,5774
KOR,office,2016,33,2612
KOR,office,2016,34,2438
KOR,office,2016,35,5214
KOR,office,2016,4,5501
KOR,office,2016,5,791
KOR,office,2016,6,7147
KOR,office,2016,7,2929
KOR,office,2016,8,6330
KOR,office,2016,9,3512
KOR,office,2017,1,10186
KOR,office,2017,10,4975
KOR,office,2017,11,635
KOR,office,2017,12,1818
KOR,office,2017,13,4347
KOR,office,2017,14,2683
KOR,office,2017,15,2279
KOR,office,2017,16,3115
KOR,office,2017,17,2327
KOR,office,2017,18,2391
KOR,office,2017,19,2814
KOR,office,2017,2,4470
KOR,office,2017,20,2900
KOR,office,2017,21,2209
KOR,office,2017,22,211
KOR,office,2017,23,3332
KOR,office,2017,24,2263
KOR,office,2017,25,2948
KOR,office,2017,26,2891
KOR,office,2017,27,2531
KOR,office,2017,28,1461
KOR,office,2017,29,4473
KOR,office,2017,3,2795
KOR,office,2017,30,2147
KOR,office,2017,31,3330
KOR,office,2017,32,6018
KOR,office,2017,33,2633
KOR,office,2017,34,2664
KOR,office,2017,35,5784
KOR,office,2017,4,5306
KOR,office,2017,5,837
KOR,office,2017,6,7346
KOR,office,2017,7,3023
KOR,office,2017,8,6349
KOR,office,2017,9,3942
KOR,office,2018,1,9459
KOR,office,2018,10,4872
KOR,office,2018,11,704
KOR,office,2018,12,1986
KOR,office,2018,13,4312
KOR,office,2018,14,2612
KOR,office,2018,15,2120
KOR,office,2018,16,2663
KOR,office,2018,17,2211
KOR,office,2018,18,2655
KOR,office,2018,19,2958
KOR,office,2018,2,4155
KOR,office,2018,20,2670
KOR,office,2018,21,2136
KOR,office,2018,22,187
KOR,office,2018,23,3379
KOR,office,2018,24,2260
KOR,office,2018,25,3161
KOR,office,2018,26,3093
KOR,office,2018,27,2616
KOR,office,2018,28,1605
KOR,office,2018,29,4860
KOR,office,2018,3,2522
KOR,office,2018,30,1954
KOR,office,2018,31,3549
KOR,office,2018,32,5495
KOR,office,2018,33,2764
KOR,office,2018,34,2626
KOR,office,2018,35,5864
KOR,office,2018,4,4944
KOR,office,2018,5,695
KOR,office,2018,6,6965
KOR,office,2018,7,2832
KOR,office,2018,8,6637
KOR,office,2018,9,4105
KOR,office,2019,1,10124
KOR,office,2019,10,5581
KOR,office,2019,11,711
KOR,office,2019,12,2333
KOR,office,2019,13,4506
KOR,office,2019,14,2760
KOR,office,2019,15,2177
KOR,office,2019,16,2545
KOR,office,2019,17,2165
KOR,office,2019,18,2399
KOR,office,2019,19,3084
KOR,office,2019,2,4700
KOR,office,2019,20,2891
KOR,office,2019,21,2401
KOR,office,2019,22,152
KOR,office,2019,23,3580
KOR,office,2019,24,2523
KOR,office,2019,25,3553
KOR,office,2019,26,3300
KOR,office,2019,27,2725
KOR,office,2019,28,1669
KOR,office,2019,29,4828
KOR,office,2019,3,2810
KOR,office,2019,30,2355
KOR,office,2019,31,3586
KOR,office,2019,32,5761
KOR,office,2019,33,2997
KOR,office,2019,34,3010
KOR,office,2019,35,6078
KOR,office,2019,4,5583
KOR,office,2019,5,688
KOR,office,2019,6,8131
KOR,office,2019,7,3200
KOR,office,2019,8,7557
KOR,office,2019,9,4324
KOR,office,2020,1,10655
KOR,office,2020,10,5759
KOR,office,2020,11,812
KOR,office,2020,12,2741
KOR,office,2020,13,5503
KOR,office,2020,14,2914
KOR,office,2020,15,2430
KOR,office,2020,16,2750
KOR,office,2020,17,2527
KOR,office,2020,18,2380
KOR,office,2020,19,3263
KOR,office,2020,2,5361
KOR,office,2020,20,2995
KOR,office,2020,21,2592
KOR,office,2020,22,141
KOR,office,2020,23,3738
KOR,office,2020,24,2535
KOR,office,2020,25,3590
KOR,office,2020,26,3423
KOR,office,2020,27,2686
KOR,office,2020,28,1581
KOR,office,2020,29,5046
KOR,office,2020,3,2804
KOR,office,2020,30,2578
KOR,office,2020,31,3684
KOR,office,2020,32,5507
KOR,office,2020,33,3085
KOR,office,2020,34,3064
KOR,office,2020,35,6826
KOR,office,2020,4,6021
KOR,office,2020,5,699
KOR,office,2020,6,9557
KOR,office,2020,7,4036
KOR,office,2020,8,8390
KOR,office,2020,9,4337
KOR,office,2021,1,10846
KOR,office,2021,10,6087
KOR,office,2021,11,819
KOR,office,2021,12,3082
KOR,office,2021,13,6895
KOR,office,2021,14,3102
KOR,office,2021,15,2474
KOR,office,2021,16,2926
KOR,office,2021,17,2920
KOR,office,2021,18,2437
KOR,office,2021,19,3559
KOR,office,2021,2,5563
KOR,office,2021,20,3256
KOR,office,2021,21,2954
KOR,office,2021,22,145
KOR,office,2021,23,4086
KOR,office,2021,24,2712
KOR,office,2021,25,3631
KOR,office,2021,26,3374
KOR,office,2021,27,2420
KOR,office,2021,28,1572
KOR,office,2021,29,5733
KOR,office,2021,3,2606
KOR,office,2021,30,2670
KOR,office,2021,31,3655
KOR,office,2021,32,5891
KOR,office,2021,33,3486
KOR,office,2021,34,3523
KOR,office,2021,35,6624
KOR,office,2021,4,6631
KOR,office,2021,5,691
KOR,office,2021,6,11340
KOR,office,2021,7,4969
KOR,office,2021,8,9530
KOR,office,2021,9,4450
KOR,office,2022,1,9672
KOR,office,2022,10,5461
KOR,office,2022,11,706
KOR,office,2022,12,2650
KOR,office,2022,13,6558
KOR,office,2022,14,2760
KOR,office,2022,15,2067
KOR,office,2022,16,2577
KOR,office,2022,17,2629
KOR,office,2022,18,2268
KOR,office,2022,19,3077
KOR,office,2022,2,5781
KOR,office,2022,20,2769
KOR,office,2022,21,2734
KOR,office,2022,22,110
KOR,office,2022,23,3693
KOR,office,2022,24,2280
KOR,office,2022,25,3615
KOR,office,2022,26,3079
KOR,office,2022,27,2088
KOR,office,2022,28,1363
KOR,office,2022,29,4909
KOR,office,2022,3,2517
KOR,office,2022,30,2346
KOR,office,2022,31,3279
KOR,office,2022,32,5745
KOR,office,2022,33,3229
KOR,office,2022,34,3358
KOR,office,2022,35,5336
KOR,office,2022,4,5991
KOR,office,2022,5,756
KOR,office,2022,6,11600
KOR,office,2022,7,4656
KOR,office,2022,8,9725
KOR,office,2022,9,4284
KOR,origin,2015,0,21
KOR,origin,2015,1,9679
KOR,origin,2015,10,4012
KOR,origin,2015,11,479
KOR,origin,2015,12,1486
KOR,origin,2015,13,3132
KOR,origin,2015,14,1637
KOR,origin,2015,15,1785
KOR,origin,2015,16,1866
KOR,origin,2015,17,1266
KOR,origin,2015,18,1503
KOR,origin,2015,19,1868
KOR,origin,2015,2,6192
KOR,origin,2015,20,2484
KOR,origin,2015,21,1786
KOR,origin,2015,22,357
KOR,origin,2015,23,2563
KOR,origin,2015,24,1779
KOR,origin,2015,25,2218
KOR,origin,2015,26,3033
KOR,origin,2015,27,2221
KOR,origin,2015,28,1188
KOR,origin,2015,29,3026
KOR,origin,2015,3,4581
KOR,origin,2015,30,2288
KOR,origin,2015,31,2241
KOR,origin,2015,32,5684
KOR,origin,2015,33,2784
KOR,origin,2015,34,2813
KOR,origin,2015,35,5050
KOR,origin,2015,4,6606
KOR,origin,2015,5,840
KOR,origin,2015,6,8804
KOR,origin,2015,7,2071
KOR,origin,2015,8,7422
KOR,origin,2015,9,3905
KOR,origin,2016,0,2
KOR,origin,2016,1,11138
KOR,origin,2016,10,4216
KOR,origin,2016,11,478
KOR,origin,2016,12,1740
KOR,origin,2016,13,3833
KOR,origin,2016,14,1762
KOR,origin,2016,15,1826
KOR,origin,2016,16,2230
KOR,origin,2016,17,1549
KOR,origin,2016,18,1624
KOR,origin,2016,19,1854
KOR,origin,2016,2,7138
KOR,origin,2016,20,2764
KOR,origin,2016,21,1951
KOR,origin,2016,22,273
KOR,origin,2016,23,2749
KOR,origin,2016,24,1939
KOR,origin,2016,25,2546
KOR,origin,2016,26,2525
KOR,origin,2016,27,2207
KOR,origin,2016,28,1063
KOR,origin,2016,29,3401
KOR,origin,2016,3,4455
KOR,origin,2016,30,2454
KOR,origin,2016,31,2683
KOR,origin,2016,32,6362
KOR,origin,2016,33,2904
KOR,origin,2016,34,3196
KOR,origin,2016,35,5304
KOR,origin,2016,4,7690
KOR,origin,2016,5,1063
KOR,origin,2016,6,9548
KOR,origin,2016,7,2911
KOR,origin,2016,8,8334
KOR,origin,2016,9,4337
KOR,origin,2017,0,7
KOR,origin,2017,1,12690
KOR,origin,2017,10,5207
KOR,origin,2017,11,657
KOR,origin,2017,12,1990
KOR,origin,2017,13,3974
KOR,origin,2017,14,2235
KOR,origin,2017,15,2292
KOR,origin,2017,16,2619
KOR,origin,2017,17,1943
KOR,origin,2017,18,2372
KOR,origin,2017,19,2353
KOR,origin,2017,2,7351
KOR,origin,2017,20,2619
KOR,origin,2017,21,2019
KOR,origin,2017,22,217
KOR,origin,2017,23,3212
KOR,origin,2017,24,2217
KOR,origin,2017,25,2818
KOR,origin,2017,26,2543
KOR,origin,2017,27,2309
KOR,origin,2017,28,1204
KOR,origin,2017,29,4027
KOR,origin,2017,3,4443
KOR,origin,2017,30,2543
KOR,origin,2017,31,3336
KOR,origin,2017,32,6505
KOR,origin,2017,33,2941
KOR,origin,2017,34,3566
KOR,origin,2017,35,5800
KOR,origin,2017,4,7835
KOR,origin,2017,5,1026
KOR,origin,2017,6,9976
KOR,origin,2017,7,2993
KOR,origin,2017,8,8152
KOR,origin,2017,9,4565
KOR,origin,2018,0,6
KOR,origin,2018,1,11553
KOR,origin,2018,10,5018
KOR,origin,2018,11,698
KOR,origin,2018,12,2177
KOR,origin,2018,13,4154
KOR,origin,2018,14,2231
KOR,origin,2018,15,2219
KOR,origin,2018,16,2318
KOR,origin,2018,17,1708
KOR,origin,2018,18,2600
KOR,origin,2018,19,2408
KOR,origin,2018,2,7063
KOR,origin,2018,20,2404
KOR,origin,2018,21,1964
KOR,origin,2018,22,179
KOR,origin,2018,23,3231
KOR,origin,2018,24,2260
KOR,origin,2018,25,2876
KOR,origin,2018,26,2717
KOR,origin,2018,27,2366
KOR,origin,2018,28,1293
KOR,origin,2018,29,4340
KOR,origin,2018,3,4505
KOR,origin,2018,30,2423
KOR,origin,2018,31,3500
KOR,origin,2018,32,6161
KOR,origin,2018,33,3040
KOR,origin,2018,34,3434
KOR,origin,2018,35,5896
KOR,origin,2018,4,8202
KOR,origin,2018,5,890
KOR,origin,2018,6,10345
KOR,origin,2018,7,2837
KOR,origin,2018,8,8363
KOR,origin,2018,9,4711
KOR,origin,2019,0,5
KOR,origin,2019,1,12389
KOR,origin,2019,10,5692
KOR,origin,2019,11,708
KOR,origin,2019,12,2472
KOR,origin,2019,13,4664
KOR,origin,2019,14,2509
KOR,origin,2019,15,2270
KOR,origin,2019,16,2329
KOR,origin,2019,17,1954
KOR,origin,2019,18,2405
KOR,origin,2019,19,2620
KOR,origin,2019,2,7597
KOR,origin,2019,20,2567
KOR,origin,2019,21,1972
KOR,origin,2019,22,164
KOR,origin,2019,23,3396
KOR,origin,2019,24,2473
KOR,origin,2019,25,3267
KOR,origin,2019,26,2873
KOR,origin,2019,27,2652
KOR,origin,2019,28,1343
KOR,origin,2019,29,4366
KOR,origin,2019,3,4822
KOR,origin,2019,30,2862
KOR,origin,2019,31,3580
KOR,origin,2019,32,6407
KOR,origin,2019,33,3399
KOR,origin,2019,34,3732
KOR,origin,2019,35,6089
KOR,origin,2019,4,9690
KOR,origin,2019,5,1021
KOR,origin,2019,6,11800
KOR,origin,2019,7,3227
KOR,origin,2019,8,9302
KOR,origin,2019,9,5086
KOR,origin,2020,0,2
KOR,origin,2020,1,12923
KOR,origin,2020,10,5848
KOR,origin,2020,11,799
KOR,origin,2020,12,2903
KOR,origin,2020,13,5612
KOR,origin,2020,14,2780
KOR,origin,2020,15,2500
KOR,origin,2020,16,2555
KOR,origin,2020,17,2400
KOR,origin,2020,18,2419
KOR,origin,2020,19,2875
KOR,origin,2020,2,8263
KOR,origin,2020,20,2798
KOR,origin,2020,21,2176
KOR,origin,2020,22,152
KOR,origin,2020,23,3640
KOR,origin,2020,24,2586
KOR,origin,2020,25,3266
KOR,origin,2020,26,2934
KOR,origin,2020,27,2759
KOR,origin,2020,28,1292
KOR,origin,2020,29,4583
KOR,origin,2020,3,4365
KOR,origin,2020,30,3105
KOR,origin,2020,31,3688
KOR,origin,2020,32,6275
KOR,origin,2020,33,3462
KOR,origin,2020,34,3749
KOR,origin,2020,35,6840
KOR,origin,2020,4,9638
KOR,origin,2020,5,970
KOR,origin,2020,6,13503
KOR,origin,2020,7,4078
KOR,origin,2020,8,9987
KOR,origin,2020,9,5051
KOR,origin,2021,0,3
KOR,origin,2021,1,12802
KOR,origin,2021,10,6003
KOR,origin,2021,11,780
KOR,origin,2021,12,3141
KOR,origin,2021,13,6728
KOR,origin,2021,14,3046
KOR,origin,2021,15,2467
KOR,origin,2021,16,2631
KOR,origin,2021,17,2586
KOR,origin,2021,18,2524
KOR,origin,2021,19,3051
KOR,origin,2021,2,8359
KOR,origin,2021,20,2912
KOR,origin,2021,21,2351
KOR,origin,2021,22,152
KOR,origin,2021,23,3847
KOR,origin,2021,24,2691
KOR,origin,2021,25,3383
KOR,origin,2021,26,2859
KOR,origin,2021,27,2559
KOR,origin,2021,28,1260
KOR,origin,2021,29,5075
KOR,origin,2021,3,4063
KOR,origin,2021,30,3008
KOR,origin,2021,31,3559
KOR,origin,2021,32,6775
KOR,origin,2021,33,3883
KOR,origin,2021,34,4328
KOR,origin,2021,35,6738
KOR,origin,2021,4,9700
KOR,origin,2021,5,963
KOR,origin,2021,6,14832
KOR,origin,2021,7,5035
KOR,origin,2021,8,10242
KOR,origin,2021,9,5010
KOR,origin,2022,0,15
KOR,origin,2022,1,12214
KOR,origin,2022,10,5570
KOR,origin,2022,11,669
KOR,origin,2022,12,2787
KOR,origin,2022,13,6314
KOR,origin,2022,14,2612
KOR,origin,2022,15,1982
KOR,origin,2022,16,2176
KOR,origin,2022,17,2360
KOR,origin,2022,18,2353
KOR,origin,2022,19,2584
KOR,origin,2022,2,8909
KOR,origin,2022,20,2494
KOR,origin,2022,21,2119
KOR,origin,2022,22,111
KOR,origin,2022,23,3422
KOR,origin,2022,24,2270
KOR,origin,2022,25,3301
KOR,origin,2022,26,2560
KOR,origin,2022,27,2352
KOR,origin,2022,28,1052
KOR,origin,2022,29,4323
KOR,origin,2022,3,3560
KOR,origin,2022,30,2756
KOR,origin,2022,31,3238
KOR,origin,2022,32,7067
KOR,origin,2022,33,3612
KOR,origin,2022,34,4175
KOR,origin,2022,35,5392
KOR,origin,2022,4,8529
KOR,origin,2022,5,949
KOR,origin,2022,6,15161
KOR,origin,2022,7,4827
KOR,origin,2022,8,10408
KOR,origin,2022,9,4752
KWT,origin,2015,1,5
KWT,origin,2015,10,3
KWT,origin,2015,12,5
KWT,origin,2015,13,9
KWT,origin,2015,16,1
KWT,origin,2015,19,1
KWT,origin,2015,2,2
KWT,origin,2015,23,3
KWT,origin,2015,24,4
KWT,origin,2015,25,1
KWT,origin,2015,26,2
KWT,origin,2015,27,3
KWT,origin,2015,29,4
KWT,origin,2015,3,2
KWT,origin,2015,30,2
KWT,origin,2015,31,1
KWT,origin,2015,32,7
KWT,origin,2015,33,6
KWT,origin,2015,34,3
KWT,origin,2015,35,5
KWT,origin,2015,4,1
KWT,origin,2015,6,4
KWT,origin,2016,1,1
KWT,origin,2016,10,1
KWT,origin,2016,12,3
KWT,origin,2016,13,7
KWT,origin,2016,16,2
KWT,origin,2016,19,1
KWT,origin,2016,2,2
KWT,origin,2016,20,1
KWT,origin,2016,23,1
KWT,origin,2016,24,3
KWT,origin,2016,26,2
KWT,origin,2016,27,2
KWT,origin,2016,29,1
KWT,origin,2016,30,3
KWT,origin,2016,32,3
KWT,origin,2016,33,5
KWT,origin,2016,34,5
KWT,origin,2016,35,10
KWT,origin,2016,4,1
KWT,origin,2016,5,1
KWT,origin,2016,6,2
KWT,origin,2016,7,1
KWT,origin,2016,9,2
KWT,origin,2017,1,1
KWT,origin,2017,10,4
KWT,origin,2017,11,2
KWT,origin,2017,12,3
KWT,origin,2017,13,8
KWT,origin,2017,2,1
KWT,origin,2017,20,2
KWT,origin,2017,23,2
KWT,origin,2017,24,1
KWT,origin,2017,25,3
KWT,origin,2017,26,1
KWT,origin,2017,27,1
KWT,origin,2017,30,1
KWT,origin,2017,31,3
KWT,origin,2017,32,6
KWT,origin,2017,33,3
KWT,origin,2017,34,2
KWT,origin,2017,35,3
KWT,origin,2017,6,1
KWT,origin,2017,9,1
KWT,origin,2018,1,3
KWT,origin,2018,12,2
KWT,origin,2018,13,7
KWT,origin,2018,15,2
KWT,origin,2018,16,1
KWT,origin,2018,19,1
KWT,origin,2018,20,1
KWT,origin,2018,21,1
KWT,origin,2018,23,5
KWT,origin,2018,24,4
KWT,origin,2018,25,2
KWT,origin,2018,28,1
KWT,origin,2018,29,1
KWT,origin,2018,31,1
KWT,origin,2018,33,2
KWT,origin,2018,34,1
KWT,origin,2018,35,1
KWT,origin,2018,6,3
KWT,origin,2018,7,1
KWT,origin,2019,1,2
KWT,origin,2019,10,2
KWT,origin,2019,12,2
KWT,origin,2019,13,12
KWT,origin,2019,16,3
KWT,origin,2019,19,1
KWT,origin,2019,20,1
KWT,origin,2019,21,3
KWT,origin,2019,23,2
KWT,origin,2019,24,3
KWT,origin,2019,27,2
KWT,origin,2019,29,2
KWT,origin,2019,3,1
KWT,origin,2019,30,1
KWT,origin,2019,31,1
KWT,origin,2019,32,2
KWT,origin,2019,33,2
KWT,origin,2019,34,1
KWT,origin,2019,35,1
KWT,origin,2019,4,1
KWT,origin,2019,6,2
KWT,origin,2020,1,1
KWT,origin,2020,10,2
KWT,origin,2020,13,9
KWT,origin,2020,14,1
KWT,origin,2020,15,2
KWT,origin,2020,16,6
KWT,origin,2020,23,2
KWT,origin,2020,24,2
KWT,origin,2020,25,1
KWT,origin,2020,27,1
KWT,origin,2020,30,1
KWT,origin,2020,32,3
KWT,origin,2020,33,1
KWT,origin,2020,34,1
KWT,origin,2020,35,5
KWT,origin,2020,7,1
KWT,origin,2020,8,1
KWT,origin,2021,1,1
KWT,origin,2021,10,1
KWT,origin,2021,12,1
KWT,origin,2021,13,5
KWT,origin,2021,14,1
KWT,origin,2021,15,1
KWT,origin,2021,16,1
KWT,origin,2021,19,1
KWT,origin,2021,23,3
KWT,origin,2021,24,4
KWT,origin,2021,25,1
KWT,origin,2021,27,1
KWT,origin,2021,29,1
KWT,origin,2021,3,1
KWT,origin,2021,30,1
KWT,origin,2021,32,2
KWT,origin,2021,33,3
KWT,origin,2021,34,2
KWT,origin,2021,35,1
KWT,origin,2022,10,1
KWT,origin,2022,13,4
KWT,origin,2022,14,1
KWT,origin,2022,16,1
KWT,origin,2022,19,2
KWT,origin,2022,20,2
KWT,origin,2022,21,1
KWT,origin,2022,23,3
KWT,origin,2022,24,1
KWT,origin,2022,25,1
KWT,origin,2022,32,1
KWT,origin,2022,33,1
KWT,origin,2022,34,2
KWT,origin,2022,35,2
KWT,origin,2022,6,1
KWT,origin,2022,9,1
LAO,origin,2017,25,1
LAO,origin,2020,34,1
LAO,origin,2022,27,1
LBN,origin,2015,1,1
LBN,origin,2015,10,1
LBN,origin,2015,15,1
LBN,origin,2015,16,2
LBN,origin,2015,19,2
LBN,origin,2015,20,2
LBN,origin,2015,30,3
LBN,origin,2015,34,4
LBN,origin,2015,8,1
LBN,origin,2016,1,1
LBN,origin,2016,12,1
LBN,origin,2016,19,1
LBN,origin,2016,20,3
LBN,origin,2016,23,1
LBN,origin,2016,30,3
LBN,origin,2016,34,5
LBN,origin,2016,35,4
LBN,origin,2017,10,2
LBN,origin,2017,11,2
LBN,origin,2017,12,2
LBN,origin,2017,20,4
LBN,origin,2017,27,1
LBN,origin,2017,30,4
LBN,origin,2017,34,3
LBN,origin,2017,35,2
LBN,origin,2017,4,1
LBN,origin,2017,6,2
LBN,origin,2017,7,1
LBN,origin,2018,1,1
LBN,origin,2018,12,3
LBN,origin,2018,19,2
LBN,origin,2018,2,1
LBN,origin,2018,20,1
LBN,origin,2018,23,1
LBN,origin,2018,25,2
LBN,origin,2018,30,1
LBN,origin,2018,34,1
LBN,origin,2018,35,2
LBN,origin,2018,4,1
LBN,origin,2018,6,1
LBN,origin,2019,1,1
LBN,origin,2019,10,1
LBN,origin,2019,11,1
LBN,origin,2019,12,4
LBN,origin,2019,25,1
LBN,origin,2019,34,4
LBN,origin,2019,35,3
LBN,origin,2019,4,1
LBN,origin,2019,6,1
LBN,origin,2019,7,1
LBN,origin,2020,12,3
LBN,origin,2020,15,1
LBN,origin,2020,19,1
LBN,origin,2020,20,2
LBN,origin,2020,26,1
LBN,origin,2020,27,1
LBN,origin,2020,3,1
LBN,origin,2020,34,1
LBN,origin,2020,35,1
LBN,origin,2020,4,1
LBN,origin,2020,6,3
LBN,origin,2021,10,1
LBN,origin,2021,11,1
LBN,origin,2021,12,5
LBN,origin,2021,13,6
LBN,origin,2021,16,1
LBN,origin,2021,18,1
LBN,origin,2021,20,1
LBN,origin,2021,25,1
LBN,origin,2021,29,1
LBN,origin,2021,3,1
LBN,origin,2021,30,3
LBN,origin,2021,33,3
LBN,origin,2021,34,2
LBN,origin,2021,35,1
LBN,origin,2021,6,2
LBN,origin,2022,12,2
LBN,origin,2022,13,3
LBN,origin,2022,16,2
LBN,origin,2022,20,1
LBN,origin,2022,23,1
LBN,origin,2022,33,3
LBN,origin,2022,34,2
LBN,origin,2022,4,1
LBR,origin,2015,12,1
LCA,origin,2020,29,1
LCA,origin,2020,32,1
LCA,origin,2021,35,1
LIE,origin,2015,1,24
LIE,origin,2015,10,13
LIE,origin,2015,12,2
LIE,origin,2015,13,37
LIE,origin,2015,14,4
LIE,origin,2015,15,4
LIE,origin,2015,16,17
LIE,origin,2015,17,5
LIE,origin,2015,18,7
LIE,origin,2015,19,6
LIE,origin,2015,2,1
LIE,origin,2015,20,21
LIE,origin,2015,21,17
LIE,origin,2015,23,4
LIE,origin,2015,24,5
LIE,origin,2015,25,10
LIE,origin,2015,26,118
LIE,origin,2015,27,17
LIE,origin,2015,28,1
LIE,origin,2015,29,13
LIE,origin,2015,30,10
LIE,origin,2015,31,57
LIE,origin,2015,32,58
LIE,origin,2015,33,3
LIE,origin,2015,34,4
LIE,origin,2015,35,24
LIE,origin,2015,4,2
LIE,origin,2015,6,3
LIE,origin,2015,8,10
LIE,origin,2015,9,7
LIE,origin,2016,1,29
LIE,origin,2016,10,14
LIE,origin,2016,13,48
LIE,origin,2016,14,6
LIE,origin,2016,15,9
LIE,origin,2016,16,24
LIE,origin,2016,17,7
LIE,origin,2016,18,5
LIE,origin,2016,19,11
LIE,origin,2016,2,2
LIE,origin,2016,20,28
LIE,origin,2016,21,6
LIE,origin,2016,23,3
LIE,origin,2016,24,3
LIE,origin,2016,25,5
LIE,origin,2016,26,146
LIE,origin,2016,27,16
LIE,origin,2016,28,3
LIE,origin,2016,29,16
LIE,origin,2016,3,1
LIE,origin,2016,30,10
LIE,origin,2016,31,86
LIE,origin,2016,32,49
LIE,origin,2016,33,2
LIE,origin,2016,34,1
LIE,origin,2016,35,22
LIE,origin,2016,4,7
LIE,origin,2016,5,1
LIE,origin,2016,6,3
LIE,origin,2016,8,10
LIE,origin,2016,9,7
LIE,origin,2017,1,26
LIE,origin,2017,10,21
LIE,origin,2017,12,1
LIE,origin,2017,13,58
LIE,origin,2017,14,2
LIE,origin,2017,15,2
LIE,origin,2017,16,26
LIE,origin,2017,17,13
LIE,origin,2017,18,4
LIE,origin,2017,19,9
LIE,origin,2017,2,2
LIE,origin,2017,20,32
LIE,origin,2017,21,11
LIE,origin,2017,23,2
LIE,origin,2017,24,3
LIE,origin,2017,25,9
LIE,origin,2017,26,155
LIE,origin,2017,27,19
LIE,origin,2017,28,2
LIE,origin,2017,29,25
LIE,origin,2017,30,17
LIE,origin,2017,31,79
LIE,origin,2017,32,48
LIE,origin,2017,33,5
LIE,origin,2017,34,6
LIE,origin,2017,35,28
LIE,origin,2017,4,7
LIE,origin,2017,6,4
LIE,origin,2017,7,1
LIE,origin,2017,8,12
LIE,origin,2017,9,10
LIE,origin,2018,1,34
LIE,origin,2018,10,21
LIE,origin,2018,12,2
LIE,origin,2018,13,63
LIE,origin,2018,14,1
LIE,origin,2018,15,4
LIE,origin,2018,16,33
LIE,origin,2018,17,14
LIE,origin,2018,18,1
LIE,origin,2018,19,12
LIE,origin,2018,2,1
LIE,origin,2018,20,25
LIE,origin,2018,21,8
LIE,origin,2018,23,13
LIE,origin,2018,24,3
LIE,origin,2018,25,8
LIE,origin,2018,26,134
LIE,origin,2018,27,37
LIE,origin,2018,28,2
LIE,origin,2018,29,18
LIE,origin,2018,30,17
LIE,origin,2018,31,82
LIE,origin,2018,32,45
LIE,origin,2018,33,6
LIE,origin,2018,34,6
LIE,origin,2018,35,29
LIE,origin,2018,4,7
LIE,origin,2018,6,6
LIE,origin,2018,7,1
LIE,origin,2018,8,5
LIE,origin,2018,9,5
LIE,origin,2019,1,33
LIE,origin,2019,10,24
LIE,origin,2019,12,4
LIE,origin,2019,13,67
LIE,origin,2019,14,2
LIE,origin,2019,15,5
LIE,origin,2019,16,35
LIE,origin,2019,17,16
LIE,origin,2019,18,1
LIE,origin,2019,19,12
LIE,origin,2019,2,1
LIE,origin,2019,20,33
LIE,origin,2019,21,8
LIE,origin,2019,23,2
LIE,origin,2019,24,6
LIE,origin,2019,25,4
LIE,origin,2019,26,111
LIE,origin,2019,27,45
LIE,origin,2019,28,3
LIE,origin,2019,29,24
LIE,origin,2019,30,13
LIE,origin,2019,31,95
LIE,origin,2019,32,86
LIE,origin,2019,33,1
LIE,origin,2019,34,7
LIE,origin,2019,35,30
LIE,origin,2019,4,8
LIE,origin,2019,6,5
LIE,origin,2019,8,6
LIE,origin,2019,9,9
LIE,origin,2020,1,44
LIE,origin,2020,10,31
LIE,origin,2020,12,4
LIE,origin,2020,13,66
LIE,origin,2020,14,2
LIE,origin,2020,15,3
LIE,origin,2020,16,22
LIE,origin,2020,17,11
LIE,origin,2020,19,10
LIE,origin,2020,2,1
LIE,origin,2020,20,24
LIE,origin,2020,21,13
LIE,origin,2020,23,6
LIE,origin,2020,24,7
LIE,origin,2020,25,3
LIE,origin,2020,26,121
LIE,origin,2020,27,24
LIE,origin,2020,28,2
LIE,origin,2020,29,30
LIE,origin,2020,3,1
LIE,origin,2020,30,7
LIE,origin,2020,31,67
LIE,origin,2020,32,96
LIE,origin,2020,33,1
LIE,origin,2020,34,5
LIE,origin,2020,35,28
LIE,origin,2020,4,8
LIE,origin,2020,6,11
LIE,origin,2020,7,2
LIE,origin,2020,8,1
LIE,origin,2020,9,5
LIE,origin,2021,1,34
LIE,origin,2021,10,27
LIE,origin,2021,13,71
LIE,origin,2021,14,2
LIE,origin,2021,15,11
LIE,origin,2021,16,27
LIE,origin,2021,17,13
LIE,origin,2021,18,1
LIE,origin,2021,19,7
LIE,origin,2021,2,2
LIE,origin,2021,20,25
LIE,origin,2021,21,9
LIE,origin,2021,23,2
LIE,origin,2021,24,3
LIE,origin,2021,25,7
LIE,origin,2021,26,101
LIE,origin,2021,27,11
LIE,origin,2021,28,2
LIE,origin,2021,29,31
LIE,origin,2021,3,1
LIE,origin,2021,30,8
LIE,origin,2021,31,75
LIE,origin,2021,32,123
LIE,origin,2021,33,12
LIE,origin,2021,34,5
LIE,origin,2021,35,32
LIE,origin,2021,4,9
LIE,origin,2021,6,10
LIE,origin,2021,7,2
LIE,origin,2021,8,3
LIE,origin,2021,9,4
LIE,origin,2022,1,41
LIE,origin,2022,10,15
LIE,origin,2022,12,2
LIE,origin,2022,13,64
LIE,origin,2022,14,3
LIE,origin,2022,16,18
LIE,origin,2022,17,25
LIE,origin,2022,19,10
LIE,origin,2022,20,24
LIE,origin,2022,21,6
LIE,origin,2022,23,6
LIE,origin,2022,24,5
LIE,origin,2022,25,10
LIE,origin,2022,26,96
LIE,origin,2022,27,7
LIE,origin,2022,29,38
LIE,origin,2022,3,2
LIE,origin,2022,30,2
LIE,origin,2022,31,74
LIE,origin,2022,32,122
LIE,origin,2022,33,7
LIE,origin,2022,34,7
LIE,origin,2022,35,30
LIE,origin,2022,4,5
LIE,origin,2022,5,1
LIE,origin,2022,6,9
LIE,origin,2022,8,1
LIE,origin,2022,9,4
LKA,origin,2015,1,2
LKA,origin,2015,17,1
LKA,origin,2015,19,2
LKA,origin,2015,2,1
LKA,origin,2015,21,3
LKA,origin,2015,29,1
LKA,origin,2015,32,2
LKA,origin,2015,34,1
LKA,origin,2015,35,1
LKA,origin,2016,1,1
LKA,origin,2016,10,1
LKA,origin,2016,17,1
LKA,origin,2016,19,2
LKA,origin,2016,2,1
LKA,origin,2016,23,3
LKA,origin,2016,34,2
LKA,origin,2017,1,3
LKA,origin,2017,13,1
LKA,origin,2017,2,1
LKA,origin,2017,23,1
LKA,origin,2017,28,1
LKA,origin,2017,33,1
LKA,origin,2017,6,1
LKA,origin,2017,7,1
LKA,origin,2018,29,1
LKA,origin,2018,34,1
LKA,origin,2018,6,2
LKA,origin,2019,1,1
LKA,origin,2019,14,1
LKA,origin,2019,16,1
LKA,origin,2019,17,1
LKA,origin,2019,19,1
LKA,origin,2019,20,4
LKA,origin,2019,21,1
LKA,origin,2019,27,2
LKA,origin,2019,28,1
LKA,origin,2019,32,1
LKA,origin,2019,34,1
LKA,origin,2020,1,2
LKA,origin,2020,2,1
LKA,origin,2020,28,1
LKA,origin,2020,34,3
LKA,origin,2020,6,1
LKA,origin,2021,1,2
LKA,origin,2021,10,1
LKA,origin,2021,13,3
LKA,origin,2021,18,1
LKA,origin,2021,20,4
LKA,origin,2021,28,4
LKA,origin,2021,32,1
LKA,origin,2021,33,1
LKA,origin,2021,34,4
LKA,origin,2022,1,1
LKA,origin,2022,10,1
LKA,origin,2022,13,5
LKA,origin,2022,17,1
LKA,origin,2022,18,1
LKA,origin,2022,19,1
LKA,origin,2022,27,1
LKA,origin,2022,29,3
LKA,origin,2022,33,2
LKA,origin,2022,34,5
LTU,office,2015,1,3
LTU,office,2015,10,8
LTU,office,2015,11,1
LTU,office,2015,12,2
LTU,office,2015,13,11
LTU,office,2015,14,2
LTU,office,2015,15,9
LTU,office,2015,16,6
LTU,office,2015,17,3
LTU,office,2015,18,28
LTU,office,2015,19,3
LTU,office,2015,20,5
LTU,office,2015,21,2
LTU,office,2015,23,6
LTU,office,2015,24,6
LTU,office,2015,25,4
LTU,office,2015,26,2
LTU,office,2015,27,3
LTU,office,2015,29,2
LTU,office,2015,30,6
LTU,office,2015,31,2
LTU,office,2015,32,3
LTU,office,2015,33,3
LTU,office,2015,34,3
LTU,office,2015,35,9
LTU,office,2015,8,2
LTU,office,2015,9,5
LTU,office,2016,1,5
LTU,office,2016,10,7
LTU,office,2016,11,1
LTU,office,2016,12,2
LTU,office,2016,13,7
LTU,office,2016,14,3
LTU,office,2016,15,6
LTU,office,2016,16,4
LTU,office,2016,17,3
LTU,office,2016,18,2
LTU,office,2016,19,3
LTU,office,2016,2,2
LTU,office,2016,20,5
LTU,office,2016,21,3
LTU,office,2016,22,1
LTU,office,2016,23,2
LTU,office,2016,24,4
LTU,office,2016,25,1
LTU,office,2016,26,4
LTU,office,2016,27,3
LTU,office,2016,29,3
LTU,office,2016,3,2
LTU,office,2016,30,8
LTU,office,2016,31,1
LTU,office,2016,32,2
LTU,office,2016,34,1
LTU,office,2016,35,8
LTU,office,2016,6,2
LTU,office,2016,7,2
LTU,office,2016,8,3
LTU,office,2016,9,5
LTU,office,2017,1,12
LTU,office,2017,10,4
LTU,office,2017,11,3
LTU,office,2017,12,4
LTU,office,2017,13,13
LTU,office,2017,14,2
LTU,office,2017,15,3
LTU,office,2017,16,2
LTU,office,2017,17,2
LTU,office,2017,18,4
LTU,office,2017,19,3
LTU,office,2017,2,3
LTU,office,2017,20,1
LTU,office,2017,21,3
LTU,office,2017,23,5
LTU,office,2017,24,6
LTU,office,2017,25,5
LTU,office,2017,26,6
LTU,office,2017,27,2
LTU,office,2017,28,2
LTU,office,2017,29,7
LTU,office,2017,3,12
LTU,office,2017,30,8
LTU,office,2017,31,6
LTU,office,2017,32,7
LTU,office,2017,33,2
LTU,office,2017,34,4
LTU,office,2017,35,9
LTU,office,2017,4,2
LTU,office,2017,5,1
LTU,office,2017,6,1
LTU,office,2017,7,1
LTU,office,2017,9,2
LTU,office,2018,1,1
LTU,office,2018,10,1
LTU,office,2018,12,1
LTU,office,2018,13,11
LTU,office,2018,14,2
LTU,office,2018,15,1
LTU,office,2018,16,5
LTU,office,2018,17,4
LTU,office,2018,19,2
LTU,office,2018,21,6
LTU,office,2018,23,2
LTU,office,2018,24,1
LTU,office,2018,25,9
LTU,office,2018,26,4
LTU,office,2018,27,2
LTU,office,2018,29,3
LTU,office,2018,3,1
LTU,office,2018,30,2
LTU,office,2018,31,1
LTU,office,2018,32,2
LTU,office,2018,33,5
LTU,office,2018,34,13
LTU,office,2018,35,10
LTU,office,2018,6,2
LTU,office,2018,7,2
LTU,office,2018,8,4
LTU,office,2018,9,2
LTU,office,2019,1,6
LTU,office,2019,10,4
LTU,office,2019,11,1
LTU,office,2019,12,2
LTU,office,2019,13,21
LTU,office,2019,14,2
LTU,office,2019,15,1
LTU,office,2019,16,2
LTU,office,2019,19,3
LTU,office,2019,20,1
LTU,office,2019,21,1
LTU,office,2019,23,3
LTU,office,2019,24,4
LTU,office,2019,25,2
LTU,office,2019,27,3
LTU,office,2019,28,1
LTU,office,2019,29,13
LTU,office,2019,3,1
LTU,office,2019,30,2
LTU,office,2019,32,7
LTU,office,2019,33,5
LTU,office,2019,34,7
LTU,office,2019,35,5
LTU,office,2019,6,3
LTU,office,2019,7,5
LTU,office,2019,8,1
LTU,office,2019,9,9
LTU,office,2020,1,2
LTU,office,2020,10,3
LTU,office,2020,11,2
LTU,office,2020,12,2
LTU,office,2020,13,10
LTU,office,2020,15,4
LTU,office,2020,16,3
LTU,office,2020,17,2
LTU,office,2020,18,2
LTU,office,2020,19,2
LTU,office,2020,2,1
LTU,office,2020,20,3
LTU,office,2020,21,3
LTU,office,2020,23,3
LTU,office,2020,24,6
LTU,office,2020,25,4
LTU,office,2020,26,5
LTU,office,2020,27,6
LTU,office,2020,28,3
LTU,office,2020,29,6
LTU,office,2020,30,1
LTU,office,2020,31,1
LTU,office,2020,32,6
LTU,office,2020,33,6
LTU,office,2020,34,4
LTU,office,2020,35,8
LTU,office,2020,6,5
LTU,office,2020,7,3
LTU,office,2020,8,3
LTU,office,2020,9,2
LTU,office,2021,1,4
LTU,office,2021,10,4
LTU,office,2021,12,3
LTU,office,2021,13,10
LTU,office,2021,15,1
LTU,office,2021,16,2
LTU,office,2021,17,1
LTU,office,2021,19,4
LTU,office,2021,20,1
LTU,office,2021,22,1
LTU,office,2021,23,3
LTU,office,2021,24,6
LTU,office,2021,25,1
LTU,office,2021,26,4
LTU,office,2021,27,4
LTU,office,2021,29,4
LTU,office,2021,31,2
LTU,office,2021,32,5
LTU,office,2021,33,3
LTU,office,2021,34,3
LTU,office,2021,35,7
LTU,office,2021,5,1
LTU,office,2021,6,2
LTU,office,2021,7,2
LTU,office,2021,8,3
LTU,office,2021,9,5
LTU,office,2022,1,3
LTU,office,2022,10,2
LTU,office,2022,11,1
LTU,office,2022,12,3
LTU,office,2022,13,6
LTU,office,2022,15,1
LTU,office,2022,16,3
LTU,office,2022,18,4
LTU,office,2022,19,2
LTU,office,2022,2,1
LTU,office,2022,20,8
LTU,office,2022,21,3
LTU,office,2022,23,1
LTU,office,2022,24,5
LTU,office,2022,25,5
LTU,office,2022,26,3
LTU,office,2022,27,4
LTU,office,2022,28,1
LTU,office,2022,29,7
LTU,office,2022,3,3
LTU,office,2022,30,3
LTU,office,2022,32,3
LTU,office,2022,33,1
LTU,office,2022,34,2
LTU,office,2022,35,8
LTU,office,2022,4,1
LTU,office,2022,5,4
LTU,office,2022,6,3
LTU,office,2022,7,3
LTU,office,2022,8,4
LTU,office,2022,9,3
LTU,origin,2015,1,4
LTU,origin,2015,10,12
LTU,origin,2015,11,1
LTU,origin,2015,12,2
LTU,origin,2015,13,13
LTU,origin,2015,14,3
LTU,origin,2015,15,9
LTU,origin,2015,16,6
LTU,origin,2015,17,2
LTU,origin,2015,18,4
LTU,origin,2015,19,4
LTU,origin,2015,20,5
LTU,origin,2015,21,2
LTU,origin,2015,23,7
LTU,origin,2015,24,6
LTU,origin,2015,25,4
LTU,origin,2015,26,3
LTU,origin,2015,27,3
LTU,origin,2015,29,4
LTU,origin,2015,3,1
LTU,origin,2015,30,6
LTU,origin,2015,31,2
LTU,origin,2015,32,3
LTU,origin,2015,33,3
LTU,origin,2015,34,1
LTU,origin,2015,35,9
LTU,origin,2015,6,1
LTU,origin,2015,8,2
LTU,origin,2015,9,6
LTU,origin,2016,1,8
LTU,origin,2016,10,8
LTU,origin,2016,11,3
LTU,origin,2016,12,2
LTU,origin,2016,13,8
LTU,origin,2016,14,5
LTU,origin,2016,15,17
LTU,origin,2016,16,7
LTU,origin,2016,17,4
LTU,origin,2016,18,2
LTU,origin,2016,19,4
LTU,origin,2016,2,2
LTU,origin,2016,20,6
LTU,origin,2016,21,3
LTU,origin,2016,22,1
LTU,origin,2016,23,3
LTU,origin,2016,24,4
LTU,origin,2016,25,1
LTU,origin,2016,26,6
LTU,origin,2016,27,1
LTU,origin,2016,29,6
LTU,origin,2016,3,2
LTU,origin,2016,30,4
LTU,origin,2016,31,1
LTU,origin,2016,32,2
LTU,origin,2016,33,1
LTU,origin,2016,34,1
LTU,origin,2016,35,8
LTU,origin,2016,6,2
LTU,origin,2016,7,2
LTU,origin,2016,8,4
LTU,origin,2016,9,10
LTU,origin,2017,0,1
LTU,origin,2017,1,5
LTU,origin,2017,10,3
LTU,origin,2017,11,5
LTU,origin,2017,12,4
LTU,origin,2017,13,13
LTU,origin,2017,14,3
LTU,origin,2017,15,20
LTU,origin,2017,16,4
LTU,origin,2017,17,3
LTU,origin,2017,18,4
LTU,origin,2017,19,2
LTU,origin,2017,2,2
LTU,origin,2017,20,3
LTU,origin,2017,21,2
LTU,origin,2017,22,1
LTU,origin,2017,23,4
LTU,origin,2017,24,6
LTU,origin,2017,25,4
LTU,origin,2017,26,7
LTU,origin,2017,27,2
LTU,origin,2017,28,2
LTU,origin,2017,29,10
LTU,origin,2017,3,1
LTU,origin,2017,30,3
LTU,origin,2017,31,6
LTU,origin,2017,32,5
LTU,origin,2017,33,3
LTU,origin,2017,34,4
LTU,origin,2017,35,9
LTU,origin,2017,4,1
LTU,origin,2017,5,1
LTU,origin,2017,8,2
LTU,origin,2017,9,5
LTU,origin,2018,1,1
LTU,origin,2018,10,6
LTU,origin,2018,12,1
LTU,origin,2018,13,11
LTU,origin,2018,14,4
LTU,origin,2018,15,16
LTU,origin,2018,16,5
LTU,origin,2018,17,5
LTU,origin,2018,19,5
LTU,origin,2018,2,2
LTU,origin,2018,21,6
LTU,origin,2018,23,3
LTU,origin,2018,24,1
LTU,origin,2018,25,5
LTU,origin,2018,26,7
LTU,origin,2018,27,2
LTU,origin,2018,29,8
LTU,origin,2018,3,2
LTU,origin,2018,30,1
LTU,origin,2018,31,1
LTU,origin,2018,32,2
LTU,origin,2018,33,5
LTU,origin,2018,34,2
LTU,origin,2018,35,9
LTU,origin,2018,4,1
LTU,origin,2018,6,4
LTU,origin,2018,7,2
LTU,origin,2018,8,5
LTU,origin,2018,9,8
LTU,origin,2019,1,4
LTU,origin,2019,10,6
LTU,origin,2019,11,1
LTU,origin,2019,12,2
LTU,origin,2019,13,19
LTU,origin,2019,14,5
LTU,origin,2019,15,22
LTU,origin,2019,16,5
LTU,origin,2019,19,6
LTU,origin,2019,20,1
LTU,origin,2019,21,1
LTU,origin,2019,23,5
LTU,origin,2019,24,7
LTU,origin,2019,25,1
LTU,origin,2019,26,8
LTU,origin,2019,27,4
LTU,origin,2019,28,1
LTU,origin,2019,29,5
LTU,origin,2019,3,2
LTU,origin,2019,30,2
LTU,origin,2019,32,4
LTU,origin,2019,33,3
LTU,origin,2019,34,5
LTU,origin,2019,35,8
LTU,origin,2019,4,1
LTU,origin,2019,6,5
LTU,origin,2019,7,5
LTU,origin,2019,8,5
LTU,origin,2019,9,6
LTU,origin,2020,1,2
LTU,origin,2020,10,5
LTU,origin,2020,11,2
LTU,origin,2020,12,3
LTU,origin,2020,13,15
LTU,origin,2020,14,2
LTU,origin,2020,15,16
LTU,origin,2020,16,4
LTU,origin,2020,17,3
LTU,origin,2020,18,1
LTU,origin,2020,19,1
LTU,origin,2020,2,1
LTU,origin,2020,20,3
LTU,origin,2020,21,5
LTU,origin,2020,23,2
LTU,origin,2020,24,6
LTU,origin,2020,25,3
LTU,origin,2020,26,8
LTU,origin,2020,27,7
LTU,origin,2020,29,6
LTU,origin,2020,3,1
LTU,origin,2020,30,2
LTU,origin,2020,31,1
LTU,origin,2020,32,8
LTU,origin,2020,33,5
LTU,origin,2020,34,3
LTU,origin,2020,35,9
LTU,origin,2020,4,2
LTU,origin,2020,6,7
LTU,origin,2020,7,2
LTU,origin,2020,8,4
LTU,origin,2020,9,6
LTU,origin,2021,1,5
LTU,origin,2021,10,8
LTU,origin,2021,11,1
LTU,origin,2021,12,2
LTU,origin,2021,13,16
LTU,origin,2021,14,1
LTU,origin,2021,15,7
LTU,origin,2021,16,5
LTU,origin,2021,17,1
LTU,origin,2021,19,5
LTU,origin,2021,2,3
LTU,origin,2021,20,2
LTU,origin,2021,21,5
LTU,origin,2021,23,4
LTU,origin,2021,24,5
LTU,origin,2021,25,3
LTU,origin,2021,26,9
LTU,origin,2021,27,3
LTU,origin,2021,29,6
LTU,origin,2021,3,1
LTU,origin,2021,30,2
LTU,origin,2021,31,1
LTU,origin,2021,32,9
LTU,origin,2021,33,9
LTU,origin,2021,34,4
LTU,origin,2021,35,8
LTU,origin,2021,4,10
LTU,origin,2021,5,1
LTU,origin,2021,6,8
LTU,origin,2021,7,2
LTU,origin,2021,8,5
LTU,origin,2021,9,13
LTU,origin,2022,1,2
LTU,origin,2022,10,6
LTU,origin,2022,11,1
LTU,origin,2022,12,4
LTU,origin,2022,13,9
LTU,origin,2022,14,2
LTU,origin,2022,15,6
LTU,origin,2022,16,5
LTU,origin,2022,18,3
LTU,origin,2022,19,3
LTU,origin,2022,20,8
LTU,origin,2022,21,5
LTU,origin,2022,23,3
LTU,origin,2022,24,3
LTU,origin,2022,25,8
LTU,origin,2022,26,4
LTU,origin,2022,27,4
LTU,origin,2022,28,2
LTU,origin,2022,29,10
LTU,origin,2022,3,2
LTU,origin,2022,30,3
LTU,origin,2022,32,3
LTU,origin,2022,33,7
LTU,origin,2022,34,6
LTU,origin,2022,35,8
LTU,origin,2022,4,57
LTU,origin,2022,5,4
LTU,origin,2022,6,31
LTU,origin,2022,7,2
LTU,origin,2022,8,6
LTU,origin,2022,9,10
LUX,office,2015,1,13
LUX,office,2015,10,6
LUX,office,2015,12,5
LUX,office,2015,13,5
LUX,office,2015,14,6
LUX,office,2015,15,4
LUX,office,2015,16,6
LUX,office,2015,17,1
LUX,office,2015,18,3
LUX,office,2015,19,2
LUX,office,2015,2,3
LUX,office,2015,20,8
LUX,office,2015,21,2
LUX,office,2015,23,5
LUX,office,2015,24,2
LUX,office,2015,25,11
LUX,office,2015,26,6
LUX,office,2015,27,1
LUX,office,2015,28,2
LUX,office,2015,29,3
LUX,office,2015,3,3
LUX,office,2015,30,10
LUX,office,2015,31,11
LUX,office,2015,32,12
LUX,office,2015,33,2
LUX,office,2015,34,5
LUX,office,2015,35,7
LUX,office,2015,4,5
LUX,office,2015,5,1
LUX,office,2015,6,7
LUX,office,2015,7,2
LUX,office,2015,9,1
LUX,office,2016,1,12
LUX,office,2016,10,13
LUX,office,2016,11,1
LUX,office,2016,12,4
LUX,office,2016,13,11
LUX,office,2016,14,2
LUX,office,2016,15,4
LUX,office,2016,16,4
LUX,office,2016,17,1
LUX,office,2016,18,1
LUX,office,2016,19,5
LUX,office,2016,2,3
LUX,office,2016,20,6
LUX,office,2016,21,3
LUX,office,2016,23,5
LUX,office,2016,24,6
LUX,office,2016,25,7
LUX,office,2016,26,5
LUX,office,2016,27,5
LUX,office,2016,28,8
LUX,office,2016,29,5
LUX,office,2016,3,2
LUX,office,2016,30,6
LUX,office,2016,31,8
LUX,office,2016,32,14
LUX,office,2016,33,1
LUX,office,2016,34,4
LUX,office,2016,35,14
LUX,office,2016,5,2
LUX,office,2016,6,5
LUX,office,2016,7,9
LUX,office,2016,8,1
LUX,office,2016,9,6
LUX,office,2017,1,50
LUX,office,2017,10,12
LUX,office,2017,11,3
LUX,office,2017,12,9
LUX,office,2017,13,15
LUX,office,2017,14,5
LUX,office,2017,15,12
LUX,office,2017,16,10
LUX,office,2017,17,1
LUX,office,2017,18,6
LUX,office,2017,19,8
LUX,office,2017,2,19
LUX,office,2017,20,8
LUX,office,2017,21,7
LUX,office,2017,22,1
LUX,office,2017,23,21
LUX,office,2017,24,9
LUX,office,2017,25,22
LUX,office,2017,26,25
LUX,office,2017,27,5
LUX,office,2017,28,7
LUX,office,2017,29,28
LUX,office,2017,3,10
LUX,office,2017,30,18
LUX,office,2017,31,28
LUX,office,2017,32,22
LUX,office,2017,33,26
LUX,office,2017,34,18
LUX,office,2017,35,29
LUX,office,2017,4,12
LUX,office,2017,5,8
LUX,office,2017,6,17
LUX,office,2017,7,3
LUX,office,2017,8,7
LUX,office,2017,9,16
LUX,office,2018,1,63
LUX,office,2018,10,23
LUX,office,2018,11,3
LUX,office,2018,12,13
LUX,office,2018,13,22
LUX,office,2018,14,8
LUX,office,2018,15,7
LUX,office,2018,16,8
LUX,office,2018,17,2
LUX,office,2018,18,5
LUX,office,2018,19,3
LUX,office,2018,2,6
LUX,office,2018,20,6
LUX,office,2018,21,5
LUX,office,2018,22,1
LUX,office,2018,23,9
LUX,office,2018,24,3
LUX,office,2018,25,9
LUX,office,2018,26,17
LUX,office,2018,27,7
LUX,office,2018,28,12
LUX,office,2018,29,23
LUX,office,2018,3,10
LUX,office,2018,30,10
LUX,office,2018,31,20
LUX,office,2018,32,34
LUX,office,2018,33,22
LUX,office,2018,34,6
LUX,office,2018,35,19
LUX,office,2018,4,19
LUX,office,2018,5,2
LUX,office,2018,6,21
LUX,office,2018,7,10
LUX,office,2018,8,3
LUX,office,2018,9,8
LUX,office,2019,1,18
LUX,office,2019,10,40
LUX,office,2019,11,5
LUX,office,2019,12,6
LUX,office,2019,13,17
LUX,office,2019,14,8
LUX,office,2019,15,7
LUX,office,2019,16,9
LUX,office,2019,17,2
LUX,office,2019,18,2
LUX,office,2019,19,6
LUX,office,2019,2,5
LUX,office,2019,20,9
LUX,office,2019,21,7
LUX,office,2019,23,14
LUX,office,2019,24,5
LUX,office,2019,25,12
LUX,office,2019,26,10
LUX,office,2019,27,5
LUX,office,2019,28,3
LUX,office,2019,29,9
LUX,office,2019,3,12
LUX,office,2019,30,5
LUX,office,2019,31,14
LUX,office,2019,32,21
LUX,office,2019,33,9
LUX,office,2019,34,13
LUX,office,2019,35,25
LUX,office,2019,4,10
LUX,office,2019,5,8
LUX,office,2019,6,15
LUX,office,2019,7,8
LUX,office,2019,8,3
LUX,office,2019,9,7
LUX,office,2020,1,19
LUX,office,2020,10,49
LUX,office,2020,11,7
LUX,office,2020,12,16
LUX,office,2020,13,20
LUX,office,2020,14,12
LUX,office,2020,15,18
LUX,office,2020,16,6
LUX,office,2020,17,4
LUX,office,2020,18,4
LUX,office,2020,19,10
LUX,office,2020,2,2
LUX,office,2020,20,9
LUX,office,2020,21,4
LUX,office,2020,22,1
LUX,office,2020,23,11
LUX,office,2020,24,10
LUX,office,2020,25,13
LUX,office,2020,26,19
LUX,office,2020,27,3
LUX,office,2020,28,3
LUX,office,2020,29,23
LUX,office,2020,3,22
LUX,office,2020,30,7
LUX,office,2020,31,14
LUX,office,2020,32,38
LUX,office,2020,33,12
LUX,office,2020,34,3
LUX,office,2020,35,20
LUX,office,2020,4,9
LUX,office,2020,5,3
LUX,office,2020,6,34
LUX,office,2020,7,10
LUX,office,2020,8,10
LUX,office,2020,9,6
LUX,office,2021,0,1
LUX,office,2021,1,51
LUX,office,2021,10,97
LUX,office,2021,11,26
LUX,office,2021,12,38
LUX,office,2021,13,41
LUX,office,2021,14,12
LUX,office,2021,15,39
LUX,office,2021,16,30
LUX,office,2021,17,13
LUX,office,2021,18,33
LUX,office,2021,19,29
LUX,office,2021,2,11
LUX,office,2021,20,32
LUX,office,2021,21,10
LUX,office,2021,22,3
LUX,office,2021,23,35
LUX,office,2021,24,40
LUX,office,2021,25,30
LUX,office,2021,26,22
LUX,office,2021,27,14
LUX,office,2021,28,12
LUX,office,2021,29,72
LUX,office,2021,3,12
LUX,office,2021,30,20
LUX,office,2021,31,21
LUX,office,2021,32,44
LUX,office,2021,33,12
LUX,office,2021,34,9
LUX,office,2021,35,95
LUX,office,2021,4,22
LUX,office,2021,5,3
LUX,office,2021,6,86
LUX,office,2021,7,28
LUX,office,2021,8,4
LUX,office,2021,9,6
LUX,office,2022,0,1
LUX,office,2022,1,104
LUX,office,2022,10,172
LUX,office,2022,11,28
LUX,office,2022,12,59
LUX,office,2022,13,64
LUX,office,2022,14,22
LUX,office,2022,15,66
LUX,office,2022,16,57
LUX,office,2022,17,23
LUX,office,2022,18,86
LUX,office,2022,19,58
LUX,office,2022,2,35
LUX,office,2022,20,75
LUX,office,2022,21,20
LUX,office,2022,22,3
LUX,office,2022,23,84
LUX,office,2022,24,59
LUX,office,2022,25,72
LUX,office,2022,26,52
LUX,office,2022,27,41
LUX,office,2022,28,17
LUX,office,2022,29,113
LUX,office,2022,3,8
LUX,office,2022,30,33
LUX,office,2022,31,39
LUX,office,2022,32,51
LUX,office,2022,33,35
LUX,office,2022,34,22
LUX,office,2022,35,157
LUX,office,2022,4,19
LUX,office,2022,5,7
LUX,office,2022,6,145
LUX,office,2022,7,46
LUX,office,2022,8,9
LUX,office,2022,9,11
LUX,origin,2015,0,5
LUX,origin,2015,1,62
LUX,origin,2015,10,16
LUX,origin,2015,11,5
LUX,origin,2015,12,15
LUX,origin,2015,13,102
LUX,origin,2015,14,55
LUX,origin,2015,15,15
LUX,origin,2015,16,102
LUX,origin,2015,17,14
LUX,origin,2015,18,15
LUX,origin,2015,19,24
LUX,origin,2015,2,29
LUX,origin,2015,20,96
LUX,origin,2015,21,19
LUX,origin,2015,22,4
LUX,origin,2015,23,26
LUX,origin,2015,24,15
LUX,origin,2015,25,41
LUX,origin,2015,26,27
LUX,origin,2015,27,66
LUX,origin,2015,28,21
LUX,origin,2015,29,24
LUX,origin,2015,3,76
LUX,origin,2015,30,62
LUX,origin,2015,31,30
LUX,origin,2015,32,62
LUX,origin,2015,33,27
LUX,origin,2015,34,33
LUX,origin,2015,35,53
LUX,origin,2015,4,89
LUX,origin,2015,5,19
LUX,origin,2015,6,145
LUX,origin,2015,7,11
LUX,origin,2015,8,62
LUX,origin,2015,9,38
LUX,origin,2016,0,2
LUX,origin,2016,1,78
LUX,origin,2016,10,24
LUX,origin,2016,11,4
LUX,origin,2016,12,12
LUX,origin,2016,13,141
LUX,origin,2016,14,57
LUX,origin,2016,15,25
LUX,origin,2016,16,151
LUX,origin,2016,17,20
LUX,origin,2016,18,12
LUX,origin,2016,19,31
LUX,origin,2016,2,30
LUX,origin,2016,20,94
LUX,origin,2016,21,35
LUX,origin,2016,22,3
LUX,origin,2016,23,26
LUX,origin,2016,24,25
LUX,origin,2016,25,33
LUX,origin,2016,26,27
LUX,origin,2016,27,70
LUX,origin,2016,28,40
LUX,origin,2016,29,36
LUX,origin,2016,3,53
LUX,origin,2016,30,47
LUX,origin,2016,31,27
LUX,origin,2016,32,69
LUX,origin,2016,33,22
LUX,origin,2016,34,35
LUX,origin,2016,35,89
LUX,origin,2016,4,57
LUX,origin,2016,5,13
LUX,origin,2016,6,127
LUX,origin,2016,7,21
LUX,origin,2016,8,53
LUX,origin,2016,9,35
LUX,origin,2017,0,1
LUX,origin,2017,1,107
LUX,origin,2017,10,35
LUX,origin,2017,11,7
LUX,origin,2017,12,21
LUX,origin,2017,13,149
LUX,origin,2017,14,52
LUX,origin,2017,15,41
LUX,origin,2017,16,127
LUX,origin,2017,17,20
LUX,origin,2017,18,13
LUX,origin,2017,19,29
LUX,origin,2017,2,29
LUX,origin,2017,20,94
LUX,origin,2017,21,50
LUX,origin,2017,22,3
LUX,origin,2017,23,31
LUX,origin,2017,24,28
LUX,origin,2017,25,45
LUX,origin,2017,26,42
LUX,origin,2017,27,96
LUX,origin,2017,28,29
LUX,origin,2017,29,40
LUX,origin,2017,3,42
LUX,origin,2017,30,40
LUX,origin,2017,31,48
LUX,origin,2017,32,117
LUX,origin,2017,33,28
LUX,origin,2017,34,50
LUX,origin,2017,35,87
LUX,origin,2017,4,65
LUX,origin,2017,5,16
LUX,origin,2017,6,69
LUX,origin,2017,7,10
LUX,origin,2017,8,31
LUX,origin,2017,9,44
LUX,origin,2018,1,86
LUX,origin,2018,10,35
LUX,origin,2018,11,3
LUX,origin,2018,12,15
LUX,origin,2018,13,174
LUX,origin,2018,14,42
LUX,origin,2018,15,33
LUX,origin,2018,16,93
LUX,origin,2018,17,18
LUX,origin,2018,18,14
LUX,origin,2018,19,25
LUX,origin,2018,2,32
LUX,origin,2018,20,118
LUX,origin,2018,21,57
LUX,origin,2018,22,5
LUX,origin,2018,23,28
LUX,origin,2018,24,24
LUX,origin,2018,25,38
LUX,origin,2018,26,49
LUX,origin,2018,27,104
LUX,origin,2018,28,19
LUX,origin,2018,29,40
LUX,origin,2018,3,46
LUX,origin,2018,30,50
LUX,origin,2018,31,54
LUX,origin,2018,32,185
LUX,origin,2018,33,19
LUX,origin,2018,34,46
LUX,origin,2018,35,75
LUX,origin,2018,4,74
LUX,origin,2018,5,4
LUX,origin,2018,6,66
LUX,origin,2018,7,13
LUX,origin,2018,8,30
LUX,origin,2018,9,52
LUX,origin,2019,1,98
LUX,origin,2019,10,44
LUX,origin,2019,11,4
LUX,origin,2019,12,12
LUX,origin,2019,13,183
LUX,origin,2019,14,36
LUX,origin,2019,15,20
LUX,origin,2019,16,65
LUX,origin,2019,17,26
LUX,origin,2019,18,18
LUX,origin,2019,19,42
LUX,origin,2019,2,40
LUX,origin,2019,20,167
LUX,origin,2019,21,88
LUX,origin,2019,22,5
LUX,origin,2019,23,28
LUX,origin,2019,24,28
LUX,origin,2019,25,55
LUX,origin,2019,26,51
LUX,origin,2019,27,85
LUX,origin,2019,28,22
LUX,origin,2019,29,44
LUX,origin,2019,3,56
LUX,origin,2019,30,47
LUX,origin,2019,31,51
LUX,origin,2019,32,195
LUX,origin,2019,33,15
LUX,origin,2019,34,62
LUX,origin,2019,35,87
LUX,origin,2019,4,76
LUX,origin,2019,5,12
LUX,origin,2019,6,68
LUX,origin,2019,7,13
LUX,origin,2019,8,25
LUX,origin,2019,9,47
LUX,origin,2020,1,95
LUX,origin,2020,10,59
LUX,origin,2020,11,6
LUX,origin,2020,12,13
LUX,origin,2020,13,144
LUX,origin,2020,14,50
LUX,origin,2020,15,21
LUX,origin,2020,16,61
LUX,origin,2020,17,17
LUX,origin,2020,18,19
LUX,origin,2020,19,43
LUX,origin,2020,2,38
LUX,origin,2020,20,174
LUX,origin,2020,21,99
LUX,origin,2020,22,4
LUX,origin,2020,23,32
LUX,origin,2020,24,24
LUX,origin,2020,25,35
LUX,origin,2020,26,66
LUX,origin,2020,27,99
LUX,origin,2020,28,16
LUX,origin,2020,29,22
LUX,origin,2020,3,39
LUX,origin,2020,30,49
LUX,origin,2020,31,45
LUX,origin,2020,32,213
LUX,origin,2020,33,12
LUX,origin,2020,34,50
LUX,origin,2020,35,76
LUX,origin,2020,4,59
LUX,origin,2020,5,9
LUX,origin,2020,6,63
LUX,origin,2020,7,13
LUX,origin,2020,8,21
LUX,origin,2020,9,49
LUX,origin,2021,1,75
LUX,origin,2021,10,57
LUX,origin,2021,11,10
LUX,origin,2021,12,8
LUX,origin,2021,13,126
LUX,origin,2021,14,32
LUX,origin,2021,15,29
LUX,origin,2021,16,56
LUX,origin,2021,17,26
LUX,origin,2021,18,13
LUX,origin,2021,19,43
LUX,origin,2021,2,26
LUX,origin,2021,20,231
LUX,origin,2021,21,136
LUX,origin,2021,22,3
LUX,origin,2021,23,29
LUX,origin,2021,24,25
LUX,origin,2021,25,41
LUX,origin,2021,26,80
LUX,origin,2021,27,57
LUX,origin,2021,28,13
LUX,origin,2021,29,35
LUX,origin,2021,3,24
LUX,origin,2021,30,43
LUX,origin,2021,31,35
LUX,origin,2021,32,211
LUX,origin,2021,33,27
LUX,origin,2021,34,44
LUX,origin,2021,35,91
LUX,origin,2021,4,37
LUX,origin,2021,5,8
LUX,origin,2021,6,39
LUX,origin,2021,7,12
LUX,origin,2021,8,11
LUX,origin,2021,9,67
LUX,origin,2022,1,64
LUX,origin,2022,10,45
LUX,origin,2022,11,6
LUX,origin,2022,12,12
LUX,origin,2022,13,125
LUX,origin,2022,14,19
LUX,origin,2022,15,18
LUX,origin,2022,16,35
LUX,origin,2022,17,16
LUX,origin,2022,18,19
LUX,origin,2022,19,36
LUX,origin,2022,2,26
LUX,origin,2022,20,232
LUX,origin,2022,21,149
LUX,origin,2022,22,2
LUX,origin,2022,23,30
LUX,origin,2022,24,20
LUX,origin,2022,25,46
LUX,origin,2022,26,90
LUX,origin,2022,27,57
LUX,origin,2022,28,22
LUX,origin,2022,29,43
LUX,origin,2022,3,22
LUX,origin,2022,30,46
LUX,origin,2022,31,30
LUX,origin,2022,32,115
LUX,origin,2022,33,21
LUX,origin,2022,34,42
LUX,origin,2022,35,70
LUX,origin,2022,4,26
LUX,origin,2022,5,8
LUX,origin,2022,6,40
LUX,origin,2022,7,10
LUX,origin,2022,8,17
LUX,origin,2022,9,57
LVA,office,2015,1,8
LVA,office,2015,10,9
LVA,office,2015,11,4
LVA,office,2015,12,3
LVA,office,2015,13,8
LVA,office,2015,14,11
LVA,office,2015,15,12
LVA,office,2015,16,8
LVA,office,2015,17,1
LVA,office,2015,18,12
LVA,office,2015,19,5
LVA,office,2015,2,1
LVA,office,2015,20,2
LVA,office,2015,21,5
LVA,office,2015,22,2
LVA,office,2015,23,6
LVA,office,2015,24,2
LVA,office,2015,25,1
LVA,office,2015,26,2
LVA,office,2015,27,7
LVA,office,2015,28,4
LVA,office,2015,29,9
LVA,office,2015,3,1
LVA,office,2015,30,2
LVA,office,2015,32,4
LVA,office,2015,33,5
LVA,office,2015,35,8
LVA,office,2015,4,2
LVA,office,2015,6,3
LVA,office,2015,9,5
LVA,office,2016,1,2
LVA,office,2016,10,6
LVA,office,2016,12,1
LVA,office,2016,13,5
LVA,office,2016,14,9
LVA,office,2016,15,1
LVA,office,2016,16,5
LVA,office,2016,17,1
LVA,office,2016,18,1
LVA,office,2016,19,3
LVA,office,2016,20,1
LVA,office,2016,21,2
LVA,office,2016,23,2
LVA,office,2016,24,2
LVA,office,2016,25,1
LVA,office,2016,26,2
LVA,office,2016,28,1
LVA,office,2016,29,6
LVA,office,2016,30,4
LVA,office,2016,31,4
LVA,office,2016,33,2
LVA,office,2016,34,2
LVA,office,2016,35,4
LVA,office,2016,4,1
LVA,office,2016,5,1
LVA,office,2016,6,2
LVA,office,2016,8,1
LVA,office,2016,9,1
LVA,office,2017,1,12
LVA,office,2017,10,10
LVA,office,2017,11,3
LVA,office,2017,12,1
LVA,office,2017,14,5
LVA,office,2017,15,3
LVA,office,2017,16,4
LVA,office,2017,17,1
LVA,office,2017,18,1
LVA,office,2017,19,1
LVA,office,2017,2,2
LVA,office,2017,20,7
LVA,office,2017,21,2
LVA,office,2017,23,3
LVA,office,2017,24,4
LVA,office,2017,25,1
LVA,office,2017,26,2
LVA,office,2017,27,2
LVA,office,2017,28,1
LVA,office,2017,29,8
LVA,office,2017,3,1
LVA,office,2017,30,3
LVA,office,2017,32,3
LVA,office,2017,33,1
LVA,office,2017,34,2
LVA,office,2017,35,6
LVA,office,2017,8,1
LVA,office,2018,1,4
LVA,office,2018,10,2
LVA,office,2018,11,2
LVA,office,2018,13,4
LVA,office,2018,14,2
LVA,office,2018,15,3
LVA,office,2018,16,5
LVA,office,2018,17,1
LVA,office,2018,18,4
LVA,office,2018,19,1
LVA,office,2018,2,1
LVA,office,2018,20,4
LVA,office,2018,21,2
LVA,office,2018,22,1
LVA,office,2018,23,1
LVA,office,2018,24,1
LVA,office,2018,25,2
LVA,office,2018,27,1
LVA,office,2018,29,1
LVA,office,2018,3,2
LVA,office,2018,31,1
LVA,office,2018,32,3
LVA,office,2018,33,1
LVA,office,2018,34,1
LVA,office,2018,35,4
LVA,office,2018,4,1
LVA,office,2018,7,1
LVA,office,2019,1,2
LVA,office,2019,10,1
LVA,office,2019,11,1
LVA,office,2019,12,1
LVA,office,2019,13,11
LVA,office,2019,14,2
LVA,office,2019,15,1
LVA,office,2019,16,2
LVA,office,2019,17,1
LVA,office,2019,18,1
LVA,office,2019,19,2
LVA,office,2019,20,3
LVA,office,2019,21,2
LVA,office,2019,23,1
LVA,office,2019,24,2
LVA,office,2019,25,1
LVA,office,2019,27,2
LVA,office,2019,29,4
LVA,office,2019,30,1
LVA,office,2019,31,1
LVA,office,2019,33,3
LVA,office,2019,34,3
LVA,office,2019,35,6
LVA,office,2019,6,1
LVA,office,2019,9,2
LVA,office,2020,1,1
LVA,office,2020,10,1
LVA,office,2020,13,2
LVA,office,2020,14,3
LVA,office,2020,16,1
LVA,office,2020,18,3
LVA,office,2020,19,2
LVA,office,2020,20,1
LVA,office,2020,21,1
LVA,office,2020,24,1
LVA,office,2020,25,1
LVA,office,2020,27,2
LVA,office,2020,29,2
LVA,office,2020,3,2
LVA,office,2020,31,1
LVA,office,2020,32,1
LVA,office,2020,33,1
LVA,office,2020,35,5
LVA,office,2020,5,1
LVA,office,2020,6,1
LVA,office,2022,1,2
LVA,office,2022,10,1
LVA,office,2022,13,2
LVA,office,2022,15,1
LVA,office,2022,18,2
LVA,office,2022,2,1
LVA,office,2022,23,1
LVA,office,2022,29,1
LVA,office,2022,3,1
LVA,office,2022,30,2
LVA,office,2022,35,1
LVA,office,2022,6,2
LVA,office,2022,8,1
LVA,origin,2015,1,7
LVA,origin,2015,10,11
LVA,origin,2015,11,4
LVA,origin,2015,12,4
LVA,origin,2015,13,10
LVA,origin,2015,14,22
LVA,origin,2015,15,13
LVA,origin,2015,16,20
LVA,origin,2015,17,1
LVA,origin,2015,18,13
LVA,origin,2015,19,7
LVA,origin,2015,2,1
LVA,origin,2015,20,7
LVA,origin,2015,21,5
LVA,origin,2015,22,2
LVA,origin,2015,23,6
LVA,origin,2015,24,4
LVA,origin,2015,25,3
LVA,origin,2015,26,2
LVA,origin,2015,27,8
LVA,origin,2015,28,4
LVA,origin,2015,29,7
LVA,origin,2015,3,1
LVA,origin,2015,30,4
LVA,origin,2015,31,5
LVA,origin,2015,32,4
LVA,origin,2015,33,6
LVA,origin,2015,35,7
LVA,origin,2015,4,2
LVA,origin,2015,6,4
LVA,origin,2015,9,5
LVA,origin,2016,1,3
LVA,origin,2016,10,8
LVA,origin,2016,12,2
LVA,origin,2016,13,6
LVA,origin,2016,14,18
LVA,origin,2016,15,2
LVA,origin,2016,16,13
LVA,origin,2016,17,1
LVA,origin,2016,18,8
LVA,origin,2016,19,4
LVA,origin,2016,2,2
LVA,origin,2016,20,5
LVA,origin,2016,21,4
LVA,origin,2016,23,6
LVA,origin,2016,24,4
LVA,origin,2016,25,1
LVA,origin,2016,26,3
LVA,origin,2016,27,1
LVA,origin,2016,28,1
LVA,origin,2016,29,6
LVA,origin,2016,30,4
LVA,origin,2016,31,5
LVA,origin,2016,33,3
LVA,origin,2016,34,1
LVA,origin,2016,35,5
LVA,origin,2016,4,1
LVA,origin,2016,5,1
LVA,origin,2016,6,5
LVA,origin,2016,7,2
LVA,origin,2016,8,2
LVA,origin,2016,9,1
LVA,origin,2017,1,8
LVA,origin,2017,10,12
LVA,origin,2017,11,3
LVA,origin,2017,12,2
LVA,origin,2017,13,1
LVA,origin,2017,14,15
LVA,origin,2017,15,9
LVA,origin,2017,16,13
LVA,origin,2017,17,2
LVA,origin,2017,18,2
LVA,origin,2017,19,5
LVA,origin,2017,2,8
LVA,origin,2017,20,8
LVA,origin,2017,21,4
LVA,origin,2017,22,1
LVA,origin,2017,23,3
LVA,origin,2017,24,4
LVA,origin,2017,25,1
LVA,origin,2017,26,2
LVA,origin,2017,27,3
LVA,origin,2017,28,1
LVA,origin,2017,29,5
LVA,origin,2017,3,1
LVA,origin,2017,30,3
LVA,origin,2017,31,1
LVA,origin,2017,32,8
LVA,origin,2017,33,2
LVA,origin,2017,34,2
LVA,origin,2017,35,6
LVA,origin,2017,6,1
LVA,origin,2017,8,1
LVA,origin,2017,9,4
LVA,origin,2018,1,3
LVA,origin,2018,10,4
LVA,origin,2018,11,2
LVA,origin,2018,13,4
LVA,origin,2018,14,10
LVA,origin,2018,15,9
LVA,origin,2018,16,20
LVA,origin,2018,17,3
LVA,origin,2018,18,3
LVA,origin,2018,19,3
LVA,origin,2018,2,3
LVA,origin,2018,20,6
LVA,origin,2018,21,2
LVA,origin,2018,22,1
LVA,origin,2018,23,1
LVA,origin,2018,24,1
LVA,origin,2018,25,1
LVA,origin,2018,26,1
LVA,origin,2018,27,7
LVA,origin,2018,28,1
LVA,origin,2018,29,3
LVA,origin,2018,3,2
LVA,origin,2018,31,3
LVA,origin,2018,32,5
LVA,origin,2018,33,1
LVA,origin,2018,34,2
LVA,origin,2018,35,5
LVA,origin,2018,4,1
LVA,origin,2018,5,1
LVA,origin,2018,7,1
LVA,origin,2018,8,2
LVA,origin,2019,1,3
LVA,origin,2019,10,1
LVA,origin,2019,11,1
LVA,origin,2019,12,1
LVA,origin,2019,13,3
LVA,origin,2019,14,11
LVA,origin,2019,15,5
LVA,origin,2019,16,13
LVA,origin,2019,17,1
LVA,origin,2019,18,1
LVA,origin,2019,19,2
LVA,origin,2019,2,2
LVA,origin,2019,20,6
LVA,origin,2019,21,2
LVA,origin,2019,23,2
LVA,origin,2019,24,2
LVA,origin,2019,25,1
LVA,origin,2019,27,4
LVA,origin,2019,29,4
LVA,origin,2019,30,2
LVA,origin,2019,31,3
LVA,origin,2019,33,4
LVA,origin,2019,34,1
LVA,origin,2019,35,5
LVA,origin,2019,6,1
LVA,origin,2019,8,2
LVA,origin,2019,9,3
LVA,origin,2020,1,4
LVA,origin,2020,10,2
LVA,origin,2020,13,2
LVA,origin,2020,14,10
LVA,origin,2020,16,11
LVA,origin,2020,18,3
LVA,origin,2020,19,4
LVA,origin,2020,2,3
LVA,origin,2020,20,2
LVA,origin,2020,21,1
LVA,origin,2020,24,1
LVA,origin,2020,25,2
LVA,origin,2020,27,2
LVA,origin,2020,29,2
LVA,origin,2020,31,2
LVA,origin,2020,33,2
LVA,origin,2020,34,1
LVA,origin,2020,35,4
LVA,origin,2020,5,1
LVA,origin,2020,6,4
LVA,origin,2020,9,1
LVA,origin,2021,1,4
LVA,origin,2021,10,1
LVA,origin,2021,12,1
LVA,origin,2021,13,3
LVA,origin,2021,14,4
LVA,origin,2021,15,1
LVA,origin,2021,16,8
LVA,origin,2021,19,5
LVA,origin,2021,2,1
LVA,origin,2021,20,4
LVA,origin,2021,21,2
LVA,origin,2021,23,1
LVA,origin,2021,24,1
LVA,origin,2021,25,6
LVA,origin,2021,26,1
LVA,origin,2021,28,2
LVA,origin,2021,32,2
LVA,origin,2021,33,4
LVA,origin,2021,34,1
LVA,origin,2021,35,2
LVA,origin,2021,5,1
LVA,origin,2021,9,1
LVA,origin,2022,1,2
LVA,origin,2022,10,1
LVA,origin,2022,13,3
LVA,origin,2022,14,2
LVA,origin,2022,15,2
LVA,origin,2022,16,3
LVA,origin,2022,18,2
LVA,origin,2022,19,2
LVA,origin,2022,2,3
LVA,origin,2022,20,1
LVA,origin,2022,23,6
LVA,origin,2022,24,1
LVA,origin,2022,25,1
LVA,origin,2022,29,2
LVA,origin,2022,30,4
LVA,origin,2022,31,1
LVA,origin,2022,32,1
LVA,origin,2022,33,1
LVA,origin,2022,34,1
LVA,origin,2022,35,2
LVA,origin,2022,6,3
LVA,origin,2022,7,1
LVA,origin,2022,8,1
LVA,origin,2022,9,2
MAC,origin,2015,1,4
MAC,origin,2015,27,1
MAC,origin,2015,28,1
MAC,origin,2015,29,1
MAC,origin,2015,33,1
MAC,origin,2015,4,1
MAC,origin,2015,6,2
MAC,origin,2015,9,2
MAC,origin,2016,1,4
MAC,origin,2016,10,3
MAC,origin,2016,12,1
MAC,origin,2016,16,1
MAC,origin,2016,19,1
MAC,origin,2016,25,1
MAC,origin,2016,28,3
MAC,origin,2016,31,1
MAC,origin,2016,4,3
MAC,origin,2016,5,1
MAC,origin,2016,6,1
MAC,origin,2016,9,2
MAC,origin,2017,1,8
MAC,origin,2017,10,1
MAC,origin,2017,14,1
MAC,origin,2017,16,2
MAC,origin,2017,18,1
MAC,origin,2017,2,1
MAC,origin,2017,23,1
MAC,origin,2017,26,3
MAC,origin,2017,28,3
MAC,origin,2017,29,3
MAC,origin,2017,3,1
MAC,origin,2017,34,1
MAC,origin,2017,4,2
MAC,origin,2017,5,1
MAC,origin,2017,6,3
MAC,origin,2017,9,2
MAC,origin,2018,1,13
MAC,origin,2018,10,1
MAC,origin,2018,12,7
MAC,origin,2018,13,1
MAC,origin,2018,16,5
MAC,origin,2018,20,1
MAC,origin,2018,23,1
MAC,origin,2018,26,6
MAC,origin,2018,29,4
MAC,origin,2018,3,3
MAC,origin,2018,31,2
MAC,origin,2018,33,2
MAC,origin,2018,35,2
MAC,origin,2018,4,6
MAC,origin,2018,6,2
MAC,origin,2018,8,1
MAC,origin,2019,1,24
MAC,origin,2019,10,2
MAC,origin,2019,12,2
MAC,origin,2019,13,3
MAC,origin,2019,16,4
MAC,origin,2019,2,1
MAC,origin,2019,23,5
MAC,origin,2019,24,1
MAC,origin,2019,26,14
MAC,origin,2019,27,8
MAC,origin,2019,29,10
MAC,origin,2019,3,1
MAC,origin,2019,31,1
MAC,origin,2019,33,6
MAC,origin,2019,35,6
MAC,origin,2019,4,1
MAC,origin,2019,6,2
MAC,origin,2019,8,3
MAC,origin,2019,9,1
MAC,origin,2020,1,13
MAC,origin,2020,10,3
MAC,origin,2020,12,1
MAC,origin,2020,13,1
MAC,origin,2020,15,1
MAC,origin,2020,16,2
MAC,origin,2020,2,1
MAC,origin,2020,23,1
MAC,origin,2020,24,3
MAC,origin,2020,26,25
MAC,origin,2020,27,4
MAC,origin,2020,29,6
MAC,origin,2020,3,1
MAC,origin,2020,31,3
MAC,origin,2020,33,23
MAC,origin,2020,34,1
MAC,origin,2020,35,4
MAC,origin,2020,5,1
MAC,origin,2020,6,3
MAC,origin,2020,8,2
MAC,origin,2020,9,4
MAC,origin,2021,1,21
MAC,origin,2021,10,3
MAC,origin,2021,12,2
MAC,origin,2021,13,1
MAC,origin,2021,15,1
MAC,origin,2021,16,1
MAC,origin,2021,2,2
MAC,origin,2021,23,5
MAC,origin,2021,24,1
MAC,origin,2021,25,1
MAC,origin,2021,26,23
MAC,origin,2021,27,6
MAC,origin,2021,28,1
MAC,origin,2021,29,13
MAC,origin,2021,3,1
MAC,origin,2021,31,2
MAC,origin,2021,32,1
MAC,origin,2021,33,43
MAC,origin,2021,34,1
MAC,origin,2021,35,1
MAC,origin,2021,5,1
MAC,origin,2021,6,2
MAC,origin,2021,9,2
MAC,origin,2022,1,9
MAC,origin,2022,12,1
MAC,origin,2022,14,1
MAC,origin,2022,17,1
MAC,origin,2022,23,3
MAC,origin,2022,24,2
MAC,origin,2022,26,11
MAC,origin,2022,27,4
MAC,origin,2022,29,9
MAC,origin,2022,31,1
MAC,origin,2022,32,1
MAC,origin,2022,33,21
MAC,origin,2022,35,1
MAC,origin,2022,6,2
MAC,origin,2022,7,1
MAC,origin,2022,9,1
MAR,office,2015,10,1
MAR,office,2015,16,1
MAR,office,2015,20,1
MAR,office,2015,21,1
MAR,office,2015,23,1
MAR,office,2015,27,4
MAR,office,2015,28,1
MAR,office,2015,29,1
MAR,office,2015,30,1
MAR,office,2015,31,1
MAR,office,2015,32,1
MAR,office,2015,35,4
MAR,office,2015,4,1
MAR,office,2015,6,1
MAR,office,2015,8,1
MAR,office,2016,1,11
MAR,office,2016,10,10
MAR,office,2016,12,9
MAR,office,2016,13,11
MAR,office,2016,14,21
MAR,office,2016,15,9
MAR,office,2016,16,41
MAR,office,2016,17,2
MAR,office,2016,18,3
MAR,office,2016,19,17
MAR,office,2016,2,2
MAR,office,2016,20,13
MAR,office,2016,21,11
MAR,office,2016,23,13
MAR,office,2016,24,8
MAR,office,2016,25,14
MAR,office,2016,26,4
MAR,office,2016,27,16
MAR,office,2016,28,5
MAR,office,2016,29,18
MAR,office,2016,3,3
MAR,office,2016,30,15
MAR,office,2016,31,6
MAR,office,2016,32,14
MAR,office,2016,33,4
MAR,office,2016,34,21
MAR,office,2016,35,19
MAR,office,2016,4,16
MAR,office,2016,6,1
MAR,office,2016,7,2
MAR,office,2016,8,4
MAR,office,2016,9,3
MAR,office,2017,1,19
MAR,office,2017,10,5
MAR,office,2017,11,6
MAR,office,2017,12,4
MAR,office,2017,13,9
MAR,office,2017,14,32
MAR,office,2017,15,20
MAR,office,2017,16,58
MAR,office,2017,17,8
MAR,office,2017,18,9
MAR,office,2017,19,30
MAR,office,2017,2,8
MAR,office,2017,20,24
MAR,office,2017,21,10
MAR,office,2017,22,1
MAR,office,2017,23,10
MAR,office,2017,24,8
MAR,office,2017,25,21
MAR,office,2017,26,2
MAR,office,2017,27,6
MAR,office,2017,28,4
MAR,office,2017,29,21
MAR,office,2017,3,6
MAR,office,2017,30,22
MAR,office,2017,31,7
MAR,office,2017,32,16
MAR,office,2017,33,2
MAR,office,2017,34,11
MAR,office,2017,35,24
MAR,office,2017,4,18
MAR,office,2017,5,7
MAR,office,2017,6,5
MAR,office,2017,8,5
MAR,office,2017,9,1
MAR,office,2018,1,13
MAR,office,2018,10,13
MAR,office,2018,11,4
MAR,office,2018,12,11
MAR,office,2018,13,7
MAR,office,2018,14,76
MAR,office,2018,15,33
MAR,office,2018,16,102
MAR,office,2018,17,15
MAR,office,2018,18,6
MAR,office,2018,19,24
MAR,office,2018,2,3
MAR,office,2018,20,19
MAR,office,2018,21,7
MAR,office,2018,22,1
MAR,office,2018,23,9
MAR,office,2018,24,7
MAR,office,2018,25,14
MAR,office,2018,26,6
MAR,office,2018,27,11
MAR,office,2018,28,8
MAR,office,2018,29,7
MAR,office,2018,3,10
MAR,office,2018,30,18
MAR,office,2018,31,7
MAR,office,2018,32,14
MAR,office,2018,33,7
MAR,office,2018,34,10
MAR,office,2018,35,16
MAR,office,2018,4,6
MAR,office,2018,5,1
MAR,office,2018,6,7
MAR,office,2018,7,2
MAR,office,2018,8,5
MAR,office,2018,9,2
MAR,office,2019,1,19
MAR,office,2019,10,13
MAR,office,2019,11,7
MAR,office,2019,12,7
MAR,office,2019,13,15
MAR,office,2019,14,51
MAR,office,2019,15,30
MAR,office,2019,16,97
MAR,office,2019,17,5
MAR,office,2019,18,6
MAR,office,2019,19,26
MAR,office,2019,2,1
MAR,office,2019,20,18
MAR,office,2019,21,11
MAR,office,2019,23,8
MAR,office,2019,24,11
MAR,office,2019,25,12
MAR,office,2019,26,5
MAR,office,2019,27,14
MAR,office,2019,28,4
MAR,office,2019,29,18
MAR,office,2019,3,4
MAR,office,2019,30,16
MAR,office,2019,31,10
MAR,office,2019,32,6
MAR,office,2019,33,5
MAR,office,2019,34,6
MAR,office,2019,35,20
MAR,office,2019,4,13
MAR,office,2019,5,1
MAR,office,2019,6,7
MAR,office,2019,7,5
MAR,office,2019,8,5
MAR,office,2019,9,2
MAR,office,2020,1,28
MAR,office,2020,10,17
MAR,office,2020,11,2
MAR,office,2020,12,12
MAR,office,2020,13,16
MAR,office,2020,14,67
MAR,office,2020,15,46
MAR,office,2020,16,123
MAR,office,2020,17,3
MAR,office,2020,18,8
MAR,office,2020,19,31
MAR,office,2020,2,3
MAR,office,2020,20,35
MAR,office,2020,21,11
MAR,office,2020,23,18
MAR,office,2020,24,13
MAR,office,2020,25,11
MAR,office,2020,26,19
MAR,office,2020,27,9
MAR,office,2020,28,11
MAR,office,2020,29,15
MAR,office,2020,3,5
MAR,office,2020,30,17
MAR,office,2020,31,14
MAR,office,2020,32,22
MAR,office,2020,33,2
MAR,office,2020,34,11
MAR,office,2020,35,22
MAR,office,2020,4,18
MAR,office,2020,5,2
MAR,office,2020,6,5
MAR,office,2020,7,2
MAR,office,2020,8,5
MAR,office,2020,9,5
MAR,office,2021,1,24
MAR,office,2021,10,15
MAR,office,2021,11,9
MAR,office,2021,12,4
MAR,office,2021,13,15
MAR,office,2021,14,72
MAR,office,2021,15,58
MAR,office,2021,16,141
MAR,office,2021,17,4
MAR,office,2021,18,11
MAR,office,2021,19,39
MAR,office,2021,2,4
MAR,office,2021,20,43
MAR,office,2021,21,24
MAR,office,2021,23,15
MAR,office,2021,24,8
MAR,office,2021,25,18
MAR,office,2021,26,18
MAR,office,2021,27,11
MAR,office,2021,28,17
MAR,office,2021,29,28
MAR,office,2021,3,3
MAR,office,2021,30,20
MAR,office,2021,31,18
MAR,office,2021,32,34
MAR,office,2021,33,2
MAR,office,2021,34,10
MAR,office,2021,35,24
MAR,office,2021,4,11
MAR,office,2021,5,3
MAR,office,2021,6,17
MAR,office,2021,7,5
MAR,office,2021,8,4
MAR,office,2021,9,6
MAR,office,2022,1,33
MAR,office,2022,10,31
MAR,office,2022,11,4
MAR,office,2022,12,9
MAR,office,2022,13,34
MAR,office,2022,14,50
MAR,office,2022,15,36
MAR,office,2022,16,113
MAR,office,2022,17,8
MAR,office,2022,18,14
MAR,office,2022,19,28
MAR,office,2022,2,3
MAR,office,2022,20,24
MAR,office,2022,21,13
MAR,office,2022,23,21
MAR,office,2022,24,7
MAR,office,2022,25,12
MAR,office,2022,26,18
MAR,office,2022,27,6
MAR,office,2022,28,6
MAR,office,2022,29,18
MAR,office,2022,3,2
MAR,office,2022,30,11
MAR,office,2022,31,6
MAR,office,2022,32,27
MAR,office,2022,33,10
MAR,office,2022,34,15
MAR,office,2022,35,23
MAR,office,2022,4,9
MAR,office,2022,6,6
MAR,office,2022,7,3
MAR,office,2022,8,4
MAR,office,2022,9,4
MAR,origin,2015,10,1
MAR,origin,2015,13,1
MAR,origin,2015,16,5
MAR,origin,2015,23,2
MAR,origin,2015,27,2
MAR,origin,2015,29,2
MAR,origin,2015,31,1
MAR,origin,2015,32,1
MAR,origin,2015,33,1
MAR,origin,2015,35,2
MAR,origin,2015,6,1
MAR,origin,2015,8,1
MAR,origin,2016,1,5
MAR,origin,2016,10,3
MAR,origin,2016,12,7
MAR,origin,2016,13,3
MAR,origin,2016,14,3
MAR,origin,2016,15,6
MAR,origin,2016,16,14
MAR,origin,2016,17,2
MAR,origin,2016,18,2
MAR,origin,2016,19,4
MAR,origin,2016,2,1
MAR,origin,2016,20,8
MAR,origin,2016,21,4
MAR,origin,2016,23,5
MAR,origin,2016,24,5
MAR,origin,2016,25,3
MAR,origin,2016,27,8
MAR,origin,2016,28,1
MAR,origin,2016,29,8
MAR,origin,2016,3,2
MAR,origin,2016,31,3
MAR,origin,2016,32,4
MAR,origin,2016,34,2
MAR,origin,2016,35,3
MAR,origin,2016,4,1
MAR,origin,2016,6,1
MAR,origin,2016,7,2
MAR,origin,2016,8,1
MAR,origin,2016,9,1
MAR,origin,2017,1,3
MAR,origin,2017,10,1
MAR,origin,2017,11,2
MAR,origin,2017,12,2
MAR,origin,2017,13,2
MAR,origin,2017,14,2
MAR,origin,2017,15,4
MAR,origin,2017,16,12
MAR,origin,2017,17,3
MAR,origin,2017,18,3
MAR,origin,2017,19,4
MAR,origin,2017,2,1
MAR,origin,2017,20,6
MAR,origin,2017,21,1
MAR,origin,2017,22,1
MAR,origin,2017,23,5
MAR,origin,2017,24,4
MAR,origin,2017,25,2
MAR,origin,2017,28,1
MAR,origin,2017,29,8
MAR,origin,2017,3,1
MAR,origin,2017,30,3
MAR,origin,2017,31,2
MAR,origin,2017,32,1
MAR,origin,2017,33,2
MAR,origin,2017,34,4
MAR,origin,2017,35,7
MAR,origin,2017,4,2
MAR,origin,2017,5,2
MAR,origin,2018,1,4
MAR,origin,2018,10,10
MAR,origin,2018,11,1
MAR,origin,2018,12,8
MAR,origin,2018,13,2
MAR,origin,2018,14,1
MAR,origin,2018,15,7
MAR,origin,2018,16,5
MAR,origin,2018,17,3
MAR,origin,2018,18,3
MAR,origin,2018,19,5
MAR,origin,2018,2,1
MAR,origin,2018,20,5
MAR,origin,2018,21,3
MAR,origin,2018,22,1
MAR,origin,2018,23,6
MAR,origin,2018,24,7
MAR,origin,2018,25,2
MAR,origin,2018,26,1
MAR,origin,2018,27,2
MAR,origin,2018,28,2
MAR,origin,2018,29,1
MAR,origin,2018,3,5
MAR,origin,2018,30,4
MAR,origin,2018,32,6
MAR,origin,2018,33,3
MAR,origin,2018,34,4
MAR,origin,2018,35,5
MAR,origin,2018,4,1
MAR,origin,2018,5,1
MAR,origin,2018,6,5
MAR,origin,2018,7,1
MAR,origin,2018,8,2
MAR,origin,2018,9,1
MAR,origin,2019,1,8
MAR,origin,2019,10,7
MAR,origin,2019,11,1
MAR,origin,2019,12,6
MAR,origin,2019,13,7
MAR,origin,2019,15,3
MAR,origin,2019,16,5
MAR,origin,2019,17,2
MAR,origin,2019,19,7
MAR,origin,2019,2,1
MAR,origin,2019,20,4
MAR,origin,2019,21,1
MAR,origin,2019,23,3
MAR,origin,2019,24,5
MAR,origin,2019,25,2
MAR,origin,2019,26,1
MAR,origin,2019,27,6
MAR,origin,2019,28,2
MAR,origin,2019,29,6
MAR,origin,2019,3,1
MAR,origin,2019,30,2
MAR,origin,2019,32,4
MAR,origin,2019,33,2
MAR,origin,2019,34,3
MAR,origin,2019,35,8
MAR,origin,2019,4,1
MAR,origin,2019,6,4
MAR,origin,2019,7,2
MAR,origin,2019,8,2
MAR,origin,2020,1,10
MAR,origin,2020,10,7
MAR,origin,2020,12,5
MAR,origin,2020,13,3
MAR,origin,2020,14,6
MAR,origin,2020,15,2
MAR,origin,2020,16,10
MAR,origin,2020,17,1
MAR,origin,2020,18,1
MAR,origin,2020,19,7
MAR,origin,2020,20,15
MAR,origin,2020,21,1
MAR,origin,2020,23,5
MAR,origin,2020,24,3
MAR,origin,2020,25,1
MAR,origin,2020,26,3
MAR,origin,2020,27,5
MAR,origin,2020,28,1
MAR,origin,2020,29,2
MAR,origin,2020,3,1
MAR,origin,2020,30,3
MAR,origin,2020,31,3
MAR,origin,2020,32,3
MAR,origin,2020,33,1
MAR,origin,2020,34,3
MAR,origin,2020,35,8
MAR,origin,2020,4,4
MAR,origin,2020,5,1
MAR,origin,2020,7,1
MAR,origin,2020,8,1
MAR,origin,2021,1,7
MAR,origin,2021,10,6
MAR,origin,2021,11,1
MAR,origin,2021,12,2
MAR,origin,2021,13,8
MAR,origin,2021,14,2
MAR,origin,2021,15,3
MAR,origin,2021,16,3
MAR,origin,2021,18,2
MAR,origin,2021,19,10
MAR,origin,2021,2,1
MAR,origin,2021,20,10
MAR,origin,2021,23,6
MAR,origin,2021,24,2
MAR,origin,2021,25,5
MAR,origin,2021,26,3
MAR,origin,2021,27,6
MAR,origin,2021,28,2
MAR,origin,2021,29,6
MAR,origin,2021,3,2
MAR,origin,2021,30,4
MAR,origin,2021,31,2
MAR,origin,2021,32,3
MAR,origin,2021,34,5
MAR,origin,2021,35,9
MAR,origin,2021,4,1
MAR,origin,2021,5,1
MAR,origin,2021,6,7
MAR,origin,2021,7,5
MAR,origin,2022,1,10
MAR,origin,2022,10,13
MAR,origin,2022,11,1
MAR,origin,2022,12,6
MAR,origin,2022,13,26
MAR,origin,2022,15,3
MAR,origin,2022,16,7
MAR,origin,2022,17,3
MAR,origin,2022,18,3
MAR,origin,2022,19,9
MAR,origin,2022,2,2
MAR,origin,2022,20,12
MAR,origin,2022,21,3
MAR,origin,2022,23,10
MAR,origin,2022,24,4
MAR,origin,2022,25,3
MAR,origin,2022,26,1
MAR,origin,2022,27,3
MAR,origin,2022,28,2
MAR,origin,2022,29,6
MAR,origin,2022,3,1
MAR,origin,2022,30,1
MAR,origin,2022,31,1
MAR,origin,2022,32,6
MAR,origin,2022,33,4
MAR,origin,2022,34,12
MAR,origin,2022,35,3
MAR,origin,2022,4,3
MAR,origin,2022,6,4
MAR,origin,2022,7,2
MAR,origin,2022,8,1
MCO,office,2015,29,1
MCO,office,2015,32,3
MCO,office,2015,35,3
MCO,office,2015,4,1
MCO,office,2016,1,2
MCO,office,2016,12,1
MCO,office,2016,16,2
MCO,office,2016,32,4
MCO,office,2017,13,1
MCO,office,2017,14,1
MCO,office,2017,16,1
MCO,office,2017,2,1
MCO,office,2017,21,1
MCO,office,2017,32,1
MCO,office,2017,34,1
MCO,office,2017,35,2
MCO,office,2017,6,1
MCO,office,2018,1,3
MCO,office,2018,10,7
MCO,office,2018,13,1
MCO,office,2018,14,1
MCO,office,2018,15,1
MCO,office,2018,17,1
MCO,office,2018,19,1
MCO,office,2018,25,3
MCO,office,2018,32,2
MCO,office,2018,34,5
MCO,office,2018,6,2
MCO,office,2019,13,1
MCO,office,2019,14,1
MCO,office,2019,16,1
MCO,office,2019,31,1
MCO,office,2019,35,1
MCO,office,2020,1,1
MCO,office,2020,12,1
MCO,office,2020,14,1
MCO,office,2020,15,1
MCO,office,2020,16,1
MCO,office,2020,27,2
MCO,office,2020,28,1
MCO,office,2020,29,3
MCO,office,2020,31,1
MCO,office,2020,35,3
MCO,office,2020,7,2
MCO,office,2021,11,1
MCO,office,2021,13,1
MCO,office,2021,2,2
MCO,office,2021,21,2
MCO,office,2021,24,1
MCO,office,2021,27,1
MCO,office,2021,30,1
MCO,office,2022,11,1
MCO,office,2022,30,1
MCO,origin,2015,13,1
MCO,origin,2015,14,7
MCO,origin,2015,15,2
MCO,origin,2015,16,7
MCO,origin,2015,17,1
MCO,origin,2015,19,1
MCO,origin,2015,2,3
MCO,origin,2015,23,3
MCO,origin,2015,24,1
MCO,origin,2015,25,1
MCO,origin,2015,27,1
MCO,origin,2015,29,2
MCO,origin,2015,30,1
MCO,origin,2015,31,3
MCO,origin,2015,32,5
MCO,origin,2015,33,2
MCO,origin,2015,34,3
MCO,origin,2015,35,8
MCO,origin,2015,4,2
MCO,origin,2015,6,3
MCO,origin,2015,7,1
MCO,origin,2016,1,3
MCO,origin,2016,13,5
MCO,origin,2016,14,4
MCO,origin,2016,16,10
MCO,origin,2016,17,1
MCO,origin,2016,18,1
MCO,origin,2016,19,1
MCO,origin,2016,23,1
MCO,origin,2016,24,1
MCO,origin,2016,25,5
MCO,origin,2016,27,2
MCO,origin,2016,29,2
MCO,origin,2016,30,1
MCO,origin,2016,31,4
MCO,origin,2016,32,9
MCO,origin,2016,33,2
MCO,origin,2016,34,1
MCO,origin,2016,35,6
MCO,origin,2016,4,3
MCO,origin,2016,6,1
MCO,origin,2016,7,1
MCO,origin,2016,9,1
MCO,origin,2017,10,1
MCO,origin,2017,13,5
MCO,origin,2017,14,3
MCO,origin,2017,15,1
MCO,origin,2017,16,9
MCO,origin,2017,18,1
MCO,origin,2017,19,1
MCO,origin,2017,2,1
MCO,origin,2017,21,1
MCO,origin,2017,23,1
MCO,origin,2017,24,2
MCO,origin,2017,25,1
MCO,origin,2017,29,3
MCO,origin,2017,30,1
MCO,origin,2017,31,6
MCO,origin,2017,32,7
MCO,origin,2017,33,1
MCO,origin,2017,34,1
MCO,origin,2017,35,3
MCO,origin,2017,4,1
MCO,origin,2017,6,1
MCO,origin,2017,9,1
MCO,origin,2018,1,2
MCO,origin,2018,10,3
MCO,origin,2018,11,1
MCO,origin,2018,13,5
MCO,origin,2018,14,6
MCO,origin,2018,15,3
MCO,origin,2018,16,14
MCO,origin,2018,18,1
MCO,origin,2018,19,3
MCO,origin,2018,23,1
MCO,origin,2018,24,1
MCO,origin,2018,25,4
MCO,origin,2018,27,1
MCO,origin,2018,29,2
MCO,origin,2018,31,6
MCO,origin,2018,32,4
MCO,origin,2018,33,1
MCO,origin,2018,34,4
MCO,origin,2018,35,4
MCO,origin,2018,6,4
MCO,origin,2018,7,1
MCO,origin,2019,10,1
MCO,origin,2019,13,6
MCO,origin,2019,14,4
MCO,origin,2019,15,4
MCO,origin,2019,16,21
MCO,origin,2019,18,1
MCO,origin,2019,19,4
MCO,origin,2019,24,1
MCO,origin,2019,25,4
MCO,origin,2019,27,2
MCO,origin,2019,28,2
MCO,origin,2019,29,3
MCO,origin,2019,31,5
MCO,origin,2019,32,3
MCO,origin,2019,33,4
MCO,origin,2019,34,2
MCO,origin,2019,35,8
MCO,origin,2019,6,1
MCO,origin,2020,1,1
MCO,origin,2020,10,1
MCO,origin,2020,11,1
MCO,origin,2020,12,2
MCO,origin,2020,13,8
MCO,origin,2020,14,4
MCO,origin,2020,15,7
MCO,origin,2020,16,25
MCO,origin,2020,17,1
MCO,origin,2020,19,2
MCO,origin,2020,23,2
MCO,origin,2020,25,4
MCO,origin,2020,27,1
MCO,origin,2020,28,1
MCO,origin,2020,29,3
MCO,origin,2020,31,7
MCO,origin,2020,32,5
MCO,origin,2020,33,2
MCO,origin,2020,34,1
MCO,origin,2020,35,5
MCO,origin,2020,4,1
MCO,origin,2020,6,4
MCO,origin,2020,7,4
MCO,origin,2021,11,1
MCO,origin,2021,13,6
MCO,origin,2021,14,3
MCO,origin,2021,15,8
MCO,origin,2021,16,19
MCO,origin,2021,18,1
MCO,origin,2021,21,1
MCO,origin,2021,24,1
MCO,origin,2021,25,2
MCO,origin,2021,26,1
MCO,origin,2021,27,1
MCO,origin,2021,29,4
MCO,origin,2021,30,1
MCO,origin,2021,31,3
MCO,origin,2021,32,5
MCO,origin,2021,33,5
MCO,origin,2021,34,1
MCO,origin,2021,35,2
MCO,origin,2021,6,4
MCO,origin,2021,7,1
MCO,origin,2022,11,2
MCO,origin,2022,13,4
MCO,origin,2022,14,1
MCO,origin,2022,15,3
MCO,origin,2022,16,11
MCO,origin,2022,18,1
MCO,origin,2022,19,1
MCO,origin,2022,23,1
MCO,origin,2022,24,1
MCO,origin,2022,25,2
MCO,origin,2022,29,4
MCO,origin,2022,30,2
MCO,origin,2022,31,3
MCO,origin,2022,32,1
MCO,origin,2022,33,2
MCO,origin,2022,34,3
MCO,origin,2022,35,2
MCO,origin,2022,4,1
MCO,origin,2022,6,6
MCO,origin,2022,7,2
MDA,office,2015,1,8
MDA,office,2015,10,10
MDA,office,2015,11,3
MDA,office,2015,12,1
MDA,office,2015,13,30
MDA,office,2015,14,15
MDA,office,2015,15,16
MDA,office,2015,16,13
MDA,office,2015,17,1
MDA,office,2015,18,18
MDA,office,2015,19,5
MDA,office,2015,2,1
MDA,office,2015,20,4
MDA,office,2015,21,4
MDA,office,2015,22,3
MDA,office,2015,23,9
MDA,office,2015,24,4
MDA,office,2015,25,1
MDA,office,2015,26,3
MDA,office,2015,27,8
MDA,office,2015,29,19
MDA,office,2015,3,2
MDA,office,2015,30,5
MDA,office,2015,31,3
MDA,office,2015,32,4
MDA,office,2015,33,2
MDA,office,2015,34,2
MDA,office,2015,35,4
MDA,office,2015,4,1
MDA,office,2015,5,1
MDA,office,2015,6,2
MDA,office,2015,7,1
MDA,office,2015,8,4
MDA,office,2016,1,9
MDA,office,2016,10,5
MDA,office,2016,11,2
MDA,office,2016,12,2
MDA,office,2016,13,27
MDA,office,2016,14,10
MDA,office,2016,15,13
MDA,office,2016,16,21
MDA,office,2016,18,17
MDA,office,2016,19,7
MDA,office,2016,2,1
MDA,office,2016,20,3
MDA,office,2016,21,4
MDA,office,2016,22,3
MDA,office,2016,23,8
MDA,office,2016,24,3
MDA,office,2016,25,3
MDA,office,2016,26,3
MDA,office,2016,27,9
MDA,office,2016,29,22
MDA,office,2016,3,1
MDA,office,2016,30,4
MDA,office,2016,31,2
MDA,office,2016,32,4
MDA,office,2016,33,2
MDA,office,2016,34,2
MDA,office,2016,35,11
MDA,office,2016,6,1
MDA,office,2017,1,2
MDA,office,2017,10,8
MDA,office,2017,11,1
MDA,office,2017,12,2
MDA,office,2017,13,22
MDA,office,2017,14,20
MDA,office,2017,15,17
MDA,office,2017,16,31
MDA,office,2017,17,1
MDA,office,2017,18,13
MDA,office,2017,19,8
MDA,office,2017,2,1
MDA,office,2017,20,5
MDA,office,2017,21,3
MDA,office,2017,22,1
MDA,office,2017,23,5
MDA,office,2017,24,2
MDA,office,2017,25,5
MDA,office,2017,26,7
MDA,office,2017,27,10
MDA,office,2017,28,1
MDA,office,2017,29,19
MDA,office,2017,30,3
MDA,office,2017,31,4
MDA,office,2017,33,2
MDA,office,2017,34,2
MDA,office,2017,35,8
MDA,office,2017,6,4
MDA,office,2017,8,2
MDA,office,2018,1,1
MDA,office,2018,10,8
MDA,office,2018,11,3
MDA,office,2018,12,1
MDA,office,2018,13,13
MDA,office,2018,14,11
MDA,office,2018,15,16
MDA,office,2018,16,21
MDA,office,2018,18,12
MDA,office,2018,19,8
MDA,office,2018,2,1
MDA,office,2018,20,1
MDA,office,2018,21,4
MDA,office,2018,22,1
MDA,office,2018,23,5
MDA,office,2018,24,2
MDA,office,2018,25,3
MDA,office,2018,26,5
MDA,office,2018,27,3
MDA,office,2018,28,1
MDA,office,2018,29,15
MDA,office,2018,3,1
MDA,office,2018,30,1
MDA,office,2018,31,1
MDA,office,2018,32,1
MDA,office,2018,33,2
MDA,office,2018,35,4
MDA,office,2018,8,2
MDA,office,2018,9,1
MDA,office,2019,1,4
MDA,office,2019,10,5
MDA,office,2019,11,3
MDA,office,2019,12,3
MDA,office,2019,13,27
MDA,office,2019,14,23
MDA,office,2019,15,11
MDA,office,2019,16,36
MDA,office,2019,17,2
MDA,office,2019,18,21
MDA,office,2019,19,6
MDA,office,2019,20,4
MDA,office,2019,21,4
MDA,office,2019,22,1
MDA,office,2019,23,1
MDA,office,2019,24,1
MDA,office,2019,25,3
MDA,office,2019,26,2
MDA,office,2019,27,1
MDA,office,2019,29,5
MDA,office,2019,30,3
MDA,office,2019,31,1
MDA,office,2019,32,2
MDA,office,2019,33,2
MDA,office,2019,34,2
MDA,office,2019,35,6
MDA,office,2019,8,2
MDA,office,2020,1,3
MDA,office,2020,10,1
MDA,office,2020,11,6
MDA,office,2020,13,17
MDA,office,2020,14,13
MDA,office,2020,15,10
MDA,office,2020,16,20
MDA,office,2020,17,2
MDA,office,2020,18,11
MDA,office,2020,19,6
MDA,office,2020,20,4
MDA,office,2020,21,6
MDA,office,2020,22,2
MDA,office,2020,23,2
MDA,office,2020,24,3
MDA,office,2020,25,1
MDA,office,2020,26,5
MDA,office,2020,27,2
MDA,office,2020,29,9
MDA,office,2020,30,4
MDA,office,2020,31,1
MDA,office,2020,32,2
MDA,office,2020,34,2
MDA,office,2020,35,6
MDA,office,2020,5,1
MDA,office,2020,6,1
MDA,office,2020,8,1
MDA,office,2021,10,4
MDA,office,2021,11,2
MDA,office,2021,13,33
MDA,office,2021,14,9
MDA,office,2021,15,4
MDA,office,2021,16,26
MDA,office,2021,17,1
MDA,office,2021,18,18
MDA,office,2021,19,7
MDA,office,2021,2,1
MDA,office,2021,20,4
MDA,office,2021,21,3
MDA,office,2021,23,6
MDA,office,2021,24,3
MDA,office,2021,26,3
MDA,office,2021,27,5
MDA,office,2021,29,9
MDA,office,2021,30,1
MDA,office,2021,31,3
MDA,office,2021,32,1
MDA,office,2021,33,6
MDA,office,2021,34,1
MDA,office,2021,35,5
MDA,office,2021,8,2
MDA,office,2022,1,5
MDA,office,2022,10,1
MDA,office,2022,11,1
MDA,office,2022,13,12
MDA,office,2022,14,13
MDA,office,2022,15,4
MDA,office,2022,16,18
MDA,office,2022,17,1
MDA,office,2022,18,17
MDA,office,2022,19,7
MDA,office,2022,2,1
MDA,office,2022,20,2
MDA,office,2022,21,3
MDA,office,2022,22,3
MDA,office,2022,23,2
MDA,office,2022,24,1
MDA,office,2022,25,2
MDA,office,2022,26,2
MDA,office,2022,27,2
MDA,office,2022,29,16
MDA,office,2022,30,2
MDA,office,2022,31,3
MDA,office,2022,32,2
MDA,office,2022,33,3
MDA,office,2022,35,6
MDA,office,2022,8,3
MDA,origin,2015,1,8
MDA,origin,2015,10,11
MDA,origin,2015,11,3
MDA,origin,2015,13,29
MDA,origin,2015,14,10
MDA,origin,2015,15,14
MDA,origin,2015,16,9
MDA,origin,2015,18,17
MDA,origin,2015,19,5
MDA,origin,2015,2,1
MDA,origin,2015,20,5
MDA,origin,2015,21,4
MDA,origin,2015,22,3
MDA,origin,2015,23,8
MDA,origin,2015,24,4
MDA,origin,2015,25,1
MDA,origin,2015,26,3
MDA,origin,2015,27,8
MDA,origin,2015,29,19
MDA,origin,2015,3,3
MDA,origin,2015,30,5
MDA,origin,2015,31,3
MDA,origin,2015,32,4
MDA,origin,2015,33,2
MDA,origin,2015,34,1
MDA,origin,2015,35,4
MDA,origin,2015,4,2
MDA,origin,2015,5,1
MDA,origin,2015,6,2
MDA,origin,2015,7,1
MDA,origin,2015,8,4
MDA,origin,2016,1,9
MDA,origin,2016,10,4
MDA,origin,2016,11,2
MDA,origin,2016,12,2
MDA,origin,2016,13,27
MDA,origin,2016,14,3
MDA,origin,2016,15,12
MDA,origin,2016,16,13
MDA,origin,2016,18,15
MDA,origin,2016,19,5
MDA,origin,2016,2,2
MDA,origin,2016,20,3
MDA,origin,2016,21,3
MDA,origin,2016,22,2
MDA,origin,2016,23,7
MDA,origin,2016,24,2
MDA,origin,2016,25,1
MDA,origin,2016,26,3
MDA,origin,2016,27,10
MDA,origin,2016,29,20
MDA,origin,2016,3,3
MDA,origin,2016,30,4
MDA,origin,2016,31,2
MDA,origin,2016,32,4
MDA,origin,2016,33,2
MDA,origin,2016,34,2
MDA,origin,2016,35,12
MDA,origin,2016,4,2
MDA,origin,2016,6,2
MDA,origin,2017,1,2
MDA,origin,2017,10,9
MDA,origin,2017,11,2
MDA,origin,2017,12,2
MDA,origin,2017,13,20
MDA,origin,2017,14,8
MDA,origin,2017,15,15
MDA,origin,2017,16,18
MDA,origin,2017,17,1
MDA,origin,2017,18,12
MDA,origin,2017,19,5
MDA,origin,2017,2,1
MDA,origin,2017,20,6
MDA,origin,2017,21,4
MDA,origin,2017,22,1
MDA,origin,2017,23,5
MDA,origin,2017,24,3
MDA,origin,2017,25,3
MDA,origin,2017,26,8
MDA,origin,2017,27,10
MDA,origin,2017,28,1
MDA,origin,2017,29,18
MDA,origin,2017,30,2
MDA,origin,2017,31,4
MDA,origin,2017,32,1
MDA,origin,2017,33,2
MDA,origin,2017,34,2
MDA,origin,2017,35,8
MDA,origin,2017,4,1
MDA,origin,2017,6,4
MDA,origin,2017,8,2
MDA,origin,2018,1,2
MDA,origin,2018,10,8
MDA,origin,2018,11,3
MDA,origin,2018,12,1
MDA,origin,2018,13,13
MDA,origin,2018,14,3
MDA,origin,2018,15,13
MDA,origin,2018,16,5
MDA,origin,2018,18,12
MDA,origin,2018,19,3
MDA,origin,2018,2,1
MDA,origin,2018,20,1
MDA,origin,2018,21,3
MDA,origin,2018,22,1
MDA,origin,2018,23,6
MDA,origin,2018,24,2
MDA,origin,2018,25,2
MDA,origin,2018,26,4
MDA,origin,2018,27,3
MDA,origin,2018,29,14
MDA,origin,2018,3,1
MDA,origin,2018,30,2
MDA,origin,2018,31,1
MDA,origin,2018,33,3
MDA,origin,2018,35,2
MDA,origin,2018,8,2
MDA,origin,2018,9,1
MDA,origin,2019,1,4
MDA,origin,2019,10,4
MDA,origin,2019,11,3
MDA,origin,2019,12,3
MDA,origin,2019,13,26
MDA,origin,2019,14,13
MDA,origin,2019,15,9
MDA,origin,2019,16,22
MDA,origin,2019,17,1
MDA,origin,2019,18,21
MDA,origin,2019,19,6
MDA,origin,2019,20,4
MDA,origin,2019,21,4
MDA,origin,2019,22,1
MDA,origin,2019,23,1
MDA,origin,2019,24,1
MDA,origin,2019,25,4
MDA,origin,2019,26,1
MDA,origin,2019,27,2
MDA,origin,2019,29,5
MDA,origin,2019,30,3
MDA,origin,2019,32,1
MDA,origin,2019,33,3
MDA,origin,2019,34,1
MDA,origin,2019,35,6
MDA,origin,2019,8,2
MDA,origin,2019,9,1
MDA,origin,2020,1,2
MDA,origin,2020,10,2
MDA,origin,2020,11,6
MDA,origin,2020,13,17
MDA,origin,2020,14,10
MDA,origin,2020,15,7
MDA,origin,2020,16,13
MDA,origin,2020,17,2
MDA,origin,2020,18,10
MDA,origin,2020,19,5
MDA,origin,2020,2,1
MDA,origin,2020,20,4
MDA,origin,2020,21,6
MDA,origin,2020,22,2
MDA,origin,2020,23,2
MDA,origin,2020,24,2
MDA,origin,2020,25,1
MDA,origin,2020,26,5
MDA,origin,2020,27,3
MDA,origin,2020,29,9
MDA,origin,2020,30,4
MDA,origin,2020,31,1
MDA,origin,2020,32,2
MDA,origin,2020,34,1
MDA,origin,2020,35,8
MDA,origin,2020,4,2
MDA,origin,2020,5,1
MDA,origin,2020,7,1
MDA,origin,2020,8,1
MDA,origin,2021,10,4
MDA,origin,2021,11,2
MDA,origin,2021,13,34
MDA,origin,2021,14,7
MDA,origin,2021,15,3
MDA,origin,2021,16,21
MDA,origin,2021,17,1
MDA,origin,2021,18,18
MDA,origin,2021,19,6
MDA,origin,2021,2,2
MDA,origin,2021,20,4
MDA,origin,2021,21,3
MDA,origin,2021,23,6
MDA,origin,2021,24,3
MDA,origin,2021,26,3
MDA,origin,2021,27,5
MDA,origin,2021,29,8
MDA,origin,2021,3,1
MDA,origin,2021,30,1
MDA,origin,2021,31,3
MDA,origin,2021,32,1
MDA,origin,2021,33,1
MDA,origin,2021,34,1
MDA,origin,2021,35,10
MDA,origin,2021,4,1
MDA,origin,2021,8,2
MDA,origin,2022,1,4
MDA,origin,2022,10,2
MDA,origin,2022,11,1
MDA,origin,2022,13,12
MDA,origin,2022,14,9
MDA,origin,2022,15,4
MDA,origin,2022,16,12
MDA,origin,2022,17,1
MDA,origin,2022,18,17
MDA,origin,2022,19,6
MDA,origin,2022,2,2
MDA,origin,2022,20,2
MDA,origin,2022,21,4
MDA,origin,2022,22,3
MDA,origin,2022,23,2
MDA,origin,2022,24,1
MDA,origin,2022,25,2
MDA,origin,2022,26,2
MDA,origin,2022,27,2
MDA,origin,2022,29,12
MDA,origin,2022,30,2
MDA,origin,2022,31,3
MDA,origin,2022,32,2
MDA,origin,2022,33,3
MDA,origin,2022,35,5
MDA,origin,2022,4,1
MDA,origin,2022,8,3
MDG,origin,2017,0,2
MDG,origin,2017,20,1
MDG,origin,2018,27,1
MEX,office,2015,1,1
MEX,office,2015,10,1
MEX,office,2015,12,1
MEX,office,2015,13,5
MEX,office,2015,14,2
MEX,office,2015,15,3
MEX,office,2015,16,5
MEX,office,2015,17,3
MEX,office,2015,18,4
MEX,office,2015,19,4
MEX,office,2015,21,3
MEX,office,2015,23,4
MEX,office,2015,24,1
MEX,office,2015,25,1
MEX,office,2015,26,5
MEX,office,2015,28,1
MEX,office,2015,32,1
MEX,office,2015,34,1
MEX,office,2015,35,2
MEX,office,2015,4,4
MEX,office,2015,6,1
MEX,office,2015,7,1
MEX,office,2015,9,1
MEX,office,2016,0,8
MEX,office,2016,1,324
MEX,office,2016,10,309
MEX,office,2016,11,77
MEX,office,2016,12,100
MEX,office,2016,13,560
MEX,office,2016,14,572
MEX,office,2016,15,443
MEX,office,2016,16,914
MEX,office,2016,17,226
MEX,office,2016,18,252
MEX,office,2016,19,481
MEX,office,2016,2,302
MEX,office,2016,20,225
MEX,office,2016,21,139
MEX,office,2016,22,7
MEX,office,2016,23,266
MEX,office,2016,24,113
MEX,office,2016,25,397
MEX,office,2016,26,189
MEX,office,2016,27,175
MEX,office,2016,28,153
MEX,office,2016,29,276
MEX,office,2016,3,112
MEX,office,2016,30,106
MEX,office,2016,31,239
MEX,office,2016,32,245
MEX,office,2016,33,153
MEX,office,2016,34,154
MEX,office,2016,35,451
MEX,office,2016,4,260
MEX,office,2016,5,19
MEX,office,2016,6,290
MEX,office,2016,7,66
MEX,office,2016,8,47
MEX,office,2016,9,94
MEX,office,2017,0,6
MEX,office,2017,1,360
MEX,office,2017,10,304
MEX,office,2017,11,95
MEX,office,2017,12,124
MEX,office,2017,13,523
MEX,office,2017,14,589
MEX,office,2017,15,482
MEX,office,2017,16,867
MEX,office,2017,17,207
MEX,office,2017,18,240
MEX,office,2017,19,406
MEX,office,2017,2,212
MEX,office,2017,20,201
MEX,office,2017,21,153
MEX,office,2017,22,9
MEX,office,2017,23,208
MEX,office,2017,24,108
MEX,office,2017,25,354
MEX,office,2017,26,237
MEX,office,2017,27,154
MEX,office,2017,28,141
MEX,office,2017,29,240
MEX,office,2017,3,93
MEX,office,2017,30,112
MEX,office,2017,31,203
MEX,office,2017,32,337
MEX,office,2017,33,129
MEX,office,2017,34,154
MEX,office,2017,35,382
MEX,office,2017,4,330
MEX,office,2017,5,34
MEX,office,2017,6,396
MEX,office,2017,7,68
MEX,office,2017,8,31
MEX,office,2017,9,107
MEX,office,2018,1,342
MEX,office,2018,10,300
MEX,office,2018,11,90
MEX,office,2018,12,134
MEX,office,2018,13,479
MEX,office,2018,14,612
MEX,office,2018,15,502
MEX,office,2018,16,944
MEX,office,2018,17,160
MEX,office,2018,18,209
MEX,office,2018,19,475
MEX,office,2018,2,222
MEX,office,2018,20,223
MEX,office,2018,21,171
MEX,office,2018,22,10
MEX,office,2018,23,244
MEX,office,2018,24,94
MEX,office,2018,25,340
MEX,office,2018,26,213
MEX,office,2018,27,171
MEX,office,2018,28,107
MEX,office,2018,29,255
MEX,office,2018,3,153
MEX,office,2018,30,105
MEX,office,2018,31,227
MEX,office,2018,32,423
MEX,office,2018,33,131
MEX,office,2018,34,151
MEX,office,2018,35,451
MEX,office,2018,4,375
MEX,office,2018,5,30
MEX,office,2018,6,410
MEX,office,2018,7,63
MEX,office,2018,8,23
MEX,office,2018,9,81
MEX,office,2019,0,1
MEX,office,2019,1,289
MEX,office,2019,10,284
MEX,office,2019,11,81
MEX,office,2019,12,124
MEX,office,2019,13,462
MEX,office,2019,14,750
MEX,office,2019,15,452
MEX,office,2019,16,1110
MEX,office,2019,17,185
MEX,office,2019,18,231
MEX,office,2019,19,412
MEX,office,2019,2,166
MEX,office,2019,20,202
MEX,office,2019,21,140
MEX,office,2019,22,11
MEX,office,2019,23,220
MEX,office,2019,24,106
MEX,office,2019,25,287
MEX,office,2019,26,221
MEX,office,2019,27,142
MEX,office,2019,28,115
MEX,office,2019,29,232
MEX,office,2019,3,131
MEX,office,2019,30,91
MEX,office,2019,31,224
MEX,office,2019,32,390
MEX,office,2019,33,107
MEX,office,2019,34,145
MEX,office,2019,35,386
MEX,office,2019,4,343
MEX,office,2019,5,32
MEX,office,2019,6,258
MEX,office,2019,7,60
MEX,office,2019,8,30
MEX,office,2019,9,64
MEX,office,2020,1,20
MEX,office,2020,10,17
MEX,office,2020,11,7
MEX,office,2020,12,8
MEX,office,2020,13,33
MEX,office,2020,14,74
MEX,office,2020,15,40
MEX,office,2020,16,106
MEX,office,2020,17,15
MEX,office,2020,18,18
MEX,office,2020,19,37
MEX,office,2020,2,15
MEX,office,2020,20,17
MEX,office,2020,21,8
MEX,office,2020,23,22
MEX,office,2020,24,8
MEX,office,2020,25,28
MEX,office,2020,26,18
MEX,office,2020,27,12
MEX,office,2020,28,9
MEX,office,2020,29,29
MEX,office,2020,3,7
MEX,office,2020,30,7
MEX,office,2020,31,16
MEX,office,2020,32,20
MEX,office,2020,33,9
MEX,office,2020,34,10
MEX,office,2020,35,22
MEX,office,2020,4,29
MEX,office,2020,5,9
MEX,office,2020,6,21
MEX,office,2020,7,6
MEX,office,2020,9,9
MEX,office,2022,6,1
MEX,origin,2015,0,3
MEX,origin,2015,1,9
MEX,origin,2015,10,9
MEX,origin,2015,11,3
MEX,origin,2015,12,2
MEX,origin,2015,13,15
MEX,origin,2015,14,47
MEX,origin,2015,15,9
MEX,origin,2015,16,34
MEX,origin,2015,17,16
MEX,origin,2015,18,14
MEX,origin,2015,19,32
MEX,origin,2015,2,1
MEX,origin,2015,20,14
MEX,origin,2015,21,5
MEX,origin,2015,22,1
MEX,origin,2015,23,22
MEX,origin,2015,24,7
MEX,origin,2015,25,8
MEX,origin,2015,26,5
MEX,origin,2015,27,3
MEX,origin,2015,28,5
MEX,origin,2015,29,11
MEX,origin,2015,3,1
MEX,origin,2015,30,9
MEX,origin,2015,31,8
MEX,origin,2015,32,8
MEX,origin,2015,33,8
MEX,origin,2015,34,10
MEX,origin,2015,35,17
MEX,origin,2015,4,3
MEX,origin,2015,6,4
MEX,origin,2015,7,5
MEX,origin,2015,8,1
MEX,origin,2015,9,1
MEX,origin,2016,1,25
MEX,origin,2016,10,40
MEX,origin,2016,11,6
MEX,origin,2016,12,10
MEX,origin,2016,13,47
MEX,origin,2016,14,69
MEX,origin,2016,15,24
MEX,origin,2016,16,76
MEX,origin,2016,17,24
MEX,origin,2016,18,28
MEX,origin,2016,19,54
MEX,origin,2016,2,2
MEX,origin,2016,20,30
MEX,origin,2016,21,11
MEX,origin,2016,22,2
MEX,origin,2016,23,38
MEX,origin,2016,24,20
MEX,origin,2016,25,29
MEX,origin,2016,26,7
MEX,origin,2016,27,10
MEX,origin,2016,28,5
MEX,origin,2016,29,28
MEX,origin,2016,3,11
MEX,origin,2016,30,16
MEX,origin,2016,31,11
MEX,origin,2016,32,13
MEX,origin,2016,33,15
MEX,origin,2016,34,28
MEX,origin,2016,35,43
MEX,origin,2016,4,4
MEX,origin,2016,5,4
MEX,origin,2016,6,15
MEX,origin,2016,7,6
MEX,origin,2016,8,7
MEX,origin,2016,9,6
MEX,origin,2017,1,23
MEX,origin,2017,10,30
MEX,origin,2017,11,9
MEX,origin,2017,12,6
MEX,origin,2017,13,45
MEX,origin,2017,14,69
MEX,origin,2017,15,37
MEX,origin,2017,16,95
MEX,origin,2017,17,34
MEX,origin,2017,18,22
MEX,origin,2017,19,59
MEX,origin,2017,2,6
MEX,origin,2017,20,56
MEX,origin,2017,21,21
MEX,origin,2017,22,5
MEX,origin,2017,23,32
MEX,origin,2017,24,18
MEX,origin,2017,25,16
MEX,origin,2017,26,9
MEX,origin,2017,27,6
MEX,origin,2017,28,6
MEX,origin,2017,29,33
MEX,origin,2017,3,4
MEX,origin,2017,30,22
MEX,origin,2017,31,15
MEX,origin,2017,32,17
MEX,origin,2017,33,16
MEX,origin,2017,34,16
MEX,origin,2017,35,37
MEX,origin,2017,4,5
MEX,origin,2017,5,8
MEX,origin,2017,6,14
MEX,origin,2017,7,3
MEX,origin,2017,8,9
MEX,origin,2017,9,8
MEX,origin,2018,1,18
MEX,origin,2018,10,30
MEX,origin,2018,11,12
MEX,origin,2018,12,13
MEX,origin,2018,13,37
MEX,origin,2018,14,70
MEX,origin,2018,15,37
MEX,origin,2018,16,82
MEX,origin,2018,17,30
MEX,origin,2018,18,34
MEX,origin,2018,19,59
MEX,origin,2018,2,9
MEX,origin,2018,20,65
MEX,origin,2018,21,23
MEX,origin,2018,22,6
MEX,origin,2018,23,43
MEX,origin,2018,24,13
MEX,origin,2018,25,17
MEX,origin,2018,26,14
MEX,origin,2018,27,7
MEX,origin,2018,28,8
MEX,origin,2018,29,36
MEX,origin,2018,3,7
MEX,origin,2018,30,20
MEX,origin,2018,31,15
MEX,origin,2018,32,17
MEX,origin,2018,33,12
MEX,origin,2018,34,20
MEX,origin,2018,35,49
MEX,origin,2018,4,5
MEX,origin,2018,5,4
MEX,origin,2018,6,13
MEX,origin,2018,7,3
MEX,origin,2018,8,8
MEX,origin,2018,9,5
MEX,origin,2019,1,21
MEX,origin,2019,10,32
MEX,origin,2019,11,8
MEX,origin,2019,12,13
MEX,origin,2019,13,39
MEX,origin,2019,14,59
MEX,origin,2019,15,32
MEX,origin,2019,16,96
MEX,origin,2019,17,25
MEX,origin,2019,18,39
MEX,origin,2019,19,55
MEX,origin,2019,2,4
MEX,origin,2019,20,49
MEX,origin,2019,21,14
MEX,origin,2019,22,9
MEX,origin,2019,23,38
MEX,origin,2019,24,19
MEX,origin,2019,25,15
MEX,origin,2019,26,5
MEX,origin,2019,27,7
MEX,origin,2019,28,14
MEX,origin,2019,29,38
MEX,origin,2019,3,2
MEX,origin,2019,30,16
MEX,origin,2019,31,13
MEX,origin,2019,32,20
MEX,origin,2019,33,14
MEX,origin,2019,34,21
MEX,origin,2019,35,46
MEX,origin,2019,4,5
MEX,origin,2019,6,14
MEX,origin,2019,7,7
MEX,origin,2019,8,13
MEX,origin,2019,9,8
MEX,origin,2020,1,5
MEX,origin,2020,10,5
MEX,origin,2020,11,2
MEX,origin,2020,12,2
MEX,origin,2020,13,19
MEX,origin,2020,14,30
MEX,origin,2020,15,17
MEX,origin,2020,16,54
MEX,origin,2020,17,18
MEX,origin,2020,18,11
MEX,origin,2020,19,30
MEX,origin,2020,2,7
MEX,origin,2020,20,38
MEX,origin,2020,21,12
MEX,origin,2020,22,1
MEX,origin,2020,23,18
MEX,origin,2020,24,2
MEX,origin,2020,25,15
MEX,origin,2020,26,7
MEX,origin,2020,27,5
MEX,origin,2020,28,1
MEX,origin,2020,29,15
MEX,origin,2020,3,2
MEX,origin,2020,30,3
MEX,origin,2020,31,13
MEX,origin,2020,32,14
MEX,origin,2020,33,8
MEX,origin,2020,34,12
MEX,origin,2020,35,12
MEX,origin,2020,4,1
MEX,origin,2020,5,1
MEX,origin,2020,6,3
MEX,origin,2020,7,2
MEX,origin,2020,9,3
MEX,origin,2021,1,5
MEX,origin,2021,10,6
MEX,origin,2021,11,3
MEX,origin,2021,12,3
MEX,origin,2021,13,15
MEX,origin,2021,14,31
MEX,origin,2021,15,10
MEX,origin,2021,16,56
MEX,origin,2021,17,11
MEX,origin,2021,18,8
MEX,origin,2021,19,29
MEX,origin,2021,2,3
MEX,origin,2021,20,32
MEX,origin,2021,21,8
MEX,origin,2021,23,20
MEX,origin,2021,24,6
MEX,origin,2021,25,18
MEX,origin,2021,26,7
MEX,origin,2021,27,3
MEX,origin,2021,28,4
MEX,origin,2021,29,24
MEX,origin,2021,3,1
MEX,origin,2021,30,5
MEX,origin,2021,31,4
MEX,origin,2021,32,4
MEX,origin,2021,33,7
MEX,origin,2021,34,3
MEX,origin,2021,35,9
MEX,origin,2021,4,4
MEX,origin,2021,6,3
MEX,origin,2021,7,2
MEX,origin,2021,8,1
MEX,origin,2021,9,5
MEX,origin,2022,1,13
MEX,origin,2022,10,5
MEX,origin,2022,12,4
MEX,origin,2022,13,13
MEX,origin,2022,14,23
MEX,origin,2022,15,7
MEX,origin,2022,16,35
MEX,origin,2022,17,12
MEX,origin,2022,18,8
MEX,origin,2022,19,26
MEX,origin,2022,2,1
MEX,origin,2022,20,13
MEX,origin,2022,21,6
MEX,origin,2022,23,10
MEX,origin,2022,24,2
MEX,origin,2022,25,19
MEX,origin,2022,26,4
MEX,origin,2022,27,4
MEX,origin,2022,28,5
MEX,origin,2022,29,26
MEX,origin,2022,3,1
MEX,origin,2022,30,6
MEX,origin,2022,31,3
MEX,origin,2022,32,9
MEX,origin,2022,33,6
MEX,origin,2022,34,7
MEX,origin,2022,35,11
MEX,origin,2022,4,1
MEX,origin,2022,6,2
MEX,origin,2022,7,2
MEX,origin,2022,8,2
MEX,origin,2022,9,1
MHL,origin,2015,23,2
MHL,origin,2015,32,2
MHL,origin,2015,6,1
MHL,origin,2015,7,1
MHL,origin,2015,8,1
MHL,origin,2016,23,2
MHL,origin,2016,32,4
MHL,origin,2016,35,2
MHL,origin,2016,8,1
MHL,origin,2017,28,3
MHL,origin,2017,32,1
MHL,origin,2017,35,2
MHL,origin,2018,1,1
MHL,origin,2018,28,2
MHL,origin,2018,32,1
MHL,origin,2019,23,1
MHL,origin,2019,24,1
MHL,origin,2019,28,1
MHL,origin,2021,32,1
MKD,origin,2015,25,1
MKD,origin,2015,31,1
MKD,origin,2016,13,1
MKD,origin,2016,16,1
MKD,origin,2016,29,3
MKD,origin,2016,31,1
MKD,origin,2016,32,1
MKD,origin,2016,33,1
MKD,origin,2017,32,2
MKD,origin,2017,6,1
MKD,origin,2018,13,1
MKD,origin,2018,32,1
MKD,origin,2018,6,2
MKD,origin,2019,34,1
MKD,origin,2020,12,1
MKD,origin,2020,35,1
MKD,origin,2020,6,1
MKD,origin,2021,35,1
MKD,origin,2022,32,1
MKD,origin,2022,5,1
MKD,origin,2022,6,1
MLT,origin,2015,1,6
MLT,origin,2015,10,8
MLT,origin,2015,11,1
MLT,origin,2015,12,2
MLT,origin,2015,13,23
MLT,origin,2015,14,2
MLT,origin,2015,16,8
MLT,origin,2015,19,2
MLT,origin,2015,2,3
MLT,origin,2015,21,1
MLT,origin,2015,23,1
MLT,origin,2015,24,2
MLT,origin,2015,25,7
MLT,origin,2015,26,4
MLT,origin,2015,28,4
MLT,origin,2015,29,2
MLT,origin,2015,31,1
MLT,origin,2015,33,4
MLT,origin,2015,34,7
MLT,origin,2015,35,11
MLT,origin,2015,4,1
MLT,origin,2015,6,8
MLT,origin,2015,9,2
MLT,origin,2016,1,5
MLT,origin,2016,10,19
MLT,origin,2016,12,8
MLT,origin,2016,13,59
MLT,origin,2016,14,4
MLT,origin,2016,15,1
MLT,origin,2016,16,8
MLT,origin,2016,17,1
MLT,origin,2016,18,1
MLT,origin,2016,19,3
MLT,origin,2016,2,2
MLT,origin,2016,21,6
MLT,origin,2016,22,2
MLT,origin,2016,23,3
MLT,origin,2016,24,1
MLT,origin,2016,25,14
MLT,origin,2016,26,6
MLT,origin,2016,27,1
MLT,origin,2016,28,8
MLT,origin,2016,29,1
MLT,origin,2016,3,1
MLT,origin,2016,31,2
MLT,origin,2016,32,4
MLT,origin,2016,33,12
MLT,origin,2016,34,13
MLT,origin,2016,35,17
MLT,origin,2016,6,12
MLT,origin,2016,8,1
MLT,origin,2017,1,7
MLT,origin,2017,10,27
MLT,origin,2017,12,11
MLT,origin,2017,13,124
MLT,origin,2017,14,2
MLT,origin,2017,15,3
MLT,origin,2017,16,10
MLT,origin,2017,17,1
MLT,origin,2017,19,5
MLT,origin,2017,2,1
MLT,origin,2017,21,7
MLT,origin,2017,22,1
MLT,origin,2017,23,2
MLT,origin,2017,24,1
MLT,origin,2017,25,11
MLT,origin,2017,26,6
MLT,origin,2017,27,1
MLT,origin,2017,28,4
MLT,origin,2017,29,2
MLT,origin,2017,3,1
MLT,origin,2017,31,2
MLT,origin,2017,32,1
MLT,origin,2017,33,20
MLT,origin,2017,34,14
MLT,origin,2017,35,10
MLT,origin,2017,4,1
MLT,origin,2017,6,21
MLT,origin,2017,7,1
MLT,origin,2017,8,5
MLT,origin,2018,0,1
MLT,origin,2018,1,8
MLT,origin,2018,10,34
MLT,origin,2018,12,9
MLT,origin,2018,13,126
MLT,origin,2018,14,7
MLT,origin,2018,15,2
MLT,origin,2018,16,9
MLT,origin,2018,19,5
MLT,origin,2018,2,3
MLT,origin,2018,21,9
MLT,origin,2018,23,7
MLT,origin,2018,24,1
MLT,origin,2018,25,10
MLT,origin,2018,26,11
MLT,origin,2018,27,5
MLT,origin,2018,28,6
MLT,origin,2018,29,3
MLT,origin,2018,33,14
MLT,origin,2018,34,12
MLT,origin,2018,35,15
MLT,origin,2018,4,1
MLT,origin,2018,6,19
MLT,origin,2018,7,1
MLT,origin,2018,9,2
MLT,origin,2019,1,6
MLT,origin,2019,10,21
MLT,origin,2019,12,8
MLT,origin,2019,13,100
MLT,origin,2019,14,4
MLT,origin,2019,15,2
MLT,origin,2019,16,13
MLT,origin,2019,17,5
MLT,origin,2019,19,8
MLT,origin,2019,2,1
MLT,origin,2019,21,4
MLT,origin,2019,22,3
MLT,origin,2019,23,8
MLT,origin,2019,24,1
MLT,origin,2019,25,5
MLT,origin,2019,26,9
MLT,origin,2019,27,5
MLT,origin,2019,28,9
MLT,origin,2019,29,2
MLT,origin,2019,30,1
MLT,origin,2019,31,3
MLT,origin,2019,33,15
MLT,origin,2019,34,12
MLT,origin,2019,35,11
MLT,origin,2019,4,2
MLT,origin,2019,6,15
MLT,origin,2019,7,3
MLT,origin,2019,8,3
MLT,origin,2019,9,1
MLT,origin,2020,0,1
MLT,origin,2020,1,19
MLT,origin,2020,10,16
MLT,origin,2020,12,12
MLT,origin,2020,13,115
MLT,origin,2020,14,3
MLT,origin,2020,16,8
MLT,origin,2020,17,1
MLT,origin,2020,19,8
MLT,origin,2020,2,3
MLT,origin,2020,20,1
MLT,origin,2020,21,2
MLT,origin,2020,23,6
MLT,origin,2020,24,1
MLT,origin,2020,25,10
MLT,origin,2020,26,5
MLT,origin,2020,27,6
MLT,origin,2020,29,3
MLT,origin,2020,30,1
MLT,origin,2020,31,3
MLT,origin,2020,32,3
MLT,origin,2020,33,24
MLT,origin,2020,34,8
MLT,origin,2020,35,4
MLT,origin,2020,4,3
MLT,origin,2020,6,16
MLT,origin,2020,7,3
MLT,origin,2020,9,1
MLT,origin,2021,1,8
MLT,origin,2021,10,15
MLT,origin,2021,11,1
MLT,origin,2021,12,8
MLT,origin,2021,13,108
MLT,origin,2021,14,6
MLT,origin,2021,15,1
MLT,origin,2021,16,13
MLT,origin,2021,17,5
MLT,origin,2021,19,4
MLT,origin,2021,21,6
MLT,origin,2021,22,1
MLT,origin,2021,23,8
MLT,origin,2021,24,1
MLT,origin,2021,25,2
MLT,origin,2021,26,9
MLT,origin,2021,27,2
MLT,origin,2021,28,1
MLT,origin,2021,29,4
MLT,origin,2021,31,2
MLT,origin,2021,32,2
MLT,origin,2021,33,16
MLT,origin,2021,34,16
MLT,origin,2021,35,9
MLT,origin,2021,4,5
MLT,origin,2021,6,20
MLT,origin,2021,7,2
MLT,origin,2021,8,1
MLT,origin,2022,1,6
MLT,origin,2022,10,9
MLT,origin,2022,11,1
MLT,origin,2022,12,5
MLT,origin,2022,13,73
MLT,origin,2022,14,2
MLT,origin,2022,15,3
MLT,origin,2022,16,16
MLT,origin,2022,19,2
MLT,origin,2022,2,1
MLT,origin,2022,21,6
MLT,origin,2022,22,3
MLT,origin,2022,23,5
MLT,origin,2022,25,4
MLT,origin,2022,26,5
MLT,origin,2022,27,1
MLT,origin,2022,28,4
MLT,origin,2022,29,1
MLT,origin,2022,3,1
MLT,origin,2022,30,1
MLT,origin,2022,31,1
MLT,origin,2022,32,2
MLT,origin,2022,33,20
MLT,origin,2022,34,17
MLT,origin,2022,35,5
MLT,origin,2022,4,4
MLT,origin,2022,6,18
MLT,origin,2022,7,5
MLT,origin,2022,8,2
MMR,origin,2018,33,1
MNE,office,2015,0,1
MNE,office,2015,1,1
MNE,office,2015,13,1
MNE,office,2015,14,40
MNE,office,2015,15,13
MNE,office,2015,16,63
MNE,office,2015,18,1
MNE,office,2015,19,3
MNE,office,2015,20,1
MNE,office,2015,24,2
MNE,office,2015,27,2
MNE,office,2015,29,2
MNE,office,2015,3,1
MNE,office,2015,31,2
MNE,office,2015,33,2
MNE,office,2015,34,4
MNE,office,2015,35,3
MNE,office,2015,4,1
MNE,office,2016,1,2
MNE,office,2016,11,1
MNE,office,2016,12,1
MNE,office,2016,13,1
MNE,office,2016,14,76
MNE,office,2016,15,21
MNE,office,2016,16,101
MNE,office,2016,18,1
MNE,office,2016,19,8
MNE,office,2016,21,2
MNE,office,2016,25,2
MNE,office,2016,26,1
MNE,office,2016,27,2
MNE,office,2016,29,14
MNE,office,2016,31,3
MNE,office,2016,32,4
MNE,office,2016,34,1
MNE,office,2016,35,8
MNE,office,2017,0,1
MNE,office,2017,1,4
MNE,office,2017,10,1
MNE,office,2017,11,2
MNE,office,2017,12,1
MNE,office,2017,13,6
MNE,office,2017,14,79
MNE,office,2017,15,20
MNE,office,2017,16,118
MNE,office,2017,17,1
MNE,office,2017,18,2
MNE,office,2017,19,5
MNE,office,2017,20,2
MNE,office,2017,21,1
MNE,office,2017,22,1
MNE,office,2017,23,2
MNE,office,2017,24,3
MNE,office,2017,25,5
MNE,office,2017,27,8
MNE,office,2017,29,4
MNE,office,2017,30,2
MNE,office,2017,31,3
MNE,office,2017,32,2
MNE,office,2017,33,1
MNE,office,2017,34,3
MNE,office,2017,35,8
MNE,office,2017,6,1
MNE,office,2017,8,1
MNE,office,2018,1,1
MNE,office,2018,11,6
MNE,office,2018,12,2
MNE,office,2018,13,7
MNE,office,2018,14,78
MNE,office,2018,15,30
MNE,office,2018,16,116
MNE,office,2018,17,1
MNE,office,2018,18,5
MNE,office,2018,19,3
MNE,office,2018,20,1
MNE,office,2018,23,1
MNE,office,2018,24,1
MNE,office,2018,25,1
MNE,office,2018,29,6
MNE,office,2018,31,2
MNE,office,2018,32,3
MNE,office,2018,33,3
MNE,office,2018,34,2
MNE,office,2018,35,2
MNE,office,2018,5,1
MNE,office,2018,6,2
MNE,office,2019,1,4
MNE,office,2019,13,3
MNE,office,2019,14,36
MNE,office,2019,15,14
MNE,office,2019,16,49
MNE,office,2019,19,2
MNE,office,2019,24,1
MNE,office,2019,25,1
MNE,office,2019,26,1
MNE,office,2019,29,1
MNE,office,2019,32,1
MNE,office,2019,33,1
MNE,office,2019,34,1
MNE,office,2019,4,1
MNE,office,2019,5,2
MNE,office,2019,6,2
MNE,office,2020,11,5
MNE,office,2020,12,1
MNE,office,2020,13,5
MNE,office,2020,14,60
MNE,office,2020,15,39
MNE,office,2020,16,123
MNE,office,2020,17,3
MNE,office,2020,18,3
MNE,office,2020,19,3
MNE,office,2020,20,1
MNE,office,2020,23,3
MNE,office,2020,24,4
MNE,office,2020,25,1
MNE,office,2020,26,1
MNE,office,2020,27,1
MNE,office,2020,29,4
MNE,office,2020,31,3
MNE,office,2020,33,1
MNE,office,2020,35,6
MNE,office,2020,4,2
MNE,office,2020,6,1
MNE,office,2020,9,1
MNE,office,2021,14,28
MNE,office,2021,15,13
MNE,office,2021,16,58
MNE,office,2021,17,1
MNE,office,2021,18,5
MNE,office,2021,19,2
MNE,office,2021,27,1
MNE,office,2021,29,2
MNE,office,2021,6,2
MNE,origin,2015,1,1
MNE,origin,2015,16,1
MNE,origin,2016,1,1
MNE,origin,2016,16,1
MNE,origin,2016,29,8
MNE,origin,2016,35,2
MNE,origin,2017,1,2
MNE,origin,2017,10,1
MNE,origin,2017,13,1
MNE,origin,2017,27,2
MNE,origin,2017,29,1
MNE,origin,2017,35,1
MNE,origin,2018,14,1
MNE,origin,2018,16,1
MNE,origin,2018,29,1
MNE,origin,2018,34,1
MNE,origin,2018,5,1
MNE,origin,2019,1,2
MNE,origin,2019,32,1
MNE,origin,2019,34,1
MNE,origin,2019,5,1
MNE,origin,2020,1,1
MNE,origin,2020,19,1
MNE,origin,2020,24,1
MNE,origin,2021,5,1
MNE,origin,2022,1,1
MNG,origin,2015,1,11
MNG,origin,2015,15,1
MNG,origin,2015,16,1
MNG,origin,2015,23,1
MNG,origin,2015,24,1
MNG,origin,2015,29,2
MNG,origin,2015,31,1
MNG,origin,2015,35,1
MNG,origin,2017,20,2
MNG,origin,2017,24,1
MNG,origin,2017,25,1
MNG,origin,2017,29,1
MNG,origin,2017,6,1
MNG,origin,2019,16,1
MNG,origin,2019,18,1
MNG,origin,2020,30,1
MNG,origin,2021,33,1
MNG,origin,2022,23,1
MNG,origin,2022,24,1
MNG,origin,2022,6,1
MNG,origin,2022,7,1
MRT,origin,2018,14,1
MRT,origin,2018,16,1
MRT,origin,2019,14,1
MRT,origin,2019,16,1
MRT,origin,2019,4,1
MUS,origin,2015,1,10
MUS,origin,2015,13,2
MUS,origin,2015,14,1
MUS,origin,2015,15,1
MUS,origin,2015,18,1
MUS,origin,2015,23,1
MUS,origin,2015,26,1
MUS,origin,2015,3,6
MUS,origin,2015,33,1
MUS,origin,2015,4,19
MUS,origin,2015,7,2
MUS,origin,2015,8,1
MUS,origin,2016,1,7
MUS,origin,2016,10,1
MUS,origin,2016,11,2
MUS,origin,2016,12,1
MUS,origin,2016,13,1
MUS,origin,2016,14,1
MUS,origin,2016,15,2
MUS,origin,2016,16,2
MUS,origin,2016,2,2
MUS,origin,2016,20,2
MUS,origin,2016,29,2
MUS,origin,2016,3,3
MUS,origin,2016,4,26
MUS,origin,2016,6,2
MUS,origin,2017,1,1
MUS,origin,2017,13,4
MUS,origin,2017,15,1
MUS,origin,2017,16,1
MUS,origin,2017,17,2
MUS,origin,2017,2,1
MUS,origin,2017,20,3
MUS,origin,2017,21,1
MUS,origin,2017,28,1
MUS,origin,2017,29,1
MUS,origin,2017,3,2
MUS,origin,2017,4,10
MUS,origin,2017,6,1
MUS,origin,2017,7,1
MUS,origin,2018,1,2
MUS,origin,2018,12,1
MUS,origin,2018,13,4
MUS,origin,2018,14,1
MUS,origin,2018,15,1
MUS,origin,2018,16,3
MUS,origin,2018,19,1
MUS,origin,2018,20,2
MUS,origin,2018,24,2
MUS,origin,2018,25,1
MUS,origin,2018,29,6
MUS,origin,2018,3,2
MUS,origin,2018,32,1
MUS,origin,2018,4,10
MUS,origin,2018,6,2
MUS,origin,2018,7,2
MUS,origin,2019,1,1
MUS,origin,2019,12,2
MUS,origin,2019,13,6
MUS,origin,2019,14,1
MUS,origin,2019,16,2
MUS,origin,2019,17,2
MUS,origin,2019,20,2
MUS,origin,2019,25,1
MUS,origin,2019,29,6
MUS,origin,2019,3,3
MUS,origin,2019,4,6
MUS,origin,2019,5,1
MUS,origin,2019,6,1
MUS,origin,2020,1,2
MUS,origin,2020,10,3
MUS,origin,2020,12,2
MUS,origin,2020,13,4
MUS,origin,2020,16,2
MUS,origin,2020,17,1
MUS,origin,2020,19,1
MUS,origin,2020,2,2
MUS,origin,2020,20,5
MUS,origin,2020,25,5
MUS,origin,2020,29,4
MUS,origin,2020,3,1
MUS,origin,2020,32,1
MUS,origin,2020,35,1
MUS,origin,2020,4,6
MUS,origin,2020,6,3
MUS,origin,2020,7,4
MUS,origin,2021,11,1
MUS,origin,2021,12,1
MUS,origin,2021,13,5
MUS,origin,2021,15,2
MUS,origin,2021,16,1
MUS,origin,2021,17,1
MUS,origin,2021,20,4
MUS,origin,2021,24,2
MUS,origin,2021,25,5
MUS,origin,2021,29,3
MUS,origin,2021,32,1
MUS,origin,2021,35,1
MUS,origin,2021,4,1
MUS,origin,2021,6,2
MUS,origin,2022,13,6
MUS,origin,2022,15,1
MUS,origin,2022,16,4
MUS,origin,2022,19,1
MUS,origin,2022,20,1
MUS,origin,2022,21,1
MUS,origin,2022,24,1
MUS,origin,2022,27,1
MUS,origin,2022,34,1
MUS,origin,2022,4,3
MUS,origin,2022,6,2
MUS,origin,2022,7,3
MWI,origin,2015,32,1
MYS,office,2015,0,4
MYS,office,2015,1,118
MYS,office,2015,10,69
MYS,office,2015,11,14
MYS,office,2015,12,24
MYS,office,2015,13,112
MYS,office,2015,14,232
MYS,office,2015,15,74
MYS,office,2015,16,143
MYS,office,2015,17,77
MYS,office,2015,18,74
MYS,office,2015,19,183
MYS,office,2015,2,105
MYS,office,2015,20,76
MYS,office,2015,21,74
MYS,office,2015,22,3
MYS,office,2015,23,93
MYS,office,2015,24,53
MYS,office,2015,25,115
MYS,office,2015,26,71
MYS,office,2015,27,58
MYS,office,2015,28,39
MYS,office,2015,29,99
MYS,office,2015,3,78
MYS,office,2015,30,41
MYS,office,2015,31,68
MYS,office,2015,32,78
MYS,office,2015,33,68
MYS,office,2015,34,81
MYS,office,2015,35,167
MYS,office,2015,4,152
MYS,office,2015,5,11
MYS,office,2015,6,137
MYS,office,2015,7,24
MYS,office,2015,8,66
MYS,office,2015,9,42
MYS,office,2016,0,5
MYS,office,2016,1,120
MYS,office,2016,10,74
MYS,office,2016,11,13
MYS,office,2016,12,19
MYS,office,2016,13,90
MYS,office,2016,14,329
MYS,office,2016,15,115
MYS,office,2016,16,225
MYS,office,2016,17,161
MYS,office,2016,18,94
MYS,office,2016,19,320
MYS,office,2016,2,98
MYS,office,2016,20,115
MYS,office,2016,21,97
MYS,office,2016,22,3
MYS,office,2016,23,108
MYS,office,2016,24,64
MYS,office,2016,25,92
MYS,office,2016,26,73
MYS,office,2016,27,40
MYS,office,2016,28,33
MYS,office,2016,29,86
MYS,office,2016,3,63
MYS,office,2016,30,34
MYS,office,2016,31,71
MYS,office,2016,32,58
MYS,office,2016,33,56
MYS,office,2016,34,65
MYS,office,2016,35,177
MYS,office,2016,4,135
MYS,office,2016,5,11
MYS,office,2016,6,111
MYS,office,2016,7,22
MYS,office,2016,8,77
MYS,office,2016,9,34
MYS,office,2017,0,4
MYS,office,2017,1,153
MYS,office,2017,10,115
MYS,office,2017,11,15
MYS,office,2017,12,51
MYS,office,2017,13,194
MYS,office,2017,14,431
MYS,office,2017,15,203
MYS,office,2017,16,438
MYS,office,2017,17,206
MYS,office,2017,18,163
MYS,office,2017,19,429
MYS,office,2017,2,145
MYS,office,2017,20,168
MYS,office,2017,21,160
MYS,office,2017,22,6
MYS,office,2017,23,244
MYS,office,2017,24,103
MYS,office,2017,25,162
MYS,office,2017,26,114
MYS,office,2017,27,64
MYS,office,2017,28,64
MYS,office,2017,29,184
MYS,office,2017,3,76
MYS,office,2017,30,53
MYS,office,2017,31,118
MYS,office,2017,32,113
MYS,office,2017,33,69
MYS,office,2017,34,108
MYS,office,2017,35,259
MYS,office,2017,4,154
MYS,office,2017,5,20
MYS,office,2017,6,159
MYS,office,2017,7,26
MYS,office,2017,8,128
MYS,office,2017,9,51
MYS,office,2018,1,146
MYS,office,2018,10,104
MYS,office,2018,11,13
MYS,office,2018,12,47
MYS,office,2018,13,163
MYS,office,2018,14,175
MYS,office,2018,15,121
MYS,office,2018,16,202
MYS,office,2018,17,90
MYS,office,2018,18,85
MYS,office,2018,19,209
MYS,office,2018,2,202
MYS,office,2018,20,105
MYS,office,2018,21,107
MYS,office,2018,22,5
MYS,office,2018,23,149
MYS,office,2018,24,70
MYS,office,2018,25,147
MYS,office,2018,26,83
MYS,office,2018,27,100
MYS,office,2018,28,52
MYS,office,2018,29,141
MYS,office,2018,3,82
MYS,office,2018,30,72
MYS,office,2018,31,115
MYS,office,2018,32,136
MYS,office,2018,33,87
MYS,office,2018,34,119
MYS,office,2018,35,285
MYS,office,2018,4,170
MYS,office,2018,5,19
MYS,office,2018,6,155
MYS,office,2018,7,30
MYS,office,2018,8,101
MYS,office,2018,9,49
MYS,office,2019,0,2
MYS,office,2019,1,48
MYS,office,2019,10,37
MYS,office,2019,11,4
MYS,office,2019,12,8
MYS,office,2019,13,39
MYS,office,2019,14,45
MYS,office,2019,15,53
MYS,office,2019,16,80
MYS,office,2019,17,32
MYS,office,2019,18,93
MYS,office,2019,19,108
MYS,office,2019,2,40
MYS,office,2019,20,55
MYS,office,2019,21,24
MYS,office,2019,22,3
MYS,office,2019,23,47
MYS,office,2019,24,26
MYS,office,2019,25,25
MYS,office,2019,26,15
MYS,office,2019,27,11
MYS,office,2019,28,13
MYS,office,2019,29,46
MYS,office,2019,3,25
MYS,office,2019,30,16
MYS,office,2019,31,22
MYS,office,2019,32,41
MYS,office,2019,33,22
MYS,office,2019,34,48
MYS,office,2019,35,54
MYS,office,2019,4,62
MYS,office,2019,5,2
MYS,office,2019,6,35
MYS,office,2019,7,6
MYS,office,2019,8,34
MYS,office,2019,9,14
MYS,office,2020,1,64
MYS,office,2020,10,33
MYS,office,2020,11,3
MYS,office,2020,12,12
MYS,office,2020,13,53
MYS,office,2020,14,80
MYS,office,2020,15,47
MYS,office,2020,16,107
MYS,office,2020,17,36
MYS,office,2020,18,96
MYS,office,2020,19,106
MYS,office,2020,2,47
MYS,office,2020,20,57
MYS,office,2020,21,35
MYS,office,2020,22,1
MYS,office,2020,23,55
MYS,office,2020,24,19
MYS,office,2020,25,25
MYS,office,2020,26,24
MYS,office,2020,27,17
MYS,office,2020,28,15
MYS,office,2020,29,59
MYS,office,2020,3,32
MYS,office,2020,30,23
MYS,office,2020,31,24
MYS,office,2020,32,42
MYS,office,2020,33,21
MYS,office,2020,34,95
MYS,office,2020,35,46
MYS,office,2020,4,72
MYS,office,2020,5,2
MYS,office,2020,6,66
MYS,office,2020,7,10
MYS,office,2020,8,27
MYS,office,2020,9,15
MYS,office,2021,1,95
MYS,office,2021,10,99
MYS,office,2021,11,12
MYS,office,2021,12,36
MYS,office,2021,13,99
MYS,office,2021,14,125
MYS,office,2021,15,131
MYS,office,2021,16,187
MYS,office,2021,17,58
MYS,office,2021,18,82
MYS,office,2021,19,129
MYS,office,2021,2,72
MYS,office,2021,20,86
MYS,office,2021,21,54
MYS,office,2021,22,4
MYS,office,2021,23,97
MYS,office,2021,24,54
MYS,office,2021,25,85
MYS,office,2021,26,55
MYS,office,2021,27,48
MYS,office,2021,28,32
MYS,office,2021,29,103
MYS,office,2021,3,44
MYS,office,2021,30,49
MYS,office,2021,31,61
MYS,office,2021,32,80
MYS,office,2021,33,56
MYS,office,2021,34,108
MYS,office,2021,35,128
MYS,office,2021,4,109
MYS,office,2021,5,8
MYS,office,2021,6,127
MYS,office,2021,7,40
MYS,office,2021,8,65
MYS,office,2021,9,21
MYS,office,2022,0,1
MYS,office,2022,1,151
MYS,office,2022,10,158
MYS,office,2022,11,30
MYS,office,2022,12,77
MYS,office,2022,13,169
MYS,office,2022,14,254
MYS,office,2022,15,260
MYS,office,2022,16,368
MYS,office,2022,17,147
MYS,office,2022,18,94
MYS,office,2022,19,273
MYS,office,2022,2,114
MYS,office,2022,20,171
MYS,office,2022,21,128
MYS,office,2022,22,7
MYS,office,2022,23,194
MYS,office,2022,24,106
MYS,office,2022,25,173
MYS,office,2022,26,114
MYS,office,2022,27,96
MYS,office,2022,28,70
MYS,office,2022,29,203
MYS,office,2022,3,66
MYS,office,2022,30,92
MYS,office,2022,31,143
MYS,office,2022,32,167
MYS,office,2022,33,83
MYS,office,2022,34,140
MYS,office,2022,35,246
MYS,office,2022,4,158
MYS,office,2022,5,16
MYS,office,2022,6,190
MYS,office,2022,7,60
MYS,office,2022,8,132
MYS,office,2022,9,41
MYS,origin,2015,1,27
MYS,origin,2015,10,33
MYS,origin,2015,11,6
MYS,origin,2015,12,9
MYS,origin,2015,13,50
MYS,origin,2015,14,18
MYS,origin,2015,15,24
MYS,origin,2015,16,30
MYS,origin,2015,17,14
MYS,origin,2015,18,25
MYS,origin,2015,19,21
MYS,origin,2015,2,14
MYS,origin,2015,20,13
MYS,origin,2015,21,12
MYS,origin,2015,22,4
MYS,origin,2015,23,18
MYS,origin,2015,24,13
MYS,origin,2015,25,20
MYS,origin,2015,26,8
MYS,origin,2015,27,6
MYS,origin,2015,28,3
MYS,origin,2015,29,28
MYS,origin,2015,3,28
MYS,origin,2015,30,8
MYS,origin,2015,31,5
MYS,origin,2015,32,19
MYS,origin,2015,33,17
MYS,origin,2015,34,14
MYS,origin,2015,35,29
MYS,origin,2015,4,42
MYS,origin,2015,5,7
MYS,origin,2015,6,33
MYS,origin,2015,7,3
MYS,origin,2015,8,57
MYS,origin,2015,9,11
MYS,origin,2016,0,1
MYS,origin,2016,1,35
MYS,origin,2016,10,32
MYS,origin,2016,11,4
MYS,origin,2016,12,8
MYS,origin,2016,13,21
MYS,origin,2016,14,24
MYS,origin,2016,15,36
MYS,origin,2016,16,32
MYS,origin,2016,17,24
MYS,origin,2016,18,17
MYS,origin,2016,19,46
MYS,origin,2016,2,22
MYS,origin,2016,20,14
MYS,origin,2016,21,12
MYS,origin,2016,22,3
MYS,origin,2016,23,16
MYS,origin,2016,24,23
MYS,origin,2016,25,17
MYS,origin,2016,26,11
MYS,origin,2016,27,8
MYS,origin,2016,28,4
MYS,origin,2016,29,16
MYS,origin,2016,3,21
MYS,origin,2016,30,6
MYS,origin,2016,31,6
MYS,origin,2016,32,12
MYS,origin,2016,33,9
MYS,origin,2016,34,9
MYS,origin,2016,35,45
MYS,origin,2016,4,48
MYS,origin,2016,5,4
MYS,origin,2016,6,52
MYS,origin,2016,7,3
MYS,origin,2016,8,37
MYS,origin,2016,9,7
MYS,origin,2017,0,1
MYS,origin,2017,1,18
MYS,origin,2017,10,34
MYS,origin,2017,11,9
MYS,origin,2017,12,17
MYS,origin,2017,13,21
MYS,origin,2017,14,21
MYS,origin,2017,15,35
MYS,origin,2017,16,42
MYS,origin,2017,17,24
MYS,origin,2017,18,26
MYS,origin,2017,19,54
MYS,origin,2017,2,15
MYS,origin,2017,20,14
MYS,origin,2017,21,11
MYS,origin,2017,22,5
MYS,origin,2017,23,26
MYS,origin,2017,24,19
MYS,origin,2017,25,24
MYS,origin,2017,26,11
MYS,origin,2017,27,7
MYS,origin,2017,28,6
MYS,origin,2017,29,38
MYS,origin,2017,3,25
MYS,origin,2017,30,11
MYS,origin,2017,31,14
MYS,origin,2017,32,15
MYS,origin,2017,33,7
MYS,origin,2017,34,11
MYS,origin,2017,35,38
MYS,origin,2017,4,39
MYS,origin,2017,5,5
MYS,origin,2017,6,45
MYS,origin,2017,7,9
MYS,origin,2017,8,34
MYS,origin,2017,9,12
MYS,origin,2018,1,31
MYS,origin,2018,10,27
MYS,origin,2018,11,5
MYS,origin,2018,12,11
MYS,origin,2018,13,35
MYS,origin,2018,14,16
MYS,origin,2018,15,24
MYS,origin,2018,16,39
MYS,origin,2018,17,20
MYS,origin,2018,18,27
MYS,origin,2018,19,36
MYS,origin,2018,2,16
MYS,origin,2018,20,13
MYS,origin,2018,21,7
MYS,origin,2018,22,4
MYS,origin,2018,23,23
MYS,origin,2018,24,7
MYS,origin,2018,25,19
MYS,origin,2018,26,12
MYS,origin,2018,27,8
MYS,origin,2018,28,5
MYS,origin,2018,29,40
MYS,origin,2018,3,20
MYS,origin,2018,30,14
MYS,origin,2018,31,15
MYS,origin,2018,32,17
MYS,origin,2018,33,9
MYS,origin,2018,34,17
MYS,origin,2018,35,41
MYS,origin,2018,4,38
MYS,origin,2018,5,8
MYS,origin,2018,6,49
MYS,origin,2018,7,7
MYS,origin,2018,8,22
MYS,origin,2018,9,8
MYS,origin,2019,0,2
MYS,origin,2019,1,12
MYS,origin,2019,10,23
MYS,origin,2019,12,4
MYS,origin,2019,13,22
MYS,origin,2019,14,13
MYS,origin,2019,15,15
MYS,origin,2019,16,19
MYS,origin,2019,17,16
MYS,origin,2019,18,17
MYS,origin,2019,19,28
MYS,origin,2019,2,14
MYS,origin,2019,20,8
MYS,origin,2019,21,7
MYS,origin,2019,22,2
MYS,origin,2019,23,15
MYS,origin,2019,24,12
MYS,origin,2019,25,19
MYS,origin,2019,26,4
MYS,origin,2019,27,7
MYS,origin,2019,28,5
MYS,origin,2019,29,36
MYS,origin,2019,3,12
MYS,origin,2019,30,3
MYS,origin,2019,31,13
MYS,origin,2019,32,13
MYS,origin,2019,33,6
MYS,origin,2019,34,5
MYS,origin,2019,35,19
MYS,origin,2019,4,24
MYS,origin,2019,5,3
MYS,origin,2019,6,24
MYS,origin,2019,7,4
MYS,origin,2019,8,15
MYS,origin,2019,9,5
MYS,origin,2020,1,10
MYS,origin,2020,10,19
MYS,origin,2020,11,2
MYS,origin,2020,12,5
MYS,origin,2020,13,12
MYS,origin,2020,14,23
MYS,origin,2020,15,19
MYS,origin,2020,16,25
MYS,origin,2020,17,15
MYS,origin,2020,18,22
MYS,origin,2020,19,26
MYS,origin,2020,2,6
MYS,origin,2020,20,11
MYS,origin,2020,21,11
MYS,origin,2020,22,1
MYS,origin,2020,23,17
MYS,origin,2020,24,6
MYS,origin,2020,25,9
MYS,origin,2020,26,2
MYS,origin,2020,27,8
MYS,origin,2020,29,44
MYS,origin,2020,3,14
MYS,origin,2020,30,2
MYS,origin,2020,31,7
MYS,origin,2020,32,18
MYS,origin,2020,33,6
MYS,origin,2020,34,6
MYS,origin,2020,35,11
MYS,origin,2020,4,16
MYS,origin,2020,6,21
MYS,origin,2020,7,2
MYS,origin,2020,8,14
MYS,origin,2020,9,3
MYS,origin,2021,1,17
MYS,origin,2021,10,30
MYS,origin,2021,11,5
MYS,origin,2021,12,15
MYS,origin,2021,13,26
MYS,origin,2021,14,9
MYS,origin,2021,15,28
MYS,origin,2021,16,50
MYS,origin,2021,17,22
MYS,origin,2021,18,19
MYS,origin,2021,19,28
MYS,origin,2021,2,7
MYS,origin,2021,20,15
MYS,origin,2021,21,11
MYS,origin,2021,22,3
MYS,origin,2021,23,17
MYS,origin,2021,24,18
MYS,origin,2021,25,17
MYS,origin,2021,26,16
MYS,origin,2021,27,10
MYS,origin,2021,28,8
MYS,origin,2021,29,48
MYS,origin,2021,3,15
MYS,origin,2021,30,14
MYS,origin,2021,31,16
MYS,origin,2021,32,15
MYS,origin,2021,33,9
MYS,origin,2021,34,15
MYS,origin,2021,35,38
MYS,origin,2021,4,29
MYS,origin,2021,5,3
MYS,origin,2021,6,53
MYS,origin,2021,7,15
MYS,origin,2021,8,17
MYS,origin,2021,9,6
MYS,origin,2022,1,35
MYS,origin,2022,10,57
MYS,origin,2022,11,10
MYS,origin,2022,12,25
MYS,origin,2022,13,45
MYS,origin,2022,14,30
MYS,origin,2022,15,62
MYS,origin,2022,16,62
MYS,origin,2022,17,37
MYS,origin,2022,18,33
MYS,origin,2022,19,66
MYS,origin,2022,2,11
MYS,origin,2022,20,30
MYS,origin,2022,21,14
MYS,origin,2022,22,4
MYS,origin,2022,23,48
MYS,origin,2022,24,35
MYS,origin,2022,25,25
MYS,origin,2022,26,24
MYS,origin,2022,27,13
MYS,origin,2022,28,10
MYS,origin,2022,29,67
MYS,origin,2022,3,16
MYS,origin,2022,30,17
MYS,origin,2022,31,23
MYS,origin,2022,32,26
MYS,origin,2022,33,25
MYS,origin,2022,34,23
MYS,origin,2022,35,50
MYS,origin,2022,4,25
MYS,origin,2022,5,7
MYS,origin,2022,6,57
MYS,origin,2022,7,11
MYS,origin,2022,8,27
MYS,origin,2022,9,8
NAM,origin,2015,14,2
NAM,origin,2015,16,2
NAM,origin,2016,14,1
NAM,origin,2016,16,1
NAM,origin,2016,6,1
NAM,origin,2018,13,1
NAM,origin,2018,16,1
NAM,origin,2019,1,1
NAM,origin,2021,25,2
NAM,origin,2022,1,1
NAM,origin,2022,10,1
NAM,origin,2022,13,4
NAM,origin,2022,14,1
NAM,origin,2022,25,2
NER,origin,2015,12,1
NER,origin,2015,17,2
NER,origin,2015,27,1
NER,origin,2015,29,1
NER,origin,2016,13,1
NER,origin,2016,17,1
NER,origin,2016,27,1
NER,origin,2016,28,1
NER,origin,2016,31,1
NER,origin,2017,2,1
NER,origin,2017,29,2
NER,origin,2017,4,1
NER,origin,2017,6,1
NER,origin,2018,1,1
NER,origin,2018,14,1
NER,origin,2018,18,2
NER,origin,2019,18,1
NER,origin,2019,2,1
NER,origin,2019,29,1
NER,origin,2020,4,1
NER,origin,2020,6,1
NER,origin,2021,15,1
NER,origin,2021,4,1
NER,origin,2022,29,1
NGA,origin,2016,2,1
NGA,origin,2016,9,1
NGA,origin,2017,1,1
NGA,origin,2018,32,1
NGA,origin,2019,29,1
NGA,origin,2019,33,1
NGA,origin,2020,29,2
NGA,origin,2020,33,2
NGA,origin,2021,29,1
NGA,origin,2021,33,1
NGA,origin,2022,1,1
NGA,origin,2022,27,1
NGA,origin,2022,33,1
NGA,origin,2022,34,1
NGA,origin,2022,6,2
NIC,office,2015,1,2
NIC,office,2015,12,1
NIC,office,2015,13,2
NIC,office,2015,14,30
NIC,office,2015,15,6
NIC,office,2015,16,67
NIC,office,2015,18,5
NIC,office,2015,19,7
NIC,office,2015,23,2
NIC,office,2015,24,1
NIC,office,2015,25,1
NIC,office,2015,27,2
NIC,office,2015,28,1
NIC,office,2015,3,1
NIC,office,2015,30,1
NIC,office,2015,35,4
NIC,office,2015,4,2
NIC,office,2015,6,2
NIC,office,2015,7,1
NIC,office,2015,9,1
NIC,office,2016,11,1
NIC,office,2016,12,2
NIC,office,2016,13,2
NIC,office,2016,14,41
NIC,office,2016,15,5
NIC,office,2016,16,64
NIC,office,2016,18,5
NIC,office,2016,19,15
NIC,office,2016,2,3
NIC,office,2016,23,1
NIC,office,2016,24,3
NIC,office,2016,25,1
NIC,office,2016,29,2
NIC,office,2016,3,1
NIC,office,2016,31,1
NIC,office,2016,34,1
NIC,office,2016,35,2
NIC,office,2016,4,8
NIC,office,2016,5,1
NIC,office,2016,6,2
NIC,office,2016,7,3
NIC,office,2017,1,4
NIC,office,2017,10,1
NIC,office,2017,12,1
NIC,office,2017,13,8
NIC,office,2017,14,21
NIC,office,2017,15,15
NIC,office,2017,16,35
NIC,office,2017,18,1
NIC,office,2017,19,10
NIC,office,2017,20,2
NIC,office,2017,23,1
NIC,office,2017,25,4
NIC,office,2017,26,1
NIC,office,2017,28,1
NIC,office,2017,29,3
NIC,office,2017,31,1
NIC,office,2017,32,2
NIC,office,2017,33,3
NIC,office,2017,34,1
NIC,office,2017,35,3
NIC,office,2017,7,1
NIC,office,2018,13,1
NIC,office,2018,14,25
NIC,office,2018,15,14
NIC,office,2018,16,34
NIC,office,2018,18,3
NIC,office,2018,19,2
NIC,office,2018,20,1
NIC,office,2018,24,3
NIC,office,2018,25,2
NIC,office,2018,32,1
NIC,office,2018,35,2
NIC,office,2019,1,1
NIC,office,2019,11,1
NIC,office,2019,13,1
NIC,office,2019,14,22
NIC,office,2019,15,12
NIC,office,2019,16,44
NIC,office,2019,17,1
NIC,office,2019,18,6
NIC,office,2019,19,6
NIC,office,2019,20,2
NIC,office,2019,24,1
NIC,office,2019,25,1
NIC,office,2019,27,1
NIC,office,2019,29,2
NIC,office,2019,31,1
NIC,office,2019,34,1
NIC,office,2019,35,2
NIC,office,2019,4,2
NIC,office,2019,6,3
NIC,office,2020,12,1
NIC,office,2020,14,17
NIC,office,2020,15,7
NIC,office,2020,16,37
NIC,office,2020,17,4
NIC,office,2020,18,5
NIC,office,2020,19,10
NIC,office,2020,27,1
NIC,office,2020,28,1
NIC,office,2020,29,2
NIC,office,2020,32,2
NIC,office,2020,35,5
NIC,office,2020,4,1
NIC,office,2020,6,1
NIC,office,2020,7,1
NIC,office,2021,1,1
NIC,office,2021,12,1
NIC,office,2021,14,20
NIC,office,2021,15,12
NIC,office,2021,16,36
NIC,office,2021,18,3
NIC,office,2021,19,10
NIC,office,2021,23,1
NIC,office,2021,26,2
NIC,office,2021,27,2
NIC,office,2021,29,2
NIC,office,2021,33,3
NIC,office,2021,35,5
NIC,origin,2015,16,1
NIC,origin,2016,16,1
NIC,origin,2016,26,1
NIC,origin,2017,12,1
NIC,origin,2017,32,1
NIC,origin,2017,33,1
NIC,origin,2018,16,1
NIC,origin,2019,13,1
NIC,origin,2019,25,1
NIC,origin,2020,17,1
NIC,origin,2021,35,2
NLD,office,2015,1,65
NLD,office,2015,10,42
NLD,office,2015,11,5
NLD,office,2015,12,19
NLD,office,2015,13,55
NLD,office,2015,14,5
NLD,office,2015,15,15
NLD,office,2015,16,10
NLD,office,2015,17,8
NLD,office,2015,18,16
NLD,office,2015,19,18
NLD,office,2015,2,23
NLD,office,2015,20,6
NLD,office,2015,21,16
NLD,office,2015,22,1
NLD,office,2015,23,38
NLD,office,2015,24,34
NLD,office,2015,25,103
NLD,office,2015,26,31
NLD,office,2015,27,28
NLD,office,2015,28,14
NLD,office,2015,29,171
NLD,office,2015,3,3
NLD,office,2015,30,52
NLD,office,2015,31,60
NLD,office,2015,32,119
NLD,office,2015,33,57
NLD,office,2015,34,54
NLD,office,2015,35,208
NLD,office,2015,4,18
NLD,office,2015,5,7
NLD,office,2015,6,42
NLD,office,2015,7,21
NLD,office,2015,8,16
NLD,office,2015,9,29
NLD,office,2016,1,97
NLD,office,2016,10,63
NLD,office,2016,11,6
NLD,office,2016,12,20
NLD,office,2016,13,92
NLD,office,2016,14,8
NLD,office,2016,15,18
NLD,office,2016,16,14
NLD,office,2016,17,8
NLD,office,2016,18,17
NLD,office,2016,19,27
NLD,office,2016,2,24
NLD,office,2016,20,10
NLD,office,2016,21,23
NLD,office,2016,22,2
NLD,office,2016,23,54
NLD,office,2016,24,49
NLD,office,2016,25,150
NLD,office,2016,26,33
NLD,office,2016,27,41
NLD,office,2016,28,15
NLD,office,2016,29,266
NLD,office,2016,3,11
NLD,office,2016,30,57
NLD,office,2016,31,98
NLD,office,2016,32,144
NLD,office,2016,33,101
NLD,office,2016,34,59
NLD,office,2016,35,259
NLD,office,2016,4,19
NLD,office,2016,5,1
NLD,office,2016,6,45
NLD,office,2016,7,34
NLD,office,2016,8,36
NLD,office,2016,9,33
NLD,office,2017,1,94
NLD,office,2017,10,84
NLD,office,2017,11,16
NLD,office,2017,12,34
NLD,office,2017,13,109
NLD,office,2017,14,14
NLD,office,2017,15,16
NLD,office,2017,16,14
NLD,office,2017,17,15
NLD,office,2017,18,38
NLD,office,2017,19,30
NLD,office,2017,2,33
NLD,office,2017,20,12
NLD,office,2017,21,37
NLD,office,2017,22,2
NLD,office,2017,23,68
NLD,office,2017,24,53
NLD,office,2017,25,187
NLD,office,2017,26,41
NLD,office,2017,27,53
NLD,office,2017,28,19
NLD,office,2017,29,294
NLD,office,2017,3,12
NLD,office,2017,30,61
NLD,office,2017,31,96
NLD,office,2017,32,165
NLD,office,2017,33,135
NLD,office,2017,34,70
NLD,office,2017,35,306
NLD,office,2017,4,30
NLD,office,2017,5,7
NLD,office,2017,6,70
NLD,office,2017,7,38
NLD,office,2017,8,30
NLD,office,2017,9,43
NLD,office,2018,1,93
NLD,office,2018,10,70
NLD,office,2018,11,9
NLD,office,2018,12,28
NLD,office,2018,13,99
NLD,office,2018,14,8
NLD,office,2018,15,19
NLD,office,2018,16,24
NLD,office,2018,17,11
NLD,office,2018,18,25
NLD,office,2018,19,25
NLD,office,2018,2,28
NLD,office,2018,20,21
NLD,office,2018,21,25
NLD,office,2018,22,1
NLD,office,2018,23,57
NLD,office,2018,24,51
NLD,office,2018,25,169
NLD,office,2018,26,28
NLD,office,2018,27,39
NLD,office,2018,28,20
NLD,office,2018,29,229
NLD,office,2018,3,20
NLD,office,2018,30,33
NLD,office,2018,31,80
NLD,office,2018,32,170
NLD,office,2018,33,108
NLD,office,2018,34,82
NLD,office,2018,35,240
NLD,office,2018,4,17
NLD,office,2018,5,6
NLD,office,2018,6,41
NLD,office,2018,7,33
NLD,office,2018,8,34
NLD,office,2018,9,37
NLD,office,2019,1,121
NLD,office,2019,10,71
NLD,office,2019,11,11
NLD,office,2019,12,21
NLD,office,2019,13,115
NLD,office,2019,14,10
NLD,office,2019,15,17
NLD,office,2019,16,32
NLD,office,2019,17,12
NLD,office,2019,18,54
NLD,office,2019,19,27
NLD,office,2019,2,34
NLD,office,2019,20,27
NLD,office,2019,21,19
NLD,office,2019,22,5
NLD,office,2019,23,43
NLD,office,2019,24,37
NLD,office,2019,25,151
NLD,office,2019,26,41
NLD,office,2019,27,47
NLD,office,2019,28,26
NLD,office,2019,29,223
NLD,office,2019,3,21
NLD,office,2019,30,47
NLD,office,2019,31,70
NLD,office,2019,32,138
NLD,office,2019,33,85
NLD,office,2019,34,57
NLD,office,2019,35,213
NLD,office,2019,4,17
NLD,office,2019,5,4
NLD,office,2019,6,38
NLD,office,2019,7,23
NLD,office,2019,8,52
NLD,office,2019,9,46
NLD,office,2020,1,110
NLD,office,2020,10,83
NLD,office,2020,11,14
NLD,office,2020,12,25
NLD,office,2020,13,131
NLD,office,2020,14,12
NLD,office,2020,15,25
NLD,office,2020,16,24
NLD,office,2020,17,8
NLD,office,2020,18,32
NLD,office,2020,19,25
NLD,office,2020,2,17
NLD,office,2020,20,21
NLD,office,2020,21,29
NLD,office,2020,22,2
NLD,office,2020,23,55
NLD,office,2020,24,51
NLD,office,2020,25,138
NLD,office,2020,26,48
NLD,office,2020,27,34
NLD,office,2020,28,28
NLD,office,2020,29,228
NLD,office,2020,3,14
NLD,office,2020,30,50
NLD,office,2020,31,65
NLD,office,2020,32,146
NLD,office,2020,33,95
NLD,office,2020,34,49
NLD,office,2020,35,214
NLD,office,2020,4,16
NLD,office,2020,5,10
NLD,office,2020,6,41
NLD,office,2020,7,18
NLD,office,2020,8,23
NLD,office,2020,9,43
NLD,office,2021,1,124
NLD,office,2021,10,101
NLD,office,2021,11,20
NLD,office,2021,12,32
NLD,office,2021,13,143
NLD,office,2021,14,10
NLD,office,2021,15,44
NLD,office,2021,16,37
NLD,office,2021,17,7
NLD,office,2021,18,54
NLD,office,2021,19,55
NLD,office,2021,2,26
NLD,office,2021,20,22
NLD,office,2021,21,35
NLD,office,2021,22,4
NLD,office,2021,23,68
NLD,office,2021,24,56
NLD,office,2021,25,137
NLD,office,2021,26,46
NLD,office,2021,27,46
NLD,office,2021,28,30
NLD,office,2021,29,263
NLD,office,2021,3,28
NLD,office,2021,30,69
NLD,office,2021,31,72
NLD,office,2021,32,152
NLD,office,2021,33,77
NLD,office,2021,34,64
NLD,office,2021,35,256
NLD,office,2021,4,22
NLD,office,2021,5,13
NLD,office,2021,6,67
NLD,office,2021,7,40
NLD,office,2021,8,18
NLD,office,2021,9,42
NLD,office,2022,0,2
NLD,office,2022,1,117
NLD,office,2022,10,158
NLD,office,2022,11,28
NLD,office,2022,12,37
NLD,office,2022,13,156
NLD,office,2022,14,23
NLD,office,2022,15,79
NLD,office,2022,16,59
NLD,office,2022,17,26
NLD,office,2022,18,93
NLD,office,2022,19,65
NLD,office,2022,2,30
NLD,office,2022,20,41
NLD,office,2022,21,35
NLD,office,2022,22,1
NLD,office,2022,23,89
NLD,office,2022,24,93
NLD,office,2022,25,155
NLD,office,2022,26,54
NLD,office,2022,27,57
NLD,office,2022,28,31
NLD,office,2022,29,360
NLD,office,2022,3,16
NLD,office,2022,30,69
NLD,office,2022,31,78
NLD,office,2022,32,195
NLD,office,2022,33,110
NLD,office,2022,34,69
NLD,office,2022,35,239
NLD,office,2022,4,24
NLD,office,2022,5,10
NLD,office,2022,6,121
NLD,office,2022,7,37
NLD,office,2022,8,30
NLD,office,2022,9,41
NLD,origin,2015,0,10
NLD,origin,2015,1,1067
NLD,origin,2015,10,709
NLD,origin,2015,11,103
NLD,origin,2015,12,149
NLD,origin,2015,13,1352
NLD,origin,2015,14,468
NLD,origin,2015,15,454
NLD,origin,2015,16,360
NLD,origin,2015,17,379
NLD,origin,2015,18,404
NLD,origin,2015,19,575
NLD,origin,2015,2,638
NLD,origin,2015,20,125
NLD,origin,2015,21,176
NLD,origin,2015,22,33
NLD,origin,2015,23,362
NLD,origin,2015,24,235
NLD,origin,2015,25,352
NLD,origin,2015,26,148
NLD,origin,2015,27,139
NLD,origin,2015,28,177
NLD,origin,2015,29,628
NLD,origin,2015,3,272
NLD,origin,2015,30,129
NLD,origin,2015,31,228
NLD,origin,2015,32,328
NLD,origin,2015,33,372
NLD,origin,2015,34,189
NLD,origin,2015,35,614
NLD,origin,2015,4,449
NLD,origin,2015,5,184
NLD,origin,2015,6,833
NLD,origin,2015,7,65
NLD,origin,2015,8,552
NLD,origin,2015,9,725
NLD,origin,2016,0,6
NLD,origin,2016,1,1401
NLD,origin,2016,10,843
NLD,origin,2016,11,96
NLD,origin,2016,12,180
NLD,origin,2016,13,1594
NLD,origin,2016,14,585
NLD,origin,2016,15,479
NLD,origin,2016,16,436
NLD,origin,2016,17,446
NLD,origin,2016,18,535
NLD,origin,2016,19,687
NLD,origin,2016,2,647
NLD,origin,2016,20,152
NLD,origin,2016,21,190
NLD,origin,2016,22,40
NLD,origin,2016,23,428
NLD,origin,2016,24,286
NLD,origin,2016,25,497
NLD,origin,2016,26,153
NLD,origin,2016,27,172
NLD,origin,2016,28,210
NLD,origin,2016,29,758
NLD,origin,2016,3,306
NLD,origin,2016,30,159
NLD,origin,2016,31,310
NLD,origin,2016,32,430
NLD,origin,2016,33,494
NLD,origin,2016,34,260
NLD,origin,2016,35,800
NLD,origin,2016,4,549
NLD,origin,2016,5,190
NLD,origin,2016,6,948
NLD,origin,2016,7,79
NLD,origin,2016,8,705
NLD,origin,2016,9,710
NLD,origin,2017,0,5
NLD,origin,2017,1,1635
NLD,origin,2017,10,889
NLD,origin,2017,11,121
NLD,origin,2017,12,233
NLD,origin,2017,13,1938
NLD,origin,2017,14,566
NLD,origin,2017,15,482
NLD,origin,2017,16,461
NLD,origin,2017,17,456
NLD,origin,2017,18,506
NLD,origin,2017,19,640
NLD,origin,2017,2,553
NLD,origin,2017,20,143
NLD,origin,2017,21,247
NLD,origin,2017,22,36
NLD,origin,2017,23,455
NLD,origin,2017,24,319
NLD,origin,2017,25,567
NLD,origin,2017,26,193
NLD,origin,2017,27,176
NLD,origin,2017,28,221
NLD,origin,2017,29,880
NLD,origin,2017,3,299
NLD,origin,2017,30,152
NLD,origin,2017,31,314
NLD,origin,2017,32,461
NLD,origin,2017,33,503
NLD,origin,2017,34,324
NLD,origin,2017,35,769
NLD,origin,2017,4,494
NLD,origin,2017,5,176
NLD,origin,2017,6,1074
NLD,origin,2017,7,97
NLD,origin,2017,8,606
NLD,origin,2017,9,715
NLD,origin,2018,0,5
NLD,origin,2018,1,1580
NLD,origin,2018,10,828
NLD,origin,2018,11,108
NLD,origin,2018,12,224
NLD,origin,2018,13,1838
NLD,origin,2018,14,549
NLD,origin,2018,15,479
NLD,origin,2018,16,438
NLD,origin,2018,17,488
NLD,origin,2018,18,475
NLD,origin,2018,19,659
NLD,origin,2018,2,443
NLD,origin,2018,20,163
NLD,origin,2018,21,222
NLD,origin,2018,22,26
NLD,origin,2018,23,414
NLD,origin,2018,24,254
NLD,origin,2018,25,523
NLD,origin,2018,26,204
NLD,origin,2018,27,172
NLD,origin,2018,28,289
NLD,origin,2018,29,901
NLD,origin,2018,3,320
NLD,origin,2018,30,149
NLD,origin,2018,31,284
NLD,origin,2018,32,461
NLD,origin,2018,33,438
NLD,origin,2018,34,418
NLD,origin,2018,35,683
NLD,origin,2018,4,533
NLD,origin,2018,5,175
NLD,origin,2018,6,1176
NLD,origin,2018,7,90
NLD,origin,2018,8,622
NLD,origin,2018,9,766
NLD,origin,2019,0,4
NLD,origin,2019,1,1507
NLD,origin,2019,10,1022
NLD,origin,2019,11,100
NLD,origin,2019,12,238
NLD,origin,2019,13,2097
NLD,origin,2019,14,598
NLD,origin,2019,15,480
NLD,origin,2019,16,502
NLD,origin,2019,17,525
NLD,origin,2019,18,507
NLD,origin,2019,19,681
NLD,origin,2019,2,449
NLD,origin,2019,20,141
NLD,origin,2019,21,249
NLD,origin,2019,22,29
NLD,origin,2019,23,468
NLD,origin,2019,24,298
NLD,origin,2019,25,547
NLD,origin,2019,26,232
NLD,origin,2019,27,181
NLD,origin,2019,28,275
NLD,origin,2019,29,865
NLD,origin,2019,3,315
NLD,origin,2019,30,215
NLD,origin,2019,31,304
NLD,origin,2019,32,465
NLD,origin,2019,33,400
NLD,origin,2019,34,413
NLD,origin,2019,35,597
NLD,origin,2019,4,583
NLD,origin,2019,5,175
NLD,origin,2019,6,1173
NLD,origin,2019,7,75
NLD,origin,2019,8,641
NLD,origin,2019,9,858
NLD,origin,2020,0,2
NLD,origin,2020,1,1386
NLD,origin,2020,10,1027
NLD,origin,2020,11,101
NLD,origin,2020,12,216
NLD,origin,2020,13,1997
NLD,origin,2020,14,579
NLD,origin,2020,15,487
NLD,origin,2020,16,472
NLD,origin,2020,17,526
NLD,origin,2020,18,473
NLD,origin,2020,19,615
NLD,origin,2020,2,357
NLD,origin,2020,20,116
NLD,origin,2020,21,260
NLD,origin,2020,22,20
NLD,origin,2020,23,468
NLD,origin,2020,24,253
NLD,origin,2020,25,529
NLD,origin,2020,26,215
NLD,origin,2020,27,180
NLD,origin,2020,28,272
NLD,origin,2020,29,885
NLD,origin,2020,3,257
NLD,origin,2020,30,169
NLD,origin,2020,31,272
NLD,origin,2020,32,469
NLD,origin,2020,33,387
NLD,origin,2020,34,382
NLD,origin,2020,35,599
NLD,origin,2020,4,558
NLD,origin,2020,5,202
NLD,origin,2020,6,1002
NLD,origin,2020,7,66
NLD,origin,2020,8,606
NLD,origin,2020,9,871
NLD,origin,2021,0,2
NLD,origin,2021,1,1133
NLD,origin,2021,10,959
NLD,origin,2021,11,83
NLD,origin,2021,12,216
NLD,origin,2021,13,1842
NLD,origin,2021,14,550
NLD,origin,2021,15,507
NLD,origin,2021,16,491
NLD,origin,2021,17,456
NLD,origin,2021,18,396
NLD,origin,2021,19,662
NLD,origin,2021,2,330
NLD,origin,2021,20,109
NLD,origin,2021,21,256
NLD,origin,2021,22,22
NLD,origin,2021,23,415
NLD,origin,2021,24,205
NLD,origin,2021,25,520
NLD,origin,2021,26,232
NLD,origin,2021,27,152
NLD,origin,2021,28,211
NLD,origin,2021,29,914
NLD,origin,2021,3,242
NLD,origin,2021,30,144
NLD,origin,2021,31,225
NLD,origin,2021,32,393
NLD,origin,2021,33,314
NLD,origin,2021,34,440
NLD,origin,2021,35,526
NLD,origin,2021,4,464
NLD,origin,2021,5,165
NLD,origin,2021,6,1024
NLD,origin,2021,7,61
NLD,origin,2021,8,514
NLD,origin,2021,9,900
NLD,origin,2022,0,1
NLD,origin,2022,1,1091
NLD,origin,2022,10,898
NLD,origin,2022,11,75
NLD,origin,2022,12,206
NLD,origin,2022,13,1771
NLD,origin,2022,14,478
NLD,origin,2022,15,432
NLD,origin,2022,16,384
NLD,origin,2022,17,368
NLD,origin,2022,18,441
NLD,origin,2022,19,623
NLD,origin,2022,2,319
NLD,origin,2022,20,127
NLD,origin,2022,21,254
NLD,origin,2022,22,12
NLD,origin,2022,23,373
NLD,origin,2022,24,209
NLD,origin,2022,25,445
NLD,origin,2022,26,219
NLD,origin,2022,27,131
NLD,origin,2022,28,192
NLD,origin,2022,29,867
NLD,origin,2022,3,193
NLD,origin,2022,30,148
NLD,origin,2022,31,232
NLD,origin,2022,32,425
NLD,origin,2022,33,357
NLD,origin,2022,34,373
NLD,origin,2022,35,490
NLD,origin,2022,4,424
NLD,origin,2022,5,131
NLD,origin,2022,6,885
NLD,origin,2022,7,50
NLD,origin,2022,8,479
NLD,origin,2022,9,776
NOR,office,2015,0,27
NOR,office,2015,1,37
NOR,office,2015,10,187
NOR,office,2015,11,10
NOR,office,2015,12,19
NOR,office,2015,13,41
NOR,office,2015,14,47
NOR,office,2015,15,25
NOR,office,2015,16,100
NOR,office,2015,17,9
NOR,office,2015,18,11
NOR,office,2015,19,35
NOR,office,2015,2,16
NOR,office,2015,20,27
NOR,office,2015,21,18
NOR,office,2015,23,49
NOR,office,2015,24,24
NOR,office,2015,25,28
NOR,office,2015,26,21
NOR,office,2015,27,28
NOR,office,2015,28,8
NOR,office,2015,29,45
NOR,office,2015,3,28
NOR,office,2015,30,15
NOR,office,2015,31,96
NOR,office,2015,32,114
NOR,office,2015,33,27
NOR,office,2015,34,11
NOR,office,2015,35,333
NOR,office,2015,4,27
NOR,office,2015,5,2
NOR,office,2015,6,28
NOR,office,2015,7,5
NOR,office,2015,8,4
NOR,office,2015,9,10
NOR,office,2016,0,30
NOR,office,2016,1,75
NOR,office,2016,10,260
NOR,office,2016,11,20
NOR,office,2016,12,35
NOR,office,2016,13,57
NOR,office,2016,14,111
NOR,office,2016,15,42
NOR,office,2016,16,197
NOR,office,2016,17,30
NOR,office,2016,18,22
NOR,office,2016,19,83
NOR,office,2016,2,21
NOR,office,2016,20,53
NOR,office,2016,21,29
NOR,office,2016,22,2
NOR,office,2016,23,73
NOR,office,2016,24,40
NOR,office,2016,25,67
NOR,office,2016,26,42
NOR,office,2016,27,103
NOR,office,2016,28,23
NOR,office,2016,29,105
NOR,office,2016,3,48
NOR,office,2016,30,27
NOR,office,2016,31,147
NOR,office,2016,32,157
NOR,office,2016,33,63
NOR,office,2016,34,30
NOR,office,2016,35,469
NOR,office,2016,4,45
NOR,office,2016,5,8
NOR,office,2016,6,71
NOR,office,2016,7,4
NOR,office,2016,8,4
NOR,office,2016,9,12
NOR,office,2017,0,9
NOR,office,2017,1,51
NOR,office,2017,10,167
NOR,office,2017,11,11
NOR,office,2017,12,22
NOR,office,2017,13,44
NOR,office,2017,14,119
NOR,office,2017,15,47
NOR,office,2017,16,185
NOR,office,2017,17,13
NOR,office,2017,18,20
NOR,office,2017,19,77
NOR,office,2017,2,25
NOR,office,2017,20,64
NOR,office,2017,21,31
NOR,office,2017,22,4
NOR,office,2017,23,72
NOR,office,2017,24,42
NOR,office,2017,25,53
NOR,office,2017,26,36
NOR,office,2017,27,64
NOR,office,2017,28,24
NOR,office,2017,29,76
NOR,office,2017,3,34
NOR,office,2017,30,28
NOR,office,2017,31,153
NOR,office,2017,32,80
NOR,office,2017,33,38
NOR,office,2017,34,23
NOR,office,2017,35,476
NOR,office,2017,4,38
NOR,office,2017,5,11
NOR,office,2017,6,51
NOR,office,2017,7,2
NOR,office,2017,8,4
NOR,office,2017,9,14
NOR,office,2018,0,4
NOR,office,2018,1,63
NOR,office,2018,10,164
NOR,office,2018,11,11
NOR,office,2018,12,19
NOR,office,2018,13,34
NOR,office,2018,14,87
NOR,office,2018,15,60
NOR,office,2018,16,196
NOR,office,2018,17,5
NOR,office,2018,18,48
NOR,office,2018,19,65
NOR,office,2018,2,28
NOR,office,2018,20,53
NOR,office,2018,21,15
NOR,office,2018,22,1
NOR,office,2018,23,55
NOR,office,2018,24,22
NOR,office,2018,25,32
NOR,office,2018,26,16
NOR,office,2018,27,29
NOR,office,2018,28,13
NOR,office,2018,29,91
NOR,office,2018,3,20
NOR,office,2018,30,16
NOR,office,2018,31,110
NOR,office,2018,32,57
NOR,office,2018,33,24
NOR,office,2018,34,26
NOR,office,2018,35,395
NOR,office,2018,4,41
NOR,office,2018,5,6
NOR,office,2018,6,47
NOR,office,2018,7,7
NOR,office,2018,8,3
NOR,office,2018,9,9
NOR,office,2019,0,2
NOR,office,2019,1,35
NOR,office,2019,10,150
NOR,office,2019,11,3
NOR,office,2019,12,9
NOR,office,2019,13,19
NOR,office,2019,14,22
NOR,office,2019,15,19
NOR,office,2019,16,71
NOR,office,2019,17,5
NOR,office,2019,18,8
NOR,office,2019,19,29
NOR,office,2019,2,4
NOR,office,2019,20,25
NOR,office,2019,21,15
NOR,office,2019,23,45
NOR,office,2019,24,15
NOR,office,2019,25,38
NOR,office,2019,26,18
NOR,office,2019,27,35
NOR,office,2019,28,6
NOR,office,2019,29,82
NOR,office,2019,3,11
NOR,office,2019,30,19
NOR,office,2019,31,63
NOR,office,2019,32,60
NOR,office,2019,33,16
NOR,office,2019,34,14
NOR,office,2019,35,346
NOR,office,2019,4,9
NOR,office,2019,5,7
NOR,office,2019,6,24
NOR,office,2019,7,3
NOR,office,2019,8,2
NOR,office,2019,9,2
NOR,office,2020,0,1
NOR,office,2020,1,23
NOR,office,2020,10,93
NOR,office,2020,11,2
NOR,office,2020,12,11
NOR,office,2020,13,8
NOR,office,2020,14,14
NOR,office,2020,15,26
NOR,office,2020,16,46
NOR,office,2020,17,3
NOR,office,2020,18,4
NOR,office,2020,19,30
NOR,office,2020,2,10
NOR,office,2020,20,18
NOR,office,2020,21,12
NOR,office,2020,22,1
NOR,office,2020,23,19
NOR,office,2020,24,21
NOR,office,2020,25,39
NOR,office,2020,26,12
NOR,office,2020,27,25
NOR,office,2020,28,3
NOR,office,2020,29,55
NOR,office,2020,3,7
NOR,office,2020,30,7
NOR,office,2020,31,34
NOR,office,2020,32,42
NOR,office,2020,33,10
NOR,office,2020,34,5
NOR,office,2020,35,301
NOR,office,2020,4,6
NOR,office,2020,5,3
NOR,office,2020,6,22
NOR,office,2020,7,3
NOR,office,2020,9,2
NOR,office,2021,1,21
NOR,office,2021,10,69
NOR,office,2021,11,5
NOR,office,2021,12,9
NOR,office,2021,13,6
NOR,office,2021,14,2
NOR,office,2021,15,9
NOR,office,2021,16,18
NOR,office,2021,18,3
NOR,office,2021,19,16
NOR,office,2021,2,3
NOR,office,2021,20,8
NOR,office,2021,21,6
NOR,office,2021,23,14
NOR,office,2021,24,13
NOR,office,2021,25,30
NOR,office,2021,26,5
NOR,office,2021,27,17
NOR,office,2021,28,2
NOR,office,2021,29,40
NOR,office,2021,3,4
NOR,office,2021,30,12
NOR,office,2021,31,42
NOR,office,2021,32,41
NOR,office,2021,33,14
NOR,office,2021,34,14
NOR,office,2021,35,224
NOR,office,2021,4,2
NOR,office,2021,5,3
NOR,office,2021,6,13
NOR,office,2021,7,4
NOR,office,2021,9,1
NOR,office,2022,0,1
NOR,office,2022,1,19
NOR,office,2022,10,55
NOR,office,2022,11,1
NOR,office,2022,12,7
NOR,office,2022,13,11
NOR,office,2022,14,5
NOR,office,2022,15,10
NOR,office,2022,16,27
NOR,office,2022,17,5
NOR,office,2022,18,4
NOR,office,2022,19,16
NOR,office,2022,2,4
NOR,office,2022,20,7
NOR,office,2022,21,6
NOR,office,2022,22,1
NOR,office,2022,23,17
NOR,office,2022,24,11
NOR,office,2022,25,59
NOR,office,2022,26,4
NOR,office,2022,27,31
NOR,office,2022,28,1
NOR,office,2022,29,70
NOR,office,2022,3,3
NOR,office,2022,30,10
NOR,office,2022,31,33
NOR,office,2022,32,52
NOR,office,2022,33,9
NOR,office,2022,34,5
NOR,office,2022,35,260
NOR,office,2022,4,3
NOR,office,2022,5,1
NOR,office,2022,6,17
NOR,office,2022,7,4
NOR,office,2022,8,1
NOR,office,2022,9,2
NOR,origin,2015,0,10
NOR,origin,2015,1,54
NOR,origin,2015,10,236
NOR,origin,2015,11,17
NOR,origin,2015,12,32
NOR,origin,2015,13,79
NOR,origin,2015,14,45
NOR,origin,2015,15,61
NOR,origin,2015,16,100
NOR,origin,2015,17,6
NOR,origin,2015,18,33
NOR,origin,2015,19,47
NOR,origin,2015,2,27
NOR,origin,2015,20,36
NOR,origin,2015,21,26
NOR,origin,2015,22,10
NOR,origin,2015,23,87
NOR,origin,2015,24,65
NOR,origin,2015,25,64
NOR,origin,2015,26,33
NOR,origin,2015,27,90
NOR,origin,2015,28,6
NOR,origin,2015,29,71
NOR,origin,2015,3,21
NOR,origin,2015,30,22
NOR,origin,2015,31,137
NOR,origin,2015,32,175
NOR,origin,2015,33,85
NOR,origin,2015,34,25
NOR,origin,2015,35,404
NOR,origin,2015,4,25
NOR,origin,2015,5,10
NOR,origin,2015,6,76
NOR,origin,2015,7,5
NOR,origin,2015,8,13
NOR,origin,2015,9,19
NOR,origin,2016,0,4
NOR,origin,2016,1,70
NOR,origin,2016,10,318
NOR,origin,2016,11,19
NOR,origin,2016,12,38
NOR,origin,2016,13,77
NOR,origin,2016,14,51
NOR,origin,2016,15,68
NOR,origin,2016,16,117
NOR,origin,2016,17,18
NOR,origin,2016,18,33
NOR,origin,2016,19,69
NOR,origin,2016,2,25
NOR,origin,2016,20,42
NOR,origin,2016,21,23
NOR,origin,2016,22,2
NOR,origin,2016,23,96
NOR,origin,2016,24,72
NOR,origin,2016,25,71
NOR,origin,2016,26,33
NOR,origin,2016,27,102
NOR,origin,2016,28,3
NOR,origin,2016,29,94
NOR,origin,2016,3,18
NOR,origin,2016,30,24
NOR,origin,2016,31,139
NOR,origin,2016,32,149
NOR,origin,2016,33,71
NOR,origin,2016,34,22
NOR,origin,2016,35,508
NOR,origin,2016,4,30
NOR,origin,2016,5,18
NOR,origin,2016,6,78
NOR,origin,2016,7,2
NOR,origin,2016,8,11
NOR,origin,2016,9,12
NOR,origin,2017,0,8
NOR,origin,2017,1,78
NOR,origin,2017,10,328
NOR,origin,2017,11,24
NOR,origin,2017,12,26
NOR,origin,2017,13,90
NOR,origin,2017,14,42
NOR,origin,2017,15,65
NOR,origin,2017,16,112
NOR,origin,2017,17,13
NOR,origin,2017,18,30
NOR,origin,2017,19,69
NOR,origin,2017,2,21
NOR,origin,2017,20,55
NOR,origin,2017,21,28
NOR,origin,2017,22,6
NOR,origin,2017,23,102
NOR,origin,2017,24,50
NOR,origin,2017,25,94
NOR,origin,2017,26,28
NOR,origin,2017,27,95
NOR,origin,2017,28,3
NOR,origin,2017,29,98
NOR,origin,2017,3,20
NOR,origin,2017,30,29
NOR,origin,2017,31,131
NOR,origin,2017,32,148
NOR,origin,2017,33,73
NOR,origin,2017,34,21
NOR,origin,2017,35,572
NOR,origin,2017,4,34
NOR,origin,2017,5,10
NOR,origin,2017,6,87
NOR,origin,2017,7,3
NOR,origin,2017,8,21
NOR,origin,2017,9,17
NOR,origin,2018,0,4
NOR,origin,2018,1,74
NOR,origin,2018,10,290
NOR,origin,2018,11,21
NOR,origin,2018,12,55
NOR,origin,2018,13,72
NOR,origin,2018,14,51
NOR,origin,2018,15,62
NOR,origin,2018,16,115
NOR,origin,2018,17,13
NOR,origin,2018,18,30
NOR,origin,2018,19,84
NOR,origin,2018,2,26
NOR,origin,2018,20,46
NOR,origin,2018,21,20
NOR,origin,2018,22,5
NOR,origin,2018,23,85
NOR,origin,2018,24,54
NOR,origin,2018,25,84
NOR,origin,2018,26,31
NOR,origin,2018,27,71
NOR,origin,2018,28,6
NOR,origin,2018,29,137
NOR,origin,2018,3,20
NOR,origin,2018,30,24
NOR,origin,2018,31,137
NOR,origin,2018,32,154
NOR,origin,2018,33,65
NOR,origin,2018,34,15
NOR,origin,2018,35,561
NOR,origin,2018,4,47
NOR,origin,2018,5,10
NOR,origin,2018,6,101
NOR,origin,2018,7,10
NOR,origin,2018,8,25
NOR,origin,2018,9,19
NOR,origin,2019,1,71
NOR,origin,2019,10,316
NOR,origin,2019,11,26
NOR,origin,2019,12,29
NOR,origin,2019,13,86
NOR,origin,2019,14,46
NOR,origin,2019,15,69
NOR,origin,2019,16,117
NOR,origin,2019,17,13
NOR,origin,2019,18,29
NOR,origin,2019,19,59
NOR,origin,2019,2,21
NOR,origin,2019,20,49
NOR,origin,2019,21,27
NOR,origin,2019,22,3
NOR,origin,2019,23,103
NOR,origin,2019,24,54
NOR,origin,2019,25,90
NOR,origin,2019,26,28
NOR,origin,2019,27,87
NOR,origin,2019,28,8
NOR,origin,2019,29,151
NOR,origin,2019,3,21
NOR,origin,2019,30,24
NOR,origin,2019,31,145
NOR,origin,2019,32,151
NOR,origin,2019,33,40
NOR,origin,2019,34,29
NOR,origin,2019,35,522
NOR,origin,2019,4,43
NOR,origin,2019,5,10
NOR,origin,2019,6,85
NOR,origin,2019,7,5
NOR,origin,2019,8,21
NOR,origin,2019,9,14
NOR,origin,2020,0,1
NOR,origin,2020,1,78
NOR,origin,2020,10,318
NOR,origin,2020,11,20
NOR,origin,2020,12,40
NOR,origin,2020,13,99
NOR,origin,2020,14,38
NOR,origin,2020,15,51
NOR,origin,2020,16,126
NOR,origin,2020,17,12
NOR,origin,2020,18,29
NOR,origin,2020,19,82
NOR,origin,2020,2,25
NOR,origin,2020,20,52
NOR,origin,2020,21,31
NOR,origin,2020,22,4
NOR,origin,2020,23,89
NOR,origin,2020,24,58
NOR,origin,2020,25,119
NOR,origin,2020,26,25
NOR,origin,2020,27,81
NOR,origin,2020,28,10
NOR,origin,2020,29,139
NOR,origin,2020,3,22
NOR,origin,2020,30,28
NOR,origin,2020,31,184
NOR,origin,2020,32,161
NOR,origin,2020,33,48
NOR,origin,2020,34,20
NOR,origin,2020,35,552
NOR,origin,2020,4,42
NOR,origin,2020,5,13
NOR,origin,2020,6,97
NOR,origin,2020,7,8
NOR,origin,2020,8,23
NOR,origin,2020,9,14
NOR,origin,2021,0,2
NOR,origin,2021,1,78
NOR,origin,2021,10,313
NOR,origin,2021,11,19
NOR,origin,2021,12,42
NOR,origin,2021,13,122
NOR,origin,2021,14,32
NOR,origin,2021,15,54
NOR,origin,2021,16,113
NOR,origin,2021,17,21
NOR,origin,2021,18,27
NOR,origin,2021,19,78
NOR,origin,2021,2,23
NOR,origin,2021,20,67
NOR,origin,2021,21,23
NOR,origin,2021,23,92
NOR,origin,2021,24,63
NOR,origin,2021,25,103
NOR,origin,2021,26,38
NOR,origin,2021,27,74
NOR,origin,2021,28,8
NOR,origin,2021,29,144
NOR,origin,2021,3,36
NOR,origin,2021,30,31
NOR,origin,2021,31,171
NOR,origin,2021,32,164
NOR,origin,2021,33,58
NOR,origin,2021,34,24
NOR,origin,2021,35,570
NOR,origin,2021,4,49
NOR,origin,2021,5,11
NOR,origin,2021,6,90
NOR,origin,2021,7,15
NOR,origin,2021,8,12
NOR,origin,2021,9,11
NOR,origin,2022,1,92
NOR,origin,2022,10,292
NOR,origin,2022,11,20
NOR,origin,2022,12,47
NOR,origin,2022,13,85
NOR,origin,2022,14,18
NOR,origin,2022,15,47
NOR,origin,2022,16,98
NOR,origin,2022,17,22
NOR,origin,2022,18,16
NOR,origin,2022,19,71
NOR,origin,2022,2,24
NOR,origin,2022,20,81
NOR,origin,2022,21,30
NOR,origin,2022,22,1
NOR,origin,2022,23,67
NOR,origin,2022,24,55
NOR,origin,2022,25,161
NOR,origin,2022,26,37
NOR,origin,2022,27,108
NOR,origin,2022,28,11
NOR,origin,2022,29,175
NOR,origin,2022,3,25
NOR,origin,2022,30,24
NOR,origin,2022,31,153
NOR,origin,2022,32,189
NOR,origin,2022,33,41
NOR,origin,2022,34,20
NOR,origin,2022,35,562
NOR,origin,2022,4,42
NOR,origin,2022,5,19
NOR,origin,2022,6,92
NOR,origin,2022,7,11
NOR,origin,2022,8,23
NOR,origin,2022,9,25
NPL,origin,2015,1,2
NPL,origin,2018,1,1
NPL,origin,2018,6,1
NPL,origin,2020,6,1
NPL,origin,2022,1,1
NPL,origin,2022,6,1
NZL,origin,2015,0,2
NZL,origin,2015,1,35
NZL,origin,2015,10,23
NZL,origin,2015,11,9
NZL,origin,2015,12,14
NZL,origin,2015,13,76
NZL,origin,2015,14,18
NZL,origin,2015,15,51
NZL,origin,2015,16,39
NZL,origin,2015,17,1
NZL,origin,2015,18,24
NZL,origin,2015,19,20
NZL,origin,2015,2,10
NZL,origin,2015,20,1
NZL,origin,2015,21,9
NZL,origin,2015,23,19
NZL,origin,2015,24,9
NZL,origin,2015,25,28
NZL,origin,2015,26,15
NZL,origin,2015,27,9
NZL,origin,2015,28,9
NZL,origin,2015,29,36
NZL,origin,2015,3,2
NZL,origin,2015,30,10
NZL,origin,2015,31,14
NZL,origin,2015,32,45
NZL,origin,2015,33,26
NZL,origin,2015,34,17
NZL,origin,2015,35,52
NZL,origin,2015,4,5
NZL,origin,2015,5,1
NZL,origin,2015,6,23
NZL,origin,2015,7,5
NZL,origin,2015,8,3
NZL,origin,2015,9,7
NZL,origin,2016,0,1
NZL,origin,2016,1,40
NZL,origin,2016,10,24
NZL,origin,2016,11,14
NZL,origin,2016,12,10
NZL,origin,2016,13,130
NZL,origin,2016,14,19
NZL,origin,2016,15,74
NZL,origin,2016,16,39
NZL,origin,2016,17,6
NZL,origin,2016,18,24
NZL,origin,2016,19,27
NZL,origin,2016,2,10
NZL,origin,2016,20,5
NZL,origin,2016,21,10
NZL,origin,2016,22,1
NZL,origin,2016,23,19
NZL,origin,2016,24,9
NZL,origin,2016,25,23
NZL,origin,2016,26,22
NZL,origin,2016,27,15
NZL,origin,2016,28,9
NZL,origin,2016,29,57
NZL,origin,2016,3,1
NZL,origin,2016,30,15
NZL,origin,2016,31,21
NZL,origin,2016,32,29
NZL,origin,2016,33,28
NZL,origin,2016,34,30
NZL,origin,2016,35,56
NZL,origin,2016,4,5
NZL,origin,2016,5,1
NZL,origin,2016,6,16
NZL,origin,2016,7,2
NZL,origin,2016,8,1
NZL,origin,2016,9,6
NZL,origin,2017,1,64
NZL,origin,2017,10,30
NZL,origin,2017,11,19
NZL,origin,2017,12,14
NZL,origin,2017,13,152
NZL,origin,2017,14,18
NZL,origin,2017,15,57
NZL,origin,2017,16,54
NZL,origin,2017,17,2
NZL,origin,2017,18,13
NZL,origin,2017,19,20
NZL,origin,2017,2,9
NZL,origin,2017,20,10
NZL,origin,2017,21,11
NZL,origin,2017,22,1
NZL,origin,2017,23,18
NZL,origin,2017,24,4
NZL,origin,2017,25,29
NZL,origin,2017,26,23
NZL,origin,2017,27,12
NZL,origin,2017,28,6
NZL,origin,2017,29,59
NZL,origin,2017,3,5
NZL,origin,2017,30,12
NZL,origin,2017,31,28
NZL,origin,2017,32,30
NZL,origin,2017,33,35
NZL,origin,2017,34,24
NZL,origin,2017,35,70
NZL,origin,2017,4,5
NZL,origin,2017,5,2
NZL,origin,2017,6,18
NZL,origin,2017,7,7
NZL,origin,2017,8,2
NZL,origin,2017,9,7
NZL,origin,2018,1,64
NZL,origin,2018,10,26
NZL,origin,2018,11,18
NZL,origin,2018,12,8
NZL,origin,2018,13,201
NZL,origin,2018,14,18
NZL,origin,2018,15,83
NZL,origin,2018,16,68
NZL,origin,2018,17,3
NZL,origin,2018,18,21
NZL,origin,2018,19,18
NZL,origin,2018,2,7
NZL,origin,2018,20,8
NZL,origin,2018,21,5
NZL,origin,2018,23,25
NZL,origin,2018,24,9
NZL,origin,2018,25,18
NZL,origin,2018,26,23
NZL,origin,2018,27,13
NZL,origin,2018,28,6
NZL,origin,2018,29,65
NZL,origin,2018,3,3
NZL,origin,2018,30,15
NZL,origin,2018,31,29
NZL,origin,2018,32,39
NZL,origin,2018,33,32
NZL,origin,2018,34,36
NZL,origin,2018,35,61
NZL,origin,2018,4,3
NZL,origin,2018,5,2
NZL,origin,2018,6,14
NZL,origin,2018,7,3
NZL,origin,2018,8,3
NZL,origin,2018,9,4
NZL,origin,2019,1,62
NZL,origin,2019,10,32
NZL,origin,2019,11,10
NZL,origin,2019,12,6
NZL,origin,2019,13,235
NZL,origin,2019,14,19
NZL,origin,2019,15,72
NZL,origin,2019,16,56
NZL,origin,2019,17,1
NZL,origin,2019,18,14
NZL,origin,2019,19,14
NZL,origin,2019,2,5
NZL,origin,2019,20,9
NZL,origin,2019,21,6
NZL,origin,2019,23,20
NZL,origin,2019,24,6
NZL,origin,2019,25,22
NZL,origin,2019,26,16
NZL,origin,2019,27,4
NZL,origin,2019,28,4
NZL,origin,2019,29,52
NZL,origin,2019,3,4
NZL,origin,2019,30,12
NZL,origin,2019,31,24
NZL,origin,2019,32,29
NZL,origin,2019,33,29
NZL,origin,2019,34,20
NZL,origin,2019,35,73
NZL,origin,2019,4,8
NZL,origin,2019,5,1
NZL,origin,2019,6,22
NZL,origin,2019,7,6
NZL,origin,2019,8,3
NZL,origin,2019,9,6
NZL,origin,2020,1,68
NZL,origin,2020,10,21
NZL,origin,2020,11,7
NZL,origin,2020,12,5
NZL,origin,2020,13,337
NZL,origin,2020,14,10
NZL,origin,2020,15,74
NZL,origin,2020,16,44
NZL,origin,2020,17,1
NZL,origin,2020,18,21
NZL,origin,2020,19,19
NZL,origin,2020,2,11
NZL,origin,2020,20,7
NZL,origin,2020,21,7
NZL,origin,2020,23,22
NZL,origin,2020,24,5
NZL,origin,2020,25,23
NZL,origin,2020,26,19
NZL,origin,2020,27,7
NZL,origin,2020,28,5
NZL,origin,2020,29,58
NZL,origin,2020,3,6
NZL,origin,2020,30,13
NZL,origin,2020,31,40
NZL,origin,2020,32,36
NZL,origin,2020,33,34
NZL,origin,2020,34,32
NZL,origin,2020,35,74
NZL,origin,2020,4,12
NZL,origin,2020,5,2
NZL,origin,2020,6,32
NZL,origin,2020,7,7
NZL,origin,2020,8,4
NZL,origin,2020,9,7
NZL,origin,2021,1,73
NZL,origin,2021,10,24
NZL,origin,2021,11,12
NZL,origin,2021,12,6
NZL,origin,2021,13,384
NZL,origin,2021,14,14
NZL,origin,2021,15,54
NZL,origin,2021,16,49
NZL,origin,2021,17,2
NZL,origin,2021,18,28
NZL,origin,2021,19,10
NZL,origin,2021,2,19
NZL,origin,2021,20,4
NZL,origin,2021,21,10
NZL,origin,2021,23,30
NZL,origin,2021,24,5
NZL,origin,2021,25,28
NZL,origin,2021,26,15
NZL,origin,2021,27,9
NZL,origin,2021,28,4
NZL,origin,2021,29,47
NZL,origin,2021,3,4
NZL,origin,2021,30,9
NZL,origin,2021,31,28
NZL,origin,2021,32,28
NZL,origin,2021,33,33
NZL,origin,2021,34,38
NZL,origin,2021,35,74
NZL,origin,2021,4,9
NZL,origin,2021,5,1
NZL,origin,2021,6,37
NZL,origin,2021,7,10
NZL,origin,2021,8,2
NZL,origin,2021,9,6
NZL,origin,2022,1,63
NZL,origin,2022,10,38
NZL,origin,2022,11,3
NZL,origin,2022,12,9
NZL,origin,2022,13,378
NZL,origin,2022,14,11
NZL,origin,2022,15,30
NZL,origin,2022,16,59
NZL,origin,2022,17,3
NZL,origin,2022,18,23
NZL,origin,2022,19,20
NZL,origin,2022,2,16
NZL,origin,2022,20,5
NZL,origin,2022,21,9
NZL,origin,2022,22,1
NZL,origin,2022,23,22
NZL,origin,2022,24,12
NZL,origin,2022,25,23
NZL,origin,2022,26,17
NZL,origin,2022,27,7
NZL,origin,2022,28,3
NZL,origin,2022,29,48
NZL,origin,2022,3,4
NZL,origin,2022,30,9
NZL,origin,2022,31,26
NZL,origin,2022,32,34
NZL,origin,2022,33,17
NZL,origin,2022,34,35
NZL,origin,2022,35,56
NZL,origin,2022,4,10
NZL,origin,2022,5,2
NZL,origin,2022,6,68
NZL,origin,2022,7,7
NZL,origin,2022,8,4
NZL,origin,2022,9,1
OMN,origin,2015,33,3
OMN,origin,2017,1,1
OMN,origin,2017,13,1
OMN,origin,2017,18,1
OMN,origin,2017,23,1
OMN,origin,2017,24,2
OMN,origin,2017,35,1
OMN,origin,2018,16,2
OMN,origin,2018,35,1
OMN,origin,2019,35,4
OMN,origin,2020,17,1
OMN,origin,2020,2,1
OMN,origin,2020,29,1
OMN,origin,2020,35,6
OMN,origin,2020,4,1
OMN,origin,2020,7,1
OMN,origin,2021,16,1
OMN,origin,2021,29,1
OMN,origin,2022,15,1
OMN,origin,2022,23,2
OMN,origin,2022,29,3
PAK,origin,2015,10,1
PAK,origin,2015,13,1
PAK,origin,2015,14,2
PAK,origin,2015,16,1
PAK,origin,2015,19,2
PAK,origin,2015,21,1
PAK,origin,2015,27,1
PAK,origin,2015,29,1
PAK,origin,2015,33,2
PAK,origin,2015,4,1
PAK,origin,2016,12,1
PAK,origin,2016,13,1
PAK,origin,2016,14,2
PAK,origin,2016,15,1
PAK,origin,2016,16,4
PAK,origin,2016,18,1
PAK,origin,2016,24,2
PAK,origin,2016,28,1
PAK,origin,2016,6,3
PAK,origin,2017,1,1
PAK,origin,2017,13,2
PAK,origin,2017,14,2
PAK,origin,2017,16,1
PAK,origin,2017,19,1
PAK,origin,2017,20,1
PAK,origin,2017,23,1
PAK,origin,2017,24,1
PAK,origin,2017,27,2
PAK,origin,2017,28,1
PAK,origin,2017,33,2
PAK,origin,2017,34,1
PAK,origin,2017,4,1
PAK,origin,2017,6,1
PAK,origin,2017,9,1
PAK,origin,2018,14,2
PAK,origin,2018,15,1
PAK,origin,2018,16,2
PAK,origin,2018,27,1
PAK,origin,2018,28,1
PAK,origin,2018,30,1
PAK,origin,2018,33,4
PAK,origin,2018,34,1
PAK,origin,2018,8,1
PAK,origin,2019,1,1
PAK,origin,2019,10,3
PAK,origin,2019,13,1
PAK,origin,2019,16,3
PAK,origin,2019,19,2
PAK,origin,2019,23,1
PAK,origin,2019,25,1
PAK,origin,2019,29,1
PAK,origin,2019,3,1
PAK,origin,2019,30,1
PAK,origin,2019,33,2
PAK,origin,2019,34,1
PAK,origin,2019,6,1
PAK,origin,2019,7,1
PAK,origin,2019,8,2
PAK,origin,2020,10,2
PAK,origin,2020,11,1
PAK,origin,2020,15,1
PAK,origin,2020,16,5
PAK,origin,2020,2,1
PAK,origin,2020,21,1
PAK,origin,2020,23,1
PAK,origin,2020,33,5
PAK,origin,2020,4,1
PAK,origin,2020,6,1
PAK,origin,2021,12,1
PAK,origin,2021,13,2
PAK,origin,2021,16,3
PAK,origin,2021,23,3
PAK,origin,2021,24,1
PAK,origin,2021,27,1
PAK,origin,2021,6,1
PAK,origin,2022,10,2
PAK,origin,2022,11,1
PAK,origin,2022,12,1
PAK,origin,2022,13,2
PAK,origin,2022,15,1
PAK,origin,2022,16,1
PAK,origin,2022,21,1
PAK,origin,2022,23,3
PAK,origin,2022,25,1
PAK,origin,2022,3,1
PAK,origin,2022,33,2
PAK,origin,2022,6,1
PAN,origin,2015,0,1
PAN,origin,2015,10,2
PAN,origin,2015,12,1
PAN,origin,2015,13,1
PAN,origin,2015,15,1
PAN,origin,2015,16,4
PAN,origin,2015,17,1
PAN,origin,2015,18,2
PAN,origin,2015,23,1
PAN,origin,2015,25,8
PAN,origin,2015,26,1
PAN,origin,2015,27,1
PAN,origin,2015,29,7
PAN,origin,2015,3,1
PAN,origin,2015,31,5
PAN,origin,2015,32,1
PAN,origin,2015,34,1
PAN,origin,2015,35,5
PAN,origin,2016,10,3
PAN,origin,2016,12,1
PAN,origin,2016,13,3
PAN,origin,2016,16,6
PAN,origin,2016,17,1
PAN,origin,2016,18,1
PAN,origin,2016,23,1
PAN,origin,2016,25,5
PAN,origin,2016,27,1
PAN,origin,2016,29,5
PAN,origin,2016,3,1
PAN,origin,2016,31,1
PAN,origin,2016,32,1
PAN,origin,2016,33,1
PAN,origin,2016,35,9
PAN,origin,2016,4,1
PAN,origin,2017,1,1
PAN,origin,2017,10,2
PAN,origin,2017,12,1
PAN,origin,2017,13,2
PAN,origin,2017,16,2
PAN,origin,2017,17,1
PAN,origin,2017,18,1
PAN,origin,2017,19,4
PAN,origin,2017,21,1
PAN,origin,2017,25,5
PAN,origin,2017,29,1
PAN,origin,2017,3,1
PAN,origin,2017,32,1
PAN,origin,2017,35,1
PAN,origin,2017,4,1
PAN,origin,2017,6,1
PAN,origin,2018,1,1
PAN,origin,2018,10,1
PAN,origin,2018,15,1
PAN,origin,2018,16,5
PAN,origin,2018,18,2
PAN,origin,2018,21,2
PAN,origin,2018,25,4
PAN,origin,2018,26,1
PAN,origin,2018,28,1
PAN,origin,2018,29,1
PAN,origin,2018,3,2
PAN,origin,2018,34,2
PAN,origin,2018,4,3
PAN,origin,2018,6,1
PAN,origin,2018,7,1
PAN,origin,2019,10,1
PAN,origin,2019,16,1
PAN,origin,2019,17,1
PAN,origin,2019,18,1
PAN,origin,2019,25,4
PAN,origin,2019,27,1
PAN,origin,2019,29,2
PAN,origin,2019,30,1
PAN,origin,2019,31,1
PAN,origin,2019,32,1
PAN,origin,2019,34,1
PAN,origin,2019,7,1
PAN,origin,2020,1,2
PAN,origin,2020,13,2
PAN,origin,2020,16,1
PAN,origin,2020,17,1
PAN,origin,2020,18,1
PAN,origin,2020,21,1
PAN,origin,2020,25,2
PAN,origin,2020,26,1
PAN,origin,2020,29,1
PAN,origin,2020,32,2
PAN,origin,2020,35,1
PAN,origin,2020,4,1
PAN,origin,2020,6,1
PAN,origin,2021,10,1
PAN,origin,2021,12,1
PAN,origin,2021,16,2
PAN,origin,2021,19,1
PAN,origin,2021,21,1
PAN,origin,2021,25,1
PAN,origin,2021,29,3
PAN,origin,2021,31,1
PAN,origin,2021,32,3
PAN,origin,2021,6,1
PAN,origin,2021,7,1
PAN,origin,2022,1,1
PAN,origin,2022,10,1
PAN,origin,2022,12,1
PAN,origin,2022,13,2
PAN,origin,2022,16,2
PAN,origin,2022,19,1
PAN,origin,2022,21,2
PAN,origin,2022,25,3
PAN,origin,2022,32,1
PAN,origin,2022,7,1
PAN,origin,2022,8,1
PER,origin,2015,10,1
PER,origin,2015,11,1
PER,origin,2015,12,2
PER,origin,2015,16,1
PER,origin,2015,18,1
PER,origin,2015,19,1
PER,origin,2015,28,1
PER,origin,2015,33,2
PER,origin,2016,16,1
PER,origin,2016,18,1
PER,origin,2016,19,1
PER,origin,2016,25,1
PER,origin,2016,29,1
PER,origin,2016,33,1
PER,origin,2017,1,1
PER,origin,2017,10,1
PER,origin,2017,12,1
PER,origin,2017,13,1
PER,origin,2017,25,1
PER,origin,2017,26,1
PER,origin,2017,27,1
PER,origin,2017,29,2
PER,origin,2017,31,1
PER,origin,2017,32,1
PER,origin,2017,33,1
PER,origin,2017,34,1
PER,origin,2017,35,1
PER,origin,2018,1,1
PER,origin,2018,16,2
PER,origin,2018,18,4
PER,origin,2018,19,3
PER,origin,2018,20,2
PER,origin,2018,25,1
PER,origin,2018,27,1
PER,origin,2018,28,1
PER,origin,2018,29,1
PER,origin,2018,33,1
PER,origin,2018,35,1
PER,origin,2018,6,1
PER,origin,2018,7,1
PER,origin,2019,1,1
PER,origin,2019,10,1
PER,origin,2019,18,1
PER,origin,2019,2,1
PER,origin,2019,20,1
PER,origin,2019,23,1
PER,origin,2019,24,1
PER,origin,2019,27,3
PER,origin,2019,3,1
PER,origin,2019,33,1
PER,origin,2019,35,2
PER,origin,2019,6,1
PER,origin,2020,13,3
PER,origin,2020,16,1
PER,origin,2020,18,2
PER,origin,2020,19,1
PER,origin,2020,20,1
PER,origin,2020,23,1
PER,origin,2020,24,1
PER,origin,2020,25,1
PER,origin,2020,27,2
PER,origin,2020,31,1
PER,origin,2020,32,1
PER,origin,2021,13,3
PER,origin,2021,16,1
PER,origin,2021,18,1
PER,origin,2021,20,1
PER,origin,2021,25,1
PER,origin,2021,26,2
PER,origin,2021,27,1
PER,origin,2022,13,1
PER,origin,2022,20,2
PER,origin,2022,27,2
PER,origin,2022,31,1
PER,origin,2022,32,1
PER,origin,2022,35,1
PHL,office,2015,1,38
PHL,office,2015,10,24
PHL,office,2015,11,4
PHL,office,2015,12,23
PHL,office,2015,13,39
PHL,office,2015,14,170
PHL,office,2015,15,96
PHL,office,2015,16,287
PHL,office,2015,17,19
PHL,office,2015,18,47
PHL,office,2015,19,91
PHL,office,2015,2,66
PHL,office,2015,20,40
PHL,office,2015,21,18
PHL,office,2015,23,40
PHL,office,2015,24,25
PHL,office,2015,25,52
PHL,office,2015,26,13
PHL,office,2015,27,28
PHL,office,2015,28,18
PHL,office,2015,29,32
PHL,office,2015,3,14
PHL,office,2015,30,24
PHL,office,2015,31,13
PHL,office,2015,32,23
PHL,office,2015,33,23
PHL,office,2015,34,39
PHL,office,2015,35,39
PHL,office,2015,4,64
PHL,office,2015,5,1
PHL,office,2015,6,50
PHL,office,2015,7,11
PHL,office,2015,8,27
PHL,office,2015,9,14
PHL,office,2016,1,63
PHL,office,2016,10,22
PHL,office,2016,11,5
PHL,office,2016,12,19
PHL,office,2016,13,63
PHL,office,2016,14,143
PHL,office,2016,15,67
PHL,office,2016,16,251
PHL,office,2016,17,18
PHL,office,2016,18,45
PHL,office,2016,19,78
PHL,office,2016,2,40
PHL,office,2016,20,49
PHL,office,2016,21,32
PHL,office,2016,23,22
PHL,office,2016,24,24
PHL,office,2016,25,65
PHL,office,2016,26,29
PHL,office,2016,27,33
PHL,office,2016,28,21
PHL,office,2016,29,28
PHL,office,2016,3,20
PHL,office,2016,30,19
PHL,office,2016,31,23
PHL,office,2016,32,48
PHL,office,2016,33,24
PHL,office,2016,34,87
PHL,office,2016,35,44
PHL,office,2016,4,58
PHL,office,2016,6,37
PHL,office,2016,7,20
PHL,office,2016,8,32
PHL,office,2016,9,18
PHL,office,2017,1,39
PHL,office,2017,10,14
PHL,office,2017,11,3
PHL,office,2017,12,18
PHL,office,2017,13,36
PHL,office,2017,14,88
PHL,office,2017,15,33
PHL,office,2017,16,140
PHL,office,2017,17,14
PHL,office,2017,18,29
PHL,office,2017,19,46
PHL,office,2017,2,29
PHL,office,2017,20,48
PHL,office,2017,21,20
PHL,office,2017,22,1
PHL,office,2017,23,25
PHL,office,2017,24,13
PHL,office,2017,25,34
PHL,office,2017,26,15
PHL,office,2017,27,19
PHL,office,2017,28,14
PHL,office,2017,29,26
PHL,office,2017,3,10
PHL,office,2017,30,11
PHL,office,2017,31,23
PHL,office,2017,32,39
PHL,office,2017,33,22
PHL,office,2017,34,30
PHL,office,2017,35,23
PHL,office,2017,4,39
PHL,office,2017,5,1
PHL,office,2017,6,24
PHL,office,2017,7,13
PHL,office,2017,8,17
PHL,office,2017,9,15
PHL,office,2018,1,34
PHL,office,2018,10,14
PHL,office,2018,11,4
PHL,office,2018,12,17
PHL,office,2018,13,21
PHL,office,2018,14,42
PHL,office,2018,15,17
PHL,office,2018,16,72
PHL,office,2018,17,9
PHL,office,2018,18,27
PHL,office,2018,19,36
PHL,office,2018,2,32
PHL,office,2018,20,26
PHL,office,2018,21,10
PHL,office,2018,23,16
PHL,office,2018,24,22
PHL,office,2018,25,26
PHL,office,2018,26,22
PHL,office,2018,27,14
PHL,office,2018,28,12
PHL,office,2018,29,22
PHL,office,2018,3,3
PHL,office,2018,30,14
PHL,office,2018,31,22
PHL,office,2018,32,51
PHL,office,2018,33,21
PHL,office,2018,34,19
PHL,office,2018,35,21
PHL,office,2018,4,15
PHL,office,2018,5,14
PHL,office,2018,6,23
PHL,office,2018,7,9
PHL,office,2018,8,16
PHL,office,2018,9,13
PHL,office,2019,1,10
PHL,office,2019,10,6
PHL,office,2019,12,7
PHL,office,2019,13,10
PHL,office,2019,14,34
PHL,office,2019,15,11
PHL,office,2019,16,29
PHL,office,2019,17,5
PHL,office,2019,18,16
PHL,office,2019,19,16
PHL,office,2019,2,4
PHL,office,2019,20,22
PHL,office,2019,21,9
PHL,office,2019,23,7
PHL,office,2019,24,6
PHL,office,2019,25,8
PHL,office,2019,26,10
PHL,office,2019,27,10
PHL,office,2019,28,5
PHL,office,2019,29,11
PHL,office,2019,3,3
PHL,office,2019,30,3
PHL,office,2019,31,4
PHL,office,2019,32,22
PHL,office,2019,33,7
PHL,office,2019,34,7
PHL,office,2019,35,6
PHL,office,2019,4,17
PHL,office,2019,5,1
PHL,office,2019,6,16
PHL,office,2019,7,11
PHL,office,2019,8,4
PHL,office,2019,9,5
PHL,office,2020,1,3
PHL,office,2020,10,1
PHL,office,2020,12,1
PHL,office,2020,13,4
PHL,office,2020,14,3
PHL,office,2020,15,3
PHL,office,2020,16,7
PHL,office,2020,17,1
PHL,office,2020,18,5
PHL,office,2020,19,3
PHL,office,2020,2,2
PHL,office,2020,20,8
PHL,office,2020,23,3
PHL,office,2020,24,2
PHL,office,2020,25,1
PHL,office,2020,26,2
PHL,office,2020,27,1
PHL,office,2020,31,1
PHL,office,2020,32,9
PHL,office,2020,33,1
PHL,office,2020,34,1
PHL,office,2020,35,2
PHL,office,2020,4,4
PHL,office,2020,6,4
PHL,office,2020,7,3
PHL,office,2020,8,1
PHL,office,2020,9,2
PHL,office,2021,12,1
PHL,office,2021,19,1
PHL,office,2021,20,1
PHL,office,2021,25,1
PHL,office,2021,26,1
PHL,office,2021,32,1
PHL,office,2021,4,1
PHL,office,2021,6,1
PHL,office,2021,7,2
PHL,office,2021,8,1
PHL,origin,2015,1,1
PHL,origin,2015,12,1
PHL,origin,2015,13,9
PHL,origin,2015,14,1
PHL,origin,2015,15,1
PHL,origin,2015,16,5
PHL,origin,2015,18,1
PHL,origin,2015,19,1
PHL,origin,2015,2,2
PHL,origin,2015,20,2
PHL,origin,2015,23,4
PHL,origin,2015,25,4
PHL,origin,2015,26,1
PHL,origin,2015,27,2
PHL,origin,2015,28,1
PHL,origin,2015,29,4
PHL,origin,2015,3,1
PHL,origin,2015,30,1
PHL,origin,2015,31,6
PHL,origin,2015,32,1
PHL,origin,2015,33,2
PHL,origin,2015,35,5
PHL,origin,2015,4,1
PHL,origin,2015,6,3
PHL,origin,2015,7,3
PHL,origin,2015,8,4
PHL,origin,2015,9,11
PHL,origin,2016,1,1
PHL,origin,2016,10,2
PHL,origin,2016,12,2
PHL,origin,2016,13,4
PHL,origin,2016,15,2
PHL,origin,2016,16,1
PHL,origin,2016,18,1
PHL,origin,2016,19,2
PHL,origin,2016,2,1
PHL,origin,2016,21,2
PHL,origin,2016,23,1
PHL,origin,2016,24,4
PHL,origin,2016,25,2
PHL,origin,2016,26,2
PHL,origin,2016,27,1
PHL,origin,2016,29,4
PHL,origin,2016,3,5
PHL,origin,2016,31,1
PHL,origin,2016,32,2
PHL,origin,2016,33,2
PHL,origin,2016,34,1
PHL,origin,2016,35,2
PHL,origin,2016,4,7
PHL,origin,2016,6,8
PHL,origin,2016,7,6
PHL,origin,2016,8,3
PHL,origin,2016,9,13
PHL,origin,2017,1,1
PHL,origin,2017,10,2
PHL,origin,2017,12,2
PHL,origin,2017,13,1
PHL,origin,2017,14,3
PHL,origin,2017,15,2
PHL,origin,2017,16,8
PHL,origin,2017,19,1
PHL,origin,2017,2,1
PHL,origin,2017,20,1
PHL,origin,2017,21,2
PHL,origin,2017,23,4
PHL,origin,2017,24,1
PHL,origin,2017,25,2
PHL,origin,2017,26,2
PHL,origin,2017,27,2
PHL,origin,2017,29,5
PHL,origin,2017,3,3
PHL,origin,2017,32,1
PHL,origin,2017,33,4
PHL,origin,2017,35,1
PHL,origin,2017,4,3
PHL,origin,2017,6,5
PHL,origin,2017,7,3
PHL,origin,2017,8,10
PHL,origin,2017,9,12
PHL,origin,2018,1,4
PHL,origin,2018,10,1
PHL,origin,2018,12,2
PHL,origin,2018,13,12
PHL,origin,2018,15,3
PHL,origin,2018,16,3
PHL,origin,2018,18,1
PHL,origin,2018,21,2
PHL,origin,2018,23,2
PHL,origin,2018,24,1
PHL,origin,2018,27,1
PHL,origin,2018,29,4
PHL,origin,2018,30,1
PHL,origin,2018,31,1
PHL,origin,2018,34,1
PHL,origin,2018,35,1
PHL,origin,2018,4,1
PHL,origin,2018,6,1
PHL,origin,2018,7,2
PHL,origin,2018,8,11
PHL,origin,2018,9,5
PHL,origin,2019,1,5
PHL,origin,2019,12,2
PHL,origin,2019,13,1
PHL,origin,2019,14,1
PHL,origin,2019,16,2
PHL,origin,2019,18,6
PHL,origin,2019,19,2
PHL,origin,2019,22,1
PHL,origin,2019,23,3
PHL,origin,2019,26,1
PHL,origin,2019,28,1
PHL,origin,2019,29,7
PHL,origin,2019,3,1
PHL,origin,2019,31,1
PHL,origin,2019,33,1
PHL,origin,2019,35,4
PHL,origin,2019,4,2
PHL,origin,2019,6,2
PHL,origin,2019,7,3
PHL,origin,2019,8,5
PHL,origin,2019,9,3
PHL,origin,2020,1,3
PHL,origin,2020,10,1
PHL,origin,2020,12,1
PHL,origin,2020,13,4
PHL,origin,2020,15,1
PHL,origin,2020,16,2
PHL,origin,2020,17,1
PHL,origin,2020,18,5
PHL,origin,2020,20,2
PHL,origin,2020,21,1
PHL,origin,2020,23,2
PHL,origin,2020,24,1
PHL,origin,2020,25,1
PHL,origin,2020,29,2
PHL,origin,2020,31,2
PHL,origin,2020,32,2
PHL,origin,2020,35,1
PHL,origin,2020,4,1
PHL,origin,2020,6,2
PHL,origin,2020,7,2
PHL,origin,2020,8,9
PHL,origin,2020,9,2
PHL,origin,2021,1,2
PHL,origin,2021,10,2
PHL,origin,2021,12,1
PHL,origin,2021,13,2
PHL,origin,2021,15,1
PHL,origin,2021,18,7
PHL,origin,2021,19,2
PHL,origin,2021,2,1
PHL,origin,2021,25,1
PHL,origin,2021,27,1
PHL,origin,2021,35,1
PHL,origin,2021,4,1
PHL,origin,2021,6,3
PHL,origin,2021,8,12
PHL,origin,2021,9,4
PHL,origin,2022,1,1
PHL,origin,2022,10,1
PHL,origin,2022,12,1
PHL,origin,2022,18,1
PHL,origin,2022,2,1
PHL,origin,2022,22,1
PHL,origin,2022,35,1
PHL,origin,2022,4,3
PHL,origin,2022,6,1
PHL,origin,2022,7,3
PHL,origin,2022,8,6
PNG,origin,2015,35,1
PNG,origin,2017,23,1
PNG,origin,2017,32,1
PNG,origin,2017,35,2
PNG,origin,2018,35,1
PNG,origin,2020,31,1
PNG,origin,2020,35,2
POL,office,2015,0,10
POL,office,2015,1,98
POL,office,2015,10,153
POL,office,2015,11,29
POL,office,2015,12,23
POL,office,2015,13,81
POL,office,2015,14,142
POL,office,2015,15,68
POL,office,2015,16,97
POL,office,2015,17,69
POL,office,2015,18,38
POL,office,2015,19,105
POL,office,2015,2,13
POL,office,2015,20,79
POL,office,2015,21,41
POL,office,2015,22,10
POL,office,2015,23,79
POL,office,2015,24,54
POL,office,2015,25,57
POL,office,2015,26,156
POL,office,2015,27,73
POL,office,2015,28,25
POL,office,2015,29,137
POL,office,2015,3,23
POL,office,2015,30,76
POL,office,2015,31,83
POL,office,2015,32,63
POL,office,2015,33,33
POL,office,2015,34,31
POL,office,2015,35,160
POL,office,2015,4,6
POL,office,2015,5,20
POL,office,2015,6,15
POL,office,2015,7,1
POL,office,2015,8,25
POL,office,2015,9,19
POL,office,2016,0,7
POL,office,2016,1,237
POL,office,2016,10,323
POL,office,2016,11,38
POL,office,2016,12,49
POL,office,2016,13,138
POL,office,2016,14,215
POL,office,2016,15,115
POL,office,2016,16,115
POL,office,2016,17,118
POL,office,2016,18,64
POL,office,2016,19,144
POL,office,2016,2,25
POL,office,2016,20,146
POL,office,2016,21,60
POL,office,2016,22,22
POL,office,2016,23,125
POL,office,2016,24,107
POL,office,2016,25,134
POL,office,2016,26,264
POL,office,2016,27,101
POL,office,2016,28,52
POL,office,2016,29,207
POL,office,2016,3,27
POL,office,2016,30,128
POL,office,2016,31,151
POL,office,2016,32,152
POL,office,2016,33,61
POL,office,2016,34,45
POL,office,2016,35,311
POL,office,2016,4,7
POL,office,2016,5,16
POL,office,2016,6,24
POL,office,2016,7,1
POL,office,2016,8,25
POL,office,2016,9,22
POL,office,2017,0,5
POL,office,2017,1,223
POL,office,2017,10,296
POL,office,2017,11,28
POL,office,2017,12,47
POL,office,2017,13,112
POL,office,2017,14,137
POL,office,2017,15,63
POL,office,2017,16,101
POL,office,2017,17,104
POL,office,2017,18,73
POL,office,2017,19,106
POL,office,2017,2,23
POL,office,2017,20,78
POL,office,2017,21,47
POL,office,2017,22,12
POL,office,2017,23,103
POL,office,2017,24,69
POL,office,2017,25,130
POL,office,2017,26,143
POL,office,2017,27,80
POL,office,2017,28,52
POL,office,2017,29,223
POL,office,2017,3,17
POL,office,2017,30,80
POL,office,2017,31,126
POL,office,2017,32,153
POL,office,2017,33,63
POL,office,2017,34,38
POL,office,2017,35,253
POL,office,2017,4,7
POL,office,2017,5,18
POL,office,2017,6,30
POL,office,2017,7,2
POL,office,2017,8,28
POL,office,2017,9,22
POL,office,2018,0,2
POL,office,2018,1,153
POL,office,2018,10,211
POL,office,2018,11,22
POL,office,2018,12,26
POL,office,2018,13,133
POL,office,2018,14,207
POL,office,2018,15,89
POL,office,2018,16,112
POL,office,2018,17,81
POL,office,2018,18,64
POL,office,2018,19,235
POL,office,2018,2,27
POL,office,2018,20,152
POL,office,2018,21,64
POL,office,2018,22,21
POL,office,2018,23,128
POL,office,2018,24,106
POL,office,2018,25,120
POL,office,2018,26,98
POL,office,2018,27,83
POL,office,2018,28,61
POL,office,2018,29,220
POL,office,2018,3,17
POL,office,2018,30,128
POL,office,2018,31,135
POL,office,2018,32,129
POL,office,2018,33,87
POL,office,2018,34,55
POL,office,2018,35,271
POL,office,2018,4,8
POL,office,2018,5,22
POL,office,2018,6,27
POL,office,2018,7,2
POL,office,2018,8,17
POL,office,2018,9,28
POL,office,2019,0,1
POL,office,2019,1,147
POL,office,2019,10,165
POL,office,2019,11,19
POL,office,2019,12,25
POL,office,2019,13,93
POL,office,2019,14,196
POL,office,2019,15,109
POL,office,2019,16,96
POL,office,2019,17,86
POL,office,2019,18,80
POL,office,2019,19,199
POL,office,2019,2,21
POL,office,2019,20,130
POL,office,2019,21,59
POL,office,2019,22,24
POL,office,2019,23,171
POL,office,2019,24,96
POL,office,2019,25,117
POL,office,2019,26,146
POL,office,2019,27,75
POL,office,2019,28,49
POL,office,2019,29,192
POL,office,2019,3,18
POL,office,2019,30,107
POL,office,2019,31,111
POL,office,2019,32,141
POL,office,2019,33,64
POL,office,2019,34,36
POL,office,2019,35,266
POL,office,2019,4,5
POL,office,2019,5,12
POL,office,2019,6,27
POL,office,2019,7,3
POL,office,2019,8,11
POL,office,2019,9,18
POL,office,2020,1,84
POL,office,2020,10,121
POL,office,2020,11,24
POL,office,2020,12,15
POL,office,2020,13,74
POL,office,2020,14,163
POL,office,2020,15,80
POL,office,2020,16,101
POL,office,2020,17,71
POL,office,2020,18,53
POL,office,2020,19,132
POL,office,2020,2,9
POL,office,2020,20,137
POL,office,2020,21,44
POL,office,2020,22,20
POL,office,2020,23,155
POL,office,2020,24,83
POL,office,2020,25,75
POL,office,2020,26,97
POL,office,2020,27,55
POL,office,2020,28,23
POL,office,2020,29,136
POL,office,2020,3,8
POL,office,2020,30,91
POL,office,2020,31,85
POL,office,2020,32,103
POL,office,2020,33,44
POL,office,2020,34,33
POL,office,2020,35,169
POL,office,2020,4,2
POL,office,2020,5,8
POL,office,2020,6,12
POL,office,2020,7,3
POL,office,2020,8,9
POL,office,2020,9,15
POL,office,2021,1,170
POL,office,2021,10,194
POL,office,2021,11,55
POL,office,2021,12,30
POL,office,2021,13,172
POL,office,2021,14,265
POL,office,2021,15,147
POL,office,2021,16,136
POL,office,2021,17,94
POL,office,2021,18,94
POL,office,2021,19,193
POL,office,2021,2,23
POL,office,2021,20,141
POL,office,2021,21,94
POL,office,2021,22,22
POL,office,2021,23,154
POL,office,2021,24,93
POL,office,2021,25,134
POL,office,2021,26,168
POL,office,2021,27,56
POL,office,2021,28,62
POL,office,2021,29,179
POL,office,2021,3,9
POL,office,2021,30,81
POL,office,2021,31,113
POL,office,2021,32,118
POL,office,2021,33,61
POL,office,2021,34,67
POL,office,2021,35,162
POL,office,2021,4,17
POL,office,2021,5,11
POL,office,2021,6,22
POL,office,2021,7,2
POL,office,2021,8,20
POL,office,2021,9,15
POL,office,2022,1,91
POL,office,2022,10,164
POL,office,2022,11,29
POL,office,2022,12,18
POL,office,2022,13,104
POL,office,2022,14,106
POL,office,2022,15,87
POL,office,2022,16,80
POL,office,2022,17,50
POL,office,2022,18,57
POL,office,2022,19,115
POL,office,2022,2,13
POL,office,2022,20,103
POL,office,2022,21,63
POL,office,2022,22,10
POL,office,2022,23,98
POL,office,2022,24,59
POL,office,2022,25,77
POL,office,2022,26,98
POL,office,2022,27,42
POL,office,2022,28,36
POL,office,2022,29,135
POL,office,2022,3,11
POL,office,2022,30,64
POL,office,2022,31,93
POL,office,2022,32,103
POL,office,2022,33,64
POL,office,2022,34,49
POL,office,2022,35,150
POL,office,2022,4,4
POL,office,2022,5,10
POL,office,2022,6,16
POL,office,2022,7,1
POL,office,2022,8,11
POL,office,2022,9,11
POL,origin,2015,1,115
POL,origin,2015,10,173
POL,origin,2015,11,30
POL,origin,2015,12,25
POL,origin,2015,13,109
POL,origin,2015,14,145
POL,origin,2015,15,83
POL,origin,2015,16,80
POL,origin,2015,17,78
POL,origin,2015,18,41
POL,origin,2015,19,91
POL,origin,2015,2,15
POL,origin,2015,20,89
POL,origin,2015,21,44
POL,origin,2015,22,13
POL,origin,2015,23,99
POL,origin,2015,24,62
POL,origin,2015,25,74
POL,origin,2015,26,166
POL,origin,2015,27,81
POL,origin,2015,28,27
POL,origin,2015,29,146
POL,origin,2015,3,28
POL,origin,2015,30,81
POL,origin,2015,31,86
POL,origin,2015,32,83
POL,origin,2015,33,43
POL,origin,2015,34,59
POL,origin,2015,35,182
POL,origin,2015,4,11
POL,origin,2015,5,25
POL,origin,2015,6,24
POL,origin,2015,7,3
POL,origin,2015,8,25
POL,origin,2015,9,23
POL,origin,2016,1,262
POL,origin,2016,10,340
POL,origin,2016,11,45
POL,origin,2016,12,50
POL,origin,2016,13,159
POL,origin,2016,14,231
POL,origin,2016,15,146
POL,origin,2016,16,126
POL,origin,2016,17,124
POL,origin,2016,18,68
POL,origin,2016,19,149
POL,origin,2016,2,24
POL,origin,2016,20,164
POL,origin,2016,21,65
POL,origin,2016,22,22
POL,origin,2016,23,141
POL,origin,2016,24,119
POL,origin,2016,25,146
POL,origin,2016,26,267
POL,origin,2016,27,111
POL,origin,2016,28,44
POL,origin,2016,29,217
POL,origin,2016,3,32
POL,origin,2016,30,140
POL,origin,2016,31,154
POL,origin,2016,32,171
POL,origin,2016,33,69
POL,origin,2016,34,78
POL,origin,2016,35,327
POL,origin,2016,4,11
POL,origin,2016,5,21
POL,origin,2016,6,35
POL,origin,2016,7,2
POL,origin,2016,8,25
POL,origin,2016,9,23
POL,origin,2017,1,240
POL,origin,2017,10,307
POL,origin,2017,11,31
POL,origin,2017,12,51
POL,origin,2017,13,154
POL,origin,2017,14,169
POL,origin,2017,15,85
POL,origin,2017,16,117
POL,origin,2017,17,112
POL,origin,2017,18,81
POL,origin,2017,19,119
POL,origin,2017,2,30
POL,origin,2017,20,100
POL,origin,2017,21,55
POL,origin,2017,22,15
POL,origin,2017,23,125
POL,origin,2017,24,83
POL,origin,2017,25,145
POL,origin,2017,26,146
POL,origin,2017,27,83
POL,origin,2017,28,62
POL,origin,2017,29,242
POL,origin,2017,3,20
POL,origin,2017,30,94
POL,origin,2017,31,138
POL,origin,2017,32,159
POL,origin,2017,33,75
POL,origin,2017,34,63
POL,origin,2017,35,290
POL,origin,2017,4,13
POL,origin,2017,5,25
POL,origin,2017,6,49
POL,origin,2017,7,3
POL,origin,2017,8,29
POL,origin,2017,9,26
POL,origin,2018,1,170
POL,origin,2018,10,230
POL,origin,2018,11,28
POL,origin,2018,12,34
POL,origin,2018,13,177
POL,origin,2018,14,236
POL,origin,2018,15,120
POL,origin,2018,16,148
POL,origin,2018,17,98
POL,origin,2018,18,68
POL,origin,2018,19,247
POL,origin,2018,2,33
POL,origin,2018,20,168
POL,origin,2018,21,71
POL,origin,2018,22,24
POL,origin,2018,23,147
POL,origin,2018,24,118
POL,origin,2018,25,136
POL,origin,2018,26,99
POL,origin,2018,27,85
POL,origin,2018,28,68
POL,origin,2018,29,240
POL,origin,2018,3,25
POL,origin,2018,30,141
POL,origin,2018,31,145
POL,origin,2018,32,146
POL,origin,2018,33,91
POL,origin,2018,34,93
POL,origin,2018,35,310
POL,origin,2018,4,22
POL,origin,2018,5,25
POL,origin,2018,6,41
POL,origin,2018,7,6
POL,origin,2018,8,17
POL,origin,2018,9,31
POL,origin,2019,0,1
POL,origin,2019,1,166
POL,origin,2019,10,183
POL,origin,2019,11,24
POL,origin,2019,12,29
POL,origin,2019,13,141
POL,origin,2019,14,226
POL,origin,2019,15,131
POL,origin,2019,16,137
POL,origin,2019,17,93
POL,origin,2019,18,84
POL,origin,2019,19,213
POL,origin,2019,2,22
POL,origin,2019,20,139
POL,origin,2019,21,71
POL,origin,2019,22,26
POL,origin,2019,23,196
POL,origin,2019,24,110
POL,origin,2019,25,126
POL,origin,2019,26,155
POL,origin,2019,27,83
POL,origin,2019,28,59
POL,origin,2019,29,205
POL,origin,2019,3,29
POL,origin,2019,30,127
POL,origin,2019,31,132
POL,origin,2019,32,173
POL,origin,2019,33,74
POL,origin,2019,34,88
POL,origin,2019,35,295
POL,origin,2019,4,20
POL,origin,2019,5,16
POL,origin,2019,6,35
POL,origin,2019,7,4
POL,origin,2019,8,13
POL,origin,2019,9,24
POL,origin,2020,1,101
POL,origin,2020,10,144
POL,origin,2020,11,29
POL,origin,2020,12,21
POL,origin,2020,13,114
POL,origin,2020,14,187
POL,origin,2020,15,106
POL,origin,2020,16,128
POL,origin,2020,17,93
POL,origin,2020,18,65
POL,origin,2020,19,150
POL,origin,2020,2,13
POL,origin,2020,20,151
POL,origin,2020,21,57
POL,origin,2020,22,23
POL,origin,2020,23,167
POL,origin,2020,24,94
POL,origin,2020,25,90
POL,origin,2020,26,106
POL,origin,2020,27,70
POL,origin,2020,28,31
POL,origin,2020,29,162
POL,origin,2020,3,14
POL,origin,2020,30,121
POL,origin,2020,31,103
POL,origin,2020,32,157
POL,origin,2020,33,51
POL,origin,2020,34,77
POL,origin,2020,35,201
POL,origin,2020,4,12
POL,origin,2020,5,11
POL,origin,2020,6,27
POL,origin,2020,7,5
POL,origin,2020,8,17
POL,origin,2020,9,22
POL,origin,2021,1,191
POL,origin,2021,10,212
POL,origin,2021,11,56
POL,origin,2021,12,37
POL,origin,2021,13,217
POL,origin,2021,14,297
POL,origin,2021,15,163
POL,origin,2021,16,177
POL,origin,2021,17,106
POL,origin,2021,18,107
POL,origin,2021,19,206
POL,origin,2021,2,31
POL,origin,2021,20,158
POL,origin,2021,21,102
POL,origin,2021,22,23
POL,origin,2021,23,169
POL,origin,2021,24,96
POL,origin,2021,25,149
POL,origin,2021,26,170
POL,origin,2021,27,82
POL,origin,2021,28,69
POL,origin,2021,29,201
POL,origin,2021,3,13
POL,origin,2021,30,107
POL,origin,2021,31,129
POL,origin,2021,32,182
POL,origin,2021,33,71
POL,origin,2021,34,103
POL,origin,2021,35,188
POL,origin,2021,4,25
POL,origin,2021,5,12
POL,origin,2021,6,40
POL,origin,2021,7,7
POL,origin,2021,8,23
POL,origin,2021,9,29
POL,origin,2022,1,102
POL,origin,2022,10,183
POL,origin,2022,11,32
POL,origin,2022,12,26
POL,origin,2022,13,145
POL,origin,2022,14,130
POL,origin,2022,15,102
POL,origin,2022,16,127
POL,origin,2022,17,58
POL,origin,2022,18,66
POL,origin,2022,19,130
POL,origin,2022,2,21
POL,origin,2022,20,113
POL,origin,2022,21,71
POL,origin,2022,22,13
POL,origin,2022,23,110
POL,origin,2022,24,61
POL,origin,2022,25,87
POL,origin,2022,26,104
POL,origin,2022,27,68
POL,origin,2022,28,39
POL,origin,2022,29,155
POL,origin,2022,3,12
POL,origin,2022,30,92
POL,origin,2022,31,103
POL,origin,2022,32,162
POL,origin,2022,33,73
POL,origin,2022,34,85
POL,origin,2022,35,173
POL,origin,2022,4,11
POL,origin,2022,5,12
POL,origin,2022,6,40
POL,origin,2022,7,6
POL,origin,2022,8,16
POL,origin,2022,9,22
PRK,origin,2015,1,1
PRK,origin,2015,11,1
PRK,origin,2015,15,4
PRK,origin,2015,16,3
PRK,origin,2015,19,1
PRK,origin,2015,2,2
PRK,origin,2015,24,1
PRK,origin,2015,25,1
PRK,origin,2015,3,2
PRK,origin,2015,34,1
PRK,origin,2015,4,4
PRK,origin,2015,6,2
PRK,origin,2015,8,1
PRK,origin,2015,9,3
PRK,origin,2016,1,2
PRK,origin,2016,16,1
PRK,origin,2016,18,1
PRK,origin,2016,19,1
PRK,origin,2016,2,1
PRK,origin,2016,24,1
PRK,origin,2016,3,1
PRK,origin,2016,31,1
PRK,origin,2016,32,1
PRK,origin,2016,4,2
PRK,origin,2016,6,1
PRK,origin,2016,8,1
PRK,origin,2017,1,1
PRK,origin,2017,14,1
PRK,origin,2017,15,1
PRK,origin,2017,16,1
PRK,origin,2017,19,1
PRK,origin,2017,29,3
PRK,origin,2017,3,1
PRK,origin,2017,32,1
PRK,origin,2017,4,1
PRK,origin,2017,5,1
PRK,origin,2018,13,2
PRK,origin,2018,15,1
PRK,origin,2018,16,1
PRK,origin,2018,25,1
PRK,origin,2018,6,1
PRK,origin,2019,10,1
PRK,origin,2019,19,2
PRK,origin,2019,2,1
PRK,origin,2019,21,1
PRK,origin,2019,29,2
PRK,origin,2019,3,1
PRK,origin,2019,34,2
PRK,origin,2019,4,2
PRK,origin,2019,6,1
PRK,origin,2020,13,1
PRK,origin,2020,15,1
PRK,origin,2020,16,1
PRK,origin,2020,19,1
PRK,origin,2020,20,1
PRK,origin,2020,22,1
PRK,origin,2020,25,1
PRK,origin,2020,29,1
PRK,origin,2020,35,1
PRK,origin,2020,4,1
PRK,origin,2021,13,1
PRK,origin,2021,14,1
PRK,origin,2021,16,1
PRK,origin,2021,2,2
PRK,origin,2021,27,1
PRK,origin,2021,3,1
PRK,origin,2021,32,1
PRK,origin,2021,6,1
PRK,origin,2022,1,1
PRK,origin,2022,13,1
PRK,origin,2022,14,1
PRK,origin,2022,16,1
PRK,origin,2022,19,1
PRK,origin,2022,2,2
PRK,origin,2022,3,1
PRK,origin,2022,32,2
PRT,office,2015,1,4
PRT,office,2015,10,6
PRT,office,2015,11,1
PRT,office,2015,12,2
PRT,office,2015,13,4
PRT,office,2015,14,5
PRT,office,2015,15,3
PRT,office,2015,16,4
PRT,office,2015,17,3
PRT,office,2015,18,3
PRT,office,2015,19,3
PRT,office,2015,20,3
PRT,office,2015,21,2
PRT,office,2015,23,4
PRT,office,2015,24,2
PRT,office,2015,25,3
PRT,office,2015,26,1
PRT,office,2015,27,1
PRT,office,2015,29,1
PRT,office,2015,3,4
PRT,office,2015,30,1
PRT,office,2015,31,1
PRT,office,2015,32,5
PRT,office,2015,33,4
PRT,office,2015,34,1
PRT,office,2015,35,6
PRT,office,2015,4,2
PRT,office,2015,5,1
PRT,office,2015,6,2
PRT,office,2016,10,2
PRT,office,2016,12,2
PRT,office,2016,14,1
PRT,office,2016,18,4
PRT,office,2016,19,2
PRT,office,2016,2,1
PRT,office,2016,20,1
PRT,office,2016,21,2
PRT,office,2016,23,1
PRT,office,2016,25,1
PRT,office,2016,26,1
PRT,office,2016,27,2
PRT,office,2016,29,1
PRT,office,2016,3,1
PRT,office,2016,30,1
PRT,office,2016,34,1
PRT,office,2016,35,3
PRT,office,2016,5,1
PRT,office,2016,6,2
PRT,office,2016,8,2
PRT,office,2016,9,1
PRT,office,2017,1,1
PRT,office,2017,10,5
PRT,office,2017,11,1
PRT,office,2017,12,1
PRT,office,2017,13,7
PRT,office,2017,14,4
PRT,office,2017,15,3
PRT,office,2017,16,3
PRT,office,2017,17,1
PRT,office,2017,18,3
PRT,office,2017,19,3
PRT,office,2017,20,1
PRT,office,2017,23,1
PRT,office,2017,25,1
PRT,office,2017,27,1
PRT,office,2017,28,2
PRT,office,2017,29,6
PRT,office,2017,30,1
PRT,office,2017,32,3
PRT,office,2017,35,3
PRT,office,2017,4,2
PRT,office,2017,5,1
PRT,office,2017,6,1
PRT,office,2018,1,2
PRT,office,2018,10,3
PRT,office,2018,11,1
PRT,office,2018,12,2
PRT,office,2018,13,4
PRT,office,2018,14,6
PRT,office,2018,15,1
PRT,office,2018,16,7
PRT,office,2018,17,2
PRT,office,2018,18,2
PRT,office,2018,19,4
PRT,office,2018,20,4
PRT,office,2018,21,3
PRT,office,2018,23,4
PRT,office,2018,24,6
PRT,office,2018,25,2
PRT,office,2018,26,2
PRT,office,2018,28,2
PRT,office,2018,29,2
PRT,office,2018,3,2
PRT,office,2018,30,2
PRT,office,2018,32,1
PRT,office,2018,33,4
PRT,office,2018,35,3
PRT,office,2018,4,2
PRT,office,2018,6,3
PRT,office,2018,9,1
PRT,office,2019,1,3
PRT,office,2019,10,4
PRT,office,2019,11,1
PRT,office,2019,13,4
PRT,office,2019,14,2
PRT,office,2019,15,4
PRT,office,2019,16,5
PRT,office,2019,17,2
PRT,office,2019,18,5
PRT,office,2019,19,5
PRT,office,2019,20,5
PRT,office,2019,22,1
PRT,office,2019,23,3
PRT,office,2019,24,2
PRT,office,2019,25,2
PRT,office,2019,28,1
PRT,office,2019,29,7
PRT,office,2019,3,2
PRT,office,2019,30,2
PRT,office,2019,31,1
PRT,office,2019,32,3
PRT,office,2019,33,1
PRT,office,2019,34,4
PRT,office,2019,35,4
PRT,office,2019,4,2
PRT,office,2019,5,2
PRT,office,2020,1,3
PRT,office,2020,10,5
PRT,office,2020,11,2
PRT,office,2020,12,2
PRT,office,2020,13,4
PRT,office,2020,14,5
PRT,office,2020,15,4
PRT,office,2020,16,4
PRT,office,2020,17,6
PRT,office,2020,18,3
PRT,office,2020,19,7
PRT,office,2020,22,1
PRT,office,2020,23,2
PRT,office,2020,24,6
PRT,office,2020,25,10
PRT,office,2020,26,2
PRT,office,2020,27,2
PRT,office,2020,28,1
PRT,office,2020,29,3
PRT,office,2020,3,3
PRT,office,2020,30,2
PRT,office,2020,31,3
PRT,office,2020,32,4
PRT,office,2020,33,12
PRT,office,2020,34,2
PRT,office,2020,35,9
PRT,office,2020,4,2
PRT,office,2020,7,2
PRT,office,2020,8,1
PRT,office,2020,9,1
PRT,office,2021,1,4
PRT,office,2021,10,11
PRT,office,2021,11,2
PRT,office,2021,12,4
PRT,office,2021,13,11
PRT,office,2021,14,7
PRT,office,2021,15,7
PRT,office,2021,16,13
PRT,office,2021,17,5
PRT,office,2021,18,9
PRT,office,2021,19,3
PRT,office,2021,20,7
PRT,office,2021,21,4
PRT,office,2021,22,2
PRT,office,2021,23,6
PRT,office,2021,24,5
PRT,office,2021,25,7
PRT,office,2021,26,6
PRT,office,2021,27,2
PRT,office,2021,28,4
PRT,office,2021,29,15
PRT,office,2021,3,1
PRT,office,2021,30,15
PRT,office,2021,31,3
PRT,office,2021,32,7
PRT,office,2021,33,14
PRT,office,2021,34,4
PRT,office,2021,35,12
PRT,office,2021,4,3
PRT,office,2021,6,3
PRT,office,2021,7,1
PRT,office,2021,8,2
PRT,office,2021,9,1
PRT,office,2022,1,6
PRT,office,2022,10,7
PRT,office,2022,11,2
PRT,office,2022,12,2
PRT,office,2022,13,4
PRT,office,2022,14,1
PRT,office,2022,15,6
PRT,office,2022,16,3
PRT,office,2022,17,3
PRT,office,2022,18,4
PRT,office,2022,19,5
PRT,office,2022,20,2
PRT,office,2022,21,3
PRT,office,2022,22,1
PRT,office,2022,23,6
PRT,office,2022,24,4
PRT,office,2022,25,3
PRT,office,2022,26,2
PRT,office,2022,27,2
PRT,office,2022,28,4
PRT,office,2022,29,5
PRT,office,2022,3,2
PRT,office,2022,30,3
PRT,office,2022,32,2
PRT,office,2022,33,4
PRT,office,2022,34,4
PRT,office,2022,35,6
PRT,office,2022,4,2
PRT,office,2022,5,2
PRT,office,2022,6,4
PRT,office,2022,9,1
PRT,origin,2015,1,6
PRT,origin,2015,10,11
PRT,origin,2015,11,3
PRT,origin,2015,12,6
PRT,origin,2015,13,12
PRT,origin,2015,14,24
PRT,origin,2015,15,20
PRT,origin,2015,16,34
PRT,origin,2015,17,6
PRT,origin,2015,18,6
PRT,origin,2015,19,12
PRT,origin,2015,2,1
PRT,origin,2015,20,8
PRT,origin,2015,21,3
PRT,origin,2015,22,1
PRT,origin,2015,23,12
PRT,origin,2015,24,1
PRT,origin,2015,25,10
PRT,origin,2015,26,9
PRT,origin,2015,27,2
PRT,origin,2015,29,4
PRT,origin,2015,3,4
PRT,origin,2015,30,3
PRT,origin,2015,31,6
PRT,origin,2015,32,9
PRT,origin,2015,33,8
PRT,origin,2015,34,6
PRT,origin,2015,35,17
PRT,origin,2015,4,4
PRT,origin,2015,5,1
PRT,origin,2015,6,4
PRT,origin,2015,8,9
PRT,origin,2015,9,1
PRT,origin,2016,1,2
PRT,origin,2016,10,10
PRT,origin,2016,11,2
PRT,origin,2016,12,3
PRT,origin,2016,13,14
PRT,origin,2016,14,14
PRT,origin,2016,15,13
PRT,origin,2016,16,24
PRT,origin,2016,17,3
PRT,origin,2016,18,8
PRT,origin,2016,19,17
PRT,origin,2016,2,4
PRT,origin,2016,20,6
PRT,origin,2016,21,4
PRT,origin,2016,22,2
PRT,origin,2016,23,10
PRT,origin,2016,24,3
PRT,origin,2016,25,8
PRT,origin,2016,26,4
PRT,origin,2016,27,6
PRT,origin,2016,28,2
PRT,origin,2016,29,8
PRT,origin,2016,3,5
PRT,origin,2016,30,4
PRT,origin,2016,31,3
PRT,origin,2016,32,11
PRT,origin,2016,33,12
PRT,origin,2016,34,5
PRT,origin,2016,35,17
PRT,origin,2016,4,6
PRT,origin,2016,5,2
PRT,origin,2016,6,10
PRT,origin,2016,8,3
PRT,origin,2016,9,4
PRT,origin,2017,1,7
PRT,origin,2017,10,18
PRT,origin,2017,11,4
PRT,origin,2017,12,4
PRT,origin,2017,13,27
PRT,origin,2017,14,31
PRT,origin,2017,15,25
PRT,origin,2017,16,59
PRT,origin,2017,17,4
PRT,origin,2017,18,13
PRT,origin,2017,19,17
PRT,origin,2017,2,2
PRT,origin,2017,20,5
PRT,origin,2017,21,4
PRT,origin,2017,23,4
PRT,origin,2017,24,2
PRT,origin,2017,25,12
PRT,origin,2017,26,2
PRT,origin,2017,27,5
PRT,origin,2017,28,6
PRT,origin,2017,29,10
PRT,origin,2017,3,3
PRT,origin,2017,30,5
PRT,origin,2017,31,3
PRT,origin,2017,32,13
PRT,origin,2017,33,14
PRT,origin,2017,34,6
PRT,origin,2017,35,25
PRT,origin,2017,4,8
PRT,origin,2017,5,2
PRT,origin,2017,6,11
PRT,origin,2017,7,2
PRT,origin,2017,8,2
PRT,origin,2017,9,6
PRT,origin,2018,1,7
PRT,origin,2018,10,16
PRT,origin,2018,11,6
PRT,origin,2018,12,5
PRT,origin,2018,13,15
PRT,origin,2018,14,23
PRT,origin,2018,15,10
PRT,origin,2018,16,58
PRT,origin,2018,17,4
PRT,origin,2018,18,9
PRT,origin,2018,19,14
PRT,origin,2018,2,4
PRT,origin,2018,20,5
PRT,origin,2018,21,7
PRT,origin,2018,23,14
PRT,origin,2018,24,10
PRT,origin,2018,25,12
PRT,origin,2018,26,8
PRT,origin,2018,27,17
PRT,origin,2018,28,3
PRT,origin,2018,29,9
PRT,origin,2018,3,9
PRT,origin,2018,30,9
PRT,origin,2018,31,7
PRT,origin,2018,32,14
PRT,origin,2018,33,22
PRT,origin,2018,34,7
PRT,origin,2018,35,18
PRT,origin,2018,4,9
PRT,origin,2018,5,1
PRT,origin,2018,6,17
PRT,origin,2018,8,4
PRT,origin,2018,9,8
PRT,origin,2019,1,13
PRT,origin,2019,10,19
PRT,origin,2019,11,5
PRT,origin,2019,12,5
PRT,origin,2019,13,22
PRT,origin,2019,14,33
PRT,origin,2019,15,19
PRT,origin,2019,16,52
PRT,origin,2019,17,4
PRT,origin,2019,18,11
PRT,origin,2019,19,10
PRT,origin,2019,2,5
PRT,origin,2019,20,11
PRT,origin,2019,21,3
PRT,origin,2019,22,2
PRT,origin,2019,23,15
PRT,origin,2019,24,6
PRT,origin,2019,25,14
PRT,origin,2019,26,3
PRT,origin,2019,27,10
PRT,origin,2019,28,5
PRT,origin,2019,29,17
PRT,origin,2019,3,7
PRT,origin,2019,30,8
PRT,origin,2019,31,6
PRT,origin,2019,32,12
PRT,origin,2019,33,27
PRT,origin,2019,34,10
PRT,origin,2019,35,19
PRT,origin,2019,4,9
PRT,origin,2019,5,3
PRT,origin,2019,6,15
PRT,origin,2019,8,7
PRT,origin,2019,9,10
PRT,origin,2020,1,17
PRT,origin,2020,10,18
PRT,origin,2020,11,6
PRT,origin,2020,12,9
PRT,origin,2020,13,26
PRT,origin,2020,14,33
PRT,origin,2020,15,18
PRT,origin,2020,16,49
PRT,origin,2020,17,9
PRT,origin,2020,18,9
PRT,origin,2020,19,11
PRT,origin,2020,2,7
PRT,origin,2020,20,5
PRT,origin,2020,21,4
PRT,origin,2020,22,1
PRT,origin,2020,23,8
PRT,origin,2020,24,9
PRT,origin,2020,25,20
PRT,origin,2020,26,6
PRT,origin,2020,27,9
PRT,origin,2020,28,5
PRT,origin,2020,29,10
PRT,origin,2020,3,10
PRT,origin,2020,30,13
PRT,origin,2020,31,7
PRT,origin,2020,32,15
PRT,origin,2020,33,31
PRT,origin,2020,34,4
PRT,origin,2020,35,27
PRT,origin,2020,4,12
PRT,origin,2020,5,1
PRT,origin,2020,6,12
PRT,origin,2020,7,1
PRT,origin,2020,8,4
PRT,origin,2020,9,6
PRT,origin,2021,1,17
PRT,origin,2021,10,22
PRT,origin,2021,11,5
PRT,origin,2021,12,9
PRT,origin,2021,13,33
PRT,origin,2021,14,40
PRT,origin,2021,15,23
PRT,origin,2021,16,60
PRT,origin,2021,17,6
PRT,origin,2021,18,12
PRT,origin,2021,19,10
PRT,origin,2021,2,5
PRT,origin,2021,20,10
PRT,origin,2021,21,9
PRT,origin,2021,22,3
PRT,origin,2021,23,12
PRT,origin,2021,24,5
PRT,origin,2021,25,29
PRT,origin,2021,26,11
PRT,origin,2021,27,15
PRT,origin,2021,28,6
PRT,origin,2021,29,24
PRT,origin,2021,3,12
PRT,origin,2021,30,22
PRT,origin,2021,31,7
PRT,origin,2021,32,19
PRT,origin,2021,33,52
PRT,origin,2021,34,9
PRT,origin,2021,35,18
PRT,origin,2021,4,13
PRT,origin,2021,5,3
PRT,origin,2021,6,19
PRT,origin,2021,7,2
PRT,origin,2021,8,4
PRT,origin,2021,9,4
PRT,origin,2022,1,10
PRT,origin,2022,10,22
PRT,origin,2022,11,7
PRT,origin,2022,12,11
PRT,origin,2022,13,33
PRT,origin,2022,14,24
PRT,origin,2022,15,17
PRT,origin,2022,16,28
PRT,origin,2022,17,6
PRT,origin,2022,18,4
PRT,origin,2022,19,15
PRT,origin,2022,2,6
PRT,origin,2022,20,9
PRT,origin,2022,21,7
PRT,origin,2022,22,2
PRT,origin,2022,23,15
PRT,origin,2022,24,5
PRT,origin,2022,25,16
PRT,origin,2022,26,10
PRT,origin,2022,27,8
PRT,origin,2022,28,8
PRT,origin,2022,29,21
PRT,origin,2022,3,8
PRT,origin,2022,30,8
PRT,origin,2022,31,6
PRT,origin,2022,32,17
PRT,origin,2022,33,26
PRT,origin,2022,34,10
PRT,origin,2022,35,23
PRT,origin,2022,4,9
PRT,origin,2022,5,4
PRT,origin,2022,6,21
PRT,origin,2022,7,5
PRT,origin,2022,8,2
PRT,origin,2022,9,6
PRY,origin,2015,1,2
PRY,origin,2015,20,1
PRY,origin,2015,29,1
PRY,origin,2015,35,2
PRY,origin,2016,10,1
PRY,origin,2016,19,1
PRY,origin,2017,21,1
PRY,origin,2017,25,1
PRY,origin,2017,35,1
PRY,origin,2018,16,2
PRY,origin,2018,24,1
PRY,origin,2018,29,1
PRY,origin,2018,34,1
PRY,origin,2018,6,1
PRY,origin,2019,1,1
PRY,origin,2019,16,2
PRY,origin,2019,19,3
PRY,origin,2019,2,1
PRY,origin,2019,24,1
PRY,origin,2019,31,1
PRY,origin,2019,9,1
PRY,origin,2020,10,1
PRY,origin,2020,16,1
PRY,origin,2020,21,1
PRY,origin,2020,23,2
PRY,origin,2020,25,2
PRY,origin,2020,26,1
PRY,origin,2020,29,4
PRY,origin,2020,3,1
PRY,origin,2020,30,1
PRY,origin,2020,32,1
PRY,origin,2020,34,1
PRY,origin,2020,35,1
PRY,origin,2021,25,1
PRY,origin,2021,29,2
PRY,origin,2022,1,1
PRY,origin,2022,29,2
PRY,origin,2022,31,1
QAT,origin,2015,2,1
QAT,origin,2015,27,2
QAT,origin,2015,30,1
QAT,origin,2015,31,2
QAT,origin,2015,33,1
QAT,origin,2015,4,2
QAT,origin,2015,6,5
QAT,origin,2016,1,4
QAT,origin,2016,10,3
QAT,origin,2016,12,1
QAT,origin,2016,17,1
QAT,origin,2016,24,1
QAT,origin,2016,25,2
QAT,origin,2016,27,2
QAT,origin,2016,29,1
QAT,origin,2016,30,3
QAT,origin,2016,32,1
QAT,origin,2016,35,2
QAT,origin,2016,4,2
QAT,origin,2016,6,5
QAT,origin,2016,8,2
QAT,origin,2017,1,3
QAT,origin,2017,10,4
QAT,origin,2017,12,3
QAT,origin,2017,13,1
QAT,origin,2017,14,1
QAT,origin,2017,15,1
QAT,origin,2017,16,1
QAT,origin,2017,19,1
QAT,origin,2017,20,1
QAT,origin,2017,25,1
QAT,origin,2017,27,3
QAT,origin,2017,29,1
QAT,origin,2017,3,1
QAT,origin,2017,30,1
QAT,origin,2017,32,1
QAT,origin,2017,33,1
QAT,origin,2017,35,2
QAT,origin,2017,4,3
QAT,origin,2017,6,9
QAT,origin,2018,1,1
QAT,origin,2018,10,1
QAT,origin,2018,12,4
QAT,origin,2018,13,2
QAT,origin,2018,15,1
QAT,origin,2018,20,2
QAT,origin,2018,23,1
QAT,origin,2018,27,7
QAT,origin,2018,29,1
QAT,origin,2018,3,2
QAT,origin,2018,30,1
QAT,origin,2018,31,1
QAT,origin,2018,32,1
QAT,origin,2018,35,2
QAT,origin,2018,4,1
QAT,origin,2018,6,8
QAT,origin,2018,8,2
QAT,origin,2019,1,2
QAT,origin,2019,10,3
QAT,origin,2019,12,1
QAT,origin,2019,13,1
QAT,origin,2019,14,1
QAT,origin,2019,17,1
QAT,origin,2019,2,1
QAT,origin,2019,20,1
QAT,origin,2019,23,2
QAT,origin,2019,24,1
QAT,origin,2019,27,5
QAT,origin,2019,3,3
QAT,origin,2019,31,2
QAT,origin,2019,32,2
QAT,origin,2019,35,1
QAT,origin,2019,4,4
QAT,origin,2019,5,1
QAT,origin,2019,6,6
QAT,origin,2019,8,1
QAT,origin,2020,1,4
QAT,origin,2020,10,2
QAT,origin,2020,12,1
QAT,origin,2020,13,2
QAT,origin,2020,14,2
QAT,origin,2020,19,1
QAT,origin,2020,2,2
QAT,origin,2020,23,3
QAT,origin,2020,24,2
QAT,origin,2020,27,6
QAT,origin,2020,3,2
QAT,origin,2020,30,1
QAT,origin,2020,31,1
QAT,origin,2020,32,2
QAT,origin,2020,33,2
QAT,origin,2020,35,1
QAT,origin,2020,4,2
QAT,origin,2020,5,2
QAT,origin,2020,6,10
QAT,origin,2020,8,1
QAT,origin,2021,1,1
QAT,origin,2021,10,1
QAT,origin,2021,16,1
QAT,origin,2021,17,1
QAT,origin,2021,19,1
QAT,origin,2021,2,2
QAT,origin,2021,20,1
QAT,origin,2021,23,2
QAT,origin,2021,24,4
QAT,origin,2021,31,2
QAT,origin,2021,32,1
QAT,origin,2021,34,1
QAT,origin,2021,35,2
QAT,origin,2021,4,3
QAT,origin,2021,6,3
QAT,origin,2021,8,1
QAT,origin,2022,1,4
QAT,origin,2022,10,2
QAT,origin,2022,12,2
QAT,origin,2022,13,2
QAT,origin,2022,14,1
QAT,origin,2022,15,1
QAT,origin,2022,19,1
QAT,origin,2022,20,2
QAT,origin,2022,21,1
QAT,origin,2022,23,5
QAT,origin,2022,24,3
QAT,origin,2022,27,3
QAT,origin,2022,29,1
QAT,origin,2022,3,1
QAT,origin,2022,30,2
QAT,origin,2022,31,2
QAT,origin,2022,32,2
QAT,origin,2022,33,2
QAT,origin,2022,34,1
QAT,origin,2022,35,3
QAT,origin,2022,4,6
QAT,origin,2022,6,7
QAT,origin,2022,8,1
ROU,office,2015,1,9
ROU,office,2015,10,27
ROU,office,2015,11,4
ROU,office,2015,12,5
ROU,office,2015,13,17
ROU,office,2015,14,6
ROU,office,2015,15,5
ROU,office,2015,16,11
ROU,office,2015,17,9
ROU,office,2015,18,10
ROU,office,2015,19,12
ROU,office,2015,2,2
ROU,office,2015,20,20
ROU,office,2015,21,10
ROU,office,2015,22,1
ROU,office,2015,23,3
ROU,office,2015,24,10
ROU,office,2015,25,9
ROU,office,2015,26,20
ROU,office,2015,27,25
ROU,office,2015,28,3
ROU,office,2015,29,22
ROU,office,2015,3,2
ROU,office,2015,30,8
ROU,office,2015,31,18
ROU,office,2015,32,9
ROU,office,2015,33,5
ROU,office,2015,34,5
ROU,office,2015,35,12
ROU,office,2015,4,3
ROU,office,2015,5,1
ROU,office,2015,6,3
ROU,office,2015,7,1
ROU,office,2015,8,2
ROU,office,2015,9,2
ROU,office,2016,1,15
ROU,office,2016,10,36
ROU,office,2016,11,5
ROU,office,2016,12,3
ROU,office,2016,13,21
ROU,office,2016,14,14
ROU,office,2016,15,3
ROU,office,2016,16,18
ROU,office,2016,17,7
ROU,office,2016,18,12
ROU,office,2016,19,18
ROU,office,2016,2,2
ROU,office,2016,20,21
ROU,office,2016,21,14
ROU,office,2016,22,5
ROU,office,2016,23,17
ROU,office,2016,24,16
ROU,office,2016,25,9
ROU,office,2016,26,22
ROU,office,2016,27,20
ROU,office,2016,28,4
ROU,office,2016,29,18
ROU,office,2016,3,1
ROU,office,2016,30,7
ROU,office,2016,31,9
ROU,office,2016,32,7
ROU,office,2016,33,5
ROU,office,2016,34,3
ROU,office,2016,35,13
ROU,office,2016,5,1
ROU,office,2016,6,2
ROU,office,2016,7,1
ROU,office,2016,8,2
ROU,office,2016,9,6
ROU,office,2017,1,18
ROU,office,2017,10,38
ROU,office,2017,11,7
ROU,office,2017,12,8
ROU,office,2017,13,21
ROU,office,2017,14,5
ROU,office,2017,15,9
ROU,office,2017,16,23
ROU,office,2017,17,5
ROU,office,2017,18,11
ROU,office,2017,19,28
ROU,office,2017,2,1
ROU,office,2017,20,30
ROU,office,2017,21,14
ROU,office,2017,22,4
ROU,office,2017,23,16
ROU,office,2017,24,12
ROU,office,2017,25,9
ROU,office,2017,26,34
ROU,office,2017,27,24
ROU,office,2017,28,6
ROU,office,2017,29,18
ROU,office,2017,3,4
ROU,office,2017,30,8
ROU,office,2017,31,11
ROU,office,2017,32,9
ROU,office,2017,33,6
ROU,office,2017,34,2
ROU,office,2017,35,17
ROU,office,2017,5,1
ROU,office,2017,6,2
ROU,office,2017,8,2
ROU,office,2017,9,4
ROU,office,2018,1,19
ROU,office,2018,10,31
ROU,office,2018,11,5
ROU,office,2018,12,4
ROU,office,2018,13,23
ROU,office,2018,14,12
ROU,office,2018,15,5
ROU,office,2018,16,29
ROU,office,2018,17,8
ROU,office,2018,18,13
ROU,office,2018,19,16
ROU,office,2018,20,26
ROU,office,2018,21,12
ROU,office,2018,22,5
ROU,office,2018,23,25
ROU,office,2018,24,10
ROU,office,2018,25,5
ROU,office,2018,26,16
ROU,office,2018,27,19
ROU,office,2018,28,6
ROU,office,2018,29,16
ROU,office,2018,3,1
ROU,office,2018,30,11
ROU,office,2018,31,5
ROU,office,2018,32,12
ROU,office,2018,33,4
ROU,office,2018,34,5
ROU,office,2018,35,4
ROU,office,2018,5,4
ROU,office,2018,6,6
ROU,office,2018,7,2
ROU,office,2018,8,3
ROU,office,2018,9,5
ROU,office,2019,1,21
ROU,office,2019,10,21
ROU,office,2019,11,6
ROU,office,2019,12,10
ROU,office,2019,13,17
ROU,office,2019,14,7
ROU,office,2019,15,9
ROU,office,2019,16,38
ROU,office,2019,17,8
ROU,office,2019,18,5
ROU,office,2019,19,21
ROU,office,2019,2,2
ROU,office,2019,20,17
ROU,office,2019,21,10
ROU,office,2019,22,3
ROU,office,2019,23,21
ROU,office,2019,24,10
ROU,office,2019,25,9
ROU,office,2019,26,15
ROU,office,2019,27,24
ROU,office,2019,28,4
ROU,office,2019,29,16
ROU,office,2019,30,9
ROU,office,2019,31,12
ROU,office,2019,32,11
ROU,office,2019,33,7
ROU,office,2019,34,4
ROU,office,2019,35,9
ROU,office,2019,5,1
ROU,office,2019,6,5
ROU,office,2019,8,3
ROU,office,2019,9,5
ROU,office,2020,1,25
ROU,office,2020,10,24
ROU,office,2020,11,7
ROU,office,2020,12,9
ROU,office,2020,13,23
ROU,office,2020,14,10
ROU,office,2020,15,6
ROU,office,2020,16,23
ROU,office,2020,17,4
ROU,office,2020,18,9
ROU,office,2020,19,24
ROU,office,2020,2,3
ROU,office,2020,20,22
ROU,office,2020,21,23
ROU,office,2020,22,4
ROU,office,2020,23,16
ROU,office,2020,24,15
ROU,office,2020,25,2
ROU,office,2020,26,8
ROU,office,2020,27,19
ROU,office,2020,28,5
ROU,office,2020,29,12
ROU,office,2020,3,1
ROU,office,2020,30,3
ROU,office,2020,31,8
ROU,office,2020,32,11
ROU,office,2020,33,10
ROU,office,2020,34,6
ROU,office,2020,35,14
ROU,office,2020,4,2
ROU,office,2020,5,1
ROU,office,2020,6,6
ROU,office,2020,8,7
ROU,office,2020,9,4
ROU,office,2021,1,19
ROU,office,2021,10,26
ROU,office,2021,11,3
ROU,office,2021,12,5
ROU,office,2021,13,23
ROU,office,2021,14,5
ROU,office,2021,15,9
ROU,office,2021,16,28
ROU,office,2021,17,11
ROU,office,2021,18,13
ROU,office,2021,19,22
ROU,office,2021,2,2
ROU,office,2021,20,16
ROU,office,2021,21,9
ROU,office,2021,22,7
ROU,office,2021,23,20
ROU,office,2021,24,22
ROU,office,2021,25,6
ROU,office,2021,26,11
ROU,office,2021,27,22
ROU,office,2021,28,7
ROU,office,2021,29,16
ROU,office,2021,3,3
ROU,office,2021,30,8
ROU,office,2021,31,7
ROU,office,2021,32,13
ROU,office,2021,33,13
ROU,office,2021,34,3
ROU,office,2021,35,20
ROU,office,2021,6,2
ROU,office,2021,8,2
ROU,office,2021,9,6
ROU,office,2022,1,21
ROU,office,2022,10,29
ROU,office,2022,11,7
ROU,office,2022,12,6
ROU,office,2022,13,10
ROU,office,2022,14,10
ROU,office,2022,15,4
ROU,office,2022,16,22
ROU,office,2022,17,9
ROU,office,2022,18,13
ROU,office,2022,19,19
ROU,office,2022,2,2
ROU,office,2022,20,20
ROU,office,2022,21,9
ROU,office,2022,22,3
ROU,office,2022,23,21
ROU,office,2022,24,9
ROU,office,2022,25,3
ROU,office,2022,26,20
ROU,office,2022,27,17
ROU,office,2022,28,5
ROU,office,2022,29,24
ROU,office,2022,3,1
ROU,office,2022,30,12
ROU,office,2022,31,12
ROU,office,2022,32,15
ROU,office,2022,33,9
ROU,office,2022,34,5
ROU,office,2022,35,17
ROU,office,2022,4,1
ROU,office,2022,5,2
ROU,office,2022,6,4
ROU,office,2022,8,4
ROU,office,2022,9,4
ROU,origin,2015,1,10
ROU,origin,2015,10,28
ROU,origin,2015,11,5
ROU,origin,2015,12,6
ROU,origin,2015,13,19
ROU,origin,2015,14,5
ROU,origin,2015,15,5
ROU,origin,2015,16,11
ROU,origin,2015,17,9
ROU,origin,2015,18,11
ROU,origin,2015,19,11
ROU,origin,2015,2,3
ROU,origin,2015,20,21
ROU,origin,2015,21,10
ROU,origin,2015,22,1
ROU,origin,2015,23,4
ROU,origin,2015,24,12
ROU,origin,2015,25,12
ROU,origin,2015,26,21
ROU,origin,2015,27,26
ROU,origin,2015,28,2
ROU,origin,2015,29,23
ROU,origin,2015,3,4
ROU,origin,2015,30,10
ROU,origin,2015,31,17
ROU,origin,2015,32,9
ROU,origin,2015,33,3
ROU,origin,2015,34,8
ROU,origin,2015,35,15
ROU,origin,2015,4,2
ROU,origin,2015,5,2
ROU,origin,2015,6,7
ROU,origin,2015,8,2
ROU,origin,2015,9,2
ROU,origin,2016,1,17
ROU,origin,2016,10,42
ROU,origin,2016,11,5
ROU,origin,2016,12,3
ROU,origin,2016,13,23
ROU,origin,2016,14,14
ROU,origin,2016,15,3
ROU,origin,2016,16,20
ROU,origin,2016,17,7
ROU,origin,2016,18,13
ROU,origin,2016,19,19
ROU,origin,2016,2,2
ROU,origin,2016,20,25
ROU,origin,2016,21,15
ROU,origin,2016,22,7
ROU,origin,2016,23,18
ROU,origin,2016,24,18
ROU,origin,2016,25,8
ROU,origin,2016,26,22
ROU,origin,2016,27,23
ROU,origin,2016,28,4
ROU,origin,2016,29,18
ROU,origin,2016,3,3
ROU,origin,2016,30,8
ROU,origin,2016,31,10
ROU,origin,2016,32,8
ROU,origin,2016,33,5
ROU,origin,2016,34,6
ROU,origin,2016,35,13
ROU,origin,2016,4,5
ROU,origin,2016,5,2
ROU,origin,2016,6,10
ROU,origin,2016,7,2
ROU,origin,2016,8,3
ROU,origin,2016,9,6
ROU,origin,2017,1,18
ROU,origin,2017,10,41
ROU,origin,2017,11,7
ROU,origin,2017,12,9
ROU,origin,2017,13,23
ROU,origin,2017,14,5
ROU,origin,2017,15,8
ROU,origin,2017,16,24
ROU,origin,2017,17,5
ROU,origin,2017,18,12
ROU,origin,2017,19,27
ROU,origin,2017,2,1
ROU,origin,2017,20,32
ROU,origin,2017,21,16
ROU,origin,2017,22,4
ROU,origin,2017,23,17
ROU,origin,2017,24,12
ROU,origin,2017,25,10
ROU,origin,2017,26,34
ROU,origin,2017,27,25
ROU,origin,2017,28,7
ROU,origin,2017,29,17
ROU,origin,2017,3,5
ROU,origin,2017,30,10
ROU,origin,2017,31,12
ROU,origin,2017,32,12
ROU,origin,2017,33,6
ROU,origin,2017,34,4
ROU,origin,2017,35,17
ROU,origin,2017,4,2
ROU,origin,2017,5,2
ROU,origin,2017,6,13
ROU,origin,2017,8,3
ROU,origin,2017,9,7
ROU,origin,2018,1,23
ROU,origin,2018,10,37
ROU,origin,2018,11,5
ROU,origin,2018,12,4
ROU,origin,2018,13,24
ROU,origin,2018,14,13
ROU,origin,2018,15,5
ROU,origin,2018,16,32
ROU,origin,2018,17,8
ROU,origin,2018,18,13
ROU,origin,2018,19,16
ROU,origin,2018,20,29
ROU,origin,2018,21,12
ROU,origin,2018,22,5
ROU,origin,2018,23,25
ROU,origin,2018,24,10
ROU,origin,2018,25,7
ROU,origin,2018,26,16
ROU,origin,2018,27,17
ROU,origin,2018,28,5
ROU,origin,2018,29,18
ROU,origin,2018,3,1
ROU,origin,2018,30,11
ROU,origin,2018,31,6
ROU,origin,2018,32,19
ROU,origin,2018,33,4
ROU,origin,2018,34,4
ROU,origin,2018,35,6
ROU,origin,2018,4,6
ROU,origin,2018,5,4
ROU,origin,2018,6,9
ROU,origin,2018,7,2
ROU,origin,2018,8,3
ROU,origin,2018,9,5
ROU,origin,2019,1,24
ROU,origin,2019,10,24
ROU,origin,2019,11,6
ROU,origin,2019,12,9
ROU,origin,2019,13,21
ROU,origin,2019,14,7
ROU,origin,2019,15,9
ROU,origin,2019,16,38
ROU,origin,2019,17,8
ROU,origin,2019,18,5
ROU,origin,2019,19,21
ROU,origin,2019,2,2
ROU,origin,2019,20,18
ROU,origin,2019,21,11
ROU,origin,2019,22,3
ROU,origin,2019,23,21
ROU,origin,2019,24,10
ROU,origin,2019,25,9
ROU,origin,2019,26,16
ROU,origin,2019,27,21
ROU,origin,2019,28,4
ROU,origin,2019,29,16
ROU,origin,2019,30,8
ROU,origin,2019,31,12
ROU,origin,2019,32,17
ROU,origin,2019,33,7
ROU,origin,2019,34,6
ROU,origin,2019,35,12
ROU,origin,2019,4,2
ROU,origin,2019,5,2
ROU,origin,2019,6,5
ROU,origin,2019,8,3
ROU,origin,2019,9,5
ROU,origin,2020,1,27
ROU,origin,2020,10,31
ROU,origin,2020,11,8
ROU,origin,2020,12,9
ROU,origin,2020,13,27
ROU,origin,2020,14,10
ROU,origin,2020,15,6
ROU,origin,2020,16,24
ROU,origin,2020,17,4
ROU,origin,2020,18,9
ROU,origin,2020,19,24
ROU,origin,2020,2,5
ROU,origin,2020,20,23
ROU,origin,2020,21,23
ROU,origin,2020,22,4
ROU,origin,2020,23,16
ROU,origin,2020,24,16
ROU,origin,2020,25,3
ROU,origin,2020,26,8
ROU,origin,2020,27,18
ROU,origin,2020,28,5
ROU,origin,2020,29,13
ROU,origin,2020,3,3
ROU,origin,2020,30,6
ROU,origin,2020,31,10
ROU,origin,2020,32,19
ROU,origin,2020,33,10
ROU,origin,2020,34,7
ROU,origin,2020,35,21
ROU,origin,2020,4,4
ROU,origin,2020,5,1
ROU,origin,2020,6,7
ROU,origin,2020,8,8
ROU,origin,2020,9,4
ROU,origin,2021,1,21
ROU,origin,2021,10,29
ROU,origin,2021,11,3
ROU,origin,2021,12,6
ROU,origin,2021,13,25
ROU,origin,2021,14,5
ROU,origin,2021,15,9
ROU,origin,2021,16,28
ROU,origin,2021,17,11
ROU,origin,2021,18,12
ROU,origin,2021,19,22
ROU,origin,2021,2,7
ROU,origin,2021,20,15
ROU,origin,2021,21,10
ROU,origin,2021,22,7
ROU,origin,2021,23,19
ROU,origin,2021,24,20
ROU,origin,2021,25,7
ROU,origin,2021,26,13
ROU,origin,2021,27,17
ROU,origin,2021,28,7
ROU,origin,2021,29,21
ROU,origin,2021,3,4
ROU,origin,2021,30,8
ROU,origin,2021,31,13
ROU,origin,2021,32,27
ROU,origin,2021,33,19
ROU,origin,2021,34,5
ROU,origin,2021,35,20
ROU,origin,2021,4,2
ROU,origin,2021,6,6
ROU,origin,2021,8,2
ROU,origin,2021,9,6
ROU,origin,2022,1,21
ROU,origin,2022,10,35
ROU,origin,2022,11,7
ROU,origin,2022,12,6
ROU,origin,2022,13,14
ROU,origin,2022,14,10
ROU,origin,2022,15,4
ROU,origin,2022,16,22
ROU,origin,2022,17,11
ROU,origin,2022,18,13
ROU,origin,2022,19,19
ROU,origin,2022,2,3
ROU,origin,2022,20,20
ROU,origin,2022,21,9
ROU,origin,2022,22,3
ROU,origin,2022,23,21
ROU,origin,2022,24,9
ROU,origin,2022,25,3
ROU,origin,2022,26,24
ROU,origin,2022,27,21
ROU,origin,2022,28,6
ROU,origin,2022,29,26
ROU,origin,2022,3,1
ROU,origin,2022,30,12
ROU,origin,2022,31,13
ROU,origin,2022,32,25
ROU,origin,2022,33,9
ROU,origin,2022,34,4
ROU,origin,2022,35,14
ROU,origin,2022,4,3
ROU,origin,2022,5,2
ROU,origin,2022,6,7
ROU,origin,2022,8,6
ROU,origin,2022,9,4
RUS,office,2015,0,2
RUS,office,2015,1,1526
RUS,office,2015,10,2575
RUS,office,2015,11,650
RUS,office,2015,12,516
RUS,office,2015,13,2370
RUS,office,2015,14,865
RUS,office,2015,15,669
RUS,office,2015,16,1636
RUS,office,2015,17,493
RUS,office,2015,18,2469
RUS,office,2015,19,1159
RUS,office,2015,2,366
RUS,office,2015,20,1751
RUS,office,2015,21,587
RUS,office,2015,22,256
RUS,office,2015,23,1277
RUS,office,2015,24,728
RUS,office,2015,25,607
RUS,office,2015,26,1142
RUS,office,2015,27,1668
RUS,office,2015,28,267
RUS,office,2015,29,1942
RUS,office,2015,3,517
RUS,office,2015,30,604
RUS,office,2015,31,1077
RUS,office,2015,32,1734
RUS,office,2015,33,487
RUS,office,2015,34,508
RUS,office,2015,35,2035
RUS,office,2015,4,691
RUS,office,2015,5,274
RUS,office,2015,6,779
RUS,office,2015,7,76
RUS,office,2015,8,272
RUS,office,2015,9,377
RUS,office,2016,0,1
RUS,office,2016,1,1163
RUS,office,2016,10,2001
RUS,office,2016,11,476
RUS,office,2016,12,408
RUS,office,2016,13,1933
RUS,office,2016,14,660
RUS,office,2016,15,502
RUS,office,2016,16,1251
RUS,office,2016,17,387
RUS,office,2016,18,4953
RUS,office,2016,19,866
RUS,office,2016,2,417
RUS,office,2016,20,1231
RUS,office,2016,21,479
RUS,office,2016,22,176
RUS,office,2016,23,959
RUS,office,2016,24,565
RUS,office,2016,25,487
RUS,office,2016,26,868
RUS,office,2016,27,1303
RUS,office,2016,28,245
RUS,office,2016,29,1477
RUS,office,2016,3,465
RUS,office,2016,30,384
RUS,office,2016,31,1046
RUS,office,2016,32,1361
RUS,office,2016,33,381
RUS,office,2016,34,682
RUS,office,2016,35,1731
RUS,office,2016,4,672
RUS,office,2016,5,225
RUS,office,2016,6,931
RUS,office,2016,7,100
RUS,office,2016,8,219
RUS,office,2016,9,347
RUS,office,2017,1,1375
RUS,office,2017,10,2388
RUS,office,2017,11,644
RUS,office,2017,12,573
RUS,office,2017,13,2682
RUS,office,2017,14,858
RUS,office,2017,15,627
RUS,office,2017,16,1505
RUS,office,2017,17,521
RUS,office,2017,18,1360
RUS,office,2017,19,1186
RUS,office,2017,2,497
RUS,office,2017,20,1706
RUS,office,2017,21,569
RUS,office,2017,22,238
RUS,office,2017,23,1309
RUS,office,2017,24,748
RUS,office,2017,25,614
RUS,office,2017,26,1034
RUS,office,2017,27,1691
RUS,office,2017,28,321
RUS,office,2017,29,1849
RUS,office,2017,3,503
RUS,office,2017,30,543
RUS,office,2017,31,1153
RUS,office,2017,32,1661
RUS,office,2017,33,451
RUS,office,2017,34,614
RUS,office,2017,35,2007
RUS,office,2017,4,810
RUS,office,2017,5,213
RUS,office,2017,6,1295
RUS,office,2017,7,131
RUS,office,2017,8,264
RUS,office,2017,9,424
RUS,office,2018,0,2
RUS,office,2018,1,1587
RUS,office,2018,10,2552
RUS,office,2018,11,612
RUS,office,2018,12,640
RUS,office,2018,13,2744
RUS,office,2018,14,948
RUS,office,2018,15,706
RUS,office,2018,16,1673
RUS,office,2018,17,544
RUS,office,2018,18,1050
RUS,office,2018,19,1134
RUS,office,2018,2,561
RUS,office,2018,20,1401
RUS,office,2018,21,508
RUS,office,2018,22,205
RUS,office,2018,23,1402
RUS,office,2018,24,884
RUS,office,2018,25,671
RUS,office,2018,26,868
RUS,office,2018,27,1655
RUS,office,2018,28,378
RUS,office,2018,29,1836
RUS,office,2018,3,520
RUS,office,2018,30,582
RUS,office,2018,31,1408
RUS,office,2018,32,2231
RUS,office,2018,33,564
RUS,office,2018,34,800
RUS,office,2018,35,2107
RUS,office,2018,4,855
RUS,office,2018,5,215
RUS,office,2018,6,1307
RUS,office,2018,7,166
RUS,office,2018,8,304
RUS,office,2018,9,456
RUS,office,2019,0,1
RUS,office,2019,1,1447
RUS,office,2019,10,2441
RUS,office,2019,11,645
RUS,office,2019,12,576
RUS,office,2019,13,2794
RUS,office,2019,14,809
RUS,office,2019,15,738
RUS,office,2019,16,1747
RUS,office,2019,17,494
RUS,office,2019,18,814
RUS,office,2019,19,937
RUS,office,2019,2,468
RUS,office,2019,20,1407
RUS,office,2019,21,623
RUS,office,2019,22,210
RUS,office,2019,23,1145
RUS,office,2019,24,701
RUS,office,2019,25,683
RUS,office,2019,26,1158
RUS,office,2019,27,1640
RUS,office,2019,28,326
RUS,office,2019,29,1881
RUS,office,2019,3,490
RUS,office,2019,30,549
RUS,office,2019,31,985
RUS,office,2019,32,2211
RUS,office,2019,33,517
RUS,office,2019,34,729
RUS,office,2019,35,1838
RUS,office,2019,4,773
RUS,office,2019,5,256
RUS,office,2019,6,1113
RUS,office,2019,7,185
RUS,office,2019,8,247
RUS,office,2019,9,377
RUS,office,2020,1,1138
RUS,office,2020,10,1983
RUS,office,2020,11,493
RUS,office,2020,12,528
RUS,office,2020,13,2845
RUS,office,2020,14,711
RUS,office,2020,15,868
RUS,office,2020,16,1476
RUS,office,2020,17,360
RUS,office,2020,18,885
RUS,office,2020,19,877
RUS,office,2020,2,330
RUS,office,2020,20,1124
RUS,office,2020,21,471
RUS,office,2020,22,159
RUS,office,2020,23,1002
RUS,office,2020,24,539
RUS,office,2020,25,573
RUS,office,2020,26,714
RUS,office,2020,27,1116
RUS,office,2020,28,232
RUS,office,2020,29,1663
RUS,office,2020,3,424
RUS,office,2020,30,482
RUS,office,2020,31,849
RUS,office,2020,32,1979
RUS,office,2020,33,402
RUS,office,2020,34,703
RUS,office,2020,35,1730
RUS,office,2020,4,862
RUS,office,2020,5,261
RUS,office,2020,6,862
RUS,office,2020,7,167
RUS,office,2020,8,185
RUS,office,2020,9,292
RUS,office,2021,1,839
RUS,office,2021,10,1670
RUS,office,2021,11,442
RUS,office,2021,12,431
RUS,office,2021,13,2171
RUS,office,2021,14,573
RUS,office,2021,15,766
RUS,office,2021,16,1260
RUS,office,2021,17,317
RUS,office,2021,18,631
RUS,office,2021,19,697
RUS,office,2021,2,238
RUS,office,2021,20,978
RUS,office,2021,21,404
RUS,office,2021,22,123
RUS,office,2021,23,885
RUS,office,2021,24,483
RUS,office,2021,25,493
RUS,office,2021,26,671
RUS,office,2021,27,828
RUS,office,2021,28,218
RUS,office,2021,29,1340
RUS,office,2021,3,334
RUS,office,2021,30,381
RUS,office,2021,31,638
RUS,office,2021,32,1410
RUS,office,2021,33,328
RUS,office,2021,34,590
RUS,office,2021,35,1382
RUS,office,2021,4,794
RUS,office,2021,5,137
RUS,office,2021,6,679
RUS,office,2021,7,97
RUS,office,2021,8,181
RUS,office,2021,9,293
RUS,office,2022,0,1
RUS,office,2022,1,273
RUS,office,2022,10,561
RUS,office,2022,11,133
RUS,office,2022,12,144
RUS,office,2022,13,709
RUS,office,2022,14,193
RUS,office,2022,15,255
RUS,office,2022,16,433
RUS,office,2022,17,96
RUS,office,2022,18,223
RUS,office,2022,19,213
RUS,office,2022,2,106
RUS,office,2022,20,343
RUS,office,2022,21,165
RUS,office,2022,22,31
RUS,office,2022,23,254
RUS,office,2022,24,129
RUS,office,2022,25,178
RUS,office,2022,26,236
RUS,office,2022,27,277
RUS,office,2022,28,79
RUS,office,2022,29,463
RUS,office,2022,3,101
RUS,office,2022,30,114
RUS,office,2022,31,233
RUS,office,2022,32,485
RUS,office,2022,33,129
RUS,office,2022,34,233
RUS,office,2022,35,446
RUS,office,2022,4,229
RUS,office,2022,5,44
RUS,office,2022,6,213
RUS,office,2022,7,23
RUS,office,2022,8,43
RUS,office,2022,9,81
RUS,origin,2015,1,860
RUS,origin,2015,10,2098
RUS,origin,2015,11,583
RUS,origin,2015,12,380
RUS,origin,2015,13,1612
RUS,origin,2015,14,458
RUS,origin,2015,15,394
RUS,origin,2015,16,1058
RUS,origin,2015,17,247
RUS,origin,2015,18,2244
RUS,origin,2015,19,716
RUS,origin,2015,2,118
RUS,origin,2015,20,1376
RUS,origin,2015,21,412
RUS,origin,2015,22,230
RUS,origin,2015,23,910
RUS,origin,2015,24,495
RUS,origin,2015,25,208
RUS,origin,2015,26,779
RUS,origin,2015,27,1057
RUS,origin,2015,28,66
RUS,origin,2015,29,1501
RUS,origin,2015,3,295
RUS,origin,2015,30,415
RUS,origin,2015,31,722
RUS,origin,2015,32,1095
RUS,origin,2015,33,164
RUS,origin,2015,34,174
RUS,origin,2015,35,1548
RUS,origin,2015,4,123
RUS,origin,2015,5,221
RUS,origin,2015,6,471
RUS,origin,2015,7,22
RUS,origin,2015,8,196
RUS,origin,2015,9,200
RUS,origin,2016,1,686
RUS,origin,2016,10,1529
RUS,origin,2016,11,422
RUS,origin,2016,12,273
RUS,origin,2016,13,1165
RUS,origin,2016,14,339
RUS,origin,2016,15,269
RUS,origin,2016,16,776
RUS,origin,2016,17,156
RUS,origin,2016,18,4718
RUS,origin,2016,19,544
RUS,origin,2016,2,107
RUS,origin,2016,20,899
RUS,origin,2016,21,323
RUS,origin,2016,22,163
RUS,origin,2016,23,654
RUS,origin,2016,24,387
RUS,origin,2016,25,139
RUS,origin,2016,26,529
RUS,origin,2016,27,780
RUS,origin,2016,28,66
RUS,origin,2016,29,1071
RUS,origin,2016,3,304
RUS,origin,2016,30,237
RUS,origin,2016,31,721
RUS,origin,2016,32,790
RUS,origin,2016,33,134
RUS,origin,2016,34,362
RUS,origin,2016,35,1249
RUS,origin,2016,4,132
RUS,origin,2016,5,186
RUS,origin,2016,6,474
RUS,origin,2016,7,34
RUS,origin,2016,8,168
RUS,origin,2016,9,169
RUS,origin,2017,1,697
RUS,origin,2017,10,1921
RUS,origin,2017,11,575
RUS,origin,2017,12,390
RUS,origin,2017,13,1805
RUS,origin,2017,14,462
RUS,origin,2017,15,360
RUS,origin,2017,16,967
RUS,origin,2017,17,242
RUS,origin,2017,18,1126
RUS,origin,2017,19,740
RUS,origin,2017,2,106
RUS,origin,2017,20,1380
RUS,origin,2017,21,389
RUS,origin,2017,22,219
RUS,origin,2017,23,985
RUS,origin,2017,24,560
RUS,origin,2017,25,194
RUS,origin,2017,26,687
RUS,origin,2017,27,978
RUS,origin,2017,28,91
RUS,origin,2017,29,1424
RUS,origin,2017,3,305
RUS,origin,2017,30,363
RUS,origin,2017,31,813
RUS,origin,2017,32,995
RUS,origin,2017,33,221
RUS,origin,2017,34,179
RUS,origin,2017,35,1455
RUS,origin,2017,4,154
RUS,origin,2017,5,182
RUS,origin,2017,6,702
RUS,origin,2017,7,61
RUS,origin,2017,8,192
RUS,origin,2017,9,200
RUS,origin,2018,1,848
RUS,origin,2018,10,2054
RUS,origin,2018,11,532
RUS,origin,2018,12,403
RUS,origin,2018,13,1783
RUS,origin,2018,14,450
RUS,origin,2018,15,384
RUS,origin,2018,16,931
RUS,origin,2018,17,225
RUS,origin,2018,18,824
RUS,origin,2018,19,622
RUS,origin,2018,2,133
RUS,origin,2018,20,1026
RUS,origin,2018,21,305
RUS,origin,2018,22,186
RUS,origin,2018,23,964
RUS,origin,2018,24,669
RUS,origin,2018,25,202
RUS,origin,2018,26,481
RUS,origin,2018,27,908
RUS,origin,2018,28,106
RUS,origin,2018,29,1304
RUS,origin,2018,3,327
RUS,origin,2018,30,364
RUS,origin,2018,31,930
RUS,origin,2018,32,1225
RUS,origin,2018,33,228
RUS,origin,2018,34,214
RUS,origin,2018,35,1513
RUS,origin,2018,4,141
RUS,origin,2018,5,173
RUS,origin,2018,6,626
RUS,origin,2018,7,82
RUS,origin,2018,8,230
RUS,origin,2018,9,191
RUS,origin,2019,1,821
RUS,origin,2019,10,2030
RUS,origin,2019,11,577
RUS,origin,2019,12,365
RUS,origin,2019,13,1979
RUS,origin,2019,14,383
RUS,origin,2019,15,430
RUS,origin,2019,16,1019
RUS,origin,2019,17,230
RUS,origin,2019,18,638
RUS,origin,2019,19,565
RUS,origin,2019,2,130
RUS,origin,2019,20,972
RUS,origin,2019,21,406
RUS,origin,2019,22,200
RUS,origin,2019,23,737
RUS,origin,2019,24,449
RUS,origin,2019,25,248
RUS,origin,2019,26,696
RUS,origin,2019,27,909
RUS,origin,2019,28,110
RUS,origin,2019,29,1395
RUS,origin,2019,3,346
RUS,origin,2019,30,369
RUS,origin,2019,31,602
RUS,origin,2019,32,1111
RUS,origin,2019,33,223
RUS,origin,2019,34,179
RUS,origin,2019,35,1367
RUS,origin,2019,4,190
RUS,origin,2019,5,227
RUS,origin,2019,6,655
RUS,origin,2019,7,109
RUS,origin,2019,8,198
RUS,origin,2019,9,202
RUS,origin,2020,0,1
RUS,origin,2020,1,740
RUS,origin,2020,10,1623
RUS,origin,2020,11,421
RUS,origin,2020,12,382
RUS,origin,2020,13,2035
RUS,origin,2020,14,300
RUS,origin,2020,15,477
RUS,origin,2020,16,747
RUS,origin,2020,17,144
RUS,origin,2020,18,691
RUS,origin,2020,19,583
RUS,origin,2020,2,93
RUS,origin,2020,20,741
RUS,origin,2020,21,268
RUS,origin,2020,22,160
RUS,origin,2020,23,680
RUS,origin,2020,24,370
RUS,origin,2020,25,216
RUS,origin,2020,26,449
RUS,origin,2020,27,760
RUS,origin,2020,28,78
RUS,origin,2020,29,1237
RUS,origin,2020,3,305
RUS,origin,2020,30,334
RUS,origin,2020,31,509
RUS,origin,2020,32,1210
RUS,origin,2020,33,187
RUS,origin,2020,34,156
RUS,origin,2020,35,1279
RUS,origin,2020,4,164
RUS,origin,2020,5,221
RUS,origin,2020,6,612
RUS,origin,2020,7,86
RUS,origin,2020,8,132
RUS,origin,2020,9,144
RUS,origin,2021,1,619
RUS,origin,2021,10,1437
RUS,origin,2021,11,397
RUS,origin,2021,12,325
RUS,origin,2021,13,1642
RUS,origin,2021,14,260
RUS,origin,2021,15,423
RUS,origin,2021,16,638
RUS,origin,2021,17,162
RUS,origin,2021,18,482
RUS,origin,2021,19,488
RUS,origin,2021,2,85
RUS,origin,2021,20,751
RUS,origin,2021,21,270
RUS,origin,2021,22,109
RUS,origin,2021,23,612
RUS,origin,2021,24,359
RUS,origin,2021,25,213
RUS,origin,2021,26,434
RUS,origin,2021,27,704
RUS,origin,2021,28,80
RUS,origin,2021,29,1020
RUS,origin,2021,3,253
RUS,origin,2021,30,281
RUS,origin,2021,31,441
RUS,origin,2021,32,975
RUS,origin,2021,33,164
RUS,origin,2021,34,154
RUS,origin,2021,35,1093
RUS,origin,2021,4,133
RUS,origin,2021,5,125
RUS,origin,2021,6,545
RUS,origin,2021,7,67
RUS,origin,2021,8,147
RUS,origin,2021,9,147
RUS,origin,2022,1,204
RUS,origin,2022,10,490
RUS,origin,2022,11,116
RUS,origin,2022,12,117
RUS,origin,2022,13,555
RUS,origin,2022,14,97
RUS,origin,2022,15,155
RUS,origin,2022,16,245
RUS,origin,2022,17,54
RUS,origin,2022,18,162
RUS,origin,2022,19,144
RUS,origin,2022,2,29
RUS,origin,2022,20,252
RUS,origin,2022,21,112
RUS,origin,2022,22,29
RUS,origin,2022,23,191
RUS,origin,2022,24,101
RUS,origin,2022,25,87
RUS,origin,2022,26,135
RUS,origin,2022,27,296
RUS,origin,2022,28,33
RUS,origin,2022,29,371
RUS,origin,2022,3,81
RUS,origin,2022,30,96
RUS,origin,2022,31,170
RUS,origin,2022,32,338
RUS,origin,2022,33,67
RUS,origin,2022,34,40
RUS,origin,2022,35,347
RUS,origin,2022,4,78
RUS,origin,2022,5,42
RUS,origin,2022,6,213
RUS,origin,2022,7,18
RUS,origin,2022,8,42
RUS,origin,2022,9,35
RWA,origin,2020,29,1
RWA,origin,2021,2,1
SAU,office,2015,10,1
SAU,office,2015,13,1
SAU,office,2015,14,1
SAU,office,2015,15,1
SAU,office,2015,16,9
SAU,office,2015,17,1
SAU,office,2015,18,3
SAU,office,2015,19,3
SAU,office,2015,20,5
SAU,office,2015,23,4
SAU,office,2015,28,2
SAU,office,2015,29,2
SAU,office,2015,30,10
SAU,office,2015,35,2
SAU,office,2015,4,1
SAU,office,2015,6,1
SAU,office,2016,1,2
SAU,office,2016,14,1
SAU,office,2016,18,6
SAU,office,2016,19,2
SAU,office,2016,20,2
SAU,office,2016,21,4
SAU,office,2016,23,2
SAU,office,2016,29,3
SAU,office,2016,3,1
SAU,office,2016,30,2
SAU,office,2016,35,1
SAU,office,2016,4,3
SAU,office,2016,6,1
SAU,office,2017,1,1
SAU,office,2017,13,1
SAU,office,2017,15,1
SAU,office,2017,16,2
SAU,office,2017,18,2
SAU,office,2017,19,2
SAU,office,2017,20,3
SAU,office,2017,23,1
SAU,office,2017,29,3
SAU,office,2017,30,3
SAU,office,2017,31,1
SAU,office,2017,4,1
SAU,office,2017,6,1
SAU,office,2017,9,1
SAU,office,2018,13,3
SAU,office,2018,14,1
SAU,office,2018,16,2
SAU,office,2018,17,1
SAU,office,2018,18,4
SAU,office,2018,19,4
SAU,office,2018,20,2
SAU,office,2018,21,1
SAU,office,2018,23,1
SAU,office,2018,29,5
SAU,office,2018,3,1
SAU,office,2018,30,8
SAU,office,2018,35,1
SAU,office,2018,4,3
SAU,office,2018,6,4
SAU,office,2019,14,2
SAU,office,2019,18,1
SAU,office,2019,19,2
SAU,office,2019,20,3
SAU,office,2019,21,1
SAU,office,2019,24,1
SAU,office,2019,29,3
SAU,office,2019,3,1
SAU,office,2019,30,4
SAU,office,2019,31,1
SAU,office,2019,32,1
SAU,office,2019,4,1
SAU,office,2020,1,1
SAU,office,2020,10,2
SAU,office,2020,13,2
SAU,office,2020,14,2
SAU,office,2020,18,1
SAU,office,2020,19,6
SAU,office,2020,20,5
SAU,office,2020,21,1
SAU,office,2020,23,5
SAU,office,2020,28,1
SAU,office,2020,29,2
SAU,office,2020,30,5
SAU,office,2020,4,8
SAU,office,2020,6,2
SAU,office,2021,1,1
SAU,office,2021,10,3
SAU,office,2021,13,6
SAU,office,2021,14,1
SAU,office,2021,16,5
SAU,office,2021,19,14
SAU,office,2021,20,10
SAU,office,2021,21,4
SAU,office,2021,23,4
SAU,office,2021,29,5
SAU,office,2021,30,19
SAU,office,2021,31,2
SAU,office,2021,32,1
SAU,office,2021,6,2
SAU,office,2022,1,1
SAU,office,2022,10,3
SAU,office,2022,13,1
SAU,office,2022,14,2
SAU,office,2022,15,2
SAU,office,2022,16,3
SAU,office,2022,19,13
SAU,office,2022,20,7
SAU,office,2022,21,1
SAU,office,2022,23,1
SAU,office,2022,29,13
SAU,office,2022,30,6
SAU,office,2022,4,1
SAU,office,2022,6,4
SAU,origin,2015,1,8
SAU,origin,2015,10,47
SAU,origin,2015,11,6
SAU,origin,2015,12,13
SAU,origin,2015,13,20
SAU,origin,2015,14,46
SAU,origin,2015,15,6
SAU,origin,2015,16,13
SAU,origin,2015,17,40
SAU,origin,2015,19,67
SAU,origin,2015,2,4
SAU,origin,2015,20,33
SAU,origin,2015,21,4
SAU,origin,2015,22,4
SAU,origin,2015,23,60
SAU,origin,2015,24,36
SAU,origin,2015,25,2
SAU,origin,2015,26,2
SAU,origin,2015,27,11
SAU,origin,2015,28,2
SAU,origin,2015,29,20
SAU,origin,2015,3,7
SAU,origin,2015,30,9
SAU,origin,2015,31,7
SAU,origin,2015,32,6
SAU,origin,2015,33,2
SAU,origin,2015,34,5
SAU,origin,2015,35,53
SAU,origin,2015,4,18
SAU,origin,2015,5,11
SAU,origin,2015,6,44
SAU,origin,2015,7,3
SAU,origin,2015,8,6
SAU,origin,2015,9,4
SAU,origin,2016,1,16
SAU,origin,2016,10,68
SAU,origin,2016,11,11
SAU,origin,2016,12,15
SAU,origin,2016,13,33
SAU,origin,2016,14,80
SAU,origin,2016,15,8
SAU,origin,2016,16,17
SAU,origin,2016,17,60
SAU,origin,2016,18,1
SAU,origin,2016,19,126
SAU,origin,2016,2,4
SAU,origin,2016,20,44
SAU,origin,2016,21,12
SAU,origin,2016,22,3
SAU,origin,2016,23,93
SAU,origin,2016,24,31
SAU,origin,2016,25,10
SAU,origin,2016,26,1
SAU,origin,2016,27,15
SAU,origin,2016,28,2
SAU,origin,2016,29,27
SAU,origin,2016,3,6
SAU,origin,2016,30,15
SAU,origin,2016,31,11
SAU,origin,2016,32,11
SAU,origin,2016,33,3
SAU,origin,2016,34,6
SAU,origin,2016,35,77
SAU,origin,2016,4,16
SAU,origin,2016,5,8
SAU,origin,2016,6,71
SAU,origin,2016,7,3
SAU,origin,2016,8,14
SAU,origin,2016,9,3
SAU,origin,2017,0,1
SAU,origin,2017,1,25
SAU,origin,2017,10,82
SAU,origin,2017,11,19
SAU,origin,2017,12,21
SAU,origin,2017,13,27
SAU,origin,2017,14,83
SAU,origin,2017,15,11
SAU,origin,2017,16,19
SAU,origin,2017,17,79
SAU,origin,2017,18,1
SAU,origin,2017,19,144
SAU,origin,2017,2,5
SAU,origin,2017,20,44
SAU,origin,2017,21,19
SAU,origin,2017,22,4
SAU,origin,2017,23,112
SAU,origin,2017,24,47
SAU,origin,2017,25,6
SAU,origin,2017,26,3
SAU,origin,2017,27,23
SAU,origin,2017,29,31
SAU,origin,2017,3,14
SAU,origin,2017,30,28
SAU,origin,2017,31,11
SAU,origin,2017,32,11
SAU,origin,2017,33,1
SAU,origin,2017,34,4
SAU,origin,2017,35,107
SAU,origin,2017,4,22
SAU,origin,2017,5,9
SAU,origin,2017,6,53
SAU,origin,2017,7,4
SAU,origin,2017,8,12
SAU,origin,2017,9,6
SAU,origin,2018,1,27
SAU,origin,2018,10,115
SAU,origin,2018,11,27
SAU,origin,2018,12,14
SAU,origin,2018,13,38
SAU,origin,2018,14,111
SAU,origin,2018,15,15
SAU,origin,2018,16,40
SAU,origin,2018,17,71
SAU,origin,2018,18,2
SAU,origin,2018,19,227
SAU,origin,2018,2,2
SAU,origin,2018,20,45
SAU,origin,2018,21,21
SAU,origin,2018,22,3
SAU,origin,2018,23,117
SAU,origin,2018,24,42
SAU,origin,2018,25,9
SAU,origin,2018,26,4
SAU,origin,2018,27,22
SAU,origin,2018,28,5
SAU,origin,2018,29,25
SAU,origin,2018,3,13
SAU,origin,2018,30,26
SAU,origin,2018,31,11
SAU,origin,2018,32,10
SAU,origin,2018,33,3
SAU,origin,2018,34,2
SAU,origin,2018,35,126
SAU,origin,2018,4,21
SAU,origin,2018,5,2
SAU,origin,2018,6,52
SAU,origin,2018,7,4
SAU,origin,2018,8,7
SAU,origin,2018,9,6
SAU,origin,2019,1,40
SAU,origin,2019,10,150
SAU,origin,2019,11,25
SAU,origin,2019,12,22
SAU,origin,2019,13,60
SAU,origin,2019,14,101
SAU,origin,2019,15,8
SAU,origin,2019,16,30
SAU,origin,2019,17,73
SAU,origin,2019,18,2
SAU,origin,2019,19,264
SAU,origin,2019,2,5
SAU,origin,2019,20,70
SAU,origin,2019,21,30
SAU,origin,2019,22,4
SAU,origin,2019,23,139
SAU,origin,2019,24,47
SAU,origin,2019,25,10
SAU,origin,2019,26,4
SAU,origin,2019,27,52
SAU,origin,2019,28,2
SAU,origin,2019,29,23
SAU,origin,2019,3,22
SAU,origin,2019,30,37
SAU,origin,2019,31,19
SAU,origin,2019,32,16
SAU,origin,2019,33,5
SAU,origin,2019,34,5
SAU,origin,2019,35,193
SAU,origin,2019,4,31
SAU,origin,2019,5,4
SAU,origin,2019,6,53
SAU,origin,2019,7,4
SAU,origin,2019,8,18
SAU,origin,2019,9,8
SAU,origin,2020,1,45
SAU,origin,2020,10,156
SAU,origin,2020,11,40
SAU,origin,2020,12,21
SAU,origin,2020,13,36
SAU,origin,2020,14,60
SAU,origin,2020,15,11
SAU,origin,2020,16,38
SAU,origin,2020,17,55
SAU,origin,2020,19,262
SAU,origin,2020,2,4
SAU,origin,2020,20,66
SAU,origin,2020,21,17
SAU,origin,2020,22,7
SAU,origin,2020,23,126
SAU,origin,2020,24,42
SAU,origin,2020,25,12
SAU,origin,2020,26,5
SAU,origin,2020,27,54
SAU,origin,2020,28,2
SAU,origin,2020,29,15
SAU,origin,2020,3,23
SAU,origin,2020,30,26
SAU,origin,2020,31,19
SAU,origin,2020,32,14
SAU,origin,2020,33,6
SAU,origin,2020,34,2
SAU,origin,2020,35,251
SAU,origin,2020,4,27
SAU,origin,2020,5,8
SAU,origin,2020,6,54
SAU,origin,2020,7,5
SAU,origin,2020,8,17
SAU,origin,2020,9,11
SAU,origin,2021,1,57
SAU,origin,2021,10,220
SAU,origin,2021,11,41
SAU,origin,2021,12,29
SAU,origin,2021,13,37
SAU,origin,2021,14,87
SAU,origin,2021,15,12
SAU,origin,2021,16,49
SAU,origin,2021,17,51
SAU,origin,2021,18,2
SAU,origin,2021,19,352
SAU,origin,2021,2,6
SAU,origin,2021,20,76
SAU,origin,2021,21,18
SAU,origin,2021,22,7
SAU,origin,2021,23,165
SAU,origin,2021,24,59
SAU,origin,2021,25,6
SAU,origin,2021,26,8
SAU,origin,2021,27,45
SAU,origin,2021,28,9
SAU,origin,2021,29,20
SAU,origin,2021,3,18
SAU,origin,2021,30,26
SAU,origin,2021,31,27
SAU,origin,2021,32,24
SAU,origin,2021,33,3
SAU,origin,2021,34,7
SAU,origin,2021,35,355
SAU,origin,2021,4,37
SAU,origin,2021,5,5
SAU,origin,2021,6,77
SAU,origin,2021,7,6
SAU,origin,2021,8,25
SAU,origin,2021,9,15
SAU,origin,2022,1,50
SAU,origin,2022,10,232
SAU,origin,2022,11,33
SAU,origin,2022,12,36
SAU,origin,2022,13,42
SAU,origin,2022,14,66
SAU,origin,2022,15,10
SAU,origin,2022,16,45
SAU,origin,2022,17,38
SAU,origin,2022,18,1
SAU,origin,2022,19,278
SAU,origin,2022,2,7
SAU,origin,2022,20,76
SAU,origin,2022,21,27
SAU,origin,2022,22,7
SAU,origin,2022,23,173
SAU,origin,2022,24,61
SAU,origin,2022,25,8
SAU,origin,2022,26,12
SAU,origin,2022,27,48
SAU,origin,2022,28,9
SAU,origin,2022,29,27
SAU,origin,2022,3,22
SAU,origin,2022,30,20
SAU,origin,2022,31,23
SAU,origin,2022,32,20
SAU,origin,2022,33,3
SAU,origin,2022,34,7
SAU,origin,2022,35,384
SAU,origin,2022,4,35
SAU,origin,2022,5,8
SAU,origin,2022,6,94
SAU,origin,2022,7,11
SAU,origin,2022,8,26
SAU,origin,2022,9,8
SDN,origin,2015,13,1
SDN,origin,2016,25,1
SDN,origin,2016,29,1
SDN,origin,2021,11,1
SDN,origin,2021,13,1
SDN,origin,2021,16,1
SEN,origin,2018,16,1
SEN,origin,2019,12,1
SEN,origin,2020,14,1
SEN,origin,2020,16,1
SGP,origin,2015,0,3
SGP,origin,2015,1,128
SGP,origin,2015,10,110
SGP,origin,2015,11,17
SGP,origin,2015,12,28
SGP,origin,2015,13,76
SGP,origin,2015,14,36
SGP,origin,2015,15,59
SGP,origin,2015,16,63
SGP,origin,2015,17,22
SGP,origin,2015,18,15
SGP,origin,2015,19,26
SGP,origin,2015,2,252
SGP,origin,2015,20,25
SGP,origin,2015,21,38
SGP,origin,2015,22,13
SGP,origin,2015,23,39
SGP,origin,2015,24,18
SGP,origin,2015,25,28
SGP,origin,2015,26,29
SGP,origin,2015,27,22
SGP,origin,2015,28,16
SGP,origin,2015,29,37
SGP,origin,2015,3,100
SGP,origin,2015,30,8
SGP,origin,2015,31,20
SGP,origin,2015,32,46
SGP,origin,2015,33,14
SGP,origin,2015,34,24
SGP,origin,2015,35,55
SGP,origin,2015,4,130
SGP,origin,2015,5,112
SGP,origin,2015,6,369
SGP,origin,2015,7,17
SGP,origin,2015,8,630
SGP,origin,2015,9,83
SGP,origin,2016,1,198
SGP,origin,2016,10,139
SGP,origin,2016,11,23
SGP,origin,2016,12,42
SGP,origin,2016,13,68
SGP,origin,2016,14,55
SGP,origin,2016,15,63
SGP,origin,2016,16,60
SGP,origin,2016,17,17
SGP,origin,2016,18,15
SGP,origin,2016,19,14
SGP,origin,2016,2,378
SGP,origin,2016,20,29
SGP,origin,2016,21,41
SGP,origin,2016,22,15
SGP,origin,2016,23,53
SGP,origin,2016,24,22
SGP,origin,2016,25,38
SGP,origin,2016,26,32
SGP,origin,2016,27,29
SGP,origin,2016,28,16
SGP,origin,2016,29,47
SGP,origin,2016,3,118
SGP,origin,2016,30,12
SGP,origin,2016,31,34
SGP,origin,2016,32,49
SGP,origin,2016,33,18
SGP,origin,2016,34,25
SGP,origin,2016,35,59
SGP,origin,2016,4,174
SGP,origin,2016,5,109
SGP,origin,2016,6,549
SGP,origin,2016,7,28
SGP,origin,2016,8,645
SGP,origin,2016,9,112
SGP,origin,2017,0,1
SGP,origin,2017,1,197
SGP,origin,2017,10,142
SGP,origin,2017,11,33
SGP,origin,2017,12,43
SGP,origin,2017,13,83
SGP,origin,2017,14,49
SGP,origin,2017,15,66
SGP,origin,2017,16,74
SGP,origin,2017,17,28
SGP,origin,2017,18,12
SGP,origin,2017,19,24
SGP,origin,2017,2,341
SGP,origin,2017,20,23
SGP,origin,2017,21,25
SGP,origin,2017,22,14
SGP,origin,2017,23,55
SGP,origin,2017,24,19
SGP,origin,2017,25,34
SGP,origin,2017,26,30
SGP,origin,2017,27,17
SGP,origin,2017,28,12
SGP,origin,2017,29,43
SGP,origin,2017,3,152
SGP,origin,2017,30,14
SGP,origin,2017,31,37
SGP,origin,2017,32,52
SGP,origin,2017,33,27
SGP,origin,2017,34,18
SGP,origin,2017,35,65
SGP,origin,2017,4,279
SGP,origin,2017,5,127
SGP,origin,2017,6,473
SGP,origin,2017,7,29
SGP,origin,2017,8,546
SGP,origin,2017,9,63
SGP,origin,2018,1,247
SGP,origin,2018,10,157
SGP,origin,2018,11,43
SGP,origin,2018,12,41
SGP,origin,2018,13,96
SGP,origin,2018,14,44
SGP,origin,2018,15,112
SGP,origin,2018,16,80
SGP,origin,2018,17,28
SGP,origin,2018,18,14
SGP,origin,2018,19,29
SGP,origin,2018,2,372
SGP,origin,2018,20,21
SGP,origin,2018,21,25
SGP,origin,2018,22,14
SGP,origin,2018,23,57
SGP,origin,2018,24,19
SGP,origin,2018,25,36
SGP,origin,2018,26,24
SGP,origin,2018,27,22
SGP,origin,2018,28,9
SGP,origin,2018,29,43
SGP,origin,2018,3,157
SGP,origin,2018,30,11
SGP,origin,2018,31,21
SGP,origin,2018,32,46
SGP,origin,2018,33,20
SGP,origin,2018,34,28
SGP,origin,2018,35,53
SGP,origin,2018,4,341
SGP,origin,2018,5,102
SGP,origin,2018,6,481
SGP,origin,2018,7,16
SGP,origin,2018,8,394
SGP,origin,2018,9,194
SGP,origin,2019,1,219
SGP,origin,2019,10,175
SGP,origin,2019,11,40
SGP,origin,2019,12,57
SGP,origin,2019,13,116
SGP,origin,2019,14,54
SGP,origin,2019,15,108
SGP,origin,2019,16,97
SGP,origin,2019,17,37
SGP,origin,2019,18,21
SGP,origin,2019,19,24
SGP,origin,2019,2,372
SGP,origin,2019,20,24
SGP,origin,2019,21,26
SGP,origin,2019,22,17
SGP,origin,2019,23,52
SGP,origin,2019,24,16
SGP,origin,2019,25,35
SGP,origin,2019,26,25
SGP,origin,2019,27,28
SGP,origin,2019,28,21
SGP,origin,2019,29,53
SGP,origin,2019,3,155
SGP,origin,2019,30,18
SGP,origin,2019,31,28
SGP,origin,2019,32,55
SGP,origin,2019,33,23
SGP,origin,2019,34,29
SGP,origin,2019,35,67
SGP,origin,2019,4,388
SGP,origin,2019,5,92
SGP,origin,2019,6,504
SGP,origin,2019,7,39
SGP,origin,2019,8,441
SGP,origin,2019,9,341
SGP,origin,2020,1,226
SGP,origin,2020,10,178
SGP,origin,2020,11,39
SGP,origin,2020,12,51
SGP,origin,2020,13,147
SGP,origin,2020,14,42
SGP,origin,2020,15,109
SGP,origin,2020,16,91
SGP,origin,2020,17,53
SGP,origin,2020,18,12
SGP,origin,2020,19,30
SGP,origin,2020,2,462
SGP,origin,2020,20,30
SGP,origin,2020,21,35
SGP,origin,2020,22,19
SGP,origin,2020,23,64
SGP,origin,2020,24,27
SGP,origin,2020,25,35
SGP,origin,2020,26,33
SGP,origin,2020,27,22
SGP,origin,2020,28,19
SGP,origin,2020,29,72
SGP,origin,2020,3,182
SGP,origin,2020,30,15
SGP,origin,2020,31,37
SGP,origin,2020,32,57
SGP,origin,2020,33,33
SGP,origin,2020,34,25
SGP,origin,2020,35,54
SGP,origin,2020,4,425
SGP,origin,2020,5,79
SGP,origin,2020,6,550
SGP,origin,2020,7,54
SGP,origin,2020,8,318
SGP,origin,2020,9,667
SGP,origin,2021,1,190
SGP,origin,2021,10,158
SGP,origin,2021,11,31
SGP,origin,2021,12,49
SGP,origin,2021,13,153
SGP,origin,2021,14,45
SGP,origin,2021,15,105
SGP,origin,2021,16,94
SGP,origin,2021,17,41
SGP,origin,2021,18,20
SGP,origin,2021,19,32
SGP,origin,2021,2,454
SGP,origin,2021,20,22
SGP,origin,2021,21,47
SGP,origin,2021,22,10
SGP,origin,2021,23,73
SGP,origin,2021,24,37
SGP,origin,2021,25,38
SGP,origin,2021,26,42
SGP,origin,2021,27,42
SGP,origin,2021,28,29
SGP,origin,2021,29,72
SGP,origin,2021,3,204
SGP,origin,2021,30,21
SGP,origin,2021,31,45
SGP,origin,2021,32,57
SGP,origin,2021,33,33
SGP,origin,2021,34,28
SGP,origin,2021,35,76
SGP,origin,2021,4,445
SGP,origin,2021,5,64
SGP,origin,2021,6,592
SGP,origin,2021,7,50
SGP,origin,2021,8,317
SGP,origin,2021,9,453
SGP,origin,2022,1,199
SGP,origin,2022,10,150
SGP,origin,2022,11,25
SGP,origin,2022,12,56
SGP,origin,2022,13,152
SGP,origin,2022,14,49
SGP,origin,2022,15,89
SGP,origin,2022,16,108
SGP,origin,2022,17,39
SGP,origin,2022,18,16
SGP,origin,2022,19,19
SGP,origin,2022,2,310
SGP,origin,2022,20,14
SGP,origin,2022,21,31
SGP,origin,2022,22,12
SGP,origin,2022,23,49
SGP,origin,2022,24,30
SGP,origin,2022,25,37
SGP,origin,2022,26,35
SGP,origin,2022,27,31
SGP,origin,2022,28,11
SGP,origin,2022,29,75
SGP,origin,2022,3,151
SGP,origin,2022,30,19
SGP,origin,2022,31,40
SGP,origin,2022,32,63
SGP,origin,2022,33,35
SGP,origin,2022,34,23
SGP,origin,2022,35,68
SGP,origin,2022,4,508
SGP,origin,2022,5,86
SGP,origin,2022,6,634
SGP,origin,2022,7,74
SGP,origin,2022,8,330
SGP,origin,2022,9,306
SLE,origin,2015,19,1
SLE,origin,2016,1,1
SLE,origin,2016,12,1
SLE,origin,2016,5,1
SLE,origin,2017,35,1
SLE,origin,2018,24,1
SLE,origin,2018,31,1
SLE,origin,2021,2,1
SLE,origin,2021,21,1
SLV,origin,2015,16,2
SLV,origin,2015,18,1
SLV,origin,2016,1,1
SLV,origin,2016,14,1
SLV,origin,2017,14,1
SLV,origin,2018,14,1
SLV,origin,2018,16,2
SLV,origin,2018,18,1
SLV,origin,2019,32,1
SLV,origin,2020,30,2
SLV,origin,2020,33,1
SLV,origin,2022,12,1
SLV,origin,2022,14,1
SLV,origin,2022,16,1
SLV,origin,2022,30,1
SLV,origin,2022,31,1
SMR,office,2015,18,1
SMR,origin,2015,13,1
SMR,origin,2015,16,1
SMR,origin,2015,25,1
SMR,origin,2015,26,2
SMR,origin,2015,32,1
SMR,origin,2015,35,1
SMR,origin,2016,13,1
SMR,origin,2016,16,1
SMR,origin,2016,25,1
SMR,origin,2016,26,1
SMR,origin,2016,32,1
SMR,origin,2016,34,1
SMR,origin,2017,25,4
SMR,origin,2017,26,1
SMR,origin,2017,32,1
SMR,origin,2017,33,1
SMR,origin,2017,34,2
SMR,origin,2017,4,1
SMR,origin,2017,5,1
SMR,origin,2017,6,5
SMR,origin,2018,13,1
SMR,origin,2018,16,1
SMR,origin,2018,24,2
SMR,origin,2018,25,3
SMR,origin,2018,34,2
SMR,origin,2018,35,1
SMR,origin,2018,5,1
SMR,origin,2018,6,1
SMR,origin,2019,2,1
SMR,origin,2019,25,4
SMR,origin,2019,31,1
SMR,origin,2019,32,1
SMR,origin,2019,34,1
SMR,origin,2019,35,9
SMR,origin,2019,5,1
SMR,origin,2019,6,1
SMR,origin,2020,2,2
SMR,origin,2020,25,5
SMR,origin,2020,26,1
SMR,origin,2020,3,1
SMR,origin,2020,4,1
SMR,origin,2020,5,1
SMR,origin,2020,6,1
SMR,origin,2021,26,1
SMR,origin,2021,32,1
SMR,origin,2021,34,2
SMR,origin,2021,35,1
SMR,origin,2021,4,1
SMR,origin,2021,6,1
SMR,origin,2022,11,1
SMR,origin,2022,15,1
SMR,origin,2022,16,1
SMR,origin,2022,2,1
SMR,origin,2022,25,6
SMR,origin,2022,26,1
SMR,origin,2022,29,1
SMR,origin,2022,31,2
SMR,origin,2022,34,1
SMR,origin,2022,35,1
SMR,origin,2022,4,2
SMR,origin,2022,6,2
SOM,origin,2015,14,1
SOM,origin,2015,16,1
SOM,origin,2018,4,6
SOM,origin,2021,32,1
SRB,office,2015,0,1
SRB,office,2015,1,17
SRB,office,2015,10,7
SRB,office,2015,11,3
SRB,office,2015,12,4
SRB,office,2015,13,22
SRB,office,2015,14,131
SRB,office,2015,15,51
SRB,office,2015,16,223
SRB,office,2015,17,8
SRB,office,2015,18,14
SRB,office,2015,19,36
SRB,office,2015,2,8
SRB,office,2015,20,20
SRB,office,2015,21,4
SRB,office,2015,22,1
SRB,office,2015,23,20
SRB,office,2015,24,10
SRB,office,2015,25,27
SRB,office,2015,26,9
SRB,office,2015,27,14
SRB,office,2015,28,8
SRB,office,2015,29,31
SRB,office,2015,3,4
SRB,office,2015,30,9
SRB,office,2015,31,19
SRB,office,2015,32,15
SRB,office,2015,33,10
SRB,office,2015,34,23
SRB,office,2015,35,32
SRB,office,2015,4,7
SRB,office,2015,6,5
SRB,office,2015,7,2
SRB,office,2015,8,1
SRB,office,2016,0,1
SRB,office,2016,1,27
SRB,office,2016,10,4
SRB,office,2016,11,9
SRB,office,2016,12,5
SRB,office,2016,13,34
SRB,office,2016,14,153
SRB,office,2016,15,55
SRB,office,2016,16,260
SRB,office,2016,17,8
SRB,office,2016,18,12
SRB,office,2016,19,37
SRB,office,2016,2,10
SRB,office,2016,20,19
SRB,office,2016,21,12
SRB,office,2016,23,11
SRB,office,2016,24,15
SRB,office,2016,25,40
SRB,office,2016,26,16
SRB,office,2016,27,19
SRB,office,2016,28,6
SRB,office,2016,29,38
SRB,office,2016,3,2
SRB,office,2016,30,22
SRB,office,2016,31,20
SRB,office,2016,32,15
SRB,office,2016,33,11
SRB,office,2016,34,31
SRB,office,2016,35,37
SRB,office,2016,4,5
SRB,office,2016,5,3
SRB,office,2016,6,4
SRB,office,2016,7,2
SRB,office,2016,8,1
SRB,office,2016,9,3
SRB,office,2017,0,2
SRB,office,2017,1,23
SRB,office,2017,10,9
SRB,office,2017,11,12
SRB,office,2017,12,10
SRB,office,2017,13,41
SRB,office,2017,14,202
SRB,office,2017,15,97
SRB,office,2017,16,338
SRB,office,2017,17,15
SRB,office,2017,18,24
SRB,office,2017,19,52
SRB,office,2017,2,41
SRB,office,2017,20,18
SRB,office,2017,21,17
SRB,office,2017,22,1
SRB,office,2017,23,19
SRB,office,2017,24,16
SRB,office,2017,25,62
SRB,office,2017,26,32
SRB,office,2017,27,13
SRB,office,2017,28,20
SRB,office,2017,29,42
SRB,office,2017,3,1
SRB,office,2017,30,17
SRB,office,2017,31,15
SRB,office,2017,32,22
SRB,office,2017,33,19
SRB,office,2017,34,44
SRB,office,2017,35,48
SRB,office,2017,4,11
SRB,office,2017,5,3
SRB,office,2017,6,10
SRB,office,2017,7,4
SRB,office,2017,8,4
SRB,office,2017,9,4
SRB,office,2018,0,2
SRB,office,2018,1,30
SRB,office,2018,10,9
SRB,office,2018,11,15
SRB,office,2018,12,8
SRB,office,2018,13,43
SRB,office,2018,14,196
SRB,office,2018,15,151
SRB,office,2018,16,420
SRB,office,2018,17,15
SRB,office,2018,18,38
SRB,office,2018,19,57
SRB,office,2018,2,44
SRB,office,2018,20,32
SRB,office,2018,21,16
SRB,office,2018,23,29
SRB,office,2018,24,20
SRB,office,2018,25,44
SRB,office,2018,26,27
SRB,office,2018,27,17
SRB,office,2018,28,17
SRB,office,2018,29,76
SRB,office,2018,3,3
SRB,office,2018,30,22
SRB,office,2018,31,19
SRB,office,2018,32,26
SRB,office,2018,33,18
SRB,office,2018,34,49
SRB,office,2018,35,61
SRB,office,2018,4,13
SRB,office,2018,5,1
SRB,office,2018,6,11
SRB,office,2018,8,2
SRB,office,2018,9,6
SRB,office,2019,1,41
SRB,office,2019,10,17
SRB,office,2019,11,21
SRB,office,2019,12,11
SRB,office,2019,13,61
SRB,office,2019,14,194
SRB,office,2019,15,172
SRB,office,2019,16,435
SRB,office,2019,17,17
SRB,office,2019,18,34
SRB,office,2019,19,69
SRB,office,2019,2,34
SRB,office,2019,20,40
SRB,office,2019,21,16
SRB,office,2019,22,1
SRB,office,2019,23,34
SRB,office,2019,24,30
SRB,office,2019,25,64
SRB,office,2019,26,25
SRB,office,2019,27,28
SRB,office,2019,28,20
SRB,office,2019,29,80
SRB,office,2019,3,8
SRB,office,2019,30,35
SRB,office,2019,31,35
SRB,office,2019,32,43
SRB,office,2019,33,25
SRB,office,2019,34,54
SRB,office,2019,35,71
SRB,office,2019,4,13
SRB,office,2019,5,1
SRB,office,2019,6,19
SRB,office,2019,7,5
SRB,office,2019,8,2
SRB,office,2019,9,5
SRB,office,2020,1,44
SRB,office,2020,10,19
SRB,office,2020,11,21
SRB,office,2020,12,10
SRB,office,2020,13,49
SRB,office,2020,14,183
SRB,office,2020,15,183
SRB,office,2020,16,443
SRB,office,2020,17,13
SRB,office,2020,18,39
SRB,office,2020,19,58
SRB,office,2020,2,15
SRB,office,2020,20,43
SRB,office,2020,21,18
SRB,office,2020,22,1
SRB,office,2020,23,45
SRB,office,2020,24,16
SRB,office,2020,25,55
SRB,office,2020,26,26
SRB,office,2020,27,18
SRB,office,2020,28,15
SRB,office,2020,29,70
SRB,office,2020,3,3
SRB,office,2020,30,20
SRB,office,2020,31,25
SRB,office,2020,32,34
SRB,office,2020,33,16
SRB,office,2020,34,25
SRB,office,2020,35,73
SRB,office,2020,4,16
SRB,office,2020,5,1
SRB,office,2020,6,15
SRB,office,2020,7,2
SRB,office,2020,8,1
SRB,office,2020,9,10
SRB,office,2021,0,1
SRB,office,2021,1,41
SRB,office,2021,10,16
SRB,office,2021,11,21
SRB,office,2021,12,8
SRB,office,2021,13,71
SRB,office,2021,14,176
SRB,office,2021,15,154
SRB,office,2021,16,417
SRB,office,2021,17,22
SRB,office,2021,18,33
SRB,office,2021,19,51
SRB,office,2021,2,19
SRB,office,2021,20,41
SRB,office,2021,21,22
SRB,office,2021,23,35
SRB,office,2021,24,21
SRB,office,2021,25,45
SRB,office,2021,26,20
SRB,office,2021,27,25
SRB,office,2021,28,20
SRB,office,2021,29,68
SRB,office,2021,3,3
SRB,office,2021,30,25
SRB,office,2021,31,23
SRB,office,2021,32,45
SRB,office,2021,33,24
SRB,office,2021,34,29
SRB,office,2021,35,72
SRB,office,2021,4,12
SRB,office,2021,5,1
SRB,office,2021,6,23
SRB,office,2021,7,2
SRB,office,2021,8,4
SRB,office,2021,9,4
SRB,office,2022,1,36
SRB,office,2022,10,23
SRB,office,2022,11,14
SRB,office,2022,12,9
SRB,office,2022,13,29
SRB,office,2022,14,130
SRB,office,2022,15,94
SRB,office,2022,16,298
SRB,office,2022,17,20
SRB,office,2022,18,17
SRB,office,2022,19,34
SRB,office,2022,2,14
SRB,office,2022,20,34
SRB,office,2022,21,9
SRB,office,2022,23,28
SRB,office,2022,24,11
SRB,office,2022,25,44
SRB,office,2022,26,20
SRB,office,2022,27,15
SRB,office,2022,28,21
SRB,office,2022,29,57
SRB,office,2022,3,4
SRB,office,2022,30,12
SRB,office,2022,31,18
SRB,office,2022,32,55
SRB,office,2022,33,20
SRB,office,2022,34,13
SRB,office,2022,35,53
SRB,office,2022,4,8
SRB,office,2022,5,3
SRB,office,2022,6,11
SRB,office,2022,7,2
SRB,office,2022,8,1
SRB,origin,2015,1,4
SRB,origin,2015,10,3
SRB,origin,2015,11,1
SRB,origin,2015,12,3
SRB,origin,2015,13,2
SRB,origin,2015,14,1
SRB,origin,2015,15,2
SRB,origin,2015,16,2
SRB,origin,2015,18,3
SRB,origin,2015,19,3
SRB,origin,2015,2,5
SRB,origin,2015,20,1
SRB,origin,2015,21,1
SRB,origin,2015,23,2
SRB,origin,2015,24,2
SRB,origin,2015,25,3
SRB,origin,2015,27,10
SRB,origin,2015,29,7
SRB,origin,2015,3,3
SRB,origin,2015,30,3
SRB,origin,2015,31,2
SRB,origin,2015,32,3
SRB,origin,2015,33,1
SRB,origin,2015,35,2
SRB,origin,2015,4,4
SRB,origin,2015,6,5
SRB,origin,2015,8,1
SRB,origin,2016,1,11
SRB,origin,2016,12,1
SRB,origin,2016,13,2
SRB,origin,2016,14,1
SRB,origin,2016,16,2
SRB,origin,2016,18,2
SRB,origin,2016,19,2
SRB,origin,2016,2,4
SRB,origin,2016,20,1
SRB,origin,2016,21,1
SRB,origin,2016,23,2
SRB,origin,2016,24,2
SRB,origin,2016,25,6
SRB,origin,2016,26,2
SRB,origin,2016,27,9
SRB,origin,2016,28,2
SRB,origin,2016,29,2
SRB,origin,2016,3,1
SRB,origin,2016,30,2
SRB,origin,2016,31,2
SRB,origin,2016,32,2
SRB,origin,2016,33,1
SRB,origin,2016,35,5
SRB,origin,2016,4,3
SRB,origin,2016,5,3
SRB,origin,2016,6,3
SRB,origin,2016,7,1
SRB,origin,2017,1,3
SRB,origin,2017,10,2
SRB,origin,2017,12,3
SRB,origin,2017,13,3
SRB,origin,2017,16,2
SRB,origin,2017,18,4
SRB,origin,2017,19,1
SRB,origin,2017,2,2
SRB,origin,2017,23,2
SRB,origin,2017,25,5
SRB,origin,2017,26,1
SRB,origin,2017,27,3
SRB,origin,2017,29,6
SRB,origin,2017,31,1
SRB,origin,2017,32,1
SRB,origin,2017,33,4
SRB,origin,2017,34,1
SRB,origin,2017,35,3
SRB,origin,2017,4,2
SRB,origin,2017,6,3
SRB,origin,2017,8,1
SRB,origin,2018,1,1
SRB,origin,2018,10,1
SRB,origin,2018,12,2
SRB,origin,2018,13,6
SRB,origin,2018,14,1
SRB,origin,2018,15,1
SRB,origin,2018,16,3
SRB,origin,2018,18,2
SRB,origin,2018,19,2
SRB,origin,2018,2,1
SRB,origin,2018,20,3
SRB,origin,2018,23,3
SRB,origin,2018,25,4
SRB,origin,2018,26,1
SRB,origin,2018,27,7
SRB,origin,2018,29,7
SRB,origin,2018,3,1
SRB,origin,2018,30,2
SRB,origin,2018,31,2
SRB,origin,2018,32,4
SRB,origin,2018,33,2
SRB,origin,2018,34,2
SRB,origin,2018,35,5
SRB,origin,2018,6,1
SRB,origin,2019,1,4
SRB,origin,2019,10,2
SRB,origin,2019,12,2
SRB,origin,2019,13,7
SRB,origin,2019,14,2
SRB,origin,2019,16,2
SRB,origin,2019,17,2
SRB,origin,2019,18,3
SRB,origin,2019,19,1
SRB,origin,2019,2,2
SRB,origin,2019,21,1
SRB,origin,2019,23,4
SRB,origin,2019,24,1
SRB,origin,2019,25,5
SRB,origin,2019,26,4
SRB,origin,2019,27,8
SRB,origin,2019,29,5
SRB,origin,2019,3,1
SRB,origin,2019,31,2
SRB,origin,2019,32,3
SRB,origin,2019,33,2
SRB,origin,2019,35,8
SRB,origin,2019,4,3
SRB,origin,2019,5,1
SRB,origin,2019,6,8
SRB,origin,2019,7,1
SRB,origin,2019,8,1
SRB,origin,2020,1,5
SRB,origin,2020,10,5
SRB,origin,2020,11,1
SRB,origin,2020,12,3
SRB,origin,2020,13,7
SRB,origin,2020,14,2
SRB,origin,2020,15,1
SRB,origin,2020,16,2
SRB,origin,2020,17,1
SRB,origin,2020,18,4
SRB,origin,2020,19,1
SRB,origin,2020,2,4
SRB,origin,2020,20,2
SRB,origin,2020,22,1
SRB,origin,2020,23,2
SRB,origin,2020,24,1
SRB,origin,2020,25,4
SRB,origin,2020,27,7
SRB,origin,2020,28,1
SRB,origin,2020,29,5
SRB,origin,2020,30,2
SRB,origin,2020,31,2
SRB,origin,2020,32,4
SRB,origin,2020,33,3
SRB,origin,2020,34,3
SRB,origin,2020,35,7
SRB,origin,2020,4,4
SRB,origin,2020,5,1
SRB,origin,2020,6,4
SRB,origin,2021,1,3
SRB,origin,2021,10,2
SRB,origin,2021,12,1
SRB,origin,2021,13,4
SRB,origin,2021,16,1
SRB,origin,2021,17,1
SRB,origin,2021,18,2
SRB,origin,2021,19,5
SRB,origin,2021,2,3
SRB,origin,2021,20,1
SRB,origin,2021,23,2
SRB,origin,2021,24,1
SRB,origin,2021,25,6
SRB,origin,2021,26,1
SRB,origin,2021,27,7
SRB,origin,2021,29,4
SRB,origin,2021,30,3
SRB,origin,2021,31,2
SRB,origin,2021,32,1
SRB,origin,2021,33,4
SRB,origin,2021,34,4
SRB,origin,2021,35,3
SRB,origin,2021,4,2
SRB,origin,2021,5,1
SRB,origin,2021,6,5
SRB,origin,2021,7,1
SRB,origin,2022,1,1
SRB,origin,2022,10,4
SRB,origin,2022,11,1
SRB,origin,2022,12,2
SRB,origin,2022,13,6
SRB,origin,2022,15,1
SRB,origin,2022,16,1
SRB,origin,2022,17,1
SRB,origin,2022,18,2
SRB,origin,2022,19,1
SRB,origin,2022,2,2
SRB,origin,2022,21,2
SRB,origin,2022,23,1
SRB,origin,2022,24,2
SRB,origin,2022,25,3
SRB,origin,2022,27,8
SRB,origin,2022,29,4
SRB,origin,2022,3,1
SRB,origin,2022,31,2
SRB,origin,2022,32,3
SRB,origin,2022,33,2
SRB,origin,2022,34,2
SRB,origin,2022,35,1
SRB,origin,2022,4,3
SRB,origin,2022,5,1
SRB,origin,2022,6,1
SRB,origin,2022,7,1
STP,origin,2019,13,1
SUR,origin,2016,33,1
SVK,office,2015,0,1
SVK,office,2015,1,6
SVK,office,2015,10,5
SVK,office,2015,12,3
SVK,office,2015,13,2
SVK,office,2015,14,7
SVK,office,2015,15,3
SVK,office,2015,16,7
SVK,office,2015,17,1
SVK,office,2015,18,2
SVK,office,2015,19,3
SVK,office,2015,2,4
SVK,office,2015,20,7
SVK,office,2015,21,3
SVK,office,2015,23,2
SVK,office,2015,24,5
SVK,office,2015,25,6
SVK,office,2015,26,6
SVK,office,2015,27,2
SVK,office,2015,29,2
SVK,office,2015,30,2
SVK,office,2015,31,2
SVK,office,2015,32,9
SVK,office,2015,35,4
SVK,office,2015,5,1
SVK,office,2015,6,1
SVK,office,2015,8,1
SVK,office,2016,1,6
SVK,office,2016,10,5
SVK,office,2016,11,1
SVK,office,2016,12,2
SVK,office,2016,13,4
SVK,office,2016,14,9
SVK,office,2016,15,5
SVK,office,2016,16,7
SVK,office,2016,17,2
SVK,office,2016,18,3
SVK,office,2016,19,6
SVK,office,2016,2,1
SVK,office,2016,20,9
SVK,office,2016,21,2
SVK,office,2016,23,2
SVK,office,2016,24,5
SVK,office,2016,25,5
SVK,office,2016,26,3
SVK,office,2016,27,5
SVK,office,2016,28,1
SVK,office,2016,29,4
SVK,office,2016,31,9
SVK,office,2016,32,8
SVK,office,2016,35,12
SVK,office,2016,5,3
SVK,office,2016,6,2
SVK,office,2016,7,1
SVK,office,2016,8,1
SVK,office,2017,1,4
SVK,office,2017,10,5
SVK,office,2017,12,4
SVK,office,2017,14,4
SVK,office,2017,15,1
SVK,office,2017,16,4
SVK,office,2017,18,1
SVK,office,2017,19,4
SVK,office,2017,2,2
SVK,office,2017,20,4
SVK,office,2017,23,3
SVK,office,2017,24,2
SVK,office,2017,25,6
SVK,office,2017,26,5
SVK,office,2017,27,7
SVK,office,2017,28,2
SVK,office,2017,29,5
SVK,office,2017,3,1
SVK,office,2017,30,4
SVK,office,2017,31,7
SVK,office,2017,32,6
SVK,office,2017,33,1
SVK,office,2017,34,3
SVK,office,2017,35,2
SVK,office,2017,7,2
SVK,office,2017,8,1
SVK,office,2017,9,4
SVK,office,2018,0,3
SVK,office,2018,1,4
SVK,office,2018,10,13
SVK,office,2018,11,1
SVK,office,2018,12,4
SVK,office,2018,13,3
SVK,office,2018,14,2
SVK,office,2018,15,5
SVK,office,2018,16,7
SVK,office,2018,17,2
SVK,office,2018,18,1
SVK,office,2018,19,2
SVK,office,2018,20,4
SVK,office,2018,22,1
SVK,office,2018,23,2
SVK,office,2018,24,1
SVK,office,2018,25,1
SVK,office,2018,26,6
SVK,office,2018,27,3
SVK,office,2018,28,1
SVK,office,2018,29,5
SVK,office,2018,30,4
SVK,office,2018,31,7
SVK,office,2018,32,2
SVK,office,2018,33,5
SVK,office,2018,34,1
SVK,office,2018,35,7
SVK,office,2018,6,3
SVK,office,2018,7,1
SVK,office,2018,8,1
SVK,office,2019,0,2
SVK,office,2019,1,6
SVK,office,2019,10,4
SVK,office,2019,12,3
SVK,office,2019,13,2
SVK,office,2019,14,2
SVK,office,2019,15,3
SVK,office,2019,16,5
SVK,office,2019,17,3
SVK,office,2019,19,5
SVK,office,2019,20,4
SVK,office,2019,23,2
SVK,office,2019,24,2
SVK,office,2019,25,6
SVK,office,2019,26,12
SVK,office,2019,27,3
SVK,office,2019,29,5
SVK,office,2019,3,5
SVK,office,2019,30,2
SVK,office,2019,31,7
SVK,office,2019,32,9
SVK,office,2019,33,3
SVK,office,2019,34,3
SVK,office,2019,35,5
SVK,office,2019,4,1
SVK,office,2019,5,1
SVK,office,2019,6,4
SVK,office,2019,7,1
SVK,office,2019,9,1
SVK,office,2020,0,1
SVK,office,2020,1,4
SVK,office,2020,10,7
SVK,office,2020,11,1
SVK,office,2020,12,4
SVK,office,2020,15,1
SVK,office,2020,16,2
SVK,office,2020,18,1
SVK,office,2020,19,1
SVK,office,2020,2,1
SVK,office,2020,20,8
SVK,office,2020,21,4
SVK,office,2020,22,1
SVK,office,2020,23,4
SVK,office,2020,24,2
SVK,office,2020,25,7
SVK,office,2020,26,8
SVK,office,2020,27,1
SVK,office,2020,29,9
SVK,office,2020,3,4
SVK,office,2020,30,3
SVK,office,2020,31,5
SVK,office,2020,32,1
SVK,office,2020,33,1
SVK,office,2020,35,10
SVK,office,2020,4,1
SVK,office,2020,6,5
SVK,office,2020,7,3
SVK,office,2021,0,1
SVK,office,2021,1,6
SVK,office,2021,10,10
SVK,office,2021,12,7
SVK,office,2021,13,6
SVK,office,2021,14,2
SVK,office,2021,15,1
SVK,office,2021,16,3
SVK,office,2021,17,1
SVK,office,2021,18,1
SVK,office,2021,19,3
SVK,office,2021,2,1
SVK,office,2021,20,6
SVK,office,2021,21,1
SVK,office,2021,23,4
SVK,office,2021,24,4
SVK,office,2021,25,4
SVK,office,2021,26,7
SVK,office,2021,27,4
SVK,office,2021,28,1
SVK,office,2021,29,9
SVK,office,2021,3,1
SVK,office,2021,30,2
SVK,office,2021,31,7
SVK,office,2021,32,5
SVK,office,2021,33,2
SVK,office,2021,34,1
SVK,office,2021,35,11
SVK,office,2021,4,1
SVK,office,2021,5,1
SVK,office,2021,6,1
SVK,office,2021,7,1
SVK,office,2022,1,6
SVK,office,2022,10,5
SVK,office,2022,12,4
SVK,office,2022,13,1
SVK,office,2022,14,2
SVK,office,2022,15,3
SVK,office,2022,16,1
SVK,office,2022,18,1
SVK,office,2022,19,3
SVK,office,2022,20,8
SVK,office,2022,21,2
SVK,office,2022,23,3
SVK,office,2022,24,5
SVK,office,2022,25,5
SVK,office,2022,26,4
SVK,office,2022,27,8
SVK,office,2022,28,1
SVK,office,2022,29,6
SVK,office,2022,3,4
SVK,office,2022,30,3
SVK,office,2022,31,2
SVK,office,2022,32,5
SVK,office,2022,33,1
SVK,office,2022,35,8
SVK,office,2022,5,1
SVK,office,2022,6,3
SVK,office,2022,7,2
SVK,office,2022,8,1
SVK,office,2022,9,5
SVK,origin,2015,1,7
SVK,origin,2015,10,4
SVK,origin,2015,11,1
SVK,origin,2015,12,6
SVK,origin,2015,13,3
SVK,origin,2015,14,3
SVK,origin,2015,15,1
SVK,origin,2015,16,4
SVK,origin,2015,17,3
SVK,origin,2015,18,2
SVK,origin,2015,19,5
SVK,origin,2015,2,5
SVK,origin,2015,20,2
SVK,origin,2015,21,4
SVK,origin,2015,23,3
SVK,origin,2015,24,6
SVK,origin,2015,25,8
SVK,origin,2015,26,10
SVK,origin,2015,27,6
SVK,origin,2015,28,1
SVK,origin,2015,29,2
SVK,origin,2015,3,1
SVK,origin,2015,30,6
SVK,origin,2015,31,6
SVK,origin,2015,32,11
SVK,origin,2015,33,4
SVK,origin,2015,35,4
SVK,origin,2015,4,1
SVK,origin,2015,5,1
SVK,origin,2015,6,4
SVK,origin,2015,7,6
SVK,origin,2015,8,1
SVK,origin,2016,1,6
SVK,origin,2016,10,7
SVK,origin,2016,11,1
SVK,origin,2016,12,2
SVK,origin,2016,13,7
SVK,origin,2016,14,5
SVK,origin,2016,15,1
SVK,origin,2016,16,2
SVK,origin,2016,17,4
SVK,origin,2016,18,1
SVK,origin,2016,19,8
SVK,origin,2016,2,1
SVK,origin,2016,20,10
SVK,origin,2016,21,1
SVK,origin,2016,23,4
SVK,origin,2016,24,6
SVK,origin,2016,25,8
SVK,origin,2016,26,5
SVK,origin,2016,27,7
SVK,origin,2016,28,2
SVK,origin,2016,29,3
SVK,origin,2016,3,3
SVK,origin,2016,30,3
SVK,origin,2016,31,10
SVK,origin,2016,32,13
SVK,origin,2016,33,1
SVK,origin,2016,35,10
SVK,origin,2016,5,4
SVK,origin,2016,6,9
SVK,origin,2016,7,1
SVK,origin,2016,8,1
SVK,origin,2016,9,1
SVK,origin,2017,0,1
SVK,origin,2017,1,13
SVK,origin,2017,10,6
SVK,origin,2017,12,5
SVK,origin,2017,13,5
SVK,origin,2017,14,3
SVK,origin,2017,15,2
SVK,origin,2017,16,1
SVK,origin,2017,17,2
SVK,origin,2017,18,1
SVK,origin,2017,19,3
SVK,origin,2017,2,1
SVK,origin,2017,20,4
SVK,origin,2017,21,2
SVK,origin,2017,23,7
SVK,origin,2017,24,6
SVK,origin,2017,25,18
SVK,origin,2017,26,9
SVK,origin,2017,27,7
SVK,origin,2017,28,2
SVK,origin,2017,29,8
SVK,origin,2017,3,2
SVK,origin,2017,30,5
SVK,origin,2017,31,6
SVK,origin,2017,32,9
SVK,origin,2017,33,3
SVK,origin,2017,34,3
SVK,origin,2017,35,2
SVK,origin,2017,6,2
SVK,origin,2017,7,4
SVK,origin,2017,8,1
SVK,origin,2017,9,3
SVK,origin,2018,1,8
SVK,origin,2018,10,16
SVK,origin,2018,11,2
SVK,origin,2018,12,4
SVK,origin,2018,13,5
SVK,origin,2018,14,2
SVK,origin,2018,15,4
SVK,origin,2018,16,2
SVK,origin,2018,17,2
SVK,origin,2018,19,7
SVK,origin,2018,2,3
SVK,origin,2018,20,4
SVK,origin,2018,22,1
SVK,origin,2018,23,6
SVK,origin,2018,24,7
SVK,origin,2018,25,7
SVK,origin,2018,26,6
SVK,origin,2018,27,4
SVK,origin,2018,28,1
SVK,origin,2018,29,11
SVK,origin,2018,3,6
SVK,origin,2018,30,6
SVK,origin,2018,31,11
SVK,origin,2018,32,7
SVK,origin,2018,33,9
SVK,origin,2018,34,2
SVK,origin,2018,35,10
SVK,origin,2018,4,1
SVK,origin,2018,6,5
SVK,origin,2018,7,1
SVK,origin,2018,8,1
SVK,origin,2019,1,7
SVK,origin,2019,10,9
SVK,origin,2019,12,1
SVK,origin,2019,13,2
SVK,origin,2019,14,1
SVK,origin,2019,15,2
SVK,origin,2019,16,1
SVK,origin,2019,17,2
SVK,origin,2019,18,1
SVK,origin,2019,19,5
SVK,origin,2019,2,4
SVK,origin,2019,20,8
SVK,origin,2019,21,1
SVK,origin,2019,23,4
SVK,origin,2019,24,6
SVK,origin,2019,25,14
SVK,origin,2019,26,17
SVK,origin,2019,27,7
SVK,origin,2019,29,9
SVK,origin,2019,3,5
SVK,origin,2019,30,2
SVK,origin,2019,31,7
SVK,origin,2019,32,20
SVK,origin,2019,33,6
SVK,origin,2019,34,3
SVK,origin,2019,35,9
SVK,origin,2019,4,2
SVK,origin,2019,5,1
SVK,origin,2019,6,5
SVK,origin,2019,7,2
SVK,origin,2019,9,1
SVK,origin,2020,1,6
SVK,origin,2020,10,16
SVK,origin,2020,11,2
SVK,origin,2020,12,5
SVK,origin,2020,13,3
SVK,origin,2020,16,3
SVK,origin,2020,18,2
SVK,origin,2020,19,4
SVK,origin,2020,2,5
SVK,origin,2020,20,9
SVK,origin,2020,21,4
SVK,origin,2020,22,1
SVK,origin,2020,23,6
SVK,origin,2020,24,4
SVK,origin,2020,25,16
SVK,origin,2020,26,13
SVK,origin,2020,27,5
SVK,origin,2020,28,1
SVK,origin,2020,29,21
SVK,origin,2020,3,7
SVK,origin,2020,30,3
SVK,origin,2020,31,12
SVK,origin,2020,32,4
SVK,origin,2020,33,2
SVK,origin,2020,34,1
SVK,origin,2020,35,10
SVK,origin,2020,4,3
SVK,origin,2020,5,1
SVK,origin,2020,6,9
SVK,origin,2020,7,4
SVK,origin,2021,1,14
SVK,origin,2021,10,11
SVK,origin,2021,12,9
SVK,origin,2021,13,11
SVK,origin,2021,14,8
SVK,origin,2021,15,6
SVK,origin,2021,16,6
SVK,origin,2021,17,3
SVK,origin,2021,18,3
SVK,origin,2021,19,4
SVK,origin,2021,2,1
SVK,origin,2021,20,9
SVK,origin,2021,23,6
SVK,origin,2021,24,12
SVK,origin,2021,25,10
SVK,origin,2021,26,7
SVK,origin,2021,27,10
SVK,origin,2021,28,1
SVK,origin,2021,29,17
SVK,origin,2021,3,3
SVK,origin,2021,30,3
SVK,origin,2021,31,12
SVK,origin,2021,32,10
SVK,origin,2021,33,8
SVK,origin,2021,34,1
SVK,origin,2021,35,16
SVK,origin,2021,4,3
SVK,origin,2021,5,1
SVK,origin,2021,6,8
SVK,origin,2021,7,2
SVK,origin,2022,1,12
SVK,origin,2022,10,13
SVK,origin,2022,11,1
SVK,origin,2022,12,5
SVK,origin,2022,13,2
SVK,origin,2022,14,6
SVK,origin,2022,15,4
SVK,origin,2022,16,6
SVK,origin,2022,17,1
SVK,origin,2022,18,1
SVK,origin,2022,19,6
SVK,origin,2022,20,11
SVK,origin,2022,21,1
SVK,origin,2022,23,3
SVK,origin,2022,24,6
SVK,origin,2022,25,13
SVK,origin,2022,26,5
SVK,origin,2022,27,10
SVK,origin,2022,28,1
SVK,origin,2022,29,9
SVK,origin,2022,3,5
SVK,origin,2022,30,7
SVK,origin,2022,31,8
SVK,origin,2022,32,10
SVK,origin,2022,33,1
SVK,origin,2022,35,9
SVK,origin,2022,4,1
SVK,origin,2022,5,1
SVK,origin,2022,6,5
SVK,origin,2022,7,2
SVK,origin,2022,8,2
SVK,origin,2022,9,5
SVN,office,2015,1,26
SVN,office,2015,10,17
SVN,office,2015,11,1
SVN,office,2015,12,7
SVN,office,2015,13,23
SVN,office,2015,14,3
SVN,office,2015,15,6
SVN,office,2015,16,3
SVN,office,2015,17,1
SVN,office,2015,18,3
SVN,office,2015,19,4
SVN,office,2015,2,3
SVN,office,2015,20,6
SVN,office,2015,21,5
SVN,office,2015,22,3
SVN,office,2015,23,11
SVN,office,2015,24,12
SVN,office,2015,25,13
SVN,office,2015,26,8
SVN,office,2015,27,9
SVN,office,2015,28,2
SVN,office,2015,29,23
SVN,office,2015,3,5
SVN,office,2015,30,12
SVN,office,2015,31,13
SVN,office,2015,32,24
SVN,office,2015,33,30
SVN,office,2015,34,18
SVN,office,2015,35,26
SVN,office,2015,5,1
SVN,office,2015,6,13
SVN,office,2015,7,3
SVN,office,2015,8,2
SVN,office,2015,9,3
SVN,office,2016,1,23
SVN,office,2016,10,15
SVN,office,2016,12,5
SVN,office,2016,13,13
SVN,office,2016,14,3
SVN,office,2016,15,4
SVN,office,2016,16,4
SVN,office,2016,17,2
SVN,office,2016,18,7
SVN,office,2016,19,1
SVN,office,2016,2,1
SVN,office,2016,20,6
SVN,office,2016,21,1
SVN,office,2016,22,1
SVN,office,2016,23,5
SVN,office,2016,24,4
SVN,office,2016,25,20
SVN,office,2016,26,17
SVN,office,2016,27,5
SVN,office,2016,28,3
SVN,office,2016,29,12
SVN,office,2016,3,2
SVN,office,2016,30,7
SVN,office,2016,31,9
SVN,office,2016,32,20
SVN,office,2016,33,30
SVN,office,2016,34,17
SVN,office,2016,35,19
SVN,office,2016,4,1
SVN,office,2016,6,10
SVN,office,2016,7,3
SVN,office,2016,8,2
SVN,office,2017,1,12
SVN,office,2017,10,13
SVN,office,2017,11,1
SVN,office,2017,12,5
SVN,office,2017,13,7
SVN,office,2017,14,1
SVN,office,2017,15,3
SVN,office,2017,16,2
SVN,office,2017,17,1
SVN,office,2017,18,5
SVN,office,2017,19,4
SVN,office,2017,2,2
SVN,office,2017,20,1
SVN,office,2017,21,1
SVN,office,2017,22,4
SVN,office,2017,23,4
SVN,office,2017,24,6
SVN,office,2017,25,9
SVN,office,2017,26,7
SVN,office,2017,27,6
SVN,office,2017,28,2
SVN,office,2017,29,10
SVN,office,2017,3,2
SVN,office,2017,30,8
SVN,office,2017,31,7
SVN,office,2017,32,13
SVN,office,2017,33,26
SVN,office,2017,34,18
SVN,office,2017,35,21
SVN,office,2017,4,4
SVN,office,2017,5,1
SVN,office,2017,6,5
SVN,office,2017,8,1
SVN,office,2017,9,3
SVN,office,2018,1,22
SVN,office,2018,10,13
SVN,office,2018,12,3
SVN,office,2018,13,9
SVN,office,2018,14,2
SVN,office,2018,15,3
SVN,office,2018,16,3
SVN,office,2018,17,2
SVN,office,2018,18,3
SVN,office,2018,19,5
SVN,office,2018,2,2
SVN,office,2018,20,5
SVN,office,2018,21,1
SVN,office,2018,22,1
SVN,office,2018,23,3
SVN,office,2018,24,3
SVN,office,2018,25,15
SVN,office,2018,26,4
SVN,office,2018,27,5
SVN,office,2018,28,4
SVN,office,2018,29,16
SVN,office,2018,30,10
SVN,office,2018,31,11
SVN,office,2018,32,21
SVN,office,2018,33,19
SVN,office,2018,34,21
SVN,office,2018,35,19
SVN,office,2018,4,2
SVN,office,2018,6,4
SVN,office,2018,7,2
SVN,office,2018,8,1
SVN,office,2018,9,1
SVN,office,2019,1,13
SVN,office,2019,10,5
SVN,office,2019,11,1
SVN,office,2019,12,9
SVN,office,2019,13,5
SVN,office,2019,15,2
SVN,office,2019,16,3
SVN,office,2019,17,1
SVN,office,2019,18,2
SVN,office,2019,19,3
SVN,office,2019,20,3
SVN,office,2019,22,1
SVN,office,2019,23,12
SVN,office,2019,24,3
SVN,office,2019,25,14
SVN,office,2019,26,15
SVN,office,2019,27,8
SVN,office,2019,28,1
SVN,office,2019,29,13
SVN,office,2019,3,2
SVN,office,2019,30,12
SVN,office,2019,31,10
SVN,office,2019,32,14
SVN,office,2019,33,24
SVN,office,2019,34,16
SVN,office,2019,35,13
SVN,office,2019,4,1
SVN,office,2019,6,3
SVN,office,2019,7,4
SVN,office,2019,9,1
SVN,office,2020,1,13
SVN,office,2020,10,8
SVN,office,2020,12,4
SVN,office,2020,13,4
SVN,office,2020,16,3
SVN,office,2020,17,3
SVN,office,2020,18,7
SVN,office,2020,19,4
SVN,office,2020,2,3
SVN,office,2020,20,2
SVN,office,2020,21,3
SVN,office,2020,22,1
SVN,office,2020,23,2
SVN,office,2020,24,5
SVN,office,2020,25,9
SVN,office,2020,26,10
SVN,office,2020,27,3
SVN,office,2020,28,2
SVN,office,2020,29,18
SVN,office,2020,30,5
SVN,office,2020,31,10
SVN,office,2020,32,22
SVN,office,2020,33,22
SVN,office,2020,34,10
SVN,office,2020,35,19
SVN,office,2020,4,1
SVN,office,2020,5,1
SVN,office,2020,6,2
SVN,office,2020,7,1
SVN,office,2020,8,3
SVN,office,2020,9,3
SVN,office,2021,1,8
SVN,office,2021,10,6
SVN,office,2021,12,3
SVN,office,2021,13,18
SVN,office,2021,14,1
SVN,office,2021,15,2
SVN,office,2021,16,1
SVN,office,2021,17,1
SVN,office,2021,18,6
SVN,office,2021,19,2
SVN,office,2021,2,2
SVN,office,2021,20,6
SVN,office,2021,21,2
SVN,office,2021,23,4
SVN,office,2021,24,5
SVN,office,2021,25,18
SVN,office,2021,26,9
SVN,office,2021,27,1
SVN,office,2021,28,2
SVN,office,2021,29,7
SVN,office,2021,30,1
SVN,office,2021,31,4
SVN,office,2021,32,11
SVN,office,2021,33,9
SVN,office,2021,34,8
SVN,office,2021,35,20
SVN,office,2021,6,2
SVN,office,2021,7,1
SVN,office,2021,9,2
SVN,office,2022,1,9
SVN,office,2022,10,9
SVN,office,2022,12,2
SVN,office,2022,13,9
SVN,office,2022,14,2
SVN,office,2022,16,6
SVN,office,2022,17,3
SVN,office,2022,18,5
SVN,office,2022,19,4
SVN,office,2022,2,3
SVN,office,2022,20,8
SVN,office,2022,22,1
SVN,office,2022,23,4
SVN,office,2022,24,5
SVN,office,2022,25,11
SVN,office,2022,26,7
SVN,office,2022,27,3
SVN,office,2022,28,1
SVN,office,2022,29,12
SVN,office,2022,3,1
SVN,office,2022,30,9
SVN,office,2022,31,9
SVN,office,2022,32,17
SVN,office,2022,33,11
SVN,office,2022,34,5
SVN,office,2022,35,16
SVN,office,2022,4,4
SVN,office,2022,6,3
SVN,office,2022,7,1
SVN,origin,2015,0,1
SVN,origin,2015,1,37
SVN,origin,2015,10,29
SVN,origin,2015,11,1
SVN,origin,2015,12,9
SVN,origin,2015,13,31
SVN,origin,2015,14,33
SVN,origin,2015,15,15
SVN,origin,2015,16,32
SVN,origin,2015,17,1
SVN,origin,2015,18,6
SVN,origin,2015,19,6
SVN,origin,2015,2,3
SVN,origin,2015,20,7
SVN,origin,2015,21,5
SVN,origin,2015,22,3
SVN,origin,2015,23,17
SVN,origin,2015,24,13
SVN,origin,2015,25,17
SVN,origin,2015,26,12
SVN,origin,2015,27,11
SVN,origin,2015,28,4
SVN,origin,2015,29,24
SVN,origin,2015,3,6
SVN,origin,2015,30,13
SVN,origin,2015,31,16
SVN,origin,2015,32,26
SVN,origin,2015,33,33
SVN,origin,2015,34,27
SVN,origin,2015,35,49
SVN,origin,2015,5,1
SVN,origin,2015,6,20
SVN,origin,2015,7,4
SVN,origin,2015,8,2
SVN,origin,2015,9,11
SVN,origin,2016,1,41
SVN,origin,2016,10,26
SVN,origin,2016,12,10
SVN,origin,2016,13,20
SVN,origin,2016,14,42
SVN,origin,2016,15,12
SVN,origin,2016,16,46
SVN,origin,2016,17,2
SVN,origin,2016,18,8
SVN,origin,2016,19,5
SVN,origin,2016,2,2
SVN,origin,2016,20,7
SVN,origin,2016,21,4
SVN,origin,2016,22,1
SVN,origin,2016,23,8
SVN,origin,2016,24,4
SVN,origin,2016,25,22
SVN,origin,2016,26,11
SVN,origin,2016,27,6
SVN,origin,2016,28,4
SVN,origin,2016,29,12
SVN,origin,2016,3,5
SVN,origin,2016,30,14
SVN,origin,2016,31,15
SVN,origin,2016,32,24
SVN,origin,2016,33,30
SVN,origin,2016,34,19
SVN,origin,2016,35,41
SVN,origin,2016,4,1
SVN,origin,2016,5,2
SVN,origin,2016,6,12
SVN,origin,2016,7,3
SVN,origin,2016,8,2
SVN,origin,2016,9,5
SVN,origin,2017,0,1
SVN,origin,2017,1,29
SVN,origin,2017,10,25
SVN,origin,2017,11,3
SVN,origin,2017,12,11
SVN,origin,2017,13,17
SVN,origin,2017,14,28
SVN,origin,2017,15,18
SVN,origin,2017,16,35
SVN,origin,2017,18,7
SVN,origin,2017,19,7
SVN,origin,2017,2,6
SVN,origin,2017,20,4
SVN,origin,2017,21,1
SVN,origin,2017,22,5
SVN,origin,2017,23,4
SVN,origin,2017,24,6
SVN,origin,2017,25,14
SVN,origin,2017,26,7
SVN,origin,2017,27,8
SVN,origin,2017,28,3
SVN,origin,2017,29,14
SVN,origin,2017,3,2
SVN,origin,2017,30,16
SVN,origin,2017,31,10
SVN,origin,2017,32,14
SVN,origin,2017,33,37
SVN,origin,2017,34,22
SVN,origin,2017,35,49
SVN,origin,2017,4,6
SVN,origin,2017,5,3
SVN,origin,2017,6,10
SVN,origin,2017,7,1
SVN,origin,2017,8,3
SVN,origin,2017,9,3
SVN,origin,2018,0,1
SVN,origin,2018,1,47
SVN,origin,2018,10,20
SVN,origin,2018,11,2
SVN,origin,2018,12,8
SVN,origin,2018,13,17
SVN,origin,2018,14,23
SVN,origin,2018,15,14
SVN,origin,2018,16,20
SVN,origin,2018,17,3
SVN,origin,2018,18,6
SVN,origin,2018,19,5
SVN,origin,2018,2,2
SVN,origin,2018,20,8
SVN,origin,2018,21,2
SVN,origin,2018,22,1
SVN,origin,2018,23,6
SVN,origin,2018,24,8
SVN,origin,2018,25,17
SVN,origin,2018,26,9
SVN,origin,2018,27,6
SVN,origin,2018,28,5
SVN,origin,2018,29,24
SVN,origin,2018,30,16
SVN,origin,2018,31,16
SVN,origin,2018,32,29
SVN,origin,2018,33,22
SVN,origin,2018,34,23
SVN,origin,2018,35,28
SVN,origin,2018,4,3
SVN,origin,2018,5,4
SVN,origin,2018,6,6
SVN,origin,2018,7,2
SVN,origin,2018,8,1
SVN,origin,2018,9,4
SVN,origin,2019,1,31
SVN,origin,2019,10,12
SVN,origin,2019,11,3
SVN,origin,2019,12,12
SVN,origin,2019,13,17
SVN,origin,2019,14,17
SVN,origin,2019,15,12
SVN,origin,2019,16,14
SVN,origin,2019,17,3
SVN,origin,2019,18,3
SVN,origin,2019,19,5
SVN,origin,2019,2,2
SVN,origin,2019,20,3
SVN,origin,2019,21,2
SVN,origin,2019,22,1
SVN,origin,2019,23,16
SVN,origin,2019,24,14
SVN,origin,2019,25,17
SVN,origin,2019,26,19
SVN,origin,2019,27,8
SVN,origin,2019,28,1
SVN,origin,2019,29,18
SVN,origin,2019,3,3
SVN,origin,2019,30,20
SVN,origin,2019,31,17
SVN,origin,2019,32,22
SVN,origin,2019,33,31
SVN,origin,2019,34,19
SVN,origin,2019,35,29
SVN,origin,2019,4,1
SVN,origin,2019,6,4
SVN,origin,2019,7,5
SVN,origin,2019,9,5
SVN,origin,2020,1,34
SVN,origin,2020,10,14
SVN,origin,2020,11,1
SVN,origin,2020,12,11
SVN,origin,2020,13,13
SVN,origin,2020,14,14
SVN,origin,2020,15,8
SVN,origin,2020,16,20
SVN,origin,2020,17,4
SVN,origin,2020,18,7
SVN,origin,2020,19,5
SVN,origin,2020,2,5
SVN,origin,2020,20,5
SVN,origin,2020,21,9
SVN,origin,2020,22,1
SVN,origin,2020,23,13
SVN,origin,2020,24,19
SVN,origin,2020,25,16
SVN,origin,2020,26,15
SVN,origin,2020,27,10
SVN,origin,2020,28,3
SVN,origin,2020,29,27
SVN,origin,2020,3,3
SVN,origin,2020,30,10
SVN,origin,2020,31,19
SVN,origin,2020,32,28
SVN,origin,2020,33,35
SVN,origin,2020,34,15
SVN,origin,2020,35,39
SVN,origin,2020,4,2
SVN,origin,2020,5,2
SVN,origin,2020,6,5
SVN,origin,2020,7,1
SVN,origin,2020,8,3
SVN,origin,2020,9,6
SVN,origin,2021,1,30
SVN,origin,2021,10,13
SVN,origin,2021,11,1
SVN,origin,2021,12,10
SVN,origin,2021,13,35
SVN,origin,2021,14,8
SVN,origin,2021,15,8
SVN,origin,2021,16,5
SVN,origin,2021,17,1
SVN,origin,2021,18,4
SVN,origin,2021,19,3
SVN,origin,2021,2,5
SVN,origin,2021,20,10
SVN,origin,2021,21,5
SVN,origin,2021,23,8
SVN,origin,2021,24,9
SVN,origin,2021,25,25
SVN,origin,2021,26,14
SVN,origin,2021,27,2
SVN,origin,2021,28,2
SVN,origin,2021,29,14
SVN,origin,2021,3,2
SVN,origin,2021,30,5
SVN,origin,2021,31,11
SVN,origin,2021,32,21
SVN,origin,2021,33,26
SVN,origin,2021,34,12
SVN,origin,2021,35,39
SVN,origin,2021,4,1
SVN,origin,2021,5,1
SVN,origin,2021,6,7
SVN,origin,2021,7,1
SVN,origin,2021,8,1
SVN,origin,2021,9,4
SVN,origin,2022,1,40
SVN,origin,2022,10,13
SVN,origin,2022,11,1
SVN,origin,2022,12,9
SVN,origin,2022,13,18
SVN,origin,2022,14,7
SVN,origin,2022,15,3
SVN,origin,2022,16,9
SVN,origin,2022,17,3
SVN,origin,2022,18,4
SVN,origin,2022,19,5
SVN,origin,2022,2,5
SVN,origin,2022,20,10
SVN,origin,2022,21,2
SVN,origin,2022,22,1
SVN,origin,2022,23,7
SVN,origin,2022,24,14
SVN,origin,2022,25,11
SVN,origin,2022,26,12
SVN,origin,2022,27,5
SVN,origin,2022,28,3
SVN,origin,2022,29,20
SVN,origin,2022,3,4
SVN,origin,2022,30,12
SVN,origin,2022,31,13
SVN,origin,2022,32,22
SVN,origin,2022,33,27
SVN,origin,2022,34,11
SVN,origin,2022,35,28
SVN,origin,2022,4,2
SVN,origin,2022,6,6
SVN,origin,2022,7,1
SVN,origin,2022,8,1
SVN,origin,2022,9,1
SWE,office,2015,1,46
SWE,office,2015,10,49
SWE,office,2015,11,9
SWE,office,2015,12,34
SWE,office,2015,13,50
SWE,office,2015,14,5
SWE,office,2015,15,7
SWE,office,2015,16,6
SWE,office,2015,17,3
SWE,office,2015,18,4
SWE,office,2015,19,13
SWE,office,2015,2,13
SWE,office,2015,20,25
SWE,office,2015,21,7
SWE,office,2015,22,6
SWE,office,2015,23,33
SWE,office,2015,24,31
SWE,office,2015,25,16
SWE,office,2015,26,48
SWE,office,2015,27,54
SWE,office,2015,28,24
SWE,office,2015,29,28
SWE,office,2015,3,7
SWE,office,2015,30,30
SWE,office,2015,31,54
SWE,office,2015,32,122
SWE,office,2015,33,39
SWE,office,2015,34,17
SWE,office,2015,35,70
SWE,office,2015,4,16
SWE,office,2015,5,1
SWE,office,2015,6,24
SWE,office,2015,7,2
SWE,office,2015,8,13
SWE,office,2015,9,5
SWE,office,2016,1,43
SWE,office,2016,10,46
SWE,office,2016,11,5
SWE,office,2016,12,28
SWE,office,2016,13,42
SWE,office,2016,14,3
SWE,office,2016,15,2
SWE,office,2016,16,5
SWE,office,2016,17,4
SWE,office,2016,18,2
SWE,office,2016,19,8
SWE,office,2016,2,19
SWE,office,2016,20,9
SWE,office,2016,21,9
SWE,office,2016,22,2
SWE,office,2016,23,30
SWE,office,2016,24,44
SWE,office,2016,25,34
SWE,office,2016,26,52
SWE,office,2016,27,44
SWE,office,2016,28,24
SWE,office,2016,29,39
SWE,office,2016,3,6
SWE,office,2016,30,15
SWE,office,2016,31,59
SWE,office,2016,32,115
SWE,office,2016,33,35
SWE,office,2016,34,15
SWE,office,2016,35,83
SWE,office,2016,4,9
SWE,office,2016,5,1
SWE,office,2016,6,20
SWE,office,2016,7,3
SWE,office,2016,8,10
SWE,office,2016,9,7
SWE,office,2017,0,1
SWE,office,2017,1,53
SWE,office,2017,10,46
SWE,office,2017,11,7
SWE,office,2017,12,27
SWE,office,2017,13,35
SWE,office,2017,14,2
SWE,office,2017,15,3
SWE,office,2017,16,5
SWE,office,2017,17,9
SWE,office,2017,18,6
SWE,office,2017,19,7
SWE,office,2017,2,5
SWE,office,2017,20,13
SWE,office,2017,21,10
SWE,office,2017,23,33
SWE,office,2017,24,45
SWE,office,2017,25,45
SWE,office,2017,26,46
SWE,office,2017,27,75
SWE,office,2017,28,32
SWE,office,2017,29,34
SWE,office,2017,3,13
SWE,office,2017,30,23
SWE,office,2017,31,87
SWE,office,2017,32,162
SWE,office,2017,33,34
SWE,office,2017,34,17
SWE,office,2017,35,106
SWE,office,2017,4,26
SWE,office,2017,5,3
SWE,office,2017,6,16
SWE,office,2017,7,6
SWE,office,2017,8,4
SWE,office,2017,9,2
SWE,office,2018,0,3
SWE,office,2018,1,61
SWE,office,2018,10,51
SWE,office,2018,11,5
SWE,office,2018,12,28
SWE,office,2018,13,39
SWE,office,2018,14,6
SWE,office,2018,15,5
SWE,office,2018,16,4
SWE,office,2018,17,9
SWE,office,2018,18,3
SWE,office,2018,19,12
SWE,office,2018,2,9
SWE,office,2018,20,24
SWE,office,2018,21,10
SWE,office,2018,22,3
SWE,office,2018,23,35
SWE,office,2018,24,53
SWE,office,2018,25,33
SWE,office,2018,26,50
SWE,office,2018,27,73
SWE,office,2018,28,44
SWE,office,2018,29,42
SWE,office,2018,3,10
SWE,office,2018,30,35
SWE,office,2018,31,75
SWE,office,2018,32,163
SWE,office,2018,33,48
SWE,office,2018,34,16
SWE,office,2018,35,76
SWE,office,2018,4,18
SWE,office,2018,5,4
SWE,office,2018,6,13
SWE,office,2018,7,7
SWE,office,2018,8,5
SWE,office,2018,9,6
SWE,office,2019,1,44
SWE,office,2019,10,45
SWE,office,2019,11,4
SWE,office,2019,12,35
SWE,office,2019,13,40
SWE,office,2019,14,1
SWE,office,2019,15,3
SWE,office,2019,16,2
SWE,office,2019,17,7
SWE,office,2019,18,3
SWE,office,2019,19,11
SWE,office,2019,2,9
SWE,office,2019,20,16
SWE,office,2019,21,6
SWE,office,2019,22,2
SWE,office,2019,23,33
SWE,office,2019,24,43
SWE,office,2019,25,34
SWE,office,2019,26,31
SWE,office,2019,27,81
SWE,office,2019,28,24
SWE,office,2019,29,47
SWE,office,2019,3,11
SWE,office,2019,30,37
SWE,office,2019,31,57
SWE,office,2019,32,143
SWE,office,2019,33,26
SWE,office,2019,34,20
SWE,office,2019,35,71
SWE,office,2019,4,11
SWE,office,2019,5,2
SWE,office,2019,6,13
SWE,office,2019,7,7
SWE,office,2019,8,9
SWE,office,2019,9,5
SWE,office,2020,1,70
SWE,office,2020,10,58
SWE,office,2020,11,5
SWE,office,2020,12,55
SWE,office,2020,13,71
SWE,office,2020,14,7
SWE,office,2020,15,5
SWE,office,2020,16,6
SWE,office,2020,17,16
SWE,office,2020,18,4
SWE,office,2020,19,18
SWE,office,2020,2,17
SWE,office,2020,20,37
SWE,office,2020,21,17
SWE,office,2020,22,3
SWE,office,2020,23,52
SWE,office,2020,24,49
SWE,office,2020,25,75
SWE,office,2020,26,73
SWE,office,2020,27,88
SWE,office,2020,28,61
SWE,office,2020,29,81
SWE,office,2020,3,24
SWE,office,2020,30,72
SWE,office,2020,31,88
SWE,office,2020,32,186
SWE,office,2020,33,39
SWE,office,2020,34,31
SWE,office,2020,35,129
SWE,office,2020,4,31
SWE,office,2020,5,2
SWE,office,2020,6,40
SWE,office,2020,7,19
SWE,office,2020,8,11
SWE,office,2020,9,15
SWE,office,2021,1,31
SWE,office,2021,10,27
SWE,office,2021,11,2
SWE,office,2021,12,21
SWE,office,2021,13,28
SWE,office,2021,14,3
SWE,office,2021,15,14
SWE,office,2021,16,2
SWE,office,2021,17,8
SWE,office,2021,18,2
SWE,office,2021,19,12
SWE,office,2021,2,9
SWE,office,2021,20,16
SWE,office,2021,21,10
SWE,office,2021,22,2
SWE,office,2021,23,24
SWE,office,2021,24,23
SWE,office,2021,25,42
SWE,office,2021,26,43
SWE,office,2021,27,30
SWE,office,2021,28,31
SWE,office,2021,29,56
SWE,office,2021,3,14
SWE,office,2021,30,13
SWE,office,2021,31,33
SWE,office,2021,32,57
SWE,office,2021,33,32
SWE,office,2021,34,25
SWE,office,2021,35,73
SWE,office,2021,4,10
SWE,office,2021,5,2
SWE,office,2021,6,16
SWE,office,2021,7,2
SWE,office,2021,8,3
SWE,office,2021,9,3
SWE,office,2022,1,53
SWE,office,2022,10,40
SWE,office,2022,11,4
SWE,office,2022,12,28
SWE,office,2022,13,34
SWE,office,2022,14,5
SWE,office,2022,15,3
SWE,office,2022,16,6
SWE,office,2022,17,8
SWE,office,2022,18,6
SWE,office,2022,19,14
SWE,office,2022,2,11
SWE,office,2022,20,17
SWE,office,2022,21,13
SWE,office,2022,22,3
SWE,office,2022,23,29
SWE,office,2022,24,22
SWE,office,2022,25,49
SWE,office,2022,26,35
SWE,office,2022,27,25
SWE,office,2022,28,26
SWE,office,2022,29,56
SWE,office,2022,3,17
SWE,office,2022,30,26
SWE,office,2022,31,27
SWE,office,2022,32,70
SWE,office,2022,33,35
SWE,office,2022,34,21
SWE,office,2022,35,77
SWE,office,2022,4,14
SWE,office,2022,5,4
SWE,office,2022,6,24
SWE,office,2022,7,5
SWE,office,2022,8,4
SWE,office,2022,9,4
SWE,origin,2015,0,33
SWE,origin,2015,1,273
SWE,origin,2015,10,360
SWE,origin,2015,11,76
SWE,origin,2015,12,125
SWE,origin,2015,13,724
SWE,origin,2015,14,189
SWE,origin,2015,15,147
SWE,origin,2015,16,347
SWE,origin,2015,17,32
SWE,origin,2015,18,28
SWE,origin,2015,19,76
SWE,origin,2015,2,213
SWE,origin,2015,20,150
SWE,origin,2015,21,85
SWE,origin,2015,22,23
SWE,origin,2015,23,299
SWE,origin,2015,24,162
SWE,origin,2015,25,210
SWE,origin,2015,26,427
SWE,origin,2015,27,258
SWE,origin,2015,28,118
SWE,origin,2015,29,235
SWE,origin,2015,3,749
SWE,origin,2015,30,149
SWE,origin,2015,31,567
SWE,origin,2015,32,790
SWE,origin,2015,33,191
SWE,origin,2015,34,76
SWE,origin,2015,35,408
SWE,origin,2015,4,2232
SWE,origin,2015,5,105
SWE,origin,2015,6,459
SWE,origin,2015,7,31
SWE,origin,2015,8,67
SWE,origin,2015,9,75
SWE,origin,2016,0,29
SWE,origin,2016,1,305
SWE,origin,2016,10,392
SWE,origin,2016,11,93
SWE,origin,2016,12,140
SWE,origin,2016,13,782
SWE,origin,2016,14,180
SWE,origin,2016,15,157
SWE,origin,2016,16,390
SWE,origin,2016,17,34
SWE,origin,2016,18,38
SWE,origin,2016,19,95
SWE,origin,2016,2,278
SWE,origin,2016,20,169
SWE,origin,2016,21,85
SWE,origin,2016,22,19
SWE,origin,2016,23,315
SWE,origin,2016,24,158
SWE,origin,2016,25,259
SWE,origin,2016,26,431
SWE,origin,2016,27,277
SWE,origin,2016,28,123
SWE,origin,2016,29,322
SWE,origin,2016,3,770
SWE,origin,2016,30,186
SWE,origin,2016,31,536
SWE,origin,2016,32,918
SWE,origin,2016,33,234
SWE,origin,2016,34,110
SWE,origin,2016,35,496
SWE,origin,2016,4,2641
SWE,origin,2016,5,130
SWE,origin,2016,6,500
SWE,origin,2016,7,31
SWE,origin,2016,8,75
SWE,origin,2016,9,91
SWE,origin,2017,0,18
SWE,origin,2017,1,321
SWE,origin,2017,10,395
SWE,origin,2017,11,88
SWE,origin,2017,12,167
SWE,origin,2017,13,757
SWE,origin,2017,14,159
SWE,origin,2017,15,154
SWE,origin,2017,16,390
SWE,origin,2017,17,34
SWE,origin,2017,18,44
SWE,origin,2017,19,65
SWE,origin,2017,2,289
SWE,origin,2017,20,148
SWE,origin,2017,21,91
SWE,origin,2017,22,17
SWE,origin,2017,23,283
SWE,origin,2017,24,181
SWE,origin,2017,25,234
SWE,origin,2017,26,407
SWE,origin,2017,27,327
SWE,origin,2017,28,121
SWE,origin,2017,29,364
SWE,origin,2017,3,710
SWE,origin,2017,30,197
SWE,origin,2017,31,584
SWE,origin,2017,32,1014
SWE,origin,2017,33,211
SWE,origin,2017,34,161
SWE,origin,2017,35,526
SWE,origin,2017,4,2723
SWE,origin,2017,5,121
SWE,origin,2017,6,564
SWE,origin,2017,7,38
SWE,origin,2017,8,55
SWE,origin,2017,9,84
SWE,origin,2018,0,11
SWE,origin,2018,1,324
SWE,origin,2018,10,381
SWE,origin,2018,11,89
SWE,origin,2018,12,202
SWE,origin,2018,13,678
SWE,origin,2018,14,173
SWE,origin,2018,15,160
SWE,origin,2018,16,355
SWE,origin,2018,17,41
SWE,origin,2018,18,36
SWE,origin,2018,19,75
SWE,origin,2018,2,284
SWE,origin,2018,20,157
SWE,origin,2018,21,93
SWE,origin,2018,22,18
SWE,origin,2018,23,323
SWE,origin,2018,24,185
SWE,origin,2018,25,221
SWE,origin,2018,26,362
SWE,origin,2018,27,346
SWE,origin,2018,28,125
SWE,origin,2018,29,351
SWE,origin,2018,3,707
SWE,origin,2018,30,222
SWE,origin,2018,31,578
SWE,origin,2018,32,963
SWE,origin,2018,33,252
SWE,origin,2018,34,178
SWE,origin,2018,35,445
SWE,origin,2018,4,3001
SWE,origin,2018,5,123
SWE,origin,2018,6,569
SWE,origin,2018,7,46
SWE,origin,2018,8,59
SWE,origin,2018,9,82
SWE,origin,2019,0,13
SWE,origin,2019,1,333
SWE,origin,2019,10,454
SWE,origin,2019,11,85
SWE,origin,2019,12,210
SWE,origin,2019,13,662
SWE,origin,2019,14,155
SWE,origin,2019,15,182
SWE,origin,2019,16,410
SWE,origin,2019,17,37
SWE,origin,2019,18,48
SWE,origin,2019,19,86
SWE,origin,2019,2,292
SWE,origin,2019,20,169
SWE,origin,2019,21,87
SWE,origin,2019,22,16
SWE,origin,2019,23,287
SWE,origin,2019,24,208
SWE,origin,2019,25,241
SWE,origin,2019,26,384
SWE,origin,2019,27,383
SWE,origin,2019,28,129
SWE,origin,2019,29,326
SWE,origin,2019,3,818
SWE,origin,2019,30,244
SWE,origin,2019,31,719
SWE,origin,2019,32,1004
SWE,origin,2019,33,246
SWE,origin,2019,34,233
SWE,origin,2019,35,454
SWE,origin,2019,4,3646
SWE,origin,2019,5,138
SWE,origin,2019,6,626
SWE,origin,2019,7,49
SWE,origin,2019,8,57
SWE,origin,2019,9,89
SWE,origin,2020,0,8
SWE,origin,2020,1,319
SWE,origin,2020,10,479
SWE,origin,2020,11,80
SWE,origin,2020,12,227
SWE,origin,2020,13,687
SWE,origin,2020,14,165
SWE,origin,2020,15,206
SWE,origin,2020,16,413
SWE,origin,2020,17,46
SWE,origin,2020,18,43
SWE,origin,2020,19,62
SWE,origin,2020,2,313
SWE,origin,2020,20,169
SWE,origin,2020,21,88
SWE,origin,2020,22,5
SWE,origin,2020,23,295
SWE,origin,2020,24,195
SWE,origin,2020,25,268
SWE,origin,2020,26,406
SWE,origin,2020,27,406
SWE,origin,2020,28,151
SWE,origin,2020,29,383
SWE,origin,2020,3,690
SWE,origin,2020,30,317
SWE,origin,2020,31,692
SWE,origin,2020,32,1115
SWE,origin,2020,33,253
SWE,origin,2020,34,204
SWE,origin,2020,35,469
SWE,origin,2020,4,3449
SWE,origin,2020,5,129
SWE,origin,2020,6,599
SWE,origin,2020,7,52
SWE,origin,2020,8,60
SWE,origin,2020,9,100
SWE,origin,2021,0,5
SWE,origin,2021,1,303
SWE,origin,2021,10,403
SWE,origin,2021,11,59
SWE,origin,2021,12,229
SWE,origin,2021,13,753
SWE,origin,2021,14,146
SWE,origin,2021,15,197
SWE,origin,2021,16,376
SWE,origin,2021,17,41
SWE,origin,2021,18,41
SWE,origin,2021,19,88
SWE,origin,2021,2,291
SWE,origin,2021,20,170
SWE,origin,2021,21,86
SWE,origin,2021,22,9
SWE,origin,2021,23,340
SWE,origin,2021,24,187
SWE,origin,2021,25,238
SWE,origin,2021,26,405
SWE,origin,2021,27,311
SWE,origin,2021,28,147
SWE,origin,2021,29,351
SWE,origin,2021,3,694
SWE,origin,2021,30,289
SWE,origin,2021,31,609
SWE,origin,2021,32,1043
SWE,origin,2021,33,247
SWE,origin,2021,34,263
SWE,origin,2021,35,438
SWE,origin,2021,4,3419
SWE,origin,2021,5,118
SWE,origin,2021,6,594
SWE,origin,2021,7,42
SWE,origin,2021,8,55
SWE,origin,2021,9,74
SWE,origin,2022,0,4
SWE,origin,2022,1,322
SWE,origin,2022,10,414
SWE,origin,2022,11,75
SWE,origin,2022,12,242
SWE,origin,2022,13,615
SWE,origin,2022,14,122
SWE,origin,2022,15,194
SWE,origin,2022,16,336
SWE,origin,2022,17,50
SWE,origin,2022,18,41
SWE,origin,2022,19,68
SWE,origin,2022,2,289
SWE,origin,2022,20,193
SWE,origin,2022,21,94
SWE,origin,2022,22,8
SWE,origin,2022,23,287
SWE,origin,2022,24,177
SWE,origin,2022,25,202
SWE,origin,2022,26,393
SWE,origin,2022,27,259
SWE,origin,2022,28,143
SWE,origin,2022,29,330
SWE,origin,2022,3,581
SWE,origin,2022,30,229
SWE,origin,2022,31,538
SWE,origin,2022,32,1067
SWE,origin,2022,33,215
SWE,origin,2022,34,192
SWE,origin,2022,35,386
SWE,origin,2022,4,3109
SWE,origin,2022,5,115
SWE,origin,2022,6,601
SWE,origin,2022,7,42
SWE,origin,2022,8,52
SWE,origin,2022,9,91
SWZ,origin,2015,14,1
SWZ,origin,2015,29,1
SWZ,origin,2015,32,1
SWZ,origin,2015,4,1
SWZ,origin,2016,3,1
SWZ,origin,2016,4,1
SWZ,origin,2017,3,1
SWZ,origin,2017,4,1
SWZ,origin,2018,11,1
SWZ,origin,2018,12,1
SWZ,origin,2018,13,1
SWZ,origin,2018,16,1
SWZ,origin,2019,14,1
SWZ,origin,2019,30,1
SWZ,origin,2020,1,1
SWZ,origin,2021,13,1
SWZ,origin,2021,19,1
SWZ,origin,2022,13,1
SXM,origin,2022,12,1
SXM,origin,2022,32,1
SYC,origin,2015,1,1
SYC,origin,2015,12,1
SYC,origin,2015,13,12
SYC,origin,2015,18,1
SYC,origin,2015,2,1
SYC,origin,2015,20,2
SYC,origin,2015,21,2
SYC,origin,2015,23,1
SYC,origin,2015,24,1
SYC,origin,2015,25,1
SYC,origin,2015,3,2
SYC,origin,2015,31,1
SYC,origin,2015,32,6
SYC,origin,2015,33,1
SYC,origin,2015,35,3
SYC,origin,2015,4,5
SYC,origin,2015,6,4
SYC,origin,2015,7,1
SYC,origin,2016,1,8
SYC,origin,2016,10,1
SYC,origin,2016,13,30
SYC,origin,2016,15,1
SYC,origin,2016,16,4
SYC,origin,2016,18,1
SYC,origin,2016,19,2
SYC,origin,2016,2,3
SYC,origin,2016,20,2
SYC,origin,2016,21,7
SYC,origin,2016,26,1
SYC,origin,2016,27,4
SYC,origin,2016,29,1
SYC,origin,2016,3,1
SYC,origin,2016,30,1
SYC,origin,2016,32,2
SYC,origin,2016,33,1
SYC,origin,2016,35,8
SYC,origin,2016,6,4
SYC,origin,2016,7,1
SYC,origin,2016,9,3
SYC,origin,2017,1,13
SYC,origin,2017,12,2
SYC,origin,2017,13,21
SYC,origin,2017,15,1
SYC,origin,2017,16,1
SYC,origin,2017,2,6
SYC,origin,2017,23,1
SYC,origin,2017,24,1
SYC,origin,2017,27,2
SYC,origin,2017,28,2
SYC,origin,2017,3,2
SYC,origin,2017,30,2
SYC,origin,2017,32,1
SYC,origin,2017,33,3
SYC,origin,2017,34,1
SYC,origin,2017,35,2
SYC,origin,2017,4,1
SYC,origin,2017,6,8
SYC,origin,2017,8,1
SYC,origin,2017,9,2
SYC,origin,2018,1,5
SYC,origin,2018,13,14
SYC,origin,2018,15,2
SYC,origin,2018,16,2
SYC,origin,2018,2,7
SYC,origin,2018,20,2
SYC,origin,2018,21,2
SYC,origin,2018,23,3
SYC,origin,2018,24,4
SYC,origin,2018,27,2
SYC,origin,2018,28,1
SYC,origin,2018,29,2
SYC,origin,2018,3,1
SYC,origin,2018,30,5
SYC,origin,2018,32,2
SYC,origin,2018,33,1
SYC,origin,2018,34,1
SYC,origin,2018,35,4
SYC,origin,2018,4,1
SYC,origin,2018,5,1
SYC,origin,2018,6,11
SYC,origin,2019,1,13
SYC,origin,2019,12,1
SYC,origin,2019,13,16
SYC,origin,2019,15,1
SYC,origin,2019,16,1
SYC,origin,2019,18,2
SYC,origin,2019,19,1
SYC,origin,2019,2,5
SYC,origin,2019,20,1
SYC,origin,2019,21,4
SYC,origin,2019,23,1
SYC,origin,2019,24,1
SYC,origin,2019,25,2
SYC,origin,2019,26,2
SYC,origin,2019,27,1
SYC,origin,2019,29,1
SYC,origin,2019,3,2
SYC,origin,2019,31,1
SYC,origin,2019,32,4
SYC,origin,2019,35,3
SYC,origin,2019,5,1
SYC,origin,2019,6,12
SYC,origin,2019,7,1
SYC,origin,2019,8,3
SYC,origin,2020,1,12
SYC,origin,2020,10,1
SYC,origin,2020,12,1
SYC,origin,2020,13,14
SYC,origin,2020,2,4
SYC,origin,2020,20,1
SYC,origin,2020,21,1
SYC,origin,2020,22,1
SYC,origin,2020,23,1
SYC,origin,2020,27,1
SYC,origin,2020,29,1
SYC,origin,2020,3,1
SYC,origin,2020,30,1
SYC,origin,2020,31,1
SYC,origin,2020,32,2
SYC,origin,2020,33,2
SYC,origin,2020,34,1
SYC,origin,2020,35,2
SYC,origin,2020,5,2
SYC,origin,2020,6,12
SYC,origin,2020,8,2
SYC,origin,2021,1,8
SYC,origin,2021,10,1
SYC,origin,2021,13,10
SYC,origin,2021,2,7
SYC,origin,2021,21,1
SYC,origin,2021,25,2
SYC,origin,2021,26,1
SYC,origin,2021,28,1
SYC,origin,2021,31,1
SYC,origin,2021,32,1
SYC,origin,2021,33,1
SYC,origin,2021,34,1
SYC,origin,2021,5,1
SYC,origin,2021,6,4
SYC,origin,2022,1,3
SYC,origin,2022,10,1
SYC,origin,2022,12,1
SYC,origin,2022,13,5
SYC,origin,2022,14,1
SYC,origin,2022,17,1
SYC,origin,2022,25,4
SYC,origin,2022,26,1
SYC,origin,2022,29,1
SYC,origin,2022,3,1
SYC,origin,2022,31,1
SYC,origin,2022,32,1
SYC,origin,2022,33,2
SYC,origin,2022,35,1
SYC,origin,2022,6,3
SYR,origin,2015,13,2
SYR,origin,2015,16,1
SYR,origin,2015,26,1
SYR,origin,2015,9,1
SYR,origin,2016,13,1
SYR,origin,2017,16,1
SYR,origin,2017,27,1
SYR,origin,2017,31,1
SYR,origin,2019,19,1
SYR,origin,2019,27,1
SYR,origin,2019,31,1
SYR,origin,2020,16,1
SYR,origin,2021,13,1
SYR,origin,2022,12,1
SYR,origin,2022,16,2
SYR,origin,2022,30,1
TCD,origin,2020,27,1
TCD,origin,2020,35,1
THA,origin,2015,1,3
THA,origin,2015,10,1
THA,origin,2015,12,2
THA,origin,2015,13,4
THA,origin,2015,14,9
THA,origin,2015,15,1
THA,origin,2015,16,9
THA,origin,2015,17,11
THA,origin,2015,18,1
THA,origin,2015,19,3
THA,origin,2015,2,1
THA,origin,2015,20,1
THA,origin,2015,21,3
THA,origin,2015,23,4
THA,origin,2015,24,1
THA,origin,2015,25,8
THA,origin,2015,26,2
THA,origin,2015,27,2
THA,origin,2015,29,5
THA,origin,2015,3,2
THA,origin,2015,30,5
THA,origin,2015,31,7
THA,origin,2015,32,4
THA,origin,2015,33,4
THA,origin,2015,34,3
THA,origin,2015,35,1
THA,origin,2015,4,1
THA,origin,2015,6,4
THA,origin,2015,7,1
THA,origin,2015,8,10
THA,origin,2015,9,1
THA,origin,2016,1,4
THA,origin,2016,10,1
THA,origin,2016,11,1
THA,origin,2016,12,3
THA,origin,2016,13,4
THA,origin,2016,14,3
THA,origin,2016,15,3
THA,origin,2016,16,4
THA,origin,2016,17,10
THA,origin,2016,19,7
THA,origin,2016,2,1
THA,origin,2016,20,4
THA,origin,2016,21,3
THA,origin,2016,23,4
THA,origin,2016,24,1
THA,origin,2016,25,5
THA,origin,2016,26,2
THA,origin,2016,27,2
THA,origin,2016,29,5
THA,origin,2016,3,1
THA,origin,2016,30,1
THA,origin,2016,31,3
THA,origin,2016,32,5
THA,origin,2016,33,7
THA,origin,2016,34,8
THA,origin,2016,35,4
THA,origin,2016,4,1
THA,origin,2016,5,1
THA,origin,2016,6,4
THA,origin,2016,8,6
THA,origin,2016,9,1
THA,origin,2017,1,3
THA,origin,2017,10,3
THA,origin,2017,11,1
THA,origin,2017,12,4
THA,origin,2017,13,2
THA,origin,2017,14,7
THA,origin,2017,15,7
THA,origin,2017,16,5
THA,origin,2017,17,8
THA,origin,2017,18,8
THA,origin,2017,19,7
THA,origin,2017,2,1
THA,origin,2017,21,1
THA,origin,2017,22,1
THA,origin,2017,23,5
THA,origin,2017,26,2
THA,origin,2017,27,5
THA,origin,2017,29,5
THA,origin,2017,30,3
THA,origin,2017,31,3
THA,origin,2017,32,5
THA,origin,2017,33,3
THA,origin,2017,34,8
THA,origin,2017,35,6
THA,origin,2017,4,2
THA,origin,2017,6,5
THA,origin,2017,7,1
THA,origin,2017,8,4
THA,origin,2017,9,5
THA,origin,2018,1,10
THA,origin,2018,10,3
THA,origin,2018,12,2
THA,origin,2018,13,1
THA,origin,2018,14,16
THA,origin,2018,15,4
THA,origin,2018,16,3
THA,origin,2018,17,16
THA,origin,2018,18,4
THA,origin,2018,19,8
THA,origin,2018,2,5
THA,origin,2018,20,5
THA,origin,2018,21,1
THA,origin,2018,23,10
THA,origin,2018,24,1
THA,origin,2018,25,3
THA,origin,2018,26,4
THA,origin,2018,27,7
THA,origin,2018,28,3
THA,origin,2018,29,9
THA,origin,2018,30,1
THA,origin,2018,31,3
THA,origin,2018,32,10
THA,origin,2018,33,8
THA,origin,2018,34,9
THA,origin,2018,35,6
THA,origin,2018,4,1
THA,origin,2018,6,5
THA,origin,2018,8,6
THA,origin,2018,9,18
THA,origin,2019,1,16
THA,origin,2019,10,5
THA,origin,2019,13,4
THA,origin,2019,14,15
THA,origin,2019,15,5
THA,origin,2019,16,3
THA,origin,2019,17,26
THA,origin,2019,18,1
THA,origin,2019,19,4
THA,origin,2019,2,15
THA,origin,2019,20,6
THA,origin,2019,21,2
THA,origin,2019,23,19
THA,origin,2019,24,3
THA,origin,2019,25,5
THA,origin,2019,26,5
THA,origin,2019,27,5
THA,origin,2019,28,1
THA,origin,2019,29,9
THA,origin,2019,3,2
THA,origin,2019,30,2
THA,origin,2019,31,6
THA,origin,2019,32,8
THA,origin,2019,33,5
THA,origin,2019,34,4
THA,origin,2019,35,4
THA,origin,2019,4,2
THA,origin,2019,5,3
THA,origin,2019,6,9
THA,origin,2019,7,1
THA,origin,2019,9,50
THA,origin,2020,1,22
THA,origin,2020,10,5
THA,origin,2020,11,1
THA,origin,2020,12,5
THA,origin,2020,13,2
THA,origin,2020,14,26
THA,origin,2020,15,3
THA,origin,2020,16,1
THA,origin,2020,17,39
THA,origin,2020,18,4
THA,origin,2020,19,3
THA,origin,2020,2,16
THA,origin,2020,20,10
THA,origin,2020,21,5
THA,origin,2020,23,14
THA,origin,2020,24,1
THA,origin,2020,25,2
THA,origin,2020,26,5
THA,origin,2020,27,5
THA,origin,2020,28,2
THA,origin,2020,29,19
THA,origin,2020,3,3
THA,origin,2020,30,1
THA,origin,2020,31,5
THA,origin,2020,32,7
THA,origin,2020,33,4
THA,origin,2020,34,4
THA,origin,2020,35,7
THA,origin,2020,4,2
THA,origin,2020,6,12
THA,origin,2020,7,1
THA,origin,2020,8,3
THA,origin,2020,9,40
THA,origin,2021,1,19
THA,origin,2021,10,5
THA,origin,2021,12,2
THA,origin,2021,13,1
THA,origin,2021,14,26
THA,origin,2021,15,8
THA,origin,2021,16,6
THA,origin,2021,17,43
THA,origin,2021,18,9
THA,origin,2021,19,7
THA,origin,2021,2,7
THA,origin,2021,20,9
THA,origin,2021,21,8
THA,origin,2021,23,17
THA,origin,2021,24,3
THA,origin,2021,25,4
THA,origin,2021,26,1
THA,origin,2021,27,4
THA,origin,2021,28,3
THA,origin,2021,29,24
THA,origin,2021,3,2
THA,origin,2021,30,8
THA,origin,2021,31,2
THA,origin,2021,32,2
THA,origin,2021,33,4
THA,origin,2021,34,6
THA,origin,2021,35,7
THA,origin,2021,4,6
THA,origin,2021,6,15
THA,origin,2021,7,1
THA,origin,2021,8,2
THA,origin,2021,9,35
THA,origin,2022,1,13
THA,origin,2022,10,6
THA,origin,2022,11,1
THA,origin,2022,12,2
THA,origin,2022,13,4
THA,origin,2022,14,10
THA,origin,2022,15,10
THA,origin,2022,16,5
THA,origin,2022,17,51
THA,origin,2022,18,4
THA,origin,2022,19,10
THA,origin,2022,2,8
THA,origin,2022,20,3
THA,origin,2022,21,5
THA,origin,2022,23,16
THA,origin,2022,24,1
THA,origin,2022,25,8
THA,origin,2022,26,5
THA,origin,2022,27,5
THA,origin,2022,28,2
THA,origin,2022,29,24
THA,origin,2022,3,2
THA,origin,2022,30,2
THA,origin,2022,31,5
THA,origin,2022,32,8
THA,origin,2022,33,2
THA,origin,2022,34,3
THA,origin,2022,35,6
THA,origin,2022,4,1
THA,origin,2022,6,8
THA,origin,2022,7,1
THA,origin,2022,8,1
THA,origin,2022,9,50
TJK,origin,2016,21,2
TJK,origin,2016,30,1
TJK,origin,2016,35,1
TJK,origin,2017,13,3
TJK,origin,2017,28,1
TJK,origin,2018,16,1
TJK,origin,2018,23,1
TJK,origin,2018,29,1
TJK,origin,2018,32,1
TJK,origin,2018,35,1
TJK,origin,2019,12,1
TJK,origin,2019,16,1
TJK,origin,2019,27,1
TJK,origin,2019,35,1
TJK,origin,2021,13,2
TJK,origin,2021,14,2
TJK,origin,2021,16,1
TJK,origin,2021,19,1
TJK,origin,2021,25,1
TJK,origin,2021,32,1
TJK,origin,2021,35,1
TJK,origin,2022,19,1
TJK,origin,2022,20,1
TKM,origin,2015,13,1
TKM,origin,2015,16,1
TKM,origin,2015,23,1
TKM,origin,2016,7,1
TKM,origin,2017,17,1
TKM,origin,2017,29,2
TKM,origin,2018,25,1
TKM,origin,2019,16,1
TKM,origin,2020,33,1
TON,origin,2016,2,1
TON,origin,2016,34,1
TTO,origin,2015,10,1
TTO,origin,2015,13,1
TTO,origin,2015,19,1
TTO,origin,2015,26,1
TTO,origin,2015,29,1
TTO,origin,2015,34,1
TTO,origin,2015,35,2
TTO,origin,2017,29,2
TTO,origin,2017,35,1
TTO,origin,2018,19,1
TTO,origin,2018,29,3
TTO,origin,2018,34,3
TTO,origin,2018,35,2
TTO,origin,2018,6,1
TTO,origin,2019,10,1
TTO,origin,2019,17,1
TTO,origin,2019,19,2
TTO,origin,2019,20,1
TTO,origin,2019,23,1
TTO,origin,2020,12,1
TTO,origin,2020,26,1
TTO,origin,2020,33,1
TTO,origin,2020,34,1
TTO,origin,2020,6,1
TTO,origin,2021,14,1
TTO,origin,2021,16,1
TTO,origin,2022,29,1
TUN,origin,2015,13,1
TUN,origin,2015,16,1
TUN,origin,2015,18,1
TUN,origin,2015,21,1
TUN,origin,2015,28,1
TUN,origin,2015,31,1
TUN,origin,2016,16,5
TUN,origin,2016,3,1
TUN,origin,2017,13,2
TUN,origin,2017,16,5
TUN,origin,2017,18,2
TUN,origin,2017,28,1
TUN,origin,2017,6,3
TUN,origin,2017,7,1
TUN,origin,2018,16,3
TUN,origin,2018,18,1
TUN,origin,2018,29,1
TUN,origin,2019,13,1
TUN,origin,2019,16,4
TUN,origin,2019,18,1
TUN,origin,2019,25,1
TUN,origin,2019,32,1
TUN,origin,2019,4,1
TUN,origin,2019,6,2
TUN,origin,2019,7,1
TUN,origin,2020,16,1
TUN,origin,2020,23,1
TUN,origin,2020,6,1
TUN,origin,2021,2,1
TUN,origin,2021,32,1
TUN,origin,2022,13,1
TUN,origin,2022,16,2
TUN,origin,2022,3,1
TUN,origin,2022,35,1
TUN,origin,2022,4,3
TUN,origin,2022,6,1
TUN,origin,2022,7,1
TUR,office,2017,31,1
TUR,office,2018,20,1
TUR,office,2018,31,1
TUR,origin,2015,1,23
TUR,origin,2015,10,12
TUR,origin,2015,11,2
TUR,origin,2015,12,4
TUR,origin,2015,13,23
TUR,origin,2015,14,10
TUR,origin,2015,15,1
TUR,origin,2015,16,41
TUR,origin,2015,18,10
TUR,origin,2015,19,2
TUR,origin,2015,2,9
TUR,origin,2015,20,6
TUR,origin,2015,21,3
TUR,origin,2015,22,1
TUR,origin,2015,23,5
TUR,origin,2015,24,1
TUR,origin,2015,25,11
TUR,origin,2015,26,7
TUR,origin,2015,27,11
TUR,origin,2015,28,12
TUR,origin,2015,29,15
TUR,origin,2015,3,6
TUR,origin,2015,30,19
TUR,origin,2015,31,16
TUR,origin,2015,32,21
TUR,origin,2015,33,42
TUR,origin,2015,34,88
TUR,origin,2015,35,31
TUR,origin,2015,4,11
TUR,origin,2015,5,3
TUR,origin,2015,6,17
TUR,origin,2015,7,1
TUR,origin,2015,8,10
TUR,origin,2015,9,2
TUR,origin,2016,1,31
TUR,origin,2016,10,9
TUR,origin,2016,11,3
TUR,origin,2016,12,3
TUR,origin,2016,13,45
TUR,origin,2016,14,8
TUR,origin,2016,15,4
TUR,origin,2016,16,38
TUR,origin,2016,17,3
TUR,origin,2016,18,10
TUR,origin,2016,19,6
TUR,origin,2016,2,13
TUR,origin,2016,20,9
TUR,origin,2016,21,7
TUR,origin,2016,22,2
TUR,origin,2016,23,9
TUR,origin,2016,24,3
TUR,origin,2016,25,10
TUR,origin,2016,26,8
TUR,origin,2016,27,16
TUR,origin,2016,28,14
TUR,origin,2016,29,26
TUR,origin,2016,3,6
TUR,origin,2016,30,47
TUR,origin,2016,31,20
TUR,origin,2016,32,23
TUR,origin,2016,33,61
TUR,origin,2016,34,108
TUR,origin,2016,35,41
TUR,origin,2016,4,13
TUR,origin,2016,5,6
TUR,origin,2016,6,12
TUR,origin,2016,8,4
TUR,origin,2016,9,5
TUR,origin,2017,1,36
TUR,origin,2017,10,14
TUR,origin,2017,11,3
TUR,origin,2017,12,4
TUR,origin,2017,13,58
TUR,origin,2017,14,9
TUR,origin,2017,15,3
TUR,origin,2017,16,38
TUR,origin,2017,17,5
TUR,origin,2017,18,10
TUR,origin,2017,19,11
TUR,origin,2017,2,19
TUR,origin,2017,20,15
TUR,origin,2017,21,5
TUR,origin,2017,22,2
TUR,origin,2017,23,13
TUR,origin,2017,24,4
TUR,origin,2017,25,16
TUR,origin,2017,26,4
TUR,origin,2017,27,19
TUR,origin,2017,28,13
TUR,origin,2017,29,19
TUR,origin,2017,3,3
TUR,origin,2017,30,36
TUR,origin,2017,31,24
TUR,origin,2017,32,23
TUR,origin,2017,33,41
TUR,origin,2017,34,98
TUR,origin,2017,35,23
TUR,origin,2017,4,14
TUR,origin,2017,5,4
TUR,origin,2017,6,30
TUR,origin,2017,7,2
TUR,origin,2017,8,6
TUR,origin,2017,9,5
TUR,origin,2018,1,29
TUR,origin,2018,10,17
TUR,origin,2018,11,2
TUR,origin,2018,12,3
TUR,origin,2018,13,42
TUR,origin,2018,14,6
TUR,origin,2018,16,41
TUR,origin,2018,17,6
TUR,origin,2018,18,9
TUR,origin,2018,19,18
TUR,origin,2018,2,7
TUR,origin,2018,20,19
TUR,origin,2018,21,3
TUR,origin,2018,22,3
TUR,origin,2018,23,9
TUR,origin,2018,24,7
TUR,origin,2018,25,13
TUR,origin,2018,26,8
TUR,origin,2018,27,10
TUR,origin,2018,28,24
TUR,origin,2018,29,25
TUR,origin,2018,3,5
TUR,origin,2018,30,25
TUR,origin,2018,31,20
TUR,origin,2018,32,63
TUR,origin,2018,33,46
TUR,origin,2018,34,84
TUR,origin,2018,35,33
TUR,origin,2018,4,16
TUR,origin,2018,5,3
TUR,origin,2018,6,26
TUR,origin,2018,7,3
TUR,origin,2018,8,2
TUR,origin,2018,9,3
TUR,origin,2019,1,35
TUR,origin,2019,10,24
TUR,origin,2019,11,3
TUR,origin,2019,12,9
TUR,origin,2019,13,50
TUR,origin,2019,14,10
TUR,origin,2019,15,9
TUR,origin,2019,16,27
TUR,origin,2019,17,8
TUR,origin,2019,18,7
TUR,origin,2019,19,18
TUR,origin,2019,2,12
TUR,origin,2019,20,12
TUR,origin,2019,21,4
TUR,origin,2019,22,1
TUR,origin,2019,23,13
TUR,origin,2019,24,12
TUR,origin,2019,25,19
TUR,origin,2019,26,11
TUR,origin,2019,27,12
TUR,origin,2019,28,35
TUR,origin,2019,29,33
TUR,origin,2019,3,10
TUR,origin,2019,30,26
TUR,origin,2019,31,30
TUR,origin,2019,32,61
TUR,origin,2019,33,48
TUR,origin,2019,34,64
TUR,origin,2019,35,35
TUR,origin,2019,4,30
TUR,origin,2019,5,8
TUR,origin,2019,6,15
TUR,origin,2019,7,4
TUR,origin,2019,8,8
TUR,origin,2019,9,9
TUR,origin,2020,1,39
TUR,origin,2020,10,20
TUR,origin,2020,11,4
TUR,origin,2020,12,4
TUR,origin,2020,13,54
TUR,origin,2020,14,8
TUR,origin,2020,15,5
TUR,origin,2020,16,26
TUR,origin,2020,17,8
TUR,origin,2020,18,7
TUR,origin,2020,19,12
TUR,origin,2020,2,30
TUR,origin,2020,20,9
TUR,origin,2020,21,6
TUR,origin,2020,23,18
TUR,origin,2020,24,3
TUR,origin,2020,25,15
TUR,origin,2020,26,7
TUR,origin,2020,27,12
TUR,origin,2020,28,36
TUR,origin,2020,29,33
TUR,origin,2020,3,22
TUR,origin,2020,30,31
TUR,origin,2020,31,31
TUR,origin,2020,32,46
TUR,origin,2020,33,48
TUR,origin,2020,34,61
TUR,origin,2020,35,31
TUR,origin,2020,4,27
TUR,origin,2020,5,4
TUR,origin,2020,6,38
TUR,origin,2020,7,2
TUR,origin,2020,8,8
TUR,origin,2020,9,8
TUR,origin,2021,1,16
TUR,origin,2021,10,28
TUR,origin,2021,11,4
TUR,origin,2021,12,8
TUR,origin,2021,13,56
TUR,origin,2021,14,5
TUR,origin,2021,15,9
TUR,origin,2021,16,19
TUR,origin,2021,17,11
TUR,origin,2021,18,6
TUR,origin,2021,19,16
TUR,origin,2021,2,15
TUR,origin,2021,20,8
TUR,origin,2021,21,5
TUR,origin,2021,23,10
TUR,origin,2021,24,5
TUR,origin,2021,25,15
TUR,origin,2021,26,7
TUR,origin,2021,27,9
TUR,origin,2021,28,41
TUR,origin,2021,29,15
TUR,origin,2021,3,17
TUR,origin,2021,30,24
TUR,origin,2021,31,28
TUR,origin,2021,32,30
TUR,origin,2021,33,32
TUR,origin,2021,34,47
TUR,origin,2021,35,18
TUR,origin,2021,4,35
TUR,origin,2021,5,8
TUR,origin,2021,6,34
TUR,origin,2021,7,2
TUR,origin,2021,8,6
TUR,origin,2021,9,6
TUR,origin,2022,0,5
TUR,origin,2022,1,28
TUR,origin,2022,10,31
TUR,origin,2022,11,3
TUR,origin,2022,12,5
TUR,origin,2022,13,45
TUR,origin,2022,14,7
TUR,origin,2022,15,7
TUR,origin,2022,16,20
TUR,origin,2022,17,8
TUR,origin,2022,18,5
TUR,origin,2022,19,9
TUR,origin,2022,2,24
TUR,origin,2022,20,12
TUR,origin,2022,21,5
TUR,origin,2022,23,8
TUR,origin,2022,24,7
TUR,origin,2022,25,22
TUR,origin,2022,26,5
TUR,origin,2022,27,13
TUR,origin,2022,28,50
TUR,origin,2022,29,23
TUR,origin,2022,3,13
TUR,origin,2022,30,26
TUR,origin,2022,31,19
TUR,origin,2022,32,39
TUR,origin,2022,33,46
TUR,origin,2022,34,45
TUR,origin,2022,35,31
TUR,origin,2022,4,34
TUR,origin,2022,5,9
TUR,origin,2022,6,36
TUR,origin,2022,7,2
TUR,origin,2022,8,7
TUR,origin,2022,9,7
TUV,origin,2016,31,1
TZA,origin,2015,1,1
TZA,origin,2021,33,1
UGA,origin,2022,10,1
UKR,office,2015,1,67
UKR,office,2015,10,137
UKR,office,2015,11,32
UKR,office,2015,12,29
UKR,office,2015,13,157
UKR,office,2015,14,225
UKR,office,2015,15,88
UKR,office,2015,16,405
UKR,office,2015,17,28
UKR,office,2015,18,188
UKR,office,2015,19,191
UKR,office,2015,2,21
UKR,office,2015,20,184
UKR,office,2015,21,75
UKR,office,2015,22,7
UKR,office,2015,23,146
UKR,office,2015,24,54
UKR,office,2015,25,87
UKR,office,2015,26,76
UKR,office,2015,27,67
UKR,office,2015,28,26
UKR,office,2015,29,191
UKR,office,2015,3,17
UKR,office,2015,30,76
UKR,office,2015,31,60
UKR,office,2015,32,86
UKR,office,2015,33,27
UKR,office,2015,34,55
UKR,office,2015,35,138
UKR,office,2015,4,28
UKR,office,2015,5,13
UKR,office,2015,6,44
UKR,office,2015,7,3
UKR,office,2015,8,9
UKR,office,2015,9,9
UKR,office,2016,1,110
UKR,office,2016,10,132
UKR,office,2016,11,40
UKR,office,2016,12,37
UKR,office,2016,13,130
UKR,office,2016,14,207
UKR,office,2016,15,100
UKR,office,2016,16,376
UKR,office,2016,17,31
UKR,office,2016,18,144
UKR,office,2016,19,187
UKR,office,2016,2,29
UKR,office,2016,20,173
UKR,office,2016,21,67
UKR,office,2016,22,6
UKR,office,2016,23,134
UKR,office,2016,24,54
UKR,office,2016,25,67
UKR,office,2016,26,63
UKR,office,2016,27,81
UKR,office,2016,28,24
UKR,office,2016,29,140
UKR,office,2016,3,17
UKR,office,2016,30,72
UKR,office,2016,31,60
UKR,office,2016,32,67
UKR,office,2016,33,14
UKR,office,2016,34,79
UKR,office,2016,35,98
UKR,office,2016,4,19
UKR,office,2016,5,11
UKR,office,2016,6,37
UKR,office,2016,7,6
UKR,office,2016,8,9
UKR,office,2016,9,12
UKR,office,2017,1,67
UKR,office,2017,10,90
UKR,office,2017,11,29
UKR,office,2017,12,21
UKR,office,2017,13,102
UKR,office,2017,14,164
UKR,office,2017,15,96
UKR,office,2017,16,324
UKR,office,2017,17,24
UKR,office,2017,18,125
UKR,office,2017,19,163
UKR,office,2017,2,38
UKR,office,2017,20,146
UKR,office,2017,21,58
UKR,office,2017,22,3
UKR,office,2017,23,106
UKR,office,2017,24,40
UKR,office,2017,25,76
UKR,office,2017,26,58
UKR,office,2017,27,72
UKR,office,2017,28,24
UKR,office,2017,29,136
UKR,office,2017,3,9
UKR,office,2017,30,60
UKR,office,2017,31,53
UKR,office,2017,32,53
UKR,office,2017,33,21
UKR,office,2017,34,74
UKR,office,2017,35,102
UKR,office,2017,4,17
UKR,office,2017,5,13
UKR,office,2017,6,35
UKR,office,2017,7,5
UKR,office,2017,8,9
UKR,office,2017,9,11
UKR,office,2018,1,81
UKR,office,2018,10,106
UKR,office,2018,11,37
UKR,office,2018,12,31
UKR,office,2018,13,127
UKR,office,2018,14,177
UKR,office,2018,15,129
UKR,office,2018,16,324
UKR,office,2018,17,24
UKR,office,2018,18,125
UKR,office,2018,19,176
UKR,office,2018,2,18
UKR,office,2018,20,108
UKR,office,2018,21,53
UKR,office,2018,22,4
UKR,office,2018,23,99
UKR,office,2018,24,42
UKR,office,2018,25,67
UKR,office,2018,26,82
UKR,office,2018,27,51
UKR,office,2018,28,14
UKR,office,2018,29,157
UKR,office,2018,3,11
UKR,office,2018,30,53
UKR,office,2018,31,49
UKR,office,2018,32,62
UKR,office,2018,33,16
UKR,office,2018,34,74
UKR,office,2018,35,109
UKR,office,2018,4,17
UKR,office,2018,5,17
UKR,office,2018,6,51
UKR,office,2018,7,2
UKR,office,2018,8,7
UKR,office,2018,9,11
UKR,office,2019,1,41
UKR,office,2019,10,33
UKR,office,2019,11,17
UKR,office,2019,12,11
UKR,office,2019,13,43
UKR,office,2019,14,67
UKR,office,2019,15,56
UKR,office,2019,16,123
UKR,office,2019,17,13
UKR,office,2019,18,44
UKR,office,2019,19,60
UKR,office,2019,2,3
UKR,office,2019,20,57
UKR,office,2019,21,19
UKR,office,2019,23,45
UKR,office,2019,24,12
UKR,office,2019,25,26
UKR,office,2019,26,27
UKR,office,2019,27,21
UKR,office,2019,28,8
UKR,office,2019,29,64
UKR,office,2019,3,4
UKR,office,2019,30,27
UKR,office,2019,31,19
UKR,office,2019,32,25
UKR,office,2019,33,6
UKR,office,2019,34,63
UKR,office,2019,35,39
UKR,office,2019,4,5
UKR,office,2019,5,1
UKR,office,2019,6,20
UKR,office,2019,7,1
UKR,office,2019,8,2
UKR,office,2019,9,5
UKR,office,2020,1,2
UKR,office,2020,10,2
UKR,office,2020,13,1
UKR,office,2020,15,1
UKR,office,2020,16,4
UKR,office,2020,18,6
UKR,office,2020,19,16
UKR,office,2020,20,6
UKR,office,2020,23,3
UKR,office,2020,24,1
UKR,office,2020,30,2
UKR,office,2020,34,42
UKR,office,2020,4,2
UKR,office,2020,6,2
UKR,office,2021,1,1
UKR,office,2021,10,2
UKR,office,2021,15,1
UKR,office,2021,16,3
UKR,office,2021,18,9
UKR,office,2021,19,29
UKR,office,2021,20,2
UKR,office,2021,21,1
UKR,office,2021,24,1
UKR,office,2021,28,2
UKR,office,2021,29,1
UKR,office,2021,30,2
UKR,office,2021,34,59
UKR,office,2021,4,4
UKR,office,2021,6,6
UKR,office,2022,15,1
UKR,office,2022,16,1
UKR,office,2022,18,6
UKR,office,2022,19,22
UKR,office,2022,21,1
UKR,office,2022,3,1
UKR,office,2022,30,1
UKR,office,2022,34,55
UKR,office,2022,6,3
UKR,origin,2015,1,54
UKR,origin,2015,10,173
UKR,origin,2015,11,26
UKR,origin,2015,12,29
UKR,origin,2015,13,179
UKR,origin,2015,14,44
UKR,origin,2015,15,24
UKR,origin,2015,16,102
UKR,origin,2015,17,15
UKR,origin,2015,18,133
UKR,origin,2015,19,43
UKR,origin,2015,2,6
UKR,origin,2015,20,115
UKR,origin,2015,21,55
UKR,origin,2015,22,8
UKR,origin,2015,23,98
UKR,origin,2015,24,31
UKR,origin,2015,25,28
UKR,origin,2015,26,57
UKR,origin,2015,27,56
UKR,origin,2015,28,9
UKR,origin,2015,29,152
UKR,origin,2015,3,29
UKR,origin,2015,30,51
UKR,origin,2015,31,49
UKR,origin,2015,32,84
UKR,origin,2015,33,9
UKR,origin,2015,34,12
UKR,origin,2015,35,87
UKR,origin,2015,4,11
UKR,origin,2015,5,8
UKR,origin,2015,6,35
UKR,origin,2015,7,1
UKR,origin,2015,8,11
UKR,origin,2015,9,19
UKR,origin,2016,1,73
UKR,origin,2016,10,119
UKR,origin,2016,11,35
UKR,origin,2016,12,35
UKR,origin,2016,13,138
UKR,origin,2016,14,35
UKR,origin,2016,15,25
UKR,origin,2016,16,105
UKR,origin,2016,17,11
UKR,origin,2016,18,89
UKR,origin,2016,19,46
UKR,origin,2016,2,7
UKR,origin,2016,20,78
UKR,origin,2016,21,39
UKR,origin,2016,22,6
UKR,origin,2016,23,82
UKR,origin,2016,24,36
UKR,origin,2016,25,27
UKR,origin,2016,26,42
UKR,origin,2016,27,65
UKR,origin,2016,28,10
UKR,origin,2016,29,95
UKR,origin,2016,3,15
UKR,origin,2016,30,45
UKR,origin,2016,31,40
UKR,origin,2016,32,74
UKR,origin,2016,33,5
UKR,origin,2016,34,6
UKR,origin,2016,35,60
UKR,origin,2016,4,8
UKR,origin,2016,5,7
UKR,origin,2016,6,23
UKR,origin,2016,7,3
UKR,origin,2016,8,7
UKR,origin,2016,9,14
UKR,origin,2017,1,55
UKR,origin,2017,10,85
UKR,origin,2017,11,27
UKR,origin,2017,12,19
UKR,origin,2017,13,105
UKR,origin,2017,14,33
UKR,origin,2017,15,10
UKR,origin,2017,16,76
UKR,origin,2017,17,9
UKR,origin,2017,18,82
UKR,origin,2017,19,39
UKR,origin,2017,2,10
UKR,origin,2017,20,75
UKR,origin,2017,21,28
UKR,origin,2017,22,3
UKR,origin,2017,23,64
UKR,origin,2017,24,29
UKR,origin,2017,25,33
UKR,origin,2017,26,46
UKR,origin,2017,27,65
UKR,origin,2017,28,8
UKR,origin,2017,29,89
UKR,origin,2017,3,12
UKR,origin,2017,30,40
UKR,origin,2017,31,39
UKR,origin,2017,32,49
UKR,origin,2017,33,16
UKR,origin,2017,34,14
UKR,origin,2017,35,63
UKR,origin,2017,4,2
UKR,origin,2017,5,10
UKR,origin,2017,6,28
UKR,origin,2017,7,1
UKR,origin,2017,8,10
UKR,origin,2017,9,9
UKR,origin,2018,1,59
UKR,origin,2018,10,101
UKR,origin,2018,11,31
UKR,origin,2018,12,24
UKR,origin,2018,13,109
UKR,origin,2018,14,30
UKR,origin,2018,15,17
UKR,origin,2018,16,88
UKR,origin,2018,17,14
UKR,origin,2018,18,88
UKR,origin,2018,19,56
UKR,origin,2018,2,7
UKR,origin,2018,20,55
UKR,origin,2018,21,24
UKR,origin,2018,22,4
UKR,origin,2018,23,78
UKR,origin,2018,24,29
UKR,origin,2018,25,31
UKR,origin,2018,26,71
UKR,origin,2018,27,43
UKR,origin,2018,28,6
UKR,origin,2018,29,116
UKR,origin,2018,3,10
UKR,origin,2018,30,32
UKR,origin,2018,31,40
UKR,origin,2018,32,51
UKR,origin,2018,33,9
UKR,origin,2018,34,10
UKR,origin,2018,35,74
UKR,origin,2018,4,12
UKR,origin,2018,5,18
UKR,origin,2018,6,30
UKR,origin,2018,7,2
UKR,origin,2018,8,5
UKR,origin,2018,9,11
UKR,origin,2019,1,34
UKR,origin,2019,10,35
UKR,origin,2019,11,15
UKR,origin,2019,12,11
UKR,origin,2019,13,44
UKR,origin,2019,14,22
UKR,origin,2019,15,10
UKR,origin,2019,16,56
UKR,origin,2019,17,5
UKR,origin,2019,18,28
UKR,origin,2019,19,12
UKR,origin,2019,2,7
UKR,origin,2019,20,26
UKR,origin,2019,21,14
UKR,origin,2019,22,1
UKR,origin,2019,23,39
UKR,origin,2019,24,6
UKR,origin,2019,25,14
UKR,origin,2019,26,30
UKR,origin,2019,27,21
UKR,origin,2019,28,4
UKR,origin,2019,29,46
UKR,origin,2019,3,5
UKR,origin,2019,30,14
UKR,origin,2019,31,18
UKR,origin,2019,32,41
UKR,origin,2019,33,7
UKR,origin,2019,34,9
UKR,origin,2019,35,31
UKR,origin,2019,4,9
UKR,origin,2019,5,1
UKR,origin,2019,6,15
UKR,origin,2019,7,2
UKR,origin,2019,8,3
UKR,origin,2019,9,5
UKR,origin,2020,1,13
UKR,origin,2020,10,1
UKR,origin,2020,12,1
UKR,origin,2020,13,19
UKR,origin,2020,16,7
UKR,origin,2020,18,1
UKR,origin,2020,19,6
UKR,origin,2020,2,6
UKR,origin,2020,20,2
UKR,origin,2020,21,1
UKR,origin,2020,23,8
UKR,origin,2020,24,2
UKR,origin,2020,25,4
UKR,origin,2020,26,6
UKR,origin,2020,27,10
UKR,origin,2020,29,9
UKR,origin,2020,3,2
UKR,origin,2020,30,3
UKR,origin,2020,31,5
UKR,origin,2020,32,15
UKR,origin,2020,33,3
UKR,origin,2020,34,1
UKR,origin,2020,35,11
UKR,origin,2020,4,7
UKR,origin,2020,6,5
UKR,origin,2020,7,2
UKR,origin,2021,1,9
UKR,origin,2021,10,3
UKR,origin,2021,12,1
UKR,origin,2021,13,5
UKR,origin,2021,16,8
UKR,origin,2021,17,1
UKR,origin,2021,18,1
UKR,origin,2021,19,7
UKR,origin,2021,2,3
UKR,origin,2021,21,1
UKR,origin,2021,23,1
UKR,origin,2021,24,1
UKR,origin,2021,25,4
UKR,origin,2021,26,3
UKR,origin,2021,27,13
UKR,origin,2021,29,6
UKR,origin,2021,3,3
UKR,origin,2021,30,3
UKR,origin,2021,31,8
UKR,origin,2021,32,13
UKR,origin,2021,33,8
UKR,origin,2021,34,5
UKR,origin,2021,35,14
UKR,origin,2021,4,3
UKR,origin,2021,6,7
UKR,origin,2021,7,1
UKR,origin,2021,8,2
UKR,origin,2021,9,1
UKR,origin,2022,1,5
UKR,origin,2022,10,2
UKR,origin,2022,12,1
UKR,origin,2022,15,1
UKR,origin,2022,16,5
UKR,origin,2022,17,2
UKR,origin,2022,18,1
UKR,origin,2022,19,6
UKR,origin,2022,2,3
UKR,origin,2022,20,2
UKR,origin,2022,23,2
UKR,origin,2022,24,1
UKR,origin,2022,25,3
UKR,origin,2022,26,3
UKR,origin,2022,27,4
UKR,origin,2022,29,3
UKR,origin,2022,3,1
UKR,origin,2022,30,1
UKR,origin,2022,31,3
UKR,origin,2022,32,5
UKR,origin,2022,33,5
UKR,origin,2022,34,2
UKR,origin,2022,35,6
UKR,origin,2022,4,7
UKR,origin,2022,5,1
UKR,origin,2022,6,5
UKR,origin,2022,7,2
UKR,origin,2022,9,1
URY,origin,2015,1,1
URY,origin,2015,12,1
URY,origin,2015,15,1
URY,origin,2015,20,1
URY,origin,2015,21,1
URY,origin,2015,23,2
URY,origin,2015,24,1
URY,origin,2015,27,2
URY,origin,2015,29,3
URY,origin,2015,30,1
URY,origin,2015,35,1
URY,origin,2015,6,1
URY,origin,2015,7,1
URY,origin,2016,1,4
URY,origin,2016,12,1
URY,origin,2016,13,3
URY,origin,2016,16,3
URY,origin,2016,20,1
URY,origin,2016,21,1
URY,origin,2016,27,1
URY,origin,2016,29,1
URY,origin,2016,3,1
URY,origin,2016,33,1
URY,origin,2016,8,1
URY,origin,2017,1,1
URY,origin,2017,13,1
URY,origin,2017,15,3
URY,origin,2017,16,3
URY,origin,2017,19,1
URY,origin,2017,2,1
URY,origin,2017,21,1
URY,origin,2017,23,2
URY,origin,2017,24,1
URY,origin,2017,27,1
URY,origin,2017,29,2
URY,origin,2017,30,3
URY,origin,2017,35,1
URY,origin,2018,13,1
URY,origin,2018,14,1
URY,origin,2018,15,1
URY,origin,2018,16,3
URY,origin,2018,18,1
URY,origin,2018,19,2
URY,origin,2018,23,1
URY,origin,2018,24,1
URY,origin,2018,27,4
URY,origin,2018,29,1
URY,origin,2018,30,6
URY,origin,2018,34,1
URY,origin,2018,35,1
URY,origin,2019,1,3
URY,origin,2019,10,5
URY,origin,2019,13,1
URY,origin,2019,14,1
URY,origin,2019,15,1
URY,origin,2019,16,2
URY,origin,2019,2,1
URY,origin,2019,21,2
URY,origin,2019,23,3
URY,origin,2019,24,1
URY,origin,2019,27,3
URY,origin,2019,35,1
URY,origin,2019,4,1
URY,origin,2019,6,2
URY,origin,2019,9,1
URY,origin,2020,12,1
URY,origin,2020,14,1
URY,origin,2020,16,3
URY,origin,2020,18,1
URY,origin,2020,2,1
URY,origin,2020,23,3
URY,origin,2020,24,1
URY,origin,2020,26,1
URY,origin,2020,29,1
URY,origin,2020,30,1
URY,origin,2020,4,3
URY,origin,2020,6,3
URY,origin,2020,9,1
URY,origin,2021,10,1
URY,origin,2021,14,1
URY,origin,2021,15,2
URY,origin,2021,16,5
URY,origin,2021,2,1
URY,origin,2021,23,4
URY,origin,2021,25,1
URY,origin,2021,27,1
URY,origin,2021,29,3
URY,origin,2021,30,1
URY,origin,2021,32,2
URY,origin,2021,35,1
URY,origin,2021,4,2
URY,origin,2021,6,1
URY,origin,2022,10,3
URY,origin,2022,13,2
URY,origin,2022,14,2
URY,origin,2022,15,2
URY,origin,2022,16,5
URY,origin,2022,18,1
URY,origin,2022,2,1
URY,origin,2022,20,1
URY,origin,2022,23,7
URY,origin,2022,24,1
URY,origin,2022,25,1
URY,origin,2022,26,1
URY,origin,2022,27,1
URY,origin,2022,28,1
URY,origin,2022,29,4
URY,origin,2022,32,3
URY,origin,2022,34,1
URY,origin,2022,35,4
URY,origin,2022,4,1
URY,origin,2022,6,2
URY,origin,2022,9,1
USA,office,2015,0,112
USA,office,2015,1,18692
USA,office,2015,10,12256
USA,office,2015,11,1612
USA,office,2015,12,5622
USA,office,2015,13,16234
USA,office,2015,14,7052
USA,office,2015,15,5415
USA,office,2015,16,6900
USA,office,2015,17,3069
USA,office,2015,18,1585
USA,office,2015,19,4625
USA,office,2015,2,15883
USA,office,2015,20,2695
USA,office,2015,21,4051
USA,office,2015,22,1019
USA,office,2015,23,4784
USA,office,2015,24,2563
USA,office,2015,25,5163
USA,office,2015,26,5261
USA,office,2015,27,6298
USA,office,2015,28,3987
USA,office,2015,29,6139
USA,office,2015,3,12904
USA,office,2015,30,2108
USA,office,2015,31,6930
USA,office,2015,32,11088
USA,office,2015,33,5911
USA,office,2015,34,3997
USA,office,2015,35,6428
USA,office,2015,4,23410
USA,office,2015,5,4880
USA,office,2015,6,46821
USA,office,2015,7,3508
USA,office,2015,8,18369
USA,office,2015,9,11674
USA,office,2016,0,84
USA,office,2016,1,20202
USA,office,2016,10,13107
USA,office,2016,11,1689
USA,office,2016,12,5853
USA,office,2016,13,16864
USA,office,2016,14,6326
USA,office,2016,15,5736
USA,office,2016,16,6624
USA,office,2016,17,3064
USA,office,2016,18,1457
USA,office,2016,19,4567
USA,office,2016,2,15857
USA,office,2016,20,2723
USA,office,2016,21,3776
USA,office,2016,22,946
USA,office,2016,23,4802
USA,office,2016,24,2499
USA,office,2016,25,5195
USA,office,2016,26,4591
USA,office,2016,27,6428
USA,office,2016,28,3562
USA,office,2016,29,6497
USA,office,2016,3,11805
USA,office,2016,30,2264
USA,office,2016,31,6819
USA,office,2016,32,11620
USA,office,2016,33,5961
USA,office,2016,34,4209
USA,office,2016,35,6595
USA,office,2016,4,25750
USA,office,2016,5,4770
USA,office,2016,6,47115
USA,office,2016,7,3501
USA,office,2016,8,19033
USA,office,2016,9,11662
USA,office,2017,0,73
USA,office,2017,1,21816
USA,office,2017,10,14467
USA,office,2017,11,1983
USA,office,2017,12,7017
USA,office,2017,13,18192
USA,office,2017,14,6166
USA,office,2017,15,6019
USA,office,2017,16,7220
USA,office,2017,17,3086
USA,office,2017,18,1516
USA,office,2017,19,4737
USA,office,2017,2,16339
USA,office,2017,20,2954
USA,office,2017,21,3999
USA,office,2017,22,841
USA,office,2017,23,5103
USA,office,2017,24,2776
USA,office,2017,25,5558
USA,office,2017,26,4844
USA,office,2017,27,7466
USA,office,2017,28,3207
USA,office,2017,29,6960
USA,office,2017,3,12280
USA,office,2017,30,2821
USA,office,2017,31,7513
USA,office,2017,32,12942
USA,office,2017,33,6360
USA,office,2017,34,4521
USA,office,2017,35,6898
USA,office,2017,4,27640
USA,office,2017,5,4431
USA,office,2017,6,46058
USA,office,2017,7,4820
USA,office,2017,8,19082
USA,office,2017,9,11635
USA,office,2018,0,53
USA,office,2018,1,21188
USA,office,2018,10,13978
USA,office,2018,11,2078
USA,office,2018,12,7425
USA,office,2018,13,17547
USA,office,2018,14,5659
USA,office,2018,15,6022
USA,office,2018,16,6984
USA,office,2018,17,2843
USA,office,2018,18,1552
USA,office,2018,19,4522
USA,office,2018,2,15453
USA,office,2018,20,2936
USA,office,2018,21,3802
USA,office,2018,22,615
USA,office,2018,23,4987
USA,office,2018,24,2626
USA,office,2018,25,5549
USA,office,2018,26,4529
USA,office,2018,27,7832
USA,office,2018,28,3160
USA,office,2018,29,6968
USA,office,2018,3,11363
USA,office,2018,30,2879
USA,office,2018,31,7227
USA,office,2018,32,13045
USA,office,2018,33,6083
USA,office,2018,34,4522
USA,office,2018,35,6983
USA,office,2018,4,27303
USA,office,2018,5,3779
USA,office,2018,6,43247
USA,office,2018,7,5002
USA,office,2018,8,17538
USA,office,2018,9,11105
USA,office,2019,0,38
USA,office,2019,1,23626
USA,office,2019,10,16537
USA,office,2019,11,2230
USA,office,2019,12,8737
USA,office,2019,13,21958
USA,office,2019,14,5526
USA,office,2019,15,6276
USA,office,2019,16,7504
USA,office,2019,17,3017
USA,office,2019,18,1981
USA,office,2019,19,4729
USA,office,2019,2,16848
USA,office,2019,20,3401
USA,office,2019,21,4121
USA,office,2019,22,685
USA,office,2019,23,5620
USA,office,2019,24,3081
USA,office,2019,25,6381
USA,office,2019,26,5157
USA,office,2019,27,8739
USA,office,2019,28,3460
USA,office,2019,29,8186
USA,office,2019,3,12136
USA,office,2019,30,3472
USA,office,2019,31,8261
USA,office,2019,32,15129
USA,office,2019,33,6921
USA,office,2019,34,5264
USA,office,2019,35,8275
USA,office,2019,4,31994
USA,office,2019,5,4842
USA,office,2019,6,51666
USA,office,2019,7,7526
USA,office,2019,8,18742
USA,office,2019,9,12920
USA,office,2020,0,24
USA,office,2020,1,22122
USA,office,2020,10,15877
USA,office,2020,11,2183
USA,office,2020,12,8648
USA,office,2020,13,21858
USA,office,2020,14,5407
USA,office,2020,15,6287
USA,office,2020,16,7818
USA,office,2020,17,3187
USA,office,2020,18,2142
USA,office,2020,19,4626
USA,office,2020,2,16554
USA,office,2020,20,3326
USA,office,2020,21,4009
USA,office,2020,22,654
USA,office,2020,23,5647
USA,office,2020,24,2931
USA,office,2020,25,6294
USA,office,2020,26,4896
USA,office,2020,27,8619
USA,office,2020,28,3396
USA,office,2020,29,8380
USA,office,2020,3,11216
USA,office,2020,30,3262
USA,office,2020,31,7988
USA,office,2020,32,15137
USA,office,2020,33,6755
USA,office,2020,34,5163
USA,office,2020,35,7980
USA,office,2020,4,32685
USA,office,2020,5,4790
USA,office,2020,6,53630
USA,office,2020,7,7929
USA,office,2020,8,18865
USA,office,2020,9,12274
USA,office,2021,0,16
USA,office,2021,1,19899
USA,office,2021,10,14634
USA,office,2021,11,1909
USA,office,2021,12,7834
USA,office,2021,13,20719
USA,office,2021,14,4917
USA,office,2021,15,6037
USA,office,2021,16,7690
USA,office,2021,17,2893
USA,office,2021,18,1975
USA,office,2021,19,4300
USA,office,2021,2,15203
USA,office,2021,20,3051
USA,office,2021,21,3533
USA,office,2021,22,534
USA,office,2021,23,5163
USA,office,2021,24,2742
USA,office,2021,25,5979
USA,office,2021,26,4306
USA,office,2021,27,7531
USA,office,2021,28,3177
USA,office,2021,29,7902
USA,office,2021,3,9710
USA,office,2021,30,2924
USA,office,2021,31,7197
USA,office,2021,32,14096
USA,office,2021,33,6253
USA,office,2021,34,4894
USA,office,2021,35,7196
USA,office,2021,4,30744
USA,office,2021,5,3944
USA,office,2021,6,52985
USA,office,2021,7,7783
USA,office,2021,8,17229
USA,office,2021,9,10943
USA,office,2022,0,11
USA,office,2022,1,19918
USA,office,2022,10,14777
USA,office,2022,11,1782
USA,office,2022,12,7649
USA,office,2022,13,20747
USA,office,2022,14,4369
USA,office,2022,15,5685
USA,office,2022,16,7090
USA,office,2022,17,2660
USA,office,2022,18,2015
USA,office,2022,19,3875
USA,office,2022,2,15374
USA,office,2022,20,3101
USA,office,2022,21,3531
USA,office,2022,22,482
USA,office,2022,23,5025
USA,office,2022,24,2658
USA,office,2022,25,6048
USA,office,2022,26,4494
USA,office,2022,27,7225
USA,office,2022,28,2972
USA,office,2022,29,7687
USA,office,2022,3,9241
USA,office,2022,30,3027
USA,office,2022,31,6817
USA,office,2022,32,15052
USA,office,2022,33,5967
USA,office,2022,34,4919
USA,office,2022,35,7015
USA,office,2022,4,30278
USA,office,2022,5,3683
USA,office,2022,6,53294
USA,office,2022,7,7473
USA,office,2022,8,16875
USA,office,2022,9,10572
USA,origin,2015,0,452
USA,origin,2015,1,11386
USA,origin,2015,10,10091
USA,origin,2015,11,2004
USA,origin,2015,12,4557
USA,origin,2015,13,20922
USA,origin,2015,14,7885
USA,origin,2015,15,6978
USA,origin,2015,16,9965
USA,origin,2015,17,3323
USA,origin,2015,18,2083
USA,origin,2015,19,6450
USA,origin,2015,2,9020
USA,origin,2015,20,2624
USA,origin,2015,21,3412
USA,origin,2015,22,719
USA,origin,2015,23,4893
USA,origin,2015,24,2552
USA,origin,2015,25,4591
USA,origin,2015,26,4271
USA,origin,2015,27,6025
USA,origin,2015,28,2587
USA,origin,2015,29,5762
USA,origin,2015,3,9410
USA,origin,2015,30,1859
USA,origin,2015,31,5446
USA,origin,2015,32,7381
USA,origin,2015,33,5462
USA,origin,2015,34,3769
USA,origin,2015,35,7085
USA,origin,2015,4,21311
USA,origin,2015,5,3141
USA,origin,2015,6,38166
USA,origin,2015,7,3795
USA,origin,2015,8,9668
USA,origin,2015,9,4882
USA,origin,2016,0,270
USA,origin,2016,1,13123
USA,origin,2016,10,11148
USA,origin,2016,11,2096
USA,origin,2016,12,5035
USA,origin,2016,13,23269
USA,origin,2016,14,8457
USA,origin,2016,15,7643
USA,origin,2016,16,11330
USA,origin,2016,17,3768
USA,origin,2016,18,2098
USA,origin,2016,19,6897
USA,origin,2016,2,9798
USA,origin,2016,20,2889
USA,origin,2016,21,3585
USA,origin,2016,22,699
USA,origin,2016,23,5222
USA,origin,2016,24,2790
USA,origin,2016,25,5269
USA,origin,2016,26,4188
USA,origin,2016,27,7055
USA,origin,2016,28,2763
USA,origin,2016,29,6832
USA,origin,2016,3,9068
USA,origin,2016,30,2174
USA,origin,2016,31,5879
USA,origin,2016,32,8848
USA,origin,2016,33,5921
USA,origin,2016,34,4197
USA,origin,2016,35,8492
USA,origin,2016,4,23254
USA,origin,2016,5,3255
USA,origin,2016,6,40934
USA,origin,2016,7,4123
USA,origin,2016,8,10171
USA,origin,2016,9,5221
USA,origin,2017,0,247
USA,origin,2017,1,13867
USA,origin,2017,10,12092
USA,origin,2017,11,2273
USA,origin,2017,12,5745
USA,origin,2017,13,24018
USA,origin,2017,14,8075
USA,origin,2017,15,7878
USA,origin,2017,16,11391
USA,origin,2017,17,3648
USA,origin,2017,18,2103
USA,origin,2017,19,6883
USA,origin,2017,2,9993
USA,origin,2017,20,3132
USA,origin,2017,21,3672
USA,origin,2017,22,668
USA,origin,2017,23,5505
USA,origin,2017,24,2708
USA,origin,2017,25,5374
USA,origin,2017,26,4349
USA,origin,2017,27,7462
USA,origin,2017,28,2569
USA,origin,2017,29,7178
USA,origin,2017,3,8983
USA,origin,2017,30,2324
USA,origin,2017,31,6293
USA,origin,2017,32,9821
USA,origin,2017,33,5956
USA,origin,2017,34,4272
USA,origin,2017,35,8914
USA,origin,2017,4,24054
USA,origin,2017,5,3227
USA,origin,2017,6,40512
USA,origin,2017,7,5260
USA,origin,2017,8,9823
USA,origin,2017,9,5534
USA,origin,2018,0,143
USA,origin,2018,1,13639
USA,origin,2018,10,11816
USA,origin,2018,11,2354
USA,origin,2018,12,6062
USA,origin,2018,13,23538
USA,origin,2018,14,7578
USA,origin,2018,15,8010
USA,origin,2018,16,11175
USA,origin,2018,17,3513
USA,origin,2018,18,2153
USA,origin,2018,19,6613
USA,origin,2018,2,9615
USA,origin,2018,20,3112
USA,origin,2018,21,3706
USA,origin,2018,22,504
USA,origin,2018,23,5288
USA,origin,2018,24,2621
USA,origin,2018,25,5423
USA,origin,2018,26,4086
USA,origin,2018,27,7750
USA,origin,2018,28,2605
USA,origin,2018,29,7281
USA,origin,2018,3,8765
USA,origin,2018,30,2333
USA,origin,2018,31,6009
USA,origin,2018,32,10246
USA,origin,2018,33,5791
USA,origin,2018,34,4478
USA,origin,2018,35,8967
USA,origin,2018,4,25529
USA,origin,2018,5,2912
USA,origin,2018,6,38880
USA,origin,2018,7,5438
USA,origin,2018,8,8953
USA,origin,2018,9,5272
USA,origin,2019,0,121
USA,origin,2019,1,14609
USA,origin,2019,10,13340
USA,origin,2019,11,2366
USA,origin,2019,12,7022
USA,origin,2019,13,26569
USA,origin,2019,14,7275
USA,origin,2019,15,8085
USA,origin,2019,16,11193
USA,origin,2019,17,3410
USA,origin,2019,18,2342
USA,origin,2019,19,6280
USA,origin,2019,2,10138
USA,origin,2019,20,3338
USA,origin,2019,21,3863
USA,origin,2019,22,524
USA,origin,2019,23,5605
USA,origin,2019,24,2913
USA,origin,2019,25,5980
USA,origin,2019,26,4409
USA,origin,2019,27,8853
USA,origin,2019,28,2530
USA,origin,2019,29,8112
USA,origin,2019,3,9138
USA,origin,2019,30,2803
USA,origin,2019,31,6727
USA,origin,2019,32,12082
USA,origin,2019,33,6224
USA,origin,2019,34,4647
USA,origin,2019,35,9264
USA,origin,2019,4,28847
USA,origin,2019,5,3285
USA,origin,2019,6,44497
USA,origin,2019,7,7514
USA,origin,2019,8,9081
USA,origin,2019,9,5931
USA,origin,2020,0,120
USA,origin,2020,1,13518
USA,origin,2020,10,13029
USA,origin,2020,11,2303
USA,origin,2020,12,6877
USA,origin,2020,13,26405
USA,origin,2020,14,6738
USA,origin,2020,15,8033
USA,origin,2020,16,11133
USA,origin,2020,17,3550
USA,origin,2020,18,2306
USA,origin,2020,19,5912
USA,origin,2020,2,9857
USA,origin,2020,20,3300
USA,origin,2020,21,3688
USA,origin,2020,22,499
USA,origin,2020,23,5680
USA,origin,2020,24,2697
USA,origin,2020,25,5859
USA,origin,2020,26,4259
USA,origin,2020,27,8124
USA,origin,2020,28,2562
USA,origin,2020,29,8415
USA,origin,2020,3,8244
USA,origin,2020,30,2699
USA,origin,2020,31,6294
USA,origin,2020,32,11379
USA,origin,2020,33,5940
USA,origin,2020,34,4699
USA,origin,2020,35,8765
USA,origin,2020,4,28595
USA,origin,2020,5,3058
USA,origin,2020,6,44075
USA,origin,2020,7,7671
USA,origin,2020,8,9170
USA,origin,2020,9,5730
USA,origin,2021,0,54
USA,origin,2021,1,12577
USA,origin,2021,10,12345
USA,origin,2021,11,2150
USA,origin,2021,12,6670
USA,origin,2021,13,25797
USA,origin,2021,14,6531
USA,origin,2021,15,8411
USA,origin,2021,16,11490
USA,origin,2021,17,3550
USA,origin,2021,18,2226
USA,origin,2021,19,5732
USA,origin,2021,2,8856
USA,origin,2021,20,3101
USA,origin,2021,21,3486
USA,origin,2021,22,438
USA,origin,2021,23,5698
USA,origin,2021,24,2726
USA,origin,2021,25,5761
USA,origin,2021,26,4039
USA,origin,2021,27,7346
USA,origin,2021,28,2655
USA,origin,2021,29,8386
USA,origin,2021,3,7379
USA,origin,2021,30,2483
USA,origin,2021,31,5812
USA,origin,2021,32,10550
USA,origin,2021,33,5715
USA,origin,2021,34,4667
USA,origin,2021,35,8295
USA,origin,2021,4,27064
USA,origin,2021,5,2621
USA,origin,2021,6,43981
USA,origin,2021,7,7539
USA,origin,2021,8,8612
USA,origin,2021,9,5748
USA,origin,2022,0,63
USA,origin,2022,1,11839
USA,origin,2022,10,11511
USA,origin,2022,11,1958
USA,origin,2022,12,6181
USA,origin,2022,13,24590
USA,origin,2022,14,5468
USA,origin,2022,15,7921
USA,origin,2022,16,10598
USA,origin,2022,17,3155
USA,origin,2022,18,2011
USA,origin,2022,19,5112
USA,origin,2022,2,8525
USA,origin,2022,20,2845
USA,origin,2022,21,3134
USA,origin,2022,22,396
USA,origin,2022,23,5227
USA,origin,2022,24,2606
USA,origin,2022,25,5503
USA,origin,2022,26,3837
USA,origin,2022,27,6163
USA,origin,2022,28,2517
USA,origin,2022,29,8017
USA,origin,2022,3,6708
USA,origin,2022,30,2343
USA,origin,2022,31,5264
USA,origin,2022,32,10987
USA,origin,2022,33,5347
USA,origin,2022,34,4526
USA,origin,2022,35,7471
USA,origin,2022,4,25050
USA,origin,2022,5,2301
USA,origin,2022,6,42384
USA,origin,2022,7,7131
USA,origin,2022,8,7870
USA,origin,2022,9,5684
UZB,origin,2015,14,1
UZB,origin,2015,20,3
UZB,origin,2015,23,2
UZB,origin,2015,24,1
UZB,origin,2015,25,1
UZB,origin,2015,34,1
UZB,origin,2016,13,1
UZB,origin,2016,20,2
UZB,origin,2016,23,2
UZB,origin,2016,24,1
UZB,origin,2016,25,1
UZB,origin,2017,13,1
UZB,origin,2017,14,1
UZB,origin,2017,19,3
UZB,origin,2017,33,1
UZB,origin,2017,6,1
UZB,origin,2018,15,5
UZB,origin,2018,16,1
UZB,origin,2018,18,1
UZB,origin,2018,31,1
UZB,origin,2018,32,1
UZB,origin,2018,35,1
UZB,origin,2019,11,2
UZB,origin,2019,13,4
UZB,origin,2019,15,3
UZB,origin,2019,18,2
UZB,origin,2019,20,1
UZB,origin,2019,28,1
UZB,origin,2019,33,2
UZB,origin,2019,34,1
UZB,origin,2019,35,1
UZB,origin,2020,13,5
UZB,origin,2020,15,2
UZB,origin,2020,16,1
UZB,origin,2020,18,1
UZB,origin,2020,23,1
UZB,origin,2020,24,1
UZB,origin,2020,26,1
UZB,origin,2020,27,1
UZB,origin,2020,28,2
UZB,origin,2020,32,1
UZB,origin,2020,34,4
UZB,origin,2020,4,1
UZB,origin,2020,7,1
UZB,origin,2021,1,1
UZB,origin,2021,13,10
UZB,origin,2021,15,1
UZB,origin,2021,18,1
UZB,origin,2021,19,1
UZB,origin,2021,20,1
UZB,origin,2021,23,3
UZB,origin,2021,24,1
UZB,origin,2021,29,2
UZB,origin,2021,30,1
UZB,origin,2021,32,1
UZB,origin,2021,33,1
UZB,origin,2022,11,1
UZB,origin,2022,15,2
UZB,origin,2022,32,1
VCT,origin,2015,13,1
VCT,origin,2015,20,2
VCT,origin,2015,23,1
VCT,origin,2015,26,1
VCT,origin,2015,31,4
VCT,origin,2015,35,2
VCT,origin,2016,10,2
VCT,origin,2016,19,1
VCT,origin,2016,20,2
VCT,origin,2016,21,1
VCT,origin,2016,31,8
VCT,origin,2016,35,6
VCT,origin,2017,10,2
VCT,origin,2017,19,1
VCT,origin,2017,20,1
VCT,origin,2017,30,1
VCT,origin,2017,31,2
VCT,origin,2017,35,2
VCT,origin,2018,31,1
VCT,origin,2018,35,1
VCT,origin,2019,31,1
VCT,origin,2019,35,1
VCT,origin,2020,26,1
VCT,origin,2020,27,1
VCT,origin,2020,35,1
VCT,origin,2021,20,1
VCT,origin,2022,20,1
VCT,origin,2022,23,1
VEN,origin,2015,1,1
VEN,origin,2015,13,1
VEN,origin,2015,19,15
VEN,origin,2015,20,5
VEN,origin,2015,23,8
VEN,origin,2015,27,3
VEN,origin,2015,29,1
VEN,origin,2015,30,1
VEN,origin,2015,31,1
VEN,origin,2015,32,1
VEN,origin,2015,33,1
VEN,origin,2015,35,5
VEN,origin,2016,1,1
VEN,origin,2016,13,2
VEN,origin,2016,19,1
VEN,origin,2016,20,3
VEN,origin,2016,23,1
VEN,origin,2016,24,1
VEN,origin,2016,27,2
VEN,origin,2016,31,1
VEN,origin,2016,33,1
VEN,origin,2016,35,2
VEN,origin,2016,4,1
VEN,origin,2017,13,4
VEN,origin,2017,20,2
VEN,origin,2017,27,2
VEN,origin,2018,1,1
VEN,origin,2018,10,1
VEN,origin,2018,13,6
VEN,origin,2018,20,2
VEN,origin,2018,21,1
VEN,origin,2018,27,1
VEN,origin,2018,31,1
VEN,origin,2018,34,1
VEN,origin,2018,5,1
VEN,origin,2019,16,1
VEN,origin,2019,20,1
VEN,origin,2019,32,1
VEN,origin,2019,33,1
VEN,origin,2019,35,1
VEN,origin,2020,13,1
VEN,origin,2021,12,1
VEN,origin,2021,13,2
VEN,origin,2021,25,1
VEN,origin,2021,33,1
VEN,origin,2022,13,2
VEN,origin,2022,27,1
VEN,origin,2022,31,1
VEN,origin,2022,35,1
VNM,origin,2015,13,2
VNM,origin,2015,15,2
VNM,origin,2015,16,1
VNM,origin,2015,17,2
VNM,origin,2015,19,7
VNM,origin,2015,20,1
VNM,origin,2015,21,6
VNM,origin,2015,22,1
VNM,origin,2015,28,5
VNM,origin,2015,33,3
VNM,origin,2015,34,1
VNM,origin,2015,9,2
VNM,origin,2016,13,2
VNM,origin,2016,14,2
VNM,origin,2016,19,4
VNM,origin,2016,20,1
VNM,origin,2016,21,2
VNM,origin,2016,22,1
VNM,origin,2016,25,1
VNM,origin,2016,27,1
VNM,origin,2016,28,4
VNM,origin,2016,31,1
VNM,origin,2016,32,1
VNM,origin,2016,33,3
VNM,origin,2016,34,2
VNM,origin,2016,35,3
VNM,origin,2016,9,1
VNM,origin,2017,13,2
VNM,origin,2017,17,1
VNM,origin,2017,2,3
VNM,origin,2017,21,1
VNM,origin,2017,25,1
VNM,origin,2017,27,1
VNM,origin,2017,28,5
VNM,origin,2017,29,1
VNM,origin,2017,32,1
VNM,origin,2017,33,6
VNM,origin,2017,34,3
VNM,origin,2017,35,4
VNM,origin,2017,9,3
VNM,origin,2018,12,1
VNM,origin,2018,13,3
VNM,origin,2018,15,3
VNM,origin,2018,17,1
VNM,origin,2018,19,1
VNM,origin,2018,2,1
VNM,origin,2018,24,1
VNM,origin,2018,28,1
VNM,origin,2018,29,2
VNM,origin,2018,33,8
VNM,origin,2018,34,5
VNM,origin,2018,35,2
VNM,origin,2019,13,1
VNM,origin,2019,18,1
VNM,origin,2019,19,1
VNM,origin,2019,27,3
VNM,origin,2019,28,1
VNM,origin,2019,29,2
VNM,origin,2019,33,6
VNM,origin,2019,34,1
VNM,origin,2019,35,1
VNM,origin,2019,4,1
VNM,origin,2019,6,1
VNM,origin,2019,9,1
VNM,origin,2020,1,1
VNM,origin,2020,10,1
VNM,origin,2020,12,1
VNM,origin,2020,13,1
VNM,origin,2020,15,1
VNM,origin,2020,16,2
VNM,origin,2020,18,1
VNM,origin,2020,19,1
VNM,origin,2020,20,1
VNM,origin,2020,21,1
VNM,origin,2020,23,1
VNM,origin,2020,24,2
VNM,origin,2020,25,1
VNM,origin,2020,27,3
VNM,origin,2020,29,1
VNM,origin,2020,30,1
VNM,origin,2020,31,1
VNM,origin,2020,32,2
VNM,origin,2020,33,6
VNM,origin,2020,34,1
VNM,origin,2020,35,2
VNM,origin,2020,4,1
VNM,origin,2021,1,1
VNM,origin,2021,10,2
VNM,origin,2021,12,1
VNM,origin,2021,13,4
VNM,origin,2021,15,1
VNM,origin,2021,16,1
VNM,origin,2021,20,1
VNM,origin,2021,22,1
VNM,origin,2021,23,1
VNM,origin,2021,24,1
VNM,origin,2021,27,11
VNM,origin,2021,29,3
VNM,origin,2021,3,3
VNM,origin,2021,30,1
VNM,origin,2021,31,1
VNM,origin,2021,32,1
VNM,origin,2021,33,8
VNM,origin,2021,34,1
VNM,origin,2021,4,2
VNM,origin,2021,6,4
VNM,origin,2021,8,1
VNM,origin,2021,9,1
VNM,origin,2022,1,2
VNM,origin,2022,10,1
VNM,origin,2022,13,1
VNM,origin,2022,15,1
VNM,origin,2022,16,3
VNM,origin,2022,18,2
VNM,origin,2022,19,5
VNM,origin,2022,21,1
VNM,origin,2022,23,3
VNM,origin,2022,24,1
VNM,origin,2022,27,1
VNM,origin,2022,28,1
VNM,origin,2022,29,4
VNM,origin,2022,3,1
VNM,origin,2022,30,1
VNM,origin,2022,31,1
VNM,origin,2022,32,1
VNM,origin,2022,33,4
VNM,origin,2022,35,4
VNM,origin,2022,4,1
VNM,origin,2022,6,4
VNM,origin,2022,8,1
VNM,origin,2022,9,2
VUT,origin,2016,16,1
VUT,origin,2017,12,1
VUT,origin,2017,33,1
VUT,origin,2018,33,1
VUT,origin,2019,13,1
VUT,origin,2020,13,1
VUT,origin,2020,33,1
VUT,origin,2022,13,1
VUT,origin,2022,16,2
VUT,origin,2022,21,1
VUT,origin,2022,4,1
WSM,origin,2015,1,3
WSM,origin,2015,10,1
WSM,origin,2015,13,2
WSM,origin,2015,15,1
WSM,origin,2015,16,2
WSM,origin,2015,17,2
WSM,origin,2015,2,2
WSM,origin,2015,21,5
WSM,origin,2015,29,1
WSM,origin,2015,3,1
WSM,origin,2015,30,1
WSM,origin,2015,32,1
WSM,origin,2015,35,1
WSM,origin,2015,4,2
WSM,origin,2015,5,1
WSM,origin,2015,6,2
WSM,origin,2015,8,7
WSM,origin,2015,9,2
WSM,origin,2016,1,2
WSM,origin,2016,12,1
WSM,origin,2016,13,3
WSM,origin,2016,2,2
WSM,origin,2016,21,1
WSM,origin,2016,23,1
WSM,origin,2016,25,1
WSM,origin,2016,3,3
WSM,origin,2016,30,2
WSM,origin,2016,32,3
WSM,origin,2016,33,3
WSM,origin,2016,35,1
WSM,origin,2016,4,2
WSM,origin,2016,6,3
WSM,origin,2016,7,1
WSM,origin,2016,8,9
WSM,origin,2016,9,2
WSM,origin,2017,1,3
WSM,origin,2017,12,2
WSM,origin,2017,13,1
WSM,origin,2017,15,1
WSM,origin,2017,16,1
WSM,origin,2017,19,1
WSM,origin,2017,2,2
WSM,origin,2017,20,1
WSM,origin,2017,21,1
WSM,origin,2017,23,1
WSM,origin,2017,27,6
WSM,origin,2017,28,4
WSM,origin,2017,29,1
WSM,origin,2017,3,1
WSM,origin,2017,30,1
WSM,origin,2017,32,2
WSM,origin,2017,33,2
WSM,origin,2017,34,2
WSM,origin,2017,4,5
WSM,origin,2017,6,2
WSM,origin,2017,7,3
WSM,origin,2017,8,7
WSM,origin,2018,1,4
WSM,origin,2018,10,2
WSM,origin,2018,11,1
WSM,origin,2018,12,1
WSM,origin,2018,13,3
WSM,origin,2018,15,2
WSM,origin,2018,16,1
WSM,origin,2018,17,1
WSM,origin,2018,2,2
WSM,origin,2018,22,1
WSM,origin,2018,23,1
WSM,origin,2018,25,1
WSM,origin,2018,27,1
WSM,origin,2018,28,6
WSM,origin,2018,3,2
WSM,origin,2018,30,3
WSM,origin,2018,32,1
WSM,origin,2018,34,4
WSM,origin,2018,4,9
WSM,origin,2018,6,2
WSM,origin,2018,7,2
WSM,origin,2018,8,16
WSM,origin,2018,9,1
WSM,origin,2019,1,6
WSM,origin,2019,10,3
WSM,origin,2019,11,1
WSM,origin,2019,13,1
WSM,origin,2019,15,2
WSM,origin,2019,16,1
WSM,origin,2019,19,1
WSM,origin,2019,2,4
WSM,origin,2019,20,1
WSM,origin,2019,21,1
WSM,origin,2019,22,1
WSM,origin,2019,23,1
WSM,origin,2019,26,2
WSM,origin,2019,28,7
WSM,origin,2019,3,1
WSM,origin,2019,30,1
WSM,origin,2019,32,1
WSM,origin,2019,34,5
WSM,origin,2019,4,2
WSM,origin,2019,5,1
WSM,origin,2019,6,5
WSM,origin,2019,7,1
WSM,origin,2019,8,18
WSM,origin,2019,9,4
WSM,origin,2020,1,4
WSM,origin,2020,10,3
WSM,origin,2020,11,1
WSM,origin,2020,13,1
WSM,origin,2020,15,2
WSM,origin,2020,16,3
WSM,origin,2020,17,1
WSM,origin,2020,18,1
WSM,origin,2020,2,7
WSM,origin,2020,20,1
WSM,origin,2020,21,2
WSM,origin,2020,22,1
WSM,origin,2020,23,1
WSM,origin,2020,26,2
WSM,origin,2020,27,2
WSM,origin,2020,28,6
WSM,origin,2020,29,1
WSM,origin,2020,3,8
WSM,origin,2020,34,5
WSM,origin,2020,4,9
WSM,origin,2020,6,3
WSM,origin,2020,7,3
WSM,origin,2020,8,28
WSM,origin,2020,9,1
WSM,origin,2021,1,2
WSM,origin,2021,10,4
WSM,origin,2021,12,1
WSM,origin,2021,13,4
WSM,origin,2021,15,5
WSM,origin,2021,16,4
WSM,origin,2021,18,1
WSM,origin,2021,2,5
WSM,origin,2021,22,1
WSM,origin,2021,25,1
WSM,origin,2021,26,1
WSM,origin,2021,28,6
WSM,origin,2021,29,1
WSM,origin,2021,3,1
WSM,origin,2021,30,1
WSM,origin,2021,32,3
WSM,origin,2021,33,1
WSM,origin,2021,34,5
WSM,origin,2021,35,1
WSM,origin,2021,4,8
WSM,origin,2021,6,3
WSM,origin,2021,7,2
WSM,origin,2021,8,17
WSM,origin,2021,9,1
WSM,origin,2022,1,1
WSM,origin,2022,10,3
WSM,origin,2022,12,1
WSM,origin,2022,13,7
WSM,origin,2022,14,4
WSM,origin,2022,15,1
WSM,origin,2022,16,5
WSM,origin,2022,19,1
WSM,origin,2022,2,2
WSM,origin,2022,21,3
WSM,origin,2022,24,1
WSM,origin,2022,27,1
WSM,origin,2022,28,5
WSM,origin,2022,29,2
WSM,origin,2022,31,1
WSM,origin,2022,32,17
WSM,origin,2022,33,1
WSM,origin,2022,34,3
WSM,origin,2022,4,1
WSM,origin,2022,8,9
WSM,origin,2022,9,1
YEM,origin,2017,13,1
YEM,origin,2017,6,1
YEM,origin,2018,6,3
YEM,origin,2019,6,4
ZAF,office,2015,0,493
ZAF,office,2015,1,51
ZAF,office,2015,10,25
ZAF,office,2015,12,30
ZAF,office,2015,13,116
ZAF,office,2015,14,158
ZAF,office,2015,15,119
ZAF,office,2015,16,170
ZAF,office,2015,17,29
ZAF,office,2015,18,129
ZAF,office,2015,19,143
ZAF,office,2015,2,20
ZAF,office,2015,20,88
ZAF,office,2015,21,38
ZAF,office,2015,22,1
ZAF,office,2015,23,75
ZAF,office,2015,24,17
ZAF,office,2015,25,69
ZAF,office,2015,26,37
ZAF,office,2015,27,32
ZAF,office,2015,28,32
ZAF,office,2015,29,70
ZAF,office,2015,3,24
ZAF,office,2015,30,56
ZAF,office,2015,31,34
ZAF,office,2015,32,67
ZAF,office,2015,33,44
ZAF,office,2015,34,58
ZAF,office,2015,35,87
ZAF,office,2015,4,77
ZAF,office,2015,5,7
ZAF,office,2015,6,60
ZAF,office,2015,7,20
ZAF,office,2015,8,6
ZAF,office,2015,9,8
ZAF,office,2016,1,12
ZAF,office,2016,10,3
ZAF,office,2016,13,14
ZAF,office,2016,14,1
ZAF,office,2016,15,1
ZAF,office,2016,16,24
ZAF,office,2016,17,2
ZAF,office,2016,18,78
ZAF,office,2016,19,30
ZAF,office,2016,2,20
ZAF,office,2016,20,13
ZAF,office,2016,21,13
ZAF,office,2016,23,12
ZAF,office,2016,24,2
ZAF,office,2016,25,1
ZAF,office,2016,27,1
ZAF,office,2016,28,5
ZAF,office,2016,29,5
ZAF,office,2016,3,12
ZAF,office,2016,30,37
ZAF,office,2016,31,3
ZAF,office,2016,32,10
ZAF,office,2016,34,29
ZAF,office,2016,35,1
ZAF,office,2016,4,30
ZAF,office,2016,6,13
ZAF,office,2016,7,1
ZAF,office,2016,9,3
ZAF,office,2017,1,6
ZAF,office,2017,10,8
ZAF,office,2017,13,10
ZAF,office,2017,16,26
ZAF,office,2017,17,6
ZAF,office,2017,18,50
ZAF,office,2017,19,42
ZAF,office,2017,2,10
ZAF,office,2017,20,14
ZAF,office,2017,21,4
ZAF,office,2017,23,17
ZAF,office,2017,24,1
ZAF,office,2017,28,5
ZAF,office,2017,29,4
ZAF,office,2017,3,7
ZAF,office,2017,30,20
ZAF,office,2017,31,1
ZAF,office,2017,32,1
ZAF,office,2017,34,47
ZAF,office,2017,35,3
ZAF,office,2017,4,34
ZAF,office,2017,6,13
ZAF,office,2017,7,1
ZAF,office,2017,9,4
ZAF,office,2018,1,7
ZAF,office,2018,10,4
ZAF,office,2018,12,1
ZAF,office,2018,13,1
ZAF,office,2018,15,1
ZAF,office,2018,16,16
ZAF,office,2018,17,1
ZAF,office,2018,18,22
ZAF,office,2018,19,30
ZAF,office,2018,2,1
ZAF,office,2018,20,8
ZAF,office,2018,21,4
ZAF,office,2018,23,7
ZAF,office,2018,27,1
ZAF,office,2018,28,1
ZAF,office,2018,29,7
ZAF,office,2018,3,3
ZAF,office,2018,30,14
ZAF,office,2018,32,3
ZAF,office,2018,34,6
ZAF,office,2018,4,21
ZAF,office,2018,6,7
ZAF,office,2018,9,2
ZAF,office,2019,1,17
ZAF,office,2019,10,9
ZAF,office,2019,12,8
ZAF,office,2019,13,13
ZAF,office,2019,14,1
ZAF,office,2019,15,9
ZAF,office,2019,16,24
ZAF,office,2019,18,21
ZAF,office,2019,19,57
ZAF,office,2019,2,7
ZAF,office,2019,20,20
ZAF,office,2019,21,6
ZAF,office,2019,23,18
ZAF,office,2019,24,2
ZAF,office,2019,25,1
ZAF,office,2019,29,18
ZAF,office,2019,3,10
ZAF,office,2019,30,16
ZAF,office,2019,31,2
ZAF,office,2019,32,3
ZAF,office,2019,33,1
ZAF,office,2019,34,56
ZAF,office,2019,35,1
ZAF,office,2019,4,46
ZAF,office,2019,6,23
ZAF,office,2019,7,1
ZAF,office,2019,9,3
ZAF,office,2020,1,6
ZAF,office,2020,10,2
ZAF,office,2020,13,9
ZAF,office,2020,15,10
ZAF,office,2020,16,9
ZAF,office,2020,18,6
ZAF,office,2020,19,23
ZAF,office,2020,2,4
ZAF,office,2020,20,6
ZAF,office,2020,21,5
ZAF,office,2020,23,8
ZAF,office,2020,28,2
ZAF,office,2020,29,4
ZAF,office,2020,3,4
ZAF,office,2020,30,2
ZAF,office,2020,32,3
ZAF,office,2020,34,32
ZAF,office,2020,4,27
ZAF,office,2020,6,15
ZAF,office,2021,1,2
ZAF,office,2021,10,1
ZAF,office,2021,13,3
ZAF,office,2021,14,1
ZAF,office,2021,15,3
ZAF,office,2021,16,13
ZAF,office,2021,18,4
ZAF,office,2021,19,26
ZAF,office,2021,2,5
ZAF,office,2021,20,8
ZAF,office,2021,21,7
ZAF,office,2021,23,7
ZAF,office,2021,24,2
ZAF,office,2021,28,1
ZAF,office,2021,29,2
ZAF,office,2021,3,2
ZAF,office,2021,30,7
ZAF,office,2021,32,2
ZAF,office,2021,34,35
ZAF,office,2021,4,13
ZAF,office,2021,6,28
ZAF,office,2021,7,1
ZAF,office,2022,1,7
ZAF,office,2022,10,1
ZAF,office,2022,15,5
ZAF,office,2022,16,9
ZAF,office,2022,18,8
ZAF,office,2022,19,28
ZAF,office,2022,2,5
ZAF,office,2022,20,9
ZAF,office,2022,21,1
ZAF,office,2022,23,2
ZAF,office,2022,24,1
ZAF,office,2022,29,1
ZAF,office,2022,3,2
ZAF,office,2022,30,4
ZAF,office,2022,32,1
ZAF,office,2022,34,17
ZAF,office,2022,4,5
ZAF,office,2022,6,11
ZAF,office,2022,7,1
ZAF,office,2022,9,1
ZAF,origin,2015,0,22
ZAF,origin,2015,1,30
ZAF,origin,2015,10,12
ZAF,origin,2015,11,2
ZAF,origin,2015,12,5
ZAF,origin,2015,13,25
ZAF,origin,2015,14,33
ZAF,origin,2015,15,29
ZAF,origin,2015,16,28
ZAF,origin,2015,17,6
ZAF,origin,2015,18,14
ZAF,origin,2015,19,51
ZAF,origin,2015,2,7
ZAF,origin,2015,20,41
ZAF,origin,2015,21,4
ZAF,origin,2015,23,46
ZAF,origin,2015,24,13
ZAF,origin,2015,25,23
ZAF,origin,2015,26,10
ZAF,origin,2015,27,20
ZAF,origin,2015,28,4
ZAF,origin,2015,29,42
ZAF,origin,2015,3,3
ZAF,origin,2015,30,7
ZAF,origin,2015,31,15
ZAF,origin,2015,32,22
ZAF,origin,2015,33,19
ZAF,origin,2015,34,14
ZAF,origin,2015,35,45
ZAF,origin,2015,4,7
ZAF,origin,2015,5,4
ZAF,origin,2015,6,13
ZAF,origin,2015,7,10
ZAF,origin,2015,8,11
ZAF,origin,2015,9,3
ZAF,origin,2016,1,21
ZAF,origin,2016,10,16
ZAF,origin,2016,11,2
ZAF,origin,2016,12,2
ZAF,origin,2016,13,24
ZAF,origin,2016,14,31
ZAF,origin,2016,15,18
ZAF,origin,2016,16,21
ZAF,origin,2016,17,4
ZAF,origin,2016,18,11
ZAF,origin,2016,19,38
ZAF,origin,2016,2,7
ZAF,origin,2016,20,38
ZAF,origin,2016,21,7
ZAF,origin,2016,22,1
ZAF,origin,2016,23,48
ZAF,origin,2016,24,15
ZAF,origin,2016,25,14
ZAF,origin,2016,26,8
ZAF,origin,2016,27,11
ZAF,origin,2016,28,4
ZAF,origin,2016,29,38
ZAF,origin,2016,3,10
ZAF,origin,2016,30,11
ZAF,origin,2016,31,18
ZAF,origin,2016,32,16
ZAF,origin,2016,33,13
ZAF,origin,2016,34,11
ZAF,origin,2016,35,18
ZAF,origin,2016,4,7
ZAF,origin,2016,5,4
ZAF,origin,2016,6,10
ZAF,origin,2016,7,3
ZAF,origin,2016,8,10
ZAF,origin,2016,9,1
ZAF,origin,2017,0,1
ZAF,origin,2017,1,13
ZAF,origin,2017,10,30
ZAF,origin,2017,11,6
ZAF,origin,2017,12,4
ZAF,origin,2017,13,38
ZAF,origin,2017,14,28
ZAF,origin,2017,15,14
ZAF,origin,2017,16,12
ZAF,origin,2017,17,8
ZAF,origin,2017,18,12
ZAF,origin,2017,19,34
ZAF,origin,2017,2,4
ZAF,origin,2017,20,25
ZAF,origin,2017,21,5
ZAF,origin,2017,23,32
ZAF,origin,2017,24,9
ZAF,origin,2017,25,13
ZAF,origin,2017,26,3
ZAF,origin,2017,27,14
ZAF,origin,2017,28,2
ZAF,origin,2017,29,25
ZAF,origin,2017,3,9
ZAF,origin,2017,30,19
ZAF,origin,2017,31,14
ZAF,origin,2017,32,16
ZAF,origin,2017,33,9
ZAF,origin,2017,34,9
ZAF,origin,2017,35,18
ZAF,origin,2017,4,3
ZAF,origin,2017,5,3
ZAF,origin,2017,6,4
ZAF,origin,2017,7,6
ZAF,origin,2017,8,4
ZAF,origin,2017,9,3
ZAF,origin,2018,0,1
ZAF,origin,2018,1,20
ZAF,origin,2018,10,22
ZAF,origin,2018,11,7
ZAF,origin,2018,12,9
ZAF,origin,2018,13,29
ZAF,origin,2018,14,24
ZAF,origin,2018,15,13
ZAF,origin,2018,16,22
ZAF,origin,2018,17,4
ZAF,origin,2018,18,17
ZAF,origin,2018,19,35
ZAF,origin,2018,2,8
ZAF,origin,2018,20,25
ZAF,origin,2018,21,5
ZAF,origin,2018,23,41
ZAF,origin,2018,24,10
ZAF,origin,2018,25,16
ZAF,origin,2018,26,7
ZAF,origin,2018,27,8
ZAF,origin,2018,28,1
ZAF,origin,2018,29,31
ZAF,origin,2018,3,5
ZAF,origin,2018,30,23
ZAF,origin,2018,31,8
ZAF,origin,2018,32,16
ZAF,origin,2018,33,8
ZAF,origin,2018,34,12
ZAF,origin,2018,35,18
ZAF,origin,2018,4,8
ZAF,origin,2018,5,2
ZAF,origin,2018,6,9
ZAF,origin,2018,7,8
ZAF,origin,2018,9,3
ZAF,origin,2019,1,22
ZAF,origin,2019,10,13
ZAF,origin,2019,11,6
ZAF,origin,2019,12,9
ZAF,origin,2019,13,35
ZAF,origin,2019,14,18
ZAF,origin,2019,15,21
ZAF,origin,2019,16,27
ZAF,origin,2019,17,9
ZAF,origin,2019,18,3
ZAF,origin,2019,19,28
ZAF,origin,2019,2,9
ZAF,origin,2019,20,18
ZAF,origin,2019,21,5
ZAF,origin,2019,23,28
ZAF,origin,2019,24,10
ZAF,origin,2019,25,16
ZAF,origin,2019,26,4
ZAF,origin,2019,27,9
ZAF,origin,2019,28,3
ZAF,origin,2019,29,27
ZAF,origin,2019,3,7
ZAF,origin,2019,30,10
ZAF,origin,2019,31,9
ZAF,origin,2019,32,15
ZAF,origin,2019,33,11
ZAF,origin,2019,34,16
ZAF,origin,2019,35,23
ZAF,origin,2019,4,8
ZAF,origin,2019,5,2
ZAF,origin,2019,6,11
ZAF,origin,2019,7,3
ZAF,origin,2019,8,5
ZAF,origin,2019,9,2
ZAF,origin,2020,1,16
ZAF,origin,2020,10,17
ZAF,origin,2020,11,7
ZAF,origin,2020,12,7
ZAF,origin,2020,13,31
ZAF,origin,2020,14,21
ZAF,origin,2020,15,14
ZAF,origin,2020,16,12
ZAF,origin,2020,17,9
ZAF,origin,2020,18,6
ZAF,origin,2020,19,24
ZAF,origin,2020,2,5
ZAF,origin,2020,20,15
ZAF,origin,2020,21,2
ZAF,origin,2020,23,30
ZAF,origin,2020,24,11
ZAF,origin,2020,25,15
ZAF,origin,2020,26,6
ZAF,origin,2020,27,8
ZAF,origin,2020,28,3
ZAF,origin,2020,29,33
ZAF,origin,2020,3,6
ZAF,origin,2020,30,6
ZAF,origin,2020,31,15
ZAF,origin,2020,32,21
ZAF,origin,2020,33,11
ZAF,origin,2020,34,10
ZAF,origin,2020,35,22
ZAF,origin,2020,4,6
ZAF,origin,2020,5,2
ZAF,origin,2020,6,4
ZAF,origin,2020,7,3
ZAF,origin,2021,1,15
ZAF,origin,2021,10,22
ZAF,origin,2021,11,8
ZAF,origin,2021,12,5
ZAF,origin,2021,13,33
ZAF,origin,2021,14,23
ZAF,origin,2021,15,12
ZAF,origin,2021,16,20
ZAF,origin,2021,17,12
ZAF,origin,2021,18,2
ZAF,origin,2021,19,13
ZAF,origin,2021,2,4
ZAF,origin,2021,20,14
ZAF,origin,2021,21,2
ZAF,origin,2021,23,19
ZAF,origin,2021,24,8
ZAF,origin,2021,25,13
ZAF,origin,2021,26,7
ZAF,origin,2021,27,7
ZAF,origin,2021,28,3
ZAF,origin,2021,29,19
ZAF,origin,2021,3,9
ZAF,origin,2021,30,5
ZAF,origin,2021,31,12
ZAF,origin,2021,32,10
ZAF,origin,2021,33,10
ZAF,origin,2021,34,5
ZAF,origin,2021,35,25
ZAF,origin,2021,5,3
ZAF,origin,2021,6,7
ZAF,origin,2021,7,3
ZAF,origin,2021,8,2
ZAF,origin,2021,9,4
ZAF,origin,2022,1,13
ZAF,origin,2022,10,18
ZAF,origin,2022,11,3
ZAF,origin,2022,12,4
ZAF,origin,2022,13,42
ZAF,origin,2022,14,9
ZAF,origin,2022,15,16
ZAF,origin,2022,16,10
ZAF,origin,2022,17,10
ZAF,origin,2022,18,4
ZAF,origin,2022,19,18
ZAF,origin,2022,2,3
ZAF,origin,2022,20,19
ZAF,origin,2022,21,3
ZAF,origin,2022,23,23
ZAF,origin,2022,24,10
ZAF,origin,2022,25,11
ZAF,origin,2022,26,8
ZAF,origin,2022,27,6
ZAF,origin,2022,28,1
ZAF,origin,2022,29,28
ZAF,origin,2022,3,3
ZAF,origin,2022,30,4
ZAF,origin,2022,31,10
ZAF,origin,2022,32,11
ZAF,origin,2022,33,7
ZAF,origin,2022,34,3
ZAF,origin,2022,35,33
ZAF,origin,2022,4,7
ZAF,origin,2022,5,1
ZAF,origin,2022,6,17
ZAF,origin,2022,7,5
ZAF,origin,2022,8,2
ZAF,origin,2022,9,1
ZMB,origin,2015,31,1
ZMB,origin,2022,20,1
ZMB,origin,2022,21,1
ZMB,origin,2022,27,1
ZWE,origin,2017,9,1
ZWE,origin,2018,27,1
ZWE,origin,2018,32,1
ZWE,origin,2018,9,1
ZWE,origin,2020,31,1
