iso3,sector,entry,instrument,value,unit_mult
AUT,S1,A,F,3175281.39,6
AUT,S1,A,F21,28863.24,6
AUT,S1,A,F22,381896.57,6
AUT,S1,A,F29,301381.02,6
AUT,S1,A,F3,372814.38,6
AUT,S1,A,F4,732050.54,6
AUT,S1,A,F5,1038944.1,6
AUT,S1,A,F51,778596.86,6
AUT,S1,A,F52,260347.24,6
AUT,S1,A,F6,152930.73,6
AUT,S1,L,F,3122550.03,6
AUT,S1,L,F21,36428.4,6
AUT,S1,L,F22,442802.61,6
AUT,S1,L,F29,251860.25,6
AUT,S1,L,F3,500641.68,6
AUT,S1,L,F4,661890.19,6
AUT,S1,L,F5,930852.99,6
AUT,S1,L,F51,736279.89,6
AUT,S1,L,F52,194573.1,6
AUT,S1,L,F6,149090.81,6
AUT,S11,A,F,576731.96,6
AUT,S11,A,F21,2028.58,6
AUT,S11,A,F22,62747.3,6
AUT,S11,A,F29,16480.89,6
AUT,S11,A,F3,5694.41,6
AUT,S11,A,F4,144002.72,6
AUT,S11,A,F5,277079.38,6
AUT,S11,A,F51,262096.08,6
AUT,S11,A,F52,14983.3,6
AUT,S11,A,F6,3075.41,6
AUT,S11,L,F,898337.13,6
AUT,S11,L,F22,0,6
AUT,S11,L,F29,0,6
AUT,S11,L,F3,38400.57,6
AUT,S11,L,F4,329806.63,6
AUT,S11,L,F5,453107.47,6
AUT,S11,L,F51,453107.47,6
AUT,S11,L,F6,11897.58,6
AUT,S12,A,F,1576369.56,6
AUT,S12,A,F21,8077.07,6
AUT,S12,A,F22,124352.15,6
AUT,S12,A,F29,175366.62,6
AUT,S12,A,F3,311279.8,6
AUT,S12,A,F4,511055.85,6
AUT,S12,A,F5,397403.19,6
AUT,S12,A,F51,232146.67,6
AUT,S12,A,F52,165256.52,6
AUT,S12,A,F6,2669.33,6
AUT,S12,L,F,1541778.53,6
AUT,S12,L,F21,36428.4,6
AUT,S12,L,F22,442802.61,6
AUT,S12,L,F29,250155.25,6
AUT,S12,L,F3,160079.06,6
AUT,S12,L,F4,56910.21,6
AUT,S12,L,F5,431353.07,6
AUT,S12,L,F51,236779.97,6
AUT,S12,L,F52,194573.1,6
AUT,S12,L,F6,136705.23,6
AUT,S121,A,F,157857.43,6
AUT,S121,A,F21,0,6
AUT,S121,A,F22,390.68,6
AUT,S121,A,F29,56200.95,6
AUT,S121,A,F3,76582.27,6
AUT,S121,A,F4,683.49,6
AUT,S121,A,F5,10275.34,6
AUT,S121,A,F51,1020.12,6
AUT,S121,A,F52,9255.22,6
AUT,S121,A,F6,0,6
AUT,S121,L,F,154102.94,6
AUT,S121,L,F21,36428.4,6
AUT,S121,L,F22,94478.55,6
AUT,S121,L,F29,1870.67,6
AUT,S121,L,F3,0,6
AUT,S121,L,F4,0,6
AUT,S121,L,F5,16595.76,6
AUT,S121,L,F51,16595.76,6
AUT,S121,L,F52,0,6
AUT,S121,L,F6,2084,6
AUT,S122,A,F,878905.26,6
AUT,S122,A,F21,8019.18,6
AUT,S122,A,F22,105500.25,6
AUT,S122,A,F29,105291.71,6
AUT,S122,A,F3,93052.31,6
AUT,S122,A,F4,463797.07,6
AUT,S122,A,F5,72927.35,6
AUT,S122,A,F51,65763.2,6
AUT,S122,A,F52,7164.15,6
AUT,S122,A,F6,0,6
AUT,S122,L,F,851143.6,6
AUT,S122,L,F21,0,6
AUT,S122,L,F22,348324.06,6
AUT,S122,L,F29,248284.58,6
AUT,S122,L,F3,147721.89,6
AUT,S122,L,F4,0,6
AUT,S122,L,F5,78453.53,6
AUT,S122,L,F51,78453.53,6
AUT,S122,L,F52,0,6
AUT,S122,L,F6,5549.3,6
AUT,S13,A,F,289479.16,6
AUT,S13,A,F21,45.14,6
AUT,S13,A,F22,21713.51,6
AUT,S13,A,F29,9053.57,6
AUT,S13,A,F3,26081.61,6
AUT,S13,A,F4,74060.28,6
AUT,S13,A,F5,115571.08,6
AUT,S13,A,F51,104309.63,6
AUT,S13,A,F52,11261.45,6
AUT,S13,A,F6,0,6
AUT,S13,L,F,482887.52,6
AUT,S13,L,F21,0,6
AUT,S13,L,F22,0,6
AUT,S13,L,F29,1705,6
AUT,S13,L,F3,302162.05,6
AUT,S13,L,F4,79725.37,6
AUT,S13,L,F5,46382.14,6
AUT,S13,L,F51,46382.14,6
AUT,S13,L,F52,0,6
AUT,S13,L,F6,487.99,6
AUT,S1M,A,F,732700.73,6
AUT,S1M,A,F21,18712.45,6
AUT,S1M,A,F22,173083.62,6
AUT,S1M,A,F29,100479.95,6
AUT,S1M,A,F3,29758.57,6
AUT,S1M,A,F4,2931.68,6
AUT,S1M,A,F5,248890.44,6
AUT,S1M,A,F51,180044.48,6
AUT,S1M,A,F52,68845.96,6
AUT,S1M,A,F6,147186,6
AUT,S1M,L,F,199546.83,6
AUT,S1M,L,F3,0,6
AUT,S1M,L,F4,195447.98,6
AUT,S1M,L,F5,10.31,6
AUT,S1M,L,F51,10.31,6
AUT,S1M,L,F6,0,6
BEL,S1,A,F,5606250.8,6
BEL,S1,A,F21,31440.32,6
BEL,S1,A,F22,270910.83,6
BEL,S1,A,F29,622311.15,6
BEL,S1,A,F3,656174.26,6
BEL,S1,A,F4,1301810.22,6
BEL,S1,A,F5,2063977.1,6
BEL,S1,A,F51,1649020.45,6
BEL,S1,A,F52,414956.66,6
BEL,S1,A,F6,335462.53,6
BEL,S1,L,F,5381172.37,6
BEL,S1,L,F21,45240.05,6
BEL,S1,L,F22,359877.77,6
BEL,S1,L,F29,557581.75,6
BEL,S1,L,F3,737531.63,6
BEL,S1,L,F4,1270703.1,6
BEL,S1,L,F5,1775410.25,6
BEL,S1,L,F51,1593399.84,6
BEL,S1,L,F52,182010.41,6
BEL,S1,L,F6,324525.87,6
BEL,S11,A,F,1522830.38,6
BEL,S11,A,F21,2534.13,6
BEL,S11,A,F22,69853.78,6
BEL,S11,A,F29,71247.37,6
BEL,S11,A,F3,7303.99,6
BEL,S11,A,F4,363219.59,6
BEL,S11,A,F5,782588.24,6
BEL,S11,A,F51,762419.08,6
BEL,S11,A,F52,20169.16,6
BEL,S11,A,F6,6507.62,6
BEL,S11,L,F,1987981.69,6
BEL,S11,L,F22,0,6
BEL,S11,L,F29,0,6
BEL,S11,L,F3,62839.85,6
BEL,S11,L,F4,659869.95,6
BEL,S11,L,F5,1047631.06,6
BEL,S11,L,F51,1047631.06,6
BEL,S11,L,F6,0,6
BEL,S12,A,F,2452198.16,6
BEL,S12,A,F21,2195.12,6
BEL,S12,A,F22,101479.81,6
BEL,S12,A,F29,229598.9,6
BEL,S12,A,F3,586082.63,6
BEL,S12,A,F4,878280.67,6
BEL,S12,A,F5,590763.34,6
BEL,S12,A,F51,416935.9,6
BEL,S12,A,F52,173827.44,6
BEL,S12,A,F6,7963.95,6
BEL,S12,L,F,2465583.13,6
BEL,S12,L,F21,45240.05,6
BEL,S12,L,F22,359300.96,6
BEL,S12,L,F29,556109.02,6
BEL,S12,L,F3,176984.58,6
BEL,S12,L,F4,228385.21,6
BEL,S12,L,F5,727645.94,6
BEL,S12,L,F51,545635.54,6
BEL,S12,L,F52,182010.41,6
BEL,S12,L,F6,324459.48,6
BEL,S121,A,F,190826.08,6
BEL,S121,A,F21,8.45,6
BEL,S121,A,F22,1356.17,6
BEL,S121,A,F29,27998.55,6
BEL,S121,A,F3,141888.38,6
BEL,S121,A,F4,1913.48,6
BEL,S121,A,F5,2897.38,6
BEL,S121,A,F51,2644.01,6
BEL,S121,A,F52,253.37,6
BEL,S121,A,F6,0,6
BEL,S121,L,F,192028.3,6
BEL,S121,L,F21,45240.05,6
BEL,S121,L,F22,110578.95,6
BEL,S121,L,F29,4680.88,6
BEL,S121,L,F3,0,6
BEL,S121,L,F4,0,6
BEL,S121,L,F5,26092.67,6
BEL,S121,L,F51,26092.67,6
BEL,S121,L,F52,0,6
BEL,S121,L,F6,0,6
BEL,S122,A,F,999781.19,6
BEL,S122,A,F21,2186.66,6
BEL,S122,A,F22,79347.75,6
BEL,S122,A,F29,165502.81,6
BEL,S122,A,F3,184471.77,6
BEL,S122,A,F4,517333.11,6
BEL,S122,A,F5,30370.82,6
BEL,S122,A,F51,30161.55,6
BEL,S122,A,F52,209.27,6
BEL,S122,A,F6,66.39,6
BEL,S122,L,F,994967.37,6
BEL,S122,L,F21,0,6
BEL,S122,L,F22,248722,6
BEL,S122,L,F29,551428.14,6
BEL,S122,L,F3,84355.87,6
BEL,S122,L,F4,10542.47,6
BEL,S122,L,F5,85054.64,6
BEL,S122,L,F51,85054.64,6
BEL,S122,L,F52,0,6
BEL,S122,L,F6,0,6
BEL,S13,A,F,214860.46,6
BEL,S13,A,F21,0,6
BEL,S13,A,F22,10214.15,6
BEL,S13,A,F29,6519.33,6
BEL,S13,A,F3,23981.87,6
BEL,S13,A,F4,56372.25,6
BEL,S13,A,F5,85079.32,6
BEL,S13,A,F51,82549.23,6
BEL,S13,A,F52,2530.09,6
BEL,S13,A,F6,0,6
BEL,S13,L,F,628568.64,6
BEL,S13,L,F21,0,6
BEL,S13,L,F22,576.81,6
BEL,S13,L,F29,1472.73,6
BEL,S13,L,F3,497707.2,6
BEL,S13,L,F4,90654.7,6
BEL,S13,L,F5,133.24,6
BEL,S13,L,F51,133.24,6
BEL,S13,L,F52,0,6
BEL,S13,L,F6,66.39,6
BEL,S1M,A,F,1416361.81,6
BEL,S1M,A,F21,26711.07,6
BEL,S1M,A,F22,89363.09,6
BEL,S1M,A,F29,314945.55,6
BEL,S1M,A,F3,38805.76,6
BEL,S1M,A,F4,3937.71,6
BEL,S1M,A,F5,605546.2,6
BEL,S1M,A,F51,387116.24,6
BEL,S1M,A,F52,218429.97,6
BEL,S1M,A,F6,320990.96,6
BEL,S1M,L,F,299038.9,6
BEL,S1M,L,F3,0,6
BEL,S1M,L,F4,291793.25,6
BEL,S1M,L,F5,0,6
BEL,S1M,L,F51,0,6
BEL,S1M,L,F6,0,6
BGR,S1,A,F,316985.145,6
BGR,S1,A,F21,11422.421,6
BGR,S1,A,F22,39329.012,6
BGR,S1,A,F29,32481.332,6
BGR,S1,A,F3,31801.931,6
BGR,S1,A,F4,50202.294,6
BGR,S1,A,F5,71349.861,6
BGR,S1,A,F51,69160.517,6
BGR,S1,A,F52,2189.343,6
BGR,S1,A,F6,10651.674,6
BGR,S1,L,F,332833.579,6
BGR,S1,L,F21,9768.19,6
BGR,S1,L,F22,35588.888,6
BGR,S1,L,F29,24822.711,6
BGR,S1,L,F3,13091.436,6
BGR,S1,L,F4,69654.373,6
BGR,S1,L,F5,102149.183,6
BGR,S1,L,F51,101269.244,6
BGR,S1,L,F52,879.939,6
BGR,S1,L,F6,11298.727,6
BGR,S11,A,F,107104.403,6
BGR,S11,A,F21,8385.223,6
BGR,S11,A,F22,12550.087,6
BGR,S11,A,F29,2325.526,6
BGR,S11,A,F3,161.665,6
BGR,S11,A,F4,10401.476,6
BGR,S11,A,F5,21844.246,6
BGR,S11,A,F51,21731.037,6
BGR,S11,A,F52,113.209,6
BGR,S11,A,F6,610.436,6
BGR,S11,L,F,187152.547,6
BGR,S11,L,F3,1732.778,6
BGR,S11,L,F4,46596.307,6
BGR,S11,L,F5,83668.073,6
BGR,S11,L,F51,83668.073,6
BGR,S11,L,F6,0,6
BGR,S12,A,F,105842.676,6
BGR,S12,A,F21,2375.735,6
BGR,S12,A,F22,12020.916,6
BGR,S12,A,F29,10005.218,6
BGR,S12,A,F3,30985.014,6
BGR,S12,A,F4,38427.688,6
BGR,S12,A,F5,6318.567,6
BGR,S12,A,F51,4889.094,6
BGR,S12,A,F52,1429.472,6
BGR,S12,A,F6,190.712,6
BGR,S12,L,F,109136.498,6
BGR,S12,L,F21,9768.19,6
BGR,S12,L,F22,35588.888,6
BGR,S12,L,F29,24822.711,6
BGR,S12,L,F3,544.27,6
BGR,S12,L,F4,5527.092,6
BGR,S12,L,F5,17888.824,6
BGR,S12,L,F51,17008.885,6
BGR,S12,L,F52,879.939,6
BGR,S12,L,F6,11298.727,6
BGR,S121,A,F,24904.818,6
BGR,S121,A,F21,1062.059,6
BGR,S121,A,F22,2572.572,6
BGR,S121,A,F29,3170.201,6
BGR,S121,A,F3,15511.636,6
BGR,S121,A,F4,0,6
BGR,S121,A,F5,55.156,6
BGR,S121,A,F51,55.156,6
BGR,S121,A,F52,0,6
BGR,S121,A,F6,0,6
BGR,S121,L,F,24988.807,6
BGR,S121,L,F21,9768.19,6
BGR,S121,L,F22,11371.224,6
BGR,S121,L,F29,550.552,6
BGR,S121,L,F3,0,6
BGR,S121,L,F4,0,6
BGR,S121,L,F5,2410.154,6
BGR,S121,L,F51,2410.154,6
BGR,S121,L,F52,0,6
BGR,S121,L,F6,0,6
BGR,S13,A,F,19212.915,6
BGR,S13,A,F21,2.337,6
BGR,S13,A,F22,5729.358,6
BGR,S13,A,F29,415.174,6
BGR,S13,A,F3,407.891,6
BGR,S13,A,F4,1207.944,6
BGR,S13,A,F5,4717.357,6
BGR,S13,A,F51,4710.159,6
BGR,S13,A,F52,7.198,6
BGR,S13,A,F6,22.099,6
BGR,S13,L,F,18579.829,6
BGR,S13,L,F3,10814.388,6
BGR,S13,L,F4,3394.268,6
BGR,S13,L,F5,1.972,6
BGR,S13,L,F51,1.972,6
BGR,S13,L,F6,0,6
BGR,S1M,A,F,84825.152,6
BGR,S1M,A,F21,659.127,6
BGR,S1M,A,F22,9028.652,6
BGR,S1M,A,F29,19735.413,6
BGR,S1M,A,F3,247.361,6
BGR,S1M,A,F4,165.186,6
BGR,S1M,A,F5,38469.691,6
BGR,S1M,A,F51,37830.228,6
BGR,S1M,A,F52,639.464,6
BGR,S1M,A,F6,9828.427,6
BGR,S1M,L,F,17964.705,6
BGR,S1M,L,F3,0,6
BGR,S1M,L,F4,14136.707,6
BGR,S1M,L,F5,590.314,6
BGR,S1M,L,F51,590.314,6
BGR,S1M,L,F6,0,6
BRA,S1,A,F,48321617,6
BRA,S1,A,F21,283050,6
BRA,S1,A,F22,1694570,6
BRA,S1,A,F29,2682171,6
BRA,S1,A,F3,10352167,6
BRA,S1,A,F4,8243093,6
BRA,S1,A,F5,20801738,6
BRA,S1,A,F51,12256039,6
BRA,S1,A,F52,8545699,6
BRA,S1,A,F6,2044095,6
BRA,S1,L,F,51540333,6
BRA,S1,L,F21,280685,6
BRA,S1,L,F22,1666528,6
BRA,S1,L,F29,2553248,6
BRA,S1,L,F3,9781019,6
BRA,S1,L,F4,9477192,6
BRA,S1,L,F5,23153086,6
BRA,S1,L,F51,14535343,6
BRA,S1,L,F52,8617743,6
BRA,S1,L,F6,2044095,6
BRA,S11,A,F,6716834,6
BRA,S11,A,F21,171,6
BRA,S11,A,F22,69707,6
BRA,S11,A,F29,308426,6
BRA,S11,A,F3,645354,6
BRA,S11,A,F4,341018,6
BRA,S11,A,F5,4500296,6
BRA,S11,A,F51,3253989,6
BRA,S11,A,F52,1246307,6
BRA,S11,A,F6,22202,6
BRA,S11,L,F,11817901,6
BRA,S11,L,F21,0,6
BRA,S11,L,F22,0,6
BRA,S11,L,F29,0,6
BRA,S11,L,F3,672520,6
BRA,S11,L,F4,2228168,6
BRA,S11,L,F5,7955427,6
BRA,S11,L,F51,7955427,6
BRA,S11,L,F52,0,6
BRA,S11,L,F6,0,6
BRA,S12,A,F,28360626,6
BRA,S12,A,F21,54945,6
BRA,S12,A,F22,42465,6
BRA,S12,A,F29,815123,6
BRA,S12,A,F3,8739111,6
BRA,S12,A,F4,6190849,6
BRA,S12,A,F5,11207969,6
BRA,S12,A,F51,5442652,6
BRA,S12,A,F52,5765317,6
BRA,S12,A,F6,21847,6
BRA,S12,L,F,29183980,6
BRA,S12,L,F21,280685,6
BRA,S12,L,F22,1666528,6
BRA,S12,L,F29,2110028,6
BRA,S12,L,F3,2443166,6
BRA,S12,L,F4,3897485,6
BRA,S12,L,F5,15197659,6
BRA,S12,L,F51,6579916,6
BRA,S12,L,F52,8617743,6
BRA,S12,L,F6,2044095,6
BRA,S13,A,F,4196601,6
BRA,S13,A,F21,0,6
BRA,S13,A,F22,1486884,6
BRA,S13,A,F29,89885,6
BRA,S13,A,F3,112465,6
BRA,S13,A,F4,1700645,6
BRA,S13,A,F5,802684,6
BRA,S13,A,F51,713461,6
BRA,S13,A,F52,89223,6
BRA,S13,A,F6,0,6
BRA,S13,L,F,8128465,6
BRA,S13,L,F21,0,6
BRA,S13,L,F22,0,6
BRA,S13,L,F29,443220,6
BRA,S13,L,F3,6665333,6
BRA,S13,L,F4,978251,6
BRA,S13,L,F5,0,6
BRA,S13,L,F51,0,6
BRA,S13,L,F52,0,6
BRA,S13,L,F6,0,6
BRA,S1M,A,F,9047556,6
BRA,S1M,A,F21,227934,6
BRA,S1M,A,F22,95514,6
BRA,S1M,A,F29,1468737,6
BRA,S1M,A,F3,855237,6
BRA,S1M,A,F4,10581,6
BRA,S1M,A,F5,4290789,6
BRA,S1M,A,F51,2845937,6
BRA,S1M,A,F52,1444852,6
BRA,S1M,A,F6,2000046,6
BRA,S1M,L,F,2409987,6
BRA,S1M,L,F21,0,6
BRA,S1M,L,F22,0,6
BRA,S1M,L,F29,0,6
BRA,S1M,L,F3,0,6
BRA,S1M,L,F4,2373288,6
BRA,S1M,L,F5,0,6
BRA,S1M,L,F51,0,6
BRA,S1M,L,F52,0,6
BRA,S1M,L,F6,0,6
CAN,S1,A,F,30371856,6
CAN,S1,A,F3,3471271,6
CAN,S1,A,F4,6334698,6
CAN,S1,A,F5,12383007,6
CAN,S1,A,F51,9874333,6
CAN,S1,A,F52,2508674,6
CAN,S1,A,F6,2970408,6
CAN,S1,L,F,29681007,6
CAN,S1,L,F3,4409645,6
CAN,S1,L,F4,6412633,6
CAN,S1,L,F5,10668635,6
CAN,S1,L,F51,8145378,6
CAN,S1,L,F52,2523257,6
CAN,S1,L,F6,2970408,6
CAN,S11,A,F,3923862,6
CAN,S11,A,F3,88820,6
CAN,S11,A,F4,461257,6
CAN,S11,A,F5,1784563,6
CAN,S11,A,F51,1781597,6
CAN,S11,A,F52,2966,6
CAN,S11,A,F6,12480,6
CAN,S11,L,F,8587337,6
CAN,S11,L,F3,760748,6
CAN,S11,L,F4,1944810,6
CAN,S11,L,F5,4620398,6
CAN,S11,L,F51,4620398,6
CAN,S11,L,F52,0,6
CAN,S11,L,F6,39109,6
CAN,S12,A,F,16260507,6
CAN,S12,A,F3,2876290,6
CAN,S12,A,F4,5422308,6
CAN,S12,A,F5,6481098,6
CAN,S12,A,F51,5548687,6
CAN,S12,A,F52,932411,6
CAN,S12,A,F6,76228,6
CAN,S12,L,F,15839506,6
CAN,S12,L,F3,1798027,6
CAN,S12,L,F4,1873704,6
CAN,S12,L,F5,6048034,6
CAN,S12,L,F51,3524777,6
CAN,S12,L,F52,2523257,6
CAN,S12,L,F6,2547744,6
CAN,S121,A,F,233656,6
CAN,S121,A,F3,106839,6
CAN,S121,A,F4,15516,6
CAN,S121,A,F5,0,6
CAN,S121,A,F51,0,6
CAN,S121,A,F52,0,6
CAN,S121,A,F6,0,6
CAN,S121,L,F,230428,6
CAN,S121,L,F3,0,6
CAN,S121,L,F4,106684,6
CAN,S121,L,F5,4631,6
CAN,S121,L,F51,4631,6
CAN,S121,L,F52,0,6
CAN,S121,L,F6,0,6
CAN,S122,A,F,5188456,6
CAN,S122,A,F3,543760,6
CAN,S122,A,F4,3670589,6
CAN,S122,A,F5,600092,6
CAN,S122,A,F51,600092,6
CAN,S122,A,F52,0,6
CAN,S122,A,F6,58,6
CAN,S122,L,F,5394151,6
CAN,S122,L,F3,1071133,6
CAN,S122,L,F4,764689,6
CAN,S122,L,F5,630222,6
CAN,S122,L,F51,630222,6
CAN,S122,L,F52,0,6
CAN,S122,L,F6,4692,6
CAN,S13,A,F,2055063,6
CAN,S13,A,F3,371275,6
CAN,S13,A,F4,444199,6
CAN,S13,A,F5,702521,6
CAN,S13,A,F51,691982,6
CAN,S13,A,F52,10539,6
CAN,S13,A,F6,94916,6
CAN,S13,L,F,2776944,6
CAN,S13,L,F3,1850870,6
CAN,S13,L,F4,175533,6
CAN,S13,L,F5,203,6
CAN,S13,L,F51,203,6
CAN,S13,L,F52,0,6
CAN,S13,L,F6,383555,6
CAN,S1M,A,F,8132424,6
CAN,S1M,A,F3,134886,6
CAN,S1M,A,F4,6934,6
CAN,S1M,A,F5,3414825,6
CAN,S1M,A,F51,1852067,6
CAN,S1M,A,F52,1562758,6
CAN,S1M,A,F6,2786784,6
CAN,S1M,L,F,2477220,6
CAN,S1M,L,F3,0,6
CAN,S1M,L,F4,2418586,6
CAN,S1M,L,F5,0,6
CAN,S1M,L,F51,0,6
CAN,S1M,L,F52,0,6
CAN,S1M,L,F6,0,6
CHE,S1,A,F,12577301,6
CHE,S1,A,F21,70872,6
CHE,S1,A,F22,1372309,6
CHE,S1,A,F29,971449,6
CHE,S1,A,F3,1655800,6
CHE,S1,A,F4,2689546,6
CHE,S1,A,F5,4442258,6
CHE,S1,A,F51,2919345,6
CHE,S1,A,F52,1522913,6
CHE,S1,A,F6,1143052,6
CHE,S1,L,F,11867816,6
CHE,S1,L,F21,87662,6
CHE,S1,L,F22,1649775,6
CHE,S1,L,F29,1006517,6
CHE,S1,L,F3,590692,6
CHE,S1,L,F4,2361649,6
CHE,S1,L,F5,4702896,6
CHE,S1,L,F51,3463477,6
CHE,S1,L,F52,1239419,6
CHE,S1,L,F6,1286667,6
CHE,S11,A,F,1602203,6
CHE,S11,A,F21,5177,6
CHE,S11,A,F22,191555,6
CHE,S11,A,F29,104648,6
CHE,S11,A,F3,27349,6
CHE,S11,A,F4,433348,6
CHE,S11,A,F5,761832,6
CHE,S11,A,F51,732920,6
CHE,S11,A,F52,28912,6
CHE,S11,A,F6,7071,6
CHE,S11,L,F,3007644,6
CHE,S11,L,F3,178365,6
CHE,S11,L,F4,822190,6
CHE,S11,L,F5,1992224,6
CHE,S11,L,F51,1992224,6
CHE,S12,A,F,7713874,6
CHE,S12,A,F21,9860,6
CHE,S12,A,F22,736292,6
CHE,S12,A,F29,398864,6
CHE,S12,A,F3,1510781,6
CHE,S12,A,F4,2216819,6
CHE,S12,A,F5,2729178,6
CHE,S12,A,F51,1549304,6
CHE,S12,A,F52,1179874,6
CHE,S12,A,F6,3261,6
CHE,S12,L,F,7629727,6
CHE,S12,L,F21,84450,6
CHE,S12,L,F22,1644919,6
CHE,S12,L,F29,1003844,6
CHE,S12,L,F3,280419,6
CHE,S12,L,F4,566686,6
CHE,S12,L,F5,2710672,6
CHE,S12,L,F51,1471253,6
CHE,S12,L,F52,1239419,6
CHE,S12,L,F6,1280877,6
CHE,S121,A,F,860294,6
CHE,S121,A,F21,219,6
CHE,S121,A,F22,38200,6
CHE,S121,A,F29,30341,6
CHE,S121,A,F3,578156,6
CHE,S121,A,F4,276,6
CHE,S121,A,F5,159427,6
CHE,S121,A,F51,159427,6
CHE,S121,A,F52,0,6
CHE,S121,A,F6,0,6
CHE,S121,L,F,861428,6
CHE,S121,L,F21,84450,6
CHE,S121,L,F22,590465,6
CHE,S121,L,F29,14304,6
CHE,S121,L,F3,0,6
CHE,S121,L,F4,0,6
CHE,S121,L,F5,167596,6
CHE,S121,L,F51,167596,6
CHE,S122,A,F,2638474,6
CHE,S122,A,F21,9641,6
CHE,S122,A,F22,578986,6
CHE,S122,A,F29,222885,6
CHE,S122,A,F3,185629,6
CHE,S122,A,F4,1427790,6
CHE,S122,A,F5,171275,6
CHE,S122,A,F51,164975,6
CHE,S122,A,F52,6300,6
CHE,S122,A,F6,0,6
CHE,S122,L,F,2518527,6
CHE,S122,L,F22,1048019,6
CHE,S122,L,F29,989540,6
CHE,S122,L,F3,129134,6
CHE,S122,L,F4,131275,6
CHE,S122,L,F5,179862,6
CHE,S122,L,F51,179862,6
CHE,S13,A,F,442932,6
CHE,S13,A,F21,65,6
CHE,S13,A,F22,46470,6
CHE,S13,A,F29,2851,6
CHE,S13,A,F3,22378,6
CHE,S13,A,F4,39379,6
CHE,S13,A,F5,279816,6
CHE,S13,A,F51,270397,6
CHE,S13,A,F52,9419,6
CHE,S13,A,F6,0,6
CHE,S13,L,F,303643,6
CHE,S13,L,F21,3212,6
CHE,S13,L,F22,4856,6
CHE,S13,L,F29,2673,6
CHE,S13,L,F3,131908,6
CHE,S13,L,F4,61510,6
CHE,S13,L,F6,5790,6
CHE,S1M,A,F,2818292,6
CHE,S1M,A,F21,55770,6
CHE,S1M,A,F22,397992,6
CHE,S1M,A,F29,465086,6
CHE,S1M,A,F3,95292,6
CHE,S1M,A,F4,0,6
CHE,S1M,A,F5,671432,6
CHE,S1M,A,F51,366724,6
CHE,S1M,A,F52,304708,6
CHE,S1M,A,F6,1132720,6
CHE,S1M,L,F,926802,6
CHE,S1M,L,F3,0,6
CHE,S1M,L,F4,911263,6
CHE,S1M,L,F5,0,6
CHE,S1M,L,F51,0,6
CHL,S1,A,F,1537728776.6,6
CHL,S1,A,F21,73055385.2,6
CHL,S1,A,F29,98342275.5,6
CHL,S1,A,F3,196881093,6
CHL,S1,A,F4,212918880.8,6
CHL,S1,A,F5,543127211.1,6
CHL,S1,A,F51,416060374.5,6
CHL,S1,A,F52,127066836.59,6
CHL,S1,A,F6,211897853.4,6
CHL,S1,L,F,1570256531.6,6
CHL,S1,L,F21,65940007.8,6
CHL,S1,L,F29,89381906,6
CHL,S1,L,F3,203139240.4,6
CHL,S1,L,F4,279141206.2,6
CHL,S1,L,F5,522249822.2,6
CHL,S1,L,F51,456354920.4,6
CHL,S1,L,F52,65894901.85,6
CHL,S1,L,F6,211897853.4,6
CHL,S11,A,F,318170309.9,6
CHL,S11,A,F21,17365154.6,6
CHL,S11,A,F29,21828333.8,6
CHL,S11,A,F3,11630415.2,6
CHL,S11,A,F4,10137148.8,6
CHL,S11,A,F5,141160244.3,6
CHL,S11,A,F51,121179719.1,6
CHL,S11,A,F52,19980525.2,6
CHL,S11,A,F6,710272.81,6
CHL,S11,L,F,608846964.9,6
CHL,S11,L,F3,56113139.9,6
CHL,S11,L,F4,151252400.6,6
CHL,S11,L,F5,282482521.2,6
CHL,S11,L,F51,282482521.19,6
CHL,S12,A,F,773561144.1,6
CHL,S12,A,F21,23889168.4,6
CHL,S12,A,F29,49592093,6
CHL,S12,A,F3,171580385.1,6
CHL,S12,A,F4,196598366.6,6
CHL,S12,A,F5,259492313,6
CHL,S12,A,F51,176031410.4,6
CHL,S12,A,F52,83460902.51,6
CHL,S12,A,F6,1899197.78,6
CHL,S12,L,F,785552142.4,6
CHL,S12,L,F21,65940007.8,6
CHL,S12,L,F29,89381906,6
CHL,S12,L,F3,83368308.9,6
CHL,S12,L,F4,32153863.8,6
CHL,S12,L,F5,239767301,6
CHL,S12,L,F51,173872399.2,6
CHL,S12,L,F52,65894901.85,6
CHL,S12,L,F6,211897853.4,6
CHL,S121,A,F,32441844.8,6
CHL,S121,A,F21,377457.4,6
CHL,S121,A,F29,3982163.6,6
CHL,S121,A,F3,25350294.5,6
CHL,S121,A,F4,1887247.1,6
CHL,S121,A,F5,177864.5,6
CHL,S121,A,F51,177864.5,6
CHL,S121,L,F,32758631.3,6
CHL,S121,L,F21,17244379.2,6
CHL,S121,L,F29,2039052.8,6
CHL,S121,L,F3,14150083.1,6
CHL,S121,L,F4,849928.9,6
CHL,S121,L,F5,-1562760,6
CHL,S121,L,F51,-1562760,6
CHL,S122,A,F,235639665.1,6
CHL,S122,A,F21,16386436,6
CHL,S122,A,F29,8908891.7,6
CHL,S122,A,F3,20902029.2,6
CHL,S122,A,F4,177354551.7,6
CHL,S122,A,F5,6912876.6,6
CHL,S122,A,F51,6321328.4,6
CHL,S122,A,F52,591548.2,6
CHL,S122,A,F6,315676.8,6
CHL,S122,L,F,251082875.5,6
CHL,S122,L,F21,48695628.6,6
CHL,S122,L,F29,87342853.2,6
CHL,S122,L,F3,59347676.5,6
CHL,S122,L,F4,14376429.1,6
CHL,S122,L,F5,32962890.6,6
CHL,S122,L,F51,32962890.61,6
CHL,S13,A,F,59854892.4,6
CHL,S13,A,F21,8145289.1,6
CHL,S13,A,F29,3600413.1,6
CHL,S13,A,F3,13195493.9,6
CHL,S13,A,F4,6183365.4,6
CHL,S13,A,F5,15240996,6
CHL,S13,A,F51,11972864.6,6
CHL,S13,A,F52,3268131.38,6
CHL,S13,A,F6,31567.68,6
CHL,S13,L,F,75811179,6
CHL,S13,L,F29,0,6
CHL,S13,L,F3,63657791.7,6
CHL,S13,L,F4,1641313.1,6
CHL,S1M,A,F,386142430.2,6
CHL,S1M,A,F21,23655773.2,6
CHL,S1M,A,F29,23321435.7,6
CHL,S1M,A,F3,474798.8,6
CHL,S1M,A,F5,127233657.9,6
CHL,S1M,A,F51,106876380.4,6
CHL,S1M,A,F52,20357277.5,6
CHL,S1M,A,F6,209256815.13,6
CHL,S1M,L,F,100046245.3,6
CHL,S1M,L,F4,94093628.7,6
COL,S1,A,F,4774149960.593,6
COL,S1,A,F21,75252478.438,6
COL,S1,A,F22,321851556.409,6
COL,S1,A,F29,138797170.921,6
COL,S1,A,F3,535900835.237,6
COL,S1,A,F3,755020515.236,6
COL,S1,A,F4,629390355.878,6
COL,S1,A,F4,672512383.476,6
COL,S1,A,F5,1520170632.032,6
COL,S1,A,F51,1308458327.351,6
COL,S1,A,F52,211712304.682,6
COL,S1,A,F6,589191297.382,6
COL,S1,L,F,5333661884.036,6
COL,S1,L,F21,75252478.438,6
COL,S1,L,F22,304019614.677,6
COL,S1,L,F29,123908280.701,6
COL,S1,L,F3,629219124.485,6
COL,S1,L,F3,813804949.516,6
COL,S1,L,F4,630947014.459,6
COL,S1,L,F4,836222820.011,6
COL,S1,L,F5,1894727658.565,6
COL,S1,L,F51,1779384792.883,6
COL,S1,L,F52,115342865.681,6
COL,S1,L,F6,586971688.805,6
COL,S11,A,F,979305522.319,6
COL,S11,A,F21,22487752.767,6
COL,S11,A,F22,84968620.681,6
COL,S11,A,F29,6364381.415,6
COL,S11,A,F3,22651337.759,6
COL,S11,A,F3,32347040.341,6
COL,S11,A,F4,26617957.392,6
COL,S11,A,F4,4043341.592,6
COL,S11,A,F5,461228271.052,6
COL,S11,A,F51,449892734.771,6
COL,S11,A,F52,11335536.281,6
COL,S11,A,F6,341261.679,6
COL,S11,L,F,2075112249.323,6
COL,S11,L,F22,281979.247,6
COL,S11,L,F29,7256644.106,6
COL,S11,L,F3,35226868.38,6
COL,S11,L,F3,77956378.488,6
COL,S11,L,F4,183032554.006,6
COL,S11,L,F4,256607517.003,6
COL,S11,L,F5,1366243546.373,6
COL,S11,L,F51,1366243546.373,6
COL,S11,L,F6,10229567.951,6
COL,S12,A,F,1988068221.784,6
COL,S12,A,F21,235578.837,6
COL,S12,A,F22,115781572.739,6
COL,S12,A,F29,16497591.441,6
COL,S12,A,F3,440501870.39,6
COL,S12,A,F3,639469814.385,6
COL,S12,A,F4,574181842.339,6
COL,S12,A,F4,594726179.909,6
COL,S12,A,F5,473679280.295,6
COL,S12,A,F51,334968142.473,6
COL,S12,A,F52,138711137.822,6
COL,S12,A,F6,13348670.367,6
COL,S12,L,F,1906253351.816,6
COL,S12,L,F21,75252478.438,6
COL,S12,L,F22,303737635.429,6
COL,S12,L,F29,74306453.184,6
COL,S12,L,F3,237308057.053,6
COL,S12,L,F3,272673892.551,6
COL,S12,L,F4,141835382.175,6
COL,S12,L,F4,88183999.453,6
COL,S12,L,F5,528484112.192,6
COL,S12,L,F51,413141246.511,6
COL,S12,L,F52,115342865.681,6
COL,S12,L,F6,367436955.321,6
COL,S121,A,F,204139339.453,6
COL,S121,A,F21,134.55,6
COL,S121,A,F22,524195.183,6
COL,S121,A,F29,7444380.013,6
COL,S121,A,F3,15221416.58,6
COL,S121,A,F3,169884092.536,6
COL,S121,A,F4,8773713.736,6
COL,S121,A,F4,8882003.329,6
COL,S121,A,F5,11996073.318,6
COL,S121,A,F51,3547671.148,6
COL,S121,A,F52,8448402.17,6
COL,S121,A,F6,3919.445,6
COL,S121,L,F,132231516.725,6
COL,S121,L,F21,75252478.438,6
COL,S121,L,F22,37201334.08,6
COL,S121,L,F29,12523684.46,6
COL,S121,L,F4,3350189.716,6
COL,S121,L,F5,110550.473,6
COL,S121,L,F51,110550.473,6
COL,S121,L,F6,3493058.971,6
COL,S122,A,F,724305692.169,6
COL,S122,A,F21,884.54,6
COL,S122,A,F22,44863755.841,6
COL,S122,A,F29,1135544.855,6
COL,S122,A,F3,71620415.145,6
COL,S122,A,F3,72874325.802,6
COL,S122,A,F4,503128625.146,6
COL,S122,A,F4,522339301.655,6
COL,S122,A,F5,66673965.926,6
COL,S122,A,F51,63456680.496,6
COL,S122,A,F52,3217285.43,6
COL,S122,A,F6,62340.786,6
COL,S122,L,F,734294342.433,6
COL,S122,L,F22,254048776.082,6
COL,S122,L,F29,2522721.745,6
COL,S122,L,F3,206222132.207,6
COL,S122,L,F3,233499681.072,6
COL,S122,L,F4,47768525.608,6
COL,S122,L,F4,81667304.322,6
COL,S122,L,F5,132607996.077,6
COL,S122,L,F51,132607996.077,6
COL,S122,L,F6,798455.926,6
COL,S13,A,F,585462451.477,6
COL,S13,A,F21,4089.794,6
COL,S13,A,F22,38020061.562,6
COL,S13,A,F29,63301397.55,6
COL,S13,A,F3,22132053.474,6
COL,S13,A,F3,32588086.896,6
COL,S13,A,F4,49292774.945,6
COL,S13,A,F4,49295849.174,6
COL,S13,A,F5,306867742.673,6
COL,S13,A,F51,299665819.39,6
COL,S13,A,F52,7201923.283,6
COL,S13,A,F6,1246913.229,6
COL,S13,L,F,966214891.158,6
COL,S13,L,F29,41680374.133,6
COL,S13,L,F3,356684199.052,6
COL,S13,L,F3,463174678.477,6
COL,S13,L,F4,127745204.996,6
COL,S13,L,F4,50557798.669,6
COL,S13,L,F6,209305165.532,6
COL,S1M,A,F,1221313765.013,6
COL,S1M,A,F21,52525057.04,6
COL,S1M,A,F22,83081301.428,6
COL,S1M,A,F29,52633800.515,6
COL,S1M,A,F3,50615573.614,6
COL,S1M,A,F4,1872397.002,6
COL,S1M,A,F5,278395338.012,6
COL,S1M,A,F51,223931630.716,6
COL,S1M,A,F52,54463707.296,6
COL,S1M,A,F6,574254452.106,6
COL,S1M,L,F,386081391.739,6
COL,S1M,L,F29,664809.279,6
COL,S1M,L,F4,309172662.331,6
COL,S1M,L,F4,310034715.836,6
CZE,S1,A,F,30827241,6
CZE,S1,A,F21,644367,6
CZE,S1,A,F22,5109866,6
CZE,S1,A,F29,4119274,6
CZE,S1,A,F3,3652023,6
CZE,S1,A,F4,5080722,6
CZE,S1,A,F5,7045425,6
CZE,S1,A,F51,6201530,6
CZE,S1,A,F52,843895,6
CZE,S1,A,F6,899815,6
CZE,S1,L,F,31936720,6
CZE,S1,L,F21,644367,6
CZE,S1,L,F22,4137534,6
CZE,S1,L,F29,4675634,6
CZE,S1,L,F3,3064183,6
CZE,S1,L,F4,5363759,6
CZE,S1,L,F5,8892787,6
CZE,S1,L,F51,8327899,6
CZE,S1,L,F52,564888,6
CZE,S1,L,F6,889390,6
CZE,S11,A,F,6810344,6
CZE,S11,A,F21,112596,6
CZE,S11,A,F22,991902,6
CZE,S11,A,F29,144238,6
CZE,S11,A,F3,133069,6
CZE,S11,A,F4,894582,6
CZE,S11,A,F5,1393898,6
CZE,S11,A,F51,1353587,6
CZE,S11,A,F52,40311,6
CZE,S11,A,F6,37871,6
CZE,S11,L,F,12363799,6
CZE,S11,L,F3,375063,6
CZE,S11,L,F4,2783495,6
CZE,S11,L,F5,6514449,6
CZE,S11,L,F51,6514449,6
CZE,S12,A,F,13977810,6
CZE,S12,A,F21,56103,6
CZE,S12,A,F22,1242593,6
CZE,S12,A,F29,3109990,6
CZE,S12,A,F3,3321010,6
CZE,S12,A,F4,4088557,6
CZE,S12,A,F5,1620318,6
CZE,S12,A,F51,1366485,6
CZE,S12,A,F52,253833,6
CZE,S12,A,F6,49221,6
CZE,S12,L,F,14826591,6
CZE,S12,L,F21,644367,6
CZE,S12,L,F22,3911564,6
CZE,S12,L,F29,4666858,6
CZE,S12,L,F3,962075,6
CZE,S12,L,F4,593267,6
CZE,S12,L,F5,2378338,6
CZE,S12,L,F51,1813450,6
CZE,S12,L,F52,564888,6
CZE,S12,L,F6,874885,6
CZE,S121,A,F,3389674,6
CZE,S121,A,F21,200,6
CZE,S121,A,F22,1081149,6
CZE,S121,A,F29,294502,6
CZE,S121,A,F3,1638049,6
CZE,S121,A,F4,6857,6
CZE,S121,A,F5,343755,6
CZE,S121,A,F51,343755,6
CZE,S121,A,F52,0,6
CZE,S121,A,F6,0,6
CZE,S121,L,F,3522063,6
CZE,S121,L,F21,644367,6
CZE,S121,L,F22,142616,6
CZE,S121,L,F29,2706900,6
CZE,S121,L,F3,0,6
CZE,S121,L,F4,0,6
CZE,S121,L,F5,1400,6
CZE,S121,L,F51,1400,6
CZE,S122,A,F,7340973,6
CZE,S122,A,F21,52423,6
CZE,S122,A,F22,58606,6
CZE,S122,A,F29,2608751,6
CZE,S122,A,F3,916100,6
CZE,S122,A,F4,3417449,6
CZE,S122,A,F5,139201,6
CZE,S122,A,F51,125614,6
CZE,S122,A,F52,13587,6
CZE,S122,A,F6,3194,6
CZE,S122,L,F,7486506,6
CZE,S122,L,F22,3768948,6
CZE,S122,L,F29,1959958,6
CZE,S122,L,F3,822762,6
CZE,S122,L,F4,739,6
CZE,S122,L,F5,679189,6
CZE,S122,L,F51,679189,6
CZE,S13,A,F,2100830,6
CZE,S13,A,F21,728,6
CZE,S13,A,F22,561021,6
CZE,S13,A,F29,267962,6
CZE,S13,A,F3,48035,6
CZE,S13,A,F4,95137,6
CZE,S13,A,F5,676483,6
CZE,S13,A,F51,674414,6
CZE,S13,A,F52,2069,6
CZE,S13,A,F6,14221,6
CZE,S13,L,F,2557122,6
CZE,S13,L,F22,225970,6
CZE,S13,L,F29,8776,6
CZE,S13,L,F3,1727025,6
CZE,S13,L,F4,159372,6
CZE,S13,L,F5,0,6
CZE,S13,L,F51,0,6
CZE,S13,L,F6,14505,6
CZE,S1M,A,F,7938257,6
CZE,S1M,A,F21,474940,6
CZE,S1M,A,F22,2314350,6
CZE,S1M,A,F29,597084,6
CZE,S1M,A,F3,149909,6
CZE,S1M,A,F4,2446,6
CZE,S1M,A,F5,3354726,6
CZE,S1M,A,F51,2807044,6
CZE,S1M,A,F52,547682,6
CZE,S1M,A,F6,798502,6
CZE,S1M,L,F,2189208,6
CZE,S1M,L,F3,20,6
CZE,S1M,L,F4,1827625,6
DEU,S1,A,F,32693195,6
DEU,S1,A,F21,316990,6
DEU,S1,A,F22,4101514,6
DEU,S1,A,F29,3339648,6
DEU,S1,A,F3,3577461,6
DEU,S1,A,F4,5856333,6
DEU,S1,A,F5,10145844,6
DEU,S1,A,F51,7106196,6
DEU,S1,A,F52,3039648,6
DEU,S1,A,F6,2631356,6
DEU,S1,L,F,30502507,6
DEU,S1,L,F21,322867,6
DEU,S1,L,F22,4073812,6
DEU,S1,L,F29,2922903,6
DEU,S1,L,F3,3327852,6
DEU,S1,L,F4,5880424,6
DEU,S1,L,F5,8748804,6
DEU,S1,L,F51,6302955,6
DEU,S1,L,F52,2445849,6
DEU,S1,L,F6,2701357,6
DEU,S11,A,F,6607933,6
DEU,S11,A,F21,7386,6
DEU,S11,A,F22,482823,6
DEU,S11,A,F29,159223,6
DEU,S11,A,F3,49574,6
DEU,S11,A,F4,1375772,6
DEU,S11,A,F5,3168037,6
DEU,S11,A,F51,2978040,6
DEU,S11,A,F52,189997,6
DEU,S11,A,F6,37121,6
DEU,S11,L,F,9316503,6
DEU,S11,L,F3,204743,6
DEU,S11,L,F4,2819552,6
DEU,S11,L,F5,4515396,6
DEU,S11,L,F51,4515396,6
DEU,S11,L,F6,312870,6
DEU,S12,A,F,17166932,6
DEU,S12,A,F21,44954,6
DEU,S12,A,F22,1942945,6
DEU,S12,A,F29,2034060,6
DEU,S12,A,F3,3218449,6
DEU,S12,A,F4,4233742,6
DEU,S12,A,F5,4277697,6
DEU,S12,A,F51,2243259,6
DEU,S12,A,F52,2034438,6
DEU,S12,A,F6,78828,6
DEU,S12,L,F,16818161,6
DEU,S12,L,F21,322867,6
DEU,S12,L,F22,4073812,6
DEU,S12,L,F29,2908226,6
DEU,S12,L,F3,1398976,6
DEU,S12,L,F4,552978,6
DEU,S12,L,F5,4233408,6
DEU,S12,L,F51,1787559,6
DEU,S12,L,F52,2445849,6
DEU,S12,L,F6,2388487,6
DEU,S121,A,F,1806200,6
DEU,S121,A,F21,31,6
DEU,S121,A,F22,996120,6
DEU,S121,A,F29,10097,6
DEU,S121,A,F3,626185,6
DEU,S121,A,F4,4598,6
DEU,S121,A,F5,2305,6
DEU,S121,A,F51,2305,6
DEU,S121,L,F,1807118,6
DEU,S121,L,F21,322867,6
DEU,S121,L,F22,1267533,6
DEU,S121,L,F3,0,6
DEU,S121,L,F5,173502,6
DEU,S121,L,F51,173502,6
DEU,S122,A,F,8434659,6
DEU,S122,A,F21,43418,6
DEU,S122,A,F22,800482,6
DEU,S122,A,F29,1586706,6
DEU,S122,A,F3,1000904,6
DEU,S122,A,F4,3668824,6
DEU,S122,A,F5,352169,6
DEU,S122,A,F51,166834,6
DEU,S122,A,F52,185335,6
DEU,S122,A,F6,0,6
DEU,S122,L,F,8108018,6
DEU,S122,L,F22,2806279,6
DEU,S122,L,F29,2908226,6
DEU,S122,L,F3,1222420,6
DEU,S122,L,F5,368767,6
DEU,S122,L,F51,368767,6
DEU,S122,L,F6,27511,6
DEU,S13,A,F,1480934,6
DEU,S13,A,F21,408,6
DEU,S13,A,F22,127398,6
DEU,S13,A,F29,246863,6
DEU,S13,A,F3,156092,6
DEU,S13,A,F4,246819,6
DEU,S13,A,F5,647883,6
DEU,S13,A,F51,601714,6
DEU,S13,A,F52,46169,6
DEU,S13,A,F6,847,6
DEU,S13,L,F,2505839,6
DEU,S13,L,F22,0,6
DEU,S13,L,F29,14677,6
DEU,S13,L,F3,1724133,6
DEU,S13,L,F4,650380,6
DEU,S13,L,F6,0,6
DEU,S1M,A,F,7437396,6
DEU,S1M,A,F21,264242,6
DEU,S1M,A,F22,1548348,6
DEU,S1M,A,F29,899502,6
DEU,S1M,A,F3,153346,6
DEU,S1M,A,F5,2052227,6
DEU,S1M,A,F51,1283183,6
DEU,S1M,A,F52,769044,6
DEU,S1M,A,F6,2514560,6
DEU,S1M,L,F,1862004,6
DEU,S1M,L,F4,1857514,6
DNK,S1,A,F,37092989,6
DNK,S1,A,F21,79335,6
DNK,S1,A,F22,1970454,6
DNK,S1,A,F29,906684,6
DNK,S1,A,F3,4893852,6
DNK,S1,A,F4,8697033,6
DNK,S1,A,F5,13972613,6
DNK,S1,A,F51,11298620,6
DNK,S1,A,F52,2673993,6
DNK,S1,A,F6,3950069,6
DNK,S1,L,F,35492722,6
DNK,S1,L,F21,78475,6
DNK,S1,L,F22,1651740,6
DNK,S1,L,F29,1220037,6
DNK,S1,L,F3,5098863,6
DNK,S1,L,F4,8201689,6
DNK,S1,L,F5,12758338,6
DNK,S1,L,F51,10409745,6
DNK,S1,L,F52,2348593,6
DNK,S1,L,F6,4007458,6
DNK,S11,A,F,5302198,6
DNK,S11,A,F21,19930,6
DNK,S11,A,F22,289789,6
DNK,S11,A,F29,34255,6
DNK,S11,A,F3,159170,6
DNK,S11,A,F4,1342959,6
DNK,S11,A,F5,2715431,6
DNK,S11,A,F51,2542275,6
DNK,S11,A,F52,173156,6
DNK,S11,A,F6,8315,6
DNK,S11,L,F,10236262,6
DNK,S11,L,F22,0,6
DNK,S11,L,F29,12364,6
DNK,S11,L,F3,175271,6
DNK,S11,L,F4,3317088,6
DNK,S11,L,F5,5974218,6
DNK,S11,L,F51,5974218,6
DNK,S11,L,F6,0,6
DNK,S12,A,F,21458432,6
DNK,S12,A,F21,8785,6
DNK,S12,A,F22,898856,6
DNK,S12,A,F29,371081,6
DNK,S12,A,F3,4428523,6
DNK,S12,A,F4,6696683,6
DNK,S12,A,F5,7671398,6
DNK,S12,A,F51,5793010,6
DNK,S12,A,F52,1878388,6
DNK,S12,A,F6,3967,6
DNK,S12,L,F,20943099,6
DNK,S12,L,F21,78475,6
DNK,S12,L,F22,1647568,6
DNK,S12,L,F29,1191967,6
DNK,S12,L,F3,3931079,6
DNK,S12,L,F4,2043211,6
DNK,S12,L,F5,6784120,6
DNK,S12,L,F51,4435527,6
DNK,S12,L,F52,2348593,6
DNK,S12,L,F6,4007458,6
DNK,S121,A,F,512775,6
DNK,S121,A,F21,0,6
DNK,S121,A,F22,229356,6
DNK,S121,A,F29,59247,6
DNK,S121,A,F3,171070,6
DNK,S121,A,F4,20,6
DNK,S121,A,F5,12906,6
DNK,S121,A,F51,219,6
DNK,S121,A,F52,12687,6
DNK,S121,A,F6,0,6
DNK,S121,L,F,524164,6
DNK,S121,L,F21,78475,6
DNK,S121,L,F22,113055,6
DNK,S121,L,F29,27766,6
DNK,S121,L,F3,199361,6
DNK,S121,L,F4,5841,6
DNK,S121,L,F5,80013,6
DNK,S121,L,F51,80013,6
DNK,S121,L,F52,0,6
DNK,S121,L,F6,0,6
DNK,S13,A,F,1758678,6
DNK,S13,A,F21,76,6
DNK,S13,A,F22,92922,6
DNK,S13,A,F29,14768,6
DNK,S13,A,F3,248524,6
DNK,S13,A,F4,485122,6
DNK,S13,A,F5,549585,6
DNK,S13,A,F51,513685,6
DNK,S13,A,F52,35900,6
DNK,S13,A,F6,1418,6
DNK,S13,L,F,1631118,6
DNK,S13,L,F21,0,6
DNK,S13,L,F22,4172,6
DNK,S13,L,F29,15706,6
DNK,S13,L,F3,989065,6
DNK,S13,L,F4,291439,6
DNK,S13,L,F6,0,6
DNK,S1M,A,F,8573682,6
DNK,S1M,A,F21,50544,6
DNK,S1M,A,F22,688887,6
DNK,S1M,A,F29,486580,6
DNK,S1M,A,F3,57635,6
DNK,S1M,A,F4,172269,6
DNK,S1M,A,F5,3036199,6
DNK,S1M,A,F51,2449650,6
DNK,S1M,A,F52,586549,6
DNK,S1M,A,F6,3936369,6
DNK,S1M,L,F,2682244,6
DNK,S1M,L,F29,6227,6
DNK,S1M,L,F3,3448,6
DNK,S1M,L,F4,2549951,6
ESP,S1,A,F,10847724,6
ESP,S1,A,F21,66205,6
ESP,S1,A,F22,1095774,6
ESP,S1,A,F29,1119366,6
ESP,S1,A,F3,1355289,6
ESP,S1,A,F4,2222678,6
ESP,S1,A,F5,3737543,6
ESP,S1,A,F51,3170197,6
ESP,S1,A,F52,567346,6
ESP,S1,A,F6,417377,6
ESP,S1,L,F,11758109,6
ESP,S1,L,F21,147337,6
ESP,S1,L,F22,1120931,6
ESP,S1,L,F29,1377801,6
ESP,S1,L,F3,1837202,6
ESP,S1,L,F4,2352938,6
ESP,S1,L,F5,3714800,6
ESP,S1,L,F51,3394838,6
ESP,S1,L,F52,319963,6
ESP,S1,L,F6,410815,6
ESP,S11,A,F,2772497,6
ESP,S11,A,F21,8533,6
ESP,S11,A,F22,235621,6
ESP,S11,A,F29,42568,6
ESP,S11,A,F3,16798,6
ESP,S11,A,F4,443444,6
ESP,S11,A,F5,1552647,6
ESP,S11,A,F51,1503164,6
ESP,S11,A,F52,49483,6
ESP,S11,A,F6,10867,6
ESP,S11,L,F,4437431,6
ESP,S11,L,F22,0,6
ESP,S11,L,F29,0,6
ESP,S11,L,F3,118702,6
ESP,S11,L,F4,1128070,6
ESP,S11,L,F5,2735170,6
ESP,S11,L,F51,2735170,6
ESP,S11,L,F6,1748,6
ESP,S12,A,F,4781256,6
ESP,S12,A,F21,9317,6
ESP,S12,A,F22,66339,6
ESP,S12,A,F29,900065,6
ESP,S12,A,F3,1295364,6
ESP,S12,A,F4,1402238,6
ESP,S12,A,F5,884653,6
ESP,S12,A,F51,714628,6
ESP,S12,A,F52,170026,6
ESP,S12,A,F6,22552,6
ESP,S12,L,F,4759737,6
ESP,S12,L,F21,147337,6
ESP,S12,L,F22,1120931,6
ESP,S12,L,F29,1372924,6
ESP,S12,L,F3,437585,6
ESP,S12,L,F4,110211,6
ESP,S12,L,F5,979630,6
ESP,S12,L,F51,659668,6
ESP,S12,L,F52,319963,6
ESP,S12,L,F6,407840,6
ESP,S121,A,F,745530,6
ESP,S121,A,F21,1,6
ESP,S121,A,F22,0,6
ESP,S121,A,F29,295436,6
ESP,S121,A,F3,431820,6
ESP,S121,A,F4,191,6
ESP,S121,A,F5,1183,6
ESP,S121,A,F51,1094,6
ESP,S121,A,F52,89,6
ESP,S121,A,F6,0,6
ESP,S121,L,F,745805,6
ESP,S121,L,F21,147337,6
ESP,S121,L,F22,14819,6
ESP,S121,L,F29,506479,6
ESP,S121,L,F3,0,6
ESP,S121,L,F4,0,6
ESP,S121,L,F5,72213,6
ESP,S121,L,F51,72213,6
ESP,S121,L,F52,0,6
ESP,S121,L,F6,0,6
ESP,S122,A,F,2626384,6
ESP,S122,A,F21,9316,6
ESP,S122,A,F22,0,6
ESP,S122,A,F29,403411,6
ESP,S122,A,F3,431124,6
ESP,S122,A,F4,1357088,6
ESP,S122,A,F5,281268,6
ESP,S122,A,F51,278003,6
ESP,S122,A,F52,3265,6
ESP,S122,A,F6,0,6
ESP,S122,L,F,2561398,6
ESP,S122,L,F21,0,6
ESP,S122,L,F22,1106112,6
ESP,S122,L,F29,866445,6
ESP,S122,L,F3,259626,6
ESP,S122,L,F4,0,6
ESP,S122,L,F5,190091,6
ESP,S122,L,F51,190091,6
ESP,S122,L,F52,0,6
ESP,S122,L,F6,7952,6
ESP,S13,A,F,771939,6
ESP,S13,A,F21,0,6
ESP,S13,A,F22,81710,6
ESP,S13,A,F29,18928,6
ESP,S13,A,F3,30107,6
ESP,S13,A,F4,323724,6
ESP,S13,A,F5,211026,6
ESP,S13,A,F51,209606,6
ESP,S13,A,F52,1420,6
ESP,S13,A,F6,0,6
ESP,S13,L,F,1803352,6
ESP,S13,L,F21,0,6
ESP,S13,L,F22,0,6
ESP,S13,L,F29,4876,6
ESP,S13,L,F3,1280915,6
ESP,S13,L,F4,406019,6
ESP,S13,L,F5,0,6
ESP,S13,L,F51,0,6
ESP,S13,L,F52,0,6
ESP,S13,L,F6,1227,6
ESP,S1M,A,F,2522032,6
ESP,S1M,A,F21,48355,6
ESP,S1M,A,F22,712105,6
ESP,S1M,A,F29,157805,6
ESP,S1M,A,F3,13019,6
ESP,S1M,A,F4,53272,6
ESP,S1M,A,F5,1089216,6
ESP,S1M,A,F51,742799,6
ESP,S1M,A,F52,346417,6
ESP,S1M,A,F6,383958,6
ESP,S1M,L,F,757589,6
ESP,S1M,L,F3,0,6
ESP,S1M,L,F4,708638,6
ESP,S1M,L,F5,0,6
ESP,S1M,L,F51,0,6
ESP,S1M,L,F6,0,6
EST,S1,A,F,161645.3,6
EST,S1,A,F21,2016.7,6
EST,S1,A,F22,23342.5,6
EST,S1,A,F29,7760,6
EST,S1,A,F3,11334.7,6
EST,S1,A,F4,36257.2,6
EST,S1,A,F5,55342.2,6
EST,S1,A,F51,51672.9,6
EST,S1,A,F52,3669.3,6
EST,S1,A,F6,5603.7,6
EST,S1,L,F,167983.4,6
EST,S1,L,F21,3422.2,6
EST,S1,L,F22,20642.7,6
EST,S1,L,F29,9005.3,6
EST,S1,L,F3,2536.9,6
EST,S1,L,F4,39574.6,6
EST,S1,L,F5,67321.8,6
EST,S1,L,F51,66081.4,6
EST,S1,L,F52,1240.4,6
EST,S1,L,F6,5574.3,6
EST,S11,A,F,51785.1,6
EST,S11,A,F21,1340.3,6
EST,S11,A,F22,7245.2,6
EST,S11,A,F29,1290.7,6
EST,S11,A,F3,360.2,6
EST,S11,A,F4,9333.4,6
EST,S11,A,F5,17003.3,6
EST,S11,A,F51,16761.1,6
EST,S11,A,F52,242.2,6
EST,S11,A,F6,181.5,6
EST,S11,L,F,88810.9,6
EST,S11,L,F3,1148.8,6
EST,S11,L,F4,20235.1,6
EST,S11,L,F5,51581.6,6
EST,S11,L,F51,51581.6,6
EST,S11,L,F6,0,6
EST,S12,A,F,61086.1,6
EST,S12,A,F21,166,6
EST,S12,A,F22,7852.8,6
EST,S12,A,F29,2918.3,6
EST,S12,A,F3,10330.4,6
EST,S12,A,F4,25721.7,6
EST,S12,A,F5,12258,6
EST,S12,A,F51,9441.9,6
EST,S12,A,F52,2816.1,6
EST,S12,A,F6,66.5,6
EST,S12,L,F,60758.4,6
EST,S12,L,F21,3422.2,6
EST,S12,L,F22,20642.7,6
EST,S12,L,F29,7470,6
EST,S12,L,F3,1111.4,6
EST,S12,L,F4,5937.1,6
EST,S12,L,F5,15283.8,6
EST,S12,L,F51,14043.4,6
EST,S12,L,F52,1240.4,6
EST,S12,L,F6,5553.4,6
EST,S121,A,F,9475.5,6
EST,S121,A,F21,0,6
EST,S121,A,F22,686.4,6
EST,S121,A,F29,1570.9,6
EST,S121,A,F3,6861.3,6
EST,S121,A,F4,3.8,6
EST,S121,A,F5,290.8,6
EST,S121,A,F51,92.1,6
EST,S121,A,F52,198.7,6
EST,S121,A,F6,0,6
EST,S121,L,F,9491.5,6
EST,S121,L,F21,3422.2,6
EST,S121,L,F22,5147.1,6
EST,S121,L,F29,24.6,6
EST,S121,L,F3,0,6
EST,S121,L,F4,0,6
EST,S121,L,F5,812.6,6
EST,S121,L,F51,812.6,6
EST,S122,A,F,29085.5,6
EST,S122,A,F21,150.3,6
EST,S122,A,F22,5457.3,6
EST,S122,A,F29,888.6,6
EST,S122,A,F3,436.7,6
EST,S122,A,F4,19990.3,6
EST,S122,A,F5,2012.3,6
EST,S122,A,F51,2011.6,6
EST,S122,A,F52,0.7,6
EST,S122,A,F6,0,6
EST,S122,L,F,28916.2,6
EST,S122,L,F21,0,6
EST,S122,L,F22,15495.6,6
EST,S122,L,F29,7445.3,6
EST,S122,L,F3,739.9,6
EST,S122,L,F4,52.6,6
EST,S122,L,F5,4847.1,6
EST,S122,L,F51,4847.1,6
EST,S122,L,F6,0,6
EST,S13,A,F,12314.5,6
EST,S13,A,F21,1.9,6
EST,S13,A,F22,1521.2,6
EST,S13,A,F29,1770.2,6
EST,S13,A,F3,526.8,6
EST,S13,A,F4,1167.8,6
EST,S13,A,F5,5287.2,6
EST,S13,A,F51,5127.1,6
EST,S13,A,F52,160.1,6
EST,S13,A,F6,0,6
EST,S13,L,F,6485.2,6
EST,S13,L,F21,0,6
EST,S13,L,F22,0,6
EST,S13,L,F29,1535.3,6
EST,S13,L,F3,276.7,6
EST,S13,L,F4,2714.4,6
EST,S13,L,F6,20.9,6
EST,S1M,A,F,36459.6,6
EST,S1M,A,F21,508.5,6
EST,S1M,A,F22,6723.4,6
EST,S1M,A,F29,1780.8,6
EST,S1M,A,F3,117.4,6
EST,S1M,A,F4,34.4,6
EST,S1M,A,F5,20793.8,6
EST,S1M,A,F51,20342.8,6
EST,S1M,A,F52,451,6
EST,S1M,A,F6,5355.7,6
EST,S1M,L,F,11928.9,6
EST,S1M,L,F3,0,6
EST,S1M,L,F4,10688.1,6
EST,S1M,L,F5,456.4,6
EST,S1M,L,F51,456.4,6
FIN,S1,A,F,2234916,6
FIN,S1,A,F21,11714,6
FIN,S1,A,F22,359804,6
FIN,S1,A,F29,130200,6
FIN,S1,A,F3,207880,6
FIN,S1,A,F4,465300,6
FIN,S1,A,F5,789891,6
FIN,S1,A,F51,527862,6
FIN,S1,A,F52,262029,6
FIN,S1,A,F6,67965,6
FIN,S1,L,F,2230022,6
FIN,S1,L,F21,21712,6
FIN,S1,L,F22,293016,6
FIN,S1,L,F29,158428,6
FIN,S1,L,F3,337197,6
FIN,S1,L,F4,486779,6
FIN,S1,L,F5,659360,6
FIN,S1,L,F51,524357,6
FIN,S1,L,F52,135003,6
FIN,S1,L,F6,68871,6
FIN,S11,A,F,458452,6
FIN,S11,A,F21,1875,6
FIN,S11,A,F22,41952,6
FIN,S11,A,F29,1683,6
FIN,S11,A,F3,3803,6
FIN,S11,A,F4,125134,6
FIN,S11,A,F5,176391,6
FIN,S11,A,F51,166623,6
FIN,S11,A,F52,9768,6
FIN,S11,A,F6,7380,6
FIN,S11,L,F,766449,6
FIN,S11,L,F22,0,6
FIN,S11,L,F29,0,6
FIN,S11,L,F3,31254,6
FIN,S11,L,F4,251386,6
FIN,S11,L,F5,410041,6
FIN,S11,L,F51,410041,6
FIN,S11,L,F6,0,6
FIN,S12,A,F,1073956,6
FIN,S12,A,F21,599,6
FIN,S12,A,F22,214753,6
FIN,S12,A,F29,114441,6
FIN,S12,A,F3,163308,6
FIN,S12,A,F4,301000,6
FIN,S12,A,F5,203465,6
FIN,S12,A,F51,117460,6
FIN,S12,A,F52,86005,6
FIN,S12,A,F6,766,6
FIN,S12,L,F,1083834,6
FIN,S12,L,F21,21712,6
FIN,S12,L,F22,292712,6
FIN,S12,L,F29,157831,6
FIN,S12,L,F3,187105,6
FIN,S12,L,F4,30019,6
FIN,S12,L,F5,246582,6
FIN,S12,L,F51,111579,6
FIN,S12,L,F52,135003,6
FIN,S12,L,F6,68743,6
FIN,S121,A,F,129623,6
FIN,S121,A,F21,0,6
FIN,S121,A,F22,63006,6
FIN,S121,A,F29,5812,6
FIN,S121,A,F3,54184,6
FIN,S121,A,F4,736,6
FIN,S121,A,F5,1386,6
FIN,S121,A,F51,181,6
FIN,S121,A,F52,1205,6
FIN,S121,A,F6,0,6
FIN,S121,L,F,128493,6
FIN,S121,L,F21,21712,6
FIN,S121,L,F22,91943,6
FIN,S121,L,F29,0,6
FIN,S121,L,F3,0,6
FIN,S121,L,F4,0,6
FIN,S121,L,F5,12341,6
FIN,S121,L,F51,12341,6
FIN,S121,L,F6,0,6
FIN,S122,A,F,654153,6
FIN,S122,A,F21,417,6
FIN,S122,A,F22,137637,6
FIN,S122,A,F29,107673,6
FIN,S122,A,F3,47562,6
FIN,S122,A,F4,267008,6
FIN,S122,A,F5,28170,6
FIN,S122,A,F51,27202,6
FIN,S122,A,F52,968,6
FIN,S122,A,F6,293,6
FIN,S122,L,F,647061,6
FIN,S122,L,F21,0,6
FIN,S122,L,F22,200769,6
FIN,S122,L,F29,157831,6
FIN,S122,L,F3,167319,6
FIN,S122,L,F4,172,6
FIN,S122,L,F5,48524,6
FIN,S122,L,F51,48524,6
FIN,S122,L,F52,0,6
FIN,S122,L,F6,0,6
FIN,S13,A,F,343012,6
FIN,S13,A,F21,6,6
FIN,S13,A,F22,15011,6
FIN,S13,A,F29,990,6
FIN,S13,A,F3,37550,6
FIN,S13,A,F4,38838,6
FIN,S13,A,F5,230988,6
FIN,S13,A,F51,103944,6
FIN,S13,A,F52,127044,6
FIN,S13,A,F6,308,6
FIN,S13,L,F,192936,6
FIN,S13,L,F21,0,6
FIN,S13,L,F22,304,6
FIN,S13,L,F29,597,6
FIN,S13,L,F3,118837,6
FIN,S13,L,F4,47524,6
FIN,S13,L,F5,2737,6
FIN,S13,L,F51,2737,6
FIN,S13,L,F52,0,6
FIN,S13,L,F6,128,6
FIN,S1M,A,F,359496,6
FIN,S1M,A,F21,9234,6
FIN,S1M,A,F22,88088,6
FIN,S1M,A,F29,13086,6
FIN,S1M,A,F3,3219,6
FIN,S1M,A,F4,328,6
FIN,S1M,A,F5,179047,6
FIN,S1M,A,F51,139835,6
FIN,S1M,A,F52,39212,6
FIN,S1M,A,F6,59511,6
FIN,S1M,L,F,186803,6
FIN,S1M,L,F3,1,6
FIN,S1M,L,F4,157850,6
FIN,S1M,L,F5,0,6
FIN,S1M,L,F51,0,6
FIN,S1M,L,F6,0,6
FRA,S1,A,F,34263823,6
FRA,S1,A,F21,110868,6
FRA,S1,A,F22,1893067,6
FRA,S1,A,F29,4446551,6
FRA,S1,A,F3,3990806,6
FRA,S1,A,F4,5949680,6
FRA,S1,A,F5,11599451,6
FRA,S1,A,F51,9830069,6
FRA,S1,A,F52,1769382,6
FRA,S1,A,F6,2419657,6
FRA,S1,L,F,34705840,6
FRA,S1,L,F21,246423,6
FRA,S1,L,F22,2016971,6
FRA,S1,L,F29,5253591,6
FRA,S1,L,F3,4722029,6
FRA,S1,L,F4,5294489,6
FRA,S1,L,F5,10985249,6
FRA,S1,L,F51,9384535,6
FRA,S1,L,F52,1600714,6
FRA,S1,L,F6,2428189,6
FRA,S11,A,F,10626226,6
FRA,S11,A,F21,14949,6
FRA,S11,A,F22,534093,6
FRA,S11,A,F29,174991,6
FRA,S11,A,F3,120662,6
FRA,S11,A,F4,1865258,6
FRA,S11,A,F5,6410515,6
FRA,S11,A,F51,6259987,6
FRA,S11,A,F52,150527,6
FRA,S11,A,F6,43206,6
FRA,S11,L,F,12979414,6
FRA,S11,L,F22,0,6
FRA,S11,L,F29,0,6
FRA,S11,L,F3,661583,6
FRA,S11,L,F4,2985486,6
FRA,S11,L,F5,8271133,6
FRA,S11,L,F51,8271133,6
FRA,S11,L,F6,0,6
FRA,S12,A,F,16195701,6
FRA,S12,A,F21,13153,6
FRA,S12,A,F22,678929,6
FRA,S12,A,F29,3204233,6
FRA,S12,A,F3,3770168,6
FRA,S12,A,F4,3950669,6
FRA,S12,A,F5,2836783,6
FRA,S12,A,F51,1636846,6
FRA,S12,A,F52,1199938,6
FRA,S12,A,F6,162493,6
FRA,S12,L,F,16627058,6
FRA,S12,L,F21,246423,6
FRA,S12,L,F22,1881253,6
FRA,S12,L,F29,5248619,6
FRA,S12,L,F3,1651563,6
FRA,S12,L,F4,477763,6
FRA,S12,L,F5,2666026,6
FRA,S12,L,F51,1065313,6
FRA,S12,L,F52,1600714,6
FRA,S12,L,F6,2427878,6
FRA,S121,A,F,1172570,6
FRA,S121,A,F21,4,6
FRA,S121,A,F22,14266,6
FRA,S121,A,F29,295969,6
FRA,S121,A,F3,718185,6
FRA,S121,A,F4,4550,6
FRA,S121,A,F5,20222,6
FRA,S121,A,F51,2750,6
FRA,S121,A,F52,17472,6
FRA,S121,A,F6,0,6
FRA,S121,L,F,1159153,6
FRA,S121,L,F21,246423,6
FRA,S121,L,F22,522291,6
FRA,S121,L,F29,210635,6
FRA,S121,L,F3,0,6
FRA,S121,L,F4,223,6
FRA,S121,L,F5,164400,6
FRA,S121,L,F51,164400,6
FRA,S121,L,F6,0,6
FRA,S122,A,F,9559892,6
FRA,S122,A,F21,11157,6
FRA,S122,A,F22,558128,6
FRA,S122,A,F29,2709451,6
FRA,S122,A,F3,708670,6
FRA,S122,A,F4,3649273,6
FRA,S122,A,F5,592840,6
FRA,S122,A,F51,522928,6
FRA,S122,A,F52,69912,6
FRA,S122,A,F6,1823,6
FRA,S122,L,F,9954460,6
FRA,S122,L,F21,0,6
FRA,S122,L,F22,1358963,6
FRA,S122,L,F29,5037089,6
FRA,S122,L,F3,1293457,6
FRA,S122,L,F4,48100,6
FRA,S122,L,F5,421071,6
FRA,S122,L,F51,421071,6
FRA,S122,L,F52,0,6
FRA,S122,L,F6,0,6
FRA,S13,A,F,1423914,6
FRA,S13,A,F21,45,6
FRA,S13,A,F22,153520,6
FRA,S13,A,F29,24057,6
FRA,S13,A,F3,58622,6
FRA,S13,A,F4,123153,6
FRA,S13,A,F5,683685,6
FRA,S13,A,F51,557181,6
FRA,S13,A,F52,126503,6
FRA,S13,A,F6,5164,6
FRA,S13,L,F,3282267,6
FRA,S13,L,F21,0,6
FRA,S13,L,F22,135718,6
FRA,S13,L,F29,4972,6
FRA,S13,L,F3,2408883,6
FRA,S13,L,F4,314823,6
FRA,S13,L,F5,48089,6
FRA,S13,L,F51,48089,6
FRA,S13,L,F52,0,6
FRA,S13,L,F6,310,6
FRA,S1M,A,F,6017981,6
FRA,S1M,A,F21,82720,6
FRA,S1M,A,F22,526525,6
FRA,S1M,A,F29,1043269,6
FRA,S1M,A,F3,41354,6
FRA,S1M,A,F4,10600,6
FRA,S1M,A,F5,1668468,6
FRA,S1M,A,F51,1376055,6
FRA,S1M,A,F52,292413,6
FRA,S1M,A,F6,2208794,6
FRA,S1M,L,F,1817100,6
FRA,S1M,L,F3,0,6
FRA,S1M,L,F4,1516417,6
FRA,S1M,L,F5,0,6
FRA,S1M,L,F51,0,6
FRA,S1M,L,F6,0,6
GBR,S1,A,F,33798152,6
GBR,S1,A,F21,88838,6
GBR,S1,A,F22,7174630,6
GBR,S1,A,F29,241766,6
GBR,S1,A,F3,3730214,6
GBR,S1,A,F4,5854917,6
GBR,S1,A,F5,6891903,6
GBR,S1,A,F51,4623891,6
GBR,S1,A,F52,2268012,6
GBR,S1,A,F6,4887743,6
GBR,S1,L,F,34028108,6
GBR,S1,L,F21,90055,6
GBR,S1,L,F22,7532104,6
GBR,S1,L,F29,242462,6
GBR,S1,L,F3,4517323,6
GBR,S1,L,F4,5248870,6
GBR,S1,L,F5,6472222,6
GBR,S1,L,F51,4764033,6
GBR,S1,L,F52,1708189,6
GBR,S1,L,F6,4985029,6
GBR,S11,A,F,2595758,6
GBR,S11,A,F21,7647,6
GBR,S11,A,F22,611698,6
GBR,S11,A,F29,5420,6
GBR,S11,A,F3,90008,6
GBR,S11,A,F4,358445,6
GBR,S11,A,F5,1320331,6
GBR,S11,A,F51,1319178,6
GBR,S11,A,F52,1153,6
GBR,S11,A,F6,39876,6
GBR,S11,L,F,5816417,6
GBR,S11,L,F21,0,6
GBR,S11,L,F22,0,6
GBR,S11,L,F29,0,6
GBR,S11,L,F3,416918,6
GBR,S11,L,F4,1179292,6
GBR,S11,L,F5,3321156,6
GBR,S11,L,F51,3321156,6
GBR,S11,L,F52,0,6
GBR,S11,L,F6,621708,6
GBR,S12,A,F,23328792,6
GBR,S12,A,F21,11298,6
GBR,S12,A,F22,5020489,6
GBR,S12,A,F29,14314,6
GBR,S12,A,F3,3524032,6
GBR,S12,A,F4,5252838,6
GBR,S12,A,F5,4325569,6
GBR,S12,A,F51,2352691,6
GBR,S12,A,F52,1972878,6
GBR,S12,A,F6,719797,6
GBR,S12,L,F,23528634,6
GBR,S12,L,F21,85315,6
GBR,S12,L,F22,7532104,6
GBR,S12,L,F29,45308,6
GBR,S12,L,F3,1889594,6
GBR,S12,L,F4,2027843,6
GBR,S12,L,F5,3151066,6
GBR,S12,L,F51,1442877,6
GBR,S12,L,F52,1708189,6
GBR,S12,L,F6,4334832,6
GBR,S13,A,F,760944,6
GBR,S13,A,F21,0,6
GBR,S13,A,F22,65506,6
GBR,S13,A,F29,45475,6
GBR,S13,A,F3,92585,6
GBR,S13,A,F4,225130,6
GBR,S13,A,F5,186173,6
GBR,S13,A,F51,186173,6
GBR,S13,A,F52,0,6
GBR,S13,A,F6,1092,6
GBR,S13,L,F,2673843,6
GBR,S13,L,F21,4740,6
GBR,S13,L,F22,0,6
GBR,S13,L,F29,197154,6
GBR,S13,L,F3,2206890,6
GBR,S13,L,F4,155277,6
GBR,S13,L,F5,0,6
GBR,S13,L,F51,0,6
GBR,S13,L,F52,0,6
GBR,S13,L,F6,-918,6
GBR,S1M,A,F,7112659,6
GBR,S1M,A,F21,69893,6
GBR,S1M,A,F22,1476937,6
GBR,S1M,A,F29,176557,6
GBR,S1M,A,F3,23589,6
GBR,S1M,A,F4,18504,6
GBR,S1M,A,F5,1059830,6
GBR,S1M,A,F51,765849,6
GBR,S1M,A,F52,293981,6
GBR,S1M,A,F6,4126978,6
GBR,S1M,L,F,2009214,6
GBR,S1M,L,F21,0,6
GBR,S1M,L,F22,0,6
GBR,S1M,L,F29,0,6
GBR,S1M,L,F3,3921,6
GBR,S1M,L,F4,1886458,6
GBR,S1M,L,F5,0,6
GBR,S1M,L,F51,0,6
GBR,S1M,L,F52,0,6
GBR,S1M,L,F6,29407,6
GRC,S1,A,F,934974.5,6
GRC,S1,A,F21,22712.2,6
GRC,S1,A,F22,153185.08,6
GRC,S1,A,F29,112237.6,6
GRC,S1,A,F3,172101.38,6
GRC,S1,A,F4,218326.38,6
GRC,S1,A,F5,168362.97,6
GRC,S1,A,F51,155508.21,6
GRC,S1,A,F52,12854.76,6
GRC,S1,A,F6,18091.51,6
GRC,S1,L,F,1217865.12,6
GRC,S1,L,F21,30405,6
GRC,S1,L,F22,150107.58,6
GRC,S1,L,F29,159220.31,6
GRC,S1,L,F3,84254.2,6
GRC,S1,L,F4,514896.69,6
GRC,S1,L,F5,182941.67,6
GRC,S1,L,F51,176180.13,6
GRC,S1,L,F52,6761.54,6
GRC,S1,L,F6,17728.5,6
GRC,S11,A,F,92514,6
GRC,S11,A,F21,2207.98,6
GRC,S11,A,F22,19105.44,6
GRC,S11,A,F29,15335.63,6
GRC,S11,A,F3,400.87,6
GRC,S11,A,F4,5254.22,6
GRC,S11,A,F5,29064.79,6
GRC,S11,A,F51,28634.78,6
GRC,S11,A,F52,430.01,6
GRC,S11,A,F6,469.78,6
GRC,S11,L,F,260891.71,6
GRC,S11,L,F22,0,6
GRC,S11,L,F29,0,6
GRC,S11,L,F3,1124.73,6
GRC,S11,L,F4,99828.69,6
GRC,S11,L,F5,141184.31,6
GRC,S11,L,F51,141184.31,6
GRC,S11,L,F6,0,6
GRC,S12,A,F,416805.36,6
GRC,S12,A,F21,2159.51,6
GRC,S12,A,F22,23038.5,6
GRC,S12,A,F29,21292.02,6
GRC,S12,A,F3,152228.04,6
GRC,S12,A,F4,175957.41,6
GRC,S12,A,F5,19062.97,6
GRC,S12,A,F51,14918.45,6
GRC,S12,A,F52,4144.52,6
GRC,S12,A,F6,583.67,6
GRC,S12,L,F,414703.18,6
GRC,S12,L,F21,30405,6
GRC,S12,L,F22,145093.58,6
GRC,S12,L,F29,153696.31,6
GRC,S12,L,F3,4850.85,6
GRC,S12,L,F4,7306.73,6
GRC,S12,L,F5,41757.36,6
GRC,S12,L,F51,34995.82,6
GRC,S12,L,F52,6761.54,6
GRC,S12,L,F6,17726,6
GRC,S121,A,F,104302.78,6
GRC,S121,A,F21,88,6
GRC,S121,A,F22,9186,6
GRC,S121,A,F29,10203,6
GRC,S121,A,F3,76563.08,6
GRC,S121,A,F4,2311.84,6
GRC,S121,A,F5,552,6
GRC,S121,A,F51,498,6
GRC,S121,A,F52,54,6
GRC,S121,A,F6,6.71,6
GRC,S121,L,F,109863.2,6
GRC,S121,L,F21,30405,6
GRC,S121,L,F22,39648,6
GRC,S121,L,F29,25702,6
GRC,S121,L,F3,0,6
GRC,S121,L,F4,0,6
GRC,S121,L,F5,11600,6
GRC,S121,L,F51,11600,6
GRC,S121,L,F52,0,6
GRC,S121,L,F6,2169,6
GRC,S122,A,F,273018.07,6
GRC,S122,A,F21,2064.54,6
GRC,S122,A,F22,11136.97,6
GRC,S122,A,F29,9764.59,6
GRC,S122,A,F3,60615.47,6
GRC,S122,A,F4,166259.02,6
GRC,S122,A,F5,8371.97,6
GRC,S122,A,F51,8200.93,6
GRC,S122,A,F52,171.04,6
GRC,S122,A,F6,12.26,6
GRC,S122,L,F,262201.9,6
GRC,S122,L,F21,0,6
GRC,S122,L,F22,105445.58,6
GRC,S122,L,F29,127994.31,6
GRC,S122,L,F3,4524.92,6
GRC,S122,L,F4,16,6
GRC,S122,L,F5,12883.86,6
GRC,S122,L,F51,12883.86,6
GRC,S122,L,F52,0,6
GRC,S122,L,F6,0,6
GRC,S13,A,F,152919.27,6
GRC,S13,A,F21,52.1,6
GRC,S13,A,F22,39598.16,6
GRC,S13,A,F29,8167.93,6
GRC,S13,A,F3,16164.53,6
GRC,S13,A,F4,36921.13,6
GRC,S13,A,F5,34004.85,6
GRC,S13,A,F51,33337.49,6
GRC,S13,A,F52,667.36,6
GRC,S13,A,F6,118.59,6
GRC,S13,L,F,423694.4,6
GRC,S13,L,F21,0,6
GRC,S13,L,F22,5014,6
GRC,S13,L,F29,5524,6
GRC,S13,L,F3,78278.62,6
GRC,S13,L,F4,305103.57,6
GRC,S13,L,F5,0,6
GRC,S13,L,F51,0,6
GRC,S13,L,F52,0,6
GRC,S13,L,F6,2.5,6
GRC,S1M,A,F,272735.87,6
GRC,S1M,A,F21,18292.61,6
GRC,S1M,A,F22,71442.98,6
GRC,S1M,A,F29,67442.02,6
GRC,S1M,A,F3,3307.94,6
GRC,S1M,A,F4,193.62,6
GRC,S1M,A,F5,86230.36,6
GRC,S1M,A,F51,78617.49,6
GRC,S1M,A,F52,7612.87,6
GRC,S1M,A,F6,16919.47,6
GRC,S1M,L,F,118575.83,6
GRC,S1M,L,F3,0,6
GRC,S1M,L,F4,102657.7,6
GRC,S1M,L,F5,0,6
GRC,S1M,L,F51,0,6
GRC,S1M,L,F6,0,6
HRV,S1,A,F,319455.54,6
HRV,S1,A,F21,5969.07,6
HRV,S1,A,F22,35411.94,6
HRV,S1,A,F29,27534.07,6
HRV,S1,A,F3,39207.65,6
HRV,S1,A,F4,52153.1,6
HRV,S1,A,F5,78998.05,6
HRV,S1,A,F51,74134.27,6
HRV,S1,A,F52,4863.78,6
HRV,S1,A,F6,18792.71,6
HRV,S1,L,F,348462.28,6
HRV,S1,L,F21,5142.82,6
HRV,S1,L,F22,32967.95,6
HRV,S1,L,F29,26267.27,6
HRV,S1,L,F3,32189.61,6
HRV,S1,L,F4,71511.84,6
HRV,S1,L,F5,100315.7,6
HRV,S1,L,F51,96773.71,6
HRV,S1,L,F52,3541.98,6
HRV,S1,L,F6,18737.62,6
HRV,S11,A,F,92745.48,6
HRV,S11,A,F21,278.71,6
HRV,S11,A,F22,7614.37,6
HRV,S11,A,F29,2387.38,6
HRV,S11,A,F3,300.69,6
HRV,S11,A,F4,8315.9,6
HRV,S11,A,F5,23923.26,6
HRV,S11,A,F51,23583.08,6
HRV,S11,A,F52,340.18,6
HRV,S11,A,F6,400.92,6
HRV,S11,L,F,151327.85,6
HRV,S11,L,F3,2088.8,6
HRV,S11,L,F4,35037.76,6
HRV,S11,L,F5,65439.67,6
HRV,S11,L,F51,65439.67,6
HRV,S11,L,F6,0,6
HRV,S12,A,F,108004.05,6
HRV,S12,A,F21,1868.27,6
HRV,S12,A,F22,11115.3,6
HRV,S12,A,F29,8099.93,6
HRV,S12,A,F3,37455.63,6
HRV,S12,A,F4,38974.09,6
HRV,S12,A,F5,8579.54,6
HRV,S12,A,F51,6540.78,6
HRV,S12,A,F52,2038.76,6
HRV,S12,A,F6,174.35,6
HRV,S12,L,F,106523.72,6
HRV,S12,L,F21,5142.82,6
HRV,S12,L,F22,32967.95,6
HRV,S12,L,F29,26228.73,6
HRV,S12,L,F3,218.44,6
HRV,S12,L,F4,3764.8,6
HRV,S12,L,F5,17492.02,6
HRV,S12,L,F51,13950.04,6
HRV,S12,L,F52,3541.98,6
HRV,S12,L,F6,18730.49,6
HRV,S121,A,F,19496.03,6
HRV,S121,A,F21,398.09,6
HRV,S121,A,F22,1202.25,6
HRV,S121,A,F29,3841.1,6
HRV,S121,A,F3,13419.86,6
HRV,S121,A,F4,179.04,6
HRV,S121,A,F5,11.36,6
HRV,S121,A,F51,11.36,6
HRV,S121,A,F52,0,6
HRV,S121,A,F6,0.03,6
HRV,S121,L,F,19337.94,6
HRV,S121,L,F21,5142.82,6
HRV,S121,L,F22,7476.86,6
HRV,S121,L,F29,4178.92,6
HRV,S121,L,F3,0,6
HRV,S121,L,F4,0,6
HRV,S121,L,F5,2158.08,6
HRV,S121,L,F51,2158.08,6
HRV,S121,L,F6,0,6
HRV,S122,A,F,59452.58,6
HRV,S122,A,F21,1457.87,6
HRV,S122,A,F22,8968.7,6
HRV,S122,A,F29,3454.36,6
HRV,S122,A,F3,8445.73,6
HRV,S122,A,F4,35159.93,6
HRV,S122,A,F5,1466.33,6
HRV,S122,A,F51,1371.8,6
HRV,S122,A,F52,94.53,6
HRV,S122,A,F6,13.05,6
HRV,S122,L,F,57073.36,6
HRV,S122,L,F21,0,6
HRV,S122,L,F22,25491.1,6
HRV,S122,L,F29,22049.81,6
HRV,S122,L,F3,157.32,6
HRV,S122,L,F4,0,6
HRV,S122,L,F5,8676.42,6
HRV,S122,L,F51,8676.42,6
HRV,S122,L,F6,0,6
HRV,S13,A,F,50328.02,6
HRV,S13,A,F21,1.87,6
HRV,S13,A,F22,2595.27,6
HRV,S13,A,F29,2032.68,6
HRV,S13,A,F3,1207.08,6
HRV,S13,A,F4,4578.5,6
HRV,S13,A,F5,31425.86,6
HRV,S13,A,F51,31188.14,6
HRV,S13,A,F52,237.71,6
HRV,S13,A,F6,46.46,6
HRV,S13,L,F,70079.86,6
HRV,S13,L,F21,0,6
HRV,S13,L,F22,0,6
HRV,S13,L,F29,38.55,6
HRV,S13,L,F3,29882.38,6
HRV,S13,L,F4,13461.45,6
HRV,S13,L,F5,17384,6
HRV,S13,L,F51,17384,6
HRV,S13,L,F6,7.12,6
HRV,S1M,A,F,68377.99,6
HRV,S1M,A,F21,3820.23,6
HRV,S1M,A,F22,14087,6
HRV,S1M,A,F29,15014.08,6
HRV,S1M,A,F3,244.24,6
HRV,S1M,A,F4,284.61,6
HRV,S1M,A,F5,15069.39,6
HRV,S1M,A,F51,12822.27,6
HRV,S1M,A,F52,2247.13,6
HRV,S1M,A,F6,18170.98,6
HRV,S1M,L,F,20530.85,6
HRV,S1M,L,F3,0,6
HRV,S1M,L,F4,19247.82,6
HRV,S1M,L,F5,0,6
HRV,S1M,L,F51,0,6
HUN,S1,A,F,281891805,6
HUN,S1,A,F21,7055459,6
HUN,S1,A,F22,24464795,6
HUN,S1,A,F29,11668578,6
HUN,S1,A,F3,32393641,6
HUN,S1,A,F4,66473595,6
HUN,S1,A,F5,101103691,6
HUN,S1,A,F51,91627797,6
HUN,S1,A,F52,9475894,6
HUN,S1,A,F6,4905356,6
HUN,S1,L,F,302442378,6
HUN,S1,L,F21,6627071,6
HUN,S1,L,F22,22946984,6
HUN,S1,L,F29,11045285,6
HUN,S1,L,F3,34607150,6
HUN,S1,L,F4,61351498,6
HUN,S1,L,F5,127420743,6
HUN,S1,L,F51,119840980,6
HUN,S1,L,F52,7579763,6
HUN,S1,L,F6,4651685,6
HUN,S11,A,F,67626452,6
HUN,S11,A,F21,1330200,6
HUN,S11,A,F22,8548455,6
HUN,S11,A,F29,1871759,6
HUN,S11,A,F3,423831,6
HUN,S11,A,F4,16151661,6
HUN,S11,A,F5,18808513,6
HUN,S11,A,F51,18008252,6
HUN,S11,A,F52,800261,6
HUN,S11,A,F6,203058,6
HUN,S11,L,F,114226505,6
HUN,S11,L,F22,0,6
HUN,S11,L,F29,0,6
HUN,S11,L,F3,723503,6
HUN,S11,L,F4,30067555,6
HUN,S11,L,F5,62024090,6
HUN,S11,L,F51,62024090,6
HUN,S11,L,F6,0,6
HUN,S12,A,F,133888871,6
HUN,S12,A,F21,514562,6
HUN,S12,A,F22,4505634,6
HUN,S12,A,F29,6139774,6
HUN,S12,A,F3,22889574,6
HUN,S12,A,F4,46322135,6
HUN,S12,A,F5,50413085,6
HUN,S12,A,F51,46496544,6
HUN,S12,A,F52,3916541,6
HUN,S12,A,F6,133047,6
HUN,S12,L,F,134290093,6
HUN,S12,L,F21,6627071,6
HUN,S12,L,F22,21500858,6
HUN,S12,L,F29,10956963,6
HUN,S12,L,F3,3273950,6
HUN,S12,L,F4,18339003,6
HUN,S12,L,F5,65396653,6
HUN,S12,L,F51,57816890,6
HUN,S12,L,F52,7579763,6
HUN,S12,L,F6,4555546,6
HUN,S121,A,F,11881724,6
HUN,S121,A,F21,0,6
HUN,S121,A,F22,1548592,6
HUN,S121,A,F29,483382,6
HUN,S121,A,F3,7857677,6
HUN,S121,A,F4,1009763,6
HUN,S121,A,F5,295788,6
HUN,S121,A,F51,66380,6
HUN,S121,A,F52,229408,6
HUN,S121,A,F6,0,6
HUN,S121,L,F,11931213,6
HUN,S121,L,F21,6627071,6
HUN,S121,L,F22,1425693,6
HUN,S121,L,F29,2012564,6
HUN,S121,L,F3,0,6
HUN,S121,L,F4,0,6
HUN,S121,L,F5,934252,6
HUN,S121,L,F51,934252,6
HUN,S121,L,F52,0,6
HUN,S121,L,F6,0,6
HUN,S122,A,F,42982032,6
HUN,S122,A,F21,491527,6
HUN,S122,A,F22,1389054,6
HUN,S122,A,F29,4284261,6
HUN,S122,A,F3,10055358,6
HUN,S122,A,F4,23169550,6
HUN,S122,A,F5,2772729,6
HUN,S122,A,F51,2640956,6
HUN,S122,A,F52,131773,6
HUN,S122,A,F6,19064,6
HUN,S122,L,F,44334746,6
HUN,S122,L,F21,0,6
HUN,S122,L,F22,20075165,6
HUN,S122,L,F29,8944399,6
HUN,S122,L,F3,2517563,6
HUN,S122,L,F4,4848828,6
HUN,S122,L,F5,7067412,6
HUN,S122,L,F51,7067412,6
HUN,S122,L,F52,0,6
HUN,S122,L,F6,0,6
HUN,S13,A,F,16486698,6
HUN,S13,A,F21,8379,6
HUN,S13,A,F22,3509287,6
HUN,S13,A,F29,267108,6
HUN,S13,A,F3,593074,6
HUN,S13,A,F4,1688219,6
HUN,S13,A,F5,5760236,6
HUN,S13,A,F51,5551125,6
HUN,S13,A,F52,209111,6
HUN,S13,A,F6,3036,6
HUN,S13,L,F,43239624,6
HUN,S13,L,F21,0,6
HUN,S13,L,F22,1446126,6
HUN,S13,L,F29,88322,6
HUN,S13,L,F3,30609697,6
HUN,S13,L,F4,4111452,6
HUN,S13,L,F5,0,6
HUN,S13,L,F51,0,6
HUN,S13,L,F52,0,6
HUN,S13,L,F6,96139,6
HUN,S1M,A,F,63889784,6
HUN,S1M,A,F21,5202318,6
HUN,S1M,A,F22,7901419,6
HUN,S1M,A,F29,3389937,6
HUN,S1M,A,F3,8487162,6
HUN,S1M,A,F4,2311580,6
HUN,S1M,A,F5,26121857,6
HUN,S1M,A,F51,21571876,6
HUN,S1M,A,F52,4549981,6
HUN,S1M,A,F6,4566215,6
HUN,S1M,L,F,10686156,6
HUN,S1M,L,F3,0,6
HUN,S1M,L,F4,8833488,6
HUN,S1M,L,F5,0,6
HUN,S1M,L,F51,0,6
HUN,S1M,L,F6,0,6
IND,S1,A,F,866988976.524,6
IND,S1,A,F21,24132992.085,6
IND,S1,A,F22,198799647.235,6
IND,S1,A,F29,0,6
IND,S1,A,F3,176611614.525,6
IND,S1,A,F4,203363014.165,6
IND,S1,A,F5,115101639.789,6
IND,S1,A,F51,83035129.62,6
IND,S1,A,F52,32066510.169,6
IND,S1,A,F6,70992998.445,6
IND,S1,L,F,839004430.543,6
IND,S1,L,F21,24209740,6
IND,S1,L,F22,198998931.279,6
IND,S1,L,F29,0,6
IND,S1,L,F3,148209722.619,6
IND,S1,L,F4,207315913.387,6
IND,S1,L,F5,50327712.07,6
IND,S1,L,F51,28432875.811,6
IND,S1,L,F52,21894836.259,6
IND,S1,L,F6,73491138.432,6
IND,S11,A,F,152255642.212,6
IND,S11,A,F21,236896.007,6
IND,S11,A,F22,18009864.062,6
IND,S11,A,F29,0,6
IND,S11,A,F3,5468196.235,6
IND,S11,A,F4,23816242.226,6
IND,S11,A,F5,60009308.729,6
IND,S11,A,F51,47875945.179,6
IND,S11,A,F52,12133363.55,6
IND,S11,A,F6,0,6
IND,S11,L,F,249438637.376,6
IND,S11,L,F21,0,6
IND,S11,L,F22,472892.524,6
IND,S11,L,F29,0,6
IND,S11,L,F3,13508781.761,6
IND,S11,L,F4,87417126.86,6
IND,S11,L,F5,23148857,6
IND,S11,L,F51,23148857,6
IND,S11,L,F52,0,6
IND,S11,L,F6,0,6
IND,S12,A,F,422473456.828,6
IND,S12,A,F21,1301283.192,6
IND,S12,A,F22,47251930.832,6
IND,S12,A,F29,0,6
IND,S12,A,F3,149565703.415,6
IND,S12,A,F4,170370853.84,6
IND,S12,A,F5,25838460.994,6
IND,S12,A,F51,17876243.675,6
IND,S12,A,F52,7962217.319,6
IND,S12,A,F6,3850.921,6
IND,S12,L,F,360510705.748,6
IND,S12,L,F21,24209740,6
IND,S12,L,F22,173470786.97,6
IND,S12,L,F29,0,6
IND,S12,L,F3,19292523.551,6
IND,S12,L,F4,40302652.75,6
IND,S12,L,F5,27178855.07,6
IND,S12,L,F51,5284018.811,6
IND,S12,L,F52,21894836.259,6
IND,S12,L,F6,65736942.932,6
IND,S121,A,F,49475916,6
IND,S121,A,F21,8560,6
IND,S121,A,F22,13539042.608,6
IND,S121,A,F29,0,6
IND,S121,A,F3,30397507.392,6
IND,S121,A,F4,3093870,6
IND,S121,A,F5,19636,6
IND,S121,A,F51,19636,6
IND,S121,A,F52,0,6
IND,S121,A,F6,0,6
IND,S121,L,F,36622900,6
IND,S121,L,F21,24209740,6
IND,S121,L,F22,11075890,6
IND,S121,L,F29,0,6
IND,S121,L,F3,0,6
IND,S121,L,F4,0,6
IND,S121,L,F5,50,6
IND,S121,L,F51,50,6
IND,S121,L,F52,0,6
IND,S121,L,F6,551800,6
IND,S122,A,F,218629332.584,6
IND,S122,A,F21,1107149.541,6
IND,S122,A,F22,19760185.09,6
IND,S122,A,F29,0,6
IND,S122,A,F3,51234466.787,6
IND,S122,A,F4,129239239.517,6
IND,S122,A,F5,1678227.052,6
IND,S122,A,F51,1193112.465,6
IND,S122,A,F52,485114.587,6
IND,S122,A,F6,3850.921,6
IND,S122,L,F,200820993.426,6
IND,S122,L,F21,0,6
IND,S122,L,F22,158513041.083,6
IND,S122,L,F29,0,6
IND,S122,L,F3,4872024.435,6
IND,S122,L,F4,26482753.494,6
IND,S122,L,F5,2822405.544,6
IND,S122,L,F51,2822405.544,6
IND,S122,L,F52,0,6
IND,S122,L,F6,1208.402,6
IND,S13,A,F,47622443.815,6
IND,S13,A,F21,2.244,6
IND,S13,A,F22,15719346.873,6
IND,S13,A,F29,0,6
IND,S13,A,F3,7377913.066,6
IND,S13,A,F4,9175918.099,6
IND,S13,A,F5,11515155.15,6
IND,S13,A,F51,11515155.15,6
IND,S13,A,F52,0,6
IND,S13,A,F6,0,6
IND,S13,L,F,156105724.401,6
IND,S13,L,F21,0,6
IND,S13,L,F22,25055251.786,6
IND,S13,L,F29,0,6
IND,S13,L,F3,115408417.306,6
IND,S13,L,F4,7222754.446,6
IND,S13,L,F5,0,6
IND,S13,L,F51,0,6
IND,S13,L,F52,0,6
IND,S13,L,F6,7754195.5,6
IND,S1M,A,F,244637433.669,6
IND,S1M,A,F21,22594810.642,6
IND,S1M,A,F22,117818505.469,6
IND,S1M,A,F29,0,6
IND,S1M,A,F3,14199801.809,6
IND,S1M,A,F4,0,6
IND,S1M,A,F5,17738714.916,6
IND,S1M,A,F51,5767785.616,6
IND,S1M,A,F52,11970929.3,6
IND,S1M,A,F6,70989147.524,6
IND,S1M,L,F,72949363.018,6
IND,S1M,L,F21,0,6
IND,S1M,L,F22,0,6
IND,S1M,L,F29,0,6
IND,S1M,L,F3,0,6
IND,S1M,L,F4,72373379.33,6
IND,S1M,L,F5,0,6
IND,S1M,L,F51,0,6
IND,S1M,L,F52,0,6
IND,S1M,L,F6,0,6
IRL,S1,A,F,8624360,6
IRL,S1,A,F21,16802,6
IRL,S1,A,F22,313004,6
IRL,S1,A,F29,592281,6
IRL,S1,A,F3,2186040,6
IRL,S1,A,F4,1294152,6
IRL,S1,A,F5,3119567,6
IRL,S1,A,F51,2554866,6
IRL,S1,A,F52,564701,6
IRL,S1,A,F6,284548,6
IRL,S1,L,F,9310801,6
IRL,S1,L,F21,21526,6
IRL,S1,L,F22,163342,6
IRL,S1,L,F29,399799,6
IRL,S1,L,F3,746504,6
IRL,S1,L,F4,1571989,6
IRL,S1,L,F5,5055589,6
IRL,S1,L,F51,2037169,6
IRL,S1,L,F52,3018420,6
IRL,S1,L,F6,449615,6
IRL,S11,A,F,1913231,6
IRL,S11,A,F21,3078,6
IRL,S11,A,F22,57839,6
IRL,S11,A,F29,41630,6
IRL,S11,A,F3,1938,6
IRL,S11,A,F4,288022,6
IRL,S11,A,F5,1098492,6
IRL,S11,A,F51,1076432,6
IRL,S11,A,F52,22060,6
IRL,S11,A,F6,2429,6
IRL,S11,L,F,2806662,6
IRL,S11,L,F22,0,6
IRL,S11,L,F29,0,6
IRL,S11,L,F3,31501,6
IRL,S11,L,F4,697972,6
IRL,S11,L,F5,1571511,6
IRL,S11,L,F51,1571511,6
IRL,S11,L,F6,0,6
IRL,S12,A,F,6175927,6
IRL,S12,A,F21,1411,6
IRL,S12,A,F22,179455,6
IRL,S12,A,F29,463030,6
IRL,S12,A,F3,2176848,6
IRL,S12,A,F4,997296,6
IRL,S12,A,F5,1913964,6
IRL,S12,A,F51,1378862,6
IRL,S12,A,F52,535103,6
IRL,S12,A,F6,80624,6
IRL,S12,L,F,6102732,6
IRL,S12,L,F21,21526,6
IRL,S12,L,F22,163342,6
IRL,S12,L,F29,377579,6
IRL,S12,L,F3,554322,6
IRL,S12,L,F4,693161,6
IRL,S12,L,F5,3482108,6
IRL,S12,L,F51,463688,6
IRL,S12,L,F52,3018420,6
IRL,S12,L,F6,449613,6
IRL,S121,A,F,115714,6
IRL,S121,A,F21,0,6
IRL,S121,A,F22,1805,6
IRL,S121,A,F29,43965,6
IRL,S121,A,F3,68623,6
IRL,S121,A,F4,0,6
IRL,S121,A,F5,235,6
IRL,S121,A,F51,235,6
IRL,S121,A,F52,0,6
IRL,S121,A,F6,0,6
IRL,S121,L,F,110308,6
IRL,S121,L,F21,21526,6
IRL,S121,L,F22,0,6
IRL,S121,L,F29,74698,6
IRL,S121,L,F3,0,6
IRL,S121,L,F4,0,6
IRL,S121,L,F5,14084,6
IRL,S121,L,F51,14084,6
IRL,S121,L,F52,0,6
IRL,S121,L,F6,0,6
IRL,S13,A,F,102880,6
IRL,S13,A,F21,0,6
IRL,S13,A,F22,0,6
IRL,S13,A,F29,24360,6
IRL,S13,A,F3,7101,6
IRL,S13,A,F4,8834,6
IRL,S13,A,F5,37401,6
IRL,S13,A,F51,32793,6
IRL,S13,A,F52,4607,6
IRL,S13,A,F6,1,6
IRL,S13,L,F,263019,6
IRL,S13,L,F21,0,6
IRL,S13,L,F22,0,6
IRL,S13,L,F29,22220,6
IRL,S13,L,F3,160681,6
IRL,S13,L,F4,53613,6
IRL,S13,L,F5,1970,6
IRL,S13,L,F51,1970,6
IRL,S13,L,F52,0,6
IRL,S13,L,F6,2,6
IRL,S1M,A,F,432322,6
IRL,S1M,A,F21,12313,6
IRL,S1M,A,F22,75710,6
IRL,S1M,A,F29,63261,6
IRL,S1M,A,F3,153,6
IRL,S1M,A,F4,0,6
IRL,S1M,A,F5,69710,6
IRL,S1M,A,F51,66779,6
IRL,S1M,A,F52,2931,6
IRL,S1M,A,F6,201494,6
IRL,S1M,L,F,138388,6
IRL,S1M,L,F3,0,6
IRL,S1M,L,F4,127243,6
IRL,S1M,L,F5,0,6
IRL,S1M,L,F51,0,6
IRL,S1M,L,F6,0,6
ISL,S1,A,F,29128839.51,6
ISL,S1,A,F3,3796259,6
ISL,S1,A,F4,6488482.92,6
ISL,S1,A,F5,8298804.4,6
ISL,S1,A,F6,5939923.58,6
ISL,S1,L,F,28520159.18,6
ISL,S1,L,F3,3728400.71,6
ISL,S1,L,F4,7404725.51,6
ISL,S1,L,F5,7079486.01,6
ISL,S1,L,F6,6060378.92,6
ISL,S11,A,F,4278100.73,6
ISL,S11,A,F3,99979.66,6
ISL,S11,A,F4,1596988.72,6
ISL,S11,A,F5,894990.85,6
ISL,S11,A,F6,15694.77,6
ISL,S11,L,F,8398199.17,6
ISL,S11,L,F3,646291.53,6
ISL,S11,L,F4,3548231.77,6
ISL,S11,L,F5,3071736.55,6
ISL,S11,L,F6,0,6
ISL,S12,A,F,14706997.2,6
ISL,S12,A,F3,3462745.54,6
ISL,S12,A,F4,4072261.11,6
ISL,S12,A,F5,5801458.1,6
ISL,S12,A,F6,23484.58,6
ISL,S12,L,F,14740652.33,6
ISL,S12,L,F3,1516353.18,6
ISL,S12,L,F4,1071722.99,6
ISL,S12,L,F5,4007749.46,6
ISL,S12,L,F6,5218733.6,6
ISL,S121,A,F,833667.8,6
ISL,S121,A,F3,576279.36,6
ISL,S121,A,F4,0,6
ISL,S121,A,F5,2190.45,6
ISL,S121,A,F6,0,6
ISL,S121,L,F,840240.13,6
ISL,S121,L,F3,32692,6
ISL,S121,L,F4,19209.48,6
ISL,S121,L,F5,81982,6
ISL,S121,L,F6,0,6
ISL,S122,A,F,3829985.84,6
ISL,S122,A,F3,268387,6
ISL,S122,A,F4,2986247.42,6
ISL,S122,A,F5,139851.52,6
ISL,S122,A,F6,0,6
ISL,S122,L,F,3983786.94,6
ISL,S122,L,F3,1093644.34,6
ISL,S122,L,F4,24268.83,6
ISL,S122,L,F5,627589.52,6
ISL,S122,L,F6,153522.63,6
ISL,S13,A,F,2324346.25,6
ISL,S13,A,F3,129791.56,6
ISL,S13,A,F4,759019.05,6
ISL,S13,A,F5,842070.23,6
ISL,S13,A,F6,0,6
ISL,S13,L,F,3061465.89,6
ISL,S13,L,F21,0,6
ISL,S13,L,F22,0,6
ISL,S13,L,F29,0,6
ISL,S13,L,F3,1564170.98,6
ISL,S13,L,F4,522462.84,6
ISL,S13,L,F5,0,6
ISL,S13,L,F51,0,6
ISL,S13,L,F52,0,6
ISL,S13,L,F6,821725.84,6
ISL,S1M,A,F,7819395.33,6
ISL,S1M,A,F3,103742.24,6
ISL,S1M,A,F4,60214.04,6
ISL,S1M,A,F5,760285.22,6
ISL,S1M,A,F6,5900744.23,6
ISL,S1M,L,F,2319841.79,6
ISL,S1M,L,F3,1585.02,6
ISL,S1M,L,F4,2262307.91,6
ISL,S1M,L,F5,0,6
ISL,S1M,L,F51,0,6
ISL,S1M,L,F6,19919.48,6
ISR,S1,A,F,10727059.402,6
ISR,S1,A,F21,90759.265,6
ISR,S1,A,F22,727457.312,6
ISR,S1,A,F29,1042556.047,6
ISR,S1,A,F3,2222623.969,6
ISR,S1,A,F4,1451200.874,6
ISR,S1,A,F5,2389484.343,6
ISR,S1,A,F51,1758540.659,6
ISR,S1,A,F52,630943.684,6
ISR,S1,A,F6,1830929.712,6
ISR,S1,L,F,10054131.384,6
ISR,S1,L,F21,87177.57,6
ISR,S1,L,F22,633214.275,6
ISR,S1,L,F29,1001010.102,6
ISR,S1,L,F3,1800755.801,6
ISR,S1,L,F4,1400796.284,6
ISR,S1,L,F5,2376356.046,6
ISR,S1,L,F51,2010368.112,6
ISR,S1,L,F52,365987.934,6
ISR,S1,L,F6,1808062.127,6
ISR,S11,A,F,1901098.698,6
ISR,S11,A,F21,40618,6
ISR,S11,A,F22,205019,6
ISR,S11,A,F29,158996.26,6
ISR,S11,A,F3,37951.29,6
ISR,S11,A,F4,195427.83,6
ISR,S11,A,F5,697695.517,6
ISR,S11,A,F51,687924.53,6
ISR,S11,A,F52,9770.986,6
ISR,S11,A,F6,25229.513,6
ISR,S11,L,F,2973591.865,6
ISR,S11,L,F21,0,6
ISR,S11,L,F22,0,6
ISR,S11,L,F29,0,6
ISR,S11,L,F3,184579.1,6
ISR,S11,L,F4,598276.757,6
ISR,S11,L,F5,1595679.372,6
ISR,S11,L,F51,1595679.372,6
ISR,S11,L,F52,0,6
ISR,S12,A,F,4939689.657,6
ISR,S12,A,F21,13343.875,6
ISR,S12,A,F22,212544.981,6
ISR,S12,A,F29,528413.867,6
ISR,S12,A,F3,1683405.158,6
ISR,S12,A,F4,1236270.434,6
ISR,S12,A,F5,1107059.839,6
ISR,S12,A,F51,760532.551,6
ISR,S12,A,F52,346527.288,6
ISR,S12,A,F6,24236.962,6
ISR,S12,L,F,4971145.082,6
ISR,S12,L,F21,87177.57,6
ISR,S12,L,F22,633214.275,6
ISR,S12,L,F29,982622.972,6
ISR,S12,L,F3,386925.62,6
ISR,S12,L,F4,139279.507,6
ISR,S12,L,F5,780676.674,6
ISR,S12,L,F51,414688.74,6
ISR,S12,L,F52,365987.934,6
ISR,S12,L,F6,1808062.127,6
ISR,S121,A,F,506971.831,6
ISR,S121,A,F21,1610,6
ISR,S121,A,F22,96596,6
ISR,S121,A,F29,14679.831,6
ISR,S121,A,F3,320574,6
ISR,S121,A,F4,210,6
ISR,S121,A,F5,67394,6
ISR,S121,A,F51,67394,6
ISR,S121,A,F52,0,6
ISR,S121,A,F6,0,6
ISR,S121,L,F,471728.57,6
ISR,S121,L,F21,87177.57,6
ISR,S121,L,F22,63855,6
ISR,S121,L,F29,194027,6
ISR,S121,L,F3,119918,6
ISR,S121,L,F4,0,6
ISR,S121,L,F5,0,6
ISR,S121,L,F51,0,6
ISR,S121,L,F52,0,6
ISR,S121,L,F6,0,6
ISR,S122,A,F,1604508.436,6
ISR,S122,A,F21,10211,6
ISR,S122,A,F22,45687,6
ISR,S122,A,F29,262735.325,6
ISR,S122,A,F3,181587.35,6
ISR,S122,A,F4,1014919.494,6
ISR,S122,A,F5,44460.52,6
ISR,S122,A,F51,44460.52,6
ISR,S122,A,F52,0,6
ISR,S122,A,F6,1369.377,6
ISR,S122,L,F,1614776.919,6
ISR,S122,L,F21,0,6
ISR,S122,L,F22,569359.275,6
ISR,S122,L,F29,788595.972,6
ISR,S122,L,F3,45701.02,6
ISR,S122,L,F4,937.071,6
ISR,S122,L,F5,145377.061,6
ISR,S122,L,F51,145377.061,6
ISR,S122,L,F52,0,6
ISR,S122,L,F6,0,6
ISR,S13,A,F,629131.131,6
ISR,S13,A,F21,697.117,6
ISR,S13,A,F22,39144.691,6
ISR,S13,A,F29,17190.48,6
ISR,S13,A,F3,329573.421,6
ISR,S13,A,F4,11326,6
ISR,S13,A,F5,111940.067,6
ISR,S13,A,F51,109834.067,6
ISR,S13,A,F52,2106,6
ISR,S13,A,F6,4163.113,6
ISR,S13,L,F,1384922.53,6
ISR,S13,L,F21,0,6
ISR,S13,L,F22,0,6
ISR,S13,L,F29,18387.13,6
ISR,S13,L,F3,1229251.081,6
ISR,S13,L,F4,20491.341,6
ISR,S13,L,F5,0,6
ISR,S13,L,F51,0,6
ISR,S13,L,F52,0,6
ISR,S13,L,F6,0,6
ISR,S1M,A,F,3257139.917,6
ISR,S1M,A,F21,36100.273,6
ISR,S1M,A,F22,270748.64,6
ISR,S1M,A,F29,337955.44,6
ISR,S1M,A,F3,171694.1,6
ISR,S1M,A,F4,8176.61,6
ISR,S1M,A,F5,472788.921,6
ISR,S1M,A,F51,200249.511,6
ISR,S1M,A,F52,272539.41,6
ISR,S1M,A,F6,1777300.124,6
ISR,S1M,L,F,724471.907,6
ISR,S1M,L,F21,0,6
ISR,S1M,L,F22,0,6
ISR,S1M,L,F29,0,6
ISR,S1M,L,F3,0,6
ISR,S1M,L,F4,642748.678,6
ISR,S1M,L,F5,0,6
ISR,S1M,L,F51,0,6
ISR,S1M,L,F52,0,6
ISR,S1M,L,F6,0,6
ITA,S1,A,F,14221787,6
ITA,S1,A,F21,207513,6
ITA,S1,A,F22,1812289,6
ITA,S1,A,F29,1305746,6
ITA,S1,A,F3,2517326,6
ITA,S1,A,F4,2340744,6
ITA,S1,A,F5,3712657,6
ITA,S1,A,F51,2595488,6
ITA,S1,A,F52,1117169,6
ITA,S1,A,F6,1154417,6
ITA,S1,L,F,14276410,6
ITA,S1,L,F21,206371,6
ITA,S1,L,F22,2116668,6
ITA,S1,L,F29,1508334,6
ITA,S1,L,F3,2968149,6
ITA,S1,L,F4,2395904,6
ITA,S1,L,F5,2876705,6
ITA,S1,L,F51,2537344,6
ITA,S1,L,F52,339361,6
ITA,S1,L,F6,1115572,6
ITA,S11,A,F,1923110,6
ITA,S11,A,F21,28849,6
ITA,S11,A,F22,331675,6
ITA,S11,A,F29,25464,6
ITA,S11,A,F3,54718,6
ITA,S11,A,F4,87918,6
ITA,S11,A,F5,763468,6
ITA,S11,A,F51,736664,6
ITA,S11,A,F52,26804,6
ITA,S11,A,F6,15615,6
ITA,S11,L,F,3940491,6
ITA,S11,L,F22,48419,6
ITA,S11,L,F29,0,6
ITA,S11,L,F3,146139,6
ITA,S11,L,F4,1060285,6
ITA,S11,L,F5,2011921,6
ITA,S11,L,F51,2011921,6
ITA,S11,L,F6,89697,6
ITA,S12,A,F,7018138,6
ITA,S12,A,F21,12774,6
ITA,S12,A,F22,581441,6
ITA,S12,A,F29,815414,6
ITA,S12,A,F3,2140771,6
ITA,S12,A,F4,2106391,6
ITA,S12,A,F5,1028762,6
ITA,S12,A,F51,633004,6
ITA,S12,A,F52,395758,6
ITA,S12,A,F6,41640,6
ITA,S12,L,F,6522378,6
ITA,S12,L,F21,206371,6
ITA,S12,L,F22,1905447,6
ITA,S12,L,F29,1436501,6
ITA,S12,L,F3,562604,6
ITA,S12,L,F4,371093,6
ITA,S12,L,F5,864457,6
ITA,S12,L,F51,525096,6
ITA,S12,L,F52,339361,6
ITA,S12,L,F6,983221,6
ITA,S121,A,F,990983,6
ITA,S121,A,F21,120,6
ITA,S121,A,F22,2846,6
ITA,S121,A,F29,285865,6
ITA,S121,A,F3,573547,6
ITA,S121,A,F4,862,6
ITA,S121,A,F5,13933,6
ITA,S121,A,F51,11990,6
ITA,S121,A,F52,1943,6
ITA,S121,A,F6,0,6
ITA,S121,L,F,810375,6
ITA,S121,L,F21,206371,6
ITA,S121,L,F22,579512,6
ITA,S121,L,F29,1424,6
ITA,S121,L,F3,0,6
ITA,S121,L,F4,0,6
ITA,S121,L,F5,7500,6
ITA,S121,L,F51,7500,6
ITA,S121,L,F52,0,6
ITA,S121,L,F6,7426,6
ITA,S122,A,F,3570148,6
ITA,S122,A,F21,12634,6
ITA,S122,A,F22,455680,6
ITA,S122,A,F29,271673,6
ITA,S122,A,F3,718299,6
ITA,S122,A,F4,1754942,6
ITA,S122,A,F5,180632,6
ITA,S122,A,F51,159621,6
ITA,S122,A,F52,21011,6
ITA,S122,A,F6,8944,6
ITA,S122,L,F,3473087,6
ITA,S122,L,F21,0,6
ITA,S122,L,F22,1325935,6
ITA,S122,L,F29,1435077,6
ITA,S122,L,F3,312385,6
ITA,S122,L,F4,40188,6
ITA,S122,L,F5,183222,6
ITA,S122,L,F51,183222,6
ITA,S122,L,F52,0,6
ITA,S122,L,F6,4164,6
ITA,S13,A,F,565147,6
ITA,S13,A,F21,0,6
ITA,S13,A,F22,57332,6
ITA,S13,A,F29,24440,6
ITA,S13,A,F3,38589,6
ITA,S13,A,F4,136826,6
ITA,S13,A,F5,182413,6
ITA,S13,A,F51,149302,6
ITA,S13,A,F52,33111,6
ITA,S13,A,F6,1119,6
ITA,S13,L,F,2847236,6
ITA,S13,L,F21,0,6
ITA,S13,L,F22,162802,6
ITA,S13,L,F29,71834,6
ITA,S13,L,F3,2259406,6
ITA,S13,L,F4,223271,6
ITA,S13,L,F5,328,6
ITA,S13,L,F51,328,6
ITA,S13,L,F52,0,6
ITA,S13,L,F6,5300,6
ITA,S1M,A,F,4715392,6
ITA,S1M,A,F21,165890,6
ITA,S1M,A,F22,841842,6
ITA,S1M,A,F29,440428,6
ITA,S1M,A,F3,283249,6
ITA,S1M,A,F4,9609,6
ITA,S1M,A,F5,1738014,6
ITA,S1M,A,F51,1076517,6
ITA,S1M,A,F52,661496,6
ITA,S1M,A,F6,1096043,6
ITA,S1M,L,F,966305,6
ITA,S1M,L,F3,0,6
ITA,S1M,L,F4,741256,6
ITA,S1M,L,F5,0,6
ITA,S1M,L,F51,0,6
ITA,S1M,L,F6,37354,6
JPN,S1,A,F,7909827000,6
JPN,S1,A,F21,114550900,6
JPN,S1,A,F22,1175534700,6
JPN,S1,A,F29,795211700,6
JPN,S1,A,F3,1719955800,6
JPN,S1,A,F4,1621763900,6
JPN,S1,A,F5,1383655900,6
JPN,S1,A,F51,1066509200,6
JPN,S1,A,F52,317146700,6
JPN,S1,A,F6,566012900,6
JPN,S1,L,F,7545816300,6
JPN,S1,L,F21,114550900,6
JPN,S1,L,F22,1177988000,6
JPN,S1,L,F29,779109000,6
JPN,S1,L,F3,1486753100,6
JPN,S1,L,F4,1652856600,6
JPN,S1,L,F5,1211208900,6
JPN,S1,L,F51,996681300,6
JPN,S1,L,F52,214527600,6
JPN,S1,L,F6,566613700,6
JPN,S11,A,F,1150851100,6
JPN,S11,A,F21,8252700,6
JPN,S11,A,F22,194467600,6
JPN,S11,A,F29,90769900,6
JPN,S11,A,F3,45197400,6
JPN,S11,A,F4,64916800,6
JPN,S11,A,F5,467733000,6
JPN,S11,A,F51,457968200,6
JPN,S11,A,F52,9764800,6
JPN,S11,A,F6,3355300,6
JPN,S11,L,F,1713045700,6
JPN,S11,L,F3,83948400,6
JPN,S11,L,F4,497044700,6
JPN,S11,L,F5,833140000,6
JPN,S11,L,F51,818619600,6
JPN,S11,L,F52,14520400,6
JPN,S11,L,F6,28338600,6
JPN,S12,A,F,4254888500,6
JPN,S12,A,F21,10543300,6
JPN,S12,A,F22,441651200,6
JPN,S12,A,F29,194321000,6
JPN,S12,A,F3,1392813000,6
JPN,S12,A,F4,1532869200,6
JPN,S12,A,F5,473186500,6
JPN,S12,A,F51,234837900,6
JPN,S12,A,F52,238348600,6
JPN,S12,A,F6,27949300,6
JPN,S12,L,F,4125458500,6
JPN,S12,L,F21,114550900,6
JPN,S12,L,F22,1177988000,6
JPN,S12,L,F29,779109000,6
JPN,S12,L,F3,295846800,6
JPN,S12,L,F4,651890200,6
JPN,S12,L,F5,346982600,6
JPN,S12,L,F51,146975400,6
JPN,S12,L,F52,200007200,6
JPN,S12,L,F6,538275100,6
JPN,S121,A,F,627437800,6
JPN,S121,A,F29,1746300,6
JPN,S121,A,F3,507507800,6
JPN,S121,A,F4,76146800,6
JPN,S121,A,F5,32254800,6
JPN,S121,A,F51,1544700,6
JPN,S121,A,F52,30710100,6
JPN,S121,L,F,598420900,6
JPN,S121,L,F21,114550900,6
JPN,S121,L,F22,395256000,6
JPN,S121,L,F29,12633900,6
JPN,S121,L,F4,24116300,6
JPN,S121,L,F5,100,6
JPN,S121,L,F51,100,6
JPN,S122,A,F,2019744000,6
JPN,S122,A,F21,10465200,6
JPN,S122,A,F22,383483300,6
JPN,S122,A,F29,156156500,6
JPN,S122,A,F3,393391400,6
JPN,S122,A,F4,854637000,6
JPN,S122,A,F5,136501700,6
JPN,S122,A,F51,44205700,6
JPN,S122,A,F52,92296000,6
JPN,S122,A,F6,38400,6
JPN,S122,L,F,1993878200,6
JPN,S122,L,F22,782732000,6
JPN,S122,L,F29,735779700,6
JPN,S122,L,F3,38079100,6
JPN,S122,L,F4,318346200,6
JPN,S122,L,F5,35840200,6
JPN,S122,L,F51,35840200,6
JPN,S122,L,F6,-1371500,6
JPN,S13,A,F,627861400,6
JPN,S13,A,F21,800,6
JPN,S13,A,F22,33434900,6
JPN,S13,A,F29,75725200,6
JPN,S13,A,F3,237604000,6
JPN,S13,A,F4,21170700,6
JPN,S13,A,F5,218862300,6
JPN,S13,A,F51,217492500,6
JPN,S13,A,F52,1369800,6
JPN,S13,L,F,1328499100,6
JPN,S13,L,F3,1106957900,6
JPN,S13,L,F4,154836600,6
JPN,S13,L,F5,17885800,6
JPN,S13,L,F51,17885800,6
JPN,S1M,A,F,1876226000,6
JPN,S1M,A,F21,95754100,6
JPN,S1M,A,F22,505981000,6
JPN,S1M,A,F29,434395600,6
JPN,S1M,A,F3,44341400,6
JPN,S1M,A,F4,2807200,6
JPN,S1M,A,F5,223874100,6
JPN,S1M,A,F51,156210600,6
JPN,S1M,A,F52,67663500,6
JPN,S1M,A,F6,534708300,6
JPN,S1M,L,F,378813000,6
JPN,S1M,L,F4,349085100,6
JPN,S1M,L,F5,13200500,6
JPN,S1M,L,F51,13200500,6
KOR,S1,A,F,17213085600,6
KOR,S1,A,F21,125545600,6
KOR,S1,A,F22,481720500,6
KOR,S1,A,F29,3051633900,6
KOR,S1,A,F3,2590930700,6
KOR,S1,A,F4,3311630600,6
KOR,S1,A,F5,3221129800,6
KOR,S1,A,F51,2571628700,6
KOR,S1,A,F52,649501000,6
KOR,S1,A,F6,1364148200,6
KOR,S1,L,F,16633090500,6
KOR,S1,L,F21,125545600,6
KOR,S1,L,F22,492035000,6
KOR,S1,L,F29,3073635800,6
KOR,S1,L,F3,2610028900,6
KOR,S1,L,F4,3251660900,6
KOR,S1,L,F5,3398050600,6
KOR,S1,L,F51,2743890500,6
KOR,S1,L,F52,654160000,6
KOR,S1,L,F6,1364148200,6
KOR,S11,A,F,2800604900,6
KOR,S11,A,F21,27043300,6
KOR,S11,A,F22,119874700,6
KOR,S11,A,F29,514248100,6
KOR,S11,A,F3,89298100,6
KOR,S11,A,F4,0,6
KOR,S11,A,F5,734629100,6
KOR,S11,A,F51,672426300,6
KOR,S11,A,F52,62202900,6
KOR,S11,A,F6,23520000,6
KOR,S11,L,F,5235902700,6
KOR,S11,L,F21,0,6
KOR,S11,L,F22,0,6
KOR,S11,L,F29,0,6
KOR,S11,L,F3,539151400,6
KOR,S11,L,F4,1314661500,6
KOR,S11,L,F5,2253406600,6
KOR,S11,L,F51,2253406600,6
KOR,S11,L,F52,0,6
KOR,S11,L,F6,0,6
KOR,S12,A,F,8637788700,6
KOR,S12,A,F21,11376600,6
KOR,S12,A,F22,114328700,6
KOR,S12,A,F29,853129900,6
KOR,S12,A,F3,2018696000,6
KOR,S12,A,F4,3311630600,6
KOR,S12,A,F5,1001917100,6
KOR,S12,A,F51,678494700,6
KOR,S12,A,F52,323422300,6
KOR,S12,A,F6,32786800,6
KOR,S12,L,F,8458594000,6
KOR,S12,L,F21,125545600,6
KOR,S12,L,F22,492035000,6
KOR,S12,L,F29,3001351000,6
KOR,S12,L,F3,1248035100,6
KOR,S12,L,F4,167642000,6
KOR,S12,L,F5,1098901800,6
KOR,S12,L,F51,444741800,6
KOR,S12,L,F52,654160000,6
KOR,S12,L,F6,1364148200,6
KOR,S121,A,F,446777400,6
KOR,S121,A,F21,0,6
KOR,S121,A,F22,0,6
KOR,S121,A,F29,0,6
KOR,S121,A,F3,17335400,6
KOR,S121,A,F4,15881500,6
KOR,S121,A,F5,1810000,6
KOR,S121,A,F51,1810000,6
KOR,S121,A,F52,0,6
KOR,S121,A,F6,0,6
KOR,S121,L,F,442482100,6
KOR,S121,L,F21,125545600,6
KOR,S121,L,F22,137025700,6
KOR,S121,L,F29,8000000,6
KOR,S121,L,F3,164818300,6
KOR,S121,L,F4,0,6
KOR,S121,L,F5,0,6
KOR,S121,L,F51,0,6
KOR,S121,L,F52,0,6
KOR,S121,L,F6,0,6
KOR,S122,A,F,4270628300,6
KOR,S122,A,F21,11324800,6
KOR,S122,A,F22,82476200,6
KOR,S122,A,F29,443178000,6
KOR,S122,A,F3,569168800,6
KOR,S122,A,F4,2462887700,6
KOR,S122,A,F5,144488700,6
KOR,S122,A,F51,102355500,6
KOR,S122,A,F52,42133100,6
KOR,S122,A,F6,924000,6
KOR,S122,L,F,4239832500,6
KOR,S122,L,F21,0,6
KOR,S122,L,F22,355009300,6
KOR,S122,L,F29,2510944100,6
KOR,S122,L,F3,456042600,6
KOR,S122,L,F4,104888700,6
KOR,S122,L,F5,206188800,6
KOR,S122,L,F51,206188800,6
KOR,S122,L,F52,0,6
KOR,S122,L,F6,0,6
KOR,S13,A,F,1793276500,6
KOR,S13,A,F21,2100,6
KOR,S13,A,F22,111627000,6
KOR,S13,A,F29,124393000,6
KOR,S13,A,F3,341322800,6
KOR,S13,A,F4,0,6
KOR,S13,A,F5,762358700,6
KOR,S13,A,F51,611395300,6
KOR,S13,A,F52,150963400,6
KOR,S13,A,F6,3100,6
KOR,S13,L,F,1059555600,6
KOR,S13,L,F21,0,6
KOR,S13,L,F22,0,6
KOR,S13,L,F29,72284900,6
KOR,S13,L,F3,822842400,6
KOR,S13,L,F4,3129000,6
KOR,S13,L,F5,45742200,6
KOR,S13,L,F51,45742200,6
KOR,S13,L,F52,0,6
KOR,S13,L,F6,0,6
KOR,S1M,A,F,3981415500,6
KOR,S1M,A,F21,87123600,6
KOR,S1M,A,F22,135890100,6
KOR,S1M,A,F29,1559862800,6
KOR,S1M,A,F3,141613800,6
KOR,S1M,A,F4,0,6
KOR,S1M,A,F5,722225000,6
KOR,S1M,A,F51,609312600,6
KOR,S1M,A,F52,112912400,6
KOR,S1M,A,F6,1307838300,6
KOR,S1M,L,F,1879038200,6
KOR,S1M,L,F21,0,6
KOR,S1M,L,F22,0,6
KOR,S1M,L,F29,0,6
KOR,S1M,L,F3,0,6
KOR,S1M,L,F4,1766228400,6
KOR,S1M,L,F5,0,6
KOR,S1M,L,F51,0,6
KOR,S1M,L,F52,0,6
KOR,S1M,L,F6,0,6
LTU,S1,A,F,181836.91,6
LTU,S1,A,F21,4600.16,6
LTU,S1,A,F22,33845.84,6
LTU,S1,A,F29,7806.79,6
LTU,S1,A,F3,16586.34,6
LTU,S1,A,F4,32713.16,6
LTU,S1,A,F5,50398.03,6
LTU,S1,A,F51,43800.81,6
LTU,S1,A,F52,6597.23,6
LTU,S1,A,F6,5606.85,6
LTU,S1,L,F,193405.65,6
LTU,S1,L,F21,7053.9,6
LTU,S1,L,F22,31550.07,6
LTU,S1,L,F29,7983.25,6
LTU,S1,L,F3,18582.41,6
LTU,S1,L,F4,37113.04,6
LTU,S1,L,F5,57124.76,6
LTU,S1,L,F51,56019.05,6
LTU,S1,L,F52,1105.72,6
LTU,S1,L,F6,5553.69,6
LTU,S11,A,F,50738.11,6
LTU,S11,A,F21,2084.85,6
LTU,S11,A,F22,6792.14,6
LTU,S11,A,F29,468.59,6
LTU,S11,A,F3,85.81,6
LTU,S11,A,F4,7231.75,6
LTU,S11,A,F5,15269.59,6
LTU,S11,A,F51,14840.75,6
LTU,S11,A,F52,428.84,6
LTU,S11,A,F6,260.9,6
LTU,S11,L,F,87717.36,6
LTU,S11,L,F22,0,6
LTU,S11,L,F29,0,6
LTU,S11,L,F3,1257.66,6
LTU,S11,L,F4,19787.05,6
LTU,S11,L,F5,47535.96,6
LTU,S11,L,F51,47535.96,6
LTU,S11,L,F6,0,6
LTU,S12,A,F,68203.26,6
LTU,S12,A,F21,522.29,6
LTU,S12,A,F22,11677.2,6
LTU,S12,A,F29,2733.94,6
LTU,S12,A,F3,15816.91,6
LTU,S12,A,F4,24617.87,6
LTU,S12,A,F5,11102.28,6
LTU,S12,A,F51,5631.07,6
LTU,S12,A,F52,5471.22,6
LTU,S12,A,F6,76.43,6
LTU,S12,L,F,67147.31,6
LTU,S12,L,F21,7053.9,6
LTU,S12,L,F22,31550.07,6
LTU,S12,L,F29,7795.62,6
LTU,S12,L,F3,86.4,6
LTU,S12,L,F4,3564.34,6
LTU,S12,L,F5,9572.82,6
LTU,S12,L,F51,8467.11,6
LTU,S12,L,F52,1105.72,6
LTU,S12,L,F6,5529.25,6
LTU,S121,A,F,19638.11,6
LTU,S121,A,F21,0,6
LTU,S121,A,F22,3101.79,6
LTU,S121,A,F29,2563.44,6
LTU,S121,A,F3,12213.24,6
LTU,S121,A,F4,8.33,6
LTU,S121,A,F5,1270.05,6
LTU,S121,A,F51,209.83,6
LTU,S121,A,F52,1060.22,6
LTU,S121,A,F6,0,6
LTU,S121,L,F,19720.69,6
LTU,S121,L,F21,7053.9,6
LTU,S121,L,F22,10886.94,6
LTU,S121,L,F29,236.93,6
LTU,S121,L,F3,0,6
LTU,S121,L,F4,0,6
LTU,S121,L,F5,1176.85,6
LTU,S121,L,F51,1176.85,6
LTU,S121,L,F52,0,6
LTU,S121,L,F6,0,6
LTU,S122,A,F,32131.35,6
LTU,S122,A,F21,521.26,6
LTU,S122,A,F22,7847.58,6
LTU,S122,A,F29,87.46,6
LTU,S122,A,F3,1502.46,6
LTU,S122,A,F4,21319.83,6
LTU,S122,A,F5,556.88,6
LTU,S122,A,F51,553.86,6
LTU,S122,A,F52,3.02,6
LTU,S122,A,F6,7.1,6
LTU,S122,L,F,32143.78,6
LTU,S122,L,F21,0,6
LTU,S122,L,F22,20663.13,6
LTU,S122,L,F29,7558.69,6
LTU,S122,L,F3,22.44,6
LTU,S122,L,F4,0,6
LTU,S122,L,F5,3188.82,6
LTU,S122,L,F51,3188.82,6
LTU,S122,L,F52,0,6
LTU,S122,L,F6,0,6
LTU,S13,A,F,15691,6
LTU,S13,A,F21,0,6
LTU,S13,A,F22,3988.97,6
LTU,S13,A,F29,364.95,6
LTU,S13,A,F3,259.69,6
LTU,S13,A,F4,860.68,6
LTU,S13,A,F5,6684.54,6
LTU,S13,A,F51,6682.52,6
LTU,S13,A,F52,2.02,6
LTU,S13,A,F6,1.51,6
LTU,S13,L,F,22164.61,6
LTU,S13,L,F21,0,6
LTU,S13,L,F22,0,6
LTU,S13,L,F29,187.63,6
LTU,S13,L,F3,17238.35,6
LTU,S13,L,F4,2520.33,6
LTU,S13,L,F5,15.98,6
LTU,S13,L,F51,15.98,6
LTU,S13,L,F52,0,6
LTU,S13,L,F6,24.44,6
LTU,S1M,A,F,47204.53,6
LTU,S1M,A,F21,1993.01,6
LTU,S1M,A,F22,11387.53,6
LTU,S1M,A,F29,4239.32,6
LTU,S1M,A,F3,423.93,6
LTU,S1M,A,F4,2.85,6
LTU,S1M,A,F5,17341.62,6
LTU,S1M,A,F51,16646.47,6
LTU,S1M,A,F52,695.15,6
LTU,S1M,A,F6,5268.01,6
LTU,S1M,L,F,16376.38,6
LTU,S1M,L,F3,0,6
LTU,S1M,L,F4,11241.32,6
LTU,S1M,L,F5,0,6
LTU,S1M,L,F51,0,6
LTU,S1M,L,F6,0,6
LUX,S1,A,F,16764971.2,6
LUX,S1,A,F21,4991.72,6
LUX,S1,A,F22,966755.35,6
LUX,S1,A,F29,287922.51,6
LUX,S1,A,F3,2809681.32,6
LUX,S1,A,F4,2768943.39,6
LUX,S1,A,F5,9409909.51,6
LUX,S1,A,F51,8554518.48,6
LUX,S1,A,F52,855391.03,6
LUX,S1,A,F6,45523.47,6
LUX,S1,L,F,16737709.44,6
LUX,S1,L,F21,4187.98,6
LUX,S1,L,F22,692149.7,6
LUX,S1,L,F29,171534.97,6
LUX,S1,L,F3,1540254.12,6
LUX,S1,L,F4,2716889.94,6
LUX,S1,L,F5,10929008.17,6
LUX,S1,L,F51,5925968.13,6
LUX,S1,L,F52,5003040.04,6
LUX,S1,L,F6,209868.52,6
LUX,S11,A,F,367259.8,6
LUX,S11,A,F21,1809.5,6
LUX,S11,A,F22,27854.09,6
LUX,S11,A,F29,4403.62,6
LUX,S11,A,F3,377.55,6
LUX,S11,A,F4,147924.12,6
LUX,S11,A,F5,159502.51,6
LUX,S11,A,F51,156785.92,6
LUX,S11,A,F52,2716.59,6
LUX,S11,A,F6,465.03,6
LUX,S11,L,F,421269.14,6
LUX,S11,L,F22,0,6
LUX,S11,L,F29,0,6
LUX,S11,L,F3,28331.87,6
LUX,S11,L,F4,200308.95,6
LUX,S11,L,F5,153699.14,6
LUX,S11,L,F51,153699.14,6
LUX,S11,L,F6,388.58,6
LUX,S12,A,F,16237972.79,6
LUX,S12,A,F21,1149.35,6
LUX,S12,A,F22,897497.28,6
LUX,S12,A,F29,267803.46,6
LUX,S12,A,F3,2795055.98,6
LUX,S12,A,F4,2618497.7,6
LUX,S12,A,F5,9190056.91,6
LUX,S12,A,F51,8350856.35,6
LUX,S12,A,F52,839200.56,6
LUX,S12,A,F6,28865.81,6
LUX,S12,L,F,16253679.05,6
LUX,S12,L,F21,4187.98,6
LUX,S12,L,F22,692149.7,6
LUX,S12,L,F29,171219.18,6
LUX,S12,L,F3,1501493.57,6
LUX,S12,L,F4,2470085.6,6
LUX,S12,L,F5,10775309.03,6
LUX,S12,L,F51,5772268.99,6
LUX,S12,L,F52,5003040.04,6
LUX,S12,L,F6,209479.94,6
LUX,S121,A,F,208422.01,6
LUX,S121,A,F21,0,6
LUX,S121,A,F22,198506.43,6
LUX,S121,A,F29,471.57,6
LUX,S121,A,F3,8288.18,6
LUX,S121,A,F4,0,6
LUX,S121,A,F5,229.52,6
LUX,S121,A,F51,139.81,6
LUX,S121,A,F52,89.71,6
LUX,S121,A,F6,0,6
LUX,S121,L,F,208529.89,6
LUX,S121,L,F21,4187.98,6
LUX,S121,L,F22,200259.95,6
LUX,S121,L,F29,1531.03,6
LUX,S121,L,F3,0,6
LUX,S121,L,F4,0,6
LUX,S121,L,F5,1297.25,6
LUX,S121,L,F51,1297.25,6
LUX,S121,L,F52,0,6
LUX,S121,L,F6,433.98,6
LUX,S122,A,F,817166.79,6
LUX,S122,A,F21,1149.35,6
LUX,S122,A,F22,347808.5,6
LUX,S122,A,F29,78249.71,6
LUX,S122,A,F3,121406.04,6
LUX,S122,A,F4,244505.82,6
LUX,S122,A,F5,9173.55,6
LUX,S122,A,F51,8232.72,6
LUX,S122,A,F52,940.83,6
LUX,S122,A,F6,139.51,6
LUX,S122,L,F,818515.78,6
LUX,S122,L,F21,0,6
LUX,S122,L,F22,491889.75,6
LUX,S122,L,F29,169688.15,6
LUX,S122,L,F3,71669.53,6
LUX,S122,L,F4,32.73,6
LUX,S122,L,F5,57459.91,6
LUX,S122,L,F51,57459.91,6
LUX,S122,L,F52,0,6
LUX,S122,L,F6,546.97,6
LUX,S13,A,F,54855.66,6
LUX,S13,A,F21,1.35,6
LUX,S13,A,F22,3104.34,6
LUX,S13,A,F29,8316.65,6
LUX,S13,A,F3,10227.2,6
LUX,S13,A,F4,1571.51,6
LUX,S13,A,F5,24360.36,6
LUX,S13,A,F51,23238.43,6
LUX,S13,A,F52,1121.93,6
LUX,S13,A,F6,0,6
LUX,S13,L,F,20278.7,6
LUX,S13,L,F21,0,6
LUX,S13,L,F22,0,6
LUX,S13,L,F29,315.79,6
LUX,S13,L,F3,10428.68,6
LUX,S13,L,F4,4034.87,6
LUX,S13,L,F5,0,6
LUX,S13,L,F51,0,6
LUX,S13,L,F52,0,6
LUX,S13,L,F6,0,6
LUX,S1M,A,F,104882.95,6
LUX,S1M,A,F21,2031.52,6
LUX,S1M,A,F22,38299.64,6
LUX,S1M,A,F29,7398.78,6
LUX,S1M,A,F3,4020.59,6
LUX,S1M,A,F4,950.06,6
LUX,S1M,A,F5,35989.73,6
LUX,S1M,A,F51,23637.78,6
LUX,S1M,A,F52,12351.95,6
LUX,S1M,A,F6,16192.63,6
LUX,S1M,L,F,42482.55,6
LUX,S1M,L,F3,0,6
LUX,S1M,L,F4,42460.52,6
LUX,S1M,L,F5,0,6
LUX,S1M,L,F51,0,6
LUX,S1M,L,F6,0,6
LVA,S1,A,F,127898,6
LVA,S1,A,F21,2623,6
LVA,S1,A,F22,27744,6
LVA,S1,A,F29,3240,6
LVA,S1,A,F3,17699,6
LVA,S1,A,F4,25122,6
LVA,S1,A,F5,30097,6
LVA,S1,A,F51,26492,6
LVA,S1,A,F52,3604,6
LVA,S1,A,F6,5980,6
LVA,S1,L,F,140146,6
LVA,S1,L,F21,4746,6
LVA,S1,L,F22,26444,6
LVA,S1,L,F29,6765,6
LVA,S1,L,F3,11538,6
LVA,S1,L,F4,32497,6
LVA,S1,L,F5,37189,6
LVA,S1,L,F51,36762,6
LVA,S1,L,F52,427,6
LVA,S1,L,F6,5933,6
LVA,S11,A,F,25586,6
LVA,S11,A,F21,61,6
LVA,S11,A,F22,4820,6
LVA,S11,A,F29,220,6
LVA,S11,A,F3,83,6
LVA,S11,A,F4,5352,6
LVA,S11,A,F5,5648,6
LVA,S11,A,F51,5627,6
LVA,S11,A,F52,21,6
LVA,S11,A,F6,158,6
LVA,S11,L,F,55096,6
LVA,S11,L,F22,0,6
LVA,S11,L,F29,0,6
LVA,S11,L,F3,392,6
LVA,S11,L,F4,17372,6
LVA,S11,L,F5,27822,6
LVA,S11,L,F51,27822,6
LVA,S11,L,F6,0,6
LVA,S12,A,F,57922,6
LVA,S12,A,F21,270,6
LVA,S12,A,F22,13822,6
LVA,S12,A,F29,195,6
LVA,S12,A,F3,17308,6
LVA,S12,A,F4,17120,6
LVA,S12,A,F5,7601,6
LVA,S12,A,F51,4382,6
LVA,S12,A,F52,3219,6
LVA,S12,A,F6,72,6
LVA,S12,L,F,58720,6
LVA,S12,L,F21,4746,6
LVA,S12,L,F22,25246,6
LVA,S12,L,F29,6293,6
LVA,S12,L,F3,593,6
LVA,S12,L,F4,5668,6
LVA,S12,L,F5,8100,6
LVA,S12,L,F51,7673,6
LVA,S12,L,F52,427,6
LVA,S12,L,F6,5902,6
LVA,S121,A,F,18708,6
LVA,S121,A,F21,0,6
LVA,S121,A,F22,5203,6
LVA,S121,A,F29,12,6
LVA,S121,A,F3,12566,6
LVA,S121,A,F4,0,6
LVA,S121,A,F5,436,6
LVA,S121,A,F51,436,6
LVA,S121,A,F52,0,6
LVA,S121,A,F6,0,6
LVA,S121,L,F,18541,6
LVA,S121,L,F21,4746,6
LVA,S121,L,F22,11163,6
LVA,S121,L,F29,1947,6
LVA,S121,L,F3,0,6
LVA,S121,L,F4,0,6
LVA,S121,L,F5,634,6
LVA,S121,L,F51,634,6
LVA,S121,L,F6,0,6
LVA,S122,A,F,22418,6
LVA,S122,A,F21,235,6
LVA,S122,A,F22,6052,6
LVA,S122,A,F29,94,6
LVA,S122,A,F3,2104,6
LVA,S122,A,F4,13079,6
LVA,S122,A,F5,548,6
LVA,S122,A,F51,524,6
LVA,S122,A,F52,23,6
LVA,S122,A,F6,9,6
LVA,S122,L,F,22269,6
LVA,S122,L,F21,0,6
LVA,S122,L,F22,14082,6
LVA,S122,L,F29,4345,6
LVA,S122,L,F3,132,6
LVA,S122,L,F4,0,6
LVA,S122,L,F5,2775,6
LVA,S122,L,F51,2775,6
LVA,S122,L,F52,0,6
LVA,S122,L,F6,0,6
LVA,S13,A,F,15899,6
LVA,S13,A,F21,1,6
LVA,S13,A,F22,2603,6
LVA,S13,A,F29,1169,6
LVA,S13,A,F3,64,6
LVA,S13,A,F4,1969,6
LVA,S13,A,F5,6925,6
LVA,S13,A,F51,6867,6
LVA,S13,A,F52,57,6
LVA,S13,A,F6,9,6
LVA,S13,L,F,19379,6
LVA,S13,L,F21,0,6
LVA,S13,L,F22,1198,6
LVA,S13,L,F29,472,6
LVA,S13,L,F3,10552,6
LVA,S13,L,F4,3383,6
LVA,S13,L,F5,1267,6
LVA,S13,L,F51,1267,6
LVA,S13,L,F52,0,6
LVA,S13,L,F6,31,6
LVA,S1M,A,F,28490,6
LVA,S1M,A,F21,2292,6
LVA,S1M,A,F22,6500,6
LVA,S1M,A,F29,1656,6
LVA,S1M,A,F3,245,6
LVA,S1M,A,F4,680,6
LVA,S1M,A,F5,9923,6
LVA,S1M,A,F51,9616,6
LVA,S1M,A,F52,307,6
LVA,S1M,A,F6,5742,6
LVA,S1M,L,F,6951,6
LVA,S1M,L,F3,0,6
LVA,S1M,L,F4,6074,6
LVA,S1M,L,F5,0,6
LVA,S1M,L,F51,0,6
LVA,S1M,L,F6,0,6
MEX,S1,A,F,85880600.46,6
MEX,S1,A,F21,1761183.511,6
MEX,S1,A,F22,6419500.393,6
MEX,S1,A,F29,5863628.565,6
MEX,S1,A,F3,9439127.715,6
MEX,S1,A,F4,17658964.143,6
MEX,S1,A,F5,25470554.512,6
MEX,S1,A,F51,23034361.928,6
MEX,S1,A,F52,2436192.583,6
MEX,S1,A,F6,9853353.953,6
MEX,S1,L,F,98093662.745,6
MEX,S1,L,F21,1761183.511,6
MEX,S1,L,F22,6479159.237,6
MEX,S1,L,F29,2596891.014,6
MEX,S1,L,F3,16336019.875,6
MEX,S1,L,F4,16562245.591,6
MEX,S1,L,F5,33575714.994,6
MEX,S1,L,F51,31139522.411,6
MEX,S1,L,F52,2436192.583,6
MEX,S1,L,F6,9853353.953,6
MEX,S11,A,F,19520587.178,6
MEX,S11,A,F21,172205.574,6
MEX,S11,A,F22,1293503.597,6
MEX,S11,A,F29,595771.101,6
MEX,S11,A,F3,198619.411,6
MEX,S11,A,F4,3047383.072,6
MEX,S11,A,F5,9914520.832,6
MEX,S11,A,F51,9914520.832,6
MEX,S11,A,F52,0,6
MEX,S11,A,F6,66691.79,6
MEX,S11,L,F,41452233.466,6
MEX,S11,L,F21,0,6
MEX,S11,L,F22,0,6
MEX,S11,L,F29,0,6
MEX,S11,L,F3,4065920.399,6
MEX,S11,L,F4,6581516.1,6
MEX,S11,L,F5,24599283.95,6
MEX,S11,L,F51,24599283.95,6
MEX,S11,L,F52,0,6
MEX,S11,L,F6,2085576.703,6
MEX,S12,A,F,39852012.564,6
MEX,S12,A,F21,224343.44,6
MEX,S12,A,F22,1631126.296,6
MEX,S12,A,F29,3955843.74,6
MEX,S12,A,F3,9221365.305,6
MEX,S12,A,F4,13854162.76,6
MEX,S12,A,F5,6798533.459,6
MEX,S12,A,F51,4842324.254,6
MEX,S12,A,F52,1956209.205,6
MEX,S12,A,F6,90505.317,6
MEX,S12,L,F,39189010.585,6
MEX,S12,L,F21,1761183.511,6
MEX,S12,L,F22,6479159.237,6
MEX,S12,L,F29,2596891.014,6
MEX,S12,L,F3,1570934.574,6
MEX,S12,L,F4,4920745.557,6
MEX,S12,L,F5,8976431.044,6
MEX,S12,L,F51,6540238.461,6
MEX,S12,L,F52,2436192.583,6
MEX,S12,L,F6,7767777.25,6
MEX,S121,A,F,4152597.485,6
MEX,S121,A,F21,0,6
MEX,S121,A,F22,0,6
MEX,S121,A,F29,3266737.551,6
MEX,S121,A,F3,0,6
MEX,S121,A,F4,702194.553,6
MEX,S121,A,F5,32.936,6
MEX,S121,A,F51,32.936,6
MEX,S121,A,F52,0,6
MEX,S121,A,F6,15.856,6
MEX,S121,L,F,3890893.444,6
MEX,S121,L,F21,1761183.511,6
MEX,S121,L,F22,1950217.599,6
MEX,S121,L,F29,0,6
MEX,S121,L,F3,105110.885,6
MEX,S121,L,F4,0,6
MEX,S121,L,F5,0,6
MEX,S121,L,F51,0,6
MEX,S121,L,F52,0,6
MEX,S121,L,F6,0,6
MEX,S122,A,F,17514172.598,6
MEX,S122,A,F21,202015.94,6
MEX,S122,A,F22,1406459.672,6
MEX,S122,A,F29,127898.817,6
MEX,S122,A,F3,3108848.777,6
MEX,S122,A,F4,9804865.661,6
MEX,S122,A,F5,228244.15,6
MEX,S122,A,F51,187591.887,6
MEX,S122,A,F52,40652.263,6
MEX,S122,A,F6,2866.189,6
MEX,S122,L,F,19821977.128,6
MEX,S122,L,F21,0,6
MEX,S122,L,F22,4528941.637,6
MEX,S122,L,F29,2596891.014,6
MEX,S122,L,F3,899973.198,6
MEX,S122,L,F4,4165671.806,6
MEX,S122,L,F5,3862834.93,6
MEX,S122,L,F51,3862834.93,6
MEX,S122,L,F52,0,6
MEX,S122,L,F6,96137.853,6
MEX,S13,A,F,4274861.674,6
MEX,S13,A,F21,121571.08,6
MEX,S13,A,F22,1439874.866,6
MEX,S13,A,F29,74735.084,6
MEX,S13,A,F3,0,6
MEX,S13,A,F4,627006.414,6
MEX,S13,A,F5,914226.422,6
MEX,S13,A,F51,914226.422,6
MEX,S13,A,F52,0,6
MEX,S13,A,F6,26631.675,6
MEX,S13,L,F,13149139.999,6
MEX,S13,L,F21,0,6
MEX,S13,L,F22,0,6
MEX,S13,L,F29,0,6
MEX,S13,L,F3,10699164.903,6
MEX,S13,L,F4,1072161.706,6
MEX,S13,L,F5,0,6
MEX,S13,L,F51,0,6
MEX,S13,L,F52,0,6
MEX,S13,L,F6,0,6
MEX,S1M,A,F,22233139.044,6
MEX,S1M,A,F21,1243063.417,6
MEX,S1M,A,F22,2054995.635,6
MEX,S1M,A,F29,1237278.64,6
MEX,S1M,A,F3,19143,6
MEX,S1M,A,F4,130411.896,6
MEX,S1M,A,F5,7843273.798,6
MEX,S1M,A,F51,7363290.419,6
MEX,S1M,A,F52,479983.379,6
MEX,S1M,A,F6,9669525.171,6
MEX,S1M,L,F,4303278.696,6
MEX,S1M,L,F21,0,6
MEX,S1M,L,F22,0,6
MEX,S1M,L,F29,0,6
MEX,S1M,L,F3,0,6
MEX,S1M,L,F4,3987822.228,6
MEX,S1M,L,F5,0,6
MEX,S1M,L,F51,0,6
MEX,S1M,L,F52,0,6
MEX,S1M,L,F6,0,6
NLD,S1,A,F,18527717,6
NLD,S1,A,F21,14918,6
NLD,S1,A,F22,600945,6
NLD,S1,A,F29,1041871,6
NLD,S1,A,F3,1409590,6
NLD,S1,A,F4,4757508,6
NLD,S1,A,F5,7714417,6
NLD,S1,A,F51,6431372,6
NLD,S1,A,F52,1283045,6
NLD,S1,A,F6,1946854,6
NLD,S1,L,F,17962483,6
NLD,S1,L,F21,70029,6
NLD,S1,L,F22,782182,6
NLD,S1,L,F29,874807,6
NLD,S1,L,F3,1934566,6
NLD,S1,L,F4,4214357,6
NLD,S1,L,F5,7206662,6
NLD,S1,L,F51,6217655,6
NLD,S1,L,F52,989007,6
NLD,S1,L,F6,1940264,6
NLD,S11,A,F,3382103,6
NLD,S11,A,F21,3545,6
NLD,S11,A,F22,165219,6
NLD,S11,A,F29,94356,6
NLD,S11,A,F3,6134,6
NLD,S11,A,F4,1207003,6
NLD,S11,A,F5,1657335,6
NLD,S11,A,F51,1647257,6
NLD,S11,A,F52,10078,6
NLD,S11,A,F6,31070,6
NLD,S11,L,F,4590810,6
NLD,S11,L,F22,0,6
NLD,S11,L,F29,0,6
NLD,S11,L,F3,135783,6
NLD,S11,L,F4,1610681,6
NLD,S11,L,F5,2614983,6
NLD,S11,L,F51,2614983,6
NLD,S11,L,F6,0,6
NLD,S12,A,F,11759863,6
NLD,S12,A,F21,2091,6
NLD,S12,A,F22,299590,6
NLD,S12,A,F29,573573,6
NLD,S12,A,F3,1386450,6
NLD,S12,A,F4,3447519,6
NLD,S12,A,F5,5362159,6
NLD,S12,A,F51,4186658,6
NLD,S12,A,F52,1175501,6
NLD,S12,A,F6,11200,6
NLD,S12,L,F,11806633,6
NLD,S12,L,F21,70029,6
NLD,S12,L,F22,740040,6
NLD,S12,L,F29,873067,6
NLD,S12,L,F3,1425368,6
NLD,S12,L,F4,1572118,6
NLD,S12,L,F5,4590836,6
NLD,S12,L,F51,3601829,6
NLD,S12,L,F52,989007,6
NLD,S12,L,F6,1940264,6
NLD,S121,A,F,306934,6
NLD,S121,A,F21,0,6
NLD,S121,A,F22,0,6
NLD,S121,A,F29,138175,6
NLD,S121,A,F3,130955,6
NLD,S121,A,F4,696,6
NLD,S121,A,F5,3328,6
NLD,S121,A,F51,604,6
NLD,S121,A,F52,2724,6
NLD,S121,A,F6,0,6
NLD,S121,L,F,307083,6
NLD,S121,L,F21,70029,6
NLD,S121,L,F22,186930,6
NLD,S121,L,F29,173,6
NLD,S121,L,F3,0,6
NLD,S121,L,F4,0,6
NLD,S121,L,F5,42560,6
NLD,S121,L,F51,42560,6
NLD,S121,L,F52,0,6
NLD,S121,L,F6,0,6
NLD,S122,A,F,2354410,6
NLD,S122,A,F21,1576,6
NLD,S122,A,F22,190678,6
NLD,S122,A,F29,329281,6
NLD,S122,A,F3,247253,6
NLD,S122,A,F4,1315660,6
NLD,S122,A,F5,75902,6
NLD,S122,A,F51,73739,6
NLD,S122,A,F52,2163,6
NLD,S122,A,F6,61,6
NLD,S122,L,F,2397255,6
NLD,S122,L,F21,0,6
NLD,S122,L,F22,553110,6
NLD,S122,L,F29,872894,6
NLD,S122,L,F3,488114,6
NLD,S122,L,F4,144610,6
NLD,S122,L,F5,122091,6
NLD,S122,L,F51,122091,6
NLD,S122,L,F52,0,6
NLD,S122,L,F6,0,6
NLD,S13,A,F,372696,6
NLD,S13,A,F21,14,6
NLD,S13,A,F22,53118,6
NLD,S13,A,F29,4605,6
NLD,S13,A,F3,9854,6
NLD,S13,A,F4,92258,6
NLD,S13,A,F5,113300,6
NLD,S13,A,F51,112932,6
NLD,S13,A,F52,368,6
NLD,S13,A,F6,0,6
NLD,S13,L,F,621070,6
NLD,S13,L,F21,0,6
NLD,S13,L,F22,42142,6
NLD,S13,L,F29,1740,6
NLD,S13,L,F3,373407,6
NLD,S13,L,F4,121706,6
NLD,S13,L,F5,843,6
NLD,S13,L,F51,843,6
NLD,S13,L,F52,0,6
NLD,S13,L,F6,0,6
NLD,S1M,A,F,3013055,6
NLD,S1M,A,F21,9268,6
NLD,S1M,A,F22,83018,6
NLD,S1M,A,F29,369337,6
NLD,S1M,A,F3,7152,6
NLD,S1M,A,F4,10728,6
NLD,S1M,A,F5,581623,6
NLD,S1M,A,F51,484525,6
NLD,S1M,A,F52,97098,6
NLD,S1M,A,F6,1904584,6
NLD,S1M,L,F,943970,6
NLD,S1M,L,F3,8,6
NLD,S1M,L,F4,909852,6
NLD,S1M,L,F5,0,6
NLD,S1M,L,F51,0,6
NLD,S1M,L,F6,0,6
NOR,S1,A,F,41931031,6
NOR,S1,A,F21,41953,6
NOR,S1,A,F22,2990582,6
NOR,S1,A,F29,572584,6
NOR,S1,A,F3,5622709,6
NOR,S1,A,F4,9764227,6
NOR,S1,A,F5,18491054,6
NOR,S1,A,F51,16901801,6
NOR,S1,A,F52,1589253,6
NOR,S1,A,F6,1828747,6
NOR,S1,L,F,33240484,6
NOR,S1,L,F21,41613,6
NOR,S1,L,F22,2933560,6
NOR,S1,L,F29,1346216,6
NOR,S1,L,F3,3965498,6
NOR,S1,L,F4,10093740,6
NOR,S1,L,F5,10711214,6
NOR,S1,L,F51,9351197,6
NOR,S1,L,F52,1360017,6
NOR,S1,L,F6,1850178,6
NOR,S11,A,F,8963111,6
NOR,S11,A,F21,5243,6
NOR,S11,A,F22,705039,6
NOR,S11,A,F29,111655,6
NOR,S11,A,F3,103651,6
NOR,S11,A,F4,2098019,6
NOR,S11,A,F5,4561325,6
NOR,S11,A,F51,4456954,6
NOR,S11,A,F52,104371,6
NOR,S11,A,F6,53426,6
NOR,S11,L,F,13988810,6
NOR,S11,L,F3,727221,6
NOR,S11,L,F4,4411404,6
NOR,S11,L,F5,7392435,6
NOR,S11,L,F51,7392435,6
NOR,S12,A,F,13990293,6
NOR,S12,A,F21,4544,6
NOR,S12,A,F22,748444,6
NOR,S12,A,F29,245348,6
NOR,S12,A,F3,2555898,6
NOR,S12,A,F4,6570677,6
NOR,S12,A,F5,3297235,6
NOR,S12,A,F51,2108330,6
NOR,S12,A,F52,1188905,6
NOR,S12,A,F6,24415,6
NOR,S12,L,F,13533112,6
NOR,S12,L,F21,41613,6
NOR,S12,L,F22,2933560,6
NOR,S12,L,F29,1346216,6
NOR,S12,L,F3,2562953,6
NOR,S12,L,F4,1013703,6
NOR,S12,L,F5,3318779,6
NOR,S12,L,F51,1958762,6
NOR,S12,L,F52,1360017,6
NOR,S12,L,F6,1850178,6
NOR,S121,A,F,602705,6
NOR,S121,A,F22,17182,6
NOR,S121,A,F29,7619,6
NOR,S121,A,F3,406900,6
NOR,S121,A,F4,17485,6
NOR,S121,A,F5,127596,6
NOR,S121,A,F51,127596,6
NOR,S121,A,F6,0,6
NOR,S121,L,F,604640,6
NOR,S121,L,F21,41613,6
NOR,S121,L,F22,228512,6
NOR,S121,L,F29,18009,6
NOR,S121,L,F3,0,6
NOR,S121,L,F4,101,6
NOR,S121,L,F5,282864,6
NOR,S121,L,F51,282864,6
NOR,S13,A,F,13632043,6
NOR,S13,A,F21,869,6
NOR,S13,A,F22,333833,6
NOR,S13,A,F29,30611,6
NOR,S13,A,F3,2944283,6
NOR,S13,A,F4,979504,6
NOR,S13,A,F5,8848105,6
NOR,S13,A,F51,8831544,6
NOR,S13,A,F52,16561,6
NOR,S13,A,F6,23764,6
NOR,S13,L,F,1867371,6
NOR,S13,L,F3,675324,6
NOR,S13,L,F4,942287,6
NOR,S1M,A,F,5345584,6
NOR,S1M,A,F21,31297,6
NOR,S1M,A,F22,1203266,6
NOR,S1M,A,F29,184970,6
NOR,S1M,A,F3,18877,6
NOR,S1M,A,F4,116027,6
NOR,S1M,A,F5,1784389,6
NOR,S1M,A,F51,1504973,6
NOR,S1M,A,F52,279416,6
NOR,S1M,A,F6,1727142,6
NOR,S1M,L,F,3851191,6
NOR,S1M,L,F3,0,6
NOR,S1M,L,F4,3726346,6
NZL,S1,A,F,3100481,6
NZL,S1,A,F3,263987,6
NZL,S1,A,F4,712121,6
NZL,S1,A,F5,1462316,6
NZL,S1,L,F,3268232,6
NZL,S1,L,F3,380025,6
NZL,S1,L,F4,740025,6
NZL,S1,L,F5,1476238,6
NZL,S1,L,F6,121321,6
NZL,S11,A,F,500663,6
NZL,S11,A,F3,19680,6
NZL,S11,A,F4,114394,6
NZL,S11,A,F5,198649,6
NZL,S11,A,F6,3629,6
NZL,S11,L,F,1588772,6
NZL,S11,L,F3,54437,6
NZL,S11,L,F4,376641,6
NZL,S11,L,F5,1060394,6
NZL,S11,L,F6,0,6
NZL,S12,A,F,1251138,6
NZL,S12,A,F3,199788,6
NZL,S12,A,F4,571401,6
NZL,S12,L,F,1303065,6
NZL,S12,L,F5,415844,6
NZL,S12,L,F6,111257,6
NZL,S121,A,F,26017,6
NZL,S121,A,F3,11255,6
NZL,S121,A,F4,294,6
NZL,S121,A,F5,163,6
NZL,S121,A,F6,0,6
NZL,S121,L,F,26101,6
NZL,S121,L,F3,750,6
NZL,S121,L,F4,1597,6
NZL,S121,L,F5,2648,6
NZL,S121,L,F6,0,6
NZL,S122,A,F,553759,6
NZL,S122,A,F3,43772,6
NZL,S122,A,F4,465650,6
NZL,S122,L,F,579215,6
NZL,S122,L,F5,53887,6
NZL,S122,L,F6,0,6
NZL,S13,A,F,219989,6
NZL,S13,A,F3,40261,6
NZL,S13,A,F4,24537,6
NZL,S13,A,F5,101518,6
NZL,S13,L,F,149529,6
NZL,S13,L,F3,89685,6
NZL,S13,L,F4,20276,6
NZL,S13,L,F5,0,6
NZL,S13,L,F6,10064,6
NZL,S1M,A,F,1128692,6
NZL,S1M,A,F3,4260,6
NZL,S1M,A,F4,1788,6
NZL,S1M,A,F5,824460,6
NZL,S1M,A,F6,106836,6
NZL,S1M,L,F,226865,6
NZL,S1M,L,F3,16,6
NZL,S1M,L,F4,225853,6
NZL,S1M,L,F5,0,6
NZL,S1M,L,F6,0,6
POL,S1,A,F,8299745,6
POL,S1,A,F21,241301,6
POL,S1,A,F22,1088720,6
POL,S1,A,F29,675131,6
POL,S1,A,F3,1159417,6
POL,S1,A,F4,1688544,6
POL,S1,A,F5,1564548,6
POL,S1,A,F51,1324313,6
POL,S1,A,F52,240235,6
POL,S1,A,F6,337055,6
POL,S1,L,F,9428427,6
POL,S1,L,F21,238479,6
POL,S1,L,F22,1093209,6
POL,S1,L,F29,674542,6
POL,S1,L,F3,1154103,6
POL,S1,L,F4,2179807,6
POL,S1,L,F5,2306119,6
POL,S1,L,F51,2016019,6
POL,S1,L,F52,290100,6
POL,S1,L,F6,325725,6
POL,S11,A,F,1815312,6
POL,S11,A,F21,4821,6
POL,S11,A,F22,244829,6
POL,S11,A,F29,90347,6
POL,S11,A,F3,32279,6
POL,S11,A,F4,141224,6
POL,S11,A,F5,354686,6
POL,S11,A,F51,332959,6
POL,S11,A,F52,21727,6
POL,S11,A,F6,22804,6
POL,S11,L,F,3523856,6
POL,S11,L,F22,0,6
POL,S11,L,F29,0,6
POL,S11,L,F3,92202,6
POL,S11,L,F4,905080,6
POL,S11,L,F5,1601444,6
POL,S11,L,F51,1601444,6
POL,S11,L,F6,0,6
POL,S12,A,F,3441350,6
POL,S12,A,F21,19223,6
POL,S12,A,F22,119384,6
POL,S12,A,F29,196871,6
POL,S12,A,F3,1041253,6
POL,S12,A,F4,1458997,6
POL,S12,A,F5,385726,6
POL,S12,A,F51,301614,6
POL,S12,A,F52,84112,6
POL,S12,A,F6,16575,6
POL,S12,L,F,3481475,6
POL,S12,L,F21,238479,6
POL,S12,L,F22,1093209,6
POL,S12,L,F29,604303,6
POL,S12,L,F3,154596,6
POL,S12,L,F4,239286,6
POL,S12,L,F5,704599,6
POL,S12,L,F51,414499,6
POL,S12,L,F52,290100,6
POL,S12,L,F6,325458,6
POL,S121,A,F,488074,6
POL,S121,A,F21,179,6
POL,S121,A,F22,3686,6
POL,S121,A,F29,83976,6
POL,S121,A,F3,354961,6
POL,S121,A,F4,937,6
POL,S121,A,F5,272,6
POL,S121,A,F51,272,6
POL,S121,A,F52,0,6
POL,S121,A,F6,0,6
POL,S121,L,F,489085,6
POL,S121,L,F21,238479,6
POL,S121,L,F22,95494,6
POL,S121,L,F29,47552,6
POL,S121,L,F3,64986,6
POL,S121,L,F4,0,6
POL,S121,L,F5,34644,6
POL,S121,L,F51,34644,6
POL,S121,L,F52,0,6
POL,S121,L,F6,0,6
POL,S13,A,F,769958,6
POL,S13,A,F21,108,6
POL,S13,A,F22,101165,6
POL,S13,A,F29,73680,6
POL,S13,A,F3,71464,6
POL,S13,A,F4,56667,6
POL,S13,A,F5,264722,6
POL,S13,A,F51,264722,6
POL,S13,A,F52,0,6
POL,S13,A,F6,1901,6
POL,S13,L,F,1616807,6
POL,S13,L,F21,0,6
POL,S13,L,F22,0,6
POL,S13,L,F29,70239,6
POL,S13,L,F3,907305,6
POL,S13,L,F4,247689,6
POL,S13,L,F5,0,6
POL,S13,L,F51,0,6
POL,S13,L,F52,0,6
POL,S13,L,F6,267,6
POL,S1M,A,F,2273126,6
POL,S1M,A,F21,217149,6
POL,S1M,A,F22,623342,6
POL,S1M,A,F29,314234,6
POL,S1M,A,F3,14421,6
POL,S1M,A,F4,31655,6
POL,S1M,A,F5,559413,6
POL,S1M,A,F51,425018,6
POL,S1M,A,F52,134396,6
POL,S1M,A,F6,295775,6
POL,S1M,L,F,806288,6
POL,S1M,L,F3,0,6
POL,S1M,L,F4,787752,6
POL,S1M,L,F5,76,6
POL,S1M,L,F51,76,6
POL,S1M,L,F6,0,6
PRT,S1,A,F,1807505.78,6
PRT,S1,A,F21,10549.25,6
PRT,S1,A,F22,223028.32,6
PRT,S1,A,F29,178741.44,6
PRT,S1,A,F3,286579.11,6
PRT,S1,A,F4,365762.92,6
PRT,S1,A,F5,439642.54,6
PRT,S1,A,F51,383680.68,6
PRT,S1,A,F52,55961.86,6
PRT,S1,A,F6,79019.19,6
PRT,S1,L,F,2020931.04,6
PRT,S1,L,F21,28753.76,6
PRT,S1,L,F22,286247.15,6
PRT,S1,L,F29,176172.56,6
PRT,S1,L,F3,286657.91,6
PRT,S1,L,F4,463340.8,6
PRT,S1,L,F5,489272.86,6
PRT,S1,L,F51,461563.62,6
PRT,S1,L,F52,27709.24,6
PRT,S1,L,F6,78849.53,6
PRT,S11,A,F,380667.71,6
PRT,S11,A,F21,1619.97,6
PRT,S11,A,F22,38533.69,6
PRT,S11,A,F29,9926.92,6
PRT,S11,A,F3,1860.31,6
PRT,S11,A,F4,54417.31,6
PRT,S11,A,F5,115779.63,6
PRT,S11,A,F51,112672.89,6
PRT,S11,A,F52,3106.74,6
PRT,S11,A,F6,2869.14,6
PRT,S11,L,F,671441.77,6
PRT,S11,L,F22,0,6
PRT,S11,L,F29,0,6
PRT,S11,L,F3,27910.93,6
PRT,S11,L,F4,180647.88,6
PRT,S11,L,F5,317370.39,6
PRT,S11,L,F51,317370.39,6
PRT,S11,L,F6,2897.03,6
PRT,S12,A,F,808028.34,6
PRT,S12,A,F21,2153.82,6
PRT,S12,A,F22,92636.85,6
PRT,S12,A,F29,38092.06,6
PRT,S12,A,F3,251909.79,6
PRT,S12,A,F4,260893.3,6
PRT,S12,A,F5,118827.2,6
PRT,S12,A,F51,92869.96,6
PRT,S12,A,F52,25957.24,6
PRT,S12,A,F6,2545.93,6
PRT,S12,L,F,804311.3,6
PRT,S12,L,F21,28753.76,6
PRT,S12,L,F22,276280.47,6
PRT,S12,L,F29,134798.43,6
PRT,S12,L,F3,63727.35,6
PRT,S12,L,F4,52873.8,6
PRT,S12,L,F5,146571.06,6
PRT,S12,L,F51,118870.56,6
PRT,S12,L,F52,27700.5,6
PRT,S12,L,F6,75652.75,6
PRT,S121,A,F,165937.03,6
PRT,S121,A,F21,35.9,6
PRT,S121,A,F22,50376.24,6
PRT,S121,A,F29,21455.06,6
PRT,S121,A,F3,75716.78,6
PRT,S121,A,F4,170.59,6
PRT,S121,A,F5,606.49,6
PRT,S121,A,F51,232.71,6
PRT,S121,A,F52,373.78,6
PRT,S121,A,F6,71.74,6
PRT,S121,L,F,156733.33,6
PRT,S121,L,F21,28753.76,6
PRT,S121,L,F22,110171.28,6
PRT,S121,L,F29,543.41,6
PRT,S121,L,F3,0,6
PRT,S121,L,F4,0,6
PRT,S121,L,F5,16112.56,6
PRT,S121,L,F51,16112.56,6
PRT,S121,L,F52,0,6
PRT,S121,L,F6,0,6
PRT,S122,A,F,407037.09,6
PRT,S122,A,F21,2013.33,6
PRT,S122,A,F22,32515.44,6
PRT,S122,A,F29,10946.73,6
PRT,S122,A,F3,119039.2,6
PRT,S122,A,F4,211714.76,6
PRT,S122,A,F5,18440.37,6
PRT,S122,A,F51,11552.65,6
PRT,S122,A,F52,6887.72,6
PRT,S122,A,F6,1039.45,6
PRT,S122,L,F,397855.8,6
PRT,S122,L,F21,0,6
PRT,S122,L,F22,166109.19,6
PRT,S122,L,F29,134255.02,6
PRT,S122,L,F3,46771.32,6
PRT,S122,L,F4,10029.31,6
PRT,S122,L,F5,28919.99,6
PRT,S122,L,F51,28919.99,6
PRT,S122,L,F6,537.81,6
PRT,S13,A,F,161283.1,6
PRT,S13,A,F21,14.43,6
PRT,S13,A,F22,21378.36,6
PRT,S13,A,F29,12959.36,6
PRT,S13,A,F3,21662.77,6
PRT,S13,A,F4,32368.51,6
PRT,S13,A,F5,60019.69,6
PRT,S13,A,F51,55058.63,6
PRT,S13,A,F52,4961.05,6
PRT,S13,A,F6,60.2,6
PRT,S13,L,F,373503.12,6
PRT,S13,L,F21,0,6
PRT,S13,L,F22,9966.68,6
PRT,S13,L,F29,41374.13,6
PRT,S13,L,F3,195019.63,6
PRT,S13,L,F4,94829.4,6
PRT,S13,L,F5,19103.65,6
PRT,S13,L,F51,19094.91,6
PRT,S13,L,F52,8.74,6
PRT,S13,L,F6,0,6
PRT,S1M,A,F,457526.62,6
PRT,S1M,A,F21,6761.03,6
PRT,S1M,A,F22,70479.43,6
PRT,S1M,A,F29,117763.1,6
PRT,S1M,A,F3,11146.25,6
PRT,S1M,A,F4,18083.8,6
PRT,S1M,A,F5,145016.02,6
PRT,S1M,A,F51,123079.19,6
PRT,S1M,A,F52,21936.82,6
PRT,S1M,A,F6,73543.92,6
PRT,S1M,L,F,171674.84,6
PRT,S1M,L,F3,0,6
PRT,S1M,L,F4,134989.71,6
PRT,S1M,L,F5,6227.76,6
PRT,S1M,L,F51,6227.76,6
PRT,S1M,L,F6,299.75,6
ROU,S1,A,F,2768883,6
ROU,S1,A,F21,93080,6
ROU,S1,A,F22,372952,6
ROU,S1,A,F29,196320,6
ROU,S1,A,F3,333770,6
ROU,S1,A,F4,398283,6
ROU,S1,A,F5,447459,6
ROU,S1,A,F51,404265,6
ROU,S1,A,F52,43194,6
ROU,S1,A,F6,86874,6
ROU,S1,L,F,3242248,6
ROU,S1,L,F21,86236,6
ROU,S1,L,F22,324925,6
ROU,S1,L,F29,204351,6
ROU,S1,L,F3,344896,6
ROU,S1,L,F4,599537,6
ROU,S1,L,F5,741210,6
ROU,S1,L,F51,694964,6
ROU,S1,L,F52,46245,6
ROU,S1,L,F6,84587,6
ROU,S11,A,F,804554,6
ROU,S11,A,F21,20613,6
ROU,S11,A,F22,104216,6
ROU,S11,A,F29,37009,6
ROU,S11,A,F3,2545,6
ROU,S11,A,F4,31751,6
ROU,S11,A,F5,83529,6
ROU,S11,A,F51,80444,6
ROU,S11,A,F52,3085,6
ROU,S11,A,F6,3323,6
ROU,S11,L,F,1599531,6
ROU,S11,L,F3,224,6
ROU,S11,L,F4,344491,6
ROU,S11,L,F5,548607,6
ROU,S11,L,F51,548607,6
ROU,S11,L,F6,0,6
ROU,S12,A,F,900552,6
ROU,S12,A,F21,18793,6
ROU,S12,A,F22,96914,6
ROU,S12,A,F29,33658,6
ROU,S12,A,F3,312631,6
ROU,S12,A,F4,323583,6
ROU,S12,A,F5,63071,6
ROU,S12,A,F51,47860,6
ROU,S12,A,F52,15212,6
ROU,S12,A,F6,5127,6
ROU,S12,L,F,884908,6
ROU,S12,L,F21,86236,6
ROU,S12,L,F22,285791,6
ROU,S12,L,F29,204351,6
ROU,S12,L,F3,3650,6
ROU,S12,L,F4,32254,6
ROU,S12,L,F5,173172,6
ROU,S12,L,F51,126927,6
ROU,S12,L,F52,46245,6
ROU,S12,L,F6,84138,6
ROU,S121,A,F,182286,6
ROU,S121,A,F21,7,6
ROU,S121,A,F22,30223,6
ROU,S121,A,F29,1704,6
ROU,S121,A,F3,122734,6
ROU,S121,A,F4,6,6
ROU,S121,A,F5,171,6
ROU,S121,A,F51,171,6
ROU,S121,A,F52,0,6
ROU,S121,A,F6,0,6
ROU,S121,L,F,183885,6
ROU,S121,L,F21,86236,6
ROU,S121,L,F22,63707,6
ROU,S121,L,F29,2458,6
ROU,S121,L,F3,0,6
ROU,S121,L,F4,0,6
ROU,S121,L,F5,25672,6
ROU,S121,L,F51,25672,6
ROU,S122,A,F,505351,6
ROU,S122,A,F21,17780,6
ROU,S122,A,F22,59707,6
ROU,S122,A,F29,21370,6
ROU,S122,A,F3,112198,6
ROU,S122,A,F4,281135,6
ROU,S122,A,F5,4459,6
ROU,S122,A,F51,3703,6
ROU,S122,A,F52,755,6
ROU,S122,A,F6,595,6
ROU,S122,L,F,492161,6
ROU,S122,L,F22,222084,6
ROU,S122,L,F29,201893,6
ROU,S122,L,F3,2001,6
ROU,S122,L,F4,8,6
ROU,S122,L,F5,63945,6
ROU,S122,L,F51,63945,6
ROU,S122,L,F6,3,6
ROU,S13,A,F,305821,6
ROU,S13,A,F21,270,6
ROU,S13,A,F22,61702,6
ROU,S13,A,F29,6656,6
ROU,S13,A,F3,7547,6
ROU,S13,A,F4,36737,6
ROU,S13,A,F5,120469,6
ROU,S13,A,F51,120445,6
ROU,S13,A,F52,24,6
ROU,S13,A,F6,96,6
ROU,S13,L,F,538710,6
ROU,S13,L,F22,39134,6
ROU,S13,L,F29,0,6
ROU,S13,L,F3,341023,6
ROU,S13,L,F4,59125,6
ROU,S13,L,F5,19431,6
ROU,S13,L,F51,19431,6
ROU,S13,L,F6,449,6
ROU,S1M,A,F,757955,6
ROU,S1M,A,F21,53405,6
ROU,S1M,A,F22,110120,6
ROU,S1M,A,F29,118997,6
ROU,S1M,A,F3,11046,6
ROU,S1M,A,F4,6212,6
ROU,S1M,A,F5,180391,6
ROU,S1M,A,F51,155517,6
ROU,S1M,A,F52,24873,6
ROU,S1M,A,F6,78327,6
ROU,S1M,L,F,219098,6
ROU,S1M,L,F4,163667,6
RUS,S1,A,F,589170019,6
RUS,S1,A,F3,41799151,6
RUS,S1,A,F4,119140158,6
RUS,S1,A,F5,170688128,6
RUS,S1,A,F6,6136932,6
RUS,S1,L,F,566519478,6
RUS,S1,L,F3,26326013,6
RUS,S1,L,F4,121678192,6
RUS,S1,L,F5,185645232,6
RUS,S1,L,F6,6103078,6
RUS,S11,A,F,256907213,6
RUS,S11,A,F3,2656785,6
RUS,S11,A,F4,34031727,6
RUS,S11,A,F5,98661177,6
RUS,S11,A,F6,267206,6
RUS,S11,L,F,336812031,6
RUS,S11,L,F3,6976364,6
RUS,S11,L,F4,77372863,6
RUS,S11,L,F5,149807318,6
RUS,S11,L,F6,0,6
RUS,S12,A,F,200392620,6
RUS,S12,A,F3,34880314,6
RUS,S12,A,F4,80351453,6
RUS,S12,A,F5,29791316,6
RUS,S12,A,F6,275438,6
RUS,S12,L,F,184039481,6
RUS,S12,L,F3,6683981,6
RUS,S12,L,F4,21428891,6
RUS,S12,L,F5,35837914,6
RUS,S12,L,F6,6103078,6
RUS,S13,A,F,44561317,6
RUS,S13,A,F3,2009504,6
RUS,S13,A,F4,3768982,6
RUS,S13,A,F5,11747223,6
RUS,S13,A,F6,15909,6
RUS,S13,L,F,23846384,6
RUS,S13,L,F3,12663858,6
RUS,S13,L,F4,1897951,6
RUS,S13,L,F5,0,6
RUS,S13,L,F6,0,6
RUS,S1M,A,F,87308869,6
RUS,S1M,A,F3,2252548,6
RUS,S1M,A,F4,987996,6
RUS,S1M,A,F5,30488412,6
RUS,S1M,A,F6,5578379,6
RUS,S1M,L,F,21821582,6
RUS,S1M,L,F3,1810,6
RUS,S1M,L,F4,20978487,6
RUS,S1M,L,F5,0,6
RUS,S1M,L,F6,0,6
SVK,S1,A,F,384632.482,6
SVK,S1,A,F21,12742.751,6
SVK,S1,A,F22,59619.406,6
SVK,S1,A,F29,35142.842,6
SVK,S1,A,F3,60638.382,6
SVK,S1,A,F4,100086.627,6
SVK,S1,A,F5,49535.55,6
SVK,S1,A,F51,34343.875,6
SVK,S1,A,F52,15191.675,6
SVK,S1,A,F6,17980.897,6
SVK,S1,L,F,446476.124,6
SVK,S1,L,F21,12752.591,6
SVK,S1,L,F22,75107.653,6
SVK,S1,L,F29,37652.775,6
SVK,S1,L,F3,63237.816,6
SVK,S1,L,F4,110511.408,6
SVK,S1,L,F5,82815.795,6
SVK,S1,L,F51,75385.12,6
SVK,S1,L,F52,7430.675,6
SVK,S1,L,F6,17749.846,6
SVK,S11,A,F,73829.013,6
SVK,S11,A,F21,2823.997,6
SVK,S11,A,F22,12679.363,6
SVK,S11,A,F29,1967.15,6
SVK,S11,A,F3,838.33,6
SVK,S11,A,F4,10554.111,6
SVK,S11,A,F5,8430.449,6
SVK,S11,A,F51,8322.776,6
SVK,S11,A,F52,107.673,6
SVK,S11,A,F6,685.593,6
SVK,S11,L,F,141666.599,6
SVK,S11,L,F22,0,6
SVK,S11,L,F29,0,6
SVK,S11,L,F3,5873.762,6
SVK,S11,L,F4,44657.644,6
SVK,S11,L,F5,57504.963,6
SVK,S11,L,F51,57504.963,6
SVK,S11,L,F6,0,6
SVK,S12,A,F,173471.61,6
SVK,S12,A,F21,985.017,6
SVK,S12,A,F22,10596.755,6
SVK,S12,A,F29,13991.314,6
SVK,S12,A,F3,56417.279,6
SVK,S12,A,F4,74016.886,6
SVK,S12,A,F5,12029.911,6
SVK,S12,A,F51,3370.475,6
SVK,S12,A,F52,8659.436,6
SVK,S12,A,F6,351.751,6
SVK,S12,L,F,174943.357,6
SVK,S12,L,F21,12752.591,6
SVK,S12,L,F22,64190.391,6
SVK,S12,L,F29,37543.829,6
SVK,S12,L,F3,12222.061,6
SVK,S12,L,F4,6951.508,6
SVK,S12,L,F5,19320.18,6
SVK,S12,L,F51,11889.505,6
SVK,S12,L,F52,7430.675,6
SVK,S12,L,F6,17719.571,6
SVK,S121,A,F,48702.493,6
SVK,S121,A,F21,2.356,6
SVK,S121,A,F22,4520.394,6
SVK,S121,A,F29,9838.403,6
SVK,S121,A,F3,31461.903,6
SVK,S121,A,F4,554.641,6
SVK,S121,A,F5,347.725,6
SVK,S121,A,F51,128.725,6
SVK,S121,A,F52,219,6
SVK,S121,A,F6,0,6
SVK,S121,L,F,51026.422,6
SVK,S121,L,F21,12752.591,6
SVK,S121,L,F22,24155.017,6
SVK,S121,L,F29,12550.966,6
SVK,S121,L,F3,0,6
SVK,S121,L,F4,67.35,6
SVK,S121,L,F5,16.041,6
SVK,S121,L,F51,16.041,6
SVK,S121,L,F6,0,6
SVK,S122,A,F,88513.583,6
SVK,S122,A,F21,982.584,6
SVK,S122,A,F22,4474.955,6
SVK,S122,A,F29,1863.187,6
SVK,S122,A,F3,12142.321,6
SVK,S122,A,F4,65394.426,6
SVK,S122,A,F5,1359.813,6
SVK,S122,A,F51,1073.894,6
SVK,S122,A,F52,285.919,6
SVK,S122,A,F6,13.445,6
SVK,S122,L,F,85090.38,6
SVK,S122,L,F21,0,6
SVK,S122,L,F22,40035.374,6
SVK,S122,L,F29,24992.863,6
SVK,S122,L,F3,7386.086,6
SVK,S122,L,F4,2121.938,6
SVK,S122,L,F5,9078.106,6
SVK,S122,L,F51,9078.106,6
SVK,S122,L,F52,0,6
SVK,S122,L,F6,5.446,6
SVK,S13,A,F,46591.937,6
SVK,S13,A,F21,8.014,6
SVK,S13,A,F22,14322.366,6
SVK,S13,A,F29,1132.657,6
SVK,S13,A,F3,37.04,6
SVK,S13,A,F4,15380.916,6
SVK,S13,A,F5,11862.662,6
SVK,S13,A,F51,11862.378,6
SVK,S13,A,F52,0.284,6
SVK,S13,A,F6,4.874,6
SVK,S13,L,F,87133.468,6
SVK,S13,L,F21,0,6
SVK,S13,L,F22,10917.262,6
SVK,S13,L,F29,108.946,6
SVK,S13,L,F3,45141.993,6
SVK,S13,L,F4,17845.035,6
SVK,S13,L,F5,5990.652,6
SVK,S13,L,F51,5990.652,6
SVK,S13,L,F6,30.275,6
SVK,S1M,A,F,90739.922,6
SVK,S1M,A,F21,8925.723,6
SVK,S1M,A,F22,22020.922,6
SVK,S1M,A,F29,18051.721,6
SVK,S1M,A,F3,3345.733,6
SVK,S1M,A,F4,134.714,6
SVK,S1M,A,F5,17212.528,6
SVK,S1M,A,F51,10788.246,6
SVK,S1M,A,F52,6424.282,6
SVK,S1M,A,F6,16938.679,6
SVK,S1M,L,F,42732.7,6
SVK,S1M,L,F3,0,6
SVK,S1M,L,F4,41057.221,6
SVK,S1M,L,F5,0,6
SVK,S1M,L,F51,0,6
SVK,S1M,L,F6,0,6
SVN,S1,A,F,222643,6
SVN,S1,A,F21,5283,6
SVN,S1,A,F22,34753,6
SVN,S1,A,F29,17352,6
SVN,S1,A,F3,30809,6
SVN,S1,A,F4,36837,6
SVN,S1,A,F5,62037,6
SVN,S1,A,F51,56303,6
SVN,S1,A,F52,5734,6
SVN,S1,A,F6,8705,6
SVN,S1,L,F,230641,6
SVN,S1,L,F21,5847,6
SVN,S1,L,F22,30165,6
SVN,S1,L,F29,16149,6
SVN,S1,L,F3,33837,6
SVN,S1,L,F4,41730,6
SVN,S1,L,F5,66173,6
SVN,S1,L,F51,63164,6
SVN,S1,L,F52,3008,6
SVN,S1,L,F6,8813,6
SVN,S11,A,F,49957,6
SVN,S11,A,F21,161,6
SVN,S11,A,F22,5384,6
SVN,S11,A,F29,2198,6
SVN,S11,A,F3,189,6
SVN,S11,A,F4,6112,6
SVN,S11,A,F5,17904,6
SVN,S11,A,F51,17699,6
SVN,S11,A,F52,206,6
SVN,S11,A,F6,453,6
SVN,S11,L,F,89147,6
SVN,S11,L,F22,0,6
SVN,S11,L,F29,0,6
SVN,S11,L,F3,732,6
SVN,S11,L,F4,21828,6
SVN,S11,L,F5,48036,6
SVN,S11,L,F51,48036,6
SVN,S11,L,F6,0,6
SVN,S12,A,F,81365,6
SVN,S12,A,F21,480,6
SVN,S12,A,F22,9599,6
SVN,S12,A,F29,3602,6
SVN,S12,A,F3,29877,6
SVN,S12,A,F4,26957,6
SVN,S12,A,F5,8908,6
SVN,S12,A,F51,6154,6
SVN,S12,A,F52,2755,6
SVN,S12,A,F6,258,6
SVN,S12,L,F,80213,6
SVN,S12,L,F21,5847,6
SVN,S12,L,F22,30165,6
SVN,S12,L,F29,15262,6
SVN,S12,L,F3,833,6
SVN,S12,L,F4,2777,6
SVN,S12,L,F5,15329,6
SVN,S12,L,F51,12321,6
SVN,S12,L,F52,3008,6
SVN,S12,L,F6,8813,6
SVN,S121,A,F,19616,6
SVN,S121,A,F21,2,6
SVN,S121,A,F22,3578,6
SVN,S121,A,F29,1394,6
SVN,S121,A,F3,14088,6
SVN,S121,A,F4,0,6
SVN,S121,A,F5,164,6
SVN,S121,A,F51,121,6
SVN,S121,A,F52,43,6
SVN,S121,A,F6,0,6
SVN,S121,L,F,19665,6
SVN,S121,L,F21,5847,6
SVN,S121,L,F22,7707,6
SVN,S121,L,F29,3007,6
SVN,S121,L,F3,0,6
SVN,S121,L,F4,0,6
SVN,S121,L,F5,2797,6
SVN,S121,L,F51,2797,6
SVN,S121,L,F52,0,6
SVN,S121,L,F6,0,6
SVN,S13,A,F,33474,6
SVN,S13,A,F21,0,6
SVN,S13,A,F22,3513,6
SVN,S13,A,F29,4909,6
SVN,S13,A,F3,509,6
SVN,S13,A,F4,2521,6
SVN,S13,A,F5,17522,6
SVN,S13,A,F51,17158,6
SVN,S13,A,F52,364,6
SVN,S13,A,F6,26,6
SVN,S13,L,F,46402,6
SVN,S13,L,F21,0,6
SVN,S13,L,F22,0,6
SVN,S13,L,F29,887,6
SVN,S13,L,F3,32272,6
SVN,S13,L,F4,4154,6
SVN,S13,L,F5,2808,6
SVN,S13,L,F51,2808,6
SVN,S13,L,F52,0,6
SVN,S13,L,F6,0,6
SVN,S1M,A,F,57847,6
SVN,S1M,A,F21,4641,6
SVN,S1M,A,F22,16258,6
SVN,S1M,A,F29,6644,6
SVN,S1M,A,F3,234,6
SVN,S1M,A,F4,1247,6
SVN,S1M,A,F5,17702,6
SVN,S1M,A,F51,15292,6
SVN,S1M,A,F52,2410,6
SVN,S1M,A,F6,7968,6
SVN,S1M,L,F,14879,6
SVN,S1M,L,F3,0,6
SVN,S1M,L,F4,12971,6
SVN,S1M,L,F5,0,6
SVN,S1M,L,F51,0,6
SVN,S1M,L,F6,0,6
SWE,S1,A,F,68611817,6
SWE,S1,A,F21,63488,6
SWE,S1,A,F22,7659427,6
SWE,S1,A,F29,207057,6
SWE,S1,A,F3,5319747,6
SWE,S1,A,F4,13567519,6
SWE,S1,A,F5,31756275,6
SWE,S1,A,F51,25437007,6
SWE,S1,A,F52,6319268,6
SWE,S1,A,F6,6150711,6
SWE,S1,L,F,67869475,6
SWE,S1,L,F21,63488,6
SWE,S1,L,F22,7699927,6
SWE,S1,L,F29,151690,6
SWE,S1,L,F3,8043597,6
SWE,S1,L,F4,13044616,6
SWE,S1,L,F5,28942438,6
SWE,S1,L,F51,24156031,6
SWE,S1,L,F52,4786407,6
SWE,S1,L,F6,6179935,6
SWE,S11,A,F,17226052,6
SWE,S11,A,F21,12590,6
SWE,S11,A,F22,1250139,6
SWE,S11,A,F29,40956,6
SWE,S11,A,F3,164551,6
SWE,S11,A,F4,4083382,6
SWE,S11,A,F5,9939472,6
SWE,S11,A,F51,9718275,6
SWE,S11,A,F52,221197,6
SWE,S11,A,F6,52963,6
SWE,S11,L,F,30182195,6
SWE,S11,L,F3,1410232,6
SWE,S11,L,F4,6690331,6
SWE,S11,L,F5,20248011,6
SWE,S11,L,F51,20248011,6
SWE,S11,L,F6,92764,6
SWE,S12,A,F,30253676,6
SWE,S12,A,F21,394,6
SWE,S12,A,F22,4282922,6
SWE,S12,A,F29,38002,6
SWE,S12,A,F3,4373659,6
SWE,S12,A,F4,8571369,6
SWE,S12,A,F5,11665450,6
SWE,S12,A,F51,7394061,6
SWE,S12,A,F52,4271389,6
SWE,S12,A,F6,27516,6
SWE,S12,L,F,29757720,6
SWE,S12,L,F21,63488,6
SWE,S12,L,F22,7699927,6
SWE,S12,L,F29,72040,6
SWE,S12,L,F3,5293553,6
SWE,S12,L,F4,1172878,6
SWE,S12,L,F5,8544674,6
SWE,S12,L,F51,3758267,6
SWE,S12,L,F52,4786407,6
SWE,S12,L,F6,5612837,6
SWE,S121,A,F,898877,6
SWE,S121,A,F21,0,6
SWE,S121,A,F22,52622,6
SWE,S121,A,F29,0,6
SWE,S121,A,F3,757716,6
SWE,S121,A,F4,145,6
SWE,S121,A,F5,532,6
SWE,S121,A,F51,532,6
SWE,S121,A,F52,0,6
SWE,S121,A,F6,0,6
SWE,S121,L,F,900496,6
SWE,S121,L,F21,63488,6
SWE,S121,L,F22,133944,6
SWE,S121,L,F29,0,6
SWE,S121,L,F3,314944,6
SWE,S121,L,F4,193313,6
SWE,S121,L,F5,164980,6
SWE,S121,L,F51,164980,6
SWE,S121,L,F52,0,6
SWE,S121,L,F6,69,6
SWE,S122,A,F,13790517,6
SWE,S122,A,F21,229,6
SWE,S122,A,F22,3765127,6
SWE,S122,A,F29,2851,6
SWE,S122,A,F3,1036308,6
SWE,S122,A,F4,7820578,6
SWE,S122,A,F5,313937,6
SWE,S122,A,F51,301569,6
SWE,S122,A,F52,12368,6
SWE,S122,A,F6,0,6
SWE,S122,L,F,14218457,6
SWE,S122,L,F21,0,6
SWE,S122,L,F22,7565983,6
SWE,S122,L,F29,72040,6
SWE,S122,L,F3,4663783,6
SWE,S122,L,F4,606,6
SWE,S122,L,F5,958533,6
SWE,S122,L,F51,958533,6
SWE,S122,L,F52,0,6
SWE,S122,L,F6,0,6
SWE,S13,A,F,4608851,6
SWE,S13,A,F21,308,6
SWE,S13,A,F22,65041,6
SWE,S13,A,F29,111470,6
SWE,S13,A,F3,676193,6
SWE,S13,A,F4,876931,6
SWE,S13,A,F5,2258866,6
SWE,S13,A,F51,2011969,6
SWE,S13,A,F52,246897,6
SWE,S13,A,F6,0,6
SWE,S13,L,F,3297424,6
SWE,S13,L,F21,0,6
SWE,S13,L,F22,0,6
SWE,S13,L,F29,79650,6
SWE,S13,L,F3,1339812,6
SWE,S13,L,F4,711753,6
SWE,S13,L,F5,149753,6
SWE,S13,L,F51,149753,6
SWE,S13,L,F52,0,6
SWE,S13,L,F6,474334,6
SWE,S1M,A,F,16523238,6
SWE,S1M,A,F21,50196,6
SWE,S1M,A,F22,2061325,6
SWE,S1M,A,F29,16629,6
SWE,S1M,A,F3,105344,6
SWE,S1M,A,F4,35837,6
SWE,S1M,A,F5,7892487,6
SWE,S1M,A,F51,6312702,6
SWE,S1M,A,F52,1579785,6
SWE,S1M,A,F6,6070232,6
SWE,S1M,L,F,4632136,6
SWE,S1M,L,F3,0,6
SWE,S1M,L,F4,4469654,6
SWE,S1M,L,F5,0,6
SWE,S1M,L,F51,0,6
SWE,S1M,L,F6,0,6
TUR,S1,A,F,15496645.193,6
TUR,S1,A,F21,205867.325,6
TUR,S1,A,F22,1316077.148,6
TUR,S1,A,F29,2290821.813,6
TUR,S1,A,F3,1323813.8,6
TUR,S1,A,F4,3252544.148,6
TUR,S1,A,F5,2562050.139,6
TUR,S1,A,F51,2479900.524,6
TUR,S1,A,F52,82149.615,6
TUR,S1,A,F6,203057.264,6
TUR,S1,L,F,17255231.983,6
TUR,S1,L,F21,156507.947,6
TUR,S1,L,F22,1123579.977,6
TUR,S1,L,F29,2158647.086,6
TUR,S1,L,F3,1717041.8,6
TUR,S1,L,F4,4367357.408,6
TUR,S1,L,F5,3378669.459,6
TUR,S1,L,F51,3296519.844,6
TUR,S1,L,F52,82149.615,6
TUR,S1,L,F6,203057.264,6
TUR,S11,A,F,6607970.218,6
TUR,S11,A,F21,75941.32,6
TUR,S11,A,F22,328481.302,6
TUR,S11,A,F29,477067.774,6
TUR,S11,A,F3,65895.203,6
TUR,S11,A,F4,43649.013,6
TUR,S11,A,F5,1948670.856,6
TUR,S11,A,F51,1942779.613,6
TUR,S11,A,F52,5891.244,6
TUR,S11,A,F6,26729.943,6
TUR,S11,L,F,8746153.197,6
TUR,S11,L,F3,83718.997,6
TUR,S11,L,F4,2716716.256,6
TUR,S11,L,F5,2237131.011,6
TUR,S11,L,F51,2237131.011,6
TUR,S12,A,F,5917076.887,6
TUR,S12,A,F21,65217.827,6
TUR,S12,A,F22,517437.602,6
TUR,S12,A,F29,661061.842,6
TUR,S12,A,F3,1080471.174,6
TUR,S12,A,F4,3067028.826,6
TUR,S12,A,F5,147766.282,6
TUR,S12,A,F51,141902.755,6
TUR,S12,A,F52,5863.527,6
TUR,S12,L,F,5948142.925,6
TUR,S12,L,F21,153362.376,6
TUR,S12,L,F22,1123579.977,6
TUR,S12,L,F29,2158647.086,6
TUR,S12,L,F3,291135.797,6
TUR,S12,L,F4,783598.592,6
TUR,S12,L,F5,1006972.014,6
TUR,S12,L,F51,924822.399,6
TUR,S12,L,F52,82149.615,6
TUR,S12,L,F6,182563.634,6
TUR,S121,A,F,779916.574,6
TUR,S121,A,F21,22458.739,6
TUR,S121,A,F22,0,6
TUR,S121,A,F29,234506.176,6
TUR,S121,A,F3,220331.967,6
TUR,S121,A,F4,122338.632,6
TUR,S121,A,F5,1760.394,6
TUR,S121,A,F51,1760.394,6
TUR,S121,A,F52,0,6
TUR,S121,L,F,765035.412,6
TUR,S121,L,F21,153362.376,6
TUR,S121,L,F22,473306.428,6
TUR,S121,L,F29,15473.411,6
TUR,S121,L,F3,0,6
TUR,S121,L,F4,12106.064,6
TUR,S121,L,F5,100950.992,6
TUR,S121,L,F51,100950.992,6
TUR,S122,A,F,4539898.409,6
TUR,S122,A,F21,42757.278,6
TUR,S122,A,F22,512954.982,6
TUR,S122,A,F29,279157.625,6
TUR,S122,A,F3,661601.178,6
TUR,S122,A,F4,2775000.37,6
TUR,S122,A,F5,117593.117,6
TUR,S122,A,F51,114038.006,6
TUR,S122,A,F52,3555.111,6
TUR,S122,L,F,4598720.528,6
TUR,S122,L,F21,0,6
TUR,S122,L,F22,650273.549,6
TUR,S122,L,F29,2143173.675,6
TUR,S122,L,F3,281969.054,6
TUR,S122,L,F4,671363.51,6
TUR,S122,L,F5,674394.586,6
TUR,S122,L,F51,674394.586,6
TUR,S122,L,F52,0,6
TUR,S13,A,F,915052.324,6
TUR,S13,A,F21,339.886,6
TUR,S13,A,F22,138062.458,6
TUR,S13,A,F29,0,6
TUR,S13,A,F3,132485.564,6
TUR,S13,A,F4,139581.3,6
TUR,S13,A,F5,227547.697,6
TUR,S13,A,F51,227547.697,6
TUR,S13,A,F52,0,6
TUR,S13,L,F,1860830.537,6
TUR,S13,L,F21,3145.571,6
TUR,S13,L,F22,0,6
TUR,S13,L,F29,0,6
TUR,S13,L,F3,1342187.005,6
TUR,S13,L,F4,236712.876,6
TUR,S13,L,F5,89456.543,6
TUR,S13,L,F51,89456.543,6
TUR,S13,L,F6,20493.63,6
TUR,S1M,A,F,2056545.764,6
TUR,S1M,A,F21,64368.293,6
TUR,S1M,A,F22,332095.785,6
TUR,S1M,A,F29,1152692.197,6
TUR,S1M,A,F3,44961.858,6
TUR,S1M,A,F4,2285.009,6
TUR,S1M,A,F5,238065.304,6
TUR,S1M,A,F51,167670.46,6
TUR,S1M,A,F52,70394.844,6
TUR,S1M,A,F6,176327.321,6
TUR,S1M,L,F,700105.324,6
TUR,S1M,L,F4,630329.685,6
TUR,S1M,L,F5,45109.891,6
TUR,S1M,L,F51,45109.891,6
USA,S1,A,F,241938017,6
USA,S1,A,F21,934042,6
USA,S1,A,F22,5858184,6
USA,S1,A,F29,12626613,6
USA,S1,A,F3,33565056,6
USA,S1,A,F4,33994143,6
USA,S1,A,F5,90876215,6
USA,S1,A,F51,67310344,6
USA,S1,A,F52,23565871,6
USA,S1,A,F6,39907688,6
USA,S1,L,F,248359255,6
USA,S1,L,F21,1807673,6
USA,S1,L,F22,6106224,6
USA,S1,L,F29,12889265,6
USA,S1,L,F3,40712292,6
USA,S1,L,F4,33664291,6
USA,S1,L,F5,91931533,6
USA,S1,L,F51,68596643,6
USA,S1,L,F52,23334890,6
USA,S1,L,F6,39661315,6
USA,S11,A,F,30022967,6
USA,S11,A,F22,1673295,6
USA,S11,A,F29,1415881,6
USA,S11,A,F3,413484,6
USA,S11,A,F4,167376,6
USA,S11,A,F5,9552483,6
USA,S11,A,F51,8546406,6
USA,S11,A,F52,1006077,6
USA,S11,A,F6,521007,6
USA,S11,L,F,87603203,6
USA,S11,L,F3,7015305,6
USA,S11,L,F4,10128766,6
USA,S11,L,F5,54666250,6
USA,S11,L,F51,54666250,6
USA,S11,L,F6,493978,6
USA,S12,A,F,112370219,6
USA,S12,A,F21,85081,6
USA,S12,A,F22,3311606,6
USA,S12,A,F29,862048,6
USA,S12,A,F3,27237875,6
USA,S12,A,F4,30978977,6
USA,S12,A,F5,35469306,6
USA,S12,A,F51,26851363,6
USA,S12,A,F52,8617943,6
USA,S12,A,F6,8228449,6
USA,S12,L,F,114324055,6
USA,S12,L,F21,1757602,6
USA,S12,L,F22,6106224,6
USA,S12,L,F29,12889265,6
USA,S12,L,F3,13704152,6
USA,S12,L,F4,5314242,6
USA,S12,L,F5,37265283,6
USA,S12,L,F51,13930393,6
USA,S12,L,F52,23334890,6
USA,S12,L,F6,32942401,6
USA,S121,A,F,4330716,6
USA,S121,A,F21,1657,6
USA,S121,A,F22,17852,6
USA,S121,A,F29,-266,6
USA,S121,A,F3,4017943,6
USA,S121,A,F4,255619,6
USA,S121,A,F5,0,6
USA,S121,A,F51,0,6
USA,S121,L,F,4174122,6
USA,S121,L,F21,1757602,6
USA,S121,L,F22,2031864,6
USA,S121,L,F29,0,6
USA,S121,L,F4,336649,6
USA,S121,L,F5,31698,6
USA,S121,L,F51,31698,6
USA,S122,A,F,21276033,6
USA,S122,A,F21,83424,6
USA,S122,A,F22,2896335,6
USA,S122,A,F29,10404,6
USA,S122,A,F3,4559667,6
USA,S122,A,F4,12594945,6
USA,S122,A,F5,449641,6
USA,S122,A,F51,404682,6
USA,S122,A,F52,44959,6
USA,S122,A,F6,178763,6
USA,S122,L,F,22044716,6
USA,S122,L,F21,0,6
USA,S122,L,F22,4074360,6
USA,S122,L,F29,12878861,6
USA,S122,L,F3,399006,6
USA,S122,L,F4,1251685,6
USA,S122,L,F5,2618661,6
USA,S122,L,F51,2618661,6
USA,S13,A,F,6678389,6
USA,S13,A,F22,546286,6
USA,S13,A,F29,469056,6
USA,S13,A,F3,1651767,6
USA,S13,A,F4,2095466,6
USA,S13,A,F5,480362,6
USA,S13,A,F51,298602,6
USA,S13,A,F52,181760,6
USA,S13,L,F,30079383,6
USA,S13,L,F21,50071,6
USA,S13,L,F29,0,6
USA,S13,L,F3,19775677,6
USA,S13,L,F4,2533547,6
USA,S13,L,F6,6188040,6
USA,S1M,A,F,92866442,6
USA,S1M,A,F21,848961,6
USA,S1M,A,F22,326997,6
USA,S1M,A,F29,9879628,6
USA,S1M,A,F3,4261930,6
USA,S1M,A,F4,752324,6
USA,S1M,A,F5,45374064,6
USA,S1M,A,F51,31613973,6
USA,S1M,A,F52,13760091,6
USA,S1M,A,F6,31158232,6
USA,S1M,L,F,16352614,6
USA,S1M,L,F3,217158,6
USA,S1M,L,F4,15687736,6
USA,S1M,L,F6,36896,6
