iso3,year,indicator,value
ABW,2017,P_F3_DIC_OTHC_P_USD,491.2
ABW,2017,P_F51_DIC_OTHC_P_USD,368.3
ABW,2018,P_F3_DIC_OTHC_P_USD,517.6
ABW,2018,P_F51_DIC_OTHC_P_USD,346.9
ABW,2019,P_F3_DIC_OTHC_P_USD,610.3
ABW,2019,P_F51_DIC_OTHC_P_USD,443.2
ABW,2020,P_F3_DIC_OTHC_P_USD,631.5
ABW,2020,P_F51_DIC_OTHC_P_USD,462
ABW,2021,P_F3_DIC_OTHC_P_USD,665.8
ABW,2021,P_F51_DIC_OTHC_P_USD,534.7
ALB,2015,P_F3_DIC_EUR_P_USD,284
ALB,2015,P_F3_DIC_GBP_P_USD,8.7
ALB,2015,P_F3_DIC_OTHC_P_USD,21.2
ALB,2015,P_F3_DIC_USD_P_USD,200.9
ALB,2015,P_F51_DIC_EUR_P_USD,0
ALB,2015,P_F51_DIC_OTHC_P_USD,7.9
ALB,2015,P_F51_DIC_USD_P_USD,20
ALB,2016,P_F3_DIC_EUR_P_USD,445.8
ALB,2016,P_F3_DIC_GBP_P_USD,14.8
ALB,2016,P_F3_DIC_OTHC_P_USD,36.2
ALB,2016,P_F3_DIC_USD_P_USD,221.4
ALB,2016,P_F51_DIC_EUR_P_USD,2.3
ALB,2016,P_F51_DIC_OTHC_P_USD,8.7
ALB,2016,P_F51_DIC_USD_P_USD,20.1
ALB,2017,P_F3_DIC_EUR_P_USD,343.3
ALB,2017,P_F3_DIC_GBP_P_USD,13.7
ALB,2017,P_F3_DIC_OTHC_P_USD,68
ALB,2017,P_F3_DIC_USD_P_USD,243.2
ALB,2017,P_F51_DIC_CAD_P_USD,7.7
ALB,2017,P_F51_DIC_EUR_P_USD,8.7
ALB,2017,P_F51_DIC_OTHC_P_USD,1.2
ALB,2017,P_F51_DIC_USD_P_USD,20.3
ALB,2018,P_F3_DIC_CHF_P_USD,2
ALB,2018,P_F3_DIC_EUR_P_USD,488.5
ALB,2018,P_F3_DIC_GBP_P_USD,26.2
ALB,2018,P_F3_DIC_OTHC_P_USD,56.6
ALB,2018,P_F3_DIC_USD_P_USD,237.1
ALB,2018,P_F51_DIC_CAD_P_USD,8.1
ALB,2018,P_F51_DIC_EUR_P_USD,8.3
ALB,2018,P_F51_DIC_OTHC_P_USD,0.8
ALB,2018,P_F51_DIC_USD_P_USD,18.5
ALB,2019,P_F3_DIC_CAD_P_USD,0
ALB,2019,P_F3_DIC_EUR_P_USD,630.1
ALB,2019,P_F3_DIC_GBP_P_USD,35.6
ALB,2019,P_F3_DIC_OTHC_P_USD,21.7
ALB,2019,P_F3_DIC_USD_P_USD,274.9
ALB,2019,P_F51_DIC_CAD_P_USD,14.4
ALB,2019,P_F51_DIC_EUR_P_USD,8.2
ALB,2019,P_F51_DIC_OTHC_P_USD,0.7
ALB,2019,P_F51_DIC_USD_P_USD,16.6
ALB,2020,P_F3_DIC_CAD_P_USD,0
ALB,2020,P_F3_DIC_EUR_P_USD,925.9
ALB,2020,P_F3_DIC_GBP_P_USD,40.8
ALB,2020,P_F3_DIC_OTHC_P_USD,11.2
ALB,2020,P_F3_DIC_USD_P_USD,392.5
ALB,2020,P_F51_DIC_CAD_P_USD,17.9
ALB,2020,P_F51_DIC_EUR_P_USD,18.7
ALB,2020,P_F51_DIC_OTHC_P_USD,0.6
ALB,2020,P_F51_DIC_USD_P_USD,16.6
ALB,2021,P_F3_DIC_CHF_P_USD,5.8
ALB,2021,P_F3_DIC_EUR_P_USD,1058.3
ALB,2021,P_F3_DIC_GBP_P_USD,65.6
ALB,2021,P_F3_DIC_OTHC_P_USD,1.9
ALB,2021,P_F3_DIC_USD_P_USD,504.2
ALB,2021,P_F51_DIC_EUR_P_USD,21.4
ALB,2021,P_F51_DIC_OTHC_P_USD,15.8
ALB,2021,P_F51_DIC_USD_P_USD,39.9
ALB,2022,P_F3_DIC_EUR_P_USD,1214.1
ALB,2022,P_F3_DIC_GBP_P_USD,67.5
ALB,2022,P_F3_DIC_OTHC_P_USD,2
ALB,2022,P_F3_DIC_USD_P_USD,514.6
ALB,2022,P_F51_DIC_EUR_P_USD,21.4
ALB,2022,P_F51_DIC_OTHC_P_USD,14.1
ALB,2022,P_F51_DIC_USD_P_USD,16.6
ALB,2023,P_F3_DIC_EUR_P_USD,1992.8
ALB,2023,P_F3_DIC_GBP_P_USD,80.5
ALB,2023,P_F3_DIC_OTHC_P_USD,0.8
ALB,2023,P_F3_DIC_USD_P_USD,595.9
ALB,2023,P_F51_DIC_EUR_P_USD,19
ALB,2023,P_F51_DIC_GBP_P_USD,0.8
ALB,2023,P_F51_DIC_OTHC_P_USD,9.5
ALB,2023,P_F51_DIC_USD_P_USD,29.4
ALB,2024,P_F3_DIC_EUR_P_USD,2181.8
ALB,2024,P_F3_DIC_GBP_P_USD,105.2
ALB,2024,P_F3_DIC_OTHC_P_USD,0.7
ALB,2024,P_F3_DIC_USD_P_USD,645.5
ALB,2024,P_F51_DIC_EUR_P_USD,14.5
ALB,2024,P_F51_DIC_OTHC_P_USD,6.2
ALB,2024,P_F51_DIC_USD_P_USD,18.7
ARG,2016,P_F3_DIC_CHF_P_USD,0
ARG,2016,P_F3_DIC_EUR_P_USD,36.9
ARG,2016,P_F3_DIC_GBP_P_USD,0
ARG,2016,P_F3_DIC_JPY_P_USD,0
ARG,2016,P_F3_DIC_OTHC_P_USD,32.3
ARG,2016,P_F3_DIC_USD_P_USD,8897.7
ARG,2016,P_F51_DIC_CHF_P_USD,0.5
ARG,2016,P_F51_DIC_EUR_P_USD,455.3
ARG,2016,P_F51_DIC_GBP_P_USD,4.3
ARG,2016,P_F51_DIC_JPY_P_USD,13.1
ARG,2016,P_F51_DIC_OTHC_P_USD,295.1
ARG,2016,P_F51_DIC_USD_P_USD,14232.3
ARG,2017,P_F3_DIC_AUD_P_USD,0
ARG,2017,P_F3_DIC_CAD_P_USD,0
ARG,2017,P_F3_DIC_CHF_P_USD,0
ARG,2017,P_F3_DIC_CNY_P_USD,0
ARG,2017,P_F3_DIC_EUR_P_USD,56.9
ARG,2017,P_F3_DIC_GBP_P_USD,0
ARG,2017,P_F3_DIC_JPY_P_USD,0
ARG,2017,P_F3_DIC_OTHC_P_USD,7.8
ARG,2017,P_F3_DIC_USD_P_USD,9446.6
ARG,2017,P_F51_DIC_AUD_P_USD,0
ARG,2017,P_F51_DIC_CAD_P_USD,0.5
ARG,2017,P_F51_DIC_CHF_P_USD,0.4
ARG,2017,P_F51_DIC_CNY_P_USD,22.1
ARG,2017,P_F51_DIC_EUR_P_USD,426.3
ARG,2017,P_F51_DIC_GBP_P_USD,5.7
ARG,2017,P_F51_DIC_JPY_P_USD,12.5
ARG,2017,P_F51_DIC_OTHC_P_USD,295.3
ARG,2017,P_F51_DIC_USD_P_USD,17587
ARG,2018,P_F3_DIC_AUD_P_USD,0
ARG,2018,P_F3_DIC_CAD_P_USD,0
ARG,2018,P_F3_DIC_CHF_P_USD,0
ARG,2018,P_F3_DIC_CNY_P_USD,0
ARG,2018,P_F3_DIC_EUR_P_USD,59.6
ARG,2018,P_F3_DIC_GBP_P_USD,0.3
ARG,2018,P_F3_DIC_JPY_P_USD,0
ARG,2018,P_F3_DIC_OTHC_P_USD,29.1
ARG,2018,P_F3_DIC_USD_P_USD,12320.7
ARG,2018,P_F51_DIC_AUD_P_USD,0.2
ARG,2018,P_F51_DIC_CAD_P_USD,1
ARG,2018,P_F51_DIC_CHF_P_USD,0.1
ARG,2018,P_F51_DIC_CNY_P_USD,0.1
ARG,2018,P_F51_DIC_EUR_P_USD,215.5
ARG,2018,P_F51_DIC_GBP_P_USD,39.1
ARG,2018,P_F51_DIC_JPY_P_USD,0
ARG,2018,P_F51_DIC_OTHC_P_USD,272.7
ARG,2018,P_F51_DIC_USD_P_USD,16710.8
ARG,2019,P_F3_DIC_AUD_P_USD,0
ARG,2019,P_F3_DIC_CAD_P_USD,0
ARG,2019,P_F3_DIC_CHF_P_USD,0
ARG,2019,P_F3_DIC_CNY_P_USD,0
ARG,2019,P_F3_DIC_EUR_P_USD,72
ARG,2019,P_F3_DIC_GBP_P_USD,0.3
ARG,2019,P_F3_DIC_JPY_P_USD,0
ARG,2019,P_F3_DIC_OTHC_P_USD,5.6
ARG,2019,P_F3_DIC_USD_P_USD,14199.4
ARG,2019,P_F51_DIC_AUD_P_USD,0.2
ARG,2019,P_F51_DIC_CAD_P_USD,18.9
ARG,2019,P_F51_DIC_CHF_P_USD,0.1
ARG,2019,P_F51_DIC_CNY_P_USD,1.3
ARG,2019,P_F51_DIC_EUR_P_USD,49.1
ARG,2019,P_F51_DIC_GBP_P_USD,1.5
ARG,2019,P_F51_DIC_JPY_P_USD,0.1
ARG,2019,P_F51_DIC_OTHC_P_USD,127.4
ARG,2019,P_F51_DIC_USD_P_USD,20680.3
ARG,2020,P_F3_DIC_AUD_P_USD,0
ARG,2020,P_F3_DIC_CAD_P_USD,0
ARG,2020,P_F3_DIC_CHF_P_USD,0
ARG,2020,P_F3_DIC_CNY_P_USD,0
ARG,2020,P_F3_DIC_EUR_P_USD,95.9
ARG,2020,P_F3_DIC_GBP_P_USD,0
ARG,2020,P_F3_DIC_JPY_P_USD,0
ARG,2020,P_F3_DIC_OTHC_P_USD,0.8
ARG,2020,P_F3_DIC_USD_P_USD,11050
ARG,2020,P_F51_DIC_AUD_P_USD,0.3
ARG,2020,P_F51_DIC_CAD_P_USD,72
ARG,2020,P_F51_DIC_CHF_P_USD,3.4
ARG,2020,P_F51_DIC_CNY_P_USD,29.6
ARG,2020,P_F51_DIC_EUR_P_USD,63.4
ARG,2020,P_F51_DIC_GBP_P_USD,6
ARG,2020,P_F51_DIC_JPY_P_USD,1.3
ARG,2020,P_F51_DIC_OTHC_P_USD,202.1
ARG,2020,P_F51_DIC_USD_P_USD,22357.3
ARG,2021,P_F3_DIC_AUD_P_USD,0
ARG,2021,P_F3_DIC_CAD_P_USD,0
ARG,2021,P_F3_DIC_CHF_P_USD,0
ARG,2021,P_F3_DIC_CNY_P_USD,0
ARG,2021,P_F3_DIC_EUR_P_USD,96.7
ARG,2021,P_F3_DIC_GBP_P_USD,0
ARG,2021,P_F3_DIC_JPY_P_USD,0
ARG,2021,P_F3_DIC_OTHC_P_USD,27.4
ARG,2021,P_F3_DIC_USD_P_USD,10585
ARG,2021,P_F51_DIC_AUD_P_USD,0.6
ARG,2021,P_F51_DIC_CAD_P_USD,69.8
ARG,2021,P_F51_DIC_CHF_P_USD,4.2
ARG,2021,P_F51_DIC_CNY_P_USD,34.4
ARG,2021,P_F51_DIC_EUR_P_USD,76.3
ARG,2021,P_F51_DIC_GBP_P_USD,8.6
ARG,2021,P_F51_DIC_JPY_P_USD,5.8
ARG,2021,P_F51_DIC_OTHC_P_USD,274.5
ARG,2021,P_F51_DIC_USD_P_USD,27733.7
ARG,2022,P_F3_DIC_AUD_P_USD,0
ARG,2022,P_F3_DIC_CAD_P_USD,0
ARG,2022,P_F3_DIC_CHF_P_USD,0
ARG,2022,P_F3_DIC_CNY_P_USD,0
ARG,2022,P_F3_DIC_EUR_P_USD,92.3
ARG,2022,P_F3_DIC_GBP_P_USD,0
ARG,2022,P_F3_DIC_JPY_P_USD,0
ARG,2022,P_F3_DIC_OTHC_P_USD,11.6
ARG,2022,P_F3_DIC_USD_P_USD,13632.2
ARG,2022,P_F51_DIC_AUD_P_USD,1
ARG,2022,P_F51_DIC_CAD_P_USD,58.1
ARG,2022,P_F51_DIC_CHF_P_USD,3.1
ARG,2022,P_F51_DIC_CNY_P_USD,30.7
ARG,2022,P_F51_DIC_EUR_P_USD,48.6
ARG,2022,P_F51_DIC_GBP_P_USD,7.7
ARG,2022,P_F51_DIC_JPY_P_USD,5.8
ARG,2022,P_F51_DIC_OTHC_P_USD,285.1
ARG,2022,P_F51_DIC_USD_P_USD,25926.7
ARG,2023,P_F3_DIC_AUD_P_USD,0
ARG,2023,P_F3_DIC_CAD_P_USD,0
ARG,2023,P_F3_DIC_CHF_P_USD,0
ARG,2023,P_F3_DIC_CNY_P_USD,0
ARG,2023,P_F3_DIC_EUR_P_USD,3.6
ARG,2023,P_F3_DIC_GBP_P_USD,0
ARG,2023,P_F3_DIC_JPY_P_USD,0
ARG,2023,P_F3_DIC_OTHC_P_USD,9.3
ARG,2023,P_F3_DIC_USD_P_USD,14055.4
ARG,2023,P_F51_DIC_AUD_P_USD,1.1
ARG,2023,P_F51_DIC_CAD_P_USD,46.4
ARG,2023,P_F51_DIC_CHF_P_USD,2.8
ARG,2023,P_F51_DIC_CNY_P_USD,28
ARG,2023,P_F51_DIC_EUR_P_USD,43.5
ARG,2023,P_F51_DIC_GBP_P_USD,10.3
ARG,2023,P_F51_DIC_JPY_P_USD,5.8
ARG,2023,P_F51_DIC_OTHC_P_USD,357.9
ARG,2023,P_F51_DIC_USD_P_USD,29223.7
ARG,2024,P_F3_DIC_AUD_P_USD,0
ARG,2024,P_F3_DIC_CAD_P_USD,0
ARG,2024,P_F3_DIC_CHF_P_USD,0
ARG,2024,P_F3_DIC_CNY_P_USD,0
ARG,2024,P_F3_DIC_EUR_P_USD,5.5
ARG,2024,P_F3_DIC_GBP_P_USD,0
ARG,2024,P_F3_DIC_JPY_P_USD,0
ARG,2024,P_F3_DIC_OTHC_P_USD,12.7
ARG,2024,P_F3_DIC_USD_P_USD,16028.9
ARG,2024,P_F51_DIC_AUD_P_USD,0.7
ARG,2024,P_F51_DIC_CAD_P_USD,47.3
ARG,2024,P_F51_DIC_CHF_P_USD,1.4
ARG,2024,P_F51_DIC_CNY_P_USD,55.8
ARG,2024,P_F51_DIC_EUR_P_USD,41.8
ARG,2024,P_F51_DIC_GBP_P_USD,14.4
ARG,2024,P_F51_DIC_JPY_P_USD,7.3
ARG,2024,P_F51_DIC_OTHC_P_USD,196.4
ARG,2024,P_F51_DIC_USD_P_USD,33734.4
AUT,2015,P_F3_DIC_CHF_P_USD,522.6
AUT,2015,P_F3_DIC_EUR_P_USD,174594.8
AUT,2015,P_F3_DIC_GBP_P_USD,2541
AUT,2015,P_F3_DIC_JPY_P_USD,562.9
AUT,2015,P_F3_DIC_OTHC_P_USD,8271.9
AUT,2015,P_F3_DIC_USD_P_USD,22169.2
AUT,2015,P_F51_DIC_CHF_P_USD,3809.4
AUT,2015,P_F51_DIC_EUR_P_USD,61801.1
AUT,2015,P_F51_DIC_GBP_P_USD,2130.6
AUT,2015,P_F51_DIC_JPY_P_USD,1697.3
AUT,2015,P_F51_DIC_OTHC_P_USD,7558.8
AUT,2015,P_F51_DIC_USD_P_USD,20601.5
AUT,2016,P_F3_DIC_CHF_P_USD,492.3
AUT,2016,P_F3_DIC_EUR_P_USD,165875.3
AUT,2016,P_F3_DIC_GBP_P_USD,2213.6
AUT,2016,P_F3_DIC_JPY_P_USD,495.4
AUT,2016,P_F3_DIC_OTHC_P_USD,8037.5
AUT,2016,P_F3_DIC_USD_P_USD,23820.6
AUT,2016,P_F51_DIC_CHF_P_USD,3772.6
AUT,2016,P_F51_DIC_EUR_P_USD,67355.9
AUT,2016,P_F51_DIC_GBP_P_USD,1563.2
AUT,2016,P_F51_DIC_JPY_P_USD,1581.2
AUT,2016,P_F51_DIC_OTHC_P_USD,7941.6
AUT,2016,P_F51_DIC_USD_P_USD,24297
AUT,2017,P_F3_DIC_AUD_P_USD,375.4
AUT,2017,P_F3_DIC_CAD_P_USD,394.6
AUT,2017,P_F3_DIC_CHF_P_USD,380.2
AUT,2017,P_F3_DIC_CNY_P_USD,8.4
AUT,2017,P_F3_DIC_EUR_P_USD,185594.1
AUT,2017,P_F3_DIC_GBP_P_USD,2246.3
AUT,2017,P_F3_DIC_JPY_P_USD,465.3
AUT,2017,P_F3_DIC_OTHC_P_USD,9468.5
AUT,2017,P_F3_DIC_USD_P_USD,23093.7
AUT,2017,P_F51_DIC_AUD_P_USD,340.6
AUT,2017,P_F51_DIC_CAD_P_USD,1031.4
AUT,2017,P_F51_DIC_CHF_P_USD,4641.3
AUT,2017,P_F51_DIC_CNY_P_USD,319
AUT,2017,P_F51_DIC_EUR_P_USD,91423.8
AUT,2017,P_F51_DIC_GBP_P_USD,2064
AUT,2017,P_F51_DIC_JPY_P_USD,2169.5
AUT,2017,P_F51_DIC_OTHC_P_USD,8772.9
AUT,2017,P_F51_DIC_USD_P_USD,29144.2
AUT,2018,P_F3_DIC_AUD_P_USD,498.1
AUT,2018,P_F3_DIC_CAD_P_USD,274.8
AUT,2018,P_F3_DIC_CHF_P_USD,399.6
AUT,2018,P_F3_DIC_CNY_P_USD,85.9
AUT,2018,P_F3_DIC_EUR_P_USD,172060.3
AUT,2018,P_F3_DIC_GBP_P_USD,1912.2
AUT,2018,P_F3_DIC_JPY_P_USD,1015.6
AUT,2018,P_F3_DIC_OTHC_P_USD,8597.8
AUT,2018,P_F3_DIC_USD_P_USD,19287.5
AUT,2018,P_F51_DIC_AUD_P_USD,293.1
AUT,2018,P_F51_DIC_CAD_P_USD,922.9
AUT,2018,P_F51_DIC_CHF_P_USD,4134.6
AUT,2018,P_F51_DIC_CNY_P_USD,269.1
AUT,2018,P_F51_DIC_EUR_P_USD,81194.2
AUT,2018,P_F51_DIC_GBP_P_USD,1567.5
AUT,2018,P_F51_DIC_JPY_P_USD,1959.1
AUT,2018,P_F51_DIC_OTHC_P_USD,9370.7
AUT,2018,P_F51_DIC_USD_P_USD,27049.5
AUT,2019,P_F3_DIC_AUD_P_USD,665.1
AUT,2019,P_F3_DIC_CAD_P_USD,293.2
AUT,2019,P_F3_DIC_CHF_P_USD,351.6
AUT,2019,P_F3_DIC_CNY_P_USD,119.1
AUT,2019,P_F3_DIC_EUR_P_USD,175613.3
AUT,2019,P_F3_DIC_GBP_P_USD,1980.6
AUT,2019,P_F3_DIC_JPY_P_USD,1284
AUT,2019,P_F3_DIC_OTHC_P_USD,9521.9
AUT,2019,P_F3_DIC_USD_P_USD,21076.1
AUT,2019,P_F51_DIC_AUD_P_USD,373
AUT,2019,P_F51_DIC_CAD_P_USD,1273.9
AUT,2019,P_F51_DIC_CHF_P_USD,5515.9
AUT,2019,P_F51_DIC_CNY_P_USD,307.8
AUT,2019,P_F51_DIC_EUR_P_USD,97811.1
AUT,2019,P_F51_DIC_GBP_P_USD,1731.2
AUT,2019,P_F51_DIC_JPY_P_USD,2560.2
AUT,2019,P_F51_DIC_OTHC_P_USD,10393.7
AUT,2019,P_F51_DIC_USD_P_USD,37905.8
AUT,2020,P_F3_DIC_AUD_P_USD,606.2
AUT,2020,P_F3_DIC_CAD_P_USD,370.6
AUT,2020,P_F3_DIC_CHF_P_USD,346
AUT,2020,P_F3_DIC_CNY_P_USD,163.2
AUT,2020,P_F3_DIC_EUR_P_USD,198836.8
AUT,2020,P_F3_DIC_GBP_P_USD,1985.4
AUT,2020,P_F3_DIC_JPY_P_USD,1236.9
AUT,2020,P_F3_DIC_OTHC_P_USD,17140.1
AUT,2020,P_F3_DIC_USD_P_USD,23760.3
AUT,2020,P_F51_DIC_AUD_P_USD,389
AUT,2020,P_F51_DIC_CAD_P_USD,1659
AUT,2020,P_F51_DIC_CHF_P_USD,5936.7
AUT,2020,P_F51_DIC_CNY_P_USD,484.7
AUT,2020,P_F51_DIC_EUR_P_USD,111848.9
AUT,2020,P_F51_DIC_GBP_P_USD,2240.7
AUT,2020,P_F51_DIC_JPY_P_USD,2958.5
AUT,2020,P_F51_DIC_OTHC_P_USD,11602.2
AUT,2020,P_F51_DIC_USD_P_USD,47702.3
AUT,2021,P_F3_DIC_AUD_P_USD,695.4
AUT,2021,P_F3_DIC_CAD_P_USD,348.8
AUT,2021,P_F3_DIC_CHF_P_USD,351.1
AUT,2021,P_F3_DIC_CNY_P_USD,386.2
AUT,2021,P_F3_DIC_EUR_P_USD,175815.8
AUT,2021,P_F3_DIC_GBP_P_USD,2062.5
AUT,2021,P_F3_DIC_JPY_P_USD,1526.7
AUT,2021,P_F3_DIC_OTHC_P_USD,17741
AUT,2021,P_F3_DIC_USD_P_USD,24942.1
AUT,2021,P_F51_DIC_AUD_P_USD,478
AUT,2021,P_F51_DIC_CAD_P_USD,1922
AUT,2021,P_F51_DIC_CHF_P_USD,7637.1
AUT,2021,P_F51_DIC_CNY_P_USD,500.6
AUT,2021,P_F51_DIC_EUR_P_USD,121302.6
AUT,2021,P_F51_DIC_GBP_P_USD,2762.4
AUT,2021,P_F51_DIC_JPY_P_USD,3126
AUT,2021,P_F51_DIC_OTHC_P_USD,12281.9
AUT,2021,P_F51_DIC_USD_P_USD,63057.5
AUT,2022,P_F3_DIC_AUD_P_USD,524.8
AUT,2022,P_F3_DIC_CAD_P_USD,298.6
AUT,2022,P_F3_DIC_CHF_P_USD,3059
AUT,2022,P_F3_DIC_CNY_P_USD,138.7
AUT,2022,P_F3_DIC_EUR_P_USD,155306.6
AUT,2022,P_F3_DIC_GBP_P_USD,1004.7
AUT,2022,P_F3_DIC_JPY_P_USD,1716.2
AUT,2022,P_F3_DIC_OTHC_P_USD,6787.8
AUT,2022,P_F3_DIC_USD_P_USD,20836
AUT,2022,P_F51_DIC_AUD_P_USD,416
AUT,2022,P_F51_DIC_CAD_P_USD,1675.6
AUT,2022,P_F51_DIC_CHF_P_USD,6164.9
AUT,2022,P_F51_DIC_CNY_P_USD,439.4
AUT,2022,P_F51_DIC_EUR_P_USD,107255.2
AUT,2022,P_F51_DIC_GBP_P_USD,2421.2
AUT,2022,P_F51_DIC_JPY_P_USD,2553.4
AUT,2022,P_F51_DIC_OTHC_P_USD,5795.9
AUT,2022,P_F51_DIC_USD_P_USD,53271.3
AUT,2023,P_F3_DIC_AUD_P_USD,619.9
AUT,2023,P_F3_DIC_CAD_P_USD,209.9
AUT,2023,P_F3_DIC_CHF_P_USD,350.3
AUT,2023,P_F3_DIC_CNY_P_USD,128.2
AUT,2023,P_F3_DIC_EUR_P_USD,187746.1
AUT,2023,P_F3_DIC_GBP_P_USD,1033.2
AUT,2023,P_F3_DIC_JPY_P_USD,1648.7
AUT,2023,P_F3_DIC_OTHC_P_USD,10501.9
AUT,2023,P_F3_DIC_USD_P_USD,22066.8
AUT,2023,P_F51_DIC_AUD_P_USD,471.8
AUT,2023,P_F51_DIC_CAD_P_USD,1652
AUT,2023,P_F51_DIC_CHF_P_USD,6802.4
AUT,2023,P_F51_DIC_CNY_P_USD,412.2
AUT,2023,P_F51_DIC_EUR_P_USD,120693.6
AUT,2023,P_F51_DIC_GBP_P_USD,2942.6
AUT,2023,P_F51_DIC_JPY_P_USD,3275.2
AUT,2023,P_F51_DIC_OTHC_P_USD,5733.8
AUT,2023,P_F51_DIC_USD_P_USD,66967.4
AUT,2024,P_F3_DIC_AUD_P_USD,568.3
AUT,2024,P_F3_DIC_CAD_P_USD,230.6
AUT,2024,P_F3_DIC_CHF_P_USD,383.4
AUT,2024,P_F3_DIC_CNY_P_USD,97.7
AUT,2024,P_F3_DIC_EUR_P_USD,181931.1
AUT,2024,P_F3_DIC_GBP_P_USD,1006.7
AUT,2024,P_F3_DIC_JPY_P_USD,628.5
AUT,2024,P_F3_DIC_OTHC_P_USD,8136.7
AUT,2024,P_F3_DIC_USD_P_USD,24366.4
AUT,2024,P_F51_DIC_AUD_P_USD,465.4
AUT,2024,P_F51_DIC_CAD_P_USD,1676.8
AUT,2024,P_F51_DIC_CHF_P_USD,6360.1
AUT,2024,P_F51_DIC_CNY_P_USD,515.3
AUT,2024,P_F51_DIC_EUR_P_USD,120924.8
AUT,2024,P_F51_DIC_GBP_P_USD,2733.3
AUT,2024,P_F51_DIC_JPY_P_USD,3099
AUT,2024,P_F51_DIC_OTHC_P_USD,5429.3
AUT,2024,P_F51_DIC_USD_P_USD,84646.5
BEL,2015,P_F3_DIC_CHF_P_USD,44.1
BEL,2015,P_F3_DIC_EUR_P_USD,315197.3
BEL,2015,P_F3_DIC_GBP_P_USD,4277.1
BEL,2015,P_F3_DIC_JPY_P_USD,80.5
BEL,2015,P_F3_DIC_OTHC_P_USD,12255.1
BEL,2015,P_F3_DIC_USD_P_USD,24771.2
BEL,2015,P_F51_DIC_CHF_P_USD,4682.9
BEL,2015,P_F51_DIC_EUR_P_USD,227842
BEL,2015,P_F51_DIC_GBP_P_USD,5043.6
BEL,2015,P_F51_DIC_JPY_P_USD,2658.6
BEL,2015,P_F51_DIC_OTHC_P_USD,6963.9
BEL,2015,P_F51_DIC_USD_P_USD,36865.7
BEL,2016,P_F3_DIC_AUD_P_USD,2465.2
BEL,2016,P_F3_DIC_CAD_P_USD,452.7
BEL,2016,P_F3_DIC_CHF_P_USD,35.9
BEL,2016,P_F3_DIC_CNY_P_USD,22.5
BEL,2016,P_F3_DIC_EUR_P_USD,308576.3
BEL,2016,P_F3_DIC_GBP_P_USD,4792.9
BEL,2016,P_F3_DIC_JPY_P_USD,160.1
BEL,2016,P_F3_DIC_OTHC_P_USD,12982.3
BEL,2016,P_F3_DIC_USD_P_USD,34188.8
BEL,2016,P_F51_DIC_AUD_P_USD,581.9
BEL,2016,P_F51_DIC_CAD_P_USD,1544.4
BEL,2016,P_F51_DIC_CHF_P_USD,4742.2
BEL,2016,P_F51_DIC_CNY_P_USD,344.9
BEL,2016,P_F51_DIC_EUR_P_USD,262624.6
BEL,2016,P_F51_DIC_GBP_P_USD,8519.4
BEL,2016,P_F51_DIC_JPY_P_USD,3195.4
BEL,2016,P_F51_DIC_OTHC_P_USD,6641.5
BEL,2016,P_F51_DIC_USD_P_USD,47807
BEL,2017,P_F3_DIC_AUD_P_USD,2337.7
BEL,2017,P_F3_DIC_CAD_P_USD,285
BEL,2017,P_F3_DIC_CHF_P_USD,78.8
BEL,2017,P_F3_DIC_CNY_P_USD,5.4
BEL,2017,P_F3_DIC_EUR_P_USD,351600.6
BEL,2017,P_F3_DIC_GBP_P_USD,5287.2
BEL,2017,P_F3_DIC_JPY_P_USD,195.1
BEL,2017,P_F3_DIC_OTHC_P_USD,15437.7
BEL,2017,P_F3_DIC_USD_P_USD,28392.5
BEL,2017,P_F51_DIC_AUD_P_USD,523.6
BEL,2017,P_F51_DIC_CAD_P_USD,1913.2
BEL,2017,P_F51_DIC_CHF_P_USD,5163.2
BEL,2017,P_F51_DIC_CNY_P_USD,651
BEL,2017,P_F51_DIC_EUR_P_USD,338729.7
BEL,2017,P_F51_DIC_GBP_P_USD,8223.1
BEL,2017,P_F51_DIC_JPY_P_USD,4443
BEL,2017,P_F51_DIC_OTHC_P_USD,9109
BEL,2017,P_F51_DIC_USD_P_USD,57726
BEL,2018,P_F3_DIC_AUD_P_USD,1677.5
BEL,2018,P_F3_DIC_CAD_P_USD,239.9
BEL,2018,P_F3_DIC_CHF_P_USD,57.7
BEL,2018,P_F3_DIC_CNY_P_USD,27.5
BEL,2018,P_F3_DIC_EUR_P_USD,340989.1
BEL,2018,P_F3_DIC_GBP_P_USD,5409.4
BEL,2018,P_F3_DIC_JPY_P_USD,164.7
BEL,2018,P_F3_DIC_OTHC_P_USD,13592.4
BEL,2018,P_F3_DIC_USD_P_USD,22419
BEL,2018,P_F51_DIC_AUD_P_USD,383.1
BEL,2018,P_F51_DIC_CAD_P_USD,1615
BEL,2018,P_F51_DIC_CHF_P_USD,4623.9
BEL,2018,P_F51_DIC_CNY_P_USD,445.1
BEL,2018,P_F51_DIC_EUR_P_USD,291991.5
BEL,2018,P_F51_DIC_GBP_P_USD,5888.4
BEL,2018,P_F51_DIC_JPY_P_USD,3120.2
BEL,2018,P_F51_DIC_OTHC_P_USD,6250.3
BEL,2018,P_F51_DIC_USD_P_USD,49571.6
BEL,2019,P_F3_DIC_AUD_P_USD,1438.7
BEL,2019,P_F3_DIC_CAD_P_USD,247.4
BEL,2019,P_F3_DIC_CHF_P_USD,72.8
BEL,2019,P_F3_DIC_CNY_P_USD,3.6
BEL,2019,P_F3_DIC_EUR_P_USD,343009.6
BEL,2019,P_F3_DIC_GBP_P_USD,5866.3
BEL,2019,P_F3_DIC_JPY_P_USD,1536.8
BEL,2019,P_F3_DIC_OTHC_P_USD,13526.1
BEL,2019,P_F3_DIC_USD_P_USD,25453.9
BEL,2019,P_F51_DIC_AUD_P_USD,589.1
BEL,2019,P_F51_DIC_CAD_P_USD,2134.6
BEL,2019,P_F51_DIC_CHF_P_USD,5728.2
BEL,2019,P_F51_DIC_CNY_P_USD,766.7
BEL,2019,P_F51_DIC_EUR_P_USD,340205.7
BEL,2019,P_F51_DIC_GBP_P_USD,5278.9
BEL,2019,P_F51_DIC_JPY_P_USD,3966.7
BEL,2019,P_F51_DIC_OTHC_P_USD,9555.2
BEL,2019,P_F51_DIC_USD_P_USD,69391.2
BEL,2020,P_F3_DIC_AUD_P_USD,1286
BEL,2020,P_F3_DIC_CAD_P_USD,283.5
BEL,2020,P_F3_DIC_CHF_P_USD,105.5
BEL,2020,P_F3_DIC_CNY_P_USD,58.9
BEL,2020,P_F3_DIC_EUR_P_USD,402988.2
BEL,2020,P_F3_DIC_GBP_P_USD,6284
BEL,2020,P_F3_DIC_JPY_P_USD,1019.7
BEL,2020,P_F3_DIC_OTHC_P_USD,14963.3
BEL,2020,P_F3_DIC_USD_P_USD,33283.9
BEL,2020,P_F51_DIC_AUD_P_USD,717.9
BEL,2020,P_F51_DIC_CAD_P_USD,2883.7
BEL,2020,P_F51_DIC_CHF_P_USD,6837.4
BEL,2020,P_F51_DIC_CNY_P_USD,866.3
BEL,2020,P_F51_DIC_EUR_P_USD,385902.1
BEL,2020,P_F51_DIC_GBP_P_USD,6373.6
BEL,2020,P_F51_DIC_JPY_P_USD,4874
BEL,2020,P_F51_DIC_OTHC_P_USD,12109
BEL,2020,P_F51_DIC_USD_P_USD,92149.1
BEL,2021,P_F3_DIC_AUD_P_USD,858.5
BEL,2021,P_F3_DIC_CAD_P_USD,284.3
BEL,2021,P_F3_DIC_CHF_P_USD,111
BEL,2021,P_F3_DIC_CNY_P_USD,82.7
BEL,2021,P_F3_DIC_EUR_P_USD,367066.6
BEL,2021,P_F3_DIC_GBP_P_USD,5234.9
BEL,2021,P_F3_DIC_JPY_P_USD,542.5
BEL,2021,P_F3_DIC_OTHC_P_USD,23908.1
BEL,2021,P_F3_DIC_USD_P_USD,26433.8
BEL,2021,P_F51_DIC_AUD_P_USD,907.2
BEL,2021,P_F51_DIC_CAD_P_USD,3951.6
BEL,2021,P_F51_DIC_CHF_P_USD,8401.6
BEL,2021,P_F51_DIC_CNY_P_USD,822.3
BEL,2021,P_F51_DIC_EUR_P_USD,417611.1
BEL,2021,P_F51_DIC_GBP_P_USD,7451.4
BEL,2021,P_F51_DIC_JPY_P_USD,5211.1
BEL,2021,P_F51_DIC_OTHC_P_USD,14336.5
BEL,2021,P_F51_DIC_USD_P_USD,116140.2
BEL,2022,P_F3_DIC_AUD_P_USD,627.2
BEL,2022,P_F3_DIC_CAD_P_USD,195.2
BEL,2022,P_F3_DIC_CHF_P_USD,109.9
BEL,2022,P_F3_DIC_CNY_P_USD,71.5
BEL,2022,P_F3_DIC_EUR_P_USD,327576.3
BEL,2022,P_F3_DIC_GBP_P_USD,4201.3
BEL,2022,P_F3_DIC_JPY_P_USD,349.8
BEL,2022,P_F3_DIC_OTHC_P_USD,11961.9
BEL,2022,P_F3_DIC_USD_P_USD,25333.9
BEL,2022,P_F51_DIC_AUD_P_USD,858.6
BEL,2022,P_F51_DIC_CAD_P_USD,3070.7
BEL,2022,P_F51_DIC_CHF_P_USD,6811.3
BEL,2022,P_F51_DIC_CNY_P_USD,892.7
BEL,2022,P_F51_DIC_EUR_P_USD,349375.5
BEL,2022,P_F51_DIC_GBP_P_USD,5573
BEL,2022,P_F51_DIC_JPY_P_USD,3747
BEL,2022,P_F51_DIC_OTHC_P_USD,11693.1
BEL,2022,P_F51_DIC_USD_P_USD,92521.2
BEL,2023,P_F3_DIC_AUD_P_USD,1061.9
BEL,2023,P_F3_DIC_CAD_P_USD,3247.6
BEL,2023,P_F3_DIC_CHF_P_USD,129.3
BEL,2023,P_F3_DIC_CNY_P_USD,40.9
BEL,2023,P_F3_DIC_EUR_P_USD,366957.2
BEL,2023,P_F3_DIC_GBP_P_USD,6826.7
BEL,2023,P_F3_DIC_JPY_P_USD,238.7
BEL,2023,P_F3_DIC_OTHC_P_USD,4831.1
BEL,2023,P_F3_DIC_USD_P_USD,22913.3
BEL,2023,P_F51_DIC_AUD_P_USD,1078.5
BEL,2023,P_F51_DIC_CAD_P_USD,3023.3
BEL,2023,P_F51_DIC_CHF_P_USD,7878.6
BEL,2023,P_F51_DIC_CNY_P_USD,700.6
BEL,2023,P_F51_DIC_EUR_P_USD,401587.9
BEL,2023,P_F51_DIC_GBP_P_USD,6310.7
BEL,2023,P_F51_DIC_JPY_P_USD,5010.1
BEL,2023,P_F51_DIC_OTHC_P_USD,11357.2
BEL,2023,P_F51_DIC_USD_P_USD,120210.7
BEL,2024,P_F3_DIC_AUD_P_USD,1247.7
BEL,2024,P_F3_DIC_CAD_P_USD,3678.7
BEL,2024,P_F3_DIC_CHF_P_USD,123.6
BEL,2024,P_F3_DIC_CNY_P_USD,11.4
BEL,2024,P_F3_DIC_EUR_P_USD,368890.5
BEL,2024,P_F3_DIC_GBP_P_USD,7902.9
BEL,2024,P_F3_DIC_JPY_P_USD,230.6
BEL,2024,P_F3_DIC_OTHC_P_USD,9271.1
BEL,2024,P_F3_DIC_USD_P_USD,24255.2
BEL,2024,P_F51_DIC_AUD_P_USD,820.7
BEL,2024,P_F51_DIC_CAD_P_USD,2899.6
BEL,2024,P_F51_DIC_CHF_P_USD,6490
BEL,2024,P_F51_DIC_CNY_P_USD,668
BEL,2024,P_F51_DIC_EUR_P_USD,411842.8
BEL,2024,P_F51_DIC_GBP_P_USD,6303
BEL,2024,P_F51_DIC_JPY_P_USD,4473.5
BEL,2024,P_F51_DIC_OTHC_P_USD,10864.8
BEL,2024,P_F51_DIC_USD_P_USD,145340
BGD,2015,P_F3_DIC_OTHC_P_USD,3408.7
BGD,2015,P_F51_DIC_OTHC_P_USD,20
BGD,2016,P_F3_DIC_OTHC_P_USD,2831.7
BGD,2016,P_F51_DIC_OTHC_P_USD,4.9
BGD,2017,P_F3_DIC_OTHC_P_USD,3189.2
BGD,2017,P_F51_DIC_OTHC_P_USD,4.7
BGD,2018,P_F3_DIC_OTHC_P_USD,3311.5
BGD,2018,P_F51_DIC_OTHC_P_USD,7.7
BGD,2019,P_F51_DIC_OTHC_P_USD,7
BGD,2020,P_F51_DIC_OTHC_P_USD,7.9
BGD,2021,P_F51_DIC_OTHC_P_USD,11.4
BGD,2022,P_F51_DIC_OTHC_P_USD,141.5
BGD,2023,P_F51_DIC_OTHC_P_USD,82
BGD,2024,P_F3_DIC_OTHC_P_USD,0
BGD,2024,P_F51_DIC_OTHC_P_USD,89
BGR,2015,P_F3_DIC_CHF_P_USD,0
BGR,2015,P_F3_DIC_EUR_P_USD,2675.6
BGR,2015,P_F3_DIC_GBP_P_USD,38.6
BGR,2015,P_F3_DIC_JPY_P_USD,0
BGR,2015,P_F3_DIC_OTHC_P_USD,607.8
BGR,2015,P_F3_DIC_USD_P_USD,658.9
BGR,2015,P_F51_DIC_CHF_P_USD,6.9
BGR,2015,P_F51_DIC_EUR_P_USD,1011.2
BGR,2015,P_F51_DIC_GBP_P_USD,4
BGR,2015,P_F51_DIC_JPY_P_USD,28
BGR,2015,P_F51_DIC_OTHC_P_USD,58.9
BGR,2015,P_F51_DIC_USD_P_USD,427.8
BGR,2016,P_F3_DIC_CHF_P_USD,0
BGR,2016,P_F3_DIC_EUR_P_USD,2801.1
BGR,2016,P_F3_DIC_GBP_P_USD,44.8
BGR,2016,P_F3_DIC_JPY_P_USD,0
BGR,2016,P_F3_DIC_OTHC_P_USD,578.6
BGR,2016,P_F3_DIC_USD_P_USD,1092.7
BGR,2016,P_F51_DIC_CHF_P_USD,9
BGR,2016,P_F51_DIC_EUR_P_USD,1508.2
BGR,2016,P_F51_DIC_GBP_P_USD,10.1
BGR,2016,P_F51_DIC_JPY_P_USD,37.3
BGR,2016,P_F51_DIC_OTHC_P_USD,81.2
BGR,2016,P_F51_DIC_USD_P_USD,456
BGR,2017,P_F3_DIC_AUD_P_USD,9.8
BGR,2017,P_F3_DIC_CAD_P_USD,8.8
BGR,2017,P_F3_DIC_CHF_P_USD,0.3
BGR,2017,P_F3_DIC_CNY_P_USD,0
BGR,2017,P_F3_DIC_EUR_P_USD,4662.7
BGR,2017,P_F3_DIC_GBP_P_USD,10.4
BGR,2017,P_F3_DIC_JPY_P_USD,0
BGR,2017,P_F3_DIC_OTHC_P_USD,745.2
BGR,2017,P_F3_DIC_USD_P_USD,1173.4
BGR,2017,P_F51_DIC_AUD_P_USD,0.3
BGR,2017,P_F51_DIC_CAD_P_USD,2.2
BGR,2017,P_F51_DIC_CHF_P_USD,9.8
BGR,2017,P_F51_DIC_CNY_P_USD,0
BGR,2017,P_F51_DIC_EUR_P_USD,1467.4
BGR,2017,P_F51_DIC_GBP_P_USD,13.9
BGR,2017,P_F51_DIC_JPY_P_USD,53.8
BGR,2017,P_F51_DIC_OTHC_P_USD,98
BGR,2017,P_F51_DIC_USD_P_USD,602
BGR,2018,P_F3_DIC_AUD_P_USD,0.2
BGR,2018,P_F3_DIC_CAD_P_USD,0
BGR,2018,P_F3_DIC_CHF_P_USD,0.3
BGR,2018,P_F3_DIC_CNY_P_USD,0
BGR,2018,P_F3_DIC_EUR_P_USD,4814
BGR,2018,P_F3_DIC_GBP_P_USD,10.1
BGR,2018,P_F3_DIC_JPY_P_USD,0
BGR,2018,P_F3_DIC_OTHC_P_USD,656.2
BGR,2018,P_F3_DIC_USD_P_USD,1047.6
BGR,2018,P_F51_DIC_AUD_P_USD,0.2
BGR,2018,P_F51_DIC_CAD_P_USD,43.4
BGR,2018,P_F51_DIC_CHF_P_USD,13.5
BGR,2018,P_F51_DIC_CNY_P_USD,0
BGR,2018,P_F51_DIC_EUR_P_USD,1387.9
BGR,2018,P_F51_DIC_GBP_P_USD,24
BGR,2018,P_F51_DIC_JPY_P_USD,68.5
BGR,2018,P_F51_DIC_OTHC_P_USD,105
BGR,2018,P_F51_DIC_USD_P_USD,775
BGR,2019,P_F3_DIC_AUD_P_USD,0
BGR,2019,P_F3_DIC_CAD_P_USD,0
BGR,2019,P_F3_DIC_CHF_P_USD,0.3
BGR,2019,P_F3_DIC_CNY_P_USD,0
BGR,2019,P_F3_DIC_EUR_P_USD,6977.1
BGR,2019,P_F3_DIC_GBP_P_USD,10.2
BGR,2019,P_F3_DIC_JPY_P_USD,0
BGR,2019,P_F3_DIC_OTHC_P_USD,669.3
BGR,2019,P_F3_DIC_USD_P_USD,1138.9
BGR,2019,P_F51_DIC_AUD_P_USD,0.2
BGR,2019,P_F51_DIC_CAD_P_USD,38.1
BGR,2019,P_F51_DIC_CHF_P_USD,12.2
BGR,2019,P_F51_DIC_CNY_P_USD,0.1
BGR,2019,P_F51_DIC_EUR_P_USD,1252.6
BGR,2019,P_F51_DIC_GBP_P_USD,14.7
BGR,2019,P_F51_DIC_JPY_P_USD,32.8
BGR,2019,P_F51_DIC_OTHC_P_USD,115.4
BGR,2019,P_F51_DIC_USD_P_USD,805.4
BGR,2020,P_F3_DIC_AUD_P_USD,0
BGR,2020,P_F3_DIC_CAD_P_USD,0
BGR,2020,P_F3_DIC_CHF_P_USD,0.1
BGR,2020,P_F3_DIC_CNY_P_USD,0
BGR,2020,P_F3_DIC_EUR_P_USD,8442.7
BGR,2020,P_F3_DIC_GBP_P_USD,1.9
BGR,2020,P_F3_DIC_JPY_P_USD,0
BGR,2020,P_F3_DIC_OTHC_P_USD,771.1
BGR,2020,P_F3_DIC_USD_P_USD,1731.2
BGR,2020,P_F51_DIC_AUD_P_USD,0.3
BGR,2020,P_F51_DIC_CAD_P_USD,32.3
BGR,2020,P_F51_DIC_CHF_P_USD,30.1
BGR,2020,P_F51_DIC_CNY_P_USD,0.1
BGR,2020,P_F51_DIC_EUR_P_USD,1900.7
BGR,2020,P_F51_DIC_GBP_P_USD,22.9
BGR,2020,P_F51_DIC_JPY_P_USD,99.5
BGR,2020,P_F51_DIC_OTHC_P_USD,216.8
BGR,2020,P_F51_DIC_USD_P_USD,1567.4
BGR,2021,P_F3_DIC_AUD_P_USD,0
BGR,2021,P_F3_DIC_CAD_P_USD,0
BGR,2021,P_F3_DIC_CHF_P_USD,0.1
BGR,2021,P_F3_DIC_CNY_P_USD,0
BGR,2021,P_F3_DIC_EUR_P_USD,8771.4
BGR,2021,P_F3_DIC_GBP_P_USD,1.5
BGR,2021,P_F3_DIC_JPY_P_USD,0
BGR,2021,P_F3_DIC_OTHC_P_USD,732.4
BGR,2021,P_F3_DIC_USD_P_USD,1784.6
BGR,2021,P_F51_DIC_AUD_P_USD,5.8
BGR,2021,P_F51_DIC_CAD_P_USD,39.2
BGR,2021,P_F51_DIC_CHF_P_USD,33.1
BGR,2021,P_F51_DIC_CNY_P_USD,0.8
BGR,2021,P_F51_DIC_EUR_P_USD,2934.6
BGR,2021,P_F51_DIC_GBP_P_USD,23.7
BGR,2021,P_F51_DIC_JPY_P_USD,19.3
BGR,2021,P_F51_DIC_OTHC_P_USD,481.4
BGR,2021,P_F51_DIC_USD_P_USD,2061.1
BGR,2022,P_F3_DIC_AUD_P_USD,0
BGR,2022,P_F3_DIC_CAD_P_USD,0
BGR,2022,P_F3_DIC_CHF_P_USD,6.5
BGR,2022,P_F3_DIC_CNY_P_USD,0
BGR,2022,P_F3_DIC_EUR_P_USD,8218.9
BGR,2022,P_F3_DIC_GBP_P_USD,19
BGR,2022,P_F3_DIC_JPY_P_USD,0
BGR,2022,P_F3_DIC_OTHC_P_USD,852.1
BGR,2022,P_F3_DIC_USD_P_USD,1787.3
BGR,2022,P_F51_DIC_AUD_P_USD,1.2
BGR,2022,P_F51_DIC_CAD_P_USD,12.1
BGR,2022,P_F51_DIC_CHF_P_USD,29.1
BGR,2022,P_F51_DIC_CNY_P_USD,0.7
BGR,2022,P_F51_DIC_EUR_P_USD,2542.6
BGR,2022,P_F51_DIC_GBP_P_USD,19.6
BGR,2022,P_F51_DIC_JPY_P_USD,2.6
BGR,2022,P_F51_DIC_OTHC_P_USD,505.4
BGR,2022,P_F51_DIC_USD_P_USD,1974
BGR,2023,P_F3_DIC_AUD_P_USD,0
BGR,2023,P_F3_DIC_CAD_P_USD,0
BGR,2023,P_F3_DIC_CHF_P_USD,7.2
BGR,2023,P_F3_DIC_CNY_P_USD,0
BGR,2023,P_F3_DIC_EUR_P_USD,11498
BGR,2023,P_F3_DIC_GBP_P_USD,35.4
BGR,2023,P_F3_DIC_JPY_P_USD,0
BGR,2023,P_F3_DIC_OTHC_P_USD,880.3
BGR,2023,P_F3_DIC_USD_P_USD,2081.7
BGR,2023,P_F51_DIC_AUD_P_USD,2
BGR,2023,P_F51_DIC_CAD_P_USD,25.8
BGR,2023,P_F51_DIC_CHF_P_USD,32.4
BGR,2023,P_F51_DIC_CNY_P_USD,0.8
BGR,2023,P_F51_DIC_EUR_P_USD,3292.5
BGR,2023,P_F51_DIC_GBP_P_USD,30.1
BGR,2023,P_F51_DIC_JPY_P_USD,4.5
BGR,2023,P_F51_DIC_OTHC_P_USD,635.4
BGR,2023,P_F51_DIC_USD_P_USD,2068.3
BGR,2024,P_F3_DIC_AUD_P_USD,0
BGR,2024,P_F3_DIC_CAD_P_USD,0
BGR,2024,P_F3_DIC_CHF_P_USD,0.1
BGR,2024,P_F3_DIC_CNY_P_USD,0
BGR,2024,P_F3_DIC_EUR_P_USD,14428.1
BGR,2024,P_F3_DIC_GBP_P_USD,29.6
BGR,2024,P_F3_DIC_JPY_P_USD,0
BGR,2024,P_F3_DIC_OTHC_P_USD,816
BGR,2024,P_F3_DIC_USD_P_USD,2321
BGR,2024,P_F51_DIC_AUD_P_USD,2
BGR,2024,P_F51_DIC_CAD_P_USD,6.9
BGR,2024,P_F51_DIC_CHF_P_USD,29.5
BGR,2024,P_F51_DIC_CNY_P_USD,1.5
BGR,2024,P_F51_DIC_EUR_P_USD,3923
BGR,2024,P_F51_DIC_GBP_P_USD,32.2
BGR,2024,P_F51_DIC_JPY_P_USD,5.9
BGR,2024,P_F51_DIC_OTHC_P_USD,714
BGR,2024,P_F51_DIC_USD_P_USD,2523.9
BHR,2017,P_F3_DIC_USD_P_USD,31239.4
BHR,2017,P_F51_DIC_USD_P_USD,8261.7
BHR,2018,P_F3_DIC_USD_P_USD,32960.8
BHR,2018,P_F51_DIC_USD_P_USD,8716.9
BHR,2019,P_F3_DIC_USD_P_USD,33990.3
BHR,2019,P_F51_DIC_USD_P_USD,8989.2
BHR,2020,P_F3_DIC_USD_P_USD,34983.5
BHR,2020,P_F51_DIC_USD_P_USD,9251.9
BHR,2021,P_F3_DIC_USD_P_USD,38429
BHR,2021,P_F51_DIC_USD_P_USD,9307.4
BHR,2022,P_F3_DIC_USD_P_USD,38500.2
BHR,2022,P_F51_DIC_USD_P_USD,10145.5
BHR,2023,P_F3_DIC_USD_P_USD,43751.1
BHR,2023,P_F51_DIC_USD_P_USD,10217.3
BHR,2024,P_F3_DIC_USD_P_USD,47468
BHR,2024,P_F51_DIC_USD_P_USD,13464.6
BHS,2018,P_F3_DIC_CHF_P_USD,1321
BHS,2018,P_F3_DIC_EUR_P_USD,1920
BHS,2018,P_F3_DIC_GBP_P_USD,2
BHS,2018,P_F3_DIC_JPY_P_USD,341
BHS,2018,P_F3_DIC_OTHC_P_USD,993
BHS,2018,P_F3_DIC_USD_P_USD,27454
BHS,2018,P_F51_DIC_USD_P_USD,12007
BHS,2019,P_F3_DIC_CHF_P_USD,1334
BHS,2019,P_F3_DIC_EUR_P_USD,1422
BHS,2019,P_F3_DIC_GBP_P_USD,15
BHS,2019,P_F3_DIC_JPY_P_USD,0
BHS,2019,P_F3_DIC_OTHC_P_USD,1685
BHS,2019,P_F3_DIC_USD_P_USD,29150.5
BHS,2019,P_F51_DIC_CHF_P_USD,0
BHS,2019,P_F51_DIC_EUR_P_USD,0
BHS,2019,P_F51_DIC_GBP_P_USD,0
BHS,2019,P_F51_DIC_JPY_P_USD,0
BHS,2019,P_F51_DIC_OTHC_P_USD,0
BHS,2019,P_F51_DIC_USD_P_USD,4062.9
BHS,2020,P_F3_DIC_AUD_P_USD,0
BHS,2020,P_F3_DIC_CAD_P_USD,0
BHS,2020,P_F3_DIC_CHF_P_USD,1057.1
BHS,2020,P_F3_DIC_CNY_P_USD,0
BHS,2020,P_F3_DIC_EUR_P_USD,912.3
BHS,2020,P_F3_DIC_GBP_P_USD,5
BHS,2020,P_F3_DIC_JPY_P_USD,0
BHS,2020,P_F3_DIC_OTHC_P_USD,2001.1
BHS,2020,P_F3_DIC_USD_P_USD,32008.7
BHS,2020,P_F51_DIC_AUD_P_USD,0
BHS,2020,P_F51_DIC_CAD_P_USD,0
BHS,2020,P_F51_DIC_CHF_P_USD,0
BHS,2020,P_F51_DIC_CNY_P_USD,0
BHS,2020,P_F51_DIC_EUR_P_USD,0
BHS,2020,P_F51_DIC_GBP_P_USD,0
BHS,2020,P_F51_DIC_JPY_P_USD,0
BHS,2020,P_F51_DIC_OTHC_P_USD,0
BHS,2020,P_F51_DIC_USD_P_USD,3834.1
BHS,2021,P_F3_DIC_AUD_P_USD,0
BHS,2021,P_F3_DIC_CAD_P_USD,0
BHS,2021,P_F3_DIC_CHF_P_USD,820.9
BHS,2021,P_F3_DIC_CNY_P_USD,0
BHS,2021,P_F3_DIC_EUR_P_USD,696.7
BHS,2021,P_F3_DIC_GBP_P_USD,12.4
BHS,2021,P_F3_DIC_JPY_P_USD,0
BHS,2021,P_F3_DIC_OTHC_P_USD,1571
BHS,2021,P_F3_DIC_USD_P_USD,32542.3
BHS,2021,P_F51_DIC_AUD_P_USD,0
BHS,2021,P_F51_DIC_CAD_P_USD,0
BHS,2021,P_F51_DIC_CHF_P_USD,0
BHS,2021,P_F51_DIC_CNY_P_USD,0
BHS,2021,P_F51_DIC_EUR_P_USD,0
BHS,2021,P_F51_DIC_GBP_P_USD,0
BHS,2021,P_F51_DIC_JPY_P_USD,0
BHS,2021,P_F51_DIC_OTHC_P_USD,0
BHS,2021,P_F51_DIC_USD_P_USD,5647
BHS,2022,P_F3_DIC_AUD_P_USD,0
BHS,2022,P_F3_DIC_CAD_P_USD,0
BHS,2022,P_F3_DIC_CHF_P_USD,1647
BHS,2022,P_F3_DIC_CNY_P_USD,0
BHS,2022,P_F3_DIC_EUR_P_USD,394.2
BHS,2022,P_F3_DIC_GBP_P_USD,8
BHS,2022,P_F3_DIC_JPY_P_USD,0
BHS,2022,P_F3_DIC_OTHC_P_USD,1494
BHS,2022,P_F3_DIC_USD_P_USD,35130.6
BHS,2022,P_F51_DIC_AUD_P_USD,0
BHS,2022,P_F51_DIC_CAD_P_USD,0
BHS,2022,P_F51_DIC_CHF_P_USD,0
BHS,2022,P_F51_DIC_CNY_P_USD,0
BHS,2022,P_F51_DIC_EUR_P_USD,0
BHS,2022,P_F51_DIC_GBP_P_USD,0
BHS,2022,P_F51_DIC_JPY_P_USD,0
BHS,2022,P_F51_DIC_OTHC_P_USD,0
BHS,2022,P_F51_DIC_USD_P_USD,5078
BHS,2023,P_F3_DIC_AUD_P_USD,0
BHS,2023,P_F3_DIC_CAD_P_USD,0
BHS,2023,P_F3_DIC_CHF_P_USD,166
BHS,2023,P_F3_DIC_CNY_P_USD,0
BHS,2023,P_F3_DIC_EUR_P_USD,689
BHS,2023,P_F3_DIC_GBP_P_USD,65
BHS,2023,P_F3_DIC_JPY_P_USD,0
BHS,2023,P_F3_DIC_OTHC_P_USD,2868
BHS,2023,P_F3_DIC_USD_P_USD,35087.4
BHS,2023,P_F51_DIC_AUD_P_USD,0
BHS,2023,P_F51_DIC_CAD_P_USD,0
BHS,2023,P_F51_DIC_CHF_P_USD,0
BHS,2023,P_F51_DIC_CNY_P_USD,0
BHS,2023,P_F51_DIC_EUR_P_USD,0
BHS,2023,P_F51_DIC_GBP_P_USD,0
BHS,2023,P_F51_DIC_JPY_P_USD,0
BHS,2023,P_F51_DIC_OTHC_P_USD,0
BHS,2023,P_F51_DIC_USD_P_USD,5477
BHS,2024,P_F3_DIC_AUD_P_USD,0
BHS,2024,P_F3_DIC_CAD_P_USD,0
BHS,2024,P_F3_DIC_CHF_P_USD,191
BHS,2024,P_F3_DIC_CNY_P_USD,0
BHS,2024,P_F3_DIC_EUR_P_USD,494.2
BHS,2024,P_F3_DIC_GBP_P_USD,4
BHS,2024,P_F3_DIC_JPY_P_USD,0
BHS,2024,P_F3_DIC_OTHC_P_USD,1932
BHS,2024,P_F3_DIC_USD_P_USD,37139.3
BHS,2024,P_F51_DIC_AUD_P_USD,0
BHS,2024,P_F51_DIC_CAD_P_USD,0
BHS,2024,P_F51_DIC_CHF_P_USD,0
BHS,2024,P_F51_DIC_CNY_P_USD,0
BHS,2024,P_F51_DIC_EUR_P_USD,0
BHS,2024,P_F51_DIC_GBP_P_USD,0
BHS,2024,P_F51_DIC_JPY_P_USD,0
BHS,2024,P_F51_DIC_OTHC_P_USD,0
BHS,2024,P_F51_DIC_USD_P_USD,3394
BMU,2016,P_F3_DIC_USD_P_USD,447208.5
BMU,2016,P_F51_DIC_USD_P_USD,99220.2
BMU,2017,P_F3_DIC_USD_P_USD,530881.2
BMU,2017,P_F51_DIC_USD_P_USD,90493.6
BRA,2015,P_F3_DIC_CHF_P_USD,18.5
BRA,2015,P_F3_DIC_EUR_P_USD,249.9
BRA,2015,P_F3_DIC_GBP_P_USD,24.6
BRA,2015,P_F3_DIC_JPY_P_USD,0
BRA,2015,P_F3_DIC_OTHC_P_USD,245.2
BRA,2015,P_F3_DIC_USD_P_USD,7521.1
BRA,2015,P_F51_DIC_CHF_P_USD,174
BRA,2015,P_F51_DIC_EUR_P_USD,3469.7
BRA,2015,P_F51_DIC_GBP_P_USD,155.8
BRA,2015,P_F51_DIC_JPY_P_USD,15.3
BRA,2015,P_F51_DIC_OTHC_P_USD,1184.1
BRA,2015,P_F51_DIC_USD_P_USD,17857.7
BRA,2016,P_F3_DIC_AUD_P_USD,4.4
BRA,2016,P_F3_DIC_CAD_P_USD,1.9
BRA,2016,P_F3_DIC_CHF_P_USD,12.3
BRA,2016,P_F3_DIC_CNY_P_USD,0
BRA,2016,P_F3_DIC_EUR_P_USD,146.9
BRA,2016,P_F3_DIC_GBP_P_USD,79.8
BRA,2016,P_F3_DIC_JPY_P_USD,0
BRA,2016,P_F3_DIC_OTHC_P_USD,311.3
BRA,2016,P_F3_DIC_USD_P_USD,8517.4
BRA,2016,P_F51_DIC_AUD_P_USD,8
BRA,2016,P_F51_DIC_CAD_P_USD,24.4
BRA,2016,P_F51_DIC_CHF_P_USD,122.9
BRA,2016,P_F51_DIC_CNY_P_USD,0.6
BRA,2016,P_F51_DIC_EUR_P_USD,2886.4
BRA,2016,P_F51_DIC_GBP_P_USD,128.9
BRA,2016,P_F51_DIC_JPY_P_USD,18.8
BRA,2016,P_F51_DIC_OTHC_P_USD,1524.7
BRA,2016,P_F51_DIC_USD_P_USD,17807.9
BRA,2017,P_F3_DIC_AUD_P_USD,1
BRA,2017,P_F3_DIC_CAD_P_USD,1.4
BRA,2017,P_F3_DIC_CHF_P_USD,14.9
BRA,2017,P_F3_DIC_CNY_P_USD,0
BRA,2017,P_F3_DIC_EUR_P_USD,206.1
BRA,2017,P_F3_DIC_GBP_P_USD,82.8
BRA,2017,P_F3_DIC_JPY_P_USD,0.1
BRA,2017,P_F3_DIC_OTHC_P_USD,617.5
BRA,2017,P_F3_DIC_USD_P_USD,8137.9
BRA,2017,P_F51_DIC_AUD_P_USD,11.6
BRA,2017,P_F51_DIC_CAD_P_USD,34
BRA,2017,P_F51_DIC_CHF_P_USD,258.8
BRA,2017,P_F51_DIC_CNY_P_USD,2.3
BRA,2017,P_F51_DIC_EUR_P_USD,2254.7
BRA,2017,P_F51_DIC_GBP_P_USD,183
BRA,2017,P_F51_DIC_JPY_P_USD,23.7
BRA,2017,P_F51_DIC_OTHC_P_USD,4286.9
BRA,2017,P_F51_DIC_USD_P_USD,24058.5
BRA,2018,P_F3_DIC_AUD_P_USD,0.7
BRA,2018,P_F3_DIC_CAD_P_USD,2.3
BRA,2018,P_F3_DIC_CHF_P_USD,8.2
BRA,2018,P_F3_DIC_CNY_P_USD,0
BRA,2018,P_F3_DIC_EUR_P_USD,157.4
BRA,2018,P_F3_DIC_GBP_P_USD,79.7
BRA,2018,P_F3_DIC_JPY_P_USD,0
BRA,2018,P_F3_DIC_OTHC_P_USD,1149
BRA,2018,P_F3_DIC_USD_P_USD,8764.7
BRA,2018,P_F51_DIC_AUD_P_USD,10.5
BRA,2018,P_F51_DIC_CAD_P_USD,31.4
BRA,2018,P_F51_DIC_CHF_P_USD,146.9
BRA,2018,P_F51_DIC_CNY_P_USD,1.3
BRA,2018,P_F51_DIC_EUR_P_USD,1809.7
BRA,2018,P_F51_DIC_GBP_P_USD,220.6
BRA,2018,P_F51_DIC_JPY_P_USD,23.4
BRA,2018,P_F51_DIC_OTHC_P_USD,3079.6
BRA,2018,P_F51_DIC_USD_P_USD,25403.8
BRA,2019,P_F3_DIC_AUD_P_USD,0.6
BRA,2019,P_F3_DIC_CAD_P_USD,5.4
BRA,2019,P_F3_DIC_CHF_P_USD,8
BRA,2019,P_F3_DIC_CNY_P_USD,0.8
BRA,2019,P_F3_DIC_EUR_P_USD,206.5
BRA,2019,P_F3_DIC_GBP_P_USD,149.1
BRA,2019,P_F3_DIC_JPY_P_USD,1
BRA,2019,P_F3_DIC_OTHC_P_USD,1658.7
BRA,2019,P_F3_DIC_USD_P_USD,7983.4
BRA,2019,P_F51_DIC_AUD_P_USD,12
BRA,2019,P_F51_DIC_CAD_P_USD,44.3
BRA,2019,P_F51_DIC_CHF_P_USD,201.5
BRA,2019,P_F51_DIC_CNY_P_USD,1.1
BRA,2019,P_F51_DIC_EUR_P_USD,1910.3
BRA,2019,P_F51_DIC_GBP_P_USD,186.9
BRA,2019,P_F51_DIC_JPY_P_USD,25.6
BRA,2019,P_F51_DIC_OTHC_P_USD,2495.3
BRA,2019,P_F51_DIC_USD_P_USD,32362.2
BRA,2020,P_F3_DIC_AUD_P_USD,0.2
BRA,2020,P_F3_DIC_CAD_P_USD,1.3
BRA,2020,P_F3_DIC_CHF_P_USD,13.9
BRA,2020,P_F3_DIC_CNY_P_USD,0.4
BRA,2020,P_F3_DIC_EUR_P_USD,202.7
BRA,2020,P_F3_DIC_GBP_P_USD,6.9
BRA,2020,P_F3_DIC_JPY_P_USD,0.7
BRA,2020,P_F3_DIC_OTHC_P_USD,608.7
BRA,2020,P_F3_DIC_USD_P_USD,6695.9
BRA,2020,P_F51_DIC_AUD_P_USD,18.3
BRA,2020,P_F51_DIC_CAD_P_USD,36.1
BRA,2020,P_F51_DIC_CHF_P_USD,147
BRA,2020,P_F51_DIC_CNY_P_USD,5.5
BRA,2020,P_F51_DIC_EUR_P_USD,1929
BRA,2020,P_F51_DIC_GBP_P_USD,170.7
BRA,2020,P_F51_DIC_JPY_P_USD,12.7
BRA,2020,P_F51_DIC_OTHC_P_USD,2758.2
BRA,2020,P_F51_DIC_USD_P_USD,30158.6
BRA,2021,P_F3_DIC_AUD_P_USD,1.3
BRA,2021,P_F3_DIC_CAD_P_USD,1.5
BRA,2021,P_F3_DIC_CHF_P_USD,6.1
BRA,2021,P_F3_DIC_CNY_P_USD,0.9
BRA,2021,P_F3_DIC_EUR_P_USD,201.3
BRA,2021,P_F3_DIC_GBP_P_USD,5.8
BRA,2021,P_F3_DIC_JPY_P_USD,0.6
BRA,2021,P_F3_DIC_OTHC_P_USD,1810.6
BRA,2021,P_F3_DIC_USD_P_USD,8904.7
BRA,2021,P_F51_DIC_AUD_P_USD,13.8
BRA,2021,P_F51_DIC_CAD_P_USD,75.8
BRA,2021,P_F51_DIC_CHF_P_USD,190.4
BRA,2021,P_F51_DIC_CNY_P_USD,1.5
BRA,2021,P_F51_DIC_EUR_P_USD,2732.2
BRA,2021,P_F51_DIC_GBP_P_USD,165.1
BRA,2021,P_F51_DIC_JPY_P_USD,12
BRA,2021,P_F51_DIC_OTHC_P_USD,7001.8
BRA,2021,P_F51_DIC_USD_P_USD,40252.3
BRA,2022,P_F3_DIC_AUD_P_USD,1.2
BRA,2022,P_F3_DIC_CAD_P_USD,0.6
BRA,2022,P_F3_DIC_CHF_P_USD,14.1
BRA,2022,P_F3_DIC_CNY_P_USD,0
BRA,2022,P_F3_DIC_EUR_P_USD,438.6
BRA,2022,P_F3_DIC_GBP_P_USD,6.1
BRA,2022,P_F3_DIC_JPY_P_USD,0.5
BRA,2022,P_F3_DIC_OTHC_P_USD,2356.9
BRA,2022,P_F3_DIC_USD_P_USD,9478.9
BRA,2022,P_F51_DIC_AUD_P_USD,7.8
BRA,2022,P_F51_DIC_CAD_P_USD,103.3
BRA,2022,P_F51_DIC_CHF_P_USD,164.4
BRA,2022,P_F51_DIC_CNY_P_USD,0.1
BRA,2022,P_F51_DIC_EUR_P_USD,1950.7
BRA,2022,P_F51_DIC_GBP_P_USD,126.4
BRA,2022,P_F51_DIC_JPY_P_USD,9.5
BRA,2022,P_F51_DIC_OTHC_P_USD,5025.3
BRA,2022,P_F51_DIC_USD_P_USD,28574.3
BRA,2023,P_F3_DIC_AUD_P_USD,1.3
BRA,2023,P_F3_DIC_CAD_P_USD,2.8
BRA,2023,P_F3_DIC_CHF_P_USD,5.6
BRA,2023,P_F3_DIC_CNY_P_USD,0.3
BRA,2023,P_F3_DIC_EUR_P_USD,294.3
BRA,2023,P_F3_DIC_GBP_P_USD,7.7
BRA,2023,P_F3_DIC_JPY_P_USD,0.5
BRA,2023,P_F3_DIC_OTHC_P_USD,4673.3
BRA,2023,P_F3_DIC_USD_P_USD,11227.5
BRA,2023,P_F51_DIC_AUD_P_USD,7.2
BRA,2023,P_F51_DIC_CAD_P_USD,115.8
BRA,2023,P_F51_DIC_CHF_P_USD,165.2
BRA,2023,P_F51_DIC_CNY_P_USD,0
BRA,2023,P_F51_DIC_EUR_P_USD,2170.7
BRA,2023,P_F51_DIC_GBP_P_USD,138.8
BRA,2023,P_F51_DIC_JPY_P_USD,12.8
BRA,2023,P_F51_DIC_OTHC_P_USD,6954.6
BRA,2023,P_F51_DIC_USD_P_USD,33712
BRA,2024,P_F3_DIC_AUD_P_USD,0.2
BRA,2024,P_F3_DIC_CAD_P_USD,2.3
BRA,2024,P_F3_DIC_CHF_P_USD,5.2
BRA,2024,P_F3_DIC_CNY_P_USD,0.1
BRA,2024,P_F3_DIC_EUR_P_USD,800.4
BRA,2024,P_F3_DIC_GBP_P_USD,7.7
BRA,2024,P_F3_DIC_JPY_P_USD,0.4
BRA,2024,P_F3_DIC_OTHC_P_USD,7260.6
BRA,2024,P_F3_DIC_USD_P_USD,9564.4
BRA,2024,P_F51_DIC_AUD_P_USD,7
BRA,2024,P_F51_DIC_CAD_P_USD,65
BRA,2024,P_F51_DIC_CHF_P_USD,172.2
BRA,2024,P_F51_DIC_CNY_P_USD,0
BRA,2024,P_F51_DIC_EUR_P_USD,2389.4
BRA,2024,P_F51_DIC_GBP_P_USD,201.3
BRA,2024,P_F51_DIC_JPY_P_USD,11.4
BRA,2024,P_F51_DIC_OTHC_P_USD,6777.5
BRA,2024,P_F51_DIC_USD_P_USD,35449
CAN,2015,P_F3_DIC_CAD_P_USD,20718.9
CAN,2015,P_F3_DIC_EUR_P_USD,10194.4
CAN,2015,P_F3_DIC_GBP_P_USD,6937.1
CAN,2015,P_F3_DIC_JPY_P_USD,8887.3
CAN,2015,P_F3_DIC_OTHC_P_USD,51999.3
CAN,2015,P_F3_DIC_USD_P_USD,176263.7
CAN,2015,P_F51_DIC_EUR_P_USD,105692.2
CAN,2015,P_F51_DIC_GBP_P_USD,66144.5
CAN,2015,P_F51_DIC_JPY_P_USD,49793.4
CAN,2015,P_F51_DIC_OTHC_P_USD,142576.6
CAN,2015,P_F51_DIC_USD_P_USD,562231.9
CAN,2016,P_F3_DIC_AUD_P_USD,1747.2
CAN,2016,P_F3_DIC_CAD_P_USD,21451.6
CAN,2016,P_F3_DIC_CHF_P_USD,71.5
CAN,2016,P_F3_DIC_CNY_P_USD,17.9
CAN,2016,P_F3_DIC_EUR_P_USD,8999.8
CAN,2016,P_F3_DIC_GBP_P_USD,6379.7
CAN,2016,P_F3_DIC_JPY_P_USD,8932.7
CAN,2016,P_F3_DIC_OTHC_P_USD,59947.9
CAN,2016,P_F3_DIC_USD_P_USD,207192.2
CAN,2016,P_F51_DIC_AUD_P_USD,13436.4
CAN,2016,P_F51_DIC_CHF_P_USD,25480
CAN,2016,P_F51_DIC_CNY_P_USD,20828.9
CAN,2016,P_F51_DIC_EUR_P_USD,104989.2
CAN,2016,P_F51_DIC_GBP_P_USD,63125
CAN,2016,P_F51_DIC_JPY_P_USD,55266.3
CAN,2016,P_F51_DIC_OTHC_P_USD,107359.1
CAN,2016,P_F51_DIC_USD_P_USD,622312.5
CAN,2017,P_F3_DIC_AUD_P_USD,1580.7
CAN,2017,P_F3_DIC_CAD_P_USD,26585.1
CAN,2017,P_F3_DIC_CHF_P_USD,33.5
CAN,2017,P_F3_DIC_CNY_P_USD,20.7
CAN,2017,P_F3_DIC_EUR_P_USD,12507.8
CAN,2017,P_F3_DIC_GBP_P_USD,5419.7
CAN,2017,P_F3_DIC_JPY_P_USD,10094.9
CAN,2017,P_F3_DIC_OTHC_P_USD,77825.4
CAN,2017,P_F3_DIC_USD_P_USD,230699.9
CAN,2017,P_F51_DIC_AUD_P_USD,17844.6
CAN,2017,P_F51_DIC_CHF_P_USD,29144.7
CAN,2017,P_F51_DIC_CNY_P_USD,34022.3
CAN,2017,P_F51_DIC_EUR_P_USD,139544.8
CAN,2017,P_F51_DIC_GBP_P_USD,86043.8
CAN,2017,P_F51_DIC_JPY_P_USD,63458.7
CAN,2017,P_F51_DIC_OTHC_P_USD,147432.4
CAN,2017,P_F51_DIC_USD_P_USD,815819.1
CAN,2018,P_F3_DIC_AUD_P_USD,1648.7
CAN,2018,P_F3_DIC_CAD_P_USD,29419.4
CAN,2018,P_F3_DIC_CHF_P_USD,37.4
CAN,2018,P_F3_DIC_CNY_P_USD,21.3
CAN,2018,P_F3_DIC_EUR_P_USD,13801
CAN,2018,P_F3_DIC_GBP_P_USD,5696.8
CAN,2018,P_F3_DIC_JPY_P_USD,9705.3
CAN,2018,P_F3_DIC_OTHC_P_USD,89228.8
CAN,2018,P_F3_DIC_USD_P_USD,249354.9
CAN,2018,P_F51_DIC_AUD_P_USD,15437.3
CAN,2018,P_F51_DIC_CHF_P_USD,26626.3
CAN,2018,P_F51_DIC_CNY_P_USD,23444
CAN,2018,P_F51_DIC_EUR_P_USD,116501
CAN,2018,P_F51_DIC_GBP_P_USD,73069.4
CAN,2018,P_F51_DIC_JPY_P_USD,55151.4
CAN,2018,P_F51_DIC_OTHC_P_USD,132881
CAN,2018,P_F51_DIC_USD_P_USD,757748.7
CAN,2019,P_F3_DIC_AUD_P_USD,1876.9
CAN,2019,P_F3_DIC_CAD_P_USD,30033.7
CAN,2019,P_F3_DIC_CHF_P_USD,54.4
CAN,2019,P_F3_DIC_CNY_P_USD,23.7
CAN,2019,P_F3_DIC_EUR_P_USD,13956.7
CAN,2019,P_F3_DIC_GBP_P_USD,6437.7
CAN,2019,P_F3_DIC_JPY_P_USD,12530.1
CAN,2019,P_F3_DIC_OTHC_P_USD,104536.3
CAN,2019,P_F3_DIC_USD_P_USD,349091.8
CAN,2019,P_F51_DIC_AUD_P_USD,18262.5
CAN,2019,P_F51_DIC_CHF_P_USD,34645.1
CAN,2019,P_F51_DIC_CNY_P_USD,31016.2
CAN,2019,P_F51_DIC_EUR_P_USD,140953.4
CAN,2019,P_F51_DIC_GBP_P_USD,85825.1
CAN,2019,P_F51_DIC_JPY_P_USD,64298.2
CAN,2019,P_F51_DIC_OTHC_P_USD,147100.1
CAN,2019,P_F51_DIC_USD_P_USD,848423.3
CAN,2020,P_F3_DIC_AUD_P_USD,2633
CAN,2020,P_F3_DIC_CAD_P_USD,24538.7
CAN,2020,P_F3_DIC_CHF_P_USD,619.2
CAN,2020,P_F3_DIC_CNY_P_USD,1732.3
CAN,2020,P_F3_DIC_EUR_P_USD,20594.3
CAN,2020,P_F3_DIC_GBP_P_USD,15620.7
CAN,2020,P_F3_DIC_JPY_P_USD,13585.1
CAN,2020,P_F3_DIC_OTHC_P_USD,97126.6
CAN,2020,P_F3_DIC_USD_P_USD,316968
CAN,2020,P_F51_DIC_AUD_P_USD,20441.8
CAN,2020,P_F51_DIC_CHF_P_USD,39731.6
CAN,2020,P_F51_DIC_CNY_P_USD,21348
CAN,2020,P_F51_DIC_EUR_P_USD,159406.5
CAN,2020,P_F51_DIC_GBP_P_USD,79373.1
CAN,2020,P_F51_DIC_JPY_P_USD,73995
CAN,2020,P_F51_DIC_OTHC_P_USD,168340.9
CAN,2020,P_F51_DIC_USD_P_USD,1100720.3
CAN,2021,P_F3_DIC_AUD_P_USD,2516.1
CAN,2021,P_F3_DIC_CAD_P_USD,41110
CAN,2021,P_F3_DIC_CHF_P_USD,183.4
CAN,2021,P_F3_DIC_CNY_P_USD,2693.4
CAN,2021,P_F3_DIC_EUR_P_USD,30653.7
CAN,2021,P_F3_DIC_GBP_P_USD,9973.6
CAN,2021,P_F3_DIC_JPY_P_USD,9417.8
CAN,2021,P_F3_DIC_OTHC_P_USD,99402.3
CAN,2021,P_F3_DIC_USD_P_USD,366638.9
CAN,2021,P_F51_DIC_AUD_P_USD,9979.8
CAN,2021,P_F51_DIC_CHF_P_USD,25908.3
CAN,2021,P_F51_DIC_CNY_P_USD,7468.3
CAN,2021,P_F51_DIC_EUR_P_USD,114320.2
CAN,2021,P_F51_DIC_GBP_P_USD,49392.9
CAN,2021,P_F51_DIC_JPY_P_USD,48873.7
CAN,2021,P_F51_DIC_OTHC_P_USD,312858.9
CAN,2021,P_F51_DIC_USD_P_USD,1436597
CAN,2022,P_F3_DIC_AUD_P_USD,2695
CAN,2022,P_F3_DIC_CAD_P_USD,43698.4
CAN,2022,P_F3_DIC_CHF_P_USD,103.7
CAN,2022,P_F3_DIC_CNY_P_USD,657.2
CAN,2022,P_F3_DIC_EUR_P_USD,38006.3
CAN,2022,P_F3_DIC_GBP_P_USD,10681.5
CAN,2022,P_F3_DIC_JPY_P_USD,15504.7
CAN,2022,P_F3_DIC_OTHC_P_USD,65305.4
CAN,2022,P_F3_DIC_USD_P_USD,416713.2
CAN,2022,P_F51_DIC_AUD_P_USD,11243.8
CAN,2022,P_F51_DIC_CHF_P_USD,18561.3
CAN,2022,P_F51_DIC_CNY_P_USD,16248.6
CAN,2022,P_F51_DIC_EUR_P_USD,110682.2
CAN,2022,P_F51_DIC_GBP_P_USD,44386.5
CAN,2022,P_F51_DIC_JPY_P_USD,37635.8
CAN,2022,P_F51_DIC_OTHC_P_USD,174808.5
CAN,2022,P_F51_DIC_USD_P_USD,1179949.3
CAN,2023,P_F3_DIC_AUD_P_USD,2524.5
CAN,2023,P_F3_DIC_CAD_P_USD,43995.3
CAN,2023,P_F3_DIC_CHF_P_USD,32.4
CAN,2023,P_F3_DIC_CNY_P_USD,557.4
CAN,2023,P_F3_DIC_EUR_P_USD,42771.9
CAN,2023,P_F3_DIC_GBP_P_USD,10169.7
CAN,2023,P_F3_DIC_JPY_P_USD,11246.8
CAN,2023,P_F3_DIC_OTHC_P_USD,69163.5
CAN,2023,P_F3_DIC_USD_P_USD,496422.5
CAN,2023,P_F51_DIC_AUD_P_USD,17729.7
CAN,2023,P_F51_DIC_CHF_P_USD,22583.3
CAN,2023,P_F51_DIC_CNY_P_USD,9928.3
CAN,2023,P_F51_DIC_EUR_P_USD,130118.4
CAN,2023,P_F51_DIC_GBP_P_USD,53346.7
CAN,2023,P_F51_DIC_JPY_P_USD,41513
CAN,2023,P_F51_DIC_OTHC_P_USD,224300
CAN,2023,P_F51_DIC_USD_P_USD,1423047.2
CAN,2024,P_F3_DIC_AUD_P_USD,3444.7
CAN,2024,P_F3_DIC_CAD_P_USD,40887.3
CAN,2024,P_F3_DIC_CHF_P_USD,27.1
CAN,2024,P_F3_DIC_CNY_P_USD,835.1
CAN,2024,P_F3_DIC_EUR_P_USD,46144.7
CAN,2024,P_F3_DIC_GBP_P_USD,12519.8
CAN,2024,P_F3_DIC_JPY_P_USD,5585.9
CAN,2024,P_F3_DIC_OTHC_P_USD,70618.6
CAN,2024,P_F3_DIC_USD_P_USD,540201.8
CAN,2024,P_F51_DIC_AUD_P_USD,17526.8
CAN,2024,P_F51_DIC_CHF_P_USD,22344.5
CAN,2024,P_F51_DIC_CNY_P_USD,9194.9
CAN,2024,P_F51_DIC_EUR_P_USD,131631.9
CAN,2024,P_F51_DIC_GBP_P_USD,58341
CAN,2024,P_F51_DIC_JPY_P_USD,45847.6
CAN,2024,P_F51_DIC_OTHC_P_USD,227375.1
CAN,2024,P_F51_DIC_USD_P_USD,1684570.6
CHE,2015,P_F3_DIC_CHF_P_USD,181733.6
CHE,2015,P_F3_DIC_EUR_P_USD,163128.2
CHE,2015,P_F3_DIC_GBP_P_USD,23374.7
CHE,2015,P_F3_DIC_JPY_P_USD,6954.6
CHE,2015,P_F3_DIC_OTHC_P_USD,46850
CHE,2015,P_F3_DIC_USD_P_USD,230285.2
CHE,2015,P_F51_DIC_CHF_P_USD,104240.9
CHE,2015,P_F51_DIC_EUR_P_USD,141388.3
CHE,2015,P_F51_DIC_GBP_P_USD,26695.3
CHE,2015,P_F51_DIC_JPY_P_USD,19592.3
CHE,2015,P_F51_DIC_OTHC_P_USD,41850.3
CHE,2015,P_F51_DIC_USD_P_USD,244492.5
CHE,2016,P_F3_DIC_CHF_P_USD,158246.1
CHE,2016,P_F3_DIC_EUR_P_USD,165122.7
CHE,2016,P_F3_DIC_GBP_P_USD,19796.1
CHE,2016,P_F3_DIC_JPY_P_USD,7054.8
CHE,2016,P_F3_DIC_OTHC_P_USD,44768.4
CHE,2016,P_F3_DIC_USD_P_USD,249195.4
CHE,2016,P_F51_DIC_CHF_P_USD,107171.9
CHE,2016,P_F51_DIC_EUR_P_USD,142043.7
CHE,2016,P_F51_DIC_GBP_P_USD,31023.2
CHE,2016,P_F51_DIC_JPY_P_USD,19830
CHE,2016,P_F51_DIC_OTHC_P_USD,45827.6
CHE,2016,P_F51_DIC_USD_P_USD,270808.8
CHE,2017,P_F3_DIC_CHF_P_USD,151228.4
CHE,2017,P_F3_DIC_EUR_P_USD,182052.2
CHE,2017,P_F3_DIC_GBP_P_USD,22397.8
CHE,2017,P_F3_DIC_JPY_P_USD,7615.7
CHE,2017,P_F3_DIC_OTHC_P_USD,48740.1
CHE,2017,P_F3_DIC_USD_P_USD,255153.9
CHE,2017,P_F51_DIC_CHF_P_USD,126346.2
CHE,2017,P_F51_DIC_EUR_P_USD,177956.8
CHE,2017,P_F51_DIC_GBP_P_USD,40004.1
CHE,2017,P_F51_DIC_JPY_P_USD,24573.7
CHE,2017,P_F51_DIC_OTHC_P_USD,59003.3
CHE,2017,P_F51_DIC_USD_P_USD,315138
CHE,2018,P_F3_DIC_CHF_P_USD,140663.4
CHE,2018,P_F3_DIC_EUR_P_USD,171372.8
CHE,2018,P_F3_DIC_GBP_P_USD,19326.2
CHE,2018,P_F3_DIC_JPY_P_USD,10727.7
CHE,2018,P_F3_DIC_OTHC_P_USD,41907.3
CHE,2018,P_F3_DIC_USD_P_USD,251769.8
CHE,2018,P_F51_DIC_CHF_P_USD,122139
CHE,2018,P_F51_DIC_EUR_P_USD,156493.3
CHE,2018,P_F51_DIC_GBP_P_USD,31686.7
CHE,2018,P_F51_DIC_JPY_P_USD,20956.9
CHE,2018,P_F51_DIC_OTHC_P_USD,52344.6
CHE,2018,P_F51_DIC_USD_P_USD,292436.8
CHE,2019,P_F3_DIC_CHF_P_USD,146313.9
CHE,2019,P_F3_DIC_EUR_P_USD,187136
CHE,2019,P_F3_DIC_GBP_P_USD,21875.8
CHE,2019,P_F3_DIC_JPY_P_USD,12659.9
CHE,2019,P_F3_DIC_OTHC_P_USD,44923.6
CHE,2019,P_F3_DIC_USD_P_USD,268414.7
CHE,2019,P_F51_DIC_CHF_P_USD,131684
CHE,2019,P_F51_DIC_EUR_P_USD,184966.3
CHE,2019,P_F51_DIC_GBP_P_USD,34446.6
CHE,2019,P_F51_DIC_JPY_P_USD,26192.4
CHE,2019,P_F51_DIC_OTHC_P_USD,65510.6
CHE,2019,P_F51_DIC_USD_P_USD,352042.9
CHE,2020,P_F3_DIC_CHF_P_USD,155417.7
CHE,2020,P_F3_DIC_EUR_P_USD,213181
CHE,2020,P_F3_DIC_GBP_P_USD,24081.4
CHE,2020,P_F3_DIC_JPY_P_USD,20737.3
CHE,2020,P_F3_DIC_OTHC_P_USD,44678.3
CHE,2020,P_F3_DIC_USD_P_USD,282490.4
CHE,2020,P_F51_DIC_CHF_P_USD,149421.4
CHE,2020,P_F51_DIC_EUR_P_USD,206652.4
CHE,2020,P_F51_DIC_GBP_P_USD,35744.4
CHE,2020,P_F51_DIC_JPY_P_USD,28811.1
CHE,2020,P_F51_DIC_OTHC_P_USD,75823.8
CHE,2020,P_F51_DIC_USD_P_USD,449440.5
CHE,2021,P_F3_DIC_CHF_P_USD,152149.6
CHE,2021,P_F3_DIC_EUR_P_USD,195507.3
CHE,2021,P_F3_DIC_GBP_P_USD,22373
CHE,2021,P_F3_DIC_JPY_P_USD,14114.8
CHE,2021,P_F3_DIC_OTHC_P_USD,43270.8
CHE,2021,P_F3_DIC_USD_P_USD,284814.5
CHE,2021,P_F51_DIC_CHF_P_USD,168796.1
CHE,2021,P_F51_DIC_EUR_P_USD,225356.9
CHE,2021,P_F51_DIC_GBP_P_USD,41479.1
CHE,2021,P_F51_DIC_JPY_P_USD,29321.6
CHE,2021,P_F51_DIC_OTHC_P_USD,81483.5
CHE,2021,P_F51_DIC_USD_P_USD,527880.4
CHE,2022,P_F3_DIC_CHF_P_USD,141795.4
CHE,2022,P_F3_DIC_EUR_P_USD,171772.5
CHE,2022,P_F3_DIC_GBP_P_USD,17393.4
CHE,2022,P_F3_DIC_JPY_P_USD,11804.8
CHE,2022,P_F3_DIC_OTHC_P_USD,37080.5
CHE,2022,P_F3_DIC_USD_P_USD,280196.9
CHE,2022,P_F51_DIC_CHF_P_USD,142848.7
CHE,2022,P_F51_DIC_EUR_P_USD,187913.4
CHE,2022,P_F51_DIC_GBP_P_USD,36947.9
CHE,2022,P_F51_DIC_JPY_P_USD,24853.9
CHE,2022,P_F51_DIC_OTHC_P_USD,68993.7
CHE,2022,P_F51_DIC_USD_P_USD,448254.3
CHE,2023,P_F3_DIC_CHF_P_USD,166668.5
CHE,2023,P_F3_DIC_EUR_P_USD,202622.4
CHE,2023,P_F3_DIC_GBP_P_USD,23584.2
CHE,2023,P_F3_DIC_JPY_P_USD,13083.2
CHE,2023,P_F3_DIC_OTHC_P_USD,39087.6
CHE,2023,P_F3_DIC_USD_P_USD,307379.8
CHE,2023,P_F51_DIC_CHF_P_USD,156873.9
CHE,2023,P_F51_DIC_EUR_P_USD,201147.5
CHE,2023,P_F51_DIC_GBP_P_USD,37686.4
CHE,2023,P_F51_DIC_JPY_P_USD,30022.5
CHE,2023,P_F51_DIC_OTHC_P_USD,78134
CHE,2023,P_F51_DIC_USD_P_USD,532095.8
CHE,2024,P_F3_DIC_CHF_P_USD,157111.4
CHE,2024,P_F3_DIC_EUR_P_USD,197875
CHE,2024,P_F3_DIC_GBP_P_USD,23049.8
CHE,2024,P_F3_DIC_JPY_P_USD,11960.9
CHE,2024,P_F3_DIC_OTHC_P_USD,38546.5
CHE,2024,P_F3_DIC_USD_P_USD,326582.8
CHE,2024,P_F51_DIC_CHF_P_USD,153495.6
CHE,2024,P_F51_DIC_EUR_P_USD,199721.4
CHE,2024,P_F51_DIC_GBP_P_USD,35372.7
CHE,2024,P_F51_DIC_JPY_P_USD,31813
CHE,2024,P_F51_DIC_OTHC_P_USD,80773.8
CHE,2024,P_F51_DIC_USD_P_USD,609472
COL,2015,P_F3_DIC_CHF_P_USD,0
COL,2015,P_F3_DIC_EUR_P_USD,312.8
COL,2015,P_F3_DIC_GBP_P_USD,73.3
COL,2015,P_F3_DIC_JPY_P_USD,0
COL,2015,P_F3_DIC_OTHC_P_USD,2188.1
COL,2015,P_F3_DIC_USD_P_USD,7663.5
COL,2015,P_F51_DIC_CHF_P_USD,0
COL,2015,P_F51_DIC_EUR_P_USD,1174.1
COL,2015,P_F51_DIC_GBP_P_USD,0
COL,2015,P_F51_DIC_JPY_P_USD,2.8
COL,2015,P_F51_DIC_OTHC_P_USD,36.3
COL,2015,P_F51_DIC_USD_P_USD,16366.5
COL,2016,P_F3_DIC_CHF_P_USD,31.5
COL,2016,P_F3_DIC_EUR_P_USD,402.3
COL,2016,P_F3_DIC_GBP_P_USD,149.5
COL,2016,P_F3_DIC_JPY_P_USD,2.2
COL,2016,P_F3_DIC_OTHC_P_USD,2212.3
COL,2016,P_F3_DIC_USD_P_USD,8893.1
COL,2016,P_F51_DIC_CHF_P_USD,0
COL,2016,P_F51_DIC_EUR_P_USD,2176.2
COL,2016,P_F51_DIC_GBP_P_USD,9.8
COL,2016,P_F51_DIC_JPY_P_USD,12.8
COL,2016,P_F51_DIC_OTHC_P_USD,58.8
COL,2016,P_F51_DIC_USD_P_USD,16030.4
COL,2017,P_F3_DIC_AUD_P_USD,236
COL,2017,P_F3_DIC_CAD_P_USD,352.5
COL,2017,P_F3_DIC_CHF_P_USD,0
COL,2017,P_F3_DIC_CNY_P_USD,0
COL,2017,P_F3_DIC_EUR_P_USD,683
COL,2017,P_F3_DIC_GBP_P_USD,223.6
COL,2017,P_F3_DIC_JPY_P_USD,0
COL,2017,P_F3_DIC_OTHC_P_USD,2443.5
COL,2017,P_F3_DIC_USD_P_USD,9993.6
COL,2017,P_F51_DIC_AUD_P_USD,0
COL,2017,P_F51_DIC_CAD_P_USD,24
COL,2017,P_F51_DIC_CHF_P_USD,0
COL,2017,P_F51_DIC_CNY_P_USD,0
COL,2017,P_F51_DIC_EUR_P_USD,3461.5
COL,2017,P_F51_DIC_GBP_P_USD,106.8
COL,2017,P_F51_DIC_JPY_P_USD,564.1
COL,2017,P_F51_DIC_OTHC_P_USD,406
COL,2017,P_F51_DIC_USD_P_USD,19867
COL,2018,P_F3_DIC_AUD_P_USD,281.2
COL,2018,P_F3_DIC_CAD_P_USD,471.3
COL,2018,P_F3_DIC_CHF_P_USD,0
COL,2018,P_F3_DIC_CNY_P_USD,0
COL,2018,P_F3_DIC_EUR_P_USD,731.6
COL,2018,P_F3_DIC_GBP_P_USD,204.2
COL,2018,P_F3_DIC_JPY_P_USD,0
COL,2018,P_F3_DIC_OTHC_P_USD,2507.3
COL,2018,P_F3_DIC_USD_P_USD,9815
COL,2018,P_F51_DIC_AUD_P_USD,0
COL,2018,P_F51_DIC_CAD_P_USD,18.8
COL,2018,P_F51_DIC_CHF_P_USD,0
COL,2018,P_F51_DIC_CNY_P_USD,0
COL,2018,P_F51_DIC_EUR_P_USD,1964
COL,2018,P_F51_DIC_GBP_P_USD,155.7
COL,2018,P_F51_DIC_JPY_P_USD,435.1
COL,2018,P_F51_DIC_OTHC_P_USD,273.5
COL,2018,P_F51_DIC_USD_P_USD,20051.5
COL,2019,P_F3_DIC_AUD_P_USD,288.5
COL,2019,P_F3_DIC_CAD_P_USD,516.8
COL,2019,P_F3_DIC_CHF_P_USD,0
COL,2019,P_F3_DIC_CNY_P_USD,0
COL,2019,P_F3_DIC_EUR_P_USD,830.3
COL,2019,P_F3_DIC_GBP_P_USD,287.1
COL,2019,P_F3_DIC_JPY_P_USD,0
COL,2019,P_F3_DIC_OTHC_P_USD,3469.4
COL,2019,P_F3_DIC_USD_P_USD,11472.4
COL,2019,P_F51_DIC_AUD_P_USD,7.5
COL,2019,P_F51_DIC_CAD_P_USD,32.8
COL,2019,P_F51_DIC_CHF_P_USD,10.2
COL,2019,P_F51_DIC_CNY_P_USD,1.8
COL,2019,P_F51_DIC_EUR_P_USD,2224.9
COL,2019,P_F51_DIC_GBP_P_USD,203.1
COL,2019,P_F51_DIC_JPY_P_USD,371.2
COL,2019,P_F51_DIC_OTHC_P_USD,229.4
COL,2019,P_F51_DIC_USD_P_USD,22823.1
COL,2020,P_F3_DIC_AUD_P_USD,175.2
COL,2020,P_F3_DIC_CAD_P_USD,243.8
COL,2020,P_F3_DIC_CHF_P_USD,6
COL,2020,P_F3_DIC_CNY_P_USD,0
COL,2020,P_F3_DIC_EUR_P_USD,1849.6
COL,2020,P_F3_DIC_GBP_P_USD,226.5
COL,2020,P_F3_DIC_JPY_P_USD,994.2
COL,2020,P_F3_DIC_OTHC_P_USD,2663.1
COL,2020,P_F3_DIC_USD_P_USD,6720.2
COL,2020,P_F51_DIC_AUD_P_USD,2
COL,2020,P_F51_DIC_CAD_P_USD,5.3
COL,2020,P_F51_DIC_CHF_P_USD,2.8
COL,2020,P_F51_DIC_CNY_P_USD,0.7
COL,2020,P_F51_DIC_EUR_P_USD,2843.4
COL,2020,P_F51_DIC_GBP_P_USD,540.6
COL,2020,P_F51_DIC_JPY_P_USD,666.1
COL,2020,P_F51_DIC_OTHC_P_USD,132
COL,2020,P_F51_DIC_USD_P_USD,32493.8
COL,2021,P_F3_DIC_AUD_P_USD,118.4
COL,2021,P_F3_DIC_CAD_P_USD,268.7
COL,2021,P_F3_DIC_CHF_P_USD,4.2
COL,2021,P_F3_DIC_CNY_P_USD,0
COL,2021,P_F3_DIC_EUR_P_USD,1779.2
COL,2021,P_F3_DIC_GBP_P_USD,195.6
COL,2021,P_F3_DIC_JPY_P_USD,1016
COL,2021,P_F3_DIC_OTHC_P_USD,2743.4
COL,2021,P_F3_DIC_USD_P_USD,5521.9
COL,2021,P_F51_DIC_AUD_P_USD,1.3
COL,2021,P_F51_DIC_CAD_P_USD,7.1
COL,2021,P_F51_DIC_CHF_P_USD,2
COL,2021,P_F51_DIC_CNY_P_USD,0.4
COL,2021,P_F51_DIC_EUR_P_USD,3962.8
COL,2021,P_F51_DIC_GBP_P_USD,862.8
COL,2021,P_F51_DIC_JPY_P_USD,711.3
COL,2021,P_F51_DIC_OTHC_P_USD,222.6
COL,2021,P_F51_DIC_USD_P_USD,40563.8
COL,2022,P_F3_DIC_AUD_P_USD,35.8
COL,2022,P_F3_DIC_CAD_P_USD,179.6
COL,2022,P_F3_DIC_CHF_P_USD,2.7
COL,2022,P_F3_DIC_CNY_P_USD,0
COL,2022,P_F3_DIC_EUR_P_USD,317.5
COL,2022,P_F3_DIC_GBP_P_USD,58.2
COL,2022,P_F3_DIC_JPY_P_USD,196.5
COL,2022,P_F3_DIC_OTHC_P_USD,1955.8
COL,2022,P_F3_DIC_USD_P_USD,7111.9
COL,2022,P_F51_DIC_AUD_P_USD,1.4
COL,2022,P_F51_DIC_CAD_P_USD,3.3
COL,2022,P_F51_DIC_CHF_P_USD,1.8
COL,2022,P_F51_DIC_CNY_P_USD,0
COL,2022,P_F51_DIC_EUR_P_USD,2994.9
COL,2022,P_F51_DIC_GBP_P_USD,487.4
COL,2022,P_F51_DIC_JPY_P_USD,475.6
COL,2022,P_F51_DIC_OTHC_P_USD,104.7
COL,2022,P_F51_DIC_USD_P_USD,36320.8
COL,2023,P_F3_DIC_AUD_P_USD,37
COL,2023,P_F3_DIC_CAD_P_USD,219.7
COL,2023,P_F3_DIC_CHF_P_USD,1.7
COL,2023,P_F3_DIC_CNY_P_USD,0
COL,2023,P_F3_DIC_EUR_P_USD,440.5
COL,2023,P_F3_DIC_GBP_P_USD,40.6
COL,2023,P_F3_DIC_JPY_P_USD,208.6
COL,2023,P_F3_DIC_OTHC_P_USD,2396
COL,2023,P_F3_DIC_USD_P_USD,11663.8
COL,2023,P_F51_DIC_AUD_P_USD,1.6
COL,2023,P_F51_DIC_CAD_P_USD,5.6
COL,2023,P_F51_DIC_CHF_P_USD,2.1
COL,2023,P_F51_DIC_CNY_P_USD,0
COL,2023,P_F51_DIC_EUR_P_USD,3136.6
COL,2023,P_F51_DIC_GBP_P_USD,526
COL,2023,P_F51_DIC_JPY_P_USD,419.9
COL,2023,P_F51_DIC_OTHC_P_USD,611.5
COL,2023,P_F51_DIC_USD_P_USD,41650.2
COL,2024,P_F3_DIC_AUD_P_USD,36.9
COL,2024,P_F3_DIC_CAD_P_USD,136.6
COL,2024,P_F3_DIC_CHF_P_USD,1.6
COL,2024,P_F3_DIC_CNY_P_USD,0
COL,2024,P_F3_DIC_EUR_P_USD,495
COL,2024,P_F3_DIC_GBP_P_USD,155.3
COL,2024,P_F3_DIC_JPY_P_USD,146.2
COL,2024,P_F3_DIC_OTHC_P_USD,2685.8
COL,2024,P_F3_DIC_USD_P_USD,12362.9
COL,2024,P_F51_DIC_AUD_P_USD,2.9
COL,2024,P_F51_DIC_CAD_P_USD,7.4
COL,2024,P_F51_DIC_CHF_P_USD,3.7
COL,2024,P_F51_DIC_CNY_P_USD,0
COL,2024,P_F51_DIC_EUR_P_USD,3152.3
COL,2024,P_F51_DIC_GBP_P_USD,804.6
COL,2024,P_F51_DIC_JPY_P_USD,350.7
COL,2024,P_F51_DIC_OTHC_P_USD,135.8
COL,2024,P_F51_DIC_USD_P_USD,48505.6
CRI,2015,P_F3_DIC_EUR_P_USD,43
CRI,2015,P_F3_DIC_OTHC_P_USD,8.8
CRI,2015,P_F3_DIC_USD_P_USD,985.3
CRI,2015,P_F51_DIC_USD_P_USD,264.1
CRI,2016,P_F3_DIC_EUR_P_USD,30.1
CRI,2016,P_F3_DIC_USD_P_USD,938.8
CRI,2016,P_F51_DIC_USD_P_USD,416.4
CRI,2017,P_F3_DIC_EUR_P_USD,0.4
CRI,2017,P_F3_DIC_OTHC_P_USD,0.6
CRI,2017,P_F3_DIC_USD_P_USD,798.4
CRI,2017,P_F51_DIC_USD_P_USD,1016.9
CRI,2018,P_F3_DIC_CAD_P_USD,0
CRI,2018,P_F3_DIC_EUR_P_USD,6
CRI,2018,P_F3_DIC_OTHC_P_USD,0.6
CRI,2018,P_F3_DIC_USD_P_USD,1101.4
CRI,2018,P_F51_DIC_USD_P_USD,1501.1
CRI,2019,P_F3_DIC_EUR_P_USD,0.3
CRI,2019,P_F3_DIC_OTHC_P_USD,0.5
CRI,2019,P_F3_DIC_USD_P_USD,1225.9
CRI,2019,P_F51_DIC_USD_P_USD,1845.8
CRI,2021,P_F3_DIC_EUR_P_USD,0.1
CRI,2021,P_F3_DIC_OTHC_P_USD,1.4
CRI,2021,P_F3_DIC_USD_P_USD,1522.1
CRI,2021,P_F51_DIC_USD_P_USD,5114.5
CRI,2022,P_F3_DIC_USD_P_USD,1833.3
CRI,2022,P_F51_DIC_USD_P_USD,4851.6
CRI,2024,P_F3_DIC_USD_P_USD,3537.5
CRI,2024,P_F51_DIC_USD_P_USD,10384.7
CYM,2015,P_F3_DIC_USD_P_USD,1005859
CYM,2015,P_F51_DIC_USD_P_USD,678572
CYM,2016,P_F3_DIC_CHF_P_USD,111
CYM,2016,P_F3_DIC_EUR_P_USD,14826
CYM,2016,P_F3_DIC_GBP_P_USD,5035
CYM,2016,P_F3_DIC_JPY_P_USD,152589
CYM,2016,P_F3_DIC_OTHC_P_USD,5442
CYM,2016,P_F3_DIC_USD_P_USD,915845
CYM,2016,P_F51_DIC_CHF_P_USD,1298
CYM,2016,P_F51_DIC_EUR_P_USD,19696
CYM,2016,P_F51_DIC_GBP_P_USD,6433
CYM,2016,P_F51_DIC_JPY_P_USD,32938
CYM,2016,P_F51_DIC_OTHC_P_USD,4055
CYM,2016,P_F51_DIC_USD_P_USD,634853
CYM,2017,P_F3_DIC_AUD_P_USD,1326
CYM,2017,P_F3_DIC_CAD_P_USD,2478
CYM,2017,P_F3_DIC_CHF_P_USD,330
CYM,2017,P_F3_DIC_CNY_P_USD,651
CYM,2017,P_F3_DIC_EUR_P_USD,11828
CYM,2017,P_F3_DIC_GBP_P_USD,5024
CYM,2017,P_F3_DIC_JPY_P_USD,178588
CYM,2017,P_F3_DIC_OTHC_P_USD,1290
CYM,2017,P_F3_DIC_USD_P_USD,833446
CYM,2017,P_F51_DIC_AUD_P_USD,5042
CYM,2017,P_F51_DIC_CAD_P_USD,139
CYM,2017,P_F51_DIC_CHF_P_USD,1386
CYM,2017,P_F51_DIC_CNY_P_USD,258
CYM,2017,P_F51_DIC_EUR_P_USD,15009
CYM,2017,P_F51_DIC_GBP_P_USD,5954
CYM,2017,P_F51_DIC_JPY_P_USD,42433
CYM,2017,P_F51_DIC_OTHC_P_USD,3284
CYM,2017,P_F51_DIC_USD_P_USD,838493
CYM,2018,P_F3_DIC_AUD_P_USD,2335
CYM,2018,P_F3_DIC_CAD_P_USD,5532
CYM,2018,P_F3_DIC_CHF_P_USD,896
CYM,2018,P_F3_DIC_CNY_P_USD,1697
CYM,2018,P_F3_DIC_EUR_P_USD,14665
CYM,2018,P_F3_DIC_GBP_P_USD,4065
CYM,2018,P_F3_DIC_JPY_P_USD,209487
CYM,2018,P_F3_DIC_OTHC_P_USD,1651
CYM,2018,P_F3_DIC_USD_P_USD,1299881
CYM,2018,P_F51_DIC_AUD_P_USD,2196
CYM,2018,P_F51_DIC_CAD_P_USD,132
CYM,2018,P_F51_DIC_CHF_P_USD,664
CYM,2018,P_F51_DIC_CNY_P_USD,429
CYM,2018,P_F51_DIC_EUR_P_USD,17158
CYM,2018,P_F51_DIC_GBP_P_USD,4670
CYM,2018,P_F51_DIC_JPY_P_USD,43438
CYM,2018,P_F51_DIC_OTHC_P_USD,2938
CYM,2018,P_F51_DIC_USD_P_USD,732472
CYM,2019,P_F3_DIC_AUD_P_USD,2560
CYM,2019,P_F3_DIC_CAD_P_USD,5083
CYM,2019,P_F3_DIC_CHF_P_USD,86
CYM,2019,P_F3_DIC_CNY_P_USD,2150
CYM,2019,P_F3_DIC_EUR_P_USD,5795
CYM,2019,P_F3_DIC_GBP_P_USD,2424
CYM,2019,P_F3_DIC_JPY_P_USD,251607
CYM,2019,P_F3_DIC_OTHC_P_USD,4965
CYM,2019,P_F3_DIC_USD_P_USD,1301986.2
CYM,2019,P_F51_DIC_AUD_P_USD,2254
CYM,2019,P_F51_DIC_CAD_P_USD,619
CYM,2019,P_F51_DIC_CHF_P_USD,464
CYM,2019,P_F51_DIC_CNY_P_USD,421
CYM,2019,P_F51_DIC_EUR_P_USD,15169
CYM,2019,P_F51_DIC_GBP_P_USD,2270
CYM,2019,P_F51_DIC_JPY_P_USD,36546
CYM,2019,P_F51_DIC_OTHC_P_USD,1808
CYM,2019,P_F51_DIC_USD_P_USD,661780
CYM,2020,P_F3_DIC_AUD_P_USD,341
CYM,2020,P_F3_DIC_CAD_P_USD,6463
CYM,2020,P_F3_DIC_CHF_P_USD,222
CYM,2020,P_F3_DIC_CNY_P_USD,3937
CYM,2020,P_F3_DIC_EUR_P_USD,21691
CYM,2020,P_F3_DIC_GBP_P_USD,6975
CYM,2020,P_F3_DIC_JPY_P_USD,294196
CYM,2020,P_F3_DIC_OTHC_P_USD,2787
CYM,2020,P_F3_DIC_USD_P_USD,1560378.8
CYM,2020,P_F51_DIC_AUD_P_USD,2203
CYM,2020,P_F51_DIC_CAD_P_USD,1481
CYM,2020,P_F51_DIC_CHF_P_USD,761
CYM,2020,P_F51_DIC_CNY_P_USD,649
CYM,2020,P_F51_DIC_EUR_P_USD,20971
CYM,2020,P_F51_DIC_GBP_P_USD,4677
CYM,2020,P_F51_DIC_JPY_P_USD,42681
CYM,2020,P_F51_DIC_OTHC_P_USD,4914
CYM,2020,P_F51_DIC_USD_P_USD,1350445.4
CYM,2021,P_F3_DIC_AUD_P_USD,1787.2
CYM,2021,P_F3_DIC_CAD_P_USD,4756.8
CYM,2021,P_F3_DIC_CHF_P_USD,261.3
CYM,2021,P_F3_DIC_CNY_P_USD,502.9
CYM,2021,P_F3_DIC_EUR_P_USD,18405.7
CYM,2021,P_F3_DIC_GBP_P_USD,2525.1
CYM,2021,P_F3_DIC_JPY_P_USD,323643.9
CYM,2021,P_F3_DIC_OTHC_P_USD,7292.2
CYM,2021,P_F3_DIC_USD_P_USD,1106539.5
CYM,2021,P_F51_DIC_AUD_P_USD,2593.7
CYM,2021,P_F51_DIC_CAD_P_USD,2869.7
CYM,2021,P_F51_DIC_CHF_P_USD,652.8
CYM,2021,P_F51_DIC_CNY_P_USD,282.4
CYM,2021,P_F51_DIC_EUR_P_USD,21771.4
CYM,2021,P_F51_DIC_GBP_P_USD,5630.3
CYM,2021,P_F51_DIC_JPY_P_USD,52912.7
CYM,2021,P_F51_DIC_OTHC_P_USD,10660.7
CYM,2021,P_F51_DIC_USD_P_USD,1313312.4
CYM,2022,P_F3_DIC_AUD_P_USD,1635
CYM,2022,P_F3_DIC_CAD_P_USD,6501
CYM,2022,P_F3_DIC_CHF_P_USD,1014
CYM,2022,P_F3_DIC_CNY_P_USD,2045
CYM,2022,P_F3_DIC_EUR_P_USD,14875
CYM,2022,P_F3_DIC_GBP_P_USD,2481
CYM,2022,P_F3_DIC_JPY_P_USD,257072
CYM,2022,P_F3_DIC_OTHC_P_USD,4307
CYM,2022,P_F3_DIC_USD_P_USD,1490651.7
CYM,2022,P_F51_DIC_AUD_P_USD,3108
CYM,2022,P_F51_DIC_CAD_P_USD,1422
CYM,2022,P_F51_DIC_CHF_P_USD,598
CYM,2022,P_F51_DIC_CNY_P_USD,1233
CYM,2022,P_F51_DIC_EUR_P_USD,17113
CYM,2022,P_F51_DIC_GBP_P_USD,2528
CYM,2022,P_F51_DIC_JPY_P_USD,48325
CYM,2022,P_F51_DIC_OTHC_P_USD,10286
CYM,2022,P_F51_DIC_USD_P_USD,1021321.7
CYM,2023,P_F3_DIC_AUD_P_USD,1344
CYM,2023,P_F3_DIC_CAD_P_USD,3434
CYM,2023,P_F3_DIC_CHF_P_USD,248674
CYM,2023,P_F3_DIC_CNY_P_USD,1992
CYM,2023,P_F3_DIC_EUR_P_USD,30441
CYM,2023,P_F3_DIC_GBP_P_USD,3636
CYM,2023,P_F3_DIC_JPY_P_USD,253936
CYM,2023,P_F3_DIC_OTHC_P_USD,7644
CYM,2023,P_F3_DIC_USD_P_USD,1997593.5
CYM,2023,P_F51_DIC_AUD_P_USD,6274
CYM,2023,P_F51_DIC_CAD_P_USD,2173
CYM,2023,P_F51_DIC_CHF_P_USD,58000
CYM,2023,P_F51_DIC_CNY_P_USD,2558
CYM,2023,P_F51_DIC_EUR_P_USD,73144
CYM,2023,P_F51_DIC_GBP_P_USD,12705
CYM,2023,P_F51_DIC_JPY_P_USD,45297
CYM,2023,P_F51_DIC_OTHC_P_USD,14954
CYM,2023,P_F51_DIC_USD_P_USD,2926074.4
CYM,2024,P_F3_DIC_AUD_P_USD,818.6
CYM,2024,P_F3_DIC_CAD_P_USD,7293
CYM,2024,P_F3_DIC_CHF_P_USD,486.2
CYM,2024,P_F3_DIC_CNY_P_USD,869.2
CYM,2024,P_F3_DIC_EUR_P_USD,33888.3
CYM,2024,P_F3_DIC_GBP_P_USD,2865.1
CYM,2024,P_F3_DIC_JPY_P_USD,273423
CYM,2024,P_F3_DIC_OTHC_P_USD,7683.4
CYM,2024,P_F3_DIC_USD_P_USD,2818981.7
CYM,2024,P_F51_DIC_AUD_P_USD,6482.1
CYM,2024,P_F51_DIC_CAD_P_USD,2074.7
CYM,2024,P_F51_DIC_CHF_P_USD,919
CYM,2024,P_F51_DIC_CNY_P_USD,2312.6
CYM,2024,P_F51_DIC_EUR_P_USD,71792.4
CYM,2024,P_F51_DIC_GBP_P_USD,14772.6
CYM,2024,P_F51_DIC_JPY_P_USD,79234.2
CYM,2024,P_F51_DIC_OTHC_P_USD,15518.4
CYM,2024,P_F51_DIC_USD_P_USD,3551838.8
CYP,2015,P_F3_DIC_CNY_P_USD,0
CYP,2015,P_F3_DIC_EUR_P_USD,5232.1
CYP,2015,P_F3_DIC_GBP_P_USD,94.5
CYP,2015,P_F3_DIC_JPY_P_USD,0
CYP,2015,P_F3_DIC_USD_P_USD,2118.6
CYP,2015,P_F51_DIC_AUD_P_USD,0.4
CYP,2015,P_F51_DIC_CAD_P_USD,45.2
CYP,2015,P_F51_DIC_CHF_P_USD,9.4
CYP,2015,P_F51_DIC_CNY_P_USD,0.1
CYP,2015,P_F51_DIC_EUR_P_USD,1558.5
CYP,2015,P_F51_DIC_GBP_P_USD,-3
CYP,2015,P_F51_DIC_JPY_P_USD,5.2
CYP,2015,P_F51_DIC_OTHC_P_USD,2313.9
CYP,2015,P_F51_DIC_USD_P_USD,541.1
CYP,2016,P_F3_DIC_AUD_P_USD,3.9
CYP,2016,P_F3_DIC_CAD_P_USD,1.4
CYP,2016,P_F3_DIC_CHF_P_USD,5.6
CYP,2016,P_F3_DIC_CNY_P_USD,0
CYP,2016,P_F3_DIC_EUR_P_USD,5358
CYP,2016,P_F3_DIC_GBP_P_USD,70.1
CYP,2016,P_F3_DIC_JPY_P_USD,0
CYP,2016,P_F3_DIC_OTHC_P_USD,628.7
CYP,2016,P_F3_DIC_USD_P_USD,3290.1
CYP,2016,P_F51_DIC_AUD_P_USD,1.7
CYP,2016,P_F51_DIC_CHF_P_USD,43.7
CYP,2016,P_F51_DIC_EUR_P_USD,2084.6
CYP,2016,P_F51_DIC_GBP_P_USD,-16.8
CYP,2016,P_F51_DIC_JPY_P_USD,9.1
CYP,2016,P_F51_DIC_OTHC_P_USD,3479.9
CYP,2016,P_F51_DIC_USD_P_USD,806.4
CYP,2017,P_F3_DIC_CHF_P_USD,37.2
CYP,2017,P_F3_DIC_CNY_P_USD,0
CYP,2017,P_F3_DIC_EUR_P_USD,7379.7
CYP,2017,P_F3_DIC_GBP_P_USD,61.7
CYP,2017,P_F3_DIC_JPY_P_USD,0
CYP,2017,P_F3_DIC_OTHC_P_USD,538.7
CYP,2017,P_F3_DIC_USD_P_USD,3777.5
CYP,2017,P_F51_DIC_CHF_P_USD,22.4
CYP,2017,P_F51_DIC_EUR_P_USD,3235.5
CYP,2017,P_F51_DIC_GBP_P_USD,53.3
CYP,2017,P_F51_DIC_JPY_P_USD,4.6
CYP,2017,P_F51_DIC_OTHC_P_USD,3974.3
CYP,2017,P_F51_DIC_USD_P_USD,1590.2
CYP,2018,P_F3_DIC_AUD_P_USD,2
CYP,2018,P_F3_DIC_CAD_P_USD,0.5
CYP,2018,P_F3_DIC_CHF_P_USD,14.9
CYP,2018,P_F3_DIC_CNY_P_USD,0
CYP,2018,P_F3_DIC_EUR_P_USD,7799.1
CYP,2018,P_F3_DIC_GBP_P_USD,77.9
CYP,2018,P_F3_DIC_JPY_P_USD,0
CYP,2018,P_F3_DIC_OTHC_P_USD,578.6
CYP,2018,P_F3_DIC_USD_P_USD,4640.2
CYP,2018,P_F51_DIC_AUD_P_USD,1.2
CYP,2018,P_F51_DIC_CAD_P_USD,11.5
CYP,2018,P_F51_DIC_CHF_P_USD,28.1
CYP,2018,P_F51_DIC_CNY_P_USD,3.1
CYP,2018,P_F51_DIC_EUR_P_USD,2822.4
CYP,2018,P_F51_DIC_GBP_P_USD,-86.4
CYP,2018,P_F51_DIC_JPY_P_USD,4.3
CYP,2018,P_F51_DIC_OTHC_P_USD,5120.8
CYP,2018,P_F51_DIC_USD_P_USD,1406.6
CYP,2019,P_F3_DIC_CAD_P_USD,0.4
CYP,2019,P_F3_DIC_CHF_P_USD,29.5
CYP,2019,P_F3_DIC_CNY_P_USD,0
CYP,2019,P_F3_DIC_EUR_P_USD,9037.6
CYP,2019,P_F3_DIC_GBP_P_USD,77.7
CYP,2019,P_F3_DIC_OTHC_P_USD,771
CYP,2019,P_F3_DIC_USD_P_USD,4554.6
CYP,2019,P_F51_DIC_AUD_P_USD,2.8
CYP,2019,P_F51_DIC_CAD_P_USD,95
CYP,2019,P_F51_DIC_CHF_P_USD,45.4
CYP,2019,P_F51_DIC_CNY_P_USD,3.6
CYP,2019,P_F51_DIC_EUR_P_USD,3699.2
CYP,2019,P_F51_DIC_GBP_P_USD,234.2
CYP,2019,P_F51_DIC_JPY_P_USD,5
CYP,2019,P_F51_DIC_OTHC_P_USD,8988.6
CYP,2019,P_F51_DIC_USD_P_USD,2094.8
CYP,2020,P_F3_DIC_AUD_P_USD,2.6
CYP,2020,P_F3_DIC_CAD_P_USD,0.7
CYP,2020,P_F3_DIC_CHF_P_USD,21.7
CYP,2020,P_F3_DIC_EUR_P_USD,10929.7
CYP,2020,P_F3_DIC_GBP_P_USD,66.3
CYP,2020,P_F3_DIC_OTHC_P_USD,846.6
CYP,2020,P_F3_DIC_USD_P_USD,4604.9
CYP,2020,P_F51_DIC_AUD_P_USD,5.2
CYP,2020,P_F51_DIC_CHF_P_USD,119.2
CYP,2020,P_F51_DIC_CNY_P_USD,3.3
CYP,2020,P_F51_DIC_EUR_P_USD,4658.6
CYP,2020,P_F51_DIC_GBP_P_USD,268.1
CYP,2020,P_F51_DIC_OTHC_P_USD,3519.8
CYP,2020,P_F51_DIC_USD_P_USD,3070.6
CYP,2021,P_F3_DIC_AUD_P_USD,2.2
CYP,2021,P_F3_DIC_CHF_P_USD,14
CYP,2021,P_F3_DIC_CNY_P_USD,1.6
CYP,2021,P_F3_DIC_EUR_P_USD,10543.4
CYP,2021,P_F3_DIC_GBP_P_USD,68.2
CYP,2021,P_F3_DIC_OTHC_P_USD,1240.9
CYP,2021,P_F3_DIC_USD_P_USD,4226.8
CYP,2021,P_F51_DIC_AUD_P_USD,64.9
CYP,2021,P_F51_DIC_CHF_P_USD,168
CYP,2021,P_F51_DIC_CNY_P_USD,10.7
CYP,2021,P_F51_DIC_EUR_P_USD,5650
CYP,2021,P_F51_DIC_GBP_P_USD,165.9
CYP,2021,P_F51_DIC_OTHC_P_USD,4242.6
CYP,2021,P_F51_DIC_USD_P_USD,5395.7
CYP,2022,P_F3_DIC_AUD_P_USD,2.1
CYP,2022,P_F3_DIC_CHF_P_USD,8.5
CYP,2022,P_F3_DIC_EUR_P_USD,10342.9
CYP,2022,P_F3_DIC_GBP_P_USD,92.4
CYP,2022,P_F3_DIC_JPY_P_USD,0
CYP,2022,P_F3_DIC_OTHC_P_USD,1388.6
CYP,2022,P_F3_DIC_USD_P_USD,4654.7
CYP,2022,P_F51_DIC_AUD_P_USD,44
CYP,2022,P_F51_DIC_CAD_P_USD,263.1
CYP,2022,P_F51_DIC_CHF_P_USD,124.5
CYP,2022,P_F51_DIC_CNY_P_USD,12.4
CYP,2022,P_F51_DIC_EUR_P_USD,5254.7
CYP,2022,P_F51_DIC_GBP_P_USD,139.5
CYP,2022,P_F51_DIC_JPY_P_USD,9.3
CYP,2022,P_F51_DIC_OTHC_P_USD,1531.8
CYP,2022,P_F51_DIC_USD_P_USD,4084.2
CYP,2023,P_F3_DIC_AUD_P_USD,6.2
CYP,2023,P_F3_DIC_CAD_P_USD,0.5
CYP,2023,P_F3_DIC_CHF_P_USD,17.3
CYP,2023,P_F3_DIC_EUR_P_USD,14165.2
CYP,2023,P_F3_DIC_GBP_P_USD,67.8
CYP,2023,P_F3_DIC_USD_P_USD,4621.2
CYP,2023,P_F51_DIC_AUD_P_USD,36.4
CYP,2023,P_F51_DIC_CAD_P_USD,183.2
CYP,2023,P_F51_DIC_CHF_P_USD,144.7
CYP,2023,P_F51_DIC_CNY_P_USD,18.9
CYP,2023,P_F51_DIC_EUR_P_USD,6571.9
CYP,2023,P_F51_DIC_GBP_P_USD,142
CYP,2023,P_F51_DIC_JPY_P_USD,8.8
CYP,2023,P_F51_DIC_OTHC_P_USD,892.6
CYP,2023,P_F51_DIC_USD_P_USD,4056.2
CYP,2024,P_F3_DIC_AUD_P_USD,8.7
CYP,2024,P_F3_DIC_CAD_P_USD,0.7
CYP,2024,P_F3_DIC_CHF_P_USD,13.9
CYP,2024,P_F3_DIC_EUR_P_USD,15959.8
CYP,2024,P_F3_DIC_GBP_P_USD,94.2
CYP,2024,P_F3_DIC_JPY_P_USD,0
CYP,2024,P_F3_DIC_USD_P_USD,5486.8
CYP,2024,P_F51_DIC_AUD_P_USD,23.7
CYP,2024,P_F51_DIC_CAD_P_USD,110.6
CYP,2024,P_F51_DIC_CHF_P_USD,173.1
CYP,2024,P_F51_DIC_CNY_P_USD,24
CYP,2024,P_F51_DIC_EUR_P_USD,7913.3
CYP,2024,P_F51_DIC_GBP_P_USD,183.3
CYP,2024,P_F51_DIC_JPY_P_USD,23.1
CYP,2024,P_F51_DIC_OTHC_P_USD,713.6
CYP,2024,P_F51_DIC_USD_P_USD,5640.2
CZE,2015,P_F3_DIC_CHF_P_USD,0.6
CZE,2015,P_F3_DIC_EUR_P_USD,5536.9
CZE,2015,P_F3_DIC_GBP_P_USD,22.3
CZE,2015,P_F3_DIC_JPY_P_USD,0
CZE,2015,P_F3_DIC_OTHC_P_USD,7623
CZE,2015,P_F3_DIC_USD_P_USD,2251.2
CZE,2015,P_F51_DIC_CHF_P_USD,66.7
CZE,2015,P_F51_DIC_EUR_P_USD,3480.7
CZE,2015,P_F51_DIC_GBP_P_USD,85.3
CZE,2015,P_F51_DIC_JPY_P_USD,75.2
CZE,2015,P_F51_DIC_OTHC_P_USD,7180.6
CZE,2015,P_F51_DIC_USD_P_USD,2354.4
CZE,2016,P_F3_DIC_CHF_P_USD,1.2
CZE,2016,P_F3_DIC_EUR_P_USD,5310.1
CZE,2016,P_F3_DIC_GBP_P_USD,22.9
CZE,2016,P_F3_DIC_JPY_P_USD,0
CZE,2016,P_F3_DIC_OTHC_P_USD,7079.9
CZE,2016,P_F3_DIC_USD_P_USD,2679.2
CZE,2016,P_F51_DIC_CHF_P_USD,65.8
CZE,2016,P_F51_DIC_EUR_P_USD,3994.1
CZE,2016,P_F51_DIC_GBP_P_USD,119.2
CZE,2016,P_F51_DIC_JPY_P_USD,80.7
CZE,2016,P_F51_DIC_OTHC_P_USD,7247
CZE,2016,P_F51_DIC_USD_P_USD,2786.5
CZE,2017,P_F3_DIC_CHF_P_USD,2.8
CZE,2017,P_F3_DIC_EUR_P_USD,5687.2
CZE,2017,P_F3_DIC_GBP_P_USD,29.3
CZE,2017,P_F3_DIC_JPY_P_USD,0
CZE,2017,P_F3_DIC_OTHC_P_USD,8174
CZE,2017,P_F3_DIC_USD_P_USD,2893.3
CZE,2017,P_F51_DIC_CHF_P_USD,99.2
CZE,2017,P_F51_DIC_EUR_P_USD,6057.9
CZE,2017,P_F51_DIC_GBP_P_USD,216.3
CZE,2017,P_F51_DIC_JPY_P_USD,138.1
CZE,2017,P_F51_DIC_OTHC_P_USD,8741.6
CZE,2017,P_F51_DIC_USD_P_USD,4478.9
CZE,2018,P_F3_DIC_AUD_P_USD,20.3
CZE,2018,P_F3_DIC_CAD_P_USD,1.3
CZE,2018,P_F3_DIC_CHF_P_USD,2.4
CZE,2018,P_F3_DIC_CNY_P_USD,0
CZE,2018,P_F3_DIC_EUR_P_USD,6390.9
CZE,2018,P_F3_DIC_GBP_P_USD,22.3
CZE,2018,P_F3_DIC_JPY_P_USD,0
CZE,2018,P_F3_DIC_OTHC_P_USD,5101.6
CZE,2018,P_F3_DIC_USD_P_USD,3287.6
CZE,2018,P_F51_DIC_AUD_P_USD,13.3
CZE,2018,P_F51_DIC_CAD_P_USD,42.3
CZE,2018,P_F51_DIC_CHF_P_USD,133.1
CZE,2018,P_F51_DIC_CNY_P_USD,7.9
CZE,2018,P_F51_DIC_EUR_P_USD,6030.5
CZE,2018,P_F51_DIC_GBP_P_USD,167.7
CZE,2018,P_F51_DIC_JPY_P_USD,116.8
CZE,2018,P_F51_DIC_OTHC_P_USD,6669.6
CZE,2018,P_F51_DIC_USD_P_USD,3961.6
CZE,2019,P_F3_DIC_AUD_P_USD,16.8
CZE,2019,P_F3_DIC_CAD_P_USD,1.7
CZE,2019,P_F3_DIC_CHF_P_USD,0.8
CZE,2019,P_F3_DIC_CNY_P_USD,0
CZE,2019,P_F3_DIC_EUR_P_USD,6095.7
CZE,2019,P_F3_DIC_GBP_P_USD,22.9
CZE,2019,P_F3_DIC_JPY_P_USD,0
CZE,2019,P_F3_DIC_OTHC_P_USD,5110.3
CZE,2019,P_F3_DIC_USD_P_USD,3135.4
CZE,2019,P_F51_DIC_AUD_P_USD,7.4
CZE,2019,P_F51_DIC_CAD_P_USD,56.4
CZE,2019,P_F51_DIC_CHF_P_USD,154.8
CZE,2019,P_F51_DIC_CNY_P_USD,7.2
CZE,2019,P_F51_DIC_EUR_P_USD,7028.4
CZE,2019,P_F51_DIC_GBP_P_USD,235.1
CZE,2019,P_F51_DIC_JPY_P_USD,104.5
CZE,2019,P_F51_DIC_OTHC_P_USD,6266.6
CZE,2019,P_F51_DIC_USD_P_USD,4780.4
CZE,2020,P_F3_DIC_AUD_P_USD,15.9
CZE,2020,P_F3_DIC_CAD_P_USD,1.3
CZE,2020,P_F3_DIC_CHF_P_USD,0.9
CZE,2020,P_F3_DIC_CNY_P_USD,0
CZE,2020,P_F3_DIC_EUR_P_USD,7415.5
CZE,2020,P_F3_DIC_GBP_P_USD,30.1
CZE,2020,P_F3_DIC_JPY_P_USD,0
CZE,2020,P_F3_DIC_OTHC_P_USD,5632.1
CZE,2020,P_F3_DIC_USD_P_USD,2848.7
CZE,2020,P_F51_DIC_AUD_P_USD,9.3
CZE,2020,P_F51_DIC_CAD_P_USD,67
CZE,2020,P_F51_DIC_CHF_P_USD,222.4
CZE,2020,P_F51_DIC_CNY_P_USD,7.3
CZE,2020,P_F51_DIC_EUR_P_USD,8119.5
CZE,2020,P_F51_DIC_GBP_P_USD,263.4
CZE,2020,P_F51_DIC_JPY_P_USD,123.5
CZE,2020,P_F51_DIC_OTHC_P_USD,7049.3
CZE,2020,P_F51_DIC_USD_P_USD,6558.8
CZE,2021,P_F3_DIC_AUD_P_USD,12.4
CZE,2021,P_F3_DIC_CAD_P_USD,1.4
CZE,2021,P_F3_DIC_CHF_P_USD,0.2
CZE,2021,P_F3_DIC_CNY_P_USD,0
CZE,2021,P_F3_DIC_EUR_P_USD,7357.6
CZE,2021,P_F3_DIC_GBP_P_USD,18.8
CZE,2021,P_F3_DIC_JPY_P_USD,0
CZE,2021,P_F3_DIC_OTHC_P_USD,5653.5
CZE,2021,P_F3_DIC_USD_P_USD,2522.5
CZE,2021,P_F51_DIC_AUD_P_USD,12.9
CZE,2021,P_F51_DIC_CAD_P_USD,93.3
CZE,2021,P_F51_DIC_CHF_P_USD,245.6
CZE,2021,P_F51_DIC_CNY_P_USD,6.1
CZE,2021,P_F51_DIC_EUR_P_USD,10016.4
CZE,2021,P_F51_DIC_GBP_P_USD,440.5
CZE,2021,P_F51_DIC_JPY_P_USD,118.2
CZE,2021,P_F51_DIC_OTHC_P_USD,9127.2
CZE,2021,P_F51_DIC_USD_P_USD,9126.9
CZE,2022,P_F3_DIC_AUD_P_USD,10.2
CZE,2022,P_F3_DIC_CAD_P_USD,1.3
CZE,2022,P_F3_DIC_CHF_P_USD,7.7
CZE,2022,P_F3_DIC_CNY_P_USD,4.1
CZE,2022,P_F3_DIC_EUR_P_USD,6845.1
CZE,2022,P_F3_DIC_GBP_P_USD,13.4
CZE,2022,P_F3_DIC_JPY_P_USD,0
CZE,2022,P_F3_DIC_OTHC_P_USD,5072.1
CZE,2022,P_F3_DIC_USD_P_USD,1498.9
CZE,2022,P_F51_DIC_AUD_P_USD,12.2
CZE,2022,P_F51_DIC_CAD_P_USD,84.4
CZE,2022,P_F51_DIC_CHF_P_USD,249
CZE,2022,P_F51_DIC_CNY_P_USD,2.2
CZE,2022,P_F51_DIC_EUR_P_USD,8471.7
CZE,2022,P_F51_DIC_GBP_P_USD,298.1
CZE,2022,P_F51_DIC_JPY_P_USD,120.4
CZE,2022,P_F51_DIC_OTHC_P_USD,8162.8
CZE,2022,P_F51_DIC_USD_P_USD,8680.7
CZE,2023,P_F3_DIC_AUD_P_USD,9.7
CZE,2023,P_F3_DIC_CAD_P_USD,1.3
CZE,2023,P_F3_DIC_CHF_P_USD,11.4
CZE,2023,P_F3_DIC_CNY_P_USD,3.9
CZE,2023,P_F3_DIC_EUR_P_USD,9081.4
CZE,2023,P_F3_DIC_GBP_P_USD,15.1
CZE,2023,P_F3_DIC_JPY_P_USD,9
CZE,2023,P_F3_DIC_OTHC_P_USD,4450.9
CZE,2023,P_F3_DIC_USD_P_USD,1881.3
CZE,2023,P_F51_DIC_AUD_P_USD,12.9
CZE,2023,P_F51_DIC_CAD_P_USD,125.8
CZE,2023,P_F51_DIC_CHF_P_USD,306.1
CZE,2023,P_F51_DIC_CNY_P_USD,1.8
CZE,2023,P_F51_DIC_EUR_P_USD,10649.4
CZE,2023,P_F51_DIC_GBP_P_USD,428.4
CZE,2023,P_F51_DIC_JPY_P_USD,133
CZE,2023,P_F51_DIC_OTHC_P_USD,10143.3
CZE,2023,P_F51_DIC_USD_P_USD,12273.7
CZE,2024,P_F3_DIC_AUD_P_USD,9.2
CZE,2024,P_F3_DIC_CAD_P_USD,1
CZE,2024,P_F3_DIC_CHF_P_USD,22.9
CZE,2024,P_F3_DIC_CNY_P_USD,4.5
CZE,2024,P_F3_DIC_EUR_P_USD,10558.4
CZE,2024,P_F3_DIC_GBP_P_USD,17.6
CZE,2024,P_F3_DIC_JPY_P_USD,12.1
CZE,2024,P_F3_DIC_OTHC_P_USD,4213.4
CZE,2024,P_F3_DIC_USD_P_USD,2132.5
CZE,2024,P_F51_DIC_AUD_P_USD,10.9
CZE,2024,P_F51_DIC_CAD_P_USD,341.3
CZE,2024,P_F51_DIC_CHF_P_USD,237.5
CZE,2024,P_F51_DIC_CNY_P_USD,2
CZE,2024,P_F51_DIC_EUR_P_USD,12252.6
CZE,2024,P_F51_DIC_GBP_P_USD,838.2
CZE,2024,P_F51_DIC_JPY_P_USD,128.9
CZE,2024,P_F51_DIC_OTHC_P_USD,11724.8
CZE,2024,P_F51_DIC_USD_P_USD,14662
DEU,2015,P_F3_DIC_CHF_P_USD,7565.4
DEU,2015,P_F3_DIC_EUR_P_USD,1608749.1
DEU,2015,P_F3_DIC_GBP_P_USD,43052.6
DEU,2015,P_F3_DIC_JPY_P_USD,10933.8
DEU,2015,P_F3_DIC_OTHC_P_USD,47138.5
DEU,2015,P_F3_DIC_USD_P_USD,236165.2
DEU,2015,P_F51_DIC_CHF_P_USD,44877.3
DEU,2015,P_F51_DIC_EUR_P_USD,605131
DEU,2015,P_F51_DIC_GBP_P_USD,36267.9
DEU,2015,P_F51_DIC_JPY_P_USD,17810
DEU,2015,P_F51_DIC_OTHC_P_USD,55309.2
DEU,2015,P_F51_DIC_USD_P_USD,192617.2
DEU,2016,P_F3_DIC_AUD_P_USD,5055.5
DEU,2016,P_F3_DIC_CAD_P_USD,3884.4
DEU,2016,P_F3_DIC_CHF_P_USD,8043.8
DEU,2016,P_F3_DIC_CNY_P_USD,456.4
DEU,2016,P_F3_DIC_EUR_P_USD,1604436.1
DEU,2016,P_F3_DIC_GBP_P_USD,37600.8
DEU,2016,P_F3_DIC_JPY_P_USD,6501.7
DEU,2016,P_F3_DIC_OTHC_P_USD,42503.4
DEU,2016,P_F3_DIC_USD_P_USD,259260.1
DEU,2016,P_F51_DIC_AUD_P_USD,4743.4
DEU,2016,P_F51_DIC_CAD_P_USD,8780.7
DEU,2016,P_F51_DIC_CHF_P_USD,44917.3
DEU,2016,P_F51_DIC_CNY_P_USD,2316.9
DEU,2016,P_F51_DIC_EUR_P_USD,629229.2
DEU,2016,P_F51_DIC_GBP_P_USD,35751.9
DEU,2016,P_F51_DIC_JPY_P_USD,17975.6
DEU,2016,P_F51_DIC_OTHC_P_USD,44363.9
DEU,2016,P_F51_DIC_USD_P_USD,220965.7
DEU,2017,P_F3_DIC_AUD_P_USD,5784.2
DEU,2017,P_F3_DIC_CAD_P_USD,4516.6
DEU,2017,P_F3_DIC_CHF_P_USD,7414.1
DEU,2017,P_F3_DIC_CNY_P_USD,528.9
DEU,2017,P_F3_DIC_EUR_P_USD,1831899.6
DEU,2017,P_F3_DIC_GBP_P_USD,41796.8
DEU,2017,P_F3_DIC_JPY_P_USD,8047.3
DEU,2017,P_F3_DIC_OTHC_P_USD,57612
DEU,2017,P_F3_DIC_USD_P_USD,274034.1
DEU,2017,P_F51_DIC_AUD_P_USD,5717.1
DEU,2017,P_F51_DIC_CAD_P_USD,10983.2
DEU,2017,P_F51_DIC_CHF_P_USD,54240.7
DEU,2017,P_F51_DIC_CNY_P_USD,3687.8
DEU,2017,P_F51_DIC_EUR_P_USD,813120.6
DEU,2017,P_F51_DIC_GBP_P_USD,39357.4
DEU,2017,P_F51_DIC_JPY_P_USD,25336.4
DEU,2017,P_F51_DIC_OTHC_P_USD,58076.1
DEU,2017,P_F51_DIC_USD_P_USD,276797.2
DEU,2018,P_F3_DIC_AUD_P_USD,4519.3
DEU,2018,P_F3_DIC_CAD_P_USD,24848.8
DEU,2018,P_F3_DIC_CHF_P_USD,6388
DEU,2018,P_F3_DIC_CNY_P_USD,5823.5
DEU,2018,P_F3_DIC_EUR_P_USD,1691097.4
DEU,2018,P_F3_DIC_GBP_P_USD,85737.6
DEU,2018,P_F3_DIC_JPY_P_USD,9789.8
DEU,2018,P_F3_DIC_OTHC_P_USD,88779.9
DEU,2018,P_F3_DIC_USD_P_USD,305333.7
DEU,2018,P_F51_DIC_AUD_P_USD,4717.4
DEU,2018,P_F51_DIC_CAD_P_USD,9124.5
DEU,2018,P_F51_DIC_CHF_P_USD,49753.7
DEU,2018,P_F51_DIC_CNY_P_USD,3388.1
DEU,2018,P_F51_DIC_EUR_P_USD,788854.6
DEU,2018,P_F51_DIC_GBP_P_USD,32925.6
DEU,2018,P_F51_DIC_JPY_P_USD,21600.4
DEU,2018,P_F51_DIC_OTHC_P_USD,51592.6
DEU,2018,P_F51_DIC_USD_P_USD,252387.8
DEU,2019,P_F3_DIC_AUD_P_USD,4928.4
DEU,2019,P_F3_DIC_CAD_P_USD,29094.9
DEU,2019,P_F3_DIC_CHF_P_USD,6109
DEU,2019,P_F3_DIC_CNY_P_USD,6713.4
DEU,2019,P_F3_DIC_EUR_P_USD,1794959.5
DEU,2019,P_F3_DIC_GBP_P_USD,91022.4
DEU,2019,P_F3_DIC_JPY_P_USD,14023.4
DEU,2019,P_F3_DIC_OTHC_P_USD,96862.9
DEU,2019,P_F3_DIC_USD_P_USD,331859.1
DEU,2019,P_F51_DIC_AUD_P_USD,5941.7
DEU,2019,P_F51_DIC_CAD_P_USD,12029.4
DEU,2019,P_F51_DIC_CHF_P_USD,62953.1
DEU,2019,P_F51_DIC_CNY_P_USD,4195.9
DEU,2019,P_F51_DIC_EUR_P_USD,921631.7
DEU,2019,P_F51_DIC_GBP_P_USD,38441.6
DEU,2019,P_F51_DIC_JPY_P_USD,28436.6
DEU,2019,P_F51_DIC_OTHC_P_USD,65993
DEU,2019,P_F51_DIC_USD_P_USD,352535.3
DEU,2020,P_F3_DIC_AUD_P_USD,5339.1
DEU,2020,P_F3_DIC_CAD_P_USD,34036.1
DEU,2020,P_F3_DIC_CHF_P_USD,6147.8
DEU,2020,P_F3_DIC_CNY_P_USD,9041.3
DEU,2020,P_F3_DIC_EUR_P_USD,2044028.3
DEU,2020,P_F3_DIC_GBP_P_USD,96410.8
DEU,2020,P_F3_DIC_JPY_P_USD,17300.9
DEU,2020,P_F3_DIC_OTHC_P_USD,106545.4
DEU,2020,P_F3_DIC_USD_P_USD,382755.8
DEU,2020,P_F51_DIC_AUD_P_USD,6487.7
DEU,2020,P_F51_DIC_CAD_P_USD,15694.6
DEU,2020,P_F51_DIC_CHF_P_USD,72047.9
DEU,2020,P_F51_DIC_CNY_P_USD,7047.2
DEU,2020,P_F51_DIC_EUR_P_USD,1050992.7
DEU,2020,P_F51_DIC_GBP_P_USD,45729.1
DEU,2020,P_F51_DIC_JPY_P_USD,32438.4
DEU,2020,P_F51_DIC_OTHC_P_USD,90379.6
DEU,2020,P_F51_DIC_USD_P_USD,476917.3
DEU,2021,P_F3_DIC_AUD_P_USD,5210
DEU,2021,P_F3_DIC_CAD_P_USD,32979
DEU,2021,P_F3_DIC_CHF_P_USD,5399.1
DEU,2021,P_F3_DIC_CNY_P_USD,9039.3
DEU,2021,P_F3_DIC_EUR_P_USD,1797292.4
DEU,2021,P_F3_DIC_GBP_P_USD,83277.8
DEU,2021,P_F3_DIC_JPY_P_USD,11364.5
DEU,2021,P_F3_DIC_OTHC_P_USD,114401.7
DEU,2021,P_F3_DIC_USD_P_USD,384420.3
DEU,2021,P_F51_DIC_AUD_P_USD,8518.3
DEU,2021,P_F51_DIC_CAD_P_USD,20477.4
DEU,2021,P_F51_DIC_CHF_P_USD,85333.5
DEU,2021,P_F51_DIC_CNY_P_USD,9264.7
DEU,2021,P_F51_DIC_EUR_P_USD,1255053.3
DEU,2021,P_F51_DIC_GBP_P_USD,54457.7
DEU,2021,P_F51_DIC_JPY_P_USD,37007.7
DEU,2021,P_F51_DIC_OTHC_P_USD,97696.9
DEU,2021,P_F51_DIC_USD_P_USD,658687.3
DEU,2022,P_F3_DIC_AUD_P_USD,3230.7
DEU,2022,P_F3_DIC_CAD_P_USD,28250
DEU,2022,P_F3_DIC_CHF_P_USD,4449.9
DEU,2022,P_F3_DIC_CNY_P_USD,6543.6
DEU,2022,P_F3_DIC_EUR_P_USD,1436095.8
DEU,2022,P_F3_DIC_GBP_P_USD,62587
DEU,2022,P_F3_DIC_JPY_P_USD,9997.2
DEU,2022,P_F3_DIC_OTHC_P_USD,73496.2
DEU,2022,P_F3_DIC_USD_P_USD,334883.6
DEU,2022,P_F51_DIC_AUD_P_USD,8659.7
DEU,2022,P_F51_DIC_CAD_P_USD,17949.8
DEU,2022,P_F51_DIC_CHF_P_USD,64897.3
DEU,2022,P_F51_DIC_CNY_P_USD,6236.4
DEU,2022,P_F51_DIC_EUR_P_USD,1137828.6
DEU,2022,P_F51_DIC_GBP_P_USD,38301.6
DEU,2022,P_F51_DIC_JPY_P_USD,25838.4
DEU,2022,P_F51_DIC_OTHC_P_USD,72027.5
DEU,2022,P_F51_DIC_USD_P_USD,542814.1
DEU,2023,P_F3_DIC_AUD_P_USD,4274.1
DEU,2023,P_F3_DIC_CAD_P_USD,33077.1
DEU,2023,P_F3_DIC_CHF_P_USD,4213.4
DEU,2023,P_F3_DIC_CNY_P_USD,7406.8
DEU,2023,P_F3_DIC_EUR_P_USD,1676543.6
DEU,2023,P_F3_DIC_GBP_P_USD,72116.7
DEU,2023,P_F3_DIC_JPY_P_USD,11104.1
DEU,2023,P_F3_DIC_OTHC_P_USD,80416.4
DEU,2023,P_F3_DIC_USD_P_USD,359447.7
DEU,2023,P_F51_DIC_AUD_P_USD,8769.3
DEU,2023,P_F51_DIC_CAD_P_USD,17414.8
DEU,2023,P_F51_DIC_CHF_P_USD,69563.1
DEU,2023,P_F51_DIC_CNY_P_USD,8503
DEU,2023,P_F51_DIC_EUR_P_USD,1261062.5
DEU,2023,P_F51_DIC_GBP_P_USD,43679.5
DEU,2023,P_F51_DIC_JPY_P_USD,33021.8
DEU,2023,P_F51_DIC_OTHC_P_USD,84366.7
DEU,2023,P_F51_DIC_USD_P_USD,680512
DEU,2024,P_F3_DIC_AUD_P_USD,4016.4
DEU,2024,P_F3_DIC_CAD_P_USD,34674.3
DEU,2024,P_F3_DIC_CHF_P_USD,4043.4
DEU,2024,P_F3_DIC_CNY_P_USD,9505.9
DEU,2024,P_F3_DIC_EUR_P_USD,1675938.9
DEU,2024,P_F3_DIC_GBP_P_USD,74214.9
DEU,2024,P_F3_DIC_JPY_P_USD,8856.6
DEU,2024,P_F3_DIC_OTHC_P_USD,80705.9
DEU,2024,P_F3_DIC_USD_P_USD,364599.9
DEU,2024,P_F51_DIC_AUD_P_USD,7819.8
DEU,2024,P_F51_DIC_CAD_P_USD,17617.7
DEU,2024,P_F51_DIC_CHF_P_USD,60310.2
DEU,2024,P_F51_DIC_CNY_P_USD,13115.1
DEU,2024,P_F51_DIC_EUR_P_USD,1373288.7
DEU,2024,P_F51_DIC_GBP_P_USD,45900.7
DEU,2024,P_F51_DIC_JPY_P_USD,33918
DEU,2024,P_F51_DIC_OTHC_P_USD,82574.9
DEU,2024,P_F51_DIC_USD_P_USD,859369.8
EGY,2016,P_F3_DIC_USD_P_USD,597.4
EGY,2016,P_F51_DIC_USD_P_USD,733.2
EGY,2017,P_F3_DIC_USD_P_USD,482.9
EGY,2017,P_F51_DIC_USD_P_USD,1073.6
EGY,2018,P_F3_DIC_USD_P_USD,573.2
EGY,2018,P_F51_DIC_USD_P_USD,374.2
ESP,2015,P_F3_DIC_CHF_P_USD,210.1
ESP,2015,P_F3_DIC_EUR_P_USD,246285.7
ESP,2015,P_F3_DIC_GBP_P_USD,5806
ESP,2015,P_F3_DIC_JPY_P_USD,98
ESP,2015,P_F3_DIC_OTHC_P_USD,8637.7
ESP,2015,P_F3_DIC_USD_P_USD,27538.7
ESP,2015,P_F51_DIC_CHF_P_USD,5415.2
ESP,2015,P_F51_DIC_EUR_P_USD,178144
ESP,2015,P_F51_DIC_GBP_P_USD,7880
ESP,2015,P_F51_DIC_JPY_P_USD,3290.1
ESP,2015,P_F51_DIC_OTHC_P_USD,11313.8
ESP,2015,P_F51_DIC_USD_P_USD,39913.9
ESP,2016,P_F3_DIC_CHF_P_USD,162.3
ESP,2016,P_F3_DIC_EUR_P_USD,265637.4
ESP,2016,P_F3_DIC_GBP_P_USD,4394.5
ESP,2016,P_F3_DIC_JPY_P_USD,92.8
ESP,2016,P_F3_DIC_OTHC_P_USD,6824.2
ESP,2016,P_F3_DIC_USD_P_USD,27768.2
ESP,2016,P_F51_DIC_CHF_P_USD,5998.9
ESP,2016,P_F51_DIC_EUR_P_USD,178179.8
ESP,2016,P_F51_DIC_GBP_P_USD,5216.7
ESP,2016,P_F51_DIC_JPY_P_USD,3203.4
ESP,2016,P_F51_DIC_OTHC_P_USD,8468.6
ESP,2016,P_F51_DIC_USD_P_USD,44952.1
ESP,2017,P_F3_DIC_AUD_P_USD,911.5
ESP,2017,P_F3_DIC_CAD_P_USD,388.6
ESP,2017,P_F3_DIC_CHF_P_USD,124.7
ESP,2017,P_F3_DIC_CNY_P_USD,1.2
ESP,2017,P_F3_DIC_EUR_P_USD,339879.2
ESP,2017,P_F3_DIC_GBP_P_USD,4211.9
ESP,2017,P_F3_DIC_JPY_P_USD,84
ESP,2017,P_F3_DIC_OTHC_P_USD,6212.4
ESP,2017,P_F3_DIC_USD_P_USD,27422
ESP,2017,P_F51_DIC_AUD_P_USD,202.7
ESP,2017,P_F51_DIC_CAD_P_USD,729.2
ESP,2017,P_F51_DIC_CHF_P_USD,6484.6
ESP,2017,P_F51_DIC_CNY_P_USD,122.3
ESP,2017,P_F51_DIC_EUR_P_USD,247919.3
ESP,2017,P_F51_DIC_GBP_P_USD,14090.6
ESP,2017,P_F51_DIC_JPY_P_USD,4534.6
ESP,2017,P_F51_DIC_OTHC_P_USD,8942
ESP,2017,P_F51_DIC_USD_P_USD,72101.9
ESP,2018,P_F3_DIC_AUD_P_USD,289.7
ESP,2018,P_F3_DIC_CAD_P_USD,88.2
ESP,2018,P_F3_DIC_CHF_P_USD,87
ESP,2018,P_F3_DIC_CNY_P_USD,2.3
ESP,2018,P_F3_DIC_EUR_P_USD,349022.3
ESP,2018,P_F3_DIC_GBP_P_USD,4345.3
ESP,2018,P_F3_DIC_JPY_P_USD,41.2
ESP,2018,P_F3_DIC_OTHC_P_USD,6716.6
ESP,2018,P_F3_DIC_USD_P_USD,36290.8
ESP,2018,P_F51_DIC_AUD_P_USD,179.8
ESP,2018,P_F51_DIC_CAD_P_USD,697.3
ESP,2018,P_F51_DIC_CHF_P_USD,5252.1
ESP,2018,P_F51_DIC_CNY_P_USD,68.7
ESP,2018,P_F51_DIC_EUR_P_USD,240048.1
ESP,2018,P_F51_DIC_GBP_P_USD,5907.1
ESP,2018,P_F51_DIC_JPY_P_USD,4580
ESP,2018,P_F51_DIC_OTHC_P_USD,7843.3
ESP,2018,P_F51_DIC_USD_P_USD,61274.7
ESP,2019,P_F3_DIC_AUD_P_USD,605.5
ESP,2019,P_F3_DIC_CAD_P_USD,373
ESP,2019,P_F3_DIC_CHF_P_USD,49.4
ESP,2019,P_F3_DIC_CNY_P_USD,2.2
ESP,2019,P_F3_DIC_EUR_P_USD,370508.6
ESP,2019,P_F3_DIC_GBP_P_USD,4819.4
ESP,2019,P_F3_DIC_JPY_P_USD,3066.9
ESP,2019,P_F3_DIC_OTHC_P_USD,7086.4
ESP,2019,P_F3_DIC_USD_P_USD,36254.4
ESP,2019,P_F51_DIC_AUD_P_USD,231.4
ESP,2019,P_F51_DIC_CAD_P_USD,1045.9
ESP,2019,P_F51_DIC_CHF_P_USD,6229.3
ESP,2019,P_F51_DIC_CNY_P_USD,153.9
ESP,2019,P_F51_DIC_EUR_P_USD,277964
ESP,2019,P_F51_DIC_GBP_P_USD,8487.3
ESP,2019,P_F51_DIC_JPY_P_USD,4517.2
ESP,2019,P_F51_DIC_OTHC_P_USD,12438.3
ESP,2019,P_F51_DIC_USD_P_USD,77538.2
ESP,2020,P_F3_DIC_AUD_P_USD,362
ESP,2020,P_F3_DIC_CAD_P_USD,355.9
ESP,2020,P_F3_DIC_CHF_P_USD,56.4
ESP,2020,P_F3_DIC_CNY_P_USD,1.2
ESP,2020,P_F3_DIC_EUR_P_USD,473121.9
ESP,2020,P_F3_DIC_GBP_P_USD,4301
ESP,2020,P_F3_DIC_JPY_P_USD,5636.1
ESP,2020,P_F3_DIC_OTHC_P_USD,5079
ESP,2020,P_F3_DIC_USD_P_USD,33724.4
ESP,2020,P_F51_DIC_AUD_P_USD,279.8
ESP,2020,P_F51_DIC_CAD_P_USD,1396.4
ESP,2020,P_F51_DIC_CHF_P_USD,6604.3
ESP,2020,P_F51_DIC_CNY_P_USD,192.7
ESP,2020,P_F51_DIC_EUR_P_USD,331693.7
ESP,2020,P_F51_DIC_GBP_P_USD,10162.8
ESP,2020,P_F51_DIC_JPY_P_USD,4983.3
ESP,2020,P_F51_DIC_OTHC_P_USD,12588.8
ESP,2020,P_F51_DIC_USD_P_USD,101035.7
ESP,2021,P_F3_DIC_AUD_P_USD,656.9
ESP,2021,P_F3_DIC_CAD_P_USD,125.7
ESP,2021,P_F3_DIC_CHF_P_USD,55.5
ESP,2021,P_F3_DIC_CNY_P_USD,5.7
ESP,2021,P_F3_DIC_EUR_P_USD,466988
ESP,2021,P_F3_DIC_GBP_P_USD,5530.5
ESP,2021,P_F3_DIC_JPY_P_USD,6343.7
ESP,2021,P_F3_DIC_OTHC_P_USD,4619.9
ESP,2021,P_F3_DIC_USD_P_USD,38710
ESP,2021,P_F51_DIC_AUD_P_USD,312.6
ESP,2021,P_F51_DIC_CAD_P_USD,1841.6
ESP,2021,P_F51_DIC_CHF_P_USD,7296.2
ESP,2021,P_F51_DIC_CNY_P_USD,1211.9
ESP,2021,P_F51_DIC_EUR_P_USD,388323.2
ESP,2021,P_F51_DIC_GBP_P_USD,13308.1
ESP,2021,P_F51_DIC_JPY_P_USD,5823.8
ESP,2021,P_F51_DIC_OTHC_P_USD,14035.2
ESP,2021,P_F51_DIC_USD_P_USD,129111.9
ESP,2022,P_F3_DIC_AUD_P_USD,238.9
ESP,2022,P_F3_DIC_CAD_P_USD,52.3
ESP,2022,P_F3_DIC_CHF_P_USD,57.6
ESP,2022,P_F3_DIC_CNY_P_USD,1.1
ESP,2022,P_F3_DIC_EUR_P_USD,453973.8
ESP,2022,P_F3_DIC_GBP_P_USD,5793.8
ESP,2022,P_F3_DIC_JPY_P_USD,4031.7
ESP,2022,P_F3_DIC_OTHC_P_USD,3944.3
ESP,2022,P_F3_DIC_USD_P_USD,44535.9
ESP,2022,P_F51_DIC_AUD_P_USD,322.1
ESP,2022,P_F51_DIC_CAD_P_USD,1561.5
ESP,2022,P_F51_DIC_CHF_P_USD,5933.5
ESP,2022,P_F51_DIC_CNY_P_USD,983.4
ESP,2022,P_F51_DIC_EUR_P_USD,293723.5
ESP,2022,P_F51_DIC_GBP_P_USD,6503.1
ESP,2022,P_F51_DIC_JPY_P_USD,4232.3
ESP,2022,P_F51_DIC_OTHC_P_USD,13651.4
ESP,2022,P_F51_DIC_USD_P_USD,101265.1
ESP,2023,P_F3_DIC_AUD_P_USD,191.2
ESP,2023,P_F3_DIC_CAD_P_USD,229.8
ESP,2023,P_F3_DIC_CHF_P_USD,46.4
ESP,2023,P_F3_DIC_CNY_P_USD,0
ESP,2023,P_F3_DIC_EUR_P_USD,536215.6
ESP,2023,P_F3_DIC_GBP_P_USD,8662.1
ESP,2023,P_F3_DIC_JPY_P_USD,1610
ESP,2023,P_F3_DIC_OTHC_P_USD,5203.4
ESP,2023,P_F3_DIC_USD_P_USD,40931.4
ESP,2023,P_F51_DIC_AUD_P_USD,383.4
ESP,2023,P_F51_DIC_CAD_P_USD,1790.1
ESP,2023,P_F51_DIC_CHF_P_USD,6063.1
ESP,2023,P_F51_DIC_CNY_P_USD,981.2
ESP,2023,P_F51_DIC_EUR_P_USD,338875.9
ESP,2023,P_F51_DIC_GBP_P_USD,8283.1
ESP,2023,P_F51_DIC_JPY_P_USD,4427.7
ESP,2023,P_F51_DIC_OTHC_P_USD,16796
ESP,2023,P_F51_DIC_USD_P_USD,125311.4
ESP,2024,P_F3_DIC_AUD_P_USD,162.1
ESP,2024,P_F3_DIC_CAD_P_USD,60.3
ESP,2024,P_F3_DIC_CHF_P_USD,74.8
ESP,2024,P_F3_DIC_CNY_P_USD,0
ESP,2024,P_F3_DIC_EUR_P_USD,560778.5
ESP,2024,P_F3_DIC_GBP_P_USD,11039.4
ESP,2024,P_F3_DIC_JPY_P_USD,689.8
ESP,2024,P_F3_DIC_OTHC_P_USD,4931.7
ESP,2024,P_F3_DIC_USD_P_USD,38841.4
ESP,2024,P_F51_DIC_AUD_P_USD,389.6
ESP,2024,P_F51_DIC_CAD_P_USD,1645.6
ESP,2024,P_F51_DIC_CHF_P_USD,5270.3
ESP,2024,P_F51_DIC_CNY_P_USD,1862.7
ESP,2024,P_F51_DIC_EUR_P_USD,372203.6
ESP,2024,P_F51_DIC_GBP_P_USD,8503.4
ESP,2024,P_F51_DIC_JPY_P_USD,3860.6
ESP,2024,P_F51_DIC_OTHC_P_USD,16740.8
ESP,2024,P_F51_DIC_USD_P_USD,147222.5
EST,2015,P_F3_DIC_CHF_P_USD,14.3
EST,2015,P_F3_DIC_EUR_P_USD,3947.3
EST,2015,P_F3_DIC_GBP_P_USD,13.9
EST,2015,P_F3_DIC_JPY_P_USD,0
EST,2015,P_F3_DIC_OTHC_P_USD,39.7
EST,2015,P_F3_DIC_USD_P_USD,162.7
EST,2015,P_F51_DIC_CHF_P_USD,18
EST,2015,P_F51_DIC_EUR_P_USD,1919.3
EST,2015,P_F51_DIC_GBP_P_USD,37.4
EST,2015,P_F51_DIC_JPY_P_USD,1.1
EST,2015,P_F51_DIC_OTHC_P_USD,324.2
EST,2015,P_F51_DIC_USD_P_USD,771.6
EST,2016,P_F3_DIC_AUD_P_USD,0.1
EST,2016,P_F3_DIC_CAD_P_USD,0
EST,2016,P_F3_DIC_CHF_P_USD,9.6
EST,2016,P_F3_DIC_CNY_P_USD,0
EST,2016,P_F3_DIC_EUR_P_USD,5771.6
EST,2016,P_F3_DIC_GBP_P_USD,35.8
EST,2016,P_F3_DIC_JPY_P_USD,0
EST,2016,P_F3_DIC_OTHC_P_USD,29.5
EST,2016,P_F3_DIC_USD_P_USD,472.7
EST,2016,P_F51_DIC_AUD_P_USD,0.8
EST,2016,P_F51_DIC_CAD_P_USD,9.6
EST,2016,P_F51_DIC_CHF_P_USD,23.5
EST,2016,P_F51_DIC_CNY_P_USD,0.2
EST,2016,P_F51_DIC_EUR_P_USD,2082.4
EST,2016,P_F51_DIC_GBP_P_USD,69.7
EST,2016,P_F51_DIC_JPY_P_USD,12.5
EST,2016,P_F51_DIC_OTHC_P_USD,357.2
EST,2016,P_F51_DIC_USD_P_USD,939.9
EST,2017,P_F3_DIC_AUD_P_USD,0.3
EST,2017,P_F3_DIC_CAD_P_USD,0.1
EST,2017,P_F3_DIC_CHF_P_USD,23.6
EST,2017,P_F3_DIC_CNY_P_USD,0
EST,2017,P_F3_DIC_EUR_P_USD,9523
EST,2017,P_F3_DIC_GBP_P_USD,40.2
EST,2017,P_F3_DIC_JPY_P_USD,0
EST,2017,P_F3_DIC_OTHC_P_USD,65.7
EST,2017,P_F3_DIC_USD_P_USD,619.7
EST,2017,P_F51_DIC_AUD_P_USD,3.2
EST,2017,P_F51_DIC_CAD_P_USD,46.5
EST,2017,P_F51_DIC_CHF_P_USD,57.2
EST,2017,P_F51_DIC_CNY_P_USD,0.5
EST,2017,P_F51_DIC_EUR_P_USD,2404.1
EST,2017,P_F51_DIC_GBP_P_USD,126.8
EST,2017,P_F51_DIC_JPY_P_USD,73.2
EST,2017,P_F51_DIC_OTHC_P_USD,573.7
EST,2017,P_F51_DIC_USD_P_USD,1053.5
EST,2018,P_F3_DIC_AUD_P_USD,0.8
EST,2018,P_F3_DIC_CAD_P_USD,1.9
EST,2018,P_F3_DIC_CHF_P_USD,4.7
EST,2018,P_F3_DIC_CNY_P_USD,0
EST,2018,P_F3_DIC_EUR_P_USD,9988.4
EST,2018,P_F3_DIC_GBP_P_USD,29.1
EST,2018,P_F3_DIC_JPY_P_USD,0
EST,2018,P_F3_DIC_OTHC_P_USD,69.8
EST,2018,P_F3_DIC_USD_P_USD,547.9
EST,2018,P_F51_DIC_AUD_P_USD,4.9
EST,2018,P_F51_DIC_CAD_P_USD,44.2
EST,2018,P_F51_DIC_CHF_P_USD,57.4
EST,2018,P_F51_DIC_CNY_P_USD,0.3
EST,2018,P_F51_DIC_EUR_P_USD,2311.1
EST,2018,P_F51_DIC_GBP_P_USD,116.1
EST,2018,P_F51_DIC_JPY_P_USD,64
EST,2018,P_F51_DIC_OTHC_P_USD,429.4
EST,2018,P_F51_DIC_USD_P_USD,1011.2
EST,2019,P_F3_DIC_AUD_P_USD,0.6
EST,2019,P_F3_DIC_CAD_P_USD,1.6
EST,2019,P_F3_DIC_CHF_P_USD,20.4
EST,2019,P_F3_DIC_CNY_P_USD,0
EST,2019,P_F3_DIC_EUR_P_USD,10147.3
EST,2019,P_F3_DIC_GBP_P_USD,22.9
EST,2019,P_F3_DIC_JPY_P_USD,0
EST,2019,P_F3_DIC_OTHC_P_USD,91.5
EST,2019,P_F3_DIC_USD_P_USD,486.2
EST,2019,P_F51_DIC_AUD_P_USD,0.6
EST,2019,P_F51_DIC_CAD_P_USD,33.8
EST,2019,P_F51_DIC_CHF_P_USD,52.8
EST,2019,P_F51_DIC_CNY_P_USD,0.6
EST,2019,P_F51_DIC_EUR_P_USD,2802.5
EST,2019,P_F51_DIC_GBP_P_USD,114.8
EST,2019,P_F51_DIC_JPY_P_USD,72.2
EST,2019,P_F51_DIC_OTHC_P_USD,492.1
EST,2019,P_F51_DIC_USD_P_USD,1512.4
EST,2020,P_F3_DIC_AUD_P_USD,0.5
EST,2020,P_F3_DIC_CAD_P_USD,0.1
EST,2020,P_F3_DIC_CHF_P_USD,11.1
EST,2020,P_F3_DIC_CNY_P_USD,0
EST,2020,P_F3_DIC_EUR_P_USD,15884.9
EST,2020,P_F3_DIC_GBP_P_USD,37.1
EST,2020,P_F3_DIC_JPY_P_USD,0
EST,2020,P_F3_DIC_OTHC_P_USD,115.1
EST,2020,P_F3_DIC_USD_P_USD,278.1
EST,2020,P_F51_DIC_AUD_P_USD,1.3
EST,2020,P_F51_DIC_CAD_P_USD,58.1
EST,2020,P_F51_DIC_CHF_P_USD,188.5
EST,2020,P_F51_DIC_CNY_P_USD,1
EST,2020,P_F51_DIC_EUR_P_USD,3593.3
EST,2020,P_F51_DIC_GBP_P_USD,162.4
EST,2020,P_F51_DIC_JPY_P_USD,74.8
EST,2020,P_F51_DIC_OTHC_P_USD,1029.6
EST,2020,P_F51_DIC_USD_P_USD,2428.6
EST,2021,P_F3_DIC_AUD_P_USD,0.2
EST,2021,P_F3_DIC_CAD_P_USD,0.1
EST,2021,P_F3_DIC_CHF_P_USD,8.1
EST,2021,P_F3_DIC_CNY_P_USD,0
EST,2021,P_F3_DIC_EUR_P_USD,15727.8
EST,2021,P_F3_DIC_GBP_P_USD,37.2
EST,2021,P_F3_DIC_JPY_P_USD,0
EST,2021,P_F3_DIC_OTHC_P_USD,89
EST,2021,P_F3_DIC_USD_P_USD,159.9
EST,2021,P_F51_DIC_AUD_P_USD,9.5
EST,2021,P_F51_DIC_CAD_P_USD,82.8
EST,2021,P_F51_DIC_CHF_P_USD,194.4
EST,2021,P_F51_DIC_CNY_P_USD,1
EST,2021,P_F51_DIC_EUR_P_USD,3878.4
EST,2021,P_F51_DIC_GBP_P_USD,398.1
EST,2021,P_F51_DIC_JPY_P_USD,57
EST,2021,P_F51_DIC_OTHC_P_USD,1163.8
EST,2021,P_F51_DIC_USD_P_USD,3033.8
EST,2022,P_F3_DIC_AUD_P_USD,0.1
EST,2022,P_F3_DIC_CAD_P_USD,0
EST,2022,P_F3_DIC_CHF_P_USD,6.1
EST,2022,P_F3_DIC_CNY_P_USD,0
EST,2022,P_F3_DIC_EUR_P_USD,13522.4
EST,2022,P_F3_DIC_GBP_P_USD,27.5
EST,2022,P_F3_DIC_JPY_P_USD,0
EST,2022,P_F3_DIC_OTHC_P_USD,86.3
EST,2022,P_F3_DIC_USD_P_USD,92
EST,2022,P_F51_DIC_AUD_P_USD,14.6
EST,2022,P_F51_DIC_CAD_P_USD,88.9
EST,2022,P_F51_DIC_CHF_P_USD,175.4
EST,2022,P_F51_DIC_CNY_P_USD,0.6
EST,2022,P_F51_DIC_EUR_P_USD,3670.7
EST,2022,P_F51_DIC_GBP_P_USD,346.5
EST,2022,P_F51_DIC_JPY_P_USD,57
EST,2022,P_F51_DIC_OTHC_P_USD,927.5
EST,2022,P_F51_DIC_USD_P_USD,2940.2
EST,2023,P_F3_DIC_AUD_P_USD,0.1
EST,2023,P_F3_DIC_CAD_P_USD,0
EST,2023,P_F3_DIC_CHF_P_USD,4.5
EST,2023,P_F3_DIC_CNY_P_USD,0
EST,2023,P_F3_DIC_EUR_P_USD,13607.4
EST,2023,P_F3_DIC_GBP_P_USD,31.8
EST,2023,P_F3_DIC_JPY_P_USD,0
EST,2023,P_F3_DIC_OTHC_P_USD,101.2
EST,2023,P_F3_DIC_USD_P_USD,120.6
EST,2023,P_F51_DIC_AUD_P_USD,16.9
EST,2023,P_F51_DIC_CAD_P_USD,106.4
EST,2023,P_F51_DIC_CHF_P_USD,272.8
EST,2023,P_F51_DIC_CNY_P_USD,1.8
EST,2023,P_F51_DIC_EUR_P_USD,4615.6
EST,2023,P_F51_DIC_GBP_P_USD,387.4
EST,2023,P_F51_DIC_JPY_P_USD,61.1
EST,2023,P_F51_DIC_OTHC_P_USD,1408
EST,2023,P_F51_DIC_USD_P_USD,3924.6
EST,2024,P_F3_DIC_AUD_P_USD,0
EST,2024,P_F3_DIC_CAD_P_USD,0.1
EST,2024,P_F3_DIC_CHF_P_USD,3.8
EST,2024,P_F3_DIC_CNY_P_USD,0
EST,2024,P_F3_DIC_EUR_P_USD,12387.8
EST,2024,P_F3_DIC_GBP_P_USD,33.1
EST,2024,P_F3_DIC_JPY_P_USD,0
EST,2024,P_F3_DIC_OTHC_P_USD,118.3
EST,2024,P_F3_DIC_USD_P_USD,146.2
EST,2024,P_F51_DIC_AUD_P_USD,23.5
EST,2024,P_F51_DIC_CAD_P_USD,127
EST,2024,P_F51_DIC_CHF_P_USD,239.6
EST,2024,P_F51_DIC_CNY_P_USD,2.6
EST,2024,P_F51_DIC_EUR_P_USD,5808.7
EST,2024,P_F51_DIC_GBP_P_USD,588.4
EST,2024,P_F51_DIC_JPY_P_USD,79.5
EST,2024,P_F51_DIC_OTHC_P_USD,1199.7
EST,2024,P_F51_DIC_USD_P_USD,6009.9
FIN,2015,P_F3_DIC_CHF_P_USD,103
FIN,2015,P_F3_DIC_EUR_P_USD,135604.1
FIN,2015,P_F3_DIC_GBP_P_USD,2058.3
FIN,2015,P_F3_DIC_JPY_P_USD,358.4
FIN,2015,P_F3_DIC_OTHC_P_USD,2015
FIN,2015,P_F3_DIC_USD_P_USD,14408.9
FIN,2015,P_F51_DIC_OTHC_P_USD,162581.3
FIN,2016,P_F3_DIC_AUD_P_USD,806.4
FIN,2016,P_F3_DIC_CAD_P_USD,654.6
FIN,2016,P_F3_DIC_CHF_P_USD,134.9
FIN,2016,P_F3_DIC_CNY_P_USD,4.2
FIN,2016,P_F3_DIC_EUR_P_USD,112193.1
FIN,2016,P_F3_DIC_GBP_P_USD,2021.8
FIN,2016,P_F3_DIC_USD_P_USD,19872.9
FIN,2016,P_F51_DIC_AUD_P_USD,205.5
FIN,2016,P_F51_DIC_CAD_P_USD,618.8
FIN,2016,P_F51_DIC_CHF_P_USD,2235.7
FIN,2016,P_F51_DIC_CNY_P_USD,-32.7
FIN,2016,P_F51_DIC_EUR_P_USD,84209.9
FIN,2016,P_F51_DIC_GBP_P_USD,4356.6
FIN,2016,P_F51_DIC_USD_P_USD,63841.6
FIN,2017,P_F3_DIC_AUD_P_USD,1308.4
FIN,2017,P_F3_DIC_CAD_P_USD,609.2
FIN,2017,P_F3_DIC_CHF_P_USD,221.9
FIN,2017,P_F3_DIC_CNY_P_USD,1.2
FIN,2017,P_F3_DIC_EUR_P_USD,119727.3
FIN,2017,P_F3_DIC_GBP_P_USD,1856.5
FIN,2017,P_F3_DIC_JPY_P_USD,69.6
FIN,2017,P_F3_DIC_OTHC_P_USD,11954.6
FIN,2017,P_F3_DIC_USD_P_USD,21020.1
FIN,2017,P_F51_DIC_AUD_P_USD,385
FIN,2017,P_F51_DIC_CAD_P_USD,743.6
FIN,2017,P_F51_DIC_CHF_P_USD,2780
FIN,2017,P_F51_DIC_CNY_P_USD,107.9
FIN,2017,P_F51_DIC_EUR_P_USD,107372.1
FIN,2017,P_F51_DIC_GBP_P_USD,6236.4
FIN,2017,P_F51_DIC_JPY_P_USD,4309.1
FIN,2017,P_F51_DIC_OTHC_P_USD,25846.1
FIN,2017,P_F51_DIC_USD_P_USD,77274.5
FIN,2018,P_F3_DIC_AUD_P_USD,1216
FIN,2018,P_F3_DIC_CAD_P_USD,550.7
FIN,2018,P_F3_DIC_CHF_P_USD,196.9
FIN,2018,P_F3_DIC_CNY_P_USD,1.1
FIN,2018,P_F3_DIC_EUR_P_USD,106025.9
FIN,2018,P_F3_DIC_GBP_P_USD,1614.5
FIN,2018,P_F3_DIC_JPY_P_USD,0
FIN,2018,P_F3_DIC_OTHC_P_USD,25051.5
FIN,2018,P_F3_DIC_USD_P_USD,22843.9
FIN,2018,P_F51_DIC_AUD_P_USD,403
FIN,2018,P_F51_DIC_CAD_P_USD,1198.8
FIN,2018,P_F51_DIC_CHF_P_USD,2977
FIN,2018,P_F51_DIC_CNY_P_USD,211.8
FIN,2018,P_F51_DIC_EUR_P_USD,96095.3
FIN,2018,P_F51_DIC_GBP_P_USD,9591.7
FIN,2018,P_F51_DIC_JPY_P_USD,4159.8
FIN,2018,P_F51_DIC_OTHC_P_USD,22713.4
FIN,2018,P_F51_DIC_USD_P_USD,70674
FIN,2019,P_F3_DIC_AUD_P_USD,519
FIN,2019,P_F3_DIC_CAD_P_USD,296.6
FIN,2019,P_F3_DIC_CHF_P_USD,100
FIN,2019,P_F3_DIC_CNY_P_USD,4.5
FIN,2019,P_F3_DIC_EUR_P_USD,102913.6
FIN,2019,P_F3_DIC_GBP_P_USD,1023.4
FIN,2019,P_F3_DIC_JPY_P_USD,332.5
FIN,2019,P_F3_DIC_OTHC_P_USD,26388.7
FIN,2019,P_F3_DIC_USD_P_USD,16753.3
FIN,2019,P_F51_DIC_AUD_P_USD,528
FIN,2019,P_F51_DIC_CAD_P_USD,1404.3
FIN,2019,P_F51_DIC_CHF_P_USD,3375.8
FIN,2019,P_F51_DIC_CNY_P_USD,194.3
FIN,2019,P_F51_DIC_EUR_P_USD,114944
FIN,2019,P_F51_DIC_GBP_P_USD,10549.8
FIN,2019,P_F51_DIC_JPY_P_USD,4574.5
FIN,2019,P_F51_DIC_OTHC_P_USD,25736
FIN,2019,P_F51_DIC_USD_P_USD,81009.5
FIN,2020,P_F3_DIC_AUD_P_USD,544.8
FIN,2020,P_F3_DIC_CAD_P_USD,202.5
FIN,2020,P_F3_DIC_CHF_P_USD,45.4
FIN,2020,P_F3_DIC_CNY_P_USD,98.2
FIN,2020,P_F3_DIC_EUR_P_USD,115067.6
FIN,2020,P_F3_DIC_GBP_P_USD,867.6
FIN,2020,P_F3_DIC_JPY_P_USD,0
FIN,2020,P_F3_DIC_OTHC_P_USD,24960.4
FIN,2020,P_F3_DIC_USD_P_USD,15544.9
FIN,2020,P_F51_DIC_AUD_P_USD,617.2
FIN,2020,P_F51_DIC_CAD_P_USD,1049.2
FIN,2020,P_F51_DIC_CHF_P_USD,3297.2
FIN,2020,P_F51_DIC_CNY_P_USD,377.9
FIN,2020,P_F51_DIC_EUR_P_USD,128574.3
FIN,2020,P_F51_DIC_GBP_P_USD,5661.8
FIN,2020,P_F51_DIC_JPY_P_USD,6377.2
FIN,2020,P_F51_DIC_OTHC_P_USD,29709.3
FIN,2020,P_F51_DIC_USD_P_USD,104935.5
FIN,2021,P_F3_DIC_AUD_P_USD,474.6
FIN,2021,P_F3_DIC_CNY_P_USD,413.4
FIN,2021,P_F3_DIC_EUR_P_USD,112633.7
FIN,2021,P_F3_DIC_GBP_P_USD,932.1
FIN,2021,P_F3_DIC_OTHC_P_USD,20920.3
FIN,2021,P_F3_DIC_USD_P_USD,15393.2
FIN,2021,P_F51_DIC_AUD_P_USD,781.5
FIN,2021,P_F51_DIC_CAD_P_USD,1512
FIN,2021,P_F51_DIC_CHF_P_USD,3617.5
FIN,2021,P_F51_DIC_CNY_P_USD,271.8
FIN,2021,P_F51_DIC_EUR_P_USD,142662.3
FIN,2021,P_F51_DIC_GBP_P_USD,6972.3
FIN,2021,P_F51_DIC_JPY_P_USD,5614.3
FIN,2021,P_F51_DIC_OTHC_P_USD,32845.4
FIN,2021,P_F51_DIC_USD_P_USD,126640.5
FIN,2022,P_F3_DIC_AUD_P_USD,157.9
FIN,2022,P_F3_DIC_CAD_P_USD,138.7
FIN,2022,P_F3_DIC_EUR_P_USD,99254.6
FIN,2022,P_F3_DIC_GBP_P_USD,709.3
FIN,2022,P_F3_DIC_JPY_P_USD,0
FIN,2022,P_F3_DIC_OTHC_P_USD,21014.2
FIN,2022,P_F3_DIC_USD_P_USD,12198.7
FIN,2022,P_F51_DIC_AUD_P_USD,708.2
FIN,2022,P_F51_DIC_CAD_P_USD,1462.3
FIN,2022,P_F51_DIC_CHF_P_USD,2624.9
FIN,2022,P_F51_DIC_CNY_P_USD,174.9
FIN,2022,P_F51_DIC_EUR_P_USD,130957.1
FIN,2022,P_F51_DIC_GBP_P_USD,5299.9
FIN,2022,P_F51_DIC_JPY_P_USD,5213.5
FIN,2022,P_F51_DIC_OTHC_P_USD,24573.4
FIN,2022,P_F51_DIC_USD_P_USD,109834.2
FIN,2023,P_F3_DIC_AUD_P_USD,230.9
FIN,2023,P_F3_DIC_CAD_P_USD,113.8
FIN,2023,P_F3_DIC_EUR_P_USD,112115.5
FIN,2023,P_F3_DIC_GBP_P_USD,932.6
FIN,2023,P_F3_DIC_OTHC_P_USD,26557.6
FIN,2023,P_F3_DIC_USD_P_USD,11202.5
FIN,2023,P_F51_DIC_AUD_P_USD,878.5
FIN,2023,P_F51_DIC_CAD_P_USD,1628.8
FIN,2023,P_F51_DIC_CHF_P_USD,3103.9
FIN,2023,P_F51_DIC_CNY_P_USD,182.3
FIN,2023,P_F51_DIC_EUR_P_USD,150998.2
FIN,2023,P_F51_DIC_GBP_P_USD,6702.9
FIN,2023,P_F51_DIC_JPY_P_USD,5905.1
FIN,2023,P_F51_DIC_OTHC_P_USD,29177.5
FIN,2023,P_F51_DIC_USD_P_USD,131132.6
FIN,2024,P_F3_DIC_AUD_P_USD,160
FIN,2024,P_F3_DIC_CAD_P_USD,92.5
FIN,2024,P_F3_DIC_EUR_P_USD,108955.7
FIN,2024,P_F3_DIC_GBP_P_USD,932.9
FIN,2024,P_F3_DIC_OTHC_P_USD,33857.8
FIN,2024,P_F3_DIC_USD_P_USD,13559.7
FIN,2024,P_F51_DIC_AUD_P_USD,1256
FIN,2024,P_F51_DIC_CAD_P_USD,2232.6
FIN,2024,P_F51_DIC_CHF_P_USD,3556.2
FIN,2024,P_F51_DIC_CNY_P_USD,194.3
FIN,2024,P_F51_DIC_EUR_P_USD,154946.7
FIN,2024,P_F51_DIC_GBP_P_USD,8471.2
FIN,2024,P_F51_DIC_JPY_P_USD,6157.6
FIN,2024,P_F51_DIC_OTHC_P_USD,32788.7
FIN,2024,P_F51_DIC_USD_P_USD,171234.6
FRA,2015,P_F3_DIC_AUD_P_USD,1963.1
FRA,2015,P_F3_DIC_CAD_P_USD,566.1
FRA,2015,P_F3_DIC_CHF_P_USD,4146.5
FRA,2015,P_F3_DIC_CNY_P_USD,1215.5
FRA,2015,P_F3_DIC_EUR_P_USD,1561774.7
FRA,2015,P_F3_DIC_GBP_P_USD,23396.5
FRA,2015,P_F3_DIC_JPY_P_USD,75295
FRA,2015,P_F3_DIC_OTHC_P_USD,9886.2
FRA,2015,P_F3_DIC_USD_P_USD,124807.2
FRA,2015,P_F51_DIC_AUD_P_USD,1437.5
FRA,2015,P_F51_DIC_CAD_P_USD,-1317.5
FRA,2015,P_F51_DIC_CHF_P_USD,29477.5
FRA,2015,P_F51_DIC_CNY_P_USD,7881.5
FRA,2015,P_F51_DIC_EUR_P_USD,462784.6
FRA,2015,P_F51_DIC_GBP_P_USD,39713.1
FRA,2015,P_F51_DIC_JPY_P_USD,35553.9
FRA,2015,P_F51_DIC_OTHC_P_USD,40232.6
FRA,2015,P_F51_DIC_USD_P_USD,161627.1
FRA,2016,P_F3_DIC_AUD_P_USD,5886.2
FRA,2016,P_F3_DIC_CAD_P_USD,1014.7
FRA,2016,P_F3_DIC_CHF_P_USD,2116.8
FRA,2016,P_F3_DIC_CNY_P_USD,412.9
FRA,2016,P_F3_DIC_EUR_P_USD,1545896.6
FRA,2016,P_F3_DIC_GBP_P_USD,23755.5
FRA,2016,P_F3_DIC_JPY_P_USD,61045.9
FRA,2016,P_F3_DIC_OTHC_P_USD,9690.4
FRA,2016,P_F3_DIC_USD_P_USD,153807.2
FRA,2016,P_F51_DIC_AUD_P_USD,823.6
FRA,2016,P_F51_DIC_CAD_P_USD,2332.3
FRA,2016,P_F51_DIC_CHF_P_USD,27737
FRA,2016,P_F51_DIC_CNY_P_USD,11080.1
FRA,2016,P_F51_DIC_EUR_P_USD,474138.3
FRA,2016,P_F51_DIC_GBP_P_USD,32028.6
FRA,2016,P_F51_DIC_JPY_P_USD,35319.1
FRA,2016,P_F51_DIC_OTHC_P_USD,45818.3
FRA,2016,P_F51_DIC_USD_P_USD,156129.2
FRA,2017,P_F3_DIC_AUD_P_USD,7306.2
FRA,2017,P_F3_DIC_CAD_P_USD,2961.9
FRA,2017,P_F3_DIC_CHF_P_USD,3112.9
FRA,2017,P_F3_DIC_CNY_P_USD,341
FRA,2017,P_F3_DIC_EUR_P_USD,1686532.3
FRA,2017,P_F3_DIC_GBP_P_USD,25896.3
FRA,2017,P_F3_DIC_JPY_P_USD,68015.3
FRA,2017,P_F3_DIC_OTHC_P_USD,17511.9
FRA,2017,P_F3_DIC_USD_P_USD,169533.3
FRA,2017,P_F51_DIC_AUD_P_USD,1152.7
FRA,2017,P_F51_DIC_CAD_P_USD,4512.8
FRA,2017,P_F51_DIC_CHF_P_USD,31525.1
FRA,2017,P_F51_DIC_CNY_P_USD,10486.6
FRA,2017,P_F51_DIC_EUR_P_USD,611067.6
FRA,2017,P_F51_DIC_GBP_P_USD,36210.6
FRA,2017,P_F51_DIC_JPY_P_USD,29623.5
FRA,2017,P_F51_DIC_OTHC_P_USD,82364.8
FRA,2017,P_F51_DIC_USD_P_USD,187082
FRA,2018,P_F3_DIC_AUD_P_USD,5248.3
FRA,2018,P_F3_DIC_CAD_P_USD,1834.1
FRA,2018,P_F3_DIC_CHF_P_USD,2809.3
FRA,2018,P_F3_DIC_CNY_P_USD,479.6
FRA,2018,P_F3_DIC_EUR_P_USD,1607798.9
FRA,2018,P_F3_DIC_GBP_P_USD,24377.7
FRA,2018,P_F3_DIC_JPY_P_USD,90637.1
FRA,2018,P_F3_DIC_OTHC_P_USD,17444.5
FRA,2018,P_F3_DIC_USD_P_USD,178958.8
FRA,2018,P_F51_DIC_AUD_P_USD,647.2
FRA,2018,P_F51_DIC_CAD_P_USD,2629.4
FRA,2018,P_F51_DIC_CHF_P_USD,24565
FRA,2018,P_F51_DIC_CNY_P_USD,8502.8
FRA,2018,P_F51_DIC_EUR_P_USD,517969
FRA,2018,P_F51_DIC_GBP_P_USD,30363.1
FRA,2018,P_F51_DIC_JPY_P_USD,18556.3
FRA,2018,P_F51_DIC_OTHC_P_USD,62736.7
FRA,2018,P_F51_DIC_USD_P_USD,161231.7
FRA,2019,P_F3_DIC_AUD_P_USD,2833.4
FRA,2019,P_F3_DIC_CAD_P_USD,1148.4
FRA,2019,P_F3_DIC_CHF_P_USD,3786
FRA,2019,P_F3_DIC_CNY_P_USD,355.3
FRA,2019,P_F3_DIC_EUR_P_USD,1639734
FRA,2019,P_F3_DIC_GBP_P_USD,31794.3
FRA,2019,P_F3_DIC_JPY_P_USD,84575
FRA,2019,P_F3_DIC_OTHC_P_USD,17282.8
FRA,2019,P_F3_DIC_USD_P_USD,228302.6
FRA,2019,P_F51_DIC_AUD_P_USD,926.9
FRA,2019,P_F51_DIC_CAD_P_USD,3566.8
FRA,2019,P_F51_DIC_CHF_P_USD,30518.3
FRA,2019,P_F51_DIC_CNY_P_USD,8239.4
FRA,2019,P_F51_DIC_EUR_P_USD,586524.6
FRA,2019,P_F51_DIC_GBP_P_USD,40838.9
FRA,2019,P_F51_DIC_JPY_P_USD,19969.8
FRA,2019,P_F51_DIC_OTHC_P_USD,60793
FRA,2019,P_F51_DIC_USD_P_USD,202999.3
FRA,2020,P_F3_DIC_AUD_P_USD,8354.1
FRA,2020,P_F3_DIC_CAD_P_USD,1092
FRA,2020,P_F3_DIC_CHF_P_USD,3989.4
FRA,2020,P_F3_DIC_CNY_P_USD,485
FRA,2020,P_F3_DIC_EUR_P_USD,1885774.8
FRA,2020,P_F3_DIC_GBP_P_USD,38080.2
FRA,2020,P_F3_DIC_JPY_P_USD,83464
FRA,2020,P_F3_DIC_OTHC_P_USD,29255.8
FRA,2020,P_F3_DIC_USD_P_USD,276656.6
FRA,2020,P_F51_DIC_AUD_P_USD,2711.4
FRA,2020,P_F51_DIC_CAD_P_USD,1421.4
FRA,2020,P_F51_DIC_CHF_P_USD,28276.5
FRA,2020,P_F51_DIC_CNY_P_USD,11158.9
FRA,2020,P_F51_DIC_EUR_P_USD,644783.3
FRA,2020,P_F51_DIC_GBP_P_USD,48245.8
FRA,2020,P_F51_DIC_JPY_P_USD,18061.2
FRA,2020,P_F51_DIC_OTHC_P_USD,86489.2
FRA,2020,P_F51_DIC_USD_P_USD,260557.7
FRA,2021,P_F3_DIC_AUD_P_USD,3138.8
FRA,2021,P_F3_DIC_CAD_P_USD,1095
FRA,2021,P_F3_DIC_CHF_P_USD,4411.3
FRA,2021,P_F3_DIC_CNY_P_USD,986.1
FRA,2021,P_F3_DIC_EUR_P_USD,1773632.1
FRA,2021,P_F3_DIC_GBP_P_USD,36059.1
FRA,2021,P_F3_DIC_JPY_P_USD,84227.9
FRA,2021,P_F3_DIC_OTHC_P_USD,21701.9
FRA,2021,P_F3_DIC_USD_P_USD,283489.5
FRA,2021,P_F51_DIC_AUD_P_USD,3220.4
FRA,2021,P_F51_DIC_CAD_P_USD,-1303.2
FRA,2021,P_F51_DIC_CHF_P_USD,35086.2
FRA,2021,P_F51_DIC_CNY_P_USD,13780.1
FRA,2021,P_F51_DIC_EUR_P_USD,709807.2
FRA,2021,P_F51_DIC_GBP_P_USD,52676.4
FRA,2021,P_F51_DIC_JPY_P_USD,22182
FRA,2021,P_F51_DIC_OTHC_P_USD,88508.4
FRA,2021,P_F51_DIC_USD_P_USD,323222.9
FRA,2022,P_F3_DIC_AUD_P_USD,4882.5
FRA,2022,P_F3_DIC_CAD_P_USD,1653
FRA,2022,P_F3_DIC_CHF_P_USD,2690.1
FRA,2022,P_F3_DIC_CNY_P_USD,442.1
FRA,2022,P_F3_DIC_EUR_P_USD,1494465.7
FRA,2022,P_F3_DIC_GBP_P_USD,35377.7
FRA,2022,P_F3_DIC_JPY_P_USD,83566
FRA,2022,P_F3_DIC_OTHC_P_USD,25552.9
FRA,2022,P_F3_DIC_USD_P_USD,282770.1
FRA,2022,P_F51_DIC_AUD_P_USD,1656.5
FRA,2022,P_F51_DIC_CAD_P_USD,-4498
FRA,2022,P_F51_DIC_CHF_P_USD,24949.2
FRA,2022,P_F51_DIC_CNY_P_USD,9584.8
FRA,2022,P_F51_DIC_EUR_P_USD,558445.1
FRA,2022,P_F51_DIC_GBP_P_USD,43674.6
FRA,2022,P_F51_DIC_JPY_P_USD,16873.3
FRA,2022,P_F51_DIC_OTHC_P_USD,49095.9
FRA,2022,P_F51_DIC_USD_P_USD,257013.5
FRA,2023,P_F3_DIC_AUD_P_USD,5064.5
FRA,2023,P_F3_DIC_CAD_P_USD,3821.2
FRA,2023,P_F3_DIC_CHF_P_USD,3260.4
FRA,2023,P_F3_DIC_CNY_P_USD,424.2
FRA,2023,P_F3_DIC_EUR_P_USD,1720723.3
FRA,2023,P_F3_DIC_GBP_P_USD,40062.6
FRA,2023,P_F3_DIC_JPY_P_USD,84394.1
FRA,2023,P_F3_DIC_OTHC_P_USD,30752.3
FRA,2023,P_F3_DIC_USD_P_USD,330599
FRA,2023,P_F51_DIC_AUD_P_USD,2072.4
FRA,2023,P_F51_DIC_CAD_P_USD,-4181.3
FRA,2023,P_F51_DIC_CHF_P_USD,31097.1
FRA,2023,P_F51_DIC_CNY_P_USD,9734.7
FRA,2023,P_F51_DIC_EUR_P_USD,638436.2
FRA,2023,P_F51_DIC_GBP_P_USD,46463.9
FRA,2023,P_F51_DIC_JPY_P_USD,21264.8
FRA,2023,P_F51_DIC_OTHC_P_USD,66605.1
FRA,2023,P_F51_DIC_USD_P_USD,312313.1
FRA,2024,P_F3_DIC_AUD_P_USD,4333.2
FRA,2024,P_F3_DIC_CAD_P_USD,1459.5
FRA,2024,P_F3_DIC_CHF_P_USD,2137.9
FRA,2024,P_F3_DIC_CNY_P_USD,397.7
FRA,2024,P_F3_DIC_EUR_P_USD,1774501.6
FRA,2024,P_F3_DIC_GBP_P_USD,39634.1
FRA,2024,P_F3_DIC_JPY_P_USD,53586.2
FRA,2024,P_F3_DIC_OTHC_P_USD,34771.6
FRA,2024,P_F3_DIC_USD_P_USD,364432.8
FRA,2024,P_F51_DIC_AUD_P_USD,3039.9
FRA,2024,P_F51_DIC_CAD_P_USD,1976.8
FRA,2024,P_F51_DIC_CHF_P_USD,30426.1
FRA,2024,P_F51_DIC_CNY_P_USD,8900.4
FRA,2024,P_F51_DIC_EUR_P_USD,664379.7
FRA,2024,P_F51_DIC_GBP_P_USD,49084.1
FRA,2024,P_F51_DIC_JPY_P_USD,20632.4
FRA,2024,P_F51_DIC_OTHC_P_USD,69655.3
FRA,2024,P_F51_DIC_USD_P_USD,468297.7
GRC,2015,P_F3_DIC_CHF_P_USD,5.4
GRC,2015,P_F3_DIC_EUR_P_USD,111307.6
GRC,2015,P_F3_DIC_GBP_P_USD,55.5
GRC,2015,P_F3_DIC_JPY_P_USD,0
GRC,2015,P_F3_DIC_OTHC_P_USD,172
GRC,2015,P_F3_DIC_USD_P_USD,2119.7
GRC,2015,P_F51_DIC_CHF_P_USD,219.9
GRC,2015,P_F51_DIC_EUR_P_USD,11989.9
GRC,2015,P_F51_DIC_GBP_P_USD,96.9
GRC,2015,P_F51_DIC_JPY_P_USD,17.4
GRC,2015,P_F51_DIC_OTHC_P_USD,65.3
GRC,2015,P_F51_DIC_USD_P_USD,1883.5
GRC,2016,P_F3_DIC_CHF_P_USD,3.2
GRC,2016,P_F3_DIC_EUR_P_USD,118356.5
GRC,2016,P_F3_DIC_GBP_P_USD,31.6
GRC,2016,P_F3_DIC_JPY_P_USD,0
GRC,2016,P_F3_DIC_OTHC_P_USD,11.6
GRC,2016,P_F3_DIC_USD_P_USD,927.6
GRC,2016,P_F51_DIC_CHF_P_USD,157.1
GRC,2016,P_F51_DIC_EUR_P_USD,9340.4
GRC,2016,P_F51_DIC_GBP_P_USD,68.5
GRC,2016,P_F51_DIC_JPY_P_USD,16.9
GRC,2016,P_F51_DIC_OTHC_P_USD,70.6
GRC,2016,P_F51_DIC_USD_P_USD,1900.5
GRC,2017,P_F3_DIC_CHF_P_USD,0
GRC,2017,P_F3_DIC_EUR_P_USD,112289.3
GRC,2017,P_F3_DIC_GBP_P_USD,0
GRC,2017,P_F3_DIC_JPY_P_USD,0
GRC,2017,P_F3_DIC_OTHC_P_USD,0
GRC,2017,P_F3_DIC_USD_P_USD,846.7
GRC,2017,P_F51_DIC_CHF_P_USD,209.9
GRC,2017,P_F51_DIC_EUR_P_USD,8492.2
GRC,2017,P_F51_DIC_GBP_P_USD,85.2
GRC,2017,P_F51_DIC_JPY_P_USD,9.6
GRC,2017,P_F51_DIC_OTHC_P_USD,182.3
GRC,2017,P_F51_DIC_USD_P_USD,2423.8
GRC,2018,P_F3_DIC_CHF_P_USD,4.6
GRC,2018,P_F3_DIC_EUR_P_USD,108973.1
GRC,2018,P_F3_DIC_GBP_P_USD,42.4
GRC,2018,P_F3_DIC_JPY_P_USD,0
GRC,2018,P_F3_DIC_OTHC_P_USD,44.7
GRC,2018,P_F3_DIC_USD_P_USD,1183.9
GRC,2018,P_F51_DIC_CHF_P_USD,196.9
GRC,2018,P_F51_DIC_EUR_P_USD,7362.4
GRC,2018,P_F51_DIC_GBP_P_USD,58.4
GRC,2018,P_F51_DIC_JPY_P_USD,8
GRC,2018,P_F51_DIC_OTHC_P_USD,56.1
GRC,2018,P_F51_DIC_USD_P_USD,1700.3
GRC,2019,P_F3_DIC_CHF_P_USD,1102.1
GRC,2019,P_F3_DIC_EUR_P_USD,134200.2
GRC,2019,P_F3_DIC_GBP_P_USD,44.9
GRC,2019,P_F3_DIC_JPY_P_USD,0
GRC,2019,P_F3_DIC_OTHC_P_USD,0
GRC,2019,P_F3_DIC_USD_P_USD,1404.3
GRC,2019,P_F51_DIC_CHF_P_USD,222.4
GRC,2019,P_F51_DIC_EUR_P_USD,2008.6
GRC,2019,P_F51_DIC_GBP_P_USD,75.3
GRC,2019,P_F51_DIC_JPY_P_USD,15.7
GRC,2019,P_F51_DIC_OTHC_P_USD,578.6
GRC,2019,P_F51_DIC_USD_P_USD,7718.9
GRC,2020,P_F3_DIC_AUD_P_USD,0
GRC,2020,P_F3_DIC_CAD_P_USD,0
GRC,2020,P_F3_DIC_CHF_P_USD,852.8
GRC,2020,P_F3_DIC_CNY_P_USD,0
GRC,2020,P_F3_DIC_EUR_P_USD,186173.2
GRC,2020,P_F3_DIC_GBP_P_USD,56.4
GRC,2020,P_F3_DIC_JPY_P_USD,0
GRC,2020,P_F3_DIC_OTHC_P_USD,0
GRC,2020,P_F3_DIC_USD_P_USD,2065.2
GRC,2020,P_F51_DIC_AUD_P_USD,0
GRC,2020,P_F51_DIC_CAD_P_USD,0
GRC,2020,P_F51_DIC_CHF_P_USD,238.1
GRC,2020,P_F51_DIC_CNY_P_USD,0
GRC,2020,P_F51_DIC_EUR_P_USD,9156.6
GRC,2020,P_F51_DIC_GBP_P_USD,197.6
GRC,2020,P_F51_DIC_JPY_P_USD,16
GRC,2020,P_F51_DIC_OTHC_P_USD,0
GRC,2020,P_F51_DIC_USD_P_USD,2386.7
GRC,2021,P_F3_DIC_CHF_P_USD,0
GRC,2021,P_F3_DIC_EUR_P_USD,199982
GRC,2021,P_F3_DIC_GBP_P_USD,75.4
GRC,2021,P_F3_DIC_JPY_P_USD,0
GRC,2021,P_F3_DIC_OTHC_P_USD,24.4
GRC,2021,P_F3_DIC_USD_P_USD,1496
GRC,2021,P_F51_DIC_CHF_P_USD,0
GRC,2021,P_F51_DIC_EUR_P_USD,11442.7
GRC,2021,P_F51_DIC_GBP_P_USD,226.4
GRC,2021,P_F51_DIC_JPY_P_USD,19.3
GRC,2021,P_F51_DIC_OTHC_P_USD,248.2
GRC,2021,P_F51_DIC_USD_P_USD,3120.3
GRC,2022,P_F3_DIC_CHF_P_USD,3.2
GRC,2022,P_F3_DIC_EUR_P_USD,195989.6
GRC,2022,P_F3_DIC_GBP_P_USD,76.3
GRC,2022,P_F3_DIC_JPY_P_USD,0
GRC,2022,P_F3_DIC_OTHC_P_USD,0
GRC,2022,P_F3_DIC_USD_P_USD,2291.9
GRC,2022,P_F51_DIC_CHF_P_USD,283.9
GRC,2022,P_F51_DIC_EUR_P_USD,9343.4
GRC,2022,P_F51_DIC_GBP_P_USD,160.8
GRC,2022,P_F51_DIC_JPY_P_USD,9.6
GRC,2022,P_F51_DIC_OTHC_P_USD,0
GRC,2022,P_F51_DIC_USD_P_USD,2654.8
GRC,2023,P_F3_DIC_CHF_P_USD,2.2
GRC,2023,P_F3_DIC_EUR_P_USD,208378.7
GRC,2023,P_F3_DIC_GBP_P_USD,153.6
GRC,2023,P_F3_DIC_JPY_P_USD,0
GRC,2023,P_F3_DIC_OTHC_P_USD,0
GRC,2023,P_F3_DIC_USD_P_USD,2842.1
GRC,2023,P_F51_DIC_CHF_P_USD,406.6
GRC,2023,P_F51_DIC_EUR_P_USD,11514.1
GRC,2023,P_F51_DIC_GBP_P_USD,124.9
GRC,2023,P_F51_DIC_JPY_P_USD,19.9
GRC,2023,P_F51_DIC_OTHC_P_USD,0
GRC,2023,P_F51_DIC_USD_P_USD,2960.3
GRC,2024,P_F3_DIC_CHF_P_USD,3.1
GRC,2024,P_F3_DIC_EUR_P_USD,203406.2
GRC,2024,P_F3_DIC_GBP_P_USD,4.2
GRC,2024,P_F3_DIC_JPY_P_USD,0
GRC,2024,P_F3_DIC_OTHC_P_USD,168.3
GRC,2024,P_F3_DIC_USD_P_USD,3081.4
GRC,2024,P_F51_DIC_CHF_P_USD,437.4
GRC,2024,P_F51_DIC_EUR_P_USD,15206.4
GRC,2024,P_F51_DIC_GBP_P_USD,195.3
GRC,2024,P_F51_DIC_JPY_P_USD,27
GRC,2024,P_F51_DIC_OTHC_P_USD,56.1
GRC,2024,P_F51_DIC_USD_P_USD,4864.1
HKG,2018,P_F3_DIC_OTHC_P_USD,254111.4
HKG,2018,P_F3_DIC_USD_P_USD,341343.4
HKG,2018,P_F51_DIC_OTHC_P_USD,881397.8
HKG,2018,P_F51_DIC_USD_P_USD,115972
HKG,2020,P_F3_DIC_OTHC_P_USD,327543.5
HKG,2020,P_F3_DIC_USD_P_USD,390904.6
HKG,2020,P_F51_DIC_OTHC_P_USD,1293702.6
HKG,2020,P_F51_DIC_USD_P_USD,180491.2
HKG,2021,P_F3_DIC_OTHC_P_USD,317165.4
HKG,2021,P_F3_DIC_USD_P_USD,384647.5
HKG,2021,P_F51_DIC_OTHC_P_USD,1211937.8
HKG,2021,P_F51_DIC_USD_P_USD,204442.9
HKG,2022,P_F3_DIC_OTHC_P_USD,265206.6
HKG,2022,P_F3_DIC_USD_P_USD,402614.2
HKG,2022,P_F51_DIC_OTHC_P_USD,992737.6
HKG,2022,P_F51_DIC_USD_P_USD,170443.5
HKG,2023,P_F3_DIC_OTHC_P_USD,318533.9
HKG,2023,P_F3_DIC_USD_P_USD,446528.7
HKG,2023,P_F51_DIC_OTHC_P_USD,858069.3
HKG,2023,P_F51_DIC_USD_P_USD,186323.9
HKG,2024,P_F3_DIC_OTHC_P_USD,366297.1
HKG,2024,P_F3_DIC_USD_P_USD,542592.9
HKG,2024,P_F51_DIC_OTHC_P_USD,998723.6
HKG,2024,P_F51_DIC_USD_P_USD,259280.4
HND,2015,P_F3_DIC_EUR_P_USD,5.2
HND,2015,P_F3_DIC_GBP_P_USD,2.7
HND,2015,P_F3_DIC_OTHC_P_USD,3.9
HND,2015,P_F3_DIC_USD_P_USD,269
HND,2015,P_F51_DIC_EUR_P_USD,0
HND,2015,P_F51_DIC_USD_P_USD,13.2
HND,2016,P_F3_DIC_CHF_P_USD,0
HND,2016,P_F3_DIC_EUR_P_USD,0
HND,2016,P_F3_DIC_GBP_P_USD,0
HND,2016,P_F3_DIC_JPY_P_USD,0
HND,2016,P_F3_DIC_OTHC_P_USD,0.1
HND,2016,P_F3_DIC_USD_P_USD,316.2
HND,2016,P_F51_DIC_CHF_P_USD,0
HND,2016,P_F51_DIC_EUR_P_USD,0
HND,2016,P_F51_DIC_GBP_P_USD,0
HND,2016,P_F51_DIC_JPY_P_USD,0
HND,2016,P_F51_DIC_OTHC_P_USD,0.2
HND,2016,P_F51_DIC_USD_P_USD,10.4
HND,2017,P_F3_DIC_USD_P_USD,332.2
HND,2017,P_F51_DIC_USD_P_USD,2
HND,2018,P_F3_DIC_EUR_P_USD,20
HND,2018,P_F3_DIC_OTHC_P_USD,0
HND,2018,P_F3_DIC_USD_P_USD,289.6
HND,2018,P_F51_DIC_EUR_P_USD,0
HND,2018,P_F51_DIC_OTHC_P_USD,0
HND,2018,P_F51_DIC_USD_P_USD,6.3
HND,2019,P_F3_DIC_AUD_P_USD,0
HND,2019,P_F3_DIC_CAD_P_USD,0
HND,2019,P_F3_DIC_CHF_P_USD,0
HND,2019,P_F3_DIC_CNY_P_USD,0
HND,2019,P_F3_DIC_EUR_P_USD,0
HND,2019,P_F3_DIC_GBP_P_USD,0
HND,2019,P_F3_DIC_JPY_P_USD,0
HND,2019,P_F3_DIC_OTHC_P_USD,8.1
HND,2019,P_F3_DIC_USD_P_USD,305.5
HND,2019,P_F51_DIC_AUD_P_USD,0
HND,2019,P_F51_DIC_CAD_P_USD,0
HND,2019,P_F51_DIC_CHF_P_USD,0
HND,2019,P_F51_DIC_CNY_P_USD,0
HND,2019,P_F51_DIC_EUR_P_USD,0.1
HND,2019,P_F51_DIC_GBP_P_USD,0
HND,2019,P_F51_DIC_JPY_P_USD,0
HND,2019,P_F51_DIC_OTHC_P_USD,0
HND,2019,P_F51_DIC_USD_P_USD,11.6
HND,2020,P_F3_DIC_AUD_P_USD,0
HND,2020,P_F3_DIC_CAD_P_USD,0
HND,2020,P_F3_DIC_CHF_P_USD,0
HND,2020,P_F3_DIC_CNY_P_USD,0
HND,2020,P_F3_DIC_EUR_P_USD,3.9
HND,2020,P_F3_DIC_GBP_P_USD,0
HND,2020,P_F3_DIC_JPY_P_USD,0
HND,2020,P_F3_DIC_OTHC_P_USD,0
HND,2020,P_F3_DIC_USD_P_USD,352.9
HND,2020,P_F51_DIC_AUD_P_USD,0
HND,2020,P_F51_DIC_CAD_P_USD,0
HND,2020,P_F51_DIC_CHF_P_USD,0
HND,2020,P_F51_DIC_CNY_P_USD,0
HND,2020,P_F51_DIC_EUR_P_USD,0
HND,2020,P_F51_DIC_GBP_P_USD,0
HND,2020,P_F51_DIC_JPY_P_USD,0
HND,2020,P_F51_DIC_OTHC_P_USD,0
HND,2020,P_F51_DIC_USD_P_USD,25.6
HND,2021,P_F3_DIC_AUD_P_USD,0
HND,2021,P_F3_DIC_CAD_P_USD,0
HND,2021,P_F3_DIC_CHF_P_USD,0
HND,2021,P_F3_DIC_CNY_P_USD,0
HND,2021,P_F3_DIC_EUR_P_USD,0
HND,2021,P_F3_DIC_GBP_P_USD,0
HND,2021,P_F3_DIC_JPY_P_USD,0
HND,2021,P_F3_DIC_OTHC_P_USD,0
HND,2021,P_F3_DIC_USD_P_USD,546.2
HND,2021,P_F51_DIC_AUD_P_USD,0
HND,2021,P_F51_DIC_CAD_P_USD,0
HND,2021,P_F51_DIC_CHF_P_USD,0
HND,2021,P_F51_DIC_CNY_P_USD,0
HND,2021,P_F51_DIC_EUR_P_USD,0
HND,2021,P_F51_DIC_GBP_P_USD,0
HND,2021,P_F51_DIC_JPY_P_USD,0
HND,2021,P_F51_DIC_OTHC_P_USD,0.6
HND,2021,P_F51_DIC_USD_P_USD,25.5
HND,2022,P_F3_DIC_AUD_P_USD,0
HND,2022,P_F3_DIC_CAD_P_USD,0
HND,2022,P_F3_DIC_CHF_P_USD,0
HND,2022,P_F3_DIC_CNY_P_USD,0
HND,2022,P_F3_DIC_EUR_P_USD,0
HND,2022,P_F3_DIC_GBP_P_USD,0
HND,2022,P_F3_DIC_JPY_P_USD,0
HND,2022,P_F3_DIC_OTHC_P_USD,0
HND,2022,P_F3_DIC_USD_P_USD,797.6
HND,2022,P_F51_DIC_AUD_P_USD,0
HND,2022,P_F51_DIC_CAD_P_USD,0
HND,2022,P_F51_DIC_CHF_P_USD,0
HND,2022,P_F51_DIC_CNY_P_USD,0
HND,2022,P_F51_DIC_EUR_P_USD,0
HND,2022,P_F51_DIC_GBP_P_USD,0
HND,2022,P_F51_DIC_JPY_P_USD,0
HND,2022,P_F51_DIC_OTHC_P_USD,0.2
HND,2022,P_F51_DIC_USD_P_USD,26.6
HND,2023,P_F3_DIC_EUR_P_USD,0
HND,2023,P_F3_DIC_USD_P_USD,975.8
HND,2023,P_F51_DIC_EUR_P_USD,0.1
HND,2023,P_F51_DIC_USD_P_USD,35.2
HND,2024,P_F3_DIC_EUR_P_USD,4
HND,2024,P_F3_DIC_OTHC_P_USD,0.4
HND,2024,P_F3_DIC_USD_P_USD,985.6
HND,2024,P_F51_DIC_EUR_P_USD,0.1
HND,2024,P_F51_DIC_OTHC_P_USD,6
HND,2024,P_F51_DIC_USD_P_USD,83.6
HUN,2015,P_F3_DIC_CHF_P_USD,99
HUN,2015,P_F3_DIC_EUR_P_USD,1146.3
HUN,2015,P_F3_DIC_GBP_P_USD,10.7
HUN,2015,P_F3_DIC_JPY_P_USD,0
HUN,2015,P_F3_DIC_OTHC_P_USD,578.3
HUN,2015,P_F3_DIC_USD_P_USD,713
HUN,2015,P_F51_DIC_CHF_P_USD,26.5
HUN,2015,P_F51_DIC_EUR_P_USD,3474.5
HUN,2015,P_F51_DIC_GBP_P_USD,102.4
HUN,2015,P_F51_DIC_JPY_P_USD,26.3
HUN,2015,P_F51_DIC_OTHC_P_USD,1075.2
HUN,2015,P_F51_DIC_USD_P_USD,1883.7
HUN,2016,P_F3_DIC_CHF_P_USD,7.7
HUN,2016,P_F3_DIC_EUR_P_USD,1605.8
HUN,2016,P_F3_DIC_GBP_P_USD,14.2
HUN,2016,P_F3_DIC_JPY_P_USD,10.6
HUN,2016,P_F3_DIC_OTHC_P_USD,733.6
HUN,2016,P_F3_DIC_USD_P_USD,1208
HUN,2016,P_F51_DIC_CHF_P_USD,25.1
HUN,2016,P_F51_DIC_EUR_P_USD,3287.1
HUN,2016,P_F51_DIC_GBP_P_USD,70.4
HUN,2016,P_F51_DIC_JPY_P_USD,27.3
HUN,2016,P_F51_DIC_OTHC_P_USD,1159.1
HUN,2016,P_F51_DIC_USD_P_USD,2074.2
HUN,2017,P_F3_DIC_AUD_P_USD,30.5
HUN,2017,P_F3_DIC_CAD_P_USD,1.6
HUN,2017,P_F3_DIC_CHF_P_USD,8.6
HUN,2017,P_F3_DIC_CNY_P_USD,0
HUN,2017,P_F3_DIC_EUR_P_USD,2618.2
HUN,2017,P_F3_DIC_GBP_P_USD,38.9
HUN,2017,P_F3_DIC_JPY_P_USD,0
HUN,2017,P_F3_DIC_OTHC_P_USD,977.4
HUN,2017,P_F3_DIC_USD_P_USD,1821.7
HUN,2017,P_F51_DIC_AUD_P_USD,3.4
HUN,2017,P_F51_DIC_CAD_P_USD,45.8
HUN,2017,P_F51_DIC_CHF_P_USD,29.1
HUN,2017,P_F51_DIC_CNY_P_USD,0.6
HUN,2017,P_F51_DIC_EUR_P_USD,4333.4
HUN,2017,P_F51_DIC_GBP_P_USD,72.8
HUN,2017,P_F51_DIC_JPY_P_USD,34.8
HUN,2017,P_F51_DIC_OTHC_P_USD,1518.6
HUN,2017,P_F51_DIC_USD_P_USD,2810.6
HUN,2018,P_F3_DIC_AUD_P_USD,25
HUN,2018,P_F3_DIC_CAD_P_USD,1.6
HUN,2018,P_F3_DIC_CHF_P_USD,13.3
HUN,2018,P_F3_DIC_CNY_P_USD,0
HUN,2018,P_F3_DIC_EUR_P_USD,2146.5
HUN,2018,P_F3_DIC_GBP_P_USD,34.5
HUN,2018,P_F3_DIC_JPY_P_USD,0
HUN,2018,P_F3_DIC_OTHC_P_USD,908.4
HUN,2018,P_F3_DIC_USD_P_USD,1611.6
HUN,2018,P_F51_DIC_AUD_P_USD,2.3
HUN,2018,P_F51_DIC_CAD_P_USD,32.7
HUN,2018,P_F51_DIC_CHF_P_USD,26.4
HUN,2018,P_F51_DIC_CNY_P_USD,0.4
HUN,2018,P_F51_DIC_EUR_P_USD,3737.5
HUN,2018,P_F51_DIC_GBP_P_USD,53.7
HUN,2018,P_F51_DIC_JPY_P_USD,27.8
HUN,2018,P_F51_DIC_OTHC_P_USD,1442.2
HUN,2018,P_F51_DIC_USD_P_USD,2467
HUN,2019,P_F3_DIC_AUD_P_USD,2.8
HUN,2019,P_F3_DIC_CAD_P_USD,1.8
HUN,2019,P_F3_DIC_CHF_P_USD,20.4
HUN,2019,P_F3_DIC_CNY_P_USD,0
HUN,2019,P_F3_DIC_EUR_P_USD,2055.9
HUN,2019,P_F3_DIC_GBP_P_USD,41.4
HUN,2019,P_F3_DIC_JPY_P_USD,0
HUN,2019,P_F3_DIC_OTHC_P_USD,1105.6
HUN,2019,P_F3_DIC_USD_P_USD,1529.7
HUN,2019,P_F51_DIC_AUD_P_USD,1.8
HUN,2019,P_F51_DIC_CAD_P_USD,35.6
HUN,2019,P_F51_DIC_CHF_P_USD,30.9
HUN,2019,P_F51_DIC_CNY_P_USD,0.4
HUN,2019,P_F51_DIC_EUR_P_USD,4245.6
HUN,2019,P_F51_DIC_GBP_P_USD,72
HUN,2019,P_F51_DIC_JPY_P_USD,26.7
HUN,2019,P_F51_DIC_OTHC_P_USD,1769.2
HUN,2019,P_F51_DIC_USD_P_USD,3049.3
HUN,2020,P_F3_DIC_AUD_P_USD,2.7
HUN,2020,P_F3_DIC_CAD_P_USD,1.7
HUN,2020,P_F3_DIC_CHF_P_USD,11.6
HUN,2020,P_F3_DIC_CNY_P_USD,2
HUN,2020,P_F3_DIC_EUR_P_USD,1953.1
HUN,2020,P_F3_DIC_GBP_P_USD,42.7
HUN,2020,P_F3_DIC_JPY_P_USD,0
HUN,2020,P_F3_DIC_OTHC_P_USD,1125
HUN,2020,P_F3_DIC_USD_P_USD,1405.4
HUN,2020,P_F51_DIC_AUD_P_USD,7.3
HUN,2020,P_F51_DIC_CAD_P_USD,43.1
HUN,2020,P_F51_DIC_CHF_P_USD,38.9
HUN,2020,P_F51_DIC_CNY_P_USD,2.5
HUN,2020,P_F51_DIC_EUR_P_USD,5183.8
HUN,2020,P_F51_DIC_GBP_P_USD,92.4
HUN,2020,P_F51_DIC_JPY_P_USD,29.3
HUN,2020,P_F51_DIC_OTHC_P_USD,2053.7
HUN,2020,P_F51_DIC_USD_P_USD,4006.9
HUN,2021,P_F3_DIC_AUD_P_USD,2.2
HUN,2021,P_F3_DIC_CAD_P_USD,1.6
HUN,2021,P_F3_DIC_CHF_P_USD,7.7
HUN,2021,P_F3_DIC_CNY_P_USD,2.6
HUN,2021,P_F3_DIC_EUR_P_USD,1971.8
HUN,2021,P_F3_DIC_GBP_P_USD,46.1
HUN,2021,P_F3_DIC_JPY_P_USD,0
HUN,2021,P_F3_DIC_OTHC_P_USD,983.1
HUN,2021,P_F3_DIC_USD_P_USD,2172.9
HUN,2021,P_F51_DIC_AUD_P_USD,14
HUN,2021,P_F51_DIC_CAD_P_USD,54.7
HUN,2021,P_F51_DIC_CHF_P_USD,46.9
HUN,2021,P_F51_DIC_CNY_P_USD,2.8
HUN,2021,P_F51_DIC_EUR_P_USD,6422.8
HUN,2021,P_F51_DIC_GBP_P_USD,107.4
HUN,2021,P_F51_DIC_JPY_P_USD,56.9
HUN,2021,P_F51_DIC_OTHC_P_USD,2441.9
HUN,2021,P_F51_DIC_USD_P_USD,5232.3
HUN,2022,P_F3_DIC_AUD_P_USD,0.5
HUN,2022,P_F3_DIC_CAD_P_USD,0.2
HUN,2022,P_F3_DIC_CHF_P_USD,24.4
HUN,2022,P_F3_DIC_CNY_P_USD,0.5
HUN,2022,P_F3_DIC_EUR_P_USD,3212.9
HUN,2022,P_F3_DIC_GBP_P_USD,26.4
HUN,2022,P_F3_DIC_JPY_P_USD,0
HUN,2022,P_F3_DIC_OTHC_P_USD,1281.7
HUN,2022,P_F3_DIC_USD_P_USD,1766.6
HUN,2022,P_F51_DIC_AUD_P_USD,10.5
HUN,2022,P_F51_DIC_CAD_P_USD,54
HUN,2022,P_F51_DIC_CHF_P_USD,44.6
HUN,2022,P_F51_DIC_CNY_P_USD,3.5
HUN,2022,P_F51_DIC_EUR_P_USD,5202.2
HUN,2022,P_F51_DIC_GBP_P_USD,74.2
HUN,2022,P_F51_DIC_JPY_P_USD,44
HUN,2022,P_F51_DIC_OTHC_P_USD,1718.8
HUN,2022,P_F51_DIC_USD_P_USD,4229.1
HUN,2023,P_F3_DIC_AUD_P_USD,1.7
HUN,2023,P_F3_DIC_CAD_P_USD,3.3
HUN,2023,P_F3_DIC_CHF_P_USD,29.9
HUN,2023,P_F3_DIC_CNY_P_USD,0
HUN,2023,P_F3_DIC_EUR_P_USD,8612.9
HUN,2023,P_F3_DIC_GBP_P_USD,39.4
HUN,2023,P_F3_DIC_JPY_P_USD,0
HUN,2023,P_F3_DIC_OTHC_P_USD,1303.9
HUN,2023,P_F3_DIC_USD_P_USD,2484.8
HUN,2023,P_F51_DIC_AUD_P_USD,10.9
HUN,2023,P_F51_DIC_CAD_P_USD,61.2
HUN,2023,P_F51_DIC_CHF_P_USD,53.4
HUN,2023,P_F51_DIC_CNY_P_USD,7.2
HUN,2023,P_F51_DIC_EUR_P_USD,8916.6
HUN,2023,P_F51_DIC_GBP_P_USD,151.2
HUN,2023,P_F51_DIC_JPY_P_USD,56.4
HUN,2023,P_F51_DIC_OTHC_P_USD,2019.3
HUN,2023,P_F51_DIC_USD_P_USD,5455.4
HUN,2024,P_F3_DIC_AUD_P_USD,1.7
HUN,2024,P_F3_DIC_CAD_P_USD,3.7
HUN,2024,P_F3_DIC_CHF_P_USD,28
HUN,2024,P_F3_DIC_CNY_P_USD,0
HUN,2024,P_F3_DIC_EUR_P_USD,10634.1
HUN,2024,P_F3_DIC_GBP_P_USD,27.9
HUN,2024,P_F3_DIC_JPY_P_USD,0
HUN,2024,P_F3_DIC_OTHC_P_USD,1453.3
HUN,2024,P_F3_DIC_USD_P_USD,2775.1
HUN,2024,P_F51_DIC_AUD_P_USD,23.1
HUN,2024,P_F51_DIC_CAD_P_USD,57.9
HUN,2024,P_F51_DIC_CHF_P_USD,57.7
HUN,2024,P_F51_DIC_CNY_P_USD,7.5
HUN,2024,P_F51_DIC_EUR_P_USD,10569.7
HUN,2024,P_F51_DIC_GBP_P_USD,158.4
HUN,2024,P_F51_DIC_JPY_P_USD,47.4
HUN,2024,P_F51_DIC_OTHC_P_USD,2570.4
HUN,2024,P_F51_DIC_USD_P_USD,7085.8
IDN,2015,P_F3_DIC_EUR_P_USD,27.8
IDN,2015,P_F3_DIC_GBP_P_USD,2.8
IDN,2015,P_F3_DIC_JPY_P_USD,3.3
IDN,2015,P_F3_DIC_OTHC_P_USD,4152.1
IDN,2015,P_F3_DIC_USD_P_USD,5144.6
IDN,2015,P_F51_DIC_EUR_P_USD,0
IDN,2015,P_F51_DIC_GBP_P_USD,0
IDN,2015,P_F51_DIC_JPY_P_USD,0
IDN,2015,P_F51_DIC_OTHC_P_USD,3594.4
IDN,2015,P_F51_DIC_USD_P_USD,164.7
IDN,2016,P_F3_DIC_EUR_P_USD,12.1
IDN,2016,P_F3_DIC_GBP_P_USD,0.3
IDN,2016,P_F3_DIC_JPY_P_USD,4.9
IDN,2016,P_F3_DIC_OTHC_P_USD,1635.2
IDN,2016,P_F3_DIC_USD_P_USD,7557.5
IDN,2016,P_F51_DIC_EUR_P_USD,9.6
IDN,2016,P_F51_DIC_GBP_P_USD,3.1
IDN,2016,P_F51_DIC_JPY_P_USD,5.8
IDN,2016,P_F51_DIC_OTHC_P_USD,2081.2
IDN,2016,P_F51_DIC_USD_P_USD,1905
IDN,2017,P_F3_DIC_AUD_P_USD,47.7
IDN,2017,P_F3_DIC_CAD_P_USD,0
IDN,2017,P_F3_DIC_CHF_P_USD,0
IDN,2017,P_F3_DIC_CNY_P_USD,121.3
IDN,2017,P_F3_DIC_EUR_P_USD,8.9
IDN,2017,P_F3_DIC_GBP_P_USD,0
IDN,2017,P_F3_DIC_JPY_P_USD,0.3
IDN,2017,P_F3_DIC_OTHC_P_USD,2072.9
IDN,2017,P_F3_DIC_USD_P_USD,9112.6
IDN,2017,P_F51_DIC_AUD_P_USD,357.5
IDN,2017,P_F51_DIC_CAD_P_USD,1.6
IDN,2017,P_F51_DIC_CHF_P_USD,5
IDN,2017,P_F51_DIC_CNY_P_USD,0
IDN,2017,P_F51_DIC_EUR_P_USD,11.7
IDN,2017,P_F51_DIC_GBP_P_USD,6.2
IDN,2017,P_F51_DIC_JPY_P_USD,7.7
IDN,2017,P_F51_DIC_OTHC_P_USD,3215.6
IDN,2017,P_F51_DIC_USD_P_USD,2357
IDN,2018,P_F3_DIC_AUD_P_USD,103.4
IDN,2018,P_F3_DIC_CAD_P_USD,0
IDN,2018,P_F3_DIC_CHF_P_USD,0.7
IDN,2018,P_F3_DIC_CNY_P_USD,60.6
IDN,2018,P_F3_DIC_EUR_P_USD,32.2
IDN,2018,P_F3_DIC_GBP_P_USD,0.2
IDN,2018,P_F3_DIC_JPY_P_USD,0.1
IDN,2018,P_F3_DIC_OTHC_P_USD,2682.5
IDN,2018,P_F3_DIC_USD_P_USD,11998.1
IDN,2018,P_F51_DIC_AUD_P_USD,1.4
IDN,2018,P_F51_DIC_CAD_P_USD,0
IDN,2018,P_F51_DIC_CHF_P_USD,0
IDN,2018,P_F51_DIC_CNY_P_USD,0
IDN,2018,P_F51_DIC_EUR_P_USD,10.7
IDN,2018,P_F51_DIC_GBP_P_USD,0.3
IDN,2018,P_F51_DIC_JPY_P_USD,38.7
IDN,2018,P_F51_DIC_OTHC_P_USD,112.2
IDN,2018,P_F51_DIC_USD_P_USD,7016.4
IDN,2019,P_F3_DIC_AUD_P_USD,107.8
IDN,2019,P_F3_DIC_CAD_P_USD,0
IDN,2019,P_F3_DIC_CHF_P_USD,0
IDN,2019,P_F3_DIC_CNY_P_USD,38.6
IDN,2019,P_F3_DIC_EUR_P_USD,34.2
IDN,2019,P_F3_DIC_GBP_P_USD,0
IDN,2019,P_F3_DIC_JPY_P_USD,0.2
IDN,2019,P_F3_DIC_OTHC_P_USD,2810.1
IDN,2019,P_F3_DIC_USD_P_USD,11052.2
IDN,2019,P_F51_DIC_AUD_P_USD,1.4
IDN,2019,P_F51_DIC_CAD_P_USD,0
IDN,2019,P_F51_DIC_CHF_P_USD,4.5
IDN,2019,P_F51_DIC_CNY_P_USD,0
IDN,2019,P_F51_DIC_EUR_P_USD,4.4
IDN,2019,P_F51_DIC_GBP_P_USD,1.7
IDN,2019,P_F51_DIC_JPY_P_USD,45.6
IDN,2019,P_F51_DIC_OTHC_P_USD,141.7
IDN,2019,P_F51_DIC_USD_P_USD,7485.8
IDN,2020,P_F3_DIC_AUD_P_USD,111.9
IDN,2020,P_F3_DIC_CAD_P_USD,0
IDN,2020,P_F3_DIC_CHF_P_USD,0
IDN,2020,P_F3_DIC_CNY_P_USD,65.8
IDN,2020,P_F3_DIC_EUR_P_USD,37.2
IDN,2020,P_F3_DIC_GBP_P_USD,0
IDN,2020,P_F3_DIC_JPY_P_USD,0.4
IDN,2020,P_F3_DIC_OTHC_P_USD,2592.4
IDN,2020,P_F3_DIC_USD_P_USD,11381.2
IDN,2020,P_F51_DIC_AUD_P_USD,1.4
IDN,2020,P_F51_DIC_CAD_P_USD,0
IDN,2020,P_F51_DIC_CHF_P_USD,0
IDN,2020,P_F51_DIC_CNY_P_USD,0
IDN,2020,P_F51_DIC_EUR_P_USD,4.3
IDN,2020,P_F51_DIC_GBP_P_USD,1.4
IDN,2020,P_F51_DIC_JPY_P_USD,37.8
IDN,2020,P_F51_DIC_OTHC_P_USD,92.4
IDN,2020,P_F51_DIC_USD_P_USD,8619.4
IDN,2021,P_F3_DIC_AUD_P_USD,108.9
IDN,2021,P_F3_DIC_CAD_P_USD,0
IDN,2021,P_F3_DIC_CHF_P_USD,0
IDN,2021,P_F3_DIC_CNY_P_USD,102.9
IDN,2021,P_F3_DIC_EUR_P_USD,24.9
IDN,2021,P_F3_DIC_GBP_P_USD,0
IDN,2021,P_F3_DIC_JPY_P_USD,0.2
IDN,2021,P_F3_DIC_OTHC_P_USD,2571.8
IDN,2021,P_F3_DIC_USD_P_USD,11961.9
IDN,2021,P_F51_DIC_AUD_P_USD,1.4
IDN,2021,P_F51_DIC_CAD_P_USD,0
IDN,2021,P_F51_DIC_CHF_P_USD,0
IDN,2021,P_F51_DIC_CNY_P_USD,0
IDN,2021,P_F51_DIC_EUR_P_USD,3.8
IDN,2021,P_F51_DIC_GBP_P_USD,1.2
IDN,2021,P_F51_DIC_JPY_P_USD,33.5
IDN,2021,P_F51_DIC_OTHC_P_USD,120.2
IDN,2021,P_F51_DIC_USD_P_USD,9730.1
IDN,2022,P_F3_DIC_AUD_P_USD,107.6
IDN,2022,P_F3_DIC_CAD_P_USD,0
IDN,2022,P_F3_DIC_CHF_P_USD,0
IDN,2022,P_F3_DIC_CNY_P_USD,202.1
IDN,2022,P_F3_DIC_EUR_P_USD,101.4
IDN,2022,P_F3_DIC_GBP_P_USD,0
IDN,2022,P_F3_DIC_JPY_P_USD,1
IDN,2022,P_F3_DIC_OTHC_P_USD,2552
IDN,2022,P_F3_DIC_USD_P_USD,15958.8
IDN,2022,P_F51_DIC_AUD_P_USD,1.4
IDN,2022,P_F51_DIC_CAD_P_USD,0
IDN,2022,P_F51_DIC_CHF_P_USD,0.1
IDN,2022,P_F51_DIC_CNY_P_USD,0
IDN,2022,P_F51_DIC_EUR_P_USD,6.7
IDN,2022,P_F51_DIC_GBP_P_USD,1.4
IDN,2022,P_F51_DIC_JPY_P_USD,36.8
IDN,2022,P_F51_DIC_OTHC_P_USD,96.9
IDN,2022,P_F51_DIC_USD_P_USD,11816.1
IDN,2023,P_F3_DIC_AUD_P_USD,0
IDN,2023,P_F3_DIC_CAD_P_USD,0
IDN,2023,P_F3_DIC_CHF_P_USD,0
IDN,2023,P_F3_DIC_CNY_P_USD,0
IDN,2023,P_F3_DIC_EUR_P_USD,93
IDN,2023,P_F3_DIC_GBP_P_USD,0
IDN,2023,P_F3_DIC_JPY_P_USD,0.2
IDN,2023,P_F3_DIC_OTHC_P_USD,2667.2
IDN,2023,P_F3_DIC_USD_P_USD,17222
IDN,2023,P_F51_DIC_AUD_P_USD,0
IDN,2023,P_F51_DIC_CAD_P_USD,0
IDN,2023,P_F51_DIC_CHF_P_USD,0
IDN,2023,P_F51_DIC_CNY_P_USD,0
IDN,2023,P_F51_DIC_EUR_P_USD,4.8
IDN,2023,P_F51_DIC_GBP_P_USD,0
IDN,2023,P_F51_DIC_JPY_P_USD,40.6
IDN,2023,P_F51_DIC_OTHC_P_USD,126.9
IDN,2023,P_F51_DIC_USD_P_USD,13687.8
IDN,2024,P_F3_DIC_AUD_P_USD,81.8
IDN,2024,P_F3_DIC_CAD_P_USD,0
IDN,2024,P_F3_DIC_CHF_P_USD,0
IDN,2024,P_F3_DIC_CNY_P_USD,167.5
IDN,2024,P_F3_DIC_EUR_P_USD,33.8
IDN,2024,P_F3_DIC_GBP_P_USD,0
IDN,2024,P_F3_DIC_JPY_P_USD,1.9
IDN,2024,P_F3_DIC_OTHC_P_USD,2619.2
IDN,2024,P_F3_DIC_USD_P_USD,18608.8
IDN,2024,P_F51_DIC_AUD_P_USD,1.4
IDN,2024,P_F51_DIC_CAD_P_USD,0
IDN,2024,P_F51_DIC_CHF_P_USD,0.2
IDN,2024,P_F51_DIC_CNY_P_USD,0
IDN,2024,P_F51_DIC_EUR_P_USD,13.5
IDN,2024,P_F51_DIC_GBP_P_USD,1.5
IDN,2024,P_F51_DIC_JPY_P_USD,41.3
IDN,2024,P_F51_DIC_OTHC_P_USD,118
IDN,2024,P_F51_DIC_USD_P_USD,15964.4
IND,2015,P_F3_DIC_CHF_P_USD,0
IND,2015,P_F3_DIC_EUR_P_USD,0
IND,2015,P_F3_DIC_GBP_P_USD,2
IND,2015,P_F3_DIC_JPY_P_USD,0
IND,2015,P_F3_DIC_OTHC_P_USD,6.2
IND,2015,P_F3_DIC_USD_P_USD,2
IND,2015,P_F51_DIC_CHF_P_USD,10.3
IND,2015,P_F51_DIC_EUR_P_USD,301.3
IND,2015,P_F51_DIC_GBP_P_USD,303.1
IND,2015,P_F51_DIC_JPY_P_USD,4.8
IND,2015,P_F51_DIC_OTHC_P_USD,498.8
IND,2015,P_F51_DIC_USD_P_USD,437.6
IND,2016,P_F3_DIC_AUD_P_USD,0
IND,2016,P_F3_DIC_CAD_P_USD,0
IND,2016,P_F3_DIC_CHF_P_USD,0
IND,2016,P_F3_DIC_CNY_P_USD,0
IND,2016,P_F3_DIC_EUR_P_USD,0
IND,2016,P_F3_DIC_GBP_P_USD,1
IND,2016,P_F3_DIC_JPY_P_USD,0
IND,2016,P_F3_DIC_OTHC_P_USD,6.1
IND,2016,P_F3_DIC_USD_P_USD,979.9
IND,2016,P_F51_DIC_AUD_P_USD,3.1
IND,2016,P_F51_DIC_CAD_P_USD,0.7
IND,2016,P_F51_DIC_CHF_P_USD,11
IND,2016,P_F51_DIC_CNY_P_USD,229.1
IND,2016,P_F51_DIC_EUR_P_USD,266.2
IND,2016,P_F51_DIC_GBP_P_USD,274.6
IND,2016,P_F51_DIC_JPY_P_USD,4.2
IND,2016,P_F51_DIC_OTHC_P_USD,294.7
IND,2016,P_F51_DIC_USD_P_USD,488.3
IND,2017,P_F3_DIC_AUD_P_USD,0
IND,2017,P_F3_DIC_CAD_P_USD,0
IND,2017,P_F3_DIC_CHF_P_USD,0
IND,2017,P_F3_DIC_CNY_P_USD,0
IND,2017,P_F3_DIC_EUR_P_USD,0
IND,2017,P_F3_DIC_GBP_P_USD,120.6
IND,2017,P_F3_DIC_JPY_P_USD,0
IND,2017,P_F3_DIC_OTHC_P_USD,63.4
IND,2017,P_F3_DIC_USD_P_USD,1366.2
IND,2017,P_F51_DIC_AUD_P_USD,1.8
IND,2017,P_F51_DIC_CAD_P_USD,1.8
IND,2017,P_F51_DIC_CHF_P_USD,10.6
IND,2017,P_F51_DIC_CNY_P_USD,552.3
IND,2017,P_F51_DIC_EUR_P_USD,241.1
IND,2017,P_F51_DIC_GBP_P_USD,342.8
IND,2017,P_F51_DIC_JPY_P_USD,15.5
IND,2017,P_F51_DIC_OTHC_P_USD,399.6
IND,2017,P_F51_DIC_USD_P_USD,524.2
IND,2018,P_F3_DIC_AUD_P_USD,0
IND,2018,P_F3_DIC_CAD_P_USD,0
IND,2018,P_F3_DIC_CHF_P_USD,0
IND,2018,P_F3_DIC_CNY_P_USD,0
IND,2018,P_F3_DIC_EUR_P_USD,20.1
IND,2018,P_F3_DIC_GBP_P_USD,17.8
IND,2018,P_F3_DIC_JPY_P_USD,0
IND,2018,P_F3_DIC_OTHC_P_USD,76.5
IND,2018,P_F3_DIC_USD_P_USD,3828.7
IND,2018,P_F51_DIC_AUD_P_USD,2.5
IND,2018,P_F51_DIC_CAD_P_USD,1.2
IND,2018,P_F51_DIC_CHF_P_USD,8.1
IND,2018,P_F51_DIC_CNY_P_USD,536
IND,2018,P_F51_DIC_EUR_P_USD,291.6
IND,2018,P_F51_DIC_GBP_P_USD,17.2
IND,2018,P_F51_DIC_JPY_P_USD,19.4
IND,2018,P_F51_DIC_OTHC_P_USD,359.9
IND,2018,P_F51_DIC_USD_P_USD,645.9
IND,2019,P_F3_DIC_AUD_P_USD,0
IND,2019,P_F3_DIC_CAD_P_USD,0
IND,2019,P_F3_DIC_CHF_P_USD,0
IND,2019,P_F3_DIC_CNY_P_USD,0
IND,2019,P_F3_DIC_EUR_P_USD,0
IND,2019,P_F3_DIC_GBP_P_USD,0
IND,2019,P_F3_DIC_JPY_P_USD,0
IND,2019,P_F3_DIC_OTHC_P_USD,83.5
IND,2019,P_F3_DIC_USD_P_USD,3185.4
IND,2019,P_F51_DIC_AUD_P_USD,2.2
IND,2019,P_F51_DIC_CAD_P_USD,25.1
IND,2019,P_F51_DIC_CHF_P_USD,9.5
IND,2019,P_F51_DIC_CNY_P_USD,552
IND,2019,P_F51_DIC_EUR_P_USD,437.8
IND,2019,P_F51_DIC_GBP_P_USD,17.5
IND,2019,P_F51_DIC_JPY_P_USD,21.1
IND,2019,P_F51_DIC_OTHC_P_USD,333.1
IND,2019,P_F51_DIC_USD_P_USD,665
IND,2020,P_F3_DIC_AUD_P_USD,0
IND,2020,P_F3_DIC_CAD_P_USD,10.2
IND,2020,P_F3_DIC_CHF_P_USD,0
IND,2020,P_F3_DIC_CNY_P_USD,0
IND,2020,P_F3_DIC_EUR_P_USD,1562.5
IND,2020,P_F3_DIC_GBP_P_USD,976.3
IND,2020,P_F3_DIC_JPY_P_USD,0
IND,2020,P_F3_DIC_OTHC_P_USD,319.7
IND,2020,P_F3_DIC_USD_P_USD,3528.8
IND,2020,P_F51_DIC_AUD_P_USD,3.8
IND,2020,P_F51_DIC_CAD_P_USD,42.7
IND,2020,P_F51_DIC_CHF_P_USD,5.2
IND,2020,P_F51_DIC_CNY_P_USD,617.6
IND,2020,P_F51_DIC_EUR_P_USD,1565.4
IND,2020,P_F51_DIC_GBP_P_USD,59.1
IND,2020,P_F51_DIC_JPY_P_USD,50
IND,2020,P_F51_DIC_OTHC_P_USD,513.3
IND,2020,P_F51_DIC_USD_P_USD,1919
IND,2021,P_F3_DIC_AUD_P_USD,0
IND,2021,P_F3_DIC_CAD_P_USD,0
IND,2021,P_F3_DIC_CHF_P_USD,0
IND,2021,P_F3_DIC_CNY_P_USD,0
IND,2021,P_F3_DIC_EUR_P_USD,2867.5
IND,2021,P_F3_DIC_GBP_P_USD,791.9
IND,2021,P_F3_DIC_JPY_P_USD,376.4
IND,2021,P_F3_DIC_OTHC_P_USD,1028.6
IND,2021,P_F3_DIC_USD_P_USD,6053
IND,2021,P_F51_DIC_AUD_P_USD,4
IND,2021,P_F51_DIC_CAD_P_USD,55.2
IND,2021,P_F51_DIC_CHF_P_USD,4.8
IND,2021,P_F51_DIC_CNY_P_USD,211
IND,2021,P_F51_DIC_EUR_P_USD,2744.1
IND,2021,P_F51_DIC_GBP_P_USD,59.8
IND,2021,P_F51_DIC_JPY_P_USD,55.4
IND,2021,P_F51_DIC_OTHC_P_USD,835.4
IND,2021,P_F51_DIC_USD_P_USD,4591.9
IND,2022,P_F3_DIC_AUD_P_USD,0
IND,2022,P_F3_DIC_CAD_P_USD,0
IND,2022,P_F3_DIC_CHF_P_USD,0
IND,2022,P_F3_DIC_CNY_P_USD,0
IND,2022,P_F3_DIC_EUR_P_USD,1238.6
IND,2022,P_F3_DIC_GBP_P_USD,490.9
IND,2022,P_F3_DIC_JPY_P_USD,0
IND,2022,P_F3_DIC_OTHC_P_USD,379.1
IND,2022,P_F3_DIC_USD_P_USD,4478.8
IND,2022,P_F51_DIC_AUD_P_USD,4.2
IND,2022,P_F51_DIC_CAD_P_USD,39.3
IND,2022,P_F51_DIC_CHF_P_USD,3.3
IND,2022,P_F51_DIC_CNY_P_USD,11
IND,2022,P_F51_DIC_EUR_P_USD,179.8
IND,2022,P_F51_DIC_GBP_P_USD,76.9
IND,2022,P_F51_DIC_JPY_P_USD,49.9
IND,2022,P_F51_DIC_OTHC_P_USD,635.1
IND,2022,P_F51_DIC_USD_P_USD,7361.3
IND,2023,P_F3_DIC_AUD_P_USD,0
IND,2023,P_F3_DIC_CAD_P_USD,0
IND,2023,P_F3_DIC_CHF_P_USD,0
IND,2023,P_F3_DIC_CNY_P_USD,0
IND,2023,P_F3_DIC_EUR_P_USD,0
IND,2023,P_F3_DIC_GBP_P_USD,0
IND,2023,P_F3_DIC_JPY_P_USD,0
IND,2023,P_F3_DIC_OTHC_P_USD,0.8
IND,2023,P_F3_DIC_USD_P_USD,2449.8
IND,2023,P_F51_DIC_AUD_P_USD,72
IND,2023,P_F51_DIC_CAD_P_USD,11.9
IND,2023,P_F51_DIC_CHF_P_USD,0.5
IND,2023,P_F51_DIC_CNY_P_USD,0.5
IND,2023,P_F51_DIC_EUR_P_USD,46.2
IND,2023,P_F51_DIC_GBP_P_USD,86.1
IND,2023,P_F51_DIC_JPY_P_USD,47.5
IND,2023,P_F51_DIC_OTHC_P_USD,906.2
IND,2023,P_F51_DIC_USD_P_USD,9751.6
IND,2024,P_F3_DIC_AUD_P_USD,0
IND,2024,P_F3_DIC_CAD_P_USD,0
IND,2024,P_F3_DIC_CHF_P_USD,0
IND,2024,P_F3_DIC_CNY_P_USD,0
IND,2024,P_F3_DIC_EUR_P_USD,650.2
IND,2024,P_F3_DIC_GBP_P_USD,450.8
IND,2024,P_F3_DIC_JPY_P_USD,0
IND,2024,P_F3_DIC_OTHC_P_USD,31.6
IND,2024,P_F3_DIC_USD_P_USD,4416.5
IND,2024,P_F51_DIC_AUD_P_USD,73.1
IND,2024,P_F51_DIC_CAD_P_USD,10.7
IND,2024,P_F51_DIC_CHF_P_USD,0.9
IND,2024,P_F51_DIC_CNY_P_USD,4.3
IND,2024,P_F51_DIC_EUR_P_USD,74.5
IND,2024,P_F51_DIC_GBP_P_USD,84.2
IND,2024,P_F51_DIC_JPY_P_USD,35.2
IND,2024,P_F51_DIC_OTHC_P_USD,729.7
IND,2024,P_F51_DIC_USD_P_USD,9196.4
ISL,2015,P_F3_DIC_CHF_P_USD,0
ISL,2015,P_F3_DIC_EUR_P_USD,403.6
ISL,2015,P_F3_DIC_GBP_P_USD,154.4
ISL,2015,P_F3_DIC_JPY_P_USD,0
ISL,2015,P_F3_DIC_OTHC_P_USD,53.6
ISL,2015,P_F3_DIC_USD_P_USD,252.2
ISL,2015,P_F51_DIC_CHF_P_USD,36.8
ISL,2015,P_F51_DIC_EUR_P_USD,1384.3
ISL,2015,P_F51_DIC_GBP_P_USD,244.4
ISL,2015,P_F51_DIC_JPY_P_USD,89.3
ISL,2015,P_F51_DIC_OTHC_P_USD,290
ISL,2015,P_F51_DIC_USD_P_USD,4267.7
ISL,2016,P_F3_DIC_CHF_P_USD,0
ISL,2016,P_F3_DIC_EUR_P_USD,314.6
ISL,2016,P_F3_DIC_GBP_P_USD,63
ISL,2016,P_F3_DIC_JPY_P_USD,0
ISL,2016,P_F3_DIC_OTHC_P_USD,34.9
ISL,2016,P_F3_DIC_USD_P_USD,144.6
ISL,2016,P_F51_DIC_CHF_P_USD,6.5
ISL,2016,P_F51_DIC_EUR_P_USD,1397
ISL,2016,P_F51_DIC_GBP_P_USD,172.6
ISL,2016,P_F51_DIC_JPY_P_USD,36.1
ISL,2016,P_F51_DIC_OTHC_P_USD,256.7
ISL,2016,P_F51_DIC_USD_P_USD,5912.2
ISL,2017,P_F3_DIC_CHF_P_USD,0
ISL,2017,P_F3_DIC_EUR_P_USD,598.9
ISL,2017,P_F3_DIC_GBP_P_USD,121.4
ISL,2017,P_F3_DIC_JPY_P_USD,0
ISL,2017,P_F3_DIC_OTHC_P_USD,48.9
ISL,2017,P_F3_DIC_USD_P_USD,129.1
ISL,2017,P_F51_DIC_CHF_P_USD,10.5
ISL,2017,P_F51_DIC_EUR_P_USD,1864
ISL,2017,P_F51_DIC_GBP_P_USD,122
ISL,2017,P_F51_DIC_JPY_P_USD,42.6
ISL,2017,P_F51_DIC_OTHC_P_USD,219.7
ISL,2017,P_F51_DIC_USD_P_USD,7894.8
ISL,2018,P_F3_DIC_CHF_P_USD,0
ISL,2018,P_F3_DIC_EUR_P_USD,782.1
ISL,2018,P_F3_DIC_GBP_P_USD,15.1
ISL,2018,P_F3_DIC_JPY_P_USD,0
ISL,2018,P_F3_DIC_OTHC_P_USD,32.8
ISL,2018,P_F3_DIC_USD_P_USD,536.3
ISL,2018,P_F51_DIC_CHF_P_USD,5.6
ISL,2018,P_F51_DIC_EUR_P_USD,1767.9
ISL,2018,P_F51_DIC_GBP_P_USD,101.5
ISL,2018,P_F51_DIC_JPY_P_USD,35.6
ISL,2018,P_F51_DIC_OTHC_P_USD,185.7
ISL,2018,P_F51_DIC_USD_P_USD,7815.8
ISL,2019,P_F3_DIC_CHF_P_USD,0
ISL,2019,P_F3_DIC_EUR_P_USD,480.8
ISL,2019,P_F3_DIC_GBP_P_USD,11.7
ISL,2019,P_F3_DIC_JPY_P_USD,0
ISL,2019,P_F3_DIC_OTHC_P_USD,240.8
ISL,2019,P_F3_DIC_USD_P_USD,759
ISL,2019,P_F51_DIC_CHF_P_USD,3.5
ISL,2019,P_F51_DIC_EUR_P_USD,2304.4
ISL,2019,P_F51_DIC_GBP_P_USD,76.9
ISL,2019,P_F51_DIC_JPY_P_USD,33.4
ISL,2019,P_F51_DIC_OTHC_P_USD,194.1
ISL,2019,P_F51_DIC_USD_P_USD,10390.7
ISL,2020,P_F3_DIC_CHF_P_USD,0
ISL,2020,P_F3_DIC_EUR_P_USD,564.7
ISL,2020,P_F3_DIC_GBP_P_USD,11.4
ISL,2020,P_F3_DIC_JPY_P_USD,0
ISL,2020,P_F3_DIC_OTHC_P_USD,283.8
ISL,2020,P_F3_DIC_USD_P_USD,585.4
ISL,2020,P_F51_DIC_CHF_P_USD,6.1
ISL,2020,P_F51_DIC_EUR_P_USD,2921.2
ISL,2020,P_F51_DIC_GBP_P_USD,87.9
ISL,2020,P_F51_DIC_JPY_P_USD,31.7
ISL,2020,P_F51_DIC_OTHC_P_USD,293.4
ISL,2020,P_F51_DIC_USD_P_USD,12660.5
ISL,2021,P_F3_DIC_CAD_P_USD,3.4
ISL,2021,P_F3_DIC_CHF_P_USD,0
ISL,2021,P_F3_DIC_EUR_P_USD,886.2
ISL,2021,P_F3_DIC_GBP_P_USD,21.5
ISL,2021,P_F3_DIC_JPY_P_USD,0
ISL,2021,P_F3_DIC_OTHC_P_USD,290.7
ISL,2021,P_F3_DIC_USD_P_USD,493.7
ISL,2021,P_F51_DIC_CAD_P_USD,14.6
ISL,2021,P_F51_DIC_CHF_P_USD,3.9
ISL,2021,P_F51_DIC_EUR_P_USD,2972
ISL,2021,P_F51_DIC_GBP_P_USD,94.5
ISL,2021,P_F51_DIC_JPY_P_USD,1
ISL,2021,P_F51_DIC_OTHC_P_USD,329.3
ISL,2021,P_F51_DIC_USD_P_USD,17849.4
ISL,2022,P_F3_DIC_CAD_P_USD,0
ISL,2022,P_F3_DIC_CHF_P_USD,0
ISL,2022,P_F3_DIC_EUR_P_USD,882
ISL,2022,P_F3_DIC_GBP_P_USD,17.8
ISL,2022,P_F3_DIC_JPY_P_USD,0
ISL,2022,P_F3_DIC_OTHC_P_USD,289.1
ISL,2022,P_F3_DIC_USD_P_USD,409.7
ISL,2022,P_F51_DIC_CAD_P_USD,20
ISL,2022,P_F51_DIC_CHF_P_USD,5.9
ISL,2022,P_F51_DIC_EUR_P_USD,2662.5
ISL,2022,P_F51_DIC_GBP_P_USD,71.2
ISL,2022,P_F51_DIC_JPY_P_USD,0.1
ISL,2022,P_F51_DIC_OTHC_P_USD,417.5
ISL,2022,P_F51_DIC_USD_P_USD,14475.3
ISL,2023,P_F3_DIC_CAD_P_USD,0
ISL,2023,P_F3_DIC_CHF_P_USD,0
ISL,2023,P_F3_DIC_EUR_P_USD,1518.6
ISL,2023,P_F3_DIC_GBP_P_USD,10.3
ISL,2023,P_F3_DIC_JPY_P_USD,0
ISL,2023,P_F3_DIC_OTHC_P_USD,504.5
ISL,2023,P_F3_DIC_USD_P_USD,602.6
ISL,2023,P_F51_DIC_CAD_P_USD,25.7
ISL,2023,P_F51_DIC_CHF_P_USD,8.6
ISL,2023,P_F51_DIC_EUR_P_USD,3384.9
ISL,2023,P_F51_DIC_GBP_P_USD,65.6
ISL,2023,P_F51_DIC_JPY_P_USD,0
ISL,2023,P_F51_DIC_OTHC_P_USD,772
ISL,2023,P_F51_DIC_USD_P_USD,17752.6
ISL,2024,P_F3_DIC_CAD_P_USD,0
ISL,2024,P_F3_DIC_CHF_P_USD,0
ISL,2024,P_F3_DIC_EUR_P_USD,930.9
ISL,2024,P_F3_DIC_GBP_P_USD,6.6
ISL,2024,P_F3_DIC_JPY_P_USD,0
ISL,2024,P_F3_DIC_OTHC_P_USD,245.9
ISL,2024,P_F3_DIC_USD_P_USD,474.4
ISL,2024,P_F51_DIC_CAD_P_USD,38.9
ISL,2024,P_F51_DIC_CHF_P_USD,13.2
ISL,2024,P_F51_DIC_EUR_P_USD,3707.2
ISL,2024,P_F51_DIC_GBP_P_USD,78
ISL,2024,P_F51_DIC_JPY_P_USD,0.9
ISL,2024,P_F51_DIC_OTHC_P_USD,2460.3
ISL,2024,P_F51_DIC_USD_P_USD,21083.4
ISR,2015,P_F3_DIC_EUR_P_USD,3179
ISR,2015,P_F3_DIC_GBP_P_USD,965
ISR,2015,P_F3_DIC_JPY_P_USD,26
ISR,2015,P_F3_DIC_OTHC_P_USD,2462
ISR,2015,P_F3_DIC_USD_P_USD,46848
ISR,2015,P_F51_DIC_EUR_P_USD,7671
ISR,2015,P_F51_DIC_GBP_P_USD,2340
ISR,2015,P_F51_DIC_JPY_P_USD,921
ISR,2015,P_F51_DIC_OTHC_P_USD,2717
ISR,2015,P_F51_DIC_USD_P_USD,46992
ISR,2016,P_F3_DIC_EUR_P_USD,2800
ISR,2016,P_F3_DIC_GBP_P_USD,738
ISR,2016,P_F3_DIC_JPY_P_USD,21
ISR,2016,P_F3_DIC_OTHC_P_USD,3206
ISR,2016,P_F3_DIC_USD_P_USD,50639
ISR,2016,P_F51_DIC_EUR_P_USD,6589
ISR,2016,P_F51_DIC_GBP_P_USD,1728
ISR,2016,P_F51_DIC_JPY_P_USD,770
ISR,2016,P_F51_DIC_OTHC_P_USD,2864
ISR,2016,P_F51_DIC_USD_P_USD,49873
ISR,2017,P_F3_DIC_EUR_P_USD,4049
ISR,2017,P_F3_DIC_GBP_P_USD,749
ISR,2017,P_F3_DIC_JPY_P_USD,27
ISR,2017,P_F3_DIC_OTHC_P_USD,4279
ISR,2017,P_F3_DIC_USD_P_USD,55662
ISR,2017,P_F51_DIC_EUR_P_USD,10465
ISR,2017,P_F51_DIC_GBP_P_USD,2089
ISR,2017,P_F51_DIC_JPY_P_USD,1449
ISR,2017,P_F51_DIC_OTHC_P_USD,3182
ISR,2017,P_F51_DIC_USD_P_USD,61039
ISR,2018,P_F3_DIC_EUR_P_USD,2993
ISR,2018,P_F3_DIC_GBP_P_USD,691
ISR,2018,P_F3_DIC_JPY_P_USD,259
ISR,2018,P_F3_DIC_OTHC_P_USD,3227
ISR,2018,P_F3_DIC_USD_P_USD,56885
ISR,2018,P_F51_DIC_EUR_P_USD,9157
ISR,2018,P_F51_DIC_GBP_P_USD,1817
ISR,2018,P_F51_DIC_JPY_P_USD,3209
ISR,2018,P_F51_DIC_OTHC_P_USD,2831
ISR,2018,P_F51_DIC_USD_P_USD,60635
ISR,2019,P_F3_DIC_EUR_P_USD,4782
ISR,2019,P_F3_DIC_GBP_P_USD,758
ISR,2019,P_F3_DIC_JPY_P_USD,304
ISR,2019,P_F3_DIC_OTHC_P_USD,3421
ISR,2019,P_F3_DIC_USD_P_USD,62285
ISR,2019,P_F51_DIC_EUR_P_USD,12755
ISR,2019,P_F51_DIC_GBP_P_USD,2674
ISR,2019,P_F51_DIC_JPY_P_USD,2534
ISR,2019,P_F51_DIC_OTHC_P_USD,4401
ISR,2019,P_F51_DIC_USD_P_USD,77233
ISR,2020,P_F3_DIC_EUR_P_USD,4724
ISR,2020,P_F3_DIC_GBP_P_USD,1746
ISR,2020,P_F3_DIC_JPY_P_USD,455
ISR,2020,P_F3_DIC_OTHC_P_USD,4507
ISR,2020,P_F3_DIC_USD_P_USD,64647
ISR,2020,P_F51_DIC_EUR_P_USD,13832
ISR,2020,P_F51_DIC_GBP_P_USD,3474
ISR,2020,P_F51_DIC_JPY_P_USD,4130
ISR,2020,P_F51_DIC_OTHC_P_USD,6664
ISR,2020,P_F51_DIC_USD_P_USD,109699
ISR,2021,P_F3_DIC_EUR_P_USD,5227
ISR,2021,P_F3_DIC_GBP_P_USD,1130
ISR,2021,P_F3_DIC_JPY_P_USD,961
ISR,2021,P_F3_DIC_OTHC_P_USD,6963
ISR,2021,P_F3_DIC_USD_P_USD,66049
ISR,2021,P_F51_DIC_EUR_P_USD,15562
ISR,2021,P_F51_DIC_GBP_P_USD,4712
ISR,2021,P_F51_DIC_JPY_P_USD,3396
ISR,2021,P_F51_DIC_OTHC_P_USD,8367
ISR,2021,P_F51_DIC_USD_P_USD,142393
ISR,2022,P_F3_DIC_EUR_P_USD,5437
ISR,2022,P_F3_DIC_GBP_P_USD,1343
ISR,2022,P_F3_DIC_JPY_P_USD,682
ISR,2022,P_F3_DIC_OTHC_P_USD,4464
ISR,2022,P_F3_DIC_USD_P_USD,66232
ISR,2022,P_F51_DIC_EUR_P_USD,13260
ISR,2022,P_F51_DIC_GBP_P_USD,3249
ISR,2022,P_F51_DIC_JPY_P_USD,2507
ISR,2022,P_F51_DIC_OTHC_P_USD,8780
ISR,2022,P_F51_DIC_USD_P_USD,96770
ISR,2023,P_F3_DIC_EUR_P_USD,5799
ISR,2023,P_F3_DIC_GBP_P_USD,1668
ISR,2023,P_F3_DIC_JPY_P_USD,1070
ISR,2023,P_F3_DIC_OTHC_P_USD,4671
ISR,2023,P_F3_DIC_USD_P_USD,80956
ISR,2023,P_F51_DIC_EUR_P_USD,13766
ISR,2023,P_F51_DIC_GBP_P_USD,2889
ISR,2023,P_F51_DIC_JPY_P_USD,2717
ISR,2023,P_F51_DIC_OTHC_P_USD,8394
ISR,2023,P_F51_DIC_USD_P_USD,115128
ISR,2024,P_F3_DIC_EUR_P_USD,6241
ISR,2024,P_F3_DIC_GBP_P_USD,1507
ISR,2024,P_F3_DIC_JPY_P_USD,692
ISR,2024,P_F3_DIC_OTHC_P_USD,5474
ISR,2024,P_F3_DIC_USD_P_USD,88294
ISR,2024,P_F51_DIC_EUR_P_USD,14040
ISR,2024,P_F51_DIC_GBP_P_USD,3361
ISR,2024,P_F51_DIC_JPY_P_USD,2700
ISR,2024,P_F51_DIC_OTHC_P_USD,9473
ISR,2024,P_F51_DIC_USD_P_USD,153614
ITA,2015,P_F3_DIC_CHF_P_USD,789.5
ITA,2015,P_F3_DIC_EUR_P_USD,419691
ITA,2015,P_F3_DIC_GBP_P_USD,9407.6
ITA,2015,P_F3_DIC_JPY_P_USD,2168.7
ITA,2015,P_F3_DIC_OTHC_P_USD,18887.5
ITA,2015,P_F3_DIC_USD_P_USD,59626.1
ITA,2015,P_F51_DIC_CHF_P_USD,8375.4
ITA,2015,P_F51_DIC_EUR_P_USD,563430.9
ITA,2015,P_F51_DIC_GBP_P_USD,8431.6
ITA,2015,P_F51_DIC_JPY_P_USD,5446.9
ITA,2015,P_F51_DIC_OTHC_P_USD,8653.4
ITA,2015,P_F51_DIC_USD_P_USD,105178.7
ITA,2016,P_F3_DIC_AUD_P_USD,2940.3
ITA,2016,P_F3_DIC_CAD_P_USD,701.5
ITA,2016,P_F3_DIC_CHF_P_USD,748.4
ITA,2016,P_F3_DIC_CNY_P_USD,30.3
ITA,2016,P_F3_DIC_EUR_P_USD,435256.9
ITA,2016,P_F3_DIC_GBP_P_USD,8679.3
ITA,2016,P_F3_DIC_JPY_P_USD,2454.3
ITA,2016,P_F3_DIC_OTHC_P_USD,14768.4
ITA,2016,P_F3_DIC_USD_P_USD,81129.7
ITA,2016,P_F51_DIC_AUD_P_USD,899.4
ITA,2016,P_F51_DIC_CAD_P_USD,1272.1
ITA,2016,P_F51_DIC_CHF_P_USD,7426.8
ITA,2016,P_F51_DIC_CNY_P_USD,303.1
ITA,2016,P_F51_DIC_EUR_P_USD,657758.4
ITA,2016,P_F51_DIC_GBP_P_USD,15676.5
ITA,2016,P_F51_DIC_JPY_P_USD,5247.5
ITA,2016,P_F51_DIC_OTHC_P_USD,5615.1
ITA,2016,P_F51_DIC_USD_P_USD,117005.1
ITA,2017,P_F3_DIC_AUD_P_USD,3248.9
ITA,2017,P_F3_DIC_CAD_P_USD,1099
ITA,2017,P_F3_DIC_CHF_P_USD,760.6
ITA,2017,P_F3_DIC_CNY_P_USD,38.3
ITA,2017,P_F3_DIC_EUR_P_USD,513571.8
ITA,2017,P_F3_DIC_GBP_P_USD,10070
ITA,2017,P_F3_DIC_JPY_P_USD,2988.1
ITA,2017,P_F3_DIC_OTHC_P_USD,17436.3
ITA,2017,P_F3_DIC_USD_P_USD,97801.6
ITA,2017,P_F51_DIC_AUD_P_USD,1032.6
ITA,2017,P_F51_DIC_CAD_P_USD,1480.3
ITA,2017,P_F51_DIC_CHF_P_USD,8971.2
ITA,2017,P_F51_DIC_CNY_P_USD,461.1
ITA,2017,P_F51_DIC_EUR_P_USD,814324.7
ITA,2017,P_F51_DIC_GBP_P_USD,23660.6
ITA,2017,P_F51_DIC_JPY_P_USD,7776.8
ITA,2017,P_F51_DIC_OTHC_P_USD,7680.3
ITA,2017,P_F51_DIC_USD_P_USD,184692.2
ITA,2018,P_F3_DIC_AUD_P_USD,3147.8
ITA,2018,P_F3_DIC_CAD_P_USD,1126.7
ITA,2018,P_F3_DIC_CHF_P_USD,746.7
ITA,2018,P_F3_DIC_CNY_P_USD,40.9
ITA,2018,P_F3_DIC_EUR_P_USD,485328.7
ITA,2018,P_F3_DIC_GBP_P_USD,8252.3
ITA,2018,P_F3_DIC_JPY_P_USD,5061.6
ITA,2018,P_F3_DIC_OTHC_P_USD,16991.7
ITA,2018,P_F3_DIC_USD_P_USD,103799.2
ITA,2018,P_F51_DIC_AUD_P_USD,762.7
ITA,2018,P_F51_DIC_CAD_P_USD,1145.3
ITA,2018,P_F51_DIC_CHF_P_USD,8896.8
ITA,2018,P_F51_DIC_CNY_P_USD,371.5
ITA,2018,P_F51_DIC_EUR_P_USD,773771.7
ITA,2018,P_F51_DIC_GBP_P_USD,7499.5
ITA,2018,P_F51_DIC_JPY_P_USD,6895.2
ITA,2018,P_F51_DIC_OTHC_P_USD,6230.1
ITA,2018,P_F51_DIC_USD_P_USD,147655.8
ITA,2019,P_F3_DIC_AUD_P_USD,2655.7
ITA,2019,P_F3_DIC_CAD_P_USD,953.4
ITA,2019,P_F3_DIC_CHF_P_USD,572
ITA,2019,P_F3_DIC_CNY_P_USD,83.9
ITA,2019,P_F3_DIC_EUR_P_USD,523340.7
ITA,2019,P_F3_DIC_GBP_P_USD,7117.3
ITA,2019,P_F3_DIC_JPY_P_USD,7072.4
ITA,2019,P_F3_DIC_OTHC_P_USD,14822.5
ITA,2019,P_F3_DIC_USD_P_USD,104375.4
ITA,2019,P_F51_DIC_AUD_P_USD,963.4
ITA,2019,P_F51_DIC_CAD_P_USD,1536.3
ITA,2019,P_F51_DIC_CHF_P_USD,9399.3
ITA,2019,P_F51_DIC_CNY_P_USD,389.2
ITA,2019,P_F51_DIC_EUR_P_USD,868332.6
ITA,2019,P_F51_DIC_GBP_P_USD,7773.6
ITA,2019,P_F51_DIC_JPY_P_USD,7563.6
ITA,2019,P_F51_DIC_OTHC_P_USD,6247.5
ITA,2019,P_F51_DIC_USD_P_USD,154963.3
ITA,2020,P_F3_DIC_AUD_P_USD,3063.2
ITA,2020,P_F3_DIC_CAD_P_USD,886.1
ITA,2020,P_F3_DIC_CHF_P_USD,726.2
ITA,2020,P_F3_DIC_CNY_P_USD,94.6
ITA,2020,P_F3_DIC_EUR_P_USD,646692.5
ITA,2020,P_F3_DIC_GBP_P_USD,8434.2
ITA,2020,P_F3_DIC_JPY_P_USD,10541.7
ITA,2020,P_F3_DIC_OTHC_P_USD,14088.1
ITA,2020,P_F3_DIC_USD_P_USD,106607.8
ITA,2020,P_F51_DIC_AUD_P_USD,1291.7
ITA,2020,P_F51_DIC_CAD_P_USD,1695.4
ITA,2020,P_F51_DIC_CHF_P_USD,11201.4
ITA,2020,P_F51_DIC_CNY_P_USD,506.1
ITA,2020,P_F51_DIC_EUR_P_USD,1000026.5
ITA,2020,P_F51_DIC_GBP_P_USD,8434.5
ITA,2020,P_F51_DIC_JPY_P_USD,9104.6
ITA,2020,P_F51_DIC_OTHC_P_USD,7610.5
ITA,2020,P_F51_DIC_USD_P_USD,200575.9
ITA,2021,P_F3_DIC_AUD_P_USD,2570.4
ITA,2021,P_F3_DIC_CAD_P_USD,917.5
ITA,2021,P_F3_DIC_CHF_P_USD,506
ITA,2021,P_F3_DIC_CNY_P_USD,227.7
ITA,2021,P_F3_DIC_EUR_P_USD,619278.4
ITA,2021,P_F3_DIC_GBP_P_USD,8718.9
ITA,2021,P_F3_DIC_JPY_P_USD,12261.9
ITA,2021,P_F3_DIC_OTHC_P_USD,10562.4
ITA,2021,P_F3_DIC_USD_P_USD,104891.8
ITA,2021,P_F51_DIC_AUD_P_USD,1225.9
ITA,2021,P_F51_DIC_CAD_P_USD,2108.4
ITA,2021,P_F51_DIC_CHF_P_USD,13325
ITA,2021,P_F51_DIC_CNY_P_USD,660.4
ITA,2021,P_F51_DIC_EUR_P_USD,1047975.1
ITA,2021,P_F51_DIC_GBP_P_USD,8516.2
ITA,2021,P_F51_DIC_JPY_P_USD,9528.2
ITA,2021,P_F51_DIC_OTHC_P_USD,8580.2
ITA,2021,P_F51_DIC_USD_P_USD,251078.2
ITA,2022,P_F3_DIC_AUD_P_USD,2760.3
ITA,2022,P_F3_DIC_CAD_P_USD,701
ITA,2022,P_F3_DIC_CHF_P_USD,389.7
ITA,2022,P_F3_DIC_CNY_P_USD,199.8
ITA,2022,P_F3_DIC_EUR_P_USD,560647.4
ITA,2022,P_F3_DIC_GBP_P_USD,6478.1
ITA,2022,P_F3_DIC_JPY_P_USD,10949.5
ITA,2022,P_F3_DIC_OTHC_P_USD,7843.7
ITA,2022,P_F3_DIC_USD_P_USD,92825.9
ITA,2022,P_F51_DIC_AUD_P_USD,1180.3
ITA,2022,P_F51_DIC_CAD_P_USD,2260.1
ITA,2022,P_F51_DIC_CHF_P_USD,11414.5
ITA,2022,P_F51_DIC_CNY_P_USD,553
ITA,2022,P_F51_DIC_EUR_P_USD,859256.7
ITA,2022,P_F51_DIC_GBP_P_USD,6596.7
ITA,2022,P_F51_DIC_JPY_P_USD,7756.2
ITA,2022,P_F51_DIC_OTHC_P_USD,7708.2
ITA,2022,P_F51_DIC_USD_P_USD,210077.3
ITA,2023,P_F3_DIC_AUD_P_USD,2104.8
ITA,2023,P_F3_DIC_CAD_P_USD,712.5
ITA,2023,P_F3_DIC_CHF_P_USD,467.7
ITA,2023,P_F3_DIC_CNY_P_USD,153.1
ITA,2023,P_F3_DIC_EUR_P_USD,699229.5
ITA,2023,P_F3_DIC_GBP_P_USD,7808
ITA,2023,P_F3_DIC_JPY_P_USD,10632.2
ITA,2023,P_F3_DIC_OTHC_P_USD,7394
ITA,2023,P_F3_DIC_USD_P_USD,102281.5
ITA,2023,P_F51_DIC_AUD_P_USD,1416.6
ITA,2023,P_F51_DIC_CAD_P_USD,2532.9
ITA,2023,P_F51_DIC_CHF_P_USD,10964
ITA,2023,P_F51_DIC_CNY_P_USD,358.3
ITA,2023,P_F51_DIC_EUR_P_USD,927651.2
ITA,2023,P_F51_DIC_GBP_P_USD,7140.4
ITA,2023,P_F51_DIC_JPY_P_USD,8699.4
ITA,2023,P_F51_DIC_OTHC_P_USD,9432.6
ITA,2023,P_F51_DIC_USD_P_USD,247830.6
ITA,2024,P_F3_DIC_AUD_P_USD,2449.8
ITA,2024,P_F3_DIC_CAD_P_USD,832.2
ITA,2024,P_F3_DIC_CHF_P_USD,578.2
ITA,2024,P_F3_DIC_CNY_P_USD,172.2
ITA,2024,P_F3_DIC_EUR_P_USD,751578
ITA,2024,P_F3_DIC_GBP_P_USD,10168.8
ITA,2024,P_F3_DIC_JPY_P_USD,10173.2
ITA,2024,P_F3_DIC_OTHC_P_USD,8563.3
ITA,2024,P_F3_DIC_USD_P_USD,117292.3
ITA,2024,P_F51_DIC_AUD_P_USD,1232.8
ITA,2024,P_F51_DIC_CAD_P_USD,2333.1
ITA,2024,P_F51_DIC_CHF_P_USD,11442
ITA,2024,P_F51_DIC_CNY_P_USD,517.5
ITA,2024,P_F51_DIC_EUR_P_USD,967618.2
ITA,2024,P_F51_DIC_GBP_P_USD,10267
ITA,2024,P_F51_DIC_JPY_P_USD,8886.3
ITA,2024,P_F51_DIC_OTHC_P_USD,9166.5
ITA,2024,P_F51_DIC_USD_P_USD,283733.7
JPN,2015,P_F3_DIC_CHF_P_USD,910.6
JPN,2015,P_F3_DIC_EUR_P_USD,395339.2
JPN,2015,P_F3_DIC_GBP_P_USD,65223.6
JPN,2015,P_F3_DIC_JPY_P_USD,378044.8
JPN,2015,P_F3_DIC_OTHC_P_USD,240639.1
JPN,2015,P_F3_DIC_USD_P_USD,1158016
JPN,2015,P_F51_DIC_CHF_P_USD,20622.3
JPN,2015,P_F51_DIC_EUR_P_USD,80011.2
JPN,2015,P_F51_DIC_GBP_P_USD,43233.8
JPN,2015,P_F51_DIC_JPY_P_USD,419484.4
JPN,2015,P_F51_DIC_OTHC_P_USD,129964.3
JPN,2015,P_F51_DIC_USD_P_USD,581486.7
JPN,2016,P_F3_DIC_CHF_P_USD,1001.7
JPN,2016,P_F3_DIC_EUR_P_USD,416806.9
JPN,2016,P_F3_DIC_GBP_P_USD,63954.1
JPN,2016,P_F3_DIC_JPY_P_USD,343580.1
JPN,2016,P_F3_DIC_OTHC_P_USD,277731.7
JPN,2016,P_F3_DIC_USD_P_USD,1270313.6
JPN,2016,P_F51_DIC_CHF_P_USD,19014.1
JPN,2016,P_F51_DIC_EUR_P_USD,79961
JPN,2016,P_F51_DIC_GBP_P_USD,40494.9
JPN,2016,P_F51_DIC_JPY_P_USD,471315.9
JPN,2016,P_F51_DIC_OTHC_P_USD,141310.5
JPN,2016,P_F51_DIC_USD_P_USD,653807.7
JPN,2017,P_F3_DIC_AUD_P_USD,176373.5
JPN,2017,P_F3_DIC_CAD_P_USD,25716.4
JPN,2017,P_F3_DIC_CHF_P_USD,684.9
JPN,2017,P_F3_DIC_CNY_P_USD,2084.6
JPN,2017,P_F3_DIC_EUR_P_USD,452443
JPN,2017,P_F3_DIC_GBP_P_USD,63035.9
JPN,2017,P_F3_DIC_JPY_P_USD,350199.9
JPN,2017,P_F3_DIC_OTHC_P_USD,111108.1
JPN,2017,P_F3_DIC_USD_P_USD,1248561.1
JPN,2017,P_F51_DIC_AUD_P_USD,36379.1
JPN,2017,P_F51_DIC_CAD_P_USD,21103.4
JPN,2017,P_F51_DIC_CHF_P_USD,21653.2
JPN,2017,P_F51_DIC_CNY_P_USD,2557.4
JPN,2017,P_F51_DIC_EUR_P_USD,101273.9
JPN,2017,P_F51_DIC_GBP_P_USD,46633.3
JPN,2017,P_F51_DIC_JPY_P_USD,571658.9
JPN,2017,P_F51_DIC_OTHC_P_USD,122090.9
JPN,2017,P_F51_DIC_USD_P_USD,752699.6
JPN,2018,P_F3_DIC_AUD_P_USD,174514.4
JPN,2018,P_F3_DIC_CAD_P_USD,24694.2
JPN,2018,P_F3_DIC_CHF_P_USD,281.2
JPN,2018,P_F3_DIC_CNY_P_USD,2583.8
JPN,2018,P_F3_DIC_EUR_P_USD,468484.4
JPN,2018,P_F3_DIC_GBP_P_USD,58902.1
JPN,2018,P_F3_DIC_JPY_P_USD,386301.8
JPN,2018,P_F3_DIC_OTHC_P_USD,107769.4
JPN,2018,P_F3_DIC_USD_P_USD,1213490.6
JPN,2018,P_F51_DIC_AUD_P_USD,30276.1
JPN,2018,P_F51_DIC_CAD_P_USD,18332.6
JPN,2018,P_F51_DIC_CHF_P_USD,19523.8
JPN,2018,P_F51_DIC_CNY_P_USD,2284.7
JPN,2018,P_F51_DIC_EUR_P_USD,90239.5
JPN,2018,P_F51_DIC_GBP_P_USD,39637.8
JPN,2018,P_F51_DIC_JPY_P_USD,584975.1
JPN,2018,P_F51_DIC_OTHC_P_USD,107425.2
JPN,2018,P_F51_DIC_USD_P_USD,739058.4
JPN,2019,P_F3_DIC_AUD_P_USD,180478
JPN,2019,P_F3_DIC_CAD_P_USD,26852.2
JPN,2019,P_F3_DIC_CHF_P_USD,391.6
JPN,2019,P_F3_DIC_CNY_P_USD,7906
JPN,2019,P_F3_DIC_EUR_P_USD,525736.8
JPN,2019,P_F3_DIC_GBP_P_USD,56432.7
JPN,2019,P_F3_DIC_JPY_P_USD,374377.3
JPN,2019,P_F3_DIC_OTHC_P_USD,116337.5
JPN,2019,P_F3_DIC_USD_P_USD,1342658
JPN,2019,P_F51_DIC_AUD_P_USD,34776.5
JPN,2019,P_F51_DIC_CAD_P_USD,23535.2
JPN,2019,P_F51_DIC_CHF_P_USD,24791.3
JPN,2019,P_F51_DIC_CNY_P_USD,3216.2
JPN,2019,P_F51_DIC_EUR_P_USD,112412.8
JPN,2019,P_F51_DIC_GBP_P_USD,45536.9
JPN,2019,P_F51_DIC_JPY_P_USD,625400.4
JPN,2019,P_F51_DIC_OTHC_P_USD,123651.1
JPN,2019,P_F51_DIC_USD_P_USD,911608.6
JPN,2020,P_F3_DIC_AUD_P_USD,224921.1
JPN,2020,P_F3_DIC_CAD_P_USD,42421.7
JPN,2020,P_F3_DIC_CHF_P_USD,464.2
JPN,2020,P_F3_DIC_CNY_P_USD,14005
JPN,2020,P_F3_DIC_EUR_P_USD,607240.9
JPN,2020,P_F3_DIC_GBP_P_USD,70409.6
JPN,2020,P_F3_DIC_JPY_P_USD,366136.6
JPN,2020,P_F3_DIC_OTHC_P_USD,120888
JPN,2020,P_F3_DIC_USD_P_USD,1548788.4
JPN,2020,P_F51_DIC_AUD_P_USD,32707.5
JPN,2020,P_F51_DIC_CAD_P_USD,22245.6
JPN,2020,P_F51_DIC_CHF_P_USD,24396
JPN,2020,P_F51_DIC_CNY_P_USD,4590.1
JPN,2020,P_F51_DIC_EUR_P_USD,117615
JPN,2020,P_F51_DIC_GBP_P_USD,39752.1
JPN,2020,P_F51_DIC_JPY_P_USD,685446.3
JPN,2020,P_F51_DIC_OTHC_P_USD,129286.6
JPN,2020,P_F51_DIC_USD_P_USD,1020517.1
JPN,2021,P_F3_DIC_AUD_P_USD,188126.8
JPN,2021,P_F3_DIC_CAD_P_USD,49967.5
JPN,2021,P_F3_DIC_CHF_P_USD,469.1
JPN,2021,P_F3_DIC_CNY_P_USD,18456.5
JPN,2021,P_F3_DIC_EUR_P_USD,546828
JPN,2021,P_F3_DIC_GBP_P_USD,73868.3
JPN,2021,P_F3_DIC_JPY_P_USD,329145.6
JPN,2021,P_F3_DIC_OTHC_P_USD,101440.6
JPN,2021,P_F3_DIC_USD_P_USD,1544018.3
JPN,2021,P_F51_DIC_AUD_P_USD,27793.6
JPN,2021,P_F51_DIC_CAD_P_USD,23858.3
JPN,2021,P_F51_DIC_CHF_P_USD,25685.8
JPN,2021,P_F51_DIC_CNY_P_USD,4842.8
JPN,2021,P_F51_DIC_EUR_P_USD,124971
JPN,2021,P_F51_DIC_GBP_P_USD,42378.2
JPN,2021,P_F51_DIC_JPY_P_USD,677719.9
JPN,2021,P_F51_DIC_OTHC_P_USD,129765.3
JPN,2021,P_F51_DIC_USD_P_USD,1168624.7
JPN,2022,P_F3_DIC_AUD_P_USD,133689
JPN,2022,P_F3_DIC_CAD_P_USD,32380.7
JPN,2022,P_F3_DIC_CHF_P_USD,607.2
JPN,2022,P_F3_DIC_CNY_P_USD,12641.3
JPN,2022,P_F3_DIC_EUR_P_USD,392554.6
JPN,2022,P_F3_DIC_GBP_P_USD,45939.5
JPN,2022,P_F3_DIC_JPY_P_USD,287024.9
JPN,2022,P_F3_DIC_OTHC_P_USD,71033.2
JPN,2022,P_F3_DIC_USD_P_USD,1191507.3
JPN,2022,P_F51_DIC_AUD_P_USD,23589.6
JPN,2022,P_F51_DIC_CAD_P_USD,21405
JPN,2022,P_F51_DIC_CHF_P_USD,19777
JPN,2022,P_F51_DIC_CNY_P_USD,2516.2
JPN,2022,P_F51_DIC_EUR_P_USD,100067.4
JPN,2022,P_F51_DIC_GBP_P_USD,35238
JPN,2022,P_F51_DIC_JPY_P_USD,592792.3
JPN,2022,P_F51_DIC_OTHC_P_USD,105354.4
JPN,2022,P_F51_DIC_USD_P_USD,936585.2
JPN,2023,P_F3_DIC_AUD_P_USD,131679.2
JPN,2023,P_F3_DIC_CAD_P_USD,28882.1
JPN,2023,P_F3_DIC_CHF_P_USD,641.5
JPN,2023,P_F3_DIC_CNY_P_USD,19094.2
JPN,2023,P_F3_DIC_EUR_P_USD,414563.8
JPN,2023,P_F3_DIC_GBP_P_USD,56350.5
JPN,2023,P_F3_DIC_JPY_P_USD,270917
JPN,2023,P_F3_DIC_OTHC_P_USD,60053
JPN,2023,P_F3_DIC_USD_P_USD,1334879.9
JPN,2023,P_F51_DIC_AUD_P_USD,25775.6
JPN,2023,P_F51_DIC_CAD_P_USD,23197
JPN,2023,P_F51_DIC_CHF_P_USD,20922.9
JPN,2023,P_F51_DIC_CNY_P_USD,1854.6
JPN,2023,P_F51_DIC_EUR_P_USD,111843.3
JPN,2023,P_F51_DIC_GBP_P_USD,37987.7
JPN,2023,P_F51_DIC_JPY_P_USD,592314.8
JPN,2023,P_F51_DIC_OTHC_P_USD,112444.1
JPN,2023,P_F51_DIC_USD_P_USD,1106876.7
JPN,2024,P_F3_DIC_AUD_P_USD,115974.6
JPN,2024,P_F3_DIC_CAD_P_USD,25307.6
JPN,2024,P_F3_DIC_CHF_P_USD,336.5
JPN,2024,P_F3_DIC_CNY_P_USD,30754.8
JPN,2024,P_F3_DIC_EUR_P_USD,346691.8
JPN,2024,P_F3_DIC_GBP_P_USD,60218.3
JPN,2024,P_F3_DIC_JPY_P_USD,248007
JPN,2024,P_F3_DIC_OTHC_P_USD,53275.5
JPN,2024,P_F3_DIC_USD_P_USD,1313113.9
JPN,2024,P_F51_DIC_AUD_P_USD,22460
JPN,2024,P_F51_DIC_CAD_P_USD,24133.9
JPN,2024,P_F51_DIC_CHF_P_USD,18730.4
JPN,2024,P_F51_DIC_CNY_P_USD,1991.6
JPN,2024,P_F51_DIC_EUR_P_USD,105237.7
JPN,2024,P_F51_DIC_GBP_P_USD,38024.4
JPN,2024,P_F51_DIC_JPY_P_USD,586918.6
JPN,2024,P_F51_DIC_OTHC_P_USD,112467.8
JPN,2024,P_F51_DIC_USD_P_USD,1325879.9
KAZ,2015,P_F3_DIC_CHF_P_USD,0
KAZ,2015,P_F3_DIC_EUR_P_USD,6572.9
KAZ,2015,P_F3_DIC_GBP_P_USD,3509.4
KAZ,2015,P_F3_DIC_JPY_P_USD,3494
KAZ,2015,P_F3_DIC_OTHC_P_USD,6647.2
KAZ,2015,P_F3_DIC_USD_P_USD,35489.1
KAZ,2015,P_F51_DIC_CHF_P_USD,365.2
KAZ,2015,P_F51_DIC_EUR_P_USD,1176.2
KAZ,2015,P_F51_DIC_GBP_P_USD,954.3
KAZ,2015,P_F51_DIC_JPY_P_USD,773.4
KAZ,2015,P_F51_DIC_OTHC_P_USD,639.7
KAZ,2015,P_F51_DIC_USD_P_USD,5287
KAZ,2016,P_F3_DIC_CHF_P_USD,0
KAZ,2016,P_F3_DIC_EUR_P_USD,6352.5
KAZ,2016,P_F3_DIC_GBP_P_USD,3428.8
KAZ,2016,P_F3_DIC_JPY_P_USD,3447.1
KAZ,2016,P_F3_DIC_OTHC_P_USD,5980.1
KAZ,2016,P_F3_DIC_USD_P_USD,34380.2
KAZ,2016,P_F51_DIC_CHF_P_USD,292.8
KAZ,2016,P_F51_DIC_EUR_P_USD,1354.4
KAZ,2016,P_F51_DIC_GBP_P_USD,902
KAZ,2016,P_F51_DIC_JPY_P_USD,863.9
KAZ,2016,P_F51_DIC_OTHC_P_USD,717
KAZ,2016,P_F51_DIC_USD_P_USD,5763.1
KAZ,2017,P_F3_DIC_AUD_P_USD,1929.7
KAZ,2017,P_F3_DIC_CAD_P_USD,1939.7
KAZ,2017,P_F3_DIC_CHF_P_USD,0
KAZ,2017,P_F3_DIC_CNY_P_USD,0
KAZ,2017,P_F3_DIC_EUR_P_USD,5623.3
KAZ,2017,P_F3_DIC_GBP_P_USD,3693.3
KAZ,2017,P_F3_DIC_JPY_P_USD,1958.9
KAZ,2017,P_F3_DIC_OTHC_P_USD,2861
KAZ,2017,P_F3_DIC_USD_P_USD,33678.3
KAZ,2017,P_F51_DIC_AUD_P_USD,183.4
KAZ,2017,P_F51_DIC_CAD_P_USD,357
KAZ,2017,P_F51_DIC_CHF_P_USD,311.3
KAZ,2017,P_F51_DIC_CNY_P_USD,0
KAZ,2017,P_F51_DIC_EUR_P_USD,1863
KAZ,2017,P_F51_DIC_GBP_P_USD,1131.7
KAZ,2017,P_F51_DIC_JPY_P_USD,1015.4
KAZ,2017,P_F51_DIC_OTHC_P_USD,480.9
KAZ,2017,P_F51_DIC_USD_P_USD,6987.9
KAZ,2018,P_F3_DIC_AUD_P_USD,1746.3
KAZ,2018,P_F3_DIC_CAD_P_USD,1817.5
KAZ,2018,P_F3_DIC_CHF_P_USD,0
KAZ,2018,P_F3_DIC_CNY_P_USD,0
KAZ,2018,P_F3_DIC_EUR_P_USD,5033.3
KAZ,2018,P_F3_DIC_GBP_P_USD,3314.2
KAZ,2018,P_F3_DIC_JPY_P_USD,1887.3
KAZ,2018,P_F3_DIC_OTHC_P_USD,2656.4
KAZ,2018,P_F3_DIC_USD_P_USD,33594.2
KAZ,2018,P_F51_DIC_AUD_P_USD,154
KAZ,2018,P_F51_DIC_CAD_P_USD,287.1
KAZ,2018,P_F51_DIC_CHF_P_USD,287.9
KAZ,2018,P_F51_DIC_CNY_P_USD,0
KAZ,2018,P_F51_DIC_EUR_P_USD,1319.2
KAZ,2018,P_F51_DIC_GBP_P_USD,999
KAZ,2018,P_F51_DIC_JPY_P_USD,842.7
KAZ,2018,P_F51_DIC_OTHC_P_USD,330.7
KAZ,2018,P_F51_DIC_USD_P_USD,6405.6
KAZ,2019,P_F3_DIC_AUD_P_USD,1955.3
KAZ,2019,P_F3_DIC_CAD_P_USD,1895.3
KAZ,2019,P_F3_DIC_CHF_P_USD,0
KAZ,2019,P_F3_DIC_CNY_P_USD,0
KAZ,2019,P_F3_DIC_EUR_P_USD,5222.4
KAZ,2019,P_F3_DIC_GBP_P_USD,3603.5
KAZ,2019,P_F3_DIC_JPY_P_USD,1763.7
KAZ,2019,P_F3_DIC_OTHC_P_USD,4593.8
KAZ,2019,P_F3_DIC_USD_P_USD,36636.5
KAZ,2019,P_F51_DIC_AUD_P_USD,179.1
KAZ,2019,P_F51_DIC_CAD_P_USD,391.4
KAZ,2019,P_F51_DIC_CHF_P_USD,362.6
KAZ,2019,P_F51_DIC_CNY_P_USD,0
KAZ,2019,P_F51_DIC_EUR_P_USD,1595.9
KAZ,2019,P_F51_DIC_GBP_P_USD,1420
KAZ,2019,P_F51_DIC_JPY_P_USD,1032.6
KAZ,2019,P_F51_DIC_OTHC_P_USD,370.3
KAZ,2019,P_F51_DIC_USD_P_USD,9335.9
KAZ,2020,P_F3_DIC_AUD_P_USD,1702.8
KAZ,2020,P_F3_DIC_CAD_P_USD,1614.2
KAZ,2020,P_F3_DIC_CHF_P_USD,2.9
KAZ,2020,P_F3_DIC_CNY_P_USD,0
KAZ,2020,P_F3_DIC_EUR_P_USD,4675.5
KAZ,2020,P_F3_DIC_GBP_P_USD,3422.9
KAZ,2020,P_F3_DIC_JPY_P_USD,1671.5
KAZ,2020,P_F3_DIC_OTHC_P_USD,3299.8
KAZ,2020,P_F3_DIC_USD_P_USD,33152.5
KAZ,2020,P_F51_DIC_AUD_P_USD,189.8
KAZ,2020,P_F51_DIC_CAD_P_USD,307.1
KAZ,2020,P_F51_DIC_CHF_P_USD,387.6
KAZ,2020,P_F51_DIC_CNY_P_USD,0
KAZ,2020,P_F51_DIC_EUR_P_USD,2059.3
KAZ,2020,P_F51_DIC_GBP_P_USD,685.6
KAZ,2020,P_F51_DIC_JPY_P_USD,867.5
KAZ,2020,P_F51_DIC_OTHC_P_USD,451.3
KAZ,2020,P_F51_DIC_USD_P_USD,11043
KAZ,2021,P_F3_DIC_AUD_P_USD,1099.8
KAZ,2021,P_F3_DIC_CAD_P_USD,1132.1
KAZ,2021,P_F3_DIC_CHF_P_USD,13.2
KAZ,2021,P_F3_DIC_CNY_P_USD,0
KAZ,2021,P_F3_DIC_EUR_P_USD,3756.2
KAZ,2021,P_F3_DIC_GBP_P_USD,2313.2
KAZ,2021,P_F3_DIC_JPY_P_USD,1060.4
KAZ,2021,P_F3_DIC_OTHC_P_USD,2686.1
KAZ,2021,P_F3_DIC_USD_P_USD,36275
KAZ,2021,P_F51_DIC_AUD_P_USD,250.1
KAZ,2021,P_F51_DIC_CAD_P_USD,432.6
KAZ,2021,P_F51_DIC_CHF_P_USD,363.6
KAZ,2021,P_F51_DIC_CNY_P_USD,0.1
KAZ,2021,P_F51_DIC_EUR_P_USD,1988.3
KAZ,2021,P_F51_DIC_GBP_P_USD,670.4
KAZ,2021,P_F51_DIC_JPY_P_USD,928.5
KAZ,2021,P_F51_DIC_OTHC_P_USD,589.3
KAZ,2021,P_F51_DIC_USD_P_USD,13223.9
KAZ,2022,P_F3_DIC_AUD_P_USD,731.3
KAZ,2022,P_F3_DIC_CAD_P_USD,809.6
KAZ,2022,P_F3_DIC_CHF_P_USD,18.5
KAZ,2022,P_F3_DIC_CNY_P_USD,412.1
KAZ,2022,P_F3_DIC_EUR_P_USD,3352.2
KAZ,2022,P_F3_DIC_GBP_P_USD,1776.8
KAZ,2022,P_F3_DIC_JPY_P_USD,787.7
KAZ,2022,P_F3_DIC_OTHC_P_USD,2268.3
KAZ,2022,P_F3_DIC_USD_P_USD,42904.8
KAZ,2022,P_F51_DIC_AUD_P_USD,210.4
KAZ,2022,P_F51_DIC_CAD_P_USD,381.9
KAZ,2022,P_F51_DIC_CHF_P_USD,358.7
KAZ,2022,P_F51_DIC_CNY_P_USD,0
KAZ,2022,P_F51_DIC_EUR_P_USD,1492.9
KAZ,2022,P_F51_DIC_GBP_P_USD,725.3
KAZ,2022,P_F51_DIC_JPY_P_USD,945.7
KAZ,2022,P_F51_DIC_OTHC_P_USD,1444
KAZ,2022,P_F51_DIC_USD_P_USD,11802.2
KAZ,2023,P_F3_DIC_AUD_P_USD,771.4
KAZ,2023,P_F3_DIC_CAD_P_USD,831.8
KAZ,2023,P_F3_DIC_CHF_P_USD,14.8
KAZ,2023,P_F3_DIC_CNY_P_USD,0
KAZ,2023,P_F3_DIC_EUR_P_USD,4179.4
KAZ,2023,P_F3_DIC_GBP_P_USD,1827.2
KAZ,2023,P_F3_DIC_JPY_P_USD,691
KAZ,2023,P_F3_DIC_OTHC_P_USD,3458.5
KAZ,2023,P_F3_DIC_USD_P_USD,44123
KAZ,2023,P_F51_DIC_AUD_P_USD,298.7
KAZ,2023,P_F51_DIC_CAD_P_USD,460.5
KAZ,2023,P_F51_DIC_CHF_P_USD,579.3
KAZ,2023,P_F51_DIC_CNY_P_USD,0
KAZ,2023,P_F51_DIC_EUR_P_USD,1878.4
KAZ,2023,P_F51_DIC_GBP_P_USD,769.7
KAZ,2023,P_F51_DIC_JPY_P_USD,1217.1
KAZ,2023,P_F51_DIC_OTHC_P_USD,3097.1
KAZ,2023,P_F51_DIC_USD_P_USD,15842.5
KAZ,2024,P_F3_DIC_AUD_P_USD,714.2
KAZ,2024,P_F3_DIC_CAD_P_USD,816.6
KAZ,2024,P_F3_DIC_CHF_P_USD,18
KAZ,2024,P_F3_DIC_CNY_P_USD,491
KAZ,2024,P_F3_DIC_EUR_P_USD,4063.8
KAZ,2024,P_F3_DIC_GBP_P_USD,1688.2
KAZ,2024,P_F3_DIC_JPY_P_USD,687
KAZ,2024,P_F3_DIC_OTHC_P_USD,1471.5
KAZ,2024,P_F3_DIC_USD_P_USD,44848.8
KAZ,2024,P_F51_DIC_AUD_P_USD,300.8
KAZ,2024,P_F51_DIC_CAD_P_USD,514.9
KAZ,2024,P_F51_DIC_CHF_P_USD,591.1
KAZ,2024,P_F51_DIC_CNY_P_USD,0
KAZ,2024,P_F51_DIC_EUR_P_USD,2045.9
KAZ,2024,P_F51_DIC_GBP_P_USD,927.4
KAZ,2024,P_F51_DIC_JPY_P_USD,1338.8
KAZ,2024,P_F51_DIC_OTHC_P_USD,2435.1
KAZ,2024,P_F51_DIC_USD_P_USD,21598
KOR,2015,P_F3_DIC_CHF_P_USD,3.3
KOR,2015,P_F3_DIC_EUR_P_USD,3660.3
KOR,2015,P_F3_DIC_GBP_P_USD,1335.4
KOR,2015,P_F3_DIC_JPY_P_USD,1658
KOR,2015,P_F3_DIC_OTHC_P_USD,7483.4
KOR,2015,P_F3_DIC_USD_P_USD,66811.3
KOR,2015,P_F51_DIC_CHF_P_USD,2844.8
KOR,2015,P_F51_DIC_EUR_P_USD,17899
KOR,2015,P_F51_DIC_GBP_P_USD,7272.5
KOR,2015,P_F51_DIC_JPY_P_USD,9806.9
KOR,2015,P_F51_DIC_OTHC_P_USD,29361.8
KOR,2015,P_F51_DIC_USD_P_USD,87321.2
KOR,2016,P_F3_DIC_AUD_P_USD,825.4
KOR,2016,P_F3_DIC_CAD_P_USD,628.9
KOR,2016,P_F3_DIC_CHF_P_USD,28.4
KOR,2016,P_F3_DIC_CNY_P_USD,1896.4
KOR,2016,P_F3_DIC_EUR_P_USD,3903.5
KOR,2016,P_F3_DIC_GBP_P_USD,1286.2
KOR,2016,P_F3_DIC_JPY_P_USD,2039.7
KOR,2016,P_F3_DIC_OTHC_P_USD,7273.9
KOR,2016,P_F3_DIC_USD_P_USD,110033.7
KOR,2016,P_F51_DIC_AUD_P_USD,3548.6
KOR,2016,P_F51_DIC_CAD_P_USD,2820
KOR,2016,P_F51_DIC_CHF_P_USD,3001.2
KOR,2016,P_F51_DIC_CNY_P_USD,4664.5
KOR,2016,P_F51_DIC_EUR_P_USD,20675.4
KOR,2016,P_F51_DIC_GBP_P_USD,8139.3
KOR,2016,P_F51_DIC_JPY_P_USD,10925.6
KOR,2016,P_F51_DIC_OTHC_P_USD,19799.4
KOR,2016,P_F51_DIC_USD_P_USD,103413.6
KOR,2017,P_F3_DIC_AUD_P_USD,2004.2
KOR,2017,P_F3_DIC_CAD_P_USD,1938.4
KOR,2017,P_F3_DIC_CHF_P_USD,33.9
KOR,2017,P_F3_DIC_CNY_P_USD,1966
KOR,2017,P_F3_DIC_EUR_P_USD,8170.4
KOR,2017,P_F3_DIC_GBP_P_USD,1950.7
KOR,2017,P_F3_DIC_JPY_P_USD,2191.5
KOR,2017,P_F3_DIC_OTHC_P_USD,12745.7
KOR,2017,P_F3_DIC_USD_P_USD,143028.1
KOR,2017,P_F51_DIC_AUD_P_USD,5075.4
KOR,2017,P_F51_DIC_CAD_P_USD,3598.9
KOR,2017,P_F51_DIC_CHF_P_USD,3916.6
KOR,2017,P_F51_DIC_CNY_P_USD,7422.9
KOR,2017,P_F51_DIC_EUR_P_USD,30692.2
KOR,2017,P_F51_DIC_GBP_P_USD,11544.7
KOR,2017,P_F51_DIC_JPY_P_USD,14668.2
KOR,2017,P_F51_DIC_OTHC_P_USD,30426.1
KOR,2017,P_F51_DIC_USD_P_USD,143272.9
KOR,2018,P_F3_DIC_AUD_P_USD,3896.2
KOR,2018,P_F3_DIC_CAD_P_USD,2179.5
KOR,2018,P_F3_DIC_CHF_P_USD,59.3
KOR,2018,P_F3_DIC_CNY_P_USD,1804.4
KOR,2018,P_F3_DIC_EUR_P_USD,21493.9
KOR,2018,P_F3_DIC_GBP_P_USD,3315.6
KOR,2018,P_F3_DIC_JPY_P_USD,4797.5
KOR,2018,P_F3_DIC_OTHC_P_USD,13572.7
KOR,2018,P_F3_DIC_USD_P_USD,152921.2
KOR,2018,P_F51_DIC_AUD_P_USD,5049.7
KOR,2018,P_F51_DIC_CAD_P_USD,3460.5
KOR,2018,P_F51_DIC_CHF_P_USD,3882.9
KOR,2018,P_F51_DIC_CNY_P_USD,5689.7
KOR,2018,P_F51_DIC_EUR_P_USD,31728.3
KOR,2018,P_F51_DIC_GBP_P_USD,11530.7
KOR,2018,P_F51_DIC_JPY_P_USD,14357.5
KOR,2018,P_F51_DIC_OTHC_P_USD,29016.8
KOR,2018,P_F51_DIC_USD_P_USD,156222.7
KOR,2019,P_F3_DIC_AUD_P_USD,7752.8
KOR,2019,P_F3_DIC_CAD_P_USD,2780.4
KOR,2019,P_F3_DIC_CHF_P_USD,51.2
KOR,2019,P_F3_DIC_CNY_P_USD,1049.4
KOR,2019,P_F3_DIC_EUR_P_USD,32186.9
KOR,2019,P_F3_DIC_GBP_P_USD,4701.5
KOR,2019,P_F3_DIC_JPY_P_USD,4761.2
KOR,2019,P_F3_DIC_OTHC_P_USD,15144.8
KOR,2019,P_F3_DIC_USD_P_USD,162169.3
KOR,2019,P_F51_DIC_AUD_P_USD,6220.5
KOR,2019,P_F51_DIC_CAD_P_USD,4886.6
KOR,2019,P_F51_DIC_CHF_P_USD,5836.2
KOR,2019,P_F51_DIC_CNY_P_USD,7192.7
KOR,2019,P_F51_DIC_EUR_P_USD,44012.6
KOR,2019,P_F51_DIC_GBP_P_USD,15942.3
KOR,2019,P_F51_DIC_JPY_P_USD,19049.4
KOR,2019,P_F51_DIC_OTHC_P_USD,32709.8
KOR,2019,P_F51_DIC_USD_P_USD,211400.7
KOR,2020,P_F3_DIC_AUD_P_USD,14302.2
KOR,2020,P_F3_DIC_CAD_P_USD,4267.9
KOR,2020,P_F3_DIC_CHF_P_USD,42.9
KOR,2020,P_F3_DIC_CNY_P_USD,2211
KOR,2020,P_F3_DIC_EUR_P_USD,37702
KOR,2020,P_F3_DIC_GBP_P_USD,5773.7
KOR,2020,P_F3_DIC_JPY_P_USD,6606.9
KOR,2020,P_F3_DIC_OTHC_P_USD,12809.8
KOR,2020,P_F3_DIC_USD_P_USD,161232.6
KOR,2020,P_F51_DIC_AUD_P_USD,7262.4
KOR,2020,P_F51_DIC_CAD_P_USD,5126.7
KOR,2020,P_F51_DIC_CHF_P_USD,6557.7
KOR,2020,P_F51_DIC_CNY_P_USD,11108.6
KOR,2020,P_F51_DIC_EUR_P_USD,53728.4
KOR,2020,P_F51_DIC_GBP_P_USD,15591.8
KOR,2020,P_F51_DIC_JPY_P_USD,21420.4
KOR,2020,P_F51_DIC_OTHC_P_USD,42331
KOR,2020,P_F51_DIC_USD_P_USD,300186.5
KOR,2021,P_F3_DIC_AUD_P_USD,16483.3
KOR,2021,P_F3_DIC_CAD_P_USD,4823.6
KOR,2021,P_F3_DIC_CHF_P_USD,76.5
KOR,2021,P_F3_DIC_CNY_P_USD,3623.5
KOR,2021,P_F3_DIC_EUR_P_USD,31133.1
KOR,2021,P_F3_DIC_GBP_P_USD,5803.4
KOR,2021,P_F3_DIC_JPY_P_USD,7547.5
KOR,2021,P_F3_DIC_OTHC_P_USD,11035.4
KOR,2021,P_F3_DIC_USD_P_USD,163444.7
KOR,2021,P_F51_DIC_AUD_P_USD,7281
KOR,2021,P_F51_DIC_CAD_P_USD,6540.7
KOR,2021,P_F51_DIC_CHF_P_USD,8125.5
KOR,2021,P_F51_DIC_CNY_P_USD,12755.6
KOR,2021,P_F51_DIC_EUR_P_USD,65835.1
KOR,2021,P_F51_DIC_GBP_P_USD,17878
KOR,2021,P_F51_DIC_JPY_P_USD,20724.3
KOR,2021,P_F51_DIC_OTHC_P_USD,45016.1
KOR,2021,P_F51_DIC_USD_P_USD,407890
KOR,2022,P_F3_DIC_AUD_P_USD,16380.1
KOR,2022,P_F3_DIC_CAD_P_USD,4167.8
KOR,2022,P_F3_DIC_CHF_P_USD,40.9
KOR,2022,P_F3_DIC_CNY_P_USD,3624.6
KOR,2022,P_F3_DIC_EUR_P_USD,26058.3
KOR,2022,P_F3_DIC_GBP_P_USD,5289.5
KOR,2022,P_F3_DIC_JPY_P_USD,6376.5
KOR,2022,P_F3_DIC_OTHC_P_USD,9654.5
KOR,2022,P_F3_DIC_USD_P_USD,148786.1
KOR,2022,P_F51_DIC_AUD_P_USD,6537.7
KOR,2022,P_F51_DIC_CAD_P_USD,5978.8
KOR,2022,P_F51_DIC_CHF_P_USD,5864.8
KOR,2022,P_F51_DIC_CNY_P_USD,8522.7
KOR,2022,P_F51_DIC_EUR_P_USD,58374.4
KOR,2022,P_F51_DIC_GBP_P_USD,15222
KOR,2022,P_F51_DIC_JPY_P_USD,15427.8
KOR,2022,P_F51_DIC_OTHC_P_USD,35939.2
KOR,2022,P_F51_DIC_USD_P_USD,367213.9
KOR,2023,P_F3_DIC_AUD_P_USD,19322.3
KOR,2023,P_F3_DIC_CAD_P_USD,4063.9
KOR,2023,P_F3_DIC_CHF_P_USD,167.8
KOR,2023,P_F3_DIC_CNY_P_USD,4653.6
KOR,2023,P_F3_DIC_EUR_P_USD,29572.7
KOR,2023,P_F3_DIC_GBP_P_USD,5570.5
KOR,2023,P_F3_DIC_JPY_P_USD,5908
KOR,2023,P_F3_DIC_OTHC_P_USD,10707.5
KOR,2023,P_F3_DIC_USD_P_USD,154529.4
KOR,2023,P_F51_DIC_AUD_P_USD,7079.9
KOR,2023,P_F51_DIC_CAD_P_USD,6799
KOR,2023,P_F51_DIC_CHF_P_USD,6114
KOR,2023,P_F51_DIC_CNY_P_USD,6987.6
KOR,2023,P_F51_DIC_EUR_P_USD,67547.5
KOR,2023,P_F51_DIC_GBP_P_USD,17575
KOR,2023,P_F51_DIC_JPY_P_USD,18631.4
KOR,2023,P_F51_DIC_OTHC_P_USD,39875.7
KOR,2023,P_F51_DIC_USD_P_USD,453283
KOR,2024,P_F3_DIC_AUD_P_USD,19028.2
KOR,2024,P_F3_DIC_CAD_P_USD,4057.7
KOR,2024,P_F3_DIC_CHF_P_USD,193.2
KOR,2024,P_F3_DIC_CNY_P_USD,7239.2
KOR,2024,P_F3_DIC_EUR_P_USD,29237.4
KOR,2024,P_F3_DIC_GBP_P_USD,5384.2
KOR,2024,P_F3_DIC_JPY_P_USD,5677.4
KOR,2024,P_F3_DIC_OTHC_P_USD,11191
KOR,2024,P_F3_DIC_USD_P_USD,168661.4
KOR,2024,P_F51_DIC_AUD_P_USD,6742.4
KOR,2024,P_F51_DIC_CAD_P_USD,7253.6
KOR,2024,P_F51_DIC_CHF_P_USD,5526.8
KOR,2024,P_F51_DIC_CNY_P_USD,6626.9
KOR,2024,P_F51_DIC_EUR_P_USD,66198.8
KOR,2024,P_F51_DIC_GBP_P_USD,17492.9
KOR,2024,P_F51_DIC_JPY_P_USD,21500.9
KOR,2024,P_F51_DIC_OTHC_P_USD,41509.5
KOR,2024,P_F51_DIC_USD_P_USD,570732.8
KWT,2015,P_F3_DIC_EUR_P_USD,146.1
KWT,2015,P_F3_DIC_GBP_P_USD,23.6
KWT,2015,P_F3_DIC_OTHC_P_USD,558.9
KWT,2015,P_F3_DIC_USD_P_USD,4543.8
KWT,2015,P_F51_DIC_EUR_P_USD,227
KWT,2015,P_F51_DIC_GBP_P_USD,301.5
KWT,2015,P_F51_DIC_OTHC_P_USD,4819
KWT,2015,P_F51_DIC_USD_P_USD,5293.8
KWT,2016,P_F3_DIC_EUR_P_USD,269.9
KWT,2016,P_F3_DIC_GBP_P_USD,16.8
KWT,2016,P_F3_DIC_OTHC_P_USD,518.4
KWT,2016,P_F3_DIC_USD_P_USD,5099.6
KWT,2016,P_F51_DIC_EUR_P_USD,172
KWT,2016,P_F51_DIC_GBP_P_USD,414
KWT,2016,P_F51_DIC_OTHC_P_USD,4354.7
KWT,2016,P_F51_DIC_USD_P_USD,5600.2
KWT,2017,P_F3_DIC_CHF_P_USD,0
KWT,2017,P_F3_DIC_EUR_P_USD,95.1
KWT,2017,P_F3_DIC_GBP_P_USD,24.1
KWT,2017,P_F3_DIC_JPY_P_USD,0
KWT,2017,P_F3_DIC_OTHC_P_USD,486.1
KWT,2017,P_F3_DIC_USD_P_USD,6564.6
KWT,2017,P_F51_DIC_CHF_P_USD,0
KWT,2017,P_F51_DIC_EUR_P_USD,149.8
KWT,2017,P_F51_DIC_GBP_P_USD,559.3
KWT,2017,P_F51_DIC_JPY_P_USD,4.2
KWT,2017,P_F51_DIC_OTHC_P_USD,4699.8
KWT,2017,P_F51_DIC_USD_P_USD,3920
KWT,2018,P_F3_DIC_AUD_P_USD,285.9
KWT,2018,P_F3_DIC_CAD_P_USD,0
KWT,2018,P_F3_DIC_CHF_P_USD,22.2
KWT,2018,P_F3_DIC_CNY_P_USD,0
KWT,2018,P_F3_DIC_EUR_P_USD,51.9
KWT,2018,P_F3_DIC_GBP_P_USD,20.2
KWT,2018,P_F3_DIC_JPY_P_USD,0
KWT,2018,P_F3_DIC_OTHC_P_USD,187.8
KWT,2018,P_F3_DIC_USD_P_USD,6579.8
KWT,2018,P_F51_DIC_AUD_P_USD,0
KWT,2018,P_F51_DIC_CAD_P_USD,0.2
KWT,2018,P_F51_DIC_CHF_P_USD,3.6
KWT,2018,P_F51_DIC_CNY_P_USD,0
KWT,2018,P_F51_DIC_EUR_P_USD,169.7
KWT,2018,P_F51_DIC_GBP_P_USD,535.2
KWT,2018,P_F51_DIC_JPY_P_USD,3.8
KWT,2018,P_F51_DIC_OTHC_P_USD,4707.3
KWT,2018,P_F51_DIC_USD_P_USD,4081.1
KWT,2019,P_F3_DIC_AUD_P_USD,0.9
KWT,2019,P_F3_DIC_CAD_P_USD,13.1
KWT,2019,P_F3_DIC_CHF_P_USD,12.3
KWT,2019,P_F3_DIC_CNY_P_USD,0
KWT,2019,P_F3_DIC_EUR_P_USD,136.2
KWT,2019,P_F3_DIC_GBP_P_USD,22.5
KWT,2019,P_F3_DIC_JPY_P_USD,0
KWT,2019,P_F3_DIC_OTHC_P_USD,276.3
KWT,2019,P_F3_DIC_USD_P_USD,9097.8
KWT,2019,P_F51_DIC_AUD_P_USD,0
KWT,2019,P_F51_DIC_CAD_P_USD,1.3
KWT,2019,P_F51_DIC_CHF_P_USD,4.2
KWT,2019,P_F51_DIC_CNY_P_USD,0
KWT,2019,P_F51_DIC_EUR_P_USD,172.5
KWT,2019,P_F51_DIC_GBP_P_USD,386
KWT,2019,P_F51_DIC_JPY_P_USD,3.8
KWT,2019,P_F51_DIC_OTHC_P_USD,5310.1
KWT,2019,P_F51_DIC_USD_P_USD,4697.7
KWT,2020,P_F3_DIC_AUD_P_USD,89.7
KWT,2020,P_F3_DIC_CAD_P_USD,11.4
KWT,2020,P_F3_DIC_CHF_P_USD,0
KWT,2020,P_F3_DIC_CNY_P_USD,13.4
KWT,2020,P_F3_DIC_EUR_P_USD,404.9
KWT,2020,P_F3_DIC_GBP_P_USD,241.4
KWT,2020,P_F3_DIC_JPY_P_USD,0
KWT,2020,P_F3_DIC_OTHC_P_USD,809.3
KWT,2020,P_F3_DIC_USD_P_USD,8408.8
KWT,2020,P_F51_DIC_AUD_P_USD,8.5
KWT,2020,P_F51_DIC_CAD_P_USD,14.5
KWT,2020,P_F51_DIC_CHF_P_USD,14.5
KWT,2020,P_F51_DIC_CNY_P_USD,0.1
KWT,2020,P_F51_DIC_EUR_P_USD,253.1
KWT,2020,P_F51_DIC_GBP_P_USD,367.2
KWT,2020,P_F51_DIC_JPY_P_USD,6.5
KWT,2020,P_F51_DIC_OTHC_P_USD,4158.5
KWT,2020,P_F51_DIC_USD_P_USD,4246.7
KWT,2021,P_F3_DIC_AUD_P_USD,25.1
KWT,2021,P_F3_DIC_CAD_P_USD,10.6
KWT,2021,P_F3_DIC_CHF_P_USD,13.6
KWT,2021,P_F3_DIC_CNY_P_USD,25.1
KWT,2021,P_F3_DIC_EUR_P_USD,318.7
KWT,2021,P_F3_DIC_GBP_P_USD,187.8
KWT,2021,P_F3_DIC_JPY_P_USD,0
KWT,2021,P_F3_DIC_OTHC_P_USD,204.7
KWT,2021,P_F3_DIC_USD_P_USD,9991.3
KWT,2021,P_F51_DIC_AUD_P_USD,0.7
KWT,2021,P_F51_DIC_CAD_P_USD,0.5
KWT,2021,P_F51_DIC_CHF_P_USD,16.5
KWT,2021,P_F51_DIC_CNY_P_USD,0.1
KWT,2021,P_F51_DIC_EUR_P_USD,246.9
KWT,2021,P_F51_DIC_GBP_P_USD,332.4
KWT,2021,P_F51_DIC_JPY_P_USD,5.9
KWT,2021,P_F51_DIC_OTHC_P_USD,3102.1
KWT,2021,P_F51_DIC_USD_P_USD,4734.2
KWT,2022,P_F3_DIC_AUD_P_USD,16.7
KWT,2022,P_F3_DIC_CAD_P_USD,9.1
KWT,2022,P_F3_DIC_CHF_P_USD,59.5
KWT,2022,P_F3_DIC_CNY_P_USD,0
KWT,2022,P_F3_DIC_EUR_P_USD,331.7
KWT,2022,P_F3_DIC_GBP_P_USD,198.4
KWT,2022,P_F3_DIC_JPY_P_USD,0
KWT,2022,P_F3_DIC_OTHC_P_USD,315.4
KWT,2022,P_F3_DIC_USD_P_USD,10791.6
KWT,2022,P_F51_DIC_AUD_P_USD,0.2
KWT,2022,P_F51_DIC_CAD_P_USD,0.3
KWT,2022,P_F51_DIC_CHF_P_USD,21
KWT,2022,P_F51_DIC_CNY_P_USD,0.1
KWT,2022,P_F51_DIC_EUR_P_USD,461.9
KWT,2022,P_F51_DIC_GBP_P_USD,253.4
KWT,2022,P_F51_DIC_JPY_P_USD,3.3
KWT,2022,P_F51_DIC_OTHC_P_USD,2647.5
KWT,2022,P_F51_DIC_USD_P_USD,4220.9
KWT,2023,P_F3_DIC_AUD_P_USD,0
KWT,2023,P_F3_DIC_CAD_P_USD,7.6
KWT,2023,P_F3_DIC_CHF_P_USD,18.7
KWT,2023,P_F3_DIC_CNY_P_USD,0
KWT,2023,P_F3_DIC_EUR_P_USD,328.2
KWT,2023,P_F3_DIC_GBP_P_USD,172.4
KWT,2023,P_F3_DIC_JPY_P_USD,0
KWT,2023,P_F3_DIC_OTHC_P_USD,269.5
KWT,2023,P_F3_DIC_USD_P_USD,13206.8
KWT,2023,P_F51_DIC_AUD_P_USD,0.1
KWT,2023,P_F51_DIC_CAD_P_USD,0.2
KWT,2023,P_F51_DIC_CHF_P_USD,7.6
KWT,2023,P_F51_DIC_CNY_P_USD,4.9
KWT,2023,P_F51_DIC_EUR_P_USD,287.3
KWT,2023,P_F51_DIC_GBP_P_USD,264
KWT,2023,P_F51_DIC_JPY_P_USD,0.7
KWT,2023,P_F51_DIC_OTHC_P_USD,2998.8
KWT,2023,P_F51_DIC_USD_P_USD,4429
KWT,2024,P_F3_DIC_AUD_P_USD,4.9
KWT,2024,P_F3_DIC_CAD_P_USD,0
KWT,2024,P_F3_DIC_CHF_P_USD,55.9
KWT,2024,P_F3_DIC_CNY_P_USD,0
KWT,2024,P_F3_DIC_EUR_P_USD,324.6
KWT,2024,P_F3_DIC_GBP_P_USD,199.1
KWT,2024,P_F3_DIC_JPY_P_USD,0
KWT,2024,P_F3_DIC_OTHC_P_USD,115.2
KWT,2024,P_F3_DIC_USD_P_USD,17871.1
KWT,2024,P_F51_DIC_AUD_P_USD,0
KWT,2024,P_F51_DIC_CAD_P_USD,0.3
KWT,2024,P_F51_DIC_CHF_P_USD,5.4
KWT,2024,P_F51_DIC_CNY_P_USD,0
KWT,2024,P_F51_DIC_EUR_P_USD,258.9
KWT,2024,P_F51_DIC_GBP_P_USD,243.7
KWT,2024,P_F51_DIC_JPY_P_USD,0.9
KWT,2024,P_F51_DIC_OTHC_P_USD,2927.5
KWT,2024,P_F51_DIC_USD_P_USD,5140.7
LBR,2015,P_F3_DIC_OTHC_P_USD,0
LBR,2015,P_F51_DIC_OTHC_P_USD,0.3
LTU,2015,P_F3_DIC_AUD_P_USD,0.9
LTU,2015,P_F3_DIC_CAD_P_USD,0.5
LTU,2015,P_F3_DIC_CHF_P_USD,0
LTU,2015,P_F3_DIC_CNY_P_USD,113.2
LTU,2015,P_F3_DIC_EUR_P_USD,4235.3
LTU,2015,P_F3_DIC_GBP_P_USD,11.4
LTU,2015,P_F3_DIC_JPY_P_USD,0
LTU,2015,P_F3_DIC_OTHC_P_USD,3.2
LTU,2015,P_F3_DIC_USD_P_USD,374.3
LTU,2015,P_F51_DIC_AUD_P_USD,3.6
LTU,2015,P_F51_DIC_CAD_P_USD,5.3
LTU,2015,P_F51_DIC_CHF_P_USD,17.5
LTU,2015,P_F51_DIC_CNY_P_USD,0.1
LTU,2015,P_F51_DIC_EUR_P_USD,1895.9
LTU,2015,P_F51_DIC_GBP_P_USD,32
LTU,2015,P_F51_DIC_JPY_P_USD,17.4
LTU,2015,P_F51_DIC_OTHC_P_USD,125.6
LTU,2015,P_F51_DIC_USD_P_USD,762.7
LTU,2016,P_F3_DIC_AUD_P_USD,0.8
LTU,2016,P_F3_DIC_CAD_P_USD,0.5
LTU,2016,P_F3_DIC_CHF_P_USD,0
LTU,2016,P_F3_DIC_CNY_P_USD,0.2
LTU,2016,P_F3_DIC_EUR_P_USD,6965.9
LTU,2016,P_F3_DIC_GBP_P_USD,17
LTU,2016,P_F3_DIC_JPY_P_USD,0
LTU,2016,P_F3_DIC_OTHC_P_USD,2.9
LTU,2016,P_F3_DIC_USD_P_USD,509.1
LTU,2016,P_F51_DIC_AUD_P_USD,4.3
LTU,2016,P_F51_DIC_CAD_P_USD,6.8
LTU,2016,P_F51_DIC_CHF_P_USD,11.3
LTU,2016,P_F51_DIC_CNY_P_USD,0.1
LTU,2016,P_F51_DIC_EUR_P_USD,2125
LTU,2016,P_F51_DIC_GBP_P_USD,17.2
LTU,2016,P_F51_DIC_JPY_P_USD,21.6
LTU,2016,P_F51_DIC_OTHC_P_USD,113.2
LTU,2016,P_F51_DIC_USD_P_USD,846.4
LTU,2017,P_F3_DIC_AUD_P_USD,0.6
LTU,2017,P_F3_DIC_CAD_P_USD,0.3
LTU,2017,P_F3_DIC_CHF_P_USD,0
LTU,2017,P_F3_DIC_CNY_P_USD,0
LTU,2017,P_F3_DIC_EUR_P_USD,11769.2
LTU,2017,P_F3_DIC_GBP_P_USD,20.4
LTU,2017,P_F3_DIC_JPY_P_USD,0
LTU,2017,P_F3_DIC_OTHC_P_USD,1.9
LTU,2017,P_F3_DIC_USD_P_USD,298.1
LTU,2017,P_F51_DIC_AUD_P_USD,6.3
LTU,2017,P_F51_DIC_CAD_P_USD,8.8
LTU,2017,P_F51_DIC_CHF_P_USD,14
LTU,2017,P_F51_DIC_CNY_P_USD,0.1
LTU,2017,P_F51_DIC_EUR_P_USD,2762
LTU,2017,P_F51_DIC_GBP_P_USD,25
LTU,2017,P_F51_DIC_JPY_P_USD,22.6
LTU,2017,P_F51_DIC_OTHC_P_USD,132.1
LTU,2017,P_F51_DIC_USD_P_USD,1449.2
LTU,2018,P_F3_DIC_AUD_P_USD,0.4
LTU,2018,P_F3_DIC_CAD_P_USD,0
LTU,2018,P_F3_DIC_CHF_P_USD,0
LTU,2018,P_F3_DIC_CNY_P_USD,0
LTU,2018,P_F3_DIC_EUR_P_USD,12792.4
LTU,2018,P_F3_DIC_GBP_P_USD,11.3
LTU,2018,P_F3_DIC_JPY_P_USD,0
LTU,2018,P_F3_DIC_OTHC_P_USD,0.9
LTU,2018,P_F3_DIC_USD_P_USD,244.5
LTU,2018,P_F51_DIC_AUD_P_USD,5.8
LTU,2018,P_F51_DIC_CAD_P_USD,9.1
LTU,2018,P_F51_DIC_CHF_P_USD,3.9
LTU,2018,P_F51_DIC_CNY_P_USD,0.1
LTU,2018,P_F51_DIC_EUR_P_USD,2522.3
LTU,2018,P_F51_DIC_GBP_P_USD,16.2
LTU,2018,P_F51_DIC_JPY_P_USD,0.6
LTU,2018,P_F51_DIC_OTHC_P_USD,83.4
LTU,2018,P_F51_DIC_USD_P_USD,1703.4
LTU,2019,P_F3_DIC_AUD_P_USD,0.4
LTU,2019,P_F3_DIC_CAD_P_USD,0
LTU,2019,P_F3_DIC_CHF_P_USD,0
LTU,2019,P_F3_DIC_CNY_P_USD,0
LTU,2019,P_F3_DIC_EUR_P_USD,11312.2
LTU,2019,P_F3_DIC_GBP_P_USD,2.1
LTU,2019,P_F3_DIC_JPY_P_USD,0
LTU,2019,P_F3_DIC_OTHC_P_USD,0.9
LTU,2019,P_F3_DIC_USD_P_USD,148
LTU,2019,P_F51_DIC_AUD_P_USD,0.2
LTU,2019,P_F51_DIC_CAD_P_USD,15.3
LTU,2019,P_F51_DIC_CHF_P_USD,3.6
LTU,2019,P_F51_DIC_CNY_P_USD,0.1
LTU,2019,P_F51_DIC_EUR_P_USD,4226
LTU,2019,P_F51_DIC_GBP_P_USD,13.3
LTU,2019,P_F51_DIC_JPY_P_USD,0.8
LTU,2019,P_F51_DIC_OTHC_P_USD,158.3
LTU,2019,P_F51_DIC_USD_P_USD,1908
LTU,2020,P_F3_DIC_AUD_P_USD,0.4
LTU,2020,P_F3_DIC_CAD_P_USD,0
LTU,2020,P_F3_DIC_CHF_P_USD,0
LTU,2020,P_F3_DIC_CNY_P_USD,0
LTU,2020,P_F3_DIC_EUR_P_USD,12179.8
LTU,2020,P_F3_DIC_GBP_P_USD,0.2
LTU,2020,P_F3_DIC_JPY_P_USD,0
LTU,2020,P_F3_DIC_OTHC_P_USD,6.2
LTU,2020,P_F3_DIC_USD_P_USD,127.1
LTU,2020,P_F51_DIC_AUD_P_USD,1
LTU,2020,P_F51_DIC_CAD_P_USD,29.8
LTU,2020,P_F51_DIC_CHF_P_USD,5.2
LTU,2020,P_F51_DIC_CNY_P_USD,0.5
LTU,2020,P_F51_DIC_EUR_P_USD,6193.6
LTU,2020,P_F51_DIC_GBP_P_USD,25.9
LTU,2020,P_F51_DIC_JPY_P_USD,1.4
LTU,2020,P_F51_DIC_OTHC_P_USD,426.5
LTU,2020,P_F51_DIC_USD_P_USD,3185
LTU,2021,P_F3_DIC_AUD_P_USD,0.4
LTU,2021,P_F3_DIC_CAD_P_USD,0
LTU,2021,P_F3_DIC_CHF_P_USD,0
LTU,2021,P_F3_DIC_CNY_P_USD,0
LTU,2021,P_F3_DIC_EUR_P_USD,11241.8
LTU,2021,P_F3_DIC_GBP_P_USD,0.1
LTU,2021,P_F3_DIC_JPY_P_USD,0
LTU,2021,P_F3_DIC_OTHC_P_USD,5.7
LTU,2021,P_F3_DIC_USD_P_USD,117.3
LTU,2021,P_F51_DIC_AUD_P_USD,0.9
LTU,2021,P_F51_DIC_CAD_P_USD,27.5
LTU,2021,P_F51_DIC_CHF_P_USD,4.8
LTU,2021,P_F51_DIC_CNY_P_USD,0.4
LTU,2021,P_F51_DIC_EUR_P_USD,5716.6
LTU,2021,P_F51_DIC_GBP_P_USD,23.9
LTU,2021,P_F51_DIC_JPY_P_USD,1.3
LTU,2021,P_F51_DIC_OTHC_P_USD,393.7
LTU,2021,P_F51_DIC_USD_P_USD,2939.7
LTU,2022,P_F3_DIC_AUD_P_USD,0.3
LTU,2022,P_F3_DIC_CAD_P_USD,0
LTU,2022,P_F3_DIC_CHF_P_USD,0
LTU,2022,P_F3_DIC_CNY_P_USD,0
LTU,2022,P_F3_DIC_EUR_P_USD,12503.6
LTU,2022,P_F3_DIC_GBP_P_USD,7.3
LTU,2022,P_F3_DIC_JPY_P_USD,0
LTU,2022,P_F3_DIC_OTHC_P_USD,5.4
LTU,2022,P_F3_DIC_USD_P_USD,531
LTU,2022,P_F51_DIC_AUD_P_USD,0.8
LTU,2022,P_F51_DIC_CAD_P_USD,8.4
LTU,2022,P_F51_DIC_CHF_P_USD,4.6
LTU,2022,P_F51_DIC_CNY_P_USD,0.3
LTU,2022,P_F51_DIC_EUR_P_USD,4862.6
LTU,2022,P_F51_DIC_GBP_P_USD,54.7
LTU,2022,P_F51_DIC_JPY_P_USD,1.4
LTU,2022,P_F51_DIC_OTHC_P_USD,310.8
LTU,2022,P_F51_DIC_USD_P_USD,2758.3
LTU,2023,P_F3_DIC_AUD_P_USD,0.4
LTU,2023,P_F3_DIC_CAD_P_USD,0
LTU,2023,P_F3_DIC_CHF_P_USD,0
LTU,2023,P_F3_DIC_CNY_P_USD,0
LTU,2023,P_F3_DIC_EUR_P_USD,14351.4
LTU,2023,P_F3_DIC_GBP_P_USD,208.2
LTU,2023,P_F3_DIC_JPY_P_USD,0
LTU,2023,P_F3_DIC_OTHC_P_USD,3.5
LTU,2023,P_F3_DIC_USD_P_USD,623.2
LTU,2023,P_F51_DIC_AUD_P_USD,1.5
LTU,2023,P_F51_DIC_CAD_P_USD,7.9
LTU,2023,P_F51_DIC_CHF_P_USD,10.4
LTU,2023,P_F51_DIC_CNY_P_USD,0.2
LTU,2023,P_F51_DIC_EUR_P_USD,6530
LTU,2023,P_F51_DIC_GBP_P_USD,552.7
LTU,2023,P_F51_DIC_JPY_P_USD,3.8
LTU,2023,P_F51_DIC_OTHC_P_USD,126.1
LTU,2023,P_F51_DIC_USD_P_USD,3512.3
LTU,2024,P_F3_DIC_AUD_P_USD,48.8
LTU,2024,P_F3_DIC_CAD_P_USD,0
LTU,2024,P_F3_DIC_CHF_P_USD,0
LTU,2024,P_F3_DIC_CNY_P_USD,0
LTU,2024,P_F3_DIC_EUR_P_USD,14157.3
LTU,2024,P_F3_DIC_GBP_P_USD,384.8
LTU,2024,P_F3_DIC_JPY_P_USD,0.4
LTU,2024,P_F3_DIC_OTHC_P_USD,1.6
LTU,2024,P_F3_DIC_USD_P_USD,738.4
LTU,2024,P_F51_DIC_AUD_P_USD,2.9
LTU,2024,P_F51_DIC_CAD_P_USD,8.1
LTU,2024,P_F51_DIC_CHF_P_USD,12.6
LTU,2024,P_F51_DIC_CNY_P_USD,0.5
LTU,2024,P_F51_DIC_EUR_P_USD,7632.1
LTU,2024,P_F51_DIC_GBP_P_USD,561.1
LTU,2024,P_F51_DIC_JPY_P_USD,5.4
LTU,2024,P_F51_DIC_OTHC_P_USD,257.2
LTU,2024,P_F51_DIC_USD_P_USD,4930.4
LVA,2015,P_F3_DIC_AUD_P_USD,15.2
LVA,2015,P_F3_DIC_CAD_P_USD,7.6
LVA,2015,P_F3_DIC_CHF_P_USD,6.5
LVA,2015,P_F3_DIC_CNY_P_USD,0
LVA,2015,P_F3_DIC_EUR_P_USD,4624.8
LVA,2015,P_F3_DIC_GBP_P_USD,56.6
LVA,2015,P_F3_DIC_JPY_P_USD,4.4
LVA,2015,P_F3_DIC_OTHC_P_USD,25
LVA,2015,P_F3_DIC_USD_P_USD,5689.5
LVA,2015,P_F51_DIC_AUD_P_USD,0
LVA,2015,P_F51_DIC_CAD_P_USD,2.2
LVA,2015,P_F51_DIC_CHF_P_USD,2.2
LVA,2015,P_F51_DIC_CNY_P_USD,2.2
LVA,2015,P_F51_DIC_EUR_P_USD,1284.7
LVA,2015,P_F51_DIC_GBP_P_USD,18.5
LVA,2015,P_F51_DIC_JPY_P_USD,10.9
LVA,2015,P_F51_DIC_OTHC_P_USD,45.7
LVA,2015,P_F51_DIC_USD_P_USD,296.1
LVA,2016,P_F3_DIC_AUD_P_USD,12.6
LVA,2016,P_F3_DIC_CAD_P_USD,0
LVA,2016,P_F3_DIC_CHF_P_USD,5.3
LVA,2016,P_F3_DIC_CNY_P_USD,0
LVA,2016,P_F3_DIC_EUR_P_USD,8101.8
LVA,2016,P_F3_DIC_GBP_P_USD,46.4
LVA,2016,P_F3_DIC_JPY_P_USD,0
LVA,2016,P_F3_DIC_OTHC_P_USD,24.2
LVA,2016,P_F3_DIC_USD_P_USD,4061.4
LVA,2016,P_F51_DIC_AUD_P_USD,0
LVA,2016,P_F51_DIC_CAD_P_USD,2.1
LVA,2016,P_F51_DIC_CHF_P_USD,2.1
LVA,2016,P_F51_DIC_CNY_P_USD,2.1
LVA,2016,P_F51_DIC_EUR_P_USD,1442
LVA,2016,P_F51_DIC_GBP_P_USD,31.6
LVA,2016,P_F51_DIC_JPY_P_USD,26.4
LVA,2016,P_F51_DIC_OTHC_P_USD,50.6
LVA,2016,P_F51_DIC_USD_P_USD,414.3
LVA,2017,P_F3_DIC_AUD_P_USD,9.6
LVA,2017,P_F3_DIC_CAD_P_USD,9.6
LVA,2017,P_F3_DIC_CHF_P_USD,7.2
LVA,2017,P_F3_DIC_CNY_P_USD,0
LVA,2017,P_F3_DIC_EUR_P_USD,11393.3
LVA,2017,P_F3_DIC_GBP_P_USD,62.4
LVA,2017,P_F3_DIC_JPY_P_USD,0
LVA,2017,P_F3_DIC_OTHC_P_USD,44.4
LVA,2017,P_F3_DIC_USD_P_USD,3868.9
LVA,2017,P_F51_DIC_AUD_P_USD,1.2
LVA,2017,P_F51_DIC_CAD_P_USD,7.2
LVA,2017,P_F51_DIC_CHF_P_USD,2.4
LVA,2017,P_F51_DIC_CNY_P_USD,1.2
LVA,2017,P_F51_DIC_EUR_P_USD,2324.2
LVA,2017,P_F51_DIC_GBP_P_USD,38.4
LVA,2017,P_F51_DIC_JPY_P_USD,55.2
LVA,2017,P_F51_DIC_OTHC_P_USD,54
LVA,2017,P_F51_DIC_USD_P_USD,544.5
LVA,2018,P_F3_DIC_AUD_P_USD,12.6
LVA,2018,P_F3_DIC_CAD_P_USD,9.2
LVA,2018,P_F3_DIC_CHF_P_USD,0
LVA,2018,P_F3_DIC_CNY_P_USD,0
LVA,2018,P_F3_DIC_EUR_P_USD,11705.3
LVA,2018,P_F3_DIC_GBP_P_USD,40.1
LVA,2018,P_F3_DIC_JPY_P_USD,0
LVA,2018,P_F3_DIC_OTHC_P_USD,112.2
LVA,2018,P_F3_DIC_USD_P_USD,1248
LVA,2018,P_F51_DIC_AUD_P_USD,1.1
LVA,2018,P_F51_DIC_CAD_P_USD,10.3
LVA,2018,P_F51_DIC_CHF_P_USD,2.3
LVA,2018,P_F51_DIC_CNY_P_USD,1.1
LVA,2018,P_F51_DIC_EUR_P_USD,2410.2
LVA,2018,P_F51_DIC_GBP_P_USD,77.9
LVA,2018,P_F51_DIC_JPY_P_USD,29.8
LVA,2018,P_F51_DIC_OTHC_P_USD,99.6
LVA,2018,P_F51_DIC_USD_P_USD,564.5
LVA,2019,P_F3_DIC_AUD_P_USD,14.6
LVA,2019,P_F3_DIC_CAD_P_USD,22.5
LVA,2019,P_F3_DIC_CHF_P_USD,0
LVA,2019,P_F3_DIC_CNY_P_USD,0
LVA,2019,P_F3_DIC_EUR_P_USD,11559.8
LVA,2019,P_F3_DIC_GBP_P_USD,44.9
LVA,2019,P_F3_DIC_JPY_P_USD,40.4
LVA,2019,P_F3_DIC_OTHC_P_USD,95.5
LVA,2019,P_F3_DIC_USD_P_USD,1235.7
LVA,2019,P_F51_DIC_AUD_P_USD,0
LVA,2019,P_F51_DIC_CAD_P_USD,7.9
LVA,2019,P_F51_DIC_CHF_P_USD,2.2
LVA,2019,P_F51_DIC_CNY_P_USD,1.1
LVA,2019,P_F51_DIC_EUR_P_USD,2887.1
LVA,2019,P_F51_DIC_GBP_P_USD,70.8
LVA,2019,P_F51_DIC_JPY_P_USD,34.8
LVA,2019,P_F51_DIC_OTHC_P_USD,146
LVA,2019,P_F51_DIC_USD_P_USD,979.6
LVA,2020,P_F3_DIC_AUD_P_USD,4.9
LVA,2020,P_F3_DIC_CAD_P_USD,23.3
LVA,2020,P_F3_DIC_CHF_P_USD,0
LVA,2020,P_F3_DIC_CNY_P_USD,0
LVA,2020,P_F3_DIC_EUR_P_USD,16095.9
LVA,2020,P_F3_DIC_GBP_P_USD,34.4
LVA,2020,P_F3_DIC_JPY_P_USD,0
LVA,2020,P_F3_DIC_OTHC_P_USD,117.8
LVA,2020,P_F3_DIC_USD_P_USD,1152.2
LVA,2020,P_F51_DIC_AUD_P_USD,0
LVA,2020,P_F51_DIC_CAD_P_USD,8.6
LVA,2020,P_F51_DIC_CHF_P_USD,4.9
LVA,2020,P_F51_DIC_CNY_P_USD,1.2
LVA,2020,P_F51_DIC_EUR_P_USD,3839.6
LVA,2020,P_F51_DIC_GBP_P_USD,11
LVA,2020,P_F51_DIC_JPY_P_USD,11
LVA,2020,P_F51_DIC_OTHC_P_USD,397.6
LVA,2020,P_F51_DIC_USD_P_USD,1414.8
LVA,2021,P_F3_DIC_AUD_P_USD,3.4
LVA,2021,P_F3_DIC_CAD_P_USD,9.1
LVA,2021,P_F3_DIC_CHF_P_USD,0
LVA,2021,P_F3_DIC_CNY_P_USD,0
LVA,2021,P_F3_DIC_EUR_P_USD,14660.4
LVA,2021,P_F3_DIC_GBP_P_USD,39.6
LVA,2021,P_F3_DIC_JPY_P_USD,0
LVA,2021,P_F3_DIC_OTHC_P_USD,96.3
LVA,2021,P_F3_DIC_USD_P_USD,918.5
LVA,2021,P_F51_DIC_AUD_P_USD,1.1
LVA,2021,P_F51_DIC_CAD_P_USD,17
LVA,2021,P_F51_DIC_CHF_P_USD,5.7
LVA,2021,P_F51_DIC_CNY_P_USD,1.1
LVA,2021,P_F51_DIC_EUR_P_USD,4709.4
LVA,2021,P_F51_DIC_GBP_P_USD,12.5
LVA,2021,P_F51_DIC_JPY_P_USD,26
LVA,2021,P_F51_DIC_OTHC_P_USD,583.3
LVA,2021,P_F51_DIC_USD_P_USD,2294.6
LVA,2022,P_F3_DIC_AUD_P_USD,3.2
LVA,2022,P_F3_DIC_CAD_P_USD,7.5
LVA,2022,P_F3_DIC_CHF_P_USD,0
LVA,2022,P_F3_DIC_CNY_P_USD,0
LVA,2022,P_F3_DIC_EUR_P_USD,14363.9
LVA,2022,P_F3_DIC_GBP_P_USD,27.7
LVA,2022,P_F3_DIC_JPY_P_USD,0
LVA,2022,P_F3_DIC_OTHC_P_USD,76.8
LVA,2022,P_F3_DIC_USD_P_USD,872.5
LVA,2022,P_F51_DIC_AUD_P_USD,1.1
LVA,2022,P_F51_DIC_CAD_P_USD,29.9
LVA,2022,P_F51_DIC_CHF_P_USD,3.2
LVA,2022,P_F51_DIC_CNY_P_USD,1.1
LVA,2022,P_F51_DIC_EUR_P_USD,3859
LVA,2022,P_F51_DIC_GBP_P_USD,10.7
LVA,2022,P_F51_DIC_JPY_P_USD,48
LVA,2022,P_F51_DIC_OTHC_P_USD,469.3
LVA,2022,P_F51_DIC_USD_P_USD,2254.8
LVA,2023,P_F3_DIC_AUD_P_USD,2.2
LVA,2023,P_F3_DIC_CAD_P_USD,7.7
LVA,2023,P_F3_DIC_CHF_P_USD,0
LVA,2023,P_F3_DIC_CNY_P_USD,0
LVA,2023,P_F3_DIC_EUR_P_USD,14678.8
LVA,2023,P_F3_DIC_GBP_P_USD,38.7
LVA,2023,P_F3_DIC_JPY_P_USD,0
LVA,2023,P_F3_DIC_OTHC_P_USD,86.2
LVA,2023,P_F3_DIC_USD_P_USD,969.1
LVA,2023,P_F51_DIC_AUD_P_USD,0
LVA,2023,P_F51_DIC_CAD_P_USD,87.3
LVA,2023,P_F51_DIC_CHF_P_USD,5.5
LVA,2023,P_F51_DIC_CNY_P_USD,1.1
LVA,2023,P_F51_DIC_EUR_P_USD,4767
LVA,2023,P_F51_DIC_GBP_P_USD,14.4
LVA,2023,P_F51_DIC_JPY_P_USD,108.3
LVA,2023,P_F51_DIC_OTHC_P_USD,469.6
LVA,2023,P_F51_DIC_USD_P_USD,3185.7
LVA,2024,P_F3_DIC_AUD_P_USD,1
LVA,2024,P_F3_DIC_CAD_P_USD,7.3
LVA,2024,P_F3_DIC_CHF_P_USD,0
LVA,2024,P_F3_DIC_CNY_P_USD,0
LVA,2024,P_F3_DIC_EUR_P_USD,12744.2
LVA,2024,P_F3_DIC_GBP_P_USD,24.9
LVA,2024,P_F3_DIC_JPY_P_USD,0
LVA,2024,P_F3_DIC_OTHC_P_USD,87.3
LVA,2024,P_F3_DIC_USD_P_USD,924.6
LVA,2024,P_F51_DIC_AUD_P_USD,0
LVA,2024,P_F51_DIC_CAD_P_USD,33.2
LVA,2024,P_F51_DIC_CHF_P_USD,5.2
LVA,2024,P_F51_DIC_CNY_P_USD,1
LVA,2024,P_F51_DIC_EUR_P_USD,5193.5
LVA,2024,P_F51_DIC_GBP_P_USD,18.7
LVA,2024,P_F51_DIC_JPY_P_USD,130.9
LVA,2024,P_F51_DIC_OTHC_P_USD,549.6
LVA,2024,P_F51_DIC_USD_P_USD,4774.8
MEX,2015,P_F3_DIC_AUD_P_USD,0
MEX,2015,P_F3_DIC_CAD_P_USD,15.3
MEX,2015,P_F3_DIC_CHF_P_USD,0
MEX,2015,P_F3_DIC_CNY_P_USD,0
MEX,2015,P_F3_DIC_EUR_P_USD,180.2
MEX,2015,P_F3_DIC_GBP_P_USD,29.8
MEX,2015,P_F3_DIC_JPY_P_USD,0
MEX,2015,P_F3_DIC_USD_P_USD,20700.3
MEX,2015,P_F51_DIC_AUD_P_USD,0
MEX,2015,P_F51_DIC_CAD_P_USD,16.7
MEX,2015,P_F51_DIC_CHF_P_USD,108.6
MEX,2015,P_F51_DIC_CNY_P_USD,9.7
MEX,2015,P_F51_DIC_EUR_P_USD,1697.7
MEX,2015,P_F51_DIC_GBP_P_USD,262.1
MEX,2015,P_F51_DIC_JPY_P_USD,13
MEX,2015,P_F51_DIC_USD_P_USD,24044.5
MEX,2016,P_F3_DIC_AUD_P_USD,0
MEX,2016,P_F3_DIC_CAD_P_USD,6.9
MEX,2016,P_F3_DIC_CHF_P_USD,0
MEX,2016,P_F3_DIC_CNY_P_USD,16.3
MEX,2016,P_F3_DIC_EUR_P_USD,200.9
MEX,2016,P_F3_DIC_GBP_P_USD,47.3
MEX,2016,P_F3_DIC_JPY_P_USD,0
MEX,2016,P_F3_DIC_USD_P_USD,21160.8
MEX,2016,P_F51_DIC_AUD_P_USD,0
MEX,2016,P_F51_DIC_CAD_P_USD,7.7
MEX,2016,P_F51_DIC_CHF_P_USD,15.3
MEX,2016,P_F51_DIC_CNY_P_USD,14.1
MEX,2016,P_F51_DIC_EUR_P_USD,2126.6
MEX,2016,P_F51_DIC_GBP_P_USD,178.2
MEX,2016,P_F51_DIC_JPY_P_USD,8.9
MEX,2016,P_F51_DIC_USD_P_USD,21887.1
MEX,2017,P_F3_DIC_AUD_P_USD,0
MEX,2017,P_F3_DIC_CAD_P_USD,7
MEX,2017,P_F3_DIC_CHF_P_USD,0
MEX,2017,P_F3_DIC_CNY_P_USD,16.1
MEX,2017,P_F3_DIC_EUR_P_USD,93.3
MEX,2017,P_F3_DIC_GBP_P_USD,50.6
MEX,2017,P_F3_DIC_JPY_P_USD,0
MEX,2017,P_F3_DIC_USD_P_USD,23854.5
MEX,2017,P_F51_DIC_AUD_P_USD,2.4
MEX,2017,P_F51_DIC_CAD_P_USD,17.3
MEX,2017,P_F51_DIC_CHF_P_USD,16.2
MEX,2017,P_F51_DIC_CNY_P_USD,99.2
MEX,2017,P_F51_DIC_EUR_P_USD,5702.9
MEX,2017,P_F51_DIC_GBP_P_USD,425.3
MEX,2017,P_F51_DIC_JPY_P_USD,5.1
MEX,2017,P_F51_DIC_USD_P_USD,32557.1
MEX,2018,P_F3_DIC_AUD_P_USD,0
MEX,2018,P_F3_DIC_CAD_P_USD,18.9
MEX,2018,P_F3_DIC_CHF_P_USD,0
MEX,2018,P_F3_DIC_CNY_P_USD,8
MEX,2018,P_F3_DIC_EUR_P_USD,162.9
MEX,2018,P_F3_DIC_GBP_P_USD,44.9
MEX,2018,P_F3_DIC_JPY_P_USD,0
MEX,2018,P_F3_DIC_USD_P_USD,19237.7
MEX,2018,P_F51_DIC_AUD_P_USD,0
MEX,2018,P_F51_DIC_CAD_P_USD,26.2
MEX,2018,P_F51_DIC_CHF_P_USD,12.5
MEX,2018,P_F51_DIC_CNY_P_USD,110.8
MEX,2018,P_F51_DIC_EUR_P_USD,6548.5
MEX,2018,P_F51_DIC_GBP_P_USD,194.1
MEX,2018,P_F51_DIC_JPY_P_USD,7.9
MEX,2018,P_F51_DIC_USD_P_USD,27881.4
MEX,2019,P_F3_DIC_AUD_P_USD,1
MEX,2019,P_F3_DIC_CAD_P_USD,33.8
MEX,2019,P_F3_DIC_CHF_P_USD,0
MEX,2019,P_F3_DIC_CNY_P_USD,1
MEX,2019,P_F3_DIC_EUR_P_USD,175.1
MEX,2019,P_F3_DIC_GBP_P_USD,62.6
MEX,2019,P_F3_DIC_JPY_P_USD,0.2
MEX,2019,P_F3_DIC_USD_P_USD,19154.4
MEX,2019,P_F51_DIC_AUD_P_USD,0.8
MEX,2019,P_F51_DIC_CAD_P_USD,32.1
MEX,2019,P_F51_DIC_CHF_P_USD,17
MEX,2019,P_F51_DIC_CNY_P_USD,79.4
MEX,2019,P_F51_DIC_EUR_P_USD,9747.8
MEX,2019,P_F51_DIC_GBP_P_USD,98
MEX,2019,P_F51_DIC_JPY_P_USD,17.3
MEX,2019,P_F51_DIC_USD_P_USD,32530.6
MEX,2020,P_F3_DIC_AUD_P_USD,0.1
MEX,2020,P_F3_DIC_CAD_P_USD,40.1
MEX,2020,P_F3_DIC_CHF_P_USD,20.3
MEX,2020,P_F3_DIC_CNY_P_USD,8.1
MEX,2020,P_F3_DIC_EUR_P_USD,169.7
MEX,2020,P_F3_DIC_GBP_P_USD,51.3
MEX,2020,P_F3_DIC_JPY_P_USD,8.7
MEX,2020,P_F3_DIC_USD_P_USD,18478.3
MEX,2020,P_F51_DIC_AUD_P_USD,1
MEX,2020,P_F51_DIC_CAD_P_USD,40.5
MEX,2020,P_F51_DIC_CHF_P_USD,34.2
MEX,2020,P_F51_DIC_CNY_P_USD,136.2
MEX,2020,P_F51_DIC_EUR_P_USD,14913
MEX,2020,P_F51_DIC_GBP_P_USD,76.6
MEX,2020,P_F51_DIC_JPY_P_USD,41.5
MEX,2020,P_F51_DIC_USD_P_USD,43729.9
MEX,2021,P_F3_DIC_AUD_P_USD,0.9
MEX,2021,P_F3_DIC_CAD_P_USD,49.4
MEX,2021,P_F3_DIC_CHF_P_USD,0.2
MEX,2021,P_F3_DIC_CNY_P_USD,16.7
MEX,2021,P_F3_DIC_EUR_P_USD,234.3
MEX,2021,P_F3_DIC_GBP_P_USD,57.7
MEX,2021,P_F3_DIC_JPY_P_USD,25.6
MEX,2021,P_F3_DIC_USD_P_USD,22579.2
MEX,2021,P_F51_DIC_AUD_P_USD,4
MEX,2021,P_F51_DIC_CAD_P_USD,128.5
MEX,2021,P_F51_DIC_CHF_P_USD,117.3
MEX,2021,P_F51_DIC_CNY_P_USD,71.9
MEX,2021,P_F51_DIC_EUR_P_USD,17947.4
MEX,2021,P_F51_DIC_GBP_P_USD,149.4
MEX,2021,P_F51_DIC_JPY_P_USD,86.8
MEX,2021,P_F51_DIC_USD_P_USD,56508.9
MEX,2022,P_F3_DIC_AUD_P_USD,1.1
MEX,2022,P_F3_DIC_CAD_P_USD,36.1
MEX,2022,P_F3_DIC_CHF_P_USD,0.4
MEX,2022,P_F3_DIC_CNY_P_USD,14.9
MEX,2022,P_F3_DIC_EUR_P_USD,364.1
MEX,2022,P_F3_DIC_GBP_P_USD,30.6
MEX,2022,P_F3_DIC_JPY_P_USD,22.7
MEX,2022,P_F3_DIC_USD_P_USD,21363.5
MEX,2022,P_F51_DIC_AUD_P_USD,2.5
MEX,2022,P_F51_DIC_CAD_P_USD,118.8
MEX,2022,P_F51_DIC_CHF_P_USD,89.2
MEX,2022,P_F51_DIC_CNY_P_USD,44.6
MEX,2022,P_F51_DIC_EUR_P_USD,12812.1
MEX,2022,P_F51_DIC_GBP_P_USD,127.8
MEX,2022,P_F51_DIC_JPY_P_USD,63.7
MEX,2022,P_F51_DIC_USD_P_USD,50518.4
MEX,2023,P_F3_DIC_AUD_P_USD,1.3
MEX,2023,P_F3_DIC_CAD_P_USD,136.2
MEX,2023,P_F3_DIC_CHF_P_USD,0.4
MEX,2023,P_F3_DIC_CNY_P_USD,3.6
MEX,2023,P_F3_DIC_EUR_P_USD,571.6
MEX,2023,P_F3_DIC_GBP_P_USD,29.1
MEX,2023,P_F3_DIC_JPY_P_USD,64.7
MEX,2023,P_F3_DIC_OTHC_P_USD,12608.9
MEX,2023,P_F3_DIC_USD_P_USD,16960.9
MEX,2023,P_F51_DIC_AUD_P_USD,0.9
MEX,2023,P_F51_DIC_CAD_P_USD,40.9
MEX,2023,P_F51_DIC_CHF_P_USD,52.9
MEX,2023,P_F51_DIC_CNY_P_USD,2.8
MEX,2023,P_F51_DIC_EUR_P_USD,1709.3
MEX,2023,P_F51_DIC_GBP_P_USD,1435.8
MEX,2023,P_F51_DIC_JPY_P_USD,45.9
MEX,2023,P_F51_DIC_OTHC_P_USD,57756.4
MEX,2023,P_F51_DIC_USD_P_USD,19770.3
MEX,2024,P_F3_DIC_AUD_P_USD,0
MEX,2024,P_F3_DIC_CAD_P_USD,1.4
MEX,2024,P_F3_DIC_CHF_P_USD,0
MEX,2024,P_F3_DIC_CNY_P_USD,25.3
MEX,2024,P_F3_DIC_EUR_P_USD,141.2
MEX,2024,P_F3_DIC_GBP_P_USD,205.7
MEX,2024,P_F3_DIC_JPY_P_USD,197.5
MEX,2024,P_F3_DIC_OTHC_P_USD,9387.2
MEX,2024,P_F3_DIC_USD_P_USD,17581.2
MEX,2024,P_F51_DIC_AUD_P_USD,1.3
MEX,2024,P_F51_DIC_CAD_P_USD,133.1
MEX,2024,P_F51_DIC_CHF_P_USD,27.3
MEX,2024,P_F51_DIC_CNY_P_USD,0
MEX,2024,P_F51_DIC_EUR_P_USD,2653
MEX,2024,P_F51_DIC_GBP_P_USD,1963.7
MEX,2024,P_F51_DIC_JPY_P_USD,430.4
MEX,2024,P_F51_DIC_OTHC_P_USD,26815.9
MEX,2024,P_F51_DIC_USD_P_USD,61289.6
MKD,2016,P_F3_DIC_CHF_P_USD,0
MKD,2016,P_F3_DIC_EUR_P_USD,17.6
MKD,2016,P_F3_DIC_GBP_P_USD,0
MKD,2016,P_F3_DIC_JPY_P_USD,0
MKD,2016,P_F3_DIC_OTHC_P_USD,0.2
MKD,2016,P_F3_DIC_USD_P_USD,4.6
MKD,2016,P_F51_DIC_CHF_P_USD,3.8
MKD,2016,P_F51_DIC_EUR_P_USD,54.3
MKD,2016,P_F51_DIC_GBP_P_USD,0.3
MKD,2016,P_F51_DIC_JPY_P_USD,0
MKD,2016,P_F51_DIC_OTHC_P_USD,1.3
MKD,2016,P_F51_DIC_USD_P_USD,187
MKD,2017,P_F3_DIC_AUD_P_USD,0
MKD,2017,P_F3_DIC_CAD_P_USD,0
MKD,2017,P_F3_DIC_CHF_P_USD,0
MKD,2017,P_F3_DIC_CNY_P_USD,0
MKD,2017,P_F3_DIC_EUR_P_USD,18
MKD,2017,P_F3_DIC_GBP_P_USD,0
MKD,2017,P_F3_DIC_JPY_P_USD,0
MKD,2017,P_F3_DIC_OTHC_P_USD,0.3
MKD,2017,P_F3_DIC_USD_P_USD,10.5
MKD,2017,P_F51_DIC_AUD_P_USD,0
MKD,2017,P_F51_DIC_CAD_P_USD,0
MKD,2017,P_F51_DIC_CHF_P_USD,4.2
MKD,2017,P_F51_DIC_CNY_P_USD,0
MKD,2017,P_F51_DIC_EUR_P_USD,69.7
MKD,2017,P_F51_DIC_GBP_P_USD,0.7
MKD,2017,P_F51_DIC_JPY_P_USD,0
MKD,2017,P_F51_DIC_OTHC_P_USD,1.5
MKD,2017,P_F51_DIC_USD_P_USD,255.3
MKD,2018,P_F3_DIC_AUD_P_USD,0
MKD,2018,P_F3_DIC_CAD_P_USD,0
MKD,2018,P_F3_DIC_CHF_P_USD,0
MKD,2018,P_F3_DIC_CNY_P_USD,0
MKD,2018,P_F3_DIC_EUR_P_USD,15.9
MKD,2018,P_F3_DIC_GBP_P_USD,0
MKD,2018,P_F3_DIC_JPY_P_USD,0
MKD,2018,P_F3_DIC_OTHC_P_USD,0.3
MKD,2018,P_F3_DIC_USD_P_USD,2.2
MKD,2018,P_F51_DIC_AUD_P_USD,0
MKD,2018,P_F51_DIC_CAD_P_USD,0
MKD,2018,P_F51_DIC_CHF_P_USD,7.2
MKD,2018,P_F51_DIC_CNY_P_USD,0
MKD,2018,P_F51_DIC_EUR_P_USD,70
MKD,2018,P_F51_DIC_GBP_P_USD,1
MKD,2018,P_F51_DIC_JPY_P_USD,0
MKD,2018,P_F51_DIC_OTHC_P_USD,2.1
MKD,2018,P_F51_DIC_USD_P_USD,269.1
MKD,2019,P_F3_DIC_AUD_P_USD,0
MKD,2019,P_F3_DIC_CAD_P_USD,0
MKD,2019,P_F3_DIC_CHF_P_USD,0
MKD,2019,P_F3_DIC_CNY_P_USD,0
MKD,2019,P_F3_DIC_EUR_P_USD,35.7
MKD,2019,P_F3_DIC_GBP_P_USD,0
MKD,2019,P_F3_DIC_JPY_P_USD,0
MKD,2019,P_F3_DIC_OTHC_P_USD,0.4
MKD,2019,P_F3_DIC_USD_P_USD,1.9
MKD,2019,P_F51_DIC_AUD_P_USD,0
MKD,2019,P_F51_DIC_CAD_P_USD,0
MKD,2019,P_F51_DIC_CHF_P_USD,8.1
MKD,2019,P_F51_DIC_CNY_P_USD,0
MKD,2019,P_F51_DIC_EUR_P_USD,81.7
MKD,2019,P_F51_DIC_GBP_P_USD,1.3
MKD,2019,P_F51_DIC_JPY_P_USD,0
MKD,2019,P_F51_DIC_OTHC_P_USD,3
MKD,2019,P_F51_DIC_USD_P_USD,322.4
MKD,2020,P_F3_DIC_AUD_P_USD,0
MKD,2020,P_F3_DIC_CAD_P_USD,0
MKD,2020,P_F3_DIC_CHF_P_USD,0
MKD,2020,P_F3_DIC_CNY_P_USD,0
MKD,2020,P_F3_DIC_EUR_P_USD,40.4
MKD,2020,P_F3_DIC_GBP_P_USD,0
MKD,2020,P_F3_DIC_JPY_P_USD,0
MKD,2020,P_F3_DIC_OTHC_P_USD,0.4
MKD,2020,P_F3_DIC_USD_P_USD,2.3
MKD,2020,P_F51_DIC_AUD_P_USD,0
MKD,2020,P_F51_DIC_CAD_P_USD,0
MKD,2020,P_F51_DIC_CHF_P_USD,10.6
MKD,2020,P_F51_DIC_CNY_P_USD,0
MKD,2020,P_F51_DIC_EUR_P_USD,98.5
MKD,2020,P_F51_DIC_GBP_P_USD,1.6
MKD,2020,P_F51_DIC_JPY_P_USD,0
MKD,2020,P_F51_DIC_OTHC_P_USD,3.2
MKD,2020,P_F51_DIC_USD_P_USD,421.4
MKD,2021,P_F3_DIC_AUD_P_USD,0
MKD,2021,P_F3_DIC_CAD_P_USD,0
MKD,2021,P_F3_DIC_CHF_P_USD,0
MKD,2021,P_F3_DIC_CNY_P_USD,0
MKD,2021,P_F3_DIC_EUR_P_USD,61
MKD,2021,P_F3_DIC_GBP_P_USD,0
MKD,2021,P_F3_DIC_JPY_P_USD,0
MKD,2021,P_F3_DIC_OTHC_P_USD,0.7
MKD,2021,P_F3_DIC_USD_P_USD,2
MKD,2021,P_F51_DIC_AUD_P_USD,0.4
MKD,2021,P_F51_DIC_CAD_P_USD,0
MKD,2021,P_F51_DIC_CHF_P_USD,14.3
MKD,2021,P_F51_DIC_CNY_P_USD,0
MKD,2021,P_F51_DIC_EUR_P_USD,109.8
MKD,2021,P_F51_DIC_GBP_P_USD,3
MKD,2021,P_F51_DIC_JPY_P_USD,0.8
MKD,2021,P_F51_DIC_OTHC_P_USD,3
MKD,2021,P_F51_DIC_USD_P_USD,541.6
MKD,2022,P_F3_DIC_AUD_P_USD,0
MKD,2022,P_F3_DIC_CAD_P_USD,0
MKD,2022,P_F3_DIC_CHF_P_USD,3.2
MKD,2022,P_F3_DIC_CNY_P_USD,0
MKD,2022,P_F3_DIC_EUR_P_USD,61.1
MKD,2022,P_F3_DIC_GBP_P_USD,0
MKD,2022,P_F3_DIC_JPY_P_USD,0
MKD,2022,P_F3_DIC_OTHC_P_USD,0.5
MKD,2022,P_F3_DIC_USD_P_USD,29.7
MKD,2022,P_F51_DIC_AUD_P_USD,0.7
MKD,2022,P_F51_DIC_CAD_P_USD,0
MKD,2022,P_F51_DIC_CHF_P_USD,9
MKD,2022,P_F51_DIC_CNY_P_USD,0
MKD,2022,P_F51_DIC_EUR_P_USD,92.8
MKD,2022,P_F51_DIC_GBP_P_USD,3.1
MKD,2022,P_F51_DIC_JPY_P_USD,1.2
MKD,2022,P_F51_DIC_OTHC_P_USD,3.4
MKD,2022,P_F51_DIC_USD_P_USD,536.8
MKD,2023,P_F3_DIC_AUD_P_USD,0
MKD,2023,P_F3_DIC_CAD_P_USD,0
MKD,2023,P_F3_DIC_CHF_P_USD,0
MKD,2023,P_F3_DIC_CNY_P_USD,0
MKD,2023,P_F3_DIC_EUR_P_USD,100.9
MKD,2023,P_F3_DIC_GBP_P_USD,0
MKD,2023,P_F3_DIC_JPY_P_USD,0
MKD,2023,P_F3_DIC_OTHC_P_USD,0.5
MKD,2023,P_F3_DIC_USD_P_USD,71.2
MKD,2023,P_F51_DIC_AUD_P_USD,0.8
MKD,2023,P_F51_DIC_CAD_P_USD,0
MKD,2023,P_F51_DIC_CHF_P_USD,11.9
MKD,2023,P_F51_DIC_CNY_P_USD,0
MKD,2023,P_F51_DIC_EUR_P_USD,112.6
MKD,2023,P_F51_DIC_GBP_P_USD,3.4
MKD,2023,P_F51_DIC_JPY_P_USD,0.6
MKD,2023,P_F51_DIC_OTHC_P_USD,4.6
MKD,2023,P_F51_DIC_USD_P_USD,706.7
MKD,2024,P_F3_DIC_AUD_P_USD,0
MKD,2024,P_F3_DIC_CAD_P_USD,0
MKD,2024,P_F3_DIC_CHF_P_USD,0
MKD,2024,P_F3_DIC_CNY_P_USD,0
MKD,2024,P_F3_DIC_EUR_P_USD,119.9
MKD,2024,P_F3_DIC_GBP_P_USD,0
MKD,2024,P_F3_DIC_JPY_P_USD,0
MKD,2024,P_F3_DIC_OTHC_P_USD,0.4
MKD,2024,P_F3_DIC_USD_P_USD,105.3
MKD,2024,P_F51_DIC_AUD_P_USD,0.9
MKD,2024,P_F51_DIC_CAD_P_USD,0
MKD,2024,P_F51_DIC_CHF_P_USD,13
MKD,2024,P_F51_DIC_CNY_P_USD,0
MKD,2024,P_F51_DIC_EUR_P_USD,146.7
MKD,2024,P_F51_DIC_GBP_P_USD,5.3
MKD,2024,P_F51_DIC_JPY_P_USD,1.6
MKD,2024,P_F51_DIC_OTHC_P_USD,5.4
MKD,2024,P_F51_DIC_USD_P_USD,798.2
MNG,2015,P_F3_DIC_EUR_P_USD,0
MNG,2015,P_F3_DIC_GBP_P_USD,0
MNG,2015,P_F3_DIC_JPY_P_USD,0
MNG,2015,P_F3_DIC_OTHC_P_USD,0
MNG,2015,P_F3_DIC_USD_P_USD,10.1
MNG,2015,P_F51_DIC_EUR_P_USD,2
MNG,2015,P_F51_DIC_GBP_P_USD,0.4
MNG,2015,P_F51_DIC_JPY_P_USD,0.1
MNG,2015,P_F51_DIC_OTHC_P_USD,72.6
MNG,2015,P_F51_DIC_USD_P_USD,137.7
MNG,2016,P_F3_DIC_EUR_P_USD,0
MNG,2016,P_F3_DIC_GBP_P_USD,0
MNG,2016,P_F3_DIC_JPY_P_USD,0
MNG,2016,P_F3_DIC_OTHC_P_USD,0
MNG,2016,P_F3_DIC_USD_P_USD,21.2
MNG,2016,P_F51_DIC_EUR_P_USD,1.5
MNG,2016,P_F51_DIC_GBP_P_USD,0.4
MNG,2016,P_F51_DIC_JPY_P_USD,0.1
MNG,2016,P_F51_DIC_OTHC_P_USD,119.2
MNG,2016,P_F51_DIC_USD_P_USD,137.5
MNG,2017,P_F3_DIC_AUD_P_USD,0
MNG,2017,P_F3_DIC_CAD_P_USD,0
MNG,2017,P_F3_DIC_CNY_P_USD,0
MNG,2017,P_F3_DIC_EUR_P_USD,0
MNG,2017,P_F3_DIC_GBP_P_USD,0
MNG,2017,P_F3_DIC_JPY_P_USD,0
MNG,2017,P_F3_DIC_OTHC_P_USD,0
MNG,2017,P_F3_DIC_USD_P_USD,13
MNG,2017,P_F51_DIC_AUD_P_USD,10.6
MNG,2017,P_F51_DIC_CAD_P_USD,0.5
MNG,2017,P_F51_DIC_CNY_P_USD,-0
MNG,2017,P_F51_DIC_EUR_P_USD,1.5
MNG,2017,P_F51_DIC_GBP_P_USD,0.4
MNG,2017,P_F51_DIC_JPY_P_USD,0.1
MNG,2017,P_F51_DIC_OTHC_P_USD,100.7
MNG,2017,P_F51_DIC_USD_P_USD,133.4
MNG,2018,P_F3_DIC_AUD_P_USD,0
MNG,2018,P_F3_DIC_CAD_P_USD,0
MNG,2018,P_F3_DIC_CHF_P_USD,0
MNG,2018,P_F3_DIC_CNY_P_USD,0
MNG,2018,P_F3_DIC_EUR_P_USD,0
MNG,2018,P_F3_DIC_GBP_P_USD,0
MNG,2018,P_F3_DIC_JPY_P_USD,0
MNG,2018,P_F3_DIC_OTHC_P_USD,0.3
MNG,2018,P_F3_DIC_USD_P_USD,17.4
MNG,2018,P_F51_DIC_AUD_P_USD,10.8
MNG,2018,P_F51_DIC_CAD_P_USD,0.6
MNG,2018,P_F51_DIC_CHF_P_USD,0
MNG,2018,P_F51_DIC_CNY_P_USD,0.3
MNG,2018,P_F51_DIC_EUR_P_USD,1.5
MNG,2018,P_F51_DIC_GBP_P_USD,0.4
MNG,2018,P_F51_DIC_JPY_P_USD,0.8
MNG,2018,P_F51_DIC_OTHC_P_USD,86.4
MNG,2018,P_F51_DIC_USD_P_USD,178.6
MNG,2019,P_F3_DIC_AUD_P_USD,0
MNG,2019,P_F3_DIC_CAD_P_USD,0
MNG,2019,P_F3_DIC_CHF_P_USD,0
MNG,2019,P_F3_DIC_CNY_P_USD,0
MNG,2019,P_F3_DIC_EUR_P_USD,0
MNG,2019,P_F3_DIC_GBP_P_USD,0
MNG,2019,P_F3_DIC_JPY_P_USD,0
MNG,2019,P_F3_DIC_OTHC_P_USD,2.3
MNG,2019,P_F3_DIC_USD_P_USD,26.5
MNG,2019,P_F51_DIC_AUD_P_USD,10.2
MNG,2019,P_F51_DIC_CAD_P_USD,0.6
MNG,2019,P_F51_DIC_CHF_P_USD,0
MNG,2019,P_F51_DIC_CNY_P_USD,0.3
MNG,2019,P_F51_DIC_EUR_P_USD,3.3
MNG,2019,P_F51_DIC_GBP_P_USD,0.4
MNG,2019,P_F51_DIC_JPY_P_USD,0.8
MNG,2019,P_F51_DIC_OTHC_P_USD,27.1
MNG,2019,P_F51_DIC_USD_P_USD,212.4
MNG,2020,P_F3_DIC_AUD_P_USD,0
MNG,2020,P_F3_DIC_CAD_P_USD,0
MNG,2020,P_F3_DIC_CHF_P_USD,0
MNG,2020,P_F3_DIC_CNY_P_USD,0
MNG,2020,P_F3_DIC_EUR_P_USD,0
MNG,2020,P_F3_DIC_GBP_P_USD,0
MNG,2020,P_F3_DIC_JPY_P_USD,0
MNG,2020,P_F3_DIC_OTHC_P_USD,2.4
MNG,2020,P_F3_DIC_USD_P_USD,33.3
MNG,2020,P_F51_DIC_AUD_P_USD,9.9
MNG,2020,P_F51_DIC_CAD_P_USD,0.3
MNG,2020,P_F51_DIC_CHF_P_USD,0
MNG,2020,P_F51_DIC_CNY_P_USD,0.3
MNG,2020,P_F51_DIC_EUR_P_USD,2.9
MNG,2020,P_F51_DIC_GBP_P_USD,0.4
MNG,2020,P_F51_DIC_JPY_P_USD,2.5
MNG,2020,P_F51_DIC_OTHC_P_USD,47.9
MNG,2020,P_F51_DIC_USD_P_USD,244.5
MNG,2021,P_F3_DIC_AUD_P_USD,0
MNG,2021,P_F3_DIC_CAD_P_USD,0
MNG,2021,P_F3_DIC_CHF_P_USD,0
MNG,2021,P_F3_DIC_CNY_P_USD,0
MNG,2021,P_F3_DIC_EUR_P_USD,0.1
MNG,2021,P_F3_DIC_GBP_P_USD,0.1
MNG,2021,P_F3_DIC_JPY_P_USD,0
MNG,2021,P_F3_DIC_OTHC_P_USD,3.3
MNG,2021,P_F3_DIC_USD_P_USD,34.7
MNG,2021,P_F51_DIC_AUD_P_USD,12.3
MNG,2021,P_F51_DIC_CAD_P_USD,0.5
MNG,2021,P_F51_DIC_CHF_P_USD,0
MNG,2021,P_F51_DIC_CNY_P_USD,0.2
MNG,2021,P_F51_DIC_EUR_P_USD,5.4
MNG,2021,P_F51_DIC_GBP_P_USD,1.1
MNG,2021,P_F51_DIC_JPY_P_USD,2.7
MNG,2021,P_F51_DIC_OTHC_P_USD,85.3
MNG,2021,P_F51_DIC_USD_P_USD,256.6
MYS,2015,P_F3_DIC_CHF_P_USD,0
MYS,2015,P_F3_DIC_EUR_P_USD,903
MYS,2015,P_F3_DIC_GBP_P_USD,48.9
MYS,2015,P_F3_DIC_JPY_P_USD,8.5
MYS,2015,P_F3_DIC_OTHC_P_USD,7829.1
MYS,2015,P_F3_DIC_USD_P_USD,12791.1
MYS,2015,P_F51_DIC_CHF_P_USD,19.3
MYS,2015,P_F51_DIC_EUR_P_USD,450.8
MYS,2015,P_F51_DIC_GBP_P_USD,723.1
MYS,2015,P_F51_DIC_JPY_P_USD,324.2
MYS,2015,P_F51_DIC_OTHC_P_USD,10844.7
MYS,2015,P_F51_DIC_USD_P_USD,35189.8
MYS,2016,P_F3_DIC_CHF_P_USD,0
MYS,2016,P_F3_DIC_EUR_P_USD,678.7
MYS,2016,P_F3_DIC_GBP_P_USD,241.4
MYS,2016,P_F3_DIC_JPY_P_USD,229.3
MYS,2016,P_F3_DIC_OTHC_P_USD,7370.8
MYS,2016,P_F3_DIC_USD_P_USD,15013.5
MYS,2016,P_F51_DIC_CHF_P_USD,20.2
MYS,2016,P_F51_DIC_EUR_P_USD,444.6
MYS,2016,P_F51_DIC_GBP_P_USD,665
MYS,2016,P_F51_DIC_JPY_P_USD,299.9
MYS,2016,P_F51_DIC_OTHC_P_USD,11064.8
MYS,2016,P_F51_DIC_USD_P_USD,36939.4
MYS,2017,P_F3_DIC_AUD_P_USD,2578.5
MYS,2017,P_F3_DIC_CAD_P_USD,1.8
MYS,2017,P_F3_DIC_CHF_P_USD,77.3
MYS,2017,P_F3_DIC_CNY_P_USD,152.1
MYS,2017,P_F3_DIC_EUR_P_USD,738.8
MYS,2017,P_F3_DIC_GBP_P_USD,230.3
MYS,2017,P_F3_DIC_JPY_P_USD,216.3
MYS,2017,P_F3_DIC_OTHC_P_USD,4824.6
MYS,2017,P_F3_DIC_USD_P_USD,16748.5
MYS,2017,P_F51_DIC_AUD_P_USD,1222.9
MYS,2017,P_F51_DIC_CAD_P_USD,4.3
MYS,2017,P_F51_DIC_CHF_P_USD,44
MYS,2017,P_F51_DIC_CNY_P_USD,65.7
MYS,2017,P_F51_DIC_EUR_P_USD,759
MYS,2017,P_F51_DIC_GBP_P_USD,1222.5
MYS,2017,P_F51_DIC_JPY_P_USD,595.8
MYS,2017,P_F51_DIC_OTHC_P_USD,14121.8
MYS,2017,P_F51_DIC_USD_P_USD,40107.7
MYS,2018,P_F3_DIC_AUD_P_USD,2176.5
MYS,2018,P_F3_DIC_CAD_P_USD,1.7
MYS,2018,P_F3_DIC_CHF_P_USD,0
MYS,2018,P_F3_DIC_CNY_P_USD,173
MYS,2018,P_F3_DIC_EUR_P_USD,470.7
MYS,2018,P_F3_DIC_GBP_P_USD,300.5
MYS,2018,P_F3_DIC_JPY_P_USD,296
MYS,2018,P_F3_DIC_OTHC_P_USD,4560.3
MYS,2018,P_F3_DIC_USD_P_USD,18211.9
MYS,2018,P_F51_DIC_AUD_P_USD,1117.4
MYS,2018,P_F51_DIC_CAD_P_USD,11.8
MYS,2018,P_F51_DIC_CHF_P_USD,50.7
MYS,2018,P_F51_DIC_CNY_P_USD,151.9
MYS,2018,P_F51_DIC_EUR_P_USD,1108.9
MYS,2018,P_F51_DIC_GBP_P_USD,1193.9
MYS,2018,P_F51_DIC_JPY_P_USD,662.3
MYS,2018,P_F51_DIC_OTHC_P_USD,13231.2
MYS,2018,P_F51_DIC_USD_P_USD,41721.1
MYS,2019,P_F3_DIC_AUD_P_USD,2064.2
MYS,2019,P_F3_DIC_CAD_P_USD,20.8
MYS,2019,P_F3_DIC_CHF_P_USD,0
MYS,2019,P_F3_DIC_CNY_P_USD,160.5
MYS,2019,P_F3_DIC_EUR_P_USD,812.7
MYS,2019,P_F3_DIC_GBP_P_USD,385.3
MYS,2019,P_F3_DIC_JPY_P_USD,355.1
MYS,2019,P_F3_DIC_OTHC_P_USD,4243.5
MYS,2019,P_F3_DIC_USD_P_USD,14876.2
MYS,2019,P_F51_DIC_AUD_P_USD,2026.2
MYS,2019,P_F51_DIC_CAD_P_USD,924.5
MYS,2019,P_F51_DIC_CHF_P_USD,777.5
MYS,2019,P_F51_DIC_CNY_P_USD,369.1
MYS,2019,P_F51_DIC_EUR_P_USD,7257
MYS,2019,P_F51_DIC_GBP_P_USD,4774.4
MYS,2019,P_F51_DIC_JPY_P_USD,4328.5
MYS,2019,P_F51_DIC_OTHC_P_USD,39706.9
MYS,2019,P_F51_DIC_USD_P_USD,23824.9
MYS,2020,P_F3_DIC_AUD_P_USD,2576.4
MYS,2020,P_F3_DIC_CAD_P_USD,14.8
MYS,2020,P_F3_DIC_CHF_P_USD,0
MYS,2020,P_F3_DIC_CNY_P_USD,362.7
MYS,2020,P_F3_DIC_EUR_P_USD,1009.4
MYS,2020,P_F3_DIC_GBP_P_USD,536.5
MYS,2020,P_F3_DIC_JPY_P_USD,545.6
MYS,2020,P_F3_DIC_OTHC_P_USD,3589.2
MYS,2020,P_F3_DIC_USD_P_USD,16551.6
MYS,2020,P_F51_DIC_AUD_P_USD,2648.7
MYS,2020,P_F51_DIC_CAD_P_USD,1022.6
MYS,2020,P_F51_DIC_CHF_P_USD,1346.4
MYS,2020,P_F51_DIC_CNY_P_USD,918.8
MYS,2020,P_F51_DIC_EUR_P_USD,10023
MYS,2020,P_F51_DIC_GBP_P_USD,5261.4
MYS,2020,P_F51_DIC_JPY_P_USD,5146.9
MYS,2020,P_F51_DIC_OTHC_P_USD,45917.3
MYS,2020,P_F51_DIC_USD_P_USD,32040.1
MYS,2021,P_F3_DIC_AUD_P_USD,2315.5
MYS,2021,P_F3_DIC_CAD_P_USD,29.4
MYS,2021,P_F3_DIC_CHF_P_USD,0
MYS,2021,P_F3_DIC_CNY_P_USD,545.8
MYS,2021,P_F3_DIC_EUR_P_USD,689.6
MYS,2021,P_F3_DIC_GBP_P_USD,428.4
MYS,2021,P_F3_DIC_JPY_P_USD,857.4
MYS,2021,P_F3_DIC_OTHC_P_USD,3083.9
MYS,2021,P_F3_DIC_USD_P_USD,15844
MYS,2021,P_F51_DIC_AUD_P_USD,2926.2
MYS,2021,P_F51_DIC_CAD_P_USD,705.9
MYS,2021,P_F51_DIC_CHF_P_USD,1031.7
MYS,2021,P_F51_DIC_CNY_P_USD,1532.8
MYS,2021,P_F51_DIC_EUR_P_USD,11147.8
MYS,2021,P_F51_DIC_GBP_P_USD,5477.7
MYS,2021,P_F51_DIC_JPY_P_USD,4881.2
MYS,2021,P_F51_DIC_OTHC_P_USD,46217.4
MYS,2021,P_F51_DIC_USD_P_USD,40921.2
MYS,2022,P_F3_DIC_AUD_P_USD,2386.1
MYS,2022,P_F3_DIC_CAD_P_USD,41.9
MYS,2022,P_F3_DIC_CHF_P_USD,0.6
MYS,2022,P_F3_DIC_CNY_P_USD,1154.9
MYS,2022,P_F3_DIC_EUR_P_USD,690.6
MYS,2022,P_F3_DIC_GBP_P_USD,381.7
MYS,2022,P_F3_DIC_JPY_P_USD,579.9
MYS,2022,P_F3_DIC_OTHC_P_USD,2799.5
MYS,2022,P_F3_DIC_USD_P_USD,15339
MYS,2022,P_F51_DIC_AUD_P_USD,3233.6
MYS,2022,P_F51_DIC_CAD_P_USD,729.1
MYS,2022,P_F51_DIC_CHF_P_USD,1120.9
MYS,2022,P_F51_DIC_CNY_P_USD,1313.7
MYS,2022,P_F51_DIC_EUR_P_USD,11519.9
MYS,2022,P_F51_DIC_GBP_P_USD,4946.6
MYS,2022,P_F51_DIC_JPY_P_USD,4266.2
MYS,2022,P_F51_DIC_OTHC_P_USD,45659.3
MYS,2022,P_F51_DIC_USD_P_USD,37774.6
MYS,2023,P_F3_DIC_AUD_P_USD,4111.7
MYS,2023,P_F3_DIC_CAD_P_USD,29.3
MYS,2023,P_F3_DIC_CHF_P_USD,0.6
MYS,2023,P_F3_DIC_CNY_P_USD,2492.5
MYS,2023,P_F3_DIC_EUR_P_USD,688.6
MYS,2023,P_F3_DIC_GBP_P_USD,621.6
MYS,2023,P_F3_DIC_JPY_P_USD,638.3
MYS,2023,P_F3_DIC_OTHC_P_USD,2932.3
MYS,2023,P_F3_DIC_USD_P_USD,17800.5
MYS,2023,P_F51_DIC_AUD_P_USD,2419.2
MYS,2023,P_F51_DIC_CAD_P_USD,489.8
MYS,2023,P_F51_DIC_CHF_P_USD,1133.6
MYS,2023,P_F51_DIC_CNY_P_USD,960.4
MYS,2023,P_F51_DIC_EUR_P_USD,13096.4
MYS,2023,P_F51_DIC_GBP_P_USD,4322.2
MYS,2023,P_F51_DIC_JPY_P_USD,5183.2
MYS,2023,P_F51_DIC_OTHC_P_USD,48334.8
MYS,2023,P_F51_DIC_USD_P_USD,44407
MYS,2024,P_F3_DIC_AUD_P_USD,5639.3
MYS,2024,P_F3_DIC_CAD_P_USD,31.2
MYS,2024,P_F3_DIC_CHF_P_USD,2.4
MYS,2024,P_F3_DIC_CNY_P_USD,7279.7
MYS,2024,P_F3_DIC_EUR_P_USD,703.8
MYS,2024,P_F3_DIC_GBP_P_USD,769
MYS,2024,P_F3_DIC_JPY_P_USD,743
MYS,2024,P_F3_DIC_OTHC_P_USD,2651.7
MYS,2024,P_F3_DIC_USD_P_USD,19650.3
MYS,2024,P_F51_DIC_AUD_P_USD,2107.9
MYS,2024,P_F51_DIC_CAD_P_USD,479.1
MYS,2024,P_F51_DIC_CHF_P_USD,1065.8
MYS,2024,P_F51_DIC_CNY_P_USD,961.2
MYS,2024,P_F51_DIC_EUR_P_USD,14433.2
MYS,2024,P_F51_DIC_GBP_P_USD,4069.3
MYS,2024,P_F51_DIC_JPY_P_USD,5767.6
MYS,2024,P_F51_DIC_OTHC_P_USD,50980.3
MYS,2024,P_F51_DIC_USD_P_USD,57651.4
NAM,2020,P_F3_DIC_AUD_P_USD,0
NAM,2020,P_F3_DIC_CAD_P_USD,0
NAM,2020,P_F3_DIC_CHF_P_USD,0
NAM,2020,P_F3_DIC_EUR_P_USD,3.5
NAM,2020,P_F3_DIC_GBP_P_USD,0.9
NAM,2020,P_F3_DIC_JPY_P_USD,0
NAM,2020,P_F3_DIC_OTHC_P_USD,2088.7
NAM,2020,P_F3_DIC_USD_P_USD,728.9
NAM,2020,P_F51_DIC_AUD_P_USD,4.2
NAM,2020,P_F51_DIC_CAD_P_USD,10.4
NAM,2020,P_F51_DIC_CHF_P_USD,12.3
NAM,2020,P_F51_DIC_EUR_P_USD,59.6
NAM,2020,P_F51_DIC_GBP_P_USD,47.3
NAM,2020,P_F51_DIC_JPY_P_USD,26.9
NAM,2020,P_F51_DIC_OTHC_P_USD,3579.9
NAM,2020,P_F51_DIC_USD_P_USD,2359.2
NAM,2021,P_F3_DIC_AUD_P_USD,0.5
NAM,2021,P_F3_DIC_CAD_P_USD,0
NAM,2021,P_F3_DIC_CHF_P_USD,0
NAM,2021,P_F3_DIC_EUR_P_USD,28.2
NAM,2021,P_F3_DIC_GBP_P_USD,0.9
NAM,2021,P_F3_DIC_JPY_P_USD,0
NAM,2021,P_F3_DIC_OTHC_P_USD,1462.2
NAM,2021,P_F3_DIC_USD_P_USD,553
NAM,2021,P_F51_DIC_AUD_P_USD,14.1
NAM,2021,P_F51_DIC_CAD_P_USD,14.1
NAM,2021,P_F51_DIC_CHF_P_USD,16.2
NAM,2021,P_F51_DIC_EUR_P_USD,382.7
NAM,2021,P_F51_DIC_GBP_P_USD,57.3
NAM,2021,P_F51_DIC_JPY_P_USD,26.6
NAM,2021,P_F51_DIC_OTHC_P_USD,2627.8
NAM,2021,P_F51_DIC_USD_P_USD,2496.7
NAM,2022,P_F3_DIC_AUD_P_USD,0
NAM,2022,P_F3_DIC_CAD_P_USD,0
NAM,2022,P_F3_DIC_CHF_P_USD,0
NAM,2022,P_F3_DIC_EUR_P_USD,195
NAM,2022,P_F3_DIC_GBP_P_USD,0
NAM,2022,P_F3_DIC_JPY_P_USD,0.1
NAM,2022,P_F3_DIC_OTHC_P_USD,988.8
NAM,2022,P_F3_DIC_USD_P_USD,373
NAM,2022,P_F51_DIC_AUD_P_USD,24.3
NAM,2022,P_F51_DIC_CAD_P_USD,18.1
NAM,2022,P_F51_DIC_CHF_P_USD,15.2
NAM,2022,P_F51_DIC_EUR_P_USD,312.4
NAM,2022,P_F51_DIC_GBP_P_USD,50.7
NAM,2022,P_F51_DIC_JPY_P_USD,52.7
NAM,2022,P_F51_DIC_OTHC_P_USD,2166.9
NAM,2022,P_F51_DIC_USD_P_USD,2332.2
NAM,2023,P_F3_DIC_AUD_P_USD,0
NAM,2023,P_F3_DIC_CAD_P_USD,0
NAM,2023,P_F3_DIC_CHF_P_USD,0
NAM,2023,P_F3_DIC_EUR_P_USD,34.1
NAM,2023,P_F3_DIC_GBP_P_USD,27.4
NAM,2023,P_F3_DIC_JPY_P_USD,0
NAM,2023,P_F3_DIC_OTHC_P_USD,1777.9
NAM,2023,P_F3_DIC_USD_P_USD,591.4
NAM,2023,P_F51_DIC_AUD_P_USD,23.5
NAM,2023,P_F51_DIC_CAD_P_USD,16.6
NAM,2023,P_F51_DIC_CHF_P_USD,19
NAM,2023,P_F51_DIC_EUR_P_USD,337.9
NAM,2023,P_F51_DIC_GBP_P_USD,75.1
NAM,2023,P_F51_DIC_JPY_P_USD,59.7
NAM,2023,P_F51_DIC_OTHC_P_USD,2298.9
NAM,2023,P_F51_DIC_USD_P_USD,2421.7
NAM,2024,P_F3_DIC_AUD_P_USD,0
NAM,2024,P_F3_DIC_CAD_P_USD,0
NAM,2024,P_F3_DIC_CHF_P_USD,0
NAM,2024,P_F3_DIC_CNY_P_USD,0
NAM,2024,P_F3_DIC_EUR_P_USD,38.7
NAM,2024,P_F3_DIC_GBP_P_USD,37.9
NAM,2024,P_F3_DIC_JPY_P_USD,0
NAM,2024,P_F3_DIC_OTHC_P_USD,2396.1
NAM,2024,P_F3_DIC_USD_P_USD,644
NAM,2024,P_F51_DIC_AUD_P_USD,13.4
NAM,2024,P_F51_DIC_CAD_P_USD,40.9
NAM,2024,P_F51_DIC_CHF_P_USD,17.9
NAM,2024,P_F51_DIC_CNY_P_USD,3.5
NAM,2024,P_F51_DIC_EUR_P_USD,587.1
NAM,2024,P_F51_DIC_GBP_P_USD,301.5
NAM,2024,P_F51_DIC_JPY_P_USD,81.8
NAM,2024,P_F51_DIC_OTHC_P_USD,2869.5
NAM,2024,P_F51_DIC_USD_P_USD,2781.7
NLD,2015,P_F3_DIC_AUD_P_USD,2944.9
NLD,2015,P_F3_DIC_CAD_P_USD,2043.5
NLD,2015,P_F3_DIC_CHF_P_USD,2156.7
NLD,2015,P_F3_DIC_CNY_P_USD,795.8
NLD,2015,P_F3_DIC_EUR_P_USD,679742.9
NLD,2015,P_F3_DIC_GBP_P_USD,20318.4
NLD,2015,P_F3_DIC_JPY_P_USD,5876.8
NLD,2015,P_F3_DIC_OTHC_P_USD,56029.9
NLD,2015,P_F3_DIC_USD_P_USD,159207.1
NLD,2015,P_F51_DIC_AUD_P_USD,11812.4
NLD,2015,P_F51_DIC_CAD_P_USD,9859.3
NLD,2015,P_F51_DIC_CHF_P_USD,20499.1
NLD,2015,P_F51_DIC_CNY_P_USD,8706.3
NLD,2015,P_F51_DIC_EUR_P_USD,214175.6
NLD,2015,P_F51_DIC_GBP_P_USD,46189.2
NLD,2015,P_F51_DIC_JPY_P_USD,35341.4
NLD,2015,P_F51_DIC_OTHC_P_USD,106329
NLD,2015,P_F51_DIC_USD_P_USD,354149.8
NLD,2016,P_F3_DIC_AUD_P_USD,3144.4
NLD,2016,P_F3_DIC_CAD_P_USD,2753.3
NLD,2016,P_F3_DIC_CHF_P_USD,1802.5
NLD,2016,P_F3_DIC_CNY_P_USD,775.8
NLD,2016,P_F3_DIC_EUR_P_USD,663569.7
NLD,2016,P_F3_DIC_GBP_P_USD,24735.5
NLD,2016,P_F3_DIC_JPY_P_USD,5939.9
NLD,2016,P_F3_DIC_OTHC_P_USD,61756.6
NLD,2016,P_F3_DIC_USD_P_USD,176126.4
NLD,2016,P_F51_DIC_AUD_P_USD,14121.8
NLD,2016,P_F51_DIC_CAD_P_USD,13509.3
NLD,2016,P_F51_DIC_CHF_P_USD,19493.5
NLD,2016,P_F51_DIC_CNY_P_USD,8726.9
NLD,2016,P_F51_DIC_EUR_P_USD,220778.1
NLD,2016,P_F51_DIC_GBP_P_USD,46033.6
NLD,2016,P_F51_DIC_JPY_P_USD,40110.6
NLD,2016,P_F51_DIC_OTHC_P_USD,117401.4
NLD,2016,P_F51_DIC_USD_P_USD,392152.6
NLD,2017,P_F3_DIC_AUD_P_USD,4496.2
NLD,2017,P_F3_DIC_CAD_P_USD,4274.3
NLD,2017,P_F3_DIC_CHF_P_USD,2360.2
NLD,2017,P_F3_DIC_CNY_P_USD,706.4
NLD,2017,P_F3_DIC_EUR_P_USD,746890.5
NLD,2017,P_F3_DIC_GBP_P_USD,30512.6
NLD,2017,P_F3_DIC_JPY_P_USD,6681.3
NLD,2017,P_F3_DIC_OTHC_P_USD,80119.2
NLD,2017,P_F3_DIC_USD_P_USD,192734.7
NLD,2017,P_F51_DIC_AUD_P_USD,17124.8
NLD,2017,P_F51_DIC_CAD_P_USD,18324.1
NLD,2017,P_F51_DIC_CHF_P_USD,23407.9
NLD,2017,P_F51_DIC_CNY_P_USD,11819.1
NLD,2017,P_F51_DIC_EUR_P_USD,279843.5
NLD,2017,P_F51_DIC_GBP_P_USD,57213.8
NLD,2017,P_F51_DIC_JPY_P_USD,49679.8
NLD,2017,P_F51_DIC_OTHC_P_USD,144262.6
NLD,2017,P_F51_DIC_USD_P_USD,461431.9
NLD,2018,P_F3_DIC_AUD_P_USD,3988
NLD,2018,P_F3_DIC_CAD_P_USD,4213.6
NLD,2018,P_F3_DIC_CHF_P_USD,2144.6
NLD,2018,P_F3_DIC_CNY_P_USD,605.7
NLD,2018,P_F3_DIC_EUR_P_USD,731798.1
NLD,2018,P_F3_DIC_GBP_P_USD,30193.7
NLD,2018,P_F3_DIC_JPY_P_USD,6436
NLD,2018,P_F3_DIC_OTHC_P_USD,69150
NLD,2018,P_F3_DIC_USD_P_USD,195507.6
NLD,2018,P_F51_DIC_AUD_P_USD,16243
NLD,2018,P_F51_DIC_CAD_P_USD,14179.7
NLD,2018,P_F51_DIC_CHF_P_USD,20786.3
NLD,2018,P_F51_DIC_CNY_P_USD,10916.4
NLD,2018,P_F51_DIC_EUR_P_USD,260616.9
NLD,2018,P_F51_DIC_GBP_P_USD,53232.2
NLD,2018,P_F51_DIC_JPY_P_USD,41504
NLD,2018,P_F51_DIC_OTHC_P_USD,127455.7
NLD,2018,P_F51_DIC_USD_P_USD,434573.3
NLD,2019,P_F3_DIC_AUD_P_USD,4031.9
NLD,2019,P_F3_DIC_CAD_P_USD,4288
NLD,2019,P_F3_DIC_CHF_P_USD,1824.4
NLD,2019,P_F3_DIC_CNY_P_USD,538.1
NLD,2019,P_F3_DIC_EUR_P_USD,768174.2
NLD,2019,P_F3_DIC_GBP_P_USD,27662.6
NLD,2019,P_F3_DIC_JPY_P_USD,7112.2
NLD,2019,P_F3_DIC_OTHC_P_USD,69747.4
NLD,2019,P_F3_DIC_USD_P_USD,222569.1
NLD,2019,P_F51_DIC_AUD_P_USD,19787.6
NLD,2019,P_F51_DIC_CAD_P_USD,17512.7
NLD,2019,P_F51_DIC_CHF_P_USD,26156.1
NLD,2019,P_F51_DIC_CNY_P_USD,14063.8
NLD,2019,P_F51_DIC_EUR_P_USD,302441.7
NLD,2019,P_F51_DIC_GBP_P_USD,62220.6
NLD,2019,P_F51_DIC_JPY_P_USD,50457.5
NLD,2019,P_F51_DIC_OTHC_P_USD,145038.8
NLD,2019,P_F51_DIC_USD_P_USD,524114.4
NLD,2020,P_F3_DIC_AUD_P_USD,3402.7
NLD,2020,P_F3_DIC_CAD_P_USD,4178.3
NLD,2020,P_F3_DIC_CHF_P_USD,905.6
NLD,2020,P_F3_DIC_CNY_P_USD,4502.2
NLD,2020,P_F3_DIC_EUR_P_USD,850939.9
NLD,2020,P_F3_DIC_GBP_P_USD,27458.8
NLD,2020,P_F3_DIC_JPY_P_USD,9829.1
NLD,2020,P_F3_DIC_OTHC_P_USD,67529.8
NLD,2020,P_F3_DIC_USD_P_USD,244915.7
NLD,2020,P_F51_DIC_AUD_P_USD,22707.5
NLD,2020,P_F51_DIC_CAD_P_USD,16764.6
NLD,2020,P_F51_DIC_CHF_P_USD,28471.2
NLD,2020,P_F51_DIC_CNY_P_USD,15854.1
NLD,2020,P_F51_DIC_EUR_P_USD,356541.3
NLD,2020,P_F51_DIC_GBP_P_USD,69705.4
NLD,2020,P_F51_DIC_JPY_P_USD,57398.8
NLD,2020,P_F51_DIC_OTHC_P_USD,163673.1
NLD,2020,P_F51_DIC_USD_P_USD,633098.9
NLD,2021,P_F3_DIC_AUD_P_USD,3158.8
NLD,2021,P_F3_DIC_CAD_P_USD,4092.1
NLD,2021,P_F3_DIC_CHF_P_USD,953.6
NLD,2021,P_F3_DIC_CNY_P_USD,5233.7
NLD,2021,P_F3_DIC_EUR_P_USD,781418.1
NLD,2021,P_F3_DIC_GBP_P_USD,27924.3
NLD,2021,P_F3_DIC_JPY_P_USD,7412.9
NLD,2021,P_F3_DIC_OTHC_P_USD,71888.4
NLD,2021,P_F3_DIC_USD_P_USD,250936.6
NLD,2021,P_F51_DIC_AUD_P_USD,23208.1
NLD,2021,P_F51_DIC_CAD_P_USD,18802.3
NLD,2021,P_F51_DIC_CHF_P_USD,30860
NLD,2021,P_F51_DIC_CNY_P_USD,16532.6
NLD,2021,P_F51_DIC_EUR_P_USD,356869.8
NLD,2021,P_F51_DIC_GBP_P_USD,77224.1
NLD,2021,P_F51_DIC_JPY_P_USD,54403.3
NLD,2021,P_F51_DIC_OTHC_P_USD,160172.3
NLD,2021,P_F51_DIC_USD_P_USD,711175.4
NLD,2022,P_F3_DIC_AUD_P_USD,2470.2
NLD,2022,P_F3_DIC_CAD_P_USD,2704.9
NLD,2022,P_F3_DIC_CHF_P_USD,579.2
NLD,2022,P_F3_DIC_CNY_P_USD,3451.5
NLD,2022,P_F3_DIC_EUR_P_USD,585099.4
NLD,2022,P_F3_DIC_GBP_P_USD,17134.9
NLD,2022,P_F3_DIC_JPY_P_USD,7225.1
NLD,2022,P_F3_DIC_OTHC_P_USD,65618.3
NLD,2022,P_F3_DIC_USD_P_USD,203874.2
NLD,2022,P_F51_DIC_AUD_P_USD,20062.7
NLD,2022,P_F51_DIC_CAD_P_USD,13095.7
NLD,2022,P_F51_DIC_CHF_P_USD,20486.2
NLD,2022,P_F51_DIC_CNY_P_USD,11990.7
NLD,2022,P_F51_DIC_EUR_P_USD,295729.8
NLD,2022,P_F51_DIC_GBP_P_USD,61991.9
NLD,2022,P_F51_DIC_JPY_P_USD,37409.9
NLD,2022,P_F51_DIC_OTHC_P_USD,120771.1
NLD,2022,P_F51_DIC_USD_P_USD,527544.6
NLD,2023,P_F3_DIC_AUD_P_USD,2523.8
NLD,2023,P_F3_DIC_CAD_P_USD,2803.4
NLD,2023,P_F3_DIC_CHF_P_USD,717.1
NLD,2023,P_F3_DIC_CNY_P_USD,811.1
NLD,2023,P_F3_DIC_EUR_P_USD,663977.9
NLD,2023,P_F3_DIC_GBP_P_USD,22585.1
NLD,2023,P_F3_DIC_JPY_P_USD,5073.1
NLD,2023,P_F3_DIC_OTHC_P_USD,72937.7
NLD,2023,P_F3_DIC_USD_P_USD,219417.6
NLD,2023,P_F51_DIC_AUD_P_USD,21506.6
NLD,2023,P_F51_DIC_CAD_P_USD,13892.1
NLD,2023,P_F51_DIC_CHF_P_USD,22599.5
NLD,2023,P_F51_DIC_CNY_P_USD,9164.9
NLD,2023,P_F51_DIC_EUR_P_USD,355247.6
NLD,2023,P_F51_DIC_GBP_P_USD,69290.1
NLD,2023,P_F51_DIC_JPY_P_USD,41393.3
NLD,2023,P_F51_DIC_OTHC_P_USD,132579
NLD,2023,P_F51_DIC_USD_P_USD,599904.5
NLD,2024,P_F3_DIC_AUD_P_USD,2759.3
NLD,2024,P_F3_DIC_CAD_P_USD,3747.3
NLD,2024,P_F3_DIC_CHF_P_USD,990.1
NLD,2024,P_F3_DIC_CNY_P_USD,788.5
NLD,2024,P_F3_DIC_EUR_P_USD,689197.9
NLD,2024,P_F3_DIC_GBP_P_USD,30399.3
NLD,2024,P_F3_DIC_JPY_P_USD,4706.2
NLD,2024,P_F3_DIC_OTHC_P_USD,69957.4
NLD,2024,P_F3_DIC_USD_P_USD,227176.3
NLD,2024,P_F51_DIC_AUD_P_USD,22251.2
NLD,2024,P_F51_DIC_CAD_P_USD,15285.3
NLD,2024,P_F51_DIC_CHF_P_USD,20341.7
NLD,2024,P_F51_DIC_CNY_P_USD,9419.7
NLD,2024,P_F51_DIC_EUR_P_USD,337510.6
NLD,2024,P_F51_DIC_GBP_P_USD,68726.4
NLD,2024,P_F51_DIC_JPY_P_USD,42493.1
NLD,2024,P_F51_DIC_OTHC_P_USD,128736.3
NLD,2024,P_F51_DIC_USD_P_USD,681265.9
PAK,2015,P_F3_DIC_EUR_P_USD,0
PAK,2015,P_F3_DIC_GBP_P_USD,7.5
PAK,2015,P_F3_DIC_OTHC_P_USD,0
PAK,2015,P_F3_DIC_USD_P_USD,185.5
PAK,2015,P_F51_DIC_EUR_P_USD,0.2
PAK,2015,P_F51_DIC_GBP_P_USD,11.7
PAK,2015,P_F51_DIC_OTHC_P_USD,110.2
PAK,2015,P_F51_DIC_USD_P_USD,10.9
PAK,2016,P_F3_DIC_EUR_P_USD,0
PAK,2016,P_F3_DIC_GBP_P_USD,0
PAK,2016,P_F3_DIC_OTHC_P_USD,0
PAK,2016,P_F3_DIC_USD_P_USD,234.2
PAK,2016,P_F51_DIC_EUR_P_USD,0.2
PAK,2016,P_F51_DIC_GBP_P_USD,8.2
PAK,2016,P_F51_DIC_OTHC_P_USD,97.9
PAK,2016,P_F51_DIC_USD_P_USD,18
PAK,2017,P_F3_DIC_EUR_P_USD,0.3
PAK,2017,P_F3_DIC_GBP_P_USD,0
PAK,2017,P_F3_DIC_OTHC_P_USD,0
PAK,2017,P_F3_DIC_USD_P_USD,341.2
PAK,2017,P_F51_DIC_EUR_P_USD,0.3
PAK,2017,P_F51_DIC_GBP_P_USD,9.5
PAK,2017,P_F51_DIC_OTHC_P_USD,112.3
PAK,2017,P_F51_DIC_USD_P_USD,25.4
PAK,2018,P_F3_DIC_EUR_P_USD,0.3
PAK,2018,P_F3_DIC_GBP_P_USD,0
PAK,2018,P_F3_DIC_OTHC_P_USD,0
PAK,2018,P_F3_DIC_USD_P_USD,287.6
PAK,2018,P_F51_DIC_EUR_P_USD,0.3
PAK,2018,P_F51_DIC_GBP_P_USD,8.9
PAK,2018,P_F51_DIC_OTHC_P_USD,123.6
PAK,2018,P_F51_DIC_USD_P_USD,17.5
PAK,2019,P_F3_DIC_EUR_P_USD,0
PAK,2019,P_F3_DIC_GBP_P_USD,0
PAK,2019,P_F3_DIC_OTHC_P_USD,0
PAK,2019,P_F3_DIC_USD_P_USD,164.9
PAK,2019,P_F51_DIC_EUR_P_USD,0.2
PAK,2019,P_F51_DIC_GBP_P_USD,8
PAK,2019,P_F51_DIC_OTHC_P_USD,128.8
PAK,2019,P_F51_DIC_USD_P_USD,22.2
PAK,2020,P_F3_DIC_EUR_P_USD,0
PAK,2020,P_F3_DIC_GBP_P_USD,0
PAK,2020,P_F3_DIC_OTHC_P_USD,0
PAK,2020,P_F3_DIC_USD_P_USD,204
PAK,2020,P_F51_DIC_EUR_P_USD,0.4
PAK,2020,P_F51_DIC_GBP_P_USD,8.3
PAK,2020,P_F51_DIC_OTHC_P_USD,116.6
PAK,2020,P_F51_DIC_USD_P_USD,21.7
PAK,2021,P_F3_DIC_EUR_P_USD,0.1
PAK,2021,P_F3_DIC_GBP_P_USD,0
PAK,2021,P_F3_DIC_OTHC_P_USD,0
PAK,2021,P_F3_DIC_USD_P_USD,226.6
PAK,2021,P_F51_DIC_EUR_P_USD,0.3
PAK,2021,P_F51_DIC_GBP_P_USD,6.5
PAK,2021,P_F51_DIC_OTHC_P_USD,163.7
PAK,2021,P_F51_DIC_USD_P_USD,40.4
PAK,2022,P_F3_DIC_EUR_P_USD,0
PAK,2022,P_F3_DIC_GBP_P_USD,0
PAK,2022,P_F3_DIC_OTHC_P_USD,0
PAK,2022,P_F3_DIC_USD_P_USD,179.4
PAK,2022,P_F51_DIC_EUR_P_USD,0.5
PAK,2022,P_F51_DIC_GBP_P_USD,0
PAK,2022,P_F51_DIC_OTHC_P_USD,160.2
PAK,2022,P_F51_DIC_USD_P_USD,8.7
PAK,2023,P_F3_DIC_EUR_P_USD,0
PAK,2023,P_F3_DIC_GBP_P_USD,0
PAK,2023,P_F3_DIC_OTHC_P_USD,0
PAK,2023,P_F3_DIC_USD_P_USD,168.4
PAK,2023,P_F51_DIC_EUR_P_USD,0.5
PAK,2023,P_F51_DIC_OTHC_P_USD,157.6
PAK,2023,P_F51_DIC_USD_P_USD,2.3
PAK,2024,P_F3_DIC_EUR_P_USD,0
PAK,2024,P_F3_DIC_OTHC_P_USD,0
PAK,2024,P_F3_DIC_USD_P_USD,187.5
PAK,2024,P_F51_DIC_EUR_P_USD,0.6
PAK,2024,P_F51_DIC_OTHC_P_USD,197.5
PAK,2024,P_F51_DIC_USD_P_USD,0.5
PAN,2017,P_F3_DIC_USD_P_USD,11935.1
PAN,2017,P_F51_DIC_USD_P_USD,900.4
PAN,2018,P_F3_DIC_USD_P_USD,12949.3
PAN,2018,P_F51_DIC_USD_P_USD,916.4
PAN,2019,P_F3_DIC_USD_P_USD,12449.1
PAN,2019,P_F51_DIC_USD_P_USD,909
PAN,2020,P_F3_DIC_USD_P_USD,13312.3
PAN,2020,P_F51_DIC_USD_P_USD,1146.1
PAN,2021,P_F3_DIC_USD_P_USD,18720.1
PAN,2021,P_F51_DIC_USD_P_USD,1905.7
PAN,2022,P_F3_DIC_USD_P_USD,18454.6
PAN,2022,P_F51_DIC_USD_P_USD,1665.8
PAN,2023,P_F3_DIC_USD_P_USD,20774.6
PAN,2023,P_F51_DIC_USD_P_USD,2094.3
PAN,2024,P_F3_DIC_USD_P_USD,23884
PAN,2024,P_F51_DIC_USD_P_USD,2320.7
PER,2015,P_F3_DIC_AUD_P_USD,0
PER,2015,P_F3_DIC_CAD_P_USD,2.2
PER,2015,P_F3_DIC_CHF_P_USD,0
PER,2015,P_F3_DIC_CNY_P_USD,0
PER,2015,P_F3_DIC_EUR_P_USD,86.7
PER,2015,P_F3_DIC_GBP_P_USD,0.2
PER,2015,P_F3_DIC_JPY_P_USD,0
PER,2015,P_F3_DIC_OTHC_P_USD,941.8
PER,2015,P_F3_DIC_USD_P_USD,6582.4
PER,2015,P_F51_DIC_AUD_P_USD,19.3
PER,2015,P_F51_DIC_CAD_P_USD,24.8
PER,2015,P_F51_DIC_CHF_P_USD,4
PER,2015,P_F51_DIC_CNY_P_USD,0
PER,2015,P_F51_DIC_EUR_P_USD,2066.1
PER,2015,P_F51_DIC_GBP_P_USD,171.4
PER,2015,P_F51_DIC_JPY_P_USD,368.2
PER,2015,P_F51_DIC_OTHC_P_USD,846.6
PER,2015,P_F51_DIC_USD_P_USD,12540.5
PER,2016,P_F3_DIC_AUD_P_USD,0
PER,2016,P_F3_DIC_CAD_P_USD,14.1
PER,2016,P_F3_DIC_CHF_P_USD,0
PER,2016,P_F3_DIC_CNY_P_USD,0
PER,2016,P_F3_DIC_EUR_P_USD,13.3
PER,2016,P_F3_DIC_GBP_P_USD,0
PER,2016,P_F3_DIC_JPY_P_USD,0
PER,2016,P_F3_DIC_OTHC_P_USD,1160.8
PER,2016,P_F3_DIC_USD_P_USD,7069.7
PER,2016,P_F51_DIC_AUD_P_USD,7.3
PER,2016,P_F51_DIC_CAD_P_USD,26.2
PER,2016,P_F51_DIC_CHF_P_USD,16.5
PER,2016,P_F51_DIC_CNY_P_USD,0
PER,2016,P_F51_DIC_EUR_P_USD,1969
PER,2016,P_F51_DIC_GBP_P_USD,106.8
PER,2016,P_F51_DIC_JPY_P_USD,191.8
PER,2016,P_F51_DIC_OTHC_P_USD,933.8
PER,2016,P_F51_DIC_USD_P_USD,14657.1
PER,2017,P_F3_DIC_AUD_P_USD,0
PER,2017,P_F3_DIC_CAD_P_USD,8.8
PER,2017,P_F3_DIC_CHF_P_USD,0
PER,2017,P_F3_DIC_CNY_P_USD,0
PER,2017,P_F3_DIC_EUR_P_USD,6.2
PER,2017,P_F3_DIC_GBP_P_USD,0
PER,2017,P_F3_DIC_JPY_P_USD,7
PER,2017,P_F3_DIC_OTHC_P_USD,1151.5
PER,2017,P_F3_DIC_USD_P_USD,8958
PER,2017,P_F51_DIC_AUD_P_USD,14.4
PER,2017,P_F51_DIC_CAD_P_USD,40.4
PER,2017,P_F51_DIC_CHF_P_USD,23.6
PER,2017,P_F51_DIC_CNY_P_USD,0.5
PER,2017,P_F51_DIC_EUR_P_USD,2958.9
PER,2017,P_F51_DIC_GBP_P_USD,665.3
PER,2017,P_F51_DIC_JPY_P_USD,811.4
PER,2017,P_F51_DIC_OTHC_P_USD,957.2
PER,2017,P_F51_DIC_USD_P_USD,19282.2
PHL,2015,P_F3_DIC_CHF_P_USD,0
PHL,2015,P_F3_DIC_EUR_P_USD,79.9
PHL,2015,P_F3_DIC_GBP_P_USD,0.2
PHL,2015,P_F3_DIC_JPY_P_USD,91.8
PHL,2015,P_F3_DIC_OTHC_P_USD,150.5
PHL,2015,P_F3_DIC_USD_P_USD,9656.6
PHL,2015,P_F51_DIC_CHF_P_USD,1.3
PHL,2015,P_F51_DIC_EUR_P_USD,4.8
PHL,2015,P_F51_DIC_GBP_P_USD,1.1
PHL,2015,P_F51_DIC_JPY_P_USD,1
PHL,2015,P_F51_DIC_OTHC_P_USD,84.2
PHL,2015,P_F51_DIC_USD_P_USD,605.6
PHL,2016,P_F3_DIC_AUD_P_USD,42.3
PHL,2016,P_F3_DIC_CAD_P_USD,8.9
PHL,2016,P_F3_DIC_CHF_P_USD,0
PHL,2016,P_F3_DIC_CNY_P_USD,32.1
PHL,2016,P_F3_DIC_EUR_P_USD,160.6
PHL,2016,P_F3_DIC_GBP_P_USD,0.7
PHL,2016,P_F3_DIC_JPY_P_USD,158.4
PHL,2016,P_F3_DIC_OTHC_P_USD,14.1
PHL,2016,P_F3_DIC_USD_P_USD,10482.6
PHL,2016,P_F51_DIC_AUD_P_USD,6
PHL,2016,P_F51_DIC_CAD_P_USD,0.1
PHL,2016,P_F51_DIC_CHF_P_USD,2
PHL,2016,P_F51_DIC_CNY_P_USD,0
PHL,2016,P_F51_DIC_EUR_P_USD,4.1
PHL,2016,P_F51_DIC_GBP_P_USD,0.6
PHL,2016,P_F51_DIC_JPY_P_USD,0.3
PHL,2016,P_F51_DIC_OTHC_P_USD,66.2
PHL,2016,P_F51_DIC_USD_P_USD,530.5
PHL,2017,P_F3_DIC_AUD_P_USD,23.2
PHL,2017,P_F3_DIC_CAD_P_USD,11.5
PHL,2017,P_F3_DIC_CHF_P_USD,0
PHL,2017,P_F3_DIC_CNY_P_USD,13.3
PHL,2017,P_F3_DIC_EUR_P_USD,283.7
PHL,2017,P_F3_DIC_GBP_P_USD,13.8
PHL,2017,P_F3_DIC_JPY_P_USD,160.5
PHL,2017,P_F3_DIC_OTHC_P_USD,11.7
PHL,2017,P_F3_DIC_USD_P_USD,11272.5
PHL,2017,P_F51_DIC_AUD_P_USD,4.5
PHL,2017,P_F51_DIC_CAD_P_USD,0.3
PHL,2017,P_F51_DIC_CHF_P_USD,2.4
PHL,2017,P_F51_DIC_CNY_P_USD,1.1
PHL,2017,P_F51_DIC_EUR_P_USD,9.9
PHL,2017,P_F51_DIC_GBP_P_USD,0.5
PHL,2017,P_F51_DIC_JPY_P_USD,43
PHL,2017,P_F51_DIC_OTHC_P_USD,75.5
PHL,2017,P_F51_DIC_USD_P_USD,1132.4
PHL,2018,P_F3_DIC_AUD_P_USD,52.7
PHL,2018,P_F3_DIC_CAD_P_USD,10.6
PHL,2018,P_F3_DIC_CHF_P_USD,0
PHL,2018,P_F3_DIC_CNY_P_USD,6
PHL,2018,P_F3_DIC_EUR_P_USD,255.2
PHL,2018,P_F3_DIC_GBP_P_USD,25.7
PHL,2018,P_F3_DIC_JPY_P_USD,154.6
PHL,2018,P_F3_DIC_OTHC_P_USD,36.3
PHL,2018,P_F3_DIC_USD_P_USD,14727
PHL,2018,P_F51_DIC_AUD_P_USD,4.7
PHL,2018,P_F51_DIC_CAD_P_USD,0.2
PHL,2018,P_F51_DIC_CHF_P_USD,2.1
PHL,2018,P_F51_DIC_CNY_P_USD,0
PHL,2018,P_F51_DIC_EUR_P_USD,8.2
PHL,2018,P_F51_DIC_GBP_P_USD,0.3
PHL,2018,P_F51_DIC_JPY_P_USD,1.4
PHL,2018,P_F51_DIC_OTHC_P_USD,49.7
PHL,2018,P_F51_DIC_USD_P_USD,1024.5
PHL,2019,P_F3_DIC_AUD_P_USD,51.8
PHL,2019,P_F3_DIC_CAD_P_USD,5
PHL,2019,P_F3_DIC_CHF_P_USD,0
PHL,2019,P_F3_DIC_CNY_P_USD,69.5
PHL,2019,P_F3_DIC_EUR_P_USD,313.4
PHL,2019,P_F3_DIC_GBP_P_USD,7.2
PHL,2019,P_F3_DIC_JPY_P_USD,251.4
PHL,2019,P_F3_DIC_OTHC_P_USD,40.8
PHL,2019,P_F3_DIC_USD_P_USD,16816.6
PHL,2019,P_F51_DIC_AUD_P_USD,3.7
PHL,2019,P_F51_DIC_CAD_P_USD,1.2
PHL,2019,P_F51_DIC_CHF_P_USD,2.4
PHL,2019,P_F51_DIC_EUR_P_USD,217.5
PHL,2019,P_F51_DIC_GBP_P_USD,0.3
PHL,2019,P_F51_DIC_JPY_P_USD,4.5
PHL,2019,P_F51_DIC_OTHC_P_USD,271.6
PHL,2019,P_F51_DIC_USD_P_USD,1740.6
PHL,2020,P_F3_DIC_AUD_P_USD,16.1
PHL,2020,P_F3_DIC_CAD_P_USD,0
PHL,2020,P_F3_DIC_CHF_P_USD,0
PHL,2020,P_F3_DIC_CNY_P_USD,285.4
PHL,2020,P_F3_DIC_EUR_P_USD,430.4
PHL,2020,P_F3_DIC_GBP_P_USD,0
PHL,2020,P_F3_DIC_JPY_P_USD,370.9
PHL,2020,P_F3_DIC_OTHC_P_USD,309.3
PHL,2020,P_F3_DIC_USD_P_USD,18874.7
PHL,2020,P_F51_DIC_AUD_P_USD,3.8
PHL,2020,P_F51_DIC_CAD_P_USD,2.8
PHL,2020,P_F51_DIC_CHF_P_USD,2.4
PHL,2020,P_F51_DIC_CNY_P_USD,0
PHL,2020,P_F51_DIC_EUR_P_USD,62.2
PHL,2020,P_F51_DIC_GBP_P_USD,2.2
PHL,2020,P_F51_DIC_JPY_P_USD,139.7
PHL,2020,P_F51_DIC_OTHC_P_USD,270.4
PHL,2020,P_F51_DIC_USD_P_USD,2437.6
PHL,2021,P_F3_DIC_AUD_P_USD,34.7
PHL,2021,P_F3_DIC_CAD_P_USD,78.2
PHL,2021,P_F3_DIC_CHF_P_USD,0
PHL,2021,P_F3_DIC_CNY_P_USD,86.1
PHL,2021,P_F3_DIC_EUR_P_USD,124.4
PHL,2021,P_F3_DIC_GBP_P_USD,0
PHL,2021,P_F3_DIC_JPY_P_USD,309.9
PHL,2021,P_F3_DIC_OTHC_P_USD,364.1
PHL,2021,P_F3_DIC_USD_P_USD,17464.5
PHL,2021,P_F51_DIC_AUD_P_USD,3.4
PHL,2021,P_F51_DIC_CAD_P_USD,3
PHL,2021,P_F51_DIC_CHF_P_USD,3.4
PHL,2021,P_F51_DIC_CNY_P_USD,0
PHL,2021,P_F51_DIC_EUR_P_USD,58.6
PHL,2021,P_F51_DIC_GBP_P_USD,0.8
PHL,2021,P_F51_DIC_JPY_P_USD,1.4
PHL,2021,P_F51_DIC_OTHC_P_USD,371.4
PHL,2021,P_F51_DIC_USD_P_USD,3965.8
PHL,2022,P_F3_DIC_AUD_P_USD,41.7
PHL,2022,P_F3_DIC_CAD_P_USD,54
PHL,2022,P_F3_DIC_CHF_P_USD,0
PHL,2022,P_F3_DIC_CNY_P_USD,92.3
PHL,2022,P_F3_DIC_EUR_P_USD,175
PHL,2022,P_F3_DIC_GBP_P_USD,0
PHL,2022,P_F3_DIC_JPY_P_USD,165.9
PHL,2022,P_F3_DIC_OTHC_P_USD,997.3
PHL,2022,P_F3_DIC_USD_P_USD,16679.2
PHL,2022,P_F51_DIC_AUD_P_USD,2.4
PHL,2022,P_F51_DIC_CAD_P_USD,1.6
PHL,2022,P_F51_DIC_CHF_P_USD,2.4
PHL,2022,P_F51_DIC_CNY_P_USD,0
PHL,2022,P_F51_DIC_EUR_P_USD,3.7
PHL,2022,P_F51_DIC_GBP_P_USD,1.2
PHL,2022,P_F51_DIC_JPY_P_USD,12.3
PHL,2022,P_F51_DIC_OTHC_P_USD,223.6
PHL,2022,P_F51_DIC_USD_P_USD,3088.8
PHL,2023,P_F3_DIC_AUD_P_USD,43.1
PHL,2023,P_F3_DIC_CAD_P_USD,56.4
PHL,2023,P_F3_DIC_CHF_P_USD,0
PHL,2023,P_F3_DIC_CNY_P_USD,86.4
PHL,2023,P_F3_DIC_EUR_P_USD,113.5
PHL,2023,P_F3_DIC_GBP_P_USD,0
PHL,2023,P_F3_DIC_JPY_P_USD,175.4
PHL,2023,P_F3_DIC_OTHC_P_USD,184.3
PHL,2023,P_F3_DIC_USD_P_USD,16706.9
PHL,2023,P_F51_DIC_AUD_P_USD,4
PHL,2023,P_F51_DIC_CAD_P_USD,1.7
PHL,2023,P_F51_DIC_CHF_P_USD,2.8
PHL,2023,P_F51_DIC_CNY_P_USD,0
PHL,2023,P_F51_DIC_EUR_P_USD,58.4
PHL,2023,P_F51_DIC_GBP_P_USD,1
PHL,2023,P_F51_DIC_JPY_P_USD,0.4
PHL,2023,P_F51_DIC_OTHC_P_USD,375.6
PHL,2023,P_F51_DIC_USD_P_USD,4221.5
PHL,2024,P_F3_DIC_AUD_P_USD,21.7
PHL,2024,P_F3_DIC_CAD_P_USD,10.5
PHL,2024,P_F3_DIC_CHF_P_USD,0
PHL,2024,P_F3_DIC_CNY_P_USD,85.2
PHL,2024,P_F3_DIC_EUR_P_USD,160.6
PHL,2024,P_F3_DIC_GBP_P_USD,0
PHL,2024,P_F3_DIC_JPY_P_USD,259.4
PHL,2024,P_F3_DIC_OTHC_P_USD,40.9
PHL,2024,P_F3_DIC_USD_P_USD,20933.7
PHL,2024,P_F51_DIC_AUD_P_USD,5.7
PHL,2024,P_F51_DIC_CAD_P_USD,1.5
PHL,2024,P_F51_DIC_CHF_P_USD,2.2
PHL,2024,P_F51_DIC_CNY_P_USD,0
PHL,2024,P_F51_DIC_EUR_P_USD,56.3
PHL,2024,P_F51_DIC_GBP_P_USD,0.6
PHL,2024,P_F51_DIC_JPY_P_USD,0.9
PHL,2024,P_F51_DIC_OTHC_P_USD,96.7
PHL,2024,P_F51_DIC_USD_P_USD,4924
PLW,2015,P_F3_DIC_USD_P_USD,307
PLW,2015,P_F51_DIC_USD_P_USD,0
PLW,2016,P_F3_DIC_USD_P_USD,335.4
PLW,2017,P_F3_DIC_USD_P_USD,373.5
PLW,2018,P_F3_DIC_USD_P_USD,456.8
PLW,2020,P_F3_DIC_USD_P_USD,442.2
PLW,2021,P_F3_DIC_USD_P_USD,513.1
PLW,2022,P_F3_DIC_USD_P_USD,399.8
PLW,2023,P_F3_DIC_USD_P_USD,458.5
PLW,2024,P_F3_DIC_USD_P_USD,562.9
POL,2015,P_F3_DIC_CHF_P_USD,22.6
POL,2015,P_F3_DIC_EUR_P_USD,3890.4
POL,2015,P_F3_DIC_GBP_P_USD,57.2
POL,2015,P_F3_DIC_OTHC_P_USD,2260.1
POL,2015,P_F3_DIC_USD_P_USD,1855.9
POL,2015,P_F51_DIC_CHF_P_USD,130.7
POL,2015,P_F51_DIC_EUR_P_USD,8037.7
POL,2015,P_F51_DIC_GBP_P_USD,248.9
POL,2015,P_F51_DIC_JPY_P_USD,35.9
POL,2015,P_F51_DIC_OTHC_P_USD,7230.5
POL,2015,P_F51_DIC_USD_P_USD,7035.5
POL,2016,P_F3_DIC_CHF_P_USD,16.7
POL,2016,P_F3_DIC_EUR_P_USD,3265.6
POL,2016,P_F3_DIC_GBP_P_USD,34.2
POL,2016,P_F3_DIC_OTHC_P_USD,2785.2
POL,2016,P_F3_DIC_USD_P_USD,2106.8
POL,2016,P_F51_DIC_CHF_P_USD,101
POL,2016,P_F51_DIC_EUR_P_USD,5333.9
POL,2016,P_F51_DIC_GBP_P_USD,167
POL,2016,P_F51_DIC_USD_P_USD,7745.3
POL,2017,P_F3_DIC_CHF_P_USD,36.2
POL,2017,P_F3_DIC_EUR_P_USD,4122.9
POL,2017,P_F3_DIC_GBP_P_USD,39.6
POL,2017,P_F3_DIC_USD_P_USD,4633.6
POL,2017,P_F51_DIC_CAD_P_USD,122.1
POL,2017,P_F51_DIC_CHF_P_USD,75.5
POL,2017,P_F51_DIC_EUR_P_USD,6983.6
POL,2017,P_F51_DIC_GBP_P_USD,310.8
POL,2017,P_F51_DIC_JPY_P_USD,18.4
POL,2017,P_F51_DIC_USD_P_USD,11372.2
POL,2018,P_F3_DIC_CHF_P_USD,25
POL,2018,P_F3_DIC_EUR_P_USD,3611.7
POL,2018,P_F3_DIC_GBP_P_USD,33
POL,2018,P_F3_DIC_JPY_P_USD,0.3
POL,2018,P_F3_DIC_USD_P_USD,4941.6
POL,2018,P_F51_DIC_CHF_P_USD,46.5
POL,2018,P_F51_DIC_CNY_P_USD,0.8
POL,2018,P_F51_DIC_EUR_P_USD,4956
POL,2018,P_F51_DIC_GBP_P_USD,135.1
POL,2018,P_F51_DIC_JPY_P_USD,18.6
POL,2018,P_F51_DIC_USD_P_USD,12390.1
POL,2019,P_F3_DIC_CHF_P_USD,6.8
POL,2019,P_F3_DIC_EUR_P_USD,3614.3
POL,2019,P_F3_DIC_OTHC_P_USD,7084.6
POL,2019,P_F3_DIC_USD_P_USD,4489.6
POL,2019,P_F51_DIC_CHF_P_USD,75.3
POL,2019,P_F51_DIC_CNY_P_USD,0.5
POL,2019,P_F51_DIC_EUR_P_USD,5686.6
POL,2019,P_F51_DIC_JPY_P_USD,44.8
POL,2019,P_F51_DIC_OTHC_P_USD,2614.2
POL,2019,P_F51_DIC_USD_P_USD,14022.4
POL,2020,P_F3_DIC_CHF_P_USD,11.7
POL,2020,P_F3_DIC_EUR_P_USD,4046.4
POL,2020,P_F3_DIC_OTHC_P_USD,9696.7
POL,2020,P_F3_DIC_USD_P_USD,5311.8
POL,2020,P_F51_DIC_CHF_P_USD,100.6
POL,2020,P_F51_DIC_CNY_P_USD,1.1
POL,2020,P_F51_DIC_EUR_P_USD,5696.3
POL,2020,P_F51_DIC_JPY_P_USD,80.6
POL,2020,P_F51_DIC_OTHC_P_USD,4597.4
POL,2020,P_F51_DIC_USD_P_USD,6179.5
POL,2021,P_F3_DIC_CHF_P_USD,4.4
POL,2021,P_F3_DIC_EUR_P_USD,3581.8
POL,2021,P_F3_DIC_OTHC_P_USD,8409.9
POL,2021,P_F3_DIC_USD_P_USD,5379.6
POL,2021,P_F51_DIC_CHF_P_USD,190.6
POL,2021,P_F51_DIC_EUR_P_USD,7855.7
POL,2021,P_F51_DIC_JPY_P_USD,99
POL,2021,P_F51_DIC_OTHC_P_USD,4719.5
POL,2021,P_F51_DIC_USD_P_USD,8631.8
POL,2022,P_F3_DIC_EUR_P_USD,4939.3
POL,2022,P_F3_DIC_GBP_P_USD,148.3
POL,2022,P_F3_DIC_USD_P_USD,5428.9
POL,2022,P_F51_DIC_CNY_P_USD,2.5
POL,2022,P_F51_DIC_EUR_P_USD,5489.1
POL,2022,P_F51_DIC_GBP_P_USD,245.1
POL,2022,P_F51_DIC_JPY_P_USD,60.9
POL,2022,P_F51_DIC_USD_P_USD,6537.8
POL,2023,P_F3_DIC_CHF_P_USD,10.7
POL,2023,P_F3_DIC_EUR_P_USD,14933.4
POL,2023,P_F3_DIC_GBP_P_USD,168.5
POL,2023,P_F3_DIC_OTHC_P_USD,12534.2
POL,2023,P_F3_DIC_USD_P_USD,7874.7
POL,2023,P_F51_DIC_CHF_P_USD,222.1
POL,2023,P_F51_DIC_CNY_P_USD,2
POL,2023,P_F51_DIC_EUR_P_USD,7661
POL,2023,P_F51_DIC_GBP_P_USD,361.9
POL,2023,P_F51_DIC_OTHC_P_USD,4323.5
POL,2023,P_F51_DIC_USD_P_USD,9066.6
POL,2024,P_F3_DIC_CHF_P_USD,12.9
POL,2024,P_F3_DIC_EUR_P_USD,19299.2
POL,2024,P_F3_DIC_GBP_P_USD,376.2
POL,2024,P_F3_DIC_OTHC_P_USD,13366.1
POL,2024,P_F3_DIC_USD_P_USD,11018
POL,2024,P_F51_DIC_CHF_P_USD,204.6
POL,2024,P_F51_DIC_CNY_P_USD,2
POL,2024,P_F51_DIC_EUR_P_USD,9489.9
POL,2024,P_F51_DIC_GBP_P_USD,345.3
POL,2024,P_F51_DIC_OTHC_P_USD,4117.1
POL,2024,P_F51_DIC_USD_P_USD,13358.3
PRT,2015,P_F3_DIC_CHF_P_USD,109.3
PRT,2015,P_F3_DIC_EUR_P_USD,85057.8
PRT,2015,P_F3_DIC_GBP_P_USD,4136.5
PRT,2015,P_F3_DIC_JPY_P_USD,34.7
PRT,2015,P_F3_DIC_OTHC_P_USD,1562
PRT,2015,P_F3_DIC_USD_P_USD,2858.6
PRT,2015,P_F51_DIC_CHF_P_USD,254.8
PRT,2015,P_F51_DIC_EUR_P_USD,25336
PRT,2015,P_F51_DIC_GBP_P_USD,1777.2
PRT,2015,P_F51_DIC_JPY_P_USD,514.1
PRT,2015,P_F51_DIC_OTHC_P_USD,1926.2
PRT,2015,P_F51_DIC_USD_P_USD,5943
PRT,2016,P_F3_DIC_AUD_P_USD,265.8
PRT,2016,P_F3_DIC_CAD_P_USD,293.5
PRT,2016,P_F3_DIC_CHF_P_USD,148.4
PRT,2016,P_F3_DIC_CNY_P_USD,0
PRT,2016,P_F3_DIC_EUR_P_USD,83706.7
PRT,2016,P_F3_DIC_GBP_P_USD,4047.1
PRT,2016,P_F3_DIC_JPY_P_USD,15.5
PRT,2016,P_F3_DIC_OTHC_P_USD,1054.6
PRT,2016,P_F3_DIC_USD_P_USD,3820
PRT,2016,P_F51_DIC_AUD_P_USD,59.1
PRT,2016,P_F51_DIC_CAD_P_USD,468.9
PRT,2016,P_F51_DIC_CHF_P_USD,168.1
PRT,2016,P_F51_DIC_CNY_P_USD,23.7
PRT,2016,P_F51_DIC_EUR_P_USD,26424.8
PRT,2016,P_F51_DIC_GBP_P_USD,713.2
PRT,2016,P_F51_DIC_JPY_P_USD,601.3
PRT,2016,P_F51_DIC_OTHC_P_USD,1723.7
PRT,2016,P_F51_DIC_USD_P_USD,4930.5
PRT,2017,P_F3_DIC_AUD_P_USD,349.9
PRT,2017,P_F3_DIC_CAD_P_USD,266.5
PRT,2017,P_F3_DIC_CHF_P_USD,101.6
PRT,2017,P_F3_DIC_CNY_P_USD,0
PRT,2017,P_F3_DIC_EUR_P_USD,109340.9
PRT,2017,P_F3_DIC_GBP_P_USD,3338.2
PRT,2017,P_F3_DIC_JPY_P_USD,85.4
PRT,2017,P_F3_DIC_OTHC_P_USD,1453.8
PRT,2017,P_F3_DIC_USD_P_USD,7816.4
PRT,2017,P_F51_DIC_AUD_P_USD,65.1
PRT,2017,P_F51_DIC_CAD_P_USD,499.7
PRT,2017,P_F51_DIC_CHF_P_USD,217.5
PRT,2017,P_F51_DIC_CNY_P_USD,33.5
PRT,2017,P_F51_DIC_EUR_P_USD,31285.4
PRT,2017,P_F51_DIC_GBP_P_USD,1629.6
PRT,2017,P_F51_DIC_JPY_P_USD,781.1
PRT,2017,P_F51_DIC_OTHC_P_USD,1934.3
PRT,2017,P_F51_DIC_USD_P_USD,6904.7
PRT,2018,P_F3_DIC_AUD_P_USD,6.2
PRT,2018,P_F3_DIC_CAD_P_USD,9.3
PRT,2018,P_F3_DIC_CHF_P_USD,1.8
PRT,2018,P_F3_DIC_CNY_P_USD,0
PRT,2018,P_F3_DIC_EUR_P_USD,114527.4
PRT,2018,P_F3_DIC_GBP_P_USD,497.6
PRT,2018,P_F3_DIC_JPY_P_USD,0
PRT,2018,P_F3_DIC_OTHC_P_USD,81
PRT,2018,P_F3_DIC_USD_P_USD,8813.9
PRT,2018,P_F51_DIC_AUD_P_USD,39.3
PRT,2018,P_F51_DIC_CAD_P_USD,453.1
PRT,2018,P_F51_DIC_CHF_P_USD,414.1
PRT,2018,P_F51_DIC_CNY_P_USD,421.5
PRT,2018,P_F51_DIC_EUR_P_USD,27595.8
PRT,2018,P_F51_DIC_GBP_P_USD,1234.3
PRT,2018,P_F51_DIC_JPY_P_USD,940.9
PRT,2018,P_F51_DIC_OTHC_P_USD,1845.4
PRT,2018,P_F51_DIC_USD_P_USD,7471.2
PRT,2019,P_F3_DIC_AUD_P_USD,20.3
PRT,2019,P_F3_DIC_CAD_P_USD,24.8
PRT,2019,P_F3_DIC_CHF_P_USD,1.9
PRT,2019,P_F3_DIC_CNY_P_USD,11
PRT,2019,P_F3_DIC_EUR_P_USD,113434.5
PRT,2019,P_F3_DIC_GBP_P_USD,1661.8
PRT,2019,P_F3_DIC_JPY_P_USD,16.1
PRT,2019,P_F3_DIC_OTHC_P_USD,324.9
PRT,2019,P_F3_DIC_USD_P_USD,9060.4
PRT,2019,P_F51_DIC_AUD_P_USD,38.6
PRT,2019,P_F51_DIC_CAD_P_USD,486.7
PRT,2019,P_F51_DIC_CHF_P_USD,523.8
PRT,2019,P_F51_DIC_CNY_P_USD,417
PRT,2019,P_F51_DIC_EUR_P_USD,28498.3
PRT,2019,P_F51_DIC_GBP_P_USD,1038.3
PRT,2019,P_F51_DIC_JPY_P_USD,1213.9
PRT,2019,P_F51_DIC_OTHC_P_USD,1204.4
PRT,2019,P_F51_DIC_USD_P_USD,10061.1
PRT,2020,P_F3_DIC_AUD_P_USD,22.2
PRT,2020,P_F3_DIC_CAD_P_USD,25.8
PRT,2020,P_F3_DIC_CHF_P_USD,2.2
PRT,2020,P_F3_DIC_CNY_P_USD,11.7
PRT,2020,P_F3_DIC_EUR_P_USD,130144.4
PRT,2020,P_F3_DIC_GBP_P_USD,1877.4
PRT,2020,P_F3_DIC_JPY_P_USD,21.9
PRT,2020,P_F3_DIC_OTHC_P_USD,305.9
PRT,2020,P_F3_DIC_USD_P_USD,9488.9
PRT,2020,P_F51_DIC_AUD_P_USD,39.1
PRT,2020,P_F51_DIC_CAD_P_USD,738
PRT,2020,P_F51_DIC_CHF_P_USD,481
PRT,2020,P_F51_DIC_CNY_P_USD,416.6
PRT,2020,P_F51_DIC_EUR_P_USD,33999.2
PRT,2020,P_F51_DIC_GBP_P_USD,708.9
PRT,2020,P_F51_DIC_JPY_P_USD,1436.8
PRT,2020,P_F51_DIC_OTHC_P_USD,1453.9
PRT,2020,P_F51_DIC_USD_P_USD,12076.9
PRT,2021,P_F3_DIC_AUD_P_USD,23.3
PRT,2021,P_F3_DIC_CAD_P_USD,7.6
PRT,2021,P_F3_DIC_CHF_P_USD,7
PRT,2021,P_F3_DIC_CNY_P_USD,58.1
PRT,2021,P_F3_DIC_EUR_P_USD,113915
PRT,2021,P_F3_DIC_GBP_P_USD,2387.5
PRT,2021,P_F3_DIC_JPY_P_USD,7
PRT,2021,P_F3_DIC_OTHC_P_USD,358.2
PRT,2021,P_F3_DIC_USD_P_USD,10071.3
PRT,2021,P_F51_DIC_AUD_P_USD,33.1
PRT,2021,P_F51_DIC_CAD_P_USD,676.3
PRT,2021,P_F51_DIC_CHF_P_USD,622.4
PRT,2021,P_F51_DIC_CNY_P_USD,302.5
PRT,2021,P_F51_DIC_EUR_P_USD,41069.7
PRT,2021,P_F51_DIC_GBP_P_USD,993.8
PRT,2021,P_F51_DIC_JPY_P_USD,1355.8
PRT,2021,P_F51_DIC_OTHC_P_USD,1322
PRT,2021,P_F51_DIC_USD_P_USD,15034
PRT,2022,P_F3_DIC_AUD_P_USD,14.1
PRT,2022,P_F3_DIC_CAD_P_USD,1.1
PRT,2022,P_F3_DIC_CHF_P_USD,1.9
PRT,2022,P_F3_DIC_CNY_P_USD,0.3
PRT,2022,P_F3_DIC_EUR_P_USD,101032.7
PRT,2022,P_F3_DIC_GBP_P_USD,1402.3
PRT,2022,P_F3_DIC_JPY_P_USD,0.1
PRT,2022,P_F3_DIC_OTHC_P_USD,109.5
PRT,2022,P_F3_DIC_USD_P_USD,9146.4
PRT,2022,P_F51_DIC_AUD_P_USD,22.4
PRT,2022,P_F51_DIC_CAD_P_USD,680.2
PRT,2022,P_F51_DIC_CHF_P_USD,503.1
PRT,2022,P_F51_DIC_CNY_P_USD,180.5
PRT,2022,P_F51_DIC_EUR_P_USD,35632.1
PRT,2022,P_F51_DIC_GBP_P_USD,601.7
PRT,2022,P_F51_DIC_JPY_P_USD,1131.9
PRT,2022,P_F51_DIC_OTHC_P_USD,1330.3
PRT,2022,P_F51_DIC_USD_P_USD,11787.1
PRT,2023,P_F3_DIC_AUD_P_USD,14.8
PRT,2023,P_F3_DIC_CAD_P_USD,1.1
PRT,2023,P_F3_DIC_CHF_P_USD,0.9
PRT,2023,P_F3_DIC_CNY_P_USD,0
PRT,2023,P_F3_DIC_EUR_P_USD,114312.7
PRT,2023,P_F3_DIC_GBP_P_USD,1783.7
PRT,2023,P_F3_DIC_JPY_P_USD,0.1
PRT,2023,P_F3_DIC_OTHC_P_USD,93.1
PRT,2023,P_F3_DIC_USD_P_USD,9459.2
PRT,2023,P_F51_DIC_AUD_P_USD,133.5
PRT,2023,P_F51_DIC_CAD_P_USD,637.2
PRT,2023,P_F51_DIC_CHF_P_USD,585
PRT,2023,P_F51_DIC_CNY_P_USD,148.9
PRT,2023,P_F51_DIC_EUR_P_USD,37065.6
PRT,2023,P_F51_DIC_GBP_P_USD,693.3
PRT,2023,P_F51_DIC_JPY_P_USD,1349.9
PRT,2023,P_F51_DIC_OTHC_P_USD,1236.2
PRT,2023,P_F51_DIC_USD_P_USD,15329.8
PRT,2024,P_F3_DIC_AUD_P_USD,17.9
PRT,2024,P_F3_DIC_CAD_P_USD,1.7
PRT,2024,P_F3_DIC_CHF_P_USD,1.3
PRT,2024,P_F3_DIC_CNY_P_USD,0.1
PRT,2024,P_F3_DIC_EUR_P_USD,134669.2
PRT,2024,P_F3_DIC_GBP_P_USD,1246.9
PRT,2024,P_F3_DIC_JPY_P_USD,0.1
PRT,2024,P_F3_DIC_OTHC_P_USD,149.3
PRT,2024,P_F3_DIC_USD_P_USD,10920.6
PRT,2024,P_F51_DIC_AUD_P_USD,116
PRT,2024,P_F51_DIC_CAD_P_USD,633.5
PRT,2024,P_F51_DIC_CHF_P_USD,601.6
PRT,2024,P_F51_DIC_CNY_P_USD,51.8
PRT,2024,P_F51_DIC_EUR_P_USD,42217.9
PRT,2024,P_F51_DIC_GBP_P_USD,729.5
PRT,2024,P_F51_DIC_JPY_P_USD,1602.2
PRT,2024,P_F51_DIC_OTHC_P_USD,414.3
PRT,2024,P_F51_DIC_USD_P_USD,19780.2
ROU,2015,P_F3_DIC_CHF_P_USD,0.2
ROU,2015,P_F3_DIC_EUR_P_USD,669.6
ROU,2015,P_F3_DIC_GBP_P_USD,0
ROU,2015,P_F3_DIC_JPY_P_USD,0
ROU,2015,P_F3_DIC_OTHC_P_USD,922.6
ROU,2015,P_F3_DIC_USD_P_USD,269
ROU,2015,P_F51_DIC_CHF_P_USD,3.3
ROU,2015,P_F51_DIC_EUR_P_USD,575.4
ROU,2015,P_F51_DIC_GBP_P_USD,9
ROU,2015,P_F51_DIC_JPY_P_USD,25.3
ROU,2015,P_F51_DIC_OTHC_P_USD,470.2
ROU,2015,P_F51_DIC_USD_P_USD,64.8
ROU,2016,P_F3_DIC_AUD_P_USD,0
ROU,2016,P_F3_DIC_CAD_P_USD,1.9
ROU,2016,P_F3_DIC_CHF_P_USD,0.1
ROU,2016,P_F3_DIC_CNY_P_USD,0
ROU,2016,P_F3_DIC_EUR_P_USD,699.7
ROU,2016,P_F3_DIC_GBP_P_USD,0
ROU,2016,P_F3_DIC_JPY_P_USD,0
ROU,2016,P_F3_DIC_OTHC_P_USD,1060.7
ROU,2016,P_F3_DIC_USD_P_USD,264.5
ROU,2016,P_F51_DIC_AUD_P_USD,0.3
ROU,2016,P_F51_DIC_CAD_P_USD,8.3
ROU,2016,P_F51_DIC_CHF_P_USD,4.2
ROU,2016,P_F51_DIC_CNY_P_USD,0
ROU,2016,P_F51_DIC_EUR_P_USD,651
ROU,2016,P_F51_DIC_GBP_P_USD,9.6
ROU,2016,P_F51_DIC_JPY_P_USD,0.1
ROU,2016,P_F51_DIC_OTHC_P_USD,533.9
ROU,2016,P_F51_DIC_USD_P_USD,99.5
ROU,2017,P_F3_DIC_AUD_P_USD,0
ROU,2017,P_F3_DIC_CAD_P_USD,1.6
ROU,2017,P_F3_DIC_CHF_P_USD,0.1
ROU,2017,P_F3_DIC_CNY_P_USD,0
ROU,2017,P_F3_DIC_EUR_P_USD,942
ROU,2017,P_F3_DIC_GBP_P_USD,1.5
ROU,2017,P_F3_DIC_JPY_P_USD,0
ROU,2017,P_F3_DIC_OTHC_P_USD,1491.9
ROU,2017,P_F3_DIC_USD_P_USD,287.9
ROU,2017,P_F51_DIC_AUD_P_USD,0.7
ROU,2017,P_F51_DIC_CAD_P_USD,8.2
ROU,2017,P_F51_DIC_CHF_P_USD,5
ROU,2017,P_F51_DIC_CNY_P_USD,0
ROU,2017,P_F51_DIC_EUR_P_USD,988.5
ROU,2017,P_F51_DIC_GBP_P_USD,22.4
ROU,2017,P_F51_DIC_JPY_P_USD,0.1
ROU,2017,P_F51_DIC_OTHC_P_USD,669.6
ROU,2017,P_F51_DIC_USD_P_USD,116.1
ROU,2018,P_F3_DIC_AUD_P_USD,0
ROU,2018,P_F3_DIC_CAD_P_USD,1.8
ROU,2018,P_F3_DIC_CHF_P_USD,0.1
ROU,2018,P_F3_DIC_CNY_P_USD,0
ROU,2018,P_F3_DIC_EUR_P_USD,801.2
ROU,2018,P_F3_DIC_GBP_P_USD,2.3
ROU,2018,P_F3_DIC_JPY_P_USD,0
ROU,2018,P_F3_DIC_OTHC_P_USD,2064
ROU,2018,P_F3_DIC_USD_P_USD,245.4
ROU,2018,P_F51_DIC_AUD_P_USD,0.1
ROU,2018,P_F51_DIC_CAD_P_USD,6.8
ROU,2018,P_F51_DIC_CHF_P_USD,5.2
ROU,2018,P_F51_DIC_CNY_P_USD,0
ROU,2018,P_F51_DIC_EUR_P_USD,965.5
ROU,2018,P_F51_DIC_GBP_P_USD,8.7
ROU,2018,P_F51_DIC_JPY_P_USD,1
ROU,2018,P_F51_DIC_OTHC_P_USD,526.5
ROU,2018,P_F51_DIC_USD_P_USD,97.4
ROU,2019,P_F3_DIC_AUD_P_USD,0
ROU,2019,P_F3_DIC_CAD_P_USD,1.9
ROU,2019,P_F3_DIC_CHF_P_USD,0
ROU,2019,P_F3_DIC_CNY_P_USD,0
ROU,2019,P_F3_DIC_EUR_P_USD,1375.9
ROU,2019,P_F3_DIC_GBP_P_USD,1.1
ROU,2019,P_F3_DIC_JPY_P_USD,0
ROU,2019,P_F3_DIC_OTHC_P_USD,2768
ROU,2019,P_F3_DIC_USD_P_USD,301.3
ROU,2019,P_F51_DIC_AUD_P_USD,0.1
ROU,2019,P_F51_DIC_CAD_P_USD,7.6
ROU,2019,P_F51_DIC_CHF_P_USD,6.5
ROU,2019,P_F51_DIC_CNY_P_USD,0
ROU,2019,P_F51_DIC_EUR_P_USD,1239.2
ROU,2019,P_F51_DIC_GBP_P_USD,7.3
ROU,2019,P_F51_DIC_JPY_P_USD,0.1
ROU,2019,P_F51_DIC_OTHC_P_USD,561.8
ROU,2019,P_F51_DIC_USD_P_USD,136.3
ROU,2020,P_F3_DIC_AUD_P_USD,0
ROU,2020,P_F3_DIC_CAD_P_USD,2.1
ROU,2020,P_F3_DIC_CHF_P_USD,0
ROU,2020,P_F3_DIC_CNY_P_USD,0
ROU,2020,P_F3_DIC_EUR_P_USD,1473.7
ROU,2020,P_F3_DIC_GBP_P_USD,1.1
ROU,2020,P_F3_DIC_JPY_P_USD,0
ROU,2020,P_F3_DIC_OTHC_P_USD,2607.1
ROU,2020,P_F3_DIC_USD_P_USD,229.7
ROU,2020,P_F51_DIC_AUD_P_USD,0.3
ROU,2020,P_F51_DIC_CAD_P_USD,7.4
ROU,2020,P_F51_DIC_CHF_P_USD,7.4
ROU,2020,P_F51_DIC_CNY_P_USD,0.1
ROU,2020,P_F51_DIC_EUR_P_USD,1548.5
ROU,2020,P_F51_DIC_GBP_P_USD,11.8
ROU,2020,P_F51_DIC_JPY_P_USD,0.4
ROU,2020,P_F51_DIC_OTHC_P_USD,628.1
ROU,2020,P_F51_DIC_USD_P_USD,333.8
ROU,2021,P_F3_DIC_AUD_P_USD,0.2
ROU,2021,P_F3_DIC_CAD_P_USD,2
ROU,2021,P_F3_DIC_CHF_P_USD,0.6
ROU,2021,P_F3_DIC_CNY_P_USD,0
ROU,2021,P_F3_DIC_EUR_P_USD,2043
ROU,2021,P_F3_DIC_GBP_P_USD,1.5
ROU,2021,P_F3_DIC_JPY_P_USD,0
ROU,2021,P_F3_DIC_OTHC_P_USD,3282.1
ROU,2021,P_F3_DIC_USD_P_USD,356.9
ROU,2021,P_F51_DIC_AUD_P_USD,0.7
ROU,2021,P_F51_DIC_CAD_P_USD,14.2
ROU,2021,P_F51_DIC_CHF_P_USD,12.8
ROU,2021,P_F51_DIC_CNY_P_USD,0.1
ROU,2021,P_F51_DIC_EUR_P_USD,1966.3
ROU,2021,P_F51_DIC_GBP_P_USD,21.8
ROU,2021,P_F51_DIC_JPY_P_USD,1.9
ROU,2021,P_F51_DIC_OTHC_P_USD,635.9
ROU,2021,P_F51_DIC_USD_P_USD,1155.3
ROU,2022,P_F3_DIC_AUD_P_USD,0.1
ROU,2022,P_F3_DIC_CAD_P_USD,1.7
ROU,2022,P_F3_DIC_CHF_P_USD,0
ROU,2022,P_F3_DIC_CNY_P_USD,0
ROU,2022,P_F3_DIC_EUR_P_USD,2076.8
ROU,2022,P_F3_DIC_GBP_P_USD,1.3
ROU,2022,P_F3_DIC_JPY_P_USD,0
ROU,2022,P_F3_DIC_OTHC_P_USD,3151.1
ROU,2022,P_F3_DIC_USD_P_USD,537.6
ROU,2022,P_F51_DIC_AUD_P_USD,0.8
ROU,2022,P_F51_DIC_CAD_P_USD,29.3
ROU,2022,P_F51_DIC_CHF_P_USD,8.4
ROU,2022,P_F51_DIC_CNY_P_USD,0.1
ROU,2022,P_F51_DIC_EUR_P_USD,1554.9
ROU,2022,P_F51_DIC_GBP_P_USD,25.9
ROU,2022,P_F51_DIC_JPY_P_USD,0.7
ROU,2022,P_F51_DIC_OTHC_P_USD,597.5
ROU,2022,P_F51_DIC_USD_P_USD,860.8
ROU,2023,P_F3_DIC_AUD_P_USD,0.1
ROU,2023,P_F3_DIC_CAD_P_USD,1.9
ROU,2023,P_F3_DIC_CHF_P_USD,1.2
ROU,2023,P_F3_DIC_CNY_P_USD,0
ROU,2023,P_F3_DIC_EUR_P_USD,4769.3
ROU,2023,P_F3_DIC_GBP_P_USD,3.6
ROU,2023,P_F3_DIC_JPY_P_USD,0
ROU,2023,P_F3_DIC_OTHC_P_USD,2454.7
ROU,2023,P_F3_DIC_USD_P_USD,782.1
ROU,2023,P_F51_DIC_AUD_P_USD,0.6
ROU,2023,P_F51_DIC_CAD_P_USD,46.7
ROU,2023,P_F51_DIC_CHF_P_USD,9
ROU,2023,P_F51_DIC_CNY_P_USD,0.3
ROU,2023,P_F51_DIC_EUR_P_USD,1994.4
ROU,2023,P_F51_DIC_GBP_P_USD,94.8
ROU,2023,P_F51_DIC_JPY_P_USD,1.4
ROU,2023,P_F51_DIC_OTHC_P_USD,580.8
ROU,2023,P_F51_DIC_USD_P_USD,988.4
ROU,2024,P_F3_DIC_AUD_P_USD,0.1
ROU,2024,P_F3_DIC_CAD_P_USD,1.8
ROU,2024,P_F3_DIC_CHF_P_USD,0
ROU,2024,P_F3_DIC_CNY_P_USD,0
ROU,2024,P_F3_DIC_EUR_P_USD,5326.5
ROU,2024,P_F3_DIC_GBP_P_USD,5.5
ROU,2024,P_F3_DIC_JPY_P_USD,0
ROU,2024,P_F3_DIC_OTHC_P_USD,1658.5
ROU,2024,P_F3_DIC_USD_P_USD,695.6
ROU,2024,P_F51_DIC_AUD_P_USD,2.1
ROU,2024,P_F51_DIC_CAD_P_USD,23.7
ROU,2024,P_F51_DIC_CHF_P_USD,17.9
ROU,2024,P_F51_DIC_CNY_P_USD,1.1
ROU,2024,P_F51_DIC_EUR_P_USD,2430.3
ROU,2024,P_F51_DIC_GBP_P_USD,97.9
ROU,2024,P_F51_DIC_JPY_P_USD,1.9
ROU,2024,P_F51_DIC_OTHC_P_USD,668.3
ROU,2024,P_F51_DIC_USD_P_USD,2050.7
RUS,2015,P_F3_DIC_CHF_P_USD,1022.3
RUS,2015,P_F3_DIC_EUR_P_USD,5042.5
RUS,2015,P_F3_DIC_GBP_P_USD,1738.8
RUS,2015,P_F3_DIC_JPY_P_USD,0
RUS,2015,P_F3_DIC_OTHC_P_USD,5559.8
RUS,2015,P_F3_DIC_USD_P_USD,51940.7
RUS,2015,P_F51_DIC_CHF_P_USD,14.8
RUS,2015,P_F51_DIC_EUR_P_USD,498.1
RUS,2015,P_F51_DIC_GBP_P_USD,471.2
RUS,2015,P_F51_DIC_JPY_P_USD,6.4
RUS,2015,P_F51_DIC_OTHC_P_USD,449.9
RUS,2015,P_F51_DIC_USD_P_USD,1374
RUS,2016,P_F3_DIC_AUD_P_USD,1.9
RUS,2016,P_F3_DIC_CHF_P_USD,913
RUS,2016,P_F3_DIC_CNY_P_USD,46.9
RUS,2016,P_F3_DIC_EUR_P_USD,8084.9
RUS,2016,P_F3_DIC_GBP_P_USD,110.3
RUS,2016,P_F3_DIC_OTHC_P_USD,5641.2
RUS,2016,P_F3_DIC_USD_P_USD,54090.1
RUS,2016,P_F51_DIC_AUD_P_USD,0.7
RUS,2016,P_F51_DIC_CAD_P_USD,10.7
RUS,2016,P_F51_DIC_CHF_P_USD,16.3
RUS,2016,P_F51_DIC_CNY_P_USD,5
RUS,2016,P_F51_DIC_EUR_P_USD,796.7
RUS,2016,P_F51_DIC_GBP_P_USD,112
RUS,2016,P_F51_DIC_JPY_P_USD,1.5
RUS,2016,P_F51_DIC_OTHC_P_USD,215.8
RUS,2016,P_F51_DIC_USD_P_USD,2013.2
RUS,2017,P_F3_DIC_AUD_P_USD,0.8
RUS,2017,P_F3_DIC_CAD_P_USD,0
RUS,2017,P_F3_DIC_CHF_P_USD,805.3
RUS,2017,P_F3_DIC_CNY_P_USD,21.7
RUS,2017,P_F3_DIC_EUR_P_USD,9605.8
RUS,2017,P_F3_DIC_GBP_P_USD,407
RUS,2017,P_F3_DIC_JPY_P_USD,0
RUS,2017,P_F3_DIC_OTHC_P_USD,4408
RUS,2017,P_F3_DIC_USD_P_USD,54011.3
RUS,2017,P_F51_DIC_AUD_P_USD,1.9
RUS,2017,P_F51_DIC_CAD_P_USD,15.4
RUS,2017,P_F51_DIC_CHF_P_USD,20
RUS,2017,P_F51_DIC_CNY_P_USD,3.8
RUS,2017,P_F51_DIC_EUR_P_USD,947.4
RUS,2017,P_F51_DIC_GBP_P_USD,433.1
RUS,2017,P_F51_DIC_JPY_P_USD,13.6
RUS,2017,P_F51_DIC_OTHC_P_USD,391
RUS,2017,P_F51_DIC_USD_P_USD,2818.6
RUS,2018,P_F3_DIC_AUD_P_USD,0.2
RUS,2018,P_F3_DIC_CHF_P_USD,535.5
RUS,2018,P_F3_DIC_CNY_P_USD,82.3
RUS,2018,P_F3_DIC_EUR_P_USD,6261.3
RUS,2018,P_F3_DIC_GBP_P_USD,453.4
RUS,2018,P_F3_DIC_OTHC_P_USD,4101.8
RUS,2018,P_F3_DIC_USD_P_USD,51341.6
RUS,2018,P_F51_DIC_AUD_P_USD,1.5
RUS,2018,P_F51_DIC_CAD_P_USD,19.6
RUS,2018,P_F51_DIC_CHF_P_USD,11.4
RUS,2018,P_F51_DIC_CNY_P_USD,3.7
RUS,2018,P_F51_DIC_EUR_P_USD,1074.9
RUS,2018,P_F51_DIC_GBP_P_USD,722.1
RUS,2018,P_F51_DIC_JPY_P_USD,6.1
RUS,2018,P_F51_DIC_OTHC_P_USD,444.3
RUS,2018,P_F51_DIC_USD_P_USD,3491.4
RUS,2019,P_F3_DIC_AUD_P_USD,0.5
RUS,2019,P_F3_DIC_CAD_P_USD,0.1
RUS,2019,P_F3_DIC_CHF_P_USD,613.4
RUS,2019,P_F3_DIC_CNY_P_USD,70.4
RUS,2019,P_F3_DIC_EUR_P_USD,6365.5
RUS,2019,P_F3_DIC_GBP_P_USD,2653.5
RUS,2019,P_F3_DIC_JPY_P_USD,0
RUS,2019,P_F3_DIC_OTHC_P_USD,4636
RUS,2019,P_F3_DIC_USD_P_USD,57497.9
RUS,2019,P_F51_DIC_AUD_P_USD,1.9
RUS,2019,P_F51_DIC_CAD_P_USD,23.6
RUS,2019,P_F51_DIC_CHF_P_USD,40.1
RUS,2019,P_F51_DIC_CNY_P_USD,6.8
RUS,2019,P_F51_DIC_EUR_P_USD,1492.4
RUS,2019,P_F51_DIC_GBP_P_USD,901.2
RUS,2019,P_F51_DIC_JPY_P_USD,11.7
RUS,2019,P_F51_DIC_OTHC_P_USD,591.9
RUS,2019,P_F51_DIC_USD_P_USD,5387.6
RUS,2020,P_F3_DIC_AUD_P_USD,0.5
RUS,2020,P_F3_DIC_CAD_P_USD,0.6
RUS,2020,P_F3_DIC_CHF_P_USD,662.4
RUS,2020,P_F3_DIC_CNY_P_USD,102.2
RUS,2020,P_F3_DIC_EUR_P_USD,7756.8
RUS,2020,P_F3_DIC_GBP_P_USD,2809.9
RUS,2020,P_F3_DIC_JPY_P_USD,0
RUS,2020,P_F3_DIC_OTHC_P_USD,5980.6
RUS,2020,P_F3_DIC_USD_P_USD,64921
RUS,2020,P_F51_DIC_AUD_P_USD,3.4
RUS,2020,P_F51_DIC_CAD_P_USD,51.9
RUS,2020,P_F51_DIC_CHF_P_USD,177.5
RUS,2020,P_F51_DIC_CNY_P_USD,43
RUS,2020,P_F51_DIC_EUR_P_USD,3977.7
RUS,2020,P_F51_DIC_GBP_P_USD,1626.1
RUS,2020,P_F51_DIC_JPY_P_USD,15.9
RUS,2020,P_F51_DIC_OTHC_P_USD,2044.5
RUS,2020,P_F51_DIC_USD_P_USD,14240.2
SLV,2018,P_F3_DIC_AUD_P_USD,0
SLV,2018,P_F3_DIC_CAD_P_USD,0
SLV,2018,P_F3_DIC_CHF_P_USD,0
SLV,2018,P_F3_DIC_CNY_P_USD,0
SLV,2018,P_F3_DIC_EUR_P_USD,4.9
SLV,2018,P_F3_DIC_GBP_P_USD,0
SLV,2018,P_F3_DIC_JPY_P_USD,0
SLV,2018,P_F3_DIC_OTHC_P_USD,0
SLV,2018,P_F3_DIC_USD_P_USD,704.7
SLV,2019,P_F3_DIC_AUD_P_USD,0
SLV,2019,P_F3_DIC_CAD_P_USD,0
SLV,2019,P_F3_DIC_CHF_P_USD,0
SLV,2019,P_F3_DIC_CNY_P_USD,0
SLV,2019,P_F3_DIC_EUR_P_USD,4.7
SLV,2019,P_F3_DIC_GBP_P_USD,0
SLV,2019,P_F3_DIC_JPY_P_USD,0
SLV,2019,P_F3_DIC_OTHC_P_USD,0
SLV,2019,P_F3_DIC_USD_P_USD,853.9
SLV,2019,P_F51_DIC_AUD_P_USD,0
SLV,2019,P_F51_DIC_CAD_P_USD,0
SLV,2019,P_F51_DIC_CHF_P_USD,0
SLV,2019,P_F51_DIC_CNY_P_USD,0
SLV,2019,P_F51_DIC_EUR_P_USD,0
SLV,2019,P_F51_DIC_GBP_P_USD,0
SLV,2019,P_F51_DIC_JPY_P_USD,0
SLV,2019,P_F51_DIC_OTHC_P_USD,0
SLV,2019,P_F51_DIC_USD_P_USD,26.7
SLV,2020,P_F3_DIC_AUD_P_USD,0
SLV,2020,P_F3_DIC_CAD_P_USD,0
SLV,2020,P_F3_DIC_CHF_P_USD,0
SLV,2020,P_F3_DIC_CNY_P_USD,0
SLV,2020,P_F3_DIC_EUR_P_USD,3.3
SLV,2020,P_F3_DIC_GBP_P_USD,0
SLV,2020,P_F3_DIC_JPY_P_USD,0
SLV,2020,P_F3_DIC_OTHC_P_USD,0
SLV,2020,P_F3_DIC_USD_P_USD,1444.6
SLV,2020,P_F51_DIC_AUD_P_USD,0
SLV,2020,P_F51_DIC_CAD_P_USD,0
SLV,2020,P_F51_DIC_CHF_P_USD,0
SLV,2020,P_F51_DIC_CNY_P_USD,0
SLV,2020,P_F51_DIC_EUR_P_USD,0
SLV,2020,P_F51_DIC_GBP_P_USD,0
SLV,2020,P_F51_DIC_JPY_P_USD,0
SLV,2020,P_F51_DIC_OTHC_P_USD,0
SLV,2020,P_F51_DIC_USD_P_USD,638.5
SLV,2021,P_F3_DIC_AUD_P_USD,0
SLV,2021,P_F3_DIC_CAD_P_USD,0
SLV,2021,P_F3_DIC_CHF_P_USD,0
SLV,2021,P_F3_DIC_CNY_P_USD,0
SLV,2021,P_F3_DIC_EUR_P_USD,2.7
SLV,2021,P_F3_DIC_GBP_P_USD,0
SLV,2021,P_F3_DIC_JPY_P_USD,0
SLV,2021,P_F3_DIC_OTHC_P_USD,0
SLV,2021,P_F3_DIC_USD_P_USD,1037.2
SLV,2021,P_F51_DIC_AUD_P_USD,0
SLV,2021,P_F51_DIC_CAD_P_USD,0
SLV,2021,P_F51_DIC_CHF_P_USD,0
SLV,2021,P_F51_DIC_CNY_P_USD,0
SLV,2021,P_F51_DIC_EUR_P_USD,7
SLV,2021,P_F51_DIC_GBP_P_USD,0
SLV,2021,P_F51_DIC_JPY_P_USD,0
SLV,2021,P_F51_DIC_OTHC_P_USD,0
SLV,2021,P_F51_DIC_USD_P_USD,790.3
SLV,2022,P_F3_DIC_AUD_P_USD,0
SLV,2022,P_F3_DIC_CAD_P_USD,0
SLV,2022,P_F3_DIC_CHF_P_USD,0
SLV,2022,P_F3_DIC_CNY_P_USD,0
SLV,2022,P_F3_DIC_EUR_P_USD,0
SLV,2022,P_F3_DIC_GBP_P_USD,0
SLV,2022,P_F3_DIC_JPY_P_USD,0
SLV,2022,P_F3_DIC_OTHC_P_USD,0
SLV,2022,P_F3_DIC_USD_P_USD,988.4
SLV,2022,P_F51_DIC_AUD_P_USD,0
SLV,2022,P_F51_DIC_CAD_P_USD,0
SLV,2022,P_F51_DIC_CHF_P_USD,0
SLV,2022,P_F51_DIC_CNY_P_USD,0
SLV,2022,P_F51_DIC_EUR_P_USD,0
SLV,2022,P_F51_DIC_GBP_P_USD,0
SLV,2022,P_F51_DIC_JPY_P_USD,0
SLV,2022,P_F51_DIC_OTHC_P_USD,0
SLV,2022,P_F51_DIC_USD_P_USD,586.4
SLV,2023,P_F3_DIC_AUD_P_USD,0
SLV,2023,P_F3_DIC_CAD_P_USD,0
SLV,2023,P_F3_DIC_CHF_P_USD,0
SLV,2023,P_F3_DIC_CNY_P_USD,0
SLV,2023,P_F3_DIC_EUR_P_USD,0
SLV,2023,P_F3_DIC_GBP_P_USD,0
SLV,2023,P_F3_DIC_JPY_P_USD,0
SLV,2023,P_F3_DIC_OTHC_P_USD,0
SLV,2023,P_F3_DIC_USD_P_USD,963.4
SLV,2023,P_F51_DIC_AUD_P_USD,0
SLV,2023,P_F51_DIC_CAD_P_USD,0
SLV,2023,P_F51_DIC_CHF_P_USD,0
SLV,2023,P_F51_DIC_CNY_P_USD,0
SLV,2023,P_F51_DIC_EUR_P_USD,0
SLV,2023,P_F51_DIC_GBP_P_USD,0
SLV,2023,P_F51_DIC_JPY_P_USD,0
SLV,2023,P_F51_DIC_OTHC_P_USD,0
SLV,2023,P_F51_DIC_USD_P_USD,185.3
SLV,2024,P_F3_DIC_AUD_P_USD,0
SLV,2024,P_F3_DIC_CAD_P_USD,0
SLV,2024,P_F3_DIC_CHF_P_USD,0
SLV,2024,P_F3_DIC_CNY_P_USD,0
SLV,2024,P_F3_DIC_EUR_P_USD,0
SLV,2024,P_F3_DIC_GBP_P_USD,0
SLV,2024,P_F3_DIC_JPY_P_USD,0
SLV,2024,P_F3_DIC_OTHC_P_USD,0
SLV,2024,P_F3_DIC_USD_P_USD,749.3
SLV,2024,P_F51_DIC_AUD_P_USD,0
SLV,2024,P_F51_DIC_CAD_P_USD,0
SLV,2024,P_F51_DIC_CHF_P_USD,0
SLV,2024,P_F51_DIC_CNY_P_USD,0
SLV,2024,P_F51_DIC_EUR_P_USD,0
SLV,2024,P_F51_DIC_GBP_P_USD,0
SLV,2024,P_F51_DIC_JPY_P_USD,0
SLV,2024,P_F51_DIC_OTHC_P_USD,0
SLV,2024,P_F51_DIC_USD_P_USD,337.2
SVK,2015,P_F3_DIC_CHF_P_USD,0
SVK,2015,P_F3_DIC_EUR_P_USD,17909.8
SVK,2015,P_F3_DIC_GBP_P_USD,2.2
SVK,2015,P_F3_DIC_JPY_P_USD,1.1
SVK,2015,P_F3_DIC_OTHC_P_USD,358.9
SVK,2015,P_F3_DIC_USD_P_USD,627.3
SVK,2015,P_F51_DIC_CHF_P_USD,2.2
SVK,2015,P_F51_DIC_EUR_P_USD,1457.8
SVK,2015,P_F51_DIC_GBP_P_USD,22.9
SVK,2015,P_F51_DIC_JPY_P_USD,1.1
SVK,2015,P_F51_DIC_OTHC_P_USD,330
SVK,2015,P_F51_DIC_USD_P_USD,327.7
SVK,2016,P_F3_DIC_CHF_P_USD,0.5
SVK,2016,P_F3_DIC_EUR_P_USD,20970.5
SVK,2016,P_F3_DIC_GBP_P_USD,1.4
SVK,2016,P_F3_DIC_JPY_P_USD,0
SVK,2016,P_F3_DIC_OTHC_P_USD,277.3
SVK,2016,P_F3_DIC_USD_P_USD,761.1
SVK,2016,P_F51_DIC_CHF_P_USD,11.1
SVK,2016,P_F51_DIC_EUR_P_USD,4953.2
SVK,2016,P_F51_DIC_GBP_P_USD,47.4
SVK,2016,P_F51_DIC_JPY_P_USD,24.2
SVK,2016,P_F51_DIC_OTHC_P_USD,46.4
SVK,2016,P_F51_DIC_USD_P_USD,716.3
SVK,2017,P_F3_DIC_AUD_P_USD,19.2
SVK,2017,P_F3_DIC_CAD_P_USD,1.2
SVK,2017,P_F3_DIC_CHF_P_USD,1.2
SVK,2017,P_F3_DIC_CNY_P_USD,0
SVK,2017,P_F3_DIC_EUR_P_USD,26227.5
SVK,2017,P_F3_DIC_GBP_P_USD,244.7
SVK,2017,P_F3_DIC_JPY_P_USD,0
SVK,2017,P_F3_DIC_OTHC_P_USD,447.3
SVK,2017,P_F3_DIC_USD_P_USD,858.7
SVK,2017,P_F51_DIC_AUD_P_USD,2.4
SVK,2017,P_F51_DIC_CAD_P_USD,6
SVK,2017,P_F51_DIC_CHF_P_USD,18
SVK,2017,P_F51_DIC_CNY_P_USD,1.2
SVK,2017,P_F51_DIC_EUR_P_USD,6822.8
SVK,2017,P_F51_DIC_GBP_P_USD,28.8
SVK,2017,P_F51_DIC_JPY_P_USD,38.4
SVK,2017,P_F51_DIC_OTHC_P_USD,241.1
SVK,2017,P_F51_DIC_USD_P_USD,1482.3
SVK,2018,P_F3_DIC_AUD_P_USD,17.2
SVK,2018,P_F3_DIC_CAD_P_USD,0.6
SVK,2018,P_F3_DIC_CHF_P_USD,16
SVK,2018,P_F3_DIC_CNY_P_USD,0
SVK,2018,P_F3_DIC_EUR_P_USD,28519.1
SVK,2018,P_F3_DIC_GBP_P_USD,642.3
SVK,2018,P_F3_DIC_JPY_P_USD,1.7
SVK,2018,P_F3_DIC_OTHC_P_USD,552.5
SVK,2018,P_F3_DIC_USD_P_USD,866.8
SVK,2018,P_F51_DIC_AUD_P_USD,0.6
SVK,2018,P_F51_DIC_CAD_P_USD,5.7
SVK,2018,P_F51_DIC_CHF_P_USD,14.9
SVK,2018,P_F51_DIC_CNY_P_USD,0.6
SVK,2018,P_F51_DIC_EUR_P_USD,6623.8
SVK,2018,P_F51_DIC_GBP_P_USD,25.2
SVK,2018,P_F51_DIC_JPY_P_USD,41.2
SVK,2018,P_F51_DIC_OTHC_P_USD,256.5
SVK,2018,P_F51_DIC_USD_P_USD,1403.8
SVK,2019,P_F3_DIC_AUD_P_USD,4.5
SVK,2019,P_F3_DIC_CAD_P_USD,1
SVK,2019,P_F3_DIC_CHF_P_USD,72.9
SVK,2019,P_F3_DIC_CNY_P_USD,0
SVK,2019,P_F3_DIC_EUR_P_USD,30350.8
SVK,2019,P_F3_DIC_GBP_P_USD,683.6
SVK,2019,P_F3_DIC_JPY_P_USD,19.4
SVK,2019,P_F3_DIC_OTHC_P_USD,434
SVK,2019,P_F3_DIC_USD_P_USD,876.9
SVK,2019,P_F51_DIC_AUD_P_USD,0
SVK,2019,P_F51_DIC_CAD_P_USD,7.9
SVK,2019,P_F51_DIC_CHF_P_USD,22.5
SVK,2019,P_F51_DIC_CNY_P_USD,1.1
SVK,2019,P_F51_DIC_EUR_P_USD,8079.8
SVK,2019,P_F51_DIC_GBP_P_USD,31.6
SVK,2019,P_F51_DIC_JPY_P_USD,59.8
SVK,2019,P_F51_DIC_OTHC_P_USD,317
SVK,2019,P_F51_DIC_USD_P_USD,1785.1
SVK,2020,P_F3_DIC_AUD_P_USD,58.9
SVK,2020,P_F3_DIC_CAD_P_USD,1.2
SVK,2020,P_F3_DIC_CHF_P_USD,176.7
SVK,2020,P_F3_DIC_CNY_P_USD,0
SVK,2020,P_F3_DIC_EUR_P_USD,37231.4
SVK,2020,P_F3_DIC_GBP_P_USD,1142.4
SVK,2020,P_F3_DIC_JPY_P_USD,3.7
SVK,2020,P_F3_DIC_OTHC_P_USD,505.6
SVK,2020,P_F3_DIC_USD_P_USD,1391.5
SVK,2020,P_F51_DIC_AUD_P_USD,0
SVK,2020,P_F51_DIC_CAD_P_USD,12.3
SVK,2020,P_F51_DIC_CHF_P_USD,20.9
SVK,2020,P_F51_DIC_CNY_P_USD,0
SVK,2020,P_F51_DIC_EUR_P_USD,10635.3
SVK,2020,P_F51_DIC_GBP_P_USD,20.9
SVK,2020,P_F51_DIC_JPY_P_USD,90.8
SVK,2020,P_F51_DIC_OTHC_P_USD,256.5
SVK,2020,P_F51_DIC_USD_P_USD,2082.4
SVK,2021,P_F3_DIC_AUD_P_USD,86.1
SVK,2021,P_F3_DIC_CAD_P_USD,1.1
SVK,2021,P_F3_DIC_CHF_P_USD,157.4
SVK,2021,P_F3_DIC_CNY_P_USD,0
SVK,2021,P_F3_DIC_EUR_P_USD,39635.3
SVK,2021,P_F3_DIC_GBP_P_USD,175.6
SVK,2021,P_F3_DIC_JPY_P_USD,0
SVK,2021,P_F3_DIC_OTHC_P_USD,573.1
SVK,2021,P_F3_DIC_USD_P_USD,709
SVK,2021,P_F51_DIC_AUD_P_USD,1.1
SVK,2021,P_F51_DIC_CAD_P_USD,37.4
SVK,2021,P_F51_DIC_CHF_P_USD,32.8
SVK,2021,P_F51_DIC_CNY_P_USD,1.1
SVK,2021,P_F51_DIC_EUR_P_USD,13279.7
SVK,2021,P_F51_DIC_GBP_P_USD,29.4
SVK,2021,P_F51_DIC_JPY_P_USD,121.2
SVK,2021,P_F51_DIC_OTHC_P_USD,374.9
SVK,2021,P_F51_DIC_USD_P_USD,3071.6
SVK,2022,P_F3_DIC_AUD_P_USD,373.3
SVK,2022,P_F3_DIC_CAD_P_USD,1.1
SVK,2022,P_F3_DIC_CHF_P_USD,35.2
SVK,2022,P_F3_DIC_CNY_P_USD,0
SVK,2022,P_F3_DIC_EUR_P_USD,31815.6
SVK,2022,P_F3_DIC_GBP_P_USD,110.9
SVK,2022,P_F3_DIC_JPY_P_USD,0
SVK,2022,P_F3_DIC_OTHC_P_USD,536.5
SVK,2022,P_F3_DIC_USD_P_USD,617.6
SVK,2022,P_F51_DIC_AUD_P_USD,0
SVK,2022,P_F51_DIC_CAD_P_USD,25.6
SVK,2022,P_F51_DIC_CHF_P_USD,30.9
SVK,2022,P_F51_DIC_CNY_P_USD,3.2
SVK,2022,P_F51_DIC_EUR_P_USD,12060
SVK,2022,P_F51_DIC_GBP_P_USD,34.1
SVK,2022,P_F51_DIC_JPY_P_USD,76.8
SVK,2022,P_F51_DIC_OTHC_P_USD,285.8
SVK,2022,P_F51_DIC_USD_P_USD,2522.5
SVK,2023,P_F3_DIC_AUD_P_USD,400.3
SVK,2023,P_F3_DIC_CAD_P_USD,1.8
SVK,2023,P_F3_DIC_CHF_P_USD,41
SVK,2023,P_F3_DIC_CNY_P_USD,0
SVK,2023,P_F3_DIC_EUR_P_USD,33389.7
SVK,2023,P_F3_DIC_GBP_P_USD,150.1
SVK,2023,P_F3_DIC_JPY_P_USD,0
SVK,2023,P_F3_DIC_OTHC_P_USD,555
SVK,2023,P_F3_DIC_USD_P_USD,450.5
SVK,2023,P_F51_DIC_AUD_P_USD,0.7
SVK,2023,P_F51_DIC_CAD_P_USD,30.6
SVK,2023,P_F51_DIC_CHF_P_USD,40
SVK,2023,P_F51_DIC_CNY_P_USD,0.9
SVK,2023,P_F51_DIC_EUR_P_USD,17996.4
SVK,2023,P_F51_DIC_GBP_P_USD,38.2
SVK,2023,P_F51_DIC_JPY_P_USD,36.8
SVK,2023,P_F51_DIC_OTHC_P_USD,324.4
SVK,2023,P_F51_DIC_USD_P_USD,2497.2
SVK,2024,P_F3_DIC_AUD_P_USD,272.2
SVK,2024,P_F3_DIC_CAD_P_USD,1
SVK,2024,P_F3_DIC_CHF_P_USD,4.2
SVK,2024,P_F3_DIC_CNY_P_USD,0
SVK,2024,P_F3_DIC_EUR_P_USD,34202.7
SVK,2024,P_F3_DIC_GBP_P_USD,89.3
SVK,2024,P_F3_DIC_JPY_P_USD,0
SVK,2024,P_F3_DIC_OTHC_P_USD,718.9
SVK,2024,P_F3_DIC_USD_P_USD,485.2
SVK,2024,P_F51_DIC_AUD_P_USD,0
SVK,2024,P_F51_DIC_CAD_P_USD,32.2
SVK,2024,P_F51_DIC_CHF_P_USD,40.5
SVK,2024,P_F51_DIC_CNY_P_USD,1
SVK,2024,P_F51_DIC_EUR_P_USD,23780.4
SVK,2024,P_F51_DIC_GBP_P_USD,36.4
SVK,2024,P_F51_DIC_JPY_P_USD,33.2
SVK,2024,P_F51_DIC_OTHC_P_USD,357.4
SVK,2024,P_F51_DIC_USD_P_USD,3156.2
SWE,2015,P_F3_DIC_CHF_P_USD,179
SWE,2015,P_F3_DIC_EUR_P_USD,33389.6
SWE,2015,P_F3_DIC_GBP_P_USD,9572.1
SWE,2015,P_F3_DIC_JPY_P_USD,2.6
SWE,2015,P_F3_DIC_OTHC_P_USD,44737.7
SWE,2015,P_F3_DIC_USD_P_USD,39474
SWE,2016,P_F3_DIC_CHF_P_USD,109.7
SWE,2016,P_F3_DIC_EUR_P_USD,31796.5
SWE,2016,P_F3_DIC_GBP_P_USD,5158.8
SWE,2016,P_F3_DIC_JPY_P_USD,828.1
SWE,2016,P_F3_DIC_OTHC_P_USD,43453.6
SWE,2016,P_F3_DIC_USD_P_USD,40892.5
SWE,2017,P_F3_DIC_CHF_P_USD,94.5
SWE,2017,P_F3_DIC_EUR_P_USD,40703.9
SWE,2017,P_F3_DIC_GBP_P_USD,5945.3
SWE,2017,P_F3_DIC_JPY_P_USD,883.7
SWE,2017,P_F3_DIC_OTHC_P_USD,54714.2
SWE,2017,P_F3_DIC_USD_P_USD,44982.3
SWE,2018,P_F3_DIC_CHF_P_USD,28.7
SWE,2018,P_F3_DIC_EUR_P_USD,36278.3
SWE,2018,P_F3_DIC_GBP_P_USD,4727.2
SWE,2018,P_F3_DIC_JPY_P_USD,1001.7
SWE,2018,P_F3_DIC_OTHC_P_USD,50449.4
SWE,2018,P_F3_DIC_USD_P_USD,44254.1
SWE,2019,P_F3_DIC_AUD_P_USD,1512.5
SWE,2019,P_F3_DIC_CAD_P_USD,1506.1
SWE,2019,P_F3_DIC_CHF_P_USD,22.2
SWE,2019,P_F3_DIC_CNY_P_USD,769.5
SWE,2019,P_F3_DIC_EUR_P_USD,37927.6
SWE,2019,P_F3_DIC_GBP_P_USD,4350.7
SWE,2019,P_F3_DIC_JPY_P_USD,1596.4
SWE,2019,P_F3_DIC_OTHC_P_USD,51319.9
SWE,2019,P_F3_DIC_USD_P_USD,46555.4
SWE,2020,P_F3_DIC_AUD_P_USD,1409.9
SWE,2020,P_F3_DIC_CAD_P_USD,1485.1
SWE,2020,P_F3_DIC_CHF_P_USD,10
SWE,2020,P_F3_DIC_CNY_P_USD,499.4
SWE,2020,P_F3_DIC_EUR_P_USD,41820.9
SWE,2020,P_F3_DIC_GBP_P_USD,3428.1
SWE,2020,P_F3_DIC_JPY_P_USD,2132.5
SWE,2020,P_F3_DIC_OTHC_P_USD,64064.3
SWE,2020,P_F3_DIC_USD_P_USD,47853.4
SWE,2021,P_F3_DIC_AUD_P_USD,1166.9
SWE,2021,P_F3_DIC_CAD_P_USD,760.3
SWE,2021,P_F3_DIC_CHF_P_USD,6.1
SWE,2021,P_F3_DIC_CNY_P_USD,529.6
SWE,2021,P_F3_DIC_EUR_P_USD,41935.8
SWE,2021,P_F3_DIC_GBP_P_USD,3074.4
SWE,2021,P_F3_DIC_JPY_P_USD,4759.6
SWE,2021,P_F3_DIC_OTHC_P_USD,66290.6
SWE,2021,P_F3_DIC_USD_P_USD,49865.9
SWE,2022,P_F3_DIC_CAD_P_USD,516.9
SWE,2022,P_F3_DIC_EUR_P_USD,35323
SWE,2022,P_F3_DIC_GBP_P_USD,1929.8
SWE,2022,P_F3_DIC_JPY_P_USD,2234.7
SWE,2022,P_F3_DIC_OTHC_P_USD,49855.2
SWE,2022,P_F3_DIC_USD_P_USD,44419.8
SWE,2023,P_F3_DIC_AUD_P_USD,713.9
SWE,2023,P_F3_DIC_EUR_P_USD,42088.7
SWE,2023,P_F3_DIC_GBP_P_USD,2754
SWE,2023,P_F3_DIC_JPY_P_USD,1920.6
SWE,2023,P_F3_DIC_OTHC_P_USD,52398.4
SWE,2023,P_F3_DIC_USD_P_USD,45184.6
SWE,2024,P_F3_DIC_JPY_P_USD,3860.6
SWE,2024,P_F3_DIC_OTHC_P_USD,60170.1
SWE,2024,P_F3_DIC_USD_P_USD,45532.5
THA,2015,P_F3_DIC_CHF_P_USD,1.7
THA,2015,P_F3_DIC_EUR_P_USD,1328.1
THA,2015,P_F3_DIC_GBP_P_USD,226.7
THA,2015,P_F3_DIC_JPY_P_USD,1447.9
THA,2015,P_F3_DIC_OTHC_P_USD,8931.7
THA,2015,P_F3_DIC_USD_P_USD,13171.6
THA,2015,P_F51_DIC_CHF_P_USD,10.4
THA,2015,P_F51_DIC_EUR_P_USD,1298.4
THA,2015,P_F51_DIC_GBP_P_USD,41.5
THA,2015,P_F51_DIC_JPY_P_USD,1040.2
THA,2015,P_F51_DIC_OTHC_P_USD,2450.8
THA,2015,P_F51_DIC_USD_P_USD,9850.9
THA,2016,P_F3_DIC_AUD_P_USD,54.9
THA,2016,P_F3_DIC_CAD_P_USD,60.4
THA,2016,P_F3_DIC_CHF_P_USD,1.6
THA,2016,P_F3_DIC_CNY_P_USD,330.3
THA,2016,P_F3_DIC_EUR_P_USD,2902.1
THA,2016,P_F3_DIC_GBP_P_USD,365.4
THA,2016,P_F3_DIC_JPY_P_USD,2873.4
THA,2016,P_F3_DIC_OTHC_P_USD,3786
THA,2016,P_F3_DIC_USD_P_USD,11552.5
THA,2016,P_F51_DIC_AUD_P_USD,64.2
THA,2016,P_F51_DIC_CAD_P_USD,13.4
THA,2016,P_F51_DIC_CHF_P_USD,8.4
THA,2016,P_F51_DIC_CNY_P_USD,328.9
THA,2016,P_F51_DIC_EUR_P_USD,1131.4
THA,2016,P_F51_DIC_GBP_P_USD,95.7
THA,2016,P_F51_DIC_JPY_P_USD,995.6
THA,2016,P_F51_DIC_OTHC_P_USD,2286.1
THA,2016,P_F51_DIC_USD_P_USD,11806.1
THA,2017,P_F3_DIC_AUD_P_USD,125.9
THA,2017,P_F3_DIC_CAD_P_USD,63
THA,2017,P_F3_DIC_CHF_P_USD,4.1
THA,2017,P_F3_DIC_CNY_P_USD,239
THA,2017,P_F3_DIC_EUR_P_USD,3057.5
THA,2017,P_F3_DIC_GBP_P_USD,485
THA,2017,P_F3_DIC_JPY_P_USD,3052.9
THA,2017,P_F3_DIC_OTHC_P_USD,4913.3
THA,2017,P_F3_DIC_USD_P_USD,14615.5
THA,2017,P_F51_DIC_AUD_P_USD,77.9
THA,2017,P_F51_DIC_CAD_P_USD,26.8
THA,2017,P_F51_DIC_CHF_P_USD,42.8
THA,2017,P_F51_DIC_CNY_P_USD,460
THA,2017,P_F51_DIC_EUR_P_USD,2373.3
THA,2017,P_F51_DIC_GBP_P_USD,295.9
THA,2017,P_F51_DIC_JPY_P_USD,931.3
THA,2017,P_F51_DIC_OTHC_P_USD,3152.7
THA,2017,P_F51_DIC_USD_P_USD,19274.9
THA,2018,P_F3_DIC_AUD_P_USD,192.1
THA,2018,P_F3_DIC_CAD_P_USD,53.8
THA,2018,P_F3_DIC_CHF_P_USD,7.1
THA,2018,P_F3_DIC_CNY_P_USD,1496.5
THA,2018,P_F3_DIC_EUR_P_USD,2766
THA,2018,P_F3_DIC_GBP_P_USD,554.9
THA,2018,P_F3_DIC_JPY_P_USD,2886
THA,2018,P_F3_DIC_OTHC_P_USD,4651.6
THA,2018,P_F3_DIC_USD_P_USD,14169.7
THA,2018,P_F51_DIC_AUD_P_USD,105.7
THA,2018,P_F51_DIC_CAD_P_USD,22.2
THA,2018,P_F51_DIC_CHF_P_USD,38.4
THA,2018,P_F51_DIC_CNY_P_USD,615.9
THA,2018,P_F51_DIC_EUR_P_USD,1850.3
THA,2018,P_F51_DIC_GBP_P_USD,226.6
THA,2018,P_F51_DIC_JPY_P_USD,855.4
THA,2018,P_F51_DIC_OTHC_P_USD,4241.9
THA,2018,P_F51_DIC_USD_P_USD,17853.2
THA,2019,P_F3_DIC_AUD_P_USD,288.4
THA,2019,P_F3_DIC_CAD_P_USD,226
THA,2019,P_F3_DIC_CHF_P_USD,70.7
THA,2019,P_F3_DIC_CNY_P_USD,868.8
THA,2019,P_F3_DIC_EUR_P_USD,4138
THA,2019,P_F3_DIC_GBP_P_USD,1545
THA,2019,P_F3_DIC_JPY_P_USD,4584.8
THA,2019,P_F3_DIC_OTHC_P_USD,5028.6
THA,2019,P_F3_DIC_USD_P_USD,15486.8
THA,2019,P_F51_DIC_AUD_P_USD,198.2
THA,2019,P_F51_DIC_CAD_P_USD,27.9
THA,2019,P_F51_DIC_CHF_P_USD,68.8
THA,2019,P_F51_DIC_CNY_P_USD,377.4
THA,2019,P_F51_DIC_EUR_P_USD,2865.4
THA,2019,P_F51_DIC_GBP_P_USD,329
THA,2019,P_F51_DIC_JPY_P_USD,960.4
THA,2019,P_F51_DIC_OTHC_P_USD,5406.1
THA,2019,P_F51_DIC_USD_P_USD,27671.6
THA,2020,P_F3_DIC_AUD_P_USD,36.5
THA,2020,P_F3_DIC_CAD_P_USD,0
THA,2020,P_F3_DIC_CHF_P_USD,0.4
THA,2020,P_F3_DIC_CNY_P_USD,399.6
THA,2020,P_F3_DIC_EUR_P_USD,3236.2
THA,2020,P_F3_DIC_GBP_P_USD,251.2
THA,2020,P_F3_DIC_JPY_P_USD,3905.9
THA,2020,P_F3_DIC_OTHC_P_USD,3063.8
THA,2020,P_F3_DIC_USD_P_USD,15421
THA,2020,P_F51_DIC_AUD_P_USD,255.7
THA,2020,P_F51_DIC_CAD_P_USD,33.7
THA,2020,P_F51_DIC_CHF_P_USD,79.5
THA,2020,P_F51_DIC_CNY_P_USD,368.4
THA,2020,P_F51_DIC_EUR_P_USD,2431.8
THA,2020,P_F51_DIC_GBP_P_USD,879
THA,2020,P_F51_DIC_JPY_P_USD,719
THA,2020,P_F51_DIC_OTHC_P_USD,5454.9
THA,2020,P_F51_DIC_USD_P_USD,42874.6
THA,2021,P_F3_DIC_AUD_P_USD,44.2
THA,2021,P_F3_DIC_CAD_P_USD,3.1
THA,2021,P_F3_DIC_CHF_P_USD,0.1
THA,2021,P_F3_DIC_CNY_P_USD,81.6
THA,2021,P_F3_DIC_EUR_P_USD,2200
THA,2021,P_F3_DIC_GBP_P_USD,187
THA,2021,P_F3_DIC_JPY_P_USD,3298.8
THA,2021,P_F3_DIC_OTHC_P_USD,2666
THA,2021,P_F3_DIC_USD_P_USD,15183.6
THA,2021,P_F51_DIC_AUD_P_USD,328.9
THA,2021,P_F51_DIC_CAD_P_USD,29
THA,2021,P_F51_DIC_CHF_P_USD,93.4
THA,2021,P_F51_DIC_CNY_P_USD,574.7
THA,2021,P_F51_DIC_EUR_P_USD,2739.3
THA,2021,P_F51_DIC_GBP_P_USD,994.5
THA,2021,P_F51_DIC_JPY_P_USD,1018.3
THA,2021,P_F51_DIC_OTHC_P_USD,7808.5
THA,2021,P_F51_DIC_USD_P_USD,55709.2
THA,2022,P_F3_DIC_AUD_P_USD,95.7
THA,2022,P_F3_DIC_CAD_P_USD,0.4
THA,2022,P_F3_DIC_CHF_P_USD,4
THA,2022,P_F3_DIC_CNY_P_USD,98.6
THA,2022,P_F3_DIC_EUR_P_USD,2148.4
THA,2022,P_F3_DIC_GBP_P_USD,126.6
THA,2022,P_F3_DIC_JPY_P_USD,6215.9
THA,2022,P_F3_DIC_OTHC_P_USD,3776.2
THA,2022,P_F3_DIC_USD_P_USD,13301.5
THA,2022,P_F51_DIC_AUD_P_USD,248.8
THA,2022,P_F51_DIC_CAD_P_USD,23.5
THA,2022,P_F51_DIC_CHF_P_USD,61.8
THA,2022,P_F51_DIC_CNY_P_USD,457.7
THA,2022,P_F51_DIC_EUR_P_USD,1829.1
THA,2022,P_F51_DIC_GBP_P_USD,743
THA,2022,P_F51_DIC_JPY_P_USD,757.6
THA,2022,P_F51_DIC_OTHC_P_USD,5678.6
THA,2022,P_F51_DIC_USD_P_USD,46102.3
THA,2023,P_F3_DIC_AUD_P_USD,343.7
THA,2023,P_F3_DIC_CAD_P_USD,3.6
THA,2023,P_F3_DIC_CHF_P_USD,10.7
THA,2023,P_F3_DIC_CNY_P_USD,347.9
THA,2023,P_F3_DIC_EUR_P_USD,2250.6
THA,2023,P_F3_DIC_GBP_P_USD,195.6
THA,2023,P_F3_DIC_JPY_P_USD,5453.9
THA,2023,P_F3_DIC_OTHC_P_USD,3350
THA,2023,P_F3_DIC_USD_P_USD,15792.9
THA,2023,P_F51_DIC_AUD_P_USD,520.5
THA,2023,P_F51_DIC_CAD_P_USD,105.6
THA,2023,P_F51_DIC_CHF_P_USD,79
THA,2023,P_F51_DIC_CNY_P_USD,433.1
THA,2023,P_F51_DIC_EUR_P_USD,2226.9
THA,2023,P_F51_DIC_GBP_P_USD,787.9
THA,2023,P_F51_DIC_JPY_P_USD,648.1
THA,2023,P_F51_DIC_OTHC_P_USD,6510.8
THA,2023,P_F51_DIC_USD_P_USD,49694.4
THA,2024,P_F3_DIC_AUD_P_USD,336.5
THA,2024,P_F3_DIC_CAD_P_USD,23.3
THA,2024,P_F3_DIC_CHF_P_USD,6
THA,2024,P_F3_DIC_CNY_P_USD,3555.8
THA,2024,P_F3_DIC_EUR_P_USD,2753.4
THA,2024,P_F3_DIC_GBP_P_USD,186.3
THA,2024,P_F3_DIC_JPY_P_USD,6674.4
THA,2024,P_F3_DIC_OTHC_P_USD,3644.1
THA,2024,P_F3_DIC_USD_P_USD,17711.1
THA,2024,P_F51_DIC_AUD_P_USD,321.2
THA,2024,P_F51_DIC_CAD_P_USD,178.1
THA,2024,P_F51_DIC_CHF_P_USD,128.6
THA,2024,P_F51_DIC_CNY_P_USD,508.7
THA,2024,P_F51_DIC_EUR_P_USD,2262
THA,2024,P_F51_DIC_GBP_P_USD,755.6
THA,2024,P_F51_DIC_JPY_P_USD,610.7
THA,2024,P_F51_DIC_OTHC_P_USD,9188.6
THA,2024,P_F51_DIC_USD_P_USD,61283.8
TUR,2015,P_F3_DIC_CHF_P_USD,0
TUR,2015,P_F3_DIC_EUR_P_USD,134.1
TUR,2015,P_F3_DIC_GBP_P_USD,2.7
TUR,2015,P_F3_DIC_JPY_P_USD,0
TUR,2015,P_F3_DIC_OTHC_P_USD,5.7
TUR,2015,P_F3_DIC_USD_P_USD,836.7
TUR,2015,P_F51_DIC_CHF_P_USD,6.4
TUR,2015,P_F51_DIC_EUR_P_USD,114
TUR,2015,P_F51_DIC_GBP_P_USD,20.3
TUR,2015,P_F51_DIC_JPY_P_USD,0.3
TUR,2015,P_F51_DIC_OTHC_P_USD,15
TUR,2015,P_F51_DIC_USD_P_USD,441.1
TUR,2016,P_F3_DIC_CHF_P_USD,0
TUR,2016,P_F3_DIC_EUR_P_USD,44.8
TUR,2016,P_F3_DIC_GBP_P_USD,0.2
TUR,2016,P_F3_DIC_JPY_P_USD,0
TUR,2016,P_F3_DIC_OTHC_P_USD,2.3
TUR,2016,P_F3_DIC_USD_P_USD,739.4
TUR,2016,P_F51_DIC_CHF_P_USD,6.4
TUR,2016,P_F51_DIC_EUR_P_USD,51.1
TUR,2016,P_F51_DIC_GBP_P_USD,11.9
TUR,2016,P_F51_DIC_JPY_P_USD,0
TUR,2016,P_F51_DIC_OTHC_P_USD,23.4
TUR,2016,P_F51_DIC_USD_P_USD,403.8
TUR,2017,P_F3_DIC_AUD_P_USD,0
TUR,2017,P_F3_DIC_CAD_P_USD,0
TUR,2017,P_F3_DIC_CHF_P_USD,0
TUR,2017,P_F3_DIC_CNY_P_USD,0
TUR,2017,P_F3_DIC_EUR_P_USD,52.2
TUR,2017,P_F3_DIC_GBP_P_USD,3.2
TUR,2017,P_F3_DIC_JPY_P_USD,0
TUR,2017,P_F3_DIC_OTHC_P_USD,2.3
TUR,2017,P_F3_DIC_USD_P_USD,646.7
TUR,2017,P_F51_DIC_AUD_P_USD,0
TUR,2017,P_F51_DIC_CAD_P_USD,0
TUR,2017,P_F51_DIC_CHF_P_USD,5.7
TUR,2017,P_F51_DIC_CNY_P_USD,0
TUR,2017,P_F51_DIC_EUR_P_USD,43.6
TUR,2017,P_F51_DIC_GBP_P_USD,4.3
TUR,2017,P_F51_DIC_JPY_P_USD,1.8
TUR,2017,P_F51_DIC_OTHC_P_USD,33.8
TUR,2017,P_F51_DIC_USD_P_USD,358.2
TUR,2018,P_F3_DIC_AUD_P_USD,0
TUR,2018,P_F3_DIC_CAD_P_USD,0
TUR,2018,P_F3_DIC_CHF_P_USD,0
TUR,2018,P_F3_DIC_CNY_P_USD,0
TUR,2018,P_F3_DIC_EUR_P_USD,64.4
TUR,2018,P_F3_DIC_GBP_P_USD,3.5
TUR,2018,P_F3_DIC_JPY_P_USD,0
TUR,2018,P_F3_DIC_OTHC_P_USD,0.1
TUR,2018,P_F3_DIC_USD_P_USD,694.7
TUR,2018,P_F51_DIC_AUD_P_USD,0
TUR,2018,P_F51_DIC_CAD_P_USD,0
TUR,2018,P_F51_DIC_CHF_P_USD,5.2
TUR,2018,P_F51_DIC_CNY_P_USD,0
TUR,2018,P_F51_DIC_EUR_P_USD,43.7
TUR,2018,P_F51_DIC_GBP_P_USD,11.3
TUR,2018,P_F51_DIC_JPY_P_USD,1
TUR,2018,P_F51_DIC_OTHC_P_USD,12.3
TUR,2018,P_F51_DIC_USD_P_USD,306.9
TUR,2019,P_F3_DIC_AUD_P_USD,0.1
TUR,2019,P_F3_DIC_CAD_P_USD,0.1
TUR,2019,P_F3_DIC_CHF_P_USD,0
TUR,2019,P_F3_DIC_CNY_P_USD,0
TUR,2019,P_F3_DIC_EUR_P_USD,118.9
TUR,2019,P_F3_DIC_GBP_P_USD,4.3
TUR,2019,P_F3_DIC_JPY_P_USD,0
TUR,2019,P_F3_DIC_OTHC_P_USD,53
TUR,2019,P_F3_DIC_USD_P_USD,897.7
TUR,2019,P_F51_DIC_AUD_P_USD,0.5
TUR,2019,P_F51_DIC_CAD_P_USD,8
TUR,2019,P_F51_DIC_CHF_P_USD,5.3
TUR,2019,P_F51_DIC_CNY_P_USD,0
TUR,2019,P_F51_DIC_EUR_P_USD,68.7
TUR,2019,P_F51_DIC_GBP_P_USD,14
TUR,2019,P_F51_DIC_JPY_P_USD,0.2
TUR,2019,P_F51_DIC_OTHC_P_USD,17.8
TUR,2019,P_F51_DIC_USD_P_USD,406.3
TUR,2020,P_F3_DIC_AUD_P_USD,0.1
TUR,2020,P_F3_DIC_CAD_P_USD,0
TUR,2020,P_F3_DIC_CHF_P_USD,0
TUR,2020,P_F3_DIC_CNY_P_USD,0
TUR,2020,P_F3_DIC_EUR_P_USD,83.8
TUR,2020,P_F3_DIC_GBP_P_USD,4.3
TUR,2020,P_F3_DIC_JPY_P_USD,0
TUR,2020,P_F3_DIC_OTHC_P_USD,111.5
TUR,2020,P_F3_DIC_USD_P_USD,645
TUR,2020,P_F51_DIC_AUD_P_USD,0.6
TUR,2020,P_F51_DIC_CAD_P_USD,10
TUR,2020,P_F51_DIC_CHF_P_USD,2.3
TUR,2020,P_F51_DIC_CNY_P_USD,0
TUR,2020,P_F51_DIC_EUR_P_USD,119.4
TUR,2020,P_F51_DIC_GBP_P_USD,26.3
TUR,2020,P_F51_DIC_JPY_P_USD,0.3
TUR,2020,P_F51_DIC_OTHC_P_USD,11.2
TUR,2020,P_F51_DIC_USD_P_USD,886
TUR,2021,P_F3_DIC_AUD_P_USD,0.1
TUR,2021,P_F3_DIC_CAD_P_USD,0
TUR,2021,P_F3_DIC_CHF_P_USD,0
TUR,2021,P_F3_DIC_CNY_P_USD,58.9
TUR,2021,P_F3_DIC_EUR_P_USD,64.1
TUR,2021,P_F3_DIC_GBP_P_USD,3.5
TUR,2021,P_F3_DIC_JPY_P_USD,0
TUR,2021,P_F3_DIC_OTHC_P_USD,136.2
TUR,2021,P_F3_DIC_USD_P_USD,581.6
TUR,2021,P_F51_DIC_AUD_P_USD,1.9
TUR,2021,P_F51_DIC_CAD_P_USD,11.4
TUR,2021,P_F51_DIC_CHF_P_USD,3.2
TUR,2021,P_F51_DIC_CNY_P_USD,0
TUR,2021,P_F51_DIC_EUR_P_USD,196.9
TUR,2021,P_F51_DIC_GBP_P_USD,52.5
TUR,2021,P_F51_DIC_JPY_P_USD,0.3
TUR,2021,P_F51_DIC_OTHC_P_USD,14.9
TUR,2021,P_F51_DIC_USD_P_USD,1187.3
TUR,2022,P_F3_DIC_AUD_P_USD,0.1
TUR,2022,P_F3_DIC_CAD_P_USD,0
TUR,2022,P_F3_DIC_CHF_P_USD,0
TUR,2022,P_F3_DIC_CNY_P_USD,2.2
TUR,2022,P_F3_DIC_EUR_P_USD,134.3
TUR,2022,P_F3_DIC_GBP_P_USD,6
TUR,2022,P_F3_DIC_JPY_P_USD,0
TUR,2022,P_F3_DIC_OTHC_P_USD,83.5
TUR,2022,P_F3_DIC_USD_P_USD,1356.8
TUR,2022,P_F51_DIC_AUD_P_USD,1.4
TUR,2022,P_F51_DIC_CAD_P_USD,5
TUR,2022,P_F51_DIC_CHF_P_USD,2.6
TUR,2022,P_F51_DIC_CNY_P_USD,0
TUR,2022,P_F51_DIC_EUR_P_USD,92.1
TUR,2022,P_F51_DIC_GBP_P_USD,22.4
TUR,2022,P_F51_DIC_JPY_P_USD,0
TUR,2022,P_F51_DIC_OTHC_P_USD,14
TUR,2022,P_F51_DIC_USD_P_USD,1039.6
TUR,2023,P_F3_DIC_AUD_P_USD,0.1
TUR,2023,P_F3_DIC_CAD_P_USD,0
TUR,2023,P_F3_DIC_CHF_P_USD,0
TUR,2023,P_F3_DIC_CNY_P_USD,0
TUR,2023,P_F3_DIC_EUR_P_USD,232.4
TUR,2023,P_F3_DIC_GBP_P_USD,10.3
TUR,2023,P_F3_DIC_JPY_P_USD,0
TUR,2023,P_F3_DIC_OTHC_P_USD,48.3
TUR,2023,P_F3_DIC_USD_P_USD,1368.1
TUR,2023,P_F51_DIC_AUD_P_USD,1.1
TUR,2023,P_F51_DIC_CAD_P_USD,6.5
TUR,2023,P_F51_DIC_CHF_P_USD,3.5
TUR,2023,P_F51_DIC_CNY_P_USD,0
TUR,2023,P_F51_DIC_EUR_P_USD,111.5
TUR,2023,P_F51_DIC_GBP_P_USD,29.4
TUR,2023,P_F51_DIC_JPY_P_USD,0
TUR,2023,P_F51_DIC_OTHC_P_USD,8.8
TUR,2023,P_F51_DIC_USD_P_USD,1126.6
TUR,2024,P_F3_DIC_AUD_P_USD,0
TUR,2024,P_F3_DIC_CAD_P_USD,0
TUR,2024,P_F3_DIC_CHF_P_USD,0
TUR,2024,P_F3_DIC_CNY_P_USD,0
TUR,2024,P_F3_DIC_EUR_P_USD,261.6
TUR,2024,P_F3_DIC_GBP_P_USD,124.7
TUR,2024,P_F3_DIC_JPY_P_USD,0
TUR,2024,P_F3_DIC_OTHC_P_USD,7.6
TUR,2024,P_F3_DIC_USD_P_USD,1431.7
TUR,2024,P_F51_DIC_AUD_P_USD,0.6
TUR,2024,P_F51_DIC_CAD_P_USD,7.8
TUR,2024,P_F51_DIC_CHF_P_USD,7.5
TUR,2024,P_F51_DIC_CNY_P_USD,0
TUR,2024,P_F51_DIC_EUR_P_USD,109.1
TUR,2024,P_F51_DIC_GBP_P_USD,16.1
TUR,2024,P_F51_DIC_JPY_P_USD,0
TUR,2024,P_F51_DIC_OTHC_P_USD,11.9
TUR,2024,P_F51_DIC_USD_P_USD,1986.7
UKR,2015,P_F3_DIC_GBP_P_USD,32.5
UKR,2015,P_F3_DIC_OTHC_P_USD,0
UKR,2015,P_F3_DIC_USD_P_USD,66
UKR,2015,P_F51_DIC_OTHC_P_USD,2.3
UKR,2015,P_F51_DIC_USD_P_USD,72.2
UKR,2016,P_F3_DIC_GBP_P_USD,27.2
UKR,2016,P_F3_DIC_OTHC_P_USD,0
UKR,2016,P_F3_DIC_USD_P_USD,66.1
UKR,2016,P_F51_DIC_OTHC_P_USD,2.4
UKR,2017,P_F3_DIC_EUR_P_USD,0
UKR,2017,P_F3_DIC_GBP_P_USD,29.8
UKR,2017,P_F3_DIC_USD_P_USD,67
UKR,2017,P_F51_DIC_EUR_P_USD,1.2
UKR,2018,P_F3_DIC_EUR_P_USD,0
UKR,2018,P_F3_DIC_GBP_P_USD,28.2
UKR,2018,P_F3_DIC_OTHC_P_USD,0
UKR,2018,P_F3_DIC_USD_P_USD,94.3
UKR,2018,P_F51_DIC_EUR_P_USD,0.5
UKR,2018,P_F51_DIC_OTHC_P_USD,4.5
UKR,2018,P_F51_DIC_USD_P_USD,1.1
UKR,2019,P_F3_DIC_CHF_P_USD,1
UKR,2019,P_F3_DIC_EUR_P_USD,0
UKR,2019,P_F3_DIC_GBP_P_USD,29
UKR,2019,P_F3_DIC_OTHC_P_USD,0
UKR,2019,P_F3_DIC_USD_P_USD,485.7
UKR,2019,P_F51_DIC_EUR_P_USD,7.5
UKR,2019,P_F51_DIC_OTHC_P_USD,5.9
UKR,2019,P_F51_DIC_USD_P_USD,16.6
UKR,2020,P_F3_DIC_EUR_P_USD,1.7
UKR,2020,P_F3_DIC_GBP_P_USD,30.2
UKR,2020,P_F3_DIC_OTHC_P_USD,1.8
UKR,2020,P_F3_DIC_USD_P_USD,558.7
UKR,2020,P_F51_DIC_EUR_P_USD,20.9
UKR,2020,P_F51_DIC_GBP_P_USD,0
UKR,2020,P_F51_DIC_USD_P_USD,90
UKR,2021,P_F3_DIC_EUR_P_USD,11.8
UKR,2021,P_F3_DIC_GBP_P_USD,29.9
UKR,2021,P_F3_DIC_OTHC_P_USD,2.3
UKR,2021,P_F3_DIC_USD_P_USD,256.3
UKR,2021,P_F51_DIC_EUR_P_USD,25.5
UKR,2021,P_F51_DIC_USD_P_USD,290.3
UKR,2022,P_F3_DIC_CAD_P_USD,0.1
UKR,2022,P_F3_DIC_EUR_P_USD,15.8
UKR,2022,P_F3_DIC_GBP_P_USD,26.8
UKR,2022,P_F3_DIC_OTHC_P_USD,4
UKR,2022,P_F3_DIC_USD_P_USD,862
UKR,2022,P_F51_DIC_EUR_P_USD,30
UKR,2022,P_F51_DIC_GBP_P_USD,0
UKR,2022,P_F51_DIC_OTHC_P_USD,1.6
UKR,2022,P_F51_DIC_USD_P_USD,340.6
UKR,2023,P_F3_DIC_CAD_P_USD,0.2
UKR,2023,P_F3_DIC_CHF_P_USD,0
UKR,2023,P_F3_DIC_EUR_P_USD,496
UKR,2023,P_F3_DIC_GBP_P_USD,28.3
UKR,2023,P_F3_DIC_USD_P_USD,2644.7
UKR,2023,P_F51_DIC_CHF_P_USD,0.6
UKR,2023,P_F51_DIC_EUR_P_USD,23
UKR,2023,P_F51_DIC_USD_P_USD,365.9
UKR,2024,P_F3_DIC_CAD_P_USD,0.1
UKR,2024,P_F3_DIC_CHF_P_USD,0
UKR,2024,P_F3_DIC_EUR_P_USD,807
UKR,2024,P_F3_DIC_GBP_P_USD,28
UKR,2024,P_F3_DIC_OTHC_P_USD,0
UKR,2024,P_F3_DIC_USD_P_USD,3110.8
UKR,2024,P_F51_DIC_CHF_P_USD,0.6
UKR,2024,P_F51_DIC_EUR_P_USD,23.5
UKR,2024,P_F51_DIC_OTHC_P_USD,0
UKR,2024,P_F51_DIC_USD_P_USD,345.9
URY,2015,P_F3_DIC_AUD_P_USD,1
URY,2015,P_F3_DIC_CAD_P_USD,0.1
URY,2015,P_F3_DIC_CHF_P_USD,0
URY,2015,P_F3_DIC_CNY_P_USD,0
URY,2015,P_F3_DIC_EUR_P_USD,59.1
URY,2015,P_F3_DIC_GBP_P_USD,3.3
URY,2015,P_F3_DIC_JPY_P_USD,0
URY,2015,P_F3_DIC_OTHC_P_USD,419
URY,2015,P_F3_DIC_USD_P_USD,9036.2
URY,2015,P_F51_DIC_AUD_P_USD,0.1
URY,2015,P_F51_DIC_CAD_P_USD,0.3
URY,2015,P_F51_DIC_CHF_P_USD,0.2
URY,2015,P_F51_DIC_CNY_P_USD,0
URY,2015,P_F51_DIC_EUR_P_USD,31.7
URY,2015,P_F51_DIC_GBP_P_USD,1
URY,2015,P_F51_DIC_JPY_P_USD,0
URY,2015,P_F51_DIC_OTHC_P_USD,0.2
URY,2015,P_F51_DIC_USD_P_USD,1335
URY,2016,P_F3_DIC_AUD_P_USD,1
URY,2016,P_F3_DIC_CAD_P_USD,0.1
URY,2016,P_F3_DIC_CHF_P_USD,0
URY,2016,P_F3_DIC_CNY_P_USD,0
URY,2016,P_F3_DIC_EUR_P_USD,15.5
URY,2016,P_F3_DIC_GBP_P_USD,2.5
URY,2016,P_F3_DIC_JPY_P_USD,0
URY,2016,P_F3_DIC_OTHC_P_USD,429.1
URY,2016,P_F3_DIC_USD_P_USD,9935.5
URY,2016,P_F51_DIC_AUD_P_USD,0
URY,2016,P_F51_DIC_CAD_P_USD,0
URY,2016,P_F51_DIC_CHF_P_USD,0.1
URY,2016,P_F51_DIC_CNY_P_USD,0
URY,2016,P_F51_DIC_EUR_P_USD,21.2
URY,2016,P_F51_DIC_GBP_P_USD,1
URY,2016,P_F51_DIC_JPY_P_USD,0
URY,2016,P_F51_DIC_OTHC_P_USD,0.4
URY,2016,P_F51_DIC_USD_P_USD,969.8
URY,2017,P_F3_DIC_CHF_P_USD,1.9
URY,2017,P_F3_DIC_EUR_P_USD,21.4
URY,2017,P_F3_DIC_GBP_P_USD,2.1
URY,2017,P_F3_DIC_JPY_P_USD,0
URY,2017,P_F3_DIC_OTHC_P_USD,1136.3
URY,2017,P_F3_DIC_USD_P_USD,7824.3
URY,2017,P_F51_DIC_CHF_P_USD,0
URY,2017,P_F51_DIC_EUR_P_USD,5.4
URY,2017,P_F51_DIC_GBP_P_USD,1
URY,2017,P_F51_DIC_JPY_P_USD,0
URY,2017,P_F51_DIC_OTHC_P_USD,39.7
URY,2017,P_F51_DIC_USD_P_USD,1178.6
URY,2018,P_F3_DIC_AUD_P_USD,0.4
URY,2018,P_F3_DIC_CAD_P_USD,0.1
URY,2018,P_F3_DIC_CHF_P_USD,0.1
URY,2018,P_F3_DIC_CNY_P_USD,0
URY,2018,P_F3_DIC_EUR_P_USD,26.2
URY,2018,P_F3_DIC_GBP_P_USD,2
URY,2018,P_F3_DIC_JPY_P_USD,0
URY,2018,P_F3_DIC_OTHC_P_USD,538.1
URY,2018,P_F3_DIC_USD_P_USD,7853.6
URY,2018,P_F51_DIC_AUD_P_USD,0
URY,2018,P_F51_DIC_CAD_P_USD,0.2
URY,2018,P_F51_DIC_CHF_P_USD,0.1
URY,2018,P_F51_DIC_CNY_P_USD,0
URY,2018,P_F51_DIC_EUR_P_USD,20.7
URY,2018,P_F51_DIC_GBP_P_USD,6.3
URY,2018,P_F51_DIC_JPY_P_USD,0
URY,2018,P_F51_DIC_OTHC_P_USD,4.7
URY,2018,P_F51_DIC_USD_P_USD,1000
URY,2019,P_F3_DIC_AUD_P_USD,0.3
URY,2019,P_F3_DIC_CAD_P_USD,0.1
URY,2019,P_F3_DIC_CHF_P_USD,1
URY,2019,P_F3_DIC_CNY_P_USD,0
URY,2019,P_F3_DIC_EUR_P_USD,31.2
URY,2019,P_F3_DIC_GBP_P_USD,3.4
URY,2019,P_F3_DIC_JPY_P_USD,0
URY,2019,P_F3_DIC_OTHC_P_USD,1421.9
URY,2019,P_F3_DIC_USD_P_USD,9207.4
URY,2019,P_F51_DIC_AUD_P_USD,0
URY,2019,P_F51_DIC_CAD_P_USD,0
URY,2019,P_F51_DIC_CHF_P_USD,0.7
URY,2019,P_F51_DIC_CNY_P_USD,0
URY,2019,P_F51_DIC_EUR_P_USD,25.6
URY,2019,P_F51_DIC_GBP_P_USD,116.1
URY,2019,P_F51_DIC_JPY_P_USD,0
URY,2019,P_F51_DIC_OTHC_P_USD,5
URY,2019,P_F51_DIC_USD_P_USD,1249.8
URY,2020,P_F3_DIC_AUD_P_USD,0.2
URY,2020,P_F3_DIC_CAD_P_USD,0
URY,2020,P_F3_DIC_CHF_P_USD,0
URY,2020,P_F3_DIC_CNY_P_USD,0
URY,2020,P_F3_DIC_EUR_P_USD,16.7
URY,2020,P_F3_DIC_GBP_P_USD,11.4
URY,2020,P_F3_DIC_JPY_P_USD,0
URY,2020,P_F3_DIC_OTHC_P_USD,2946.2
URY,2020,P_F3_DIC_USD_P_USD,13022.8
URY,2020,P_F51_DIC_AUD_P_USD,0
URY,2020,P_F51_DIC_CAD_P_USD,0
URY,2020,P_F51_DIC_CHF_P_USD,0.2
URY,2020,P_F51_DIC_CNY_P_USD,0
URY,2020,P_F51_DIC_EUR_P_USD,129.4
URY,2020,P_F51_DIC_GBP_P_USD,20.8
URY,2020,P_F51_DIC_JPY_P_USD,0
URY,2020,P_F51_DIC_OTHC_P_USD,1.9
URY,2020,P_F51_DIC_USD_P_USD,2043
URY,2021,P_F3_DIC_AUD_P_USD,0.2
URY,2021,P_F3_DIC_CAD_P_USD,0
URY,2021,P_F3_DIC_CHF_P_USD,0
URY,2021,P_F3_DIC_CNY_P_USD,0
URY,2021,P_F3_DIC_EUR_P_USD,21.7
URY,2021,P_F3_DIC_GBP_P_USD,11.9
URY,2021,P_F3_DIC_JPY_P_USD,0
URY,2021,P_F3_DIC_OTHC_P_USD,3144.9
URY,2021,P_F3_DIC_USD_P_USD,11179.8
URY,2021,P_F51_DIC_AUD_P_USD,0
URY,2021,P_F51_DIC_CAD_P_USD,2.1
URY,2021,P_F51_DIC_CHF_P_USD,0.7
URY,2021,P_F51_DIC_CNY_P_USD,0
URY,2021,P_F51_DIC_EUR_P_USD,85.1
URY,2021,P_F51_DIC_GBP_P_USD,21.6
URY,2021,P_F51_DIC_JPY_P_USD,0
URY,2021,P_F51_DIC_OTHC_P_USD,0.1
URY,2021,P_F51_DIC_USD_P_USD,2204.5
URY,2022,P_F3_DIC_AUD_P_USD,0.2
URY,2022,P_F3_DIC_CAD_P_USD,0
URY,2022,P_F3_DIC_CHF_P_USD,1
URY,2022,P_F3_DIC_CNY_P_USD,0
URY,2022,P_F3_DIC_EUR_P_USD,14.4
URY,2022,P_F3_DIC_GBP_P_USD,0.7
URY,2022,P_F3_DIC_JPY_P_USD,0
URY,2022,P_F3_DIC_OTHC_P_USD,2558.2
URY,2022,P_F3_DIC_USD_P_USD,13560.7
URY,2022,P_F51_DIC_AUD_P_USD,0
URY,2022,P_F51_DIC_CAD_P_USD,0
URY,2022,P_F51_DIC_CHF_P_USD,0.2
URY,2022,P_F51_DIC_CNY_P_USD,0
URY,2022,P_F51_DIC_EUR_P_USD,128.4
URY,2022,P_F51_DIC_GBP_P_USD,1.9
URY,2022,P_F51_DIC_JPY_P_USD,0
URY,2022,P_F51_DIC_OTHC_P_USD,3.7
URY,2022,P_F51_DIC_USD_P_USD,2050.3
URY,2023,P_F3_DIC_AUD_P_USD,0.1
URY,2023,P_F3_DIC_CAD_P_USD,0
URY,2023,P_F3_DIC_CHF_P_USD,1.2
URY,2023,P_F3_DIC_CNY_P_USD,0
URY,2023,P_F3_DIC_EUR_P_USD,32.6
URY,2023,P_F3_DIC_GBP_P_USD,1.5
URY,2023,P_F3_DIC_JPY_P_USD,0
URY,2023,P_F3_DIC_OTHC_P_USD,2920.5
URY,2023,P_F3_DIC_USD_P_USD,15317.6
URY,2023,P_F51_DIC_AUD_P_USD,0
URY,2023,P_F51_DIC_CAD_P_USD,0.2
URY,2023,P_F51_DIC_CHF_P_USD,0.3
URY,2023,P_F51_DIC_CNY_P_USD,0
URY,2023,P_F51_DIC_EUR_P_USD,66.4
URY,2023,P_F51_DIC_GBP_P_USD,3.6
URY,2023,P_F51_DIC_JPY_P_USD,0
URY,2023,P_F51_DIC_OTHC_P_USD,2.2
URY,2023,P_F51_DIC_USD_P_USD,3169.2
URY,2024,P_F3_DIC_AUD_P_USD,0.1
URY,2024,P_F3_DIC_CAD_P_USD,0
URY,2024,P_F3_DIC_CHF_P_USD,1
URY,2024,P_F3_DIC_CNY_P_USD,0
URY,2024,P_F3_DIC_EUR_P_USD,61.8
URY,2024,P_F3_DIC_GBP_P_USD,0.6
URY,2024,P_F3_DIC_JPY_P_USD,0
URY,2024,P_F3_DIC_OTHC_P_USD,1192.1
URY,2024,P_F3_DIC_USD_P_USD,15995.7
URY,2024,P_F51_DIC_AUD_P_USD,0
URY,2024,P_F51_DIC_CAD_P_USD,0.2
URY,2024,P_F51_DIC_CHF_P_USD,0.3
URY,2024,P_F51_DIC_CNY_P_USD,0
URY,2024,P_F51_DIC_EUR_P_USD,25.9
URY,2024,P_F51_DIC_GBP_P_USD,3.4
URY,2024,P_F51_DIC_JPY_P_USD,0
URY,2024,P_F51_DIC_OTHC_P_USD,2.3
URY,2024,P_F51_DIC_USD_P_USD,2392.7
USA,2015,P_F3_DIC_CHF_P_USD,3969.4
USA,2015,P_F3_DIC_EUR_P_USD,183502
USA,2015,P_F3_DIC_GBP_P_USD,84090.6
USA,2015,P_F3_DIC_JPY_P_USD,75333
USA,2015,P_F3_DIC_OTHC_P_USD,261442.6
USA,2015,P_F3_DIC_USD_P_USD,2068587.1
USA,2016,P_F3_DIC_AUD_P_USD,17597
USA,2016,P_F3_DIC_CAD_P_USD,68414
USA,2016,P_F3_DIC_CHF_P_USD,4276
USA,2016,P_F3_DIC_CNY_P_USD,1142
USA,2016,P_F3_DIC_EUR_P_USD,165520
USA,2016,P_F3_DIC_GBP_P_USD,80160
USA,2016,P_F3_DIC_JPY_P_USD,110054
USA,2016,P_F3_DIC_OTHC_P_USD,170333
USA,2016,P_F3_DIC_USD_P_USD,2106151
USA,2017,P_F3_DIC_AUD_P_USD,18332
USA,2017,P_F3_DIC_CAD_P_USD,79355
USA,2017,P_F3_DIC_CHF_P_USD,9522
USA,2017,P_F3_DIC_CNY_P_USD,1311
USA,2017,P_F3_DIC_EUR_P_USD,240150
USA,2017,P_F3_DIC_GBP_P_USD,106539
USA,2017,P_F3_DIC_JPY_P_USD,150420
USA,2017,P_F3_DIC_OTHC_P_USD,210108
USA,2017,P_F3_DIC_USD_P_USD,2457940
USA,2018,P_F3_DIC_AUD_P_USD,16221
USA,2018,P_F3_DIC_CAD_P_USD,70270
USA,2018,P_F3_DIC_CHF_P_USD,6816
USA,2018,P_F3_DIC_CNY_P_USD,2241
USA,2018,P_F3_DIC_EUR_P_USD,250082
USA,2018,P_F3_DIC_GBP_P_USD,110420
USA,2018,P_F3_DIC_JPY_P_USD,150876
USA,2018,P_F3_DIC_OTHC_P_USD,168616
USA,2018,P_F3_DIC_USD_P_USD,2607181
USA,2019,P_F3_DIC_AUD_P_USD,18135
USA,2019,P_F3_DIC_CAD_P_USD,82939
USA,2019,P_F3_DIC_CHF_P_USD,7496
USA,2019,P_F3_DIC_CNY_P_USD,11307
USA,2019,P_F3_DIC_EUR_P_USD,281341
USA,2019,P_F3_DIC_GBP_P_USD,137001
USA,2019,P_F3_DIC_JPY_P_USD,131363
USA,2019,P_F3_DIC_OTHC_P_USD,160045
USA,2019,P_F3_DIC_USD_P_USD,2767451
USA,2020,P_F3_DIC_AUD_P_USD,19272
USA,2020,P_F3_DIC_CAD_P_USD,88710
USA,2020,P_F3_DIC_CHF_P_USD,8101
USA,2020,P_F3_DIC_CNY_P_USD,12021
USA,2020,P_F3_DIC_EUR_P_USD,312129
USA,2020,P_F3_DIC_GBP_P_USD,146408
USA,2020,P_F3_DIC_JPY_P_USD,143198
USA,2020,P_F3_DIC_OTHC_P_USD,171672
USA,2020,P_F3_DIC_USD_P_USD,2966363
USA,2021,P_F3_DIC_AUD_P_USD,29153
USA,2021,P_F3_DIC_CAD_P_USD,103475
USA,2021,P_F3_DIC_CHF_P_USD,5229
USA,2021,P_F3_DIC_CNY_P_USD,29971
USA,2021,P_F3_DIC_EUR_P_USD,304389
USA,2021,P_F3_DIC_GBP_P_USD,130057
USA,2021,P_F3_DIC_JPY_P_USD,127126
USA,2021,P_F3_DIC_OTHC_P_USD,136493
USA,2021,P_F3_DIC_USD_P_USD,3379554
USA,2022,P_F3_DIC_AUD_P_USD,24878
USA,2022,P_F3_DIC_CAD_P_USD,57718
USA,2022,P_F3_DIC_CHF_P_USD,4257
USA,2022,P_F3_DIC_CNY_P_USD,13491
USA,2022,P_F3_DIC_EUR_P_USD,284875
USA,2022,P_F3_DIC_GBP_P_USD,115644
USA,2022,P_F3_DIC_JPY_P_USD,140425
USA,2022,P_F3_DIC_OTHC_P_USD,111708
USA,2022,P_F3_DIC_USD_P_USD,2967665
USA,2023,P_F3_DIC_AUD_P_USD,27418
USA,2023,P_F3_DIC_CAD_P_USD,91965
USA,2023,P_F3_DIC_CHF_P_USD,5029
USA,2023,P_F3_DIC_CNY_P_USD,13369
USA,2023,P_F3_DIC_EUR_P_USD,324493
USA,2023,P_F3_DIC_GBP_P_USD,116536
USA,2023,P_F3_DIC_JPY_P_USD,121132
USA,2023,P_F3_DIC_OTHC_P_USD,124776
USA,2023,P_F3_DIC_USD_P_USD,3018778
USA,2024,P_F3_DIC_AUD_P_USD,26920
USA,2024,P_F3_DIC_CAD_P_USD,89680
USA,2024,P_F3_DIC_CHF_P_USD,5058
USA,2024,P_F3_DIC_CNY_P_USD,13042
USA,2024,P_F3_DIC_EUR_P_USD,323724
USA,2024,P_F3_DIC_GBP_P_USD,113644
USA,2024,P_F3_DIC_JPY_P_USD,118985
USA,2024,P_F3_DIC_OTHC_P_USD,121634
USA,2024,P_F3_DIC_USD_P_USD,2948208
VEN,2015,P_F3_DIC_CHF_P_USD,58
VEN,2015,P_F3_DIC_EUR_P_USD,51
VEN,2015,P_F3_DIC_GBP_P_USD,0
VEN,2015,P_F3_DIC_JPY_P_USD,0
VEN,2015,P_F3_DIC_OTHC_P_USD,0
VEN,2015,P_F3_DIC_USD_P_USD,5124
VEN,2015,P_F51_DIC_CHF_P_USD,0
VEN,2015,P_F51_DIC_EUR_P_USD,0
VEN,2015,P_F51_DIC_GBP_P_USD,0
VEN,2015,P_F51_DIC_JPY_P_USD,0
VEN,2015,P_F51_DIC_OTHC_P_USD,0
VEN,2015,P_F51_DIC_USD_P_USD,37
VEN,2016,P_F3_DIC_CHF_P_USD,59
VEN,2016,P_F3_DIC_EUR_P_USD,53
VEN,2016,P_F3_DIC_USD_P_USD,4176
VEN,2016,P_F51_DIC_CHF_P_USD,0
VEN,2016,P_F51_DIC_EUR_P_USD,0
VEN,2016,P_F51_DIC_USD_P_USD,29
VEN,2017,P_F3_DIC_CHF_P_USD,58
VEN,2017,P_F3_DIC_EUR_P_USD,59
VEN,2017,P_F3_DIC_USD_P_USD,3187
VEN,2017,P_F51_DIC_CHF_P_USD,0
VEN,2017,P_F51_DIC_EUR_P_USD,0
VEN,2017,P_F51_DIC_USD_P_USD,29
ZAF,2015,P_F3_DIC_CHF_P_USD,753.4
ZAF,2015,P_F3_DIC_EUR_P_USD,504
ZAF,2015,P_F3_DIC_GBP_P_USD,777.5
ZAF,2015,P_F3_DIC_JPY_P_USD,427.7
ZAF,2015,P_F3_DIC_OTHC_P_USD,1188.8
ZAF,2015,P_F3_DIC_USD_P_USD,4764.7
ZAF,2015,P_F51_DIC_CHF_P_USD,419.9
ZAF,2015,P_F51_DIC_EUR_P_USD,6148.8
ZAF,2015,P_F51_DIC_GBP_P_USD,7216.4
ZAF,2015,P_F51_DIC_JPY_P_USD,1623.5
ZAF,2015,P_F51_DIC_OTHC_P_USD,71480.2
ZAF,2015,P_F51_DIC_USD_P_USD,51464.3
ZAF,2016,P_F3_DIC_CHF_P_USD,401.3
ZAF,2016,P_F3_DIC_EUR_P_USD,553.7
ZAF,2016,P_F3_DIC_GBP_P_USD,1014
ZAF,2016,P_F3_DIC_JPY_P_USD,407
ZAF,2016,P_F3_DIC_OTHC_P_USD,2436.1
ZAF,2016,P_F3_DIC_USD_P_USD,3245.9
ZAF,2016,P_F51_DIC_CHF_P_USD,380.6
ZAF,2016,P_F51_DIC_EUR_P_USD,3340.9
ZAF,2016,P_F51_DIC_GBP_P_USD,7130.9
ZAF,2016,P_F51_DIC_JPY_P_USD,746.5
ZAF,2016,P_F51_DIC_OTHC_P_USD,78740.3
ZAF,2016,P_F51_DIC_USD_P_USD,56485.9
ZAF,2017,P_F3_DIC_AUD_P_USD,0
ZAF,2017,P_F3_DIC_CAD_P_USD,0
ZAF,2017,P_F3_DIC_CHF_P_USD,309.4
ZAF,2017,P_F3_DIC_CNY_P_USD,0
ZAF,2017,P_F3_DIC_EUR_P_USD,459.8
ZAF,2017,P_F3_DIC_GBP_P_USD,605.3
ZAF,2017,P_F3_DIC_JPY_P_USD,312.8
ZAF,2017,P_F3_DIC_OTHC_P_USD,3618.4
ZAF,2017,P_F3_DIC_USD_P_USD,3261.9
ZAF,2017,P_F51_DIC_AUD_P_USD,749.6
ZAF,2017,P_F51_DIC_CAD_P_USD,836.1
ZAF,2017,P_F51_DIC_CHF_P_USD,1005
ZAF,2017,P_F51_DIC_CNY_P_USD,767.3
ZAF,2017,P_F51_DIC_EUR_P_USD,4230.8
ZAF,2017,P_F51_DIC_GBP_P_USD,3564.4
ZAF,2017,P_F51_DIC_JPY_P_USD,1555.6
ZAF,2017,P_F51_DIC_OTHC_P_USD,95247.9
ZAF,2017,P_F51_DIC_USD_P_USD,65515.7
ZAF,2018,P_F3_DIC_AUD_P_USD,0
ZAF,2018,P_F3_DIC_CAD_P_USD,0
ZAF,2018,P_F3_DIC_CHF_P_USD,0
ZAF,2018,P_F3_DIC_CNY_P_USD,0
ZAF,2018,P_F3_DIC_EUR_P_USD,1106
ZAF,2018,P_F3_DIC_GBP_P_USD,1287
ZAF,2018,P_F3_DIC_JPY_P_USD,2
ZAF,2018,P_F3_DIC_OTHC_P_USD,3200.3
ZAF,2018,P_F3_DIC_USD_P_USD,3969
ZAF,2018,P_F51_DIC_AUD_P_USD,30.4
ZAF,2018,P_F51_DIC_CAD_P_USD,120.9
ZAF,2018,P_F51_DIC_CHF_P_USD,215.3
ZAF,2018,P_F51_DIC_CNY_P_USD,333.2
ZAF,2018,P_F51_DIC_EUR_P_USD,2661.4
ZAF,2018,P_F51_DIC_GBP_P_USD,3778.2
ZAF,2018,P_F51_DIC_JPY_P_USD,1059.4
ZAF,2018,P_F51_DIC_OTHC_P_USD,73640.3
ZAF,2018,P_F51_DIC_USD_P_USD,55562.6
ZAF,2019,P_F3_DIC_AUD_P_USD,374.9
ZAF,2019,P_F3_DIC_CAD_P_USD,372.5
ZAF,2019,P_F3_DIC_CHF_P_USD,388.2
ZAF,2019,P_F3_DIC_CNY_P_USD,379.2
ZAF,2019,P_F3_DIC_EUR_P_USD,683.3
ZAF,2019,P_F3_DIC_GBP_P_USD,632.1
ZAF,2019,P_F3_DIC_JPY_P_USD,386.9
ZAF,2019,P_F3_DIC_OTHC_P_USD,3500.2
ZAF,2019,P_F3_DIC_USD_P_USD,3904.2
ZAF,2019,P_F51_DIC_AUD_P_USD,413.7
ZAF,2019,P_F51_DIC_CAD_P_USD,483.7
ZAF,2019,P_F51_DIC_CHF_P_USD,827.7
ZAF,2019,P_F51_DIC_CNY_P_USD,928.9
ZAF,2019,P_F51_DIC_EUR_P_USD,3528.8
ZAF,2019,P_F51_DIC_GBP_P_USD,7492.3
ZAF,2019,P_F51_DIC_JPY_P_USD,1223.3
ZAF,2019,P_F51_DIC_OTHC_P_USD,89721.3
ZAF,2019,P_F51_DIC_USD_P_USD,65068.6
ZAF,2020,P_F3_DIC_AUD_P_USD,695.9
ZAF,2020,P_F3_DIC_CAD_P_USD,696
ZAF,2020,P_F3_DIC_CHF_P_USD,724.2
ZAF,2020,P_F3_DIC_CNY_P_USD,703.1
ZAF,2020,P_F3_DIC_EUR_P_USD,1009.3
ZAF,2020,P_F3_DIC_GBP_P_USD,1303.3
ZAF,2020,P_F3_DIC_JPY_P_USD,719.3
ZAF,2020,P_F3_DIC_OTHC_P_USD,3385.1
ZAF,2020,P_F3_DIC_USD_P_USD,5681.6
ZAF,2020,P_F51_DIC_AUD_P_USD,706.5
ZAF,2020,P_F51_DIC_CAD_P_USD,684
ZAF,2020,P_F51_DIC_CHF_P_USD,1033.2
ZAF,2020,P_F51_DIC_CNY_P_USD,1125
ZAF,2020,P_F51_DIC_EUR_P_USD,3496.5
ZAF,2020,P_F51_DIC_GBP_P_USD,7087
ZAF,2020,P_F51_DIC_JPY_P_USD,1444.5
ZAF,2020,P_F51_DIC_OTHC_P_USD,83764.5
ZAF,2020,P_F51_DIC_USD_P_USD,69243.9
ZAF,2021,P_F3_DIC_AUD_P_USD,1056.5
ZAF,2021,P_F3_DIC_CAD_P_USD,1053.5
ZAF,2021,P_F3_DIC_CHF_P_USD,1242
ZAF,2021,P_F3_DIC_CNY_P_USD,1060.5
ZAF,2021,P_F3_DIC_EUR_P_USD,2228.4
ZAF,2021,P_F3_DIC_GBP_P_USD,1591.5
ZAF,2021,P_F3_DIC_JPY_P_USD,1053.6
ZAF,2021,P_F3_DIC_OTHC_P_USD,1770.3
ZAF,2021,P_F3_DIC_USD_P_USD,4214
ZAF,2021,P_F51_DIC_AUD_P_USD,4540
ZAF,2021,P_F51_DIC_CAD_P_USD,4516.7
ZAF,2021,P_F51_DIC_CHF_P_USD,4531.6
ZAF,2021,P_F51_DIC_CNY_P_USD,4621.1
ZAF,2021,P_F51_DIC_EUR_P_USD,6646.5
ZAF,2021,P_F51_DIC_GBP_P_USD,14872
ZAF,2021,P_F51_DIC_JPY_P_USD,4754
ZAF,2021,P_F51_DIC_OTHC_P_USD,90604.2
ZAF,2021,P_F51_DIC_USD_P_USD,73505.9
ZAF,2022,P_F3_DIC_AUD_P_USD,602.6
ZAF,2022,P_F3_DIC_CAD_P_USD,600.3
ZAF,2022,P_F3_DIC_CHF_P_USD,739.5
ZAF,2022,P_F3_DIC_CNY_P_USD,583.3
ZAF,2022,P_F3_DIC_EUR_P_USD,2087.3
ZAF,2022,P_F3_DIC_GBP_P_USD,1101.7
ZAF,2022,P_F3_DIC_JPY_P_USD,581.7
ZAF,2022,P_F3_DIC_OTHC_P_USD,1454.8
ZAF,2022,P_F3_DIC_USD_P_USD,4476
ZAF,2022,P_F51_DIC_AUD_P_USD,461.6
ZAF,2022,P_F51_DIC_CAD_P_USD,299.3
ZAF,2022,P_F51_DIC_CHF_P_USD,432.3
ZAF,2022,P_F51_DIC_CNY_P_USD,492.7
ZAF,2022,P_F51_DIC_EUR_P_USD,12781.2
ZAF,2022,P_F51_DIC_GBP_P_USD,10225.7
ZAF,2022,P_F51_DIC_JPY_P_USD,725.2
ZAF,2022,P_F51_DIC_OTHC_P_USD,79121.9
ZAF,2022,P_F51_DIC_USD_P_USD,86564.9
ZAF,2023,P_F3_DIC_AUD_P_USD,535.6
ZAF,2023,P_F3_DIC_CAD_P_USD,552
ZAF,2023,P_F3_DIC_CHF_P_USD,705.9
ZAF,2023,P_F3_DIC_CNY_P_USD,532.9
ZAF,2023,P_F3_DIC_EUR_P_USD,2183.4
ZAF,2023,P_F3_DIC_GBP_P_USD,1022.5
ZAF,2023,P_F3_DIC_JPY_P_USD,534.7
ZAF,2023,P_F3_DIC_OTHC_P_USD,1439.9
ZAF,2023,P_F3_DIC_USD_P_USD,5248.4
ZAF,2023,P_F51_DIC_AUD_P_USD,275.5
ZAF,2023,P_F51_DIC_CAD_P_USD,331.6
ZAF,2023,P_F51_DIC_CHF_P_USD,501.9
ZAF,2023,P_F51_DIC_CNY_P_USD,306.5
ZAF,2023,P_F51_DIC_EUR_P_USD,8814.9
ZAF,2023,P_F51_DIC_GBP_P_USD,10920.9
ZAF,2023,P_F51_DIC_JPY_P_USD,902.8
ZAF,2023,P_F51_DIC_OTHC_P_USD,71887.2
ZAF,2023,P_F51_DIC_USD_P_USD,103292.7
ZAF,2024,P_F3_DIC_AUD_P_USD,591.1
ZAF,2024,P_F3_DIC_CAD_P_USD,591.4
ZAF,2024,P_F3_DIC_CHF_P_USD,772.2
ZAF,2024,P_F3_DIC_CNY_P_USD,590
ZAF,2024,P_F3_DIC_EUR_P_USD,1588.7
ZAF,2024,P_F3_DIC_GBP_P_USD,1137.9
ZAF,2024,P_F3_DIC_JPY_P_USD,591.4
ZAF,2024,P_F3_DIC_OTHC_P_USD,3228.1
ZAF,2024,P_F3_DIC_USD_P_USD,6173.7
ZAF,2024,P_F51_DIC_AUD_P_USD,234.3
ZAF,2024,P_F51_DIC_CAD_P_USD,384.9
ZAF,2024,P_F51_DIC_CHF_P_USD,425.1
ZAF,2024,P_F51_DIC_CNY_P_USD,353.5
ZAF,2024,P_F51_DIC_EUR_P_USD,11052.2
ZAF,2024,P_F51_DIC_GBP_P_USD,12081.9
ZAF,2024,P_F51_DIC_JPY_P_USD,915.9
ZAF,2024,P_F51_DIC_OTHC_P_USD,71361.9
ZAF,2024,P_F51_DIC_USD_P_USD,117238
