iso3,year,measure,insurance_type,insurer,value
ARG,2018,BOND,COMP,DIR,3867.389
ARG,2018,BOND,COMP,REI,166.979
ARG,2018,BOND,LIFE,DIR,2024.415
ARG,2018,BOND,LIFE,REI,0
ARG,2018,BOND,NLIFE,DIR,2710.486
ARG,2018,BOND,NLIFE,REI,77.135
ARG,2018,BOND,_T,DIR,8602.29
ARG,2018,BOND,_T,REI,244.114
ARG,2018,CASH,COMP,DIR,177.045
ARG,2018,CASH,COMP,REI,16.3
ARG,2018,CASH,LIFE,DIR,7.148
ARG,2018,CASH,LIFE,REI,0
ARG,2018,CASH,NLIFE,DIR,79.877
ARG,2018,CASH,NLIFE,REI,2.718
ARG,2018,CASH,_T,DIR,264.069
ARG,2018,CASH,_T,REI,19.019
ARG,2018,CBOND,LIFE,REI,0
ARG,2018,CCASH,LIFE,REI,0
ARG,2018,CIS,COMP,DIR,1880.568
ARG,2018,CIS,COMP,REI,95.737
ARG,2018,CIS,LIFE,DIR,726.157
ARG,2018,CIS,LIFE,REI,0
ARG,2018,CIS,NLIFE,DIR,1457.371
ARG,2018,CIS,NLIFE,REI,38.733
ARG,2018,CIS,_T,DIR,4064.095
ARG,2018,CIS,_T,REI,134.471
ARG,2018,COTHER,LIFE,REI,0
ARG,2018,CREST,LIFE,REI,0
ARG,2018,CSHARE,LIFE,REI,0
ARG,2018,HEDGE,COMP,DIR,0
ARG,2018,HEDGE,COMP,REI,0
ARG,2018,HEDGE,LIFE,DIR,0
ARG,2018,HEDGE,LIFE,REI,0
ARG,2018,HEDGE,NLIFE,DIR,0
ARG,2018,HEDGE,NLIFE,REI,0
ARG,2018,HEDGE,_T,DIR,0
ARG,2018,HEDGE,_T,REI,0
ARG,2018,INV,COMP,DIR,7948.958
ARG,2018,INV,COMP,REI,317.446
ARG,2018,INV,LIFE,DIR,3082.019
ARG,2018,INV,LIFE,REI,0
ARG,2018,INV,NLIFE,DIR,5299.323
ARG,2018,INV,NLIFE,REI,123.044
ARG,2018,INV,_T,DIR,16330.299
ARG,2018,INV,_T,REI,440.491
ARG,2018,INV_O,COMP,DIR,943.283
ARG,2018,INV_O,COMP,REI,37.524
ARG,2018,INV_O,LIFE,DIR,267.948
ARG,2018,INV_O,LIFE,REI,0
ARG,2018,INV_O,NLIFE,DIR,891.994
ARG,2018,INV_O,NLIFE,REI,4.413
ARG,2018,INV_O,_T,DIR,2103.225
ARG,2018,INV_O,_T,REI,41.937
ARG,2018,LOAN,COMP,DIR,38.724
ARG,2018,LOAN,COMP,REI,0
ARG,2018,LOAN,LIFE,DIR,5.193
ARG,2018,LOAN,LIFE,REI,0
ARG,2018,LOAN,NLIFE,DIR,2.907
ARG,2018,LOAN,NLIFE,REI,0
ARG,2018,LOAN,_T,DIR,46.825
ARG,2018,LOAN,_T,REI,0
ARG,2018,PEQUF,COMP,DIR,0
ARG,2018,PEQUF,COMP,REI,0
ARG,2018,PEQUF,LIFE,DIR,0
ARG,2018,PEQUF,LIFE,REI,0
ARG,2018,PEQUF,NLIFE,DIR,0
ARG,2018,PEQUF,NLIFE,REI,0
ARG,2018,PEQUF,_T,DIR,0
ARG,2018,PEQUF,_T,REI,0
ARG,2018,PRIB,COMP,DIR,1018.454
ARG,2018,PRIB,COMP,REI,29.154
ARG,2018,PRIB,LIFE,DIR,652.336
ARG,2018,PRIB,LIFE,REI,0
ARG,2018,PRIB,NLIFE,DIR,983.565
ARG,2018,PRIB,NLIFE,REI,5.207
ARG,2018,PRIB,_T,DIR,2654.355
ARG,2018,PRIB,_T,REI,34.362
ARG,2018,PUBB,COMP,DIR,2848.935
ARG,2018,PUBB,COMP,REI,137.824
ARG,2018,PUBB,LIFE,DIR,1372.08
ARG,2018,PUBB,LIFE,REI,0
ARG,2018,PUBB,NLIFE,DIR,1726.921
ARG,2018,PUBB,NLIFE,REI,71.928
ARG,2018,PUBB,_T,DIR,5947.935
ARG,2018,PUBB,_T,REI,209.752
ARG,2018,PUBS,COMP,DIR,482.239
ARG,2018,PUBS,COMP,REI,0.031
ARG,2018,PUBS,LIFE,DIR,12.805
ARG,2018,PUBS,LIFE,REI,0
ARG,2018,PUBS,NLIFE,DIR,14.625
ARG,2018,PUBS,NLIFE,REI,0.044
ARG,2018,PUBS,_T,DIR,509.669
ARG,2018,PUBS,_T,REI,0.075
ARG,2018,REST,COMP,DIR,142.532
ARG,2018,REST,COMP,REI,0.797
ARG,2018,REST,LIFE,DIR,31.645
ARG,2018,REST,LIFE,REI,0
ARG,2018,REST,NLIFE,DIR,54.749
ARG,2018,REST,NLIFE,REI,0
ARG,2018,REST,_T,DIR,228.927
ARG,2018,REST,_T,REI,0.797
ARG,2018,SHARE,COMP,DIR,899.418
ARG,2018,SHARE,COMP,REI,0.109
ARG,2018,SHARE,LIFE,DIR,19.512
ARG,2018,SHARE,LIFE,REI,0
ARG,2018,SHARE,NLIFE,DIR,101.938
ARG,2018,SHARE,NLIFE,REI,0.044
ARG,2018,SHARE,_T,DIR,1020.868
ARG,2018,SHARE,_T,REI,0.154
ARG,2018,STRPRDT,COMP,DIR,0
ARG,2018,STRPRDT,COMP,REI,0
ARG,2018,STRPRDT,LIFE,DIR,0
ARG,2018,STRPRDT,LIFE,REI,0
ARG,2018,STRPRDT,NLIFE,DIR,0
ARG,2018,STRPRDT,NLIFE,REI,0
ARG,2018,STRPRDT,_T,DIR,0
ARG,2018,STRPRDT,_T,REI,0
ARG,2018,UNITLINK,COMP,DIR,0
ARG,2018,UNITLINK,COMP,REI,0
ARG,2018,UNITLINK,LIFE,DIR,0
ARG,2018,UNITLINK,LIFE,REI,0
ARG,2018,UNITLINK,NLIFE,DIR,0
ARG,2018,UNITLINK,NLIFE,REI,0
ARG,2018,UNITLINK,_T,DIR,0
ARG,2018,UNITLINK,_T,REI,0
ARG,2018,UNLISTED,COMP,DIR,417.179
ARG,2018,UNLISTED,COMP,REI,0.078
ARG,2018,UNLISTED,LIFE,DIR,6.706
ARG,2018,UNLISTED,LIFE,REI,0
ARG,2018,UNLISTED,NLIFE,DIR,87.314
ARG,2018,UNLISTED,NLIFE,REI,0
ARG,2018,UNLISTED,_T,DIR,511.199
ARG,2018,UNLISTED,_T,REI,0.078
ARG,2019,BOND,COMP,DIR,3474.392
ARG,2019,BOND,COMP,REI,135.386
ARG,2019,BOND,LIFE,DIR,1836.358
ARG,2019,BOND,LIFE,REI,0
ARG,2019,BOND,NLIFE,DIR,1956.652
ARG,2019,BOND,NLIFE,REI,63.062
ARG,2019,BOND,_T,DIR,7267.403
ARG,2019,BOND,_T,REI,198.447
ARG,2019,CASH,COMP,DIR,245.046
ARG,2019,CASH,COMP,REI,19.923
ARG,2019,CASH,LIFE,DIR,9.461
ARG,2019,CASH,LIFE,REI,0
ARG,2019,CASH,NLIFE,DIR,72.6
ARG,2019,CASH,NLIFE,REI,1.169
ARG,2019,CASH,_T,DIR,327.106
ARG,2019,CASH,_T,REI,21.092
ARG,2019,CIS,COMP,DIR,2056.708
ARG,2019,CIS,COMP,REI,92.744
ARG,2019,CIS,LIFE,DIR,834.399
ARG,2019,CIS,LIFE,REI,0
ARG,2019,CIS,NLIFE,DIR,1711.894
ARG,2019,CIS,NLIFE,REI,37.178
ARG,2019,CIS,_T,DIR,4603.001
ARG,2019,CIS,_T,REI,129.922
ARG,2019,HEDGE,COMP,DIR,0
ARG,2019,HEDGE,COMP,REI,0
ARG,2019,HEDGE,LIFE,DIR,0
ARG,2019,HEDGE,LIFE,REI,0
ARG,2019,HEDGE,NLIFE,DIR,0
ARG,2019,HEDGE,NLIFE,REI,0
ARG,2019,HEDGE,_T,DIR,0
ARG,2019,HEDGE,_T,REI,0
ARG,2019,INV,COMP,DIR,7902.629
ARG,2019,INV,COMP,REI,300.46
ARG,2019,INV,LIFE,DIR,3081.411
ARG,2019,INV,LIFE,REI,0
ARG,2019,INV,NLIFE,DIR,4806.478
ARG,2019,INV,NLIFE,REI,101.88
ARG,2019,INV,_T,DIR,15790.518
ARG,2019,INV,_T,REI,402.34
ARG,2019,INV_O,COMP,DIR,981.082
ARG,2019,INV_O,COMP,REI,49.682
ARG,2019,INV_O,LIFE,DIR,350.907
ARG,2019,INV_O,LIFE,REI,0
ARG,2019,INV_O,NLIFE,DIR,884.722
ARG,2019,INV_O,NLIFE,REI,0.472
ARG,2019,INV_O,_T,DIR,2216.711
ARG,2019,INV_O,_T,REI,50.154
ARG,2019,LOAN,COMP,DIR,50.378
ARG,2019,LOAN,COMP,REI,0
ARG,2019,LOAN,LIFE,DIR,1.706
ARG,2019,LOAN,LIFE,REI,0
ARG,2019,LOAN,NLIFE,DIR,1.611
ARG,2019,LOAN,NLIFE,REI,0
ARG,2019,LOAN,_T,DIR,53.695
ARG,2019,LOAN,_T,REI,0
ARG,2019,PEQUF,COMP,DIR,0
ARG,2019,PEQUF,COMP,REI,0
ARG,2019,PEQUF,LIFE,DIR,0
ARG,2019,PEQUF,LIFE,REI,0
ARG,2019,PEQUF,NLIFE,DIR,0
ARG,2019,PEQUF,NLIFE,REI,0
ARG,2019,PEQUF,_T,DIR,0
ARG,2019,PEQUF,_T,REI,0
ARG,2019,PRIB,COMP,DIR,935.329
ARG,2019,PRIB,COMP,REI,22.319
ARG,2019,PRIB,LIFE,DIR,513.878
ARG,2019,PRIB,LIFE,REI,0
ARG,2019,PRIB,NLIFE,DIR,853.009
ARG,2019,PRIB,NLIFE,REI,2.558
ARG,2019,PRIB,_T,DIR,2302.217
ARG,2019,PRIB,_T,REI,24.877
ARG,2019,PUBB,COMP,DIR,2539.063
ARG,2019,PUBB,COMP,REI,113.067
ARG,2019,PUBB,LIFE,DIR,1322.48
ARG,2019,PUBB,LIFE,REI,0
ARG,2019,PUBB,NLIFE,DIR,1103.643
ARG,2019,PUBB,NLIFE,REI,60.503
ARG,2019,PUBB,_T,DIR,4965.186
ARG,2019,PUBB,_T,REI,173.57
ARG,2019,PUBS,COMP,DIR,490.383
ARG,2019,PUBS,COMP,REI,0.042
ARG,2019,PUBS,LIFE,DIR,4.907
ARG,2019,PUBS,LIFE,REI,0
ARG,2019,PUBS,NLIFE,DIR,8.181
ARG,2019,PUBS,NLIFE,REI,0
ARG,2019,PUBS,_T,DIR,503.471
ARG,2019,PUBS,_T,REI,0.042
ARG,2019,REST,COMP,DIR,237.871
ARG,2019,REST,COMP,REI,2.577
ARG,2019,REST,LIFE,DIR,36.386
ARG,2019,REST,LIFE,REI,0
ARG,2019,REST,NLIFE,DIR,83.259
ARG,2019,REST,NLIFE,REI,0
ARG,2019,REST,_T,DIR,357.515
ARG,2019,REST,_T,REI,2.577
ARG,2019,SHARE,COMP,DIR,857.153
ARG,2019,SHARE,COMP,REI,0.149
ARG,2019,SHARE,LIFE,DIR,12.194
ARG,2019,SHARE,LIFE,REI,0
ARG,2019,SHARE,NLIFE,DIR,95.74
ARG,2019,SHARE,NLIFE,REI,0
ARG,2019,SHARE,_T,DIR,965.087
ARG,2019,SHARE,_T,REI,0.149
ARG,2019,STRPRDT,COMP,DIR,0
ARG,2019,STRPRDT,COMP,REI,0
ARG,2019,STRPRDT,LIFE,DIR,0
ARG,2019,STRPRDT,LIFE,REI,0
ARG,2019,STRPRDT,NLIFE,DIR,0
ARG,2019,STRPRDT,NLIFE,REI,0
ARG,2019,STRPRDT,_T,DIR,0
ARG,2019,STRPRDT,_T,REI,0
ARG,2019,UNITLINK,COMP,DIR,0
ARG,2019,UNITLINK,COMP,REI,0
ARG,2019,UNITLINK,LIFE,DIR,0
ARG,2019,UNITLINK,LIFE,REI,0
ARG,2019,UNITLINK,NLIFE,DIR,0
ARG,2019,UNITLINK,NLIFE,REI,0
ARG,2019,UNITLINK,_T,DIR,0
ARG,2019,UNITLINK,_T,REI,0
ARG,2019,UNLISTED,COMP,DIR,366.77
ARG,2019,UNLISTED,COMP,REI,0.107
ARG,2019,UNLISTED,LIFE,DIR,7.286
ARG,2019,UNLISTED,LIFE,REI,0
ARG,2019,UNLISTED,NLIFE,DIR,87.559
ARG,2019,UNLISTED,NLIFE,REI,0
ARG,2019,UNLISTED,_T,DIR,461.615
ARG,2019,UNLISTED,_T,REI,0.107
ARG,2020,BOND,COMP,DIR,3401.802
ARG,2020,BOND,COMP,REI,125.856
ARG,2020,BOND,LIFE,DIR,1628.886
ARG,2020,BOND,LIFE,REI,0
ARG,2020,BOND,NLIFE,DIR,1920.821
ARG,2020,BOND,NLIFE,REI,31.141
ARG,2020,BOND,_T,DIR,6951.509
ARG,2020,BOND,_T,REI,156.996
ARG,2020,CASH,COMP,DIR,317.914
ARG,2020,CASH,COMP,REI,35.43
ARG,2020,CASH,LIFE,DIR,17.204
ARG,2020,CASH,LIFE,REI,0
ARG,2020,CASH,NLIFE,DIR,87.777
ARG,2020,CASH,NLIFE,REI,1.179
ARG,2020,CASH,_T,DIR,422.895
ARG,2020,CASH,_T,REI,36.61
ARG,2020,CIS,COMP,DIR,2416.629
ARG,2020,CIS,COMP,REI,108.775
ARG,2020,CIS,LIFE,DIR,900.453
ARG,2020,CIS,LIFE,REI,0
ARG,2020,CIS,NLIFE,DIR,1510.47
ARG,2020,CIS,NLIFE,REI,30.501
ARG,2020,CIS,_T,DIR,4827.553
ARG,2020,CIS,_T,REI,139.275
ARG,2020,HEDGE,COMP,DIR,0
ARG,2020,HEDGE,COMP,REI,0
ARG,2020,HEDGE,LIFE,DIR,0
ARG,2020,HEDGE,LIFE,REI,0
ARG,2020,HEDGE,NLIFE,DIR,0
ARG,2020,HEDGE,NLIFE,REI,0
ARG,2020,HEDGE,_T,DIR,0
ARG,2020,HEDGE,_T,REI,0
ARG,2020,INV,COMP,DIR,8201.977
ARG,2020,INV,COMP,REI,319.118
ARG,2020,INV,LIFE,DIR,2793.913
ARG,2020,INV,LIFE,REI,0
ARG,2020,INV,NLIFE,DIR,4416.585
ARG,2020,INV,NLIFE,REI,62.821
ARG,2020,INV,_T,DIR,15412.474
ARG,2020,INV,_T,REI,381.938
ARG,2020,INV_O,COMP,DIR,668.205
ARG,2020,INV_O,COMP,REI,45.245
ARG,2020,INV_O,LIFE,DIR,178.785
ARG,2020,INV_O,LIFE,REI,0
ARG,2020,INV_O,NLIFE,DIR,643.651
ARG,2020,INV_O,NLIFE,REI,0
ARG,2020,INV_O,_T,DIR,1490.641
ARG,2020,INV_O,_T,REI,45.245
ARG,2020,LOAN,COMP,DIR,58.158
ARG,2020,LOAN,COMP,REI,0
ARG,2020,LOAN,LIFE,DIR,0.433
ARG,2020,LOAN,LIFE,REI,0
ARG,2020,LOAN,NLIFE,DIR,0.966
ARG,2020,LOAN,NLIFE,REI,0
ARG,2020,LOAN,_T,DIR,59.557
ARG,2020,LOAN,_T,REI,0
ARG,2020,PEQUF,COMP,DIR,0
ARG,2020,PEQUF,COMP,REI,0
ARG,2020,PEQUF,LIFE,DIR,0
ARG,2020,PEQUF,LIFE,REI,0
ARG,2020,PEQUF,NLIFE,DIR,0
ARG,2020,PEQUF,NLIFE,REI,0
ARG,2020,PEQUF,_T,DIR,0
ARG,2020,PEQUF,_T,REI,0
ARG,2020,PRIB,COMP,DIR,817.163
ARG,2020,PRIB,COMP,REI,41.375
ARG,2020,PRIB,LIFE,DIR,351.67
ARG,2020,PRIB,LIFE,REI,0
ARG,2020,PRIB,NLIFE,DIR,507.449
ARG,2020,PRIB,NLIFE,REI,1.745
ARG,2020,PRIB,_T,DIR,1676.283
ARG,2020,PRIB,_T,REI,43.12
ARG,2020,PUBB,COMP,DIR,2584.639
ARG,2020,PUBB,COMP,REI,84.481
ARG,2020,PUBB,LIFE,DIR,1277.215
ARG,2020,PUBB,LIFE,REI,0
ARG,2020,PUBB,NLIFE,DIR,1413.373
ARG,2020,PUBB,NLIFE,REI,29.396
ARG,2020,PUBB,_T,DIR,5275.226
ARG,2020,PUBB,_T,REI,113.877
ARG,2020,PUBS,COMP,DIR,529.318
ARG,2020,PUBS,COMP,REI,0.02
ARG,2020,PUBS,LIFE,DIR,8.485
ARG,2020,PUBS,LIFE,REI,0
ARG,2020,PUBS,NLIFE,DIR,10.968
ARG,2020,PUBS,NLIFE,REI,0
ARG,2020,PUBS,_T,DIR,548.771
ARG,2020,PUBS,_T,REI,0.02
ARG,2020,REST,COMP,DIR,391.342
ARG,2020,REST,COMP,REI,3.631
ARG,2020,REST,LIFE,DIR,51.936
ARG,2020,REST,LIFE,REI,0
ARG,2020,REST,NLIFE,DIR,135.649
ARG,2020,REST,NLIFE,REI,0
ARG,2020,REST,_T,DIR,578.926
ARG,2020,REST,_T,REI,3.631
ARG,2020,SHARE,COMP,DIR,947.927
ARG,2020,SHARE,COMP,REI,0.182
ARG,2020,SHARE,LIFE,DIR,16.216
ARG,2020,SHARE,LIFE,REI,0
ARG,2020,SHARE,NLIFE,DIR,117.251
ARG,2020,SHARE,NLIFE,REI,0
ARG,2020,SHARE,_T,DIR,1081.394
ARG,2020,SHARE,_T,REI,0.182
ARG,2020,STRPRDT,COMP,DIR,0
ARG,2020,STRPRDT,COMP,REI,0
ARG,2020,STRPRDT,LIFE,DIR,0
ARG,2020,STRPRDT,LIFE,REI,0
ARG,2020,STRPRDT,NLIFE,DIR,0
ARG,2020,STRPRDT,NLIFE,REI,0
ARG,2020,STRPRDT,_T,DIR,0
ARG,2020,STRPRDT,_T,REI,0
ARG,2020,UNITLINK,COMP,DIR,0
ARG,2020,UNITLINK,COMP,REI,0
ARG,2020,UNITLINK,LIFE,DIR,0
ARG,2020,UNITLINK,LIFE,REI,0
ARG,2020,UNITLINK,NLIFE,DIR,0
ARG,2020,UNITLINK,NLIFE,REI,0
ARG,2020,UNITLINK,_T,DIR,0
ARG,2020,UNITLINK,_T,REI,0
ARG,2020,UNLISTED,COMP,DIR,418.609
ARG,2020,UNLISTED,COMP,REI,0.162
ARG,2020,UNLISTED,LIFE,DIR,7.732
ARG,2020,UNLISTED,LIFE,REI,0
ARG,2020,UNLISTED,NLIFE,DIR,106.282
ARG,2020,UNLISTED,NLIFE,REI,0
ARG,2020,UNLISTED,_T,DIR,532.623
ARG,2020,UNLISTED,_T,REI,0.162
AUS,2018,BOND,LIFE,DIR,18946.753
AUS,2018,BOND,LIFE,REI,4652.062
AUS,2018,BOND,NLIFE,DIR,28073.194
AUS,2018,BOND,NLIFE,REI,5803.793
AUS,2018,BOND,_T,DIR,47019.689
AUS,2018,BOND,_T,REI,10455.721
AUS,2018,CASH,LIFE,DIR,4224.807
AUS,2018,CASH,LIFE,REI,151.813
AUS,2018,CASH,NLIFE,DIR,3099.168
AUS,2018,CASH,NLIFE,REI,133.396
AUS,2018,CASH,_T,DIR,7324.086
AUS,2018,CASH,_T,REI,285.143
AUS,2018,CBOND,NLIFE,DIR,4667.455
AUS,2018,CBOND,NLIFE,REI,0
AUS,2018,CBOND,_T,DIR,4667.455
AUS,2018,CBOND,_T,REI,0
AUS,2018,CCASH,NLIFE,DIR,636.632
AUS,2018,CCASH,NLIFE,REI,4.235
AUS,2018,CCASH,_T,DIR,636.632
AUS,2018,CCASH,_T,REI,4.235
AUS,2018,CIS,NLIFE,DIR,7527.357
AUS,2018,CIS,NLIFE,REI,69.168
AUS,2018,CIS,_T,DIR,7527.357
AUS,2018,CIS,_T,REI,69.168
AUS,2018,COTHER,NLIFE,DIR,322.551
AUS,2018,COTHER,NLIFE,REI,0
AUS,2018,COTHER,_T,DIR,322.551
AUS,2018,COTHER,_T,REI,0
AUS,2018,CREST,NLIFE,DIR,678.274
AUS,2018,CREST,NLIFE,REI,0
AUS,2018,CREST,_T,DIR,678.274
AUS,2018,CREST,_T,REI,0
AUS,2018,CSHARE,NLIFE,DIR,1222.446
AUS,2018,CSHARE,NLIFE,REI,64.934
AUS,2018,CSHARE,_T,DIR,1222.446
AUS,2018,CSHARE,_T,REI,64.934
AUS,2018,INV,LIFE,DIR,128232.451
AUS,2018,INV,LIFE,REI,4914.81
AUS,2018,INV,NLIFE,DIR,41681.018
AUS,2018,INV,NLIFE,REI,6287.266
AUS,2018,INV,_T,DIR,169913.582
AUS,2018,INV,_T,REI,11201.752
AUS,2018,INV_O,LIFE,DIR,172.018
AUS,2018,INV_O,LIFE,REI,0
AUS,2018,INV_O,NLIFE,DIR,314.787
AUS,2018,INV_O,NLIFE,REI,0
AUS,2018,INV_O,_T,DIR,487.002
AUS,2018,INV_O,_T,REI,0
AUS,2018,LOAN,LIFE,DIR,563.948
AUS,2018,LOAN,LIFE,REI,91.303
AUS,2018,LOAN,NLIFE,DIR,1550.643
AUS,2018,LOAN,NLIFE,REI,280.203
AUS,2018,LOAN,_T,DIR,2114.577
AUS,2018,LOAN,_T,REI,371.251
AUS,2018,REST,LIFE,DIR,3415.144
AUS,2018,REST,LIFE,REI,0
AUS,2018,REST,NLIFE,DIR,74.109
AUS,2018,REST,NLIFE,REI,0
AUS,2018,REST,_T,DIR,3489.475
AUS,2018,REST,_T,REI,0
AUS,2018,SHARE,LIFE,DIR,4930.307
AUS,2018,SHARE,LIFE,REI,19.632
AUS,2018,SHARE,NLIFE,DIR,1043.172
AUS,2018,SHARE,NLIFE,REI,0
AUS,2018,SHARE,_T,DIR,5973.185
AUS,2018,SHARE,_T,REI,19.632
AUS,2018,UNITLINK,LIFE,DIR,95979.474
AUS,2018,UNITLINK,_T,DIR,95979.474
AUS,2019,BOND,LIFE,DIR,21499.799
AUS,2019,BOND,LIFE,REI,5572.36
AUS,2019,BOND,NLIFE,DIR,28936.181
AUS,2019,BOND,NLIFE,REI,6109.933
AUS,2019,BOND,_T,DIR,50435.98
AUS,2019,BOND,_T,REI,11682.292
AUS,2019,CASH,LIFE,DIR,3001.857
AUS,2019,CASH,LIFE,REI,357.456
AUS,2019,CASH,NLIFE,DIR,2902.586
AUS,2019,CASH,NLIFE,REI,184.258
AUS,2019,CASH,_T,DIR,5904.443
AUS,2019,CASH,_T,REI,541.714
AUS,2019,CBOND,NLIFE,DIR,4326.205
AUS,2019,CBOND,NLIFE,REI,0
AUS,2019,CBOND,_T,DIR,4326.205
AUS,2019,CBOND,_T,REI,0
AUS,2019,CCASH,NLIFE,DIR,762.253
AUS,2019,CCASH,NLIFE,REI,4.204
AUS,2019,CCASH,_T,DIR,762.253
AUS,2019,CCASH,_T,REI,4.204
AUS,2019,CIS,NLIFE,DIR,7720.612
AUS,2019,CIS,NLIFE,REI,54.647
AUS,2019,CIS,_T,DIR,7720.612
AUS,2019,CIS,_T,REI,54.647
AUS,2019,COTHER,NLIFE,DIR,334.887
AUS,2019,COTHER,NLIFE,REI,0
AUS,2019,COTHER,_T,DIR,334.887
AUS,2019,COTHER,_T,REI,0
AUS,2019,CREST,NLIFE,DIR,673.277
AUS,2019,CREST,NLIFE,REI,0
AUS,2019,CREST,_T,DIR,673.277
AUS,2019,CREST,_T,REI,0
AUS,2019,CSHARE,NLIFE,DIR,1623.991
AUS,2019,CSHARE,NLIFE,REI,50.443
AUS,2019,CSHARE,_T,DIR,1623.991
AUS,2019,CSHARE,_T,REI,50.443
AUS,2019,INV,LIFE,DIR,106188.467
AUS,2019,INV,LIFE,REI,6217.036
AUS,2019,INV,NLIFE,DIR,42596.48
AUS,2019,INV,NLIFE,REI,6626.975
AUS,2019,INV,_T,DIR,148784.947
AUS,2019,INV,_T,REI,12844.012
AUS,2019,INV_O,LIFE,DIR,223.802
AUS,2019,INV_O,LIFE,REI,214.605
AUS,2019,INV_O,NLIFE,DIR,304.761
AUS,2019,INV_O,NLIFE,REI,0
AUS,2019,INV_O,_T,DIR,528.563
AUS,2019,INV_O,_T,REI,214.605
AUS,2019,LOAN,LIFE,DIR,636.195
AUS,2019,LOAN,LIFE,REI,60.073
AUS,2019,LOAN,NLIFE,DIR,1722.075
AUS,2019,LOAN,NLIFE,REI,278.138
AUS,2019,LOAN,_T,DIR,2358.27
AUS,2019,LOAN,_T,REI,338.211
AUS,2019,REST,LIFE,DIR,3164.467
AUS,2019,REST,LIFE,REI,0
AUS,2019,REST,NLIFE,DIR,83.371
AUS,2019,REST,NLIFE,REI,0
AUS,2019,REST,_T,DIR,3247.839
AUS,2019,REST,_T,REI,0
AUS,2019,SHARE,LIFE,DIR,6674.016
AUS,2019,SHARE,LIFE,REI,12.543
AUS,2019,SHARE,NLIFE,DIR,926.894
AUS,2019,SHARE,NLIFE,REI,0
AUS,2019,SHARE,_T,DIR,7600.91
AUS,2019,SHARE,_T,REI,12.543
AUS,2019,UNITLINK,LIFE,DIR,70988.332
AUS,2019,UNITLINK,_T,DIR,70988.332
AUS,2020,BOND,LIFE,DIR,26464.939
AUS,2020,BOND,LIFE,REI,7099.009
AUS,2020,BOND,NLIFE,DIR,33855.768
AUS,2020,BOND,NLIFE,REI,7051.148
AUS,2020,BOND,_T,DIR,60320.707
AUS,2020,BOND,_T,REI,14150.158
AUS,2020,CASH,LIFE,DIR,3334.786
AUS,2020,CASH,LIFE,REI,233.336
AUS,2020,CASH,NLIFE,DIR,3572.401
AUS,2020,CASH,NLIFE,REI,172.449
AUS,2020,CASH,_T,DIR,6907.187
AUS,2020,CASH,_T,REI,405.785
AUS,2020,CBOND,NLIFE,DIR,5622.931
AUS,2020,CBOND,NLIFE,REI,0
AUS,2020,CBOND,_T,DIR,5622.931
AUS,2020,CBOND,_T,REI,0
AUS,2020,CCASH,NLIFE,DIR,2557.858
AUS,2020,CCASH,NLIFE,REI,4.726
AUS,2020,CCASH,_T,DIR,2557.858
AUS,2020,CCASH,_T,REI,4.726
AUS,2020,CIS,NLIFE,DIR,10297.247
AUS,2020,CIS,NLIFE,REI,69.249
AUS,2020,CIS,_T,DIR,10297.247
AUS,2020,CIS,_T,REI,69.249
AUS,2020,COTHER,NLIFE,DIR,256.775
AUS,2020,COTHER,NLIFE,REI,0
AUS,2020,COTHER,_T,DIR,256.775
AUS,2020,COTHER,_T,REI,0
AUS,2020,CREST,NLIFE,DIR,794.583
AUS,2020,CREST,NLIFE,REI,0
AUS,2020,CREST,_T,DIR,794.583
AUS,2020,CREST,_T,REI,0
AUS,2020,CSHARE,NLIFE,DIR,1065.099
AUS,2020,CSHARE,NLIFE,REI,64.523
AUS,2020,CSHARE,_T,DIR,1065.099
AUS,2020,CSHARE,_T,REI,64.523
AUS,2020,INV,LIFE,DIR,58479.873
AUS,2020,INV,LIFE,REI,7431.396
AUS,2020,INV,NLIFE,DIR,50323.04
AUS,2020,INV,NLIFE,REI,7598.782
AUS,2020,INV,_T,DIR,108802.913
AUS,2020,INV,_T,REI,15030.178
AUS,2020,INV_O,LIFE,DIR,330.301
AUS,2020,INV_O,LIFE,REI,38.036
AUS,2020,INV_O,NLIFE,DIR,298.589
AUS,2020,INV_O,NLIFE,REI,0
AUS,2020,INV_O,_T,DIR,628.89
AUS,2020,INV_O,_T,REI,38.036
AUS,2020,LOAN,LIFE,DIR,235.392
AUS,2020,LOAN,LIFE,REI,47.331
AUS,2020,LOAN,NLIFE,DIR,1525.084
AUS,2020,LOAN,NLIFE,REI,305.884
AUS,2020,LOAN,_T,DIR,1760.477
AUS,2020,LOAN,_T,REI,353.215
AUS,2020,REST,LIFE,DIR,3319.421
AUS,2020,REST,LIFE,REI,0
AUS,2020,REST,NLIFE,DIR,88.962
AUS,2020,REST,NLIFE,REI,0
AUS,2020,REST,_T,DIR,3408.383
AUS,2020,REST,_T,REI,0
AUS,2020,SHARE,LIFE,DIR,7008.196
AUS,2020,SHARE,LIFE,REI,13.684
AUS,2020,SHARE,NLIFE,DIR,684.987
AUS,2020,SHARE,NLIFE,REI,0.052
AUS,2020,SHARE,_T,DIR,7693.182
AUS,2020,SHARE,_T,REI,13.737
AUS,2020,UNITLINK,LIFE,DIR,17786.838
AUS,2020,UNITLINK,_T,DIR,17786.838
AUT,2018,BOND,COMP,DIR,51605.806
AUT,2018,BOND,LIFE,DIR,3190.139
AUT,2018,BOND,NLIFE,DIR,1542.677
AUT,2018,BOND,NLIFE,REI,154.983
AUT,2018,BOND,_T,DIR,56338.622
AUT,2018,BOND,_T,REI,154.983
AUT,2018,CASH,COMP,DIR,3076.202
AUT,2018,CASH,LIFE,DIR,73.523
AUT,2018,CASH,NLIFE,DIR,1560.927
AUT,2018,CASH,NLIFE,REI,277.531
AUT,2018,CASH,_T,DIR,4710.652
AUT,2018,CASH,_T,REI,277.531
AUT,2018,CBOND,COMP,DIR,10997.048
AUT,2018,CBOND,LIFE,DIR,4074.408
AUT,2018,CBOND,NLIFE,DIR,1942.075
AUT,2018,CBOND,NLIFE,REI,17.629
AUT,2018,CBOND,_T,DIR,17013.53
AUT,2018,CBOND,_T,REI,17.629
AUT,2018,CCASH,COMP,DIR,20.59
AUT,2018,CCASH,LIFE,DIR,10.416
AUT,2018,CCASH,NLIFE,DIR,24.593
AUT,2018,CCASH,NLIFE,REI,0
AUT,2018,CCASH,_T,DIR,55.599
AUT,2018,CCASH,_T,REI,0
AUT,2018,CIS,COMP,DIR,17256.472
AUT,2018,CIS,LIFE,DIR,4560.414
AUT,2018,CIS,NLIFE,DIR,2187.702
AUT,2018,CIS,NLIFE,REI,58.798
AUT,2018,CIS,_T,DIR,24004.587
AUT,2018,CIS,_T,REI,58.798
AUT,2018,COTHER,COMP,DIR,3568.535
AUT,2018,COTHER,LIFE,DIR,6.086
AUT,2018,COTHER,NLIFE,DIR,18.557
AUT,2018,COTHER,NLIFE,REI,41.169
AUT,2018,COTHER,_T,DIR,3593.178
AUT,2018,COTHER,_T,REI,41.169
AUT,2018,CREST,COMP,DIR,152.981
AUT,2018,CREST,LIFE,DIR,25.023
AUT,2018,CREST,NLIFE,DIR,32.962
AUT,2018,CREST,NLIFE,REI,0
AUT,2018,CREST,_T,DIR,210.965
AUT,2018,CREST,_T,REI,0
AUT,2018,CSHARE,COMP,DIR,2517.318
AUT,2018,CSHARE,LIFE,DIR,444.482
AUT,2018,CSHARE,NLIFE,DIR,169.515
AUT,2018,CSHARE,NLIFE,REI,0
AUT,2018,CSHARE,_T,DIR,3131.315
AUT,2018,CSHARE,_T,REI,0
AUT,2018,HEDGE,NLIFE,REI,0
AUT,2018,HEDGE,_T,REI,0
AUT,2018,INV,COMP,DIR,111655.974
AUT,2018,INV,LIFE,DIR,11883.376
AUT,2018,INV,NLIFE,DIR,15020.295
AUT,2018,INV,NLIFE,REI,7340.765
AUT,2018,INV,_T,DIR,138559.646
AUT,2018,INV,_T,REI,7340.765
AUT,2018,INV_O,COMP,DIR,66.677
AUT,2018,INV_O,LIFE,DIR,1.51
AUT,2018,INV_O,NLIFE,DIR,0.232
AUT,2018,INV_O,NLIFE,REI,0
AUT,2018,INV_O,_T,DIR,68.419
AUT,2018,INV_O,_T,REI,0
AUT,2018,LOAN,COMP,DIR,4199.273
AUT,2018,LOAN,LIFE,DIR,188.676
AUT,2018,LOAN,NLIFE,DIR,265.969
AUT,2018,LOAN,NLIFE,REI,702.851
AUT,2018,LOAN,_T,DIR,4653.918
AUT,2018,LOAN,_T,REI,702.851
AUT,2018,PEQUF,COMP,DIR,103.152
AUT,2018,PEQUF,LIFE,DIR,4.746
AUT,2018,PEQUF,NLIFE,DIR,0
AUT,2018,PEQUF,NLIFE,REI,0
AUT,2018,PEQUF,_T,DIR,107.898
AUT,2018,PEQUF,_T,REI,0
AUT,2018,PRIB,COMP,DIR,27236.385
AUT,2018,PRIB,LIFE,DIR,1713.182
AUT,2018,PRIB,NLIFE,DIR,1198.748
AUT,2018,PRIB,NLIFE,REI,134.858
AUT,2018,PRIB,_T,DIR,30148.315
AUT,2018,PRIB,_T,REI,134.858
AUT,2018,PUBB,COMP,DIR,24369.421
AUT,2018,PUBB,LIFE,DIR,1476.957
AUT,2018,PUBB,NLIFE,DIR,343.929
AUT,2018,PUBB,NLIFE,REI,20.125
AUT,2018,PUBB,_T,DIR,26190.307
AUT,2018,PUBB,_T,REI,20.125
AUT,2018,PUBS,COMP,DIR,1116.83
AUT,2018,PUBS,LIFE,DIR,4.387
AUT,2018,PUBS,NLIFE,DIR,6.75
AUT,2018,PUBS,NLIFE,REI,8.024
AUT,2018,PUBS,_T,DIR,1127.967
AUT,2018,PUBS,_T,REI,8.024
AUT,2018,REST,COMP,DIR,8987.868
AUT,2018,REST,LIFE,DIR,9.533
AUT,2018,REST,NLIFE,DIR,729.138
AUT,2018,REST,NLIFE,REI,252.441
AUT,2018,REST,_T,DIR,9726.539
AUT,2018,REST,_T,REI,252.441
AUT,2018,SHARE,COMP,DIR,7724.558
AUT,2018,SHARE,LIFE,DIR,93.068
AUT,2018,SHARE,NLIFE,DIR,8728.782
AUT,2018,SHARE,NLIFE,REI,5894.161
AUT,2018,SHARE,_T,DIR,16546.408
AUT,2018,SHARE,_T,REI,5894.161
AUT,2018,STRPRDT,COMP,DIR,1314.223
AUT,2018,STRPRDT,LIFE,DIR,66.931
AUT,2018,STRPRDT,NLIFE,DIR,4.868
AUT,2018,STRPRDT,NLIFE,REI,0
AUT,2018,STRPRDT,_T,DIR,1386.023
AUT,2018,STRPRDT,_T,REI,0
AUT,2018,UNITLINK,COMP,DIR,17321.742
AUT,2018,UNITLINK,LIFE,DIR,3694.838
AUT,2018,UNITLINK,NLIFE,DIR,0
AUT,2018,UNITLINK,NLIFE,REI,0
AUT,2018,UNITLINK,_T,DIR,21016.579
AUT,2018,UNITLINK,_T,REI,0
AUT,2018,UNLISTED,COMP,DIR,6607.728
AUT,2018,UNLISTED,LIFE,DIR,88.681
AUT,2018,UNLISTED,NLIFE,DIR,8722.032
AUT,2018,UNLISTED,NLIFE,REI,5886.137
AUT,2018,UNLISTED,_T,DIR,15418.441
AUT,2018,UNLISTED,_T,REI,5886.137
AUT,2019,BOND,COMP,DIR,51874.209
AUT,2019,BOND,LIFE,DIR,3193.026
AUT,2019,BOND,NLIFE,DIR,1597.914
AUT,2019,BOND,NLIFE,REI,167.673
AUT,2019,BOND,_T,DIR,56665.149
AUT,2019,BOND,_T,REI,167.673
AUT,2019,CASH,COMP,DIR,2125.421
AUT,2019,CASH,LIFE,DIR,89.091
AUT,2019,CASH,NLIFE,DIR,1751.482
AUT,2019,CASH,NLIFE,REI,262.862
AUT,2019,CASH,_T,DIR,3965.994
AUT,2019,CASH,_T,REI,262.862
AUT,2019,CBOND,COMP,DIR,12280.186
AUT,2019,CBOND,LIFE,DIR,4254.972
AUT,2019,CBOND,NLIFE,DIR,1879.654
AUT,2019,CBOND,NLIFE,REI,0
AUT,2019,CBOND,_T,DIR,18414.812
AUT,2019,CBOND,_T,REI,0
AUT,2019,CCASH,COMP,DIR,13.632
AUT,2019,CCASH,LIFE,DIR,10.575
AUT,2019,CCASH,NLIFE,DIR,22.179
AUT,2019,CCASH,NLIFE,REI,0
AUT,2019,CCASH,_T,DIR,46.386
AUT,2019,CCASH,_T,REI,0
AUT,2019,CIS,COMP,DIR,19179.093
AUT,2019,CIS,LIFE,DIR,4836.242
AUT,2019,CIS,NLIFE,DIR,2265.465
AUT,2019,CIS,NLIFE,REI,43.719
AUT,2019,CIS,_T,DIR,26280.8
AUT,2019,CIS,_T,REI,43.719
AUT,2019,COTHER,COMP,DIR,3578.531
AUT,2019,COTHER,LIFE,DIR,14.896
AUT,2019,COTHER,NLIFE,DIR,80.828
AUT,2019,COTHER,NLIFE,REI,43.719
AUT,2019,COTHER,_T,DIR,3674.255
AUT,2019,COTHER,_T,REI,43.719
AUT,2019,CREST,COMP,DIR,160.68
AUT,2019,CREST,LIFE,DIR,26.831
AUT,2019,CREST,NLIFE,DIR,34.372
AUT,2019,CREST,NLIFE,REI,0
AUT,2019,CREST,_T,DIR,221.884
AUT,2019,CREST,_T,REI,0
AUT,2019,CSHARE,COMP,DIR,3146.064
AUT,2019,CSHARE,LIFE,DIR,528.968
AUT,2019,CSHARE,NLIFE,DIR,248.432
AUT,2019,CSHARE,NLIFE,REI,0
AUT,2019,CSHARE,_T,DIR,3923.463
AUT,2019,CSHARE,_T,REI,0
AUT,2019,HEDGE,_T,DIR,0
AUT,2019,INV,COMP,DIR,114108.081
AUT,2019,INV,LIFE,DIR,12383.513
AUT,2019,INV,NLIFE,DIR,14973.935
AUT,2019,INV,NLIFE,REI,6964.415
AUT,2019,INV,_T,DIR,141465.529
AUT,2019,INV,_T,REI,6964.415
AUT,2019,INV_O,COMP,DIR,84.066
AUT,2019,INV_O,LIFE,DIR,1.531
AUT,2019,INV_O,NLIFE,DIR,0.23
AUT,2019,INV_O,NLIFE,REI,0
AUT,2019,INV_O,_T,DIR,85.827
AUT,2019,INV_O,_T,REI,0
AUT,2019,LOAN,COMP,DIR,4335.414
AUT,2019,LOAN,LIFE,DIR,194.412
AUT,2019,LOAN,NLIFE,DIR,205.246
AUT,2019,LOAN,NLIFE,REI,699.498
AUT,2019,LOAN,_T,DIR,4735.073
AUT,2019,LOAN,_T,REI,699.498
AUT,2019,PEQUF,COMP,DIR,142.736
AUT,2019,PEQUF,LIFE,DIR,5.038
AUT,2019,PEQUF,NLIFE,DIR,0
AUT,2019,PEQUF,NLIFE,REI,0
AUT,2019,PEQUF,_T,DIR,147.774
AUT,2019,PEQUF,_T,REI,0
AUT,2019,PRIB,COMP,DIR,27304.75
AUT,2019,PRIB,LIFE,DIR,1725.701
AUT,2019,PRIB,NLIFE,DIR,1217.396
AUT,2019,PRIB,NLIFE,REI,148.127
AUT,2019,PRIB,_T,DIR,30247.848
AUT,2019,PRIB,_T,REI,148.127
AUT,2019,PUBB,COMP,DIR,24569.459
AUT,2019,PUBB,LIFE,DIR,1467.325
AUT,2019,PUBB,NLIFE,DIR,380.518
AUT,2019,PUBB,NLIFE,REI,19.546
AUT,2019,PUBB,_T,DIR,26417.301
AUT,2019,PUBB,_T,REI,19.546
AUT,2019,PUBS,COMP,DIR,1167
AUT,2019,PUBS,LIFE,DIR,1.606
AUT,2019,PUBS,NLIFE,DIR,3.53
AUT,2019,PUBS,NLIFE,REI,9.143
AUT,2019,PUBS,_T,DIR,1172.135
AUT,2019,PUBS,_T,REI,9.143
AUT,2019,REST,COMP,DIR,9851.127
AUT,2019,REST,LIFE,DIR,9.305
AUT,2019,REST,NLIFE,DIR,823.692
AUT,2019,REST,NLIFE,REI,261.861
AUT,2019,REST,_T,DIR,10684.124
AUT,2019,REST,_T,REI,261.861
AUT,2019,SHARE,COMP,DIR,7812.463
AUT,2019,SHARE,LIFE,DIR,98.273
AUT,2019,SHARE,NLIFE,DIR,8325.715
AUT,2019,SHARE,NLIFE,REI,5528.802
AUT,2019,SHARE,_T,DIR,16236.451
AUT,2019,SHARE,_T,REI,5528.802
AUT,2019,STRPRDT,COMP,DIR,1214.322
AUT,2019,STRPRDT,LIFE,DIR,50.351
AUT,2019,STRPRDT,NLIFE,DIR,4.19
AUT,2019,STRPRDT,NLIFE,REI,0
AUT,2019,STRPRDT,_T,DIR,1268.863
AUT,2019,STRPRDT,_T,REI,0
AUT,2019,UNITLINK,COMP,DIR,17489.23
AUT,2019,UNITLINK,LIFE,DIR,3906.244
AUT,2019,UNITLINK,NLIFE,DIR,0
AUT,2019,UNITLINK,NLIFE,REI,0
AUT,2019,UNITLINK,_T,DIR,21395.474
AUT,2019,UNITLINK,_T,REI,0
AUT,2019,UNLISTED,COMP,DIR,6645.464
AUT,2019,UNLISTED,LIFE,DIR,96.667
AUT,2019,UNLISTED,NLIFE,DIR,8322.185
AUT,2019,UNLISTED,NLIFE,REI,5519.659
AUT,2019,UNLISTED,_T,DIR,15064.316
AUT,2019,UNLISTED,_T,REI,5519.659
BEL,2018,BOND,COMP,DIR,204363.337
BEL,2018,BOND,LIFE,DIR,6752.664
BEL,2018,BOND,NLIFE,DIR,6286.583
BEL,2018,BOND,NLIFE,REI,637.338
BEL,2018,BOND,_T,DIR,217402.584
BEL,2018,BOND,_T,REI,637.338
BEL,2018,CASH,COMP,DIR,6703.28
BEL,2018,CASH,LIFE,DIR,745.341
BEL,2018,CASH,NLIFE,DIR,828.089
BEL,2018,CASH,NLIFE,REI,630.496
BEL,2018,CASH,_T,DIR,8276.71
BEL,2018,CASH,_T,REI,630.496
BEL,2018,CIS,COMP,DIR,10619.491
BEL,2018,CIS,LIFE,DIR,1649.778
BEL,2018,CIS,NLIFE,DIR,1084.877
BEL,2018,CIS,NLIFE,REI,2.304
BEL,2018,CIS,_T,DIR,13354.146
BEL,2018,CIS,_T,REI,2.304
BEL,2018,HEDGE,NLIFE,REI,0
BEL,2018,HEDGE,_T,REI,0
BEL,2018,INV,COMP,DIR,322274.337
BEL,2018,INV,LIFE,DIR,14164.811
BEL,2018,INV,NLIFE,DIR,10198.302
BEL,2018,INV,NLIFE,REI,8257.456
BEL,2018,INV,_T,DIR,346637.45
BEL,2018,INV,_T,REI,8257.456
BEL,2018,INV_O,COMP,DIR,366.969
BEL,2018,INV_O,LIFE,DIR,219.981
BEL,2018,INV_O,NLIFE,DIR,33.277
BEL,2018,INV_O,NLIFE,REI,0
BEL,2018,INV_O,_T,DIR,620.227
BEL,2018,INV_O,_T,REI,0
BEL,2018,LOAN,COMP,DIR,33184.808
BEL,2018,LOAN,LIFE,DIR,2241.193
BEL,2018,LOAN,NLIFE,DIR,311.593
BEL,2018,LOAN,NLIFE,REI,0
BEL,2018,LOAN,_T,DIR,35737.594
BEL,2018,LOAN,_T,REI,0
BEL,2018,PEQUF,COMP,DIR,966.057
BEL,2018,PEQUF,LIFE,DIR,16.111
BEL,2018,PEQUF,NLIFE,DIR,0.619
BEL,2018,PEQUF,NLIFE,REI,0
BEL,2018,PEQUF,_T,DIR,982.788
BEL,2018,PEQUF,_T,REI,0
BEL,2018,PRIB,COMP,DIR,60790.531
BEL,2018,PRIB,LIFE,DIR,2788.249
BEL,2018,PRIB,NLIFE,DIR,3225.648
BEL,2018,PRIB,NLIFE,REI,633.938
BEL,2018,PRIB,_T,DIR,66804.428
BEL,2018,PRIB,_T,REI,633.938
BEL,2018,PUBB,COMP,DIR,143572.806
BEL,2018,PUBB,LIFE,DIR,3964.415
BEL,2018,PUBB,NLIFE,DIR,3060.935
BEL,2018,PUBB,NLIFE,REI,3.4
BEL,2018,PUBB,_T,DIR,150598.156
BEL,2018,PUBB,_T,REI,3.4
BEL,2018,PUBS,COMP,DIR,9612.938
BEL,2018,PUBS,LIFE,DIR,229.042
BEL,2018,PUBS,NLIFE,DIR,176.674
BEL,2018,PUBS,_T,DIR,10018.652
BEL,2018,REST,COMP,DIR,9405.796
BEL,2018,REST,LIFE,DIR,301.184
BEL,2018,REST,NLIFE,DIR,325.726
BEL,2018,REST,NLIFE,REI,0.511
BEL,2018,REST,_T,DIR,10032.706
BEL,2018,REST,_T,REI,0.511
BEL,2018,SHARE,COMP,DIR,16001.72
BEL,2018,SHARE,LIFE,DIR,540.165
BEL,2018,SHARE,NLIFE,DIR,1280.6
BEL,2018,SHARE,NLIFE,REI,6986.807
BEL,2018,SHARE,_T,DIR,17822.486
BEL,2018,SHARE,_T,REI,6986.807
BEL,2018,STRPRDT,COMP,DIR,965.768
BEL,2018,STRPRDT,LIFE,DIR,414.563
BEL,2018,STRPRDT,NLIFE,DIR,46.937
BEL,2018,STRPRDT,NLIFE,REI,0
BEL,2018,STRPRDT,_T,DIR,1427.269
BEL,2018,STRPRDT,_T,REI,0
BEL,2018,UNITLINK,COMP,DIR,39697.111
BEL,2018,UNITLINK,LIFE,DIR,1283.829
BEL,2018,UNITLINK,NLIFE,REI,0
BEL,2018,UNITLINK,_T,DIR,40980.94
BEL,2018,UNITLINK,_T,REI,0
BEL,2018,UNLISTED,COMP,DIR,6388.782
BEL,2018,UNLISTED,LIFE,DIR,311.123
BEL,2018,UNLISTED,NLIFE,DIR,1103.926
BEL,2018,UNLISTED,_T,DIR,7803.834
BEL,2019,BOND,COMP,DIR,212598.865
BEL,2019,BOND,LIFE,DIR,6326.75
BEL,2019,BOND,NLIFE,DIR,6830.907
BEL,2019,BOND,NLIFE,REI,1331.128
BEL,2019,BOND,_T,DIR,225756.522
BEL,2019,BOND,_T,REI,1331.128
BEL,2019,CASH,COMP,DIR,7250.659
BEL,2019,CASH,LIFE,DIR,618.275
BEL,2019,CASH,NLIFE,DIR,853.653
BEL,2019,CASH,NLIFE,REI,1151.193
BEL,2019,CASH,_T,DIR,8722.587
BEL,2019,CASH,_T,REI,1151.193
BEL,2019,CIS,COMP,DIR,12919.956
BEL,2019,CIS,LIFE,DIR,1731.169
BEL,2019,CIS,NLIFE,DIR,2502.864
BEL,2019,CIS,NLIFE,REI,43.206
BEL,2019,CIS,_T,DIR,17153.988
BEL,2019,CIS,_T,REI,43.206
BEL,2019,HEDGE,NLIFE,REI,0
BEL,2019,HEDGE,_T,REI,0
BEL,2019,INV,COMP,DIR,349399.318
BEL,2019,INV,LIFE,DIR,14006.156
BEL,2019,INV,NLIFE,DIR,12701.486
BEL,2019,INV,NLIFE,REI,9557.875
BEL,2019,INV,_T,DIR,376101.747
BEL,2019,INV,_T,REI,9557.875
BEL,2019,INV_O,COMP,DIR,1248.934
BEL,2019,INV_O,LIFE,DIR,254.249
BEL,2019,INV_O,NLIFE,DIR,23.038
BEL,2019,INV_O,NLIFE,REI,0
BEL,2019,INV_O,_T,DIR,1521.008
BEL,2019,INV_O,_T,REI,0
BEL,2019,LOAN,COMP,DIR,38334.986
BEL,2019,LOAN,LIFE,DIR,2414.698
BEL,2019,LOAN,NLIFE,DIR,288.301
BEL,2019,LOAN,NLIFE,REI,261.707
BEL,2019,LOAN,_T,DIR,41037.985
BEL,2019,LOAN,_T,REI,261.707
BEL,2019,PEQUF,COMP,DIR,992.077
BEL,2019,PEQUF,LIFE,DIR,18.885
BEL,2019,PEQUF,NLIFE,DIR,0.608
BEL,2019,PEQUF,NLIFE,REI,0
BEL,2019,PEQUF,_T,DIR,1011.569
BEL,2019,PEQUF,_T,REI,0
BEL,2019,PRIB,COMP,DIR,60695.736
BEL,2019,PRIB,LIFE,DIR,2918.263
BEL,2019,PRIB,NLIFE,DIR,3446.955
BEL,2019,PRIB,NLIFE,REI,1010.599
BEL,2019,PRIB,_T,DIR,67060.955
BEL,2019,PRIB,_T,REI,1010.599
BEL,2019,PUBB,COMP,DIR,151903.128
BEL,2019,PUBB,LIFE,DIR,3408.486
BEL,2019,PUBB,NLIFE,DIR,3383.952
BEL,2019,PUBB,NLIFE,REI,320.528
BEL,2019,PUBB,_T,DIR,158695.567
BEL,2019,PUBB,_T,REI,320.528
BEL,2019,PUBS,COMP,DIR,11917.287
BEL,2019,PUBS,LIFE,DIR,179.893
BEL,2019,PUBS,NLIFE,DIR,845.395
BEL,2019,PUBS,_T,DIR,12942.575
BEL,2019,REST,COMP,DIR,9567.848
BEL,2019,REST,LIFE,DIR,329.142
BEL,2019,REST,NLIFE,DIR,525.801
BEL,2019,REST,NLIFE,REI,10.852
BEL,2019,REST,_T,DIR,10422.791
BEL,2019,REST,_T,REI,10.852
BEL,2019,SHARE,COMP,DIR,17137.574
BEL,2019,SHARE,LIFE,DIR,582.095
BEL,2019,SHARE,NLIFE,DIR,1601.279
BEL,2019,SHARE,NLIFE,REI,6759.8
BEL,2019,SHARE,_T,DIR,19320.947
BEL,2019,SHARE,_T,REI,6759.8
BEL,2019,STRPRDT,COMP,DIR,1021.221
BEL,2019,STRPRDT,LIFE,DIR,294.823
BEL,2019,STRPRDT,NLIFE,DIR,75.036
BEL,2019,STRPRDT,NLIFE,REI,0
BEL,2019,STRPRDT,_T,DIR,1391.08
BEL,2019,STRPRDT,_T,REI,0
BEL,2019,UNITLINK,COMP,DIR,48327.199
BEL,2019,UNITLINK,LIFE,DIR,1436.072
BEL,2019,UNITLINK,NLIFE,REI,0
BEL,2019,UNITLINK,_T,DIR,49763.271
BEL,2019,UNITLINK,_T,REI,0
BEL,2019,UNLISTED,COMP,DIR,5220.286
BEL,2019,UNLISTED,LIFE,DIR,402.202
BEL,2019,UNLISTED,NLIFE,DIR,755.884
BEL,2019,UNLISTED,_T,DIR,6378.372
BEL,2020,BOND,COMP,DIR,231903.354
BEL,2020,BOND,LIFE,DIR,5204.128
BEL,2020,BOND,NLIFE,DIR,12122.514
BEL,2020,BOND,NLIFE,REI,2108.27
BEL,2020,BOND,_T,DIR,249229.995
BEL,2020,BOND,_T,REI,2108.27
BEL,2020,CASH,COMP,DIR,7131.901
BEL,2020,CASH,LIFE,DIR,881.057
BEL,2020,CASH,NLIFE,DIR,1247.96
BEL,2020,CASH,NLIFE,REI,504.966
BEL,2020,CASH,_T,DIR,9260.918
BEL,2020,CASH,_T,REI,504.966
BEL,2020,CBOND,COMP,DIR,6196.851
BEL,2020,CBOND,LIFE,DIR,820.929
BEL,2020,CBOND,NLIFE,DIR,1565.779
BEL,2020,CBOND,_T,DIR,8583.559
BEL,2020,CCASH,COMP,DIR,0
BEL,2020,CCASH,LIFE,DIR,0
BEL,2020,CCASH,NLIFE,DIR,0
BEL,2020,CCASH,_T,DIR,0
BEL,2020,CIS,COMP,DIR,16859.117
BEL,2020,CIS,LIFE,DIR,1468.838
BEL,2020,CIS,NLIFE,DIR,3229.725
BEL,2020,CIS,NLIFE,REI,126.234
BEL,2020,CIS,_T,DIR,21557.68
BEL,2020,CIS,_T,REI,126.234
BEL,2020,COTHER,COMP,DIR,8838.796
BEL,2020,COTHER,LIFE,DIR,546.059
BEL,2020,COTHER,NLIFE,DIR,1289.681
BEL,2020,COTHER,_T,DIR,10674.536
BEL,2020,CSHARE,COMP,DIR,1823.47
BEL,2020,CSHARE,LIFE,DIR,101.849
BEL,2020,CSHARE,NLIFE,DIR,374.265
BEL,2020,CSHARE,_T,DIR,2299.584
BEL,2020,HEDGE,NLIFE,REI,0
BEL,2020,HEDGE,_T,REI,0
BEL,2020,INV,COMP,DIR,389939.013
BEL,2020,INV,LIFE,DIR,11678.304
BEL,2020,INV,NLIFE,DIR,20157.56
BEL,2020,INV,NLIFE,REI,11106.549
BEL,2020,INV,_T,DIR,421774.876
BEL,2020,INV,_T,REI,11106.549
BEL,2020,INV_O,COMP,DIR,767.146
BEL,2020,INV_O,LIFE,DIR,307.437
BEL,2020,INV_O,NLIFE,DIR,248.727
BEL,2020,INV_O,NLIFE,REI,0
BEL,2020,INV_O,_T,DIR,1323.311
BEL,2020,INV_O,_T,REI,0
BEL,2020,LOAN,COMP,DIR,46795.342
BEL,2020,LOAN,LIFE,DIR,2525.965
BEL,2020,LOAN,NLIFE,DIR,1050.68
BEL,2020,LOAN,NLIFE,REI,1346.608
BEL,2020,LOAN,_T,DIR,50371.986
BEL,2020,LOAN,_T,REI,1346.608
BEL,2020,PEQUF,COMP,DIR,1114.869
BEL,2020,PEQUF,LIFE,DIR,9.892
BEL,2020,PEQUF,NLIFE,DIR,46.576
BEL,2020,PEQUF,NLIFE,REI,0
BEL,2020,PEQUF,_T,DIR,1171.337
BEL,2020,PEQUF,_T,REI,0
BEL,2020,PRIB,COMP,DIR,64236.978
BEL,2020,PRIB,LIFE,DIR,2395.288
BEL,2020,PRIB,NLIFE,DIR,6770.381
BEL,2020,PRIB,NLIFE,REI,1480.817
BEL,2020,PRIB,_T,DIR,73402.647
BEL,2020,PRIB,_T,REI,1480.817
BEL,2020,PUBB,COMP,DIR,167666.376
BEL,2020,PUBB,LIFE,DIR,2808.84
BEL,2020,PUBB,NLIFE,DIR,5352.132
BEL,2020,PUBB,NLIFE,REI,627.453
BEL,2020,PUBB,_T,DIR,175827.348
BEL,2020,PUBB,_T,REI,627.453
BEL,2020,PUBS,COMP,DIR,12560.302
BEL,2020,PUBS,LIFE,DIR,143.152
BEL,2020,PUBS,NLIFE,DIR,962.622
BEL,2020,PUBS,_T,DIR,13666.076
BEL,2020,REST,COMP,DIR,10927.44
BEL,2020,REST,LIFE,DIR,373.162
BEL,2020,REST,NLIFE,DIR,567.07
BEL,2020,REST,NLIFE,REI,10.002
BEL,2020,REST,_T,DIR,11867.672
BEL,2020,REST,_T,REI,10.002
BEL,2020,SHARE,COMP,DIR,18368.449
BEL,2020,SHARE,LIFE,DIR,523.971
BEL,2020,SHARE,NLIFE,DIR,1613.636
BEL,2020,SHARE,NLIFE,REI,7010.47
BEL,2020,SHARE,_T,DIR,20506.056
BEL,2020,SHARE,_T,REI,7010.47
BEL,2020,STRPRDT,COMP,DIR,2290.752
BEL,2020,STRPRDT,LIFE,DIR,34.205
BEL,2020,STRPRDT,NLIFE,DIR,77.248
BEL,2020,STRPRDT,NLIFE,REI,0
BEL,2020,STRPRDT,_T,DIR,2402.205
BEL,2020,STRPRDT,_T,REI,0
BEL,2020,UNITLINK,COMP,DIR,54895.512
BEL,2020,UNITLINK,LIFE,DIR,359.54
BEL,2020,UNITLINK,NLIFE,DIR,0
BEL,2020,UNITLINK,NLIFE,REI,0
BEL,2020,UNITLINK,_T,DIR,55255.053
BEL,2020,UNITLINK,_T,REI,0
BEL,2020,UNLISTED,COMP,DIR,5808.147
BEL,2020,UNLISTED,LIFE,DIR,380.819
BEL,2020,UNLISTED,NLIFE,DIR,651.014
BEL,2020,UNLISTED,_T,DIR,6839.98
BOL,2018,BOND,COMP,DIR,0
BOL,2018,BOND,LIFE,DIR,283.951
BOL,2018,BOND,NLIFE,DIR,124.095
BOL,2018,BOND,_T,DIR,408.046
BOL,2018,CASH,COMP,DIR,0
BOL,2018,CASH,LIFE,DIR,10.864
BOL,2018,CASH,NLIFE,DIR,7.567
BOL,2018,CASH,_T,DIR,18.431
BOL,2018,CBOND,COMP,DIR,0
BOL,2018,CBOND,LIFE,DIR,0
BOL,2018,CBOND,NLIFE,DIR,0
BOL,2018,CBOND,_T,DIR,0
BOL,2018,CCASH,COMP,DIR,0
BOL,2018,CCASH,LIFE,DIR,0
BOL,2018,CCASH,NLIFE,DIR,0
BOL,2018,CCASH,_T,DIR,0
BOL,2018,CIS,COMP,DIR,0
BOL,2018,CIS,LIFE,DIR,0
BOL,2018,CIS,NLIFE,DIR,0
BOL,2018,CIS,_T,DIR,0
BOL,2018,COTHER,COMP,DIR,0
BOL,2018,COTHER,LIFE,DIR,0
BOL,2018,COTHER,NLIFE,DIR,0
BOL,2018,COTHER,_T,DIR,0
BOL,2018,CREST,COMP,DIR,0
BOL,2018,CREST,LIFE,DIR,0
BOL,2018,CREST,NLIFE,DIR,0
BOL,2018,CREST,_T,DIR,0
BOL,2018,CSHARE,COMP,DIR,0
BOL,2018,CSHARE,LIFE,DIR,0
BOL,2018,CSHARE,NLIFE,DIR,0
BOL,2018,CSHARE,_T,DIR,0
BOL,2018,HEDGE,COMP,DIR,0
BOL,2018,HEDGE,LIFE,DIR,0
BOL,2018,HEDGE,NLIFE,DIR,0
BOL,2018,HEDGE,_T,DIR,0
BOL,2018,INV,COMP,DIR,0
BOL,2018,INV,LIFE,DIR,478.873
BOL,2018,INV,NLIFE,DIR,175.87
BOL,2018,INV,_T,DIR,654.743
BOL,2018,INV_O,COMP,DIR,0
BOL,2018,INV_O,LIFE,DIR,11.245
BOL,2018,INV_O,NLIFE,DIR,2.893
BOL,2018,INV_O,_T,DIR,14.138
BOL,2018,LOAN,COMP,DIR,0
BOL,2018,LOAN,LIFE,DIR,26.665
BOL,2018,LOAN,NLIFE,DIR,0
BOL,2018,LOAN,_T,DIR,26.665
BOL,2018,PEQUF,COMP,DIR,0
BOL,2018,PEQUF,LIFE,DIR,35.648
BOL,2018,PEQUF,NLIFE,DIR,10.234
BOL,2018,PEQUF,_T,DIR,45.882
BOL,2018,PRIB,COMP,DIR,0
BOL,2018,PRIB,LIFE,DIR,142.634
BOL,2018,PRIB,NLIFE,DIR,117.094
BOL,2018,PRIB,_T,DIR,259.728
BOL,2018,PUBB,COMP,DIR,0
BOL,2018,PUBB,LIFE,DIR,141.317
BOL,2018,PUBB,NLIFE,DIR,7.001
BOL,2018,PUBB,_T,DIR,148.318
BOL,2018,PUBS,COMP,DIR,0
BOL,2018,PUBS,LIFE,DIR,5.324
BOL,2018,PUBS,NLIFE,DIR,3.855
BOL,2018,PUBS,_T,DIR,9.179
BOL,2018,REST,COMP,DIR,0
BOL,2018,REST,LIFE,DIR,105.177
BOL,2018,REST,NLIFE,DIR,27.224
BOL,2018,REST,_T,DIR,132.401
BOL,2018,SHARE,COMP,DIR,0
BOL,2018,SHARE,LIFE,DIR,5.324
BOL,2018,SHARE,NLIFE,DIR,3.855
BOL,2018,SHARE,_T,DIR,9.179
BOL,2018,STRPRDT,COMP,DIR,0
BOL,2018,STRPRDT,LIFE,DIR,0
BOL,2018,STRPRDT,NLIFE,DIR,0
BOL,2018,STRPRDT,_T,DIR,0
BOL,2018,UNITLINK,COMP,DIR,0
BOL,2018,UNITLINK,LIFE,DIR,0
BOL,2018,UNITLINK,NLIFE,DIR,0
BOL,2018,UNITLINK,_T,DIR,0
BOL,2018,UNLISTED,COMP,DIR,0
BOL,2018,UNLISTED,LIFE,DIR,0
BOL,2018,UNLISTED,NLIFE,DIR,0
BOL,2018,UNLISTED,_T,DIR,0
BOL,2019,BOND,COMP,DIR,0
BOL,2019,BOND,LIFE,DIR,287.77
BOL,2019,BOND,NLIFE,DIR,121.189
BOL,2019,BOND,_T,DIR,408.959
BOL,2019,CASH,COMP,DIR,0
BOL,2019,CASH,LIFE,DIR,24.038
BOL,2019,CASH,NLIFE,DIR,7.878
BOL,2019,CASH,_T,DIR,31.915
BOL,2019,CBOND,COMP,DIR,0
BOL,2019,CBOND,LIFE,DIR,0
BOL,2019,CBOND,NLIFE,DIR,0
BOL,2019,CBOND,_T,DIR,0
BOL,2019,CCASH,COMP,DIR,0
BOL,2019,CCASH,LIFE,DIR,0
BOL,2019,CCASH,NLIFE,DIR,0
BOL,2019,CCASH,_T,DIR,0
BOL,2019,CIS,COMP,DIR,0
BOL,2019,CIS,LIFE,DIR,0
BOL,2019,CIS,NLIFE,DIR,0
BOL,2019,CIS,_T,DIR,0
BOL,2019,COTHER,COMP,DIR,0
BOL,2019,COTHER,LIFE,DIR,0
BOL,2019,COTHER,NLIFE,DIR,0
BOL,2019,COTHER,_T,DIR,0
BOL,2019,CREST,COMP,DIR,0
BOL,2019,CREST,LIFE,DIR,0
BOL,2019,CREST,NLIFE,DIR,0
BOL,2019,CREST,_T,DIR,0
BOL,2019,CSHARE,COMP,DIR,0
BOL,2019,CSHARE,LIFE,DIR,0
BOL,2019,CSHARE,NLIFE,DIR,0
BOL,2019,CSHARE,_T,DIR,0
BOL,2019,HEDGE,COMP,DIR,0
BOL,2019,HEDGE,LIFE,DIR,0
BOL,2019,HEDGE,NLIFE,DIR,0
BOL,2019,HEDGE,_T,DIR,0
BOL,2019,INV,COMP,DIR,0
BOL,2019,INV,LIFE,DIR,492.652
BOL,2019,INV,NLIFE,DIR,168.808
BOL,2019,INV,_T,DIR,661.46
BOL,2019,INV_O,COMP,DIR,0
BOL,2019,INV_O,LIFE,DIR,0
BOL,2019,INV_O,NLIFE,DIR,0
BOL,2019,INV_O,_T,DIR,0
BOL,2019,LOAN,COMP,DIR,0
BOL,2019,LOAN,LIFE,DIR,43.049
BOL,2019,LOAN,NLIFE,DIR,0
BOL,2019,LOAN,_T,DIR,43.049
BOL,2019,PEQUF,COMP,DIR,0
BOL,2019,PEQUF,LIFE,DIR,42.45
BOL,2019,PEQUF,NLIFE,DIR,8.821
BOL,2019,PEQUF,_T,DIR,51.271
BOL,2019,PRIB,COMP,DIR,0
BOL,2019,PRIB,LIFE,DIR,162.093
BOL,2019,PRIB,NLIFE,DIR,109.015
BOL,2019,PRIB,_T,DIR,271.108
BOL,2019,PUBB,COMP,DIR,0
BOL,2019,PUBB,LIFE,DIR,125.677
BOL,2019,PUBB,NLIFE,DIR,12.174
BOL,2019,PUBB,_T,DIR,137.851
BOL,2019,PUBS,COMP,DIR,0
BOL,2019,PUBS,LIFE,DIR,3.69
BOL,2019,PUBS,NLIFE,DIR,4.282
BOL,2019,PUBS,_T,DIR,7.972
BOL,2019,REST,COMP,DIR,0
BOL,2019,REST,LIFE,DIR,91.656
BOL,2019,REST,NLIFE,DIR,26.638
BOL,2019,REST,_T,DIR,118.294
BOL,2019,SHARE,COMP,DIR,0
BOL,2019,SHARE,LIFE,DIR,3.69
BOL,2019,SHARE,NLIFE,DIR,4.282
BOL,2019,SHARE,_T,DIR,7.972
BOL,2019,STRPRDT,COMP,DIR,0
BOL,2019,STRPRDT,LIFE,DIR,0
BOL,2019,STRPRDT,NLIFE,DIR,0
BOL,2019,STRPRDT,_T,DIR,0
BOL,2019,UNITLINK,COMP,DIR,0
BOL,2019,UNITLINK,LIFE,DIR,0
BOL,2019,UNITLINK,NLIFE,DIR,0
BOL,2019,UNITLINK,_T,DIR,0
BOL,2019,UNLISTED,COMP,DIR,0
BOL,2019,UNLISTED,LIFE,DIR,0
BOL,2019,UNLISTED,NLIFE,DIR,0
BOL,2019,UNLISTED,_T,DIR,0
BOL,2020,BOND,COMP,DIR,0
BOL,2020,BOND,LIFE,DIR,111.605
BOL,2020,BOND,NLIFE,DIR,44.403
BOL,2020,BOND,_T,DIR,156.008
BOL,2020,CASH,COMP,DIR,0
BOL,2020,CASH,LIFE,DIR,28.535
BOL,2020,CASH,NLIFE,DIR,16.669
BOL,2020,CASH,_T,DIR,45.204
BOL,2020,CBOND,COMP,DIR,0
BOL,2020,CBOND,LIFE,DIR,0
BOL,2020,CBOND,NLIFE,DIR,0
BOL,2020,CBOND,_T,DIR,0
BOL,2020,CCASH,COMP,DIR,0
BOL,2020,CCASH,LIFE,DIR,0
BOL,2020,CCASH,NLIFE,DIR,0
BOL,2020,CCASH,_T,DIR,0
BOL,2020,CIS,COMP,DIR,0
BOL,2020,CIS,LIFE,DIR,0
BOL,2020,CIS,NLIFE,DIR,0
BOL,2020,CIS,_T,DIR,0
BOL,2020,COTHER,COMP,DIR,0
BOL,2020,COTHER,LIFE,DIR,0
BOL,2020,COTHER,NLIFE,DIR,0
BOL,2020,COTHER,_T,DIR,0
BOL,2020,CREST,COMP,DIR,0
BOL,2020,CREST,LIFE,DIR,0
BOL,2020,CREST,NLIFE,DIR,0
BOL,2020,CREST,_T,DIR,0
BOL,2020,CSHARE,COMP,DIR,0
BOL,2020,CSHARE,LIFE,DIR,0
BOL,2020,CSHARE,NLIFE,DIR,0
BOL,2020,CSHARE,_T,DIR,0
BOL,2020,HEDGE,COMP,DIR,0
BOL,2020,HEDGE,LIFE,DIR,0
BOL,2020,HEDGE,NLIFE,DIR,0
BOL,2020,HEDGE,_T,DIR,0
BOL,2020,INV,COMP,DIR,0
BOL,2020,INV,LIFE,DIR,455.078
BOL,2020,INV,NLIFE,DIR,182.823
BOL,2020,INV,_T,DIR,637.901
BOL,2020,INV_O,COMP,DIR,0
BOL,2020,INV_O,LIFE,DIR,152.894
BOL,2020,INV_O,NLIFE,DIR,81.126
BOL,2020,INV_O,_T,DIR,234.02
BOL,2020,LOAN,COMP,DIR,0
BOL,2020,LOAN,LIFE,DIR,45.633
BOL,2020,LOAN,NLIFE,DIR,0
BOL,2020,LOAN,_T,DIR,45.633
BOL,2020,PEQUF,COMP,DIR,0
BOL,2020,PEQUF,LIFE,DIR,38.954
BOL,2020,PEQUF,NLIFE,DIR,7.053
BOL,2020,PEQUF,_T,DIR,46.007
BOL,2020,PRIB,COMP,DIR,0
BOL,2020,PRIB,LIFE,DIR,50.777
BOL,2020,PRIB,NLIFE,DIR,33.812
BOL,2020,PRIB,_T,DIR,84.589
BOL,2020,PUBB,COMP,DIR,0
BOL,2020,PUBB,LIFE,DIR,60.828
BOL,2020,PUBB,NLIFE,DIR,10.591
BOL,2020,PUBB,_T,DIR,71.419
BOL,2020,PUBS,COMP,DIR,0
BOL,2020,PUBS,LIFE,DIR,3.841
BOL,2020,PUBS,NLIFE,DIR,4.693
BOL,2020,PUBS,_T,DIR,8.534
BOL,2020,REST,COMP,DIR,0
BOL,2020,REST,LIFE,DIR,73.616
BOL,2020,REST,NLIFE,DIR,28.88
BOL,2020,REST,_T,DIR,102.495
BOL,2020,SHARE,COMP,DIR,0
BOL,2020,SHARE,LIFE,DIR,3.841
BOL,2020,SHARE,NLIFE,DIR,4.693
BOL,2020,SHARE,_T,DIR,8.534
BOL,2020,STRPRDT,COMP,DIR,0
BOL,2020,STRPRDT,LIFE,DIR,0
BOL,2020,STRPRDT,NLIFE,DIR,0
BOL,2020,STRPRDT,_T,DIR,0
BOL,2020,UNITLINK,COMP,DIR,0
BOL,2020,UNITLINK,LIFE,DIR,0
BOL,2020,UNITLINK,NLIFE,DIR,0
BOL,2020,UNITLINK,_T,DIR,0
BOL,2020,UNLISTED,COMP,DIR,0
BOL,2020,UNLISTED,LIFE,DIR,0
BOL,2020,UNLISTED,NLIFE,DIR,0
BOL,2020,UNLISTED,_T,DIR,0
BRA,2018,BOND,COMP,DIR,16464.163
BRA,2018,BOND,COMP,REI,615.345
BRA,2018,BOND,LIFE,DIR,6197.236
BRA,2018,BOND,LIFE,REI,0
BRA,2018,BOND,NLIFE,DIR,2093.17
BRA,2018,BOND,NLIFE,REI,497.553
BRA,2018,BOND,_T,DIR,24754.569
BRA,2018,BOND,_T,REI,1112.898
BRA,2018,CASH,COMP,DIR,291.317
BRA,2018,CASH,COMP,REI,29.844
BRA,2018,CASH,LIFE,DIR,142.053
BRA,2018,CASH,LIFE,REI,0
BRA,2018,CASH,NLIFE,DIR,49.285
BRA,2018,CASH,NLIFE,REI,3.505
BRA,2018,CASH,_T,DIR,482.654
BRA,2018,CASH,_T,REI,33.349
BRA,2018,CBOND,COMP,DIR,13030.703
BRA,2018,CBOND,COMP,REI,1221.674
BRA,2018,CBOND,LIFE,DIR,6138.005
BRA,2018,CBOND,LIFE,REI,0
BRA,2018,CBOND,NLIFE,DIR,1120.83
BRA,2018,CBOND,NLIFE,REI,13.804
BRA,2018,CBOND,_T,DIR,20289.538
BRA,2018,CBOND,_T,REI,1235.478
BRA,2018,CCASH,COMP,DIR,21.953
BRA,2018,CCASH,COMP,REI,18.182
BRA,2018,CCASH,LIFE,DIR,0.155
BRA,2018,CCASH,LIFE,REI,0
BRA,2018,CCASH,NLIFE,DIR,0
BRA,2018,CCASH,NLIFE,REI,0
BRA,2018,CCASH,_T,DIR,22.108
BRA,2018,CCASH,_T,REI,18.182
BRA,2018,CIS,COMP,DIR,13151.071
BRA,2018,CIS,COMP,REI,1275.902
BRA,2018,CIS,LIFE,DIR,6168.835
BRA,2018,CIS,LIFE,REI,0
BRA,2018,CIS,NLIFE,DIR,1136.087
BRA,2018,CIS,NLIFE,REI,13.804
BRA,2018,CIS,_T,DIR,20455.993
BRA,2018,CIS,_T,REI,1289.706
BRA,2018,COTHER,COMP,DIR,9.225
BRA,2018,COTHER,COMP,REI,0.712
BRA,2018,COTHER,LIFE,DIR,2.798
BRA,2018,COTHER,LIFE,REI,0
BRA,2018,COTHER,NLIFE,DIR,0.372
BRA,2018,COTHER,NLIFE,REI,0
BRA,2018,COTHER,_T,DIR,12.395
BRA,2018,COTHER,_T,REI,0.712
BRA,2018,CREST,COMP,DIR,14.305
BRA,2018,CREST,COMP,REI,12.591
BRA,2018,CREST,LIFE,DIR,20.66
BRA,2018,CREST,LIFE,REI,0
BRA,2018,CREST,NLIFE,DIR,13.688
BRA,2018,CREST,NLIFE,REI,0
BRA,2018,CREST,_T,DIR,48.653
BRA,2018,CREST,_T,REI,12.591
BRA,2018,CSHARE,COMP,DIR,74.885
BRA,2018,CSHARE,COMP,REI,22.743
BRA,2018,CSHARE,LIFE,DIR,7.217
BRA,2018,CSHARE,LIFE,REI,0
BRA,2018,CSHARE,NLIFE,DIR,1.198
BRA,2018,CSHARE,NLIFE,REI,0
BRA,2018,CSHARE,_T,DIR,83.3
BRA,2018,CSHARE,_T,REI,22.743
BRA,2018,HEDGE,COMP,DIR,217.397
BRA,2018,HEDGE,COMP,REI,341.523
BRA,2018,HEDGE,LIFE,DIR,234.214
BRA,2018,HEDGE,LIFE,REI,0
BRA,2018,HEDGE,NLIFE,DIR,23.236
BRA,2018,HEDGE,NLIFE,REI,0
BRA,2018,HEDGE,_T,DIR,474.846
BRA,2018,HEDGE,_T,REI,341.523
BRA,2018,INV,COMP,DIR,121128.285
BRA,2018,INV,COMP,REI,2548.211
BRA,2018,INV,LIFE,DIR,163005.686
BRA,2018,INV,LIFE,REI,0
BRA,2018,INV,NLIFE,DIR,3323.133
BRA,2018,INV,NLIFE,REI,515.074
BRA,2018,INV,_T,DIR,287457.103
BRA,2018,INV,_T,REI,3063.285
BRA,2018,INV_O,COMP,DIR,22.714
BRA,2018,INV_O,COMP,REI,54.096
BRA,2018,INV_O,LIFE,DIR,24.165
BRA,2018,INV_O,LIFE,REI,0
BRA,2018,INV_O,NLIFE,DIR,0.558
BRA,2018,INV_O,NLIFE,REI,0.212
BRA,2018,INV_O,_T,DIR,47.437
BRA,2018,INV_O,_T,REI,54.308
BRA,2018,LOAN,COMP,DIR,0
BRA,2018,LOAN,COMP,REI,0
BRA,2018,LOAN,LIFE,DIR,135.179
BRA,2018,LOAN,LIFE,REI,0
BRA,2018,LOAN,NLIFE,DIR,0
BRA,2018,LOAN,NLIFE,REI,0
BRA,2018,LOAN,_T,DIR,135.179
BRA,2018,LOAN,_T,REI,0
BRA,2018,PEQUF,COMP,DIR,7081.465
BRA,2018,PEQUF,COMP,REI,211.62
BRA,2018,PEQUF,LIFE,DIR,141.962
BRA,2018,PEQUF,LIFE,REI,0
BRA,2018,PEQUF,NLIFE,DIR,0.945
BRA,2018,PEQUF,NLIFE,REI,0
BRA,2018,PEQUF,_T,DIR,7224.371
BRA,2018,PEQUF,_T,REI,211.62
BRA,2018,PRIB,COMP,DIR,717.4
BRA,2018,PRIB,COMP,REI,86.309
BRA,2018,PRIB,LIFE,DIR,244.432
BRA,2018,PRIB,LIFE,REI,0
BRA,2018,PRIB,NLIFE,DIR,100.377
BRA,2018,PRIB,NLIFE,REI,98.343
BRA,2018,PRIB,_T,DIR,1062.209
BRA,2018,PRIB,_T,REI,184.652
BRA,2018,PUBB,COMP,DIR,15746.763
BRA,2018,PUBB,COMP,REI,529.036
BRA,2018,PUBB,LIFE,DIR,5952.803
BRA,2018,PUBB,LIFE,REI,0
BRA,2018,PUBB,NLIFE,DIR,1992.793
BRA,2018,PUBB,NLIFE,REI,399.21
BRA,2018,PUBB,_T,DIR,23692.36
BRA,2018,PUBB,_T,REI,928.246
BRA,2018,PUBS,COMP,DIR,401.34
BRA,2018,PUBS,COMP,REI,0
BRA,2018,PUBS,LIFE,DIR,5.513
BRA,2018,PUBS,LIFE,REI,0
BRA,2018,PUBS,NLIFE,DIR,13.657
BRA,2018,PUBS,NLIFE,REI,0
BRA,2018,PUBS,_T,DIR,420.51
BRA,2018,PUBS,_T,REI,0
BRA,2018,REST,COMP,DIR,272.278
BRA,2018,REST,COMP,REI,15.446
BRA,2018,REST,LIFE,DIR,46.838
BRA,2018,REST,LIFE,REI,0
BRA,2018,REST,NLIFE,DIR,6.195
BRA,2018,REST,NLIFE,REI,0
BRA,2018,REST,_T,DIR,325.311
BRA,2018,REST,_T,REI,15.446
BRA,2018,SHARE,COMP,DIR,418.933
BRA,2018,SHARE,COMP,REI,4.434
BRA,2018,SHARE,LIFE,DIR,8.417
BRA,2018,SHARE,LIFE,REI,0
BRA,2018,SHARE,NLIFE,DIR,13.657
BRA,2018,SHARE,NLIFE,REI,0
BRA,2018,SHARE,_T,DIR,441.007
BRA,2018,SHARE,_T,REI,4.434
BRA,2018,STRPRDT,COMP,DIR,0
BRA,2018,STRPRDT,COMP,REI,0
BRA,2018,STRPRDT,LIFE,DIR,0
BRA,2018,STRPRDT,LIFE,REI,0
BRA,2018,STRPRDT,NLIFE,DIR,0
BRA,2018,STRPRDT,NLIFE,REI,0
BRA,2018,STRPRDT,_T,DIR,0
BRA,2018,STRPRDT,_T,REI,0
BRA,2018,UNITLINK,COMP,DIR,83208.946
BRA,2018,UNITLINK,COMP,REI,0
BRA,2018,UNITLINK,LIFE,DIR,149906.788
BRA,2018,UNITLINK,LIFE,REI,0
BRA,2018,UNITLINK,NLIFE,DIR,0
BRA,2018,UNITLINK,NLIFE,REI,0
BRA,2018,UNITLINK,_T,DIR,233115.735
BRA,2018,UNITLINK,_T,REI,0
BRA,2018,UNLISTED,COMP,DIR,17.593
BRA,2018,UNLISTED,COMP,REI,4.434
BRA,2018,UNLISTED,LIFE,DIR,2.904
BRA,2018,UNLISTED,LIFE,REI,0
BRA,2018,UNLISTED,NLIFE,DIR,0
BRA,2018,UNLISTED,NLIFE,REI,0
BRA,2018,UNLISTED,_T,DIR,20.497
BRA,2018,UNLISTED,_T,REI,4.434
BRA,2019,BOND,COMP,DIR,16019.193
BRA,2019,BOND,COMP,REI,562.83
BRA,2019,BOND,LIFE,DIR,5759.133
BRA,2019,BOND,LIFE,REI,0
BRA,2019,BOND,NLIFE,DIR,2018.64
BRA,2019,BOND,NLIFE,REI,507.022
BRA,2019,BOND,_T,DIR,23796.965
BRA,2019,BOND,_T,REI,1069.852
BRA,2019,CASH,COMP,DIR,280.876
BRA,2019,CASH,COMP,REI,27.999
BRA,2019,CASH,LIFE,DIR,135.701
BRA,2019,CASH,LIFE,REI,0
BRA,2019,CASH,NLIFE,DIR,47.406
BRA,2019,CASH,NLIFE,REI,4.059
BRA,2019,CASH,_T,DIR,463.984
BRA,2019,CASH,_T,REI,32.059
BRA,2019,CBOND,COMP,DIR,12731.329
BRA,2019,CBOND,COMP,REI,1164.279
BRA,2019,CBOND,LIFE,DIR,5640.463
BRA,2019,CBOND,LIFE,REI,0
BRA,2019,CBOND,NLIFE,DIR,1132.873
BRA,2019,CBOND,NLIFE,REI,23.406
BRA,2019,CBOND,_T,DIR,19504.665
BRA,2019,CBOND,_T,REI,1187.685
BRA,2019,CCASH,COMP,DIR,21.076
BRA,2019,CCASH,COMP,REI,13.208
BRA,2019,CCASH,LIFE,DIR,0.149
BRA,2019,CCASH,LIFE,REI,0
BRA,2019,CCASH,NLIFE,DIR,0.027
BRA,2019,CCASH,NLIFE,REI,4.27
BRA,2019,CCASH,_T,DIR,21.253
BRA,2019,CCASH,_T,REI,17.478
BRA,2019,CIS,COMP,DIR,12846.996
BRA,2019,CIS,COMP,REI,1285.767
BRA,2019,CIS,LIFE,DIR,5670.1
BRA,2019,CIS,LIFE,REI,0
BRA,2019,CIS,NLIFE,DIR,1147.584
BRA,2019,CIS,NLIFE,REI,27.677
BRA,2019,CIS,_T,DIR,19664.681
BRA,2019,CIS,_T,REI,1313.444
BRA,2019,COTHER,COMP,DIR,8.851
BRA,2019,COTHER,COMP,REI,0.685
BRA,2019,COTHER,LIFE,DIR,2.69
BRA,2019,COTHER,LIFE,REI,0
BRA,2019,COTHER,NLIFE,DIR,0.375
BRA,2019,COTHER,NLIFE,REI,0
BRA,2019,COTHER,_T,DIR,11.915
BRA,2019,COTHER,_T,REI,0.685
BRA,2019,CREST,COMP,DIR,13.752
BRA,2019,CREST,COMP,REI,85.732
BRA,2019,CREST,LIFE,DIR,19.861
BRA,2019,CREST,LIFE,REI,0
BRA,2019,CREST,NLIFE,DIR,13.158
BRA,2019,CREST,NLIFE,REI,0
BRA,2019,CREST,_T,DIR,46.771
BRA,2019,CREST,_T,REI,85.732
BRA,2019,CSHARE,COMP,DIR,71.988
BRA,2019,CSHARE,COMP,REI,21.863
BRA,2019,CSHARE,LIFE,DIR,6.938
BRA,2019,CSHARE,LIFE,REI,0
BRA,2019,CSHARE,NLIFE,DIR,1.151
BRA,2019,CSHARE,NLIFE,REI,0
BRA,2019,CSHARE,_T,DIR,80.077
BRA,2019,CSHARE,_T,REI,21.863
BRA,2019,HEDGE,COMP,DIR,262.745
BRA,2019,HEDGE,COMP,REI,328.312
BRA,2019,HEDGE,LIFE,DIR,171.395
BRA,2019,HEDGE,LIFE,REI,0
BRA,2019,HEDGE,NLIFE,DIR,22.337
BRA,2019,HEDGE,NLIFE,REI,0
BRA,2019,HEDGE,_T,DIR,456.478
BRA,2019,HEDGE,_T,REI,328.312
BRA,2019,INV,COMP,DIR,117000.323
BRA,2019,INV,COMP,REI,2504.573
BRA,2019,INV,LIFE,DIR,156080.355
BRA,2019,INV,LIFE,REI,0
BRA,2019,INV,NLIFE,DIR,3256.465
BRA,2019,INV,NLIFE,REI,538.962
BRA,2019,INV,_T,DIR,276337.143
BRA,2019,INV,_T,REI,3043.535
BRA,2019,INV_O,COMP,DIR,22.044
BRA,2019,INV_O,COMP,REI,52.004
BRA,2019,INV_O,LIFE,DIR,23.022
BRA,2019,INV_O,LIFE,REI,0
BRA,2019,INV_O,NLIFE,DIR,0.536
BRA,2019,INV_O,NLIFE,REI,0.203
BRA,2019,INV_O,_T,DIR,45.602
BRA,2019,INV_O,_T,REI,52.207
BRA,2019,LOAN,COMP,DIR,0
BRA,2019,LOAN,COMP,REI,0
BRA,2019,LOAN,LIFE,DIR,129.95
BRA,2019,LOAN,LIFE,REI,0
BRA,2019,LOAN,NLIFE,DIR,0
BRA,2019,LOAN,NLIFE,REI,0
BRA,2019,LOAN,_T,DIR,129.95
BRA,2019,LOAN,_T,REI,0
BRA,2019,PEQUF,COMP,DIR,6816.198
BRA,2019,PEQUF,COMP,REI,228.592
BRA,2019,PEQUF,LIFE,DIR,127.826
BRA,2019,PEQUF,LIFE,REI,0
BRA,2019,PEQUF,NLIFE,DIR,0.878
BRA,2019,PEQUF,NLIFE,REI,0
BRA,2019,PEQUF,_T,DIR,6944.902
BRA,2019,PEQUF,_T,REI,228.592
BRA,2019,PRIB,COMP,DIR,715.704
BRA,2019,PRIB,COMP,REI,76.256
BRA,2019,PRIB,LIFE,DIR,211.03
BRA,2019,PRIB,LIFE,REI,0
BRA,2019,PRIB,NLIFE,DIR,94.385
BRA,2019,PRIB,NLIFE,REI,101.256
BRA,2019,PRIB,_T,DIR,1021.119
BRA,2019,PRIB,_T,REI,177.512
BRA,2019,PUBB,COMP,DIR,15303.489
BRA,2019,PUBB,COMP,REI,486.574
BRA,2019,PUBB,LIFE,DIR,5548.103
BRA,2019,PUBB,LIFE,REI,0
BRA,2019,PUBB,NLIFE,DIR,1924.255
BRA,2019,PUBB,NLIFE,REI,405.767
BRA,2019,PUBB,_T,DIR,22775.847
BRA,2019,PUBB,_T,REI,892.34
BRA,2019,PUBS,COMP,DIR,386.308
BRA,2019,PUBS,COMP,REI,0
BRA,2019,PUBS,LIFE,DIR,4.806
BRA,2019,PUBS,LIFE,REI,0
BRA,2019,PUBS,NLIFE,DIR,13.129
BRA,2019,PUBS,NLIFE,REI,0
BRA,2019,PUBS,_T,DIR,404.243
BRA,2019,PUBS,_T,REI,0
BRA,2019,REST,COMP,DIR,270.785
BRA,2019,REST,COMP,REI,14.806
BRA,2019,REST,LIFE,DIR,35.987
BRA,2019,REST,LIFE,REI,0
BRA,2019,REST,NLIFE,DIR,5.955
BRA,2019,REST,NLIFE,REI,0
BRA,2019,REST,_T,DIR,312.727
BRA,2019,REST,_T,REI,14.806
BRA,2019,SHARE,COMP,DIR,403.221
BRA,2019,SHARE,COMP,REI,4.263
BRA,2019,SHARE,LIFE,DIR,7.598
BRA,2019,SHARE,LIFE,REI,0
BRA,2019,SHARE,NLIFE,DIR,13.129
BRA,2019,SHARE,NLIFE,REI,0
BRA,2019,SHARE,_T,DIR,423.947
BRA,2019,SHARE,_T,REI,4.263
BRA,2019,STRPRDT,COMP,DIR,0
BRA,2019,STRPRDT,COMP,REI,0
BRA,2019,STRPRDT,LIFE,DIR,0
BRA,2019,STRPRDT,LIFE,REI,0
BRA,2019,STRPRDT,NLIFE,DIR,0
BRA,2019,STRPRDT,NLIFE,REI,0
BRA,2019,STRPRDT,_T,DIR,0
BRA,2019,STRPRDT,_T,REI,0
BRA,2019,UNITLINK,COMP,DIR,80078.264
BRA,2019,UNITLINK,COMP,REI,0
BRA,2019,UNITLINK,LIFE,DIR,144019.645
BRA,2019,UNITLINK,LIFE,REI,0
BRA,2019,UNITLINK,NLIFE,DIR,0
BRA,2019,UNITLINK,NLIFE,REI,0
BRA,2019,UNITLINK,_T,DIR,224097.908
BRA,2019,UNITLINK,_T,REI,0
BRA,2019,UNLISTED,COMP,DIR,16.913
BRA,2019,UNLISTED,COMP,REI,4.263
BRA,2019,UNLISTED,LIFE,DIR,2.791
BRA,2019,UNLISTED,LIFE,REI,0
BRA,2019,UNLISTED,NLIFE,DIR,0
BRA,2019,UNLISTED,NLIFE,REI,0
BRA,2019,UNLISTED,_T,DIR,19.704
BRA,2019,UNLISTED,_T,REI,4.263
BRA,2020,BOND,COMP,DIR,15260.393
BRA,2020,BOND,COMP,REI,637.925
BRA,2020,BOND,LIFE,DIR,4383.959
BRA,2020,BOND,NLIFE,DIR,1855.218
BRA,2020,BOND,NLIFE,REI,389.629
BRA,2020,BOND,_T,DIR,21499.571
BRA,2020,BOND,_T,REI,1027.553
BRA,2020,CASH,COMP,DIR,275.553
BRA,2020,CASH,COMP,REI,26.68
BRA,2020,CASH,LIFE,DIR,81.988
BRA,2020,CASH,NLIFE,DIR,60.137
BRA,2020,CASH,NLIFE,REI,16.701
BRA,2020,CASH,_T,DIR,417.679
BRA,2020,CASH,_T,REI,43.381
BRA,2020,CBOND,COMP,DIR,8432.859
BRA,2020,CBOND,COMP,REI,1016.674
BRA,2020,CBOND,LIFE,DIR,5154.273
BRA,2020,CBOND,NLIFE,DIR,455.553
BRA,2020,CBOND,NLIFE,REI,87.797
BRA,2020,CBOND,_T,DIR,14042.686
BRA,2020,CBOND,_T,REI,1104.471
BRA,2020,CCASH,COMP,DIR,4.334
BRA,2020,CCASH,COMP,REI,14.357
BRA,2020,CCASH,LIFE,DIR,0.15
BRA,2020,CCASH,NLIFE,DIR,0
BRA,2020,CCASH,NLIFE,REI,8.764
BRA,2020,CCASH,_T,DIR,4.484
BRA,2020,CCASH,_T,REI,23.121
BRA,2020,CIS,COMP,DIR,8506.642
BRA,2020,CIS,COMP,REI,1068.294
BRA,2020,CIS,LIFE,DIR,5175.118
BRA,2020,CIS,NLIFE,DIR,462.258
BRA,2020,CIS,NLIFE,REI,96.561
BRA,2020,CIS,_T,DIR,14144.018
BRA,2020,CIS,_T,REI,1164.854
BRA,2020,COTHER,COMP,DIR,8.183
BRA,2020,COTHER,COMP,REI,0.183
BRA,2020,COTHER,LIFE,DIR,0.004
BRA,2020,COTHER,NLIFE,DIR,0.225
BRA,2020,COTHER,NLIFE,REI,0
BRA,2020,COTHER,_T,DIR,8.412
BRA,2020,COTHER,_T,REI,0.183
BRA,2020,CREST,COMP,DIR,13.968
BRA,2020,CREST,COMP,REI,15.987
BRA,2020,CREST,LIFE,DIR,15.294
BRA,2020,CREST,NLIFE,DIR,3.533
BRA,2020,CREST,NLIFE,REI,0
BRA,2020,CREST,_T,DIR,32.796
BRA,2020,CREST,_T,REI,15.987
BRA,2020,CSHARE,COMP,DIR,47.297
BRA,2020,CSHARE,COMP,REI,21.093
BRA,2020,CSHARE,LIFE,DIR,5.396
BRA,2020,CSHARE,NLIFE,DIR,2.946
BRA,2020,CSHARE,NLIFE,REI,0
BRA,2020,CSHARE,_T,DIR,55.64
BRA,2020,CSHARE,_T,REI,21.093
BRA,2020,HEDGE,COMP,DIR,257.903
BRA,2020,HEDGE,COMP,REI,433.248
BRA,2020,HEDGE,LIFE,DIR,130.286
BRA,2020,HEDGE,NLIFE,DIR,23.947
BRA,2020,HEDGE,NLIFE,REI,0
BRA,2020,HEDGE,_T,DIR,412.136
BRA,2020,HEDGE,_T,REI,433.248
BRA,2020,INV,COMP,DIR,112014.232
BRA,2020,INV,COMP,REI,2425.789
BRA,2020,INV,LIFE,DIR,112592.448
BRA,2020,INV,NLIFE,DIR,2460.642
BRA,2020,INV,NLIFE,REI,502.918
BRA,2020,INV,_T,DIR,227067.322
BRA,2020,INV,_T,REI,2928.706
BRA,2020,INV_O,COMP,DIR,6.291
BRA,2020,INV_O,COMP,REI,235.438
BRA,2020,INV_O,LIFE,DIR,0.11
BRA,2020,INV_O,NLIFE,DIR,0.25
BRA,2020,INV_O,NLIFE,REI,0.027
BRA,2020,INV_O,_T,DIR,6.651
BRA,2020,INV_O,_T,REI,235.465
BRA,2020,LOAN,COMP,DIR,0
BRA,2020,LOAN,COMP,REI,0
BRA,2020,LOAN,LIFE,DIR,87.864
BRA,2020,LOAN,NLIFE,DIR,0
BRA,2020,LOAN,NLIFE,REI,0
BRA,2020,LOAN,_T,DIR,87.864
BRA,2020,LOAN,_T,REI,0
BRA,2020,PEQUF,COMP,DIR,4227.353
BRA,2020,PEQUF,COMP,REI,8.897
BRA,2020,PEQUF,LIFE,DIR,109.134
BRA,2020,PEQUF,NLIFE,DIR,0.854
BRA,2020,PEQUF,NLIFE,REI,0
BRA,2020,PEQUF,_T,DIR,4337.341
BRA,2020,PEQUF,_T,REI,8.897
BRA,2020,PRIB,COMP,DIR,1164.622
BRA,2020,PRIB,COMP,REI,233.158
BRA,2020,PRIB,LIFE,DIR,171.636
BRA,2020,PRIB,NLIFE,DIR,109.109
BRA,2020,PRIB,NLIFE,REI,112.461
BRA,2020,PRIB,_T,DIR,1445.367
BRA,2020,PRIB,_T,REI,345.619
BRA,2020,PUBB,COMP,DIR,14095.772
BRA,2020,PUBB,COMP,REI,404.767
BRA,2020,PUBB,LIFE,DIR,4212.323
BRA,2020,PUBB,NLIFE,DIR,1746.11
BRA,2020,PUBB,NLIFE,REI,277.167
BRA,2020,PUBB,_T,DIR,20054.204
BRA,2020,PUBB,_T,REI,681.935
BRA,2020,PUBS,COMP,DIR,532.288
BRA,2020,PUBS,COMP,REI,0
BRA,2020,PUBS,LIFE,DIR,19.517
BRA,2020,PUBS,NLIFE,DIR,2.585
BRA,2020,PUBS,NLIFE,REI,0
BRA,2020,PUBS,_T,DIR,554.389
BRA,2020,PUBS,_T,REI,0
BRA,2020,REST,COMP,DIR,172.006
BRA,2020,REST,COMP,REI,11.012
BRA,2020,REST,LIFE,DIR,21.237
BRA,2020,REST,NLIFE,DIR,55.392
BRA,2020,REST,NLIFE,REI,0
BRA,2020,REST,_T,DIR,248.635
BRA,2020,REST,_T,REI,11.012
BRA,2020,SHARE,COMP,DIR,550.771
BRA,2020,SHARE,COMP,REI,4.296
BRA,2020,SHARE,LIFE,DIR,21.385
BRA,2020,SHARE,NLIFE,DIR,2.585
BRA,2020,SHARE,NLIFE,REI,0
BRA,2020,SHARE,_T,DIR,574.741
BRA,2020,SHARE,_T,REI,4.296
BRA,2020,STRPRDT,COMP,DIR,0
BRA,2020,STRPRDT,COMP,REI,0
BRA,2020,STRPRDT,LIFE,DIR,0
BRA,2020,STRPRDT,NLIFE,DIR,0
BRA,2020,STRPRDT,NLIFE,REI,0
BRA,2020,STRPRDT,_T,DIR,0
BRA,2020,STRPRDT,_T,REI,0
BRA,2020,UNITLINK,COMP,DIR,82757.32
BRA,2020,UNITLINK,COMP,REI,0
BRA,2020,UNITLINK,LIFE,DIR,102581.367
BRA,2020,UNITLINK,NLIFE,DIR,0
BRA,2020,UNITLINK,NLIFE,REI,0
BRA,2020,UNITLINK,_T,DIR,185338.687
BRA,2020,UNITLINK,_T,REI,0
BRA,2020,UNLISTED,COMP,DIR,18.483
BRA,2020,UNLISTED,COMP,REI,4.296
BRA,2020,UNLISTED,LIFE,DIR,1.869
BRA,2020,UNLISTED,NLIFE,DIR,0
BRA,2020,UNLISTED,NLIFE,REI,0
BRA,2020,UNLISTED,_T,DIR,20.352
BRA,2020,UNLISTED,_T,REI,4.296
CAN,2018,BOND,COMP,DIR,337161.507
CAN,2018,BOND,COMP,REI,14673.099
CAN,2018,BOND,LIFE,DIR,493.006
CAN,2018,BOND,NLIFE,DIR,40628.314
CAN,2018,BOND,NLIFE,REI,3996.417
CAN,2018,BOND,_T,DIR,378282.828
CAN,2018,BOND,_T,REI,18669.516
CAN,2018,CASH,COMP,DIR,15466.659
CAN,2018,CASH,COMP,REI,314.511
CAN,2018,CASH,LIFE,DIR,25.534
CAN,2018,CASH,NLIFE,DIR,2782.236
CAN,2018,CASH,NLIFE,REI,249.717
CAN,2018,CASH,_T,DIR,18274.429
CAN,2018,CASH,_T,REI,564.228
CAN,2018,CBOND,NLIFE,DIR,12475.429
CAN,2018,CBOND,NLIFE,REI,0
CAN,2018,CBOND,_T,DIR,12475.429
CAN,2018,CIS,NLIFE,DIR,16949.197
CAN,2018,CIS,NLIFE,REI,0
CAN,2018,CIS,_T,DIR,16949.197
CAN,2018,COTHER,NLIFE,DIR,675.011
CAN,2018,COTHER,NLIFE,REI,0
CAN,2018,COTHER,_T,DIR,675.011
CAN,2018,CREST,NLIFE,DIR,0
CAN,2018,CREST,NLIFE,REI,0
CAN,2018,CREST,_T,DIR,0
CAN,2018,CSHARE,NLIFE,DIR,3798.757
CAN,2018,CSHARE,NLIFE,REI,0
CAN,2018,CSHARE,_T,DIR,3798.757
CAN,2018,INV,COMP,DIR,497129.304
CAN,2018,INV,COMP,REI,16147.823
CAN,2018,INV,LIFE,DIR,530.803
CAN,2018,INV,NLIFE,DIR,68570.684
CAN,2018,INV,NLIFE,REI,4866.381
CAN,2018,INV,_T,DIR,566230.791
CAN,2018,INV,_T,REI,21014.204
CAN,2018,INV_O,COMP,DIR,34435.685
CAN,2018,INV_O,COMP,REI,884.239
CAN,2018,INV_O,LIFE,DIR,0
CAN,2018,INV_O,NLIFE,DIR,2743.311
CAN,2018,INV_O,NLIFE,REI,557.481
CAN,2018,INV_O,_T,DIR,37178.996
CAN,2018,INV_O,_T,REI,1441.721
CAN,2018,LOAN,COMP,DIR,63160.478
CAN,2018,LOAN,COMP,REI,135.372
CAN,2018,LOAN,LIFE,DIR,0.8
CAN,2018,LOAN,NLIFE,DIR,464.162
CAN,2018,LOAN,NLIFE,REI,13.745
CAN,2018,LOAN,_T,DIR,63625.439
CAN,2018,LOAN,_T,REI,149.117
CAN,2018,PRIB,COMP,DIR,210162.768
CAN,2018,PRIB,COMP,REI,3805.827
CAN,2018,PRIB,LIFE,DIR,290.753
CAN,2018,PUBB,COMP,DIR,126998.739
CAN,2018,PUBB,COMP,REI,10867.272
CAN,2018,PUBB,LIFE,DIR,202.254
CAN,2018,REST,COMP,DIR,17310.096
CAN,2018,REST,COMP,REI,0
CAN,2018,REST,LIFE,DIR,0
CAN,2018,REST,NLIFE,DIR,220.614
CAN,2018,REST,NLIFE,REI,4.469
CAN,2018,REST,_T,DIR,17530.71
CAN,2018,REST,_T,REI,4.469
CAN,2018,SHARE,COMP,DIR,29594.878
CAN,2018,SHARE,COMP,REI,140.6
CAN,2018,SHARE,LIFE,DIR,11.463
CAN,2018,SHARE,NLIFE,DIR,4782.851
CAN,2018,SHARE,NLIFE,REI,44.552
CAN,2018,SHARE,_T,DIR,34389.192
CAN,2018,SHARE,_T,REI,185.153
CAN,2019,BOND,LIFE,DIR,207257.064
CAN,2019,BOND,NLIFE,DIR,72174.745
CAN,2019,CASH,LIFE,DIR,8070.296
CAN,2019,CASH,NLIFE,DIR,4036.297
CAN,2019,CIS,NLIFE,DIR,5954.514
CAN,2019,INV,LIFE,DIR,333953.595
CAN,2019,INV,NLIFE,DIR,103895.398
CAN,2019,INV_O,LIFE,DIR,91900.605
CAN,2019,INV_O,NLIFE,DIR,9077.265
CAN,2019,SHARE,LIFE,DIR,26725.63
CAN,2019,SHARE,NLIFE,DIR,12652.577
CAN,2020,BOND,LIFE,DIR,232849.253
CAN,2020,BOND,NLIFE,DIR,81471.686
CAN,2020,CASH,LIFE,DIR,10788.737
CAN,2020,CASH,NLIFE,DIR,6824.051
CAN,2020,CIS,NLIFE,DIR,16901.058
CAN,2020,INV,LIFE,DIR,371700.373
CAN,2020,INV,NLIFE,DIR,123245.177
CAN,2020,INV_O,LIFE,DIR,99260.268
CAN,2020,INV_O,NLIFE,DIR,4584.63
CAN,2020,SHARE,LIFE,DIR,28802.116
CAN,2020,SHARE,NLIFE,DIR,13463.752
CHE,2018,BOND,LIFE,DIR,161460.914
CHE,2018,BOND,NLIFE,DIR,42879.188
CHE,2018,BOND,_T,DIR,204340.102
CHE,2018,BOND,_T,REI,36718.782
CHE,2018,CASH,LIFE,DIR,14783.756
CHE,2018,CASH,NLIFE,DIR,10406.091
CHE,2018,CASH,_T,DIR,25189.848
CHE,2018,CASH,_T,REI,6041.624
CHE,2018,CBOND,LIFE,DIR,2069.036
CHE,2018,CBOND,NLIFE,DIR,2522.843
CHE,2018,CBOND,_T,DIR,4591.878
CHE,2018,CBOND,_T,REI,3339.086
CHE,2018,CCASH,LIFE,DIR,2.03
CHE,2018,CCASH,NLIFE,DIR,613.198
CHE,2018,CCASH,_T,DIR,615.228
CHE,2018,CCASH,_T,REI,211.168
CHE,2018,CIS,LIFE,DIR,10934.01
CHE,2018,CIS,NLIFE,DIR,9063.959
CHE,2018,CIS,_T,DIR,19997.97
CHE,2018,CIS,_T,REI,20752.284
CHE,2018,COTHER,LIFE,DIR,4129.949
CHE,2018,COTHER,NLIFE,DIR,531.98
CHE,2018,COTHER,_T,DIR,4661.929
CHE,2018,COTHER,_T,REI,16045.685
CHE,2018,CREST,LIFE,DIR,2451.777
CHE,2018,CREST,NLIFE,DIR,1752.284
CHE,2018,CREST,_T,DIR,4204.061
CHE,2018,CREST,_T,REI,465.99
CHE,2018,CSHARE,LIFE,DIR,2281.218
CHE,2018,CSHARE,NLIFE,DIR,3643.655
CHE,2018,CSHARE,_T,DIR,5924.873
CHE,2018,CSHARE,_T,REI,690.355
CHE,2018,HEDGE,LIFE,DIR,2277.157
CHE,2018,HEDGE,NLIFE,DIR,1332.995
CHE,2018,HEDGE,_T,DIR,3610.152
CHE,2018,HEDGE,_T,REI,145.178
CHE,2018,INV,LIFE,DIR,323748.223
CHE,2018,INV,NLIFE,DIR,133147.208
CHE,2018,INV,_T,DIR,456895.431
CHE,2018,INV,_T,REI,94703.553
CHE,2018,INV_O,LIFE,DIR,12566.497
CHE,2018,INV_O,NLIFE,DIR,43452.792
CHE,2018,INV_O,_T,DIR,56019.289
CHE,2018,INV_O,_T,REI,25278.173
CHE,2018,LOAN,LIFE,DIR,43888.325
CHE,2018,LOAN,NLIFE,DIR,11998.985
CHE,2018,LOAN,_T,DIR,55887.31
CHE,2018,LOAN,_T,REI,3778.68
CHE,2018,PEQUF,LIFE,DIR,2051.777
CHE,2018,PEQUF,NLIFE,DIR,995.939
CHE,2018,PEQUF,_T,DIR,3047.716
CHE,2018,PEQUF,_T,REI,773.604
CHE,2018,PRIB,LIFE,DIR,90443.655
CHE,2018,PRIB,NLIFE,DIR,29092.386
CHE,2018,PRIB,_T,DIR,119536.041
CHE,2018,PRIB,_T,REI,16472.081
CHE,2018,PUBB,LIFE,DIR,71017.259
CHE,2018,PUBB,NLIFE,DIR,12771.574
CHE,2018,PUBB,_T,DIR,83788.832
CHE,2018,PUBB,_T,REI,20246.701
CHE,2018,PUBS,LIFE,DIR,14125.888
CHE,2018,PUBS,NLIFE,DIR,5164.467
CHE,2018,PUBS,_T,DIR,19290.355
CHE,2018,PUBS,_T,REI,1102.538
CHE,2018,REST,LIFE,DIR,43025.381
CHE,2018,REST,NLIFE,DIR,7712.69
CHE,2018,REST,_T,DIR,50738.071
CHE,2018,REST,_T,REI,97.462
CHE,2018,SHARE,LIFE,DIR,14269.036
CHE,2018,SHARE,NLIFE,DIR,5236.548
CHE,2018,SHARE,_T,DIR,19505.584
CHE,2018,SHARE,_T,REI,1117.766
CHE,2018,STRPRDT,LIFE,DIR,202.03
CHE,2018,STRPRDT,NLIFE,DIR,57.868
CHE,2018,STRPRDT,_T,DIR,259.898
CHE,2018,STRPRDT,_T,REI,0
CHE,2018,UNITLINK,LIFE,DIR,18289.34
CHE,2018,UNITLINK,NLIFE,DIR,10.152
CHE,2018,UNITLINK,_T,DIR,18299.492
CHE,2018,UNITLINK,_T,REI,0
CHE,2018,UNLISTED,LIFE,DIR,143.147
CHE,2018,UNLISTED,NLIFE,DIR,72.081
CHE,2018,UNLISTED,_T,DIR,215.228
CHE,2018,UNLISTED,_T,REI,15.228
CHE,2019,BOND,LIFE,DIR,152807.643
CHE,2019,BOND,NLIFE,DIR,44531.887
CHE,2019,BOND,_T,DIR,197339.53
CHE,2019,BOND,_T,REI,39799.639
CHE,2019,CASH,LIFE,DIR,9164.988
CHE,2019,CASH,NLIFE,DIR,10718.306
CHE,2019,CASH,_T,DIR,19883.295
CHE,2019,CASH,_T,REI,5550.219
CHE,2019,CBOND,LIFE,DIR,1940.615
CHE,2019,CBOND,NLIFE,DIR,2754.454
CHE,2019,CBOND,_T,DIR,4695.068
CHE,2019,CBOND,_T,REI,3744.901
CHE,2019,CCASH,LIFE,DIR,2.066
CHE,2019,CCASH,NLIFE,DIR,421.379
CHE,2019,CCASH,_T,DIR,423.444
CHE,2019,CCASH,_T,REI,218.952
CHE,2019,CIS,LIFE,DIR,10959.979
CHE,2019,CIS,NLIFE,DIR,10480.764
CHE,2019,CIS,_T,DIR,21440.744
CHE,2019,CIS,_T,REI,22611.929
CHE,2019,COTHER,LIFE,DIR,4144.591
CHE,2019,COTHER,NLIFE,DIR,547.379
CHE,2019,COTHER,_T,DIR,4691.97
CHE,2019,COTHER,_T,REI,17364.317
CHE,2019,CREST,LIFE,DIR,1625.613
CHE,2019,CREST,NLIFE,DIR,2105.861
CHE,2019,CREST,_T,DIR,3731.474
CHE,2019,CREST,_T,REI,510.199
CHE,2019,CSHARE,LIFE,DIR,3247.095
CHE,2019,CSHARE,NLIFE,DIR,4651.691
CHE,2019,CSHARE,_T,DIR,7898.786
CHE,2019,CSHARE,_T,REI,773.561
CHE,2019,HEDGE,LIFE,DIR,1403.563
CHE,2019,HEDGE,NLIFE,DIR,1040.021
CHE,2019,HEDGE,_T,DIR,2443.584
CHE,2019,HEDGE,_T,REI,316.034
CHE,2019,INV,LIFE,DIR,309791.893
CHE,2019,INV,NLIFE,DIR,140327.395
CHE,2019,INV,_T,DIR,450119.287
CHE,2019,INV,_T,REI,102297.96
CHE,2019,INV_O,LIFE,DIR,13589.466
CHE,2019,INV_O,NLIFE,DIR,45299.251
CHE,2019,INV_O,_T,DIR,58888.717
CHE,2019,INV_O,_T,REI,28207.591
CHE,2019,LOAN,LIFE,DIR,43141.751
CHE,2019,LOAN,NLIFE,DIR,12363.542
CHE,2019,LOAN,_T,DIR,55505.293
CHE,2019,LOAN,_T,REI,3676.736
CHE,2019,PEQUF,LIFE,DIR,2618.125
CHE,2019,PEQUF,NLIFE,DIR,1321.973
CHE,2019,PEQUF,_T,DIR,3940.098
CHE,2019,PEQUF,_T,REI,673.38
CHE,2019,PRIB,LIFE,DIR,82542.732
CHE,2019,PRIB,NLIFE,DIR,31819.262
CHE,2019,PRIB,_T,DIR,114361.993
CHE,2019,PRIB,_T,REI,14993.029
CHE,2019,PUBB,LIFE,DIR,70264.911
CHE,2019,PUBB,NLIFE,DIR,12712.626
CHE,2019,PUBB,_T,DIR,82977.537
CHE,2019,PUBB,_T,REI,24806.61
CHE,2019,PUBS,LIFE,DIR,14896.979
CHE,2019,PUBS,NLIFE,DIR,6444.617
CHE,2019,PUBS,_T,DIR,21341.596
CHE,2019,PUBS,_T,REI,1353.989
CHE,2019,REST,LIFE,DIR,39881.229
CHE,2019,REST,NLIFE,DIR,7982.443
CHE,2019,REST,_T,DIR,47863.672
CHE,2019,REST,_T,REI,93.984
CHE,2019,SHARE,LIFE,DIR,15047.767
CHE,2019,SHARE,NLIFE,DIR,6510.715
CHE,2019,SHARE,_T,DIR,21558.482
CHE,2019,SHARE,_T,REI,1368.448
CHE,2019,STRPRDT,LIFE,DIR,102.246
CHE,2019,STRPRDT,NLIFE,DIR,66.099
CHE,2019,STRPRDT,_T,DIR,168.345
CHE,2019,STRPRDT,_T,REI,0
CHE,2019,UNITLINK,LIFE,DIR,21075.136
CHE,2019,UNITLINK,NLIFE,DIR,12.393
CHE,2019,UNITLINK,_T,DIR,21087.529
CHE,2019,UNITLINK,_T,REI,0
CHE,2019,UNLISTED,LIFE,DIR,150.788
CHE,2019,UNLISTED,NLIFE,DIR,66.099
CHE,2019,UNLISTED,_T,DIR,216.886
CHE,2019,UNLISTED,_T,REI,14.459
CHE,2020,BOND,LIFE,DIR,166428.734
CHE,2020,BOND,NLIFE,DIR,46982.524
CHE,2020,BOND,_T,DIR,213411.257
CHE,2020,BOND,_T,REI,41821.38
CHE,2020,CASH,LIFE,DIR,6232.41
CHE,2020,CASH,NLIFE,DIR,15240.581
CHE,2020,CASH,_T,DIR,21472.991
CHE,2020,CASH,_T,REI,5624.149
CHE,2020,CBOND,LIFE,DIR,2834.771
CHE,2020,CBOND,NLIFE,DIR,3281.888
CHE,2020,CBOND,_T,DIR,6116.659
CHE,2020,CBOND,_T,REI,5458.466
CHE,2020,CCASH,LIFE,DIR,2.27
CHE,2020,CCASH,NLIFE,DIR,1022.469
CHE,2020,CCASH,_T,DIR,1024.739
CHE,2020,CCASH,_T,REI,528.824
CHE,2020,CIS,LIFE,DIR,12824.557
CHE,2020,CIS,NLIFE,DIR,12699.728
CHE,2020,CIS,_T,DIR,25524.285
CHE,2020,CIS,_T,REI,25492.51
CHE,2020,COTHER,LIFE,DIR,4472.31
CHE,2020,COTHER,NLIFE,DIR,544.712
CHE,2020,COTHER,_T,DIR,5017.022
CHE,2020,COTHER,_T,REI,17985.701
CHE,2020,CREST,LIFE,DIR,2004.085
CHE,2020,CREST,NLIFE,DIR,2688.379
CHE,2020,CREST,_T,DIR,4692.465
CHE,2020,CREST,_T,REI,566.273
CHE,2020,CSHARE,LIFE,DIR,3511.121
CHE,2020,CSHARE,NLIFE,DIR,5162.279
CHE,2020,CSHARE,_T,DIR,8673.4
CHE,2020,CSHARE,_T,REI,953.246
CHE,2020,HEDGE,LIFE,DIR,1063.323
CHE,2020,HEDGE,NLIFE,DIR,975.942
CHE,2020,HEDGE,_T,DIR,2039.265
CHE,2020,HEDGE,_T,REI,154.335
CHE,2020,INV,LIFE,DIR,336324.33
CHE,2020,INV,NLIFE,DIR,160873.808
CHE,2020,INV,_T,DIR,497198.139
CHE,2020,INV,_T,REI,116965.502
CHE,2020,INV_O,LIFE,DIR,14982.978
CHE,2020,INV_O,NLIFE,DIR,53221.743
CHE,2020,INV_O,_T,DIR,68204.721
CHE,2020,INV_O,_T,REI,37588.516
CHE,2020,LOAN,LIFE,DIR,48502.043
CHE,2020,LOAN,NLIFE,DIR,14530.186
CHE,2020,LOAN,_T,DIR,63032.229
CHE,2020,LOAN,_T,REI,4279.392
CHE,2020,PEQUF,LIFE,DIR,2820.018
CHE,2020,PEQUF,NLIFE,DIR,1692.011
CHE,2020,PEQUF,_T,DIR,4512.029
CHE,2020,PEQUF,_T,REI,733.091
CHE,2020,PRIB,LIFE,DIR,88698.366
CHE,2020,PRIB,NLIFE,DIR,33339.764
CHE,2020,PRIB,_T,DIR,122038.13
CHE,2020,PRIB,_T,REI,12927.826
CHE,2020,PUBB,LIFE,DIR,77730.368
CHE,2020,PUBB,NLIFE,DIR,13642.76
CHE,2020,PUBB,_T,DIR,91373.128
CHE,2020,PUBB,_T,REI,28882.206
CHE,2020,PUBS,LIFE,DIR,13474.807
CHE,2020,PUBS,NLIFE,DIR,6730.595
CHE,2020,PUBS,_T,DIR,20205.402
CHE,2020,PUBS,_T,REI,1175.67
CHE,2020,REST,LIFE,DIR,45267.817
CHE,2020,REST,NLIFE,DIR,8614.389
CHE,2020,REST,_T,DIR,53882.206
CHE,2020,REST,_T,REI,96.459
CHE,2020,SHARE,LIFE,DIR,13610.985
CHE,2020,SHARE,NLIFE,DIR,6798.684
CHE,2020,SHARE,_T,DIR,20409.669
CHE,2020,SHARE,_T,REI,1187.018
CHE,2020,STRPRDT,LIFE,DIR,149.796
CHE,2020,STRPRDT,NLIFE,DIR,103.268
CHE,2020,STRPRDT,_T,DIR,253.064
CHE,2020,STRPRDT,_T,REI,0
CHE,2020,UNITLINK,LIFE,DIR,24441.67
CHE,2020,UNITLINK,NLIFE,DIR,14.753
CHE,2020,UNITLINK,_T,DIR,24456.423
CHE,2020,UNITLINK,_T,REI,0
CHE,2020,UNLISTED,LIFE,DIR,136.178
CHE,2020,UNLISTED,NLIFE,DIR,68.089
CHE,2020,UNLISTED,_T,DIR,204.267
CHE,2020,UNLISTED,_T,REI,11.348
CHL,2018,BOND,LIFE,DIR,31640.526
CHL,2018,BOND,LIFE,REI,112.44
CHL,2018,BOND,NLIFE,DIR,1381.599
CHL,2018,BOND,_T,DIR,33022.125
CHL,2018,BOND,_T,REI,112.44
CHL,2018,CASH,LIFE,DIR,1409.928
CHL,2018,CASH,LIFE,REI,0.074
CHL,2018,CASH,NLIFE,DIR,539.521
CHL,2018,CASH,_T,DIR,1949.449
CHL,2018,CASH,_T,REI,0.074
CHL,2018,CBOND,LIFE,DIR,0
CHL,2018,CBOND,LIFE,REI,0
CHL,2018,CBOND,NLIFE,DIR,0
CHL,2018,CBOND,_T,DIR,0
CHL,2018,CBOND,_T,REI,0
CHL,2018,CCASH,LIFE,DIR,515.799
CHL,2018,CCASH,LIFE,REI,0.713
CHL,2018,CCASH,NLIFE,DIR,106.961
CHL,2018,CCASH,_T,DIR,622.76
CHL,2018,CCASH,_T,REI,0.713
CHL,2018,CIS,LIFE,DIR,3742.114
CHL,2018,CIS,LIFE,REI,10.196
CHL,2018,CIS,NLIFE,DIR,113.22
CHL,2018,CIS,_T,DIR,3855.334
CHL,2018,CIS,_T,REI,10.196
CHL,2018,COTHER,LIFE,DIR,0
CHL,2018,COTHER,LIFE,REI,0
CHL,2018,COTHER,NLIFE,DIR,0
CHL,2018,COTHER,_T,DIR,0
CHL,2018,COTHER,_T,REI,0
CHL,2018,CREST,LIFE,DIR,0
CHL,2018,CREST,LIFE,REI,0
CHL,2018,CREST,NLIFE,DIR,0
CHL,2018,CREST,_T,DIR,0
CHL,2018,CREST,_T,REI,0
CHL,2018,CSHARE,LIFE,DIR,3226.315
CHL,2018,CSHARE,LIFE,REI,9.483
CHL,2018,CSHARE,NLIFE,DIR,6.259
CHL,2018,CSHARE,_T,DIR,3232.574
CHL,2018,CSHARE,_T,REI,9.483
CHL,2018,HEDGE,LIFE,DIR,0
CHL,2018,HEDGE,LIFE,REI,0
CHL,2018,HEDGE,NLIFE,DIR,0
CHL,2018,HEDGE,_T,DIR,0
CHL,2018,HEDGE,_T,REI,0
CHL,2018,INV,LIFE,DIR,59360.472
CHL,2018,INV,LIFE,REI,122.784
CHL,2018,INV,NLIFE,DIR,2169.953
CHL,2018,INV,_T,DIR,61530.426
CHL,2018,INV,_T,REI,122.784
CHL,2018,INV_O,LIFE,DIR,-148.069
CHL,2018,INV_O,LIFE,REI,0.056
CHL,2018,INV_O,NLIFE,DIR,54.902
CHL,2018,INV_O,_T,DIR,-93.166
CHL,2018,INV_O,_T,REI,0.056
CHL,2018,LOAN,LIFE,DIR,7518.329
CHL,2018,LOAN,LIFE,REI,0
CHL,2018,LOAN,NLIFE,DIR,9.978
CHL,2018,LOAN,_T,DIR,7528.307
CHL,2018,LOAN,_T,REI,0
CHL,2018,PEQUF,LIFE,DIR,0
CHL,2018,PEQUF,LIFE,REI,0
CHL,2018,PEQUF,NLIFE,DIR,0
CHL,2018,PEQUF,_T,DIR,0
CHL,2018,PEQUF,_T,REI,0
CHL,2018,PRIB,LIFE,DIR,30224.869
CHL,2018,PRIB,LIFE,REI,104.582
CHL,2018,PRIB,NLIFE,DIR,987.46
CHL,2018,PRIB,_T,DIR,31212.33
CHL,2018,PRIB,_T,REI,104.582
CHL,2018,PUBB,LIFE,DIR,1415.657
CHL,2018,PUBB,LIFE,REI,7.859
CHL,2018,PUBB,NLIFE,DIR,394.139
CHL,2018,PUBB,_T,DIR,1809.796
CHL,2018,PUBB,_T,REI,7.859
CHL,2018,PUBS,LIFE,DIR,648.87
CHL,2018,PUBS,LIFE,REI,0
CHL,2018,PUBS,NLIFE,DIR,9.359
CHL,2018,PUBS,_T,DIR,658.229
CHL,2018,PUBS,_T,REI,0
CHL,2018,REST,LIFE,DIR,8805.894
CHL,2018,REST,LIFE,REI,0
CHL,2018,REST,NLIFE,DIR,61.241
CHL,2018,REST,_T,DIR,8867.135
CHL,2018,REST,_T,REI,0
CHL,2018,SHARE,LIFE,DIR,671.523
CHL,2018,SHARE,LIFE,REI,0.019
CHL,2018,SHARE,NLIFE,DIR,9.493
CHL,2018,SHARE,_T,DIR,681.015
CHL,2018,SHARE,_T,REI,0.019
CHL,2018,STRPRDT,LIFE,DIR,0
CHL,2018,STRPRDT,LIFE,REI,0
CHL,2018,STRPRDT,NLIFE,DIR,0
CHL,2018,STRPRDT,_T,DIR,0
CHL,2018,STRPRDT,_T,REI,0
CHL,2018,UNITLINK,LIFE,DIR,5720.228
CHL,2018,UNITLINK,LIFE,REI,0
CHL,2018,UNITLINK,NLIFE,DIR,0
CHL,2018,UNITLINK,_T,DIR,5720.228
CHL,2018,UNITLINK,_T,REI,0
CHL,2018,UNLISTED,LIFE,DIR,22.653
CHL,2018,UNLISTED,LIFE,REI,0.019
CHL,2018,UNLISTED,NLIFE,DIR,0.133
CHL,2018,UNLISTED,_T,DIR,22.786
CHL,2018,UNLISTED,_T,REI,0.019
CHL,2019,BOND,LIFE,DIR,30970.455
CHL,2019,BOND,LIFE,REI,94.599
CHL,2019,BOND,NLIFE,DIR,1464.382
CHL,2019,BOND,_T,DIR,32434.837
CHL,2019,BOND,_T,REI,94.599
CHL,2019,CASH,LIFE,DIR,1334.076
CHL,2019,CASH,LIFE,REI,0.084
CHL,2019,CASH,NLIFE,DIR,460.162
CHL,2019,CASH,_T,DIR,1794.238
CHL,2019,CASH,_T,REI,0.084
CHL,2019,CBOND,LIFE,DIR,0
CHL,2019,CBOND,LIFE,REI,0
CHL,2019,CBOND,NLIFE,DIR,0
CHL,2019,CBOND,_T,DIR,0
CHL,2019,CBOND,_T,REI,0
CHL,2019,CCASH,LIFE,DIR,929.033
CHL,2019,CCASH,LIFE,REI,1.028
CHL,2019,CCASH,NLIFE,DIR,120.669
CHL,2019,CCASH,_T,DIR,1049.702
CHL,2019,CCASH,_T,REI,1.028
CHL,2019,CIS,LIFE,DIR,5349.984
CHL,2019,CIS,LIFE,REI,10.416
CHL,2019,CIS,NLIFE,DIR,148.784
CHL,2019,CIS,_T,DIR,5498.768
CHL,2019,CIS,_T,REI,10.416
CHL,2019,COTHER,LIFE,DIR,0
CHL,2019,COTHER,LIFE,REI,0
CHL,2019,COTHER,NLIFE,DIR,0
CHL,2019,COTHER,_T,DIR,0
CHL,2019,COTHER,_T,REI,0
CHL,2019,CREST,LIFE,DIR,0
CHL,2019,CREST,LIFE,REI,0
CHL,2019,CREST,NLIFE,DIR,0
CHL,2019,CREST,_T,DIR,0
CHL,2019,CREST,_T,REI,0
CHL,2019,CSHARE,LIFE,DIR,4420.951
CHL,2019,CSHARE,LIFE,REI,9.388
CHL,2019,CSHARE,NLIFE,DIR,28.115
CHL,2019,CSHARE,_T,DIR,4449.066
CHL,2019,CSHARE,_T,REI,9.388
CHL,2019,HEDGE,LIFE,DIR,0
CHL,2019,HEDGE,LIFE,REI,0
CHL,2019,HEDGE,NLIFE,DIR,0
CHL,2019,HEDGE,_T,DIR,0
CHL,2019,HEDGE,_T,REI,0
CHL,2019,INV,LIFE,DIR,60713.941
CHL,2019,INV,LIFE,REI,105.173
CHL,2019,INV,NLIFE,DIR,2232.453
CHL,2019,INV,_T,DIR,62946.394
CHL,2019,INV,_T,REI,105.173
CHL,2019,INV_O,LIFE,DIR,-93.706
CHL,2019,INV_O,LIFE,REI,0.01
CHL,2019,INV_O,NLIFE,DIR,70.849
CHL,2019,INV_O,_T,DIR,-22.857
CHL,2019,INV_O,_T,REI,0.01
CHL,2019,LOAN,LIFE,DIR,8045.925
CHL,2019,LOAN,LIFE,REI,0
CHL,2019,LOAN,NLIFE,DIR,13.637
CHL,2019,LOAN,_T,DIR,8059.563
CHL,2019,LOAN,_T,REI,0
CHL,2019,PEQUF,LIFE,DIR,0
CHL,2019,PEQUF,LIFE,REI,0
CHL,2019,PEQUF,NLIFE,DIR,0
CHL,2019,PEQUF,_T,DIR,0
CHL,2019,PEQUF,_T,REI,0
CHL,2019,PRIB,LIFE,DIR,29520.468
CHL,2019,PRIB,LIFE,REI,89.589
CHL,2019,PRIB,NLIFE,DIR,1115.017
CHL,2019,PRIB,_T,DIR,30635.485
CHL,2019,PRIB,_T,REI,89.589
CHL,2019,PUBB,LIFE,DIR,1449.987
CHL,2019,PUBB,LIFE,REI,5.01
CHL,2019,PUBB,NLIFE,DIR,349.365
CHL,2019,PUBB,_T,DIR,1799.353
CHL,2019,PUBB,_T,REI,5.01
CHL,2019,PUBS,LIFE,DIR,566.801
CHL,2019,PUBS,LIFE,REI,0
CHL,2019,PUBS,NLIFE,DIR,14.587
CHL,2019,PUBS,_T,DIR,581.388
CHL,2019,PUBS,_T,REI,0
CHL,2019,REST,LIFE,DIR,9163.407
CHL,2019,REST,LIFE,REI,0
CHL,2019,REST,NLIFE,DIR,59.926
CHL,2019,REST,_T,DIR,9223.333
CHL,2019,REST,_T,REI,0
CHL,2019,SHARE,LIFE,DIR,599.456
CHL,2019,SHARE,LIFE,REI,0.065
CHL,2019,SHARE,NLIFE,DIR,14.712
CHL,2019,SHARE,_T,DIR,614.168
CHL,2019,SHARE,_T,REI,0.065
CHL,2019,STRPRDT,LIFE,DIR,0
CHL,2019,STRPRDT,LIFE,REI,0
CHL,2019,STRPRDT,NLIFE,DIR,0
CHL,2019,STRPRDT,_T,DIR,0
CHL,2019,STRPRDT,_T,REI,0
CHL,2019,UNITLINK,LIFE,DIR,5344.344
CHL,2019,UNITLINK,LIFE,REI,0
CHL,2019,UNITLINK,NLIFE,DIR,0
CHL,2019,UNITLINK,_T,DIR,5344.344
CHL,2019,UNITLINK,_T,REI,0
CHL,2019,UNLISTED,LIFE,DIR,32.655
CHL,2019,UNLISTED,LIFE,REI,0.065
CHL,2019,UNLISTED,NLIFE,DIR,0.125
CHL,2019,UNLISTED,_T,DIR,32.78
CHL,2019,UNLISTED,_T,REI,0.065
CHL,2020,BOND,LIFE,DIR,30854.387
CHL,2020,BOND,LIFE,REI,92.827
CHL,2020,BOND,NLIFE,DIR,1734.995
CHL,2020,BOND,_T,DIR,32589.382
CHL,2020,BOND,_T,REI,92.827
CHL,2020,CASH,LIFE,DIR,1356.762
CHL,2020,CASH,LIFE,REI,4.555
CHL,2020,CASH,NLIFE,DIR,542.287
CHL,2020,CASH,_T,DIR,1899.049
CHL,2020,CASH,_T,REI,4.555
CHL,2020,CBOND,LIFE,DIR,0
CHL,2020,CBOND,LIFE,REI,0
CHL,2020,CBOND,NLIFE,DIR,0
CHL,2020,CBOND,_T,DIR,0
CHL,2020,CBOND,_T,REI,0
CHL,2020,CCASH,LIFE,DIR,873.205
CHL,2020,CCASH,LIFE,REI,0.96
CHL,2020,CCASH,NLIFE,DIR,105.271
CHL,2020,CCASH,_T,DIR,978.476
CHL,2020,CCASH,_T,REI,0.96
CHL,2020,CIS,LIFE,DIR,5854.06
CHL,2020,CIS,LIFE,REI,11.075
CHL,2020,CIS,NLIFE,DIR,148.664
CHL,2020,CIS,_T,DIR,6002.724
CHL,2020,CIS,_T,REI,11.075
CHL,2020,COTHER,LIFE,DIR,0
CHL,2020,COTHER,LIFE,REI,0
CHL,2020,COTHER,NLIFE,DIR,0
CHL,2020,COTHER,_T,DIR,0
CHL,2020,COTHER,_T,REI,0
CHL,2020,CREST,LIFE,DIR,0
CHL,2020,CREST,LIFE,REI,0
CHL,2020,CREST,NLIFE,DIR,0
CHL,2020,CREST,_T,DIR,0
CHL,2020,CREST,_T,REI,0
CHL,2020,CSHARE,LIFE,DIR,4980.855
CHL,2020,CSHARE,LIFE,REI,10.114
CHL,2020,CSHARE,NLIFE,DIR,43.393
CHL,2020,CSHARE,_T,DIR,5024.248
CHL,2020,CSHARE,_T,REI,10.114
CHL,2020,HEDGE,LIFE,DIR,0
CHL,2020,HEDGE,LIFE,REI,0
CHL,2020,HEDGE,NLIFE,DIR,0
CHL,2020,HEDGE,_T,DIR,0
CHL,2020,HEDGE,_T,REI,0
CHL,2020,INV,LIFE,DIR,63857.512
CHL,2020,INV,LIFE,REI,108.683
CHL,2020,INV,NLIFE,DIR,2618.859
CHL,2020,INV,_T,DIR,66476.371
CHL,2020,INV,_T,REI,108.683
CHL,2020,INV_O,LIFE,DIR,553.8
CHL,2020,INV_O,LIFE,REI,0.149
CHL,2020,INV_O,NLIFE,DIR,84.944
CHL,2020,INV_O,_T,DIR,638.744
CHL,2020,INV_O,_T,REI,0.149
CHL,2020,LOAN,LIFE,DIR,8267.527
CHL,2020,LOAN,LIFE,REI,0
CHL,2020,LOAN,NLIFE,DIR,18.541
CHL,2020,LOAN,_T,DIR,8286.068
CHL,2020,LOAN,_T,REI,0
CHL,2020,PEQUF,LIFE,DIR,0
CHL,2020,PEQUF,LIFE,REI,0
CHL,2020,PEQUF,NLIFE,DIR,0
CHL,2020,PEQUF,_T,DIR,0
CHL,2020,PEQUF,_T,REI,0
CHL,2020,PRIB,LIFE,DIR,29380.339
CHL,2020,PRIB,LIFE,REI,87.572
CHL,2020,PRIB,NLIFE,DIR,1410.397
CHL,2020,PRIB,_T,DIR,30790.735
CHL,2020,PRIB,_T,REI,87.572
CHL,2020,PUBB,LIFE,DIR,1474.049
CHL,2020,PUBB,LIFE,REI,5.256
CHL,2020,PUBB,NLIFE,DIR,324.598
CHL,2020,PUBB,_T,DIR,1798.646
CHL,2020,PUBB,_T,REI,5.256
CHL,2020,PUBS,LIFE,DIR,563.221
CHL,2020,PUBS,LIFE,REI,0
CHL,2020,PUBS,NLIFE,DIR,23.014
CHL,2020,PUBS,_T,DIR,586.235
CHL,2020,PUBS,_T,REI,0
CHL,2020,REST,LIFE,DIR,9962.492
CHL,2020,REST,LIFE,REI,0
CHL,2020,REST,NLIFE,DIR,66.297
CHL,2020,REST,_T,DIR,10028.79
CHL,2020,REST,_T,REI,0
CHL,2020,SHARE,LIFE,DIR,598.873
CHL,2020,SHARE,LIFE,REI,0.077
CHL,2020,SHARE,NLIFE,DIR,23.131
CHL,2020,SHARE,_T,DIR,622.004
CHL,2020,SHARE,_T,REI,0.077
CHL,2020,STRPRDT,LIFE,DIR,0
CHL,2020,STRPRDT,LIFE,REI,0
CHL,2020,STRPRDT,NLIFE,DIR,0
CHL,2020,STRPRDT,_T,DIR,0
CHL,2020,STRPRDT,_T,REI,0
CHL,2020,UNITLINK,LIFE,DIR,6409.61
CHL,2020,UNITLINK,LIFE,REI,0
CHL,2020,UNITLINK,NLIFE,DIR,0
CHL,2020,UNITLINK,_T,DIR,6409.61
CHL,2020,UNITLINK,_T,REI,0
CHL,2020,UNLISTED,LIFE,DIR,35.652
CHL,2020,UNLISTED,LIFE,REI,0.077
CHL,2020,UNLISTED,NLIFE,DIR,0.117
CHL,2020,UNLISTED,_T,DIR,35.77
CHL,2020,UNLISTED,_T,REI,0.077
COL,2018,BOND,LIFE,DIR,10261.468
COL,2018,BOND,NLIFE,DIR,3071.691
COL,2018,BOND,_T,DIR,13333.16
COL,2018,CASH,LIFE,DIR,574.039
COL,2018,CASH,NLIFE,DIR,238.54
COL,2018,CASH,_T,DIR,812.579
COL,2018,CBOND,LIFE,DIR,157.484
COL,2018,CBOND,NLIFE,DIR,84.49
COL,2018,CBOND,_T,DIR,241.974
COL,2018,CCASH,LIFE,DIR,13.349
COL,2018,CCASH,NLIFE,DIR,4.086
COL,2018,CCASH,_T,DIR,17.435
COL,2018,CIS,LIFE,DIR,431.766
COL,2018,CIS,NLIFE,DIR,143.758
COL,2018,CIS,_T,DIR,575.523
COL,2018,COTHER,LIFE,DIR,174.035
COL,2018,COTHER,NLIFE,DIR,35.662
COL,2018,COTHER,_T,DIR,209.696
COL,2018,CREST,LIFE,DIR,0
COL,2018,CREST,NLIFE,DIR,0
COL,2018,CREST,_T,DIR,0
COL,2018,CSHARE,LIFE,DIR,86.898
COL,2018,CSHARE,NLIFE,DIR,19.52
COL,2018,CSHARE,_T,DIR,106.419
COL,2018,INV,LIFE,DIR,12819.683
COL,2018,INV,NLIFE,DIR,4108.81
COL,2018,INV,_T,DIR,16928.493
COL,2018,INV_O,LIFE,DIR,252.245
COL,2018,INV_O,NLIFE,DIR,55.741
COL,2018,INV_O,_T,DIR,307.986
COL,2018,LOAN,LIFE,DIR,35.396
COL,2018,LOAN,NLIFE,DIR,7.93
COL,2018,LOAN,_T,DIR,43.326
COL,2018,PEQUF,LIFE,DIR,276.289
COL,2018,PEQUF,NLIFE,DIR,58.1
COL,2018,PEQUF,_T,DIR,334.389
COL,2018,PRIB,LIFE,DIR,4738.837
COL,2018,PRIB,NLIFE,DIR,1485.863
COL,2018,PRIB,_T,DIR,6224.701
COL,2018,PUBB,LIFE,DIR,5522.631
COL,2018,PUBB,NLIFE,DIR,1585.828
COL,2018,PUBB,_T,DIR,7108.459
COL,2018,PUBS,LIFE,DIR,544.287
COL,2018,PUBS,NLIFE,DIR,293.715
COL,2018,PUBS,_T,DIR,838.003
COL,2018,REST,LIFE,DIR,3.692
COL,2018,REST,NLIFE,DIR,10.81
COL,2018,REST,_T,DIR,14.502
COL,2018,SHARE,LIFE,DIR,953.123
COL,2018,SHARE,NLIFE,DIR,510.671
COL,2018,SHARE,_T,DIR,1463.794
COL,2018,STRPRDT,LIFE,DIR,31.664
COL,2018,STRPRDT,NLIFE,DIR,11.569
COL,2018,STRPRDT,_T,DIR,43.233
COL,2018,UNLISTED,LIFE,DIR,408.836
COL,2018,UNLISTED,NLIFE,DIR,216.956
COL,2018,UNLISTED,_T,DIR,625.792
COL,2019,BOND,LIFE,DIR,11645.39
COL,2019,BOND,NLIFE,DIR,3365.321
COL,2019,BOND,_T,DIR,15010.711
COL,2019,CASH,LIFE,DIR,501.195
COL,2019,CASH,NLIFE,DIR,269.666
COL,2019,CASH,_T,DIR,770.861
COL,2019,CBOND,LIFE,DIR,2.506
COL,2019,CBOND,NLIFE,DIR,13.732
COL,2019,CBOND,_T,DIR,16.238
COL,2019,CCASH,LIFE,DIR,0
COL,2019,CCASH,NLIFE,DIR,3.214
COL,2019,CCASH,_T,DIR,3.214
COL,2019,CIS,LIFE,DIR,513.305
COL,2019,CIS,NLIFE,DIR,180.935
COL,2019,CIS,_T,DIR,694.239
COL,2019,COTHER,LIFE,DIR,245.284
COL,2019,COTHER,NLIFE,DIR,41.82
COL,2019,COTHER,_T,DIR,287.105
COL,2019,CREST,LIFE,DIR,0
COL,2019,CREST,NLIFE,DIR,0
COL,2019,CREST,_T,DIR,0
COL,2019,CSHARE,LIFE,DIR,265.515
COL,2019,CSHARE,NLIFE,DIR,122.169
COL,2019,CSHARE,_T,DIR,387.684
COL,2019,HEDGE,_T,DIR,0
COL,2019,INV,LIFE,DIR,14545.536
COL,2019,INV,NLIFE,DIR,4504.273
COL,2019,INV,_T,DIR,19049.809
COL,2019,INV_O,LIFE,DIR,297.324
COL,2019,INV_O,NLIFE,DIR,44.581
COL,2019,INV_O,_T,DIR,341.905
COL,2019,LOAN,LIFE,DIR,41.246
COL,2019,LOAN,NLIFE,DIR,4.952
COL,2019,LOAN,_T,DIR,46.198
COL,2019,PEQUF,LIFE,DIR,407.341
COL,2019,PEQUF,NLIFE,DIR,63.654
COL,2019,PEQUF,_T,DIR,470.995
COL,2019,PRIB,LIFE,DIR,5697.898
COL,2019,PRIB,NLIFE,DIR,1894.856
COL,2019,PRIB,_T,DIR,7592.754
COL,2019,PUBB,LIFE,DIR,5947.492
COL,2019,PUBB,NLIFE,DIR,1470.466
COL,2019,PUBB,_T,DIR,7417.957
COL,2019,PUBS,LIFE,DIR,155.617
COL,2019,PUBS,NLIFE,DIR,53.437
COL,2019,PUBS,_T,DIR,209.054
COL,2019,REST,LIFE,DIR,3.571
COL,2019,REST,NLIFE,DIR,6.174
COL,2019,REST,_T,DIR,9.745
COL,2019,SHARE,LIFE,DIR,1090.967
COL,2019,SHARE,NLIFE,DIR,555.803
COL,2019,SHARE,_T,DIR,1646.77
COL,2019,STRPRDT,LIFE,DIR,45.198
COL,2019,STRPRDT,NLIFE,DIR,13.186
COL,2019,STRPRDT,_T,DIR,58.384
COL,2019,UNITLINK,_T,DIR,0
COL,2019,UNLISTED,LIFE,DIR,935.35
COL,2019,UNLISTED,NLIFE,DIR,502.366
COL,2019,UNLISTED,_T,DIR,1437.716
COL,2020,BOND,LIFE,DIR,12203.501
COL,2020,BOND,NLIFE,DIR,3496.155
COL,2020,BOND,_T,DIR,15699.657
COL,2020,CASH,LIFE,DIR,509.812
COL,2020,CASH,NLIFE,DIR,301.569
COL,2020,CASH,_T,DIR,811.38
COL,2020,CBOND,LIFE,DIR,35.684
COL,2020,CBOND,NLIFE,DIR,10.746
COL,2020,CBOND,_T,DIR,46.43
COL,2020,CCASH,LIFE,DIR,72.754
COL,2020,CCASH,NLIFE,DIR,44.303
COL,2020,CCASH,_T,DIR,117.057
COL,2020,CIS,LIFE,DIR,623.498
COL,2020,CIS,NLIFE,DIR,242.43
COL,2020,CIS,_T,DIR,865.928
COL,2020,COTHER,LIFE,DIR,260.277
COL,2020,COTHER,NLIFE,DIR,56.784
COL,2020,COTHER,_T,DIR,317.061
COL,2020,CREST,LIFE,DIR,0
COL,2020,CREST,NLIFE,DIR,0
COL,2020,CREST,_T,DIR,0
COL,2020,CSHARE,LIFE,DIR,254.782
COL,2020,CSHARE,NLIFE,DIR,130.598
COL,2020,CSHARE,_T,DIR,385.38
COL,2020,HEDGE,_T,DIR,0
COL,2020,INV,LIFE,DIR,15206.484
COL,2020,INV,NLIFE,DIR,4825.583
COL,2020,INV,_T,DIR,20032.066
COL,2020,INV_O,LIFE,DIR,280.179
COL,2020,INV_O,NLIFE,DIR,38.119
COL,2020,INV_O,_T,DIR,318.298
COL,2020,LOAN,LIFE,DIR,15.14
COL,2020,LOAN,NLIFE,DIR,3.239
COL,2020,LOAN,_T,DIR,18.379
COL,2020,PEQUF,LIFE,DIR,502.064
COL,2020,PEQUF,NLIFE,DIR,62.752
COL,2020,PEQUF,_T,DIR,564.816
COL,2020,PRIB,LIFE,DIR,5691.844
COL,2020,PRIB,NLIFE,DIR,1909.451
COL,2020,PRIB,_T,DIR,7601.295
COL,2020,PUBB,LIFE,DIR,6511.657
COL,2020,PUBB,NLIFE,DIR,1586.704
COL,2020,PUBB,_T,DIR,8098.362
COL,2020,PUBS,LIFE,DIR,592.903
COL,2020,PUBS,NLIFE,DIR,332.147
COL,2020,PUBS,_T,DIR,925.05
COL,2020,REST,LIFE,DIR,87.231
COL,2020,REST,NLIFE,DIR,126.94
COL,2020,REST,_T,DIR,214.172
COL,2020,SHARE,LIFE,DIR,938.825
COL,2020,SHARE,NLIFE,DIR,540.996
COL,2020,SHARE,_T,DIR,1479.821
COL,2020,STRPRDT,LIFE,DIR,46.234
COL,2020,STRPRDT,NLIFE,DIR,13.382
COL,2020,STRPRDT,_T,DIR,59.616
COL,2020,UNITLINK,_T,DIR,0
COL,2020,UNLISTED,LIFE,DIR,345.922
COL,2020,UNLISTED,NLIFE,DIR,208.849
COL,2020,UNLISTED,_T,DIR,554.771
CRI,2018,BOND,COMP,DIR,2501.935
CRI,2018,BOND,NLIFE,DIR,33.447
CRI,2018,BOND,_T,DIR,2535.382
CRI,2018,CASH,COMP,DIR,81.056
CRI,2018,CASH,NLIFE,DIR,15.372
CRI,2018,CASH,_T,DIR,96.428
CRI,2018,CBOND,COMP,DIR,0
CRI,2018,CBOND,NLIFE,DIR,0
CRI,2018,CBOND,_T,DIR,0
CRI,2018,CCASH,COMP,DIR,0
CRI,2018,CCASH,NLIFE,DIR,0
CRI,2018,CCASH,_T,DIR,0
CRI,2018,CIS,COMP,DIR,58.299
CRI,2018,CIS,NLIFE,DIR,0.004
CRI,2018,CIS,_T,DIR,58.302
CRI,2018,COTHER,COMP,DIR,41.686
CRI,2018,COTHER,NLIFE,DIR,0.004
CRI,2018,COTHER,_T,DIR,41.689
CRI,2018,CREST,COMP,DIR,16.613
CRI,2018,CREST,NLIFE,DIR,0
CRI,2018,CREST,_T,DIR,16.613
CRI,2018,CSHARE,COMP,DIR,0
CRI,2018,CSHARE,NLIFE,DIR,0
CRI,2018,CSHARE,_T,DIR,0
CRI,2018,HEDGE,COMP,DIR,0
CRI,2018,HEDGE,NLIFE,DIR,0
CRI,2018,HEDGE,_T,DIR,0
CRI,2018,INV,COMP,DIR,3175.755
CRI,2018,INV,NLIFE,DIR,65.479
CRI,2018,INV,_T,DIR,3241.234
CRI,2018,INV_O,COMP,DIR,0
CRI,2018,INV_O,NLIFE,DIR,0
CRI,2018,INV_O,_T,DIR,0
CRI,2018,LOAN,COMP,DIR,341.214
CRI,2018,LOAN,NLIFE,DIR,16.656
CRI,2018,LOAN,_T,DIR,357.87
CRI,2018,PEQUF,COMP,DIR,0
CRI,2018,PEQUF,NLIFE,DIR,0
CRI,2018,PEQUF,_T,DIR,0
CRI,2018,PRIB,COMP,DIR,282.728
CRI,2018,PRIB,NLIFE,DIR,5.668
CRI,2018,PRIB,_T,DIR,288.396
CRI,2018,PUBB,COMP,DIR,2118.432
CRI,2018,PUBB,NLIFE,DIR,27.318
CRI,2018,PUBB,_T,DIR,2145.751
CRI,2018,PUBS,NLIFE,DIR,0
CRI,2018,REST,COMP,DIR,54.242
CRI,2018,REST,NLIFE,DIR,0
CRI,2018,REST,_T,DIR,54.242
CRI,2018,SHARE,COMP,DIR,139.009
CRI,2018,SHARE,NLIFE,DIR,0
CRI,2018,SHARE,_T,DIR,139.009
CRI,2018,STRPRDT,COMP,DIR,0
CRI,2018,STRPRDT,NLIFE,DIR,0
CRI,2018,STRPRDT,_T,DIR,0
CRI,2018,UNITLINK,COMP,DIR,0
CRI,2018,UNITLINK,NLIFE,DIR,0
CRI,2018,UNITLINK,_T,DIR,0
CRI,2018,UNLISTED,NLIFE,DIR,0
CRI,2019,BOND,COMP,DIR,2772.332
CRI,2019,BOND,NLIFE,DIR,47.059
CRI,2019,BOND,_T,DIR,2819.39
CRI,2019,CASH,COMP,DIR,234.032
CRI,2019,CASH,NLIFE,DIR,10.661
CRI,2019,CASH,_T,DIR,244.693
CRI,2019,CBOND,COMP,DIR,0
CRI,2019,CBOND,NLIFE,DIR,0
CRI,2019,CBOND,_T,DIR,0
CRI,2019,CCASH,COMP,DIR,0
CRI,2019,CCASH,NLIFE,DIR,0
CRI,2019,CCASH,_T,DIR,0
CRI,2019,CIS,COMP,DIR,41.45
CRI,2019,CIS,NLIFE,DIR,0.018
CRI,2019,CIS,_T,DIR,41.469
CRI,2019,COTHER,COMP,DIR,27.022
CRI,2019,COTHER,NLIFE,DIR,0.018
CRI,2019,COTHER,_T,DIR,27.04
CRI,2019,CREST,COMP,DIR,14.429
CRI,2019,CREST,NLIFE,DIR,0
CRI,2019,CREST,_T,DIR,14.429
CRI,2019,CSHARE,COMP,DIR,0
CRI,2019,CSHARE,NLIFE,DIR,0
CRI,2019,CSHARE,_T,DIR,0
CRI,2019,HEDGE,COMP,DIR,0
CRI,2019,HEDGE,NLIFE,DIR,0
CRI,2019,HEDGE,_T,DIR,0
CRI,2019,INV,COMP,DIR,3600.113
CRI,2019,INV,NLIFE,DIR,73.325
CRI,2019,INV,_T,DIR,3673.438
CRI,2019,INV_O,COMP,DIR,0
CRI,2019,INV_O,NLIFE,DIR,0
CRI,2019,INV_O,_T,DIR,0
CRI,2019,LOAN,COMP,DIR,422.579
CRI,2019,LOAN,NLIFE,DIR,15.587
CRI,2019,LOAN,_T,DIR,438.166
CRI,2019,PEQUF,COMP,DIR,0
CRI,2019,PEQUF,NLIFE,DIR,0
CRI,2019,PEQUF,_T,DIR,0
CRI,2019,PRIB,COMP,DIR,264.367
CRI,2019,PRIB,NLIFE,DIR,3.223
CRI,2019,PRIB,_T,DIR,267.59
CRI,2019,PUBB,COMP,DIR,2157.01
CRI,2019,PUBB,NLIFE,DIR,42.47
CRI,2019,PUBB,_T,DIR,2199.48
CRI,2019,PUBS,NLIFE,DIR,0
CRI,2019,REST,COMP,DIR,0
CRI,2019,REST,NLIFE,DIR,0
CRI,2019,REST,_T,DIR,0
CRI,2019,SHARE,COMP,DIR,129.72
CRI,2019,SHARE,NLIFE,DIR,0
CRI,2019,SHARE,_T,DIR,129.72
CRI,2019,STRPRDT,COMP,DIR,0
CRI,2019,STRPRDT,NLIFE,DIR,0
CRI,2019,STRPRDT,_T,DIR,0
CRI,2019,UNITLINK,COMP,DIR,0
CRI,2019,UNITLINK,NLIFE,DIR,0
CRI,2019,UNITLINK,_T,DIR,0
CRI,2019,UNLISTED,NLIFE,DIR,0
CRI,2020,BOND,COMP,DIR,2690.379
CRI,2020,BOND,NLIFE,DIR,50.334
CRI,2020,BOND,_T,DIR,2740.714
CRI,2020,CASH,COMP,DIR,170.346
CRI,2020,CASH,NLIFE,DIR,11.567
CRI,2020,CASH,_T,DIR,181.913
CRI,2020,CBOND,COMP,DIR,0
CRI,2020,CBOND,NLIFE,DIR,0
CRI,2020,CBOND,_T,DIR,0
CRI,2020,CCASH,COMP,DIR,0
CRI,2020,CCASH,NLIFE,DIR,0
CRI,2020,CCASH,_T,DIR,0
CRI,2020,CIS,COMP,DIR,43.42
CRI,2020,CIS,NLIFE,DIR,0.003
CRI,2020,CIS,_T,DIR,43.423
CRI,2020,COTHER,COMP,DIR,29.306
CRI,2020,COTHER,NLIFE,DIR,0.003
CRI,2020,COTHER,_T,DIR,29.309
CRI,2020,CREST,COMP,DIR,14.113
CRI,2020,CREST,NLIFE,DIR,0
CRI,2020,CREST,_T,DIR,14.113
CRI,2020,CSHARE,COMP,DIR,0
CRI,2020,CSHARE,NLIFE,DIR,0
CRI,2020,CSHARE,_T,DIR,0
CRI,2020,HEDGE,COMP,DIR,0
CRI,2020,HEDGE,NLIFE,DIR,0
CRI,2020,HEDGE,_T,DIR,0
CRI,2020,INV,COMP,DIR,3397.515
CRI,2020,INV,NLIFE,DIR,79.178
CRI,2020,INV,_T,DIR,3476.692
CRI,2020,INV_O,COMP,DIR,0
CRI,2020,INV_O,NLIFE,DIR,0
CRI,2020,INV_O,_T,DIR,0
CRI,2020,LOAN,COMP,DIR,354.581
CRI,2020,LOAN,NLIFE,DIR,16.87
CRI,2020,LOAN,_T,DIR,371.451
CRI,2020,PEQUF,COMP,DIR,0
CRI,2020,PEQUF,NLIFE,DIR,0
CRI,2020,PEQUF,_T,DIR,0
CRI,2020,PRIB,COMP,DIR,332.591
CRI,2020,PRIB,NLIFE,DIR,5.949
CRI,2020,PRIB,_T,DIR,338.541
CRI,2020,PUBB,COMP,DIR,2039.474
CRI,2020,PUBB,NLIFE,DIR,42.042
CRI,2020,PUBB,_T,DIR,2081.516
CRI,2020,PUBS,NLIFE,DIR,0
CRI,2020,REST,COMP,DIR,0
CRI,2020,REST,NLIFE,DIR,0
CRI,2020,REST,_T,DIR,0
CRI,2020,SHARE,COMP,DIR,138.789
CRI,2020,SHARE,NLIFE,DIR,0.403
CRI,2020,SHARE,_T,DIR,139.192
CRI,2020,STRPRDT,COMP,DIR,0
CRI,2020,STRPRDT,NLIFE,DIR,0
CRI,2020,STRPRDT,_T,DIR,0
CRI,2020,UNITLINK,COMP,DIR,0
CRI,2020,UNITLINK,NLIFE,DIR,0
CRI,2020,UNITLINK,_T,DIR,0
CRI,2020,UNLISTED,NLIFE,DIR,0
DEU,2018,BOND,LIFE,DIR,560979.514
DEU,2018,BOND,NLIFE,DIR,317762.989
DEU,2018,BOND,_T,DIR,878742.503
DEU,2018,BOND,_T,REI,105336.493
DEU,2018,CASH,LIFE,DIR,5544.654
DEU,2018,CASH,NLIFE,DIR,8744.908
DEU,2018,CASH,_T,DIR,14289.561
DEU,2018,CASH,_T,REI,6056.252
DEU,2018,CBOND,LIFE,DIR,318803.131
DEU,2018,CBOND,NLIFE,DIR,127750.349
DEU,2018,CBOND,_T,DIR,446553.48
DEU,2018,CBOND,_T,REI,8452.12
DEU,2018,CCASH,LIFE,DIR,12774.52
DEU,2018,CCASH,NLIFE,DIR,7685.084
DEU,2018,CCASH,_T,DIR,20459.603
DEU,2018,CCASH,_T,REI,767.334
DEU,2018,CIS,LIFE,DIR,427372.178
DEU,2018,CIS,NLIFE,DIR,189444.182
DEU,2018,CIS,_T,DIR,616816.36
DEU,2018,CIS,_T,REI,15707.656
DEU,2018,COTHER,LIFE,DIR,24984.806
DEU,2018,COTHER,NLIFE,DIR,12427.791
DEU,2018,COTHER,_T,DIR,37412.596
DEU,2018,COTHER,_T,REI,1494.191
DEU,2018,CREST,LIFE,DIR,17816.553
DEU,2018,CREST,NLIFE,DIR,8980.904
DEU,2018,CREST,_T,DIR,26797.456
DEU,2018,CREST,_T,REI,450.89
DEU,2018,CSHARE,LIFE,DIR,52993.169
DEU,2018,CSHARE,NLIFE,DIR,32600.056
DEU,2018,CSHARE,_T,DIR,85593.225
DEU,2018,CSHARE,_T,REI,4543.122
DEU,2018,INV,LIFE,DIR,1298894.067
DEU,2018,INV,NLIFE,DIR,635369.583
DEU,2018,INV,_T,DIR,1934263.65
DEU,2018,INV,_T,REI,402501.242
DEU,2018,INV_O,LIFE,DIR,16842.752
DEU,2018,INV_O,NLIFE,DIR,5420.261
DEU,2018,INV_O,_T,DIR,22263.014
DEU,2018,INV_O,_T,REI,917.065
DEU,2018,LOAN,LIFE,DIR,90611.316
DEU,2018,LOAN,NLIFE,DIR,17494.991
DEU,2018,LOAN,_T,DIR,108106.306
DEU,2018,LOAN,_T,REI,10211.104
DEU,2018,PEQUF,LIFE,DIR,2359.583
DEU,2018,PEQUF,NLIFE,DIR,2000.076
DEU,2018,PEQUF,_T,DIR,4359.658
DEU,2018,PEQUF,_T,REI,80.013
DEU,2018,REST,LIFE,DIR,21788.88
DEU,2018,REST,NLIFE,DIR,11932.738
DEU,2018,REST,_T,DIR,33721.618
DEU,2018,REST,_T,REI,6600.333
DEU,2018,SHARE,LIFE,DIR,55870.555
DEU,2018,SHARE,NLIFE,DIR,82517.925
DEU,2018,SHARE,_T,DIR,138388.48
DEU,2018,SHARE,_T,REI,257592.327
DEU,2018,UNITLINK,LIFE,DIR,117524.635
DEU,2018,UNITLINK,NLIFE,DIR,51.514
DEU,2018,UNITLINK,_T,DIR,117576.148
DEU,2018,UNITLINK,_T,REI,0
DEU,2019,BOND,LIFE,DIR,584771.708
DEU,2019,BOND,NLIFE,DIR,328207.29
DEU,2019,BOND,_T,DIR,912978.998
DEU,2019,BOND,_T,REI,112917.941
DEU,2019,CASH,LIFE,DIR,6893.283
DEU,2019,CASH,NLIFE,DIR,9093.158
DEU,2019,CASH,_T,DIR,15986.441
DEU,2019,CASH,_T,REI,7012.891
DEU,2019,CBOND,LIFE,DIR,355686.762
DEU,2019,CBOND,NLIFE,DIR,139028.461
DEU,2019,CBOND,_T,DIR,494715.224
DEU,2019,CBOND,_T,REI,8474.075
DEU,2019,CCASH,LIFE,DIR,15549.618
DEU,2019,CCASH,NLIFE,DIR,7151.294
DEU,2019,CCASH,_T,DIR,22700.912
DEU,2019,CCASH,_T,REI,709.685
DEU,2019,CIS,LIFE,DIR,484081.727
DEU,2019,CIS,NLIFE,DIR,215111.233
DEU,2019,CIS,_T,DIR,699192.961
DEU,2019,CIS,_T,REI,16302.61
DEU,2019,COTHER,LIFE,DIR,27391.668
DEU,2019,COTHER,NLIFE,DIR,13825.165
DEU,2019,COTHER,_T,DIR,41216.833
DEU,2019,COTHER,_T,REI,1428.751
DEU,2019,CREST,LIFE,DIR,18736.029
DEU,2019,CREST,NLIFE,DIR,10788.503
DEU,2019,CREST,_T,DIR,29524.532
DEU,2019,CREST,_T,REI,531.245
DEU,2019,CSHARE,LIFE,DIR,66717.65
DEU,2019,CSHARE,NLIFE,DIR,44317.81
DEU,2019,CSHARE,_T,DIR,111035.46
DEU,2019,CSHARE,_T,REI,5158.854
DEU,2019,INV,LIFE,DIR,1427912.521
DEU,2019,INV,NLIFE,DIR,688760.373
DEU,2019,INV,_T,DIR,2116672.894
DEU,2019,INV,_T,REI,444688.273
DEU,2019,INV_O,LIFE,DIR,2160.275
DEU,2019,INV_O,NLIFE,DIR,479.624
DEU,2019,INV_O,_T,DIR,2639.9
DEU,2019,INV_O,_T,REI,0
DEU,2019,LOAN,LIFE,DIR,97349.99
DEU,2019,LOAN,NLIFE,DIR,21742.595
DEU,2019,LOAN,_T,DIR,119092.585
DEU,2019,LOAN,_T,REI,5881.347
DEU,2019,PEQUF,LIFE,DIR,3864.686
DEU,2019,PEQUF,NLIFE,DIR,3402.812
DEU,2019,PEQUF,_T,DIR,7267.498
DEU,2019,PEQUF,_T,REI,135.179
DEU,2019,PRIB,LIFE,DIR,329324.309
DEU,2019,PRIB,NLIFE,DIR,217345.575
DEU,2019,PRIB,_T,DIR,546669.883
DEU,2019,PRIB,_T,REI,55902.905
DEU,2019,PUBB,LIFE,DIR,255447.4
DEU,2019,PUBB,NLIFE,DIR,110861.715
DEU,2019,PUBB,_T,DIR,366309.115
DEU,2019,PUBB,_T,REI,57015.037
DEU,2019,PUBS,LIFE,DIR,1563.84
DEU,2019,PUBS,NLIFE,DIR,11367.121
DEU,2019,PUBS,_T,DIR,12930.961
DEU,2019,PUBS,_T,REI,5370.48
DEU,2019,REST,LIFE,DIR,22485.298
DEU,2019,REST,NLIFE,DIR,13246.906
DEU,2019,REST,_T,DIR,35732.204
DEU,2019,REST,_T,REI,7391.308
DEU,2019,SHARE,LIFE,DIR,69591.992
DEU,2019,SHARE,NLIFE,DIR,92514.169
DEU,2019,SHARE,_T,DIR,162106.161
DEU,2019,SHARE,_T,REI,294023.636
DEU,2019,STRPRDT,LIFE,DIR,15343.35
DEU,2019,STRPRDT,NLIFE,DIR,4900.832
DEU,2019,STRPRDT,_T,DIR,20244.182
DEU,2019,STRPRDT,_T,REI,1023.361
DEU,2019,UNITLINK,LIFE,DIR,141370.211
DEU,2019,UNITLINK,NLIFE,DIR,61.753
DEU,2019,UNITLINK,_T,DIR,141431.964
DEU,2019,UNITLINK,_T,REI,0
DEU,2019,UNLISTED,LIFE,DIR,68028.152
DEU,2019,UNLISTED,NLIFE,DIR,81147.047
DEU,2019,UNLISTED,_T,DIR,149175.2
DEU,2019,UNLISTED,_T,REI,288653.156
DEU,2020,BOND,LIFE,DIR,655138.895
DEU,2020,BOND,NLIFE,DIR,365196.9
DEU,2020,BOND,_T,DIR,1020335.796
DEU,2020,BOND,_T,REI,131312.873
DEU,2020,CASH,LIFE,DIR,8631.011
DEU,2020,CASH,NLIFE,DIR,10955.505
DEU,2020,CASH,_T,DIR,19586.517
DEU,2020,CASH,_T,REI,8806.425
DEU,2020,CBOND,LIFE,DIR,425057.023
DEU,2020,CBOND,NLIFE,DIR,164827.065
DEU,2020,CBOND,_T,DIR,589884.088
DEU,2020,CBOND,_T,REI,10060.152
DEU,2020,CCASH,LIFE,DIR,18550.845
DEU,2020,CCASH,NLIFE,DIR,10508.608
DEU,2020,CCASH,_T,DIR,29059.453
DEU,2020,CCASH,_T,REI,1337.391
DEU,2020,CIS,LIFE,DIR,579760.532
DEU,2020,CIS,NLIFE,DIR,256425.681
DEU,2020,CIS,_T,DIR,836186.212
DEU,2020,CIS,_T,REI,17576.884
DEU,2020,COTHER,LIFE,DIR,45427.104
DEU,2020,COTHER,NLIFE,DIR,22146.552
DEU,2020,COTHER,_T,DIR,67573.657
DEU,2020,COTHER,_T,REI,1743.266
DEU,2020,CREST,LIFE,DIR,24251.482
DEU,2020,CREST,NLIFE,DIR,14674.082
DEU,2020,CREST,_T,DIR,38925.564
DEU,2020,CREST,_T,REI,748.113
DEU,2020,CSHARE,LIFE,DIR,66474.078
DEU,2020,CSHARE,NLIFE,DIR,44269.373
DEU,2020,CSHARE,_T,DIR,110743.45
DEU,2020,CSHARE,_T,REI,3687.961
DEU,2020,INV,LIFE,DIR,1654368.51
DEU,2020,INV,NLIFE,DIR,788813.739
DEU,2020,INV,_T,DIR,2443182.249
DEU,2020,INV,_T,REI,502939.995
DEU,2020,INV_O,LIFE,DIR,3395.163
DEU,2020,INV_O,NLIFE,DIR,674.733
DEU,2020,INV_O,_T,DIR,4069.896
DEU,2020,INV_O,_T,REI,659.983
DEU,2020,LOAN,LIFE,DIR,113075.295
DEU,2020,LOAN,NLIFE,DIR,26866.847
DEU,2020,LOAN,_T,DIR,139942.142
DEU,2020,LOAN,_T,REI,6663.456
DEU,2020,PEQUF,LIFE,DIR,6453.671
DEU,2020,PEQUF,NLIFE,DIR,4627.944
DEU,2020,PEQUF,_T,DIR,11081.614
DEU,2020,PEQUF,_T,REI,192.274
DEU,2020,PRIB,LIFE,DIR,340955.419
DEU,2020,PRIB,NLIFE,DIR,234568.81
DEU,2020,PRIB,_T,DIR,575524.229
DEU,2020,PRIB,_T,REI,63137.3
DEU,2020,PUBB,LIFE,DIR,314183.476
DEU,2020,PUBB,NLIFE,DIR,130628.091
DEU,2020,PUBB,_T,DIR,444811.567
DEU,2020,PUBB,_T,REI,68175.573
DEU,2020,PUBS,LIFE,DIR,1464.028
DEU,2020,PUBS,NLIFE,DIR,9355.123
DEU,2020,PUBS,_T,DIR,10819.15
DEU,2020,PUBS,_T,REI,5029.561
DEU,2020,REST,LIFE,DIR,24311.978
DEU,2020,REST,NLIFE,DIR,15076.694
DEU,2020,REST,_T,DIR,39388.671
DEU,2020,REST,_T,REI,5717.534
DEU,2020,SHARE,LIFE,DIR,88956.094
DEU,2020,SHARE,NLIFE,DIR,102810.438
DEU,2020,SHARE,_T,DIR,191766.532
DEU,2020,SHARE,_T,REI,331054.851
DEU,2020,STRPRDT,LIFE,DIR,14629.269
DEU,2020,STRPRDT,NLIFE,DIR,6108.157
DEU,2020,STRPRDT,_T,DIR,20737.425
DEU,2020,STRPRDT,_T,REI,955.714
DEU,2020,UNITLINK,LIFE,DIR,160016.603
DEU,2020,UNITLINK,NLIFE,DIR,70.84
DEU,2020,UNITLINK,_T,DIR,160087.443
DEU,2020,UNITLINK,_T,REI,0
DEU,2020,UNLISTED,LIFE,DIR,87492.067
DEU,2020,UNLISTED,NLIFE,DIR,93455.315
DEU,2020,UNLISTED,_T,DIR,180947.382
DEU,2020,UNLISTED,_T,REI,326025.291
DNK,2018,BOND,LIFE,DIR,100312.912
DNK,2018,BOND,NLIFE,DIR,14671.749
DNK,2018,BOND,NLIFE,REI,5.675
DNK,2018,BOND,_T,DIR,114984.661
DNK,2018,BOND,_T,REI,5.675
DNK,2018,CASH,LIFE,DIR,10478.111
DNK,2018,CASH,NLIFE,DIR,3011.934
DNK,2018,CASH,NLIFE,REI,153.235
DNK,2018,CASH,_T,DIR,13490.045
DNK,2018,CASH,_T,REI,153.235
DNK,2018,CIS,LIFE,DIR,21183.084
DNK,2018,CIS,NLIFE,DIR,1428.199
DNK,2018,CIS,NLIFE,REI,45.863
DNK,2018,CIS,_T,DIR,22611.283
DNK,2018,CIS,_T,REI,45.863
DNK,2018,INV,LIFE,DIR,471390.772
DNK,2018,INV,NLIFE,DIR,26109.151
DNK,2018,INV,NLIFE,REI,428.567
DNK,2018,INV,_T,DIR,497500.077
DNK,2018,INV,_T,REI,428.567
DNK,2018,INV_O,LIFE,DIR,30733.35
DNK,2018,INV_O,NLIFE,DIR,1631.132
DNK,2018,INV_O,NLIFE,REI,76.541
DNK,2018,INV_O,_T,DIR,32364.481
DNK,2018,INV_O,_T,REI,76.541
DNK,2018,LOAN,LIFE,DIR,5051.999
DNK,2018,LOAN,NLIFE,DIR,457.251
DNK,2018,LOAN,NLIFE,REI,147.253
DNK,2018,LOAN,_T,DIR,5509.249
DNK,2018,LOAN,_T,REI,147.253
DNK,2018,REST,LIFE,DIR,1506.427
DNK,2018,REST,NLIFE,DIR,350.492
DNK,2018,REST,NLIFE,REI,0
DNK,2018,REST,_T,DIR,1856.919
DNK,2018,REST,_T,REI,0
DNK,2018,SHARE,LIFE,DIR,124451.637
DNK,2018,SHARE,NLIFE,DIR,4558.395
DNK,2018,SHARE,NLIFE,REI,0
DNK,2018,SHARE,_T,DIR,129010.032
DNK,2018,SHARE,_T,REI,0
DNK,2018,UNITLINK,LIFE,DIR,177673.252
DNK,2018,UNITLINK,NLIFE,DIR,0
DNK,2018,UNITLINK,NLIFE,REI,0
DNK,2018,UNITLINK,_T,DIR,177673.252
DNK,2019,BOND,LIFE,DIR,105563.594
DNK,2019,BOND,NLIFE,DIR,14589.643
DNK,2019,BOND,NLIFE,REI,3.146
DNK,2019,BOND,_T,DIR,120153.238
DNK,2019,BOND,_T,REI,3.146
DNK,2019,CASH,LIFE,DIR,9131.802
DNK,2019,CASH,NLIFE,DIR,3083.479
DNK,2019,CASH,NLIFE,REI,182.447
DNK,2019,CASH,_T,DIR,12215.282
DNK,2019,CASH,_T,REI,182.447
DNK,2019,CIS,LIFE,DIR,17070.358
DNK,2019,CIS,NLIFE,DIR,1570.874
DNK,2019,CIS,NLIFE,REI,43.59
DNK,2019,CIS,_T,DIR,18641.382
DNK,2019,CIS,_T,REI,43.59
DNK,2019,INV,LIFE,DIR,533648.946
DNK,2019,INV,NLIFE,DIR,26153.178
DNK,2019,INV,NLIFE,REI,492.518
DNK,2019,INV,_T,DIR,559801.974
DNK,2019,INV,_T,REI,492.518
DNK,2019,INV_O,LIFE,DIR,43029.554
DNK,2019,INV_O,NLIFE,DIR,1553.648
DNK,2019,INV_O,NLIFE,REI,106.802
DNK,2019,INV_O,_T,DIR,44583.202
DNK,2019,INV_O,_T,REI,106.802
DNK,2019,LOAN,LIFE,DIR,5141.329
DNK,2019,LOAN,NLIFE,DIR,512.89
DNK,2019,LOAN,NLIFE,REI,156.683
DNK,2019,LOAN,_T,DIR,5654.219
DNK,2019,LOAN,_T,REI,156.683
DNK,2019,REST,LIFE,DIR,1282.374
DNK,2019,REST,NLIFE,DIR,360.401
DNK,2019,REST,NLIFE,REI,0
DNK,2019,REST,_T,DIR,1642.775
DNK,2019,REST,_T,REI,0
DNK,2019,SHARE,LIFE,DIR,144698.093
DNK,2019,SHARE,NLIFE,DIR,4481.943
DNK,2019,SHARE,NLIFE,REI,0
DNK,2019,SHARE,_T,DIR,149180.036
DNK,2019,SHARE,_T,REI,0
DNK,2019,UNITLINK,LIFE,DIR,207731.692
DNK,2019,UNITLINK,NLIFE,DIR,0
DNK,2019,UNITLINK,NLIFE,REI,0
DNK,2019,UNITLINK,_T,DIR,207731.692
DNK,2019,UNITLINK,_T,REI,0
DNK,2020,BOND,LIFE,DIR,113720.946
DNK,2020,BOND,NLIFE,DIR,16528.493
DNK,2020,BOND,NLIFE,REI,0.33
DNK,2020,BOND,_T,DIR,130249.439
DNK,2020,BOND,_T,REI,0.33
DNK,2020,CASH,LIFE,DIR,10361.529
DNK,2020,CASH,NLIFE,DIR,3276.215
DNK,2020,CASH,NLIFE,REI,101.69
DNK,2020,CASH,_T,DIR,13637.579
DNK,2020,CASH,_T,REI,101.69
DNK,2020,CIS,LIFE,DIR,18210.182
DNK,2020,CIS,NLIFE,DIR,2110.407
DNK,2020,CIS,NLIFE,REI,48.039
DNK,2020,CIS,_T,DIR,20320.589
DNK,2020,CIS,_T,REI,48.039
DNK,2020,INV,LIFE,DIR,629550.152
DNK,2020,INV,NLIFE,DIR,29922.246
DNK,2020,INV,NLIFE,REI,436.642
DNK,2020,INV,_T,DIR,659472.563
DNK,2020,INV,_T,REI,436.642
DNK,2020,INV_O,LIFE,DIR,62822.24
DNK,2020,INV_O,NLIFE,DIR,2058.241
DNK,2020,INV_O,NLIFE,REI,123.316
DNK,2020,INV_O,_T,DIR,64880.481
DNK,2020,INV_O,_T,REI,123.316
DNK,2020,LOAN,LIFE,DIR,6186.113
DNK,2020,LOAN,NLIFE,DIR,499.703
DNK,2020,LOAN,NLIFE,REI,163.431
DNK,2020,LOAN,_T,DIR,6685.816
DNK,2020,LOAN,_T,REI,163.431
DNK,2020,REST,LIFE,DIR,1328.084
DNK,2020,REST,NLIFE,DIR,407.917
DNK,2020,REST,_T,DIR,1736.001
DNK,2020,SHARE,LIFE,DIR,164727.615
DNK,2020,SHARE,NLIFE,DIR,5041.436
DNK,2020,SHARE,_T,DIR,169768.885
DNK,2020,UNITLINK,LIFE,DIR,252193.608
DNK,2020,UNITLINK,_T,DIR,252193.608
DOM,2018,BOND,COMP,DIR,98.508
DOM,2018,BOND,_T,DIR,98.508
DOM,2018,CASH,COMP,DIR,461.372
DOM,2018,CASH,_T,DIR,461.372
DOM,2018,INV,COMP,DIR,694.947
DOM,2018,INV,_T,DIR,694.947
DOM,2018,INV_O,COMP,DIR,29.496
DOM,2018,INV_O,_T,DIR,29.496
DOM,2018,LOAN,COMP,DIR,0.521
DOM,2018,LOAN,_T,DIR,0.521
DOM,2018,PUBB,COMP,DIR,68.087
DOM,2018,PUBB,_T,DIR,68.087
DOM,2018,REST,COMP,DIR,92.91
DOM,2018,REST,_T,DIR,92.91
DOM,2018,SHARE,COMP,DIR,12.14
DOM,2018,SHARE,_T,DIR,12.14
DOM,2018,UNLISTED,COMP,DIR,12.14
DOM,2018,UNLISTED,_T,DIR,12.14
ECU,2019,BOND,COMP,DIR,429.607
ECU,2019,BOND,LIFE,DIR,158.706
ECU,2019,BOND,NLIFE,DIR,42.969
ECU,2019,BOND,_T,DIR,631.282
ECU,2019,CASH,COMP,DIR,32.753
ECU,2019,CASH,LIFE,DIR,0.261
ECU,2019,CASH,NLIFE,DIR,4.164
ECU,2019,CASH,_T,DIR,37.179
ECU,2019,CBOND,COMP,DIR,0
ECU,2019,CBOND,LIFE,DIR,0
ECU,2019,CBOND,NLIFE,DIR,0
ECU,2019,CBOND,_T,DIR,0
ECU,2019,CCASH,COMP,DIR,0
ECU,2019,CCASH,LIFE,DIR,0
ECU,2019,CCASH,NLIFE,DIR,0
ECU,2019,CCASH,_T,DIR,0
ECU,2019,CIS,COMP,DIR,0
ECU,2019,CIS,LIFE,DIR,0
ECU,2019,CIS,NLIFE,DIR,0
ECU,2019,CIS,_T,DIR,0
ECU,2019,COTHER,COMP,DIR,0
ECU,2019,COTHER,LIFE,DIR,0
ECU,2019,COTHER,NLIFE,DIR,0
ECU,2019,COTHER,_T,DIR,0
ECU,2019,CREST,COMP,DIR,0
ECU,2019,CREST,LIFE,DIR,0
ECU,2019,CREST,NLIFE,DIR,0
ECU,2019,CREST,_T,DIR,0
ECU,2019,CSHARE,COMP,DIR,0
ECU,2019,CSHARE,LIFE,DIR,0
ECU,2019,CSHARE,NLIFE,DIR,0
ECU,2019,CSHARE,_T,DIR,0
ECU,2019,HEDGE,COMP,DIR,0
ECU,2019,HEDGE,LIFE,DIR,0
ECU,2019,HEDGE,NLIFE,DIR,0
ECU,2019,HEDGE,_T,DIR,0
ECU,2019,INV,COMP,DIR,771.984
ECU,2019,INV,LIFE,DIR,210.484
ECU,2019,INV,NLIFE,DIR,90.684
ECU,2019,INV,_T,DIR,1073.152
ECU,2019,INV_O,COMP,DIR,0
ECU,2019,INV_O,LIFE,DIR,0
ECU,2019,INV_O,NLIFE,DIR,0
ECU,2019,INV_O,_T,DIR,0
ECU,2019,LOAN,COMP,DIR,0
ECU,2019,LOAN,LIFE,DIR,0
ECU,2019,LOAN,NLIFE,DIR,0
ECU,2019,LOAN,_T,DIR,0
ECU,2019,PEQUF,COMP,DIR,150.808
ECU,2019,PEQUF,LIFE,DIR,41.136
ECU,2019,PEQUF,NLIFE,DIR,29.23
ECU,2019,PEQUF,_T,DIR,221.174
ECU,2019,PRIB,COMP,DIR,280.237
ECU,2019,PRIB,LIFE,DIR,91.067
ECU,2019,PRIB,NLIFE,DIR,33.701
ECU,2019,PRIB,_T,DIR,405.005
ECU,2019,PUBB,COMP,DIR,149.37
ECU,2019,PUBB,LIFE,DIR,67.639
ECU,2019,PUBB,NLIFE,DIR,9.268
ECU,2019,PUBB,_T,DIR,226.277
ECU,2019,PUBS,COMP,DIR,23.113
ECU,2019,PUBS,LIFE,DIR,2.759
ECU,2019,PUBS,NLIFE,DIR,3.057
ECU,2019,PUBS,_T,DIR,28.929
ECU,2019,REST,COMP,DIR,135.703
ECU,2019,REST,LIFE,DIR,7.622
ECU,2019,REST,NLIFE,DIR,11.264
ECU,2019,REST,_T,DIR,154.588
ECU,2019,SHARE,COMP,DIR,23.113
ECU,2019,SHARE,LIFE,DIR,2.759
ECU,2019,SHARE,NLIFE,DIR,3.057
ECU,2019,SHARE,_T,DIR,28.929
ECU,2019,STRPRDT,COMP,DIR,0
ECU,2019,STRPRDT,LIFE,DIR,0
ECU,2019,STRPRDT,NLIFE,DIR,0
ECU,2019,STRPRDT,_T,DIR,0
ECU,2019,UNITLINK,COMP,DIR,0
ECU,2019,UNITLINK,LIFE,DIR,0
ECU,2019,UNITLINK,NLIFE,DIR,0
ECU,2019,UNITLINK,_T,DIR,0
ECU,2019,UNLISTED,COMP,DIR,0
ECU,2019,UNLISTED,LIFE,DIR,0
ECU,2019,UNLISTED,NLIFE,DIR,0
ECU,2019,UNLISTED,_T,DIR,0
ESP,2018,BOND,COMP,DIR,210879.335
ESP,2018,BOND,COMP,REI,3138.567
ESP,2018,BOND,LIFE,DIR,20938.32
ESP,2018,BOND,NLIFE,DIR,10508.179
ESP,2018,BOND,_T,DIR,242325.834
ESP,2018,BOND,_T,REI,3138.567
ESP,2018,CASH,COMP,DIR,18105.75
ESP,2018,CASH,COMP,REI,1531.793
ESP,2018,CASH,LIFE,DIR,1336.732
ESP,2018,CASH,NLIFE,DIR,3030.914
ESP,2018,CASH,_T,DIR,22473.396
ESP,2018,CASH,_T,REI,1531.793
ESP,2018,CBOND,COMP,DIR,1273.918
ESP,2018,CBOND,COMP,REI,466.134
ESP,2018,CBOND,LIFE,DIR,213.979
ESP,2018,CBOND,NLIFE,DIR,749.556
ESP,2018,CBOND,_T,DIR,2237.454
ESP,2018,CBOND,_T,REI,466.134
ESP,2018,CCASH,COMP,DIR,344.261
ESP,2018,CCASH,COMP,REI,52.413
ESP,2018,CCASH,LIFE,DIR,25.34
ESP,2018,CCASH,NLIFE,DIR,63.782
ESP,2018,CCASH,_T,DIR,433.383
ESP,2018,CCASH,_T,REI,52.413
ESP,2018,CIS,COMP,DIR,9076.746
ESP,2018,CIS,COMP,REI,733.761
ESP,2018,CIS,LIFE,DIR,667.558
ESP,2018,CIS,NLIFE,DIR,3049.385
ESP,2018,CIS,_T,DIR,12793.689
ESP,2018,CIS,_T,REI,733.761
ESP,2018,COTHER,COMP,DIR,5883.284
ESP,2018,COTHER,COMP,REI,37.484
ESP,2018,COTHER,LIFE,DIR,176.835
ESP,2018,COTHER,NLIFE,DIR,614.145
ESP,2018,COTHER,_T,DIR,6674.264
ESP,2018,COTHER,_T,REI,37.484
ESP,2018,CREST,COMP,DIR,0
ESP,2018,CREST,LIFE,DIR,0
ESP,2018,CREST,NLIFE,DIR,0
ESP,2018,CREST,_T,DIR,0
ESP,2018,CSHARE,COMP,DIR,1575.283
ESP,2018,CSHARE,COMP,REI,177.73
ESP,2018,CSHARE,LIFE,DIR,251.404
ESP,2018,CSHARE,NLIFE,DIR,1621.901
ESP,2018,CSHARE,_T,DIR,3448.588
ESP,2018,CSHARE,_T,REI,177.73
ESP,2018,HEDGE,COMP,DIR,175.94
ESP,2018,HEDGE,COMP,REI,22.873
ESP,2018,HEDGE,LIFE,DIR,25.355
ESP,2018,HEDGE,NLIFE,DIR,246.154
ESP,2018,HEDGE,_T,DIR,447.449
ESP,2018,HEDGE,_T,REI,22.873
ESP,2018,INV,COMP,DIR,278528.259
ESP,2018,INV,COMP,REI,6262.757
ESP,2018,INV,LIFE,DIR,29330.695
ESP,2018,INV,NLIFE,DIR,22372.561
ESP,2018,INV,_T,DIR,330231.515
ESP,2018,INV,_T,REI,6262.757
ESP,2018,INV_O,COMP,DIR,-7233.031
ESP,2018,INV_O,LIFE,DIR,27.366
ESP,2018,INV_O,NLIFE,DIR,111.265
ESP,2018,INV_O,_T,DIR,-7094.4
ESP,2018,INV_O,_T,REI,0
ESP,2018,LOAN,COMP,DIR,2225.917
ESP,2018,LOAN,COMP,REI,0
ESP,2018,LOAN,LIFE,DIR,432.299
ESP,2018,LOAN,NLIFE,DIR,482.469
ESP,2018,LOAN,_T,DIR,3140.685
ESP,2018,LOAN,_T,REI,0
ESP,2018,PEQUF,COMP,DIR,313.041
ESP,2018,PEQUF,COMP,REI,9.728
ESP,2018,PEQUF,LIFE,DIR,122.027
ESP,2018,PEQUF,NLIFE,DIR,158.13
ESP,2018,PEQUF,_T,DIR,593.198
ESP,2018,PEQUF,_T,REI,9.728
ESP,2018,PRIB,COMP,DIR,54474.555
ESP,2018,PRIB,COMP,REI,1629.144
ESP,2018,PRIB,LIFE,DIR,6837.533
ESP,2018,PRIB,NLIFE,DIR,3960.851
ESP,2018,PRIB,_T,DIR,65272.939
ESP,2018,PRIB,_T,REI,1629.144
ESP,2018,PUBB,COMP,DIR,156404.78
ESP,2018,PUBB,COMP,REI,1509.423
ESP,2018,PUBB,LIFE,DIR,14100.786
ESP,2018,PUBB,NLIFE,DIR,6547.328
ESP,2018,PUBB,_T,DIR,177052.894
ESP,2018,PUBB,_T,REI,1509.423
ESP,2018,PUBS,COMP,DIR,3576.119
ESP,2018,PUBS,COMP,REI,288.356
ESP,2018,PUBS,LIFE,DIR,336.738
ESP,2018,PUBS,NLIFE,DIR,616.738
ESP,2018,PUBS,_T,DIR,4529.595
ESP,2018,PUBS,_T,REI,288.356
ESP,2018,REST,COMP,DIR,10262.332
ESP,2018,REST,COMP,REI,118.628
ESP,2018,REST,LIFE,DIR,309.861
ESP,2018,REST,NLIFE,DIR,2151.452
ESP,2018,REST,_T,DIR,12723.644
ESP,2018,REST,_T,REI,118.628
ESP,2018,SHARE,COMP,DIR,13622.937
ESP,2018,SHARE,COMP,REI,578.607
ESP,2018,SHARE,LIFE,DIR,504.227
ESP,2018,SHARE,NLIFE,DIR,2522.811
ESP,2018,SHARE,_T,DIR,16649.976
ESP,2018,SHARE,_T,REI,578.607
ESP,2018,STRPRDT,COMP,DIR,4865.052
ESP,2018,STRPRDT,COMP,REI,128.8
ESP,2018,STRPRDT,LIFE,DIR,1038.217
ESP,2018,STRPRDT,NLIFE,DIR,111.802
ESP,2018,STRPRDT,_T,DIR,6015.071
ESP,2018,STRPRDT,_T,REI,128.8
ESP,2018,UNITLINK,COMP,DIR,16234.241
ESP,2018,UNITLINK,COMP,REI,0
ESP,2018,UNITLINK,LIFE,DIR,3928.733
ESP,2018,UNITLINK,NLIFE,DIR,0
ESP,2018,UNITLINK,_T,DIR,20162.974
ESP,2018,UNITLINK,_T,REI,0
ESP,2018,UNLISTED,COMP,DIR,10046.819
ESP,2018,UNLISTED,COMP,REI,290.25
ESP,2018,UNLISTED,LIFE,DIR,167.489
ESP,2018,UNLISTED,NLIFE,DIR,1906.074
ESP,2018,UNLISTED,_T,DIR,12120.382
ESP,2018,UNLISTED,_T,REI,290.25
ESP,2019,BOND,COMP,DIR,225595.715
ESP,2019,BOND,COMP,REI,3794.382
ESP,2019,BOND,LIFE,DIR,21934.809
ESP,2019,BOND,NLIFE,DIR,9550.183
ESP,2019,BOND,_T,DIR,257080.707
ESP,2019,BOND,_T,REI,3794.382
ESP,2019,CASH,COMP,DIR,15859.589
ESP,2019,CASH,COMP,REI,1340.908
ESP,2019,CASH,LIFE,DIR,1443.382
ESP,2019,CASH,NLIFE,DIR,2716.843
ESP,2019,CASH,_T,DIR,20019.814
ESP,2019,CASH,_T,REI,1340.908
ESP,2019,CBOND,COMP,DIR,4351.1
ESP,2019,CBOND,LIFE,DIR,200.722
ESP,2019,CBOND,NLIFE,DIR,2589.655
ESP,2019,CBOND,_T,DIR,7141.477
ESP,2019,CCASH,COMP,DIR,926.817
ESP,2019,CCASH,LIFE,DIR,26.74
ESP,2019,CCASH,NLIFE,DIR,203.132
ESP,2019,CCASH,_T,DIR,1156.689
ESP,2019,CIS,COMP,DIR,9784.131
ESP,2019,CIS,LIFE,DIR,721.399
ESP,2019,CIS,NLIFE,DIR,4533.987
ESP,2019,CIS,_T,DIR,15039.517
ESP,2019,COTHER,COMP,DIR,1278.942
ESP,2019,COTHER,LIFE,DIR,143.455
ESP,2019,COTHER,NLIFE,DIR,189.082
ESP,2019,COTHER,_T,DIR,1611.479
ESP,2019,CREST,COMP,DIR,0
ESP,2019,CREST,LIFE,DIR,0
ESP,2019,CREST,NLIFE,DIR,0
ESP,2019,CREST,_T,DIR,0
ESP,2019,CSHARE,COMP,DIR,3227.271
ESP,2019,CSHARE,LIFE,DIR,350.481
ESP,2019,CSHARE,NLIFE,DIR,1552.119
ESP,2019,CSHARE,_T,DIR,5129.872
ESP,2019,HEDGE,COMP,DIR,731.678
ESP,2019,HEDGE,COMP,REI,11.183
ESP,2019,HEDGE,LIFE,DIR,24.045
ESP,2019,HEDGE,NLIFE,DIR,200.874
ESP,2019,HEDGE,_T,DIR,956.597
ESP,2019,HEDGE,_T,REI,11.183
ESP,2019,INV,COMP,DIR,298596.665
ESP,2019,INV,COMP,REI,6094.076
ESP,2019,INV,LIFE,DIR,30857.033
ESP,2019,INV,NLIFE,DIR,22827.351
ESP,2019,INV,_T,DIR,352281.049
ESP,2019,INV,_T,REI,6094.076
ESP,2019,INV_O,COMP,DIR,-7229.932
ESP,2019,INV_O,COMP,REI,0
ESP,2019,INV_O,LIFE,DIR,-135.553
ESP,2019,INV_O,NLIFE,DIR,86.982
ESP,2019,INV_O,_T,DIR,-7278.503
ESP,2019,INV_O,_T,REI,0
ESP,2019,LOAN,COMP,DIR,2088.793
ESP,2019,LOAN,COMP,REI,0
ESP,2019,LOAN,LIFE,DIR,260.189
ESP,2019,LOAN,NLIFE,DIR,484.143
ESP,2019,LOAN,_T,DIR,2833.126
ESP,2019,LOAN,_T,REI,0
ESP,2019,PEQUF,COMP,DIR,403.259
ESP,2019,PEQUF,COMP,REI,15.716
ESP,2019,PEQUF,LIFE,DIR,134.313
ESP,2019,PEQUF,NLIFE,DIR,172.017
ESP,2019,PEQUF,_T,DIR,709.588
ESP,2019,PEQUF,_T,REI,15.716
ESP,2019,PRIB,COMP,DIR,55983.698
ESP,2019,PRIB,COMP,REI,1608.046
ESP,2019,PRIB,LIFE,DIR,7515.617
ESP,2019,PRIB,NLIFE,DIR,4257.48
ESP,2019,PRIB,_T,DIR,67756.795
ESP,2019,PRIB,_T,REI,1608.046
ESP,2019,PUBB,COMP,DIR,169612.017
ESP,2019,PUBB,COMP,REI,2186.336
ESP,2019,PUBB,LIFE,DIR,14419.191
ESP,2019,PUBB,NLIFE,DIR,5292.703
ESP,2019,PUBB,_T,DIR,189323.912
ESP,2019,PUBB,_T,REI,2186.336
ESP,2019,PUBS,COMP,DIR,4019.553
ESP,2019,PUBS,COMP,REI,250.903
ESP,2019,PUBS,LIFE,DIR,302.944
ESP,2019,PUBS,NLIFE,DIR,705.508
ESP,2019,PUBS,_T,DIR,5028.005
ESP,2019,PUBS,_T,REI,250.903
ESP,2019,REST,COMP,DIR,10411.057
ESP,2019,REST,COMP,REI,166.51
ESP,2019,REST,LIFE,DIR,313.978
ESP,2019,REST,NLIFE,DIR,2277.567
ESP,2019,REST,_T,DIR,13002.602
ESP,2019,REST,_T,REI,166.51
ESP,2019,SHARE,COMP,DIR,15118.331
ESP,2019,SHARE,COMP,REI,574.532
ESP,2019,SHARE,LIFE,DIR,445.505
ESP,2019,SHARE,NLIFE,DIR,2687.838
ESP,2019,SHARE,_T,DIR,18251.674
ESP,2019,SHARE,_T,REI,574.532
ESP,2019,STRPRDT,COMP,DIR,4996.671
ESP,2019,STRPRDT,COMP,REI,190.845
ESP,2019,STRPRDT,LIFE,DIR,1173.305
ESP,2019,STRPRDT,NLIFE,DIR,116.916
ESP,2019,STRPRDT,_T,DIR,6286.892
ESP,2019,STRPRDT,_T,REI,190.845
ESP,2019,UNITLINK,COMP,DIR,20837.373
ESP,2019,UNITLINK,COMP,REI,0
ESP,2019,UNITLINK,LIFE,DIR,4541.661
ESP,2019,UNITLINK,NLIFE,DIR,0
ESP,2019,UNITLINK,_T,DIR,25379.034
ESP,2019,UNITLINK,_T,REI,0
ESP,2019,UNLISTED,COMP,DIR,11098.778
ESP,2019,UNLISTED,COMP,REI,323.629
ESP,2019,UNLISTED,LIFE,DIR,142.562
ESP,2019,UNLISTED,NLIFE,DIR,1982.33
ESP,2019,UNLISTED,_T,DIR,13223.669
ESP,2019,UNLISTED,_T,REI,323.629
ESP,2020,BOND,COMP,DIR,250873.802
ESP,2020,BOND,COMP,REI,4238.367
ESP,2020,BOND,LIFE,DIR,21135.202
ESP,2020,BOND,NLIFE,DIR,10740.308
ESP,2020,BOND,_T,DIR,282749.311
ESP,2020,BOND,_T,REI,4238.367
ESP,2020,CASH,COMP,DIR,17915.094
ESP,2020,CASH,COMP,REI,1651.624
ESP,2020,CASH,LIFE,DIR,1073.7
ESP,2020,CASH,NLIFE,DIR,3698.92
ESP,2020,CASH,_T,DIR,22687.714
ESP,2020,CASH,_T,REI,1651.624
ESP,2020,CBOND,COMP,DIR,3392.057
ESP,2020,CBOND,LIFE,DIR,252.326
ESP,2020,CBOND,NLIFE,DIR,3057.937
ESP,2020,CBOND,_T,DIR,6702.32
ESP,2020,CCASH,COMP,DIR,747.868
ESP,2020,CCASH,LIFE,DIR,70.276
ESP,2020,CCASH,NLIFE,DIR,437.68
ESP,2020,CCASH,_T,DIR,1255.824
ESP,2020,CIS,COMP,DIR,10788.371
ESP,2020,CIS,LIFE,DIR,964.822
ESP,2020,CIS,NLIFE,DIR,5588.762
ESP,2020,CIS,_T,DIR,17341.954
ESP,2020,COTHER,COMP,DIR,1619.29
ESP,2020,COTHER,LIFE,DIR,209.833
ESP,2020,COTHER,NLIFE,DIR,790.977
ESP,2020,COTHER,_T,DIR,2620.1
ESP,2020,CREST,COMP,DIR,0
ESP,2020,CREST,LIFE,DIR,0
ESP,2020,CREST,NLIFE,DIR,0
ESP,2020,CREST,_T,DIR,0
ESP,2020,CSHARE,COMP,DIR,5029.157
ESP,2020,CSHARE,LIFE,DIR,432.387
ESP,2020,CSHARE,NLIFE,DIR,1302.167
ESP,2020,CSHARE,_T,DIR,6763.711
ESP,2020,HEDGE,COMP,DIR,801.587
ESP,2020,HEDGE,COMP,REI,53.342
ESP,2020,HEDGE,LIFE,DIR,25.417
ESP,2020,HEDGE,NLIFE,DIR,151.529
ESP,2020,HEDGE,_T,DIR,978.533
ESP,2020,HEDGE,_T,REI,53.342
ESP,2020,INV,COMP,DIR,336199.377
ESP,2020,INV,COMP,REI,6894.061
ESP,2020,INV,LIFE,DIR,29046.73
ESP,2020,INV,NLIFE,DIR,26346.368
ESP,2020,INV,_T,DIR,391592.475
ESP,2020,INV,_T,REI,6894.061
ESP,2020,INV_O,COMP,DIR,-8572.276
ESP,2020,INV_O,COMP,REI,0
ESP,2020,INV_O,LIFE,DIR,-109.381
ESP,2020,INV_O,NLIFE,DIR,88.931
ESP,2020,INV_O,_T,DIR,-8592.726
ESP,2020,INV_O,_T,REI,0
ESP,2020,LOAN,COMP,DIR,1818.897
ESP,2020,LOAN,COMP,REI,0.072
ESP,2020,LOAN,LIFE,DIR,152.54
ESP,2020,LOAN,NLIFE,DIR,511.617
ESP,2020,LOAN,_T,DIR,2483.053
ESP,2020,LOAN,_T,REI,0.072
ESP,2020,PEQUF,COMP,DIR,663.101
ESP,2020,PEQUF,COMP,REI,20.47
ESP,2020,PEQUF,LIFE,DIR,140.016
ESP,2020,PEQUF,NLIFE,DIR,190.011
ESP,2020,PEQUF,_T,DIR,993.129
ESP,2020,PEQUF,_T,REI,20.47
ESP,2020,PRIB,COMP,DIR,63921.817
ESP,2020,PRIB,COMP,REI,1944.716
ESP,2020,PRIB,LIFE,DIR,6556.177
ESP,2020,PRIB,NLIFE,DIR,4977.775
ESP,2020,PRIB,_T,DIR,75455.769
ESP,2020,PRIB,_T,REI,1944.716
ESP,2020,PUBB,COMP,DIR,186951.985
ESP,2020,PUBB,COMP,REI,2293.651
ESP,2020,PUBB,LIFE,DIR,14579.025
ESP,2020,PUBB,NLIFE,DIR,5762.533
ESP,2020,PUBB,_T,DIR,207293.543
ESP,2020,PUBB,_T,REI,2293.651
ESP,2020,PUBS,COMP,DIR,4361.096
ESP,2020,PUBS,COMP,REI,234.774
ESP,2020,PUBS,LIFE,DIR,287.078
ESP,2020,PUBS,NLIFE,DIR,773.569
ESP,2020,PUBS,_T,DIR,5421.743
ESP,2020,PUBS,_T,REI,234.774
ESP,2020,REST,COMP,DIR,11489.609
ESP,2020,REST,COMP,REI,180.774
ESP,2020,REST,LIFE,DIR,392.018
ESP,2020,REST,NLIFE,DIR,2466.774
ESP,2020,REST,_T,DIR,14348.402
ESP,2020,REST,_T,REI,180.774
ESP,2020,SHARE,COMP,DIR,17129.892
ESP,2020,SHARE,COMP,REI,548.042
ESP,2020,SHARE,LIFE,DIR,503.621
ESP,2020,SHARE,NLIFE,DIR,2762.299
ESP,2020,SHARE,_T,DIR,20395.812
ESP,2020,SHARE,_T,REI,548.042
ESP,2020,STRPRDT,COMP,DIR,5508.83
ESP,2020,STRPRDT,COMP,REI,201.369
ESP,2020,STRPRDT,LIFE,DIR,1236.57
ESP,2020,STRPRDT,NLIFE,DIR,147.218
ESP,2020,STRPRDT,_T,DIR,6892.618
ESP,2020,STRPRDT,_T,REI,201.369
ESP,2020,UNITLINK,COMP,DIR,27782.47
ESP,2020,UNITLINK,COMP,REI,0
ESP,2020,UNITLINK,LIFE,DIR,3532.205
ESP,2020,UNITLINK,NLIFE,DIR,0
ESP,2020,UNITLINK,_T,DIR,31314.675
ESP,2020,UNITLINK,_T,REI,0
ESP,2020,UNLISTED,COMP,DIR,12768.796
ESP,2020,UNLISTED,COMP,REI,313.268
ESP,2020,UNLISTED,LIFE,DIR,216.543
ESP,2020,UNLISTED,NLIFE,DIR,1988.73
ESP,2020,UNLISTED,_T,DIR,14974.069
ESP,2020,UNLISTED,_T,REI,313.268
EST,2018,BOND,COMP,DIR,344.645
EST,2018,BOND,NLIFE,DIR,561.05
EST,2018,BOND,_T,DIR,1021.341
EST,2018,CASH,COMP,DIR,26.335
EST,2018,CASH,NLIFE,DIR,254.19
EST,2018,CASH,_T,DIR,322.89
EST,2018,CIS,COMP,DIR,49.235
EST,2018,CIS,NLIFE,DIR,24.045
EST,2018,CIS,_T,DIR,84.73
EST,2018,HEDGE,NLIFE,DIR,0
EST,2018,HEDGE,_T,DIR,0
EST,2018,INV,COMP,DIR,548.455
EST,2018,INV,NLIFE,DIR,850.735
EST,2018,INV,_T,DIR,2064.436
EST,2018,INV_O,COMP,DIR,0
EST,2018,INV_O,NLIFE,DIR,2.29
EST,2018,INV_O,_T,DIR,2.29
EST,2018,LOAN,COMP,DIR,6.87
EST,2018,LOAN,NLIFE,DIR,2.29
EST,2018,LOAN,_T,DIR,9.16
EST,2018,PEQUF,NLIFE,DIR,0
EST,2018,PEQUF,_T,DIR,0
EST,2018,PRIB,COMP,DIR,127.095
EST,2018,PRIB,NLIFE,DIR,461.435
EST,2018,PRIB,_T,DIR,628.605
EST,2018,PUBB,COMP,DIR,217.55
EST,2018,PUBB,NLIFE,DIR,99.615
EST,2018,PUBB,_T,DIR,392.735
EST,2018,PUBS,COMP,DIR,0
EST,2018,PUBS,NLIFE,DIR,1.145
EST,2018,PUBS,_T,DIR,2.29
EST,2018,REST,NLIFE,DIR,0
EST,2018,REST,_T,DIR,0
EST,2018,SHARE,COMP,DIR,0
EST,2018,SHARE,NLIFE,DIR,1.145
EST,2018,SHARE,_T,DIR,2.29
EST,2018,STRPRDT,NLIFE,DIR,5.725
EST,2018,STRPRDT,_T,DIR,5.725
EST,2018,UNITLINK,COMP,DIR,121.37
EST,2018,UNITLINK,NLIFE,DIR,0
EST,2018,UNITLINK,_T,DIR,616.01
EST,2018,UNLISTED,NLIFE,DIR,0
EST,2018,UNLISTED,_T,DIR,0
EST,2019,BOND,NLIFE,DIR,721.223
EST,2019,CASH,NLIFE,DIR,175.25
EST,2019,CIS,NLIFE,DIR,28.085
EST,2019,HEDGE,NLIFE,DIR,0
EST,2019,INV,NLIFE,DIR,931.298
EST,2019,INV_O,NLIFE,DIR,2.247
EST,2019,LOAN,NLIFE,DIR,3.37
EST,2019,PEQUF,NLIFE,DIR,0
EST,2019,PRIB,NLIFE,DIR,611.13
EST,2019,PUBB,NLIFE,DIR,110.093
EST,2019,PUBS,NLIFE,DIR,1.123
EST,2019,REST,NLIFE,DIR,0
EST,2019,SHARE,NLIFE,DIR,1.123
EST,2019,STRPRDT,NLIFE,DIR,0
EST,2019,UNITLINK,NLIFE,DIR,0
EST,2019,UNLISTED,NLIFE,DIR,0
EST,2020,BOND,NLIFE,DIR,715.399
EST,2020,CASH,NLIFE,DIR,196.336
EST,2020,CIS,NLIFE,DIR,0
EST,2020,HEDGE,NLIFE,DIR,0
EST,2020,INV,NLIFE,DIR,917.87
EST,2020,INV_O,NLIFE,DIR,1.227
EST,2020,LOAN,NLIFE,DIR,3.681
EST,2020,PEQUF,NLIFE,DIR,0
EST,2020,PRIB,NLIFE,DIR,633.183
EST,2020,PUBB,NLIFE,DIR,82.216
EST,2020,PUBS,NLIFE,DIR,1.227
EST,2020,REST,NLIFE,DIR,0
EST,2020,SHARE,NLIFE,DIR,1.227
EST,2020,STRPRDT,NLIFE,DIR,0
EST,2020,UNITLINK,NLIFE,DIR,0
EST,2020,UNLISTED,NLIFE,DIR,0
FIN,2018,BOND,LIFE,DIR,13436.582
FIN,2018,BOND,NLIFE,DIR,4460.922
FIN,2018,BOND,_T,DIR,17897.504
FIN,2018,CASH,LIFE,DIR,2156.036
FIN,2018,CASH,NLIFE,DIR,1451.861
FIN,2018,CASH,_T,DIR,3607.897
FIN,2018,CIS,LIFE,DIR,3078.907
FIN,2018,CIS,NLIFE,DIR,2994.177
FIN,2018,CIS,_T,DIR,6073.083
FIN,2018,INV,LIFE,DIR,64113.163
FIN,2018,INV,NLIFE,DIR,13728.557
FIN,2018,INV,_T,DIR,77841.72
FIN,2018,INV_O,LIFE,DIR,74.425
FIN,2018,INV_O,NLIFE,DIR,1691.166
FIN,2018,INV_O,_T,DIR,1765.591
FIN,2018,LOAN,LIFE,DIR,1149.581
FIN,2018,LOAN,NLIFE,DIR,855.315
FIN,2018,LOAN,_T,DIR,2004.896
FIN,2018,PUBS,LIFE,DIR,1149.581
FIN,2018,PUBS,NLIFE,DIR,624.025
FIN,2018,PUBS,_T,DIR,1773.606
FIN,2018,REST,LIFE,DIR,808.37
FIN,2018,REST,NLIFE,DIR,633.185
FIN,2018,REST,_T,DIR,1441.556
FIN,2018,SHARE,LIFE,DIR,1902.991
FIN,2018,SHARE,NLIFE,DIR,1641.931
FIN,2018,SHARE,_T,DIR,3544.922
FIN,2018,UNITLINK,LIFE,DIR,41506.271
FIN,2018,UNITLINK,_T,DIR,41506.271
FIN,2018,UNLISTED,LIFE,DIR,753.41
FIN,2018,UNLISTED,NLIFE,DIR,1017.906
FIN,2018,UNLISTED,_T,DIR,1771.316
FIN,2019,BOND,LIFE,DIR,11708.073
FIN,2019,BOND,NLIFE,DIR,4053.227
FIN,2019,BOND,_T,DIR,15761.3
FIN,2019,CASH,LIFE,DIR,3344.361
FIN,2019,CASH,NLIFE,DIR,1806.427
FIN,2019,CASH,_T,DIR,5150.788
FIN,2019,CIS,LIFE,DIR,3197.196
FIN,2019,CIS,NLIFE,DIR,3418.506
FIN,2019,CIS,_T,DIR,6615.702
FIN,2019,INV,LIFE,DIR,68321.809
FIN,2019,INV,NLIFE,DIR,14121.136
FIN,2019,INV,_T,DIR,82442.945
FIN,2019,INV_O,LIFE,DIR,667.3
FIN,2019,INV_O,NLIFE,DIR,1713.185
FIN,2019,INV_O,_T,DIR,2380.484
FIN,2019,LOAN,LIFE,DIR,875.128
FIN,2019,LOAN,NLIFE,DIR,675.163
FIN,2019,LOAN,_T,DIR,1550.292
FIN,2019,PUBS,LIFE,DIR,1167.212
FIN,2019,PUBS,NLIFE,DIR,739.197
FIN,2019,PUBS,_T,DIR,1906.41
FIN,2019,REST,LIFE,DIR,783.01
FIN,2019,REST,NLIFE,DIR,707.742
FIN,2019,REST,_T,DIR,1490.752
FIN,2019,SHARE,LIFE,DIR,1817.661
FIN,2019,SHARE,NLIFE,DIR,1746.887
FIN,2019,SHARE,_T,DIR,3564.548
FIN,2019,UNITLINK,LIFE,DIR,45927.956
FIN,2019,UNITLINK,_T,DIR,45927.956
FIN,2019,UNLISTED,LIFE,DIR,650.449
FIN,2019,UNLISTED,NLIFE,DIR,1007.69
FIN,2019,UNLISTED,_T,DIR,1658.138
FIN,2020,BOND,LIFE,DIR,12545.863
FIN,2020,BOND,NLIFE,DIR,4708.38
FIN,2020,BOND,_T,DIR,17254.243
FIN,2020,CASH,LIFE,DIR,3337.71
FIN,2020,CASH,NLIFE,DIR,2304.492
FIN,2020,CASH,_T,DIR,5642.202
FIN,2020,CIS,LIFE,DIR,3230.952
FIN,2020,CIS,NLIFE,DIR,3529.137
FIN,2020,CIS,_T,DIR,6760.09
FIN,2020,INV,LIFE,DIR,76660.572
FIN,2020,INV,NLIFE,DIR,15690.918
FIN,2020,INV,_T,DIR,92351.49
FIN,2020,INV_O,LIFE,DIR,689.63
FIN,2020,INV_O,NLIFE,DIR,1645.54
FIN,2020,INV_O,_T,DIR,2335.17
FIN,2020,LOAN,LIFE,DIR,1038.126
FIN,2020,LOAN,NLIFE,DIR,709.263
FIN,2020,LOAN,_T,DIR,1747.389
FIN,2020,PUBS,LIFE,DIR,1211.147
FIN,2020,PUBS,NLIFE,DIR,834.427
FIN,2020,PUBS,_T,DIR,2045.574
FIN,2020,REST,LIFE,DIR,790.252
FIN,2020,REST,NLIFE,DIR,838.109
FIN,2020,REST,_T,DIR,1628.361
FIN,2020,SHARE,LIFE,DIR,1908.139
FIN,2020,SHARE,NLIFE,DIR,1955.996
FIN,2020,SHARE,_T,DIR,3864.136
FIN,2020,UNITLINK,LIFE,DIR,53119.9
FIN,2020,UNITLINK,_T,DIR,53119.9
FIN,2020,UNLISTED,LIFE,DIR,696.992
FIN,2020,UNLISTED,NLIFE,DIR,1121.569
FIN,2020,UNLISTED,_T,DIR,1818.561
FRA,2018,BOND,COMP,DIR,1220203.51
FRA,2018,BOND,LIFE,DIR,266418.825
FRA,2018,BOND,NLIFE,DIR,123142.155
FRA,2018,BOND,_T,DIR,1609764.49
FRA,2018,BOND,_T,REI,10948.067
FRA,2018,CASH,COMP,DIR,37405.981
FRA,2018,CASH,LIFE,DIR,8867.357
FRA,2018,CASH,NLIFE,DIR,15746.325
FRA,2018,CASH,_T,DIR,62019.662
FRA,2018,CASH,_T,REI,12580.919
FRA,2018,CIS,COMP,DIR,333378.165
FRA,2018,CIS,LIFE,DIR,59465.194
FRA,2018,CIS,NLIFE,DIR,50339.512
FRA,2018,CIS,_T,DIR,443182.871
FRA,2018,CIS,_T,REI,7096.627
FRA,2018,INV,COMP,DIR,2143990.796
FRA,2018,INV,LIFE,DIR,463376.86
FRA,2018,INV,NLIFE,DIR,279249.664
FRA,2018,INV,_T,DIR,2886617.32
FRA,2018,INV,_T,REI,78441.871
FRA,2018,INV_O,COMP,DIR,81146.8
FRA,2018,INV_O,LIFE,DIR,16714.763
FRA,2018,INV_O,NLIFE,DIR,9980.71
FRA,2018,INV_O,_T,DIR,107842.272
FRA,2018,INV_O,_T,REI,3149.774
FRA,2018,PRIB,COMP,DIR,585148.633
FRA,2018,PRIB,LIFE,DIR,136267.54
FRA,2018,PRIB,NLIFE,DIR,64506.924
FRA,2018,PRIB,_T,DIR,785923.097
FRA,2018,PRIB,_T,REI,6818.281
FRA,2018,PUBB,COMP,DIR,635054.877
FRA,2018,PUBB,LIFE,DIR,130151.284
FRA,2018,PUBB,NLIFE,DIR,58635.231
FRA,2018,PUBB,_T,DIR,823841.393
FRA,2018,PUBB,_T,REI,4129.786
FRA,2018,REST,COMP,DIR,23532.867
FRA,2018,REST,LIFE,DIR,8488.834
FRA,2018,REST,NLIFE,DIR,7139.783
FRA,2018,REST,_T,DIR,39161.484
FRA,2018,REST,_T,REI,512.983
FRA,2018,SHARE,COMP,DIR,123475.286
FRA,2018,SHARE,LIFE,DIR,28868.713
FRA,2018,SHARE,NLIFE,DIR,72901.179
FRA,2018,SHARE,_T,DIR,225245.178
FRA,2018,SHARE,_T,REI,44153.501
FRA,2018,UNITLINK,COMP,DIR,324848.187
FRA,2018,UNITLINK,LIFE,DIR,74553.174
FRA,2018,UNITLINK,NLIFE,DIR,0
FRA,2018,UNITLINK,_T,DIR,399401.362
FRA,2018,UNITLINK,_T,REI,0
GBR,2018,BOND,COMP,DIR,196518.856
GBR,2018,BOND,COMP,REI,1334.292
GBR,2018,BOND,LIFE,DIR,398073.437
GBR,2018,BOND,LIFE,REI,3193.17
GBR,2018,BOND,NLIFE,DIR,26200.657
GBR,2018,BOND,NLIFE,REI,5056.048
GBR,2018,BOND,_T,DIR,620792.949
GBR,2018,BOND,_T,REI,9583.509
GBR,2018,CASH,COMP,DIR,12043.161
GBR,2018,CASH,COMP,REI,68252.843
GBR,2018,CASH,LIFE,DIR,12344.438
GBR,2018,CASH,LIFE,REI,94.006
GBR,2018,CASH,NLIFE,DIR,4719.271
GBR,2018,CASH,NLIFE,REI,1248.801
GBR,2018,CASH,_T,DIR,29106.869
GBR,2018,CASH,_T,REI,69595.65
GBR,2018,CBOND,COMP,DIR,5210.66
GBR,2018,CBOND,COMP,REI,399.733
GBR,2018,CBOND,LIFE,DIR,36114.571
GBR,2018,CBOND,LIFE,REI,0
GBR,2018,CBOND,NLIFE,DIR,1511.671
GBR,2018,CBOND,NLIFE,REI,100.779
GBR,2018,CBOND,_T,DIR,42836.901
GBR,2018,CBOND,_T,REI,500.512
GBR,2018,CCASH,COMP,DIR,12654.477
GBR,2018,CCASH,COMP,REI,1266.2
GBR,2018,CCASH,LIFE,DIR,43900.583
GBR,2018,CCASH,LIFE,REI,34.548
GBR,2018,CCASH,NLIFE,DIR,2407.372
GBR,2018,CCASH,NLIFE,REI,157.62
GBR,2018,CCASH,_T,DIR,58962.432
GBR,2018,CCASH,_T,REI,1458.368
GBR,2018,CIS,COMP,DIR,28768.73
GBR,2018,CIS,COMP,REI,1771.582
GBR,2018,CIS,LIFE,DIR,162647.471
GBR,2018,CIS,LIFE,REI,34.548
GBR,2018,CIS,NLIFE,DIR,5708.498
GBR,2018,CIS,NLIFE,REI,319.356
GBR,2018,CIS,_T,DIR,197124.699
GBR,2018,CIS,_T,REI,2125.486
GBR,2018,COTHER,COMP,DIR,3202.691
GBR,2018,COTHER,COMP,REI,6.156
GBR,2018,COTHER,LIFE,DIR,20876.893
GBR,2018,COTHER,LIFE,REI,0
GBR,2018,COTHER,NLIFE,DIR,240.297
GBR,2018,COTHER,NLIFE,REI,46.467
GBR,2018,COTHER,_T,DIR,24319.881
GBR,2018,COTHER,_T,REI,52.623
GBR,2018,CREST,COMP,DIR,2157.927
GBR,2018,CREST,COMP,REI,0
GBR,2018,CREST,LIFE,DIR,13374.178
GBR,2018,CREST,LIFE,REI,0
GBR,2018,CREST,NLIFE,DIR,213.321
GBR,2018,CREST,NLIFE,REI,0
GBR,2018,CREST,_T,DIR,15745.426
GBR,2018,CREST,_T,REI,0
GBR,2018,CSHARE,COMP,DIR,3883.881
GBR,2018,CSHARE,COMP,REI,68.496
GBR,2018,CSHARE,LIFE,DIR,41918.183
GBR,2018,CSHARE,LIFE,REI,0
GBR,2018,CSHARE,NLIFE,DIR,1036.729
GBR,2018,CSHARE,NLIFE,REI,14.489
GBR,2018,CSHARE,_T,DIR,46838.793
GBR,2018,CSHARE,_T,REI,82.985
GBR,2018,HEDGE,COMP,DIR,1391.464
GBR,2018,HEDGE,COMP,REI,0
GBR,2018,HEDGE,LIFE,DIR,3552.206
GBR,2018,HEDGE,LIFE,REI,0
GBR,2018,HEDGE,NLIFE,DIR,104.468
GBR,2018,HEDGE,NLIFE,REI,0
GBR,2018,HEDGE,_T,DIR,5048.139
GBR,2018,HEDGE,_T,REI,0
GBR,2018,INV,COMP,DIR,316421.256
GBR,2018,INV,COMP,REI,72016.883
GBR,2018,INV,LIFE,DIR,2113083.238
GBR,2018,INV,LIFE,REI,3323.393
GBR,2018,INV,NLIFE,DIR,40267.431
GBR,2018,INV,NLIFE,REI,6702.883
GBR,2018,INV,_T,DIR,2469771.925
GBR,2018,INV,_T,REI,82043.159
GBR,2018,INV_O,COMP,DIR,5938.122
GBR,2018,INV_O,COMP,REI,0
GBR,2018,INV_O,LIFE,DIR,317.163
GBR,2018,INV_O,LIFE,REI,0
GBR,2018,INV_O,NLIFE,DIR,32.551
GBR,2018,INV_O,NLIFE,REI,-9.376
GBR,2018,INV_O,_T,DIR,6287.836
GBR,2018,INV_O,_T,REI,-9.376
GBR,2018,LOAN,COMP,DIR,11350.904
GBR,2018,LOAN,COMP,REI,419.155
GBR,2018,LOAN,LIFE,DIR,88896.441
GBR,2018,LOAN,LIFE,REI,0
GBR,2018,LOAN,NLIFE,DIR,719.318
GBR,2018,LOAN,NLIFE,REI,73.111
GBR,2018,LOAN,_T,DIR,100966.664
GBR,2018,LOAN,_T,REI,492.266
GBR,2018,PEQUF,COMP,DIR,267.629
GBR,2018,PEQUF,COMP,REI,30.998
GBR,2018,PEQUF,LIFE,DIR,2910.858
GBR,2018,PEQUF,LIFE,REI,0
GBR,2018,PEQUF,NLIFE,DIR,194.64
GBR,2018,PEQUF,NLIFE,REI,0
GBR,2018,PEQUF,_T,DIR,3373.127
GBR,2018,PEQUF,_T,REI,30.998
GBR,2018,PRIB,COMP,DIR,136573.186
GBR,2018,PRIB,COMP,REI,421.687
GBR,2018,PRIB,LIFE,DIR,241447.794
GBR,2018,PRIB,LIFE,REI,2233.628
GBR,2018,PRIB,NLIFE,DIR,16491.193
GBR,2018,PRIB,NLIFE,REI,3081.656
GBR,2018,PRIB,_T,DIR,394512.173
GBR,2018,PRIB,_T,REI,5736.971
GBR,2018,PUBB,COMP,DIR,59945.669
GBR,2018,PUBB,COMP,REI,912.604
GBR,2018,PUBB,LIFE,DIR,156625.643
GBR,2018,PUBB,LIFE,REI,959.542
GBR,2018,PUBB,NLIFE,DIR,9709.464
GBR,2018,PUBB,NLIFE,REI,1974.392
GBR,2018,PUBB,_T,DIR,226280.776
GBR,2018,PUBB,_T,REI,3846.538
GBR,2018,PUBS,COMP,DIR,14025.569
GBR,2018,PUBS,COMP,REI,169.961
GBR,2018,PUBS,LIFE,DIR,61010.894
GBR,2018,PUBS,LIFE,REI,0
GBR,2018,PUBS,NLIFE,DIR,1014.185
GBR,2018,PUBS,NLIFE,REI,1.521
GBR,2018,PUBS,_T,DIR,76050.648
GBR,2018,PUBS,_T,REI,171.482
GBR,2018,REST,COMP,DIR,4025.875
GBR,2018,REST,COMP,REI,0
GBR,2018,REST,LIFE,DIR,19266.134
GBR,2018,REST,LIFE,REI,1.67
GBR,2018,REST,NLIFE,DIR,515.539
GBR,2018,REST,NLIFE,REI,6.595
GBR,2018,REST,_T,DIR,23807.547
GBR,2018,REST,_T,REI,8.265
GBR,2018,SHARE,COMP,DIR,29131.108
GBR,2018,SHARE,COMP,REI,208.012
GBR,2018,SHARE,LIFE,DIR,73732.915
GBR,2018,SHARE,LIFE,REI,0
GBR,2018,SHARE,NLIFE,DIR,2059.18
GBR,2018,SHARE,NLIFE,REI,8.348
GBR,2018,SHARE,_T,DIR,104923.203
GBR,2018,SHARE,_T,REI,216.36
GBR,2018,STRPRDT,COMP,DIR,102.576
GBR,2018,STRPRDT,COMP,REI,0
GBR,2018,STRPRDT,LIFE,DIR,218.784
GBR,2018,STRPRDT,LIFE,REI,0
GBR,2018,STRPRDT,NLIFE,DIR,13.309
GBR,2018,STRPRDT,NLIFE,REI,0
GBR,2018,STRPRDT,_T,DIR,334.669
GBR,2018,STRPRDT,_T,REI,0
GBR,2018,UNITLINK,COMP,DIR,26882.831
GBR,2018,UNITLINK,COMP,REI,0
GBR,2018,UNITLINK,LIFE,DIR,1351123.391
GBR,2018,UNITLINK,LIFE,REI,0
GBR,2018,UNITLINK,NLIFE,DIR,0
GBR,2018,UNITLINK,NLIFE,REI,0
GBR,2018,UNITLINK,_T,DIR,1378006.223
GBR,2018,UNITLINK,_T,REI,0
GBR,2018,UNLISTED,COMP,DIR,15105.539
GBR,2018,UNLISTED,COMP,REI,38.051
GBR,2018,UNLISTED,LIFE,DIR,12722.021
GBR,2018,UNLISTED,LIFE,REI,0
GBR,2018,UNLISTED,NLIFE,DIR,1044.995
GBR,2018,UNLISTED,NLIFE,REI,6.827
GBR,2018,UNLISTED,_T,DIR,28872.555
GBR,2018,UNLISTED,_T,REI,44.878
GBR,2019,BOND,COMP,DIR,208196.962
GBR,2019,BOND,LIFE,DIR,434586.445
GBR,2019,BOND,NLIFE,DIR,16368.23
GBR,2019,BOND,_T,DIR,659151.637
GBR,2019,BOND,_T,REI,9616.323
GBR,2019,CASH,COMP,DIR,10405.882
GBR,2019,CASH,LIFE,DIR,15356.921
GBR,2019,CASH,NLIFE,DIR,3902.972
GBR,2019,CASH,_T,DIR,29665.775
GBR,2019,CASH,_T,REI,82526.668
GBR,2019,CBOND,COMP,DIR,6996.713
GBR,2019,CBOND,LIFE,DIR,41619.431
GBR,2019,CBOND,NLIFE,DIR,652.918
GBR,2019,CBOND,_T,DIR,49269.061
GBR,2019,CBOND,_T,REI,711.754
GBR,2019,CCASH,COMP,DIR,12906.894
GBR,2019,CCASH,LIFE,DIR,56949.26
GBR,2019,CCASH,NLIFE,DIR,2083.114
GBR,2019,CCASH,_T,DIR,71939.268
GBR,2019,CCASH,_T,REI,1863.049
GBR,2019,CIS,COMP,DIR,35944.264
GBR,2019,CIS,LIFE,DIR,187443.257
GBR,2019,CIS,NLIFE,DIR,4118.899
GBR,2019,CIS,_T,DIR,227506.42
GBR,2019,CIS,_T,REI,2763.066
GBR,2019,COTHER,COMP,DIR,7347.428
GBR,2019,COTHER,LIFE,DIR,19894.15
GBR,2019,COTHER,NLIFE,DIR,250.579
GBR,2019,COTHER,_T,DIR,27492.157
GBR,2019,COTHER,_T,REI,24.059
GBR,2019,CREST,COMP,DIR,2440.648
GBR,2019,CREST,LIFE,DIR,12945.641
GBR,2019,CREST,NLIFE,DIR,89.334
GBR,2019,CREST,_T,DIR,15475.624
GBR,2019,CREST,_T,REI,0
GBR,2019,CSHARE,COMP,DIR,4309.537
GBR,2019,CSHARE,LIFE,DIR,48899.656
GBR,2019,CSHARE,NLIFE,DIR,921.235
GBR,2019,CSHARE,_T,DIR,54130.429
GBR,2019,CSHARE,_T,REI,121.123
GBR,2019,HEDGE,COMP,DIR,1518.516
GBR,2019,HEDGE,LIFE,DIR,3177.866
GBR,2019,HEDGE,NLIFE,DIR,117.973
GBR,2019,HEDGE,_T,DIR,4814.356
GBR,2019,HEDGE,_T,REI,0
GBR,2019,INV,COMP,DIR,332345.85
GBR,2019,INV,LIFE,DIR,2445135.42
GBR,2019,INV,NLIFE,DIR,28098.847
GBR,2019,INV,_T,DIR,2805580.118
GBR,2019,INV,_T,REI,95829.101
GBR,2019,INV_O,COMP,DIR,3968.719
GBR,2019,INV_O,LIFE,DIR,667.834
GBR,2019,INV_O,NLIFE,DIR,-0.445
GBR,2019,INV_O,_T,DIR,4636.107
GBR,2019,INV_O,_T,REI,10.015
GBR,2019,LOAN,COMP,DIR,13570
GBR,2019,LOAN,LIFE,DIR,112381.551
GBR,2019,LOAN,NLIFE,DIR,508.628
GBR,2019,LOAN,_T,DIR,126460.179
GBR,2019,LOAN,_T,REI,553.787
GBR,2019,PEQUF,COMP,DIR,424.528
GBR,2019,PEQUF,LIFE,DIR,3957.253
GBR,2019,PEQUF,NLIFE,DIR,3.744
GBR,2019,PEQUF,_T,DIR,4385.525
GBR,2019,PEQUF,_T,REI,43.081
GBR,2019,PRIB,COMP,DIR,149253.507
GBR,2019,PRIB,LIFE,DIR,270915.356
GBR,2019,PRIB,NLIFE,DIR,9207.737
GBR,2019,PRIB,_T,DIR,429376.601
GBR,2019,PRIB,_T,REI,5901.219
GBR,2019,PUBB,COMP,DIR,58943.455
GBR,2019,PUBB,LIFE,DIR,163671.089
GBR,2019,PUBB,NLIFE,DIR,7160.493
GBR,2019,PUBB,_T,DIR,229775.036
GBR,2019,PUBB,_T,REI,3715.104
GBR,2019,PUBS,COMP,DIR,12591.405
GBR,2019,PUBS,LIFE,DIR,71819.38
GBR,2019,PUBS,NLIFE,DIR,1159.471
GBR,2019,PUBS,_T,DIR,85570.256
GBR,2019,PUBS,_T,REI,231.005
GBR,2019,REST,COMP,DIR,4858.631
GBR,2019,REST,LIFE,DIR,18682.401
GBR,2019,REST,NLIFE,DIR,600.033
GBR,2019,REST,_T,DIR,24141.066
GBR,2019,REST,_T,REI,40.79
GBR,2019,SHARE,COMP,DIR,24935.428
GBR,2019,SHARE,LIFE,DIR,85401.943
GBR,2019,SHARE,NLIFE,DIR,2461.843
GBR,2019,SHARE,_T,DIR,112799.215
GBR,2019,SHARE,_T,REI,275.37
GBR,2019,STRPRDT,COMP,DIR,76.759
GBR,2019,STRPRDT,LIFE,DIR,180.227
GBR,2019,STRPRDT,NLIFE,DIR,16.968
GBR,2019,STRPRDT,_T,DIR,273.954
GBR,2019,STRPRDT,_T,REI,0
GBR,2019,UNITLINK,COMP,DIR,28446.161
GBR,2019,UNITLINK,LIFE,DIR,1583299.722
GBR,2019,UNITLINK,NLIFE,DIR,0
GBR,2019,UNITLINK,_T,DIR,1611745.883
GBR,2019,UNITLINK,_T,REI,0
GBR,2019,UNLISTED,COMP,DIR,12344.024
GBR,2019,UNLISTED,LIFE,DIR,13582.563
GBR,2019,UNLISTED,NLIFE,DIR,1302.373
GBR,2019,UNLISTED,_T,DIR,27228.959
GBR,2019,UNLISTED,_T,REI,44.365
GBR,2020,BOND,COMP,DIR,230457.783
GBR,2020,BOND,COMP,REI,1376.893
GBR,2020,BOND,LIFE,DIR,464188.707
GBR,2020,BOND,LIFE,REI,3992.453
GBR,2020,BOND,NLIFE,DIR,17624.497
GBR,2020,BOND,NLIFE,REI,4581.591
GBR,2020,BOND,_T,DIR,712270.988
GBR,2020,BOND,_T,REI,9950.936
GBR,2020,CASH,COMP,DIR,12119.61
GBR,2020,CASH,COMP,REI,91217.141
GBR,2020,CASH,LIFE,DIR,22007.472
GBR,2020,CASH,LIFE,REI,221.43
GBR,2020,CASH,NLIFE,DIR,4289.035
GBR,2020,CASH,NLIFE,REI,1768.757
GBR,2020,CASH,_T,DIR,38416.117
GBR,2020,CASH,_T,REI,93193.908
GBR,2020,CBOND,COMP,DIR,4548.041
GBR,2020,CBOND,COMP,REI,350.262
GBR,2020,CBOND,LIFE,DIR,47135.097
GBR,2020,CBOND,NLIFE,DIR,692.472
GBR,2020,CBOND,NLIFE,REI,289.872
GBR,2020,CBOND,_T,DIR,52375.61
GBR,2020,CBOND,_T,REI,640.134
GBR,2020,CCASH,COMP,DIR,19359.705
GBR,2020,CCASH,COMP,REI,849.487
GBR,2020,CCASH,LIFE,DIR,62267.498
GBR,2020,CCASH,LIFE,REI,49.654
GBR,2020,CCASH,NLIFE,DIR,3066.472
GBR,2020,CCASH,NLIFE,REI,375.76
GBR,2020,CCASH,_T,DIR,84693.675
GBR,2020,CCASH,_T,REI,1274.901
GBR,2020,CIS,COMP,DIR,37145.242
GBR,2020,CIS,COMP,REI,1316.503
GBR,2020,CIS,LIFE,DIR,211810.681
GBR,2020,CIS,LIFE,REI,49.654
GBR,2020,CIS,NLIFE,DIR,5056.659
GBR,2020,CIS,NLIFE,REI,703.208
GBR,2020,CIS,_T,DIR,254012.583
GBR,2020,CIS,_T,REI,2069.365
GBR,2020,COTHER,COMP,DIR,6938.144
GBR,2020,COTHER,COMP,REI,20.13
GBR,2020,COTHER,LIFE,DIR,34693.406
GBR,2020,COTHER,NLIFE,DIR,406.626
GBR,2020,COTHER,NLIFE,REI,6.71
GBR,2020,COTHER,_T,DIR,42038.177
GBR,2020,COTHER,_T,REI,26.84
GBR,2020,CREST,COMP,DIR,1638.583
GBR,2020,CREST,LIFE,DIR,13422.693
GBR,2020,CREST,NLIFE,DIR,119.438
GBR,2020,CREST,_T,DIR,15180.714
GBR,2020,CSHARE,COMP,DIR,2887.986
GBR,2020,CSHARE,COMP,REI,79.178
GBR,2020,CSHARE,LIFE,DIR,45539.458
GBR,2020,CSHARE,NLIFE,DIR,652.212
GBR,2020,CSHARE,NLIFE,REI,29.524
GBR,2020,CSHARE,_T,DIR,49079.656
GBR,2020,CSHARE,_T,REI,108.702
GBR,2020,HEDGE,COMP,DIR,1347.369
GBR,2020,HEDGE,LIFE,DIR,4329.295
GBR,2020,HEDGE,NLIFE,DIR,114.07
GBR,2020,HEDGE,_T,DIR,5790.734
GBR,2020,INV,COMP,DIR,332053.959
GBR,2020,INV,COMP,REI,94558.723
GBR,2020,INV,LIFE,DIR,2639831.123
GBR,2020,INV,LIFE,REI,4264.879
GBR,2020,INV,NLIFE,DIR,30942.514
GBR,2020,INV,NLIFE,REI,7236.069
GBR,2020,INV,_T,DIR,3002827.596
GBR,2020,INV,_T,REI,106046.251
GBR,2020,INV_O,COMP,DIR,4620.509
GBR,2020,INV_O,LIFE,DIR,-2063.997
GBR,2020,INV_O,NLIFE,DIR,-16.104
GBR,2020,INV_O,NLIFE,REI,18.788
GBR,2020,INV_O,_T,DIR,2540.408
GBR,2020,INV_O,_T,REI,18.788
GBR,2020,LOAN,COMP,DIR,15979.204
GBR,2020,LOAN,COMP,REI,424.072
GBR,2020,LOAN,LIFE,DIR,130995.389
GBR,2020,LOAN,NLIFE,DIR,518.012
GBR,2020,LOAN,NLIFE,REI,116.754
GBR,2020,LOAN,_T,DIR,147492.606
GBR,2020,LOAN,_T,REI,540.826
GBR,2020,PEQUF,COMP,DIR,425.414
GBR,2020,PEQUF,COMP,REI,18.788
GBR,2020,PEQUF,LIFE,DIR,4423.235
GBR,2020,PEQUF,NLIFE,DIR,6.71
GBR,2020,PEQUF,NLIFE,REI,1.342
GBR,2020,PEQUF,_T,DIR,4855.359
GBR,2020,PEQUF,_T,REI,18.788
GBR,2020,PRIB,COMP,DIR,166091.396
GBR,2020,PRIB,COMP,REI,609.268
GBR,2020,PRIB,LIFE,DIR,288120.877
GBR,2020,PRIB,LIFE,REI,2685.344
GBR,2020,PRIB,NLIFE,DIR,9887.862
GBR,2020,PRIB,NLIFE,REI,2716.21
GBR,2020,PRIB,_T,DIR,464100.135
GBR,2020,PRIB,_T,REI,6010.822
GBR,2020,PUBB,COMP,DIR,64366.388
GBR,2020,PUBB,COMP,REI,768.966
GBR,2020,PUBB,LIFE,DIR,176067.83
GBR,2020,PUBB,LIFE,REI,1307.109
GBR,2020,PUBB,NLIFE,DIR,7737.977
GBR,2020,PUBB,NLIFE,REI,1864.039
GBR,2020,PUBB,_T,DIR,248172.195
GBR,2020,PUBB,_T,REI,3940.115
GBR,2020,PUBS,COMP,DIR,8038.585
GBR,2020,PUBS,COMP,REI,170.434
GBR,2020,PUBS,LIFE,DIR,67846.196
GBR,2020,PUBS,NLIFE,DIR,1282.953
GBR,2020,PUBS,NLIFE,REI,1.342
GBR,2020,PUBS,_T,DIR,77167.734
GBR,2020,PUBS,_T,REI,171.776
GBR,2020,REST,COMP,DIR,3975.007
GBR,2020,REST,LIFE,DIR,17794.932
GBR,2020,REST,LIFE,REI,1.342
GBR,2020,REST,NLIFE,DIR,599.874
GBR,2020,REST,NLIFE,REI,38.918
GBR,2020,REST,_T,DIR,22369.812
GBR,2020,REST,_T,REI,40.26
GBR,2020,SHARE,COMP,DIR,20995.604
GBR,2020,SHARE,COMP,REI,205.326
GBR,2020,SHARE,LIFE,DIR,81478.241
GBR,2020,SHARE,NLIFE,DIR,2684.002
GBR,2020,SHARE,NLIFE,REI,8.052
GBR,2020,SHARE,_T,DIR,105157.846
GBR,2020,SHARE,_T,REI,213.378
GBR,2020,STRPRDT,COMP,DIR,64.416
GBR,2020,STRPRDT,LIFE,DIR,326.106
GBR,2020,STRPRDT,NLIFE,DIR,65.758
GBR,2020,STRPRDT,_T,DIR,456.28
GBR,2020,UNITLINK,COMP,DIR,4923.801
GBR,2020,UNITLINK,LIFE,DIR,1704541.063
GBR,2020,UNITLINK,_T,DIR,1709464.864
GBR,2020,UNLISTED,COMP,DIR,12957.018
GBR,2020,UNLISTED,COMP,REI,34.892
GBR,2020,UNLISTED,LIFE,DIR,13633.387
GBR,2020,UNLISTED,NLIFE,DIR,1401.049
GBR,2020,UNLISTED,NLIFE,REI,6.71
GBR,2020,UNLISTED,_T,DIR,27991.454
GBR,2020,UNLISTED,_T,REI,41.602
GRC,2018,BOND,COMP,DIR,7391.005
GRC,2018,BOND,LIFE,DIR,2919.718
GRC,2018,BOND,NLIFE,DIR,1047.919
GRC,2018,BOND,_T,DIR,11358.642
GRC,2018,CASH,COMP,DIR,653.503
GRC,2018,CASH,LIFE,DIR,162.328
GRC,2018,CASH,NLIFE,DIR,220.388
GRC,2018,CASH,_T,DIR,1036.219
GRC,2018,CBOND,COMP,DIR,807.079
GRC,2018,CBOND,LIFE,DIR,0
GRC,2018,CBOND,NLIFE,DIR,66.76
GRC,2018,CBOND,_T,DIR,873.839
GRC,2018,CCASH,COMP,DIR,135.192
GRC,2018,CCASH,LIFE,DIR,0
GRC,2018,CCASH,NLIFE,DIR,87.759
GRC,2018,CCASH,_T,DIR,222.951
GRC,2018,CIS,COMP,DIR,1148.055
GRC,2018,CIS,LIFE,DIR,7.723
GRC,2018,CIS,NLIFE,DIR,227.63
GRC,2018,CIS,_T,DIR,1383.408
GRC,2018,COTHER,COMP,DIR,18.847
GRC,2018,COTHER,LIFE,DIR,7.723
GRC,2018,COTHER,NLIFE,DIR,8.509
GRC,2018,COTHER,_T,DIR,35.079
GRC,2018,CREST,COMP,DIR,16.088
GRC,2018,CREST,LIFE,DIR,0
GRC,2018,CREST,NLIFE,DIR,4.29
GRC,2018,CREST,_T,DIR,20.378
GRC,2018,CSHARE,COMP,DIR,170.849
GRC,2018,CSHARE,LIFE,DIR,0
GRC,2018,CSHARE,NLIFE,DIR,60.311
GRC,2018,CSHARE,_T,DIR,231.16
GRC,2018,HEDGE,COMP,DIR,0
GRC,2018,HEDGE,LIFE,DIR,0
GRC,2018,HEDGE,NLIFE,DIR,0
GRC,2018,HEDGE,_T,DIR,0
GRC,2018,INV,COMP,DIR,12758.73
GRC,2018,INV,LIFE,DIR,3367.002
GRC,2018,INV,NLIFE,DIR,1732.495
GRC,2018,INV,_T,DIR,17858.226
GRC,2018,INV_O,COMP,DIR,293.079
GRC,2018,INV_O,LIFE,DIR,82.381
GRC,2018,INV_O,NLIFE,DIR,44.915
GRC,2018,INV_O,_T,DIR,420.375
GRC,2018,LOAN,COMP,DIR,137.545
GRC,2018,LOAN,LIFE,DIR,0
GRC,2018,LOAN,NLIFE,DIR,1.042
GRC,2018,LOAN,_T,DIR,138.587
GRC,2018,PEQUF,COMP,DIR,0
GRC,2018,PEQUF,LIFE,DIR,0
GRC,2018,PEQUF,NLIFE,DIR,0
GRC,2018,PEQUF,_T,DIR,0
GRC,2018,PRIB,COMP,DIR,2278.487
GRC,2018,PRIB,LIFE,DIR,39.067
GRC,2018,PRIB,NLIFE,DIR,246.469
GRC,2018,PRIB,_T,DIR,2564.023
GRC,2018,PUBB,COMP,DIR,5112.518
GRC,2018,PUBB,LIFE,DIR,2880.651
GRC,2018,PUBB,NLIFE,DIR,801.45
GRC,2018,PUBB,_T,DIR,8794.619
GRC,2018,PUBS,COMP,DIR,40.978
GRC,2018,PUBS,LIFE,DIR,52.625
GRC,2018,PUBS,NLIFE,DIR,22.327
GRC,2018,PUBS,_T,DIR,115.93
GRC,2018,REST,COMP,DIR,535.156
GRC,2018,REST,LIFE,DIR,0.874
GRC,2018,REST,NLIFE,DIR,164.158
GRC,2018,REST,_T,DIR,700.188
GRC,2018,SHARE,COMP,DIR,61.197
GRC,2018,SHARE,LIFE,DIR,55.238
GRC,2018,SHARE,NLIFE,DIR,26.442
GRC,2018,SHARE,_T,DIR,142.877
GRC,2018,STRPRDT,COMP,DIR,1.312
GRC,2018,STRPRDT,LIFE,DIR,0
GRC,2018,STRPRDT,NLIFE,DIR,0
GRC,2018,STRPRDT,_T,DIR,1.312
GRC,2018,UNITLINK,COMP,DIR,2537.878
GRC,2018,UNITLINK,LIFE,DIR,138.74
GRC,2018,UNITLINK,NLIFE,DIR,0
GRC,2018,UNITLINK,_T,DIR,2676.618
GRC,2018,UNLISTED,COMP,DIR,20.219
GRC,2018,UNLISTED,LIFE,DIR,2.613
GRC,2018,UNLISTED,NLIFE,DIR,4.116
GRC,2018,UNLISTED,_T,DIR,26.947
GRC,2019,BOND,COMP,DIR,8224.42
GRC,2019,BOND,LIFE,DIR,3389.329
GRC,2019,BOND,NLIFE,DIR,1087.205
GRC,2019,BOND,_T,DIR,12700.954
GRC,2019,CASH,COMP,DIR,544.631
GRC,2019,CASH,LIFE,DIR,170.618
GRC,2019,CASH,NLIFE,DIR,238.159
GRC,2019,CASH,_T,DIR,953.408
GRC,2019,CBOND,COMP,DIR,796.889
GRC,2019,CBOND,LIFE,DIR,3.836
GRC,2019,CBOND,NLIFE,DIR,83.899
GRC,2019,CBOND,_T,DIR,884.624
GRC,2019,CCASH,COMP,DIR,126.24
GRC,2019,CCASH,LIFE,DIR,0
GRC,2019,CCASH,NLIFE,DIR,41.239
GRC,2019,CCASH,_T,DIR,167.479
GRC,2019,CIS,COMP,DIR,1120.648
GRC,2019,CIS,LIFE,DIR,32.758
GRC,2019,CIS,NLIFE,DIR,223.139
GRC,2019,CIS,_T,DIR,1376.545
GRC,2019,COTHER,COMP,DIR,6.484
GRC,2019,COTHER,LIFE,DIR,27.721
GRC,2019,COTHER,NLIFE,DIR,9.186
GRC,2019,COTHER,_T,DIR,43.391
GRC,2019,CREST,COMP,DIR,24.524
GRC,2019,CREST,LIFE,DIR,0
GRC,2019,CREST,NLIFE,DIR,0.141
GRC,2019,CREST,_T,DIR,24.665
GRC,2019,CSHARE,COMP,DIR,166.511
GRC,2019,CSHARE,LIFE,DIR,1.201
GRC,2019,CSHARE,NLIFE,DIR,88.674
GRC,2019,CSHARE,_T,DIR,256.386
GRC,2019,HEDGE,COMP,DIR,0
GRC,2019,HEDGE,LIFE,DIR,0
GRC,2019,HEDGE,NLIFE,DIR,0
GRC,2019,HEDGE,_T,DIR,0
GRC,2019,INV,COMP,DIR,13861.367
GRC,2019,INV,LIFE,DIR,3997.856
GRC,2019,INV,NLIFE,DIR,1813.944
GRC,2019,INV,_T,DIR,19673.167
GRC,2019,INV_O,COMP,DIR,315.326
GRC,2019,INV_O,LIFE,DIR,83.897
GRC,2019,INV_O,NLIFE,DIR,46.389
GRC,2019,INV_O,_T,DIR,445.611
GRC,2019,LOAN,COMP,DIR,122.306
GRC,2019,LOAN,LIFE,DIR,0
GRC,2019,LOAN,NLIFE,DIR,1.769
GRC,2019,LOAN,_T,DIR,124.075
GRC,2019,PEQUF,COMP,DIR,0
GRC,2019,PEQUF,LIFE,DIR,0
GRC,2019,PEQUF,NLIFE,DIR,0
GRC,2019,PEQUF,_T,DIR,0
GRC,2019,PRIB,COMP,DIR,2404.234
GRC,2019,PRIB,LIFE,DIR,79.084
GRC,2019,PRIB,NLIFE,DIR,276.676
GRC,2019,PRIB,_T,DIR,2759.994
GRC,2019,PUBB,COMP,DIR,5820.186
GRC,2019,PUBB,LIFE,DIR,3310.245
GRC,2019,PUBB,NLIFE,DIR,810.53
GRC,2019,PUBB,_T,DIR,9940.961
GRC,2019,PUBS,COMP,DIR,54.442
GRC,2019,PUBS,LIFE,DIR,101.948
GRC,2019,PUBS,NLIFE,DIR,35.133
GRC,2019,PUBS,_T,DIR,191.523
GRC,2019,REST,COMP,DIR,588.505
GRC,2019,REST,LIFE,DIR,5.378
GRC,2019,REST,NLIFE,DIR,180.765
GRC,2019,REST,_T,DIR,774.648
GRC,2019,SHARE,COMP,DIR,85.617
GRC,2019,SHARE,LIFE,DIR,102.261
GRC,2019,SHARE,NLIFE,DIR,35.837
GRC,2019,SHARE,_T,DIR,223.714
GRC,2019,STRPRDT,COMP,DIR,5.593
GRC,2019,STRPRDT,LIFE,DIR,0
GRC,2019,STRPRDT,NLIFE,DIR,0.682
GRC,2019,STRPRDT,_T,DIR,6.275
GRC,2019,UNITLINK,COMP,DIR,2854.322
GRC,2019,UNITLINK,LIFE,DIR,213.615
GRC,2019,UNITLINK,NLIFE,DIR,0
GRC,2019,UNITLINK,_T,DIR,3067.937
GRC,2019,UNLISTED,COMP,DIR,31.175
GRC,2019,UNLISTED,LIFE,DIR,0.313
GRC,2019,UNLISTED,NLIFE,DIR,0.703
GRC,2019,UNLISTED,_T,DIR,32.191
GRC,2020,BOND,COMP,DIR,9684.444
GRC,2020,BOND,LIFE,DIR,3614.286
GRC,2020,BOND,NLIFE,DIR,1155.547
GRC,2020,BOND,_T,DIR,14454.276
GRC,2020,CASH,COMP,DIR,632.265
GRC,2020,CASH,LIFE,DIR,321.83
GRC,2020,CASH,NLIFE,DIR,302.703
GRC,2020,CASH,_T,DIR,1256.798
GRC,2020,CBOND,COMP,DIR,810.935
GRC,2020,CBOND,LIFE,DIR,4.398
GRC,2020,CBOND,NLIFE,DIR,144.389
GRC,2020,CBOND,_T,DIR,959.721
GRC,2020,CCASH,COMP,DIR,69.881
GRC,2020,CCASH,LIFE,DIR,0
GRC,2020,CCASH,NLIFE,DIR,39.489
GRC,2020,CCASH,_T,DIR,109.37
GRC,2020,CIS,COMP,DIR,1115.529
GRC,2020,CIS,LIFE,DIR,128.126
GRC,2020,CIS,NLIFE,DIR,298.831
GRC,2020,CIS,_T,DIR,1542.487
GRC,2020,COTHER,COMP,DIR,12.356
GRC,2020,COTHER,LIFE,DIR,3.846
GRC,2020,COTHER,NLIFE,DIR,11.241
GRC,2020,COTHER,_T,DIR,27.444
GRC,2020,CREST,COMP,DIR,26.895
GRC,2020,CREST,LIFE,DIR,94.944
GRC,2020,CREST,NLIFE,DIR,5.241
GRC,2020,CREST,_T,DIR,127.079
GRC,2020,CSHARE,COMP,DIR,195.463
GRC,2020,CSHARE,LIFE,DIR,24.939
GRC,2020,CSHARE,NLIFE,DIR,98.471
GRC,2020,CSHARE,_T,DIR,318.873
GRC,2020,HEDGE,COMP,DIR,0
GRC,2020,HEDGE,LIFE,DIR,0
GRC,2020,HEDGE,NLIFE,DIR,0
GRC,2020,HEDGE,_T,DIR,0
GRC,2020,INV,COMP,DIR,15944.879
GRC,2020,INV,LIFE,DIR,4786.604
GRC,2020,INV,NLIFE,DIR,2057.289
GRC,2020,INV,_T,DIR,22788.772
GRC,2020,INV_O,COMP,DIR,356.163
GRC,2020,INV_O,LIFE,DIR,93.307
GRC,2020,INV_O,NLIFE,DIR,52.332
GRC,2020,INV_O,_T,DIR,501.801
GRC,2020,LOAN,COMP,DIR,127.74
GRC,2020,LOAN,LIFE,DIR,94.321
GRC,2020,LOAN,NLIFE,DIR,5.934
GRC,2020,LOAN,_T,DIR,227.994
GRC,2020,PEQUF,COMP,DIR,0
GRC,2020,PEQUF,LIFE,DIR,0
GRC,2020,PEQUF,NLIFE,DIR,0
GRC,2020,PEQUF,_T,DIR,0
GRC,2020,PRIB,COMP,DIR,2649.917
GRC,2020,PRIB,LIFE,DIR,164.433
GRC,2020,PRIB,NLIFE,DIR,333.485
GRC,2020,PRIB,_T,DIR,3147.836
GRC,2020,PUBB,COMP,DIR,7034.526
GRC,2020,PUBB,LIFE,DIR,3449.853
GRC,2020,PUBB,NLIFE,DIR,822.061
GRC,2020,PUBB,_T,DIR,11306.44
GRC,2020,PUBS,COMP,DIR,62.445
GRC,2020,PUBS,LIFE,DIR,94.821
GRC,2020,PUBS,NLIFE,DIR,37.482
GRC,2020,PUBS,_T,DIR,194.749
GRC,2020,REST,COMP,DIR,646.344
GRC,2020,REST,LIFE,DIR,5.162
GRC,2020,REST,NLIFE,DIR,202.024
GRC,2020,REST,_T,DIR,853.531
GRC,2020,SHARE,COMP,DIR,78.856
GRC,2020,SHARE,LIFE,DIR,96.785
GRC,2020,SHARE,NLIFE,DIR,38.235
GRC,2020,SHARE,_T,DIR,213.876
GRC,2020,STRPRDT,COMP,DIR,5.277
GRC,2020,STRPRDT,LIFE,DIR,0
GRC,2020,STRPRDT,NLIFE,DIR,1.685
GRC,2020,STRPRDT,_T,DIR,6.962
GRC,2020,UNITLINK,COMP,DIR,3298.261
GRC,2020,UNITLINK,LIFE,DIR,432.787
GRC,2020,UNITLINK,NLIFE,DIR,0
GRC,2020,UNITLINK,_T,DIR,3731.048
GRC,2020,UNLISTED,COMP,DIR,16.411
GRC,2020,UNLISTED,LIFE,DIR,1.963
GRC,2020,UNLISTED,NLIFE,DIR,0.753
GRC,2020,UNLISTED,_T,DIR,19.127
GTM,2018,BOND,COMP,DIR,468.296
GTM,2018,BOND,NLIFE,DIR,68.186
GTM,2018,BOND,_T,DIR,536.482
GTM,2018,CASH,COMP,DIR,184.531
GTM,2018,CASH,NLIFE,DIR,37.838
GTM,2018,CASH,_T,DIR,222.37
GTM,2018,CBOND,COMP,DIR,0
GTM,2018,CBOND,NLIFE,DIR,0
GTM,2018,CCASH,COMP,DIR,0
GTM,2018,CCASH,NLIFE,DIR,0
GTM,2018,CIS,COMP,DIR,0
GTM,2018,CIS,NLIFE,DIR,0
GTM,2018,COTHER,COMP,DIR,0
GTM,2018,COTHER,NLIFE,DIR,0
GTM,2018,CREST,COMP,DIR,0
GTM,2018,CREST,NLIFE,DIR,0
GTM,2018,CSHARE,COMP,DIR,0
GTM,2018,CSHARE,NLIFE,DIR,0
GTM,2018,HEDGE,COMP,DIR,0
GTM,2018,HEDGE,NLIFE,DIR,0
GTM,2018,INV,COMP,DIR,803.234
GTM,2018,INV,NLIFE,DIR,129.717
GTM,2018,INV,_T,DIR,932.952
GTM,2018,INV_O,COMP,DIR,89.401
GTM,2018,INV_O,NLIFE,DIR,17.237
GTM,2018,INV_O,_T,DIR,106.637
GTM,2018,LOAN,COMP,DIR,2.51
GTM,2018,LOAN,NLIFE,DIR,3.032
GTM,2018,LOAN,_T,DIR,5.542
GTM,2018,PEQUF,COMP,DIR,0
GTM,2018,PEQUF,NLIFE,DIR,0
GTM,2018,PRIB,COMP,DIR,26.467
GTM,2018,PRIB,NLIFE,DIR,0
GTM,2018,PRIB,_T,DIR,26.467
GTM,2018,PUBB,COMP,DIR,441.829
GTM,2018,PUBB,NLIFE,DIR,68.186
GTM,2018,PUBB,_T,DIR,510.015
GTM,2018,PUBS,COMP,DIR,0
GTM,2018,PUBS,NLIFE,DIR,0
GTM,2018,PUBS,_T,DIR,0
GTM,2018,REST,COMP,DIR,41.915
GTM,2018,REST,NLIFE,DIR,3.153
GTM,2018,REST,_T,DIR,45.068
GTM,2018,SHARE,COMP,DIR,16.581
GTM,2018,SHARE,NLIFE,DIR,0.272
GTM,2018,SHARE,_T,DIR,16.852
GTM,2018,STRPRDT,COMP,DIR,0
GTM,2018,STRPRDT,NLIFE,DIR,0
GTM,2018,UNITLINK,COMP,DIR,0
GTM,2018,UNITLINK,NLIFE,DIR,0
GTM,2018,UNLISTED,COMP,DIR,16.581
GTM,2018,UNLISTED,NLIFE,DIR,0.272
GTM,2018,UNLISTED,_T,DIR,16.852
GTM,2019,BOND,COMP,DIR,481.661
GTM,2019,BOND,NLIFE,DIR,71.287
GTM,2019,BOND,_T,DIR,552.948
GTM,2019,CASH,COMP,DIR,197.651
GTM,2019,CASH,NLIFE,DIR,37.818
GTM,2019,CASH,_T,DIR,235.469
GTM,2019,INV,COMP,DIR,841.643
GTM,2019,INV,NLIFE,DIR,130.823
GTM,2019,INV,_T,DIR,972.467
GTM,2019,INV_O,COMP,DIR,96.878
GTM,2019,INV_O,NLIFE,DIR,15.985
GTM,2019,INV_O,_T,DIR,112.863
GTM,2019,LOAN,COMP,DIR,2.336
GTM,2019,LOAN,NLIFE,DIR,2.204
GTM,2019,LOAN,_T,DIR,4.54
GTM,2019,PRIB,COMP,DIR,26.714
GTM,2019,PRIB,_T,DIR,26.714
GTM,2019,PUBB,COMP,DIR,454.947
GTM,2019,PUBB,NLIFE,DIR,71.287
GTM,2019,PUBB,_T,DIR,526.234
GTM,2019,REST,COMP,DIR,46.021
GTM,2019,REST,NLIFE,DIR,3.255
GTM,2019,REST,_T,DIR,49.276
GTM,2019,SHARE,COMP,DIR,17.097
GTM,2019,SHARE,NLIFE,DIR,0.274
GTM,2019,SHARE,_T,DIR,17.371
GTM,2019,UNLISTED,COMP,DIR,17.097
GTM,2019,UNLISTED,NLIFE,DIR,0.274
GTM,2019,UNLISTED,_T,DIR,17.371
GTM,2020,BOND,COMP,DIR,493.954
GTM,2020,BOND,NLIFE,DIR,58.002
GTM,2020,BOND,_T,DIR,551.956
GTM,2020,CASH,COMP,DIR,226.095
GTM,2020,CASH,NLIFE,DIR,42.889
GTM,2020,CASH,_T,DIR,268.984
GTM,2020,INV,COMP,DIR,882.339
GTM,2020,INV,NLIFE,DIR,127.012
GTM,2020,INV,_T,DIR,1009.351
GTM,2020,INV_O,COMP,DIR,96.394
GTM,2020,INV_O,NLIFE,DIR,16.335
GTM,2020,INV_O,_T,DIR,112.729
GTM,2020,LOAN,COMP,DIR,2.829
GTM,2020,LOAN,NLIFE,DIR,6.388
GTM,2020,LOAN,_T,DIR,9.217
GTM,2020,PRIB,COMP,DIR,33.328
GTM,2020,PRIB,_T,DIR,33.328
GTM,2020,PUBB,COMP,DIR,460.626
GTM,2020,PUBB,NLIFE,DIR,58.002
GTM,2020,PUBB,_T,DIR,518.628
GTM,2020,PUBS,NLIFE,DIR,0
GTM,2020,REST,COMP,DIR,46.189
GTM,2020,REST,NLIFE,DIR,3.162
GTM,2020,REST,_T,DIR,49.351
GTM,2020,SHARE,COMP,DIR,16.879
GTM,2020,SHARE,NLIFE,DIR,0.235
GTM,2020,SHARE,_T,DIR,17.114
GTM,2020,UNLISTED,COMP,DIR,16.879
GTM,2020,UNLISTED,NLIFE,DIR,0.235
GTM,2020,UNLISTED,_T,DIR,17.114
HND,2018,BOND,COMP,DIR,171.787
HND,2018,BOND,_T,DIR,171.787
HND,2018,CASH,COMP,DIR,32.257
HND,2018,CASH,_T,DIR,32.257
HND,2018,INV,COMP,DIR,234.009
HND,2018,INV,_T,DIR,234.009
HND,2018,LOAN,COMP,DIR,23.97
HND,2018,LOAN,_T,DIR,23.97
HND,2018,REST,COMP,DIR,5.995
HND,2018,REST,_T,DIR,5.995
HND,2019,BOND,COMP,DIR,0
HND,2019,BOND,_T,DIR,0
HND,2019,CASH,COMP,DIR,31.528
HND,2019,CASH,_T,DIR,31.528
HND,2019,CBOND,COMP,DIR,0
HND,2019,CBOND,_T,DIR,0
HND,2019,CCASH,COMP,DIR,0
HND,2019,CCASH,_T,DIR,0
HND,2019,CIS,COMP,DIR,0
HND,2019,CIS,_T,DIR,0
HND,2019,COTHER,COMP,DIR,0
HND,2019,COTHER,_T,DIR,0
HND,2019,CREST,COMP,DIR,0
HND,2019,CREST,_T,DIR,0
HND,2019,CSHARE,COMP,DIR,0
HND,2019,CSHARE,_T,DIR,0
HND,2019,HEDGE,COMP,DIR,0
HND,2019,HEDGE,_T,DIR,0
HND,2019,INV,COMP,DIR,660.962
HND,2019,INV,_T,DIR,660.962
HND,2019,INV_O,COMP,DIR,321.368
HND,2019,INV_O,_T,DIR,321.368
HND,2019,LOAN,COMP,DIR,19.939
HND,2019,LOAN,_T,DIR,19.939
HND,2019,PEQUF,COMP,DIR,0
HND,2019,PEQUF,_T,DIR,0
HND,2019,PRIB,COMP,DIR,0
HND,2019,PRIB,_T,DIR,0
HND,2019,PUBB,COMP,DIR,0
HND,2019,PUBB,_T,DIR,0
HND,2019,PUBS,COMP,DIR,0
HND,2019,PUBS,_T,DIR,0
HND,2019,REST,COMP,DIR,4.51
HND,2019,REST,_T,DIR,4.51
HND,2019,SHARE,COMP,DIR,283.617
HND,2019,SHARE,_T,DIR,283.617
HND,2019,STRPRDT,COMP,DIR,0
HND,2019,STRPRDT,_T,DIR,0
HND,2019,UNITLINK,COMP,DIR,0
HND,2019,UNITLINK,_T,DIR,0
HND,2019,UNLISTED,COMP,DIR,0
HND,2019,UNLISTED,_T,DIR,0
HND,2020,BOND,COMP,DIR,373.438
HND,2020,BOND,_T,DIR,373.438
HND,2020,CASH,COMP,DIR,58.359
HND,2020,CASH,_T,DIR,58.359
HND,2020,CBOND,COMP,DIR,0
HND,2020,CBOND,_T,DIR,0
HND,2020,CCASH,COMP,DIR,0
HND,2020,CCASH,_T,DIR,0
HND,2020,CIS,COMP,DIR,0
HND,2020,CIS,_T,DIR,0
HND,2020,COTHER,COMP,DIR,0
HND,2020,COTHER,_T,DIR,0
HND,2020,CREST,COMP,DIR,0
HND,2020,CREST,_T,DIR,0
HND,2020,CSHARE,COMP,DIR,0
HND,2020,CSHARE,_T,DIR,0
HND,2020,HEDGE,COMP,DIR,0
HND,2020,HEDGE,_T,DIR,0
HND,2020,INV,COMP,DIR,494.405
HND,2020,INV,_T,DIR,494.405
HND,2020,INV_O,COMP,DIR,0
HND,2020,INV_O,_T,DIR,0
HND,2020,LOAN,COMP,DIR,21.331
HND,2020,LOAN,_T,DIR,21.331
HND,2020,PEQUF,COMP,DIR,0
HND,2020,PEQUF,_T,DIR,0
HND,2020,PRIB,COMP,DIR,299.749
HND,2020,PRIB,_T,DIR,299.749
HND,2020,PUBB,COMP,DIR,73.689
HND,2020,PUBB,_T,DIR,73.689
HND,2020,PUBS,COMP,DIR,36.692
HND,2020,PUBS,_T,DIR,36.692
HND,2020,REST,COMP,DIR,4.585
HND,2020,REST,_T,DIR,4.585
HND,2020,SHARE,COMP,DIR,36.692
HND,2020,SHARE,_T,DIR,36.692
HND,2020,STRPRDT,COMP,DIR,0
HND,2020,STRPRDT,_T,DIR,0
HND,2020,UNITLINK,COMP,DIR,0
HND,2020,UNITLINK,_T,DIR,0
HND,2020,UNLISTED,COMP,DIR,0
HND,2020,UNLISTED,_T,DIR,0
HRV,2018,BOND,COMP,DIR,3430.947
HRV,2018,BOND,LIFE,DIR,39.975
HRV,2018,BOND,NLIFE,DIR,93.723
HRV,2018,BOND,_T,DIR,3564.645
HRV,2018,CASH,COMP,DIR,1587.254
HRV,2018,CASH,LIFE,DIR,89.236
HRV,2018,CASH,NLIFE,DIR,216.243
HRV,2018,CASH,_T,DIR,1892.733
HRV,2018,CBOND,COMP,DIR,981.798
HRV,2018,CBOND,LIFE,DIR,0.006
HRV,2018,CBOND,NLIFE,DIR,65.777
HRV,2018,CBOND,_T,DIR,1047.582
HRV,2018,CCASH,COMP,DIR,585.951
HRV,2018,CCASH,LIFE,DIR,23.578
HRV,2018,CCASH,NLIFE,DIR,106.967
HRV,2018,CCASH,_T,DIR,716.495
HRV,2018,CIS,COMP,DIR,2174.318
HRV,2018,CIS,LIFE,DIR,26.331
HRV,2018,CIS,NLIFE,DIR,193.136
HRV,2018,CIS,_T,DIR,2393.785
HRV,2018,COTHER,COMP,DIR,314.482
HRV,2018,COTHER,LIFE,DIR,1.017
HRV,2018,COTHER,NLIFE,DIR,0
HRV,2018,COTHER,_T,DIR,315.5
HRV,2018,CREST,COMP,DIR,0
HRV,2018,CREST,LIFE,DIR,0
HRV,2018,CREST,NLIFE,DIR,0
HRV,2018,CREST,_T,DIR,0
HRV,2018,CSHARE,COMP,DIR,249.303
HRV,2018,CSHARE,LIFE,DIR,1.73
HRV,2018,CSHARE,NLIFE,DIR,20.392
HRV,2018,CSHARE,_T,DIR,271.425
HRV,2018,HEDGE,COMP,DIR,0
HRV,2018,HEDGE,LIFE,DIR,0
HRV,2018,HEDGE,NLIFE,DIR,0
HRV,2018,HEDGE,_T,DIR,0
HRV,2018,INV,COMP,DIR,4902.916
HRV,2018,INV,LIFE,DIR,57.232
HRV,2018,INV,NLIFE,DIR,737.001
HRV,2018,INV,_T,DIR,5697.149
HRV,2018,INV_O,COMP,DIR,0.129
HRV,2018,INV_O,LIFE,DIR,0
HRV,2018,INV_O,NLIFE,DIR,0
HRV,2018,INV_O,_T,DIR,0.129
HRV,2018,LOAN,COMP,DIR,1413.945
HRV,2018,LOAN,LIFE,DIR,0
HRV,2018,LOAN,NLIFE,DIR,1626.864
HRV,2018,LOAN,_T,DIR,3040.809
HRV,2018,PEQUF,COMP,DIR,42.783
HRV,2018,PEQUF,LIFE,DIR,0
HRV,2018,PEQUF,NLIFE,DIR,0
HRV,2018,PEQUF,_T,DIR,42.783
HRV,2018,PRIB,COMP,DIR,152.22
HRV,2018,PRIB,LIFE,DIR,0.084
HRV,2018,PRIB,NLIFE,DIR,11.997
HRV,2018,PRIB,_T,DIR,164.302
HRV,2018,PUBB,COMP,DIR,3278.727
HRV,2018,PUBB,LIFE,DIR,39.89
HRV,2018,PUBB,NLIFE,DIR,81.726
HRV,2018,PUBB,_T,DIR,3400.343
HRV,2018,PUBS,COMP,DIR,122.482
HRV,2018,PUBS,LIFE,DIR,0
HRV,2018,PUBS,NLIFE,DIR,61.677
HRV,2018,PUBS,_T,DIR,184.159
HRV,2018,REST,COMP,DIR,209.928
HRV,2018,REST,LIFE,DIR,0
HRV,2018,REST,NLIFE,DIR,218.187
HRV,2018,REST,_T,DIR,428.115
HRV,2018,SHARE,COMP,DIR,270.204
HRV,2018,SHARE,LIFE,DIR,0
HRV,2018,SHARE,NLIFE,DIR,150.192
HRV,2018,SHARE,_T,DIR,420.397
HRV,2018,STRPRDT,COMP,DIR,46.785
HRV,2018,STRPRDT,LIFE,DIR,0
HRV,2018,STRPRDT,NLIFE,DIR,0
HRV,2018,STRPRDT,_T,DIR,46.785
HRV,2018,UNITLINK,COMP,DIR,2080.711
HRV,2018,UNITLINK,LIFE,DIR,12.264
HRV,2018,UNITLINK,NLIFE,DIR,0
HRV,2018,UNITLINK,_T,DIR,2092.975
HRV,2018,UNLISTED,COMP,DIR,1094.213
HRV,2018,UNLISTED,LIFE,DIR,0
HRV,2018,UNLISTED,NLIFE,DIR,655.65
HRV,2018,UNLISTED,_T,DIR,1749.863
HRV,2019,BOND,COMP,DIR,3657.216
HRV,2019,BOND,LIFE,DIR,34.627
HRV,2019,BOND,NLIFE,DIR,79.8
HRV,2019,BOND,_T,DIR,3771.643
HRV,2019,CASH,COMP,DIR,1682.715
HRV,2019,CASH,LIFE,DIR,99.618
HRV,2019,CASH,NLIFE,DIR,250.25
HRV,2019,CASH,_T,DIR,2032.583
HRV,2019,CBOND,COMP,DIR,1080.006
HRV,2019,CBOND,LIFE,DIR,26.536
HRV,2019,CBOND,NLIFE,DIR,114.274
HRV,2019,CBOND,_T,DIR,1220.816
HRV,2019,CCASH,COMP,DIR,96.365
HRV,2019,CCASH,LIFE,DIR,0
HRV,2019,CCASH,NLIFE,DIR,11.234
HRV,2019,CCASH,_T,DIR,107.599
HRV,2019,CIS,COMP,DIR,1860.525
HRV,2019,CIS,LIFE,DIR,28.92
HRV,2019,CIS,NLIFE,DIR,156.186
HRV,2019,CIS,_T,DIR,2045.631
HRV,2019,COTHER,COMP,DIR,331.58
HRV,2019,COTHER,LIFE,DIR,1.104
HRV,2019,COTHER,NLIFE,DIR,9.967
HRV,2019,COTHER,_T,DIR,342.651
HRV,2019,CREST,COMP,DIR,0
HRV,2019,CREST,LIFE,DIR,0
HRV,2019,CREST,NLIFE,DIR,0
HRV,2019,CREST,_T,DIR,0
HRV,2019,CSHARE,COMP,DIR,280.03
HRV,2019,CSHARE,LIFE,DIR,1.28
HRV,2019,CSHARE,NLIFE,DIR,20.711
HRV,2019,CSHARE,_T,DIR,302.021
HRV,2019,HEDGE,COMP,DIR,0
HRV,2019,HEDGE,LIFE,DIR,0
HRV,2019,HEDGE,NLIFE,DIR,0
HRV,2019,HEDGE,_T,DIR,0
HRV,2019,INV,COMP,DIR,5177.838
HRV,2019,INV,LIFE,DIR,51.833
HRV,2019,INV,NLIFE,DIR,718.981
HRV,2019,INV,_T,DIR,5948.653
HRV,2019,INV_O,COMP,DIR,0.02
HRV,2019,INV_O,LIFE,DIR,0
HRV,2019,INV_O,NLIFE,DIR,0
HRV,2019,INV_O,_T,DIR,0.02
HRV,2019,LOAN,COMP,DIR,1235.875
HRV,2019,LOAN,LIFE,DIR,0
HRV,2019,LOAN,NLIFE,DIR,1562.102
HRV,2019,LOAN,_T,DIR,2797.977
HRV,2019,PEQUF,COMP,DIR,72.545
HRV,2019,PEQUF,LIFE,DIR,0
HRV,2019,PEQUF,NLIFE,DIR,0
HRV,2019,PEQUF,_T,DIR,72.545
HRV,2019,PRIB,COMP,DIR,179.724
HRV,2019,PRIB,LIFE,DIR,2.619
HRV,2019,PRIB,NLIFE,DIR,14.483
HRV,2019,PRIB,_T,DIR,196.826
HRV,2019,PUBB,COMP,DIR,3477.492
HRV,2019,PUBB,LIFE,DIR,32.008
HRV,2019,PUBB,NLIFE,DIR,65.317
HRV,2019,PUBB,_T,DIR,3574.817
HRV,2019,PUBS,COMP,DIR,142.023
HRV,2019,PUBS,LIFE,DIR,0
HRV,2019,PUBS,NLIFE,DIR,65.502
HRV,2019,PUBS,_T,DIR,207.525
HRV,2019,REST,COMP,DIR,216.365
HRV,2019,REST,LIFE,DIR,0
HRV,2019,REST,NLIFE,DIR,219.306
HRV,2019,REST,_T,DIR,435.671
HRV,2019,SHARE,COMP,DIR,318.177
HRV,2019,SHARE,LIFE,DIR,0
HRV,2019,SHARE,NLIFE,DIR,156.368
HRV,2019,SHARE,_T,DIR,474.545
HRV,2019,STRPRDT,COMP,DIR,45.762
HRV,2019,STRPRDT,LIFE,DIR,0
HRV,2019,STRPRDT,NLIFE,DIR,0
HRV,2019,STRPRDT,_T,DIR,45.762
HRV,2019,UNITLINK,COMP,DIR,2468.948
HRV,2019,UNITLINK,LIFE,DIR,0
HRV,2019,UNITLINK,NLIFE,DIR,0
HRV,2019,UNITLINK,_T,DIR,2468.948
HRV,2019,UNLISTED,COMP,DIR,1315.959
HRV,2019,UNLISTED,LIFE,DIR,0
HRV,2019,UNLISTED,NLIFE,DIR,678.814
HRV,2019,UNLISTED,_T,DIR,1994.773
HRV,2020,BOND,COMP,DIR,3884.917
HRV,2020,BOND,LIFE,DIR,33.459
HRV,2020,BOND,NLIFE,DIR,79.543
HRV,2020,BOND,_T,DIR,3997.919
HRV,2020,CASH,COMP,DIR,2394.885
HRV,2020,CASH,LIFE,DIR,160.31
HRV,2020,CASH,NLIFE,DIR,534.475
HRV,2020,CASH,_T,DIR,3089.67
HRV,2020,CBOND,COMP,DIR,1343.62
HRV,2020,CBOND,LIFE,DIR,25.302
HRV,2020,CBOND,NLIFE,DIR,108.101
HRV,2020,CBOND,_T,DIR,1477.023
HRV,2020,CCASH,COMP,DIR,137.34
HRV,2020,CCASH,LIFE,DIR,0
HRV,2020,CCASH,NLIFE,DIR,0
HRV,2020,CCASH,_T,DIR,137.34
HRV,2020,CIS,COMP,DIR,2467.395
HRV,2020,CIS,LIFE,DIR,30.158
HRV,2020,CIS,NLIFE,DIR,174.078
HRV,2020,CIS,_T,DIR,2671.631
HRV,2020,COTHER,COMP,DIR,527.118
HRV,2020,COTHER,LIFE,DIR,1.295
HRV,2020,COTHER,NLIFE,DIR,30.5
HRV,2020,COTHER,_T,DIR,558.913
HRV,2020,CREST,COMP,DIR,85.598
HRV,2020,CREST,LIFE,DIR,0
HRV,2020,CREST,NLIFE,DIR,0
HRV,2020,CREST,_T,DIR,85.598
HRV,2020,CSHARE,COMP,DIR,373.719
HRV,2020,CSHARE,LIFE,DIR,3.56
HRV,2020,CSHARE,NLIFE,DIR,35.477
HRV,2020,CSHARE,_T,DIR,412.757
HRV,2020,HEDGE,COMP,DIR,0
HRV,2020,HEDGE,LIFE,DIR,0
HRV,2020,HEDGE,NLIFE,DIR,0
HRV,2020,HEDGE,_T,DIR,0
HRV,2020,INV,COMP,DIR,5730.29
HRV,2020,INV,LIFE,DIR,58.743
HRV,2020,INV,NLIFE,DIR,830.998
HRV,2020,INV,_T,DIR,6620.031
HRV,2020,INV_O,COMP,DIR,0.038
HRV,2020,INV_O,LIFE,DIR,0
HRV,2020,INV_O,NLIFE,DIR,0
HRV,2020,INV_O,_T,DIR,0.038
HRV,2020,LOAN,COMP,DIR,1114.074
HRV,2020,LOAN,LIFE,DIR,0
HRV,2020,LOAN,NLIFE,DIR,1390.998
HRV,2020,LOAN,_T,DIR,2505.072
HRV,2020,PEQUF,COMP,DIR,183.589
HRV,2020,PEQUF,LIFE,DIR,0
HRV,2020,PEQUF,NLIFE,DIR,0
HRV,2020,PEQUF,_T,DIR,183.589
HRV,2020,PRIB,COMP,DIR,246.732
HRV,2020,PRIB,LIFE,DIR,5.777
HRV,2020,PRIB,NLIFE,DIR,14.191
HRV,2020,PRIB,_T,DIR,266.7
HRV,2020,PUBB,COMP,DIR,3638.184
HRV,2020,PUBB,LIFE,DIR,27.683
HRV,2020,PUBB,NLIFE,DIR,65.352
HRV,2020,PUBB,_T,DIR,3731.219
HRV,2020,PUBS,COMP,DIR,172.657
HRV,2020,PUBS,LIFE,DIR,0
HRV,2020,PUBS,NLIFE,DIR,94.443
HRV,2020,PUBS,_T,DIR,267.099
HRV,2020,REST,COMP,DIR,262.311
HRV,2020,REST,LIFE,DIR,0
HRV,2020,REST,NLIFE,DIR,245.429
HRV,2020,REST,_T,DIR,507.741
HRV,2020,SHARE,COMP,DIR,400.922
HRV,2020,SHARE,LIFE,DIR,0
HRV,2020,SHARE,NLIFE,DIR,227.321
HRV,2020,SHARE,_T,DIR,628.243
HRV,2020,STRPRDT,COMP,DIR,22.139
HRV,2020,STRPRDT,LIFE,DIR,0
HRV,2020,STRPRDT,NLIFE,DIR,0
HRV,2020,STRPRDT,_T,DIR,22.139
HRV,2020,UNITLINK,COMP,DIR,2722.942
HRV,2020,UNITLINK,LIFE,DIR,0
HRV,2020,UNITLINK,NLIFE,DIR,0
HRV,2020,UNITLINK,_T,DIR,2722.942
HRV,2020,UNLISTED,COMP,DIR,1719.569
HRV,2020,UNLISTED,LIFE,DIR,0
HRV,2020,UNLISTED,NLIFE,DIR,1001
HRV,2020,UNLISTED,_T,DIR,2720.569
HUN,2018,BOND,COMP,DIR,2480.61
HUN,2018,BOND,LIFE,DIR,1575.975
HUN,2018,BOND,NLIFE,DIR,293.247
HUN,2018,BOND,_T,DIR,4349.831
HUN,2018,CASH,COMP,DIR,133.284
HUN,2018,CASH,LIFE,DIR,63.784
HUN,2018,CASH,NLIFE,DIR,37.908
HUN,2018,CASH,_T,DIR,234.976
HUN,2018,CIS,COMP,DIR,243.291
HUN,2018,CIS,LIFE,DIR,131.651
HUN,2018,CIS,NLIFE,DIR,11.634
HUN,2018,CIS,_T,DIR,386.575
HUN,2018,INV,COMP,DIR,6083.443
HUN,2018,INV,LIFE,DIR,3006.049
HUN,2018,INV,NLIFE,DIR,359.575
HUN,2018,INV,_T,DIR,9449.067
HUN,2018,INV_O,COMP,DIR,161.571
HUN,2018,INV_O,LIFE,DIR,19.813
HUN,2018,INV_O,NLIFE,DIR,13.683
HUN,2018,INV_O,_T,DIR,195.067
HUN,2018,LOAN,COMP,DIR,18.662
HUN,2018,LOAN,LIFE,DIR,3.994
HUN,2018,LOAN,NLIFE,DIR,0.046
HUN,2018,LOAN,_T,DIR,22.702
HUN,2018,PRIB,COMP,DIR,118.937
HUN,2018,PRIB,LIFE,DIR,66.682
HUN,2018,PRIB,NLIFE,DIR,12.438
HUN,2018,PRIB,_T,DIR,198.057
HUN,2018,PUBB,COMP,DIR,2361.673
HUN,2018,PUBB,LIFE,DIR,1509.293
HUN,2018,PUBB,NLIFE,DIR,280.809
HUN,2018,PUBB,_T,DIR,4151.775
HUN,2018,PUBS,COMP,DIR,21.048
HUN,2018,PUBS,LIFE,DIR,12.427
HUN,2018,PUBS,NLIFE,DIR,0.229
HUN,2018,PUBS,_T,DIR,33.704
HUN,2018,REST,COMP,DIR,83.777
HUN,2018,REST,LIFE,DIR,5.685
HUN,2018,REST,NLIFE,DIR,2.828
HUN,2018,REST,_T,DIR,92.289
HUN,2018,SHARE,COMP,DIR,45.501
HUN,2018,SHARE,LIFE,DIR,14.034
HUN,2018,SHARE,NLIFE,DIR,0.229
HUN,2018,SHARE,_T,DIR,59.764
HUN,2018,UNITLINK,COMP,DIR,2916.747
HUN,2018,UNITLINK,LIFE,DIR,1191.114
HUN,2018,UNITLINK,NLIFE,DIR,0
HUN,2018,UNITLINK,_T,DIR,4107.861
HUN,2018,UNLISTED,COMP,DIR,24.453
HUN,2018,UNLISTED,LIFE,DIR,1.608
HUN,2018,UNLISTED,NLIFE,DIR,0
HUN,2018,UNLISTED,_T,DIR,26.06
HUN,2019,BOND,COMP,DIR,2551.744
HUN,2019,BOND,LIFE,DIR,1646.951
HUN,2019,BOND,NLIFE,DIR,312.791
HUN,2019,BOND,_T,DIR,4511.486
HUN,2019,CASH,COMP,DIR,152.195
HUN,2019,CASH,LIFE,DIR,64.75
HUN,2019,CASH,NLIFE,DIR,38.643
HUN,2019,CASH,_T,DIR,255.588
HUN,2019,CIS,COMP,DIR,243.343
HUN,2019,CIS,LIFE,DIR,114.002
HUN,2019,CIS,NLIFE,DIR,5.896
HUN,2019,CIS,_T,DIR,363.241
HUN,2019,INV,COMP,DIR,6485.095
HUN,2019,INV,LIFE,DIR,3059.666
HUN,2019,INV,NLIFE,DIR,375.424
HUN,2019,INV,_T,DIR,9920.185
HUN,2019,INV_O,COMP,DIR,163.019
HUN,2019,INV_O,LIFE,DIR,10.594
HUN,2019,INV_O,NLIFE,DIR,11.595
HUN,2019,INV_O,_T,DIR,185.208
HUN,2019,LOAN,COMP,DIR,15.426
HUN,2019,LOAN,LIFE,DIR,3.737
HUN,2019,LOAN,NLIFE,DIR,0.035
HUN,2019,LOAN,_T,DIR,19.198
HUN,2019,PRIB,COMP,DIR,74.558
HUN,2019,PRIB,LIFE,DIR,85.612
HUN,2019,PRIB,NLIFE,DIR,19.592
HUN,2019,PRIB,_T,DIR,179.763
HUN,2019,PUBB,COMP,DIR,2477.186
HUN,2019,PUBB,LIFE,DIR,1561.338
HUN,2019,PUBB,NLIFE,DIR,293.199
HUN,2019,PUBB,_T,DIR,4331.723
HUN,2019,PUBS,COMP,DIR,21.515
HUN,2019,PUBS,LIFE,DIR,9.056
HUN,2019,PUBS,NLIFE,DIR,0
HUN,2019,PUBS,_T,DIR,30.571
HUN,2019,REST,COMP,DIR,126.525
HUN,2019,REST,LIFE,DIR,6.88
HUN,2019,REST,NLIFE,DIR,6.464
HUN,2019,REST,_T,DIR,139.87
HUN,2019,SHARE,COMP,DIR,76.073
HUN,2019,SHARE,LIFE,DIR,10.966
HUN,2019,SHARE,NLIFE,DIR,0
HUN,2019,SHARE,_T,DIR,87.039
HUN,2019,UNITLINK,COMP,DIR,3156.769
HUN,2019,UNITLINK,LIFE,DIR,1201.785
HUN,2019,UNITLINK,NLIFE,DIR,0
HUN,2019,UNITLINK,_T,DIR,4358.554
HUN,2019,UNLISTED,COMP,DIR,54.558
HUN,2019,UNLISTED,LIFE,DIR,1.91
HUN,2019,UNLISTED,NLIFE,DIR,0
HUN,2019,UNLISTED,_T,DIR,56.468
HUN,2020,BOND,COMP,DIR,2783.82
HUN,2020,BOND,LIFE,DIR,1715.394
HUN,2020,BOND,NLIFE,DIR,341.272
HUN,2020,BOND,_T,DIR,4840.486
HUN,2020,CASH,COMP,DIR,125.05
HUN,2020,CASH,LIFE,DIR,43.085
HUN,2020,CASH,NLIFE,DIR,38.764
HUN,2020,CASH,_T,DIR,206.898
HUN,2020,CIS,COMP,DIR,223.552
HUN,2020,CIS,LIFE,DIR,111.391
HUN,2020,CIS,NLIFE,DIR,7.586
HUN,2020,CIS,_T,DIR,342.529
HUN,2020,INV,COMP,DIR,6950.491
HUN,2020,INV,LIFE,DIR,3238.409
HUN,2020,INV,NLIFE,DIR,408.326
HUN,2020,INV,_T,DIR,10597.226
HUN,2020,INV_O,COMP,DIR,152.873
HUN,2020,INV_O,LIFE,DIR,10.446
HUN,2020,INV_O,NLIFE,DIR,12.208
HUN,2020,INV_O,_T,DIR,175.527
HUN,2020,LOAN,COMP,DIR,54.376
HUN,2020,LOAN,LIFE,DIR,3.787
HUN,2020,LOAN,NLIFE,DIR,0.027
HUN,2020,LOAN,_T,DIR,58.19
HUN,2020,PRIB,COMP,DIR,86.876
HUN,2020,PRIB,LIFE,DIR,104.759
HUN,2020,PRIB,NLIFE,DIR,25.181
HUN,2020,PRIB,_T,DIR,216.816
HUN,2020,PUBB,COMP,DIR,2696.944
HUN,2020,PUBB,LIFE,DIR,1610.635
HUN,2020,PUBB,NLIFE,DIR,316.091
HUN,2020,PUBB,_T,DIR,4623.67
HUN,2020,PUBS,COMP,DIR,18.522
HUN,2020,PUBS,LIFE,DIR,9.214
HUN,2020,PUBS,NLIFE,DIR,0.476
HUN,2020,PUBS,_T,DIR,28.212
HUN,2020,REST,COMP,DIR,144.559
HUN,2020,REST,LIFE,DIR,14.333
HUN,2020,REST,NLIFE,DIR,7.993
HUN,2020,REST,_T,DIR,166.885
HUN,2020,SHARE,COMP,DIR,79.349
HUN,2020,SHARE,LIFE,DIR,11.356
HUN,2020,SHARE,NLIFE,DIR,0.476
HUN,2020,SHARE,_T,DIR,91.181
HUN,2020,UNITLINK,COMP,DIR,3386.912
HUN,2020,UNITLINK,LIFE,DIR,1328.616
HUN,2020,UNITLINK,NLIFE,DIR,0
HUN,2020,UNITLINK,_T,DIR,4715.529
HUN,2020,UNLISTED,COMP,DIR,60.827
HUN,2020,UNLISTED,LIFE,DIR,2.142
HUN,2020,UNLISTED,NLIFE,DIR,0
HUN,2020,UNLISTED,_T,DIR,62.969
IDN,2018,BOND,COMP,REI,295.967
IDN,2018,BOND,LIFE,DIR,6082.336
IDN,2018,BOND,NLIFE,DIR,1284.184
IDN,2018,BOND,_T,DIR,7366.52
IDN,2018,BOND,_T,REI,295.967
IDN,2018,CASH,COMP,REI,294.603
IDN,2018,CASH,LIFE,DIR,2175.02
IDN,2018,CASH,NLIFE,DIR,2182.929
IDN,2018,CASH,_T,DIR,4357.949
IDN,2018,CASH,_T,REI,294.603
IDN,2018,CIS,COMP,REI,186.088
IDN,2018,CIS,LIFE,DIR,6026.373
IDN,2018,CIS,NLIFE,DIR,1149.919
IDN,2018,CIS,_T,DIR,7176.292
IDN,2018,CIS,_T,REI,186.088
IDN,2018,INV,COMP,REI,875.891
IDN,2018,INV,LIFE,DIR,34887.957
IDN,2018,INV,NLIFE,DIR,5473.634
IDN,2018,INV,_T,DIR,40361.591
IDN,2018,INV,_T,REI,875.891
IDN,2018,INV_O,COMP,REI,0
IDN,2018,INV_O,LIFE,DIR,152.424
IDN,2018,INV_O,NLIFE,DIR,31.835
IDN,2018,INV_O,_T,DIR,184.258
IDN,2018,INV_O,_T,REI,0
IDN,2018,LOAN,COMP,REI,0
IDN,2018,LOAN,LIFE,DIR,11.354
IDN,2018,LOAN,NLIFE,DIR,2.679
IDN,2018,LOAN,_T,DIR,14.033
IDN,2018,LOAN,_T,REI,0
IDN,2018,PRIB,COMP,REI,150.729
IDN,2018,PRIB,LIFE,DIR,1734.362
IDN,2018,PRIB,NLIFE,DIR,570.686
IDN,2018,PRIB,_T,DIR,2305.048
IDN,2018,PRIB,_T,REI,150.729
IDN,2018,PUBB,COMP,REI,145.239
IDN,2018,PUBB,LIFE,DIR,4347.974
IDN,2018,PUBB,NLIFE,DIR,713.498
IDN,2018,PUBB,_T,DIR,5061.472
IDN,2018,PUBB,_T,REI,145.239
IDN,2018,PUBS,COMP,REI,33.153
IDN,2018,PUBS,LIFE,DIR,1781.053
IDN,2018,PUBS,NLIFE,DIR,257.432
IDN,2018,PUBS,_T,DIR,2038.485
IDN,2018,PUBS,_T,REI,33.153
IDN,2018,REST,COMP,REI,16.078
IDN,2018,REST,LIFE,DIR,1070.572
IDN,2018,REST,NLIFE,DIR,68.761
IDN,2018,REST,_T,DIR,1139.333
IDN,2018,REST,_T,REI,16.078
IDN,2018,SHARE,COMP,REI,83.155
IDN,2018,SHARE,LIFE,DIR,2288.15
IDN,2018,SHARE,NLIFE,DIR,753.328
IDN,2018,SHARE,_T,DIR,3041.478
IDN,2018,SHARE,_T,REI,83.155
IDN,2018,UNITLINK,LIFE,DIR,17081.729
IDN,2018,UNITLINK,_T,DIR,17081.729
IDN,2018,UNLISTED,COMP,REI,50.002
IDN,2018,UNLISTED,LIFE,DIR,507.097
IDN,2018,UNLISTED,NLIFE,DIR,495.895
IDN,2018,UNLISTED,_T,DIR,1002.993
IDN,2018,UNLISTED,_T,REI,50.002
IDN,2019,BOND,COMP,REI,354.557
IDN,2019,BOND,LIFE,DIR,7894.064
IDN,2019,BOND,NLIFE,DIR,1522.961
IDN,2019,BOND,_T,DIR,9417.025
IDN,2019,BOND,_T,REI,354.557
IDN,2019,CASH,COMP,REI,431.979
IDN,2019,CASH,LIFE,DIR,1741.146
IDN,2019,CASH,NLIFE,DIR,1997.589
IDN,2019,CASH,_T,DIR,3738.735
IDN,2019,CASH,_T,REI,431.979
IDN,2019,CIS,COMP,REI,194.816
IDN,2019,CIS,LIFE,DIR,5786.745
IDN,2019,CIS,NLIFE,DIR,1335.213
IDN,2019,CIS,_T,DIR,7121.958
IDN,2019,CIS,_T,REI,194.816
IDN,2019,INV,COMP,REI,1092.957
IDN,2019,INV,LIFE,DIR,37299.137
IDN,2019,INV,NLIFE,DIR,5886.574
IDN,2019,INV,_T,DIR,43185.711
IDN,2019,INV,_T,REI,1092.957
IDN,2019,INV_O,COMP,REI,2.868
IDN,2019,INV_O,LIFE,DIR,0.775
IDN,2019,INV_O,NLIFE,DIR,30.592
IDN,2019,INV_O,_T,DIR,31.368
IDN,2019,INV_O,_T,REI,2.868
IDN,2019,LOAN,COMP,REI,0
IDN,2019,LOAN,LIFE,DIR,12.047
IDN,2019,LOAN,NLIFE,DIR,2.508
IDN,2019,LOAN,_T,DIR,14.555
IDN,2019,LOAN,_T,REI,0
IDN,2019,PRIB,COMP,REI,180.798
IDN,2019,PRIB,LIFE,DIR,2485.456
IDN,2019,PRIB,NLIFE,DIR,650.861
IDN,2019,PRIB,_T,DIR,3136.318
IDN,2019,PRIB,_T,REI,180.798
IDN,2019,PUBB,COMP,REI,173.759
IDN,2019,PUBB,LIFE,DIR,5408.608
IDN,2019,PUBB,NLIFE,DIR,872.099
IDN,2019,PUBB,_T,DIR,6280.707
IDN,2019,PUBB,_T,REI,173.759
IDN,2019,PUBS,COMP,REI,33.339
IDN,2019,PUBS,LIFE,DIR,2295.348
IDN,2019,PUBS,NLIFE,DIR,327.386
IDN,2019,PUBS,_T,DIR,2622.734
IDN,2019,PUBS,_T,REI,33.339
IDN,2019,REST,COMP,REI,16.011
IDN,2019,REST,LIFE,DIR,1089.532
IDN,2019,REST,NLIFE,DIR,72.553
IDN,2019,REST,_T,DIR,1162.086
IDN,2019,REST,_T,REI,16.011
IDN,2019,SHARE,COMP,REI,92.726
IDN,2019,SHARE,LIFE,DIR,3042.871
IDN,2019,SHARE,NLIFE,DIR,925.158
IDN,2019,SHARE,_T,DIR,3968.029
IDN,2019,SHARE,_T,REI,92.726
IDN,2019,UNITLINK,COMP,REI,0
IDN,2019,UNITLINK,LIFE,DIR,17731.956
IDN,2019,UNITLINK,_T,DIR,17731.956
IDN,2019,UNITLINK,_T,REI,0
IDN,2019,UNLISTED,COMP,REI,59.387
IDN,2019,UNLISTED,LIFE,DIR,747.523
IDN,2019,UNLISTED,NLIFE,DIR,597.772
IDN,2019,UNLISTED,_T,DIR,1345.295
IDN,2019,UNLISTED,_T,REI,59.387
IDN,2020,BOND,COMP,REI,417.268
IDN,2020,BOND,LIFE,DIR,9126.078
IDN,2020,BOND,NLIFE,DIR,1532.5
IDN,2020,BOND,_T,DIR,10658.578
IDN,2020,BOND,_T,REI,417.268
IDN,2020,CASH,COMP,REI,439.89
IDN,2020,CASH,LIFE,DIR,2450.527
IDN,2020,CASH,NLIFE,DIR,1832.066
IDN,2020,CASH,_T,DIR,4282.593
IDN,2020,CASH,_T,REI,439.89
IDN,2020,CIS,COMP,REI,221.698
IDN,2020,CIS,LIFE,DIR,10975.026
IDN,2020,CIS,NLIFE,DIR,1317.492
IDN,2020,CIS,_T,DIR,12292.518
IDN,2020,CIS,_T,REI,221.698
IDN,2020,INV,COMP,REI,1193.07
IDN,2020,INV,LIFE,DIR,35546.781
IDN,2020,INV,NLIFE,DIR,5809.785
IDN,2020,INV,_T,DIR,41356.565
IDN,2020,INV,_T,REI,1193.07
IDN,2020,INV_O,COMP,REI,2.77
IDN,2020,INV_O,LIFE,DIR,0.763
IDN,2020,INV_O,NLIFE,DIR,102.916
IDN,2020,INV_O,_T,DIR,103.679
IDN,2020,INV_O,_T,REI,2.77
IDN,2020,LOAN,COMP,REI,0.029
IDN,2020,LOAN,LIFE,DIR,10.171
IDN,2020,LOAN,NLIFE,DIR,2.896
IDN,2020,LOAN,_T,DIR,13.067
IDN,2020,LOAN,_T,REI,0.029
IDN,2020,PRIB,COMP,REI,204.3
IDN,2020,PRIB,LIFE,DIR,2813.947
IDN,2020,PRIB,NLIFE,DIR,573.117
IDN,2020,PRIB,_T,DIR,3387.064
IDN,2020,PRIB,_T,REI,204.3
IDN,2020,PUBB,COMP,REI,212.968
IDN,2020,PUBB,LIFE,DIR,6312.131
IDN,2020,PUBB,NLIFE,DIR,959.384
IDN,2020,PUBB,_T,DIR,7271.514
IDN,2020,PUBB,_T,REI,212.968
IDN,2020,PUBS,COMP,REI,33.371
IDN,2020,PUBS,LIFE,DIR,9800.558
IDN,2020,PUBS,NLIFE,DIR,330.536
IDN,2020,PUBS,_T,DIR,10131.094
IDN,2020,PUBS,_T,REI,33.371
IDN,2020,REST,COMP,REI,15.738
IDN,2020,REST,LIFE,DIR,788.195
IDN,2020,REST,NLIFE,DIR,69.415
IDN,2020,REST,_T,DIR,857.61
IDN,2020,REST,_T,REI,15.738
IDN,2020,SHARE,COMP,REI,95.678
IDN,2020,SHARE,LIFE,DIR,10546.59
IDN,2020,SHARE,NLIFE,DIR,952.5
IDN,2020,SHARE,_T,DIR,11499.09
IDN,2020,SHARE,_T,REI,95.678
IDN,2020,UNITLINK,COMP,REI,0
IDN,2020,UNITLINK,LIFE,DIR,1649.43
IDN,2020,UNITLINK,_T,DIR,1649.43
IDN,2020,UNITLINK,_T,REI,0
IDN,2020,UNLISTED,COMP,REI,62.307
IDN,2020,UNLISTED,LIFE,DIR,746.032
IDN,2020,UNLISTED,NLIFE,DIR,621.964
IDN,2020,UNLISTED,_T,DIR,1367.996
IDN,2020,UNLISTED,_T,REI,62.307
IND,2019,BOND,LIFE,DIR,431433.084
IND,2019,BOND,NLIFE,DIR,34948.324
IND,2019,BOND,_T,DIR,466140.565
IND,2019,BOND,_T,REI,7890.114
IND,2019,CASH,LIFE,DIR,4955.847
IND,2019,CASH,NLIFE,DIR,4057.085
IND,2019,CASH,_T,DIR,9012.932
IND,2019,CBOND,LIFE,DIR,0
IND,2019,CBOND,NLIFE,DIR,0
IND,2019,CBOND,_T,DIR,0
IND,2019,CBOND,_T,REI,0
IND,2019,CCASH,LIFE,DIR,0
IND,2019,CCASH,NLIFE,DIR,0
IND,2019,CCASH,_T,DIR,0
IND,2019,CCASH,_T,REI,0
IND,2019,CIS,LIFE,DIR,3730.288
IND,2019,CIS,NLIFE,DIR,1100.543
IND,2019,CIS,_T,DIR,1664.868
IND,2019,CIS,_T,REI,317.788
IND,2019,COTHER,LIFE,DIR,3730.288
IND,2019,COTHER,NLIFE,DIR,1100.543
IND,2019,COTHER,_T,DIR,1664.868
IND,2019,COTHER,_T,REI,317.788
IND,2019,CREST,LIFE,DIR,0
IND,2019,CREST,NLIFE,DIR,0
IND,2019,CREST,_T,DIR,0
IND,2019,CREST,_T,REI,0
IND,2019,CSHARE,LIFE,DIR,0
IND,2019,CSHARE,NLIFE,DIR,0
IND,2019,CSHARE,_T,DIR,0
IND,2019,CSHARE,_T,REI,0
IND,2019,HEDGE,LIFE,DIR,0
IND,2019,HEDGE,NLIFE,DIR,0
IND,2019,HEDGE,_T,DIR,0
IND,2019,HEDGE,_T,REI,0
IND,2019,INV,LIFE,DIR,545819.526
IND,2019,INV,NLIFE,DIR,40994.864
IND,2019,INV,_T,DIR,586814.39
IND,2019,INV,_T,REI,9887.044
IND,2019,INV_O,LIFE,DIR,0
IND,2019,INV_O,NLIFE,DIR,0
IND,2019,INV_O,_T,DIR,0
IND,2019,INV_O,_T,REI,0
IND,2019,LOAN,LIFE,DIR,13370.545
IND,2019,LOAN,NLIFE,DIR,27.3
IND,2019,LOAN,_T,DIR,16804.651
IND,2019,LOAN,_T,REI,32.469
IND,2019,PEQUF,LIFE,DIR,0
IND,2019,PEQUF,NLIFE,DIR,0
IND,2019,PEQUF,_T,DIR,0
IND,2019,PEQUF,_T,REI,0
IND,2019,PRIB,LIFE,DIR,84639.551
IND,2019,PRIB,NLIFE,DIR,18102.902
IND,2019,PRIB,_T,DIR,102501.61
IND,2019,PRIB,_T,REI,2805.539
IND,2019,PUBB,LIFE,DIR,346793.533
IND,2019,PUBB,NLIFE,DIR,16845.422
IND,2019,PUBB,_T,DIR,363638.955
IND,2019,PUBB,_T,REI,5084.575
IND,2019,PUBS,_T,REI,0
IND,2019,REST,LIFE,DIR,2224.13
IND,2019,REST,NLIFE,DIR,29.593
IND,2019,REST,_T,DIR,2253.723
IND,2019,REST,_T,REI,0
IND,2019,SHARE,LIFE,DIR,95061.48
IND,2019,SHARE,NLIFE,DIR,4889.104
IND,2019,SHARE,_T,DIR,99950.583
IND,2019,SHARE,_T,REI,1646.673
IND,2019,STRPRDT,LIFE,DIR,0
IND,2019,STRPRDT,NLIFE,DIR,0
IND,2019,STRPRDT,_T,DIR,0
IND,2019,STRPRDT,_T,REI,0
IND,2019,UNITLINK,LIFE,DIR,52343.375
IND,2019,UNITLINK,NLIFE,DIR,0
IND,2019,UNITLINK,_T,DIR,52343.375
IND,2019,UNITLINK,_T,REI,0
IND,2019,UNLISTED,_T,REI,0
ISL,2018,BOND,LIFE,DIR,65.903
ISL,2018,BOND,NLIFE,DIR,402.241
ISL,2018,BOND,_T,DIR,468.144
ISL,2018,CASH,LIFE,DIR,5.748
ISL,2018,CASH,NLIFE,DIR,49.947
ISL,2018,CASH,_T,DIR,55.695
ISL,2018,CIS,LIFE,DIR,12.823
ISL,2018,CIS,NLIFE,DIR,190.057
ISL,2018,CIS,_T,DIR,202.881
ISL,2018,INV,LIFE,DIR,139.949
ISL,2018,INV,NLIFE,DIR,970.042
ISL,2018,INV,_T,DIR,1109.991
ISL,2018,INV_O,LIFE,DIR,0
ISL,2018,INV_O,NLIFE,DIR,0.112
ISL,2018,INV_O,_T,DIR,0.112
ISL,2018,LOAN,LIFE,DIR,0
ISL,2018,LOAN,NLIFE,DIR,24.22
ISL,2018,LOAN,_T,DIR,24.22
ISL,2018,PRIB,LIFE,DIR,18.694
ISL,2018,PRIB,NLIFE,DIR,177.999
ISL,2018,PRIB,_T,DIR,196.693
ISL,2018,PUBB,LIFE,DIR,47.209
ISL,2018,PUBB,NLIFE,DIR,224.242
ISL,2018,PUBB,_T,DIR,271.451
ISL,2018,PUBS,LIFE,DIR,2.344
ISL,2018,PUBS,NLIFE,DIR,158.896
ISL,2018,PUBS,_T,DIR,161.24
ISL,2018,REST,LIFE,DIR,0.042
ISL,2018,REST,NLIFE,DIR,14.909
ISL,2018,REST,_T,DIR,14.951
ISL,2018,SHARE,LIFE,DIR,3.092
ISL,2018,SHARE,NLIFE,DIR,288.556
ISL,2018,SHARE,_T,DIR,291.648
ISL,2018,UNITLINK,LIFE,DIR,52.339
ISL,2018,UNITLINK,NLIFE,DIR,0
ISL,2018,UNITLINK,_T,DIR,52.339
ISL,2018,UNLISTED,LIFE,DIR,0.749
ISL,2018,UNLISTED,NLIFE,DIR,129.66
ISL,2018,UNLISTED,_T,DIR,130.409
ISL,2019,BOND,LIFE,DIR,64.181
ISL,2019,BOND,NLIFE,DIR,442.262
ISL,2019,BOND,_T,DIR,506.443
ISL,2019,CASH,LIFE,DIR,4.145
ISL,2019,CASH,NLIFE,DIR,84.894
ISL,2019,CASH,_T,DIR,89.039
ISL,2019,CIS,LIFE,DIR,9.761
ISL,2019,CIS,NLIFE,DIR,203.036
ISL,2019,CIS,_T,DIR,212.798
ISL,2019,INV,LIFE,DIR,139.801
ISL,2019,INV,NLIFE,DIR,1069.374
ISL,2019,INV,_T,DIR,1209.175
ISL,2019,INV_O,LIFE,DIR,0
ISL,2019,INV_O,NLIFE,DIR,0.63
ISL,2019,INV_O,_T,DIR,0.63
ISL,2019,LOAN,LIFE,DIR,0
ISL,2019,LOAN,NLIFE,DIR,20.3
ISL,2019,LOAN,_T,DIR,20.3
ISL,2019,PRIB,LIFE,DIR,22.964
ISL,2019,PRIB,NLIFE,DIR,222.272
ISL,2019,PRIB,_T,DIR,245.235
ISL,2019,PUBB,LIFE,DIR,41.217
ISL,2019,PUBB,NLIFE,DIR,219.991
ISL,2019,PUBB,_T,DIR,261.208
ISL,2019,PUBS,LIFE,DIR,2.725
ISL,2019,PUBS,NLIFE,DIR,168.25
ISL,2019,PUBS,_T,DIR,170.975
ISL,2019,REST,LIFE,DIR,0.034
ISL,2019,REST,NLIFE,DIR,22.148
ISL,2019,REST,_T,DIR,22.182
ISL,2019,SHARE,LIFE,DIR,2.75
ISL,2019,SHARE,NLIFE,DIR,296.103
ISL,2019,SHARE,_T,DIR,298.853
ISL,2019,UNITLINK,LIFE,DIR,58.93
ISL,2019,UNITLINK,NLIFE,DIR,0
ISL,2019,UNITLINK,_T,DIR,58.93
ISL,2019,UNLISTED,LIFE,DIR,0.025
ISL,2019,UNLISTED,NLIFE,DIR,127.853
ISL,2019,UNLISTED,_T,DIR,127.878
ISL,2020,BOND,LIFE,DIR,69.316
ISL,2020,BOND,NLIFE,DIR,507.403
ISL,2020,BOND,_T,DIR,576.719
ISL,2020,CASH,LIFE,DIR,5.591
ISL,2020,CASH,NLIFE,DIR,32.894
ISL,2020,CASH,_T,DIR,38.485
ISL,2020,CIS,LIFE,DIR,5.172
ISL,2020,CIS,NLIFE,DIR,157.714
ISL,2020,CIS,_T,DIR,162.886
ISL,2020,INV,LIFE,DIR,144.208
ISL,2020,INV,NLIFE,DIR,1186.69
ISL,2020,INV,_T,DIR,1330.897
ISL,2020,INV_O,LIFE,DIR,0
ISL,2020,INV_O,NLIFE,DIR,0.14
ISL,2020,INV_O,_T,DIR,0.14
ISL,2020,LOAN,LIFE,DIR,0
ISL,2020,LOAN,NLIFE,DIR,17.355
ISL,2020,LOAN,_T,DIR,17.355
ISL,2020,PRIB,LIFE,DIR,25.516
ISL,2020,PRIB,NLIFE,DIR,269.32
ISL,2020,PRIB,_T,DIR,294.836
ISL,2020,PUBB,LIFE,DIR,43.8
ISL,2020,PUBB,NLIFE,DIR,238.083
ISL,2020,PUBB,_T,DIR,281.883
ISL,2020,PUBS,LIFE,DIR,0.007
ISL,2020,PUBS,NLIFE,DIR,197.06
ISL,2020,PUBS,_T,DIR,197.067
ISL,2020,REST,LIFE,DIR,0.017
ISL,2020,REST,NLIFE,DIR,20.513
ISL,2020,REST,_T,DIR,20.531
ISL,2020,SHARE,LIFE,DIR,0.031
ISL,2020,SHARE,NLIFE,DIR,450.671
ISL,2020,SHARE,_T,DIR,450.702
ISL,2020,UNITLINK,LIFE,DIR,64.079
ISL,2020,UNITLINK,NLIFE,DIR,0
ISL,2020,UNITLINK,_T,DIR,64.079
ISL,2020,UNLISTED,LIFE,DIR,0.024
ISL,2020,UNLISTED,NLIFE,DIR,253.611
ISL,2020,UNLISTED,_T,DIR,253.634
ISR,2018,BOND,COMP,DIR,25611.542
ISR,2018,BOND,NLIFE,DIR,1607.646
ISR,2018,BOND,_T,DIR,27219.188
ISR,2018,CASH,COMP,DIR,3085.614
ISR,2018,CASH,NLIFE,DIR,358.463
ISR,2018,CASH,_T,DIR,3444.077
ISR,2018,CBOND,COMP,DIR,339.345
ISR,2018,CBOND,NLIFE,DIR,381.89
ISR,2018,CBOND,_T,DIR,721.234
ISR,2018,CCASH,COMP,DIR,0
ISR,2018,CCASH,NLIFE,DIR,0
ISR,2018,CCASH,_T,DIR,0
ISR,2018,CIS,COMP,DIR,1179.873
ISR,2018,CIS,NLIFE,DIR,804.611
ISR,2018,CIS,_T,DIR,1984.484
ISR,2018,COTHER,COMP,DIR,43.823
ISR,2018,COTHER,NLIFE,DIR,18.333
ISR,2018,COTHER,_T,DIR,62.156
ISR,2018,CREST,COMP,DIR,0
ISR,2018,CREST,NLIFE,DIR,0
ISR,2018,CREST,_T,DIR,0
ISR,2018,CSHARE,COMP,DIR,796.705
ISR,2018,CSHARE,NLIFE,DIR,404.389
ISR,2018,CSHARE,_T,DIR,1201.093
ISR,2018,HEDGE,COMP,DIR,126.659
ISR,2018,HEDGE,NLIFE,DIR,8.454
ISR,2018,HEDGE,_T,DIR,135.114
ISR,2018,INV,COMP,DIR,127865.609
ISR,2018,INV,NLIFE,DIR,3199.618
ISR,2018,INV,_T,DIR,131065.227
ISR,2018,INV_O,COMP,DIR,2091.659
ISR,2018,INV_O,NLIFE,DIR,23.837
ISR,2018,INV_O,_T,DIR,2115.497
ISR,2018,LOAN,COMP,DIR,5099.787
ISR,2018,LOAN,NLIFE,DIR,198.968
ISR,2018,LOAN,_T,DIR,5298.755
ISR,2018,PEQUF,COMP,DIR,1440.284
ISR,2018,PEQUF,NLIFE,DIR,50.666
ISR,2018,PEQUF,_T,DIR,1490.95
ISR,2018,PRIB,COMP,DIR,6240.725
ISR,2018,PRIB,NLIFE,DIR,680.987
ISR,2018,PRIB,_T,DIR,6921.713
ISR,2018,PUBB,COMP,DIR,19370.817
ISR,2018,PUBB,NLIFE,DIR,926.659
ISR,2018,PUBB,_T,DIR,20297.475
ISR,2018,PUBS,COMP,DIR,1102.297
ISR,2018,PUBS,NLIFE,DIR,81.301
ISR,2018,PUBS,_T,DIR,1183.598
ISR,2018,REST,COMP,DIR,1763.436
ISR,2018,REST,NLIFE,DIR,54.388
ISR,2018,REST,_T,DIR,1817.824
ISR,2018,SHARE,COMP,DIR,1337.106
ISR,2018,SHARE,NLIFE,DIR,87.079
ISR,2018,SHARE,_T,DIR,1424.185
ISR,2018,STRPRDT,COMP,DIR,123.178
ISR,2018,STRPRDT,NLIFE,DIR,5.506
ISR,2018,STRPRDT,_T,DIR,128.684
ISR,2018,UNITLINK,COMP,DIR,86006.471
ISR,2018,UNITLINK,NLIFE,DIR,0
ISR,2018,UNITLINK,_T,DIR,86006.471
ISR,2018,UNLISTED,COMP,DIR,234.809
ISR,2018,UNLISTED,NLIFE,DIR,5.778
ISR,2018,UNLISTED,_T,DIR,240.587
ISR,2019,BOND,COMP,DIR,30009.643
ISR,2019,BOND,NLIFE,DIR,1745.993
ISR,2019,BOND,_T,DIR,31755.636
ISR,2019,CASH,COMP,DIR,3621.816
ISR,2019,CASH,NLIFE,DIR,318.087
ISR,2019,CASH,_T,DIR,3939.903
ISR,2019,CBOND,COMP,DIR,379.688
ISR,2019,CBOND,NLIFE,DIR,492.459
ISR,2019,CBOND,_T,DIR,872.146
ISR,2019,CCASH,COMP,DIR,0
ISR,2019,CCASH,NLIFE,DIR,0
ISR,2019,CCASH,_T,DIR,0
ISR,2019,CIS,COMP,DIR,998.127
ISR,2019,CIS,NLIFE,DIR,969.039
ISR,2019,CIS,_T,DIR,1967.166
ISR,2019,COTHER,COMP,DIR,52.284
ISR,2019,COTHER,NLIFE,DIR,20.046
ISR,2019,COTHER,_T,DIR,72.33
ISR,2019,CREST,COMP,DIR,0
ISR,2019,CREST,NLIFE,DIR,0
ISR,2019,CREST,_T,DIR,0
ISR,2019,CSHARE,COMP,DIR,566.155
ISR,2019,CSHARE,NLIFE,DIR,456.534
ISR,2019,CSHARE,_T,DIR,1022.69
ISR,2019,HEDGE,COMP,DIR,116.477
ISR,2019,HEDGE,NLIFE,DIR,13.05
ISR,2019,HEDGE,_T,DIR,129.527
ISR,2019,INV,COMP,DIR,158427.948
ISR,2019,INV,NLIFE,DIR,3560.153
ISR,2019,INV,_T,DIR,161988.102
ISR,2019,INV_O,COMP,DIR,1865.29
ISR,2019,INV_O,NLIFE,DIR,29.275
ISR,2019,INV_O,_T,DIR,1894.565
ISR,2019,LOAN,COMP,DIR,5764.31
ISR,2019,LOAN,NLIFE,DIR,232.756
ISR,2019,LOAN,_T,DIR,5997.066
ISR,2019,PEQUF,COMP,DIR,1943.687
ISR,2019,PEQUF,NLIFE,DIR,76.689
ISR,2019,PEQUF,_T,DIR,2020.375
ISR,2019,PRIB,COMP,DIR,6774.171
ISR,2019,PRIB,NLIFE,DIR,741.961
ISR,2019,PRIB,_T,DIR,7516.133
ISR,2019,PUBB,COMP,DIR,23235.471
ISR,2019,PUBB,NLIFE,DIR,1004.032
ISR,2019,PUBB,_T,DIR,24239.503
ISR,2019,PUBS,COMP,DIR,1197.453
ISR,2019,PUBS,NLIFE,DIR,99.772
ISR,2019,PUBS,_T,DIR,1297.225
ISR,2019,REST,COMP,DIR,2527.553
ISR,2019,REST,NLIFE,DIR,62.57
ISR,2019,REST,_T,DIR,2590.123
ISR,2019,SHARE,COMP,DIR,1533.403
ISR,2019,SHARE,NLIFE,DIR,107.398
ISR,2019,SHARE,_T,DIR,1640.801
ISR,2019,STRPRDT,COMP,DIR,60.342
ISR,2019,STRPRDT,NLIFE,DIR,5.297
ISR,2019,STRPRDT,_T,DIR,65.64
ISR,2019,UNITLINK,COMP,DIR,109987.3
ISR,2019,UNITLINK,NLIFE,DIR,0
ISR,2019,UNITLINK,_T,DIR,109987.3
ISR,2019,UNLISTED,COMP,DIR,335.95
ISR,2019,UNLISTED,NLIFE,DIR,7.626
ISR,2019,UNLISTED,_T,DIR,343.576
ISR,2020,BOND,COMP,DIR,32285.259
ISR,2020,BOND,NLIFE,DIR,2010.145
ISR,2020,BOND,_T,DIR,34295.404
ISR,2020,CASH,COMP,DIR,4116.996
ISR,2020,CASH,NLIFE,DIR,514.603
ISR,2020,CASH,_T,DIR,4631.598
ISR,2020,CBOND,COMP,DIR,348.267
ISR,2020,CBOND,NLIFE,DIR,500.67
ISR,2020,CBOND,_T,DIR,848.937
ISR,2020,CCASH,COMP,DIR,0
ISR,2020,CCASH,NLIFE,DIR,0
ISR,2020,CCASH,_T,DIR,0
ISR,2020,CIS,COMP,DIR,1283.486
ISR,2020,CIS,NLIFE,DIR,1074.743
ISR,2020,CIS,_T,DIR,2358.229
ISR,2020,COTHER,COMP,DIR,99.4
ISR,2020,COTHER,NLIFE,DIR,26.575
ISR,2020,COTHER,_T,DIR,125.976
ISR,2020,CREST,COMP,DIR,0
ISR,2020,CREST,NLIFE,DIR,0
ISR,2020,CREST,_T,DIR,0
ISR,2020,CSHARE,COMP,DIR,835.819
ISR,2020,CSHARE,NLIFE,DIR,547.498
ISR,2020,CSHARE,_T,DIR,1383.317
ISR,2020,HEDGE,COMP,DIR,113.029
ISR,2020,HEDGE,NLIFE,DIR,20.335
ISR,2020,HEDGE,_T,DIR,133.364
ISR,2020,INV,COMP,DIR,181079.099
ISR,2020,INV,NLIFE,DIR,4316.875
ISR,2020,INV,_T,DIR,185395.974
ISR,2020,INV_O,COMP,DIR,1943.427
ISR,2020,INV_O,NLIFE,DIR,54.631
ISR,2020,INV_O,_T,DIR,1998.059
ISR,2020,LOAN,COMP,DIR,6249.67
ISR,2020,LOAN,NLIFE,DIR,271.641
ISR,2020,LOAN,_T,DIR,6521.311
ISR,2020,PEQUF,COMP,DIR,2640.034
ISR,2020,PEQUF,NLIFE,DIR,140.719
ISR,2020,PEQUF,_T,DIR,2780.753
ISR,2020,PRIB,COMP,DIR,7151.026
ISR,2020,PRIB,NLIFE,DIR,899.91
ISR,2020,PRIB,_T,DIR,8050.936
ISR,2020,PUBB,COMP,DIR,25134.233
ISR,2020,PUBB,NLIFE,DIR,1110.235
ISR,2020,PUBB,_T,DIR,26244.468
ISR,2020,PUBS,COMP,DIR,1526.405
ISR,2020,PUBS,NLIFE,DIR,121.3
ISR,2020,PUBS,_T,DIR,1647.705
ISR,2020,REST,COMP,DIR,2732.836
ISR,2020,REST,NLIFE,DIR,92.659
ISR,2020,REST,_T,DIR,2825.495
ISR,2020,SHARE,COMP,DIR,1964.494
ISR,2020,SHARE,NLIFE,DIR,130.521
ISR,2020,SHARE,_T,DIR,2095.015
ISR,2020,STRPRDT,COMP,DIR,120.172
ISR,2020,STRPRDT,NLIFE,DIR,6.878
ISR,2020,STRPRDT,_T,DIR,127.05
ISR,2020,UNITLINK,COMP,DIR,127629.695
ISR,2020,UNITLINK,_T,DIR,127629.695
ISR,2020,UNLISTED,COMP,DIR,438.089
ISR,2020,UNLISTED,NLIFE,DIR,9.221
ISR,2020,UNLISTED,_T,DIR,447.31
ITA,2018,BOND,COMP,DIR,401254.932
ITA,2018,BOND,LIFE,DIR,139320.58
ITA,2018,BOND,NLIFE,DIR,14276.188
ITA,2018,BOND,_T,DIR,554851.7
ITA,2018,CASH,COMP,DIR,7511.066
ITA,2018,CASH,LIFE,DIR,1874.835
ITA,2018,CASH,NLIFE,DIR,798.455
ITA,2018,CASH,_T,DIR,10184.357
ITA,2018,INV,COMP,DIR,653815.737
ITA,2018,INV,LIFE,DIR,250687.493
ITA,2018,INV,NLIFE,DIR,19785.736
ITA,2018,INV,_T,DIR,924288.966
ITA,2018,INV_O,COMP,DIR,100164.731
ITA,2018,INV_O,LIFE,DIR,17910.958
ITA,2018,INV_O,NLIFE,DIR,1956.726
ITA,2018,INV_O,_T,DIR,120032.415
ITA,2018,LOAN,COMP,DIR,6680.827
ITA,2018,LOAN,LIFE,DIR,64.189
ITA,2018,LOAN,NLIFE,DIR,27.182
ITA,2018,LOAN,_T,DIR,6772.198
ITA,2018,PRIB,COMP,DIR,121387.134
ITA,2018,PRIB,LIFE,DIR,43691.344
ITA,2018,PRIB,NLIFE,DIR,4501.02
ITA,2018,PRIB,_T,DIR,169579.499
ITA,2018,PUBB,COMP,DIR,279867.787
ITA,2018,PUBB,LIFE,DIR,95690.561
ITA,2018,PUBB,NLIFE,DIR,9882.34
ITA,2018,PUBB,_T,DIR,385440.688
ITA,2018,PUBS,COMP,DIR,6171.095
ITA,2018,PUBS,LIFE,DIR,2660.065
ITA,2018,PUBS,NLIFE,DIR,318.642
ITA,2018,PUBS,_T,DIR,9149.803
ITA,2018,REST,COMP,DIR,5440.287
ITA,2018,REST,LIFE,DIR,311.085
ITA,2018,REST,NLIFE,DIR,560.627
ITA,2018,REST,_T,DIR,6311.999
ITA,2018,SHARE,COMP,DIR,62541.81
ITA,2018,SHARE,LIFE,DIR,5490.999
ITA,2018,SHARE,NLIFE,DIR,2164.028
ITA,2018,SHARE,_T,DIR,70196.837
ITA,2018,UNITLINK,COMP,DIR,70222.073
ITA,2018,UNITLINK,LIFE,DIR,85707.61
ITA,2018,UNITLINK,NLIFE,DIR,0
ITA,2018,UNITLINK,_T,DIR,155929.683
ITA,2018,UNLISTED,COMP,DIR,56370.715
ITA,2018,UNLISTED,LIFE,DIR,2836.384
ITA,2018,UNLISTED,NLIFE,DIR,1856.309
ITA,2018,UNLISTED,_T,DIR,61063.408
ITA,2019,BOND,COMP,DIR,401510.962
ITA,2019,BOND,LIFE,DIR,149655.195
ITA,2019,BOND,NLIFE,DIR,14199.493
ITA,2019,BOND,_T,DIR,565365.65
ITA,2019,CASH,COMP,DIR,5541.878
ITA,2019,CASH,LIFE,DIR,2349.198
ITA,2019,CASH,NLIFE,DIR,713.145
ITA,2019,CASH,_T,DIR,8604.221
ITA,2019,INV,COMP,DIR,671637.546
ITA,2019,INV,LIFE,DIR,278158.017
ITA,2019,INV,NLIFE,DIR,20499.306
ITA,2019,INV,_T,DIR,970294.87
ITA,2019,INV_O,COMP,DIR,110808.713
ITA,2019,INV_O,LIFE,DIR,21513.95
ITA,2019,INV_O,NLIFE,DIR,2876.825
ITA,2019,INV_O,_T,DIR,135199.488
ITA,2019,LOAN,COMP,DIR,5027.417
ITA,2019,LOAN,LIFE,DIR,81.952
ITA,2019,LOAN,NLIFE,DIR,28.321
ITA,2019,LOAN,_T,DIR,5137.69
ITA,2019,PRIB,COMP,DIR,120039.746
ITA,2019,PRIB,LIFE,DIR,47152.619
ITA,2019,PRIB,NLIFE,DIR,4987.502
ITA,2019,PRIB,_T,DIR,172179.868
ITA,2019,PUBB,COMP,DIR,281471.193
ITA,2019,PUBB,LIFE,DIR,102502.575
ITA,2019,PUBB,NLIFE,DIR,9208.632
ITA,2019,PUBB,_T,DIR,393182.401
ITA,2019,PUBS,COMP,DIR,7423.202
ITA,2019,PUBS,LIFE,DIR,3029.54
ITA,2019,PUBS,NLIFE,DIR,374.89
ITA,2019,PUBS,_T,DIR,10827.631
ITA,2019,REST,COMP,DIR,5641.658
ITA,2019,REST,LIFE,DIR,299.307
ITA,2019,REST,NLIFE,DIR,488.51
ITA,2019,REST,_T,DIR,6429.476
ITA,2019,SHARE,COMP,DIR,61380.018
ITA,2019,SHARE,LIFE,DIR,5448.894
ITA,2019,SHARE,NLIFE,DIR,2193.023
ITA,2019,SHARE,_T,DIR,69021.934
ITA,2019,UNITLINK,COMP,DIR,81726.913
ITA,2019,UNITLINK,LIFE,DIR,98809.533
ITA,2019,UNITLINK,NLIFE,DIR,0
ITA,2019,UNITLINK,_T,DIR,180536.446
ITA,2019,UNLISTED,COMP,DIR,53956.817
ITA,2019,UNLISTED,LIFE,DIR,2419.354
ITA,2019,UNLISTED,NLIFE,DIR,1818.133
ITA,2019,UNLISTED,_T,DIR,58194.303
ITA,2020,BOND,COMP,DIR,448357.883
ITA,2020,BOND,LIFE,DIR,171762.618
ITA,2020,BOND,NLIFE,DIR,16754.801
ITA,2020,BOND,_T,DIR,636875.302
ITA,2020,CASH,COMP,DIR,7456.248
ITA,2020,CASH,LIFE,DIR,2283.644
ITA,2020,CASH,NLIFE,DIR,1179.132
ITA,2020,CASH,_T,DIR,10919.011
ITA,2020,INV,COMP,DIR,761747.046
ITA,2020,INV,LIFE,DIR,324984.661
ITA,2020,INV,NLIFE,DIR,24036.973
ITA,2020,INV,_T,DIR,1110768.692
ITA,2020,INV_O,COMP,DIR,129413.017
ITA,2020,INV_O,LIFE,DIR,26784.178
ITA,2020,INV_O,NLIFE,DIR,3074.276
ITA,2020,INV_O,_T,DIR,159271.471
ITA,2020,LOAN,COMP,DIR,5517.517
ITA,2020,LOAN,LIFE,DIR,75.184
ITA,2020,LOAN,NLIFE,DIR,49.219
ITA,2020,LOAN,_T,DIR,5641.92
ITA,2020,PRIB,COMP,DIR,137825.862
ITA,2020,PRIB,LIFE,DIR,50916.901
ITA,2020,PRIB,NLIFE,DIR,6582.492
ITA,2020,PRIB,_T,DIR,195325.255
ITA,2020,PUBB,COMP,DIR,310531.714
ITA,2020,PUBB,LIFE,DIR,120845.717
ITA,2020,PUBB,NLIFE,DIR,10172.309
ITA,2020,PUBB,_T,DIR,441549.728
ITA,2020,PUBS,COMP,DIR,5089.492
ITA,2020,PUBS,LIFE,DIR,2743.389
ITA,2020,PUBS,NLIFE,DIR,349.785
ITA,2020,PUBS,_T,DIR,8182.654
ITA,2020,REST,COMP,DIR,5051.845
ITA,2020,REST,LIFE,DIR,339.17
ITA,2020,REST,NLIFE,DIR,523.419
ITA,2020,REST,_T,DIR,5914.434
ITA,2020,SHARE,COMP,DIR,67520.032
ITA,2020,SHARE,LIFE,DIR,5063.392
ITA,2020,SHARE,NLIFE,DIR,2456.125
ITA,2020,SHARE,_T,DIR,75039.549
ITA,2020,UNITLINK,COMP,DIR,98430.503
ITA,2020,UNITLINK,LIFE,DIR,118676.488
ITA,2020,UNITLINK,_T,DIR,217106.991
ITA,2020,UNLISTED,COMP,DIR,62430.552
ITA,2020,UNLISTED,LIFE,DIR,2320.003
ITA,2020,UNLISTED,NLIFE,DIR,2106.34
ITA,2020,UNLISTED,_T,DIR,66856.896
JPN,2018,BOND,LIFE,DIR,2399702.75
JPN,2018,BOND,NLIFE,DIR,67377.443
JPN,2018,BOND,NLIFE,REI,3644.446
JPN,2018,CASH,LIFE,DIR,81093.707
JPN,2018,CASH,NLIFE,DIR,17835.44
JPN,2018,CASH,NLIFE,REI,2442.346
JPN,2018,INV,LIFE,DIR,3428786.387
JPN,2018,INV,NLIFE,DIR,248906.446
JPN,2018,INV,NLIFE,REI,9005.418
JPN,2018,INV_O,LIFE,DIR,363573.693
JPN,2018,INV_O,NLIFE,DIR,83956.735
JPN,2018,INV_O,NLIFE,REI,1958.943
JPN,2018,LOAN,LIFE,DIR,287401.668
JPN,2018,LOAN,NLIFE,DIR,12943.464
JPN,2018,LOAN,NLIFE,REI,4.661
JPN,2018,PRIB,LIFE,DIR,687820.456
JPN,2018,PRIB,NLIFE,DIR,23092.274
JPN,2018,PRIB,NLIFE,REI,2049.73
JPN,2018,PUBB,LIFE,DIR,1711882.294
JPN,2018,PUBB,NLIFE,DIR,44285.169
JPN,2018,PUBB,NLIFE,REI,1594.717
JPN,2018,REST,LIFE,DIR,54058.006
JPN,2018,REST,NLIFE,DIR,7722.611
JPN,2018,REST,NLIFE,REI,89.154
JPN,2018,SHARE,LIFE,DIR,242956.563
JPN,2018,SHARE,NLIFE,DIR,59070.754
JPN,2018,SHARE,NLIFE,REI,865.867
JPN,2019,BOND,LIFE,DIR,1745351.711
JPN,2019,BOND,NLIFE,DIR,64805.244
JPN,2019,BOND,NLIFE,REI,3863.836
JPN,2019,CASH,LIFE,DIR,96892.898
JPN,2019,CASH,NLIFE,DIR,18718.27
JPN,2019,CASH,NLIFE,REI,2773.33
JPN,2019,INV,LIFE,DIR,3524555.649
JPN,2019,INV,NLIFE,DIR,242586.173
JPN,2019,INV,NLIFE,REI,9724.241
JPN,2019,INV_O,LIFE,DIR,1176637.019
JPN,2019,INV_O,NLIFE,DIR,87974.029
JPN,2019,INV_O,NLIFE,REI,2268.537
JPN,2019,LOAN,LIFE,DIR,277816.311
JPN,2019,LOAN,NLIFE,DIR,13841.592
JPN,2019,LOAN,NLIFE,REI,4.738
JPN,2019,PRIB,LIFE,DIR,261113.634
JPN,2019,PRIB,NLIFE,DIR,24668.252
JPN,2019,PRIB,NLIFE,REI,2469.347
JPN,2019,PUBB,LIFE,DIR,1484238.077
JPN,2019,PUBB,NLIFE,DIR,40136.992
JPN,2019,PUBB,NLIFE,REI,1394.489
JPN,2019,REST,LIFE,DIR,55216.035
JPN,2019,REST,NLIFE,DIR,7805.612
JPN,2019,REST,NLIFE,REI,97.47
JPN,2019,SHARE,LIFE,DIR,172641.674
JPN,2019,SHARE,NLIFE,DIR,49441.426
JPN,2019,SHARE,NLIFE,REI,716.329
JPN,2020,BOND,LIFE,DIR,2514436.676
JPN,2020,BOND,NLIFE,DIR,61234.363
JPN,2020,BOND,NLIFE,REI,5070.714
JPN,2020,CASH,LIFE,DIR,98234.833
JPN,2020,CASH,NLIFE,DIR,18822.981
JPN,2020,CASH,NLIFE,REI,2951.861
JPN,2020,INV,LIFE,DIR,3654218.771
JPN,2020,INV,NLIFE,DIR,255911.481
JPN,2020,INV,NLIFE,REI,11297.272
JPN,2020,INV_O,LIFE,DIR,446469.539
JPN,2020,INV_O,NLIFE,DIR,91898.663
JPN,2020,INV_O,NLIFE,REI,2390.641
JPN,2020,LOAN,LIFE,DIR,267265.312
JPN,2020,LOAN,NLIFE,DIR,13905.212
JPN,2020,LOAN,NLIFE,REI,4.634
JPN,2020,PRIB,LIFE,DIR,736307.281
JPN,2020,PRIB,NLIFE,DIR,24120.867
JPN,2020,PRIB,NLIFE,REI,3315.727
JPN,2020,PUBB,LIFE,DIR,1778129.395
JPN,2020,PUBB,NLIFE,DIR,37113.496
JPN,2020,PUBB,NLIFE,REI,1754.986
JPN,2020,REST,LIFE,DIR,54499.666
JPN,2020,REST,NLIFE,DIR,7696.025
JPN,2020,REST,NLIFE,REI,93.424
JPN,2020,SHARE,LIFE,DIR,273312.746
JPN,2020,SHARE,NLIFE,DIR,62354.237
JPN,2020,SHARE,NLIFE,REI,785.998
KOR,2018,BOND,LIFE,DIR,300118.739
KOR,2018,BOND,NLIFE,DIR,77920.892
KOR,2018,BOND,NLIFE,REI,2792.601
KOR,2018,BOND,_T,DIR,378039.631
KOR,2018,BOND,_T,REI,2792.601
KOR,2018,CASH,LIFE,DIR,13995.339
KOR,2018,CASH,NLIFE,DIR,6181.185
KOR,2018,CASH,NLIFE,REI,697.45
KOR,2018,CASH,_T,DIR,20176.524
KOR,2018,CASH,_T,REI,697.45
KOR,2018,INV,LIFE,DIR,743125.961
KOR,2018,INV,NLIFE,DIR,231756.311
KOR,2018,INV,NLIFE,REI,6697.619
KOR,2018,INV,_T,DIR,974882.272
KOR,2018,INV,_T,REI,6697.619
KOR,2018,INV_O,LIFE,DIR,173985.135
KOR,2018,INV_O,NLIFE,DIR,75934.998
KOR,2018,INV_O,NLIFE,REI,2106.822
KOR,2018,INV_O,_T,DIR,249920.133
KOR,2018,INV_O,_T,REI,2106.822
KOR,2018,LOAN,LIFE,DIR,123260.63
KOR,2018,LOAN,NLIFE,DIR,61215.499
KOR,2018,LOAN,NLIFE,REI,834.2
KOR,2018,LOAN,_T,DIR,184476.128
KOR,2018,LOAN,_T,REI,834.2
KOR,2018,PRIB,LIFE,DIR,38837.09
KOR,2018,PRIB,NLIFE,DIR,19920.792
KOR,2018,PRIB,NLIFE,REI,712.77
KOR,2018,PRIB,_T,DIR,58757.882
KOR,2018,PRIB,_T,REI,712.77
KOR,2018,PUBB,LIFE,DIR,261281.649
KOR,2018,PUBB,NLIFE,DIR,58000.099
KOR,2018,PUBB,NLIFE,REI,2079.831
KOR,2018,PUBB,_T,DIR,319281.749
KOR,2018,PUBB,_T,REI,2079.831
KOR,2018,REST,LIFE,DIR,11462.028
KOR,2018,REST,NLIFE,DIR,5189.855
KOR,2018,REST,NLIFE,REI,165.128
KOR,2018,REST,_T,DIR,16651.884
KOR,2018,REST,_T,REI,165.128
KOR,2018,SHARE,LIFE,DIR,28896.716
KOR,2018,SHARE,NLIFE,DIR,5313.882
KOR,2018,SHARE,NLIFE,REI,101.418
KOR,2018,SHARE,_T,DIR,34210.598
KOR,2018,SHARE,_T,REI,101.418
KOR,2018,UNITLINK,LIFE,DIR,91407.373
KOR,2018,UNITLINK,NLIFE,DIR,0
KOR,2018,UNITLINK,_T,DIR,91407.373
KOR,2020,BOND,LIFE,DIR,338450.502
KOR,2020,BOND,NLIFE,DIR,90207.396
KOR,2020,BOND,NLIFE,REI,3092.903
KOR,2020,BOND,_T,DIR,428657.898
KOR,2020,BOND,_T,REI,3092.903
KOR,2020,CASH,LIFE,DIR,10764.993
KOR,2020,CASH,NLIFE,DIR,5163.62
KOR,2020,CASH,NLIFE,REI,830.475
KOR,2020,CASH,_T,DIR,15928.613
KOR,2020,CASH,_T,REI,830.475
KOR,2020,INV,LIFE,DIR,871531.602
KOR,2020,INV,NLIFE,DIR,274308.785
KOR,2020,INV,NLIFE,REI,7561.312
KOR,2020,INV,_T,DIR,1145840.387
KOR,2020,INV,_T,REI,7561.312
KOR,2020,INV_O,LIFE,DIR,221855.467
KOR,2020,INV_O,NLIFE,DIR,93765.335
KOR,2020,INV_O,NLIFE,REI,2091.686
KOR,2020,INV_O,_T,DIR,315620.802
KOR,2020,INV_O,_T,REI,2091.686
KOR,2020,LOAN,LIFE,DIR,137536.024
KOR,2020,LOAN,NLIFE,DIR,69682.952
KOR,2020,LOAN,NLIFE,REI,1075.585
KOR,2020,LOAN,_T,DIR,207218.975
KOR,2020,LOAN,_T,REI,1075.585
KOR,2020,PRIB,LIFE,DIR,44198.094
KOR,2020,PRIB,NLIFE,DIR,20605.526
KOR,2020,PRIB,NLIFE,REI,1186.393
KOR,2020,PRIB,_T,DIR,64803.619
KOR,2020,PRIB,_T,REI,1186.393
KOR,2020,PUBB,LIFE,DIR,294252.408
KOR,2020,PUBB,NLIFE,DIR,69601.87
KOR,2020,PUBB,NLIFE,REI,1906.51
KOR,2020,PUBB,_T,DIR,363854.278
KOR,2020,PUBB,_T,REI,1906.51
KOR,2020,REST,LIFE,DIR,11325.329
KOR,2020,REST,NLIFE,DIR,5034.72
KOR,2020,REST,NLIFE,REI,168.327
KOR,2020,REST,_T,DIR,16360.049
KOR,2020,REST,_T,REI,168.327
KOR,2020,SHARE,LIFE,DIR,43463.569
KOR,2020,SHARE,NLIFE,DIR,10454.763
KOR,2020,SHARE,NLIFE,REI,302.336
KOR,2020,SHARE,_T,DIR,53918.332
KOR,2020,SHARE,_T,REI,302.336
KOR,2020,UNITLINK,LIFE,DIR,108135.719
KOR,2020,UNITLINK,NLIFE,DIR,0
KOR,2020,UNITLINK,_T,DIR,108135.719
LKA,2018,BOND,COMP,DIR,4.236
LKA,2018,BOND,LIFE,DIR,740.665
LKA,2018,BOND,NLIFE,DIR,245.125
LKA,2018,BOND,_T,DIR,990.025
LKA,2018,CASH,COMP,DIR,0.621
LKA,2018,CASH,LIFE,DIR,189.267
LKA,2018,CASH,NLIFE,DIR,83.121
LKA,2018,CASH,_T,DIR,273.009
LKA,2018,CBOND,LIFE,DIR,1.477
LKA,2018,CBOND,NLIFE,DIR,0.106
LKA,2018,CBOND,_T,DIR,1.583
LKA,2018,CCASH,LIFE,DIR,7.586
LKA,2018,CCASH,NLIFE,DIR,0.072
LKA,2018,CCASH,_T,DIR,7.658
LKA,2018,CIS,LIFE,DIR,9.063
LKA,2018,CIS,NLIFE,DIR,0.276
LKA,2018,CIS,_T,DIR,9.34
LKA,2018,COTHER,NLIFE,DIR,0.005
LKA,2018,COTHER,_T,DIR,0.005
LKA,2018,CREST,_T,DIR,0
LKA,2018,CSHARE,NLIFE,DIR,0.093
LKA,2018,CSHARE,_T,DIR,0.093
LKA,2018,INV,COMP,DIR,5.094
LKA,2018,INV,LIFE,DIR,2030.667
LKA,2018,INV,NLIFE,DIR,374.733
LKA,2018,INV,_T,DIR,2410.494
LKA,2018,INV_O,COMP,DIR,0
LKA,2018,INV_O,LIFE,DIR,106.291
LKA,2018,INV_O,NLIFE,DIR,25.203
LKA,2018,INV_O,_T,DIR,131.494
LKA,2018,LOAN,LIFE,DIR,130.949
LKA,2018,LOAN,NLIFE,DIR,1.807
LKA,2018,LOAN,_T,DIR,132.756
LKA,2018,PRIB,NLIFE,DIR,41.682
LKA,2018,PRIB,_T,DIR,41.682
LKA,2018,PUBB,COMP,DIR,4.236
LKA,2018,PUBB,LIFE,DIR,554.143
LKA,2018,PUBB,NLIFE,DIR,203.443
LKA,2018,PUBB,_T,DIR,761.823
LKA,2018,PUBS,LIFE,DIR,768.316
LKA,2018,PUBS,NLIFE,DIR,1.795
LKA,2018,PUBS,_T,DIR,770.111
LKA,2018,REST,LIFE,DIR,64.504
LKA,2018,REST,NLIFE,DIR,13.152
LKA,2018,REST,_T,DIR,77.656
LKA,2018,SHARE,COMP,DIR,0.237
LKA,2018,SHARE,LIFE,DIR,771.017
LKA,2018,SHARE,NLIFE,DIR,6.05
LKA,2018,SHARE,_T,DIR,777.304
LKA,2018,UNITLINK,LIFE,DIR,18.911
LKA,2018,UNLISTED,LIFE,DIR,2.701
LKA,2018,UNLISTED,NLIFE,DIR,4.255
LKA,2018,UNLISTED,_T,DIR,6.955
LTU,2018,BOND,COMP,DIR,279.334
LTU,2018,BOND,LIFE,DIR,59.471
LTU,2018,BOND,NLIFE,DIR,389.472
LTU,2018,BOND,_T,DIR,728.278
LTU,2018,CASH,COMP,DIR,20.049
LTU,2018,CASH,LIFE,DIR,13.168
LTU,2018,CASH,NLIFE,DIR,37.018
LTU,2018,CASH,_T,DIR,70.234
LTU,2018,CBOND,COMP,DIR,32.793
LTU,2018,CBOND,LIFE,DIR,0.103
LTU,2018,CBOND,NLIFE,DIR,52.888
LTU,2018,CBOND,_T,DIR,85.783
LTU,2018,CCASH,COMP,DIR,0.527
LTU,2018,CCASH,LIFE,DIR,0.046
LTU,2018,CCASH,NLIFE,DIR,0.435
LTU,2018,CCASH,_T,DIR,1.008
LTU,2018,CIS,COMP,DIR,44.792
LTU,2018,CIS,LIFE,DIR,2.37
LTU,2018,CIS,NLIFE,DIR,60.719
LTU,2018,CIS,_T,DIR,107.882
LTU,2018,COTHER,COMP,DIR,0.424
LTU,2018,COTHER,LIFE,DIR,0.023
LTU,2018,COTHER,NLIFE,DIR,3.859
LTU,2018,COTHER,_T,DIR,4.305
LTU,2018,CREST,COMP,DIR,6.652
LTU,2018,CREST,LIFE,DIR,0
LTU,2018,CREST,NLIFE,DIR,0
LTU,2018,CREST,_T,DIR,6.652
LTU,2018,CSHARE,COMP,DIR,4.397
LTU,2018,CSHARE,LIFE,DIR,2.198
LTU,2018,CSHARE,NLIFE,DIR,3.538
LTU,2018,CSHARE,_T,DIR,10.133
LTU,2018,HEDGE,COMP,DIR,0
LTU,2018,HEDGE,LIFE,DIR,0
LTU,2018,HEDGE,NLIFE,DIR,0
LTU,2018,HEDGE,_T,DIR,0
LTU,2018,INV,COMP,DIR,682.432
LTU,2018,INV,LIFE,DIR,315.436
LTU,2018,INV,NLIFE,DIR,523.323
LTU,2018,INV,_T,DIR,1521.191
LTU,2018,INV_O,COMP,DIR,0.321
LTU,2018,INV_O,LIFE,DIR,0.366
LTU,2018,INV_O,NLIFE,DIR,21.331
LTU,2018,INV_O,_T,DIR,22.018
LTU,2018,LOAN,COMP,DIR,6.87
LTU,2018,LOAN,LIFE,DIR,0
LTU,2018,LOAN,NLIFE,DIR,3.985
LTU,2018,LOAN,_T,DIR,10.855
LTU,2018,PEQUF,COMP,DIR,0
LTU,2018,PEQUF,LIFE,DIR,0
LTU,2018,PEQUF,NLIFE,DIR,0
LTU,2018,PEQUF,_T,DIR,0
LTU,2018,PRIB,COMP,DIR,42.834
LTU,2018,PRIB,LIFE,DIR,14.805
LTU,2018,PRIB,NLIFE,DIR,30.343
LTU,2018,PRIB,_T,DIR,87.982
LTU,2018,PUBB,COMP,DIR,236.5
LTU,2018,PUBB,LIFE,DIR,44.666
LTU,2018,PUBB,NLIFE,DIR,359.129
LTU,2018,PUBB,_T,DIR,640.296
LTU,2018,PUBS,COMP,DIR,0
LTU,2018,PUBS,LIFE,DIR,0
LTU,2018,PUBS,NLIFE,DIR,2.45
LTU,2018,PUBS,_T,DIR,2.45
LTU,2018,REST,COMP,DIR,0.149
LTU,2018,REST,LIFE,DIR,0
LTU,2018,REST,NLIFE,DIR,6.985
LTU,2018,REST,_T,DIR,7.133
LTU,2018,SHARE,COMP,DIR,8.542
LTU,2018,SHARE,LIFE,DIR,0
LTU,2018,SHARE,NLIFE,DIR,3.813
LTU,2018,SHARE,_T,DIR,12.355
LTU,2018,STRPRDT,COMP,DIR,6.412
LTU,2018,STRPRDT,LIFE,DIR,0
LTU,2018,STRPRDT,NLIFE,DIR,0
LTU,2018,STRPRDT,_T,DIR,6.412
LTU,2018,UNITLINK,COMP,DIR,315.963
LTU,2018,UNITLINK,LIFE,DIR,240.061
LTU,2018,UNITLINK,NLIFE,DIR,0
LTU,2018,UNITLINK,_T,DIR,556.024
LTU,2018,UNLISTED,COMP,DIR,8.542
LTU,2018,UNLISTED,LIFE,DIR,0
LTU,2018,UNLISTED,NLIFE,DIR,1.363
LTU,2018,UNLISTED,_T,DIR,9.904
LTU,2019,BOND,COMP,DIR,255.034
LTU,2019,BOND,LIFE,DIR,63.304
LTU,2019,BOND,NLIFE,DIR,446.45
LTU,2019,BOND,_T,DIR,764.788
LTU,2019,CASH,COMP,DIR,9.639
LTU,2019,CASH,LIFE,DIR,16.671
LTU,2019,CASH,NLIFE,DIR,33.005
LTU,2019,CASH,_T,DIR,59.316
LTU,2019,CIS,COMP,DIR,30.085
LTU,2019,CIS,LIFE,DIR,1.854
LTU,2019,CIS,NLIFE,DIR,53.564
LTU,2019,CIS,_T,DIR,85.502
LTU,2019,HEDGE,COMP,DIR,0
LTU,2019,HEDGE,LIFE,DIR,0
LTU,2019,HEDGE,NLIFE,DIR,0
LTU,2019,HEDGE,_T,DIR,0
LTU,2019,INV,COMP,DIR,372.8
LTU,2019,INV,LIFE,DIR,362.364
LTU,2019,INV,NLIFE,DIR,581.944
LTU,2019,INV,_T,DIR,1317.108
LTU,2019,INV_O,COMP,DIR,2.292
LTU,2019,INV_O,LIFE,DIR,1.438
LTU,2019,INV_O,NLIFE,DIR,30.523
LTU,2019,INV_O,_T,DIR,34.252
LTU,2019,LOAN,COMP,DIR,6.74
LTU,2019,LOAN,LIFE,DIR,0
LTU,2019,LOAN,NLIFE,DIR,4.808
LTU,2019,LOAN,_T,DIR,11.549
LTU,2019,PEQUF,COMP,DIR,0
LTU,2019,PEQUF,LIFE,DIR,0
LTU,2019,PEQUF,NLIFE,DIR,0
LTU,2019,PEQUF,_T,DIR,0
LTU,2019,PRIB,COMP,DIR,50.384
LTU,2019,PRIB,LIFE,DIR,15.278
LTU,2019,PRIB,NLIFE,DIR,34.275
LTU,2019,PRIB,_T,DIR,99.938
LTU,2019,PUBB,COMP,DIR,204.65
LTU,2019,PUBB,LIFE,DIR,48.025
LTU,2019,PUBB,NLIFE,DIR,412.175
LTU,2019,PUBB,_T,DIR,664.851
LTU,2019,PUBS,COMP,DIR,0
LTU,2019,PUBS,LIFE,DIR,0.022
LTU,2019,PUBS,NLIFE,DIR,2.471
LTU,2019,PUBS,_T,DIR,2.494
LTU,2019,REST,COMP,DIR,0.034
LTU,2019,REST,LIFE,DIR,0
LTU,2019,REST,NLIFE,DIR,7.549
LTU,2019,REST,_T,DIR,7.583
LTU,2019,SHARE,COMP,DIR,9.706
LTU,2019,SHARE,LIFE,DIR,0.022
LTU,2019,SHARE,NLIFE,DIR,6.044
LTU,2019,SHARE,_T,DIR,15.773
LTU,2019,STRPRDT,COMP,DIR,0.966
LTU,2019,STRPRDT,LIFE,DIR,0
LTU,2019,STRPRDT,NLIFE,DIR,0
LTU,2019,STRPRDT,_T,DIR,0.966
LTU,2019,UNITLINK,COMP,DIR,58.304
LTU,2019,UNITLINK,LIFE,DIR,279.075
LTU,2019,UNITLINK,NLIFE,DIR,0
LTU,2019,UNITLINK,_T,DIR,337.379
LTU,2019,UNLISTED,COMP,DIR,9.706
LTU,2019,UNLISTED,LIFE,DIR,0
LTU,2019,UNLISTED,NLIFE,DIR,3.572
LTU,2019,UNLISTED,_T,DIR,13.279
LTU,2020,BOND,COMP,DIR,303.363
LTU,2020,BOND,LIFE,DIR,80.89
LTU,2020,BOND,NLIFE,DIR,672.475
LTU,2020,BOND,_T,DIR,1056.729
LTU,2020,CASH,COMP,DIR,12.676
LTU,2020,CASH,LIFE,DIR,27.512
LTU,2020,CASH,NLIFE,DIR,64.374
LTU,2020,CASH,_T,DIR,104.561
LTU,2020,CIS,COMP,DIR,22.971
LTU,2020,CIS,LIFE,DIR,1.927
LTU,2020,CIS,NLIFE,DIR,52.606
LTU,2020,CIS,_T,DIR,77.504
LTU,2020,HEDGE,COMP,DIR,0
LTU,2020,HEDGE,LIFE,DIR,0
LTU,2020,HEDGE,NLIFE,DIR,0
LTU,2020,HEDGE,_T,DIR,0
LTU,2020,INV,COMP,DIR,425.902
LTU,2020,INV,LIFE,DIR,447.891
LTU,2020,INV,NLIFE,DIR,853.055
LTU,2020,INV,_T,DIR,1726.848
LTU,2020,INV_O,COMP,DIR,1.779
LTU,2020,INV_O,LIFE,DIR,2.27
LTU,2020,INV_O,NLIFE,DIR,44.838
LTU,2020,INV_O,_T,DIR,48.888
LTU,2020,LOAN,COMP,DIR,7.559
LTU,2020,LOAN,LIFE,DIR,0
LTU,2020,LOAN,NLIFE,DIR,3.105
LTU,2020,LOAN,_T,DIR,10.663
LTU,2020,PEQUF,COMP,DIR,0
LTU,2020,PEQUF,LIFE,DIR,0
LTU,2020,PEQUF,NLIFE,DIR,0
LTU,2020,PEQUF,_T,DIR,0
LTU,2020,PRIB,COMP,DIR,69.037
LTU,2020,PRIB,LIFE,DIR,21.72
LTU,2020,PRIB,NLIFE,DIR,149.939
LTU,2020,PRIB,_T,DIR,240.696
LTU,2020,PUBB,COMP,DIR,234.327
LTU,2020,PUBB,LIFE,DIR,59.171
LTU,2020,PUBB,NLIFE,DIR,522.536
LTU,2020,PUBB,_T,DIR,816.033
LTU,2020,PUBS,COMP,DIR,0
LTU,2020,PUBS,LIFE,DIR,0.012
LTU,2020,PUBS,NLIFE,DIR,3.092
LTU,2020,PUBS,_T,DIR,3.105
LTU,2020,REST,COMP,DIR,0
LTU,2020,REST,LIFE,DIR,0
LTU,2020,REST,NLIFE,DIR,8.246
LTU,2020,REST,_T,DIR,8.246
LTU,2020,SHARE,COMP,DIR,6.356
LTU,2020,SHARE,LIFE,DIR,0.012
LTU,2020,SHARE,NLIFE,DIR,7.412
LTU,2020,SHARE,_T,DIR,13.78
LTU,2020,STRPRDT,COMP,DIR,1.043
LTU,2020,STRPRDT,LIFE,DIR,0
LTU,2020,STRPRDT,NLIFE,DIR,0
LTU,2020,STRPRDT,_T,DIR,1.043
LTU,2020,UNITLINK,COMP,DIR,70.153
LTU,2020,UNITLINK,LIFE,DIR,335.28
LTU,2020,UNITLINK,NLIFE,DIR,0
LTU,2020,UNITLINK,_T,DIR,405.434
LTU,2020,UNLISTED,COMP,DIR,6.356
LTU,2020,UNLISTED,LIFE,DIR,0
LTU,2020,UNLISTED,NLIFE,DIR,4.319
LTU,2020,UNLISTED,_T,DIR,10.676
LUX,2018,BOND,LIFE,DIR,37194.588
LUX,2018,BOND,NLIFE,DIR,5831.156
LUX,2018,BOND,_T,DIR,43025.744
LUX,2018,BOND,_T,REI,13153.755
LUX,2018,CASH,LIFE,DIR,17863.692
LUX,2018,CASH,NLIFE,DIR,1152.294
LUX,2018,CASH,_T,DIR,19015.986
LUX,2018,CASH,_T,REI,1604.18
LUX,2018,CBOND,LIFE,DIR,6333.559
LUX,2018,CBOND,NLIFE,DIR,40.075
LUX,2018,CBOND,_T,DIR,6373.634
LUX,2018,CCASH,LIFE,DIR,2694.931
LUX,2018,CCASH,NLIFE,DIR,205.619
LUX,2018,CCASH,_T,DIR,2900.55
LUX,2018,CIS,LIFE,DIR,50192.658
LUX,2018,CIS,NLIFE,DIR,546.074
LUX,2018,CIS,_T,DIR,50738.731
LUX,2018,COTHER,LIFE,DIR,21377.859
LUX,2018,COTHER,NLIFE,DIR,147.625
LUX,2018,COTHER,_T,DIR,21525.484
LUX,2018,CREST,LIFE,DIR,0
LUX,2018,CREST,NLIFE,DIR,0
LUX,2018,CREST,_T,DIR,0
LUX,2018,CSHARE,LIFE,DIR,19786.297
LUX,2018,CSHARE,NLIFE,DIR,152.755
LUX,2018,CSHARE,_T,DIR,19939.052
LUX,2018,INV,LIFE,DIR,207585.56
LUX,2018,INV,NLIFE,DIR,13004.653
LUX,2018,INV,_T,DIR,220590.213
LUX,2018,INV,_T,REI,27873.894
LUX,2018,INV_O,LIFE,DIR,50748.647
LUX,2018,INV_O,NLIFE,DIR,4844.188
LUX,2018,INV_O,_T,DIR,55592.836
LUX,2018,INV_O,_T,REI,2628.429
LUX,2018,LOAN,LIFE,DIR,97.588
LUX,2018,LOAN,NLIFE,DIR,0
LUX,2018,LOAN,_T,DIR,97.588
LUX,2018,LOAN,_T,REI,495.396
LUX,2018,PRIB,LIFE,DIR,27478.228
LUX,2018,PRIB,NLIFE,DIR,2795.656
LUX,2018,PRIB,_T,DIR,30273.884
LUX,2018,PUBB,LIFE,DIR,9716.36
LUX,2018,PUBB,NLIFE,DIR,3035.5
LUX,2018,PUBB,_T,DIR,12751.86
LUX,2018,PUBS,LIFE,DIR,14078.652
LUX,2018,PUBS,NLIFE,DIR,266.682
LUX,2018,PUBS,_T,DIR,14345.334
LUX,2018,PUBS,_T,REI,5041.541
LUX,2018,REST,LIFE,DIR,56.38
LUX,2018,REST,NLIFE,DIR,160.14
LUX,2018,REST,_T,DIR,216.52
LUX,2018,REST,_T,REI,242.397
LUX,2018,SHARE,LIFE,DIR,19052.088
LUX,2018,SHARE,NLIFE,DIR,470.801
LUX,2018,SHARE,_T,DIR,19522.89
LUX,2018,SHARE,_T,REI,9749.737
LUX,2018,UNITLINK,LIFE,DIR,32379.918
LUX,2018,UNITLINK,NLIFE,DIR,0
LUX,2018,UNITLINK,_T,DIR,32379.918
LUX,2018,UNLISTED,LIFE,DIR,4973.436
LUX,2018,UNLISTED,NLIFE,DIR,204.119
LUX,2018,UNLISTED,_T,DIR,5177.555
LUX,2018,UNLISTED,_T,REI,4708.197
LUX,2019,BOND,COMP,DIR,0
LUX,2019,BOND,LIFE,DIR,23315.996
LUX,2019,BOND,NLIFE,DIR,17822.615
LUX,2019,BOND,_T,DIR,41138.611
LUX,2019,BOND,_T,REI,14883.408
LUX,2019,CASH,COMP,DIR,0
LUX,2019,CASH,LIFE,DIR,1493.285
LUX,2019,CASH,NLIFE,DIR,1631.915
LUX,2019,CASH,_T,DIR,3125.2
LUX,2019,CASH,_T,REI,1502.053
LUX,2019,CBOND,COMP,DIR,0
LUX,2019,CBOND,LIFE,DIR,201.257
LUX,2019,CBOND,NLIFE,DIR,16.289
LUX,2019,CBOND,_T,DIR,217.546
LUX,2019,CCASH,COMP,DIR,0
LUX,2019,CCASH,LIFE,DIR,1710.163
LUX,2019,CCASH,NLIFE,DIR,238.273
LUX,2019,CCASH,_T,DIR,1948.436
LUX,2019,CIS,COMP,DIR,0
LUX,2019,CIS,LIFE,DIR,6220.793
LUX,2019,CIS,NLIFE,DIR,825.969
LUX,2019,CIS,_T,DIR,7046.762
LUX,2019,COTHER,COMP,DIR,0
LUX,2019,COTHER,LIFE,DIR,2100.466
LUX,2019,COTHER,NLIFE,DIR,403.199
LUX,2019,COTHER,_T,DIR,2503.665
LUX,2019,CSHARE,COMP,DIR,0
LUX,2019,CSHARE,LIFE,DIR,2208.907
LUX,2019,CSHARE,NLIFE,DIR,168.207
LUX,2019,CSHARE,_T,DIR,2377.114
LUX,2019,INV,COMP,DIR,0
LUX,2019,INV,LIFE,DIR,237755.543
LUX,2019,INV,NLIFE,DIR,35763.139
LUX,2019,INV,_T,DIR,273518.682
LUX,2019,INV,_T,REI,30060.742
LUX,2019,INV_O,COMP,DIR,0
LUX,2019,INV_O,LIFE,DIR,40571.462
LUX,2019,INV_O,NLIFE,DIR,14523.65
LUX,2019,INV_O,_T,DIR,55095.113
LUX,2019,INV_O,_T,REI,3243.671
LUX,2019,LOAN,COMP,DIR,0
LUX,2019,LOAN,LIFE,DIR,91.254
LUX,2019,LOAN,NLIFE,DIR,0
LUX,2019,LOAN,_T,DIR,91.254
LUX,2019,LOAN,_T,REI,521.55
LUX,2019,PRIB,COMP,DIR,0
LUX,2019,PRIB,LIFE,DIR,14809.668
LUX,2019,PRIB,NLIFE,DIR,10929.692
LUX,2019,PRIB,_T,DIR,25739.36
LUX,2019,PUBB,COMP,DIR,0
LUX,2019,PUBB,LIFE,DIR,8506.328
LUX,2019,PUBB,NLIFE,DIR,6892.923
LUX,2019,PUBB,_T,DIR,15399.251
LUX,2019,PUBS,COMP,DIR,0
LUX,2019,PUBS,LIFE,DIR,917.166
LUX,2019,PUBS,NLIFE,DIR,462.886
LUX,2019,PUBS,_T,DIR,1380.052
LUX,2019,PUBS,_T,REI,4943.353
LUX,2019,REST,COMP,DIR,0
LUX,2019,REST,LIFE,DIR,59.787
LUX,2019,REST,NLIFE,DIR,210.098
LUX,2019,REST,_T,DIR,269.886
LUX,2019,REST,_T,REI,253.237
LUX,2019,SHARE,COMP,DIR,0
LUX,2019,SHARE,LIFE,DIR,1644.354
LUX,2019,SHARE,NLIFE,DIR,748.892
LUX,2019,SHARE,_T,DIR,2393.246
LUX,2019,SHARE,_T,REI,9656.824
LUX,2019,UNITLINK,COMP,DIR,0
LUX,2019,UNITLINK,LIFE,DIR,164358.612
LUX,2019,UNITLINK,NLIFE,DIR,0
LUX,2019,UNITLINK,_T,DIR,164358.612
LUX,2019,UNLISTED,COMP,DIR,0
LUX,2019,UNLISTED,LIFE,DIR,727.188
LUX,2019,UNLISTED,NLIFE,DIR,286.006
LUX,2019,UNLISTED,_T,DIR,1013.194
LUX,2019,UNLISTED,_T,REI,4713.471
LUX,2020,BOND,COMP,DIR,0
LUX,2020,BOND,LIFE,DIR,25717.976
LUX,2020,BOND,NLIFE,DIR,20270.048
LUX,2020,BOND,_T,DIR,45988.024
LUX,2020,BOND,_T,REI,16457.929
LUX,2020,CASH,COMP,DIR,0
LUX,2020,CASH,LIFE,DIR,2157.412
LUX,2020,CASH,NLIFE,DIR,2412.661
LUX,2020,CASH,_T,DIR,4570.074
LUX,2020,CASH,_T,REI,1609.132
LUX,2020,CBOND,COMP,DIR,0
LUX,2020,CBOND,LIFE,DIR,190.065
LUX,2020,CBOND,NLIFE,DIR,427.632
LUX,2020,CBOND,_T,DIR,617.697
LUX,2020,CCASH,COMP,DIR,0
LUX,2020,CCASH,LIFE,DIR,2084.351
LUX,2020,CCASH,NLIFE,DIR,358.877
LUX,2020,CCASH,_T,DIR,2443.228
LUX,2020,CIS,COMP,DIR,0
LUX,2020,CIS,LIFE,DIR,6919.564
LUX,2020,CIS,NLIFE,DIR,1420.883
LUX,2020,CIS,_T,DIR,8340.446
LUX,2020,COTHER,COMP,DIR,0
LUX,2020,COTHER,LIFE,DIR,2212.411
LUX,2020,COTHER,NLIFE,DIR,299.51
LUX,2020,COTHER,_T,DIR,2511.921
LUX,2020,CSHARE,COMP,DIR,0
LUX,2020,CSHARE,LIFE,DIR,2432.737
LUX,2020,CSHARE,NLIFE,DIR,334.863
LUX,2020,CSHARE,_T,DIR,2767.6
LUX,2020,INV,COMP,DIR,0
LUX,2020,INV,LIFE,DIR,269484.091
LUX,2020,INV,NLIFE,DIR,46229.774
LUX,2020,INV,_T,DIR,315713.865
LUX,2020,INV,_T,REI,3261.36
LUX,2020,INV_O,COMP,DIR,0
LUX,2020,INV_O,LIFE,DIR,45146.417
LUX,2020,INV_O,NLIFE,DIR,20824.071
LUX,2020,INV_O,_T,DIR,65970.488
LUX,2020,INV_O,_T,REI,3261.36
LUX,2020,LOAN,COMP,DIR,0
LUX,2020,LOAN,LIFE,DIR,99.579
LUX,2020,LOAN,NLIFE,DIR,110.868
LUX,2020,LOAN,_T,DIR,210.448
LUX,2020,LOAN,_T,REI,510.436
LUX,2020,PRIB,COMP,DIR,0
LUX,2020,PRIB,LIFE,DIR,16966.5
LUX,2020,PRIB,NLIFE,DIR,12405.016
LUX,2020,PRIB,_T,DIR,29371.517
LUX,2020,PUBB,COMP,DIR,0
LUX,2020,PUBB,LIFE,DIR,8751.476
LUX,2020,PUBB,NLIFE,DIR,7865.031
LUX,2020,PUBB,_T,DIR,16616.507
LUX,2020,PUBS,COMP,DIR,0
LUX,2020,PUBS,LIFE,DIR,981.36
LUX,2020,PUBS,NLIFE,DIR,645.626
LUX,2020,PUBS,_T,DIR,1626.986
LUX,2020,PUBS,_T,REI,5562.294
LUX,2020,REST,COMP,DIR,0
LUX,2020,REST,LIFE,DIR,75.602
LUX,2020,REST,NLIFE,DIR,214.092
LUX,2020,REST,_T,DIR,289.694
LUX,2020,REST,_T,REI,287.693
LUX,2020,SHARE,COMP,DIR,0
LUX,2020,SHARE,LIFE,DIR,1902.458
LUX,2020,SHARE,NLIFE,DIR,977.151
LUX,2020,SHARE,_T,DIR,2879.609
LUX,2020,SHARE,_T,REI,10734.701
LUX,2020,UNITLINK,COMP,DIR,0
LUX,2020,UNITLINK,LIFE,DIR,187465.083
LUX,2020,UNITLINK,NLIFE,DIR,0
LUX,2020,UNITLINK,_T,DIR,187465.083
LUX,2020,UNLISTED,COMP,DIR,0
LUX,2020,UNLISTED,LIFE,DIR,921.098
LUX,2020,UNLISTED,NLIFE,DIR,331.525
LUX,2020,UNLISTED,_T,DIR,1252.623
LUX,2020,UNLISTED,_T,REI,5172.407
LVA,2018,BOND,COMP,DIR,91.116
LVA,2018,BOND,NLIFE,DIR,410.73
LVA,2018,BOND,_T,DIR,501.845
LVA,2018,CASH,COMP,DIR,7.358
LVA,2018,CASH,NLIFE,DIR,86.503
LVA,2018,CASH,_T,DIR,93.861
LVA,2018,CBOND,COMP,DIR,45.697
LVA,2018,CBOND,NLIFE,DIR,10.729
LVA,2018,CBOND,_T,DIR,56.426
LVA,2018,CCASH,COMP,DIR,0
LVA,2018,CCASH,NLIFE,DIR,0
LVA,2018,CCASH,_T,DIR,0
LVA,2018,CIS,COMP,DIR,53.473
LVA,2018,CIS,NLIFE,DIR,21.528
LVA,2018,CIS,_T,DIR,75
LVA,2018,COTHER,COMP,DIR,0
LVA,2018,COTHER,NLIFE,DIR,0
LVA,2018,COTHER,_T,DIR,0
LVA,2018,CREST,COMP,DIR,0
LVA,2018,CREST,NLIFE,DIR,8.909
LVA,2018,CREST,_T,DIR,8.909
LVA,2018,CSHARE,COMP,DIR,7.776
LVA,2018,CSHARE,NLIFE,DIR,1.89
LVA,2018,CSHARE,_T,DIR,9.666
LVA,2018,HEDGE,COMP,DIR,2.408
LVA,2018,HEDGE,NLIFE,DIR,0
LVA,2018,HEDGE,_T,DIR,2.408
LVA,2018,INV,COMP,DIR,220
LVA,2018,INV,NLIFE,DIR,552.613
LVA,2018,INV,_T,DIR,772.613
LVA,2018,INV_O,COMP,DIR,0.006
LVA,2018,INV_O,NLIFE,DIR,2.689
LVA,2018,INV_O,_T,DIR,2.695
LVA,2018,LOAN,COMP,DIR,0
LVA,2018,LOAN,NLIFE,DIR,8.24
LVA,2018,LOAN,_T,DIR,8.24
LVA,2018,PEQUF,COMP,DIR,0
LVA,2018,PEQUF,NLIFE,DIR,0
LVA,2018,PEQUF,_T,DIR,0
LVA,2018,PRIB,COMP,DIR,16.435
LVA,2018,PRIB,NLIFE,DIR,67.145
LVA,2018,PRIB,_T,DIR,83.579
LVA,2018,PUBB,COMP,DIR,74.681
LVA,2018,PUBB,NLIFE,DIR,343.585
LVA,2018,PUBB,_T,DIR,418.266
LVA,2018,PUBS,COMP,DIR,0
LVA,2018,PUBS,NLIFE,DIR,0.547
LVA,2018,PUBS,_T,DIR,0.547
LVA,2018,REST,COMP,DIR,0.001
LVA,2018,REST,NLIFE,DIR,14.603
LVA,2018,REST,_T,DIR,14.604
LVA,2018,SHARE,COMP,DIR,0
LVA,2018,SHARE,NLIFE,DIR,8.308
LVA,2018,SHARE,_T,DIR,8.308
LVA,2018,STRPRDT,COMP,DIR,0
LVA,2018,STRPRDT,NLIFE,DIR,0.012
LVA,2018,STRPRDT,_T,DIR,0.012
LVA,2018,UNITLINK,COMP,DIR,65.639
LVA,2018,UNITLINK,NLIFE,DIR,0
LVA,2018,UNITLINK,_T,DIR,65.639
LVA,2018,UNLISTED,COMP,DIR,0
LVA,2018,UNLISTED,NLIFE,DIR,7.761
LVA,2018,UNLISTED,_T,DIR,7.761
LVA,2019,BOND,COMP,DIR,223.434
LVA,2019,BOND,NLIFE,DIR,440.719
LVA,2019,BOND,_T,DIR,664.153
LVA,2019,CASH,COMP,DIR,32.785
LVA,2019,CASH,NLIFE,DIR,84.52
LVA,2019,CASH,_T,DIR,117.305
LVA,2019,CBOND,COMP,DIR,98.563
LVA,2019,CBOND,NLIFE,DIR,11.07
LVA,2019,CBOND,_T,DIR,109.633
LVA,2019,CCASH,COMP,DIR,0
LVA,2019,CCASH,NLIFE,DIR,0
LVA,2019,CCASH,_T,DIR,0
LVA,2019,CIS,COMP,DIR,114.456
LVA,2019,CIS,NLIFE,DIR,27.561
LVA,2019,CIS,_T,DIR,142.017
LVA,2019,COTHER,COMP,DIR,0.046
LVA,2019,COTHER,NLIFE,DIR,0
LVA,2019,COTHER,_T,DIR,0.046
LVA,2019,CREST,COMP,DIR,0.078
LVA,2019,CREST,NLIFE,DIR,13.981
LVA,2019,CREST,_T,DIR,14.059
LVA,2019,CSHARE,COMP,DIR,15.77
LVA,2019,CSHARE,NLIFE,DIR,2.509
LVA,2019,CSHARE,_T,DIR,18.279
LVA,2019,HEDGE,COMP,DIR,0.197
LVA,2019,HEDGE,NLIFE,DIR,0
LVA,2019,HEDGE,_T,DIR,0.197
LVA,2019,INV,COMP,DIR,823.093
LVA,2019,INV,NLIFE,DIR,615.662
LVA,2019,INV,_T,DIR,1438.756
LVA,2019,INV_O,COMP,DIR,1.401
LVA,2019,INV_O,NLIFE,DIR,3.82
LVA,2019,INV_O,_T,DIR,5.221
LVA,2019,LOAN,COMP,DIR,0
LVA,2019,LOAN,NLIFE,DIR,27.988
LVA,2019,LOAN,_T,DIR,27.988
LVA,2019,PEQUF,COMP,DIR,0.533
LVA,2019,PEQUF,NLIFE,DIR,0
LVA,2019,PEQUF,_T,DIR,0.533
LVA,2019,PRIB,COMP,DIR,24.441
LVA,2019,PRIB,NLIFE,DIR,69.259
LVA,2019,PRIB,_T,DIR,93.7
LVA,2019,PUBB,COMP,DIR,198.993
LVA,2019,PUBB,NLIFE,DIR,371.46
LVA,2019,PUBB,_T,DIR,570.453
LVA,2019,PUBS,COMP,DIR,0
LVA,2019,PUBS,NLIFE,DIR,0.236
LVA,2019,PUBS,_T,DIR,0.236
LVA,2019,REST,COMP,DIR,0.001
LVA,2019,REST,NLIFE,DIR,21.117
LVA,2019,REST,_T,DIR,21.118
LVA,2019,SHARE,COMP,DIR,0
LVA,2019,SHARE,NLIFE,DIR,9.938
LVA,2019,SHARE,_T,DIR,9.938
LVA,2019,STRPRDT,COMP,DIR,0
LVA,2019,STRPRDT,NLIFE,DIR,0
LVA,2019,STRPRDT,_T,DIR,0
LVA,2019,UNITLINK,COMP,DIR,450.287
LVA,2019,UNITLINK,NLIFE,DIR,0
LVA,2019,UNITLINK,_T,DIR,450.287
LVA,2019,UNLISTED,COMP,DIR,0
LVA,2019,UNLISTED,NLIFE,DIR,9.702
LVA,2019,UNLISTED,_T,DIR,9.702
LVA,2020,BOND,COMP,DIR,228.803
LVA,2020,BOND,NLIFE,DIR,510.997
LVA,2020,BOND,_T,DIR,739.8
LVA,2020,CASH,COMP,DIR,48.712
LVA,2020,CASH,NLIFE,DIR,115.133
LVA,2020,CASH,_T,DIR,163.844
LVA,2020,CBOND,COMP,DIR,142.152
LVA,2020,CBOND,NLIFE,DIR,12.201
LVA,2020,CBOND,_T,DIR,154.354
LVA,2020,CCASH,COMP,DIR,0
LVA,2020,CCASH,NLIFE,DIR,0
LVA,2020,CCASH,_T,DIR,0
LVA,2020,CIS,COMP,DIR,158.905
LVA,2020,CIS,NLIFE,DIR,40.144
LVA,2020,CIS,_T,DIR,199.05
LVA,2020,COTHER,COMP,DIR,0.002
LVA,2020,COTHER,NLIFE,DIR,0
LVA,2020,COTHER,_T,DIR,0.002
LVA,2020,CREST,COMP,DIR,0.035
LVA,2020,CREST,NLIFE,DIR,25.243
LVA,2020,CREST,_T,DIR,25.278
LVA,2020,CSHARE,COMP,DIR,16.716
LVA,2020,CSHARE,NLIFE,DIR,2.7
LVA,2020,CSHARE,_T,DIR,19.416
LVA,2020,HEDGE,COMP,DIR,0.115
LVA,2020,HEDGE,NLIFE,DIR,0
LVA,2020,HEDGE,_T,DIR,0.115
LVA,2020,INV,COMP,DIR,960.199
LVA,2020,INV,NLIFE,DIR,733.611
LVA,2020,INV,_T,DIR,1693.811
LVA,2020,INV_O,COMP,DIR,2.212
LVA,2020,INV_O,NLIFE,DIR,4.273
LVA,2020,INV_O,_T,DIR,6.485
LVA,2020,LOAN,COMP,DIR,0
LVA,2020,LOAN,NLIFE,DIR,34.638
LVA,2020,LOAN,_T,DIR,34.638
LVA,2020,PEQUF,COMP,DIR,0.352
LVA,2020,PEQUF,NLIFE,DIR,0
LVA,2020,PEQUF,_T,DIR,0.352
LVA,2020,PRIB,COMP,DIR,32.198
LVA,2020,PRIB,NLIFE,DIR,84.581
LVA,2020,PRIB,_T,DIR,116.779
LVA,2020,PUBB,COMP,DIR,196.605
LVA,2020,PUBB,NLIFE,DIR,426.415
LVA,2020,PUBB,_T,DIR,623.021
LVA,2020,PUBS,COMP,DIR,0
LVA,2020,PUBS,NLIFE,DIR,0.852
LVA,2020,PUBS,_T,DIR,0.852
LVA,2020,REST,COMP,DIR,0
LVA,2020,REST,NLIFE,DIR,23.002
LVA,2020,REST,_T,DIR,23.003
LVA,2020,SHARE,COMP,DIR,0
LVA,2020,SHARE,NLIFE,DIR,5.425
LVA,2020,SHARE,_T,DIR,5.425
LVA,2020,STRPRDT,COMP,DIR,0
LVA,2020,STRPRDT,NLIFE,DIR,0
LVA,2020,STRPRDT,_T,DIR,0
LVA,2020,UNITLINK,COMP,DIR,521.099
LVA,2020,UNITLINK,NLIFE,DIR,0
LVA,2020,UNITLINK,_T,DIR,521.099
LVA,2020,UNLISTED,COMP,DIR,0
LVA,2020,UNLISTED,NLIFE,DIR,4.573
LVA,2020,UNLISTED,_T,DIR,4.573
MEX,2018,BOND,COMP,DIR,28024.677
MEX,2018,BOND,COMP,REI,357.569
MEX,2018,BOND,LIFE,DIR,16436.65
MEX,2018,BOND,LIFE,REI,0
MEX,2018,BOND,NLIFE,DIR,2812.166
MEX,2018,BOND,NLIFE,REI,12.27
MEX,2018,BOND,_T,DIR,47273.494
MEX,2018,BOND,_T,REI,369.839
MEX,2018,CASH,COMP,DIR,207.259
MEX,2018,CASH,COMP,REI,5.304
MEX,2018,CASH,LIFE,DIR,12.37
MEX,2018,CASH,LIFE,REI,0
MEX,2018,CASH,NLIFE,DIR,105.693
MEX,2018,CASH,NLIFE,REI,0.204
MEX,2018,CASH,_T,DIR,325.323
MEX,2018,CASH,_T,REI,5.508
MEX,2018,CBOND,COMP,DIR,4841.141
MEX,2018,CBOND,COMP,REI,0
MEX,2018,CBOND,LIFE,DIR,40.803
MEX,2018,CBOND,LIFE,REI,0
MEX,2018,CBOND,NLIFE,DIR,27.393
MEX,2018,CBOND,NLIFE,REI,0
MEX,2018,CBOND,_T,DIR,4909.337
MEX,2018,CBOND,_T,REI,0
MEX,2018,CCASH,COMP,DIR,0
MEX,2018,CCASH,COMP,REI,0
MEX,2018,CCASH,LIFE,DIR,0
MEX,2018,CCASH,LIFE,REI,0
MEX,2018,CCASH,NLIFE,DIR,0
MEX,2018,CCASH,NLIFE,REI,0
MEX,2018,CCASH,_T,DIR,0
MEX,2018,CCASH,_T,REI,0
MEX,2018,CIS,COMP,DIR,7684.991
MEX,2018,CIS,COMP,REI,0
MEX,2018,CIS,LIFE,DIR,46.266
MEX,2018,CIS,LIFE,REI,0
MEX,2018,CIS,NLIFE,DIR,244.268
MEX,2018,CIS,NLIFE,REI,0
MEX,2018,CIS,_T,DIR,7975.525
MEX,2018,CIS,_T,REI,0
MEX,2018,COTHER,COMP,DIR,0
MEX,2018,COTHER,COMP,REI,0
MEX,2018,COTHER,LIFE,DIR,0
MEX,2018,COTHER,LIFE,REI,0
MEX,2018,COTHER,NLIFE,DIR,0
MEX,2018,COTHER,NLIFE,REI,0
MEX,2018,COTHER,_T,DIR,0
MEX,2018,COTHER,_T,REI,0
MEX,2018,CREST,COMP,DIR,11.348
MEX,2018,CREST,COMP,REI,0
MEX,2018,CREST,LIFE,DIR,3.033
MEX,2018,CREST,LIFE,REI,0
MEX,2018,CREST,NLIFE,DIR,6.57
MEX,2018,CREST,NLIFE,REI,0
MEX,2018,CREST,_T,DIR,20.95
MEX,2018,CREST,_T,REI,0
MEX,2018,CSHARE,COMP,DIR,2832.502
MEX,2018,CSHARE,COMP,REI,0
MEX,2018,CSHARE,LIFE,DIR,2.43
MEX,2018,CSHARE,LIFE,REI,0
MEX,2018,CSHARE,NLIFE,DIR,210.306
MEX,2018,CSHARE,NLIFE,REI,0
MEX,2018,CSHARE,_T,DIR,3045.237
MEX,2018,CSHARE,_T,REI,0
MEX,2018,HEDGE,COMP,REI,0
MEX,2018,HEDGE,LIFE,REI,0
MEX,2018,HEDGE,NLIFE,REI,0
MEX,2018,HEDGE,_T,REI,0
MEX,2018,INV,COMP,DIR,41834.986
MEX,2018,INV,COMP,REI,482.269
MEX,2018,INV,LIFE,DIR,17244.05
MEX,2018,INV,LIFE,REI,0
MEX,2018,INV,NLIFE,DIR,3875.88
MEX,2018,INV,NLIFE,REI,16.586
MEX,2018,INV,_T,DIR,62954.916
MEX,2018,INV,_T,REI,498.855
MEX,2018,INV_O,COMP,DIR,3117.072
MEX,2018,INV_O,COMP,REI,6.132
MEX,2018,INV_O,LIFE,DIR,531.917
MEX,2018,INV_O,NLIFE,DIR,391.181
MEX,2018,INV_O,NLIFE,REI,3.617
MEX,2018,INV_O,_T,DIR,4040.17
MEX,2018,INV_O,_T,REI,9.749
MEX,2018,LOAN,COMP,DIR,1320.911
MEX,2018,LOAN,COMP,REI,0.723
MEX,2018,LOAN,LIFE,DIR,193.254
MEX,2018,LOAN,LIFE,REI,0
MEX,2018,LOAN,NLIFE,DIR,30.714
MEX,2018,LOAN,NLIFE,REI,0
MEX,2018,LOAN,_T,DIR,1544.878
MEX,2018,LOAN,_T,REI,0.723
MEX,2018,PEQUF,COMP,DIR,0
MEX,2018,PEQUF,COMP,REI,0
MEX,2018,PEQUF,LIFE,DIR,0
MEX,2018,PEQUF,LIFE,REI,0
MEX,2018,PEQUF,NLIFE,DIR,0
MEX,2018,PEQUF,NLIFE,REI,0
MEX,2018,PEQUF,_T,DIR,0
MEX,2018,PEQUF,_T,REI,0
MEX,2018,PRIB,COMP,DIR,7368.561
MEX,2018,PRIB,COMP,REI,13.112
MEX,2018,PRIB,LIFE,DIR,1327.797
MEX,2018,PRIB,LIFE,REI,0
MEX,2018,PRIB,NLIFE,DIR,551.001
MEX,2018,PRIB,NLIFE,REI,0
MEX,2018,PRIB,_T,DIR,9247.359
MEX,2018,PRIB,_T,REI,13.112
MEX,2018,PUBB,COMP,DIR,20656.116
MEX,2018,PUBB,COMP,REI,344.457
MEX,2018,PUBB,LIFE,DIR,15108.854
MEX,2018,PUBB,LIFE,REI,0
MEX,2018,PUBB,NLIFE,DIR,2261.165
MEX,2018,PUBB,NLIFE,REI,12.27
MEX,2018,PUBB,_T,DIR,38026.135
MEX,2018,PUBB,_T,REI,356.727
MEX,2018,PUBS,COMP,DIR,745.845
MEX,2018,PUBS,COMP,REI,93.511
MEX,2018,PUBS,LIFE,DIR,6.071
MEX,2018,PUBS,LIFE,REI,0
MEX,2018,PUBS,NLIFE,DIR,100.144
MEX,2018,PUBS,NLIFE,REI,0
MEX,2018,PUBS,_T,DIR,852.06
MEX,2018,PUBS,_T,REI,93.511
MEX,2018,REST,COMP,DIR,682.932
MEX,2018,REST,COMP,REI,18.549
MEX,2018,REST,LIFE,DIR,17.515
MEX,2018,REST,LIFE,REI,0
MEX,2018,REST,NLIFE,DIR,190.235
MEX,2018,REST,NLIFE,REI,0.495
MEX,2018,REST,_T,DIR,890.682
MEX,2018,REST,_T,REI,19.044
MEX,2018,SHARE,COMP,DIR,797.146
MEX,2018,SHARE,COMP,REI,93.992
MEX,2018,SHARE,LIFE,DIR,6.077
MEX,2018,SHARE,LIFE,REI,0
MEX,2018,SHARE,NLIFE,DIR,101.622
MEX,2018,SHARE,NLIFE,REI,0
MEX,2018,SHARE,_T,DIR,904.845
MEX,2018,SHARE,_T,REI,93.992
MEX,2018,STRPRDT,COMP,REI,0
MEX,2018,STRPRDT,LIFE,REI,0
MEX,2018,STRPRDT,NLIFE,REI,0
MEX,2018,STRPRDT,_T,REI,0
MEX,2018,UNITLINK,COMP,REI,0
MEX,2018,UNITLINK,LIFE,REI,0
MEX,2018,UNITLINK,NLIFE,REI,0
MEX,2018,UNITLINK,_T,REI,0
MEX,2018,UNLISTED,COMP,DIR,51.301
MEX,2018,UNLISTED,COMP,REI,0.481
MEX,2018,UNLISTED,LIFE,DIR,0.006
MEX,2018,UNLISTED,LIFE,REI,0
MEX,2018,UNLISTED,NLIFE,DIR,1.477
MEX,2018,UNLISTED,NLIFE,REI,0
MEX,2018,UNLISTED,_T,DIR,52.785
MEX,2018,UNLISTED,_T,REI,0.481
MEX,2019,BOND,COMP,DIR,30949.234
MEX,2019,BOND,COMP,REI,416.69
MEX,2019,BOND,LIFE,DIR,18238.651
MEX,2019,BOND,NLIFE,DIR,3362.194
MEX,2019,BOND,NLIFE,REI,9.401
MEX,2019,BOND,_T,DIR,52550.079
MEX,2019,BOND,_T,REI,426.091
MEX,2019,CASH,COMP,DIR,374.096
MEX,2019,CASH,COMP,REI,6.802
MEX,2019,CASH,LIFE,DIR,7.985
MEX,2019,CASH,NLIFE,DIR,171.865
MEX,2019,CASH,NLIFE,REI,0.2
MEX,2019,CASH,_T,DIR,553.945
MEX,2019,CASH,_T,REI,7.003
MEX,2019,CBOND,COMP,DIR,6775.648
MEX,2019,CBOND,COMP,REI,0
MEX,2019,CBOND,LIFE,DIR,0.211
MEX,2019,CBOND,NLIFE,DIR,38.742
MEX,2019,CBOND,NLIFE,REI,0
MEX,2019,CBOND,_T,DIR,6814.601
MEX,2019,CBOND,_T,REI,0
MEX,2019,CCASH,COMP,DIR,0
MEX,2019,CCASH,COMP,REI,0
MEX,2019,CCASH,LIFE,DIR,0
MEX,2019,CCASH,NLIFE,DIR,0
MEX,2019,CCASH,NLIFE,REI,0
MEX,2019,CCASH,_T,DIR,0
MEX,2019,CCASH,_T,REI,0
MEX,2019,CIS,COMP,DIR,10603.663
MEX,2019,CIS,COMP,REI,0
MEX,2019,CIS,LIFE,DIR,8.759
MEX,2019,CIS,NLIFE,DIR,120.155
MEX,2019,CIS,NLIFE,REI,0
MEX,2019,CIS,_T,DIR,10732.577
MEX,2019,CIS,_T,REI,0
MEX,2019,COTHER,COMP,DIR,0
MEX,2019,COTHER,COMP,REI,0
MEX,2019,COTHER,LIFE,DIR,0
MEX,2019,COTHER,NLIFE,DIR,0
MEX,2019,COTHER,NLIFE,REI,0
MEX,2019,COTHER,_T,DIR,0
MEX,2019,COTHER,_T,REI,0
MEX,2019,CREST,COMP,DIR,21.584
MEX,2019,CREST,COMP,REI,0
MEX,2019,CREST,LIFE,DIR,4.706
MEX,2019,CREST,NLIFE,DIR,5.606
MEX,2019,CREST,NLIFE,REI,0
MEX,2019,CREST,_T,DIR,31.896
MEX,2019,CREST,_T,REI,0
MEX,2019,CSHARE,COMP,DIR,3806.43
MEX,2019,CSHARE,COMP,REI,0
MEX,2019,CSHARE,LIFE,DIR,3.842
MEX,2019,CSHARE,NLIFE,DIR,75.807
MEX,2019,CSHARE,NLIFE,REI,0
MEX,2019,CSHARE,_T,DIR,3886.08
MEX,2019,CSHARE,_T,REI,0
MEX,2019,INV,COMP,DIR,47521.075
MEX,2019,INV,COMP,REI,550.049
MEX,2019,INV,LIFE,DIR,19468.952
MEX,2019,INV,NLIFE,DIR,4329.441
MEX,2019,INV,NLIFE,REI,14.4
MEX,2019,INV,_T,DIR,71319.468
MEX,2019,INV,_T,REI,564.45
MEX,2019,INV_O,COMP,DIR,2986.166
MEX,2019,INV_O,COMP,REI,6.957
MEX,2019,INV_O,LIFE,DIR,947.414
MEX,2019,INV_O,NLIFE,DIR,327.316
MEX,2019,INV_O,NLIFE,REI,4.295
MEX,2019,INV_O,_T,DIR,4260.897
MEX,2019,INV_O,_T,REI,11.253
MEX,2019,LOAN,COMP,DIR,1210.501
MEX,2019,LOAN,COMP,REI,0.702
MEX,2019,LOAN,LIFE,DIR,235.312
MEX,2019,LOAN,NLIFE,DIR,37.808
MEX,2019,LOAN,NLIFE,REI,0
MEX,2019,LOAN,_T,DIR,1483.621
MEX,2019,LOAN,_T,REI,0.702
MEX,2019,PEQUF,COMP,DIR,0
MEX,2019,PEQUF,COMP,REI,0
MEX,2019,PEQUF,LIFE,DIR,0
MEX,2019,PEQUF,NLIFE,DIR,0
MEX,2019,PEQUF,NLIFE,REI,0
MEX,2019,PEQUF,_T,DIR,0
MEX,2019,PEQUF,_T,REI,0
MEX,2019,PRIB,COMP,DIR,12420.459
MEX,2019,PRIB,COMP,REI,266.729
MEX,2019,PRIB,LIFE,DIR,2067.644
MEX,2019,PRIB,NLIFE,DIR,2038.17
MEX,2019,PRIB,NLIFE,REI,0.269
MEX,2019,PRIB,_T,DIR,16526.273
MEX,2019,PRIB,_T,REI,266.999
MEX,2019,PUBB,COMP,DIR,18528.775
MEX,2019,PUBB,COMP,REI,149.961
MEX,2019,PUBB,LIFE,DIR,16171.008
MEX,2019,PUBB,NLIFE,DIR,1324.023
MEX,2019,PUBB,NLIFE,REI,9.131
MEX,2019,PUBB,_T,DIR,36023.806
MEX,2019,PUBB,_T,REI,159.092
MEX,2019,PUBS,COMP,DIR,666.889
MEX,2019,PUBS,COMP,REI,97.675
MEX,2019,PUBS,LIFE,DIR,9.071
MEX,2019,PUBS,NLIFE,DIR,95.536
MEX,2019,PUBS,NLIFE,REI,0
MEX,2019,PUBS,_T,DIR,771.495
MEX,2019,PUBS,_T,REI,97.675
MEX,2019,REST,COMP,DIR,686.551
MEX,2019,REST,COMP,REI,21.222
MEX,2019,REST,LIFE,DIR,21.753
MEX,2019,REST,NLIFE,DIR,213.03
MEX,2019,REST,NLIFE,REI,0.504
MEX,2019,REST,_T,DIR,921.334
MEX,2019,REST,_T,REI,21.727
MEX,2019,SHARE,COMP,DIR,710.864
MEX,2019,SHARE,COMP,REI,97.675
MEX,2019,SHARE,LIFE,DIR,9.077
MEX,2019,SHARE,NLIFE,DIR,97.074
MEX,2019,SHARE,NLIFE,REI,0
MEX,2019,SHARE,_T,DIR,817.015
MEX,2019,SHARE,_T,REI,97.675
MEX,2019,UNLISTED,COMP,DIR,43.975
MEX,2019,UNLISTED,COMP,REI,0
MEX,2019,UNLISTED,LIFE,DIR,0.007
MEX,2019,UNLISTED,NLIFE,DIR,1.538
MEX,2019,UNLISTED,NLIFE,REI,0
MEX,2019,UNLISTED,_T,DIR,45.52
MEX,2019,UNLISTED,_T,REI,0
MEX,2020,BOND,COMP,DIR,33505.278
MEX,2020,BOND,COMP,REI,513.408
MEX,2020,BOND,LIFE,DIR,18719.91
MEX,2020,BOND,LIFE,REI,0
MEX,2020,BOND,NLIFE,DIR,3532.742
MEX,2020,BOND,NLIFE,REI,6.522
MEX,2020,BOND,_T,DIR,55757.93
MEX,2020,BOND,_T,REI,519.93
MEX,2020,CASH,COMP,DIR,454.59
MEX,2020,CASH,COMP,REI,5.518
MEX,2020,CASH,LIFE,DIR,10.963
MEX,2020,CASH,LIFE,REI,0
MEX,2020,CASH,NLIFE,DIR,209.96
MEX,2020,CASH,NLIFE,REI,0.388
MEX,2020,CASH,_T,DIR,675.514
MEX,2020,CASH,_T,REI,5.906
MEX,2020,CBOND,COMP,DIR,6356.186
MEX,2020,CBOND,COMP,REI,0
MEX,2020,CBOND,LIFE,DIR,5.366
MEX,2020,CBOND,LIFE,REI,0
MEX,2020,CBOND,NLIFE,DIR,14.97
MEX,2020,CBOND,NLIFE,REI,0
MEX,2020,CBOND,_T,DIR,6376.522
MEX,2020,CBOND,_T,REI,0
MEX,2020,CCASH,COMP,DIR,0
MEX,2020,CCASH,COMP,REI,0
MEX,2020,CCASH,LIFE,DIR,0
MEX,2020,CCASH,LIFE,REI,0
MEX,2020,CCASH,NLIFE,DIR,0
MEX,2020,CCASH,NLIFE,REI,0
MEX,2020,CCASH,_T,DIR,0
MEX,2020,CCASH,_T,REI,0
MEX,2020,CIS,COMP,DIR,11554.205
MEX,2020,CIS,COMP,REI,0
MEX,2020,CIS,LIFE,DIR,15.419
MEX,2020,CIS,LIFE,REI,0
MEX,2020,CIS,NLIFE,DIR,66.571
MEX,2020,CIS,NLIFE,REI,0
MEX,2020,CIS,_T,DIR,11636.195
MEX,2020,CIS,_T,REI,0
MEX,2020,COTHER,COMP,DIR,0
MEX,2020,COTHER,COMP,REI,0
MEX,2020,COTHER,LIFE,DIR,0
MEX,2020,COTHER,LIFE,REI,0
MEX,2020,COTHER,NLIFE,DIR,0
MEX,2020,COTHER,NLIFE,REI,0
MEX,2020,COTHER,_T,DIR,0
MEX,2020,COTHER,_T,REI,0
MEX,2020,CREST,COMP,DIR,11.895
MEX,2020,CREST,COMP,REI,0
MEX,2020,CREST,LIFE,DIR,4.108
MEX,2020,CREST,LIFE,REI,0
MEX,2020,CREST,NLIFE,DIR,31.618
MEX,2020,CREST,NLIFE,REI,0
MEX,2020,CREST,_T,DIR,47.621
MEX,2020,CREST,_T,REI,0
MEX,2020,CSHARE,COMP,DIR,5186.123
MEX,2020,CSHARE,COMP,REI,0
MEX,2020,CSHARE,LIFE,DIR,5.945
MEX,2020,CSHARE,LIFE,REI,0
MEX,2020,CSHARE,NLIFE,DIR,19.984
MEX,2020,CSHARE,NLIFE,REI,0
MEX,2020,CSHARE,_T,DIR,5212.052
MEX,2020,CSHARE,_T,REI,0
MEX,2020,INV,COMP,DIR,51134.97
MEX,2020,INV,COMP,REI,628.39
MEX,2020,INV,LIFE,DIR,20146.464
MEX,2020,INV,LIFE,REI,0
MEX,2020,INV,NLIFE,DIR,4481.405
MEX,2020,INV,NLIFE,REI,10.186
MEX,2020,INV,_T,DIR,75762.838
MEX,2020,INV,_T,REI,638.576
MEX,2020,INV_O,COMP,DIR,3049.457
MEX,2020,INV_O,COMP,REI,6.451
MEX,2020,INV_O,LIFE,DIR,1104.89
MEX,2020,INV_O,LIFE,REI,0
MEX,2020,INV_O,NLIFE,DIR,348.497
MEX,2020,INV_O,NLIFE,REI,2.811
MEX,2020,INV_O,_T,DIR,4502.844
MEX,2020,INV_O,_T,REI,9.262
MEX,2020,LOAN,COMP,DIR,1090.539
MEX,2020,LOAN,COMP,REI,0.044
MEX,2020,LOAN,LIFE,DIR,258.396
MEX,2020,LOAN,LIFE,REI,0
MEX,2020,LOAN,NLIFE,DIR,31.103
MEX,2020,LOAN,NLIFE,REI,0
MEX,2020,LOAN,_T,DIR,1380.038
MEX,2020,LOAN,_T,REI,0.044
MEX,2020,PEQUF,COMP,DIR,0
MEX,2020,PEQUF,COMP,REI,0
MEX,2020,PEQUF,LIFE,DIR,0
MEX,2020,PEQUF,LIFE,REI,0
MEX,2020,PEQUF,NLIFE,DIR,0
MEX,2020,PEQUF,NLIFE,REI,0
MEX,2020,PEQUF,_T,DIR,0
MEX,2020,PEQUF,_T,REI,0
MEX,2020,PRIB,COMP,DIR,12331.685
MEX,2020,PRIB,COMP,REI,276.283
MEX,2020,PRIB,LIFE,DIR,1880.232
MEX,2020,PRIB,LIFE,REI,0
MEX,2020,PRIB,NLIFE,DIR,1750.425
MEX,2020,PRIB,NLIFE,REI,0
MEX,2020,PRIB,_T,DIR,15962.342
MEX,2020,PRIB,_T,REI,276.283
MEX,2020,PUBB,COMP,DIR,21173.593
MEX,2020,PUBB,COMP,REI,237.125
MEX,2020,PUBB,LIFE,DIR,16839.678
MEX,2020,PUBB,LIFE,REI,0
MEX,2020,PUBB,NLIFE,DIR,1782.317
MEX,2020,PUBB,NLIFE,REI,6.522
MEX,2020,PUBB,_T,DIR,39795.588
MEX,2020,PUBB,_T,REI,243.647
MEX,2020,PUBS,COMP,DIR,686.39
MEX,2020,PUBS,COMP,REI,81.97
MEX,2020,PUBS,LIFE,DIR,15.711
MEX,2020,PUBS,LIFE,REI,0
MEX,2020,PUBS,NLIFE,DIR,82.709
MEX,2020,PUBS,NLIFE,REI,0
MEX,2020,PUBS,_T,DIR,784.809
MEX,2020,PUBS,_T,REI,81.97
MEX,2020,REST,COMP,DIR,754.584
MEX,2020,REST,COMP,REI,21
MEX,2020,REST,LIFE,DIR,21.168
MEX,2020,REST,LIFE,REI,0
MEX,2020,REST,NLIFE,DIR,208.135
MEX,2020,REST,NLIFE,REI,0.465
MEX,2020,REST,_T,DIR,983.888
MEX,2020,REST,_T,REI,21.464
MEX,2020,SHARE,COMP,DIR,726.317
MEX,2020,SHARE,COMP,REI,81.97
MEX,2020,SHARE,LIFE,DIR,15.717
MEX,2020,SHARE,LIFE,REI,0
MEX,2020,SHARE,NLIFE,DIR,84.396
MEX,2020,SHARE,NLIFE,REI,0
MEX,2020,SHARE,_T,DIR,826.429
MEX,2020,SHARE,_T,REI,81.97
MEX,2020,UNLISTED,COMP,DIR,39.927
MEX,2020,UNLISTED,COMP,REI,0
MEX,2020,UNLISTED,LIFE,DIR,0.006
MEX,2020,UNLISTED,LIFE,REI,0
MEX,2020,UNLISTED,NLIFE,DIR,1.687
MEX,2020,UNLISTED,NLIFE,REI,0
MEX,2020,UNLISTED,_T,DIR,41.62
MEX,2020,UNLISTED,_T,REI,0
MYS,2018,BOND,COMP,DIR,0
MYS,2018,BOND,COMP,REI,294.203
MYS,2018,BOND,LIFE,DIR,33061.841
MYS,2018,BOND,LIFE,REI,5.686
MYS,2018,BOND,NLIFE,DIR,2660.865
MYS,2018,BOND,NLIFE,REI,571.864
MYS,2018,BOND,_T,DIR,35722.706
MYS,2018,BOND,_T,REI,871.753
MYS,2018,CASH,COMP,DIR,0
MYS,2018,CASH,COMP,REI,43.322
MYS,2018,CASH,LIFE,DIR,2252.502
MYS,2018,CASH,LIFE,REI,0.012
MYS,2018,CASH,NLIFE,DIR,2220.466
MYS,2018,CASH,NLIFE,REI,159.125
MYS,2018,CASH,_T,DIR,4472.968
MYS,2018,CASH,_T,REI,202.46
MYS,2018,INV,COMP,DIR,0
MYS,2018,INV,COMP,REI,917.04
MYS,2018,INV,LIFE,DIR,62154.172
MYS,2018,INV,LIFE,REI,140.268
MYS,2018,INV,NLIFE,DIR,9100.788
MYS,2018,INV,NLIFE,REI,1229.107
MYS,2018,INV,_T,DIR,71254.96
MYS,2018,INV,_T,REI,2286.415
MYS,2018,INV_O,COMP,DIR,0
MYS,2018,INV_O,COMP,REI,579.514
MYS,2018,INV_O,LIFE,DIR,2981.443
MYS,2018,INV_O,LIFE,REI,43.313
MYS,2018,INV_O,NLIFE,DIR,1292.239
MYS,2018,INV_O,NLIFE,REI,382.209
MYS,2018,INV_O,_T,DIR,4273.681
MYS,2018,INV_O,_T,REI,1005.036
MYS,2018,LOAN,COMP,DIR,0
MYS,2018,LOAN,COMP,REI,0
MYS,2018,LOAN,LIFE,DIR,2972.106
MYS,2018,LOAN,LIFE,REI,0
MYS,2018,LOAN,NLIFE,DIR,11.091
MYS,2018,LOAN,NLIFE,REI,0.428
MYS,2018,LOAN,_T,DIR,2983.197
MYS,2018,LOAN,_T,REI,0.428
MYS,2018,PUBS,COMP,DIR,0
MYS,2018,PUBS,COMP,REI,0
MYS,2018,PUBS,LIFE,DIR,4743.951
MYS,2018,PUBS,LIFE,REI,0
MYS,2018,PUBS,NLIFE,DIR,162.578
MYS,2018,PUBS,NLIFE,REI,22.711
MYS,2018,PUBS,_T,DIR,4906.529
MYS,2018,PUBS,_T,REI,22.711
MYS,2018,REST,COMP,DIR,0
MYS,2018,REST,COMP,REI,0
MYS,2018,REST,LIFE,DIR,1091.374
MYS,2018,REST,LIFE,REI,0
MYS,2018,REST,NLIFE,DIR,133.413
MYS,2018,REST,NLIFE,REI,36.202
MYS,2018,REST,_T,DIR,1224.787
MYS,2018,REST,_T,REI,36.202
MYS,2018,SHARE,COMP,DIR,0
MYS,2018,SHARE,COMP,REI,0
MYS,2018,SHARE,LIFE,DIR,7915.564
MYS,2018,SHARE,LIFE,REI,91.258
MYS,2018,SHARE,NLIFE,DIR,2782.714
MYS,2018,SHARE,NLIFE,REI,79.28
MYS,2018,SHARE,_T,DIR,10698.277
MYS,2018,SHARE,_T,REI,170.538
MYS,2018,UNITLINK,COMP,DIR,0
MYS,2018,UNITLINK,COMP,REI,0
MYS,2018,UNITLINK,LIFE,DIR,11879.343
MYS,2018,UNITLINK,LIFE,REI,0
MYS,2018,UNITLINK,_T,DIR,11879.343
MYS,2018,UNITLINK,_T,REI,0
MYS,2018,UNLISTED,COMP,DIR,0
MYS,2018,UNLISTED,COMP,REI,0
MYS,2018,UNLISTED,LIFE,DIR,3171.613
MYS,2018,UNLISTED,LIFE,REI,91.258
MYS,2018,UNLISTED,NLIFE,DIR,2620.135
MYS,2018,UNLISTED,NLIFE,REI,56.569
MYS,2018,UNLISTED,_T,DIR,5791.748
MYS,2018,UNLISTED,_T,REI,147.827
MYS,2019,BOND,COMP,DIR,0
MYS,2019,BOND,LIFE,DIR,35393.64
MYS,2019,BOND,NLIFE,DIR,2699.875
MYS,2019,BOND,_T,DIR,38093.515
MYS,2019,BOND,_T,REI,838.231
MYS,2019,CASH,COMP,DIR,0
MYS,2019,CASH,LIFE,DIR,3431.494
MYS,2019,CASH,NLIFE,DIR,2172.042
MYS,2019,CASH,_T,DIR,5603.536
MYS,2019,CASH,_T,REI,199.296
MYS,2019,INV,COMP,DIR,0
MYS,2019,INV,LIFE,DIR,69916.75
MYS,2019,INV,NLIFE,DIR,9620.491
MYS,2019,INV,_T,DIR,79537.241
MYS,2019,INV,_T,REI,2374.358
MYS,2019,INV_O,COMP,DIR,0
MYS,2019,INV_O,LIFE,DIR,5025.254
MYS,2019,INV_O,NLIFE,DIR,4429.669
MYS,2019,INV_O,_T,DIR,9454.922
MYS,2019,INV_O,_T,REI,1224.855
MYS,2019,LOAN,COMP,DIR,0
MYS,2019,LOAN,LIFE,DIR,2976.244
MYS,2019,LOAN,NLIFE,DIR,10.092
MYS,2019,LOAN,_T,DIR,2986.336
MYS,2019,LOAN,_T,REI,0.403
MYS,2019,PUBS,COMP,DIR,0
MYS,2019,PUBS,LIFE,DIR,7326.426
MYS,2019,PUBS,NLIFE,DIR,176.271
MYS,2019,PUBS,_T,DIR,7502.698
MYS,2019,PUBS,_T,REI,26.461
MYS,2019,REST,COMP,DIR,0
MYS,2019,REST,LIFE,DIR,1096.369
MYS,2019,REST,NLIFE,DIR,129.51
MYS,2019,REST,_T,DIR,1225.879
MYS,2019,REST,_T,REI,35.631
MYS,2019,SHARE,COMP,DIR,0
MYS,2019,SHARE,LIFE,DIR,7480.459
MYS,2019,SHARE,NLIFE,DIR,179.304
MYS,2019,SHARE,_T,DIR,7659.763
MYS,2019,SHARE,_T,REI,75.941
MYS,2019,UNITLINK,COMP,DIR,0
MYS,2019,UNITLINK,LIFE,DIR,14513.29
MYS,2019,UNITLINK,_T,DIR,14513.29
MYS,2019,UNITLINK,_T,REI,0
MYS,2019,UNLISTED,COMP,DIR,0
MYS,2019,UNLISTED,LIFE,DIR,154.033
MYS,2019,UNLISTED,NLIFE,DIR,3.032
MYS,2019,UNLISTED,_T,DIR,157.065
MYS,2019,UNLISTED,_T,REI,49.481
MYS,2020,BOND,COMP,DIR,0
MYS,2020,BOND,LIFE,DIR,37433.578
MYS,2020,BOND,NLIFE,DIR,2816.853
MYS,2020,BOND,_T,DIR,40250.431
MYS,2020,BOND,_T,REI,797.785
MYS,2020,CASH,COMP,DIR,0
MYS,2020,CASH,LIFE,DIR,3647.281
MYS,2020,CASH,NLIFE,DIR,2071.692
MYS,2020,CASH,_T,DIR,5718.973
MYS,2020,CASH,_T,REI,275.495
MYS,2020,INV,COMP,DIR,0
MYS,2020,INV,LIFE,DIR,77258.428
MYS,2020,INV,NLIFE,DIR,10475.412
MYS,2020,INV,_T,DIR,87733.84
MYS,2020,INV,_T,REI,2536.227
MYS,2020,INV_O,COMP,DIR,0
MYS,2020,INV_O,LIFE,DIR,5738.408
MYS,2020,INV_O,NLIFE,DIR,5283.511
MYS,2020,INV_O,_T,DIR,11021.919
MYS,2020,INV_O,_T,REI,1346.257
MYS,2020,LOAN,COMP,DIR,0
MYS,2020,LOAN,LIFE,DIR,2911.498
MYS,2020,LOAN,NLIFE,DIR,9.681
MYS,2020,LOAN,_T,DIR,2921.179
MYS,2020,LOAN,_T,REI,0.349
MYS,2020,PUBS,COMP,DIR,0
MYS,2020,PUBS,LIFE,DIR,8084.326
MYS,2020,PUBS,NLIFE,DIR,157.393
MYS,2020,PUBS,_T,DIR,8241.719
MYS,2020,PUBS,_T,REI,31.632
MYS,2020,REST,COMP,DIR,0
MYS,2020,REST,LIFE,DIR,1098.527
MYS,2020,REST,NLIFE,DIR,128.816
MYS,2020,REST,_T,DIR,1227.344
MYS,2020,REST,_T,REI,35.649
MYS,2020,SHARE,COMP,DIR,0
MYS,2020,SHARE,LIFE,DIR,8350.643
MYS,2020,SHARE,NLIFE,DIR,164.859
MYS,2020,SHARE,_T,DIR,8515.502
MYS,2020,SHARE,_T,REI,80.693
MYS,2020,UNITLINK,COMP,DIR,0
MYS,2020,UNITLINK,LIFE,DIR,18078.492
MYS,2020,UNITLINK,_T,DIR,18078.492
MYS,2020,UNITLINK,_T,REI,0
MYS,2020,UNLISTED,COMP,DIR,0
MYS,2020,UNLISTED,LIFE,DIR,266.317
MYS,2020,UNLISTED,NLIFE,DIR,7.466
MYS,2020,UNLISTED,_T,DIR,273.783
MYS,2020,UNLISTED,_T,REI,49.061
NIC,2018,BOND,COMP,DIR,95.732
NIC,2018,BOND,_T,DIR,95.732
NIC,2018,CASH,COMP,DIR,123.573
NIC,2018,CASH,_T,DIR,123.573
NIC,2018,INV,COMP,DIR,259.022
NIC,2018,INV,_T,DIR,259.022
NIC,2018,INV_O,COMP,DIR,18.219
NIC,2018,INV_O,_T,DIR,18.219
NIC,2018,LOAN,COMP,DIR,9.857
NIC,2018,LOAN,_T,DIR,9.857
NIC,2018,PRIB,COMP,DIR,4.486
NIC,2018,PRIB,_T,DIR,4.486
NIC,2018,PUBB,COMP,DIR,91.246
NIC,2018,PUBB,_T,DIR,91.246
NIC,2018,REST,COMP,DIR,8.803
NIC,2018,REST,_T,DIR,8.803
NIC,2018,SHARE,COMP,DIR,2.837
NIC,2018,SHARE,_T,DIR,2.837
NIC,2018,UNLISTED,COMP,DIR,2.837
NIC,2018,UNLISTED,_T,DIR,2.837
NIC,2020,BOND,COMP,DIR,225.203
NIC,2020,BOND,_T,DIR,225.203
NIC,2020,CASH,COMP,DIR,9.955
NIC,2020,CASH,_T,DIR,9.955
NIC,2020,INV,COMP,DIR,285.981
NIC,2020,INV,_T,DIR,285.981
NIC,2020,INV_O,COMP,DIR,19.491
NIC,2020,INV_O,_T,DIR,19.491
NIC,2020,LOAN,COMP,DIR,17.345
NIC,2020,LOAN,_T,DIR,17.345
NIC,2020,PRIB,COMP,DIR,160.092
NIC,2020,PRIB,_T,DIR,160.092
NIC,2020,PUBB,COMP,DIR,65.111
NIC,2020,PUBB,_T,DIR,65.111
NIC,2020,REST,COMP,DIR,10.917
NIC,2020,REST,_T,DIR,10.917
NIC,2020,SHARE,COMP,DIR,3.07
NIC,2020,SHARE,_T,DIR,3.07
NIC,2020,UNLISTED,COMP,DIR,3.07
NIC,2020,UNLISTED,_T,DIR,3.07
NLD,2018,BOND,COMP,REI,1335.071
NLD,2018,BOND,LIFE,DIR,164922.449
NLD,2018,BOND,NLIFE,DIR,28750.965
NLD,2018,BOND,_T,DIR,193673.414
NLD,2018,BOND,_T,REI,1335.071
NLD,2018,CASH,COMP,REI,1912.151
NLD,2018,CASH,LIFE,DIR,10855.751
NLD,2018,CASH,NLIFE,DIR,3926.207
NLD,2018,CASH,_T,DIR,14781.958
NLD,2018,CASH,_T,REI,1912.151
NLD,2018,CIS,COMP,REI,387.01
NLD,2018,CIS,LIFE,DIR,15868.563
NLD,2018,CIS,NLIFE,DIR,10632.475
NLD,2018,CIS,_T,DIR,26501.039
NLD,2018,CIS,_T,REI,387.01
NLD,2018,INV,COMP,REI,3888.422
NLD,2018,INV,LIFE,DIR,418333.978
NLD,2018,INV,NLIFE,DIR,56860.729
NLD,2018,INV,_T,DIR,475194.707
NLD,2018,INV,_T,REI,3888.422
NLD,2018,INV_O,LIFE,DIR,26499.894
NLD,2018,INV_O,NLIFE,DIR,5746.758
NLD,2018,INV_O,_T,DIR,32246.651
NLD,2018,LOAN,COMP,REI,30.915
NLD,2018,LOAN,LIFE,DIR,90285.586
NLD,2018,LOAN,NLIFE,DIR,3518.587
NLD,2018,LOAN,_T,DIR,93804.173
NLD,2018,LOAN,_T,REI,30.915
NLD,2018,PRIB,COMP,REI,401.895
NLD,2018,PRIB,LIFE,DIR,44065.347
NLD,2018,PRIB,NLIFE,DIR,13036.977
NLD,2018,PRIB,_T,DIR,57102.324
NLD,2018,PRIB,_T,REI,401.895
NLD,2018,PUBB,COMP,REI,933.175
NLD,2018,PUBB,LIFE,DIR,120857.102
NLD,2018,PUBB,NLIFE,DIR,15713.988
NLD,2018,PUBB,_T,DIR,136571.09
NLD,2018,PUBB,_T,REI,933.175
NLD,2018,REST,COMP,REI,1.145
NLD,2018,REST,LIFE,DIR,6924.964
NLD,2018,REST,NLIFE,DIR,534.715
NLD,2018,REST,_T,DIR,7459.679
NLD,2018,REST,_T,REI,1.145
NLD,2018,SHARE,COMP,REI,222.13
NLD,2018,SHARE,LIFE,DIR,7800.889
NLD,2018,SHARE,NLIFE,DIR,3132.722
NLD,2018,SHARE,_T,DIR,10933.611
NLD,2018,SHARE,_T,REI,222.13
NLD,2018,STRPRDT,LIFE,DIR,8089.429
NLD,2018,STRPRDT,NLIFE,DIR,618.3
NLD,2018,STRPRDT,_T,DIR,8707.729
NLD,2018,UNITLINK,LIFE,DIR,87086.454
NLD,2018,UNITLINK,_T,DIR,87086.454
NOR,2018,BOND,LIFE,DIR,66346.301
NOR,2018,BOND,NLIFE,DIR,10167.205
NOR,2018,BOND,_T,DIR,76513.507
NOR,2018,CASH,LIFE,DIR,908.586
NOR,2018,CASH,NLIFE,DIR,810.371
NOR,2018,CASH,_T,DIR,1718.957
NOR,2018,CBOND,LIFE,DIR,17801.772
NOR,2018,CBOND,NLIFE,DIR,1898.159
NOR,2018,CBOND,_T,DIR,19699.93
NOR,2018,CIS,LIFE,DIR,32186.56
NOR,2018,CIS,NLIFE,DIR,3459.315
NOR,2018,CIS,_T,DIR,35645.875
NOR,2018,COTHER,LIFE,DIR,756.77
NOR,2018,COTHER,NLIFE,DIR,177.858
NOR,2018,COTHER,_T,DIR,934.628
NOR,2018,CSHARE,LIFE,DIR,13628.018
NOR,2018,CSHARE,NLIFE,DIR,1383.298
NOR,2018,CSHARE,_T,DIR,15011.317
NOR,2018,INV,LIFE,DIR,176181.125
NOR,2018,INV,NLIFE,DIR,17740.364
NOR,2018,INV,_T,DIR,193921.489
NOR,2018,INV_O,LIFE,DIR,2144.259
NOR,2018,INV_O,NLIFE,DIR,323.75
NOR,2018,INV_O,_T,DIR,2468.01
NOR,2018,LOAN,LIFE,DIR,16344.396
NOR,2018,LOAN,NLIFE,DIR,384.286
NOR,2018,LOAN,_T,DIR,16728.682
NOR,2018,PRIB,LIFE,DIR,56059.13
NOR,2018,PRIB,NLIFE,DIR,7766.79
NOR,2018,PRIB,_T,DIR,63825.92
NOR,2018,PUBB,LIFE,DIR,10287.171
NOR,2018,PUBB,NLIFE,DIR,2400.415
NOR,2018,PUBB,_T,DIR,12687.586
NOR,2018,REST,LIFE,DIR,13606.009
NOR,2018,REST,NLIFE,DIR,556.19
NOR,2018,REST,_T,DIR,14162.199
NOR,2018,SHARE,LIFE,DIR,8052.927
NOR,2018,SHARE,NLIFE,DIR,2039.247
NOR,2018,SHARE,_T,DIR,10092.173
NOR,2018,UNITLINK,LIFE,DIR,36592.087
NOR,2018,UNITLINK,_T,DIR,36592.087
NOR,2019,BOND,LIFE,DIR,66049.742
NOR,2019,BOND,NLIFE,DIR,10151.868
NOR,2019,BOND,_T,DIR,76201.61
NOR,2019,CASH,LIFE,DIR,721.074
NOR,2019,CASH,NLIFE,DIR,838.286
NOR,2019,CASH,_T,DIR,1559.361
NOR,2019,CBOND,LIFE,DIR,17877.912
NOR,2019,CBOND,NLIFE,DIR,2094.878
NOR,2019,CBOND,_T,DIR,19972.791
NOR,2019,CIS,LIFE,DIR,34785.98
NOR,2019,CIS,NLIFE,DIR,4015.394
NOR,2019,CIS,_T,DIR,38801.374
NOR,2019,COTHER,LIFE,DIR,871.761
NOR,2019,COTHER,NLIFE,DIR,283.24
NOR,2019,COTHER,_T,DIR,1155.001
NOR,2019,CSHARE,LIFE,DIR,16036.307
NOR,2019,CSHARE,NLIFE,DIR,1637.276
NOR,2019,CSHARE,_T,DIR,17673.583
NOR,2019,INV,LIFE,DIR,193237.062
NOR,2019,INV,NLIFE,DIR,18193.839
NOR,2019,INV,_T,DIR,211430.901
NOR,2019,INV_O,LIFE,DIR,3846.955
NOR,2019,INV_O,NLIFE,DIR,477.203
NOR,2019,INV_O,_T,DIR,4324.158
NOR,2019,LOAN,LIFE,DIR,16734.242
NOR,2019,LOAN,NLIFE,DIR,350.663
NOR,2019,LOAN,_T,DIR,17084.905
NOR,2019,PRIB,LIFE,DIR,56511.067
NOR,2019,PRIB,NLIFE,DIR,8004.964
NOR,2019,PRIB,_T,DIR,64516.031
NOR,2019,PUBB,LIFE,DIR,9538.675
NOR,2019,PUBB,NLIFE,DIR,2146.904
NOR,2019,PUBB,_T,DIR,11685.579
NOR,2019,REST,LIFE,DIR,15978.918
NOR,2019,REST,NLIFE,DIR,799.931
NOR,2019,REST,_T,DIR,16778.848
NOR,2019,SHARE,LIFE,DIR,9672.286
NOR,2019,SHARE,NLIFE,DIR,1560.494
NOR,2019,SHARE,_T,DIR,11232.78
NOR,2019,UNITLINK,LIFE,DIR,45447.865
NOR,2019,UNITLINK,_T,DIR,45447.865
NOR,2020,BOND,LIFE,DIR,70649.561
NOR,2020,BOND,NLIFE,DIR,11509.809
NOR,2020,BOND,_T,DIR,82159.37
NOR,2020,CASH,LIFE,DIR,860.038
NOR,2020,CASH,NLIFE,DIR,1091.495
NOR,2020,CASH,_T,DIR,1951.533
NOR,2020,CBOND,LIFE,DIR,19255.402
NOR,2020,CBOND,NLIFE,DIR,2213.693
NOR,2020,CBOND,_T,DIR,21469.095
NOR,2020,CIS,LIFE,DIR,35035.706
NOR,2020,CIS,NLIFE,DIR,4164.221
NOR,2020,CIS,_T,DIR,39199.927
NOR,2020,COTHER,LIFE,DIR,957.022
NOR,2020,COTHER,NLIFE,DIR,219.371
NOR,2020,COTHER,_T,DIR,1176.393
NOR,2020,CSHARE,LIFE,DIR,14823.282
NOR,2020,CSHARE,NLIFE,DIR,1731.157
NOR,2020,CSHARE,_T,DIR,16554.439
NOR,2020,INV,LIFE,DIR,212931.72
NOR,2020,INV,NLIFE,DIR,20742.879
NOR,2020,INV,_T,DIR,233674.599
NOR,2020,INV_O,LIFE,DIR,5845.653
NOR,2020,INV_O,NLIFE,DIR,620.347
NOR,2020,INV_O,_T,DIR,6466
NOR,2020,LOAN,LIFE,DIR,17632.85
NOR,2020,LOAN,NLIFE,DIR,447.849
NOR,2020,LOAN,_T,DIR,18080.7
NOR,2020,PRIB,LIFE,DIR,60290.872
NOR,2020,PRIB,NLIFE,DIR,9498.198
NOR,2020,PRIB,_T,DIR,69789.07
NOR,2020,PUBB,LIFE,DIR,10358.689
NOR,2020,PUBB,NLIFE,DIR,2011.611
NOR,2020,PUBB,_T,DIR,12370.3
NOR,2020,REST,LIFE,DIR,17246.98
NOR,2020,REST,NLIFE,DIR,745.968
NOR,2020,REST,_T,DIR,17992.948
NOR,2020,SHARE,LIFE,DIR,10399.884
NOR,2020,SHARE,NLIFE,DIR,2163.189
NOR,2020,SHARE,_T,DIR,12563.073
NOR,2020,UNITLINK,LIFE,DIR,55261.049
NOR,2020,UNITLINK,_T,DIR,55261.049
NZL,2019,BOND,COMP,DIR,1092.614
NZL,2019,BOND,LIFE,DIR,2420.8
NZL,2019,BOND,NLIFE,DIR,2167.779
NZL,2019,BOND,_T,DIR,5681.193
NZL,2019,CASH,COMP,DIR,353.15
NZL,2019,CASH,LIFE,DIR,495.832
NZL,2019,CASH,NLIFE,DIR,894.267
NZL,2019,CASH,_T,DIR,1743.25
NZL,2019,CIS,COMP,DIR,306.971
NZL,2019,CIS,LIFE,DIR,2328.126
NZL,2019,CIS,NLIFE,DIR,670.981
NZL,2019,CIS,_T,DIR,3306.078
NZL,2019,INV,COMP,DIR,1980.462
NZL,2019,INV,LIFE,DIR,5633.891
NZL,2019,INV,NLIFE,DIR,3813.935
NZL,2019,INV,_T,DIR,11428.288
NZL,2019,INV_O,COMP,DIR,11.941
NZL,2019,INV_O,LIFE,DIR,158.744
NZL,2019,INV_O,NLIFE,DIR,34.621
NZL,2019,INV_O,_T,DIR,205.305
NZL,2019,PUBS,COMP,DIR,188.549
NZL,2019,PUBS,LIFE,DIR,171.047
NZL,2019,PUBS,NLIFE,DIR,30.631
NZL,2019,PUBS,_T,DIR,390.227
NZL,2019,REST,COMP,DIR,24.79
NZL,2019,REST,LIFE,DIR,19.531
NZL,2019,REST,NLIFE,DIR,1.759
NZL,2019,REST,_T,DIR,46.08
NZL,2019,SHARE,COMP,DIR,190.996
NZL,2019,SHARE,LIFE,DIR,210.858
NZL,2019,SHARE,NLIFE,DIR,44.528
NZL,2019,SHARE,_T,DIR,446.382
NZL,2019,UNLISTED,COMP,DIR,2.446
NZL,2019,UNLISTED,LIFE,DIR,39.811
NZL,2019,UNLISTED,NLIFE,DIR,13.897
NZL,2019,UNLISTED,_T,DIR,56.155
NZL,2020,BOND,COMP,DIR,1211.4
NZL,2020,BOND,LIFE,DIR,3012.89
NZL,2020,BOND,NLIFE,DIR,2645.802
NZL,2020,BOND,_T,DIR,6870.092
NZL,2020,CASH,COMP,DIR,439.151
NZL,2020,CASH,LIFE,DIR,504.933
NZL,2020,CASH,NLIFE,DIR,1044.283
NZL,2020,CASH,_T,DIR,1988.368
NZL,2020,CIS,COMP,DIR,314.409
NZL,2020,CIS,LIFE,DIR,2251.112
NZL,2020,CIS,NLIFE,DIR,603.828
NZL,2020,CIS,_T,DIR,3169.35
NZL,2020,INV,COMP,DIR,2201.842
NZL,2020,INV,LIFE,DIR,6192.331
NZL,2020,INV,NLIFE,DIR,4379.537
NZL,2020,INV,_T,DIR,12773.709
NZL,2020,INV_O,COMP,DIR,3.755
NZL,2020,INV_O,LIFE,DIR,81.185
NZL,2020,INV_O,NLIFE,DIR,39.403
NZL,2020,INV_O,_T,DIR,124.343
NZL,2020,PUBS,COMP,DIR,198.958
NZL,2020,PUBS,LIFE,DIR,323.603
NZL,2020,PUBS,NLIFE,DIR,22.009
NZL,2020,PUBS,_T,DIR,544.571
NZL,2020,REST,COMP,DIR,31.495
NZL,2020,REST,LIFE,DIR,18.606
NZL,2020,REST,NLIFE,DIR,0
NZL,2020,REST,_T,DIR,50.101
NZL,2020,SHARE,COMP,DIR,201.631
NZL,2020,SHARE,LIFE,DIR,323.603
NZL,2020,SHARE,NLIFE,DIR,46.22
NZL,2020,SHARE,_T,DIR,571.455
NZL,2020,UNLISTED,COMP,DIR,2.673
NZL,2020,UNLISTED,LIFE,DIR,0
NZL,2020,UNLISTED,NLIFE,DIR,24.211
NZL,2020,UNLISTED,_T,DIR,26.884
PER,2018,BOND,COMP,DIR,6616.649
PER,2018,BOND,LIFE,DIR,1053.903
PER,2018,BOND,NLIFE,DIR,186.718
PER,2018,BOND,_T,DIR,7857.27
PER,2018,CASH,COMP,DIR,379.525
PER,2018,CASH,LIFE,DIR,55.414
PER,2018,CASH,NLIFE,DIR,77.734
PER,2018,CASH,_T,DIR,512.673
PER,2018,CBOND,COMP,DIR,58.519
PER,2018,CBOND,LIFE,DIR,2.503
PER,2018,CBOND,NLIFE,DIR,17.424
PER,2018,CBOND,_T,DIR,78.446
PER,2018,CCASH,COMP,DIR,0
PER,2018,CCASH,LIFE,DIR,0
PER,2018,CCASH,NLIFE,DIR,0
PER,2018,CCASH,_T,DIR,0
PER,2018,CIS,COMP,DIR,167.556
PER,2018,CIS,LIFE,DIR,25.885
PER,2018,CIS,NLIFE,DIR,27.568
PER,2018,CIS,_T,DIR,221.009
PER,2018,COTHER,COMP,DIR,0
PER,2018,COTHER,NLIFE,DIR,0
PER,2018,COTHER,_T,DIR,0
PER,2018,CREST,COMP,DIR,8.71
PER,2018,CREST,LIFE,DIR,13.169
PER,2018,CREST,NLIFE,DIR,3.13
PER,2018,CREST,_T,DIR,25.01
PER,2018,CSHARE,COMP,DIR,100.327
PER,2018,CSHARE,LIFE,DIR,10.213
PER,2018,CSHARE,NLIFE,DIR,7.014
PER,2018,CSHARE,_T,DIR,117.553
PER,2018,HEDGE,COMP,DIR,0.005
PER,2018,HEDGE,LIFE,DIR,0
PER,2018,HEDGE,NLIFE,DIR,0
PER,2018,HEDGE,_T,DIR,0.005
PER,2018,INV,COMP,DIR,9922.287
PER,2018,INV,LIFE,DIR,1578.368
PER,2018,INV,NLIFE,DIR,619.114
PER,2018,INV,_T,DIR,12119.769
PER,2018,INV_O,COMP,DIR,564.928
PER,2018,INV_O,LIFE,DIR,22.497
PER,2018,INV_O,NLIFE,DIR,160.33
PER,2018,INV_O,_T,DIR,747.756
PER,2018,LOAN,COMP,DIR,2.553
PER,2018,LOAN,LIFE,DIR,1.475
PER,2018,LOAN,NLIFE,DIR,0
PER,2018,LOAN,_T,DIR,4.027
PER,2018,PEQUF,COMP,DIR,4.835
PER,2018,PEQUF,LIFE,DIR,0
PER,2018,PEQUF,NLIFE,DIR,0
PER,2018,PEQUF,_T,DIR,4.835
PER,2018,PRIB,COMP,DIR,4646.316
PER,2018,PRIB,LIFE,DIR,750.826
PER,2018,PRIB,NLIFE,DIR,127.888
PER,2018,PRIB,_T,DIR,5525.029
PER,2018,PUBB,COMP,DIR,1970.333
PER,2018,PUBB,LIFE,DIR,303.077
PER,2018,PUBB,NLIFE,DIR,58.831
PER,2018,PUBB,_T,DIR,2332.241
PER,2018,PUBS,COMP,DIR,116.021
PER,2018,PUBS,LIFE,DIR,69.308
PER,2018,PUBS,NLIFE,DIR,19.972
PER,2018,PUBS,_T,DIR,205.301
PER,2018,REST,COMP,DIR,621.967
PER,2018,REST,LIFE,DIR,150.51
PER,2018,REST,NLIFE,DIR,65.469
PER,2018,REST,_T,DIR,837.946
PER,2018,SHARE,COMP,DIR,317.727
PER,2018,SHARE,LIFE,DIR,71.077
PER,2018,SHARE,NLIFE,DIR,101.294
PER,2018,SHARE,_T,DIR,490.097
PER,2018,STRPRDT,COMP,DIR,0
PER,2018,STRPRDT,LIFE,DIR,0
PER,2018,STRPRDT,NLIFE,DIR,0
PER,2018,STRPRDT,_T,DIR,0
PER,2018,UNITLINK,COMP,DIR,1246.544
PER,2018,UNITLINK,LIFE,DIR,197.607
PER,2018,UNITLINK,NLIFE,DIR,0
PER,2018,UNITLINK,_T,DIR,1444.15
PER,2018,UNLISTED,COMP,DIR,201.705
PER,2018,UNLISTED,LIFE,DIR,1.769
PER,2018,UNLISTED,NLIFE,DIR,81.322
PER,2018,UNLISTED,_T,DIR,284.796
PER,2019,BOND,COMP,DIR,8265.37
PER,2019,BOND,LIFE,DIR,1326.987
PER,2019,BOND,NLIFE,DIR,184.469
PER,2019,BOND,_T,DIR,9776.826
PER,2019,CASH,COMP,DIR,605.864
PER,2019,CASH,LIFE,DIR,166.601
PER,2019,CASH,NLIFE,DIR,77.175
PER,2019,CASH,_T,DIR,849.64
PER,2019,CBOND,COMP,DIR,177.994
PER,2019,CBOND,LIFE,DIR,7.199
PER,2019,CBOND,NLIFE,DIR,20.7
PER,2019,CBOND,_T,DIR,205.892
PER,2019,CCASH,COMP,DIR,0
PER,2019,CCASH,LIFE,DIR,0
PER,2019,CCASH,NLIFE,DIR,0
PER,2019,CCASH,_T,DIR,0
PER,2019,CIS,COMP,DIR,585.235
PER,2019,CIS,LIFE,DIR,45.29
PER,2019,CIS,NLIFE,DIR,32.257
PER,2019,CIS,_T,DIR,662.782
PER,2019,COTHER,COMP,DIR,0
PER,2019,COTHER,LIFE,DIR,0
PER,2019,COTHER,NLIFE,DIR,0
PER,2019,COTHER,_T,DIR,0
PER,2019,CREST,COMP,DIR,20.487
PER,2019,CREST,LIFE,DIR,15.485
PER,2019,CREST,NLIFE,DIR,3
PER,2019,CREST,_T,DIR,38.971
PER,2019,CSHARE,COMP,DIR,386.755
PER,2019,CSHARE,LIFE,DIR,22.607
PER,2019,CSHARE,NLIFE,DIR,8.557
PER,2019,CSHARE,_T,DIR,417.919
PER,2019,HEDGE,COMP,DIR,0.009
PER,2019,HEDGE,LIFE,DIR,0
PER,2019,HEDGE,NLIFE,DIR,0
PER,2019,HEDGE,_T,DIR,0.009
PER,2019,INV,COMP,DIR,11347.843
PER,2019,INV,LIFE,DIR,1802.212
PER,2019,INV,NLIFE,DIR,624.664
PER,2019,INV,_T,DIR,13774.719
PER,2019,INV_O,COMP,DIR,613.917
PER,2019,INV_O,LIFE,DIR,19.985
PER,2019,INV_O,NLIFE,DIR,155.31
PER,2019,INV_O,_T,DIR,789.212
PER,2019,LOAN,COMP,DIR,3.853
PER,2019,LOAN,LIFE,DIR,3.024
PER,2019,LOAN,NLIFE,DIR,0
PER,2019,LOAN,_T,DIR,6.877
PER,2019,PEQUF,COMP,DIR,4.992
PER,2019,PEQUF,LIFE,DIR,0
PER,2019,PEQUF,NLIFE,DIR,0
PER,2019,PEQUF,_T,DIR,4.992
PER,2019,PRIB,COMP,DIR,5926.769
PER,2019,PRIB,LIFE,DIR,965.405
PER,2019,PRIB,NLIFE,DIR,115.582
PER,2019,PRIB,_T,DIR,7007.756
PER,2019,PUBB,COMP,DIR,2338.601
PER,2019,PUBB,LIFE,DIR,361.582
PER,2019,PUBB,NLIFE,DIR,68.887
PER,2019,PUBB,_T,DIR,2769.07
PER,2019,PUBS,COMP,DIR,233.795
PER,2019,PUBS,LIFE,DIR,77.791
PER,2019,PUBS,NLIFE,DIR,17.975
PER,2019,PUBS,_T,DIR,329.562
PER,2019,REST,COMP,DIR,781.621
PER,2019,REST,LIFE,DIR,161.019
PER,2019,REST,NLIFE,DIR,65.793
PER,2019,REST,_T,DIR,1008.434
PER,2019,SHARE,COMP,DIR,486.982
PER,2019,SHARE,LIFE,DIR,79.306
PER,2019,SHARE,NLIFE,DIR,109.659
PER,2019,SHARE,_T,DIR,675.946
PER,2019,STRPRDT,COMP,DIR,0
PER,2019,STRPRDT,LIFE,DIR,0
PER,2019,STRPRDT,NLIFE,DIR,0
PER,2019,STRPRDT,_T,DIR,0
PER,2019,UNITLINK,COMP,DIR,0
PER,2019,UNITLINK,LIFE,DIR,0
PER,2019,UNITLINK,NLIFE,DIR,0
PER,2019,UNITLINK,_T,DIR,0
PER,2019,UNLISTED,COMP,DIR,253.186
PER,2019,UNLISTED,LIFE,DIR,1.515
PER,2019,UNLISTED,NLIFE,DIR,91.684
PER,2019,UNLISTED,_T,DIR,346.384
PER,2020,BOND,COMP,DIR,8487.841
PER,2020,BOND,LIFE,DIR,1299.441
PER,2020,BOND,NLIFE,DIR,216.024
PER,2020,BOND,_T,DIR,10003.307
PER,2020,CASH,COMP,DIR,626.401
PER,2020,CASH,LIFE,DIR,175.424
PER,2020,CASH,NLIFE,DIR,104.824
PER,2020,CASH,_T,DIR,906.649
PER,2020,CBOND,COMP,DIR,206.779
PER,2020,CBOND,LIFE,DIR,16.001
PER,2020,CBOND,NLIFE,DIR,27.696
PER,2020,CBOND,_T,DIR,250.477
PER,2020,CCASH,COMP,DIR,0
PER,2020,CCASH,LIFE,DIR,0
PER,2020,CCASH,NLIFE,DIR,0
PER,2020,CCASH,_T,DIR,0
PER,2020,CIS,COMP,DIR,703.433
PER,2020,CIS,LIFE,DIR,57.88
PER,2020,CIS,NLIFE,DIR,38.812
PER,2020,CIS,_T,DIR,800.125
PER,2020,COTHER,COMP,DIR,0
PER,2020,COTHER,LIFE,DIR,0
PER,2020,COTHER,NLIFE,DIR,0
PER,2020,COTHER,_T,DIR,0
PER,2020,CREST,COMP,DIR,20.823
PER,2020,CREST,LIFE,DIR,13.379
PER,2020,CREST,NLIFE,DIR,2.631
PER,2020,CREST,_T,DIR,36.833
PER,2020,CSHARE,COMP,DIR,475.83
PER,2020,CSHARE,LIFE,DIR,28.5
PER,2020,CSHARE,NLIFE,DIR,8.485
PER,2020,CSHARE,_T,DIR,512.815
PER,2020,HEDGE,COMP,DIR,0
PER,2020,HEDGE,LIFE,DIR,0
PER,2020,HEDGE,NLIFE,DIR,0
PER,2020,HEDGE,_T,DIR,0
PER,2020,INV,COMP,DIR,11732.923
PER,2020,INV,LIFE,DIR,1788.799
PER,2020,INV,NLIFE,DIR,704.873
PER,2020,INV,_T,DIR,14226.595
PER,2020,INV_O,COMP,DIR,615.563
PER,2020,INV_O,LIFE,DIR,18.682
PER,2020,INV_O,NLIFE,DIR,166.102
PER,2020,INV_O,_T,DIR,800.347
PER,2020,LOAN,COMP,DIR,3.701
PER,2020,LOAN,LIFE,DIR,2.711
PER,2020,LOAN,NLIFE,DIR,0
PER,2020,LOAN,_T,DIR,6.412
PER,2020,PEQUF,COMP,DIR,6.019
PER,2020,PEQUF,LIFE,DIR,0
PER,2020,PEQUF,NLIFE,DIR,0
PER,2020,PEQUF,_T,DIR,6.019
PER,2020,PRIB,COMP,DIR,6098.01
PER,2020,PRIB,LIFE,DIR,956.404
PER,2020,PRIB,NLIFE,DIR,145.982
PER,2020,PRIB,_T,DIR,7200.395
PER,2020,PUBB,COMP,DIR,2389.832
PER,2020,PUBB,LIFE,DIR,343.038
PER,2020,PUBB,NLIFE,DIR,70.042
PER,2020,PUBB,_T,DIR,2802.912
PER,2020,PUBS,COMP,DIR,259.72
PER,2020,PUBS,LIFE,DIR,67.133
PER,2020,PUBS,NLIFE,DIR,26.815
PER,2020,PUBS,_T,DIR,353.669
PER,2020,REST,COMP,DIR,774.416
PER,2020,REST,LIFE,DIR,148.078
PER,2020,REST,NLIFE,DIR,62.17
PER,2020,REST,_T,DIR,984.664
PER,2020,SHARE,COMP,DIR,515.548
PER,2020,SHARE,LIFE,DIR,86.582
PER,2020,SHARE,NLIFE,DIR,116.941
PER,2020,SHARE,_T,DIR,719.071
PER,2020,STRPRDT,COMP,DIR,0
PER,2020,STRPRDT,LIFE,DIR,0
PER,2020,STRPRDT,NLIFE,DIR,0
PER,2020,STRPRDT,_T,DIR,0
PER,2020,UNITLINK,COMP,DIR,0
PER,2020,UNITLINK,LIFE,DIR,0
PER,2020,UNITLINK,NLIFE,DIR,0
PER,2020,UNITLINK,_T,DIR,0
PER,2020,UNLISTED,COMP,DIR,255.828
PER,2020,UNLISTED,LIFE,DIR,19.449
PER,2020,UNLISTED,NLIFE,DIR,90.125
PER,2020,UNLISTED,_T,DIR,365.402
POL,2018,BOND,LIFE,DIR,8776.449
POL,2018,BOND,NLIFE,DIR,12046.015
POL,2018,BOND,_T,DIR,20822.464
POL,2018,CASH,LIFE,DIR,622.018
POL,2018,CASH,NLIFE,DIR,1017.133
POL,2018,CASH,_T,DIR,1639.151
POL,2018,CBOND,LIFE,DIR,1094.215
POL,2018,CBOND,NLIFE,DIR,763.662
POL,2018,CBOND,_T,DIR,1857.877
POL,2018,CCASH,LIFE,DIR,111.037
POL,2018,CCASH,NLIFE,DIR,52.258
POL,2018,CCASH,_T,DIR,163.295
POL,2018,CIS,LIFE,DIR,1937.353
POL,2018,CIS,NLIFE,DIR,2514.994
POL,2018,CIS,_T,DIR,4452.347
POL,2018,COTHER,LIFE,DIR,615.561
POL,2018,COTHER,NLIFE,DIR,633.478
POL,2018,COTHER,_T,DIR,1249.039
POL,2018,CREST,LIFE,DIR,0.01
POL,2018,CREST,NLIFE,DIR,376.627
POL,2018,CREST,_T,DIR,376.638
POL,2018,CSHARE,LIFE,DIR,116.295
POL,2018,CSHARE,NLIFE,DIR,656.603
POL,2018,CSHARE,_T,DIR,772.897
POL,2018,HEDGE,LIFE,DIR,0.235
POL,2018,HEDGE,NLIFE,DIR,6.523
POL,2018,HEDGE,_T,DIR,6.758
POL,2018,INV,LIFE,DIR,24852.844
POL,2018,INV,NLIFE,DIR,23147.772
POL,2018,INV,_T,DIR,48000.617
POL,2018,INV_O,LIFE,DIR,0.107
POL,2018,INV_O,NLIFE,DIR,-40.233
POL,2018,INV_O,_T,DIR,-40.126
POL,2018,LOAN,LIFE,DIR,335.451
POL,2018,LOAN,NLIFE,DIR,618.943
POL,2018,LOAN,_T,DIR,954.394
POL,2018,PEQUF,LIFE,DIR,0
POL,2018,PEQUF,NLIFE,DIR,25.843
POL,2018,PEQUF,_T,DIR,25.843
POL,2018,PRIB,LIFE,DIR,436.446
POL,2018,PRIB,NLIFE,DIR,939.094
POL,2018,PRIB,_T,DIR,1375.54
POL,2018,PUBB,LIFE,DIR,8340.002
POL,2018,PUBB,NLIFE,DIR,11106.921
POL,2018,PUBB,_T,DIR,19446.923
POL,2018,PUBS,LIFE,DIR,50.71
POL,2018,PUBS,NLIFE,DIR,2160.385
POL,2018,PUBS,_T,DIR,2211.095
POL,2018,REST,LIFE,DIR,107.724
POL,2018,REST,NLIFE,DIR,390.956
POL,2018,REST,_T,DIR,498.68
POL,2018,SHARE,LIFE,DIR,586.603
POL,2018,SHARE,NLIFE,DIR,6593.417
POL,2018,SHARE,_T,DIR,7180.02
POL,2018,STRPRDT,LIFE,DIR,5.688
POL,2018,STRPRDT,NLIFE,DIR,6.547
POL,2018,STRPRDT,_T,DIR,12.235
POL,2018,UNITLINK,LIFE,DIR,12484.81
POL,2018,UNITLINK,NLIFE,DIR,0
POL,2018,UNITLINK,_T,DIR,12484.81
POL,2018,UNLISTED,LIFE,DIR,535.893
POL,2018,UNLISTED,NLIFE,DIR,4433.032
POL,2018,UNLISTED,_T,DIR,4968.925
POL,2019,BOND,LIFE,DIR,9092.044
POL,2019,BOND,NLIFE,DIR,12946.218
POL,2019,BOND,_T,DIR,22038.263
POL,2019,CASH,LIFE,DIR,658.991
POL,2019,CASH,NLIFE,DIR,477.552
POL,2019,CASH,_T,DIR,1136.544
POL,2019,CBOND,LIFE,DIR,1000.938
POL,2019,CBOND,NLIFE,DIR,693.769
POL,2019,CBOND,_T,DIR,1694.707
POL,2019,CCASH,LIFE,DIR,58.277
POL,2019,CCASH,NLIFE,DIR,18.729
POL,2019,CCASH,_T,DIR,77.006
POL,2019,CIS,LIFE,DIR,1751.342
POL,2019,CIS,NLIFE,DIR,2448.163
POL,2019,CIS,_T,DIR,4199.505
POL,2019,COTHER,LIFE,DIR,588.934
POL,2019,COTHER,NLIFE,DIR,611.325
POL,2019,COTHER,_T,DIR,1200.259
POL,2019,CREST,LIFE,DIR,0.006
POL,2019,CREST,NLIFE,DIR,412.804
POL,2019,CREST,_T,DIR,412.81
POL,2019,CSHARE,LIFE,DIR,102.964
POL,2019,CSHARE,NLIFE,DIR,662.722
POL,2019,CSHARE,_T,DIR,765.687
POL,2019,HEDGE,LIFE,DIR,0.223
POL,2019,HEDGE,NLIFE,DIR,8.919
POL,2019,HEDGE,_T,DIR,9.143
POL,2019,INV,LIFE,DIR,24554.205
POL,2019,INV,NLIFE,DIR,23056.874
POL,2019,INV,_T,DIR,47611.079
POL,2019,INV_O,LIFE,DIR,2.337
POL,2019,INV_O,NLIFE,DIR,-34.553
POL,2019,INV_O,_T,DIR,-32.215
POL,2019,LOAN,LIFE,DIR,380.496
POL,2019,LOAN,NLIFE,DIR,484.93
POL,2019,LOAN,_T,DIR,865.425
POL,2019,PEQUF,LIFE,DIR,0
POL,2019,PEQUF,NLIFE,DIR,39.894
POL,2019,PEQUF,_T,DIR,39.894
POL,2019,PRIB,LIFE,DIR,456.789
POL,2019,PRIB,NLIFE,DIR,1984.623
POL,2019,PRIB,_T,DIR,2441.412
POL,2019,PUBB,LIFE,DIR,8635.255
POL,2019,PUBB,NLIFE,DIR,10961.595
POL,2019,PUBB,_T,DIR,19596.851
POL,2019,PUBS,LIFE,DIR,12.611
POL,2019,PUBS,NLIFE,DIR,1784.238
POL,2019,PUBS,_T,DIR,1796.849
POL,2019,REST,LIFE,DIR,167.816
POL,2019,REST,NLIFE,DIR,567.939
POL,2019,REST,_T,DIR,735.755
POL,2019,SHARE,LIFE,DIR,546.864
POL,2019,SHARE,NLIFE,DIR,6166.625
POL,2019,SHARE,_T,DIR,6713.488
POL,2019,STRPRDT,LIFE,DIR,4.168
POL,2019,STRPRDT,NLIFE,DIR,0
POL,2019,STRPRDT,_T,DIR,4.168
POL,2019,UNITLINK,LIFE,DIR,11949.639
POL,2019,UNITLINK,NLIFE,DIR,0
POL,2019,UNITLINK,_T,DIR,11949.639
POL,2019,UNLISTED,LIFE,DIR,534.253
POL,2019,UNLISTED,NLIFE,DIR,4382.386
POL,2019,UNLISTED,_T,DIR,4916.639
POL,2020,BOND,LIFE,DIR,9819.348
POL,2020,BOND,NLIFE,DIR,15830.702
POL,2020,BOND,_T,DIR,25650.05
POL,2020,CASH,LIFE,DIR,489.163
POL,2020,CASH,NLIFE,DIR,413.148
POL,2020,CASH,_T,DIR,902.311
POL,2020,CBOND,LIFE,DIR,1041.279
POL,2020,CBOND,NLIFE,DIR,719.487
POL,2020,CBOND,_T,DIR,1760.766
POL,2020,CCASH,LIFE,DIR,71.834
POL,2020,CCASH,NLIFE,DIR,17.242
POL,2020,CCASH,_T,DIR,89.075
POL,2020,CIS,LIFE,DIR,1843.445
POL,2020,CIS,NLIFE,DIR,2526.932
POL,2020,CIS,_T,DIR,4370.378
POL,2020,COTHER,LIFE,DIR,677.511
POL,2020,COTHER,NLIFE,DIR,626.779
POL,2020,COTHER,_T,DIR,1304.29
POL,2020,CREST,LIFE,DIR,0.012
POL,2020,CREST,NLIFE,DIR,453.778
POL,2020,CREST,_T,DIR,453.79
POL,2020,CSHARE,LIFE,DIR,52.81
POL,2020,CSHARE,NLIFE,DIR,709.647
POL,2020,CSHARE,_T,DIR,762.457
POL,2020,HEDGE,LIFE,DIR,0.197
POL,2020,HEDGE,NLIFE,DIR,11.171
POL,2020,HEDGE,_T,DIR,11.368
POL,2020,INV,LIFE,DIR,13176.161
POL,2020,INV,NLIFE,DIR,24816.26
POL,2020,INV,_T,DIR,37992.422
POL,2020,INV_O,LIFE,DIR,1.438
POL,2020,INV_O,NLIFE,DIR,-35.008
POL,2020,INV_O,_T,DIR,-33.57
POL,2020,LOAN,LIFE,DIR,403.782
POL,2020,LOAN,NLIFE,DIR,526.025
POL,2020,LOAN,_T,DIR,929.807
POL,2020,PEQUF,LIFE,DIR,0
POL,2020,PEQUF,NLIFE,DIR,67.727
POL,2020,PEQUF,_T,DIR,67.727
POL,2020,PRIB,LIFE,DIR,479.599
POL,2020,PRIB,NLIFE,DIR,2275.581
POL,2020,PRIB,_T,DIR,2755.18
POL,2020,PUBB,LIFE,DIR,9339.749
POL,2020,PUBB,NLIFE,DIR,13555.121
POL,2020,PUBB,_T,DIR,22894.87
POL,2020,PUBS,LIFE,DIR,10.309
POL,2020,PUBS,NLIFE,DIR,1113.139
POL,2020,PUBS,_T,DIR,1123.448
POL,2020,REST,LIFE,DIR,32.03
POL,2020,REST,NLIFE,DIR,66.065
POL,2020,REST,_T,DIR,98.095
POL,2020,SHARE,LIFE,DIR,584.114
POL,2020,SHARE,NLIFE,DIR,5409.497
POL,2020,SHARE,_T,DIR,5993.611
POL,2020,STRPRDT,LIFE,DIR,2.645
POL,2020,STRPRDT,NLIFE,DIR,0
POL,2020,STRPRDT,_T,DIR,2.645
POL,2020,UNITLINK,LIFE,DIR,11990.811
POL,2020,UNITLINK,_T,DIR,11990.811
POL,2020,UNLISTED,LIFE,DIR,573.805
POL,2020,UNLISTED,NLIFE,DIR,4296.358
POL,2020,UNLISTED,_T,DIR,4870.163
PRT,2018,BOND,COMP,DIR,13945.085
PRT,2018,BOND,LIFE,DIR,15537.213
PRT,2018,BOND,NLIFE,DIR,2479.273
PRT,2018,BOND,_T,DIR,31961.571
PRT,2018,CASH,COMP,DIR,2817.835
PRT,2018,CASH,LIFE,DIR,603.523
PRT,2018,CASH,NLIFE,DIR,221.567
PRT,2018,CASH,_T,DIR,3642.925
PRT,2018,CBOND,COMP,DIR,635.923
PRT,2018,CBOND,LIFE,DIR,82.057
PRT,2018,CBOND,NLIFE,DIR,59.647
PRT,2018,CBOND,_T,DIR,777.628
PRT,2018,CCASH,COMP,DIR,0.001
PRT,2018,CCASH,LIFE,DIR,102.512
PRT,2018,CCASH,NLIFE,DIR,34.561
PRT,2018,CCASH,_T,DIR,137.074
PRT,2018,CIS,COMP,DIR,1043.679
PRT,2018,CIS,LIFE,DIR,966.034
PRT,2018,CIS,NLIFE,DIR,213.832
PRT,2018,CIS,_T,DIR,2223.545
PRT,2018,COTHER,COMP,DIR,66.436
PRT,2018,COTHER,LIFE,DIR,66.531
PRT,2018,COTHER,NLIFE,DIR,23.379
PRT,2018,COTHER,_T,DIR,156.346
PRT,2018,CREST,COMP,DIR,329.019
PRT,2018,CREST,LIFE,DIR,558.675
PRT,2018,CREST,NLIFE,DIR,15.735
PRT,2018,CREST,_T,DIR,903.43
PRT,2018,CSHARE,COMP,DIR,12.299
PRT,2018,CSHARE,LIFE,DIR,156.258
PRT,2018,CSHARE,NLIFE,DIR,80.51
PRT,2018,CSHARE,_T,DIR,249.068
PRT,2018,HEDGE,COMP,DIR,2.301
PRT,2018,HEDGE,LIFE,DIR,0
PRT,2018,HEDGE,NLIFE,DIR,20.39
PRT,2018,HEDGE,_T,DIR,22.692
PRT,2018,INV,COMP,DIR,21321.625
PRT,2018,INV,LIFE,DIR,31088.218
PRT,2018,INV,NLIFE,DIR,3114.782
PRT,2018,INV,_T,DIR,55524.626
PRT,2018,INV_O,COMP,DIR,47.4
PRT,2018,INV_O,LIFE,DIR,-0.303
PRT,2018,INV_O,NLIFE,DIR,0
PRT,2018,INV_O,_T,DIR,47.098
PRT,2018,LOAN,COMP,DIR,38.209
PRT,2018,LOAN,LIFE,DIR,41.936
PRT,2018,LOAN,NLIFE,DIR,7.264
PRT,2018,LOAN,_T,DIR,87.408
PRT,2018,PEQUF,COMP,DIR,80.865
PRT,2018,PEQUF,LIFE,DIR,26.798
PRT,2018,PEQUF,NLIFE,DIR,1.798
PRT,2018,PEQUF,_T,DIR,109.462
PRT,2018,PRIB,COMP,DIR,6234.313
PRT,2018,PRIB,LIFE,DIR,5629.295
PRT,2018,PRIB,NLIFE,DIR,734.958
PRT,2018,PRIB,_T,DIR,12598.566
PRT,2018,PUBB,COMP,DIR,7710.772
PRT,2018,PUBB,LIFE,DIR,9907.918
PRT,2018,PUBB,NLIFE,DIR,1744.315
PRT,2018,PUBB,_T,DIR,19363.005
PRT,2018,PUBS,COMP,DIR,1140.303
PRT,2018,PUBS,LIFE,DIR,145.029
PRT,2018,PUBS,NLIFE,DIR,32.694
PRT,2018,PUBS,_T,DIR,1318.026
PRT,2018,REST,COMP,DIR,245.412
PRT,2018,REST,LIFE,DIR,167.177
PRT,2018,REST,NLIFE,DIR,108.826
PRT,2018,REST,_T,DIR,521.415
PRT,2018,SHARE,COMP,DIR,2834.121
PRT,2018,SHARE,LIFE,DIR,151.084
PRT,2018,SHARE,NLIFE,DIR,43.611
PRT,2018,SHARE,_T,DIR,3028.816
PRT,2018,STRPRDT,COMP,DIR,148.619
PRT,2018,STRPRDT,LIFE,DIR,47.785
PRT,2018,STRPRDT,NLIFE,DIR,18.221
PRT,2018,STRPRDT,_T,DIR,214.625
PRT,2018,UNITLINK,COMP,DIR,118.098
PRT,2018,UNITLINK,LIFE,DIR,13546.971
PRT,2018,UNITLINK,NLIFE,DIR,0
PRT,2018,UNITLINK,_T,DIR,13665.069
PRT,2018,UNLISTED,COMP,DIR,1693.818
PRT,2018,UNLISTED,LIFE,DIR,6.055
PRT,2018,UNLISTED,NLIFE,DIR,10.917
PRT,2018,UNLISTED,_T,DIR,1710.79
PRT,2019,BOND,COMP,DIR,14227.865
PRT,2019,BOND,LIFE,DIR,17259.798
PRT,2019,BOND,NLIFE,DIR,2458.227
PRT,2019,BOND,_T,DIR,33945.891
PRT,2019,CASH,COMP,DIR,1645.066
PRT,2019,CASH,LIFE,DIR,550.611
PRT,2019,CASH,NLIFE,DIR,209.513
PRT,2019,CASH,_T,DIR,2405.19
PRT,2019,CBOND,COMP,DIR,1474.634
PRT,2019,CBOND,LIFE,DIR,45.127
PRT,2019,CBOND,NLIFE,DIR,29.511
PRT,2019,CBOND,_T,DIR,1549.272
PRT,2019,CCASH,COMP,DIR,22.429
PRT,2019,CCASH,LIFE,DIR,17.73
PRT,2019,CCASH,NLIFE,DIR,18.549
PRT,2019,CCASH,_T,DIR,58.707
PRT,2019,CIS,COMP,DIR,1897.757
PRT,2019,CIS,LIFE,DIR,530.661
PRT,2019,CIS,NLIFE,DIR,148.225
PRT,2019,CIS,_T,DIR,2576.644
PRT,2019,COTHER,COMP,DIR,112.493
PRT,2019,COTHER,LIFE,DIR,160.42
PRT,2019,COTHER,NLIFE,DIR,21.149
PRT,2019,COTHER,_T,DIR,294.062
PRT,2019,CREST,COMP,DIR,281.873
PRT,2019,CREST,LIFE,DIR,179.693
PRT,2019,CREST,NLIFE,DIR,20.482
PRT,2019,CREST,_T,DIR,482.048
PRT,2019,CSHARE,COMP,DIR,6.329
PRT,2019,CSHARE,LIFE,DIR,127.692
PRT,2019,CSHARE,NLIFE,DIR,58.534
PRT,2019,CSHARE,_T,DIR,192.554
PRT,2019,HEDGE,COMP,DIR,1.236
PRT,2019,HEDGE,LIFE,DIR,0
PRT,2019,HEDGE,NLIFE,DIR,0
PRT,2019,HEDGE,_T,DIR,1.236
PRT,2019,INV,COMP,DIR,21647.027
PRT,2019,INV,LIFE,DIR,32977.027
PRT,2019,INV,NLIFE,DIR,2997.505
PRT,2019,INV,_T,DIR,57621.559
PRT,2019,INV_O,COMP,DIR,-64.158
PRT,2019,INV_O,LIFE,DIR,-12.587
PRT,2019,INV_O,NLIFE,DIR,0
PRT,2019,INV_O,_T,DIR,-76.745
PRT,2019,LOAN,COMP,DIR,2.412
PRT,2019,LOAN,LIFE,DIR,91.808
PRT,2019,LOAN,NLIFE,DIR,3.834
PRT,2019,LOAN,_T,DIR,98.055
PRT,2019,PEQUF,COMP,DIR,60.447
PRT,2019,PEQUF,LIFE,DIR,26.485
PRT,2019,PEQUF,NLIFE,DIR,5.453
PRT,2019,PEQUF,_T,DIR,92.385
PRT,2019,PRIB,COMP,DIR,6761.986
PRT,2019,PRIB,LIFE,DIR,5733.639
PRT,2019,PRIB,NLIFE,DIR,786.12
PRT,2019,PRIB,_T,DIR,13281.745
PRT,2019,PUBB,COMP,DIR,7465.88
PRT,2019,PUBB,LIFE,DIR,11526.16
PRT,2019,PUBB,NLIFE,DIR,1672.107
PRT,2019,PUBB,_T,DIR,20664.146
PRT,2019,PUBS,COMP,DIR,841.213
PRT,2019,PUBS,LIFE,DIR,148.097
PRT,2019,PUBS,NLIFE,DIR,22.58
PRT,2019,PUBS,_T,DIR,1011.89
PRT,2019,REST,COMP,DIR,182.286
PRT,2019,REST,LIFE,DIR,149.267
PRT,2019,REST,NLIFE,DIR,109.805
PRT,2019,REST,_T,DIR,441.358
PRT,2019,SHARE,COMP,DIR,3260.646
PRT,2019,SHARE,LIFE,DIR,222.243
PRT,2019,SHARE,NLIFE,DIR,45.738
PRT,2019,SHARE,_T,DIR,3528.628
PRT,2019,STRPRDT,COMP,DIR,177.578
PRT,2019,STRPRDT,LIFE,DIR,32.855
PRT,2019,STRPRDT,NLIFE,DIR,16.71
PRT,2019,STRPRDT,_T,DIR,227.143
PRT,2019,UNITLINK,COMP,DIR,255.891
PRT,2019,UNITLINK,LIFE,DIR,14125.883
PRT,2019,UNITLINK,NLIFE,DIR,0
PRT,2019,UNITLINK,_T,DIR,14381.774
PRT,2019,UNLISTED,COMP,DIR,2419.433
PRT,2019,UNLISTED,LIFE,DIR,74.147
PRT,2019,UNLISTED,NLIFE,DIR,23.158
PRT,2019,UNLISTED,_T,DIR,2516.738
PRT,2020,BOND,COMP,DIR,16557.675
PRT,2020,BOND,LIFE,DIR,16085.467
PRT,2020,BOND,NLIFE,DIR,2606.447
PRT,2020,BOND,_T,DIR,35249.589
PRT,2020,CASH,COMP,DIR,470.361
PRT,2020,CASH,LIFE,DIR,356.923
PRT,2020,CASH,NLIFE,DIR,331.567
PRT,2020,CASH,_T,DIR,1158.851
PRT,2020,CBOND,COMP,DIR,1433.042
PRT,2020,CBOND,LIFE,DIR,85.853
PRT,2020,CBOND,NLIFE,DIR,21.201
PRT,2020,CBOND,_T,DIR,1540.096
PRT,2020,CCASH,COMP,DIR,24.416
PRT,2020,CCASH,LIFE,DIR,51.63
PRT,2020,CCASH,NLIFE,DIR,44.371
PRT,2020,CCASH,_T,DIR,120.417
PRT,2020,CIS,COMP,DIR,1976.502
PRT,2020,CIS,LIFE,DIR,645.218
PRT,2020,CIS,NLIFE,DIR,217.453
PRT,2020,CIS,_T,DIR,2839.174
PRT,2020,COTHER,COMP,DIR,158.361
PRT,2020,COTHER,LIFE,DIR,186.027
PRT,2020,COTHER,NLIFE,DIR,56.659
PRT,2020,COTHER,_T,DIR,401.047
PRT,2020,CREST,COMP,DIR,354.775
PRT,2020,CREST,LIFE,DIR,192.158
PRT,2020,CREST,NLIFE,DIR,16.522
PRT,2020,CREST,_T,DIR,563.456
PRT,2020,CSHARE,COMP,DIR,5.908
PRT,2020,CSHARE,LIFE,DIR,129.551
PRT,2020,CSHARE,NLIFE,DIR,78.7
PRT,2020,CSHARE,_T,DIR,214.158
PRT,2020,HEDGE,COMP,DIR,24.39
PRT,2020,HEDGE,LIFE,DIR,0.109
PRT,2020,HEDGE,NLIFE,DIR,0.573
PRT,2020,HEDGE,_T,DIR,25.071
PRT,2020,INV,COMP,DIR,24106.263
PRT,2020,INV,LIFE,DIR,33149.447
PRT,2020,INV,NLIFE,DIR,3354.327
PRT,2020,INV,_T,DIR,60610.037
PRT,2020,INV_O,COMP,DIR,-8.424
PRT,2020,INV_O,LIFE,DIR,-14.84
PRT,2020,INV_O,NLIFE,DIR,0
PRT,2020,INV_O,_T,DIR,-23.264
PRT,2020,LOAN,COMP,DIR,3.976
PRT,2020,LOAN,LIFE,DIR,259.89
PRT,2020,LOAN,NLIFE,DIR,22.159
PRT,2020,LOAN,_T,DIR,286.025
PRT,2020,PEQUF,COMP,DIR,58.883
PRT,2020,PEQUF,LIFE,DIR,49.006
PRT,2020,PEQUF,NLIFE,DIR,14.505
PRT,2020,PEQUF,_T,DIR,122.394
PRT,2020,PRIB,COMP,DIR,8450.462
PRT,2020,PRIB,LIFE,DIR,5057.196
PRT,2020,PRIB,NLIFE,DIR,861.805
PRT,2020,PRIB,_T,DIR,14369.463
PRT,2020,PUBB,COMP,DIR,8107.213
PRT,2020,PUBB,LIFE,DIR,11028.271
PRT,2020,PUBB,NLIFE,DIR,1744.642
PRT,2020,PUBB,_T,DIR,20880.126
PRT,2020,PUBS,COMP,DIR,704.785
PRT,2020,PUBS,LIFE,DIR,51.674
PRT,2020,PUBS,NLIFE,DIR,9.463
PRT,2020,PUBS,_T,DIR,765.922
PRT,2020,REST,COMP,DIR,221.79
PRT,2020,REST,LIFE,DIR,249.041
PRT,2020,REST,NLIFE,DIR,104.643
PRT,2020,REST,_T,DIR,575.475
PRT,2020,SHARE,COMP,DIR,3605.01
PRT,2020,SHARE,LIFE,DIR,160.31
PRT,2020,SHARE,NLIFE,DIR,33.937
PRT,2020,SHARE,_T,DIR,3799.257
PRT,2020,STRPRDT,COMP,DIR,383.623
PRT,2020,STRPRDT,LIFE,DIR,25.501
PRT,2020,STRPRDT,NLIFE,DIR,23.043
PRT,2020,STRPRDT,_T,DIR,432.166
PRT,2020,UNITLINK,COMP,DIR,812.477
PRT,2020,UNITLINK,LIFE,DIR,15332.822
PRT,2020,UNITLINK,NLIFE,DIR,0
PRT,2020,UNITLINK,_T,DIR,16145.299
PRT,2020,UNLISTED,COMP,DIR,2900.225
PRT,2020,UNLISTED,LIFE,DIR,108.636
PRT,2020,UNLISTED,NLIFE,DIR,24.474
PRT,2020,UNLISTED,_T,DIR,3033.335
PRY,2019,BOND,COMP,DIR,231.481
PRY,2019,BOND,_T,DIR,231.481
PRY,2019,CASH,COMP,DIR,57.095
PRY,2019,CASH,_T,DIR,57.095
PRY,2019,CBOND,COMP,DIR,0
PRY,2019,CBOND,_T,DIR,0
PRY,2019,CCASH,COMP,DIR,0
PRY,2019,CCASH,_T,DIR,0
PRY,2019,CIS,COMP,DIR,0
PRY,2019,CIS,_T,DIR,0
PRY,2019,COTHER,COMP,DIR,0
PRY,2019,COTHER,_T,DIR,0
PRY,2019,CREST,COMP,DIR,0
PRY,2019,CREST,_T,DIR,0
PRY,2019,CSHARE,COMP,DIR,0
PRY,2019,CSHARE,_T,DIR,0
PRY,2019,HEDGE,COMP,DIR,0
PRY,2019,HEDGE,_T,DIR,0
PRY,2019,INV,COMP,DIR,311.303
PRY,2019,INV,_T,DIR,311.303
PRY,2019,INV_O,COMP,DIR,0
PRY,2019,INV_O,_T,DIR,0
PRY,2019,LOAN,COMP,DIR,0.704
PRY,2019,LOAN,_T,DIR,0.704
PRY,2019,PEQUF,COMP,DIR,0
PRY,2019,PEQUF,_T,DIR,0
PRY,2019,PRIB,COMP,DIR,213.865
PRY,2019,PRIB,_T,DIR,213.865
PRY,2019,PUBB,COMP,DIR,17.616
PRY,2019,PUBB,_T,DIR,17.616
PRY,2019,PUBS,COMP,DIR,0
PRY,2019,PUBS,_T,DIR,0
PRY,2019,REST,COMP,DIR,16.107
PRY,2019,REST,_T,DIR,16.107
PRY,2019,SHARE,COMP,DIR,5.917
PRY,2019,SHARE,_T,DIR,5.917
PRY,2019,STRPRDT,COMP,DIR,0
PRY,2019,STRPRDT,_T,DIR,0
PRY,2019,UNITLINK,COMP,DIR,0
PRY,2019,UNITLINK,_T,DIR,0
PRY,2019,UNLISTED,COMP,DIR,0
PRY,2019,UNLISTED,_T,DIR,0
SLV,2018,BOND,COMP,DIR,158.62
SLV,2018,BOND,LIFE,DIR,149.88
SLV,2018,BOND,NLIFE,DIR,52.1
SLV,2018,BOND,_T,DIR,360.6
SLV,2018,CASH,COMP,DIR,31.67
SLV,2018,CASH,LIFE,DIR,29.24
SLV,2018,CASH,NLIFE,DIR,18.4
SLV,2018,CASH,_T,DIR,79.31
SLV,2018,INV,COMP,DIR,223.91
SLV,2018,INV,LIFE,DIR,290.13
SLV,2018,INV,NLIFE,DIR,160.43
SLV,2018,INV,_T,DIR,674.47
SLV,2018,INV_O,COMP,DIR,0
SLV,2018,INV_O,LIFE,DIR,101.41
SLV,2018,INV_O,NLIFE,DIR,37.82
SLV,2018,INV_O,_T,DIR,139.23
SLV,2018,LOAN,COMP,DIR,31.45
SLV,2018,LOAN,LIFE,DIR,4.07
SLV,2018,LOAN,NLIFE,DIR,0.32
SLV,2018,LOAN,_T,DIR,35.84
SLV,2018,PRIB,COMP,DIR,107.49
SLV,2018,PRIB,LIFE,DIR,100.51
SLV,2018,PRIB,NLIFE,DIR,36.74
SLV,2018,PRIB,_T,DIR,244.74
SLV,2018,PUBB,COMP,DIR,51.13
SLV,2018,PUBB,LIFE,DIR,49.37
SLV,2018,PUBB,NLIFE,DIR,15.36
SLV,2018,PUBB,_T,DIR,115.86
SLV,2018,REST,COMP,DIR,1.71
SLV,2018,REST,LIFE,DIR,5.53
SLV,2018,REST,NLIFE,DIR,0
SLV,2018,REST,_T,DIR,7.24
SLV,2018,SHARE,COMP,DIR,0.46
SLV,2018,SHARE,LIFE,DIR,0
SLV,2018,SHARE,NLIFE,DIR,51.79
SLV,2018,SHARE,_T,DIR,52.25
SLV,2019,BOND,COMP,DIR,94.701
SLV,2019,BOND,LIFE,DIR,116.957
SLV,2019,BOND,NLIFE,DIR,36.614
SLV,2019,BOND,_T,DIR,248.271
SLV,2019,CASH,COMP,DIR,107.393
SLV,2019,CASH,LIFE,DIR,108.379
SLV,2019,CASH,NLIFE,DIR,52.858
SLV,2019,CASH,_T,DIR,268.629
SLV,2019,CIS,COMP,DIR,7.08
SLV,2019,CIS,LIFE,DIR,2.364
SLV,2019,CIS,NLIFE,DIR,2.102
SLV,2019,CIS,_T,DIR,11.545
SLV,2019,COTHER,COMP,DIR,7.08
SLV,2019,COTHER,LIFE,DIR,2.364
SLV,2019,COTHER,NLIFE,DIR,2.102
SLV,2019,COTHER,_T,DIR,11.545
SLV,2019,INV,COMP,DIR,240.285
SLV,2019,INV,LIFE,DIR,240.04
SLV,2019,INV,NLIFE,DIR,93.691
SLV,2019,INV,_T,DIR,574.015
SLV,2019,INV_O,COMP,DIR,2.944
SLV,2019,INV_O,LIFE,DIR,1.031
SLV,2019,INV_O,NLIFE,DIR,0.416
SLV,2019,INV_O,_T,DIR,4.391
SLV,2019,LOAN,COMP,DIR,26.216
SLV,2019,LOAN,LIFE,DIR,5.777
SLV,2019,LOAN,NLIFE,DIR,1.656
SLV,2019,LOAN,_T,DIR,33.648
SLV,2019,PRIB,COMP,DIR,44.543
SLV,2019,PRIB,LIFE,DIR,72.694
SLV,2019,PRIB,NLIFE,DIR,22.305
SLV,2019,PRIB,_T,DIR,139.542
SLV,2019,PUBB,COMP,DIR,50.157
SLV,2019,PUBB,LIFE,DIR,44.263
SLV,2019,PUBB,NLIFE,DIR,14.309
SLV,2019,PUBB,_T,DIR,108.729
SLV,2019,PUBS,COMP,DIR,0.424
SLV,2019,PUBS,LIFE,DIR,0
SLV,2019,PUBS,NLIFE,DIR,0.046
SLV,2019,PUBS,_T,DIR,0.469
SLV,2019,REST,COMP,DIR,1.528
SLV,2019,REST,LIFE,DIR,5.532
SLV,2019,REST,NLIFE,DIR,0
SLV,2019,REST,_T,DIR,7.061
SLV,2019,SHARE,COMP,DIR,0.424
SLV,2019,SHARE,LIFE,DIR,0
SLV,2019,SHARE,NLIFE,DIR,0.046
SLV,2019,SHARE,_T,DIR,0.469
SLV,2020,BOND,COMP,DIR,90.267
SLV,2020,BOND,LIFE,DIR,102.291
SLV,2020,BOND,NLIFE,DIR,28.705
SLV,2020,BOND,_T,DIR,221.264
SLV,2020,CASH,COMP,DIR,110.192
SLV,2020,CASH,LIFE,DIR,132.306
SLV,2020,CASH,NLIFE,DIR,61.244
SLV,2020,CASH,_T,DIR,303.742
SLV,2020,CIS,COMP,DIR,6.922
SLV,2020,CIS,LIFE,DIR,5.28
SLV,2020,CIS,NLIFE,DIR,3.904
SLV,2020,CIS,_T,DIR,16.106
SLV,2020,COTHER,COMP,DIR,6.922
SLV,2020,COTHER,LIFE,DIR,5.28
SLV,2020,COTHER,NLIFE,DIR,3.904
SLV,2020,COTHER,_T,DIR,16.106
SLV,2020,INV,COMP,DIR,237.399
SLV,2020,INV,LIFE,DIR,249.311
SLV,2020,INV,NLIFE,DIR,94.932
SLV,2020,INV,_T,DIR,581.641
SLV,2020,INV_O,COMP,DIR,8.173
SLV,2020,INV_O,LIFE,DIR,1.588
SLV,2020,INV_O,NLIFE,DIR,0.432
SLV,2020,INV_O,_T,DIR,10.193
SLV,2020,LOAN,COMP,DIR,19.864
SLV,2020,LOAN,LIFE,DIR,2.314
SLV,2020,LOAN,NLIFE,DIR,0.6
SLV,2020,LOAN,_T,DIR,22.779
SLV,2020,PRIB,COMP,DIR,36.19
SLV,2020,PRIB,LIFE,DIR,68.446
SLV,2020,PRIB,NLIFE,DIR,18.662
SLV,2020,PRIB,_T,DIR,123.297
SLV,2020,PUBB,COMP,DIR,54.078
SLV,2020,PUBB,LIFE,DIR,33.846
SLV,2020,PUBB,NLIFE,DIR,10.043
SLV,2020,PUBB,_T,DIR,97.966
SLV,2020,PUBS,COMP,DIR,0.452
SLV,2020,PUBS,LIFE,DIR,0
SLV,2020,PUBS,NLIFE,DIR,0.046
SLV,2020,PUBS,_T,DIR,0.498
SLV,2020,REST,COMP,DIR,1.528
SLV,2020,REST,LIFE,DIR,5.532
SLV,2020,REST,NLIFE,DIR,0
SLV,2020,REST,_T,DIR,7.061
SLV,2020,SHARE,COMP,DIR,0.452
SLV,2020,SHARE,LIFE,DIR,0
SLV,2020,SHARE,NLIFE,DIR,0.046
SLV,2020,SHARE,_T,DIR,0.498
SVK,2019,BOND,COMP,DIR,4512.529
SVK,2019,BOND,LIFE,DIR,801.501
SVK,2019,CASH,COMP,DIR,289.95
SVK,2019,CASH,LIFE,DIR,76.953
SVK,2019,CASH,NLIFE,DIR,25.748
SVK,2019,CIS,COMP,DIR,263.415
SVK,2019,CIS,LIFE,DIR,36.499
SVK,2019,HEDGE,COMP,DIR,0
SVK,2019,HEDGE,LIFE,DIR,0
SVK,2019,HEDGE,NLIFE,DIR,0
SVK,2019,HEDGE,_T,DIR,0
SVK,2019,INV,COMP,DIR,6742.152
SVK,2019,INV,LIFE,DIR,1757.211
SVK,2019,INV,NLIFE,DIR,33.219
SVK,2019,INV_O,COMP,DIR,216.311
SVK,2019,INV_O,LIFE,DIR,125.304
SVK,2019,LOAN,COMP,DIR,46.014
SVK,2019,LOAN,LIFE,DIR,3.606
SVK,2019,PEQUF,COMP,DIR,0
SVK,2019,PEQUF,LIFE,DIR,0
SVK,2019,PEQUF,NLIFE,DIR,0
SVK,2019,PEQUF,_T,DIR,0
SVK,2019,PRIB,COMP,DIR,2050.25
SVK,2019,PRIB,LIFE,DIR,20.693
SVK,2019,PUBB,COMP,DIR,2423.679
SVK,2019,PUBB,LIFE,DIR,174.262
SVK,2019,REST,COMP,DIR,251.496
SVK,2019,REST,LIFE,DIR,2.775
SVK,2019,STRPRDT,COMP,DIR,0
SVK,2019,STRPRDT,LIFE,DIR,0
SVK,2019,STRPRDT,NLIFE,DIR,0
SVK,2019,STRPRDT,_T,DIR,0
SVK,2019,UNITLINK,COMP,DIR,1152.271
SVK,2019,UNITLINK,LIFE,DIR,710.584
SVK,2019,UNITLINK,_T,DIR,437.036
SVK,2020,BOND,COMP,DIR,5228.426
SVK,2020,BOND,LIFE,DIR,903.16
SVK,2020,BOND,NLIFE,DIR,0
SVK,2020,BOND,_T,DIR,6131.586
SVK,2020,CASH,COMP,DIR,339.367
SVK,2020,CASH,LIFE,DIR,59.269
SVK,2020,CASH,NLIFE,DIR,26.656
SVK,2020,CASH,_T,DIR,425.292
SVK,2020,CIS,COMP,DIR,1174.55
SVK,2020,CIS,LIFE,DIR,577.132
SVK,2020,CIS,NLIFE,DIR,0
SVK,2020,CIS,_T,DIR,1751.682
SVK,2020,HEDGE,COMP,DIR,0
SVK,2020,HEDGE,LIFE,DIR,0
SVK,2020,HEDGE,NLIFE,DIR,0
SVK,2020,HEDGE,_T,DIR,0
SVK,2020,INV,COMP,DIR,7602.536
SVK,2020,INV,LIFE,DIR,1827.103
SVK,2020,INV,NLIFE,DIR,40.21
SVK,2020,INV,_T,DIR,9469.849
SVK,2020,INV_O,COMP,DIR,0
SVK,2020,INV_O,LIFE,DIR,0
SVK,2020,INV_O,NLIFE,DIR,0
SVK,2020,INV_O,_T,DIR,0
SVK,2020,LOAN,COMP,DIR,96.008
SVK,2020,LOAN,LIFE,DIR,1.562
SVK,2020,LOAN,NLIFE,DIR,13.554
SVK,2020,LOAN,_T,DIR,111.124
SVK,2020,PEQUF,COMP,DIR,0
SVK,2020,PEQUF,LIFE,DIR,0
SVK,2020,PEQUF,NLIFE,DIR,0
SVK,2020,PEQUF,_T,DIR,0
SVK,2020,REST,COMP,DIR,232.031
SVK,2020,REST,LIFE,DIR,1.461
SVK,2020,REST,NLIFE,DIR,0
SVK,2020,REST,_T,DIR,233.492
SVK,2020,SHARE,COMP,DIR,200.513
SVK,2020,SHARE,LIFE,DIR,46.877
SVK,2020,SHARE,NLIFE,DIR,0
SVK,2020,SHARE,_T,DIR,247.39
SVK,2020,STRPRDT,COMP,DIR,114.72
SVK,2020,STRPRDT,LIFE,DIR,0
SVK,2020,STRPRDT,NLIFE,DIR,0
SVK,2020,STRPRDT,_T,DIR,114.72
SVK,2020,UNITLINK,COMP,DIR,216.921
SVK,2020,UNITLINK,LIFE,DIR,237.642
SVK,2020,UNITLINK,NLIFE,DIR,0
SVK,2020,UNITLINK,_T,DIR,454.563
SVN,2018,BOND,COMP,DIR,4106.832
SVN,2018,BOND,NLIFE,DIR,190.981
SVN,2018,BOND,NLIFE,REI,445.985
SVN,2018,BOND,_T,DIR,4297.813
SVN,2018,BOND,_T,REI,445.985
SVN,2018,CASH,COMP,DIR,180.502
SVN,2018,CASH,NLIFE,DIR,33.263
SVN,2018,CASH,NLIFE,REI,27.599
SVN,2018,CASH,_T,DIR,213.766
SVN,2018,CASH,_T,REI,27.599
SVN,2018,CBOND,COMP,DIR,191.447
SVN,2018,CBOND,NLIFE,DIR,0.309
SVN,2018,CBOND,NLIFE,REI,2.722
SVN,2018,CBOND,_T,DIR,191.756
SVN,2018,CBOND,_T,REI,2.722
SVN,2018,CCASH,COMP,DIR,2.706
SVN,2018,CCASH,NLIFE,DIR,0
SVN,2018,CCASH,_T,DIR,2.706
SVN,2018,CIS,COMP,DIR,335.578
SVN,2018,CIS,NLIFE,DIR,5.008
SVN,2018,CIS,NLIFE,REI,5.683
SVN,2018,CIS,_T,DIR,340.587
SVN,2018,CIS,_T,REI,5.683
SVN,2018,COTHER,COMP,DIR,23.265
SVN,2018,COTHER,NLIFE,DIR,0
SVN,2018,COTHER,_T,DIR,23.265
SVN,2018,CREST,NLIFE,REI,2.13
SVN,2018,CREST,_T,REI,2.13
SVN,2018,CSHARE,COMP,DIR,118.16
SVN,2018,CSHARE,NLIFE,DIR,4.699
SVN,2018,CSHARE,NLIFE,REI,0.831
SVN,2018,CSHARE,_T,DIR,122.859
SVN,2018,CSHARE,_T,REI,0.831
SVN,2018,INV,COMP,DIR,7372.923
SVN,2018,INV,NLIFE,DIR,249.892
SVN,2018,INV,NLIFE,REI,958.223
SVN,2018,INV,_T,DIR,7622.815
SVN,2018,INV,_T,REI,958.223
SVN,2018,INV_O,COMP,DIR,6.59
SVN,2018,INV_O,NLIFE,DIR,0
SVN,2018,INV_O,NLIFE,REI,0.011
SVN,2018,INV_O,_T,DIR,6.59
SVN,2018,INV_O,_T,REI,0.011
SVN,2018,LOAN,COMP,DIR,94.347
SVN,2018,LOAN,NLIFE,DIR,0
SVN,2018,LOAN,NLIFE,REI,3.538
SVN,2018,LOAN,_T,DIR,94.347
SVN,2018,LOAN,_T,REI,3.538
SVN,2018,PRIB,COMP,DIR,1875.862
SVN,2018,PRIB,NLIFE,DIR,98.894
SVN,2018,PRIB,NLIFE,REI,216.968
SVN,2018,PRIB,_T,DIR,1974.756
SVN,2018,PRIB,_T,REI,216.968
SVN,2018,PUBB,COMP,DIR,2230.97
SVN,2018,PUBB,NLIFE,DIR,92.087
SVN,2018,PUBB,NLIFE,REI,229.017
SVN,2018,PUBB,_T,DIR,2323.057
SVN,2018,PUBB,_T,REI,229.017
SVN,2018,REST,COMP,DIR,257.005
SVN,2018,REST,NLIFE,DIR,20.089
SVN,2018,REST,NLIFE,REI,14.067
SVN,2018,REST,_T,DIR,277.093
SVN,2018,REST,_T,REI,14.067
SVN,2018,SHARE,COMP,DIR,672.515
SVN,2018,SHARE,NLIFE,DIR,0.551
SVN,2018,SHARE,NLIFE,REI,461.34
SVN,2018,SHARE,_T,DIR,673.066
SVN,2018,SHARE,_T,REI,461.34
SVN,2018,STRPRDT,COMP,DIR,15.239
SVN,2018,STRPRDT,NLIFE,DIR,0
SVN,2018,STRPRDT,_T,DIR,15.239
SVN,2018,UNITLINK,COMP,DIR,1704.315
SVN,2018,UNITLINK,NLIFE,DIR,0
SVN,2018,UNITLINK,_T,DIR,1704.315
SVN,2019,BOND,COMP,DIR,4325.763
SVN,2019,BOND,NLIFE,DIR,215.131
SVN,2019,BOND,NLIFE,REI,472.053
SVN,2019,BOND,_T,DIR,4540.895
SVN,2019,BOND,_T,REI,472.053
SVN,2019,CASH,COMP,DIR,179.407
SVN,2019,CASH,NLIFE,DIR,30.556
SVN,2019,CASH,NLIFE,REI,101.555
SVN,2019,CASH,_T,DIR,209.963
SVN,2019,CASH,_T,REI,101.555
SVN,2019,CBOND,COMP,DIR,173.116
SVN,2019,CBOND,NLIFE,REI,1.685
SVN,2019,CBOND,_T,DIR,173.116
SVN,2019,CBOND,_T,REI,1.685
SVN,2019,CCASH,COMP,DIR,2.584
SVN,2019,CCASH,NLIFE,DIR,1.46
SVN,2019,CCASH,NLIFE,REI,0.225
SVN,2019,CCASH,_T,DIR,4.044
SVN,2019,CCASH,_T,REI,0.225
SVN,2019,CIS,COMP,DIR,413.861
SVN,2019,CIS,NLIFE,DIR,8.763
SVN,2019,CIS,NLIFE,REI,10.897
SVN,2019,CIS,_T,DIR,422.623
SVN,2019,CIS,_T,REI,10.897
SVN,2019,COTHER,COMP,DIR,65.944
SVN,2019,COTHER,NLIFE,REI,8.987
SVN,2019,COTHER,_T,DIR,65.944
SVN,2019,COTHER,_T,REI,8.987
SVN,2019,CREST,COMP,DIR,0
SVN,2019,CSHARE,COMP,DIR,172.217
SVN,2019,CSHARE,NLIFE,DIR,7.302
SVN,2019,CSHARE,_T,DIR,179.519
SVN,2019,INV,COMP,DIR,7835.826
SVN,2019,INV,NLIFE,DIR,275.795
SVN,2019,INV,NLIFE,REI,1060.152
SVN,2019,INV,_T,DIR,8111.621
SVN,2019,INV,_T,REI,1060.152
SVN,2019,INV_O,COMP,DIR,10.111
SVN,2019,INV_O,_T,DIR,10.111
SVN,2019,LOAN,COMP,DIR,26.288
SVN,2019,LOAN,NLIFE,REI,4.718
SVN,2019,LOAN,_T,DIR,26.288
SVN,2019,LOAN,_T,REI,4.718
SVN,2019,PRIB,COMP,DIR,1820.582
SVN,2019,PRIB,NLIFE,DIR,115.036
SVN,2019,PRIB,NLIFE,REI,210.637
SVN,2019,PRIB,_T,DIR,1935.618
SVN,2019,PRIB,_T,REI,210.637
SVN,2019,PUBB,COMP,DIR,2505.182
SVN,2019,PUBB,NLIFE,DIR,100.095
SVN,2019,PUBB,NLIFE,REI,261.415
SVN,2019,PUBB,_T,DIR,2605.277
SVN,2019,PUBB,_T,REI,261.415
SVN,2019,REST,COMP,DIR,274.559
SVN,2019,REST,NLIFE,DIR,20.446
SVN,2019,REST,NLIFE,REI,14.829
SVN,2019,REST,_T,DIR,295.005
SVN,2019,REST,_T,REI,14.829
SVN,2019,SHARE,COMP,DIR,691.677
SVN,2019,SHARE,NLIFE,DIR,0.899
SVN,2019,SHARE,NLIFE,REI,456.1
SVN,2019,SHARE,_T,DIR,692.576
SVN,2019,SHARE,_T,REI,456.1
SVN,2019,STRPRDT,COMP,DIR,7.077
SVN,2019,STRPRDT,_T,DIR,7.077
SVN,2019,UNITLINK,COMP,DIR,1907.084
SVN,2019,UNITLINK,_T,DIR,1907.084
SVN,2020,BOND,COMP,DIR,4925.51
SVN,2020,BOND,LIFE,DIR,0
SVN,2020,BOND,NLIFE,DIR,324.026
SVN,2020,BOND,NLIFE,REI,510.474
SVN,2020,BOND,_T,DIR,5249.535
SVN,2020,BOND,_T,REI,510.474
SVN,2020,CASH,COMP,DIR,152.657
SVN,2020,CASH,LIFE,DIR,16.43
SVN,2020,CASH,NLIFE,DIR,34.675
SVN,2020,CASH,NLIFE,REI,57.791
SVN,2020,CASH,_T,DIR,203.763
SVN,2020,CASH,_T,REI,57.791
SVN,2020,CBOND,COMP,DIR,260.866
SVN,2020,CBOND,LIFE,DIR,0
SVN,2020,CBOND,NLIFE,DIR,0
SVN,2020,CBOND,NLIFE,REI,2.634
SVN,2020,CBOND,_T,DIR,260.866
SVN,2020,CBOND,_T,REI,2.634
SVN,2020,CCASH,COMP,DIR,2.629
SVN,2020,CCASH,LIFE,DIR,0
SVN,2020,CCASH,NLIFE,DIR,3.114
SVN,2020,CCASH,_T,DIR,5.743
SVN,2020,CIS,COMP,DIR,538.947
SVN,2020,CIS,LIFE,DIR,0
SVN,2020,CIS,NLIFE,DIR,16.309
SVN,2020,CIS,NLIFE,REI,20.108
SVN,2020,CIS,_T,DIR,555.256
SVN,2020,CIS,_T,REI,20.108
SVN,2020,COTHER,COMP,DIR,62.072
SVN,2020,COTHER,LIFE,DIR,0
SVN,2020,COTHER,NLIFE,DIR,0
SVN,2020,COTHER,_T,DIR,62.072
SVN,2020,CREST,COMP,DIR,0
SVN,2020,CREST,LIFE,DIR,0
SVN,2020,CREST,NLIFE,DIR,0
SVN,2020,CREST,NLIFE,REI,15.564
SVN,2020,CREST,_T,DIR,0
SVN,2020,CREST,_T,REI,15.564
SVN,2020,CSHARE,COMP,DIR,213.38
SVN,2020,CSHARE,LIFE,DIR,0
SVN,2020,CSHARE,NLIFE,DIR,13.195
SVN,2020,CSHARE,NLIFE,REI,1.911
SVN,2020,CSHARE,_T,DIR,226.575
SVN,2020,CSHARE,_T,REI,1.911
SVN,2020,INV,COMP,DIR,8929.315
SVN,2020,INV,LIFE,DIR,16.43
SVN,2020,INV,NLIFE,DIR,400.275
SVN,2020,INV,NLIFE,REI,1278.294
SVN,2020,INV,_T,DIR,9346.02
SVN,2020,INV,_T,REI,1278.294
SVN,2020,INV_O,COMP,DIR,11.14
SVN,2020,INV_O,LIFE,DIR,0
SVN,2020,INV_O,NLIFE,DIR,0
SVN,2020,INV_O,NLIFE,REI,0.012
SVN,2020,INV_O,_T,DIR,11.14
SVN,2020,INV_O,_T,REI,0.012
SVN,2020,LOAN,COMP,DIR,26.73
SVN,2020,LOAN,LIFE,DIR,0
SVN,2020,LOAN,NLIFE,DIR,0
SVN,2020,LOAN,NLIFE,REI,6.096
SVN,2020,LOAN,_T,DIR,26.73
SVN,2020,LOAN,_T,REI,6.096
SVN,2020,PRIB,COMP,DIR,1907.568
SVN,2020,PRIB,LIFE,DIR,0
SVN,2020,PRIB,NLIFE,DIR,174.144
SVN,2020,PRIB,NLIFE,REI,194.647
SVN,2020,PRIB,_T,DIR,2081.712
SVN,2020,PRIB,_T,REI,194.647
SVN,2020,PUBB,COMP,DIR,3017.942
SVN,2020,PUBB,LIFE,DIR,0
SVN,2020,PUBB,NLIFE,DIR,149.882
SVN,2020,PUBB,NLIFE,REI,315.827
SVN,2020,PUBB,_T,DIR,3167.824
SVN,2020,PUBB,_T,REI,315.827
SVN,2020,REST,COMP,DIR,297.151
SVN,2020,REST,LIFE,DIR,0
SVN,2020,REST,NLIFE,DIR,23.851
SVN,2020,REST,NLIFE,REI,15.948
SVN,2020,REST,_T,DIR,321.002
SVN,2020,REST,_T,REI,15.948
SVN,2020,SHARE,COMP,DIR,764.491
SVN,2020,SHARE,LIFE,DIR,0
SVN,2020,SHARE,NLIFE,DIR,1.413
SVN,2020,SHARE,NLIFE,REI,667.865
SVN,2020,SHARE,_T,DIR,765.905
SVN,2020,SHARE,_T,REI,667.865
SVN,2020,STRPRDT,COMP,DIR,7.608
SVN,2020,STRPRDT,LIFE,DIR,0
SVN,2020,STRPRDT,NLIFE,DIR,0
SVN,2020,STRPRDT,_T,DIR,7.608
SVN,2020,UNITLINK,COMP,DIR,2205.082
SVN,2020,UNITLINK,LIFE,DIR,0
SVN,2020,UNITLINK,NLIFE,DIR,0
SVN,2020,UNITLINK,_T,DIR,2205.082
SWE,2018,BOND,LIFE,DIR,121450.057
SWE,2018,BOND,NLIFE,DIR,22660.503
SWE,2018,BOND,_T,DIR,144110.56
SWE,2018,CASH,LIFE,DIR,8560.55
SWE,2018,CASH,NLIFE,DIR,2203.836
SWE,2018,CASH,_T,DIR,10764.387
SWE,2018,CIS,LIFE,DIR,49718.519
SWE,2018,CIS,NLIFE,DIR,9567.227
SWE,2018,CIS,_T,DIR,59285.746
SWE,2018,INV,LIFE,DIR,450427.19
SWE,2018,INV,NLIFE,DIR,61507.336
SWE,2018,INV,_T,DIR,511934.526
SWE,2018,INV_O,LIFE,DIR,15962.685
SWE,2018,INV_O,NLIFE,DIR,2322.302
SWE,2018,INV_O,_T,DIR,18284.987
SWE,2018,LOAN,LIFE,DIR,8390.389
SWE,2018,LOAN,NLIFE,DIR,1986.78
SWE,2018,LOAN,_T,DIR,10377.169
SWE,2018,REST,LIFE,DIR,9265.09
SWE,2018,REST,NLIFE,DIR,2627.23
SWE,2018,REST,_T,DIR,11892.32
SWE,2018,SHARE,LIFE,DIR,111589.067
SWE,2018,SHARE,NLIFE,DIR,17242.246
SWE,2018,SHARE,_T,DIR,128831.312
SWE,2018,UNITLINK,LIFE,DIR,125490.833
SWE,2018,UNITLINK,NLIFE,DIR,2897.211
SWE,2018,UNITLINK,_T,DIR,128388.044
SWE,2019,BOND,LIFE,DIR,123722.646
SWE,2019,BOND,NLIFE,DIR,21681.202
SWE,2019,BOND,_T,DIR,145403.848
SWE,2019,CASH,LIFE,DIR,8543.976
SWE,2019,CASH,NLIFE,DIR,1967.46
SWE,2019,CASH,_T,DIR,10511.436
SWE,2019,CIS,LIFE,DIR,58422.892
SWE,2019,CIS,NLIFE,DIR,10759.842
SWE,2019,CIS,_T,DIR,69182.734
SWE,2019,INV,LIFE,DIR,513851.903
SWE,2019,INV,NLIFE,DIR,62379.104
SWE,2019,INV,_T,DIR,576231.007
SWE,2019,INV_O,LIFE,DIR,17298.076
SWE,2019,INV_O,NLIFE,DIR,2592.561
SWE,2019,INV_O,_T,DIR,19890.637
SWE,2019,LOAN,LIFE,DIR,8592.475
SWE,2019,LOAN,NLIFE,DIR,2026.604
SWE,2019,LOAN,_T,DIR,10619.079
SWE,2019,REST,LIFE,DIR,10037.53
SWE,2019,REST,NLIFE,DIR,2736.227
SWE,2019,REST,_T,DIR,12773.757
SWE,2019,SHARE,LIFE,DIR,134933.167
SWE,2019,SHARE,NLIFE,DIR,17829.407
SWE,2019,SHARE,_T,DIR,152762.574
SWE,2019,UNITLINK,LIFE,DIR,152301.141
SWE,2019,UNITLINK,NLIFE,DIR,2785.801
SWE,2019,UNITLINK,_T,DIR,155086.942
TUR,2018,BOND,COMP,REI,2.822
TUR,2018,BOND,LIFE,DIR,1049.599
TUR,2018,BOND,NLIFE,DIR,2336.923
TUR,2018,BOND,_T,DIR,3386.522
TUR,2018,BOND,_T,REI,2.822
TUR,2018,CASH,COMP,REI,349.322
TUR,2018,CASH,LIFE,DIR,1760.945
TUR,2018,CASH,NLIFE,DIR,5421.27
TUR,2018,CASH,_T,DIR,7182.215
TUR,2018,CASH,_T,REI,349.322
TUR,2018,CIS,COMP,REI,19.365
TUR,2018,CIS,LIFE,DIR,29.252
TUR,2018,CIS,NLIFE,DIR,147.524
TUR,2018,CIS,_T,DIR,176.776
TUR,2018,CIS,_T,REI,19.365
TUR,2018,INV,COMP,REI,601.51
TUR,2018,INV,LIFE,DIR,3835.838
TUR,2018,INV,NLIFE,DIR,8339.438
TUR,2018,INV,_T,DIR,12175.276
TUR,2018,INV,_T,REI,601.51
TUR,2018,LOAN,COMP,REI,0
TUR,2018,LOAN,LIFE,DIR,40.105
TUR,2018,LOAN,NLIFE,DIR,0
TUR,2018,LOAN,_T,DIR,40.105
TUR,2018,LOAN,_T,REI,0
TUR,2018,PRIB,COMP,REI,2.822
TUR,2018,PRIB,LIFE,DIR,120.806
TUR,2018,PRIB,NLIFE,DIR,423.486
TUR,2018,PRIB,_T,DIR,544.292
TUR,2018,PRIB,_T,REI,2.822
TUR,2018,PUBB,COMP,REI,0
TUR,2018,PUBB,LIFE,DIR,928.793
TUR,2018,PUBB,NLIFE,DIR,1913.437
TUR,2018,PUBB,_T,DIR,2842.23
TUR,2018,PUBB,_T,REI,0
TUR,2018,REST,COMP,REI,74.452
TUR,2018,REST,LIFE,DIR,47.316
TUR,2018,REST,NLIFE,DIR,46.577
TUR,2018,REST,_T,DIR,93.893
TUR,2018,REST,_T,REI,74.452
TUR,2018,SHARE,COMP,REI,155.548
TUR,2018,SHARE,LIFE,DIR,37.118
TUR,2018,SHARE,NLIFE,DIR,386.822
TUR,2018,SHARE,_T,DIR,423.94
TUR,2018,SHARE,_T,REI,155.548
TUR,2018,UNITLINK,COMP,REI,0
TUR,2018,UNITLINK,LIFE,DIR,871.503
TUR,2018,UNITLINK,NLIFE,DIR,0.321
TUR,2018,UNITLINK,_T,DIR,871.824
TUR,2018,UNITLINK,_T,REI,0
TUR,2019,BOND,COMP,REI,37.383
TUR,2019,BOND,LIFE,DIR,696.992
TUR,2019,BOND,NLIFE,DIR,2810.648
TUR,2019,BOND,_T,DIR,3507.639
TUR,2019,BOND,_T,REI,37.383
TUR,2019,CASH,COMP,REI,340.138
TUR,2019,CASH,LIFE,DIR,1858.142
TUR,2019,CASH,NLIFE,DIR,5753.832
TUR,2019,CASH,_T,DIR,7611.974
TUR,2019,CASH,_T,REI,340.138
TUR,2019,CIS,COMP,REI,38.282
TUR,2019,CIS,LIFE,DIR,105.537
TUR,2019,CIS,NLIFE,DIR,250.783
TUR,2019,CIS,_T,DIR,356.32
TUR,2019,CIS,_T,REI,38.282
TUR,2019,INV,COMP,REI,677.809
TUR,2019,INV,LIFE,DIR,3768.203
TUR,2019,INV,NLIFE,DIR,9238.543
TUR,2019,INV,_T,DIR,13006.747
TUR,2019,INV,_T,REI,677.809
TUR,2019,LOAN,COMP,REI,0
TUR,2019,LOAN,LIFE,DIR,38.643
TUR,2019,LOAN,_T,DIR,38.643
TUR,2019,LOAN,_T,REI,0
TUR,2019,PRIB,COMP,REI,23.977
TUR,2019,PRIB,LIFE,DIR,133.713
TUR,2019,PRIB,NLIFE,DIR,398.304
TUR,2019,PRIB,_T,DIR,532.017
TUR,2019,PRIB,_T,REI,23.977
TUR,2019,PUBB,COMP,REI,13.405
TUR,2019,PUBB,LIFE,DIR,563.278
TUR,2019,PUBB,NLIFE,DIR,2412.344
TUR,2019,PUBB,_T,DIR,2975.622
TUR,2019,PUBB,_T,REI,13.405
TUR,2019,REST,COMP,REI,69.95
TUR,2019,REST,LIFE,DIR,43.461
TUR,2019,REST,NLIFE,DIR,45.075
TUR,2019,REST,_T,DIR,88.536
TUR,2019,REST,_T,REI,69.95
TUR,2019,SHARE,COMP,REI,192.057
TUR,2019,SHARE,LIFE,DIR,45.771
TUR,2019,SHARE,NLIFE,DIR,377.902
TUR,2019,SHARE,_T,DIR,423.672
TUR,2019,SHARE,_T,REI,192.057
TUR,2019,UNITLINK,COMP,REI,0
TUR,2019,UNITLINK,LIFE,DIR,979.658
TUR,2019,UNITLINK,NLIFE,DIR,0.304
TUR,2019,UNITLINK,_T,DIR,979.962
TUR,2019,UNITLINK,_T,REI,0
TUR,2020,BOND,COMP,REI,106.386
TUR,2020,BOND,LIFE,DIR,1634.095
TUR,2020,BOND,NLIFE,DIR,3421.691
TUR,2020,BOND,_T,DIR,5055.787
TUR,2020,BOND,_T,REI,106.386
TUR,2020,CASH,COMP,REI,296.862
TUR,2020,CASH,LIFE,DIR,1743.689
TUR,2020,CASH,NLIFE,DIR,5131.768
TUR,2020,CASH,_T,DIR,6875.457
TUR,2020,CASH,_T,REI,296.862
TUR,2020,CIS,COMP,REI,35.454
TUR,2020,CIS,LIFE,DIR,47.704
TUR,2020,CIS,NLIFE,DIR,123.634
TUR,2020,CIS,_T,DIR,171.338
TUR,2020,CIS,_T,REI,35.454
TUR,2020,INV,COMP,REI,501.152
TUR,2020,INV,LIFE,DIR,3554.765
TUR,2020,INV,NLIFE,DIR,8770.299
TUR,2020,INV,_T,DIR,12325.065
TUR,2020,INV,_T,REI,501.152
TUR,2020,LOAN,COMP,REI,0
TUR,2020,LOAN,LIFE,DIR,76.9
TUR,2020,LOAN,NLIFE,DIR,0
TUR,2020,LOAN,_T,DIR,76.9
TUR,2020,LOAN,_T,REI,0
TUR,2020,PRIB,COMP,REI,77.995
TUR,2020,PRIB,LIFE,DIR,366.38
TUR,2020,PRIB,NLIFE,DIR,847.903
TUR,2020,PRIB,_T,DIR,1214.283
TUR,2020,PRIB,_T,REI,77.995
TUR,2020,PUBB,COMP,REI,28.391
TUR,2020,PUBB,LIFE,DIR,1267.715
TUR,2020,PUBB,NLIFE,DIR,2573.788
TUR,2020,PUBB,_T,DIR,3841.504
TUR,2020,PUBB,_T,REI,28.391
TUR,2020,REST,COMP,REI,62.449
TUR,2020,REST,LIFE,DIR,52.377
TUR,2020,REST,NLIFE,DIR,93.206
TUR,2020,REST,_T,DIR,145.583
TUR,2020,REST,_T,REI,62.449
TUR,2020,SHARE,COMP,REI,23.103
TUR,2020,SHARE,LIFE,DIR,50.4
TUR,2020,SHARE,NLIFE,DIR,505.217
TUR,2020,SHARE,_T,DIR,555.616
TUR,2020,SHARE,_T,REI,23.103
TUR,2020,UNITLINK,COMP,REI,0
TUR,2020,UNITLINK,LIFE,DIR,1151.034
TUR,2020,UNITLINK,NLIFE,DIR,0.266
TUR,2020,UNITLINK,_T,DIR,1151.3
TUR,2020,UNITLINK,_T,REI,0
URY,2019,BOND,COMP,DIR,4170.242
URY,2019,BOND,LIFE,DIR,0
URY,2019,BOND,NLIFE,DIR,23.793
URY,2019,BOND,_T,DIR,4194.034
URY,2019,CASH,COMP,DIR,517.384
URY,2019,CASH,LIFE,DIR,0
URY,2019,CASH,NLIFE,DIR,8.508
URY,2019,CASH,_T,DIR,525.892
URY,2019,CBOND,COMP,DIR,0
URY,2019,CBOND,LIFE,DIR,0
URY,2019,CBOND,NLIFE,DIR,0
URY,2019,CBOND,_T,DIR,0
URY,2019,CCASH,COMP,DIR,0
URY,2019,CCASH,LIFE,DIR,0
URY,2019,CCASH,NLIFE,DIR,0
URY,2019,CCASH,_T,DIR,0
URY,2019,CIS,COMP,DIR,0
URY,2019,CIS,LIFE,DIR,0
URY,2019,CIS,NLIFE,DIR,0
URY,2019,CIS,_T,DIR,0
URY,2019,COTHER,COMP,DIR,0
URY,2019,COTHER,LIFE,DIR,0
URY,2019,COTHER,NLIFE,DIR,0
URY,2019,COTHER,_T,DIR,0
URY,2019,CREST,COMP,DIR,0
URY,2019,CREST,LIFE,DIR,0
URY,2019,CREST,NLIFE,DIR,0
URY,2019,CREST,_T,DIR,0
URY,2019,CSHARE,COMP,DIR,0
URY,2019,CSHARE,LIFE,DIR,0
URY,2019,CSHARE,NLIFE,DIR,0
URY,2019,CSHARE,_T,DIR,0
URY,2019,HEDGE,COMP,DIR,0
URY,2019,HEDGE,LIFE,DIR,0
URY,2019,HEDGE,NLIFE,DIR,0
URY,2019,HEDGE,_T,DIR,0
URY,2019,INV,COMP,DIR,4714.25
URY,2019,INV,LIFE,DIR,0
URY,2019,INV,NLIFE,DIR,32.3
URY,2019,INV,_T,DIR,4746.55
URY,2019,INV_O,COMP,DIR,0
URY,2019,INV_O,LIFE,DIR,0
URY,2019,INV_O,NLIFE,DIR,0
URY,2019,INV_O,_T,DIR,0
URY,2019,LOAN,COMP,DIR,6.945
URY,2019,LOAN,LIFE,DIR,0
URY,2019,LOAN,NLIFE,DIR,0
URY,2019,LOAN,_T,DIR,6.945
URY,2019,PEQUF,COMP,DIR,0
URY,2019,PEQUF,LIFE,DIR,0
URY,2019,PEQUF,NLIFE,DIR,0
URY,2019,PEQUF,_T,DIR,0
URY,2019,PRIB,COMP,DIR,535.23
URY,2019,PRIB,LIFE,DIR,0
URY,2019,PRIB,NLIFE,DIR,0
URY,2019,PRIB,_T,DIR,535.23
URY,2019,PUBB,COMP,DIR,3635.012
URY,2019,PUBB,LIFE,DIR,0
URY,2019,PUBB,NLIFE,DIR,23.793
URY,2019,PUBB,_T,DIR,3658.805
URY,2019,PUBS,COMP,DIR,0
URY,2019,PUBS,LIFE,DIR,0
URY,2019,PUBS,NLIFE,DIR,0
URY,2019,PUBS,_T,DIR,0
URY,2019,REST,COMP,DIR,12.376
URY,2019,REST,LIFE,DIR,0
URY,2019,REST,NLIFE,DIR,0
URY,2019,REST,_T,DIR,12.376
URY,2019,SHARE,COMP,DIR,7.304
URY,2019,SHARE,LIFE,DIR,0
URY,2019,SHARE,NLIFE,DIR,0
URY,2019,SHARE,_T,DIR,7.304
URY,2019,STRPRDT,COMP,DIR,0
URY,2019,STRPRDT,LIFE,DIR,0
URY,2019,STRPRDT,NLIFE,DIR,0
URY,2019,STRPRDT,_T,DIR,0
URY,2019,UNITLINK,COMP,DIR,0
URY,2019,UNITLINK,LIFE,DIR,0
URY,2019,UNITLINK,NLIFE,DIR,0
URY,2019,UNITLINK,_T,DIR,0
URY,2019,UNLISTED,COMP,DIR,0
URY,2019,UNLISTED,LIFE,DIR,0
URY,2019,UNLISTED,NLIFE,DIR,0
URY,2019,UNLISTED,_T,DIR,0
URY,2020,BOND,COMP,DIR,4186.621
URY,2020,BOND,NLIFE,DIR,26.526
URY,2020,BOND,_T,DIR,4213.147
URY,2020,CASH,COMP,DIR,529.997
URY,2020,CASH,NLIFE,DIR,8.785
URY,2020,CASH,_T,DIR,538.783
URY,2020,CBOND,COMP,DIR,0
URY,2020,CBOND,NLIFE,DIR,0
URY,2020,CBOND,_T,DIR,0
URY,2020,CCASH,COMP,DIR,0
URY,2020,CCASH,NLIFE,DIR,0
URY,2020,CCASH,_T,DIR,0
URY,2020,CIS,COMP,DIR,0
URY,2020,CIS,NLIFE,DIR,0
URY,2020,CIS,_T,DIR,0
URY,2020,COTHER,COMP,DIR,0
URY,2020,COTHER,NLIFE,DIR,0
URY,2020,COTHER,_T,DIR,0
URY,2020,CREST,COMP,DIR,0
URY,2020,CREST,NLIFE,DIR,0
URY,2020,CREST,_T,DIR,0
URY,2020,CSHARE,COMP,DIR,0
URY,2020,CSHARE,NLIFE,DIR,0
URY,2020,CSHARE,_T,DIR,0
URY,2020,HEDGE,COMP,DIR,0
URY,2020,HEDGE,NLIFE,DIR,0
URY,2020,HEDGE,_T,DIR,0
URY,2020,INV,COMP,DIR,5081.571
URY,2020,INV,NLIFE,DIR,39.27
URY,2020,INV,_T,DIR,5120.841
URY,2020,INV_O,COMP,DIR,344.909
URY,2020,INV_O,NLIFE,DIR,3.959
URY,2020,INV_O,_T,DIR,348.868
URY,2020,LOAN,COMP,DIR,0
URY,2020,LOAN,NLIFE,DIR,0
URY,2020,LOAN,_T,DIR,0
URY,2020,PEQUF,COMP,DIR,0
URY,2020,PEQUF,NLIFE,DIR,0
URY,2020,PEQUF,_T,DIR,0
URY,2020,PRIB,COMP,DIR,538.66
URY,2020,PRIB,NLIFE,DIR,0
URY,2020,PRIB,_T,DIR,538.66
URY,2020,PUBB,COMP,DIR,3647.961
URY,2020,PUBB,NLIFE,DIR,26.526
URY,2020,PUBB,_T,DIR,3674.487
URY,2020,PUBS,NLIFE,DIR,0
URY,2020,REST,COMP,DIR,12.58
URY,2020,REST,NLIFE,DIR,0
URY,2020,REST,_T,DIR,12.58
URY,2020,SHARE,COMP,DIR,7.463
URY,2020,SHARE,NLIFE,DIR,0
URY,2020,SHARE,_T,DIR,7.463
URY,2020,STRPRDT,COMP,DIR,0
URY,2020,STRPRDT,NLIFE,DIR,0
URY,2020,STRPRDT,_T,DIR,0
URY,2020,UNITLINK,COMP,DIR,0
URY,2020,UNITLINK,NLIFE,DIR,0
URY,2020,UNITLINK,_T,DIR,0
URY,2020,UNLISTED,COMP,DIR,7.463
URY,2020,UNLISTED,NLIFE,DIR,0
URY,2020,UNLISTED,_T,DIR,7.463
USA,2018,BOND,LIFE,DIR,3012830.57
USA,2018,BOND,LIFE,REI,155431.86
USA,2018,BOND,NLIFE,DIR,1236457
USA,2018,BOND,NLIFE,REI,21995
USA,2018,CASH,LIFE,DIR,94739.84
USA,2018,CASH,LIFE,REI,12811.31
USA,2018,CASH,NLIFE,DIR,149209
USA,2018,CASH,NLIFE,REI,1998
USA,2018,HEDGE,LIFE,DIR,24394.65
USA,2018,HEDGE,LIFE,REI,2445.57
USA,2018,HEDGE,NLIFE,DIR,0.244
USA,2018,HEDGE,NLIFE,REI,4
USA,2018,INV,LIFE,DIR,4161391.97
USA,2018,INV,LIFE,REI,219640.89
USA,2018,INV,NLIFE,DIR,2024692.722
USA,2018,INV,NLIFE,REI,26344
USA,2018,INV_O,LIFE,DIR,208538.56
USA,2018,INV_O,LIFE,REI,7128.36
USA,2018,INV_O,NLIFE,DIR,160479
USA,2018,INV_O,NLIFE,REI,577
USA,2018,LOAN,LIFE,DIR,649543.59
USA,2018,LOAN,LIFE,REI,16506.7
USA,2018,LOAN,NLIFE,DIR,20973.478
USA,2018,LOAN,NLIFE,REI,8
USA,2018,REST,LIFE,DIR,20648.75
USA,2018,REST,LIFE,REI,61.39
USA,2018,REST,NLIFE,DIR,19651
USA,2018,REST,NLIFE,REI,9
USA,2018,SHARE,LIFE,DIR,147899.95
USA,2018,SHARE,LIFE,REI,25247.16
USA,2018,SHARE,NLIFE,DIR,437944
USA,2018,SHARE,NLIFE,REI,1749
USA,2018,STRPRDT,LIFE,DIR,2796.06
USA,2018,STRPRDT,LIFE,REI,8.54
USA,2018,STRPRDT,NLIFE,DIR,-21
USA,2018,STRPRDT,NLIFE,REI,4
USA,2019,BOND,LIFE,DIR,3075418
USA,2019,BOND,LIFE,REI,205339
USA,2019,BOND,NLIFE,DIR,1300170
USA,2019,BOND,NLIFE,REI,33620
USA,2019,CASH,LIFE,DIR,109889
USA,2019,CASH,LIFE,REI,13729
USA,2019,CASH,NLIFE,DIR,157630
USA,2019,CASH,NLIFE,REI,3054
USA,2019,HEDGE,LIFE,DIR,28910
USA,2019,HEDGE,LIFE,REI,685
USA,2019,HEDGE,NLIFE,DIR,-0.31
USA,2019,HEDGE,NLIFE,REI,2.888
USA,2019,INV,LIFE,DIR,4317979
USA,2019,INV,LIFE,REI,284022
USA,2019,INV,NLIFE,DIR,2230969.434
USA,2019,INV,NLIFE,REI,39853.273
USA,2019,INV_O,LIFE,DIR,231221
USA,2019,INV_O,LIFE,REI,8431
USA,2019,INV_O,NLIFE,DIR,173766.112
USA,2019,INV_O,NLIFE,REI,1034
USA,2019,LOAN,LIFE,DIR,685147
USA,2019,LOAN,LIFE,REI,27381
USA,2019,LOAN,NLIFE,DIR,23349.632
USA,2019,LOAN,NLIFE,REI,6
USA,2019,REST,LIFE,DIR,23118
USA,2019,REST,LIFE,REI,178
USA,2019,REST,NLIFE,DIR,19705
USA,2019,REST,NLIFE,REI,16
USA,2019,SHARE,LIFE,DIR,162316
USA,2019,SHARE,LIFE,REI,28207
USA,2019,SHARE,NLIFE,DIR,556334
USA,2019,SHARE,NLIFE,REI,2121
USA,2019,STRPRDT,LIFE,DIR,1960
USA,2019,STRPRDT,LIFE,REI,72
USA,2019,STRPRDT,NLIFE,DIR,15
USA,2019,STRPRDT,NLIFE,REI,-0.615
USA,2020,BOND,LIFE,DIR,3320425
USA,2020,BOND,LIFE,REI,158356
USA,2020,BOND,NLIFE,DIR,1359215
USA,2020,BOND,NLIFE,REI,44645
USA,2020,BOND,_T,DIR,4679640
USA,2020,BOND,_T,REI,203001
USA,2020,CASH,LIFE,DIR,145009
USA,2020,CASH,LIFE,REI,12846
USA,2020,CASH,NLIFE,DIR,178928
USA,2020,CASH,NLIFE,REI,7355
USA,2020,CASH,_T,DIR,323937
USA,2020,CASH,_T,REI,20201
USA,2020,HEDGE,LIFE,DIR,39465
USA,2020,HEDGE,LIFE,REI,-24
USA,2020,HEDGE,NLIFE,DIR,0
USA,2020,HEDGE,NLIFE,REI,0
USA,2020,HEDGE,_T,DIR,39465
USA,2020,HEDGE,_T,REI,-24
USA,2020,INV,LIFE,DIR,4685700
USA,2020,INV,LIFE,REI,223043.2
USA,2020,INV,NLIFE,DIR,2374105
USA,2020,INV,NLIFE,REI,55350
USA,2020,INV,_T,DIR,7059805
USA,2020,INV_O,LIFE,DIR,258415
USA,2020,INV_O,LIFE,REI,7679
USA,2020,INV_O,NLIFE,DIR,203340
USA,2020,INV_O,NLIFE,REI,1829
USA,2020,INV_O,_T,DIR,461755
USA,2020,INV_O,_T,REI,9508
USA,2020,LOAN,LIFE,DIR,718724
USA,2020,LOAN,LIFE,REI,15359
USA,2020,LOAN,NLIFE,DIR,25016
USA,2020,LOAN,NLIFE,REI,19
USA,2020,LOAN,_T,DIR,743740
USA,2020,LOAN,_T,REI,15378
USA,2020,REST,LIFE,DIR,22825
USA,2020,REST,LIFE,REI,156
USA,2020,REST,NLIFE,DIR,20193
USA,2020,REST,NLIFE,REI,12
USA,2020,REST,_T,DIR,43018
USA,2020,REST,_T,REI,168
USA,2020,SHARE,LIFE,DIR,177042
USA,2020,SHARE,LIFE,REI,28703
USA,2020,SHARE,NLIFE,DIR,587398
USA,2020,SHARE,NLIFE,REI,1750
USA,2020,SHARE,_T,DIR,764440
USA,2020,SHARE,_T,REI,30453
USA,2020,STRPRDT,LIFE,DIR,3795
USA,2020,STRPRDT,LIFE,REI,-31.8
USA,2020,STRPRDT,NLIFE,DIR,15
USA,2020,STRPRDT,_T,DIR,3810
USA,2020,STRPRDT,_T,REI,-31.8
ZAF,2020,BOND,COMP,DIR,1215.835
ZAF,2020,BOND,COMP,REI,1215.835
ZAF,2020,BOND,LIFE,DIR,36120.812
ZAF,2020,BOND,LIFE,REI,131.448
ZAF,2020,BOND,NLIFE,DIR,4674.019
ZAF,2020,BOND,NLIFE,REI,141.038
ZAF,2020,BOND,_T,DIR,42010.666
ZAF,2020,BOND,_T,REI,1488.321
ZAF,2020,CASH,COMP,DIR,86.614
ZAF,2020,CASH,COMP,REI,86.614
ZAF,2020,CASH,LIFE,DIR,12338.232
ZAF,2020,CASH,LIFE,REI,50.496
ZAF,2020,CASH,NLIFE,DIR,3092.572
ZAF,2020,CASH,NLIFE,REI,328.863
ZAF,2020,CASH,_T,DIR,15517.418
ZAF,2020,CASH,_T,REI,465.973
ZAF,2020,CBOND,_T,DIR,0
ZAF,2020,CBOND,_T,REI,0
ZAF,2020,CCASH,_T,DIR,0
ZAF,2020,CCASH,_T,REI,0
ZAF,2020,CIS,COMP,DIR,1.409
ZAF,2020,CIS,COMP,REI,1312.975
ZAF,2020,CIS,LIFE,DIR,109897.56
ZAF,2020,CIS,LIFE,REI,1.947
ZAF,2020,CIS,NLIFE,DIR,1207.144
ZAF,2020,CIS,NLIFE,REI,1.643
ZAF,2020,CIS,_T,DIR,111106.112
ZAF,2020,CIS,_T,REI,1316.565
ZAF,2020,COTHER,_T,DIR,0
ZAF,2020,COTHER,_T,REI,0
ZAF,2020,CREST,_T,DIR,0
ZAF,2020,CREST,_T,REI,0
ZAF,2020,CSHARE,_T,DIR,0
ZAF,2020,CSHARE,_T,REI,0
ZAF,2020,HEDGE,COMP,DIR,0
ZAF,2020,HEDGE,COMP,REI,0
ZAF,2020,HEDGE,LIFE,DIR,1126.263
ZAF,2020,HEDGE,LIFE,REI,0
ZAF,2020,HEDGE,NLIFE,DIR,28.033
ZAF,2020,HEDGE,NLIFE,REI,0
ZAF,2020,HEDGE,_T,DIR,1154.295
ZAF,2020,HEDGE,_T,REI,0
ZAF,2020,INV,COMP,DIR,2354.423
ZAF,2020,INV,COMP,REI,2354.423
ZAF,2020,INV,LIFE,DIR,215214.933
ZAF,2020,INV,LIFE,REI,306.66
ZAF,2020,INV,NLIFE,DIR,14567.048
ZAF,2020,INV,NLIFE,REI,885.712
ZAF,2020,INV,_T,DIR,232136.404
ZAF,2020,INV,_T,REI,3546.796
ZAF,2020,INV_O,COMP,DIR,1035.504
ZAF,2020,INV_O,COMP,REI,1041.449
ZAF,2020,INV_O,LIFE,DIR,16008.841
ZAF,2020,INV_O,LIFE,REI,122.769
ZAF,2020,INV_O,NLIFE,DIR,4121.312
ZAF,2020,INV_O,NLIFE,REI,393.43
ZAF,2020,INV_O,_T,DIR,21165.657
ZAF,2020,INV_O,_T,REI,1557.648
ZAF,2020,LOAN,COMP,DIR,0
ZAF,2020,LOAN,COMP,REI,0
ZAF,2020,LOAN,LIFE,DIR,5892.76
ZAF,2020,LOAN,LIFE,REI,0
ZAF,2020,LOAN,NLIFE,DIR,93.174
ZAF,2020,LOAN,NLIFE,REI,0.421
ZAF,2020,LOAN,_T,DIR,5985.934
ZAF,2020,LOAN,_T,REI,0.421
ZAF,2020,PEQUF,COMP,DIR,0
ZAF,2020,PEQUF,COMP,REI,0
ZAF,2020,PEQUF,LIFE,DIR,0
ZAF,2020,PEQUF,LIFE,REI,0
ZAF,2020,PEQUF,NLIFE,DIR,0
ZAF,2020,PEQUF,NLIFE,REI,0
ZAF,2020,PEQUF,_T,DIR,0
ZAF,2020,PEQUF,_T,REI,0
ZAF,2020,PRIB,COMP,DIR,35.511
ZAF,2020,PRIB,COMP,REI,35.511
ZAF,2020,PRIB,LIFE,DIR,15912.498
ZAF,2020,PRIB,LIFE,REI,15.713
ZAF,2020,PRIB,NLIFE,DIR,2890.736
ZAF,2020,PRIB,NLIFE,REI,30.261
ZAF,2020,PRIB,_T,DIR,18838.745
ZAF,2020,PRIB,_T,REI,81.485
ZAF,2020,PUBB,COMP,DIR,1180.324
ZAF,2020,PUBB,COMP,REI,1180.324
ZAF,2020,PUBB,LIFE,DIR,20208.314
ZAF,2020,PUBB,LIFE,REI,115.735
ZAF,2020,PUBB,NLIFE,DIR,1783.283
ZAF,2020,PUBB,NLIFE,REI,110.777
ZAF,2020,PUBB,_T,DIR,23171.921
ZAF,2020,PUBB,_T,REI,1406.835
ZAF,2020,PUBS,COMP,DIR,0
ZAF,2020,PUBS,COMP,REI,0
ZAF,2020,PUBS,LIFE,DIR,0
ZAF,2020,PUBS,LIFE,REI,0
ZAF,2020,PUBS,NLIFE,DIR,0
ZAF,2020,PUBS,NLIFE,REI,0
ZAF,2020,PUBS,_T,DIR,0
ZAF,2020,PUBS,_T,REI,0
ZAF,2020,REST,COMP,DIR,5.944
ZAF,2020,REST,COMP,REI,5.944
ZAF,2020,REST,LIFE,DIR,515.149
ZAF,2020,REST,LIFE,REI,0
ZAF,2020,REST,NLIFE,DIR,111.419
ZAF,2020,REST,NLIFE,REI,0
ZAF,2020,REST,_T,DIR,632.512
ZAF,2020,REST,_T,REI,5.944
ZAF,2020,SHARE,COMP,DIR,9.117
ZAF,2020,SHARE,COMP,REI,9.117
ZAF,2020,SHARE,LIFE,DIR,29181.884
ZAF,2020,SHARE,LIFE,REI,0
ZAF,2020,SHARE,NLIFE,DIR,1208.754
ZAF,2020,SHARE,NLIFE,REI,19.602
ZAF,2020,SHARE,_T,DIR,30399.755
ZAF,2020,SHARE,_T,REI,28.719
ZAF,2020,STRPRDT,COMP,DIR,0
ZAF,2020,STRPRDT,COMP,REI,0
ZAF,2020,STRPRDT,LIFE,DIR,4133.433
ZAF,2020,STRPRDT,LIFE,REI,0
ZAF,2020,STRPRDT,NLIFE,DIR,30.621
ZAF,2020,STRPRDT,NLIFE,REI,0.716
ZAF,2020,STRPRDT,_T,DIR,4164.054
ZAF,2020,STRPRDT,_T,REI,0.716
ZAF,2020,UNITLINK,COMP,DIR,0
ZAF,2020,UNITLINK,COMP,REI,0
ZAF,2020,UNITLINK,LIFE,DIR,0
ZAF,2020,UNITLINK,LIFE,REI,0
ZAF,2020,UNITLINK,NLIFE,DIR,0
ZAF,2020,UNITLINK,NLIFE,REI,0
ZAF,2020,UNITLINK,_T,DIR,0
ZAF,2020,UNITLINK,_T,REI,0
ZAF,2020,UNLISTED,COMP,DIR,0
ZAF,2020,UNLISTED,COMP,REI,0
ZAF,2020,UNLISTED,LIFE,DIR,0
ZAF,2020,UNLISTED,LIFE,REI,0
ZAF,2020,UNLISTED,NLIFE,DIR,0
ZAF,2020,UNLISTED,NLIFE,REI,0
ZAF,2020,UNLISTED,_T,DIR,0
ZAF,2020,UNLISTED,_T,REI,0
