iso3,measure,unit,plan,definition,vehicle,unit_mult,value
AGO,1000,PT_B1GQ,_T,_T,PF,0,1.184
AGO,1000,PT_B1GQ,_T,_T,_T,0,1.184
AGO,1000,USD,_T,_T,PF,6,848.269
AGO,1000,USD,_T,_T,_T,6,848.269
AGO,1210,USD,_T,_T,_T,6,514.226
AGO,1215,USD,_T,_T,_T,6,277.307
AGO,1240,USD,_T,_T,_T,6,0
AGO,1245,USD,_T,_T,_T,6,5.76
AGO,1260,USD,_T,_T,_T,6,27.989
AGO,1270,USD,_T,_T,_T,6,42.756
AGO,1290,USD,_T,_T,_T,6,8.58
AGO,3000,USD,_T,_T,_T,6,37.966
AGO,3100,PT_B1GQ,_T,_T,_T,0,0.357
AGO,3100,USD,_T,_T,_T,6,337.574
AGO,4000,PT_B1GQ,_T,_T,_T,0,0.132
AGO,4000,USD,_T,_T,_T,6,124.703
ALB,1000,PT_B1GQ,OCC,DCU,PF,0,0.114
ALB,1000,PT_B1GQ,OCC,DCU,_T,0,0.114
ALB,1000,PT_B1GQ,OCC,_T,PF,0,0.114
ALB,1000,PT_B1GQ,OCC,_T,_T,0,0.114
ALB,1000,PT_B1GQ,PER,DCU,PF,0,0.057
ALB,1000,PT_B1GQ,PER,DCU,_T,0,0.057
ALB,1000,PT_B1GQ,PER,_T,PF,0,0.057
ALB,1000,PT_B1GQ,PER,_T,_T,0,0.057
ALB,1000,PT_B1GQ,_T,DCU,PF,0,0.171
ALB,1000,PT_B1GQ,_T,DCU,_T,0,0.171
ALB,1000,PT_B1GQ,_T,_T,PF,0,0.171
ALB,1000,PT_B1GQ,_T,_T,_T,0,0.171
ALB,1000,USD,OCC,DCU,PF,6,17.926
ALB,1000,USD,OCC,DCU,_T,6,17.926
ALB,1000,USD,OCC,_T,PF,6,17.926
ALB,1000,USD,OCC,_T,_T,6,17.926
ALB,1000,USD,PER,DCU,PF,6,8.965
ALB,1000,USD,PER,DCU,_T,6,8.965
ALB,1000,USD,PER,_T,PF,6,8.965
ALB,1000,USD,PER,_T,_T,6,8.965
ALB,1000,USD,_T,DCU,PF,6,26.891
ALB,1000,USD,_T,DCU,_T,6,26.891
ALB,1000,USD,_T,_T,PF,6,26.891
ALB,1000,USD,_T,_T,_T,6,26.891
ALB,1110,USD,OCC,DCU,_T,6,0
ALB,1110,USD,OCC,_T,_T,6,0
ALB,1110,USD,PER,DCU,_T,6,0
ALB,1110,USD,PER,_T,_T,6,0
ALB,1110,USD,_T,DCU,_T,6,0
ALB,1110,USD,_T,_T,_T,6,0
ALB,1121,USD,OCC,DCU,_T,6,0
ALB,1121,USD,OCC,_T,_T,6,0
ALB,1121,USD,PER,DCU,_T,6,0
ALB,1121,USD,PER,_T,_T,6,0
ALB,1121,USD,_T,DCU,_T,6,0
ALB,1121,USD,_T,_T,_T,6,0
ALB,1122,USD,OCC,DCU,_T,6,0
ALB,1122,USD,OCC,_T,_T,6,0
ALB,1122,USD,PER,DCU,_T,6,0
ALB,1122,USD,PER,_T,_T,6,0
ALB,1122,USD,_T,DCU,_T,6,0
ALB,1122,USD,_T,_T,_T,6,0
ALB,1131,USD,OCC,DCU,_T,6,0
ALB,1131,USD,OCC,_T,_T,6,0
ALB,1131,USD,PER,DCU,_T,6,0
ALB,1131,USD,PER,_T,_T,6,0
ALB,1131,USD,_T,DCU,_T,6,0
ALB,1131,USD,_T,_T,_T,6,0
ALB,1141,USD,OCC,DCU,_T,6,0
ALB,1141,USD,OCC,_T,_T,6,0
ALB,1141,USD,PER,DCU,_T,6,0
ALB,1141,USD,PER,_T,_T,6,0
ALB,1141,USD,_T,DCU,_T,6,0
ALB,1141,USD,_T,_T,_T,6,0
ALB,1151,USD,OCC,DCU,_T,6,0
ALB,1151,USD,OCC,_T,_T,6,0
ALB,1151,USD,PER,DCU,_T,6,0
ALB,1151,USD,PER,_T,_T,6,0
ALB,1151,USD,_T,DCU,_T,6,0
ALB,1151,USD,_T,_T,_T,6,0
ALB,1161,USD,OCC,DCU,_T,6,0
ALB,1161,USD,OCC,_T,_T,6,0
ALB,1161,USD,PER,DCU,_T,6,0
ALB,1161,USD,PER,_T,_T,6,0
ALB,1161,USD,_T,DCU,_T,6,0
ALB,1161,USD,_T,_T,_T,6,0
ALB,1171,USD,OCC,DCU,_T,6,0
ALB,1171,USD,OCC,_T,_T,6,0
ALB,1171,USD,PER,DCU,_T,6,0
ALB,1171,USD,PER,_T,_T,6,0
ALB,1171,USD,_T,DCU,_T,6,0
ALB,1171,USD,_T,_T,_T,6,0
ALB,1172,USD,OCC,DCU,_T,6,0
ALB,1172,USD,OCC,_T,_T,6,0
ALB,1172,USD,PER,DCU,_T,6,0
ALB,1172,USD,PER,_T,_T,6,0
ALB,1172,USD,_T,DCU,_T,6,0
ALB,1172,USD,_T,_T,_T,6,0
ALB,1210,USD,OCC,DCU,_T,6,0.521
ALB,1210,USD,OCC,_T,_T,6,0.521
ALB,1210,USD,PER,DCU,_T,6,0.325
ALB,1210,USD,PER,_T,_T,6,0.325
ALB,1210,USD,_T,DCU,_T,6,0.846
ALB,1210,USD,_T,_T,_T,6,0.846
ALB,1215,USD,OCC,DCU,_T,6,17.048
ALB,1215,USD,OCC,_T,_T,6,17.048
ALB,1215,USD,PER,DCU,_T,6,8.457
ALB,1215,USD,PER,_T,_T,6,8.457
ALB,1215,USD,_T,DCU,_T,6,25.504
ALB,1215,USD,_T,_T,_T,6,25.504
ALB,1220,USD,OCC,DCU,_T,6,17.048
ALB,1220,USD,OCC,_T,_T,6,17.048
ALB,1220,USD,PER,DCU,_T,6,8.457
ALB,1220,USD,PER,_T,_T,6,8.457
ALB,1220,USD,_T,DCU,_T,6,25.504
ALB,1220,USD,_T,_T,_T,6,25.504
ALB,1230,USD,OCC,DCU,_T,6,0
ALB,1230,USD,OCC,_T,_T,6,0
ALB,1230,USD,PER,DCU,_T,6,0
ALB,1230,USD,PER,_T,_T,6,0
ALB,1230,USD,_T,DCU,_T,6,0
ALB,1230,USD,_T,_T,_T,6,0
ALB,1240,USD,OCC,DCU,_T,6,0
ALB,1240,USD,OCC,_T,_T,6,0
ALB,1240,USD,PER,DCU,_T,6,0
ALB,1240,USD,PER,_T,_T,6,0
ALB,1240,USD,_T,DCU,_T,6,0
ALB,1240,USD,_T,_T,_T,6,0
ALB,1245,USD,OCC,DCU,_T,6,0
ALB,1245,USD,OCC,_T,_T,6,0
ALB,1245,USD,PER,DCU,_T,6,0
ALB,1245,USD,PER,_T,_T,6,0
ALB,1245,USD,_T,DCU,_T,6,0
ALB,1245,USD,_T,_T,_T,6,0
ALB,1250,USD,OCC,DCU,_T,6,0
ALB,1250,USD,OCC,_T,_T,6,0
ALB,1250,USD,PER,DCU,_T,6,0
ALB,1250,USD,PER,_T,_T,6,0
ALB,1250,USD,_T,DCU,_T,6,0
ALB,1250,USD,_T,_T,_T,6,0
ALB,1255,USD,OCC,DCU,_T,6,0
ALB,1255,USD,OCC,_T,_T,6,0
ALB,1255,USD,PER,DCU,_T,6,0
ALB,1255,USD,PER,_T,_T,6,0
ALB,1255,USD,_T,DCU,_T,6,0
ALB,1255,USD,_T,_T,_T,6,0
ALB,1260,USD,OCC,DCU,_T,6,0
ALB,1260,USD,OCC,_T,_T,6,0
ALB,1260,USD,PER,DCU,_T,6,0
ALB,1260,USD,PER,_T,_T,6,0
ALB,1260,USD,_T,DCU,_T,6,0
ALB,1260,USD,_T,_T,_T,6,0
ALB,1270,USD,OCC,DCU,_T,6,0
ALB,1270,USD,OCC,_T,_T,6,0
ALB,1270,USD,PER,DCU,_T,6,0
ALB,1270,USD,PER,_T,_T,6,0
ALB,1270,USD,_T,DCU,_T,6,0
ALB,1270,USD,_T,_T,_T,6,0
ALB,1272,USD,OCC,DCU,_T,6,0
ALB,1272,USD,OCC,_T,_T,6,0
ALB,1272,USD,PER,DCU,_T,6,0
ALB,1272,USD,PER,_T,_T,6,0
ALB,1272,USD,_T,DCU,_T,6,0
ALB,1272,USD,_T,_T,_T,6,0
ALB,1274,USD,OCC,DCU,_T,6,0
ALB,1274,USD,OCC,_T,_T,6,0
ALB,1274,USD,PER,DCU,_T,6,0
ALB,1274,USD,PER,_T,_T,6,0
ALB,1274,USD,_T,DCU,_T,6,0
ALB,1274,USD,_T,_T,_T,6,0
ALB,1276,USD,OCC,DCU,_T,6,0
ALB,1276,USD,OCC,_T,_T,6,0
ALB,1276,USD,PER,DCU,_T,6,0
ALB,1276,USD,PER,_T,_T,6,0
ALB,1276,USD,_T,DCU,_T,6,0
ALB,1276,USD,_T,_T,_T,6,0
ALB,1277,USD,OCC,DCU,_T,6,0
ALB,1277,USD,OCC,_T,_T,6,0
ALB,1277,USD,PER,DCU,_T,6,0
ALB,1277,USD,PER,_T,_T,6,0
ALB,1277,USD,_T,DCU,_T,6,0
ALB,1277,USD,_T,_T,_T,6,0
ALB,1278,USD,OCC,DCU,_T,6,0
ALB,1278,USD,OCC,_T,_T,6,0
ALB,1278,USD,PER,DCU,_T,6,0
ALB,1278,USD,PER,_T,_T,6,0
ALB,1278,USD,_T,DCU,_T,6,0
ALB,1278,USD,_T,_T,_T,6,0
ALB,1280,USD,OCC,DCU,_T,6,0
ALB,1280,USD,OCC,_T,_T,6,0
ALB,1280,USD,PER,DCU,_T,6,0
ALB,1280,USD,PER,_T,_T,6,0
ALB,1280,USD,_T,DCU,_T,6,0
ALB,1280,USD,_T,_T,_T,6,0
ALB,1284,USD,OCC,DCU,_T,6,0
ALB,1284,USD,OCC,_T,_T,6,0
ALB,1284,USD,PER,DCU,_T,6,0
ALB,1284,USD,PER,_T,_T,6,0
ALB,1284,USD,_T,DCU,_T,6,0
ALB,1284,USD,_T,_T,_T,6,0
ALB,1286,USD,OCC,DCU,_T,6,0
ALB,1286,USD,OCC,_T,_T,6,0
ALB,1286,USD,PER,DCU,_T,6,0
ALB,1286,USD,PER,_T,_T,6,0
ALB,1286,USD,_T,DCU,_T,6,0
ALB,1286,USD,_T,_T,_T,6,0
ALB,1289,USD,OCC,DCU,_T,6,0
ALB,1289,USD,OCC,_T,_T,6,0
ALB,1289,USD,PER,DCU,_T,6,0
ALB,1289,USD,PER,_T,_T,6,0
ALB,1289,USD,_T,DCU,_T,6,0
ALB,1289,USD,_T,_T,_T,6,0
ALB,1290,USD,OCC,DCU,_T,6,0.358
ALB,1290,USD,OCC,_T,_T,6,0.358
ALB,1290,USD,PER,DCU,_T,6,0.184
ALB,1290,USD,PER,_T,_T,6,0.184
ALB,1290,USD,_T,DCU,_T,6,0.542
ALB,1290,USD,_T,_T,_T,6,0.542
ALB,2000,USD,OCC,DCU,PF,6,0.071
ALB,2000,USD,OCC,DCU,_T,6,0.071
ALB,2000,USD,OCC,_T,PF,6,0.071
ALB,2000,USD,OCC,_T,_T,6,0.071
ALB,2000,USD,PER,DCU,PF,6,0.031
ALB,2000,USD,PER,DCU,_T,6,0.031
ALB,2000,USD,PER,_T,PF,6,0.031
ALB,2000,USD,PER,_T,_T,6,0.031
ALB,2000,USD,_T,DCU,PF,6,0.102
ALB,2000,USD,_T,DCU,_T,6,0.102
ALB,2000,USD,_T,_T,PF,6,0.102
ALB,2000,USD,_T,_T,_T,6,0.102
ALB,2100,USD,OCC,DCU,_T,6,0
ALB,2100,USD,OCC,_T,_T,6,0
ALB,2100,USD,PER,DCU,_T,6,0
ALB,2100,USD,PER,_T,_T,6,0
ALB,2100,USD,_T,DCU,_T,6,0
ALB,2100,USD,_T,_T,_T,6,0
ALB,2200,USD,OCC,DCU,_T,6,0
ALB,2200,USD,OCC,_T,_T,6,0
ALB,2200,USD,PER,DCU,_T,6,0
ALB,2200,USD,PER,_T,_T,6,0
ALB,2200,USD,_T,DCU,_T,6,0
ALB,2200,USD,_T,_T,_T,6,0
ALB,2300,USD,OCC,DCU,_T,6,0.071
ALB,2300,USD,OCC,_T,_T,6,0.071
ALB,2300,USD,PER,DCU,_T,6,0.031
ALB,2300,USD,PER,_T,_T,6,0.031
ALB,2300,USD,_T,DCU,_T,6,0.102
ALB,2300,USD,_T,_T,_T,6,0.102
ALB,3000,USD,OCC,DCU,_T,6,0.63
ALB,3000,USD,OCC,_T,_T,6,0.63
ALB,3000,USD,PER,DCU,_T,6,0.306
ALB,3000,USD,PER,_T,_T,6,0.306
ALB,3000,USD,_T,DCU,_T,6,0.936
ALB,3000,USD,_T,_T,_T,6,0.936
ALB,3010,USD,OCC,DCU,_T,6,1.035
ALB,3010,USD,OCC,_T,_T,6,1.035
ALB,3010,USD,PER,DCU,_T,6,0.524
ALB,3010,USD,PER,_T,_T,6,0.524
ALB,3010,USD,_T,DCU,_T,6,1.559
ALB,3010,USD,_T,_T,_T,6,1.559
ALB,3100,PT_B1GQ,OCC,DCU,_T,0,0.024
ALB,3100,PT_B1GQ,OCC,_T,_T,0,0.024
ALB,3100,PT_B1GQ,PER,DCU,_T,0,0.013
ALB,3100,PT_B1GQ,PER,_T,_T,0,0.013
ALB,3100,PT_B1GQ,_T,DCU,_T,0,0.037
ALB,3100,PT_B1GQ,_T,_T,_T,0,0.037
ALB,3100,USD,OCC,DCU,_T,6,3.667
ALB,3100,USD,OCC,_T,_T,6,3.667
ALB,3100,USD,PER,DCU,_T,6,2.072
ALB,3100,USD,PER,_T,_T,6,2.072
ALB,3100,USD,_T,DCU,_T,6,5.74
ALB,3100,USD,_T,_T,_T,6,5.74
ALB,3200,USD,OCC,DCU,_T,6,2.293
ALB,3200,USD,OCC,_T,_T,6,2.293
ALB,3200,USD,PER,DCU,_T,6,0
ALB,3200,USD,PER,_T,_T,6,0
ALB,3200,USD,_T,DCU,_T,6,2.293
ALB,3200,USD,_T,_T,_T,6,2.293
ALB,3300,USD,OCC,DCU,_T,6,1.374
ALB,3300,USD,OCC,_T,_T,6,1.374
ALB,3300,USD,PER,DCU,_T,6,2.072
ALB,3300,USD,PER,_T,_T,6,2.072
ALB,3300,USD,_T,DCU,_T,6,3.446
ALB,3300,USD,_T,_T,_T,6,3.446
ALB,3400,USD,OCC,DCU,_T,6,0
ALB,3400,USD,OCC,_T,_T,6,0
ALB,3400,USD,PER,DCU,_T,6,0
ALB,3400,USD,PER,_T,_T,6,0
ALB,3400,USD,_T,DCU,_T,6,0
ALB,3400,USD,_T,_T,_T,6,0
ALB,4000,PT_B1GQ,OCC,DCU,_T,0,0.002
ALB,4000,PT_B1GQ,OCC,_T,_T,0,0.002
ALB,4000,PT_B1GQ,PER,DCU,_T,0,0.001
ALB,4000,PT_B1GQ,PER,_T,_T,0,0.001
ALB,4000,PT_B1GQ,_T,DCU,_T,0,0.003
ALB,4000,PT_B1GQ,_T,_T,_T,0,0.003
ALB,4000,USD,OCC,DCU,_T,6,0.257
ALB,4000,USD,OCC,_T,_T,6,0.257
ALB,4000,USD,PER,DCU,_T,6,0.139
ALB,4000,USD,PER,_T,_T,6,0.139
ALB,4000,USD,_T,DCU,_T,6,0.395
ALB,4000,USD,_T,_T,_T,6,0.395
ALB,4100,USD,OCC,DCU,_T,6,0.231
ALB,4100,USD,OCC,_T,_T,6,0.231
ALB,4100,USD,PER,DCU,_T,6,0.127
ALB,4100,USD,PER,_T,_T,6,0.127
ALB,4100,USD,_T,DCU,_T,6,0.358
ALB,4100,USD,_T,_T,_T,6,0.358
ALB,4200,USD,OCC,DCU,_T,6,0.026
ALB,4200,USD,OCC,_T,_T,6,0.026
ALB,4200,USD,PER,DCU,_T,6,0.012
ALB,4200,USD,PER,_T,_T,6,0.012
ALB,4200,USD,_T,DCU,_T,6,0.038
ALB,4200,USD,_T,_T,_T,6,0.038
ALB,4300,USD,OCC,DCU,_T,6,0
ALB,4300,USD,OCC,_T,_T,6,0
ALB,4300,USD,PER,DCU,_T,6,0
ALB,4300,USD,PER,_T,_T,6,0
ALB,4300,USD,_T,DCU,_T,6,0
ALB,4300,USD,_T,_T,_T,6,0
ALB,4310,USD,OCC,DCU,_T,6,0
ALB,4310,USD,OCC,_T,_T,6,0
ALB,4310,USD,PER,DCU,_T,6,0
ALB,4310,USD,PER,_T,_T,6,0
ALB,4310,USD,_T,DCU,_T,6,0
ALB,4310,USD,_T,_T,_T,6,0
ALB,4410,USD,OCC,DCU,_T,6,0.405
ALB,4410,USD,OCC,_T,_T,6,0.405
ALB,4410,USD,PER,DCU,_T,6,0.218
ALB,4410,USD,PER,_T,_T,6,0.218
ALB,4410,USD,_T,DCU,_T,6,0.624
ALB,4410,USD,_T,_T,_T,6,0.624
ALB,4420,USD,OCC,DCU,_T,6,0
ALB,4420,USD,OCC,_T,_T,6,0
ALB,4420,USD,PER,DCU,_T,6,0
ALB,4420,USD,PER,_T,_T,6,0
ALB,4420,USD,_T,DCU,_T,6,0
ALB,4420,USD,_T,_T,_T,6,0
ALB,4500,USD,OCC,DCU,_T,6,0
ALB,4500,USD,OCC,_T,_T,6,0
ALB,4500,USD,PER,DCU,_T,6,0
ALB,4500,USD,PER,_T,_T,6,0
ALB,4500,USD,_T,DCU,_T,6,0
ALB,4500,USD,_T,_T,_T,6,0
ALB,5000,PS,OCC,DCU,PF,3,16.817
ALB,5000,PS,OCC,DCU,_T,3,16.817
ALB,5000,PS,OCC,_T,PF,3,16.817
ALB,5000,PS,OCC,_T,_T,3,16.817
ALB,5000,PS,PER,DCU,PF,3,11.456
ALB,5000,PS,PER,DCU,_T,3,11.456
ALB,5000,PS,PER,_T,PF,3,11.456
ALB,5000,PS,PER,_T,_T,3,11.456
ALB,5000,PS,_T,DCU,PF,3,28.273
ALB,5000,PS,_T,DCU,_T,3,28.273
ALB,5000,PS,_T,_T,PF,3,28.273
ALB,5000,PS,_T,_T,_T,3,28.273
ALB,5010,PS,OCC,DCU,_T,3,7.246
ALB,5010,PS,OCC,_T,_T,3,7.246
ALB,5010,PS,PER,DCU,_T,3,5.816
ALB,5010,PS,PER,_T,_T,3,5.816
ALB,5010,PS,_T,DCU,_T,3,13.062
ALB,5010,PS,_T,_T,_T,3,13.062
ALB,5020,PS,OCC,DCU,_T,3,9.571
ALB,5020,PS,OCC,_T,_T,3,9.571
ALB,5020,PS,PER,DCU,_T,3,5.64
ALB,5020,PS,PER,_T,_T,3,5.64
ALB,5020,PS,_T,DCU,_T,3,15.211
ALB,5020,PS,_T,_T,_T,3,15.211
ALB,5100,PS,OCC,DCU,PF,3,16.817
ALB,5100,PS,OCC,DCU,_T,3,16.817
ALB,5100,PS,OCC,_T,PF,3,16.817
ALB,5100,PS,OCC,_T,_T,3,16.817
ALB,5100,PS,PER,DCU,PF,3,11.456
ALB,5100,PS,PER,DCU,_T,3,11.456
ALB,5100,PS,PER,_T,PF,3,11.456
ALB,5100,PS,PER,_T,_T,3,11.456
ALB,5100,PS,_T,DCU,PF,3,28.273
ALB,5100,PS,_T,DCU,_T,3,28.273
ALB,5100,PS,_T,_T,PF,3,28.273
ALB,5100,PS,_T,_T,_T,3,28.273
ALB,5200,PS,OCC,DCU,PF,3,8.955
ALB,5200,PS,OCC,DCU,_T,3,8.955
ALB,5200,PS,OCC,_T,PF,3,8.955
ALB,5200,PS,OCC,_T,_T,3,8.955
ALB,5200,PS,PER,DCU,PF,3,4.605
ALB,5200,PS,PER,DCU,_T,3,4.605
ALB,5200,PS,PER,_T,PF,3,4.605
ALB,5200,PS,PER,_T,_T,3,4.605
ALB,5200,PS,_T,DCU,PF,3,13.56
ALB,5200,PS,_T,DCU,_T,3,13.56
ALB,5200,PS,_T,_T,PF,3,13.56
ALB,5200,PS,_T,_T,_T,3,13.56
ALB,OA,PT_B1GQ,OCC,_T,_T,0,0.114
ALB,PA,PT_B1GQ,PER,_T,_T,0,0.057
ARM,1000,PT_B1GQ,PER,DCP,PF,0,3.843
ARM,1000,PT_B1GQ,PER,DCP,_T,0,3.843
ARM,1000,PT_B1GQ,PER,_T,PF,0,3.843
ARM,1000,PT_B1GQ,PER,_T,_T,0,3.843
ARM,1000,PT_B1GQ,_T,DCP,PF,0,3.843
ARM,1000,PT_B1GQ,_T,DCP,_T,0,3.843
ARM,1000,PT_B1GQ,_T,_T,PF,0,3.843
ARM,1000,PT_B1GQ,_T,_T,_T,0,3.843
ARM,1000,USD,PER,DCP,PF,6,524.209
ARM,1000,USD,PER,DCP,_T,6,524.209
ARM,1000,USD,PER,_T,PF,6,524.209
ARM,1000,USD,PER,_T,_T,6,524.209
ARM,1000,USD,_T,DCP,PF,6,524.209
ARM,1000,USD,_T,DCP,_T,6,524.209
ARM,1000,USD,_T,_T,PF,6,524.209
ARM,1000,USD,_T,_T,_T,6,524.209
ARM,1210,USD,PER,DCP,_T,6,173.633
ARM,1210,USD,PER,_T,_T,6,173.633
ARM,1210,USD,_T,DCP,_T,6,173.633
ARM,1210,USD,_T,_T,_T,6,173.633
ARM,1215,USD,PER,DCP,_T,6,186.767
ARM,1215,USD,PER,_T,_T,6,186.767
ARM,1215,USD,_T,DCP,_T,6,186.767
ARM,1215,USD,_T,_T,_T,6,186.767
ARM,1220,USD,PER,DCP,_T,6,138.078
ARM,1220,USD,PER,_T,_T,6,138.078
ARM,1220,USD,_T,DCP,_T,6,138.078
ARM,1220,USD,_T,_T,_T,6,138.078
ARM,1230,USD,PER,DCP,_T,6,48.689
ARM,1230,USD,PER,_T,_T,6,48.689
ARM,1230,USD,_T,DCP,_T,6,48.689
ARM,1230,USD,_T,_T,_T,6,48.689
ARM,1240,USD,PER,DCP,_T,6,0
ARM,1240,USD,PER,_T,_T,6,0
ARM,1240,USD,_T,DCP,_T,6,0
ARM,1240,USD,_T,_T,_T,6,0
ARM,1245,USD,PER,DCP,_T,6,0
ARM,1245,USD,PER,_T,_T,6,0
ARM,1245,USD,_T,DCP,_T,6,0
ARM,1245,USD,_T,_T,_T,6,0
ARM,1250,USD,PER,DCP,_T,6,0
ARM,1250,USD,PER,_T,_T,6,0
ARM,1250,USD,_T,DCP,_T,6,0
ARM,1250,USD,_T,_T,_T,6,0
ARM,1255,USD,PER,DCP,_T,6,0
ARM,1255,USD,PER,_T,_T,6,0
ARM,1255,USD,_T,DCP,_T,6,0
ARM,1255,USD,_T,_T,_T,6,0
ARM,1260,USD,PER,DCP,_T,6,0
ARM,1260,USD,PER,_T,_T,6,0
ARM,1260,USD,_T,DCP,_T,6,0
ARM,1260,USD,_T,_T,_T,6,0
ARM,1270,USD,PER,DCP,_T,6,157.169
ARM,1270,USD,PER,_T,_T,6,157.169
ARM,1270,USD,_T,DCP,_T,6,157.169
ARM,1270,USD,_T,_T,_T,6,157.169
ARM,1290,USD,PER,DCP,_T,6,6.64
ARM,1290,USD,PER,_T,_T,6,6.64
ARM,1290,USD,_T,DCP,_T,6,6.64
ARM,1290,USD,_T,_T,_T,6,6.64
ARM,2000,USD,PER,DCP,PF,6,524.209
ARM,2000,USD,PER,DCP,_T,6,524.209
ARM,2000,USD,PER,_T,PF,6,524.209
ARM,2000,USD,PER,_T,_T,6,524.209
ARM,2000,USD,_T,DCP,PF,6,524.209
ARM,2000,USD,_T,DCP,_T,6,524.209
ARM,2000,USD,_T,_T,PF,6,524.209
ARM,2000,USD,_T,_T,_T,6,524.209
ARM,2100,USD,PER,DCP,_T,6,523.748
ARM,2100,USD,PER,_T,_T,6,523.748
ARM,2100,USD,_T,DCP,_T,6,523.748
ARM,2100,USD,_T,_T,_T,6,523.748
ARM,2200,USD,PER,DCP,_T,6,0
ARM,2200,USD,PER,_T,_T,6,0
ARM,2200,USD,_T,DCP,_T,6,0
ARM,2200,USD,_T,_T,_T,6,0
ARM,2300,USD,PER,DCP,_T,6,0.461
ARM,2300,USD,PER,_T,_T,6,0.461
ARM,2300,USD,_T,DCP,_T,6,0.461
ARM,2300,USD,_T,_T,_T,6,0.461
ARM,3000,USD,PER,DCP,_T,6,40.569
ARM,3000,USD,PER,_T,_T,6,40.569
ARM,3000,USD,_T,DCP,_T,6,40.569
ARM,3000,USD,_T,_T,_T,6,40.569
ARM,3010,USD,PER,DCP,_T,6,45.24
ARM,3010,USD,PER,_T,_T,6,45.24
ARM,3010,USD,_T,DCP,_T,6,45.24
ARM,3010,USD,_T,_T,_T,6,45.24
ARM,3100,PT_B1GQ,PER,DCP,_T,0,1.049
ARM,3100,PT_B1GQ,PER,_T,_T,0,1.049
ARM,3100,PT_B1GQ,_T,DCP,_T,0,1.049
ARM,3100,PT_B1GQ,_T,_T,_T,0,1.049
ARM,3100,USD,PER,DCP,_T,6,142.915
ARM,3100,USD,PER,_T,_T,6,142.915
ARM,3100,USD,_T,DCP,_T,6,142.915
ARM,3100,USD,_T,_T,_T,6,142.915
ARM,4000,PT_B1GQ,PER,DCP,_T,0,0.544
ARM,4000,PT_B1GQ,PER,_T,_T,0,0.544
ARM,4000,PT_B1GQ,_T,DCP,_T,0,0.544
ARM,4000,PT_B1GQ,_T,_T,_T,0,0.544
ARM,4000,USD,PER,DCP,_T,6,74.085
ARM,4000,USD,PER,_T,_T,6,74.085
ARM,4000,USD,_T,DCP,_T,6,74.085
ARM,4000,USD,_T,_T,_T,6,74.085
ARM,4100,USD,PER,DCP,_T,6,74.085
ARM,4100,USD,PER,_T,_T,6,74.085
ARM,4100,USD,_T,DCP,_T,6,74.085
ARM,4100,USD,_T,_T,_T,6,74.085
ARM,4410,USD,PER,DCP,_T,6,4.671
ARM,4410,USD,PER,_T,_T,6,4.671
ARM,4410,USD,_T,DCP,_T,6,4.671
ARM,4410,USD,_T,_T,_T,6,4.671
ARM,4420,USD,PER,DCP,_T,6,0.072
ARM,4420,USD,PER,_T,_T,6,0.072
ARM,4420,USD,_T,DCP,_T,6,0.072
ARM,4420,USD,_T,_T,_T,6,0.072
ARM,4500,USD,PER,DCP,_T,6,0
ARM,4500,USD,PER,_T,_T,6,0
ARM,4500,USD,_T,DCP,_T,6,0
ARM,4500,USD,_T,_T,_T,6,0
ARM,5000,PS,PER,DCP,PF,3,555.44
ARM,5000,PS,PER,DCP,_T,3,555.44
ARM,5000,PS,PER,_T,PF,3,555.44
ARM,5000,PS,PER,_T,_T,3,555.44
ARM,5000,PS,_T,DCP,PF,3,555.44
ARM,5000,PS,_T,DCP,_T,3,555.44
ARM,5000,PS,_T,_T,PF,3,555.44
ARM,5000,PS,_T,_T,_T,3,555.44
ARM,5010,PS,PER,DCP,_T,3,282.394
ARM,5010,PS,PER,_T,_T,3,282.394
ARM,5010,PS,_T,DCP,_T,3,282.394
ARM,5010,PS,_T,_T,_T,3,282.394
ARM,5020,PS,PER,DCP,_T,3,273.046
ARM,5020,PS,PER,_T,_T,3,273.046
ARM,5020,PS,_T,DCP,_T,3,273.046
ARM,5020,PS,_T,_T,_T,3,273.046
ARM,PA,PT_B1GQ,PER,_T,_T,0,3.843
AUS,1000,PT_B1GQ,OCC,_T,_T,0,62.563
AUS,1000,PT_B1GQ,PER,_T,_T,0,73.016
AUS,1000,PT_B1GQ,_T,_T,PF,0,135.579
AUS,1000,PT_B1GQ,_T,_T,_T,0,135.579
AUS,1000,USD,OCC,_T,_T,6,842579.682
AUS,1000,USD,PER,_T,_T,6,983352.617
AUS,1000,USD,_T,_T,PF,6,1825932.3
AUS,1000,USD,_T,_T,_T,6,1825932.3
AUS,1172,USD,OCC,_T,_T,6,-962.744
AUS,1172,USD,PER,_T,_T,6,14.173
AUS,1172,USD,_T,_T,_T,6,-948.571
AUS,1210,USD,OCC,_T,_T,6,51105.362
AUS,1210,USD,PER,_T,_T,6,121289.705
AUS,1210,USD,_T,_T,_T,6,172395.068
AUS,1215,USD,OCC,_T,_T,6,110979.739
AUS,1215,USD,PER,_T,_T,6,14798.961
AUS,1215,USD,_T,_T,_T,6,125778.7
AUS,1220,USD,OCC,_T,_T,6,48150.359
AUS,1230,USD,OCC,_T,_T,6,62829.38
AUS,1240,USD,PER,_T,_T,6,3967.018
AUS,1240,USD,_T,_T,_T,6,3967.018
AUS,1245,USD,OCC,_T,_T,6,291378.35
AUS,1245,USD,PER,_T,_T,6,167192.178
AUS,1245,USD,_T,_T,_T,6,458570.528
AUS,1250,USD,OCC,_T,_T,6,284529.116
AUS,1250,USD,PER,_T,_T,6,160771.5
AUS,1250,USD,_T,_T,_T,6,445300.616
AUS,1255,USD,OCC,_T,_T,6,6849.234
AUS,1255,USD,PER,_T,_T,6,6420.678
AUS,1255,USD,_T,_T,_T,6,13269.912
AUS,1260,USD,OCC,_T,_T,6,9977.129
AUS,1260,USD,PER,_T,_T,6,74462.67
AUS,1260,USD,_T,_T,_T,6,84439.799
AUS,1270,USD,OCC,_T,_T,6,378936.703
AUS,1270,USD,PER,_T,_T,6,550696.754
AUS,1270,USD,_T,_T,_T,6,929633.457
AUS,1272,USD,OCC,_T,_T,6,23842.189
AUS,1272,USD,PER,_T,_T,6,36399.283
AUS,1272,USD,_T,_T,_T,6,60241.472
AUS,1274,USD,OCC,_T,_T,6,73802.16
AUS,1274,USD,PER,_T,_T,6,82508.668
AUS,1274,USD,_T,_T,_T,6,156310.828
AUS,1276,USD,OCC,_T,_T,6,121955.982
AUS,1276,USD,PER,_T,_T,6,218208.459
AUS,1276,USD,_T,_T,_T,6,340164.441
AUS,1277,USD,OCC,_T,_T,6,132236.773
AUS,1277,USD,PER,_T,_T,6,37581.066
AUS,1277,USD,_T,_T,_T,6,169817.839
AUS,1278,USD,OCC,_T,_T,6,27099.599
AUS,1278,USD,PER,_T,_T,6,175999.278
AUS,1278,USD,_T,_T,_T,6,203098.877
AUS,1290,USD,OCC,_T,_T,6,202.4
AUS,1290,USD,PER,_T,_T,6,50945.331
AUS,1290,USD,_T,_T,_T,6,51147.73
AUS,2000,USD,OCC,_T,_T,6,999114.599
AUS,2000,USD,PER,_T,_T,6,433292.002
AUS,2000,USD,_T,_T,PF,6,1432406.602
AUS,2000,USD,_T,_T,_T,6,1432406.602
AUS,2100,USD,OCC,_T,_T,6,-5929.098
AUS,2100,USD,PER,_T,_T,6,1356.286
AUS,2100,USD,_T,_T,_T,6,-4572.812
AUS,2200,USD,OCC,_T,_T,6,972637.303
AUS,2200,USD,PER,_T,_T,6,429245.025
AUS,2200,USD,_T,_T,_T,6,1401882.328
AUS,2300,USD,OCC,_T,_T,6,32406.395
AUS,2300,USD,PER,_T,_T,6,2690.691
AUS,2300,USD,_T,_T,_T,6,35097.086
AUS,3000,USD,OCC,_T,_T,6,61126.513
AUS,3000,USD,PER,_T,_T,6,75639.172
AUS,3000,USD,_T,_T,_T,6,136765.686
AUS,3010,USD,OCC,_T,_T,6,63797.26
AUS,3010,USD,PER,_T,_T,6,78993.134
AUS,3010,USD,_T,_T,_T,6,142790.394
AUS,3100,PT_B1GQ,OCC,_T,_T,0,4.234
AUS,3100,PT_B1GQ,PER,_T,_T,0,2.455
AUS,3100,PT_B1GQ,_T,_T,_T,0,6.689
AUS,3100,USD,OCC,_T,_T,6,58193.209
AUS,3100,USD,PER,_T,_T,6,33737.945
AUS,3100,USD,_T,_T,_T,6,91931.153
AUS,3200,USD,OCC,_T,_T,6,49792.777
AUS,3200,USD,PER,_T,_T,6,18814.51
AUS,3200,USD,_T,_T,_T,6,68607.287
AUS,3300,USD,OCC,_T,_T,6,8400.431
AUS,3300,USD,PER,_T,_T,6,14923.435
AUS,3300,USD,_T,_T,_T,6,23323.866
AUS,3400,USD,OCC,_T,_T,6,124.927
AUS,3400,USD,PER,_T,_T,6,247.03
AUS,3400,USD,_T,_T,_T,6,371.957
AUS,4000,PT_B1GQ,OCC,_T,_T,0,2.343
AUS,4000,PT_B1GQ,PER,_T,_T,0,3.43
AUS,4000,PT_B1GQ,_T,_T,_T,0,5.774
AUS,4000,USD,OCC,_T,_T,6,32208.476
AUS,4000,USD,PER,_T,_T,6,47148.85
AUS,4000,USD,_T,_T,_T,6,79357.327
AUS,4100,USD,OCC,_T,_T,6,14942.491
AUS,4100,USD,PER,_T,_T,6,19242.931
AUS,4100,USD,_T,_T,_T,6,34185.422
AUS,4200,USD,OCC,_T,_T,6,17265.985
AUS,4200,USD,PER,_T,_T,6,27809.225
AUS,4200,USD,_T,_T,_T,6,45075.21
AUS,4300,USD,OCC,_T,_T,6,3391.369
AUS,4300,USD,PER,_T,_T,6,3119.636
AUS,4300,USD,_T,_T,_T,6,6511.005
AUS,4410,USD,OCC,_T,_T,6,2670.747
AUS,4410,USD,PER,_T,_T,6,3353.962
AUS,4410,USD,_T,_T,_T,6,6024.709
AUS,4420,USD,OCC,_T,_T,6,1917.659
AUS,4420,USD,PER,_T,_T,6,5608.287
AUS,4420,USD,_T,_T,_T,6,7525.945
AUS,4500,USD,OCC,_T,_T,6,0
AUS,4500,USD,PER,_T,_T,6,0
AUS,4500,USD,_T,_T,_T,6,0
AUS,5000,PS,OCC,_T,_T,3,15200
AUS,5000,PS,PER,_T,_T,3,12130.893
AUS,5000,PS,_T,_T,PF,3,27330.893
AUS,5000,PS,_T,_T,_T,3,27330.893
AUS,5010,PS,OCC,_T,_T,3,7669
AUS,5010,PS,PER,_T,_T,3,6959.442
AUS,5010,PS,_T,_T,_T,3,14628.442
AUS,5020,PS,OCC,_T,_T,3,7531
AUS,5020,PS,PER,_T,_T,3,5171.451
AUS,5020,PS,_T,_T,_T,3,12702.451
AUS,OA,PT_B1GQ,OCC,_T,_T,0,62.563
AUS,PA,PT_B1GQ,PER,_T,_T,0,73.016
AUT,1000,PT_B1GQ,_T,_T,PF,0,6.14
AUT,1000,USD,_T,_T,PF,6,27293.721
AUT,2000,USD,_T,_T,PF,6,28876.894
AUT,5000,PS,_T,_T,PF,3,977.513
AUT,5100,PS,_T,_T,PF,3,865.677
AUT,5200,PS,_T,_T,PF,3,85.661
AUT,5300,PS,_T,_T,PF,3,111.836
BEL,1000,PT_B1GQ,OCC,DB,PF,0,2.875
BEL,1000,PT_B1GQ,OCC,DBH,PF,0,5.55
BEL,1000,PT_B1GQ,OCC,_T,PF,0,8.425
BEL,1000,PT_B1GQ,PER,DCU,INV,0,4.444
BEL,1000,PT_B1GQ,PER,_T,INV,0,4.444
BEL,1000,PT_B1GQ,PER,_T,_T,0,12.099
BEL,1000,PT_B1GQ,_T,DB,PF,0,2.875
BEL,1000,PT_B1GQ,_T,DBH,PF,0,5.55
BEL,1000,PT_B1GQ,_T,DCU,INV,0,4.444
BEL,1000,PT_B1GQ,_T,_T,INV,0,4.444
BEL,1000,PT_B1GQ,_T,_T,OTH,0,4.444
BEL,1000,PT_B1GQ,_T,_T,PF,0,8.425
BEL,1000,PT_B1GQ,_T,_T,PIC,0,21.873
BEL,1000,PT_B1GQ,_T,_T,_T,0,34.742
BEL,1000,USD,OCC,DB,PF,6,15485.721
BEL,1000,USD,OCC,DBH,PF,6,29890.428
BEL,1000,USD,OCC,_T,PF,6,45376.148
BEL,1000,USD,PER,DCU,INV,6,23938.055
BEL,1000,USD,PER,_T,INV,6,23938.055
BEL,1000,USD,PER,_T,_T,6,65166.538
BEL,1000,USD,_T,DB,PF,6,15485.721
BEL,1000,USD,_T,DBH,PF,6,29890.428
BEL,1000,USD,_T,DCU,INV,6,23938.055
BEL,1000,USD,_T,_T,INV,6,23938.055
BEL,1000,USD,_T,_T,OTH,6,23938.055
BEL,1000,USD,_T,_T,PF,6,45376.148
BEL,1000,USD,_T,_T,PIC,6,117808.189
BEL,1000,USD,_T,_T,_T,6,187122.391
BEL,2000,USD,OCC,DB,PF,6,15148.033
BEL,2000,USD,OCC,DBH,PF,6,30022.399
BEL,2000,USD,OCC,_T,PF,6,45170.431
BEL,2000,USD,_T,DB,PF,6,15148.033
BEL,2000,USD,_T,DBH,PF,6,30022.399
BEL,2000,USD,_T,_T,PF,6,45170.431
BEL,3100,PT_B1GQ,PER,DCP,_T,0,0.129
BEL,3100,PT_B1GQ,PER,DCU,_T,0,0.008
BEL,3100,PT_B1GQ,_T,DCP,_T,0,0.129
BEL,3100,PT_B1GQ,_T,DCU,_T,0,0.008
BEL,3100,PT_B1GQ,_T,_T,_T,0,1.112
BEL,3100,USD,PER,DCP,_T,6,691.656
BEL,3100,USD,PER,DCU,_T,6,43.35
BEL,3100,USD,_T,DCP,_T,6,691.656
BEL,3100,USD,_T,DCU,_T,6,43.35
BEL,3100,USD,_T,_T,_T,6,5969.212
BEL,3300,USD,PER,DCP,_T,6,691.656
BEL,3300,USD,PER,DCU,_T,6,43.35
BEL,3300,USD,_T,DCP,_T,6,691.656
BEL,3300,USD,_T,DCU,_T,6,43.35
BEL,5000,PS,OCC,DB,PF,3,150.791
BEL,5000,PS,OCC,DB,PIC,3,156.745
BEL,5000,PS,OCC,DB,_T,3,307.536
BEL,5000,PS,OCC,DBH,PF,3,1769.399
BEL,5000,PS,OCC,DBH,PIC,3,3742.069
BEL,5000,PS,OCC,DBH,_T,3,5511.468
BEL,5000,PS,OCC,DCP,PIC,3,335.432
BEL,5000,PS,OCC,DCP,_T,3,335.432
BEL,5000,PS,OCC,DCU,PF,3,0.845
BEL,5000,PS,OCC,DCU,_T,3,0.845
BEL,5000,PS,OCC,_T,PF,3,1921.035
BEL,5000,PS,OCC,_T,PIC,3,4234.246
BEL,5000,PS,OCC,_T,_T,3,6155.281
BEL,5000,PS,PER,DCP,PF,3,38.12
BEL,5000,PS,PER,DCP,PIC,3,654.906
BEL,5000,PS,PER,DCP,_T,3,693.026
BEL,5000,PS,PER,DCU,INV,3,1674.676
BEL,5000,PS,PER,DCU,PF,3,0.201
BEL,5000,PS,PER,DCU,PIC,3,5.266
BEL,5000,PS,PER,DCU,_T,3,1680.143
BEL,5000,PS,PER,_T,INV,3,1674.676
BEL,5000,PS,PER,_T,PF,3,38.321
BEL,5000,PS,PER,_T,PIC,3,660.172
BEL,5000,PS,PER,_T,_T,3,2373.169
BEL,5000,PS,_T,DB,PF,3,150.791
BEL,5000,PS,_T,DB,PIC,3,156.745
BEL,5000,PS,_T,DB,_T,3,307.536
BEL,5000,PS,_T,DBH,PF,3,1769.399
BEL,5000,PS,_T,DBH,PIC,3,3742.069
BEL,5000,PS,_T,DBH,_T,3,5511.468
BEL,5000,PS,_T,DCP,PF,3,38.12
BEL,5000,PS,_T,DCP,PIC,3,990.338
BEL,5000,PS,_T,DCP,_T,3,1028.458
BEL,5000,PS,_T,DCU,INV,3,1674.676
BEL,5000,PS,_T,DCU,PF,3,1.046
BEL,5000,PS,_T,DCU,PIC,3,5.266
BEL,5000,PS,_T,DCU,_T,3,1680.988
BEL,5000,PS,_T,_T,INV,3,1674.676
BEL,5000,PS,_T,_T,OTH,3,1674.676
BEL,5000,PS,_T,_T,PF,3,1959.356
BEL,5000,PS,_T,_T,PIC,3,4894.418
BEL,5000,PS,_T,_T,_T,3,8528.45
BEL,5010,PS,OCC,DB,_T,3,195.004
BEL,5010,PS,OCC,DBH,_T,3,3307.576
BEL,5010,PS,OCC,DCP,_T,3,257.561
BEL,5010,PS,OCC,DCU,_T,3,0.681
BEL,5010,PS,OCC,_T,_T,3,3760.822
BEL,5010,PS,PER,DCP,_T,3,410.631
BEL,5010,PS,PER,DCU,_T,3,3.225
BEL,5010,PS,PER,_T,_T,3,413.856
BEL,5010,PS,_T,DB,_T,3,195.004
BEL,5010,PS,_T,DBH,_T,3,3307.576
BEL,5010,PS,_T,DCP,_T,3,668.192
BEL,5010,PS,_T,DCU,_T,3,3.906
BEL,5020,PS,OCC,DB,_T,3,112.532
BEL,5020,PS,OCC,DBH,_T,3,2203.892
BEL,5020,PS,OCC,DCP,_T,3,77.871
BEL,5020,PS,OCC,DCU,_T,3,0.164
BEL,5020,PS,OCC,_T,_T,3,2394.459
BEL,5020,PS,PER,DCP,_T,3,282.395
BEL,5020,PS,PER,DCU,_T,3,2.242
BEL,5020,PS,PER,_T,_T,3,284.637
BEL,5020,PS,_T,DB,_T,3,112.532
BEL,5020,PS,_T,DBH,_T,3,2203.892
BEL,5020,PS,_T,DCP,_T,3,360.266
BEL,5020,PS,_T,DCU,_T,3,2.406
BEL,5100,PS,OCC,DB,PF,3,150.791
BEL,5100,PS,OCC,DB,PIC,3,156.745
BEL,5100,PS,OCC,DB,_T,3,307.536
BEL,5100,PS,OCC,DBH,PF,3,1769.399
BEL,5100,PS,OCC,DBH,PIC,3,3742.069
BEL,5100,PS,OCC,DBH,_T,3,5511.468
BEL,5100,PS,OCC,DCP,PIC,3,335.432
BEL,5100,PS,OCC,DCP,_T,3,335.432
BEL,5100,PS,OCC,DCU,PF,3,0.845
BEL,5100,PS,OCC,DCU,_T,3,0.845
BEL,5100,PS,OCC,_T,PF,3,1921.035
BEL,5100,PS,OCC,_T,PIC,3,4234.246
BEL,5100,PS,OCC,_T,_T,3,6155.281
BEL,5100,PS,PER,DCP,PF,3,38.12
BEL,5100,PS,PER,DCP,PIC,3,654.906
BEL,5100,PS,PER,DCP,_T,3,693.026
BEL,5100,PS,PER,DCU,INV,3,1674.676
BEL,5100,PS,PER,DCU,PF,3,0.201
BEL,5100,PS,PER,DCU,PIC,3,5.266
BEL,5100,PS,PER,DCU,_T,3,1680.143
BEL,5100,PS,PER,_T,INV,3,1674.676
BEL,5100,PS,PER,_T,PF,3,38.321
BEL,5100,PS,PER,_T,PIC,3,660.172
BEL,5100,PS,PER,_T,_T,3,2373.169
BEL,5100,PS,_T,DB,PF,3,150.791
BEL,5100,PS,_T,DB,PIC,3,156.745
BEL,5100,PS,_T,DB,_T,3,307.536
BEL,5100,PS,_T,DBH,PF,3,1769.399
BEL,5100,PS,_T,DBH,PIC,3,3742.069
BEL,5100,PS,_T,DBH,_T,3,5511.468
BEL,5100,PS,_T,DCP,PF,3,38.12
BEL,5100,PS,_T,DCP,PIC,3,990.338
BEL,5100,PS,_T,DCP,_T,3,1028.458
BEL,5100,PS,_T,DCU,INV,3,1674.676
BEL,5100,PS,_T,DCU,PF,3,1.046
BEL,5100,PS,_T,DCU,PIC,3,5.266
BEL,5100,PS,_T,DCU,_T,3,1680.988
BEL,5100,PS,_T,_T,INV,3,1674.676
BEL,5100,PS,_T,_T,OTH,3,1674.676
BEL,5100,PS,_T,_T,PF,3,1959.356
BEL,5100,PS,_T,_T,PIC,3,4894.418
BEL,5100,PS,_T,_T,_T,3,8528.45
BEL,5200,PS,OCC,DB,PF,3,60.029
BEL,5200,PS,OCC,DB,PIC,3,67.175
BEL,5200,PS,OCC,DB,_T,3,127.204
BEL,5200,PS,OCC,DBH,PF,3,775.554
BEL,5200,PS,OCC,DBH,PIC,3,1663.579
BEL,5200,PS,OCC,DBH,_T,3,2439.133
BEL,5200,PS,OCC,DCP,PIC,3,126.364
BEL,5200,PS,OCC,DCP,_T,3,126.364
BEL,5200,PS,OCC,DCU,PF,3,0.233
BEL,5200,PS,OCC,DCU,_T,3,0.233
BEL,5200,PS,OCC,_T,PF,3,835.816
BEL,5200,PS,OCC,_T,PIC,3,1857.118
BEL,5200,PS,OCC,_T,_T,3,2692.934
BEL,5200,PS,PER,DCP,PF,3,17.037
BEL,5200,PS,PER,DCP,PIC,3,276.194
BEL,5200,PS,PER,DCP,_T,3,293.231
BEL,5200,PS,PER,DCU,PF,3,0.003
BEL,5200,PS,PER,DCU,PIC,3,0.499
BEL,5200,PS,PER,DCU,_T,3,0.502
BEL,5200,PS,PER,_T,PF,3,17.04
BEL,5200,PS,PER,_T,PIC,3,276.693
BEL,5200,PS,PER,_T,_T,3,293.733
BEL,5200,PS,_T,DB,PF,3,60.029
BEL,5200,PS,_T,DB,PIC,3,67.175
BEL,5200,PS,_T,DB,_T,3,127.204
BEL,5200,PS,_T,DBH,PF,3,775.554
BEL,5200,PS,_T,DBH,PIC,3,1663.579
BEL,5200,PS,_T,DBH,_T,3,2439.133
BEL,5200,PS,_T,DCP,PF,3,17.037
BEL,5200,PS,_T,DCP,PIC,3,402.558
BEL,5200,PS,_T,DCP,_T,3,419.595
BEL,5200,PS,_T,DCU,PF,3,0.236
BEL,5200,PS,_T,DCU,PIC,3,0.499
BEL,5200,PS,_T,DCU,_T,3,0.735
BEL,5200,PS,_T,_T,PF,3,852.856
BEL,5200,PS,_T,_T,PIC,3,2133.811
BEL,PA,PT_B1GQ,PER,_T,_T,0,12.099
BGR,1000,PT_B1GQ,OCC,DCU,PF,0,0.014
BGR,1000,PT_B1GQ,OCC,DCU,_T,0,0.014
BGR,1000,PT_B1GQ,OCC,_T,PF,0,0.014
BGR,1000,PT_B1GQ,OCC,_T,_T,0,0.014
BGR,1000,PT_B1GQ,PER,DCU,PF,0,13.108
BGR,1000,PT_B1GQ,PER,DCU,_T,0,13.108
BGR,1000,PT_B1GQ,PER,_T,PF,0,13.108
BGR,1000,PT_B1GQ,PER,_T,_T,0,13.108
BGR,1000,PT_B1GQ,_T,DCU,PF,0,13.122
BGR,1000,PT_B1GQ,_T,DCU,_T,0,13.122
BGR,1000,PT_B1GQ,_T,_T,PF,0,13.122
BGR,1000,PT_B1GQ,_T,_T,_T,0,13.122
BGR,1000,USD,OCC,DCU,PF,6,9.525
BGR,1000,USD,OCC,DCU,_T,6,9.525
BGR,1000,USD,OCC,_T,PF,6,9.525
BGR,1000,USD,OCC,_T,_T,6,9.525
BGR,1000,USD,PER,DCU,PF,6,9027.978
BGR,1000,USD,PER,DCU,_T,6,9027.978
BGR,1000,USD,PER,_T,PF,6,9027.978
BGR,1000,USD,PER,_T,_T,6,9027.978
BGR,1000,USD,_T,DCU,PF,6,9037.503
BGR,1000,USD,_T,DCU,_T,6,9037.503
BGR,1000,USD,_T,_T,PF,6,9037.503
BGR,1000,USD,_T,_T,_T,6,9037.503
BGR,1121,USD,OCC,DCU,_T,6,7.464
BGR,1121,USD,OCC,_T,_T,6,7.464
BGR,1121,USD,PER,DCU,_T,6,5571.111
BGR,1121,USD,PER,_T,_T,6,5571.111
BGR,1121,USD,_T,DCU,_T,6,5578.574
BGR,1121,USD,_T,_T,_T,6,5578.574
BGR,1122,USD,OCC,DCU,_T,6,7.464
BGR,1122,USD,OCC,_T,_T,6,7.464
BGR,1122,USD,PER,DCU,_T,6,5571.111
BGR,1122,USD,PER,_T,_T,6,5571.111
BGR,1122,USD,_T,DCU,_T,6,5578.574
BGR,1122,USD,_T,_T,_T,6,5578.574
BGR,1131,USD,OCC,DCU,_T,6,0
BGR,1131,USD,OCC,_T,_T,6,0
BGR,1131,USD,PER,DCU,_T,6,0
BGR,1131,USD,PER,_T,_T,6,0
BGR,1131,USD,_T,DCU,_T,6,0
BGR,1131,USD,_T,_T,_T,6,0
BGR,1141,USD,OCC,DCU,_T,6,5.284
BGR,1141,USD,OCC,_T,_T,6,5.284
BGR,1141,USD,PER,DCU,_T,6,4474.764
BGR,1141,USD,PER,_T,_T,6,4474.764
BGR,1141,USD,_T,DCU,_T,6,4480.048
BGR,1141,USD,_T,_T,_T,6,4480.048
BGR,1151,USD,OCC,DCU,_T,6,2.179
BGR,1151,USD,OCC,_T,_T,6,2.179
BGR,1151,USD,PER,DCU,_T,6,1096.347
BGR,1151,USD,PER,_T,_T,6,1096.347
BGR,1151,USD,_T,DCU,_T,6,1098.526
BGR,1151,USD,_T,_T,_T,6,1098.526
BGR,1171,USD,OCC,DCU,_T,6,0
BGR,1171,USD,OCC,_T,_T,6,0
BGR,1171,USD,PER,DCU,_T,6,0
BGR,1171,USD,PER,_T,_T,6,0
BGR,1171,USD,_T,DCU,_T,6,0
BGR,1171,USD,_T,_T,_T,6,0
BGR,1172,USD,OCC,DCU,_T,6,0
BGR,1172,USD,OCC,_T,_T,6,0
BGR,1172,USD,PER,DCU,_T,6,0
BGR,1172,USD,PER,_T,_T,6,0
BGR,1172,USD,_T,DCU,_T,6,0
BGR,1172,USD,_T,_T,_T,6,0
BGR,1210,USD,OCC,DCU,_T,6,0.885
BGR,1210,USD,OCC,_T,_T,6,0.885
BGR,1210,USD,PER,DCU,_T,6,723.391
BGR,1210,USD,PER,_T,_T,6,723.391
BGR,1210,USD,_T,DCU,_T,6,724.276
BGR,1210,USD,_T,_T,_T,6,724.276
BGR,1215,USD,OCC,DCU,_T,6,5.915
BGR,1215,USD,OCC,_T,_T,6,5.915
BGR,1215,USD,PER,DCU,_T,6,6004.203
BGR,1215,USD,PER,_T,_T,6,6004.203
BGR,1215,USD,_T,DCU,_T,6,6010.118
BGR,1215,USD,_T,_T,_T,6,6010.118
BGR,1220,USD,OCC,DCU,_T,6,5.783
BGR,1220,USD,OCC,_T,_T,6,5.783
BGR,1220,USD,PER,DCU,_T,6,5086.428
BGR,1220,USD,PER,_T,_T,6,5086.428
BGR,1220,USD,_T,DCU,_T,6,5092.212
BGR,1220,USD,_T,_T,_T,6,5092.212
BGR,1230,USD,OCC,DCU,_T,6,0.132
BGR,1230,USD,OCC,_T,_T,6,0.132
BGR,1230,USD,PER,DCU,_T,6,917.774
BGR,1230,USD,PER,_T,_T,6,917.774
BGR,1230,USD,_T,DCU,_T,6,917.906
BGR,1230,USD,_T,_T,_T,6,917.906
BGR,1245,USD,OCC,DCU,_T,6,1.098
BGR,1245,USD,OCC,_T,_T,6,1.098
BGR,1245,USD,PER,DCU,_T,6,1048.721
BGR,1245,USD,PER,_T,_T,6,1048.721
BGR,1245,USD,_T,DCU,_T,6,1049.819
BGR,1245,USD,_T,_T,_T,6,1049.819
BGR,1250,USD,OCC,DCU,_T,6,1.098
BGR,1250,USD,OCC,_T,_T,6,1.098
BGR,1250,USD,PER,DCU,_T,6,1048.721
BGR,1250,USD,PER,_T,_T,6,1048.721
BGR,1250,USD,_T,DCU,_T,6,1049.819
BGR,1250,USD,_T,_T,_T,6,1049.819
BGR,1255,USD,OCC,DCU,_T,6,0
BGR,1255,USD,OCC,_T,_T,6,0
BGR,1255,USD,PER,DCU,_T,6,0
BGR,1255,USD,PER,_T,_T,6,0
BGR,1255,USD,_T,DCU,_T,6,0
BGR,1255,USD,_T,_T,_T,6,0
BGR,1260,USD,OCC,DCU,_T,6,0
BGR,1260,USD,OCC,_T,_T,6,0
BGR,1260,USD,PER,DCU,_T,6,157.658
BGR,1260,USD,PER,_T,_T,6,157.658
BGR,1260,USD,_T,DCU,_T,6,157.658
BGR,1260,USD,_T,_T,_T,6,157.658
BGR,1270,USD,OCC,DCU,_T,6,1.62
BGR,1270,USD,OCC,_T,_T,6,1.62
BGR,1270,USD,PER,DCU,_T,6,1014.512
BGR,1270,USD,PER,_T,_T,6,1014.512
BGR,1270,USD,_T,DCU,_T,6,1016.132
BGR,1270,USD,_T,_T,_T,6,1016.132
BGR,1290,USD,OCC,DCU,_T,6,0.007
BGR,1290,USD,OCC,_T,_T,6,0.007
BGR,1290,USD,PER,DCU,_T,6,79.493
BGR,1290,USD,PER,_T,_T,6,79.493
BGR,1290,USD,_T,DCU,_T,6,79.501
BGR,1290,USD,_T,_T,_T,6,79.501
BGR,2000,USD,OCC,DCU,PF,6,9.523
BGR,2000,USD,OCC,DCU,_T,6,9.523
BGR,2000,USD,OCC,_T,PF,6,9.523
BGR,2000,USD,OCC,_T,_T,6,9.523
BGR,2000,USD,PER,DCU,PF,6,9027.978
BGR,2000,USD,PER,DCU,_T,6,9027.978
BGR,2000,USD,PER,_T,PF,6,9027.978
BGR,2000,USD,PER,_T,_T,6,9027.978
BGR,2000,USD,_T,DCU,PF,6,9037.501
BGR,2000,USD,_T,DCU,_T,6,9037.501
BGR,2000,USD,_T,_T,PF,6,9037.501
BGR,2000,USD,_T,_T,_T,6,9037.501
BGR,2200,USD,OCC,DCU,_T,6,9.518
BGR,2200,USD,OCC,_T,_T,6,9.518
BGR,2200,USD,PER,DCU,_T,6,8966.284
BGR,2200,USD,PER,_T,_T,6,8966.284
BGR,2200,USD,_T,DCU,_T,6,8975.801
BGR,2200,USD,_T,_T,_T,6,8975.801
BGR,2300,USD,OCC,DCU,_T,6,0.006
BGR,2300,USD,OCC,_T,_T,6,0.006
BGR,2300,USD,PER,DCU,_T,6,61.694
BGR,2300,USD,PER,_T,_T,6,61.694
BGR,2300,USD,_T,DCU,_T,6,61.7
BGR,2300,USD,_T,_T,_T,6,61.7
BGR,3000,USD,OCC,DCU,_T,6,0.816
BGR,3000,USD,OCC,_T,_T,6,0.816
BGR,3000,USD,PER,DCU,_T,6,559.698
BGR,3000,USD,PER,_T,_T,6,559.698
BGR,3000,USD,_T,DCU,_T,6,560.514
BGR,3000,USD,_T,_T,_T,6,560.514
BGR,3010,USD,OCC,DCU,_T,6,0.867
BGR,3010,USD,OCC,_T,_T,6,0.867
BGR,3010,USD,PER,DCU,_T,6,590.961
BGR,3010,USD,PER,_T,_T,6,590.961
BGR,3010,USD,_T,DCU,_T,6,591.828
BGR,3010,USD,_T,_T,_T,6,591.828
BGR,3100,PT_B1GQ,OCC,DCU,_T,0,0.001
BGR,3100,PT_B1GQ,OCC,_T,_T,0,0.001
BGR,3100,PT_B1GQ,PER,DCU,_T,0,1.423
BGR,3100,PT_B1GQ,PER,_T,_T,0,1.423
BGR,3100,PT_B1GQ,_T,DCU,_T,0,1.424
BGR,3100,PT_B1GQ,_T,_T,_T,0,1.424
BGR,3100,USD,OCC,DCU,_T,6,0.95
BGR,3100,USD,OCC,_T,_T,6,0.95
BGR,3100,USD,PER,DCU,_T,6,976.399
BGR,3100,USD,PER,_T,_T,6,976.399
BGR,3100,USD,_T,DCU,_T,6,977.349
BGR,3100,USD,_T,_T,_T,6,977.349
BGR,3200,USD,OCC,DCU,_T,6,0.933
BGR,3200,USD,OCC,_T,_T,6,0.933
BGR,3200,USD,_T,DCU,_T,6,0.933
BGR,3300,USD,OCC,DCU,_T,6,0.017
BGR,3300,USD,OCC,_T,_T,6,0.017
BGR,3300,USD,_T,DCU,_T,6,0.017
BGR,4000,PT_B1GQ,OCC,DCU,_T,0,0.001
BGR,4000,PT_B1GQ,OCC,_T,_T,0,0.001
BGR,4000,PT_B1GQ,PER,DCU,_T,0,0.097
BGR,4000,PT_B1GQ,PER,_T,_T,0,0.097
BGR,4000,PT_B1GQ,_T,DCU,_T,0,0.098
BGR,4000,PT_B1GQ,_T,_T,_T,0,0.098
BGR,4000,USD,OCC,DCU,_T,6,0.452
BGR,4000,USD,OCC,_T,_T,6,0.452
BGR,4000,USD,PER,DCU,_T,6,66.661
BGR,4000,USD,PER,_T,_T,6,66.661
BGR,4000,USD,_T,DCU,_T,6,67.113
BGR,4000,USD,_T,_T,_T,6,67.113
BGR,4100,USD,OCC,DCU,_T,6,0.446
BGR,4100,USD,OCC,_T,_T,6,0.446
BGR,4100,USD,PER,DCU,_T,6,65.494
BGR,4100,USD,PER,_T,_T,6,65.494
BGR,4100,USD,_T,DCU,_T,6,65.94
BGR,4100,USD,_T,_T,_T,6,65.94
BGR,4200,USD,OCC,DCU,_T,6,0.006
BGR,4200,USD,OCC,_T,_T,6,0.006
BGR,4200,USD,PER,DCU,_T,6,1.168
BGR,4200,USD,PER,_T,_T,6,1.168
BGR,4200,USD,_T,DCU,_T,6,1.173
BGR,4200,USD,_T,_T,_T,6,1.173
BGR,4310,USD,OCC,DCU,_T,6,0
BGR,4310,USD,OCC,_T,_T,6,0
BGR,4310,USD,PER,DCU,_T,6,78.235
BGR,4310,USD,PER,_T,_T,6,78.235
BGR,4310,USD,_T,DCU,_T,6,78.235
BGR,4310,USD,_T,_T,_T,6,78.235
BGR,4410,USD,OCC,DCU,_T,6,0.051
BGR,4410,USD,OCC,_T,_T,6,0.051
BGR,4410,USD,PER,DCU,_T,6,31.263
BGR,4410,USD,PER,_T,_T,6,31.263
BGR,4410,USD,_T,DCU,_T,6,31.314
BGR,4410,USD,_T,_T,_T,6,31.314
BGR,4420,USD,OCC,DCU,_T,6,0.053
BGR,4420,USD,OCC,_T,_T,6,0.053
BGR,4420,USD,PER,DCU,_T,6,53.042
BGR,4420,USD,PER,_T,_T,6,53.042
BGR,4420,USD,_T,DCU,_T,6,53.095
BGR,4420,USD,_T,_T,_T,6,53.095
BGR,5000,PS,OCC,DCU,PF,3,8.654
BGR,5000,PS,OCC,DCU,_T,3,8.654
BGR,5000,PS,OCC,_T,PF,3,8.654
BGR,5000,PS,OCC,_T,_T,3,8.654
BGR,5000,PS,PER,DCU,PF,3,4755.427
BGR,5000,PS,PER,DCU,_T,3,4755.427
BGR,5000,PS,PER,_T,PF,3,4755.427
BGR,5000,PS,PER,_T,_T,3,4755.427
BGR,5000,PS,_T,DCU,PF,3,4764.081
BGR,5000,PS,_T,DCU,_T,3,4764.081
BGR,5000,PS,_T,_T,PF,3,4764.081
BGR,5000,PS,_T,_T,_T,3,4764.081
BGR,5010,PS,OCC,DCU,_T,3,2.711
BGR,5010,PS,OCC,_T,_T,3,2.711
BGR,5010,PS,PER,DCU,_T,3,2590.834
BGR,5010,PS,PER,_T,_T,3,2590.834
BGR,5010,PS,_T,DCU,_T,3,2593.545
BGR,5010,PS,_T,_T,_T,3,2593.545
BGR,5020,PS,OCC,DCU,_T,3,5.943
BGR,5020,PS,OCC,_T,_T,3,5.943
BGR,5020,PS,PER,DCU,_T,3,2164.593
BGR,5020,PS,PER,_T,_T,3,2164.593
BGR,5020,PS,_T,DCU,_T,3,2170.536
BGR,5020,PS,_T,_T,_T,3,2170.536
BGR,5100,PS,OCC,DCU,PF,3,8.653
BGR,5100,PS,OCC,DCU,_T,3,8.653
BGR,5100,PS,OCC,_T,PF,3,8.653
BGR,5100,PS,OCC,_T,_T,3,8.653
BGR,5100,PS,PER,DCU,PF,3,4754.286
BGR,5100,PS,PER,DCU,_T,3,4754.286
BGR,5100,PS,PER,_T,PF,3,4754.286
BGR,5100,PS,PER,_T,_T,3,4754.286
BGR,5100,PS,_T,DCU,PF,3,4762.939
BGR,5100,PS,_T,DCU,_T,3,4762.939
BGR,5100,PS,_T,_T,PF,3,4762.939
BGR,5100,PS,_T,_T,_T,3,4762.939
BGR,5300,PS,OCC,DCU,PF,3,0.001
BGR,5300,PS,OCC,DCU,_T,3,0.001
BGR,5300,PS,OCC,_T,PF,3,0.001
BGR,5300,PS,OCC,_T,_T,3,0.001
BGR,5300,PS,PER,DCU,PF,3,1.141
BGR,5300,PS,PER,DCU,_T,3,1.141
BGR,5300,PS,PER,_T,PF,3,1.141
BGR,5300,PS,PER,_T,_T,3,1.141
BGR,5300,PS,_T,DCU,PF,3,1.142
BGR,5300,PS,_T,DCU,_T,3,1.142
BGR,5300,PS,_T,_T,PF,3,1.142
BGR,5300,PS,_T,_T,_T,3,1.142
BGR,OA,PT_B1GQ,OCC,_T,_T,0,0.014
BGR,PA,PT_B1GQ,PER,_T,_T,0,13.108
BRA,1000,PT_B1GQ,PER,_T,_T,0,13.608
BRA,1000,PT_B1GQ,_T,_T,PF,0,11.912
BRA,1000,PT_B1GQ,_T,_T,PIC,0,13.608
BRA,1000,PT_B1GQ,_T,_T,_T,0,25.52
BRA,1000,USD,PER,_T,_T,6,249499.949
BRA,1000,USD,_T,_T,PF,6,218405.885
BRA,1000,USD,_T,_T,PIC,6,249499.949
BRA,1000,USD,_T,_T,_T,6,467905.834
BRA,1210,USD,PER,_T,_T,6,216.933
BRA,1215,USD,PER,_T,_T,6,12411.379
BRA,1220,USD,PER,_T,_T,6,12027.617
BRA,1230,USD,PER,_T,_T,6,383.757
BRA,1240,USD,PER,_T,_T,6,102.883
BRA,1245,USD,PER,_T,_T,6,275.77
BRA,1250,USD,PER,_T,_T,6,275.77
BRA,1255,USD,PER,_T,_T,6,0
BRA,1260,USD,PER,_T,_T,6,64.03
BRA,1270,USD,PER,_T,_T,6,11629.379
BRA,1272,USD,PER,_T,_T,6,0
BRA,1274,USD,PER,_T,_T,6,11586.066
BRA,1276,USD,PER,_T,_T,6,18.06
BRA,1277,USD,PER,_T,_T,6,22.233
BRA,1278,USD,PER,_T,_T,6,3.021
BRA,1280,USD,PER,_T,_T,6,224097.91
BRA,1284,USD,PER,_T,_T,6,240.548
BRA,1286,USD,PER,_T,_T,6,418.9
BRA,1289,USD,PER,_T,_T,6,0
BRA,1290,USD,PER,_T,_T,6,42.216
BRA,2000,USD,PER,_T,_T,6,255907.187
BRA,2000,USD,_T,_T,PIC,6,255907.187
BRA,2100,USD,PER,_T,_T,6,7238.061
BRA,2200,USD,PER,_T,_T,6,241711.943
BRA,2300,USD,PER,_T,_T,6,6957.184
BRA,3000,USD,PER,_T,_T,6,1519.625
BRA,3010,USD,PER,_T,_T,6,19034.382
BRA,3100,PT_B1GQ,PER,_T,_T,0,1.856
BRA,3100,USD,PER,_T,_T,6,34768.284
BRA,3400,USD,PER,_T,_T,6,1391.331
BRA,4000,PT_B1GQ,PER,_T,_T,0,0.053
BRA,4000,USD,PER,_T,_T,6,991.509
BRA,4100,USD,PER,_T,_T,6,272.196
BRA,4200,USD,PER,_T,_T,6,719.313
BRA,4410,USD,PER,_T,_T,6,17514.757
BRA,4420,USD,PER,_T,_T,6,3414.486
BRA,4500,USD,PER,_T,_T,6,0
BRA,5000,PS,PER,_T,_T,3,34152.022
BRA,5000,PS,_T,_T,PIC,3,34152.022
BRA,5100,PS,PER,_T,_T,3,34045.039
BRA,5100,PS,_T,_T,PIC,3,34045.039
BRA,5300,PS,PER,_T,_T,3,106.983
BRA,5300,PS,_T,_T,PIC,3,106.983
BRA,5400,PS,PER,_T,_T,3,0
BRA,PA,PT_B1GQ,PER,_T,_T,0,13.608
BWA,1000,PT_B1GQ,OCC,DCU,PF,0,51.862
BWA,1000,PT_B1GQ,OCC,DCU,_T,0,51.862
BWA,1000,PT_B1GQ,OCC,_T,PF,0,51.862
BWA,1000,PT_B1GQ,OCC,_T,_T,0,51.862
BWA,1000,PT_B1GQ,_T,DCU,PF,0,51.862
BWA,1000,PT_B1GQ,_T,DCU,_T,0,51.862
BWA,1000,PT_B1GQ,_T,_T,PF,0,51.862
BWA,1000,PT_B1GQ,_T,_T,_T,0,51.862
BWA,1000,USD,OCC,DCU,PF,6,8768.446
BWA,1000,USD,OCC,DCU,_T,6,8768.446
BWA,1000,USD,OCC,_T,PF,6,8768.446
BWA,1000,USD,OCC,_T,_T,6,8768.446
BWA,1000,USD,_T,DCU,PF,6,8768.446
BWA,1000,USD,_T,DCU,_T,6,8768.446
BWA,1000,USD,_T,_T,PF,6,8768.446
BWA,1000,USD,_T,_T,_T,6,8768.446
BWA,1121,USD,OCC,DCU,_T,6,5461.953
BWA,1121,USD,OCC,_T,_T,6,5461.953
BWA,1121,USD,_T,DCU,_T,6,5461.953
BWA,1121,USD,_T,_T,_T,6,5461.953
BWA,1122,USD,OCC,DCU,_T,6,101.968
BWA,1122,USD,OCC,_T,_T,6,101.968
BWA,1122,USD,_T,DCU,_T,6,101.968
BWA,1122,USD,_T,_T,_T,6,101.968
BWA,1131,USD,OCC,DCU,_T,6,846.223
BWA,1131,USD,OCC,_T,_T,6,846.223
BWA,1131,USD,_T,DCU,_T,6,846.223
BWA,1131,USD,_T,_T,_T,6,846.223
BWA,1141,USD,OCC,DCU,_T,6,573.06
BWA,1141,USD,OCC,_T,_T,6,573.06
BWA,1141,USD,_T,DCU,_T,6,573.06
BWA,1141,USD,_T,_T,_T,6,573.06
BWA,1151,USD,OCC,DCU,_T,6,4042.671
BWA,1151,USD,OCC,_T,_T,6,4042.671
BWA,1151,USD,_T,DCU,_T,6,4042.671
BWA,1151,USD,_T,_T,_T,6,4042.671
BWA,1210,USD,OCC,DCU,_T,6,1692.445
BWA,1210,USD,OCC,_T,_T,6,1692.445
BWA,1210,USD,_T,DCU,_T,6,1692.445
BWA,1210,USD,_T,_T,_T,6,1692.445
BWA,1215,USD,OCC,DCU,_T,6,1419.191
BWA,1215,USD,OCC,_T,_T,6,1419.191
BWA,1215,USD,_T,DCU,_T,6,1419.191
BWA,1215,USD,_T,_T,_T,6,1419.191
BWA,1245,USD,OCC,DCU,_T,6,5632.407
BWA,1245,USD,OCC,_T,_T,6,5632.407
BWA,1245,USD,_T,DCU,_T,6,5632.407
BWA,1245,USD,_T,_T,_T,6,5632.407
BWA,1250,USD,OCC,DCU,_T,6,1368.653
BWA,1250,USD,OCC,_T,_T,6,1368.653
BWA,1250,USD,_T,DCU,_T,6,1368.653
BWA,1250,USD,_T,_T,_T,6,1368.653
BWA,1255,USD,OCC,DCU,_T,6,221.084
BWA,1255,USD,OCC,_T,_T,6,221.084
BWA,1255,USD,_T,DCU,_T,6,221.084
BWA,1255,USD,_T,_T,_T,6,221.084
BWA,2000,USD,OCC,DB,PF,6,0.074
BWA,2000,USD,OCC,DB,_T,6,0.074
BWA,2000,USD,OCC,DCU,PF,6,132.794
BWA,2000,USD,OCC,DCU,_T,6,132.794
BWA,2000,USD,OCC,_T,PF,6,132.868
BWA,2000,USD,OCC,_T,_T,6,132.868
BWA,2000,USD,PER,_T,_T,6,0.719
BWA,2000,USD,_T,DB,PF,6,0.074
BWA,2000,USD,_T,DB,_T,6,0.074
BWA,2000,USD,_T,DCU,PF,6,132.794
BWA,2000,USD,_T,DCU,_T,6,132.794
BWA,2000,USD,_T,_T,PF,6,133.587
BWA,2000,USD,_T,_T,_T,6,133.587
BWA,2300,USD,OCC,DB,_T,6,0.074
BWA,2300,USD,OCC,DCU,_T,6,132.794
BWA,2300,USD,OCC,_T,_T,6,132.868
BWA,2300,USD,PER,_T,_T,6,0.719
BWA,2300,USD,_T,DB,_T,6,0.074
BWA,2300,USD,_T,DCU,_T,6,132.794
BWA,2300,USD,_T,_T,_T,6,133.587
BWA,3000,USD,OCC,DB,_T,6,0.248
BWA,3000,USD,OCC,DCU,_T,6,647.203
BWA,3000,USD,OCC,_T,_T,6,647.451
BWA,3000,USD,PER,_T,_T,6,0.358
BWA,3000,USD,_T,DB,_T,6,0.248
BWA,3000,USD,_T,DCU,_T,6,647.203
BWA,3000,USD,_T,_T,_T,6,647.809
BWA,3100,PT_B1GQ,OCC,DB,_T,0,0.002
BWA,3100,PT_B1GQ,OCC,DCU,_T,0,2.54
BWA,3100,PT_B1GQ,OCC,_T,_T,0,2.543
BWA,3100,PT_B1GQ,PER,_T,_T,0,0.004
BWA,3100,PT_B1GQ,_T,DB,_T,0,0.002
BWA,3100,PT_B1GQ,_T,DCU,_T,0,2.54
BWA,3100,PT_B1GQ,_T,_T,_T,0,2.547
BWA,3100,USD,OCC,DB,_T,6,0.405
BWA,3100,USD,OCC,DCU,_T,6,424.141
BWA,3100,USD,OCC,_T,_T,6,424.546
BWA,3100,USD,PER,_T,_T,6,0.674
BWA,3100,USD,_T,DB,_T,6,0.405
BWA,3100,USD,_T,DCU,_T,6,424.141
BWA,3100,USD,_T,_T,_T,6,425.221
BWA,3200,USD,OCC,DB,_T,6,0.067
BWA,3200,USD,OCC,DCU,_T,6,285.604
BWA,3200,USD,OCC,_T,_T,6,285.671
BWA,3200,USD,PER,_T,_T,6,0
BWA,3200,USD,_T,DB,_T,6,0.067
BWA,3200,USD,_T,DCU,_T,6,285.604
BWA,3200,USD,_T,_T,_T,6,285.671
BWA,3300,USD,OCC,DB,_T,6,0.339
BWA,3300,USD,OCC,DCU,_T,6,138.537
BWA,3300,USD,OCC,_T,_T,6,138.876
BWA,3300,USD,PER,_T,_T,6,0.674
BWA,3300,USD,_T,DB,_T,6,0.339
BWA,3300,USD,_T,DCU,_T,6,138.537
BWA,3300,USD,_T,_T,_T,6,139.55
BWA,3400,USD,OCC,DB,_T,6,0
BWA,3400,USD,OCC,DCU,_T,6,60.605
BWA,3400,USD,OCC,_T,_T,6,60.605
BWA,3400,USD,PER,_T,_T,6,2.155
BWA,3400,USD,_T,DB,_T,6,0
BWA,3400,USD,_T,DCU,_T,6,60.605
BWA,3400,USD,_T,_T,_T,6,62.76
BWA,4000,PT_B1GQ,OCC,DB,_T,0,0
BWA,4000,PT_B1GQ,OCC,DCU,_T,0,1.238
BWA,4000,PT_B1GQ,OCC,_T,_T,0,1.238
BWA,4000,PT_B1GQ,PER,_T,_T,0,0.004
BWA,4000,PT_B1GQ,_T,DB,_T,0,0
BWA,4000,PT_B1GQ,_T,DCU,_T,0,1.238
BWA,4000,PT_B1GQ,_T,_T,_T,0,1.242
BWA,4000,USD,OCC,DB,_T,6,0.073
BWA,4000,USD,OCC,DCU,_T,6,206.665
BWA,4000,USD,OCC,_T,_T,6,206.738
BWA,4000,USD,PER,_T,_T,6,0.59
BWA,4000,USD,_T,DB,_T,6,0.073
BWA,4000,USD,_T,DCU,_T,6,206.665
BWA,4000,USD,_T,_T,_T,6,207.327
BWA,4100,USD,OCC,DB,_T,6,0.236
BWA,4100,USD,OCC,DCU,_T,6,206.502
BWA,4100,USD,OCC,_T,_T,6,206.738
BWA,4100,USD,PER,_T,_T,6,0.59
BWA,4100,USD,_T,DB,_T,6,0.236
BWA,4100,USD,_T,DCU,_T,6,206.502
BWA,4100,USD,_T,_T,_T,6,207.327
BWA,4200,USD,OCC,DB,_T,6,0
BWA,4200,USD,_T,DB,_T,6,0
BWA,4310,USD,OCC,DB,_T,6,0
BWA,4310,USD,OCC,DCU,_T,6,5.018
BWA,4310,USD,OCC,_T,_T,6,5.018
BWA,4310,USD,PER,_T,_T,6,0.206
BWA,4310,USD,_T,DB,_T,6,0
BWA,4310,USD,_T,DCU,_T,6,5.018
BWA,4310,USD,_T,_T,_T,6,5.223
BWA,4410,USD,OCC,DB,_T,6,0.014
BWA,4410,USD,OCC,DCU,_T,6,37.778
BWA,4410,USD,OCC,_T,_T,6,37.792
BWA,4410,USD,PER,_T,_T,6,0.055
BWA,4410,USD,_T,DB,_T,6,0.014
BWA,4410,USD,_T,DCU,_T,6,37.778
BWA,4410,USD,_T,_T,_T,6,37.847
BWA,4420,USD,OCC,DB,_T,6,0.028
BWA,4420,USD,OCC,DCU,_T,6,9.987
BWA,4420,USD,OCC,_T,_T,6,10.015
BWA,4420,USD,PER,_T,_T,6,0.11
BWA,4420,USD,_T,DB,_T,6,0.028
BWA,4420,USD,_T,DCU,_T,6,9.987
BWA,4420,USD,_T,_T,_T,6,10.125
BWA,4500,USD,OCC,DB,_T,6,0.02
BWA,4500,USD,OCC,DCU,_T,6,74.247
BWA,4500,USD,OCC,_T,_T,6,74.267
BWA,4500,USD,PER,_T,_T,6,0.08
BWA,4500,USD,_T,DB,_T,6,0.02
BWA,4500,USD,_T,DCU,_T,6,74.247
BWA,4500,USD,_T,_T,_T,6,74.347
BWA,5000,PS,OCC,DB,PF,3,0.216
BWA,5000,PS,OCC,DB,_T,3,0.216
BWA,5000,PS,OCC,DCU,PF,3,265.649
BWA,5000,PS,OCC,DCU,_T,3,265.649
BWA,5000,PS,OCC,_T,PF,3,265.865
BWA,5000,PS,OCC,_T,_T,3,265.865
BWA,5000,PS,PER,_T,_T,3,0.888
BWA,5000,PS,_T,DB,PF,3,0.216
BWA,5000,PS,_T,DB,_T,3,0.216
BWA,5000,PS,_T,DCU,PF,3,265.649
BWA,5000,PS,_T,DCU,_T,3,265.649
BWA,5000,PS,_T,_T,PF,3,266.753
BWA,5000,PS,_T,_T,_T,3,266.753
BWA,5100,PS,OCC,DB,PF,3,0.216
BWA,5100,PS,OCC,DB,_T,3,0.216
BWA,5100,PS,OCC,DCU,PF,3,252.956
BWA,5100,PS,OCC,DCU,_T,3,252.956
BWA,5100,PS,OCC,_T,PF,3,253.172
BWA,5100,PS,OCC,_T,_T,3,253.172
BWA,5100,PS,PER,_T,_T,3,0.888
BWA,5100,PS,_T,DB,PF,3,0.216
BWA,5100,PS,_T,DB,_T,3,0.216
BWA,5100,PS,_T,DCU,PF,3,252.956
BWA,5100,PS,_T,DCU,_T,3,252.956
BWA,5100,PS,_T,_T,PF,3,254.06
BWA,5100,PS,_T,_T,_T,3,254.06
BWA,5200,PS,OCC,DB,PF,3,0.046
BWA,5200,PS,OCC,DB,_T,3,0.046
BWA,5200,PS,OCC,DCU,PF,3,21.266
BWA,5200,PS,OCC,DCU,_T,3,21.266
BWA,5200,PS,OCC,_T,PF,3,21.312
BWA,5200,PS,OCC,_T,_T,3,21.312
BWA,5200,PS,PER,_T,_T,3,0.016
BWA,5200,PS,_T,DB,PF,3,0.046
BWA,5200,PS,_T,DB,_T,3,0.046
BWA,5200,PS,_T,DCU,PF,3,21.266
BWA,5200,PS,_T,DCU,_T,3,21.266
BWA,5200,PS,_T,_T,PF,3,21.328
BWA,5200,PS,_T,_T,_T,3,21.328
BWA,5300,PS,OCC,DB,PF,3,0
BWA,5300,PS,OCC,DB,_T,3,0
BWA,5300,PS,OCC,DCU,PF,3,12.693
BWA,5300,PS,OCC,DCU,_T,3,12.693
BWA,5300,PS,OCC,_T,PF,3,12.693
BWA,5300,PS,OCC,_T,_T,3,12.693
BWA,5300,PS,PER,_T,_T,3,0
BWA,5300,PS,_T,DB,PF,3,0
BWA,5300,PS,_T,DB,_T,3,0
BWA,5300,PS,_T,DCU,PF,3,12.693
BWA,5300,PS,_T,DCU,_T,3,12.693
BWA,5300,PS,_T,_T,PF,3,12.693
BWA,5300,PS,_T,_T,_T,3,12.693
BWA,OA,PT_B1GQ,OCC,_T,_T,0,51.862
CAN,1000,PT_B1GQ,PER,DCU,_T,0,59.649
CAN,1000,PT_B1GQ,PER,_T,_T,0,59.649
CAN,1000,PT_B1GQ,_T,DCU,_T,0,59.649
CAN,1000,PT_B1GQ,_T,_T,BR,0,14.716
CAN,1000,PT_B1GQ,_T,_T,OTH,0,59.649
CAN,1000,PT_B1GQ,_T,_T,PF,0,90.143
CAN,1000,PT_B1GQ,_T,_T,PIC,0,5.005
CAN,1000,PT_B1GQ,_T,_T,_T,0,169.513
CAN,1000,USD,PER,DCU,_T,6,1056752.431
CAN,1000,USD,PER,_T,_T,6,1056752.431
CAN,1000,USD,_T,DCU,_T,6,1056752.431
CAN,1000,USD,_T,_T,BR,6,260703.729
CAN,1000,USD,_T,_T,OTH,6,1056752.431
CAN,1000,USD,_T,_T,PF,6,1597002.833
CAN,1000,USD,_T,_T,PIC,6,88678.306
CAN,1000,USD,_T,_T,_T,6,3003137.3
CAN,3100,PT_B1GQ,PER,DCU,_T,0,2.004
CAN,3100,PT_B1GQ,PER,_T,_T,0,2.004
CAN,3100,PT_B1GQ,_T,DCU,_T,0,2.004
CAN,3100,PT_B1GQ,_T,_T,_T,0,5.414
CAN,3100,USD,PER,DCU,_T,6,34939.135
CAN,3100,USD,PER,_T,_T,6,34939.135
CAN,3100,USD,_T,DCU,_T,6,34939.135
CAN,3100,USD,_T,_T,_T,6,94406.588
CAN,4000,PT_B1GQ,PER,DCU,_T,0,2.34
CAN,4000,PT_B1GQ,PER,_T,_T,0,2.34
CAN,4000,PT_B1GQ,_T,DCU,_T,0,2.34
CAN,4000,PT_B1GQ,_T,_T,_T,0,6.465
CAN,4000,USD,PER,DCU,_T,6,40802.898
CAN,4000,USD,PER,_T,_T,6,40802.898
CAN,4000,USD,_T,DCU,_T,6,40802.898
CAN,4000,USD,_T,_T,_T,6,112725.195
CAN,5000,PS,PER,DCU,_T,3,5912
CAN,5000,PS,PER,_T,_T,3,5912
CAN,5000,PS,_T,DCU,_T,3,5912
CAN,5000,PS,_T,_T,BR,3,5.646
CAN,5000,PS,_T,_T,OTH,3,5912
CAN,5000,PS,_T,_T,PF,3,5284
CAN,5000,PS,_T,_T,PIC,3,1140.455
CAN,5000,PS,_T,_T,_T,3,12342.101
CAN,5010,PS,PER,DCU,_T,3,3133.36
CAN,5010,PS,PER,_T,_T,3,3133.36
CAN,5010,PS,_T,DCU,_T,3,3133.36
CAN,5010,PS,_T,_T,_T,3,6309.991
CAN,5020,PS,PER,DCU,_T,3,2778.64
CAN,5020,PS,PER,_T,_T,3,2778.64
CAN,5020,PS,_T,DCU,_T,3,2778.64
CAN,5020,PS,_T,_T,_T,3,6031.11
CAN,5100,PS,PER,DCU,_T,3,5912
CAN,5100,PS,PER,_T,_T,3,5912
CAN,5100,PS,_T,DCU,_T,3,5912
CAN,5100,PS,_T,_T,BR,3,5.646
CAN,5100,PS,_T,_T,OTH,3,5912
CAN,5100,PS,_T,_T,PF,3,5284
CAN,5100,PS,_T,_T,PIC,3,1140.455
CAN,5100,PS,_T,_T,_T,3,12342.101
CAN,PA,PT_B1GQ,PER,_T,_T,0,59.649
CHE,1000,PT_B1GQ,OCC,DBH,PF,0,140.211
CHE,1000,PT_B1GQ,OCC,DBH,_T,0,140.211
CHE,1000,PT_B1GQ,OCC,_T,PF,0,140.211
CHE,1000,PT_B1GQ,OCC,_T,_T,0,140.211
CHE,1000,PT_B1GQ,PER,DCP,PIC,0,6.746
CHE,1000,PT_B1GQ,PER,DCP,_T,0,6.746
CHE,1000,PT_B1GQ,PER,DCU,BANK,0,8.384
CHE,1000,PT_B1GQ,PER,DCU,_T,0,8.384
CHE,1000,PT_B1GQ,PER,_T,BANK,0,8.384
CHE,1000,PT_B1GQ,PER,_T,PIC,0,6.746
CHE,1000,PT_B1GQ,PER,_T,_T,0,15.13
CHE,1000,PT_B1GQ,_T,DBH,PF,0,140.211
CHE,1000,PT_B1GQ,_T,DBH,_T,0,140.211
CHE,1000,PT_B1GQ,_T,DCP,PIC,0,6.746
CHE,1000,PT_B1GQ,_T,DCP,_T,0,6.746
CHE,1000,PT_B1GQ,_T,DCU,BANK,0,8.384
CHE,1000,PT_B1GQ,_T,DCU,_T,0,8.384
CHE,1000,PT_B1GQ,_T,_T,BANK,0,8.384
CHE,1000,PT_B1GQ,_T,_T,OTH,0,8.384
CHE,1000,PT_B1GQ,_T,_T,PF,0,140.211
CHE,1000,PT_B1GQ,_T,_T,PIC,0,6.746
CHE,1000,PT_B1GQ,_T,_T,_T,0,155.341
CHE,1000,USD,OCC,DBH,PF,6,1038100.429
CHE,1000,USD,OCC,DBH,_T,6,1038100.429
CHE,1000,USD,OCC,_T,PF,6,1038100.429
CHE,1000,USD,OCC,_T,_T,6,1038100.429
CHE,1000,USD,PER,DCP,PIC,6,49948.877
CHE,1000,USD,PER,DCP,_T,6,49948.877
CHE,1000,USD,PER,DCU,BANK,6,62074.877
CHE,1000,USD,PER,DCU,_T,6,62074.877
CHE,1000,USD,PER,_T,BANK,6,62074.877
CHE,1000,USD,PER,_T,PIC,6,49948.877
CHE,1000,USD,PER,_T,_T,6,112023.754
CHE,1000,USD,_T,DBH,PF,6,1038100.429
CHE,1000,USD,_T,DBH,_T,6,1038100.429
CHE,1000,USD,_T,DCP,PIC,6,49948.877
CHE,1000,USD,_T,DCP,_T,6,49948.877
CHE,1000,USD,_T,DCU,BANK,6,62074.877
CHE,1000,USD,_T,DCU,_T,6,62074.877
CHE,1000,USD,_T,_T,BANK,6,62074.877
CHE,1000,USD,_T,_T,OTH,6,62074.877
CHE,1000,USD,_T,_T,PF,6,1038100.429
CHE,1000,USD,_T,_T,PIC,6,49948.877
CHE,1000,USD,_T,_T,_T,6,1150124.183
CHE,1110,USD,OCC,DBH,_T,6,12103.695
CHE,1110,USD,OCC,_T,_T,6,12103.695
CHE,1110,USD,_T,DBH,_T,6,12103.695
CHE,1121,USD,OCC,DBH,_T,6,416141.888
CHE,1121,USD,OCC,_T,_T,6,416141.888
CHE,1121,USD,_T,DBH,_T,6,416141.888
CHE,1122,USD,OCC,DBH,_T,6,380527.251
CHE,1122,USD,OCC,_T,_T,6,380527.251
CHE,1122,USD,_T,DBH,_T,6,380527.251
CHE,1141,USD,OCC,DBH,_T,6,181072.587
CHE,1141,USD,OCC,_T,_T,6,181072.587
CHE,1141,USD,_T,DBH,_T,6,181072.587
CHE,1151,USD,OCC,DBH,_T,6,207584.764
CHE,1151,USD,OCC,_T,_T,6,207584.764
CHE,1151,USD,_T,DBH,_T,6,207584.764
CHE,1210,USD,OCC,DBH,_T,6,44404.395
CHE,1210,USD,OCC,_T,_T,6,44404.395
CHE,1210,USD,_T,DBH,_T,6,44404.395
CHE,1215,USD,OCC,DBH,_T,6,101852.211
CHE,1215,USD,OCC,_T,_T,6,101852.211
CHE,1215,USD,_T,DBH,_T,6,101852.211
CHE,1240,USD,OCC,DBH,_T,6,33215.273
CHE,1240,USD,OCC,_T,_T,6,33215.273
CHE,1240,USD,_T,DBH,_T,6,33215.273
CHE,1245,USD,OCC,DBH,_T,6,69035.322
CHE,1245,USD,OCC,_T,_T,6,69035.322
CHE,1245,USD,_T,DBH,_T,6,69035.322
CHE,1260,USD,OCC,DBH,_T,6,87657.157
CHE,1260,USD,OCC,_T,_T,6,87657.157
CHE,1260,USD,_T,DBH,_T,6,87657.157
CHE,1270,USD,OCC,DBH,_T,6,664125.983
CHE,1270,USD,OCC,_T,_T,6,664125.983
CHE,1270,USD,_T,DBH,_T,6,664125.983
CHE,1272,USD,OCC,DBH,_T,6,4585.772
CHE,1272,USD,OCC,_T,_T,6,4585.772
CHE,1272,USD,_T,DBH,_T,6,4585.772
CHE,1274,USD,OCC,DBH,_T,6,213140.838
CHE,1274,USD,OCC,_T,_T,6,213140.838
CHE,1274,USD,_T,DBH,_T,6,213140.838
CHE,1276,USD,OCC,DBH,_T,6,244643.145
CHE,1276,USD,OCC,_T,_T,6,244643.145
CHE,1276,USD,_T,DBH,_T,6,244643.145
CHE,1277,USD,OCC,DBH,_T,6,121631.863
CHE,1277,USD,OCC,_T,_T,6,121631.863
CHE,1277,USD,_T,DBH,_T,6,121631.863
CHE,1278,USD,OCC,DBH,_T,6,80124.366
CHE,1278,USD,OCC,_T,_T,6,80124.366
CHE,1278,USD,_T,DBH,_T,6,80124.366
CHE,1284,USD,OCC,DBH,_T,6,16289.67
CHE,1284,USD,OCC,_T,_T,6,16289.67
CHE,1284,USD,_T,DBH,_T,6,16289.67
CHE,1286,USD,OCC,DBH,_T,6,19899.187
CHE,1286,USD,OCC,_T,_T,6,19899.187
CHE,1286,USD,_T,DBH,_T,6,19899.187
CHE,1290,USD,OCC,DBH,_T,6,1621.231
CHE,1290,USD,OCC,_T,_T,6,1621.231
CHE,1290,USD,_T,DBH,_T,6,1621.231
CHE,2000,USD,OCC,DBH,PF,6,1038100.429
CHE,2000,USD,OCC,DBH,_T,6,1038100.429
CHE,2000,USD,OCC,_T,PF,6,1038100.429
CHE,2000,USD,OCC,_T,_T,6,1038100.429
CHE,2000,USD,_T,DBH,PF,6,1038100.429
CHE,2000,USD,_T,DBH,_T,6,1038100.429
CHE,2000,USD,_T,_T,PF,6,1038100.429
CHE,2100,USD,OCC,DBH,_T,6,69312.226
CHE,2100,USD,OCC,_T,_T,6,69312.226
CHE,2100,USD,_T,DBH,_T,6,69312.226
CHE,2200,USD,OCC,DBH,_T,6,944105.61
CHE,2200,USD,OCC,_T,_T,6,944105.61
CHE,2200,USD,_T,DBH,_T,6,944105.61
CHE,2300,USD,OCC,DBH,_T,6,24682.592
CHE,2300,USD,OCC,_T,_T,6,24682.592
CHE,2300,USD,_T,DBH,_T,6,24682.592
CHE,3000,USD,OCC,DBH,_T,6,96069.254
CHE,3000,USD,OCC,_T,_T,6,96069.254
CHE,3000,USD,_T,DBH,_T,6,96069.254
CHE,3010,USD,OCC,DBH,_T,6,100532.813
CHE,3010,USD,OCC,_T,_T,6,100532.813
CHE,3010,USD,_T,DBH,_T,6,100532.813
CHE,3100,PT_B1GQ,OCC,DBH,_T,0,8.242
CHE,3100,PT_B1GQ,OCC,_T,_T,0,8.242
CHE,3100,PT_B1GQ,_T,DBH,_T,0,8.242
CHE,3100,USD,OCC,DBH,_T,6,59462.201
CHE,3100,USD,OCC,_T,_T,6,59462.201
CHE,3100,USD,_T,DBH,_T,6,59462.201
CHE,3200,USD,OCC,DBH,_T,6,32101.641
CHE,3200,USD,OCC,_T,_T,6,32101.641
CHE,3200,USD,_T,DBH,_T,6,32101.641
CHE,3300,USD,OCC,DBH,_T,6,27360.559
CHE,3300,USD,OCC,_T,_T,6,27360.559
CHE,3300,USD,_T,DBH,_T,6,27360.559
CHE,3400,USD,OCC,DBH,_T,6,93236.908
CHE,3400,USD,OCC,_T,_T,6,93236.908
CHE,3400,USD,_T,DBH,_T,6,93236.908
CHE,4000,PT_B1GQ,OCC,DBH,_T,0,5.238
CHE,4000,PT_B1GQ,OCC,_T,_T,0,5.238
CHE,4000,PT_B1GQ,_T,DBH,_T,0,5.238
CHE,4000,USD,OCC,DBH,_T,6,37784.974
CHE,4000,USD,OCC,_T,_T,6,37784.974
CHE,4000,USD,_T,DBH,_T,6,37784.974
CHE,4100,USD,OCC,DBH,_T,6,9925.394
CHE,4100,USD,OCC,_T,_T,6,9925.394
CHE,4100,USD,_T,DBH,_T,6,9925.394
CHE,4200,USD,OCC,DBH,_T,6,27859.581
CHE,4200,USD,OCC,_T,_T,6,27859.581
CHE,4200,USD,_T,DBH,_T,6,27859.581
CHE,4300,USD,OCC,DBH,_T,6,9208.833
CHE,4300,USD,OCC,_T,_T,6,9208.833
CHE,4300,USD,_T,DBH,_T,6,9208.833
CHE,4410,USD,OCC,DBH,_T,6,4463.559
CHE,4410,USD,OCC,_T,_T,6,4463.559
CHE,4410,USD,_T,DBH,_T,6,4463.559
CHE,4420,USD,OCC,DBH,_T,6,948.409
CHE,4420,USD,OCC,_T,_T,6,948.409
CHE,4420,USD,_T,DBH,_T,6,948.409
CHE,4500,USD,OCC,DBH,_T,6,66165.954
CHE,4500,USD,OCC,_T,_T,6,66165.954
CHE,4500,USD,_T,DBH,_T,6,66165.954
CHE,5000,PS,OCC,DBH,PF,3,5405.109
CHE,5000,PS,OCC,DBH,_T,3,5405.109
CHE,5000,PS,OCC,_T,PF,3,5405.109
CHE,5000,PS,OCC,_T,_T,3,5405.109
CHE,5000,PS,_T,DBH,PF,3,5405.109
CHE,5000,PS,_T,DBH,_T,3,5405.109
CHE,5000,PS,_T,_T,PF,3,5405.109
CHE,5010,PS,OCC,DBH,_T,3,3023.304
CHE,5010,PS,OCC,_T,_T,3,3023.304
CHE,5010,PS,_T,DBH,_T,3,3023.304
CHE,5020,PS,OCC,DBH,_T,3,2381.805
CHE,5020,PS,OCC,_T,_T,3,2381.805
CHE,5020,PS,_T,DBH,_T,3,2381.805
CHE,5100,PS,OCC,DBH,PF,3,4343.703
CHE,5100,PS,OCC,DBH,_T,3,4343.703
CHE,5100,PS,OCC,_T,PF,3,4343.703
CHE,5100,PS,OCC,_T,_T,3,4343.703
CHE,5100,PS,_T,DBH,PF,3,4343.703
CHE,5100,PS,_T,DBH,_T,3,4343.703
CHE,5100,PS,_T,_T,PF,3,4343.703
CHE,5300,PS,OCC,DBH,PF,3,1061.406
CHE,5300,PS,OCC,DBH,_T,3,1061.406
CHE,5300,PS,OCC,_T,PF,3,1061.406
CHE,5300,PS,OCC,_T,_T,3,1061.406
CHE,5300,PS,_T,DBH,PF,3,1061.406
CHE,5300,PS,_T,DBH,_T,3,1061.406
CHE,5300,PS,_T,_T,PF,3,1061.406
CHE,5400,PS,OCC,DBH,_T,3,172.086
CHE,5400,PS,OCC,_T,_T,3,172.086
CHE,5400,PS,_T,DBH,_T,3,172.086
CHE,OA,PT_B1GQ,OCC,_T,_T,0,140.211
CHE,PA,PT_B1GQ,PER,_T,_T,0,15.13
CHL,1000,PT_B1GQ,PER,DCU,_T,0,82.018
CHL,1000,PT_B1GQ,PER,_T,_T,0,82.018
CHL,1000,PT_B1GQ,_T,DCU,_T,0,82.018
CHL,1000,PT_B1GQ,_T,_T,PF,0,82.018
CHL,1000,PT_B1GQ,_T,_T,_T,0,82.018
CHL,1000,USD,PER,DCU,_T,6,215373.446
CHL,1000,USD,PER,_T,_T,6,215373.446
CHL,1000,USD,_T,DCU,_T,6,215373.446
CHL,1000,USD,_T,_T,PF,6,215373.446
CHL,1000,USD,_T,_T,_T,6,215373.446
CHL,1121,USD,PER,DCU,_T,6,93941.503
CHL,1121,USD,PER,_T,_T,6,93941.503
CHL,1121,USD,_T,DCU,_T,6,93941.503
CHL,1121,USD,_T,_T,_T,6,93941.503
CHL,1122,USD,PER,DCU,_T,6,94370.435
CHL,1122,USD,PER,_T,_T,6,94370.435
CHL,1122,USD,_T,DCU,_T,6,94370.435
CHL,1122,USD,_T,_T,_T,6,94370.435
CHL,1131,USD,PER,DCU,_T,6,346.822
CHL,1131,USD,PER,_T,_T,6,346.822
CHL,1131,USD,_T,DCU,_T,6,346.822
CHL,1131,USD,_T,_T,_T,6,346.822
CHL,1141,USD,PER,DCU,_T,6,29449.587
CHL,1141,USD,PER,_T,_T,6,29449.587
CHL,1141,USD,_T,DCU,_T,6,29449.587
CHL,1141,USD,_T,_T,_T,6,29449.587
CHL,1151,USD,PER,DCU,_T,6,64145.094
CHL,1151,USD,PER,_T,_T,6,64145.094
CHL,1151,USD,_T,DCU,_T,6,64145.094
CHL,1151,USD,_T,_T,_T,6,64145.094
CHL,1172,USD,PER,DCU,_T,6,-481.913
CHL,1172,USD,PER,_T,_T,6,-481.913
CHL,1172,USD,_T,DCU,_T,6,-481.913
CHL,1172,USD,_T,_T,_T,6,-481.913
CHL,1210,USD,PER,DCU,_T,6,1693.758
CHL,1210,USD,PER,_T,_T,6,1693.758
CHL,1210,USD,_T,DCU,_T,6,1693.758
CHL,1210,USD,_T,_T,_T,6,1693.758
CHL,1215,USD,PER,DCU,_T,6,103377.635
CHL,1215,USD,PER,_T,_T,6,103377.635
CHL,1215,USD,_T,DCU,_T,6,103377.635
CHL,1215,USD,_T,_T,_T,6,103377.635
CHL,1220,USD,PER,DCU,_T,6,44981.569
CHL,1220,USD,PER,_T,_T,6,44981.569
CHL,1220,USD,_T,DCU,_T,6,44981.569
CHL,1220,USD,_T,_T,_T,6,44981.569
CHL,1230,USD,PER,DCU,_T,6,58396.066
CHL,1230,USD,PER,_T,_T,6,58396.066
CHL,1230,USD,_T,DCU,_T,6,58396.066
CHL,1230,USD,_T,_T,_T,6,58396.066
CHL,1240,USD,PER,DCU,_T,6,381.574
CHL,1240,USD,PER,_T,_T,6,381.574
CHL,1240,USD,_T,DCU,_T,6,381.574
CHL,1240,USD,_T,_T,_T,6,381.574
CHL,1245,USD,PER,DCU,_T,6,15532.95
CHL,1245,USD,PER,_T,_T,6,15532.95
CHL,1245,USD,_T,DCU,_T,6,15532.95
CHL,1245,USD,_T,_T,_T,6,15532.95
CHL,1250,USD,PER,DCU,_T,6,15532.95
CHL,1250,USD,PER,_T,_T,6,15532.95
CHL,1250,USD,_T,DCU,_T,6,15532.95
CHL,1250,USD,_T,_T,_T,6,15532.95
CHL,1270,USD,PER,DCU,_T,6,94869.442
CHL,1270,USD,PER,_T,_T,6,94869.442
CHL,1270,USD,_T,DCU,_T,6,94869.442
CHL,1270,USD,_T,_T,_T,6,94869.442
CHL,1272,USD,PER,DCU,_T,6,0
CHL,1272,USD,PER,_T,_T,6,0
CHL,1272,USD,_T,DCU,_T,6,0
CHL,1272,USD,_T,_T,_T,6,0
CHL,1274,USD,PER,DCU,_T,6,28107.587
CHL,1274,USD,PER,_T,_T,6,28107.587
CHL,1274,USD,_T,DCU,_T,6,28107.587
CHL,1274,USD,_T,_T,_T,6,28107.587
CHL,1276,USD,PER,DCU,_T,6,66761.855
CHL,1276,USD,PER,_T,_T,6,66761.855
CHL,1276,USD,_T,DCU,_T,6,66761.855
CHL,1276,USD,_T,_T,_T,6,66761.855
CHL,1277,USD,PER,DCU,_T,6,0
CHL,1277,USD,PER,_T,_T,6,0
CHL,1277,USD,_T,DCU,_T,6,0
CHL,1277,USD,_T,_T,_T,6,0
CHL,1278,USD,PER,DCU,_T,6,0
CHL,1278,USD,PER,_T,_T,6,0
CHL,1278,USD,_T,DCU,_T,6,0
CHL,1278,USD,_T,_T,_T,6,0
CHL,1290,USD,PER,DCU,_T,6,-481.913
CHL,1290,USD,PER,_T,_T,6,-481.913
CHL,1290,USD,_T,DCU,_T,6,-481.913
CHL,1290,USD,_T,_T,_T,6,-481.913
CHL,2000,USD,PER,DCU,_T,6,215372.407
CHL,2000,USD,PER,_T,_T,6,215372.407
CHL,2000,USD,_T,DCU,_T,6,215372.407
CHL,2000,USD,_T,_T,PF,6,215372.407
CHL,2000,USD,_T,_T,_T,6,215372.407
CHL,2100,USD,PER,DCU,_T,6,213023.404
CHL,2100,USD,PER,_T,_T,6,213023.404
CHL,2100,USD,_T,DCU,_T,6,213023.404
CHL,2100,USD,_T,_T,_T,6,213023.404
CHL,2300,USD,PER,DCU,_T,6,2349.002
CHL,2300,USD,PER,_T,_T,6,2349.002
CHL,2300,USD,_T,DCU,_T,6,2349.002
CHL,2300,USD,_T,_T,_T,6,2349.002
CHL,3000,USD,PER,DCU,_T,6,31941.565
CHL,3000,USD,PER,_T,_T,6,31941.565
CHL,3000,USD,_T,DCU,_T,6,31941.565
CHL,3000,USD,_T,_T,_T,6,31941.565
CHL,3100,PT_B1GQ,PER,DCU,_T,0,4.879
CHL,3100,PT_B1GQ,PER,_T,_T,0,4.879
CHL,3100,PT_B1GQ,_T,DCU,_T,0,4.879
CHL,3100,PT_B1GQ,_T,_T,_T,0,4.879
CHL,3100,USD,PER,DCU,_T,6,13573.336
CHL,3100,USD,PER,_T,_T,6,13573.336
CHL,3100,USD,_T,DCU,_T,6,13573.336
CHL,3100,USD,_T,_T,_T,6,13573.336
CHL,3200,USD,PER,DCU,_T,6,1149.175
CHL,3200,USD,PER,_T,_T,6,1149.175
CHL,3200,USD,_T,DCU,_T,6,1149.175
CHL,3200,USD,_T,_T,_T,6,1149.175
CHL,3300,USD,PER,DCU,_T,6,12424.162
CHL,3300,USD,PER,_T,_T,6,12424.162
CHL,3300,USD,_T,DCU,_T,6,12424.162
CHL,3300,USD,_T,_T,_T,6,12424.162
CHL,3400,USD,PER,DCU,_T,6,2970.78
CHL,3400,USD,PER,_T,_T,6,2970.78
CHL,3400,USD,_T,DCU,_T,6,2970.78
CHL,3400,USD,_T,_T,_T,6,2970.78
CHL,4000,PT_B1GQ,PER,DCU,_T,0,2.627
CHL,4000,PT_B1GQ,PER,_T,_T,0,2.627
CHL,4000,PT_B1GQ,_T,DCU,_T,0,2.627
CHL,4000,PT_B1GQ,_T,_T,_T,0,2.627
CHL,4000,USD,PER,DCU,_T,6,7306.426
CHL,4000,USD,PER,_T,_T,6,7306.426
CHL,4000,USD,_T,DCU,_T,6,7306.426
CHL,4000,USD,_T,_T,_T,6,7306.426
CHL,4100,USD,PER,DCU,_T,6,1705.444
CHL,4100,USD,PER,_T,_T,6,1705.444
CHL,4100,USD,_T,DCU,_T,6,1705.444
CHL,4100,USD,_T,_T,_T,6,1705.444
CHL,4200,USD,PER,DCU,_T,6,5600.982
CHL,4200,USD,PER,_T,_T,6,5600.982
CHL,4200,USD,_T,DCU,_T,6,5600.982
CHL,4200,USD,_T,_T,_T,6,5600.982
CHL,4300,USD,PER,DCU,_T,6,3463.98
CHL,4300,USD,PER,_T,_T,6,3463.98
CHL,4300,USD,_T,DCU,_T,6,3463.98
CHL,4300,USD,_T,_T,_T,6,3463.98
CHL,4410,USD,PER,DCU,_T,6,591.447
CHL,4410,USD,PER,_T,_T,6,591.447
CHL,4410,USD,_T,DCU,_T,6,591.447
CHL,4410,USD,_T,_T,_T,6,591.447
CHL,5000,PS,PER,DCU,_T,3,12094.368
CHL,5000,PS,PER,_T,_T,3,12094.368
CHL,5000,PS,_T,DCU,_T,3,12094.368
CHL,5000,PS,_T,_T,PF,3,11613.04
CHL,5000,PS,_T,_T,PIC,3,481.328
CHL,5000,PS,_T,_T,_T,3,12094.368
CHL,5010,PS,PER,DCU,_T,3,6449.205
CHL,5010,PS,PER,_T,_T,3,6449.205
CHL,5010,PS,_T,DCU,_T,3,6449.205
CHL,5010,PS,_T,_T,_T,3,6449.205
CHL,5020,PS,PER,DCU,_T,3,5645.163
CHL,5020,PS,PER,_T,_T,3,5645.163
CHL,5020,PS,_T,DCU,_T,3,5645.163
CHL,5020,PS,_T,_T,_T,3,5645.163
CHL,5100,PS,PER,DCU,_T,3,10961.537
CHL,5100,PS,PER,_T,_T,3,10961.537
CHL,5100,PS,_T,DCU,_T,3,10961.537
CHL,5100,PS,_T,_T,PF,3,10961.537
CHL,5100,PS,_T,_T,_T,3,10961.537
CHL,5300,PS,PER,DCU,_T,3,1132.831
CHL,5300,PS,PER,_T,_T,3,1132.831
CHL,5300,PS,_T,DCU,_T,3,1132.831
CHL,5300,PS,_T,_T,PF,3,651.503
CHL,5300,PS,_T,_T,PIC,3,481.328
CHL,5300,PS,_T,_T,_T,3,1132.831
CHL,5400,PS,PER,DCU,_T,3,302.828
CHL,5400,PS,PER,_T,_T,3,302.828
CHL,5400,PS,_T,DCU,_T,3,302.828
CHL,5400,PS,_T,_T,_T,3,302.828
CHL,PA,PT_B1GQ,PER,_T,_T,0,82.018
CHN,1000,PT_B1GQ,_T,_T,PF,0,1.786
CHN,1000,PT_B1GQ,_T,_T,_T,0,1.786
CHN,1000,USD,_T,_T,PF,6,257406.612
CHN,1000,USD,_T,_T,_T,6,257406.612
COL,1000,PT_B1GQ,PER,DCU,PF,0,26.752
COL,1000,PT_B1GQ,PER,DCU,_T,0,26.752
COL,1000,PT_B1GQ,PER,_T,PF,0,26.752
COL,1000,PT_B1GQ,PER,_T,_T,0,26.752
COL,1000,PT_B1GQ,_T,DCU,PF,0,26.752
COL,1000,PT_B1GQ,_T,DCU,_T,0,26.752
COL,1000,PT_B1GQ,_T,_T,PF,0,26.752
COL,1000,PT_B1GQ,_T,_T,_T,0,26.752
COL,1000,USD,PER,DCU,PF,6,86536.048
COL,1000,USD,PER,DCU,_T,6,86536.048
COL,1000,USD,PER,_T,PF,6,86536.048
COL,1000,USD,PER,_T,_T,6,86536.048
COL,1000,USD,_T,DCU,PF,6,86536.048
COL,1000,USD,_T,DCU,_T,6,86536.048
COL,1000,USD,_T,_T,PF,6,86536.048
COL,1000,USD,_T,_T,_T,6,86536.048
COL,1121,USD,PER,DCU,_T,6,29679.199
COL,1121,USD,PER,_T,_T,6,29679.199
COL,1121,USD,_T,DCU,_T,6,29679.199
COL,1121,USD,_T,_T,_T,6,29679.199
COL,1122,USD,PER,DCU,_T,6,27920.881
COL,1122,USD,PER,_T,_T,6,27920.881
COL,1122,USD,_T,DCU,_T,6,27920.881
COL,1122,USD,_T,_T,_T,6,27920.881
COL,1131,USD,PER,DCU,_T,6,341.657
COL,1131,USD,PER,_T,_T,6,341.657
COL,1131,USD,_T,DCU,_T,6,341.657
COL,1131,USD,_T,_T,_T,6,341.657
COL,1141,USD,PER,DCU,_T,6,6453.503
COL,1141,USD,PER,_T,_T,6,6453.503
COL,1141,USD,_T,DCU,_T,6,6453.503
COL,1141,USD,_T,_T,_T,6,6453.503
COL,1151,USD,PER,DCU,_T,6,22884.039
COL,1151,USD,PER,_T,_T,6,22884.039
COL,1151,USD,_T,DCU,_T,6,22884.039
COL,1151,USD,_T,_T,_T,6,22884.039
COL,1172,USD,PER,DCU,_T,6,82.911
COL,1172,USD,PER,_T,_T,6,82.911
COL,1172,USD,_T,DCU,_T,6,82.911
COL,1172,USD,_T,_T,_T,6,82.911
COL,1210,USD,PER,DCU,_T,6,1900.546
COL,1210,USD,PER,_T,_T,6,1900.546
COL,1210,USD,_T,DCU,_T,6,1900.546
COL,1210,USD,_T,_T,_T,6,1900.546
COL,1215,USD,PER,DCU,_T,6,44607.669
COL,1215,USD,PER,_T,_T,6,44607.669
COL,1215,USD,_T,DCU,_T,6,44607.669
COL,1215,USD,_T,_T,_T,6,44607.669
COL,1220,USD,PER,DCU,_T,6,36487.647
COL,1220,USD,PER,_T,_T,6,36487.647
COL,1220,USD,_T,DCU,_T,6,36487.647
COL,1220,USD,_T,_T,_T,6,36487.647
COL,1230,USD,PER,DCU,_T,6,8120.022
COL,1230,USD,PER,_T,_T,6,8120.022
COL,1230,USD,_T,DCU,_T,6,8120.022
COL,1230,USD,_T,_T,_T,6,8120.022
COL,1245,USD,PER,DCU,_T,6,12831.424
COL,1245,USD,PER,_T,_T,6,12831.424
COL,1245,USD,_T,DCU,_T,6,12831.424
COL,1245,USD,_T,_T,_T,6,12831.424
COL,1250,USD,PER,DCU,_T,6,12831.424
COL,1250,USD,PER,_T,_T,6,12831.424
COL,1250,USD,_T,DCU,_T,6,12831.424
COL,1250,USD,_T,_T,_T,6,12831.424
COL,1270,USD,PER,DCU,_T,6,18172.072
COL,1270,USD,PER,_T,_T,6,18172.072
COL,1270,USD,_T,DCU,_T,6,18172.072
COL,1270,USD,_T,_T,_T,6,18172.072
COL,1274,USD,PER,DCU,_T,6,649.368
COL,1274,USD,PER,_T,_T,6,649.368
COL,1274,USD,_T,DCU,_T,6,649.368
COL,1274,USD,_T,_T,_T,6,649.368
COL,1276,USD,PER,DCU,_T,6,17522.704
COL,1276,USD,PER,_T,_T,6,17522.704
COL,1276,USD,_T,DCU,_T,6,17522.704
COL,1276,USD,_T,_T,_T,6,17522.704
COL,1278,USD,PER,DCU,_T,6,0
COL,1278,USD,PER,_T,_T,6,0
COL,1278,USD,_T,DCU,_T,6,0
COL,1278,USD,_T,_T,_T,6,0
COL,1284,USD,PER,DCU,_T,6,0
COL,1284,USD,PER,_T,_T,6,0
COL,1284,USD,_T,DCU,_T,6,0
COL,1284,USD,_T,_T,_T,6,0
COL,1286,USD,PER,DCU,_T,6,6891.061
COL,1286,USD,PER,_T,_T,6,6891.061
COL,1286,USD,_T,DCU,_T,6,6891.061
COL,1286,USD,_T,_T,_T,6,6891.061
COL,1289,USD,PER,DCU,_T,6,2133.275
COL,1289,USD,PER,_T,_T,6,2133.275
COL,1289,USD,_T,DCU,_T,6,2133.275
COL,1289,USD,_T,_T,_T,6,2133.275
COL,1290,USD,PER,DCU,_T,6,0
COL,1290,USD,PER,_T,_T,6,0
COL,1290,USD,_T,DCU,_T,6,0
COL,1290,USD,_T,_T,_T,6,0
COL,2000,USD,PER,DCU,PF,6,86938.441
COL,2000,USD,PER,DCU,_T,6,86938.441
COL,2000,USD,PER,_T,PF,6,86938.441
COL,2000,USD,PER,_T,_T,6,86938.441
COL,2000,USD,_T,DCU,PF,6,86938.441
COL,2000,USD,_T,DCU,_T,6,86938.441
COL,2000,USD,_T,_T,PF,6,86938.441
COL,2000,USD,_T,_T,_T,6,86938.441
COL,2100,USD,PER,DCU,_T,6,85962.535
COL,2100,USD,PER,_T,_T,6,85962.535
COL,2100,USD,_T,DCU,_T,6,85962.535
COL,2100,USD,_T,_T,_T,6,85962.535
COL,2300,USD,PER,DCU,_T,6,975.906
COL,2300,USD,PER,_T,_T,6,975.906
COL,2300,USD,_T,DCU,_T,6,975.906
COL,2300,USD,_T,_T,_T,6,975.906
COL,3000,USD,PER,DCU,_T,6,12081.099
COL,3000,USD,PER,_T,_T,6,12081.099
COL,3000,USD,_T,DCU,_T,6,12081.099
COL,3000,USD,_T,_T,_T,6,12081.099
COL,3010,USD,PER,DCU,_T,6,12103.374
COL,3010,USD,PER,_T,_T,6,12103.374
COL,3010,USD,_T,DCU,_T,6,12103.374
COL,3010,USD,_T,_T,_T,6,12103.374
COL,3100,PT_B1GQ,PER,DCU,_T,0,2.229
COL,3100,PT_B1GQ,PER,_T,_T,0,2.229
COL,3100,PT_B1GQ,_T,DCU,_T,0,2.229
COL,3100,PT_B1GQ,_T,_T,_T,0,2.229
COL,3100,USD,PER,DCU,_T,6,7200.561
COL,3100,USD,PER,_T,_T,6,7200.561
COL,3100,USD,_T,DCU,_T,6,7200.561
COL,3100,USD,_T,_T,_T,6,7200.561
COL,3400,USD,PER,DCU,_T,6,727.171
COL,3400,USD,PER,_T,_T,6,727.171
COL,3400,USD,_T,DCU,_T,6,727.171
COL,3400,USD,_T,_T,_T,6,727.171
COL,4410,USD,PER,DCU,_T,6,22.275
COL,4410,USD,PER,_T,_T,6,22.275
COL,4410,USD,_T,DCU,_T,6,22.275
COL,4410,USD,_T,_T,_T,6,22.275
COL,4420,USD,PER,DCU,_T,6,0.326
COL,4420,USD,PER,_T,_T,6,0.326
COL,4420,USD,_T,DCU,_T,6,0.326
COL,4420,USD,_T,_T,_T,6,0.326
COL,4500,USD,PER,DCU,_T,6,22.171
COL,4500,USD,PER,_T,_T,6,22.171
COL,4500,USD,_T,DCU,_T,6,22.171
COL,4500,USD,_T,_T,_T,6,22.171
COL,5000,PS,PER,DCU,PF,3,16644.786
COL,5000,PS,PER,DCU,_T,3,16644.786
COL,5000,PS,PER,_T,PF,3,16644.786
COL,5000,PS,PER,_T,_T,3,16644.786
COL,5000,PS,_T,DCU,PF,3,16644.786
COL,5000,PS,_T,DCU,_T,3,16644.786
COL,5000,PS,_T,_T,PF,3,16644.786
COL,5000,PS,_T,_T,_T,3,16644.786
COL,5010,PS,PER,DCU,_T,3,9380.826
COL,5010,PS,PER,_T,_T,3,9380.826
COL,5010,PS,_T,DCU,_T,3,9380.826
COL,5010,PS,_T,_T,_T,3,9380.826
COL,5020,PS,PER,DCU,_T,3,7263.96
COL,5020,PS,PER,_T,_T,3,7263.96
COL,5020,PS,_T,DCU,_T,3,7263.96
COL,5020,PS,_T,_T,_T,3,7263.96
COL,5100,PS,PER,DCU,PF,3,16463.089
COL,5100,PS,PER,DCU,_T,3,16463.089
COL,5100,PS,PER,_T,PF,3,16463.089
COL,5100,PS,PER,_T,_T,3,16463.089
COL,5100,PS,_T,DCU,PF,3,16463.089
COL,5100,PS,_T,DCU,_T,3,16463.089
COL,5100,PS,_T,_T,PF,3,16463.089
COL,5100,PS,_T,_T,_T,3,16463.089
COL,5200,PS,PER,DCU,PF,3,9901.417
COL,5200,PS,PER,DCU,_T,3,9901.417
COL,5200,PS,PER,_T,PF,3,9901.417
COL,5200,PS,PER,_T,_T,3,9901.417
COL,5200,PS,_T,DCU,PF,3,9901.417
COL,5200,PS,_T,DCU,_T,3,9901.417
COL,5200,PS,_T,_T,PF,3,9901.417
COL,5200,PS,_T,_T,_T,3,9901.417
COL,5300,PS,PER,DCU,PF,3,181.697
COL,5300,PS,PER,DCU,_T,3,181.697
COL,5300,PS,PER,_T,PF,3,181.697
COL,5300,PS,PER,_T,_T,3,181.697
COL,5300,PS,_T,DCU,PF,3,181.697
COL,5300,PS,_T,DCU,_T,3,181.697
COL,5300,PS,_T,_T,PF,3,181.697
COL,5300,PS,_T,_T,_T,3,181.697
COL,5400,PS,PER,DCU,_T,3,0
COL,5400,PS,PER,_T,_T,3,0
COL,5400,PS,_T,DCU,_T,3,0
COL,5400,PS,_T,_T,_T,3,0
COL,PA,PT_B1GQ,PER,_T,_T,0,26.752
CRI,1000,PT_B1GQ,OCC,DB,PF,0,10.759
CRI,1000,PT_B1GQ,OCC,DB,_T,0,10.759
CRI,1000,PT_B1GQ,OCC,DCU,PF,0,0.322
CRI,1000,PT_B1GQ,OCC,DCU,_T,0,0.322
CRI,1000,PT_B1GQ,OCC,_T,PF,0,11.081
CRI,1000,PT_B1GQ,OCC,_T,_T,0,11.081
CRI,1000,PT_B1GQ,PER,DCU,PF,0,19.411
CRI,1000,PT_B1GQ,PER,DCU,_T,0,19.411
CRI,1000,PT_B1GQ,PER,_T,PF,0,19.411
CRI,1000,PT_B1GQ,PER,_T,_T,0,19.411
CRI,1000,PT_B1GQ,_T,DB,PF,0,10.759
CRI,1000,PT_B1GQ,_T,DB,_T,0,10.759
CRI,1000,PT_B1GQ,_T,DCU,PF,0,19.734
CRI,1000,PT_B1GQ,_T,DCU,_T,0,19.734
CRI,1000,PT_B1GQ,_T,_T,PF,0,30.493
CRI,1000,PT_B1GQ,_T,_T,_T,0,30.493
CRI,1000,USD,OCC,DB,PF,6,7099.792
CRI,1000,USD,OCC,DB,_T,6,7099.792
CRI,1000,USD,OCC,DCU,PF,6,212.748
CRI,1000,USD,OCC,DCU,_T,6,212.748
CRI,1000,USD,OCC,_T,PF,6,7312.54
CRI,1000,USD,OCC,_T,_T,6,7312.54
CRI,1000,USD,PER,DCU,PF,6,12809.868
CRI,1000,USD,PER,DCU,_T,6,12809.868
CRI,1000,USD,PER,_T,PF,6,12809.868
CRI,1000,USD,PER,_T,_T,6,12809.868
CRI,1000,USD,_T,DB,PF,6,7099.792
CRI,1000,USD,_T,DB,_T,6,7099.792
CRI,1000,USD,_T,DCU,PF,6,13022.616
CRI,1000,USD,_T,DCU,_T,6,13022.616
CRI,1000,USD,_T,_T,PF,6,20122.408
CRI,1000,USD,_T,_T,_T,6,20122.408
CRI,1121,USD,OCC,DB,_T,6,0
CRI,1121,USD,OCC,DCU,_T,6,0
CRI,1121,USD,OCC,_T,_T,6,0
CRI,1121,USD,PER,DCU,_T,6,1596.029
CRI,1121,USD,PER,_T,_T,6,1596.029
CRI,1121,USD,_T,DB,_T,6,0
CRI,1121,USD,_T,DCU,_T,6,1596.029
CRI,1121,USD,_T,_T,_T,6,1596.029
CRI,1122,USD,OCC,DB,_T,6,114.308
CRI,1122,USD,OCC,DCU,_T,6,36.872
CRI,1122,USD,OCC,_T,_T,6,151.18
CRI,1122,USD,PER,DCU,_T,6,3581.748
CRI,1122,USD,PER,_T,_T,6,3581.748
CRI,1122,USD,_T,DB,_T,6,114.308
CRI,1122,USD,_T,DCU,_T,6,3618.62
CRI,1122,USD,_T,_T,_T,6,3732.929
CRI,1131,USD,OCC,DB,_T,6,0
CRI,1131,USD,OCC,DCU,_T,6,0
CRI,1131,USD,OCC,_T,_T,6,0
CRI,1131,USD,PER,DCU,_T,6,0
CRI,1131,USD,PER,_T,_T,6,0
CRI,1131,USD,_T,DB,_T,6,0
CRI,1131,USD,_T,DCU,_T,6,0
CRI,1131,USD,_T,_T,_T,6,0
CRI,1141,USD,OCC,DB,_T,6,0
CRI,1141,USD,OCC,DCU,_T,6,0
CRI,1141,USD,OCC,_T,_T,6,0
CRI,1141,USD,PER,DCU,_T,6,10.632
CRI,1141,USD,PER,_T,_T,6,10.632
CRI,1141,USD,_T,DB,_T,6,0
CRI,1141,USD,_T,DCU,_T,6,10.632
CRI,1141,USD,_T,_T,_T,6,10.632
CRI,1151,USD,OCC,DB,_T,6,0
CRI,1151,USD,OCC,DCU,_T,6,0
CRI,1151,USD,OCC,_T,_T,6,0
CRI,1151,USD,PER,DCU,_T,6,1585.398
CRI,1151,USD,PER,_T,_T,6,1585.398
CRI,1151,USD,_T,DB,_T,6,0
CRI,1151,USD,_T,DCU,_T,6,1585.398
CRI,1151,USD,_T,_T,_T,6,1585.398
CRI,1210,USD,OCC,DB,_T,6,41.002
CRI,1210,USD,OCC,DCU,_T,6,1.581
CRI,1210,USD,OCC,_T,_T,6,42.583
CRI,1210,USD,PER,DCU,_T,6,208.768
CRI,1210,USD,PER,_T,_T,6,208.768
CRI,1210,USD,_T,DB,_T,6,41.002
CRI,1210,USD,_T,DCU,_T,6,210.348
CRI,1210,USD,_T,_T,_T,6,251.351
CRI,1215,USD,OCC,DB,_T,6,6595.187
CRI,1215,USD,OCC,DCU,_T,6,205.87
CRI,1215,USD,OCC,_T,_T,6,6801.057
CRI,1215,USD,PER,DCU,_T,6,10188.184
CRI,1215,USD,PER,_T,_T,6,10188.184
CRI,1215,USD,_T,DB,_T,6,6595.187
CRI,1215,USD,_T,DCU,_T,6,10394.053
CRI,1215,USD,_T,_T,_T,6,16989.24
CRI,1220,USD,OCC,DB,_T,6,5905.774
CRI,1220,USD,OCC,DCU,_T,6,145.532
CRI,1220,USD,OCC,_T,_T,6,6051.306
CRI,1220,USD,PER,DCU,_T,6,8473.273
CRI,1220,USD,PER,_T,_T,6,8473.273
CRI,1220,USD,_T,DB,_T,6,5905.774
CRI,1220,USD,_T,DCU,_T,6,8618.805
CRI,1220,USD,_T,_T,_T,6,14524.579
CRI,1230,USD,OCC,DB,_T,6,689.413
CRI,1230,USD,OCC,DCU,_T,6,60.338
CRI,1230,USD,OCC,_T,_T,6,749.751
CRI,1230,USD,PER,DCU,_T,6,1714.91
CRI,1230,USD,PER,_T,_T,6,1714.91
CRI,1230,USD,_T,DB,_T,6,689.413
CRI,1230,USD,_T,DCU,_T,6,1775.248
CRI,1230,USD,_T,_T,_T,6,2464.661
CRI,1245,USD,OCC,DB,_T,6,0
CRI,1245,USD,OCC,DCU,_T,6,0
CRI,1245,USD,OCC,_T,_T,6,0
CRI,1245,USD,PER,DCU,_T,6,4.012
CRI,1245,USD,PER,_T,_T,6,4.012
CRI,1245,USD,_T,DB,_T,6,0
CRI,1245,USD,_T,DCU,_T,6,4.012
CRI,1245,USD,_T,_T,_T,6,4.012
CRI,1250,USD,OCC,DB,_T,6,0
CRI,1250,USD,OCC,DCU,_T,6,0
CRI,1250,USD,OCC,_T,_T,6,0
CRI,1250,USD,PER,DCU,_T,6,4.012
CRI,1250,USD,PER,_T,_T,6,4.012
CRI,1250,USD,_T,DB,_T,6,0
CRI,1250,USD,_T,DCU,_T,6,4.012
CRI,1250,USD,_T,_T,_T,6,4.012
CRI,1255,USD,OCC,DB,_T,6,0
CRI,1255,USD,OCC,DCU,_T,6,0
CRI,1255,USD,OCC,_T,_T,6,0
CRI,1255,USD,PER,DCU,_T,6,0
CRI,1255,USD,PER,_T,_T,6,0
CRI,1255,USD,_T,DB,_T,6,0
CRI,1255,USD,_T,DCU,_T,6,0
CRI,1255,USD,_T,_T,_T,6,0
CRI,1260,USD,OCC,DB,_T,6,0
CRI,1260,USD,OCC,DCU,_T,6,0
CRI,1260,USD,OCC,_T,_T,6,0
CRI,1260,USD,PER,DCU,_T,6,0
CRI,1260,USD,PER,_T,_T,6,0
CRI,1260,USD,_T,DB,_T,6,0
CRI,1260,USD,_T,DCU,_T,6,0
CRI,1260,USD,_T,_T,_T,6,0
CRI,1270,USD,OCC,DB,_T,6,459.53
CRI,1270,USD,OCC,DCU,_T,6,0.253
CRI,1270,USD,OCC,_T,_T,6,459.784
CRI,1270,USD,PER,DCU,_T,6,1862.358
CRI,1270,USD,PER,_T,_T,6,1862.358
CRI,1270,USD,_T,DB,_T,6,459.53
CRI,1270,USD,_T,DCU,_T,6,1862.612
CRI,1270,USD,_T,_T,_T,6,2322.142
CRI,1272,USD,OCC,DB,_T,6,0
CRI,1272,USD,OCC,DCU,_T,6,0
CRI,1272,USD,OCC,_T,_T,6,0
CRI,1272,USD,PER,DCU,_T,6,97.026
CRI,1272,USD,PER,_T,_T,6,97.026
CRI,1272,USD,_T,DB,_T,6,0
CRI,1272,USD,_T,DCU,_T,6,97.026
CRI,1272,USD,_T,_T,_T,6,97.026
CRI,1274,USD,OCC,DB,_T,6,0
CRI,1274,USD,OCC,DCU,_T,6,0
CRI,1274,USD,OCC,_T,_T,6,0
CRI,1274,USD,PER,DCU,_T,6,341.598
CRI,1274,USD,PER,_T,_T,6,341.598
CRI,1274,USD,_T,DB,_T,6,0
CRI,1274,USD,_T,DCU,_T,6,341.598
CRI,1274,USD,_T,_T,_T,6,341.598
CRI,1276,USD,OCC,DB,_T,6,0
CRI,1276,USD,OCC,DCU,_T,6,0
CRI,1276,USD,OCC,_T,_T,6,0
CRI,1276,USD,PER,DCU,_T,6,1359.656
CRI,1276,USD,PER,_T,_T,6,1359.656
CRI,1276,USD,_T,DB,_T,6,0
CRI,1276,USD,_T,DCU,_T,6,1359.656
CRI,1276,USD,_T,_T,_T,6,1359.656
CRI,1277,USD,OCC,DB,_T,6,0
CRI,1277,USD,OCC,DCU,_T,6,0
CRI,1277,USD,OCC,_T,_T,6,0
CRI,1277,USD,PER,DCU,_T,6,64.079
CRI,1277,USD,PER,_T,_T,6,64.079
CRI,1277,USD,_T,DB,_T,6,0
CRI,1277,USD,_T,DCU,_T,6,64.079
CRI,1277,USD,_T,_T,_T,6,64.079
CRI,1278,USD,OCC,DB,_T,6,459.53
CRI,1278,USD,OCC,DCU,_T,6,0.253
CRI,1278,USD,OCC,_T,_T,6,459.784
CRI,1278,USD,PER,DCU,_T,6,0
CRI,1278,USD,PER,_T,_T,6,0
CRI,1278,USD,_T,DB,_T,6,459.53
CRI,1278,USD,_T,DCU,_T,6,0.253
CRI,1278,USD,_T,_T,_T,6,459.784
CRI,1280,USD,OCC,DB,_T,6,0
CRI,1280,USD,OCC,DCU,_T,6,0
CRI,1280,USD,OCC,_T,_T,6,0
CRI,1280,USD,PER,DCU,_T,6,0
CRI,1280,USD,PER,_T,_T,6,0
CRI,1280,USD,_T,DB,_T,6,0
CRI,1280,USD,_T,DCU,_T,6,0
CRI,1280,USD,_T,_T,_T,6,0
CRI,1284,USD,OCC,DB,_T,6,0
CRI,1284,USD,OCC,DCU,_T,6,0
CRI,1284,USD,OCC,_T,_T,6,0
CRI,1284,USD,PER,DCU,_T,6,0
CRI,1284,USD,PER,_T,_T,6,0
CRI,1284,USD,_T,DB,_T,6,0
CRI,1284,USD,_T,DCU,_T,6,0
CRI,1284,USD,_T,_T,_T,6,0
CRI,1286,USD,OCC,DB,_T,6,0
CRI,1286,USD,OCC,DCU,_T,6,0
CRI,1286,USD,OCC,_T,_T,6,0
CRI,1286,USD,PER,DCU,_T,6,0
CRI,1286,USD,PER,_T,_T,6,0
CRI,1286,USD,_T,DB,_T,6,0
CRI,1286,USD,_T,DCU,_T,6,0
CRI,1286,USD,_T,_T,_T,6,0
CRI,1289,USD,OCC,DB,_T,6,0
CRI,1289,USD,OCC,DCU,_T,6,0
CRI,1289,USD,OCC,_T,_T,6,0
CRI,1289,USD,PER,DCU,_T,6,0
CRI,1289,USD,PER,_T,_T,6,0
CRI,1289,USD,_T,DB,_T,6,0
CRI,1289,USD,_T,DCU,_T,6,0
CRI,1289,USD,_T,_T,_T,6,0
CRI,1290,USD,OCC,DB,_T,6,4.072
CRI,1290,USD,OCC,DCU,_T,6,5.044
CRI,1290,USD,OCC,_T,_T,6,9.116
CRI,1290,USD,PER,DCU,_T,6,546.547
CRI,1290,USD,PER,_T,_T,6,546.547
CRI,1290,USD,_T,DB,_T,6,4.072
CRI,1290,USD,_T,DCU,_T,6,551.591
CRI,1290,USD,_T,_T,_T,6,555.663
CRI,2000,USD,OCC,DB,PF,6,7099.792
CRI,2000,USD,OCC,DB,_T,6,7099.792
CRI,2000,USD,OCC,DCU,PF,6,212.748
CRI,2000,USD,OCC,DCU,_T,6,212.748
CRI,2000,USD,OCC,_T,PF,6,7312.54
CRI,2000,USD,OCC,_T,_T,6,7312.54
CRI,2000,USD,PER,DCU,PF,6,12809.868
CRI,2000,USD,PER,DCU,_T,6,12809.868
CRI,2000,USD,PER,_T,PF,6,12809.868
CRI,2000,USD,PER,_T,_T,6,12809.868
CRI,2000,USD,_T,DB,PF,6,7099.792
CRI,2000,USD,_T,DB,_T,6,7099.792
CRI,2000,USD,_T,DCU,PF,6,13022.616
CRI,2000,USD,_T,DCU,_T,6,13022.616
CRI,2000,USD,_T,_T,PF,6,20122.408
CRI,2000,USD,_T,_T,_T,6,20122.408
CRI,2100,USD,OCC,DB,_T,6,7099.792
CRI,2100,USD,OCC,DCU,_T,6,212.748
CRI,2100,USD,OCC,_T,_T,6,7312.54
CRI,2100,USD,PER,DCU,_T,6,12809.868
CRI,2100,USD,PER,_T,_T,6,12809.868
CRI,2100,USD,_T,DB,_T,6,7099.792
CRI,2100,USD,_T,DCU,_T,6,13022.616
CRI,2100,USD,_T,_T,_T,6,20122.408
CRI,3000,USD,OCC,DB,_T,6,560.687
CRI,3000,USD,OCC,DCU,_T,6,24.117
CRI,3000,USD,OCC,_T,_T,6,584.804
CRI,3000,USD,PER,DCU,_T,6,1551.41
CRI,3000,USD,PER,_T,_T,6,1551.41
CRI,3000,USD,_T,DB,_T,6,560.687
CRI,3000,USD,_T,DCU,_T,6,1575.527
CRI,3000,USD,_T,_T,_T,6,2136.214
CRI,3010,USD,OCC,DB,_T,6,818.582
CRI,3010,USD,OCC,DCU,_T,6,24.117
CRI,3010,USD,OCC,_T,_T,6,842.699
CRI,3010,USD,PER,DCU,_T,6,1551.41
CRI,3010,USD,PER,_T,_T,6,1551.41
CRI,3010,USD,_T,DB,_T,6,818.582
CRI,3010,USD,_T,DCU,_T,6,1575.527
CRI,3010,USD,_T,_T,_T,6,2394.109
CRI,3100,PT_B1GQ,OCC,DB,_T,0,0.713
CRI,3100,PT_B1GQ,OCC,DCU,_T,0,0.134
CRI,3100,PT_B1GQ,OCC,_T,_T,0,0.847
CRI,3100,PT_B1GQ,PER,DCU,_T,0,1.327
CRI,3100,PT_B1GQ,PER,_T,_T,0,1.327
CRI,3100,PT_B1GQ,_T,DB,_T,0,0.713
CRI,3100,PT_B1GQ,_T,DCU,_T,0,1.461
CRI,3100,PT_B1GQ,_T,_T,_T,0,2.174
CRI,3100,USD,OCC,DB,_T,6,459.053
CRI,3100,USD,OCC,DCU,_T,6,86.337
CRI,3100,USD,OCC,_T,_T,6,545.39
CRI,3100,USD,PER,DCU,_T,6,854.831
CRI,3100,USD,PER,_T,_T,6,854.831
CRI,3100,USD,_T,DB,_T,6,459.053
CRI,3100,USD,_T,DCU,_T,6,941.169
CRI,3100,USD,_T,_T,_T,6,1400.221
CRI,3200,USD,OCC,DB,_T,6,226.648
CRI,3200,USD,OCC,DCU,_T,6,72.827
CRI,3200,USD,OCC,_T,_T,6,299.475
CRI,3200,USD,PER,DCU,_T,6,573.836
CRI,3200,USD,PER,_T,_T,6,573.836
CRI,3200,USD,_T,DB,_T,6,226.648
CRI,3200,USD,_T,DCU,_T,6,646.663
CRI,3200,USD,_T,_T,_T,6,873.311
CRI,3300,USD,OCC,DB,_T,6,232.404
CRI,3300,USD,OCC,DCU,_T,6,13.511
CRI,3300,USD,OCC,_T,_T,6,245.915
CRI,3300,USD,PER,DCU,_T,6,280.995
CRI,3300,USD,PER,_T,_T,6,280.995
CRI,3300,USD,_T,DB,_T,6,232.404
CRI,3300,USD,_T,DCU,_T,6,294.506
CRI,3300,USD,_T,_T,_T,6,526.91
CRI,4000,PT_B1GQ,OCC,DB,_T,0,0.252
CRI,4000,PT_B1GQ,OCC,DCU,_T,0,0.164
CRI,4000,PT_B1GQ,OCC,_T,_T,0,0.416
CRI,4000,PT_B1GQ,PER,DCU,_T,0,0.325
CRI,4000,PT_B1GQ,PER,_T,_T,0,0.325
CRI,4000,PT_B1GQ,_T,DB,_T,0,0.252
CRI,4000,PT_B1GQ,_T,DCU,_T,0,0.49
CRI,4000,PT_B1GQ,_T,_T,_T,0,0.741
CRI,4000,USD,OCC,DB,_T,6,162.066
CRI,4000,USD,OCC,DCU,_T,6,105.961
CRI,4000,USD,OCC,_T,_T,6,268.027
CRI,4000,USD,PER,DCU,_T,6,209.519
CRI,4000,USD,PER,_T,_T,6,209.519
CRI,4000,USD,_T,DB,_T,6,162.066
CRI,4000,USD,_T,DCU,_T,6,315.48
CRI,4000,USD,_T,_T,_T,6,477.546
CRI,4100,USD,OCC,DB,_T,6,0
CRI,4100,USD,OCC,DCU,_T,6,6.251
CRI,4100,USD,OCC,_T,_T,6,6.251
CRI,4100,USD,PER,DCU,_T,6,198.434
CRI,4100,USD,PER,_T,_T,6,198.434
CRI,4100,USD,_T,DB,_T,6,0
CRI,4100,USD,_T,DCU,_T,6,204.686
CRI,4100,USD,_T,_T,_T,6,204.686
CRI,4200,USD,OCC,DB,_T,6,162.066
CRI,4200,USD,OCC,DCU,_T,6,99.71
CRI,4200,USD,OCC,_T,_T,6,261.776
CRI,4200,USD,PER,DCU,_T,6,11.085
CRI,4200,USD,PER,_T,_T,6,11.085
CRI,4200,USD,_T,DB,_T,6,162.066
CRI,4200,USD,_T,DCU,_T,6,110.795
CRI,4200,USD,_T,_T,_T,6,272.86
CRI,4410,USD,OCC,DB,_T,6,257.895
CRI,4410,USD,OCC,_T,_T,6,257.895
CRI,4410,USD,_T,DB,_T,6,257.895
CRI,4410,USD,_T,_T,_T,6,257.895
CRI,4420,USD,OCC,DB,_T,6,0
CRI,4420,USD,OCC,DCU,_T,6,0.727
CRI,4420,USD,OCC,_T,_T,6,0.727
CRI,4420,USD,PER,DCU,_T,6,57.606
CRI,4420,USD,PER,_T,_T,6,57.606
CRI,4420,USD,_T,DB,_T,6,0
CRI,4420,USD,_T,DCU,_T,6,58.333
CRI,4420,USD,_T,_T,_T,6,58.333
CRI,5000,PS,OCC,DB,PF,3,172.692
CRI,5000,PS,OCC,DB,_T,3,172.692
CRI,5000,PS,OCC,DCU,PF,3,4.547
CRI,5000,PS,OCC,DCU,_T,3,4.547
CRI,5000,PS,OCC,_T,PF,3,177.239
CRI,5000,PS,OCC,_T,_T,3,177.239
CRI,5000,PS,PER,DCU,PF,3,2901.9
CRI,5000,PS,PER,DCU,_T,3,2901.9
CRI,5000,PS,PER,_T,PF,3,2901.9
CRI,5000,PS,PER,_T,_T,3,2901.9
CRI,5000,PS,_T,DB,PF,3,172.692
CRI,5000,PS,_T,DB,_T,3,172.692
CRI,5000,PS,_T,DCU,PF,3,2906.447
CRI,5000,PS,_T,DCU,_T,3,2906.447
CRI,5000,PS,_T,_T,PF,3,3079.139
CRI,5000,PS,_T,_T,_T,3,3079.139
CRI,5010,PS,OCC,DB,_T,3,68.009
CRI,5010,PS,OCC,DCU,_T,3,2.319
CRI,5010,PS,OCC,_T,_T,3,70.328
CRI,5010,PS,PER,DCU,_T,3,1750.913
CRI,5010,PS,PER,_T,_T,3,1750.913
CRI,5010,PS,_T,DB,_T,3,68.009
CRI,5010,PS,_T,DCU,_T,3,1753.232
CRI,5010,PS,_T,_T,_T,3,1821.241
CRI,5020,PS,OCC,DB,_T,3,104.683
CRI,5020,PS,OCC,DCU,_T,3,2.228
CRI,5020,PS,OCC,_T,_T,3,106.911
CRI,5020,PS,PER,DCU,_T,3,1150.987
CRI,5020,PS,PER,_T,_T,3,1150.987
CRI,5020,PS,_T,DB,_T,3,104.683
CRI,5020,PS,_T,DCU,_T,3,1153.215
CRI,5020,PS,_T,_T,_T,3,1257.898
CRI,5100,PS,OCC,DB,PF,3,98.415
CRI,5100,PS,OCC,DB,_T,3,98.415
CRI,5100,PS,OCC,DCU,PF,3,4.344
CRI,5100,PS,OCC,DCU,_T,3,4.344
CRI,5100,PS,OCC,_T,PF,3,102.759
CRI,5100,PS,OCC,_T,_T,3,102.759
CRI,5100,PS,PER,DCU,PF,3,2893.153
CRI,5100,PS,PER,DCU,_T,3,2893.153
CRI,5100,PS,PER,_T,PF,3,2893.153
CRI,5100,PS,PER,_T,_T,3,2893.153
CRI,5100,PS,_T,DB,PF,3,98.415
CRI,5100,PS,_T,DB,_T,3,98.415
CRI,5100,PS,_T,DCU,PF,3,2897.497
CRI,5100,PS,_T,DCU,_T,3,2897.497
CRI,5100,PS,_T,_T,PF,3,2995.912
CRI,5100,PS,_T,_T,_T,3,2995.912
CRI,5200,PS,OCC,DB,PF,3,0
CRI,5200,PS,OCC,DB,_T,3,0
CRI,5200,PS,OCC,DCU,PF,3,0
CRI,5200,PS,OCC,DCU,_T,3,0
CRI,5200,PS,OCC,_T,PF,3,0
CRI,5200,PS,OCC,_T,_T,3,0
CRI,5200,PS,PER,DCU,PF,3,1648.657
CRI,5200,PS,PER,DCU,_T,3,1648.657
CRI,5200,PS,PER,_T,PF,3,1648.657
CRI,5200,PS,PER,_T,_T,3,1648.657
CRI,5200,PS,_T,DB,PF,3,0
CRI,5200,PS,_T,DB,_T,3,0
CRI,5200,PS,_T,DCU,PF,3,1648.657
CRI,5200,PS,_T,DCU,_T,3,1648.657
CRI,5200,PS,_T,_T,PF,3,1648.657
CRI,5200,PS,_T,_T,_T,3,1648.657
CRI,5300,PS,OCC,DB,PF,3,74.277
CRI,5300,PS,OCC,DB,_T,3,74.277
CRI,5300,PS,OCC,DCU,PF,3,0.203
CRI,5300,PS,OCC,DCU,_T,3,0.203
CRI,5300,PS,OCC,_T,PF,3,74.48
CRI,5300,PS,OCC,_T,_T,3,74.48
CRI,5300,PS,PER,DCU,PF,3,8.747
CRI,5300,PS,PER,DCU,_T,3,8.747
CRI,5300,PS,PER,_T,PF,3,8.747
CRI,5300,PS,PER,_T,_T,3,8.747
CRI,5300,PS,_T,DB,PF,3,74.277
CRI,5300,PS,_T,DB,_T,3,74.277
CRI,5300,PS,_T,DCU,PF,3,8.95
CRI,5300,PS,_T,DCU,_T,3,8.95
CRI,5300,PS,_T,_T,PF,3,83.227
CRI,5300,PS,_T,_T,_T,3,83.227
CRI,5400,PS,OCC,DB,_T,3,0
CRI,5400,PS,OCC,DCU,_T,3,0
CRI,5400,PS,OCC,_T,_T,3,0
CRI,5400,PS,PER,DCU,_T,3,0
CRI,5400,PS,PER,_T,_T,3,0
CRI,5400,PS,_T,DB,_T,3,0
CRI,5400,PS,_T,DCU,_T,3,0
CRI,5400,PS,_T,_T,_T,3,0
CRI,OA,PT_B1GQ,OCC,_T,_T,0,11.081
CRI,PA,PT_B1GQ,PER,_T,_T,0,19.411
CZE,1000,PT_B1GQ,PER,DCP,PF,0,7.585
CZE,1000,PT_B1GQ,PER,DCP,_T,0,7.585
CZE,1000,PT_B1GQ,PER,DCU,PF,0,1.037
CZE,1000,PT_B1GQ,PER,DCU,_T,0,1.037
CZE,1000,PT_B1GQ,PER,_T,PF,0,8.622
CZE,1000,PT_B1GQ,PER,_T,_T,0,8.622
CZE,1000,PT_B1GQ,_T,DCP,PF,0,7.585
CZE,1000,PT_B1GQ,_T,DCP,_T,0,7.585
CZE,1000,PT_B1GQ,_T,DCU,PF,0,1.037
CZE,1000,PT_B1GQ,_T,DCU,_T,0,1.037
CZE,1000,PT_B1GQ,_T,_T,PF,0,8.622
CZE,1000,PT_B1GQ,_T,_T,_T,0,8.622
CZE,1000,USD,PER,DCP,PF,6,19746.05
CZE,1000,USD,PER,DCP,_T,6,19746.05
CZE,1000,USD,PER,DCU,PF,6,2699.04
CZE,1000,USD,PER,DCU,_T,6,2699.04
CZE,1000,USD,PER,_T,PF,6,22445.09
CZE,1000,USD,PER,_T,_T,6,22445.09
CZE,1000,USD,_T,DCP,PF,6,19746.05
CZE,1000,USD,_T,DCP,_T,6,19746.05
CZE,1000,USD,_T,DCU,PF,6,2699.04
CZE,1000,USD,_T,DCU,_T,6,2699.04
CZE,1000,USD,_T,_T,PF,6,22445.09
CZE,1000,USD,_T,_T,_T,6,22445.09
CZE,1121,USD,PER,DCP,_T,6,2553.004
CZE,1121,USD,PER,DCU,_T,6,879.593
CZE,1121,USD,PER,_T,_T,6,3432.598
CZE,1121,USD,_T,DCP,_T,6,2553.004
CZE,1121,USD,_T,DCU,_T,6,879.593
CZE,1121,USD,_T,_T,_T,6,3432.598
CZE,1122,USD,PER,DCP,_T,6,2143.523
CZE,1122,USD,PER,DCU,_T,6,665.914
CZE,1122,USD,PER,_T,_T,6,2809.436
CZE,1122,USD,_T,DCP,_T,6,2143.523
CZE,1122,USD,_T,DCU,_T,6,665.914
CZE,1122,USD,_T,_T,_T,6,2809.436
CZE,1131,USD,PER,DCP,_T,6,270.144
CZE,1131,USD,PER,DCU,_T,6,169.559
CZE,1131,USD,PER,_T,_T,6,439.703
CZE,1131,USD,_T,DCP,_T,6,270.144
CZE,1131,USD,_T,DCU,_T,6,169.559
CZE,1131,USD,_T,_T,_T,6,439.703
CZE,1141,USD,PER,DCP,_T,6,2029.238
CZE,1141,USD,PER,DCU,_T,6,236.727
CZE,1141,USD,PER,_T,_T,6,2265.965
CZE,1141,USD,_T,DCP,_T,6,2029.238
CZE,1141,USD,_T,DCU,_T,6,236.727
CZE,1141,USD,_T,_T,_T,6,2265.965
CZE,1151,USD,PER,DCP,_T,6,17.644
CZE,1151,USD,PER,DCU,_T,6,182.827
CZE,1151,USD,PER,_T,_T,6,200.471
CZE,1151,USD,_T,DCP,_T,6,17.644
CZE,1151,USD,_T,DCU,_T,6,182.827
CZE,1151,USD,_T,_T,_T,6,200.471
CZE,1171,USD,PER,DCP,_T,6,2761.431
CZE,1171,USD,PER,DCU,_T,6,585.961
CZE,1171,USD,PER,_T,_T,6,3347.391
CZE,1171,USD,_T,DCP,_T,6,2761.431
CZE,1171,USD,_T,DCU,_T,6,585.961
CZE,1171,USD,_T,_T,_T,6,3347.391
CZE,1172,USD,PER,DCP,_T,6,-2.679
CZE,1172,USD,PER,DCU,_T,6,7.358
CZE,1172,USD,PER,_T,_T,6,4.679
CZE,1172,USD,_T,DCP,_T,6,-2.679
CZE,1172,USD,_T,DCU,_T,6,7.358
CZE,1172,USD,_T,_T,_T,6,4.679
CZE,1210,USD,PER,DCP,_T,6,3839.833
CZE,1210,USD,PER,DCU,_T,6,1304.108
CZE,1210,USD,PER,_T,_T,6,5143.94
CZE,1210,USD,_T,DCP,_T,6,3839.833
CZE,1210,USD,_T,DCU,_T,6,1304.108
CZE,1210,USD,_T,_T,_T,6,5143.94
CZE,1215,USD,PER,DCP,_T,6,15396.663
CZE,1215,USD,PER,DCU,_T,6,863.524
CZE,1215,USD,PER,_T,_T,6,16260.187
CZE,1215,USD,_T,DCP,_T,6,15396.663
CZE,1215,USD,_T,DCU,_T,6,863.524
CZE,1215,USD,_T,_T,_T,6,16260.187
CZE,1220,USD,PER,DCP,_T,6,13717.639
CZE,1220,USD,PER,DCU,_T,6,625.623
CZE,1220,USD,PER,_T,_T,6,14343.262
CZE,1220,USD,_T,DCP,_T,6,13717.639
CZE,1220,USD,_T,DCU,_T,6,625.623
CZE,1220,USD,_T,_T,_T,6,14343.262
CZE,1230,USD,PER,DCP,_T,6,1679.024
CZE,1230,USD,PER,DCU,_T,6,237.9
CZE,1230,USD,PER,_T,_T,6,1916.924
CZE,1230,USD,_T,DCP,_T,6,1679.024
CZE,1230,USD,_T,DCU,_T,6,237.9
CZE,1230,USD,_T,_T,_T,6,1916.924
CZE,1245,USD,PER,DCP,_T,6,27.679
CZE,1245,USD,PER,DCU,_T,6,201.756
CZE,1245,USD,PER,_T,_T,6,229.434
CZE,1245,USD,_T,DCP,_T,6,27.679
CZE,1245,USD,_T,DCU,_T,6,201.756
CZE,1245,USD,_T,_T,_T,6,229.434
CZE,1260,USD,PER,DCP,_T,6,81.105
CZE,1260,USD,PER,DCU,_T,6,0
CZE,1260,USD,PER,_T,_T,6,81.105
CZE,1260,USD,_T,DCP,_T,6,81.105
CZE,1260,USD,_T,DCU,_T,6,0
CZE,1260,USD,_T,_T,_T,6,81.105
CZE,1270,USD,PER,DCP,_T,6,257.376
CZE,1270,USD,PER,DCU,_T,6,310.374
CZE,1270,USD,PER,_T,_T,6,567.749
CZE,1270,USD,_T,DCP,_T,6,257.376
CZE,1270,USD,_T,DCU,_T,6,310.374
CZE,1270,USD,_T,_T,_T,6,567.749
CZE,1289,USD,PER,DCP,_T,6,77.592
CZE,1289,USD,PER,DCU,_T,6,1.061
CZE,1289,USD,PER,_T,_T,6,78.653
CZE,1289,USD,_T,DCP,_T,6,77.592
CZE,1289,USD,_T,DCU,_T,6,1.061
CZE,1289,USD,_T,_T,_T,6,78.653
CZE,1290,USD,PER,DCP,_T,6,65.803
CZE,1290,USD,PER,DCU,_T,6,18.218
CZE,1290,USD,PER,_T,_T,6,84.021
CZE,1290,USD,_T,DCP,_T,6,65.803
CZE,1290,USD,_T,DCU,_T,6,18.218
CZE,1290,USD,_T,_T,_T,6,84.021
CZE,2000,USD,PER,DCP,PF,6,19746.049
CZE,2000,USD,PER,DCP,_T,6,19746.049
CZE,2000,USD,PER,DCU,PF,6,2699.04
CZE,2000,USD,PER,DCU,_T,6,2699.04
CZE,2000,USD,PER,_T,PF,6,22445.09
CZE,2000,USD,PER,_T,_T,6,22445.09
CZE,2000,USD,_T,DCP,PF,6,19746.049
CZE,2000,USD,_T,DCP,_T,6,19746.049
CZE,2000,USD,_T,DCU,PF,6,2699.04
CZE,2000,USD,_T,DCU,_T,6,2699.04
CZE,2000,USD,_T,_T,PF,6,22445.09
CZE,2000,USD,_T,_T,_T,6,22445.09
CZE,2100,USD,PER,DCP,_T,6,465.279
CZE,2100,USD,PER,DCU,_T,6,2656.715
CZE,2100,USD,PER,_T,_T,6,3121.994
CZE,2100,USD,_T,DCP,_T,6,465.279
CZE,2100,USD,_T,DCU,_T,6,2656.715
CZE,2100,USD,_T,_T,_T,6,3121.994
CZE,2200,USD,PER,DCP,_T,6,20.961
CZE,2200,USD,PER,DCU,_T,6,0
CZE,2200,USD,PER,_T,_T,6,20.961
CZE,2200,USD,_T,DCP,_T,6,20.961
CZE,2200,USD,_T,DCU,_T,6,0
CZE,2200,USD,_T,_T,_T,6,20.961
CZE,2300,USD,PER,DCP,_T,6,19259.81
CZE,2300,USD,PER,DCU,_T,6,42.325
CZE,2300,USD,PER,_T,_T,6,19302.134
CZE,2300,USD,_T,DCP,_T,6,19259.81
CZE,2300,USD,_T,DCU,_T,6,42.325
CZE,2300,USD,_T,_T,_T,6,19302.134
CZE,3000,USD,PER,DCP,_T,6,228.514
CZE,3000,USD,PER,DCU,_T,6,143.053
CZE,3000,USD,PER,_T,_T,6,371.567
CZE,3000,USD,_T,DCP,_T,6,228.514
CZE,3000,USD,_T,DCU,_T,6,143.053
CZE,3000,USD,_T,_T,_T,6,371.567
CZE,3010,USD,PER,DCP,_T,6,422.102
CZE,3010,USD,PER,DCU,_T,6,164.546
CZE,3010,USD,PER,_T,_T,6,586.647
CZE,3010,USD,_T,DCP,_T,6,422.102
CZE,3010,USD,_T,DCU,_T,6,164.546
CZE,3010,USD,_T,_T,_T,6,586.647
CZE,3100,PT_B1GQ,PER,DCP,_T,0,0.639
CZE,3100,PT_B1GQ,PER,DCU,_T,0,0.213
CZE,3100,PT_B1GQ,PER,_T,_T,0,0.852
CZE,3100,PT_B1GQ,_T,DCP,_T,0,0.639
CZE,3100,PT_B1GQ,_T,DCU,_T,0,0.213
CZE,3100,PT_B1GQ,_T,_T,_T,0,0.852
CZE,3100,USD,PER,DCP,_T,6,1639.983
CZE,3100,USD,PER,DCU,_T,6,548.238
CZE,3100,USD,PER,_T,_T,6,2188.222
CZE,3100,USD,_T,DCP,_T,6,1639.983
CZE,3100,USD,_T,DCU,_T,6,548.238
CZE,3100,USD,_T,_T,_T,6,2188.222
CZE,3200,USD,PER,DCP,_T,6,383.771
CZE,3200,USD,PER,DCU,_T,6,112.247
CZE,3200,USD,PER,_T,_T,6,496.017
CZE,3200,USD,_T,DCP,_T,6,383.771
CZE,3200,USD,_T,DCU,_T,6,112.247
CZE,3200,USD,_T,_T,_T,6,496.017
CZE,3300,USD,PER,DCP,_T,6,1256.213
CZE,3300,USD,PER,DCU,_T,6,435.992
CZE,3300,USD,PER,_T,_T,6,1692.204
CZE,3300,USD,_T,DCP,_T,6,1256.213
CZE,3300,USD,_T,DCU,_T,6,435.992
CZE,3300,USD,_T,_T,_T,6,1692.204
CZE,3400,USD,PER,DCP,_T,6,7.499
CZE,3400,USD,PER,DCU,_T,6,0.074
CZE,3400,USD,PER,_T,_T,6,7.573
CZE,3400,USD,_T,DCP,_T,6,7.499
CZE,3400,USD,_T,DCU,_T,6,0.074
CZE,3400,USD,_T,_T,_T,6,7.573
CZE,4000,PT_B1GQ,PER,DCP,_T,0,0.318
CZE,4000,PT_B1GQ,PER,DCU,_T,0,0.079
CZE,4000,PT_B1GQ,PER,_T,_T,0,0.396
CZE,4000,PT_B1GQ,_T,DCP,_T,0,0.318
CZE,4000,PT_B1GQ,_T,DCU,_T,0,0.079
CZE,4000,PT_B1GQ,_T,_T,_T,0,0.396
CZE,4000,USD,PER,DCP,_T,6,815.399
CZE,4000,USD,PER,DCU,_T,6,202.622
CZE,4000,USD,PER,_T,_T,6,1018.021
CZE,4000,USD,_T,DCP,_T,6,815.399
CZE,4000,USD,_T,DCU,_T,6,202.622
CZE,4000,USD,_T,_T,_T,6,1018.021
CZE,4100,USD,PER,DCP,_T,6,738.525
CZE,4100,USD,PER,DCU,_T,6,168.939
CZE,4100,USD,PER,_T,_T,6,907.464
CZE,4100,USD,_T,DCP,_T,6,738.525
CZE,4100,USD,_T,DCU,_T,6,168.939
CZE,4100,USD,_T,_T,_T,6,907.464
CZE,4200,USD,PER,DCP,_T,6,76.874
CZE,4200,USD,PER,DCU,_T,6,33.684
CZE,4200,USD,PER,_T,_T,6,110.558
CZE,4200,USD,_T,DCP,_T,6,76.874
CZE,4200,USD,_T,DCU,_T,6,33.684
CZE,4200,USD,_T,_T,_T,6,110.558
CZE,4410,USD,PER,DCP,_T,6,193.588
CZE,4410,USD,PER,DCU,_T,6,21.493
CZE,4410,USD,PER,_T,_T,6,215.081
CZE,4410,USD,_T,DCP,_T,6,193.588
CZE,4410,USD,_T,DCU,_T,6,21.493
CZE,4410,USD,_T,_T,_T,6,215.081
CZE,4500,USD,PER,DCP,_T,6,5.909
CZE,4500,USD,PER,DCU,_T,6,0.219
CZE,4500,USD,PER,_T,_T,6,6.127
CZE,4500,USD,_T,DCP,_T,6,5.909
CZE,4500,USD,_T,DCU,_T,6,0.219
CZE,4500,USD,_T,_T,_T,6,6.127
CZE,5000,PS,PER,DCP,PF,3,3327.507
CZE,5000,PS,PER,DCP,_T,3,3327.507
CZE,5000,PS,PER,DCU,PF,3,1128.131
CZE,5000,PS,PER,DCU,_T,3,1128.131
CZE,5000,PS,PER,_T,PF,3,4455.638
CZE,5000,PS,PER,_T,_T,3,4455.638
CZE,5000,PS,_T,DCP,PF,3,3327.507
CZE,5000,PS,_T,DCP,_T,3,3327.507
CZE,5000,PS,_T,DCU,PF,3,1128.131
CZE,5000,PS,_T,DCU,_T,3,1128.131
CZE,5000,PS,_T,_T,PF,3,4455.638
CZE,5000,PS,_T,_T,_T,3,4455.638
CZE,5010,PS,PER,DCP,_T,3,1584.719
CZE,5010,PS,PER,DCU,_T,3,523.037
CZE,5010,PS,PER,_T,_T,3,2107.756
CZE,5010,PS,_T,DCP,_T,3,1584.719
CZE,5010,PS,_T,DCU,_T,3,523.037
CZE,5010,PS,_T,_T,_T,3,2107.756
CZE,5020,PS,PER,DCP,_T,3,1742.788
CZE,5020,PS,PER,DCU,_T,3,605.094
CZE,5020,PS,PER,_T,_T,3,2347.882
CZE,5020,PS,_T,DCP,_T,3,1742.788
CZE,5020,PS,_T,DCU,_T,3,605.094
CZE,5020,PS,_T,_T,_T,3,2347.882
CZE,5100,PS,PER,DCP,PF,3,3327.507
CZE,5100,PS,PER,DCP,_T,3,3327.507
CZE,5100,PS,PER,DCU,PF,3,1128.131
CZE,5100,PS,PER,DCU,_T,3,1128.131
CZE,5100,PS,PER,_T,PF,3,4455.638
CZE,5100,PS,PER,_T,_T,3,4455.638
CZE,5100,PS,_T,DCP,PF,3,3327.507
CZE,5100,PS,_T,DCP,_T,3,3327.507
CZE,5100,PS,_T,DCU,PF,3,1128.131
CZE,5100,PS,_T,DCU,_T,3,1128.131
CZE,5100,PS,_T,_T,PF,3,4455.638
CZE,5100,PS,_T,_T,_T,3,4455.638
CZE,5200,PS,PER,DCP,PF,3,15.818
CZE,5200,PS,PER,DCP,_T,3,15.818
CZE,5200,PS,PER,DCU,PF,3,0.046
CZE,5200,PS,PER,DCU,_T,3,0.046
CZE,5200,PS,PER,_T,PF,3,15.864
CZE,5200,PS,PER,_T,_T,3,15.864
CZE,5200,PS,_T,DCP,PF,3,15.818
CZE,5200,PS,_T,DCP,_T,3,15.818
CZE,5200,PS,_T,DCU,PF,3,0.046
CZE,5200,PS,_T,DCU,_T,3,0.046
CZE,5200,PS,_T,_T,PF,3,15.864
CZE,5200,PS,_T,_T,_T,3,15.864
CZE,PA,PT_B1GQ,PER,_T,_T,0,8.622
DEU,1000,PT_B1GQ,_T,_T,PF,0,7.311
DEU,1000,PT_B1GQ,_T,_T,_T,0,7.311
DEU,1000,USD,_T,_T,PF,6,290520.381
DEU,1000,USD,_T,_T,_T,6,290520.381
DEU,1210,USD,_T,_T,_T,6,4284.49
DEU,1215,USD,_T,_T,_T,6,86205.481
DEU,1240,USD,_T,_T,_T,6,23844.757
DEU,1245,USD,_T,_T,_T,6,923.996
DEU,1260,USD,_T,_T,_T,6,8701.046
DEU,1270,USD,_T,_T,_T,6,149889.57
DEU,1272,USD,_T,_T,_T,6,7113.244
DEU,1274,USD,_T,_T,_T,6,55789.396
DEU,1276,USD,_T,_T,_T,6,16570.08
DEU,1277,USD,_T,_T,_T,6,10848.897
DEU,1278,USD,_T,_T,_T,6,59567.94
DEU,1284,USD,_T,_T,_T,6,375.474
DEU,1286,USD,_T,_T,_T,6,2750.173
DEU,1289,USD,_T,_T,_T,6,66.269
DEU,1290,USD,_T,_T,_T,6,13479.124
DEU,2000,USD,_T,_T,PF,6,268845.527
DEU,2000,USD,_T,_T,_T,6,268845.527
DEU,2100,USD,_T,_T,_T,6,27519.466
DEU,2200,USD,_T,_T,_T,6,223698.547
DEU,2300,USD,_T,_T,_T,6,17627.526
DEU,3000,USD,_T,_T,_T,6,12956.981
DEU,3010,USD,_T,_T,_T,6,13256.989
DEU,3100,PT_B1GQ,_T,_T,_T,0,0.267
DEU,3100,USD,_T,_T,_T,6,10585.049
DEU,4000,PT_B1GQ,_T,_T,_T,0,0.32
DEU,4000,USD,_T,_T,_T,6,12658.686
DEU,4410,USD,_T,_T,_T,6,300.008
DEU,4420,USD,_T,_T,_T,6,262.618
DEU,4500,USD,_T,_T,_T,6,144.2
DEU,5000,PS,_T,_T,PF,3,10578.3
DEU,5000,PS,_T,_T,_T,3,10578.3
DEU,5010,PS,_T,_T,_T,3,6836.91
DEU,5020,PS,_T,_T,_T,3,3741.39
DEU,5100,PS,_T,_T,PF,3,9059.29
DEU,5100,PS,_T,_T,_T,3,9059.29
DEU,5200,PS,_T,_T,PF,3,3422.99
DEU,5200,PS,_T,_T,_T,3,3422.99
DEU,5300,PS,_T,_T,PF,3,1519.01
DEU,5300,PS,_T,_T,_T,3,1519.01
DEU,5400,PS,_T,_T,_T,3,261.78
DNK,1000,PT_B1GQ,OCC,DB,PF,0,2.939
DNK,1000,PT_B1GQ,OCC,DB,_T,0,2.939
DNK,1000,PT_B1GQ,OCC,DCP,PIC,0,84.503
DNK,1000,PT_B1GQ,OCC,DCP,_T,0,84.503
DNK,1000,PT_B1GQ,OCC,DCU,PIC,0,69.981
DNK,1000,PT_B1GQ,OCC,DCU,_T,0,69.981
DNK,1000,PT_B1GQ,OCC,_T,PF,0,2.939
DNK,1000,PT_B1GQ,OCC,_T,PIC,0,154.484
DNK,1000,PT_B1GQ,OCC,_T,_T,0,157.423
DNK,1000,PT_B1GQ,PER,DCP,PF,0,46.162
DNK,1000,PT_B1GQ,PER,DCP,_T,0,46.162
DNK,1000,PT_B1GQ,PER,DCU,BANK,0,17.177
DNK,1000,PT_B1GQ,PER,DCU,_T,0,17.177
DNK,1000,PT_B1GQ,PER,_T,BANK,0,17.177
DNK,1000,PT_B1GQ,PER,_T,PF,0,46.162
DNK,1000,PT_B1GQ,PER,_T,_T,0,63.339
DNK,1000,PT_B1GQ,_T,DB,PF,0,2.939
DNK,1000,PT_B1GQ,_T,DB,_T,0,2.939
DNK,1000,PT_B1GQ,_T,DCP,PF,0,46.162
DNK,1000,PT_B1GQ,_T,DCP,PIC,0,84.503
DNK,1000,PT_B1GQ,_T,DCP,_T,0,130.665
DNK,1000,PT_B1GQ,_T,DCU,BANK,0,17.177
DNK,1000,PT_B1GQ,_T,DCU,PIC,0,69.981
DNK,1000,PT_B1GQ,_T,DCU,_T,0,87.158
DNK,1000,PT_B1GQ,_T,_T,BANK,0,17.177
DNK,1000,PT_B1GQ,_T,_T,OTH,0,17.177
DNK,1000,PT_B1GQ,_T,_T,PF,0,49.102
DNK,1000,PT_B1GQ,_T,_T,PIC,0,154.484
DNK,1000,PT_B1GQ,_T,_T,_T,0,220.762
DNK,1000,USD,OCC,DB,PF,6,10142.756
DNK,1000,USD,OCC,DB,_T,6,10142.756
DNK,1000,USD,OCC,DCP,PIC,6,291590.919
DNK,1000,USD,OCC,DCP,_T,6,291590.919
DNK,1000,USD,OCC,DCU,PIC,6,241482.059
DNK,1000,USD,OCC,DCU,_T,6,241482.059
DNK,1000,USD,OCC,_T,PF,6,10142.756
DNK,1000,USD,OCC,_T,PIC,6,533072.978
DNK,1000,USD,OCC,_T,_T,6,543215.734
DNK,1000,USD,PER,DCP,PF,6,159291.084
DNK,1000,USD,PER,DCP,_T,6,159291.084
DNK,1000,USD,PER,DCU,BANK,6,59270.644
DNK,1000,USD,PER,DCU,_T,6,59270.644
DNK,1000,USD,PER,_T,BANK,6,59270.644
DNK,1000,USD,PER,_T,PF,6,159291.084
DNK,1000,USD,PER,_T,_T,6,218561.728
DNK,1000,USD,_T,DB,PF,6,10142.756
DNK,1000,USD,_T,DB,_T,6,10142.756
DNK,1000,USD,_T,DCP,PF,6,159291.084
DNK,1000,USD,_T,DCP,PIC,6,291590.919
DNK,1000,USD,_T,DCP,_T,6,450882.003
DNK,1000,USD,_T,DCU,BANK,6,59270.644
DNK,1000,USD,_T,DCU,PIC,6,241482.059
DNK,1000,USD,_T,DCU,_T,6,300752.703
DNK,1000,USD,_T,_T,BANK,6,59270.644
DNK,1000,USD,_T,_T,OTH,6,59270.644
DNK,1000,USD,_T,_T,PF,6,169433.84
DNK,1000,USD,_T,_T,PIC,6,533072.978
DNK,1000,USD,_T,_T,_T,6,761777.461
DNK,1121,USD,OCC,DCP,_T,6,130503.107
DNK,1121,USD,OCC,DCU,_T,6,84129.582
DNK,1121,USD,PER,DCP,_T,6,52863.205
DNK,1121,USD,_T,DCP,_T,6,183366.312
DNK,1121,USD,_T,DCU,_T,6,84129.582
DNK,1122,USD,OCC,DB,_T,6,0
DNK,1122,USD,_T,DB,_T,6,0
DNK,1141,USD,OCC,DCP,_T,6,47668.879
DNK,1141,USD,OCC,DCU,_T,6,21209.489
DNK,1141,USD,PER,DCP,_T,6,40325.966
DNK,1141,USD,_T,DCP,_T,6,87994.845
DNK,1141,USD,_T,DCU,_T,6,21209.489
DNK,1151,USD,OCC,DB,_T,6,479.491
DNK,1151,USD,OCC,DCP,_T,6,262.282
DNK,1151,USD,_T,DB,_T,6,479.491
DNK,1151,USD,_T,DCP,_T,6,262.282
DNK,1161,USD,OCC,DB,_T,6,0
DNK,1161,USD,_T,DB,_T,6,0
DNK,1171,USD,OCC,DB,_T,6,0
DNK,1171,USD,_T,DB,_T,6,0
DNK,1172,USD,OCC,DB,_T,6,0
DNK,1172,USD,_T,DB,_T,6,0
DNK,1210,USD,OCC,DB,_T,6,139.207
DNK,1210,USD,OCC,DCP,_T,6,3491.785
DNK,1210,USD,OCC,DCU,_T,6,2694.301
DNK,1210,USD,OCC,_T,_T,6,6325.292
DNK,1210,USD,PER,DCP,_T,6,296.629
DNK,1210,USD,_T,DB,_T,6,139.207
DNK,1210,USD,_T,DCP,_T,6,3788.414
DNK,1210,USD,_T,DCU,_T,6,2694.301
DNK,1215,USD,OCC,DB,_T,6,5155.706
DNK,1215,USD,OCC,DCP,_T,6,112423.747
DNK,1215,USD,OCC,DCU,_T,6,47820.109
DNK,1215,USD,OCC,_T,_T,6,165399.562
DNK,1215,USD,PER,DCP,_T,6,94809.014
DNK,1215,USD,_T,DB,_T,6,5155.706
DNK,1215,USD,_T,DCP,_T,6,207232.761
DNK,1215,USD,_T,DCU,_T,6,47820.109
DNK,1220,USD,OCC,DB,_T,6,958.21
DNK,1220,USD,OCC,DCP,_T,6,40350.451
DNK,1220,USD,PER,DCP,_T,6,72808.611
DNK,1220,USD,_T,DB,_T,6,958.21
DNK,1220,USD,_T,DCP,_T,6,113159.062
DNK,1230,USD,OCC,DB,_T,6,4197.495
DNK,1230,USD,OCC,DCP,_T,6,14330.251
DNK,1230,USD,PER,DCP,_T,6,22000.403
DNK,1230,USD,_T,DB,_T,6,4197.495
DNK,1230,USD,_T,DCP,_T,6,36330.654
DNK,1240,USD,OCC,DB,_T,6,442.739
DNK,1240,USD,OCC,DCP,_T,6,4288.569
DNK,1240,USD,OCC,DCU,_T,6,2834.22
DNK,1240,USD,OCC,_T,_T,6,7565.529
DNK,1240,USD,PER,DCP,_T,6,1140.868
DNK,1240,USD,_T,DB,_T,6,442.739
DNK,1240,USD,_T,DCP,_T,6,5429.437
DNK,1240,USD,_T,DCU,_T,6,2834.22
DNK,1245,USD,OCC,DB,_T,6,711.119
DNK,1245,USD,OCC,DCP,_T,6,99070.4
DNK,1245,USD,OCC,DCU,_T,6,65548.238
DNK,1245,USD,OCC,_T,_T,6,165329.758
DNK,1245,USD,PER,DCP,_T,6,35706.689
DNK,1245,USD,_T,DB,_T,6,711.119
DNK,1245,USD,_T,DCP,_T,6,134777.09
DNK,1245,USD,_T,DCU,_T,6,65548.238
DNK,1260,USD,OCC,DB,_T,6,239.539
DNK,1260,USD,OCC,DCP,_T,6,904.074
DNK,1260,USD,OCC,DCU,_T,6,580.946
DNK,1260,USD,OCC,_T,_T,6,1724.559
DNK,1260,USD,PER,DCP,_T,6,130.806
DNK,1260,USD,_T,DB,_T,6,239.539
DNK,1260,USD,_T,DCP,_T,6,1034.879
DNK,1260,USD,_T,DCU,_T,6,580.946
DNK,1270,USD,OCC,DB,_T,6,1772.066
DNK,1270,USD,OCC,DCP,_T,6,10306.189
DNK,1270,USD,OCC,DCU,_T,6,7732.361
DNK,1270,USD,OCC,_T,_T,6,19810.616
DNK,1270,USD,_T,DB,_T,6,1772.066
DNK,1270,USD,_T,DCP,_T,6,10306.189
DNK,1270,USD,_T,DCU,_T,6,7732.361
DNK,1280,USD,OCC,DB,_T,6,0
DNK,1280,USD,_T,DB,_T,6,0
DNK,1284,USD,OCC,DB,_T,6,0
DNK,1284,USD,_T,DB,_T,6,0
DNK,1286,USD,OCC,DB,_T,6,0
DNK,1286,USD,_T,DB,_T,6,0
DNK,1289,USD,OCC,DB,_T,6,0
DNK,1289,USD,_T,DB,_T,6,0
DNK,1290,USD,OCC,DB,_T,6,1682.381
DNK,1290,USD,OCC,DCP,_T,6,152892.621
DNK,1290,USD,OCC,DCU,_T,6,114271.884
DNK,1290,USD,OCC,_T,_T,6,268846.886
DNK,1290,USD,PER,DCP,_T,6,25572.995
DNK,1290,USD,_T,DB,_T,6,1682.381
DNK,1290,USD,_T,DCP,_T,6,178465.616
DNK,1290,USD,_T,DCU,_T,6,114271.884
DNK,2000,USD,OCC,DB,PF,6,10142.756
DNK,2000,USD,OCC,DB,_T,6,10142.756
DNK,2000,USD,OCC,DCP,PIC,6,449113.313
DNK,2000,USD,OCC,DCP,_T,6,449113.313
DNK,2000,USD,OCC,DCU,PIC,6,241482.059
DNK,2000,USD,OCC,DCU,_T,6,241482.059
DNK,2000,USD,OCC,_T,PF,6,10142.756
DNK,2000,USD,OCC,_T,PIC,6,690595.372
DNK,2000,USD,OCC,_T,_T,6,700738.128
DNK,2000,USD,PER,DCP,PF,6,159291.084
DNK,2000,USD,PER,DCP,_T,6,159291.084
DNK,2000,USD,PER,DCU,BANK,6,59270.644
DNK,2000,USD,PER,DCU,_T,6,59270.644
DNK,2000,USD,PER,_T,BANK,6,59270.644
DNK,2000,USD,PER,_T,PF,6,159291.084
DNK,2000,USD,PER,_T,_T,6,218561.728
DNK,2000,USD,_T,DB,PF,6,10142.756
DNK,2000,USD,_T,DB,_T,6,10142.756
DNK,2000,USD,_T,DCP,PF,6,159291.084
DNK,2000,USD,_T,DCP,PIC,6,449113.313
DNK,2000,USD,_T,DCP,_T,6,608404.397
DNK,2000,USD,_T,DCU,BANK,6,59270.644
DNK,2000,USD,_T,DCU,PIC,6,241482.059
DNK,2000,USD,_T,DCU,_T,6,300752.703
DNK,2000,USD,_T,_T,BANK,6,59270.644
DNK,2000,USD,_T,_T,OTH,6,59270.644
DNK,2000,USD,_T,_T,PF,6,169433.84
DNK,2000,USD,_T,_T,PIC,6,533072.978
DNK,2000,USD,_T,_T,_T,6,761777.461
DNK,2100,USD,OCC,DB,_T,6,1224.477
DNK,2100,USD,OCC,DCP,_T,6,18656.092
DNK,2100,USD,OCC,DCU,_T,6,14895.421
DNK,2100,USD,OCC,_T,_T,6,34775.991
DNK,2100,USD,_T,DB,_T,6,1224.477
DNK,2100,USD,_T,DCP,_T,6,18656.092
DNK,2100,USD,_T,DCU,_T,6,14895.421
DNK,2100,USD,_T,_T,_T,6,34106.202
DNK,2200,USD,OCC,DB,_T,6,6267.403
DNK,2200,USD,OCC,DCP,_T,6,312925.526
DNK,2200,USD,OCC,DCU,_T,6,196211.675
DNK,2200,USD,OCC,_T,_T,6,515404.604
DNK,2200,USD,PER,DCP,_T,6,132657.436
DNK,2200,USD,PER,_T,_T,6,132657.436
DNK,2200,USD,_T,DB,_T,6,6267.403
DNK,2200,USD,_T,DCP,_T,6,445582.962
DNK,2200,USD,_T,DCU,_T,6,196211.675
DNK,2200,USD,_T,_T,_T,6,572063.195
DNK,2300,USD,OCC,DB,_T,6,2638.155
DNK,2300,USD,OCC,DCP,_T,6,117531.695
DNK,2300,USD,OCC,DCU,_T,6,30374.962
DNK,2300,USD,OCC,_T,_T,6,150544.812
DNK,2300,USD,PER,DCP,_T,6,26633.648
DNK,2300,USD,PER,DCU,_T,6,59270.644
DNK,2300,USD,PER,_T,_T,6,85904.292
DNK,2300,USD,_T,DB,_T,6,2638.155
DNK,2300,USD,_T,DCP,_T,6,144165.343
DNK,2300,USD,_T,DCU,_T,6,89645.606
DNK,2300,USD,_T,_T,_T,6,155595.343
DNK,3000,USD,OCC,DB,_T,6,732.376
DNK,3000,USD,OCC,DCP,_T,6,39231.072
DNK,3000,USD,OCC,DCU,_T,6,23359.069
DNK,3000,USD,OCC,_T,_T,6,63322.517
DNK,3000,USD,PER,DCP,_T,6,19422.774
DNK,3000,USD,_T,DB,_T,6,732.376
DNK,3000,USD,_T,DCP,_T,6,58653.845
DNK,3000,USD,_T,DCU,_T,6,23359.069
DNK,3010,USD,OCC,DB,_T,6,741.019
DNK,3010,USD,OCC,DCP,_T,6,39723.404
DNK,3010,USD,OCC,DCU,_T,6,23726.572
DNK,3010,USD,OCC,_T,_T,6,64190.996
DNK,3010,USD,PER,DCP,_T,6,19502.924
DNK,3010,USD,_T,DB,_T,6,741.019
DNK,3010,USD,_T,DCP,_T,6,59226.329
DNK,3010,USD,_T,DCU,_T,6,23726.572
DNK,3100,PT_B1GQ,OCC,DB,_T,0,0.005
DNK,3100,PT_B1GQ,OCC,DCP,_T,0,4.507
DNK,3100,PT_B1GQ,OCC,DCU,_T,0,3.532
DNK,3100,PT_B1GQ,OCC,_T,_T,0,8.045
DNK,3100,PT_B1GQ,PER,DCP,_T,0,0.437
DNK,3100,PT_B1GQ,_T,DB,_T,0,0.005
DNK,3100,PT_B1GQ,_T,DCP,_T,0,4.944
DNK,3100,PT_B1GQ,_T,DCU,_T,0,3.532
DNK,3100,USD,OCC,DB,_T,6,18.709
DNK,3100,USD,OCC,DCP,_T,6,15568.448
DNK,3100,USD,OCC,DCU,_T,6,12201.198
DNK,3100,USD,OCC,_T,_T,6,27788.355
DNK,3100,USD,PER,DCP,_T,6,1508.592
DNK,3100,USD,_T,DB,_T,6,18.709
DNK,3100,USD,_T,DCP,_T,6,17077.04
DNK,3100,USD,_T,DCU,_T,6,12201.198
DNK,3200,USD,OCC,DB,_T,6,17.194
DNK,3200,USD,OCC,DCP,_T,6,559.538
DNK,3200,USD,PER,DCP,_T,6,1005.728
DNK,3200,USD,_T,DB,_T,6,17.194
DNK,3200,USD,_T,DCP,_T,6,1565.267
DNK,3300,USD,OCC,DB,_T,6,1.515
DNK,3300,USD,OCC,DCP,_T,6,275.896
DNK,3300,USD,PER,DCP,_T,6,502.864
DNK,3300,USD,_T,DB,_T,6,1.515
DNK,3300,USD,_T,DCP,_T,6,778.76
DNK,3400,USD,OCC,DB,_T,6,0
DNK,3400,USD,OCC,DCP,_T,6,337.411
DNK,3400,USD,OCC,DCU,_T,6,113.003
DNK,3400,USD,PER,DCP,_T,6,367.384
DNK,3400,USD,_T,DB,_T,6,0
DNK,3400,USD,_T,DCP,_T,6,704.794
DNK,3400,USD,_T,DCU,_T,6,113.003
DNK,4000,PT_B1GQ,OCC,DB,_T,0,0.087
DNK,4000,PT_B1GQ,OCC,DCP,_T,0,3.289
DNK,4000,PT_B1GQ,OCC,DCU,_T,0,2.349
DNK,4000,PT_B1GQ,OCC,_T,_T,0,5.724
DNK,4000,PT_B1GQ,PER,DCP,_T,0,0.74
DNK,4000,PT_B1GQ,_T,DB,_T,0,0.087
DNK,4000,PT_B1GQ,_T,DCP,_T,0,4.029
DNK,4000,PT_B1GQ,_T,DCU,_T,0,2.349
DNK,4000,USD,OCC,DB,_T,6,300.052
DNK,4000,USD,OCC,DCP,_T,6,11358.6
DNK,4000,USD,OCC,DCU,_T,6,8112.389
DNK,4000,USD,OCC,_T,_T,6,19771.04
DNK,4000,USD,PER,DCP,_T,6,2557.07
DNK,4000,USD,_T,DB,_T,6,300.052
DNK,4000,USD,_T,DCP,_T,6,13915.67
DNK,4000,USD,_T,DCU,_T,6,8112.389
DNK,4100,USD,OCC,DB,_T,6,0
DNK,4100,USD,OCC,DCP,_T,6,5991.645
DNK,4100,USD,OCC,DCU,_T,6,4962.003
DNK,4100,USD,OCC,_T,_T,6,10953.648
DNK,4100,USD,_T,DB,_T,6,0
DNK,4100,USD,_T,DCP,_T,6,5991.645
DNK,4100,USD,_T,DCU,_T,6,4962.003
DNK,4200,USD,OCC,DB,_T,6,300.052
DNK,4200,USD,OCC,DCP,_T,6,5366.954
DNK,4200,USD,OCC,DCU,_T,6,3150.386
DNK,4200,USD,OCC,_T,_T,6,8817.392
DNK,4200,USD,PER,DCP,_T,6,2557.07
DNK,4200,USD,_T,DB,_T,6,300.052
DNK,4200,USD,_T,DCP,_T,6,7924.025
DNK,4200,USD,_T,DCU,_T,6,3150.386
DNK,4300,USD,OCC,DB,_T,6,0
DNK,4300,USD,_T,DB,_T,6,0
DNK,4310,USD,OCC,DB,_T,6,0
DNK,4310,USD,_T,DB,_T,6,0
DNK,4410,USD,OCC,DB,_T,6,8.643
DNK,4410,USD,OCC,DCP,_T,6,492.333
DNK,4410,USD,OCC,DCU,_T,6,367.503
DNK,4410,USD,OCC,_T,_T,6,868.479
DNK,4410,USD,PER,DCP,_T,6,80.151
DNK,4410,USD,_T,DB,_T,6,8.643
DNK,4410,USD,_T,DCP,_T,6,572.483
DNK,4410,USD,_T,DCU,_T,6,367.503
DNK,4420,USD,OCC,DB,_T,6,4.275
DNK,4420,USD,OCC,DCP,_T,6,419.871
DNK,4420,USD,OCC,DCU,_T,6,329.96
DNK,4420,USD,OCC,_T,_T,6,754.106
DNK,4420,USD,PER,DCP,_T,6,34.924
DNK,4420,USD,_T,DB,_T,6,4.275
DNK,4420,USD,_T,DCP,_T,6,454.795
DNK,4420,USD,_T,DCU,_T,6,329.96
DNK,4500,USD,OCC,DB,_T,6,0
DNK,4500,USD,OCC,DCP,_T,6,366.994
DNK,4500,USD,OCC,DCU,_T,6,137.602
DNK,4500,USD,OCC,_T,_T,6,504.596
DNK,4500,USD,PER,DCP,_T,6,367.163
DNK,4500,USD,_T,DB,_T,6,0
DNK,4500,USD,_T,DCP,_T,6,734.156
DNK,4500,USD,_T,DCU,_T,6,137.602
DNK,5000,PS,_T,_T,PF,3,12.13
DNK,5000,PS,_T,_T,PIC,3,6265.49
DNK,5100,PS,_T,_T,PF,3,2.099
DNK,5300,PS,_T,_T,PF,3,10.031
DNK,OA,PT_B1GQ,OCC,_T,_T,0,157.423
DNK,PA,PT_B1GQ,PER,_T,_T,0,63.339
DOM,1000,PT_B1GQ,OCC,DBH,PF,0,0.835
DOM,1000,PT_B1GQ,OCC,DBH,_T,0,0.835
DOM,1000,PT_B1GQ,OCC,DCU,PF,0,0.003
DOM,1000,PT_B1GQ,OCC,DCU,_T,0,0.003
DOM,1000,PT_B1GQ,OCC,_T,PF,0,0.838
DOM,1000,PT_B1GQ,OCC,_T,_T,0,0.838
DOM,1000,PT_B1GQ,PER,DCU,PF,0,12.186
DOM,1000,PT_B1GQ,PER,DCU,_T,0,12.186
DOM,1000,PT_B1GQ,PER,_T,PF,0,12.186
DOM,1000,PT_B1GQ,PER,_T,_T,0,12.186
DOM,1000,PT_B1GQ,_T,DBH,PF,0,0.835
DOM,1000,PT_B1GQ,_T,DBH,_T,0,0.835
DOM,1000,PT_B1GQ,_T,DCU,PF,0,12.189
DOM,1000,PT_B1GQ,_T,DCU,_T,0,12.189
DOM,1000,PT_B1GQ,_T,_T,PF,0,13.024
DOM,1000,PT_B1GQ,_T,_T,_T,0,13.024
DOM,1000,USD,OCC,DBH,PF,6,721.238
DOM,1000,USD,OCC,DBH,_T,6,721.238
DOM,1000,USD,OCC,DCU,PF,6,2.217
DOM,1000,USD,OCC,DCU,_T,6,2.217
DOM,1000,USD,OCC,_T,PF,6,723.455
DOM,1000,USD,OCC,_T,_T,6,723.455
DOM,1000,USD,PER,DCU,PF,6,10522.119
DOM,1000,USD,PER,DCU,_T,6,10522.119
DOM,1000,USD,PER,_T,PF,6,10522.119
DOM,1000,USD,PER,_T,_T,6,10522.119
DOM,1000,USD,_T,DBH,PF,6,721.238
DOM,1000,USD,_T,DBH,_T,6,721.238
DOM,1000,USD,_T,DCU,PF,6,10524.336
DOM,1000,USD,_T,DCU,_T,6,10524.336
DOM,1000,USD,_T,_T,PF,6,11245.574
DOM,1000,USD,_T,_T,_T,6,11245.574
DOM,1210,USD,OCC,DBH,_T,6,0.035
DOM,1210,USD,OCC,DCU,_T,6,0.006
DOM,1210,USD,OCC,_T,_T,6,0.041
DOM,1210,USD,PER,DCU,_T,6,0.122
DOM,1210,USD,PER,_T,_T,6,0.122
DOM,1210,USD,_T,DBH,_T,6,0.035
DOM,1210,USD,_T,DCU,_T,6,0.128
DOM,1210,USD,_T,_T,_T,6,0.163
DOM,1215,USD,OCC,DBH,_T,6,721.203
DOM,1215,USD,OCC,DCU,_T,6,2.211
DOM,1215,USD,OCC,_T,_T,6,723.414
DOM,1215,USD,PER,DCU,_T,6,9866.748
DOM,1215,USD,PER,_T,_T,6,9866.748
DOM,1215,USD,_T,DBH,_T,6,721.203
DOM,1215,USD,_T,DCU,_T,6,9868.959
DOM,1215,USD,_T,_T,_T,6,10590.163
DOM,1220,USD,OCC,DBH,_T,6,542.24
DOM,1220,USD,OCC,DCU,_T,6,0.925
DOM,1220,USD,OCC,_T,_T,6,543.165
DOM,1220,USD,PER,DCU,_T,6,8157.893
DOM,1220,USD,PER,_T,_T,6,8157.893
DOM,1220,USD,_T,DBH,_T,6,542.24
DOM,1220,USD,_T,DCU,_T,6,8158.819
DOM,1220,USD,_T,_T,_T,6,8701.058
DOM,1230,USD,OCC,DBH,_T,6,178.963
DOM,1230,USD,OCC,DCU,_T,6,1.285
DOM,1230,USD,OCC,_T,_T,6,180.249
DOM,1230,USD,PER,DCU,_T,6,1708.855
DOM,1230,USD,PER,_T,_T,6,1708.855
DOM,1230,USD,_T,DBH,_T,6,178.963
DOM,1230,USD,_T,DCU,_T,6,1710.141
DOM,1230,USD,_T,_T,_T,6,1889.104
DOM,1270,USD,PER,DCU,_T,6,590.018
DOM,1270,USD,PER,_T,_T,6,590.018
DOM,1270,USD,_T,DCU,_T,6,590.018
DOM,1270,USD,_T,_T,_T,6,590.018
DOM,1274,USD,PER,DCU,_T,6,22.81
DOM,1274,USD,PER,_T,_T,6,22.81
DOM,1274,USD,_T,DCU,_T,6,22.81
DOM,1274,USD,_T,_T,_T,6,22.81
DOM,1276,USD,PER,DCU,_T,6,333.617
DOM,1276,USD,PER,_T,_T,6,333.617
DOM,1276,USD,_T,DCU,_T,6,333.617
DOM,1276,USD,_T,_T,_T,6,333.617
DOM,1277,USD,PER,DCU,_T,6,118.019
DOM,1277,USD,PER,_T,_T,6,118.019
DOM,1277,USD,_T,DCU,_T,6,118.019
DOM,1277,USD,_T,_T,_T,6,118.019
DOM,1278,USD,PER,DCU,_T,6,115.571
DOM,1278,USD,PER,_T,_T,6,115.571
DOM,1278,USD,_T,DCU,_T,6,115.571
DOM,1278,USD,_T,_T,_T,6,115.571
DOM,1290,USD,PER,DCU,_T,6,65.231
DOM,1290,USD,PER,_T,_T,6,65.231
DOM,1290,USD,_T,DCU,_T,6,65.231
DOM,1290,USD,_T,_T,_T,6,65.231
DOM,3000,USD,OCC,DBH,_T,6,79.53
DOM,3000,USD,OCC,_T,_T,6,79.53
DOM,3000,USD,PER,DCU,_T,6,1024.969
DOM,3000,USD,PER,_T,_T,6,1024.969
DOM,3000,USD,_T,DBH,_T,6,79.53
DOM,3000,USD,_T,DCU,_T,6,1024.969
DOM,3000,USD,_T,_T,_T,6,1104.499
DOM,3010,USD,OCC,DBH,_T,6,84.04
DOM,3010,USD,OCC,_T,_T,6,84.04
DOM,3010,USD,PER,DCU,_T,6,1166.576
DOM,3010,USD,PER,_T,_T,6,1166.576
DOM,3010,USD,_T,DBH,_T,6,84.04
DOM,3010,USD,_T,DCU,_T,6,1166.576
DOM,3010,USD,_T,_T,_T,6,1250.616
DOM,3100,PT_B1GQ,OCC,DBH,_T,0,1.151
DOM,3100,PT_B1GQ,OCC,_T,_T,0,1.151
DOM,3100,PT_B1GQ,PER,DCU,_T,0,6.444
DOM,3100,PT_B1GQ,PER,_T,_T,0,6.444
DOM,3100,PT_B1GQ,_T,DBH,_T,0,1.151
DOM,3100,PT_B1GQ,_T,DCU,_T,0,6.444
DOM,3100,PT_B1GQ,_T,_T,_T,0,7.596
DOM,3100,USD,OCC,DBH,_T,6,1026.144
DOM,3100,USD,OCC,_T,_T,6,1026.144
DOM,3100,USD,PER,DCU,_T,6,5744.955
DOM,3100,USD,PER,_T,_T,6,5744.955
DOM,3100,USD,_T,DBH,_T,6,1026.144
DOM,3100,USD,_T,DCU,_T,6,5744.955
DOM,3100,USD,_T,_T,_T,6,6771.098
DOM,3200,USD,OCC,DBH,_T,6,730.743
DOM,3200,USD,OCC,_T,_T,6,730.743
DOM,3200,USD,PER,DCU,_T,6,4091.126
DOM,3200,USD,PER,_T,_T,6,4091.126
DOM,3200,USD,_T,DBH,_T,6,730.743
DOM,3200,USD,_T,DCU,_T,6,4091.126
DOM,3200,USD,_T,_T,_T,6,4821.868
DOM,3300,USD,OCC,DBH,_T,6,295.401
DOM,3300,USD,OCC,_T,_T,6,295.401
DOM,3300,USD,PER,DCU,_T,6,1653.829
DOM,3300,USD,PER,_T,_T,6,1653.829
DOM,3300,USD,_T,DBH,_T,6,295.401
DOM,3300,USD,_T,DCU,_T,6,1653.829
DOM,3300,USD,_T,_T,_T,6,1949.23
DOM,3400,USD,OCC,DBH,_T,6,7.368
DOM,3400,USD,OCC,_T,_T,6,7.368
DOM,3400,USD,PER,DCU,_T,6,56.929
DOM,3400,USD,PER,_T,_T,6,56.929
DOM,3400,USD,_T,DBH,_T,6,7.368
DOM,3400,USD,_T,DCU,_T,6,56.929
DOM,3400,USD,_T,_T,_T,6,64.297
DOM,4000,PT_B1GQ,OCC,DBH,_T,0,0
DOM,4000,PT_B1GQ,OCC,_T,_T,0,0
DOM,4000,PT_B1GQ,PER,DCU,_T,0,0.432
DOM,4000,PT_B1GQ,PER,_T,_T,0,0.432
DOM,4000,PT_B1GQ,_T,DBH,_T,0,0
DOM,4000,PT_B1GQ,_T,DCU,_T,0,0.432
DOM,4000,PT_B1GQ,_T,_T,_T,0,0.432
DOM,4000,USD,OCC,DBH,_T,6,0.44
DOM,4000,USD,OCC,_T,_T,6,0.44
DOM,4000,USD,PER,DCU,_T,6,384.877
DOM,4000,USD,PER,_T,_T,6,384.877
DOM,4000,USD,_T,DBH,_T,6,0.44
DOM,4000,USD,_T,DCU,_T,6,384.877
DOM,4000,USD,_T,_T,_T,6,385.317
DOM,4100,USD,OCC,DBH,_T,6,0.44
DOM,4100,USD,OCC,_T,_T,6,0.44
DOM,4100,USD,PER,DCU,_T,6,378.372
DOM,4100,USD,PER,_T,_T,6,378.372
DOM,4100,USD,_T,DBH,_T,6,0.44
DOM,4100,USD,_T,DCU,_T,6,378.372
DOM,4100,USD,_T,_T,_T,6,378.812
DOM,4200,USD,PER,DCU,_T,6,6.505
DOM,4200,USD,PER,_T,_T,6,6.505
DOM,4200,USD,_T,DCU,_T,6,6.505
DOM,4200,USD,_T,_T,_T,6,6.505
DOM,4300,USD,OCC,DBH,_T,6,12.05
DOM,4300,USD,OCC,_T,_T,6,12.05
DOM,4300,USD,PER,DCU,_T,6,79.496
DOM,4300,USD,PER,_T,_T,6,79.496
DOM,4300,USD,_T,DBH,_T,6,12.05
DOM,4300,USD,_T,DCU,_T,6,79.496
DOM,4300,USD,_T,_T,_T,6,91.546
DOM,4310,USD,OCC,DBH,_T,6,0.743
DOM,4310,USD,OCC,_T,_T,6,0.743
DOM,4310,USD,PER,DCU,_T,6,36.123
DOM,4310,USD,PER,_T,_T,6,36.123
DOM,4310,USD,_T,DBH,_T,6,0.743
DOM,4310,USD,_T,DCU,_T,6,36.123
DOM,4310,USD,_T,_T,_T,6,36.866
DOM,4410,USD,OCC,DBH,_T,6,4.51
DOM,4410,USD,OCC,_T,_T,6,4.51
DOM,4410,USD,PER,DCU,_T,6,141.607
DOM,4410,USD,PER,_T,_T,6,141.607
DOM,4410,USD,_T,DBH,_T,6,4.51
DOM,4410,USD,_T,DCU,_T,6,141.607
DOM,4410,USD,_T,_T,_T,6,146.117
DOM,4420,USD,OCC,DBH,_T,6,47.67
DOM,4420,USD,OCC,_T,_T,6,47.67
DOM,4420,USD,PER,DCU,_T,6,364.552
DOM,4420,USD,PER,_T,_T,6,364.552
DOM,4420,USD,_T,DBH,_T,6,47.67
DOM,4420,USD,_T,DCU,_T,6,364.552
DOM,4420,USD,_T,_T,_T,6,412.223
DOM,5000,PS,OCC,DBH,PF,3,123.964
DOM,5000,PS,OCC,DBH,_T,3,123.964
DOM,5000,PS,OCC,_T,PF,3,123.964
DOM,5000,PS,OCC,_T,_T,3,123.964
DOM,5000,PS,PER,DCU,PF,3,3898.04
DOM,5000,PS,PER,DCU,_T,3,3898.04
DOM,5000,PS,PER,_T,PF,3,3898.04
DOM,5000,PS,PER,_T,_T,3,3898.04
DOM,5000,PS,_T,DBH,PF,3,123.964
DOM,5000,PS,_T,DBH,_T,3,123.964
DOM,5000,PS,_T,DCU,PF,3,3898.04
DOM,5000,PS,_T,DCU,_T,3,3898.04
DOM,5000,PS,_T,_T,PF,3,4022.004
DOM,5000,PS,_T,_T,_T,3,4022.004
DOM,5010,PS,OCC,DBH,_T,3,31.02
DOM,5010,PS,OCC,_T,_T,3,31.02
DOM,5010,PS,PER,DCU,_T,3,2233.928
DOM,5010,PS,PER,_T,_T,3,2233.928
DOM,5010,PS,_T,DBH,_T,3,31.02
DOM,5010,PS,_T,DCU,_T,3,2233.928
DOM,5010,PS,_T,_T,_T,3,2264.948
DOM,5020,PS,OCC,DBH,_T,3,92.944
DOM,5020,PS,OCC,_T,_T,3,92.944
DOM,5020,PS,PER,DCU,_T,3,1664.112
DOM,5020,PS,PER,_T,_T,3,1664.112
DOM,5020,PS,_T,DBH,_T,3,92.944
DOM,5020,PS,_T,DCU,_T,3,1664.112
DOM,5020,PS,_T,_T,_T,3,1757.056
DOM,5100,PS,OCC,DBH,PF,3,100.002
DOM,5100,PS,OCC,DBH,_T,3,100.002
DOM,5100,PS,OCC,_T,PF,3,100.002
DOM,5100,PS,OCC,_T,_T,3,100.002
DOM,5100,PS,PER,DCU,PF,3,3748.425
DOM,5100,PS,PER,DCU,_T,3,3748.425
DOM,5100,PS,PER,_T,PF,3,3748.425
DOM,5100,PS,PER,_T,_T,3,3748.425
DOM,5100,PS,_T,DBH,PF,3,100.002
DOM,5100,PS,_T,DBH,_T,3,100.002
DOM,5100,PS,_T,DCU,PF,3,3748.425
DOM,5100,PS,_T,DCU,_T,3,3748.425
DOM,5100,PS,_T,_T,PF,3,3848.427
DOM,5100,PS,_T,_T,_T,3,3848.427
DOM,5300,PS,OCC,DBH,PF,3,23.962
DOM,5300,PS,OCC,DBH,_T,3,23.962
DOM,5300,PS,OCC,_T,PF,3,23.962
DOM,5300,PS,OCC,_T,_T,3,23.962
DOM,5300,PS,PER,DCU,PF,3,149.615
DOM,5300,PS,PER,DCU,_T,3,149.615
DOM,5300,PS,PER,_T,PF,3,149.615
DOM,5300,PS,PER,_T,_T,3,149.615
DOM,5300,PS,_T,DBH,PF,3,23.962
DOM,5300,PS,_T,DBH,_T,3,23.962
DOM,5300,PS,_T,DCU,PF,3,149.615
DOM,5300,PS,_T,DCU,_T,3,149.615
DOM,5300,PS,_T,_T,PF,3,173.577
DOM,5300,PS,_T,_T,_T,3,173.577
DOM,5400,PS,OCC,DBH,_T,3,0.099
DOM,5400,PS,OCC,_T,_T,3,0.099
DOM,5400,PS,PER,DCU,_T,3,21.43
DOM,5400,PS,PER,_T,_T,3,21.43
DOM,5400,PS,_T,DBH,_T,3,0.099
DOM,5400,PS,_T,DCU,_T,3,21.43
DOM,5400,PS,_T,_T,_T,3,21.529
DOM,OA,PT_B1GQ,OCC,_T,_T,0,0.838
DOM,PA,PT_B1GQ,PER,_T,_T,0,12.186
EGY,1000,PT_B1GQ,_T,_T,PF,0,1.436
EGY,1000,PT_B1GQ,_T,_T,_T,0,1.436
EGY,1000,USD,_T,_T,PF,6,5023.854
EGY,1000,USD,_T,_T,_T,6,5023.854
EGY,1210,USD,_T,_T,_T,6,885.507
EGY,1215,USD,_T,_T,_T,6,3803.578
EGY,1245,USD,_T,_T,_T,6,180.203
EGY,1290,USD,_T,_T,_T,6,154.567
EGY,3000,USD,_T,_T,_T,6,598.369
EGY,3100,PT_B1GQ,_T,_T,_T,0,0.158
EGY,3100,USD,_T,_T,_T,6,526.756
EGY,4000,PT_B1GQ,_T,_T,_T,0,0.153
EGY,4000,USD,_T,_T,_T,6,511.491
ESP,1000,PT_B1GQ,OCC,DB,BR,0,0.723
ESP,1000,PT_B1GQ,OCC,DB,PF,0,0.002
ESP,1000,PT_B1GQ,OCC,DB,PIC,0,2.064
ESP,1000,PT_B1GQ,OCC,DB,_T,0,2.789
ESP,1000,PT_B1GQ,OCC,DBH,PF,0,2.07
ESP,1000,PT_B1GQ,OCC,DBH,_T,0,2.07
ESP,1000,PT_B1GQ,OCC,DCU,PF,0,0.842
ESP,1000,PT_B1GQ,OCC,DCU,_T,0,0.842
ESP,1000,PT_B1GQ,OCC,_T,BR,0,0.723
ESP,1000,PT_B1GQ,OCC,_T,PF,0,2.913
ESP,1000,PT_B1GQ,OCC,_T,PIC,0,2.064
ESP,1000,PT_B1GQ,OCC,_T,_T,0,5.7
ESP,1000,PT_B1GQ,PER,DCP,PIC,0,0.944
ESP,1000,PT_B1GQ,PER,DCP,_T,0,0.944
ESP,1000,PT_B1GQ,PER,DCU,PF,0,6.313
ESP,1000,PT_B1GQ,PER,DCU,_T,0,6.313
ESP,1000,PT_B1GQ,PER,_T,PF,0,6.313
ESP,1000,PT_B1GQ,PER,_T,PIC,0,0.944
ESP,1000,PT_B1GQ,PER,_T,_T,0,7.257
ESP,1000,PT_B1GQ,_T,DB,BR,0,0.723
ESP,1000,PT_B1GQ,_T,DB,PF,0,0.002
ESP,1000,PT_B1GQ,_T,DB,PIC,0,2.064
ESP,1000,PT_B1GQ,_T,DB,_T,0,2.789
ESP,1000,PT_B1GQ,_T,DBH,PF,0,2.07
ESP,1000,PT_B1GQ,_T,DBH,_T,0,2.07
ESP,1000,PT_B1GQ,_T,DCP,PIC,0,0.944
ESP,1000,PT_B1GQ,_T,DCP,_T,0,0.944
ESP,1000,PT_B1GQ,_T,DCU,PF,0,7.155
ESP,1000,PT_B1GQ,_T,DCU,_T,0,7.155
ESP,1000,PT_B1GQ,_T,_T,BR,0,0.723
ESP,1000,PT_B1GQ,_T,_T,PF,0,9.227
ESP,1000,PT_B1GQ,_T,_T,PIC,0,3.007
ESP,1000,PT_B1GQ,_T,_T,_T,0,12.957
ESP,1000,USD,OCC,DB,BR,6,10189.113
ESP,1000,USD,OCC,DB,PF,6,24.256
ESP,1000,USD,OCC,DB,PIC,6,29064.58
ESP,1000,USD,OCC,DB,_T,6,39277.949
ESP,1000,USD,OCC,DBH,PF,6,29152.193
ESP,1000,USD,OCC,DBH,_T,6,29152.193
ESP,1000,USD,OCC,DCU,PF,6,11855.627
ESP,1000,USD,OCC,DCU,_T,6,11855.627
ESP,1000,USD,OCC,_T,BR,6,10189.113
ESP,1000,USD,OCC,_T,PF,6,41032.077
ESP,1000,USD,OCC,_T,PIC,6,29064.58
ESP,1000,USD,OCC,_T,_T,6,80285.77
ESP,1000,USD,PER,DCP,PIC,6,13290.614
ESP,1000,USD,PER,DCP,_T,6,13290.614
ESP,1000,USD,PER,DCU,PF,6,88917.31
ESP,1000,USD,PER,DCU,_T,6,88917.31
ESP,1000,USD,PER,_T,PF,6,88917.31
ESP,1000,USD,PER,_T,PIC,6,13290.614
ESP,1000,USD,PER,_T,_T,6,102207.923
ESP,1000,USD,_T,DB,BR,6,10189.113
ESP,1000,USD,_T,DB,PF,6,24.256
ESP,1000,USD,_T,DB,PIC,6,29064.58
ESP,1000,USD,_T,DB,_T,6,39277.949
ESP,1000,USD,_T,DBH,PF,6,29152.193
ESP,1000,USD,_T,DBH,_T,6,29152.193
ESP,1000,USD,_T,DCP,PIC,6,13290.614
ESP,1000,USD,_T,DCP,_T,6,13290.614
ESP,1000,USD,_T,DCU,PF,6,100772.937
ESP,1000,USD,_T,DCU,_T,6,100772.937
ESP,1000,USD,_T,_T,BR,6,10189.113
ESP,1000,USD,_T,_T,PF,6,129949.387
ESP,1000,USD,_T,_T,PIC,6,42355.194
ESP,1000,USD,_T,_T,_T,6,182493.693
ESP,1172,USD,OCC,DBH,_T,6,21.768
ESP,1172,USD,OCC,DCU,_T,6,8.849
ESP,1172,USD,PER,DCU,_T,6,57.709
ESP,1172,USD,_T,DBH,_T,6,21.768
ESP,1172,USD,_T,DCU,_T,6,66.558
ESP,1210,USD,OCC,DBH,_T,6,1428.642
ESP,1210,USD,OCC,DCU,_T,6,580.763
ESP,1210,USD,PER,DCU,_T,6,6460.987
ESP,1210,USD,_T,DBH,_T,6,1428.642
ESP,1210,USD,_T,DCU,_T,6,7041.75
ESP,1215,USD,OCC,DBH,_T,6,9535.925
ESP,1215,USD,OCC,DCU,_T,6,3878.074
ESP,1215,USD,PER,DCU,_T,6,44810.957
ESP,1215,USD,_T,DBH,_T,6,9535.925
ESP,1215,USD,_T,DCU,_T,6,48689.031
ESP,1220,USD,OCC,DBH,_T,6,6113.47
ESP,1220,USD,OCC,DCU,_T,6,2486.229
ESP,1220,USD,PER,DCU,_T,6,26680.121
ESP,1220,USD,_T,DBH,_T,6,6113.47
ESP,1220,USD,_T,DCU,_T,6,29166.35
ESP,1230,USD,OCC,DBH,_T,6,3422.455
ESP,1230,USD,OCC,DCU,_T,6,1391.846
ESP,1230,USD,PER,DCU,_T,6,18130.835
ESP,1230,USD,_T,DBH,_T,6,3422.455
ESP,1230,USD,_T,DCU,_T,6,19522.681
ESP,1240,USD,OCC,DBH,_T,6,0.008
ESP,1240,USD,OCC,DCU,_T,6,0.003
ESP,1240,USD,PER,DCU,_T,6,6.976
ESP,1240,USD,_T,DBH,_T,6,0.008
ESP,1240,USD,_T,DCU,_T,6,6.98
ESP,1245,USD,OCC,DBH,_T,6,1768.892
ESP,1245,USD,OCC,DCU,_T,6,719.079
ESP,1245,USD,PER,DCU,_T,6,16475.479
ESP,1245,USD,_T,DBH,_T,6,1768.892
ESP,1245,USD,_T,DCU,_T,6,17194.558
ESP,1250,USD,OCC,DBH,_T,6,1721.125
ESP,1250,USD,OCC,DCU,_T,6,699.661
ESP,1250,USD,PER,DCU,_T,6,16455.819
ESP,1250,USD,_T,DBH,_T,6,1721.125
ESP,1250,USD,_T,DCU,_T,6,17155.481
ESP,1255,USD,OCC,DBH,_T,6,47.767
ESP,1255,USD,OCC,DCU,_T,6,19.418
ESP,1255,USD,PER,DCU,_T,6,19.648
ESP,1255,USD,_T,DBH,_T,6,47.767
ESP,1255,USD,_T,DCU,_T,6,39.066
ESP,1260,USD,OCC,DBH,_T,6,60.914
ESP,1260,USD,OCC,DCU,_T,6,24.762
ESP,1260,USD,PER,DCU,_T,6,86.917
ESP,1260,USD,_T,DBH,_T,6,60.914
ESP,1260,USD,_T,DCU,_T,6,111.68
ESP,1270,USD,OCC,DBH,_T,6,10728.759
ESP,1270,USD,OCC,DCU,_T,6,4364.657
ESP,1270,USD,PER,DCU,_T,6,17467.022
ESP,1270,USD,_T,DBH,_T,6,10728.759
ESP,1270,USD,_T,DCU,_T,6,21831.679
ESP,1280,USD,OCC,DBH,_T,6,4752.258
ESP,1280,USD,OCC,DCU,_T,6,1931.859
ESP,1280,USD,PER,DCU,_T,6,3216.316
ESP,1280,USD,_T,DBH,_T,6,4752.258
ESP,1280,USD,_T,DCU,_T,6,5148.175
ESP,1284,USD,OCC,DBH,_T,6,0
ESP,1284,USD,OCC,DCU,_T,6,0
ESP,1284,USD,PER,DCU,_T,6,0
ESP,1284,USD,_T,DBH,_T,6,0
ESP,1284,USD,_T,DCU,_T,6,0
ESP,1286,USD,OCC,DBH,_T,6,851.291
ESP,1286,USD,OCC,DCU,_T,6,346.062
ESP,1286,USD,PER,DCU,_T,6,125.551
ESP,1286,USD,_T,DBH,_T,6,851.291
ESP,1286,USD,_T,DCU,_T,6,471.613
ESP,1289,USD,OCC,DBH,_T,6,3.712
ESP,1289,USD,OCC,DCU,_T,6,1.509
ESP,1289,USD,PER,DCU,_T,6,192.708
ESP,1289,USD,_T,DBH,_T,6,3.712
ESP,1289,USD,_T,DCU,_T,6,194.217
ESP,1290,USD,OCC,DBH,_T,6,0.024
ESP,1290,USD,OCC,DCU,_T,6,0.01
ESP,1290,USD,PER,DCU,_T,6,16.687
ESP,1290,USD,_T,DBH,_T,6,0.024
ESP,1290,USD,_T,DCU,_T,6,16.697
ESP,2000,USD,OCC,DB,BR,6,10189.113
ESP,2000,USD,OCC,DB,PF,6,24.256
ESP,2000,USD,OCC,DB,PIC,6,29064.58
ESP,2000,USD,OCC,DB,_T,6,39277.949
ESP,2000,USD,OCC,DBH,PF,6,29155.646
ESP,2000,USD,OCC,DBH,_T,6,29155.646
ESP,2000,USD,OCC,DCU,PF,6,11852.175
ESP,2000,USD,OCC,DCU,_T,6,11852.175
ESP,2000,USD,OCC,_T,BR,6,10189.113
ESP,2000,USD,OCC,_T,PF,6,41032.077
ESP,2000,USD,OCC,_T,PIC,6,29064.58
ESP,2000,USD,OCC,_T,_T,6,80285.77
ESP,2000,USD,PER,DCP,PIC,6,13290.614
ESP,2000,USD,PER,DCP,_T,6,13290.614
ESP,2000,USD,PER,DCU,PF,6,88917.31
ESP,2000,USD,PER,DCU,_T,6,88917.31
ESP,2000,USD,PER,_T,PF,6,88917.31
ESP,2000,USD,PER,_T,PIC,6,13290.614
ESP,2000,USD,PER,_T,_T,6,102207.923
ESP,2000,USD,_T,DB,BR,6,10189.113
ESP,2000,USD,_T,DB,PF,6,24.256
ESP,2000,USD,_T,DB,PIC,6,29064.58
ESP,2000,USD,_T,DB,_T,6,39277.949
ESP,2000,USD,_T,DBH,PF,6,29155.646
ESP,2000,USD,_T,DBH,_T,6,29155.646
ESP,2000,USD,_T,DCP,PIC,6,13290.614
ESP,2000,USD,_T,DCP,_T,6,13290.614
ESP,2000,USD,_T,DCU,PF,6,100769.485
ESP,2000,USD,_T,DCU,_T,6,100769.485
ESP,2000,USD,_T,_T,BR,6,10189.113
ESP,2000,USD,_T,_T,PF,6,129949.387
ESP,2000,USD,_T,_T,PIC,6,42355.194
ESP,2000,USD,_T,_T,_T,6,182493.693
ESP,2100,USD,OCC,DB,_T,6,0.016
ESP,2100,USD,OCC,DBH,_T,6,19.166
ESP,2100,USD,OCC,DCU,_T,6,7.812
ESP,2100,USD,OCC,_T,_T,6,26.993
ESP,2100,USD,PER,DCU,_T,6,0.427
ESP,2100,USD,PER,_T,_T,6,0.427
ESP,2100,USD,_T,DB,_T,6,0.016
ESP,2100,USD,_T,DBH,_T,6,19.166
ESP,2100,USD,_T,DCU,_T,6,8.238
ESP,2100,USD,_T,_T,_T,6,27.42
ESP,2200,USD,OCC,DB,_T,6,39277.848
ESP,2200,USD,OCC,DBH,_T,6,29030.286
ESP,2200,USD,OCC,DCU,_T,6,11806.05
ESP,2200,USD,OCC,_T,_T,6,80114.184
ESP,2200,USD,PER,DCP,_T,6,13290.614
ESP,2200,USD,PER,DCU,_T,6,88599.455
ESP,2200,USD,PER,_T,_T,6,101890.069
ESP,2200,USD,_T,DB,_T,6,39277.848
ESP,2200,USD,_T,DBH,_T,6,29030.286
ESP,2200,USD,_T,DCP,_T,6,13290.614
ESP,2200,USD,_T,DCU,_T,6,100405.505
ESP,2200,USD,_T,_T,_T,6,182004.252
ESP,2300,USD,OCC,DB,_T,6,0.085
ESP,2300,USD,OCC,DBH,_T,6,102.741
ESP,2300,USD,OCC,DCU,_T,6,41.766
ESP,2300,USD,OCC,_T,_T,6,144.593
ESP,2300,USD,PER,DCU,_T,6,317.428
ESP,2300,USD,PER,_T,_T,6,317.428
ESP,2300,USD,_T,DB,_T,6,0.085
ESP,2300,USD,_T,DBH,_T,6,102.741
ESP,2300,USD,_T,DCU,_T,6,359.194
ESP,2300,USD,_T,_T,_T,6,462.021
ESP,3000,USD,OCC,DB,_T,6,115.344
ESP,3000,USD,OCC,DBH,_T,6,1956.134
ESP,3000,USD,OCC,DCU,_T,6,795.195
ESP,3000,USD,OCC,_T,_T,6,2866.673
ESP,3000,USD,PER,DCU,_T,6,8534.048
ESP,3000,USD,_T,DB,_T,6,115.344
ESP,3000,USD,_T,DBH,_T,6,1956.134
ESP,3000,USD,_T,DCU,_T,6,9329.243
ESP,3010,USD,OCC,DBH,_T,6,1994.427
ESP,3010,USD,OCC,DCU,_T,6,810.762
ESP,3010,USD,PER,DCU,_T,6,8871.748
ESP,3010,USD,_T,DBH,_T,6,1994.427
ESP,3010,USD,_T,DCU,_T,6,9682.511
ESP,3100,PT_B1GQ,OCC,DB,_T,0,0.073
ESP,3100,PT_B1GQ,OCC,DBH,_T,0,0.061
ESP,3100,PT_B1GQ,OCC,DCU,_T,0,0.038
ESP,3100,PT_B1GQ,OCC,_T,_T,0,0.172
ESP,3100,PT_B1GQ,PER,DCU,_T,0,0.291
ESP,3100,PT_B1GQ,_T,DB,_T,0,0.073
ESP,3100,PT_B1GQ,_T,DBH,_T,0,0.061
ESP,3100,PT_B1GQ,_T,DCU,_T,0,0.328
ESP,3100,USD,OCC,DB,_T,6,1020.516
ESP,3100,USD,OCC,DBH,_T,6,859.387
ESP,3100,USD,OCC,DCU,_T,6,528.34
ESP,3100,USD,OCC,_T,_T,6,2408.242
ESP,3100,USD,PER,DCU,_T,6,4079.649
ESP,3100,USD,_T,DB,_T,6,1020.516
ESP,3100,USD,_T,DBH,_T,6,859.387
ESP,3100,USD,_T,DCU,_T,6,4607.989
ESP,3200,USD,OCC,DBH,_T,6,758.47
ESP,3200,USD,OCC,DCU,_T,6,365.254
ESP,3200,USD,PER,DCU,_T,6,89.369
ESP,3200,USD,_T,DBH,_T,6,758.47
ESP,3200,USD,_T,DCU,_T,6,454.623
ESP,3300,USD,OCC,DBH,_T,6,100.917
ESP,3300,USD,OCC,DCU,_T,6,163.086
ESP,3300,USD,PER,DCU,_T,6,3990.28
ESP,3300,USD,_T,DBH,_T,6,100.917
ESP,3300,USD,_T,DCU,_T,6,4153.366
ESP,3400,USD,OCC,DBH,_T,6,21.796
ESP,3400,USD,OCC,DCU,_T,6,8.669
ESP,3400,USD,PER,DCU,_T,6,49.461
ESP,3400,USD,_T,DBH,_T,6,21.796
ESP,3400,USD,_T,DCU,_T,6,58.13
ESP,4000,PT_B1GQ,OCC,DB,_T,0,0.217
ESP,4000,PT_B1GQ,OCC,DBH,_T,0,0.084
ESP,4000,PT_B1GQ,OCC,DCU,_T,0,0.034
ESP,4000,PT_B1GQ,OCC,_T,_T,0,0.335
ESP,4000,PT_B1GQ,PER,DCU,_T,0,0.19
ESP,4000,PT_B1GQ,_T,DB,_T,0,0.217
ESP,4000,PT_B1GQ,_T,DBH,_T,0,0.084
ESP,4000,PT_B1GQ,_T,DCU,_T,0,0.224
ESP,4000,USD,OCC,DB,_T,6,3042.916
ESP,4000,USD,OCC,DBH,_T,6,1175.614
ESP,4000,USD,OCC,DCU,_T,6,477.903
ESP,4000,USD,OCC,_T,_T,6,4696.433
ESP,4000,USD,PER,DCU,_T,6,2667.14
ESP,4000,USD,_T,DB,_T,6,3042.916
ESP,4000,USD,_T,DBH,_T,6,1175.614
ESP,4000,USD,_T,DCU,_T,6,3145.044
ESP,4100,USD,OCC,DBH,_T,6,535.698
ESP,4100,USD,OCC,DCU,_T,6,166.029
ESP,4100,USD,PER,DCU,_T,6,1394.213
ESP,4100,USD,_T,DBH,_T,6,535.698
ESP,4100,USD,_T,DCU,_T,6,1560.242
ESP,4200,USD,OCC,DBH,_T,6,824.225
ESP,4200,USD,OCC,DCU,_T,6,127.724
ESP,4200,USD,PER,DCU,_T,6,1272.927
ESP,4200,USD,_T,DBH,_T,6,824.225
ESP,4200,USD,_T,DCU,_T,6,1400.651
ESP,4300,USD,OCC,DBH,_T,6,290.737
ESP,4300,USD,OCC,DCU,_T,6,3.984
ESP,4300,USD,PER,DCU,_T,6,935.788
ESP,4300,USD,_T,DBH,_T,6,290.737
ESP,4300,USD,_T,DCU,_T,6,939.772
ESP,4410,USD,OCC,DBH,_T,6,38.293
ESP,4410,USD,OCC,DCU,_T,6,15.567
ESP,4410,USD,PER,DCU,_T,6,337.701
ESP,4410,USD,_T,DBH,_T,6,38.293
ESP,4410,USD,_T,DCU,_T,6,353.267
ESP,4420,USD,OCC,DBH,_T,6,71.413
ESP,4420,USD,OCC,DCU,_T,6,29.659
ESP,4420,USD,PER,DCU,_T,6,994.903
ESP,4420,USD,_T,DBH,_T,6,71.413
ESP,4420,USD,_T,DCU,_T,6,1024.562
ESP,4500,USD,OCC,DBH,_T,6,0.752
ESP,4500,USD,OCC,DCU,_T,6,0.306
ESP,4500,USD,PER,DCU,_T,6,49.966
ESP,4500,USD,_T,DBH,_T,6,0.752
ESP,4500,USD,_T,DCU,_T,6,50.272
ESP,5000,PS,OCC,DB,BR,3,97.469
ESP,5000,PS,OCC,DB,PF,3,0.237
ESP,5000,PS,OCC,DB,PIC,3,8941.788
ESP,5000,PS,OCC,DB,_T,3,9039.494
ESP,5000,PS,OCC,DBH,PF,3,432.661
ESP,5000,PS,OCC,DBH,_T,3,432.661
ESP,5000,PS,OCC,DCU,PF,3,1669.618
ESP,5000,PS,OCC,DCU,_T,3,1669.618
ESP,5000,PS,OCC,_T,BR,3,97.469
ESP,5000,PS,OCC,_T,PF,3,2102.516
ESP,5000,PS,OCC,_T,PIC,3,8941.788
ESP,5000,PS,OCC,_T,_T,3,11141.773
ESP,5000,PS,PER,DCP,PIC,3,984.043
ESP,5000,PS,PER,DCP,_T,3,984.043
ESP,5000,PS,PER,DCU,PF,3,7445.969
ESP,5000,PS,PER,DCU,_T,3,7445.969
ESP,5000,PS,PER,_T,PF,3,7445.969
ESP,5000,PS,PER,_T,PIC,3,984.043
ESP,5000,PS,PER,_T,_T,3,8430.012
ESP,5000,PS,_T,DB,BR,3,97.469
ESP,5000,PS,_T,DB,PF,3,0.237
ESP,5000,PS,_T,DB,PIC,3,8941.788
ESP,5000,PS,_T,DB,_T,3,9039.494
ESP,5000,PS,_T,DBH,PF,3,432.661
ESP,5000,PS,_T,DBH,_T,3,432.661
ESP,5000,PS,_T,DCP,PIC,3,984.043
ESP,5000,PS,_T,DCP,_T,3,984.043
ESP,5000,PS,_T,DCU,PF,3,9115.587
ESP,5000,PS,_T,DCU,_T,3,9115.587
ESP,5000,PS,_T,_T,BR,3,97.469
ESP,5000,PS,_T,_T,PF,3,9548.485
ESP,5000,PS,_T,_T,PIC,3,9925.831
ESP,5000,PS,_T,_T,_T,3,19571.785
ESP,5100,PS,OCC,DB,BR,3,24.515
ESP,5100,PS,OCC,DB,PF,3,0.237
ESP,5100,PS,OCC,DB,PIC,3,8657.614
ESP,5100,PS,OCC,DB,_T,3,8682.366
ESP,5100,PS,OCC,DBH,PF,3,432.661
ESP,5100,PS,OCC,DBH,_T,3,432.661
ESP,5100,PS,OCC,DCU,PF,3,1669.618
ESP,5100,PS,OCC,DCU,_T,3,1669.618
ESP,5100,PS,OCC,_T,BR,3,24.515
ESP,5100,PS,OCC,_T,PF,3,2102.516
ESP,5100,PS,OCC,_T,PIC,3,8657.614
ESP,5100,PS,OCC,_T,_T,3,10784.645
ESP,5100,PS,PER,DCP,PIC,3,926.319
ESP,5100,PS,PER,DCP,_T,3,926.319
ESP,5100,PS,PER,DCU,PF,3,7445.969
ESP,5100,PS,PER,DCU,_T,3,7445.969
ESP,5100,PS,PER,_T,PF,3,7445.969
ESP,5100,PS,PER,_T,PIC,3,926.319
ESP,5100,PS,PER,_T,_T,3,8372.288
ESP,5100,PS,_T,DB,BR,3,24.515
ESP,5100,PS,_T,DB,PF,3,0.237
ESP,5100,PS,_T,DB,PIC,3,8657.614
ESP,5100,PS,_T,DB,_T,3,8682.366
ESP,5100,PS,_T,DBH,PF,3,432.661
ESP,5100,PS,_T,DBH,_T,3,432.661
ESP,5100,PS,_T,DCP,PIC,3,926.319
ESP,5100,PS,_T,DCP,_T,3,926.319
ESP,5100,PS,_T,DCU,PF,3,9115.587
ESP,5100,PS,_T,DCU,_T,3,9115.587
ESP,5100,PS,_T,_T,BR,3,24.515
ESP,5100,PS,_T,_T,PF,3,9548.485
ESP,5100,PS,_T,_T,PIC,3,9583.933
ESP,5100,PS,_T,_T,_T,3,19156.933
ESP,5300,PS,OCC,DB,BR,3,72.954
ESP,5300,PS,OCC,DB,PIC,3,284.174
ESP,5300,PS,OCC,DB,_T,3,357.128
ESP,5300,PS,OCC,_T,BR,3,72.954
ESP,5300,PS,OCC,_T,PIC,3,284.174
ESP,5300,PS,OCC,_T,_T,3,357.128
ESP,5300,PS,PER,DCP,PIC,3,57.724
ESP,5300,PS,PER,DCP,_T,3,57.724
ESP,5300,PS,PER,_T,PIC,3,57.724
ESP,5300,PS,PER,_T,_T,3,57.724
ESP,5300,PS,_T,DB,BR,3,72.954
ESP,5300,PS,_T,DB,PIC,3,284.174
ESP,5300,PS,_T,DB,_T,3,357.128
ESP,5300,PS,_T,DCP,PIC,3,57.724
ESP,5300,PS,_T,DCP,_T,3,57.724
ESP,5300,PS,_T,_T,BR,3,72.954
ESP,5300,PS,_T,_T,PIC,3,341.898
ESP,5300,PS,_T,_T,_T,3,414.852
ESP,OA,PT_B1GQ,OCC,_T,_T,0,5.7
ESP,PA,PT_B1GQ,PER,_T,_T,0,7.257
EST,1000,PT_B1GQ,PER,DCU,PF,0,16.7
EST,1000,PT_B1GQ,PER,DCU,_T,0,16.7
EST,1000,PT_B1GQ,PER,_T,PF,0,16.7
EST,1000,PT_B1GQ,PER,_T,_T,0,18.311
EST,1000,PT_B1GQ,_T,DCU,PF,0,16.7
EST,1000,PT_B1GQ,_T,DCU,_T,0,16.7
EST,1000,PT_B1GQ,_T,_T,PF,0,16.7
EST,1000,PT_B1GQ,_T,_T,PIC,0,1.611
EST,1000,PT_B1GQ,_T,_T,_T,0,18.311
EST,1000,USD,PER,DCU,PF,6,5341.609
EST,1000,USD,PER,DCU,_T,6,5341.609
EST,1000,USD,PER,_T,PF,6,5341.609
EST,1000,USD,PER,_T,_T,6,5857.001
EST,1000,USD,_T,DCU,PF,6,5341.609
EST,1000,USD,_T,DCU,_T,6,5341.609
EST,1000,USD,_T,_T,PF,6,5341.609
EST,1000,USD,_T,_T,PIC,6,515.392
EST,1000,USD,_T,_T,_T,6,5857.001
EST,1121,USD,PER,DCU,_T,6,4482.86
EST,1121,USD,_T,DCU,_T,6,4482.86
EST,1122,USD,PER,DCU,_T,6,729.064
EST,1122,USD,_T,DCU,_T,6,729.064
EST,1210,USD,PER,DCU,_T,6,189.392
EST,1210,USD,_T,DCU,_T,6,189.392
EST,1215,USD,PER,DCU,_T,6,2229.843
EST,1215,USD,_T,DCU,_T,6,2229.843
EST,1240,USD,PER,DCU,_T,6,0
EST,1240,USD,_T,DCU,_T,6,0
EST,1245,USD,PER,DCU,_T,6,786.047
EST,1245,USD,_T,DCU,_T,6,786.047
EST,1260,USD,PER,DCU,_T,6,0
EST,1260,USD,_T,DCU,_T,6,0
EST,1270,USD,PER,DCU,_T,6,2132.261
EST,1270,USD,_T,DCU,_T,6,2132.261
EST,1274,USD,PER,DCU,_T,6,779.964
EST,1274,USD,_T,DCU,_T,6,779.964
EST,1276,USD,PER,DCU,_T,6,1352.297
EST,1276,USD,_T,DCU,_T,6,1352.297
EST,1284,USD,PER,DCU,_T,6,0
EST,1284,USD,_T,DCU,_T,6,0
EST,1290,USD,PER,DCU,_T,6,4.066
EST,1290,USD,_T,DCU,_T,6,4.066
EST,3000,USD,PER,DCU,_T,6,410.232
EST,3000,USD,_T,DCU,_T,6,410.232
EST,3100,PT_B1GQ,PER,DCU,_T,0,1.649
EST,3100,PT_B1GQ,_T,DCU,_T,0,1.649
EST,3100,USD,PER,DCU,_T,6,525.593
EST,3100,USD,_T,DCU,_T,6,525.593
EST,3200,USD,PER,DCU,_T,6,358.232
EST,3200,USD,_T,DCU,_T,6,358.232
EST,3300,USD,PER,DCU,_T,6,167.361
EST,3300,USD,_T,DCU,_T,6,167.361
EST,4000,PT_B1GQ,PER,DCU,_T,0,0.052
EST,4000,PT_B1GQ,_T,DCU,_T,0,0.052
EST,4000,USD,PER,DCU,_T,6,16.501
EST,4000,USD,_T,DCU,_T,6,16.501
EST,4100,USD,PER,DCU,_T,6,1.713
EST,4100,USD,_T,DCU,_T,6,1.713
EST,4200,USD,PER,DCU,_T,6,14.788
EST,4200,USD,_T,DCU,_T,6,14.788
EST,4300,USD,PER,DCU,_T,6,13.256
EST,4300,USD,_T,DCU,_T,6,13.256
EST,4420,USD,PER,DCU,_T,6,43.1
EST,4420,USD,_T,DCU,_T,6,43.1
EST,5000,PS,PER,DCU,PF,3,746
EST,5000,PS,PER,DCU,_T,3,746
EST,5000,PS,PER,_T,PF,3,746
EST,5000,PS,PER,_T,_T,3,746
EST,5000,PS,_T,DCU,PF,3,746
EST,5000,PS,_T,DCU,_T,3,746
EST,5000,PS,_T,_T,PF,3,746
EST,5000,PS,_T,_T,PIC,3,93.823
EST,5000,PS,_T,_T,_T,3,746
EST,5010,PS,PER,DCU,_T,3,361.81
EST,5010,PS,PER,_T,_T,3,361.81
EST,5010,PS,_T,DCU,_T,3,361.81
EST,5010,PS,_T,_T,_T,3,361.81
EST,5020,PS,PER,DCU,_T,3,384.19
EST,5020,PS,PER,_T,_T,3,384.19
EST,5020,PS,_T,DCU,_T,3,384.19
EST,5020,PS,_T,_T,_T,3,384.19
EST,PA,PT_B1GQ,PER,_T,_T,0,18.311
FIN,1000,PT_B1GQ,OCC,DB,PF,0,52.383
FIN,1000,PT_B1GQ,OCC,DB,PIC,0,2.493
FIN,1000,PT_B1GQ,OCC,DB,_T,0,54.876
FIN,1000,PT_B1GQ,OCC,_T,PF,0,52.383
FIN,1000,PT_B1GQ,OCC,_T,PIC,0,2.493
FIN,1000,PT_B1GQ,OCC,_T,_T,0,54.876
FIN,1000,PT_B1GQ,PER,DCP,PIC,0,2.022
FIN,1000,PT_B1GQ,PER,DCP,_T,0,2.022
FIN,1000,PT_B1GQ,PER,DCU,PIC,0,3.133
FIN,1000,PT_B1GQ,PER,DCU,_T,0,3.133
FIN,1000,PT_B1GQ,PER,_T,PIC,0,5.155
FIN,1000,PT_B1GQ,PER,_T,_T,0,5.155
FIN,1000,PT_B1GQ,_T,DB,PF,0,52.383
FIN,1000,PT_B1GQ,_T,DB,PIC,0,2.493
FIN,1000,PT_B1GQ,_T,DB,_T,0,54.876
FIN,1000,PT_B1GQ,_T,DCP,PIC,0,2.022
FIN,1000,PT_B1GQ,_T,DCP,_T,0,2.022
FIN,1000,PT_B1GQ,_T,DCU,PIC,0,3.133
FIN,1000,PT_B1GQ,_T,DCU,_T,0,3.133
FIN,1000,PT_B1GQ,_T,_T,PF,0,52.383
FIN,1000,PT_B1GQ,_T,_T,PIC,0,7.648
FIN,1000,PT_B1GQ,_T,_T,_T,0,60.031
FIN,1000,USD,OCC,DB,PF,6,140361.488
FIN,1000,USD,OCC,DB,PIC,6,6679.309
FIN,1000,USD,OCC,DB,_T,6,147040.796
FIN,1000,USD,OCC,_T,PF,6,140361.488
FIN,1000,USD,OCC,_T,PIC,6,6679.309
FIN,1000,USD,OCC,_T,_T,6,147040.796
FIN,1000,USD,PER,DCP,PIC,6,5418.809
FIN,1000,USD,PER,DCP,_T,6,5418.809
FIN,1000,USD,PER,DCU,PIC,6,8394.976
FIN,1000,USD,PER,DCU,_T,6,8394.976
FIN,1000,USD,PER,_T,PIC,6,13813.785
FIN,1000,USD,PER,_T,_T,6,13813.785
FIN,1000,USD,_T,DB,PF,6,140361.488
FIN,1000,USD,_T,DB,PIC,6,6679.309
FIN,1000,USD,_T,DB,_T,6,147040.796
FIN,1000,USD,_T,DCP,PIC,6,5418.809
FIN,1000,USD,_T,DCP,_T,6,5418.809
FIN,1000,USD,_T,DCU,PIC,6,8394.976
FIN,1000,USD,_T,DCU,_T,6,8394.976
FIN,1000,USD,_T,_T,PF,6,140361.488
FIN,1000,USD,_T,_T,PIC,6,20493.094
FIN,1000,USD,_T,_T,_T,6,160854.582
FIN,1210,USD,OCC,DB,_T,6,4052.429
FIN,1210,USD,OCC,_T,_T,6,4052.429
FIN,1210,USD,PER,DCP,_T,6,1.045
FIN,1210,USD,PER,DCU,_T,6,1.618
FIN,1210,USD,PER,_T,_T,6,2.674
FIN,1210,USD,_T,DB,_T,6,4052.429
FIN,1210,USD,_T,DCP,_T,6,1.045
FIN,1210,USD,_T,DCU,_T,6,1.618
FIN,1210,USD,_T,_T,_T,6,4055.103
FIN,1215,USD,OCC,DB,_T,6,36446.81
FIN,1215,USD,OCC,_T,_T,6,36446.81
FIN,1215,USD,PER,DCP,_T,6,1157.708
FIN,1215,USD,PER,DCU,_T,6,1793.564
FIN,1215,USD,PER,_T,_T,6,2951.284
FIN,1215,USD,_T,DB,_T,6,36446.81
FIN,1215,USD,_T,DCP,_T,6,1157.708
FIN,1215,USD,_T,DCU,_T,6,1793.564
FIN,1215,USD,_T,_T,_T,6,39398.082
FIN,1240,USD,OCC,DB,_T,6,4218.31
FIN,1240,USD,OCC,_T,_T,6,4218.31
FIN,1240,USD,PER,DCP,_T,6,75.234
FIN,1240,USD,PER,DCU,_T,6,116.542
FIN,1240,USD,PER,_T,_T,6,191.776
FIN,1240,USD,_T,DB,_T,6,4218.31
FIN,1240,USD,_T,DCP,_T,6,75.234
FIN,1240,USD,_T,DCU,_T,6,116.542
FIN,1240,USD,_T,_T,_T,6,4410.075
FIN,1245,USD,OCC,DB,_T,6,66474.816
FIN,1245,USD,OCC,_T,_T,6,66474.816
FIN,1245,USD,PER,DCP,_T,6,646.101
FIN,1245,USD,PER,DCU,_T,6,1000.961
FIN,1245,USD,PER,_T,_T,6,1647.073
FIN,1245,USD,_T,DB,_T,6,66474.816
FIN,1245,USD,_T,DCP,_T,6,646.101
FIN,1245,USD,_T,DCU,_T,6,1000.961
FIN,1245,USD,_T,_T,_T,6,68121.878
FIN,1250,USD,OCC,DB,_T,6,57761.158
FIN,1250,USD,OCC,_T,_T,6,57761.158
FIN,1250,USD,PER,DCP,_T,6,448.32
FIN,1250,USD,PER,DCU,_T,6,694.552
FIN,1250,USD,PER,_T,_T,6,1142.871
FIN,1250,USD,_T,DB,_T,6,57761.158
FIN,1250,USD,_T,DCP,_T,6,448.32
FIN,1250,USD,_T,DCU,_T,6,694.552
FIN,1250,USD,_T,_T,_T,6,58904.029
FIN,1255,USD,OCC,DB,_T,6,8713.658
FIN,1255,USD,OCC,_T,_T,6,8713.658
FIN,1255,USD,PER,DCP,_T,6,197.781
FIN,1255,USD,PER,DCU,_T,6,306.409
FIN,1255,USD,PER,_T,_T,6,504.19
FIN,1255,USD,_T,DB,_T,6,8713.658
FIN,1255,USD,_T,DCP,_T,6,197.781
FIN,1255,USD,_T,DCU,_T,6,306.409
FIN,1255,USD,_T,_T,_T,6,9217.848
FIN,1260,USD,OCC,DB,_T,6,16482.86
FIN,1260,USD,OCC,_T,_T,6,16482.86
FIN,1260,USD,PER,DCP,_T,6,120.81
FIN,1260,USD,PER,DCU,_T,6,187.158
FIN,1260,USD,PER,_T,_T,6,307.969
FIN,1260,USD,_T,DB,_T,6,16482.86
FIN,1260,USD,_T,DCP,_T,6,120.81
FIN,1260,USD,_T,DCU,_T,6,187.158
FIN,1260,USD,_T,_T,_T,6,16790.829
FIN,1290,USD,OCC,DB,_T,6,19365.582
FIN,1290,USD,OCC,_T,_T,6,19365.582
FIN,1290,USD,PER,DCP,_T,6,3417.899
FIN,1290,USD,PER,DCU,_T,6,5295.123
FIN,1290,USD,PER,_T,_T,6,8713.022
FIN,1290,USD,_T,DB,_T,6,19365.582
FIN,1290,USD,_T,DCP,_T,6,3417.899
FIN,1290,USD,_T,DCU,_T,6,5295.123
FIN,1290,USD,_T,_T,_T,6,28078.604
FIN,2000,USD,OCC,DB,PF,6,122669.782
FIN,2000,USD,OCC,DB,PIC,6,6679.309
FIN,2000,USD,OCC,DB,_T,6,129349.091
FIN,2000,USD,OCC,_T,PF,6,122669.782
FIN,2000,USD,OCC,_T,PIC,6,6679.309
FIN,2000,USD,OCC,_T,_T,6,129349.091
FIN,2000,USD,PER,DCP,PIC,6,5418.809
FIN,2000,USD,PER,DCP,_T,6,5418.809
FIN,2000,USD,PER,DCU,PIC,6,8394.976
FIN,2000,USD,PER,DCU,_T,6,8394.976
FIN,2000,USD,PER,_T,PIC,6,13813.785
FIN,2000,USD,PER,_T,_T,6,13813.785
FIN,2000,USD,_T,DB,PF,6,122669.782
FIN,2000,USD,_T,DB,PIC,6,6679.309
FIN,2000,USD,_T,DB,_T,6,129349.091
FIN,2000,USD,_T,DCP,PIC,6,5418.809
FIN,2000,USD,_T,DCP,_T,6,5418.809
FIN,2000,USD,_T,DCU,PIC,6,8394.976
FIN,2000,USD,_T,DCU,_T,6,8394.976
FIN,2000,USD,_T,_T,PF,6,122669.782
FIN,2000,USD,_T,_T,PIC,6,20493.094
FIN,2000,USD,_T,_T,_T,6,143162.876
FIN,2100,USD,OCC,DB,_T,6,912.043
FIN,2100,USD,OCC,_T,_T,6,912.043
FIN,2100,USD,_T,DB,_T,6,912.043
FIN,2100,USD,_T,_T,_T,6,912.043
FIN,2200,USD,OCC,DB,_T,6,119258.814
FIN,2200,USD,OCC,_T,_T,6,119258.814
FIN,2200,USD,PER,DCP,_T,6,5418.809
FIN,2200,USD,PER,DCU,_T,6,8394.976
FIN,2200,USD,PER,_T,_T,6,13813.785
FIN,2200,USD,_T,DB,_T,6,119258.814
FIN,2200,USD,_T,DCP,_T,6,5418.809
FIN,2200,USD,_T,DCU,_T,6,8394.976
FIN,2200,USD,_T,_T,_T,6,133072.6
FIN,2300,USD,OCC,DB,_T,6,9178.222
FIN,2300,USD,OCC,_T,_T,6,9178.222
FIN,2300,USD,_T,DB,_T,6,9178.222
FIN,2300,USD,_T,_T,_T,6,9178.222
FIN,3100,PT_B1GQ,OCC,DB,_T,0,1.273
FIN,3100,PT_B1GQ,OCC,_T,_T,0,1.273
FIN,3100,PT_B1GQ,PER,DCP,_T,0,0.025
FIN,3100,PT_B1GQ,PER,DCU,_T,0,0.107
FIN,3100,PT_B1GQ,PER,_T,_T,0,0.132
FIN,3100,PT_B1GQ,_T,DB,_T,0,1.273
FIN,3100,PT_B1GQ,_T,DCP,_T,0,0.025
FIN,3100,PT_B1GQ,_T,DCU,_T,0,0.107
FIN,3100,PT_B1GQ,_T,_T,_T,0,1.405
FIN,3100,USD,OCC,DB,_T,6,3399.632
FIN,3100,USD,OCC,_T,_T,6,3399.632
FIN,3100,USD,PER,DCP,_T,6,65.612
FIN,3100,USD,PER,DCU,_T,6,285.567
FIN,3100,USD,PER,_T,_T,6,351.179
FIN,3100,USD,_T,DB,_T,6,3399.632
FIN,3100,USD,_T,DCP,_T,6,65.612
FIN,3100,USD,_T,DCU,_T,6,285.567
FIN,3100,USD,_T,_T,_T,6,3750.8
FIN,3200,USD,OCC,DB,_T,6,3399.632
FIN,3200,USD,OCC,_T,_T,6,3399.632
FIN,3200,USD,_T,DB,_T,6,3399.632
FIN,3200,USD,_T,_T,_T,6,3399.632
FIN,3300,USD,OCC,DB,_T,6,0
FIN,3300,USD,OCC,_T,_T,6,0
FIN,3300,USD,PER,DCP,_T,6,65.612
FIN,3300,USD,PER,DCU,_T,6,285.567
FIN,3300,USD,PER,_T,_T,6,351.179
FIN,3300,USD,_T,DB,_T,6,0
FIN,3300,USD,_T,DCP,_T,6,65.612
FIN,3300,USD,_T,DCU,_T,6,285.567
FIN,3300,USD,_T,_T,_T,6,351.179
FIN,5000,PS,_T,_T,PF,3,3076
FIN,5100,PS,_T,_T,PF,3,2285
FIN,5200,PS,_T,_T,PF,3,746
FIN,5300,PS,_T,_T,PF,3,791
FIN,OA,PT_B1GQ,OCC,_T,_T,0,54.876
FIN,PA,PT_B1GQ,PER,_T,_T,0,5.155
FRA,1000,PT_B1GQ,_T,_T,PF,0,1.307
FRA,1000,PT_B1GQ,_T,_T,PIC,0,8.668
FRA,1000,PT_B1GQ,_T,_T,_T,0,9.976
FRA,1000,USD,_T,_T,PF,6,35724.115
FRA,1000,USD,_T,_T,PIC,6,236845.269
FRA,1000,USD,_T,_T,_T,6,272569.384
FRA,2000,USD,OCC,DB,PIC,6,69166.606
FRA,2000,USD,OCC,DB,_T,6,69166.606
FRA,2000,USD,OCC,DCU,PF,6,22467.997
FRA,2000,USD,OCC,DCU,PIC,6,175164.999
FRA,2000,USD,OCC,DCU,_T,6,197632.997
FRA,2000,USD,OCC,_T,PF,6,22467.997
FRA,2000,USD,OCC,_T,PIC,6,244331.605
FRA,2000,USD,OCC,_T,_T,6,266799.602
FRA,2000,USD,PER,DCU,PIC,6,29928.496
FRA,2000,USD,PER,DCU,_T,6,29928.496
FRA,2000,USD,PER,_T,PIC,6,29928.496
FRA,2000,USD,PER,_T,_T,6,29928.496
FRA,2000,USD,_T,DB,PIC,6,69166.606
FRA,2000,USD,_T,DB,_T,6,69166.606
FRA,2000,USD,_T,DCU,PF,6,22467.997
FRA,2000,USD,_T,DCU,PIC,6,205093.495
FRA,2000,USD,_T,DCU,_T,6,227561.492
FRA,2000,USD,_T,_T,PF,6,35724.115
FRA,2000,USD,_T,_T,PIC,6,236845.269
FRA,2000,USD,_T,_T,_T,6,272569.384
FRA,2100,USD,OCC,DCU,_T,6,22467.997
FRA,2100,USD,OCC,_T,_T,6,22467.997
FRA,2100,USD,_T,DCU,_T,6,22467.997
FRA,2100,USD,_T,_T,_T,6,22467.997
FRA,2200,USD,OCC,DB,_T,6,69166.606
FRA,2200,USD,OCC,DCU,_T,6,175164.999
FRA,2200,USD,OCC,_T,_T,6,244331.605
FRA,2200,USD,PER,DCU,_T,6,29928.496
FRA,2200,USD,PER,_T,_T,6,29928.496
FRA,2200,USD,_T,DB,_T,6,69166.606
FRA,2200,USD,_T,DCU,_T,6,205093.495
FRA,2200,USD,_T,_T,_T,6,272569.384
FRA,3100,PT_B1GQ,_T,_T,_T,0,0.558
FRA,3100,USD,_T,_T,_T,6,15190.826
FRA,4000,PT_B1GQ,_T,_T,_T,0,0.281
FRA,4000,USD,_T,_T,_T,6,7656.312
FRA,5000,PS,_T,_T,PF,3,3566.306
FRA,5000,PS,_T,_T,PIC,3,15994.357
FRA,5000,PS,_T,_T,_T,3,19560.663
GBR,1000,PT_B1GQ,OCC,DBH,PF,0,101.293
GBR,1000,PT_B1GQ,OCC,DBH,_T,0,101.293
GBR,1000,PT_B1GQ,OCC,DCU,PF,0,6.533
GBR,1000,PT_B1GQ,OCC,DCU,_T,0,6.533
GBR,1000,PT_B1GQ,OCC,_T,PF,0,107.827
GBR,1000,PT_B1GQ,OCC,_T,_T,0,107.215
GBR,1000,PT_B1GQ,_T,DBH,PF,0,101.293
GBR,1000,PT_B1GQ,_T,DBH,_T,0,101.293
GBR,1000,PT_B1GQ,_T,DCU,PF,0,6.533
GBR,1000,PT_B1GQ,_T,DCU,_T,0,6.533
GBR,1000,PT_B1GQ,_T,_T,PF,0,107.215
GBR,1000,PT_B1GQ,_T,_T,_T,0,107.215
GBR,1000,USD,OCC,DBH,PF,6,2969152.666
GBR,1000,USD,OCC,DBH,_T,6,2969152.666
GBR,1000,USD,OCC,DCU,PF,6,191509.602
GBR,1000,USD,OCC,DCU,_T,6,191509.602
GBR,1000,USD,OCC,_T,PF,6,3160662.268
GBR,1000,USD,OCC,_T,_T,6,3142717.305
GBR,1000,USD,_T,DBH,PF,6,2969152.666
GBR,1000,USD,_T,DBH,_T,6,2969152.666
GBR,1000,USD,_T,DCU,PF,6,191509.602
GBR,1000,USD,_T,DCU,_T,6,191509.602
GBR,1000,USD,_T,_T,PF,6,3142717.305
GBR,1000,USD,_T,_T,_T,6,3142717.305
GBR,1121,USD,OCC,_T,_T,6,404867.814
GBR,1121,USD,_T,_T,_T,6,404867.814
GBR,1131,USD,OCC,_T,_T,6,16394.002
GBR,1131,USD,_T,_T,_T,6,16394.002
GBR,1141,USD,OCC,_T,_T,6,155403.171
GBR,1141,USD,_T,_T,_T,6,155403.171
GBR,1151,USD,OCC,_T,_T,6,233070.641
GBR,1151,USD,_T,_T,_T,6,233070.641
GBR,1172,USD,OCC,_T,_T,6,15118.592
GBR,1172,USD,_T,_T,_T,6,15118.592
GBR,1210,USD,OCC,_T,_T,6,67622.962
GBR,1210,USD,_T,_T,_T,6,67622.962
GBR,1215,USD,OCC,_T,_T,6,984088.869
GBR,1215,USD,_T,_T,_T,6,984088.869
GBR,1220,USD,OCC,_T,_T,6,689382.607
GBR,1220,USD,_T,_T,_T,6,689382.607
GBR,1230,USD,OCC,_T,_T,6,294706.262
GBR,1230,USD,_T,_T,_T,6,294706.262
GBR,1240,USD,OCC,_T,_T,6,80380.996
GBR,1240,USD,_T,_T,_T,6,80380.996
GBR,1245,USD,OCC,_T,_T,6,359837.451
GBR,1245,USD,_T,_T,_T,6,359837.451
GBR,1250,USD,OCC,_T,_T,6,219828.423
GBR,1250,USD,_T,_T,_T,6,219828.423
GBR,1255,USD,OCC,_T,_T,6,140009.028
GBR,1255,USD,_T,_T,_T,6,140009.028
GBR,1260,USD,OCC,_T,_T,6,59575.546
GBR,1260,USD,_T,_T,_T,6,59575.546
GBR,1270,USD,OCC,DBH,_T,6,1184040.845
GBR,1270,USD,OCC,DCU,_T,6,183513.36
GBR,1270,USD,OCC,_T,_T,6,1367552.893
GBR,1270,USD,_T,DBH,_T,6,1184040.845
GBR,1270,USD,_T,DCU,_T,6,183513.36
GBR,1270,USD,_T,_T,_T,6,1367552.893
GBR,1274,USD,OCC,DBH,_T,6,285577.635
GBR,1274,USD,OCC,DCU,_T,6,23878.505
GBR,1274,USD,OCC,_T,_T,6,309456.14
GBR,1274,USD,_T,DBH,_T,6,285577.635
GBR,1274,USD,_T,DCU,_T,6,23878.505
GBR,1274,USD,_T,_T,_T,6,309456.14
GBR,1276,USD,OCC,DBH,_T,6,407985.482
GBR,1276,USD,OCC,DCU,_T,6,66792.371
GBR,1276,USD,OCC,_T,_T,6,474777.853
GBR,1276,USD,_T,DBH,_T,6,407985.482
GBR,1276,USD,_T,DCU,_T,6,66792.371
GBR,1276,USD,_T,_T,_T,6,474777.853
GBR,1277,USD,OCC,DBH,_T,6,63056.68
GBR,1277,USD,OCC,DCU,_T,6,4748.671
GBR,1277,USD,OCC,_T,_T,6,67805.35
GBR,1277,USD,_T,DBH,_T,6,63056.68
GBR,1277,USD,_T,DCU,_T,6,4748.671
GBR,1277,USD,_T,_T,_T,6,67805.35
GBR,1278,USD,OCC,DBH,_T,6,427421.048
GBR,1278,USD,OCC,DCU,_T,6,88093.813
GBR,1278,USD,OCC,_T,_T,6,515514.861
GBR,1278,USD,_T,DBH,_T,6,427421.048
GBR,1278,USD,_T,DCU,_T,6,88093.813
GBR,1278,USD,_T,_T,_T,6,515514.861
GBR,1280,USD,OCC,DBH,_T,6,144081.941
GBR,1280,USD,OCC,DCU,_T,6,303.107
GBR,1280,USD,OCC,_T,_T,6,144385.048
GBR,1280,USD,_T,DBH,_T,6,144081.941
GBR,1280,USD,_T,DCU,_T,6,303.107
GBR,1280,USD,_T,_T,_T,6,144385.048
GBR,1284,USD,OCC,DBH,_T,6,47944.648
GBR,1284,USD,OCC,DCU,_T,6,1788.46
GBR,1284,USD,OCC,_T,_T,6,49733.109
GBR,1284,USD,_T,DBH,_T,6,47944.648
GBR,1284,USD,_T,DCU,_T,6,1788.46
GBR,1284,USD,_T,_T,_T,6,49733.109
GBR,1286,USD,OCC,DBH,_T,6,24350.879
GBR,1286,USD,OCC,DCU,_T,6,495.993
GBR,1286,USD,OCC,_T,_T,6,24846.872
GBR,1286,USD,_T,DBH,_T,6,24350.879
GBR,1286,USD,_T,DCU,_T,6,495.993
GBR,1286,USD,_T,_T,_T,6,24846.872
GBR,1290,USD,OCC,_T,_T,6,4693.56
GBR,1290,USD,_T,_T,_T,6,4693.56
GBR,2000,USD,OCC,_T,_T,6,3647883.24
GBR,2000,USD,_T,_T,PF,6,3647883.24
GBR,2000,USD,_T,_T,_T,6,3647883.24
GBR,2200,USD,OCC,DBH,_T,6,3206029.854
GBR,2200,USD,OCC,DCU,_T,6,191509.602
GBR,2200,USD,OCC,_T,_T,6,3397539.456
GBR,2200,USD,_T,DBH,_T,6,3206029.854
GBR,2200,USD,_T,DCU,_T,6,191509.602
GBR,2200,USD,_T,_T,_T,6,3397539.456
GBR,2300,USD,OCC,_T,_T,6,250343.783
GBR,2300,USD,_T,_T,_T,6,250343.783
GBR,3100,PT_B1GQ,OCC,DBH,_T,0,1.783
GBR,3100,PT_B1GQ,OCC,DCU,_T,0,0.909
GBR,3100,PT_B1GQ,OCC,_T,_T,0,2.693
GBR,3100,PT_B1GQ,_T,DBH,_T,0,1.783
GBR,3100,PT_B1GQ,_T,DCU,_T,0,0.909
GBR,3100,PT_B1GQ,_T,_T,_T,0,2.693
GBR,3100,USD,OCC,DBH,_T,6,50847.22
GBR,3100,USD,OCC,DCU,_T,6,25929.07
GBR,3100,USD,OCC,_T,_T,6,76776.289
GBR,3100,USD,_T,DBH,_T,6,50847.22
GBR,3100,USD,_T,DCU,_T,6,25929.07
GBR,3100,USD,_T,_T,_T,6,76776.289
GBR,3200,USD,OCC,DBH,_T,6,45804.109
GBR,3200,USD,OCC,DCU,_T,6,17947.654
GBR,3200,USD,OCC,_T,_T,6,63751.763
GBR,3200,USD,_T,DBH,_T,6,45804.109
GBR,3200,USD,_T,DCU,_T,6,17947.654
GBR,3200,USD,_T,_T,_T,6,63751.763
GBR,3300,USD,OCC,DBH,_T,6,5043.111
GBR,3300,USD,OCC,DCU,_T,6,7981.415
GBR,3300,USD,OCC,_T,_T,6,13024.526
GBR,3300,USD,_T,DBH,_T,6,5043.111
GBR,3300,USD,_T,DCU,_T,6,7981.415
GBR,3300,USD,_T,_T,_T,6,13024.526
GBR,3400,USD,OCC,_T,_T,6,11446.879
GBR,3400,USD,_T,_T,_T,6,11446.879
GBR,4000,PT_B1GQ,OCC,_T,_T,0,2.841
GBR,4000,PT_B1GQ,_T,_T,_T,0,2.841
GBR,4000,USD,OCC,_T,_T,6,81001.219
GBR,4000,USD,_T,_T,_T,6,81001.219
GBR,4100,USD,OCC,_T,_T,6,13994.601
GBR,4100,USD,_T,_T,_T,6,13994.601
GBR,4200,USD,OCC,_T,_T,6,67006.618
GBR,4200,USD,_T,_T,_T,6,67006.618
GBR,4500,USD,OCC,_T,_T,6,41220.507
GBR,4500,USD,_T,_T,_T,6,41220.507
GBR,5000,PS,OCC,DBH,PF,3,18323.572
GBR,5000,PS,OCC,DBH,_T,3,18323.572
GBR,5000,PS,OCC,DCU,PF,3,22430.081
GBR,5000,PS,OCC,DCU,_T,3,22430.081
GBR,5000,PS,OCC,_T,PF,3,40753.653
GBR,5000,PS,OCC,_T,_T,3,40753.653
GBR,5000,PS,_T,DBH,PF,3,18323.572
GBR,5000,PS,_T,DBH,_T,3,18323.572
GBR,5000,PS,_T,DCU,PF,3,22430.081
GBR,5000,PS,_T,DCU,_T,3,22430.081
GBR,5000,PS,_T,_T,PF,3,40753.653
GBR,5000,PS,_T,_T,_T,3,40753.653
GBR,5100,PS,OCC,DBH,PF,3,11443.805
GBR,5100,PS,OCC,DBH,_T,3,11443.805
GBR,5100,PS,OCC,DCU,PF,3,22430.081
GBR,5100,PS,OCC,DCU,_T,3,22430.081
GBR,5100,PS,OCC,_T,PF,3,33873.886
GBR,5100,PS,OCC,_T,_T,3,33873.886
GBR,5100,PS,_T,DBH,PF,3,11443.805
GBR,5100,PS,_T,DBH,_T,3,11443.805
GBR,5100,PS,_T,DCU,PF,3,22430.081
GBR,5100,PS,_T,DCU,_T,3,22430.081
GBR,5100,PS,_T,_T,PF,3,33873.886
GBR,5100,PS,_T,_T,_T,3,33873.886
GBR,5200,PS,OCC,DBH,PF,3,8178.231
GBR,5200,PS,OCC,DBH,_T,3,8178.231
GBR,5200,PS,OCC,_T,PF,3,8178.231
GBR,5200,PS,_T,DBH,PF,3,8178.231
GBR,5200,PS,_T,DBH,_T,3,8178.231
GBR,5300,PS,OCC,DBH,PF,3,6879.767
GBR,5300,PS,OCC,DBH,_T,3,6879.767
GBR,5300,PS,OCC,_T,PF,3,6879.767
GBR,5300,PS,OCC,_T,_T,3,6879.767
GBR,5300,PS,_T,DBH,PF,3,6879.767
GBR,5300,PS,_T,DBH,_T,3,6879.767
GBR,5300,PS,_T,_T,PF,3,6879.767
GBR,5300,PS,_T,_T,_T,3,6879.767
GBR,OA,PT_B1GQ,OCC,_T,_T,0,107.215
GEO,1000,PT_B1GQ,PER,DCU,PF,0,1.022
GEO,1000,PT_B1GQ,PER,DCU,_T,0,1.022
GEO,1000,PT_B1GQ,PER,_T,PF,0,1.022
GEO,1000,PT_B1GQ,PER,_T,_T,0,1.022
GEO,1000,PT_B1GQ,_T,DCU,PF,0,1.022
GEO,1000,PT_B1GQ,_T,DCU,_T,0,1.022
GEO,1000,PT_B1GQ,_T,_T,PF,0,1.022
GEO,1000,PT_B1GQ,_T,_T,_T,0,1.022
GEO,1000,USD,PER,DCU,PF,6,177.156
GEO,1000,USD,PER,DCU,_T,6,177.156
GEO,1000,USD,PER,_T,PF,6,177.156
GEO,1000,USD,PER,_T,_T,6,177.156
GEO,1000,USD,_T,DCU,PF,6,177.156
GEO,1000,USD,_T,DCU,_T,6,177.156
GEO,1000,USD,_T,_T,PF,6,177.156
GEO,1000,USD,_T,_T,_T,6,177.156
GEO,1110,USD,PER,DCU,_T,6,0
GEO,1110,USD,PER,_T,_T,6,0
GEO,1110,USD,_T,DCU,_T,6,0
GEO,1110,USD,_T,_T,_T,6,0
GEO,1121,USD,PER,DCU,_T,6,0
GEO,1121,USD,PER,_T,_T,6,0
GEO,1121,USD,_T,DCU,_T,6,0
GEO,1121,USD,_T,_T,_T,6,0
GEO,1122,USD,PER,DCU,_T,6,0
GEO,1122,USD,PER,_T,_T,6,0
GEO,1122,USD,_T,DCU,_T,6,0
GEO,1122,USD,_T,_T,_T,6,0
GEO,1131,USD,PER,DCU,_T,6,0
GEO,1131,USD,PER,_T,_T,6,0
GEO,1131,USD,_T,DCU,_T,6,0
GEO,1131,USD,_T,_T,_T,6,0
GEO,1141,USD,PER,DCU,_T,6,0
GEO,1141,USD,PER,_T,_T,6,0
GEO,1141,USD,_T,DCU,_T,6,0
GEO,1141,USD,_T,_T,_T,6,0
GEO,1151,USD,PER,DCU,_T,6,0
GEO,1151,USD,PER,_T,_T,6,0
GEO,1151,USD,_T,DCU,_T,6,0
GEO,1151,USD,_T,_T,_T,6,0
GEO,1161,USD,PER,DCU,_T,6,0
GEO,1161,USD,PER,_T,_T,6,0
GEO,1161,USD,_T,DCU,_T,6,0
GEO,1161,USD,_T,_T,_T,6,0
GEO,1171,USD,PER,DCU,_T,6,0
GEO,1171,USD,PER,_T,_T,6,0
GEO,1171,USD,_T,DCU,_T,6,0
GEO,1171,USD,_T,_T,_T,6,0
GEO,1172,USD,PER,DCU,_T,6,0
GEO,1172,USD,PER,_T,_T,6,0
GEO,1172,USD,_T,DCU,_T,6,0
GEO,1172,USD,_T,_T,_T,6,0
GEO,1210,USD,PER,DCU,_T,6,177.156
GEO,1210,USD,PER,_T,_T,6,177.156
GEO,1210,USD,_T,DCU,_T,6,177.156
GEO,1210,USD,_T,_T,_T,6,177.156
GEO,1215,USD,PER,DCU,_T,6,0
GEO,1215,USD,PER,_T,_T,6,0
GEO,1215,USD,_T,DCU,_T,6,0
GEO,1215,USD,_T,_T,_T,6,0
GEO,1220,USD,PER,DCU,_T,6,0
GEO,1220,USD,PER,_T,_T,6,0
GEO,1220,USD,_T,DCU,_T,6,0
GEO,1220,USD,_T,_T,_T,6,0
GEO,1230,USD,PER,DCU,_T,6,0
GEO,1230,USD,PER,_T,_T,6,0
GEO,1230,USD,_T,DCU,_T,6,0
GEO,1230,USD,_T,_T,_T,6,0
GEO,1240,USD,PER,DCU,_T,6,0
GEO,1240,USD,PER,_T,_T,6,0
GEO,1240,USD,_T,DCU,_T,6,0
GEO,1240,USD,_T,_T,_T,6,0
GEO,1245,USD,PER,DCU,_T,6,0
GEO,1245,USD,PER,_T,_T,6,0
GEO,1245,USD,_T,DCU,_T,6,0
GEO,1245,USD,_T,_T,_T,6,0
GEO,1250,USD,PER,DCU,_T,6,0
GEO,1250,USD,PER,_T,_T,6,0
GEO,1250,USD,_T,DCU,_T,6,0
GEO,1250,USD,_T,_T,_T,6,0
GEO,1255,USD,PER,DCU,_T,6,0
GEO,1255,USD,PER,_T,_T,6,0
GEO,1255,USD,_T,DCU,_T,6,0
GEO,1255,USD,_T,_T,_T,6,0
GEO,1260,USD,PER,DCU,_T,6,0
GEO,1260,USD,PER,_T,_T,6,0
GEO,1260,USD,_T,DCU,_T,6,0
GEO,1260,USD,_T,_T,_T,6,0
GEO,1270,USD,PER,DCU,_T,6,0
GEO,1270,USD,PER,_T,_T,6,0
GEO,1270,USD,_T,DCU,_T,6,0
GEO,1270,USD,_T,_T,_T,6,0
GEO,1272,USD,PER,DCU,_T,6,0
GEO,1272,USD,PER,_T,_T,6,0
GEO,1272,USD,_T,DCU,_T,6,0
GEO,1272,USD,_T,_T,_T,6,0
GEO,1274,USD,PER,DCU,_T,6,0
GEO,1274,USD,PER,_T,_T,6,0
GEO,1274,USD,_T,DCU,_T,6,0
GEO,1274,USD,_T,_T,_T,6,0
GEO,1276,USD,PER,DCU,_T,6,0
GEO,1276,USD,PER,_T,_T,6,0
GEO,1276,USD,_T,DCU,_T,6,0
GEO,1276,USD,_T,_T,_T,6,0
GEO,1277,USD,PER,DCU,_T,6,0
GEO,1277,USD,PER,_T,_T,6,0
GEO,1277,USD,_T,DCU,_T,6,0
GEO,1277,USD,_T,_T,_T,6,0
GEO,1278,USD,PER,DCU,_T,6,0
GEO,1278,USD,PER,_T,_T,6,0
GEO,1278,USD,_T,DCU,_T,6,0
GEO,1278,USD,_T,_T,_T,6,0
GEO,1280,USD,PER,DCU,_T,6,0
GEO,1280,USD,PER,_T,_T,6,0
GEO,1280,USD,_T,DCU,_T,6,0
GEO,1280,USD,_T,_T,_T,6,0
GEO,1284,USD,PER,DCU,_T,6,0
GEO,1284,USD,PER,_T,_T,6,0
GEO,1284,USD,_T,DCU,_T,6,0
GEO,1284,USD,_T,_T,_T,6,0
GEO,1286,USD,PER,DCU,_T,6,0
GEO,1286,USD,PER,_T,_T,6,0
GEO,1286,USD,_T,DCU,_T,6,0
GEO,1286,USD,_T,_T,_T,6,0
GEO,1289,USD,PER,DCU,_T,6,0
GEO,1289,USD,PER,_T,_T,6,0
GEO,1289,USD,_T,DCU,_T,6,0
GEO,1289,USD,_T,_T,_T,6,0
GEO,1290,USD,PER,DCU,_T,6,0
GEO,1290,USD,PER,_T,_T,6,0
GEO,1290,USD,_T,DCU,_T,6,0
GEO,1290,USD,_T,_T,_T,6,0
GEO,2000,USD,PER,DCU,PF,6,177.156
GEO,2000,USD,PER,DCU,_T,6,177.156
GEO,2000,USD,PER,_T,PF,6,177.156
GEO,2000,USD,PER,_T,_T,6,177.156
GEO,2000,USD,_T,DCU,PF,6,177.156
GEO,2000,USD,_T,DCU,_T,6,177.156
GEO,2000,USD,_T,_T,PF,6,177.156
GEO,2000,USD,_T,_T,_T,6,177.156
GEO,3000,USD,PER,DCU,_T,6,6.047
GEO,3000,USD,PER,_T,_T,6,6.047
GEO,3000,USD,_T,DCU,_T,6,6.047
GEO,3000,USD,_T,_T,_T,6,6.046
GEO,3010,USD,PER,DCU,_T,6,6.047
GEO,3010,USD,PER,_T,_T,6,6.047
GEO,3010,USD,_T,DCU,_T,6,6.047
GEO,3010,USD,_T,_T,_T,6,6.046
GEO,3100,PT_B1GQ,PER,DCU,_T,0,1.103
GEO,3100,PT_B1GQ,PER,_T,_T,0,1.103
GEO,3100,PT_B1GQ,_T,DCU,_T,0,1.103
GEO,3100,PT_B1GQ,_T,_T,_T,0,1.103
GEO,3100,USD,PER,DCU,_T,6,194.566
GEO,3100,USD,PER,_T,_T,6,194.566
GEO,3100,USD,_T,DCU,_T,6,194.566
GEO,3100,USD,_T,_T,_T,6,194.566
GEO,3200,USD,PER,DCU,_T,6,67.948
GEO,3200,USD,PER,_T,_T,6,67.948
GEO,3200,USD,_T,DCU,_T,6,67.948
GEO,3200,USD,_T,_T,_T,6,67.948
GEO,3300,USD,PER,DCU,_T,6,67.948
GEO,3300,USD,PER,_T,_T,6,67.948
GEO,3300,USD,_T,DCU,_T,6,67.948
GEO,3300,USD,_T,_T,_T,6,67.948
GEO,3400,USD,PER,DCU,_T,6,58.669
GEO,3400,USD,PER,_T,_T,6,58.669
GEO,3400,USD,_T,DCU,_T,6,58.669
GEO,3400,USD,_T,_T,_T,6,58.669
GEO,4000,PT_B1GQ,PER,DCU,_T,0,0.115
GEO,4000,PT_B1GQ,PER,_T,_T,0,0.115
GEO,4000,PT_B1GQ,_T,DCU,_T,0,0.115
GEO,4000,PT_B1GQ,_T,_T,_T,0,0.115
GEO,4000,USD,PER,DCU,_T,6,20.34
GEO,4000,USD,PER,_T,_T,6,20.34
GEO,4000,USD,_T,DCU,_T,6,20.34
GEO,4000,USD,_T,_T,_T,6,20.34
GEO,4100,USD,PER,DCU,_T,6,20.34
GEO,4100,USD,PER,_T,_T,6,20.34
GEO,4100,USD,_T,DCU,_T,6,20.34
GEO,4100,USD,_T,_T,_T,6,20.34
GEO,4200,USD,PER,DCU,_T,6,0
GEO,4200,USD,PER,_T,_T,6,0
GEO,4200,USD,_T,DCU,_T,6,0
GEO,4200,USD,_T,_T,_T,6,0
GEO,5000,PS,PER,DCU,PF,3,795
GEO,5000,PS,PER,DCU,_T,3,795
GEO,5000,PS,PER,_T,PF,3,795
GEO,5000,PS,PER,_T,_T,3,795
GEO,5000,PS,_T,DCU,PF,3,795
GEO,5000,PS,_T,DCU,_T,3,795
GEO,5000,PS,_T,_T,PF,3,795
GEO,5000,PS,_T,_T,_T,3,795
GEO,5100,PS,PER,DCU,PF,3,795
GEO,5100,PS,PER,DCU,_T,3,795
GEO,5100,PS,PER,_T,PF,3,795
GEO,5100,PS,PER,_T,_T,3,795
GEO,5100,PS,_T,DCU,PF,3,795
GEO,5100,PS,_T,DCU,_T,3,795
GEO,5100,PS,_T,_T,PF,3,795
GEO,5100,PS,_T,_T,_T,3,795
GEO,PA,PT_B1GQ,PER,_T,_T,0,1.022
GHA,1000,PT_B1GQ,OCC,DCU,PF,0,4.87
GHA,1000,PT_B1GQ,OCC,DCU,_T,0,4.87
GHA,1000,PT_B1GQ,OCC,_T,PF,0,4.87
GHA,1000,PT_B1GQ,OCC,_T,_T,0,4.87
GHA,1000,PT_B1GQ,_T,DCU,PF,0,4.87
GHA,1000,PT_B1GQ,_T,DCU,_T,0,4.87
GHA,1000,PT_B1GQ,_T,_T,PF,0,4.87
GHA,1000,PT_B1GQ,_T,_T,_T,0,4.87
GHA,1000,USD,OCC,DCU,PF,6,3137.731
GHA,1000,USD,OCC,DCU,_T,6,3137.731
GHA,1000,USD,OCC,_T,PF,6,3137.731
GHA,1000,USD,OCC,_T,_T,6,3137.731
GHA,1000,USD,_T,DCU,PF,6,3137.731
GHA,1000,USD,_T,DCU,_T,6,3137.731
GHA,1000,USD,_T,_T,PF,6,3137.731
GHA,1000,USD,_T,_T,_T,6,3137.731
GHA,1210,USD,OCC,DCU,_T,6,29.03
GHA,1210,USD,OCC,_T,_T,6,29.03
GHA,1210,USD,_T,DCU,_T,6,29.03
GHA,1210,USD,_T,_T,_T,6,29.03
GHA,1215,USD,OCC,DCU,_T,6,2551.866
GHA,1215,USD,OCC,_T,_T,6,2551.866
GHA,1215,USD,_T,DCU,_T,6,2551.866
GHA,1215,USD,_T,_T,_T,6,2551.866
GHA,1220,USD,OCC,DCU,_T,6,2449.421
GHA,1220,USD,OCC,_T,_T,6,2449.421
GHA,1220,USD,_T,DCU,_T,6,2449.421
GHA,1220,USD,_T,_T,_T,6,2449.421
GHA,1230,USD,OCC,DCU,_T,6,102.445
GHA,1230,USD,OCC,_T,_T,6,102.445
GHA,1230,USD,_T,DCU,_T,6,102.445
GHA,1230,USD,_T,_T,_T,6,102.445
GHA,1245,USD,OCC,DCU,_T,6,60.574
GHA,1245,USD,OCC,_T,_T,6,60.574
GHA,1245,USD,_T,DCU,_T,6,60.574
GHA,1245,USD,_T,_T,_T,6,60.574
GHA,1270,USD,OCC,DCU,_T,6,74.377
GHA,1270,USD,OCC,_T,_T,6,74.377
GHA,1270,USD,_T,DCU,_T,6,74.377
GHA,1270,USD,_T,_T,_T,6,74.377
GHA,1290,USD,OCC,DCU,_T,6,63.54
GHA,1290,USD,OCC,_T,_T,6,63.54
GHA,1290,USD,_T,DCU,_T,6,63.54
GHA,1290,USD,_T,_T,_T,6,63.54
GHA,5000,PS,_T,_T,PF,3,1750
GHA,5000,PS,_T,_T,_T,3,1750
GHA,OA,PT_B1GQ,OCC,_T,_T,0,4.87
GRC,1000,PT_B1GQ,_T,_T,PF,0,0.841
GRC,1000,PT_B1GQ,_T,_T,_T,0,0.841
GRC,1000,USD,_T,_T,PF,6,1749.994
GRC,1000,USD,_T,_T,_T,6,1749.994
GRC,1210,USD,_T,_T,_T,6,211.199
GRC,1215,USD,_T,_T,_T,6,904.337
GRC,1245,USD,_T,_T,_T,6,283.097
GRC,1270,USD,_T,_T,_T,6,326.909
GRC,1290,USD,_T,_T,_T,6,25.838
GRC,3000,USD,_T,_T,_T,6,170.16
GUY,1000,PT_B1GQ,OCC,DB,PF,0,5.693
GUY,1000,PT_B1GQ,OCC,DB,_T,0,5.693
GUY,1000,PT_B1GQ,OCC,DCP,PF,0,0.74
GUY,1000,PT_B1GQ,OCC,DCP,_T,0,0.74
GUY,1000,PT_B1GQ,OCC,DCU,PF,0,0.087
GUY,1000,PT_B1GQ,OCC,DCU,_T,0,0.087
GUY,1000,PT_B1GQ,OCC,_T,PF,0,6.519
GUY,1000,PT_B1GQ,OCC,_T,_T,0,6.519
GUY,1000,PT_B1GQ,_T,DB,PF,0,5.693
GUY,1000,PT_B1GQ,_T,DB,_T,0,5.693
GUY,1000,PT_B1GQ,_T,DCP,PF,0,0.74
GUY,1000,PT_B1GQ,_T,DCP,_T,0,0.74
GUY,1000,PT_B1GQ,_T,DCU,PF,0,0.087
GUY,1000,PT_B1GQ,_T,DCU,_T,0,0.087
GUY,1000,PT_B1GQ,_T,_T,PF,0,6.519
GUY,1000,PT_B1GQ,_T,_T,_T,0,6.519
GUY,1000,USD,OCC,DB,PF,6,294.536
GUY,1000,USD,OCC,DB,_T,6,294.536
GUY,1000,USD,OCC,DCP,PF,6,38.278
GUY,1000,USD,OCC,DCP,_T,6,38.278
GUY,1000,USD,OCC,DCU,PF,6,4.489
GUY,1000,USD,OCC,DCU,_T,6,4.489
GUY,1000,USD,OCC,_T,PF,6,337.303
GUY,1000,USD,OCC,_T,_T,6,337.303
GUY,1000,USD,_T,DB,PF,6,294.536
GUY,1000,USD,_T,DB,_T,6,294.536
GUY,1000,USD,_T,DCP,PF,6,38.278
GUY,1000,USD,_T,DCP,_T,6,38.278
GUY,1000,USD,_T,DCU,PF,6,4.489
GUY,1000,USD,_T,DCU,_T,6,4.489
GUY,1000,USD,_T,_T,PF,6,337.303
GUY,1000,USD,_T,_T,_T,6,337.303
GUY,1121,USD,OCC,DB,_T,6,82.199
GUY,1121,USD,OCC,DCP,_T,6,0
GUY,1121,USD,OCC,DCU,_T,6,2.662
GUY,1121,USD,OCC,_T,_T,6,84.861
GUY,1121,USD,_T,DB,_T,6,82.199
GUY,1121,USD,_T,DCP,_T,6,0
GUY,1121,USD,_T,DCU,_T,6,2.662
GUY,1121,USD,_T,_T,_T,6,84.861
GUY,1122,USD,OCC,DB,_T,6,82.199
GUY,1122,USD,OCC,DCP,_T,6,0
GUY,1122,USD,OCC,DCU,_T,6,2.662
GUY,1122,USD,OCC,_T,_T,6,84.861
GUY,1122,USD,_T,DB,_T,6,82.199
GUY,1122,USD,_T,DCP,_T,6,0
GUY,1122,USD,_T,DCU,_T,6,2.662
GUY,1122,USD,_T,_T,_T,6,84.861
GUY,1131,USD,OCC,DB,_T,6,25.813
GUY,1131,USD,OCC,DCP,_T,6,0
GUY,1131,USD,OCC,DCU,_T,6,0
GUY,1131,USD,OCC,_T,_T,6,25.813
GUY,1131,USD,_T,DB,_T,6,25.813
GUY,1131,USD,_T,DCP,_T,6,0
GUY,1131,USD,_T,DCU,_T,6,0
GUY,1131,USD,_T,_T,_T,6,25.813
GUY,1141,USD,OCC,DB,_T,6,44.529
GUY,1141,USD,OCC,DCP,_T,6,0
GUY,1141,USD,OCC,DCU,_T,6,0.947
GUY,1141,USD,OCC,_T,_T,6,45.475
GUY,1141,USD,_T,DB,_T,6,44.529
GUY,1141,USD,_T,DCP,_T,6,0
GUY,1141,USD,_T,DCU,_T,6,0.947
GUY,1141,USD,_T,_T,_T,6,45.475
GUY,1151,USD,OCC,DB,_T,6,11.857
GUY,1151,USD,OCC,DCP,_T,6,0
GUY,1151,USD,OCC,DCU,_T,6,1.716
GUY,1151,USD,OCC,_T,_T,6,13.573
GUY,1151,USD,_T,DB,_T,6,11.857
GUY,1151,USD,_T,DCP,_T,6,0
GUY,1151,USD,_T,DCU,_T,6,1.716
GUY,1151,USD,_T,_T,_T,6,13.573
GUY,1210,USD,OCC,DB,_T,6,66.04
GUY,1210,USD,OCC,DCP,_T,6,0.319
GUY,1210,USD,OCC,DCU,_T,6,0.261
GUY,1210,USD,OCC,_T,_T,6,66.619
GUY,1210,USD,_T,DB,_T,6,66.04
GUY,1210,USD,_T,DCP,_T,6,0.319
GUY,1210,USD,_T,DCU,_T,6,0.261
GUY,1210,USD,_T,_T,_T,6,66.619
GUY,1215,USD,OCC,DB,_T,6,52.206
GUY,1215,USD,OCC,DCP,_T,6,0
GUY,1215,USD,OCC,DCU,_T,6,1.03
GUY,1215,USD,OCC,_T,_T,6,53.236
GUY,1215,USD,_T,DB,_T,6,52.206
GUY,1215,USD,_T,DCP,_T,6,0
GUY,1215,USD,_T,DCU,_T,6,1.03
GUY,1215,USD,_T,_T,_T,6,53.236
GUY,1220,USD,OCC,DB,_T,6,17.084
GUY,1220,USD,OCC,DCP,_T,6,0
GUY,1220,USD,OCC,DCU,_T,6,0.022
GUY,1220,USD,OCC,_T,_T,6,17.106
GUY,1220,USD,_T,DB,_T,6,17.084
GUY,1220,USD,_T,DCP,_T,6,0
GUY,1220,USD,_T,DCU,_T,6,0.022
GUY,1220,USD,_T,_T,_T,6,17.106
GUY,1230,USD,OCC,DB,_T,6,35.122
GUY,1230,USD,OCC,DCP,_T,6,0
GUY,1230,USD,OCC,DCU,_T,6,1.008
GUY,1230,USD,OCC,_T,_T,6,36.13
GUY,1230,USD,_T,DB,_T,6,35.122
GUY,1230,USD,_T,DCP,_T,6,0
GUY,1230,USD,_T,DCU,_T,6,1.008
GUY,1230,USD,_T,_T,_T,6,36.13
GUY,1240,USD,OCC,DB,_T,6,1.262
GUY,1240,USD,OCC,DCP,_T,6,0
GUY,1240,USD,OCC,DCU,_T,6,0
GUY,1240,USD,OCC,_T,_T,6,1.262
GUY,1240,USD,_T,DB,_T,6,1.262
GUY,1240,USD,_T,DCP,_T,6,0
GUY,1240,USD,_T,DCU,_T,6,0
GUY,1240,USD,_T,_T,_T,6,1.262
GUY,1245,USD,OCC,DB,_T,6,132.34
GUY,1245,USD,OCC,DCP,_T,6,0
GUY,1245,USD,OCC,DCU,_T,6,3.042
GUY,1245,USD,OCC,_T,_T,6,135.381
GUY,1245,USD,_T,DB,_T,6,132.34
GUY,1245,USD,_T,DCP,_T,6,0
GUY,1245,USD,_T,DCU,_T,6,3.042
GUY,1245,USD,_T,_T,_T,6,135.381
GUY,1250,USD,OCC,DB,_T,6,132.303
GUY,1250,USD,OCC,DCP,_T,6,0
GUY,1250,USD,OCC,DCU,_T,6,3.042
GUY,1250,USD,OCC,_T,_T,6,135.345
GUY,1250,USD,_T,DB,_T,6,132.303
GUY,1250,USD,_T,DCP,_T,6,0
GUY,1250,USD,_T,DCU,_T,6,3.042
GUY,1250,USD,_T,_T,_T,6,135.345
GUY,1255,USD,OCC,DB,_T,6,0.037
GUY,1255,USD,OCC,DCP,_T,6,0
GUY,1255,USD,OCC,DCU,_T,6,0
GUY,1255,USD,OCC,_T,_T,6,0.037
GUY,1255,USD,_T,DB,_T,6,0.037
GUY,1255,USD,_T,DCP,_T,6,0
GUY,1255,USD,_T,DCU,_T,6,0
GUY,1255,USD,_T,_T,_T,6,0.037
GUY,1260,USD,OCC,DB,_T,6,0
GUY,1260,USD,OCC,DCP,_T,6,0
GUY,1260,USD,OCC,DCU,_T,6,0
GUY,1260,USD,OCC,_T,_T,6,0
GUY,1260,USD,_T,DB,_T,6,0
GUY,1260,USD,_T,DCP,_T,6,0
GUY,1260,USD,_T,DCU,_T,6,0
GUY,1260,USD,_T,_T,_T,6,0
GUY,1270,USD,OCC,DB,_T,6,15.23
GUY,1270,USD,OCC,DCP,_T,6,0
GUY,1270,USD,OCC,DCU,_T,6,0.156
GUY,1270,USD,OCC,_T,_T,6,15.386
GUY,1270,USD,_T,DB,_T,6,15.23
GUY,1270,USD,_T,DCP,_T,6,0
GUY,1270,USD,_T,DCU,_T,6,0.156
GUY,1270,USD,_T,_T,_T,6,15.386
GUY,1278,USD,OCC,DB,_T,6,15.23
GUY,1278,USD,OCC,DCP,_T,6,0
GUY,1278,USD,OCC,DCU,_T,6,0.156
GUY,1278,USD,OCC,_T,_T,6,15.386
GUY,1278,USD,_T,DB,_T,6,15.23
GUY,1278,USD,_T,DCP,_T,6,0
GUY,1278,USD,_T,DCU,_T,6,0.156
GUY,1278,USD,_T,_T,_T,6,15.386
GUY,1280,USD,OCC,DB,_T,6,0
GUY,1280,USD,OCC,DCP,_T,6,0
GUY,1280,USD,OCC,DCU,_T,6,0
GUY,1280,USD,OCC,_T,_T,6,0
GUY,1280,USD,_T,DB,_T,6,0
GUY,1280,USD,_T,DCP,_T,6,0
GUY,1280,USD,_T,DCU,_T,6,0
GUY,1280,USD,_T,_T,_T,6,0
GUY,1284,USD,OCC,DB,_T,6,0
GUY,1284,USD,OCC,DCP,_T,6,0
GUY,1284,USD,OCC,DCU,_T,6,0
GUY,1284,USD,OCC,_T,_T,6,0
GUY,1284,USD,_T,DB,_T,6,0
GUY,1284,USD,_T,DCP,_T,6,0
GUY,1284,USD,_T,DCU,_T,6,0
GUY,1284,USD,_T,_T,_T,6,0
GUY,1286,USD,OCC,DB,_T,6,0
GUY,1286,USD,OCC,DCP,_T,6,0
GUY,1286,USD,OCC,DCU,_T,6,0
GUY,1286,USD,OCC,_T,_T,6,0
GUY,1286,USD,_T,DB,_T,6,0
GUY,1286,USD,_T,DCP,_T,6,0
GUY,1286,USD,_T,DCU,_T,6,0
GUY,1286,USD,_T,_T,_T,6,0
GUY,1289,USD,OCC,DB,_T,6,0
GUY,1289,USD,OCC,DCP,_T,6,0
GUY,1289,USD,OCC,DCU,_T,6,0
GUY,1289,USD,OCC,_T,_T,6,0
GUY,1289,USD,_T,DB,_T,6,0
GUY,1289,USD,_T,DCP,_T,6,0
GUY,1289,USD,_T,DCU,_T,6,0
GUY,1289,USD,_T,_T,_T,6,0
GUY,1290,USD,OCC,DB,_T,6,27.459
GUY,1290,USD,OCC,DCP,_T,6,37.959
GUY,1290,USD,OCC,DCU,_T,6,0
GUY,1290,USD,OCC,_T,_T,6,65.419
GUY,1290,USD,_T,DB,_T,6,27.459
GUY,1290,USD,_T,DCP,_T,6,37.959
GUY,1290,USD,_T,DCU,_T,6,0
GUY,1290,USD,_T,_T,_T,6,65.419
GUY,2000,USD,OCC,DB,PF,6,314.261
GUY,2000,USD,OCC,DB,_T,6,314.261
GUY,2000,USD,OCC,DCP,PF,6,38.297
GUY,2000,USD,OCC,DCP,_T,6,38.297
GUY,2000,USD,OCC,DCU,PF,6,5.14
GUY,2000,USD,OCC,DCU,_T,6,5.14
GUY,2000,USD,OCC,_T,PF,6,357.698
GUY,2000,USD,OCC,_T,_T,6,357.698
GUY,2000,USD,_T,DB,PF,6,314.261
GUY,2000,USD,_T,DB,_T,6,314.261
GUY,2000,USD,_T,DCP,PF,6,38.297
GUY,2000,USD,_T,DCP,_T,6,38.297
GUY,2000,USD,_T,DCU,PF,6,5.14
GUY,2000,USD,_T,DCU,_T,6,5.14
GUY,2000,USD,_T,_T,PF,6,357.698
GUY,2000,USD,_T,_T,_T,6,357.698
GUY,2100,USD,OCC,DB,_T,6,0
GUY,2100,USD,OCC,DCP,_T,6,0
GUY,2100,USD,OCC,DCU,_T,6,0
GUY,2100,USD,OCC,_T,_T,6,0
GUY,2100,USD,_T,DB,_T,6,0
GUY,2100,USD,_T,DCP,_T,6,0
GUY,2100,USD,_T,DCU,_T,6,0
GUY,2100,USD,_T,_T,_T,6,0
GUY,2200,USD,OCC,DB,_T,6,310.691
GUY,2200,USD,OCC,DCP,_T,6,38.106
GUY,2200,USD,OCC,DCU,_T,6,4.914
GUY,2200,USD,OCC,_T,_T,6,353.711
GUY,2200,USD,_T,DB,_T,6,310.691
GUY,2200,USD,_T,DCP,_T,6,38.106
GUY,2200,USD,_T,DCU,_T,6,4.914
GUY,2200,USD,_T,_T,_T,6,353.711
GUY,2300,USD,OCC,DB,_T,6,3.57
GUY,2300,USD,OCC,DCP,_T,6,0.191
GUY,2300,USD,OCC,DCU,_T,6,0.226
GUY,2300,USD,OCC,_T,_T,6,3.987
GUY,2300,USD,_T,DB,_T,6,3.57
GUY,2300,USD,_T,DCP,_T,6,0.191
GUY,2300,USD,_T,DCU,_T,6,0.226
GUY,2300,USD,_T,_T,_T,6,3.987
GUY,3000,USD,OCC,DB,_T,6,30.825
GUY,3000,USD,OCC,DCP,_T,6,3.148
GUY,3000,USD,OCC,DCU,_T,6,0.326
GUY,3000,USD,OCC,_T,_T,6,34.299
GUY,3000,USD,_T,DB,_T,6,30.825
GUY,3000,USD,_T,DCP,_T,6,3.148
GUY,3000,USD,_T,DCU,_T,6,0.326
GUY,3000,USD,_T,_T,_T,6,34.299
GUY,3010,USD,OCC,DB,_T,6,30.852
GUY,3010,USD,OCC,DCP,_T,6,3.148
GUY,3010,USD,OCC,DCU,_T,6,0.329
GUY,3010,USD,OCC,_T,_T,6,34.329
GUY,3010,USD,_T,DB,_T,6,30.852
GUY,3010,USD,_T,DCP,_T,6,3.148
GUY,3010,USD,_T,DCU,_T,6,0.329
GUY,3010,USD,_T,_T,_T,6,34.329
GUY,3100,PT_B1GQ,OCC,DB,_T,0,0.228
GUY,3100,PT_B1GQ,OCC,DCP,_T,0,0.119
GUY,3100,PT_B1GQ,OCC,DCU,_T,0,0.004
GUY,3100,PT_B1GQ,OCC,_T,_T,0,0.352
GUY,3100,PT_B1GQ,_T,DB,_T,0,0.228
GUY,3100,PT_B1GQ,_T,DCP,_T,0,0.119
GUY,3100,PT_B1GQ,_T,DCU,_T,0,0.004
GUY,3100,PT_B1GQ,_T,_T,_T,0,0.352
GUY,3100,USD,OCC,DB,_T,6,11.813
GUY,3100,USD,OCC,DCP,_T,6,6.174
GUY,3100,USD,OCC,DCU,_T,6,0.223
GUY,3100,USD,OCC,_T,_T,6,18.21
GUY,3100,USD,_T,DB,_T,6,11.813
GUY,3100,USD,_T,DCP,_T,6,6.174
GUY,3100,USD,_T,DCU,_T,6,0.223
GUY,3100,USD,_T,_T,_T,6,18.21
GUY,3200,USD,OCC,DB,_T,6,8.348
GUY,3200,USD,OCC,DCP,_T,6,4.144
GUY,3200,USD,OCC,DCU,_T,6,0.075
GUY,3200,USD,OCC,_T,_T,6,12.566
GUY,3200,USD,_T,DB,_T,6,8.348
GUY,3200,USD,_T,DCP,_T,6,4.144
GUY,3200,USD,_T,DCU,_T,6,0.075
GUY,3200,USD,_T,_T,_T,6,12.566
GUY,3300,USD,OCC,DB,_T,6,3.465
GUY,3300,USD,OCC,DCP,_T,6,2.03
GUY,3300,USD,OCC,DCU,_T,6,0.149
GUY,3300,USD,OCC,_T,_T,6,5.644
GUY,3300,USD,_T,DB,_T,6,3.465
GUY,3300,USD,_T,DCP,_T,6,2.03
GUY,3300,USD,_T,DCU,_T,6,0.149
GUY,3300,USD,_T,_T,_T,6,5.644
GUY,3400,USD,OCC,DB,_T,6,-0.079
GUY,3400,USD,OCC,DCP,_T,6,0.057
GUY,3400,USD,OCC,DCU,_T,6,0
GUY,3400,USD,OCC,_T,_T,6,-0.023
GUY,3400,USD,_T,DB,_T,6,-0.079
GUY,3400,USD,_T,DCP,_T,6,0.057
GUY,3400,USD,_T,DCU,_T,6,0
GUY,3400,USD,_T,_T,_T,6,-0.023
GUY,4000,PT_B1GQ,OCC,DB,_T,0,0.165
GUY,4000,PT_B1GQ,OCC,DCP,_T,0,0.033
GUY,4000,PT_B1GQ,OCC,DCU,_T,0,0.004
GUY,4000,PT_B1GQ,OCC,_T,_T,0,0.203
GUY,4000,PT_B1GQ,_T,DB,_T,0,0.165
GUY,4000,PT_B1GQ,_T,DCP,_T,0,0.033
GUY,4000,PT_B1GQ,_T,DCU,_T,0,0.004
GUY,4000,PT_B1GQ,_T,_T,_T,0,0.203
GUY,4000,USD,OCC,DB,_T,6,8.544
GUY,4000,USD,OCC,DCP,_T,6,1.706
GUY,4000,USD,OCC,DCU,_T,6,0.228
GUY,4000,USD,OCC,_T,_T,6,10.478
GUY,4000,USD,_T,DB,_T,6,8.544
GUY,4000,USD,_T,DCP,_T,6,1.706
GUY,4000,USD,_T,DCU,_T,6,0.228
GUY,4000,USD,_T,_T,_T,6,10.478
GUY,4100,USD,OCC,DB,_T,6,3.368
GUY,4100,USD,OCC,DCP,_T,6,1.622
GUY,4100,USD,OCC,DCU,_T,6,0.147
GUY,4100,USD,OCC,_T,_T,6,5.137
GUY,4100,USD,_T,DB,_T,6,3.368
GUY,4100,USD,_T,DCP,_T,6,1.622
GUY,4100,USD,_T,DCU,_T,6,0.147
GUY,4100,USD,_T,_T,_T,6,5.137
GUY,4200,USD,OCC,DB,_T,6,5.176
GUY,4200,USD,OCC,DCP,_T,6,0.085
GUY,4200,USD,OCC,DCU,_T,6,0.081
GUY,4200,USD,OCC,_T,_T,6,5.341
GUY,4200,USD,_T,DB,_T,6,5.176
GUY,4200,USD,_T,DCP,_T,6,0.085
GUY,4200,USD,_T,DCU,_T,6,0.081
GUY,4200,USD,_T,_T,_T,6,5.341
GUY,4300,USD,OCC,DB,_T,6,0
GUY,4300,USD,OCC,DCP,_T,6,0
GUY,4300,USD,OCC,DCU,_T,6,0
GUY,4300,USD,OCC,_T,_T,6,0
GUY,4300,USD,_T,DB,_T,6,0
GUY,4300,USD,_T,DCP,_T,6,0
GUY,4300,USD,_T,DCU,_T,6,0
GUY,4300,USD,_T,_T,_T,6,0
GUY,4310,USD,OCC,DB,_T,6,0
GUY,4310,USD,OCC,DCP,_T,6,0
GUY,4310,USD,OCC,DCU,_T,6,0
GUY,4310,USD,OCC,_T,_T,6,0
GUY,4310,USD,_T,DB,_T,6,0
GUY,4310,USD,_T,DCP,_T,6,0
GUY,4310,USD,_T,DCU,_T,6,0
GUY,4310,USD,_T,_T,_T,6,0
GUY,4410,USD,OCC,DB,_T,6,0.027
GUY,4410,USD,OCC,DCU,_T,6,0.003
GUY,4410,USD,OCC,_T,_T,6,0.03
GUY,4410,USD,_T,DB,_T,6,0.027
GUY,4410,USD,_T,DCU,_T,6,0.003
GUY,4410,USD,_T,_T,_T,6,0.03
GUY,4420,USD,OCC,DB,_T,6,0.625
GUY,4420,USD,OCC,DCP,_T,6,0.065
GUY,4420,USD,OCC,DCU,_T,6,0.027
GUY,4420,USD,OCC,_T,_T,6,0.717
GUY,4420,USD,_T,DB,_T,6,0.625
GUY,4420,USD,_T,DCP,_T,6,0.065
GUY,4420,USD,_T,DCU,_T,6,0.027
GUY,4420,USD,_T,_T,_T,6,0.717
GUY,4500,USD,OCC,DB,_T,6,4.576
GUY,4500,USD,OCC,DCP,_T,6,0.034
GUY,4500,USD,OCC,DCU,_T,6,0.02
GUY,4500,USD,OCC,_T,_T,6,4.63
GUY,4500,USD,_T,DB,_T,6,4.576
GUY,4500,USD,_T,DCP,_T,6,0.034
GUY,4500,USD,_T,DCU,_T,6,0.02
GUY,4500,USD,_T,_T,_T,6,4.63
GUY,5000,PS,OCC,DB,PF,3,9.555
GUY,5000,PS,OCC,DB,_T,3,9.555
GUY,5000,PS,OCC,DCP,PF,3,7.862
GUY,5000,PS,OCC,DCP,_T,3,7.862
GUY,5000,PS,OCC,DCU,PF,3,0.303
GUY,5000,PS,OCC,DCU,_T,3,0.303
GUY,5000,PS,OCC,_T,PF,3,17.72
GUY,5000,PS,OCC,_T,_T,3,17.72
GUY,5000,PS,_T,DB,PF,3,9.555
GUY,5000,PS,_T,DB,_T,3,9.555
GUY,5000,PS,_T,DCP,PF,3,7.862
GUY,5000,PS,_T,DCP,_T,3,7.862
GUY,5000,PS,_T,DCU,PF,3,0.303
GUY,5000,PS,_T,DCU,_T,3,0.303
GUY,5000,PS,_T,_T,PF,3,17.72
GUY,5000,PS,_T,_T,_T,3,17.72
GUY,5010,PS,OCC,DB,_T,3,6.384
GUY,5010,PS,OCC,DCP,_T,3,4.795
GUY,5010,PS,OCC,DCU,_T,3,0.13
GUY,5010,PS,OCC,_T,_T,3,11.309
GUY,5010,PS,_T,DB,_T,3,6.384
GUY,5010,PS,_T,DCP,_T,3,4.795
GUY,5010,PS,_T,DCU,_T,3,0.13
GUY,5010,PS,_T,_T,_T,3,11.309
GUY,5020,PS,OCC,DB,_T,3,3.171
GUY,5020,PS,OCC,DCP,_T,3,3.067
GUY,5020,PS,OCC,DCU,_T,3,0.173
GUY,5020,PS,OCC,_T,_T,3,6.411
GUY,5020,PS,_T,DB,_T,3,3.171
GUY,5020,PS,_T,DCP,_T,3,3.067
GUY,5020,PS,_T,DCU,_T,3,0.173
GUY,5020,PS,_T,_T,_T,3,6.411
GUY,5100,PS,OCC,DB,PF,3,6.568
GUY,5100,PS,OCC,DB,_T,3,6.568
GUY,5100,PS,OCC,DCP,PF,3,7.722
GUY,5100,PS,OCC,DCP,_T,3,7.722
GUY,5100,PS,OCC,DCU,PF,3,0.301
GUY,5100,PS,OCC,DCU,_T,3,0.301
GUY,5100,PS,OCC,_T,PF,3,14.591
GUY,5100,PS,OCC,_T,_T,3,14.591
GUY,5100,PS,_T,DB,PF,3,6.568
GUY,5100,PS,_T,DB,_T,3,6.568
GUY,5100,PS,_T,DCP,PF,3,7.722
GUY,5100,PS,_T,DCP,_T,3,7.722
GUY,5100,PS,_T,DCU,PF,3,0.301
GUY,5100,PS,_T,DCU,_T,3,0.301
GUY,5100,PS,_T,_T,PF,3,14.591
GUY,5100,PS,_T,_T,_T,3,14.591
GUY,5200,PS,OCC,DB,PF,3,0.055
GUY,5200,PS,OCC,DB,_T,3,0.055
GUY,5200,PS,OCC,DCP,PF,3,0.071
GUY,5200,PS,OCC,DCP,_T,3,0.071
GUY,5200,PS,OCC,DCU,PF,3,0.002
GUY,5200,PS,OCC,DCU,_T,3,0.002
GUY,5200,PS,OCC,_T,PF,3,0.128
GUY,5200,PS,OCC,_T,_T,3,0.128
GUY,5200,PS,_T,DB,PF,3,0.055
GUY,5200,PS,_T,DB,_T,3,0.055
GUY,5200,PS,_T,DCP,PF,3,0.071
GUY,5200,PS,_T,DCP,_T,3,0.071
GUY,5200,PS,_T,DCU,PF,3,0.002
GUY,5200,PS,_T,DCU,_T,3,0.002
GUY,5200,PS,_T,_T,PF,3,0.128
GUY,5200,PS,_T,_T,_T,3,0.128
GUY,5300,PS,OCC,DB,PF,3,2.987
GUY,5300,PS,OCC,DB,_T,3,2.987
GUY,5300,PS,OCC,DCP,PF,3,0.14
GUY,5300,PS,OCC,DCP,_T,3,0.14
GUY,5300,PS,OCC,DCU,PF,3,0.002
GUY,5300,PS,OCC,DCU,_T,3,0.002
GUY,5300,PS,OCC,_T,PF,3,3.129
GUY,5300,PS,OCC,_T,_T,3,3.129
GUY,5300,PS,_T,DB,PF,3,2.987
GUY,5300,PS,_T,DB,_T,3,2.987
GUY,5300,PS,_T,DCP,PF,3,0.14
GUY,5300,PS,_T,DCP,_T,3,0.14
GUY,5300,PS,_T,DCU,PF,3,0.002
GUY,5300,PS,_T,DCU,_T,3,0.002
GUY,5300,PS,_T,_T,PF,3,3.129
GUY,5300,PS,_T,_T,_T,3,3.129
GUY,5400,PS,OCC,_T,_T,3,0
GUY,5400,PS,_T,_T,_T,3,0
GUY,OA,PT_B1GQ,OCC,_T,_T,0,6.519
HKG,1000,PT_B1GQ,OCC,DB,PF,0,3.85
HKG,1000,PT_B1GQ,OCC,DB,PIC,0,0.003
HKG,1000,PT_B1GQ,OCC,DB,_T,0,3.854
HKG,1000,PT_B1GQ,OCC,DCU,PF,0,41.703
HKG,1000,PT_B1GQ,OCC,DCU,PIC,0,0.041
HKG,1000,PT_B1GQ,OCC,DCU,_T,0,41.744
HKG,1000,PT_B1GQ,OCC,_T,PF,0,45.553
HKG,1000,PT_B1GQ,OCC,_T,PIC,0,0.044
HKG,1000,PT_B1GQ,OCC,_T,_T,0,45.597
HKG,1000,PT_B1GQ,_T,DB,PF,0,3.85
HKG,1000,PT_B1GQ,_T,DB,PIC,0,0.003
HKG,1000,PT_B1GQ,_T,DB,_T,0,3.854
HKG,1000,PT_B1GQ,_T,DCU,PF,0,41.703
HKG,1000,PT_B1GQ,_T,DCU,PIC,0,0.041
HKG,1000,PT_B1GQ,_T,DCU,_T,0,41.744
HKG,1000,PT_B1GQ,_T,_T,PF,0,45.553
HKG,1000,PT_B1GQ,_T,_T,PIC,0,0.044
HKG,1000,PT_B1GQ,_T,_T,_T,0,45.597
HKG,1000,USD,OCC,DB,PF,6,14067.019
HKG,1000,USD,OCC,DB,PIC,6,12.689
HKG,1000,USD,OCC,DB,_T,6,14079.708
HKG,1000,USD,OCC,DCU,PF,6,152363.917
HKG,1000,USD,OCC,DCU,PIC,6,148.617
HKG,1000,USD,OCC,DCU,_T,6,152512.534
HKG,1000,USD,OCC,_T,PF,6,166430.936
HKG,1000,USD,OCC,_T,PIC,6,161.306
HKG,1000,USD,OCC,_T,_T,6,166592.242
HKG,1000,USD,_T,DB,PF,6,14067.019
HKG,1000,USD,_T,DB,PIC,6,12.689
HKG,1000,USD,_T,DB,_T,6,14079.708
HKG,1000,USD,_T,DCU,PF,6,152363.917
HKG,1000,USD,_T,DCU,PIC,6,148.617
HKG,1000,USD,_T,DCU,_T,6,152512.534
HKG,1000,USD,_T,_T,PF,6,166430.936
HKG,1000,USD,_T,_T,PIC,6,161.306
HKG,1000,USD,_T,_T,_T,6,166592.242
HKG,2000,USD,OCC,DB,PF,6,14102.57
HKG,2000,USD,OCC,DB,PIC,6,11.391
HKG,2000,USD,OCC,DB,_T,6,14113.96
HKG,2000,USD,OCC,DCU,PF,6,152363.917
HKG,2000,USD,OCC,DCU,PIC,6,148.617
HKG,2000,USD,OCC,DCU,_T,6,152512.534
HKG,2000,USD,OCC,_T,PF,6,166466.486
HKG,2000,USD,OCC,_T,PIC,6,160.008
HKG,2000,USD,OCC,_T,_T,6,166626.494
HKG,2000,USD,_T,DB,PF,6,14102.57
HKG,2000,USD,_T,DB,PIC,6,11.391
HKG,2000,USD,_T,DB,_T,6,14113.96
HKG,2000,USD,_T,DCU,PF,6,152363.917
HKG,2000,USD,_T,DCU,PIC,6,148.617
HKG,2000,USD,_T,DCU,_T,6,152512.534
HKG,2000,USD,_T,_T,PF,6,166466.486
HKG,2000,USD,_T,_T,PIC,6,160.008
HKG,2000,USD,_T,_T,_T,6,166626.494
HKG,3100,PT_B1GQ,OCC,DB,_T,0,0.254
HKG,3100,PT_B1GQ,OCC,DCU,_T,0,3.237
HKG,3100,PT_B1GQ,OCC,_T,_T,0,3.491
HKG,3100,PT_B1GQ,_T,DB,_T,0,0.254
HKG,3100,PT_B1GQ,_T,DCU,_T,0,3.237
HKG,3100,PT_B1GQ,_T,_T,_T,0,3.491
HKG,3100,USD,OCC,DB,_T,6,921.605
HKG,3100,USD,OCC,DCU,_T,6,11754.19
HKG,3100,USD,OCC,_T,_T,6,12675.795
HKG,3100,USD,_T,DB,_T,6,921.605
HKG,3100,USD,_T,DCU,_T,6,11754.19
HKG,3100,USD,_T,_T,_T,6,12675.795
HKG,3200,USD,OCC,DB,_T,6,712.555
HKG,3200,USD,_T,DB,_T,6,712.555
HKG,3300,USD,OCC,DB,_T,6,209.05
HKG,3300,USD,_T,DB,_T,6,209.05
HKG,5000,PS,OCC,DB,PF,3,120.18
HKG,5000,PS,OCC,DB,PIC,3,0.13
HKG,5000,PS,OCC,DB,_T,3,120.31
HKG,5000,PS,OCC,DCU,PF,3,3072.58
HKG,5000,PS,OCC,DCU,PIC,3,8.89
HKG,5000,PS,OCC,DCU,_T,3,3081.47
HKG,5000,PS,OCC,_T,PF,3,3192.76
HKG,5000,PS,OCC,_T,PIC,3,9.02
HKG,5000,PS,OCC,_T,_T,3,3201.78
HKG,5000,PS,_T,DB,PF,3,120.18
HKG,5000,PS,_T,DB,PIC,3,0.13
HKG,5000,PS,_T,DB,_T,3,120.31
HKG,5000,PS,_T,DCU,PF,3,3072.58
HKG,5000,PS,_T,DCU,PIC,3,8.89
HKG,5000,PS,_T,DCU,_T,3,3081.47
HKG,5000,PS,_T,_T,PF,3,3192.76
HKG,5000,PS,_T,_T,PIC,3,9.02
HKG,5000,PS,_T,_T,_T,3,3201.78
HKG,OA,PT_B1GQ,OCC,_T,_T,0,45.597
HRV,1000,PT_B1GQ,OCC,DCU,PF,0,0.27
HRV,1000,PT_B1GQ,OCC,DCU,_T,0,0.27
HRV,1000,PT_B1GQ,OCC,_T,PF,0,0.27
HRV,1000,PT_B1GQ,OCC,_T,_T,0,0.27
HRV,1000,PT_B1GQ,PER,DCP,PF,0,0.213
HRV,1000,PT_B1GQ,PER,DCP,_T,0,0.213
HRV,1000,PT_B1GQ,PER,DCU,PF,0,28.847
HRV,1000,PT_B1GQ,PER,DCU,_T,0,28.847
HRV,1000,PT_B1GQ,PER,_T,PF,0,29.06
HRV,1000,PT_B1GQ,PER,_T,_T,0,29.06
HRV,1000,PT_B1GQ,_T,DCP,PF,0,0.213
HRV,1000,PT_B1GQ,_T,DCP,_T,0,0.213
HRV,1000,PT_B1GQ,_T,DCU,PF,0,29.118
HRV,1000,PT_B1GQ,_T,DCU,_T,0,29.118
HRV,1000,PT_B1GQ,_T,_T,PF,0,29.33
HRV,1000,PT_B1GQ,_T,_T,_T,0,29.33
HRV,1000,USD,OCC,DCU,PF,6,166.771
HRV,1000,USD,OCC,DCU,_T,6,166.771
HRV,1000,USD,OCC,_T,PF,6,166.771
HRV,1000,USD,OCC,_T,_T,6,166.771
HRV,1000,USD,PER,DCP,PF,6,131.071
HRV,1000,USD,PER,DCP,_T,6,131.071
HRV,1000,USD,PER,DCU,PF,6,17793.048
HRV,1000,USD,PER,DCU,_T,6,17793.048
HRV,1000,USD,PER,_T,PF,6,17924.119
HRV,1000,USD,PER,_T,_T,6,17924.119
HRV,1000,USD,_T,DCP,PF,6,131.071
HRV,1000,USD,_T,DCP,_T,6,131.071
HRV,1000,USD,_T,DCU,PF,6,17959.819
HRV,1000,USD,_T,DCU,_T,6,17959.819
HRV,1000,USD,_T,_T,PF,6,18090.89
HRV,1000,USD,_T,_T,_T,6,18090.89
HRV,1110,USD,OCC,DCU,_T,6,1.638
HRV,1110,USD,OCC,_T,_T,6,1.638
HRV,1110,USD,_T,DCU,_T,6,1.638
HRV,1121,USD,OCC,DCU,_T,6,36.882
HRV,1121,USD,OCC,_T,_T,6,36.882
HRV,1121,USD,PER,DCU,_T,6,2778.637
HRV,1121,USD,PER,_T,_T,6,2778.637
HRV,1121,USD,_T,DCU,_T,6,2815.519
HRV,1121,USD,_T,_T,_T,6,2815.519
HRV,1122,USD,OCC,DCU,_T,6,77.725
HRV,1122,USD,OCC,_T,_T,6,77.725
HRV,1122,USD,PER,DCU,_T,6,9145.262
HRV,1122,USD,PER,_T,_T,6,9145.262
HRV,1122,USD,_T,DCU,_T,6,9222.987
HRV,1122,USD,_T,_T,_T,6,9222.987
HRV,1141,USD,OCC,DCU,_T,6,5.883
HRV,1141,USD,OCC,_T,_T,6,5.883
HRV,1141,USD,PER,DCU,_T,6,289.275
HRV,1141,USD,PER,_T,_T,6,289.275
HRV,1141,USD,_T,DCU,_T,6,295.158
HRV,1141,USD,_T,_T,_T,6,295.158
HRV,1151,USD,OCC,DCU,_T,6,30.999
HRV,1151,USD,OCC,_T,_T,6,30.999
HRV,1151,USD,PER,DCU,_T,6,2489.362
HRV,1151,USD,PER,_T,_T,6,2489.362
HRV,1151,USD,_T,DCU,_T,6,2520.361
HRV,1151,USD,_T,_T,_T,6,2520.361
HRV,1171,USD,OCC,DCU,_T,6,4.829
HRV,1171,USD,OCC,_T,_T,6,4.829
HRV,1171,USD,PER,DCU,_T,6,1138.016
HRV,1171,USD,PER,_T,_T,6,1138.016
HRV,1171,USD,_T,DCU,_T,6,1142.845
HRV,1171,USD,_T,_T,_T,6,1142.845
HRV,1172,USD,OCC,DCU,_T,6,-0.017
HRV,1172,USD,OCC,_T,_T,6,-0.017
HRV,1172,USD,PER,DCU,_T,6,-5.062
HRV,1172,USD,PER,_T,_T,6,-5.062
HRV,1172,USD,_T,DCU,_T,6,-5.079
HRV,1172,USD,_T,_T,_T,6,-5.079
HRV,1210,USD,OCC,DCU,_T,6,10.707
HRV,1210,USD,OCC,_T,_T,6,10.707
HRV,1210,USD,PER,DCP,_T,6,11.739
HRV,1210,USD,PER,DCU,_T,6,364.442
HRV,1210,USD,PER,_T,_T,6,376.18
HRV,1210,USD,_T,DCP,_T,6,11.739
HRV,1210,USD,_T,DCU,_T,6,375.149
HRV,1210,USD,_T,_T,_T,6,386.888
HRV,1215,USD,OCC,DCU,_T,6,95.582
HRV,1215,USD,OCC,_T,_T,6,95.582
HRV,1215,USD,PER,DCP,_T,6,110.672
HRV,1215,USD,PER,DCU,_T,6,12578.192
HRV,1215,USD,PER,_T,_T,6,12688.865
HRV,1215,USD,_T,DCP,_T,6,110.672
HRV,1215,USD,_T,DCU,_T,6,12673.774
HRV,1215,USD,_T,_T,_T,6,12784.446
HRV,1220,USD,OCC,DCU,_T,6,86.903
HRV,1220,USD,OCC,_T,_T,6,86.903
HRV,1220,USD,PER,DCP,_T,6,108.197
HRV,1220,USD,PER,DCU,_T,6,12259.385
HRV,1220,USD,PER,_T,_T,6,12367.582
HRV,1220,USD,_T,DCP,_T,6,108.197
HRV,1220,USD,_T,DCU,_T,6,12346.289
HRV,1220,USD,_T,_T,_T,6,12454.486
HRV,1230,USD,OCC,DCU,_T,6,8.679
HRV,1230,USD,OCC,_T,_T,6,8.679
HRV,1230,USD,PER,DCP,_T,6,2.475
HRV,1230,USD,PER,DCU,_T,6,318.807
HRV,1230,USD,PER,_T,_T,6,321.282
HRV,1230,USD,_T,DCP,_T,6,2.475
HRV,1230,USD,_T,DCU,_T,6,327.486
HRV,1230,USD,_T,_T,_T,6,329.961
HRV,1245,USD,OCC,DCU,_T,6,42.194
HRV,1245,USD,OCC,_T,_T,6,42.194
HRV,1245,USD,PER,DCP,_T,6,0.096
HRV,1245,USD,PER,DCU,_T,6,3169.485
HRV,1245,USD,PER,_T,_T,6,3169.581
HRV,1245,USD,_T,DCP,_T,6,0.096
HRV,1245,USD,_T,DCU,_T,6,3211.679
HRV,1245,USD,_T,_T,_T,6,3211.775
HRV,1250,USD,OCC,DCU,_T,6,42.035
HRV,1250,USD,OCC,_T,_T,6,42.035
HRV,1250,USD,PER,DCP,_T,6,0.096
HRV,1250,USD,PER,DCU,_T,6,3165.948
HRV,1250,USD,PER,_T,_T,6,3166.044
HRV,1250,USD,_T,DCP,_T,6,0.096
HRV,1250,USD,_T,DCU,_T,6,3207.983
HRV,1250,USD,_T,_T,_T,6,3208.079
HRV,1255,USD,OCC,DCU,_T,6,0.159
HRV,1255,USD,OCC,_T,_T,6,0.159
HRV,1255,USD,PER,DCU,_T,6,3.537
HRV,1255,USD,PER,_T,_T,6,3.537
HRV,1255,USD,_T,DCU,_T,6,3.696
HRV,1255,USD,_T,_T,_T,6,3.696
HRV,1270,USD,OCC,DCU,_T,6,17.696
HRV,1270,USD,OCC,_T,_T,6,17.696
HRV,1270,USD,PER,DCP,_T,6,8.561
HRV,1270,USD,PER,DCU,_T,6,1289.63
HRV,1270,USD,PER,_T,_T,6,1298.191
HRV,1270,USD,_T,DCP,_T,6,8.561
HRV,1270,USD,_T,DCU,_T,6,1307.325
HRV,1270,USD,_T,_T,_T,6,1315.886
HRV,1274,USD,PER,DCP,_T,6,2.965
HRV,1274,USD,_T,DCP,_T,6,2.965
HRV,1274,USD,_T,_T,_T,6,20.059
HRV,1276,USD,_T,_T,_T,6,1290.232
HRV,1277,USD,PER,DCP,_T,6,5.596
HRV,1277,USD,_T,DCP,_T,6,5.596
HRV,1277,USD,_T,_T,_T,6,5.596
HRV,1286,USD,PER,DCU,_T,6,52.638
HRV,1286,USD,PER,_T,_T,6,52.638
HRV,1286,USD,_T,DCU,_T,6,52.638
HRV,1286,USD,_T,_T,_T,6,52.638
HRV,1289,USD,PER,DCP,_T,6,0.003
HRV,1289,USD,PER,_T,_T,6,0.003
HRV,1289,USD,_T,DCP,_T,6,0.003
HRV,1289,USD,_T,_T,_T,6,0.003
HRV,1290,USD,OCC,DCU,_T,6,0.592
HRV,1290,USD,OCC,_T,_T,6,0.592
HRV,1290,USD,PER,DCU,_T,6,338.661
HRV,1290,USD,PER,_T,_T,6,338.661
HRV,1290,USD,_T,DCU,_T,6,339.253
HRV,1290,USD,_T,_T,_T,6,339.253
HRV,2000,USD,OCC,DCU,PF,6,1.1
HRV,2000,USD,OCC,DCU,_T,6,1.1
HRV,2000,USD,OCC,_T,PF,6,1.1
HRV,2000,USD,OCC,_T,_T,6,1.1
HRV,2000,USD,PER,DCP,PF,6,131.226
HRV,2000,USD,PER,DCP,_T,6,131.226
HRV,2000,USD,PER,DCU,PF,6,90.921
HRV,2000,USD,PER,DCU,_T,6,90.921
HRV,2000,USD,PER,_T,PF,6,222.147
HRV,2000,USD,PER,_T,_T,6,222.147
HRV,2000,USD,_T,DCP,PF,6,131.226
HRV,2000,USD,_T,DCP,_T,6,131.226
HRV,2000,USD,_T,DCU,PF,6,92.021
HRV,2000,USD,_T,DCU,_T,6,92.021
HRV,2000,USD,_T,_T,PF,6,223.247
HRV,2000,USD,_T,_T,_T,6,223.247
HRV,2100,USD,PER,DCP,_T,6,6.209
HRV,2100,USD,_T,DCP,_T,6,6.209
HRV,2200,USD,PER,DCP,_T,6,104.773
HRV,2200,USD,_T,DCP,_T,6,104.773
HRV,2300,USD,PER,DCP,_T,6,20.244
HRV,2300,USD,_T,DCP,_T,6,20.244
HRV,3000,USD,OCC,DCU,_T,6,15.919
HRV,3000,USD,OCC,_T,_T,6,15.919
HRV,3000,USD,PER,DCP,_T,6,6.273
HRV,3000,USD,PER,DCU,_T,6,1407.523
HRV,3000,USD,PER,_T,_T,6,1413.795
HRV,3000,USD,_T,DCP,_T,6,6.273
HRV,3000,USD,_T,DCU,_T,6,1423.442
HRV,3000,USD,_T,_T,_T,6,1429.714
HRV,3010,USD,OCC,DCU,_T,6,17.882
HRV,3010,USD,OCC,_T,_T,6,17.882
HRV,3010,USD,PER,DCP,_T,6,15.325
HRV,3010,USD,PER,DCU,_T,6,1479.471
HRV,3010,USD,PER,_T,_T,6,1494.796
HRV,3010,USD,_T,DCP,_T,6,15.325
HRV,3010,USD,_T,DCU,_T,6,1497.353
HRV,3010,USD,_T,_T,_T,6,1512.678
HRV,3100,PT_B1GQ,OCC,DCU,_T,0,0.038
HRV,3100,PT_B1GQ,OCC,_T,_T,0,0.038
HRV,3100,PT_B1GQ,PER,DCP,_T,0,0.095
HRV,3100,PT_B1GQ,PER,DCU,_T,0,1.823
HRV,3100,PT_B1GQ,PER,_T,_T,0,1.918
HRV,3100,PT_B1GQ,_T,DCP,_T,0,0.095
HRV,3100,PT_B1GQ,_T,DCU,_T,0,1.861
HRV,3100,PT_B1GQ,_T,_T,_T,0,1.956
HRV,3100,USD,OCC,DCU,_T,6,23.258
HRV,3100,USD,OCC,_T,_T,6,23.258
HRV,3100,USD,PER,DCP,_T,6,58.331
HRV,3100,USD,PER,DCU,_T,6,1120.684
HRV,3100,USD,PER,_T,_T,6,1179.016
HRV,3100,USD,_T,DCP,_T,6,58.331
HRV,3100,USD,_T,DCU,_T,6,1143.943
HRV,3100,USD,_T,_T,_T,6,1202.274
HRV,4000,PT_B1GQ,PER,DCP,_T,0,0.044
HRV,4000,PT_B1GQ,PER,_T,_T,0,0.044
HRV,4000,PT_B1GQ,_T,DCP,_T,0,0.044
HRV,4000,USD,PER,DCP,_T,6,27.263
HRV,4000,USD,PER,_T,_T,6,27.263
HRV,4000,USD,_T,DCP,_T,6,27.263
HRV,4100,USD,PER,DCP,_T,6,8.983
HRV,4100,USD,PER,_T,_T,6,8.983
HRV,4100,USD,_T,DCP,_T,6,8.983
HRV,4200,USD,PER,DCP,_T,6,18.28
HRV,4200,USD,PER,_T,_T,6,18.28
HRV,4200,USD,_T,DCP,_T,6,18.28
HRV,4310,USD,OCC,DCU,_T,6,2.988
HRV,4310,USD,OCC,_T,_T,6,2.988
HRV,4310,USD,PER,DCU,_T,6,274.641
HRV,4310,USD,PER,_T,_T,6,274.641
HRV,4310,USD,_T,DCU,_T,6,277.628
HRV,4310,USD,_T,_T,_T,6,277.628
HRV,4410,USD,OCC,DCU,_T,6,1.963
HRV,4410,USD,OCC,_T,_T,6,1.963
HRV,4410,USD,PER,DCP,_T,6,9.052
HRV,4410,USD,PER,DCU,_T,6,71.949
HRV,4410,USD,PER,_T,_T,6,81.001
HRV,4410,USD,_T,DCP,_T,6,9.052
HRV,4410,USD,_T,DCU,_T,6,73.911
HRV,4410,USD,_T,_T,_T,6,82.964
HRV,4420,USD,PER,DCP,_T,6,1.142
HRV,4420,USD,PER,_T,_T,6,1.142
HRV,4420,USD,_T,DCP,_T,6,1.142
HRV,4420,USD,_T,_T,_T,6,1.142
HRV,4500,USD,PER,DCP,_T,6,1.166
HRV,4500,USD,PER,_T,_T,6,1.166
HRV,4500,USD,_T,DCP,_T,6,1.166
HRV,4500,USD,_T,_T,_T,6,1.166
HRV,5000,PS,OCC,DCU,PF,3,44.569
HRV,5000,PS,OCC,DCU,_T,3,44.569
HRV,5000,PS,OCC,_T,PF,3,44.569
HRV,5000,PS,OCC,_T,_T,3,44.569
HRV,5000,PS,PER,DCP,PF,3,9.12
HRV,5000,PS,PER,DCP,_T,3,9.12
HRV,5000,PS,PER,DCU,PF,3,2330.85
HRV,5000,PS,PER,DCU,_T,3,2330.85
HRV,5000,PS,PER,_T,PF,3,2339.97
HRV,5000,PS,PER,_T,_T,3,2339.97
HRV,5000,PS,_T,DCP,PF,3,9.12
HRV,5000,PS,_T,DCP,_T,3,9.12
HRV,5000,PS,_T,DCU,PF,3,2375.419
HRV,5000,PS,_T,DCU,_T,3,2375.419
HRV,5000,PS,_T,_T,PF,3,2384.539
HRV,5000,PS,_T,_T,_T,3,2384.539
HRV,5010,PS,OCC,DCU,_T,3,22.903
HRV,5010,PS,OCC,_T,_T,3,22.903
HRV,5010,PS,PER,DCU,_T,3,1206.513
HRV,5010,PS,PER,_T,_T,3,1206.513
HRV,5010,PS,_T,DCU,_T,3,1229.416
HRV,5010,PS,_T,_T,_T,3,1229.416
HRV,5020,PS,OCC,DCU,_T,3,21.666
HRV,5020,PS,OCC,_T,_T,3,21.666
HRV,5020,PS,PER,DCU,_T,3,1124.337
HRV,5020,PS,PER,_T,_T,3,1124.337
HRV,5020,PS,_T,DCU,_T,3,1146.003
HRV,5020,PS,_T,_T,_T,3,1146.003
HRV,5100,PS,OCC,DCU,PF,3,44.569
HRV,5100,PS,OCC,DCU,_T,3,44.569
HRV,5100,PS,OCC,_T,PF,3,44.569
HRV,5100,PS,OCC,_T,_T,3,44.569
HRV,5100,PS,PER,DCU,PF,3,2330.85
HRV,5100,PS,PER,DCU,_T,3,2330.85
HRV,5100,PS,PER,_T,PF,3,2330.85
HRV,5100,PS,PER,_T,_T,3,2330.85
HRV,5100,PS,_T,DCU,PF,3,2375.419
HRV,5100,PS,_T,DCU,_T,3,2375.419
HRV,5100,PS,_T,_T,PF,3,2375.419
HRV,5100,PS,_T,_T,_T,3,2375.419
HRV,5300,PS,PER,DCP,PF,3,9.12
HRV,5300,PS,PER,DCP,_T,3,9.12
HRV,5300,PS,PER,_T,PF,3,9.12
HRV,5300,PS,PER,_T,_T,3,9.12
HRV,5300,PS,_T,DCP,PF,3,9.12
HRV,5300,PS,_T,DCP,_T,3,9.12
HRV,5300,PS,_T,_T,PF,3,9.12
HRV,5300,PS,_T,_T,_T,3,9.12
HRV,OA,PT_B1GQ,OCC,_T,_T,0,0.27
HRV,PA,PT_B1GQ,PER,_T,_T,0,29.06
HUN,1000,PT_B1GQ,PER,DCP,PF,0,0.564
HUN,1000,PT_B1GQ,PER,DCP,_T,0,0.564
HUN,1000,PT_B1GQ,PER,DCU,INV,0,0.973
HUN,1000,PT_B1GQ,PER,DCU,PF,0,3.185
HUN,1000,PT_B1GQ,PER,DCU,PIC,0,0.5
HUN,1000,PT_B1GQ,PER,DCU,_T,0,4.658
HUN,1000,PT_B1GQ,PER,_T,INV,0,0.973
HUN,1000,PT_B1GQ,PER,_T,PF,0,3.749
HUN,1000,PT_B1GQ,PER,_T,PIC,0,0.5
HUN,1000,PT_B1GQ,PER,_T,_T,0,5.223
HUN,1000,PT_B1GQ,_T,DCP,PF,0,0.564
HUN,1000,PT_B1GQ,_T,DCP,_T,0,0.564
HUN,1000,PT_B1GQ,_T,DCU,INV,0,0.973
HUN,1000,PT_B1GQ,_T,DCU,PF,0,3.185
HUN,1000,PT_B1GQ,_T,DCU,PIC,0,0.5
HUN,1000,PT_B1GQ,_T,DCU,_T,0,4.658
HUN,1000,PT_B1GQ,_T,_T,INV,0,0.973
HUN,1000,PT_B1GQ,_T,_T,OTH,0,0.973
HUN,1000,PT_B1GQ,_T,_T,PF,0,3.749
HUN,1000,PT_B1GQ,_T,_T,PIC,0,0.5
HUN,1000,PT_B1GQ,_T,_T,_T,0,5.223
HUN,1000,USD,PER,DCP,PF,6,917.802
HUN,1000,USD,PER,DCP,_T,6,917.802
HUN,1000,USD,PER,DCU,INV,6,1582.751
HUN,1000,USD,PER,DCU,PF,6,5180.567
HUN,1000,USD,PER,DCU,PIC,6,813.71
HUN,1000,USD,PER,DCU,_T,6,7577.028
HUN,1000,USD,PER,_T,INV,6,1582.751
HUN,1000,USD,PER,_T,PF,6,6098.369
HUN,1000,USD,PER,_T,PIC,6,813.71
HUN,1000,USD,PER,_T,_T,6,8494.83
HUN,1000,USD,_T,DCP,PF,6,917.802
HUN,1000,USD,_T,DCP,_T,6,917.802
HUN,1000,USD,_T,DCU,INV,6,1582.751
HUN,1000,USD,_T,DCU,PF,6,5180.567
HUN,1000,USD,_T,DCU,PIC,6,813.71
HUN,1000,USD,_T,DCU,_T,6,7577.028
HUN,1000,USD,_T,_T,INV,6,1582.751
HUN,1000,USD,_T,_T,OTH,6,1582.751
HUN,1000,USD,_T,_T,PF,6,6098.369
HUN,1000,USD,_T,_T,PIC,6,813.71
HUN,1000,USD,_T,_T,_T,6,8494.83
HUN,1110,USD,PER,DCP,_T,6,0
HUN,1110,USD,_T,DCP,_T,6,0
HUN,1122,USD,PER,DCP,_T,6,231.931
HUN,1122,USD,_T,DCP,_T,6,231.931
HUN,1210,USD,PER,DCP,_T,6,59.886
HUN,1210,USD,_T,DCP,_T,6,59.886
HUN,1215,USD,PER,DCP,_T,6,468.944
HUN,1215,USD,_T,DCP,_T,6,468.944
HUN,1220,USD,PER,DCP,_T,6,434.348
HUN,1220,USD,_T,DCP,_T,6,434.348
HUN,1230,USD,PER,DCP,_T,6,34.596
HUN,1230,USD,_T,DCP,_T,6,34.596
HUN,1240,USD,PER,DCP,_T,6,0
HUN,1240,USD,_T,DCP,_T,6,0
HUN,1245,USD,PER,DCP,_T,6,154.889
HUN,1245,USD,_T,DCP,_T,6,154.889
HUN,1250,USD,PER,DCP,_T,6,144.356
HUN,1250,USD,_T,DCP,_T,6,144.356
HUN,1255,USD,PER,DCP,_T,6,10.533
HUN,1255,USD,_T,DCP,_T,6,10.533
HUN,1260,USD,PER,DCP,_T,6,0.003
HUN,1260,USD,_T,DCP,_T,6,0.003
HUN,1270,USD,PER,DCP,_T,6,217.525
HUN,1270,USD,_T,DCP,_T,6,217.525
HUN,1286,USD,PER,DCP,_T,6,0
HUN,1286,USD,_T,DCP,_T,6,0
HUN,1290,USD,PER,DCP,_T,6,16.558
HUN,1290,USD,_T,DCP,_T,6,16.558
HUN,3000,USD,PER,DCP,_T,6,96.069
HUN,3000,USD,_T,DCP,_T,6,96.069
HUN,3010,USD,PER,DCP,_T,6,97.73
HUN,3010,USD,_T,DCP,_T,6,97.73
HUN,3100,PT_B1GQ,PER,DCP,_T,0,0.001
HUN,3100,PT_B1GQ,_T,DCP,_T,0,0.001
HUN,3100,USD,PER,DCP,_T,6,1.501
HUN,3100,USD,_T,DCP,_T,6,1.501
HUN,3200,USD,PER,DCP,_T,6,0
HUN,3200,USD,_T,DCP,_T,6,0
HUN,3300,USD,PER,DCP,_T,6,1.501
HUN,3300,USD,_T,DCP,_T,6,1.501
HUN,3400,USD,PER,DCP,_T,6,2.683
HUN,3400,USD,_T,DCP,_T,6,2.683
HUN,4000,PT_B1GQ,PER,DCP,_T,0,0
HUN,4000,PT_B1GQ,_T,DCP,_T,0,0
HUN,4000,USD,PER,DCP,_T,6,0.02
HUN,4000,USD,_T,DCP,_T,6,0.02
HUN,4100,USD,PER,DCP,_T,6,0
HUN,4100,USD,_T,DCP,_T,6,0
HUN,4200,USD,PER,DCP,_T,6,0.02
HUN,4200,USD,_T,DCP,_T,6,0.02
HUN,4310,USD,PER,DCP,_T,6,0
HUN,4310,USD,_T,DCP,_T,6,0
HUN,4410,USD,PER,DCP,_T,6,1.661
HUN,4410,USD,_T,DCP,_T,6,1.661
HUN,4420,USD,PER,DCP,_T,6,1.832
HUN,4420,USD,_T,DCP,_T,6,1.832
HUN,5000,PS,PER,DCP,PF,3,54.828
HUN,5000,PS,PER,DCP,_T,3,54.828
HUN,5000,PS,PER,DCU,INV,3,104.682
HUN,5000,PS,PER,DCU,PF,3,1110.842
HUN,5000,PS,PER,DCU,PIC,3,351
HUN,5000,PS,PER,DCU,_T,3,1566.524
HUN,5000,PS,PER,_T,INV,3,104.682
HUN,5000,PS,PER,_T,PF,3,1165.67
HUN,5000,PS,PER,_T,PIC,3,351
HUN,5000,PS,PER,_T,_T,3,1621.353
HUN,5000,PS,_T,DCP,PF,3,54.828
HUN,5000,PS,_T,DCP,_T,3,54.828
HUN,5000,PS,_T,DCU,INV,3,104.682
HUN,5000,PS,_T,DCU,PF,3,1110.842
HUN,5000,PS,_T,DCU,PIC,3,351
HUN,5000,PS,_T,DCU,_T,3,1566.524
HUN,5000,PS,_T,_T,INV,3,104.682
HUN,5000,PS,_T,_T,OTH,3,104.682
HUN,5000,PS,_T,_T,PF,3,1165.67
HUN,5000,PS,_T,_T,PIC,3,351
HUN,5000,PS,_T,_T,_T,3,1621.353
HUN,5010,PS,PER,DCP,_T,3,33.146
HUN,5010,PS,_T,DCP,_T,3,33.146
HUN,5020,PS,PER,DCP,_T,3,21.682
HUN,5020,PS,_T,DCP,_T,3,21.682
HUN,5100,PS,PER,DCP,PF,3,54.808
HUN,5100,PS,PER,DCP,_T,3,54.808
HUN,5100,PS,PER,DCU,PF,3,1109.723
HUN,5100,PS,PER,_T,PF,3,1164.531
HUN,5100,PS,_T,DCP,PF,3,54.808
HUN,5100,PS,_T,DCP,_T,3,54.808
HUN,5100,PS,_T,DCU,PF,3,1109.723
HUN,5100,PS,_T,_T,PF,3,1164.531
HUN,5300,PS,PER,DCP,PF,3,0.02
HUN,5300,PS,PER,DCP,_T,3,0.02
HUN,5300,PS,PER,DCU,PF,3,1.119
HUN,5300,PS,PER,_T,PF,3,1.139
HUN,5300,PS,_T,DCP,PF,3,0.02
HUN,5300,PS,_T,DCP,_T,3,0.02
HUN,5300,PS,_T,DCU,PF,3,1.119
HUN,5300,PS,_T,_T,PF,3,1.139
HUN,5400,PS,PER,DCP,_T,3,0
HUN,5400,PS,_T,DCP,_T,3,0
HUN,PA,PT_B1GQ,PER,_T,_T,0,5.223
IDN,1000,PT_B1GQ,OCC,DB,PF,0,0.971
IDN,1000,PT_B1GQ,OCC,DB,_T,0,0.971
IDN,1000,PT_B1GQ,OCC,DCU,PF,0,0.219
IDN,1000,PT_B1GQ,OCC,DCU,_T,0,0.219
IDN,1000,PT_B1GQ,OCC,_T,PF,0,1.191
IDN,1000,PT_B1GQ,OCC,_T,_T,0,1.191
IDN,1000,PT_B1GQ,PER,DCU,PF,0,0.598
IDN,1000,PT_B1GQ,PER,DCU,_T,0,0.598
IDN,1000,PT_B1GQ,PER,_T,PF,0,0.598
IDN,1000,PT_B1GQ,PER,_T,_T,0,0.598
IDN,1000,PT_B1GQ,_T,DB,PF,0,0.971
IDN,1000,PT_B1GQ,_T,DB,_T,0,0.971
IDN,1000,PT_B1GQ,_T,DCU,PF,0,0.817
IDN,1000,PT_B1GQ,_T,DCU,_T,0,0.817
IDN,1000,PT_B1GQ,_T,_T,PF,0,1.788
IDN,1000,PT_B1GQ,_T,_T,_T,0,1.788
IDN,1000,USD,OCC,DB,PF,6,11064.301
IDN,1000,USD,OCC,DB,_T,6,11064.301
IDN,1000,USD,OCC,DCU,PF,6,2495.582
IDN,1000,USD,OCC,DCU,_T,6,2495.582
IDN,1000,USD,OCC,_T,PF,6,13559.883
IDN,1000,USD,OCC,_T,_T,6,13559.883
IDN,1000,USD,PER,DCU,PF,6,6808.751
IDN,1000,USD,PER,DCU,_T,6,6808.751
IDN,1000,USD,PER,_T,PF,6,6808.751
IDN,1000,USD,PER,_T,_T,6,6808.751
IDN,1000,USD,_T,DB,PF,6,11064.301
IDN,1000,USD,_T,DB,_T,6,11064.301
IDN,1000,USD,_T,DCU,PF,6,9304.333
IDN,1000,USD,_T,DCU,_T,6,9304.333
IDN,1000,USD,_T,_T,PF,6,20368.634
IDN,1000,USD,_T,_T,_T,6,20368.634
IDN,1210,USD,OCC,DB,_T,6,1376.15
IDN,1210,USD,OCC,DCU,_T,6,390.102
IDN,1210,USD,OCC,_T,_T,6,1766.252
IDN,1210,USD,PER,DCU,_T,6,4122.558
IDN,1210,USD,PER,_T,_T,6,4122.558
IDN,1210,USD,_T,DB,_T,6,1376.15
IDN,1210,USD,_T,DCU,_T,6,4512.659
IDN,1210,USD,_T,_T,_T,6,5888.81
IDN,1215,USD,OCC,DB,_T,6,5971.77
IDN,1215,USD,OCC,DCU,_T,6,1237.015
IDN,1215,USD,OCC,_T,_T,6,7208.786
IDN,1215,USD,PER,DCU,_T,6,2167.366
IDN,1215,USD,PER,_T,_T,6,2167.366
IDN,1215,USD,_T,DB,_T,6,5971.77
IDN,1215,USD,_T,DCU,_T,6,3404.382
IDN,1215,USD,_T,_T,_T,6,9376.152
IDN,1220,USD,OCC,DB,_T,6,2983.992
IDN,1220,USD,OCC,DCU,_T,6,637.995
IDN,1220,USD,OCC,_T,_T,6,3621.987
IDN,1220,USD,PER,DCU,_T,6,1246.76
IDN,1220,USD,PER,_T,_T,6,1246.76
IDN,1220,USD,_T,DB,_T,6,2983.992
IDN,1220,USD,_T,DCU,_T,6,1884.755
IDN,1220,USD,_T,_T,_T,6,4868.747
IDN,1230,USD,OCC,DB,_T,6,2987.778
IDN,1230,USD,OCC,DCU,_T,6,599.02
IDN,1230,USD,OCC,_T,_T,6,3586.798
IDN,1230,USD,PER,DCU,_T,6,920.607
IDN,1230,USD,PER,_T,_T,6,920.607
IDN,1230,USD,_T,DB,_T,6,2987.778
IDN,1230,USD,_T,DCU,_T,6,1519.627
IDN,1230,USD,_T,_T,_T,6,4507.405
IDN,1245,USD,OCC,DB,_T,6,1433.889
IDN,1245,USD,OCC,DCU,_T,6,501.853
IDN,1245,USD,OCC,_T,_T,6,1935.742
IDN,1245,USD,PER,DCU,_T,6,263.185
IDN,1245,USD,PER,_T,_T,6,263.185
IDN,1245,USD,_T,DB,_T,6,1433.889
IDN,1245,USD,_T,DCU,_T,6,765.038
IDN,1245,USD,_T,_T,_T,6,2198.927
IDN,1250,USD,OCC,DB,_T,6,1433.889
IDN,1250,USD,OCC,DCU,_T,6,501.853
IDN,1250,USD,OCC,_T,_T,6,1935.742
IDN,1250,USD,PER,DCU,_T,6,263.185
IDN,1250,USD,PER,_T,_T,6,263.185
IDN,1250,USD,_T,DB,_T,6,1433.889
IDN,1250,USD,_T,DCU,_T,6,765.038
IDN,1250,USD,_T,_T,_T,6,2198.927
IDN,1260,USD,OCC,DB,_T,6,926.809
IDN,1260,USD,OCC,DCU,_T,6,77.858
IDN,1260,USD,OCC,_T,_T,6,1004.666
IDN,1260,USD,PER,DCU,_T,6,1.548
IDN,1260,USD,PER,_T,_T,6,1.548
IDN,1260,USD,_T,DB,_T,6,926.809
IDN,1260,USD,_T,DCU,_T,6,79.405
IDN,1260,USD,_T,_T,_T,6,1006.214
IDN,1270,USD,OCC,DB,_T,6,700.927
IDN,1270,USD,OCC,DCU,_T,6,152.324
IDN,1270,USD,OCC,_T,_T,6,853.251
IDN,1270,USD,PER,DCU,_T,6,237.35
IDN,1270,USD,PER,_T,_T,6,237.35
IDN,1270,USD,_T,DB,_T,6,700.927
IDN,1270,USD,_T,DCU,_T,6,389.674
IDN,1270,USD,_T,_T,_T,6,1090.6
IDN,1290,USD,OCC,DB,_T,6,55.639
IDN,1290,USD,OCC,DCU,_T,6,29.3
IDN,1290,USD,OCC,_T,_T,6,84.938
IDN,1290,USD,PER,DCU,_T,6,16.744
IDN,1290,USD,PER,_T,_T,6,16.744
IDN,1290,USD,_T,DB,_T,6,55.639
IDN,1290,USD,_T,DCU,_T,6,46.044
IDN,1290,USD,_T,_T,_T,6,101.683
IDN,2000,USD,OCC,DB,PF,6,11541.827
IDN,2000,USD,OCC,DB,_T,6,11541.827
IDN,2000,USD,OCC,DCU,PF,6,2554.581
IDN,2000,USD,OCC,DCU,_T,6,2554.581
IDN,2000,USD,OCC,_T,PF,6,14096.408
IDN,2000,USD,OCC,_T,_T,6,14096.408
IDN,2000,USD,PER,DCU,PF,6,6924.056
IDN,2000,USD,PER,DCU,_T,6,6924.056
IDN,2000,USD,PER,_T,PF,6,6924.056
IDN,2000,USD,PER,_T,_T,6,6924.056
IDN,2000,USD,_T,DB,PF,6,11541.827
IDN,2000,USD,_T,DB,_T,6,11541.827
IDN,2000,USD,_T,DCU,PF,6,9478.637
IDN,2000,USD,_T,DCU,_T,6,9478.637
IDN,2000,USD,_T,_T,PF,6,21020.464
IDN,2000,USD,_T,_T,_T,6,21020.464
IDN,2200,USD,OCC,DB,_T,6,11461.395
IDN,2200,USD,OCC,DCU,_T,6,2554.581
IDN,2200,USD,OCC,_T,_T,6,14015.976
IDN,2200,USD,PER,DCU,_T,6,6897.799
IDN,2200,USD,PER,_T,_T,6,6897.799
IDN,2200,USD,_T,DB,_T,6,11461.395
IDN,2200,USD,_T,DCU,_T,6,9452.38
IDN,2200,USD,_T,_T,_T,6,20881.43
IDN,2300,USD,OCC,DB,_T,6,80.432
IDN,2300,USD,OCC,DCU,_T,6,32.345
IDN,2300,USD,OCC,_T,_T,6,112.777
IDN,2300,USD,PER,DCU,_T,6,26.257
IDN,2300,USD,PER,_T,_T,6,26.257
IDN,2300,USD,_T,DB,_T,6,80.432
IDN,2300,USD,_T,DCU,_T,6,58.602
IDN,2300,USD,_T,_T,_T,6,139.035
IDN,3000,USD,OCC,DB,_T,6,928.613
IDN,3000,USD,OCC,DCU,_T,6,179.357
IDN,3000,USD,OCC,_T,_T,6,1107.97
IDN,3000,USD,PER,DCU,_T,6,470.555
IDN,3000,USD,PER,_T,_T,6,470.555
IDN,3000,USD,_T,DB,_T,6,928.613
IDN,3000,USD,_T,DCU,_T,6,649.913
IDN,3000,USD,_T,_T,_T,6,1578.526
IDN,3010,USD,OCC,DB,_T,6,888.777
IDN,3010,USD,OCC,DCU,_T,6,172.309
IDN,3010,USD,OCC,_T,_T,6,1061.087
IDN,3010,USD,PER,DCU,_T,6,463.764
IDN,3010,USD,PER,_T,_T,6,463.764
IDN,3010,USD,_T,DB,_T,6,888.777
IDN,3010,USD,_T,DCU,_T,6,636.073
IDN,3010,USD,_T,_T,_T,6,1524.851
IDN,3100,PT_B1GQ,OCC,DB,_T,0,0.053
IDN,3100,PT_B1GQ,OCC,DCU,_T,0,0.02
IDN,3100,PT_B1GQ,OCC,_T,_T,0,0.073
IDN,3100,PT_B1GQ,PER,DCU,_T,0,0.113
IDN,3100,PT_B1GQ,PER,_T,_T,0,0.113
IDN,3100,PT_B1GQ,_T,DB,_T,0,0.053
IDN,3100,PT_B1GQ,_T,DCU,_T,0,0.133
IDN,3100,PT_B1GQ,_T,_T,_T,0,0.186
IDN,3100,USD,OCC,DB,_T,6,592.24
IDN,3100,USD,OCC,DCU,_T,6,227.569
IDN,3100,USD,OCC,_T,_T,6,819.809
IDN,3100,USD,PER,DCU,_T,6,1259.485
IDN,3100,USD,PER,_T,_T,6,1259.485
IDN,3100,USD,_T,DB,_T,6,592.24
IDN,3100,USD,_T,DCU,_T,6,1487.054
IDN,3100,USD,_T,_T,_T,6,2079.294
IDN,3200,USD,OCC,DB,_T,6,541.997
IDN,3200,USD,OCC,DCU,_T,6,155.071
IDN,3200,USD,OCC,_T,_T,6,697.068
IDN,3200,USD,PER,DCU,_T,6,1259.485
IDN,3200,USD,PER,_T,_T,6,1259.485
IDN,3200,USD,_T,DB,_T,6,541.997
IDN,3200,USD,_T,DCU,_T,6,1414.556
IDN,3200,USD,_T,_T,_T,6,1956.553
IDN,3300,USD,OCC,DB,_T,6,50.243
IDN,3300,USD,OCC,DCU,_T,6,72.498
IDN,3300,USD,OCC,_T,_T,6,122.741
IDN,3300,USD,PER,DCU,_T,6,0
IDN,3300,USD,PER,_T,_T,6,0
IDN,3300,USD,_T,DB,_T,6,50.243
IDN,3300,USD,_T,DCU,_T,6,72.498
IDN,3300,USD,_T,_T,_T,6,122.741
IDN,3400,USD,OCC,DB,_T,6,4.058
IDN,3400,USD,OCC,DCU,_T,6,0.495
IDN,3400,USD,OCC,_T,_T,6,4.554
IDN,3400,USD,PER,DCU,_T,6,2.7
IDN,3400,USD,PER,_T,_T,6,2.7
IDN,3400,USD,_T,DB,_T,6,4.058
IDN,3400,USD,_T,DCU,_T,6,3.195
IDN,3400,USD,_T,_T,_T,6,7.253
IDN,4000,PT_B1GQ,OCC,DB,_T,0,0.082
IDN,4000,PT_B1GQ,OCC,DCU,_T,0,0.016
IDN,4000,PT_B1GQ,OCC,_T,_T,0,0.099
IDN,4000,PT_B1GQ,PER,DCU,_T,0,0.073
IDN,4000,PT_B1GQ,PER,_T,_T,0,0.073
IDN,4000,PT_B1GQ,_T,DB,_T,0,0.082
IDN,4000,PT_B1GQ,_T,DCU,_T,0,0.09
IDN,4000,PT_B1GQ,_T,_T,_T,0,0.172
IDN,4000,USD,OCC,DB,_T,6,922.303
IDN,4000,USD,OCC,DCU,_T,6,182.79
IDN,4000,USD,OCC,_T,_T,6,1105.093
IDN,4000,USD,PER,DCU,_T,6,821.267
IDN,4000,USD,PER,_T,_T,6,821.267
IDN,4000,USD,_T,DB,_T,6,922.303
IDN,4000,USD,_T,DCU,_T,6,1004.057
IDN,4000,USD,_T,_T,_T,6,1926.36
IDN,4310,USD,OCC,DB,_T,6,1105.59
IDN,4310,USD,OCC,DCU,_T,6,221.39
IDN,4310,USD,OCC,_T,_T,6,1326.98
IDN,4310,USD,PER,DCU,_T,6,1472.144
IDN,4310,USD,PER,_T,_T,6,1472.144
IDN,4310,USD,_T,DB,_T,6,1105.59
IDN,4310,USD,_T,DCU,_T,6,1693.534
IDN,4310,USD,_T,_T,_T,6,2799.124
IDN,4410,USD,OCC,DB,_T,6,39.836
IDN,4410,USD,OCC,DCU,_T,6,7.048
IDN,4410,USD,OCC,_T,_T,6,46.884
IDN,4410,USD,PER,DCU,_T,6,6.791
IDN,4410,USD,PER,_T,_T,6,6.791
IDN,4410,USD,_T,DB,_T,6,39.836
IDN,4410,USD,_T,DCU,_T,6,13.839
IDN,4410,USD,_T,_T,_T,6,53.675
IDN,4420,USD,OCC,DB,_T,6,77.301
IDN,4420,USD,OCC,DCU,_T,6,11.149
IDN,4420,USD,OCC,_T,_T,6,88.449
IDN,4420,USD,PER,DCU,_T,6,44.705
IDN,4420,USD,PER,_T,_T,6,44.705
IDN,4420,USD,_T,DB,_T,6,77.301
IDN,4420,USD,_T,DCU,_T,6,55.853
IDN,4420,USD,_T,_T,_T,6,133.154
IDN,4500,USD,OCC,DB,_T,6,2.962
IDN,4500,USD,OCC,DCU,_T,6,0.412
IDN,4500,USD,OCC,_T,_T,6,3.374
IDN,4500,USD,PER,DCU,_T,6,2.946
IDN,4500,USD,PER,_T,_T,6,2.946
IDN,4500,USD,_T,DB,_T,6,2.962
IDN,4500,USD,_T,DCU,_T,6,3.358
IDN,4500,USD,_T,_T,_T,6,6.32
IDN,5000,PS,OCC,DB,PF,3,971.837
IDN,5000,PS,OCC,DB,_T,3,971.837
IDN,5000,PS,OCC,DCU,PF,3,405.662
IDN,5000,PS,OCC,DCU,_T,3,405.662
IDN,5000,PS,OCC,_T,PF,3,1377.499
IDN,5000,PS,OCC,_T,_T,3,1377.499
IDN,5000,PS,PER,DCU,PF,3,3010.174
IDN,5000,PS,PER,DCU,_T,3,3010.174
IDN,5000,PS,PER,_T,PF,3,3010.174
IDN,5000,PS,PER,_T,_T,3,3010.174
IDN,5000,PS,_T,DB,PF,3,971.837
IDN,5000,PS,_T,DB,_T,3,971.837
IDN,5000,PS,_T,DCU,PF,3,3415.836
IDN,5000,PS,_T,DCU,_T,3,3415.836
IDN,5000,PS,_T,_T,PF,3,4387.673
IDN,5000,PS,_T,_T,_T,3,4387.673
IDN,5100,PS,OCC,DB,PF,3,386.509
IDN,5100,PS,OCC,DB,_T,3,386.509
IDN,5100,PS,OCC,DCU,PF,3,368.611
IDN,5100,PS,OCC,DCU,_T,3,368.611
IDN,5100,PS,OCC,_T,PF,3,755.12
IDN,5100,PS,OCC,_T,_T,3,755.12
IDN,5100,PS,PER,DCU,PF,3,2880.913
IDN,5100,PS,PER,DCU,_T,3,2880.913
IDN,5100,PS,PER,_T,PF,3,2880.913
IDN,5100,PS,PER,_T,_T,3,2880.913
IDN,5100,PS,_T,DB,PF,3,386.509
IDN,5100,PS,_T,DB,_T,3,386.509
IDN,5100,PS,_T,DCU,PF,3,3249.524
IDN,5100,PS,_T,DCU,_T,3,3249.524
IDN,5100,PS,_T,_T,PF,3,3636.033
IDN,5100,PS,_T,_T,_T,3,3636.033
IDN,5300,PS,OCC,DB,PF,3,585.328
IDN,5300,PS,OCC,DB,_T,3,585.328
IDN,5300,PS,OCC,DCU,PF,3,37.051
IDN,5300,PS,OCC,DCU,_T,3,37.051
IDN,5300,PS,OCC,_T,PF,3,622.379
IDN,5300,PS,OCC,_T,_T,3,622.379
IDN,5300,PS,PER,DCU,PF,3,129.261
IDN,5300,PS,PER,DCU,_T,3,129.261
IDN,5300,PS,PER,_T,PF,3,129.261
IDN,5300,PS,PER,_T,_T,3,129.261
IDN,5300,PS,_T,DB,PF,3,585.328
IDN,5300,PS,_T,DB,_T,3,585.328
IDN,5300,PS,_T,DCU,PF,3,166.312
IDN,5300,PS,_T,DCU,_T,3,166.312
IDN,5300,PS,_T,_T,PF,3,751.64
IDN,5300,PS,_T,_T,_T,3,751.64
IDN,OA,PT_B1GQ,OCC,_T,_T,0,1.191
IDN,PA,PT_B1GQ,PER,_T,_T,0,0.598
IMN,1000,PT_B1GQ,OCC,DB,PF,0,13.406
IMN,1000,PT_B1GQ,OCC,DB,_T,0,13.406
IMN,1000,PT_B1GQ,OCC,DBH,PF,0,137.92
IMN,1000,PT_B1GQ,OCC,DBH,_T,0,137.92
IMN,1000,PT_B1GQ,OCC,DCU,PF,0,46.241
IMN,1000,PT_B1GQ,OCC,DCU,_T,0,46.241
IMN,1000,PT_B1GQ,OCC,_T,PF,0,197.567
IMN,1000,PT_B1GQ,OCC,_T,_T,0,197.567
IMN,1000,PT_B1GQ,PER,DCU,PF,0,23.856
IMN,1000,PT_B1GQ,PER,DCU,_T,0,23.856
IMN,1000,PT_B1GQ,PER,_T,PF,0,23.856
IMN,1000,PT_B1GQ,PER,_T,_T,0,23.856
IMN,1000,PT_B1GQ,_T,DB,PF,0,13.406
IMN,1000,PT_B1GQ,_T,DB,_T,0,13.406
IMN,1000,PT_B1GQ,_T,DBH,PF,0,137.92
IMN,1000,PT_B1GQ,_T,DBH,_T,0,137.92
IMN,1000,PT_B1GQ,_T,DCU,PF,0,70.097
IMN,1000,PT_B1GQ,_T,DCU,_T,0,70.097
IMN,1000,PT_B1GQ,_T,_T,PF,0,221.427
IMN,1000,PT_B1GQ,_T,_T,_T,0,221.427
IMN,1000,USD,OCC,DB,PF,6,972.959
IMN,1000,USD,OCC,DB,_T,6,972.959
IMN,1000,USD,OCC,DBH,PF,6,10009.437
IMN,1000,USD,OCC,DBH,_T,6,10009.437
IMN,1000,USD,OCC,DCU,PF,6,3355.913
IMN,1000,USD,OCC,DCU,_T,6,3355.913
IMN,1000,USD,OCC,_T,PF,6,14338.309
IMN,1000,USD,OCC,_T,_T,6,14338.309
IMN,1000,USD,PER,DCU,PF,6,1731.365
IMN,1000,USD,PER,DCU,_T,6,1731.365
IMN,1000,USD,PER,_T,PF,6,1731.365
IMN,1000,USD,PER,_T,_T,6,1731.365
IMN,1000,USD,_T,DB,PF,6,972.959
IMN,1000,USD,_T,DB,_T,6,972.959
IMN,1000,USD,_T,DBH,PF,6,10009.437
IMN,1000,USD,_T,DBH,_T,6,10009.437
IMN,1000,USD,_T,DCU,PF,6,5087.278
IMN,1000,USD,_T,DCU,_T,6,5087.278
IMN,1000,USD,_T,_T,PF,6,16069.901
IMN,1000,USD,_T,_T,_T,6,16069.901
IMN,2000,USD,OCC,_T,_T,6,2552.827
IMN,5000,PS,OCC,DB,PF,3,7.558
IMN,5000,PS,OCC,DB,_T,3,7.558
IMN,5000,PS,OCC,DBH,PF,3,62.837
IMN,5000,PS,OCC,DBH,_T,3,62.837
IMN,5000,PS,OCC,DCU,PF,3,41.282
IMN,5000,PS,OCC,DCU,_T,3,41.282
IMN,5000,PS,OCC,_T,PF,3,111.677
IMN,5000,PS,OCC,_T,_T,3,111.677
IMN,5000,PS,PER,DCU,PF,3,7.599
IMN,5000,PS,PER,DCU,_T,3,7.599
IMN,5000,PS,PER,_T,PF,3,7.599
IMN,5000,PS,PER,_T,_T,3,7.599
IMN,5000,PS,_T,DB,PF,3,7.558
IMN,5000,PS,_T,DB,_T,3,7.558
IMN,5000,PS,_T,DBH,PF,3,62.837
IMN,5000,PS,_T,DBH,_T,3,62.837
IMN,5000,PS,_T,DCU,PF,3,48.881
IMN,5000,PS,_T,DCU,_T,3,48.881
IMN,5000,PS,_T,_T,PF,3,119.232
IMN,5000,PS,_T,_T,_T,3,119.232
IMN,OA,PT_B1GQ,OCC,_T,_T,0,197.567
IMN,PA,PT_B1GQ,PER,_T,_T,0,23.856
IND,1000,PT_B1GQ,PER,DCU,PF,0,0.049
IND,1000,PT_B1GQ,PER,DCU,_T,0,0.049
IND,1000,PT_B1GQ,PER,_T,PF,0,0.049
IND,1000,PT_B1GQ,PER,_T,_T,0,0.049
IND,1000,PT_B1GQ,_T,DCU,PF,0,0.049
IND,1000,PT_B1GQ,_T,DCU,_T,0,0.049
IND,1000,PT_B1GQ,_T,_T,PF,0,8.315
IND,1000,PT_B1GQ,_T,_T,_T,0,8.315
IND,1000,USD,PER,DCU,PF,6,1373.361
IND,1000,USD,PER,DCU,_T,6,1373.361
IND,1000,USD,PER,_T,PF,6,1373.361
IND,1000,USD,PER,_T,_T,6,1373.361
IND,1000,USD,_T,DCU,PF,6,1373.361
IND,1000,USD,_T,DCU,_T,6,1373.361
IND,1000,USD,_T,_T,PF,6,234531.937
IND,1000,USD,_T,_T,_T,6,234531.937
IND,1161,USD,PER,DCU,_T,6,81.927
IND,1161,USD,PER,_T,_T,6,81.927
IND,1161,USD,_T,DCU,_T,6,81.927
IND,1161,USD,_T,_T,_T,6,3568.963
IND,1210,USD,PER,DCU,_T,6,0.828
IND,1210,USD,PER,_T,_T,6,0.828
IND,1210,USD,_T,DCU,_T,6,0.828
IND,1210,USD,_T,_T,_T,6,17.038
IND,1215,USD,PER,DCU,_T,6,1164.908
IND,1215,USD,PER,_T,_T,6,1164.908
IND,1215,USD,_T,DCU,_T,6,1164.908
IND,1215,USD,_T,_T,_T,6,46954.307
IND,1220,USD,PER,DCU,_T,6,698.647
IND,1220,USD,PER,_T,_T,6,698.647
IND,1220,USD,_T,DCU,_T,6,698.647
IND,1220,USD,_T,_T,_T,6,28188.086
IND,1230,USD,PER,DCU,_T,6,466.262
IND,1230,USD,PER,_T,_T,6,466.262
IND,1230,USD,_T,DCU,_T,6,466.262
IND,1230,USD,_T,_T,_T,6,18766.221
IND,1245,USD,PER,DCU,_T,6,157.499
IND,1245,USD,PER,_T,_T,6,157.499
IND,1245,USD,_T,DCU,_T,6,157.499
IND,1245,USD,_T,_T,_T,6,7294.78
IND,1250,USD,PER,DCU,_T,6,157.499
IND,1250,USD,PER,_T,_T,6,157.499
IND,1250,USD,_T,DCU,_T,6,157.499
IND,1250,USD,_T,_T,_T,6,7294.78
IND,1270,USD,PER,DCU,_T,6,26.956
IND,1270,USD,PER,_T,_T,6,26.956
IND,1270,USD,_T,DCU,_T,6,26.956
IND,1270,USD,_T,_T,_T,6,1056.011
IND,1274,USD,PER,DCU,_T,6,0
IND,1274,USD,PER,_T,_T,6,0
IND,1274,USD,_T,DCU,_T,6,0
IND,1274,USD,_T,_T,_T,6,0
IND,1276,USD,PER,DCU,_T,6,1.518
IND,1276,USD,PER,_T,_T,6,1.518
IND,1276,USD,_T,DCU,_T,6,1.518
IND,1276,USD,_T,_T,_T,6,75.21
IND,1278,USD,PER,DCU,_T,6,25.438
IND,1278,USD,PER,_T,_T,6,25.438
IND,1278,USD,_T,DCU,_T,6,25.438
IND,1278,USD,_T,_T,_T,6,980.8
IND,1290,USD,PER,DCU,_T,6,23.169
IND,1290,USD,PER,_T,_T,6,23.169
IND,1290,USD,_T,DCU,_T,6,23.169
IND,1290,USD,_T,_T,_T,6,960.944
IND,2000,USD,PER,DCU,PF,6,1374.023
IND,2000,USD,PER,DCU,_T,6,1374.023
IND,2000,USD,PER,_T,PF,6,1374.023
IND,2000,USD,PER,_T,_T,6,1374.023
IND,2000,USD,_T,DCU,PF,6,1374.023
IND,2000,USD,_T,DCU,_T,6,1374.023
IND,2000,USD,_T,_T,PF,6,56326.458
IND,2000,USD,_T,_T,_T,6,56326.458
IND,2100,USD,PER,DCU,_T,6,1373.361
IND,2100,USD,PER,_T,_T,6,1373.361
IND,2100,USD,_T,DCU,_T,6,1373.361
IND,2100,USD,_T,_T,_T,6,56283.08
IND,2300,USD,PER,DCU,_T,6,0.661
IND,2300,USD,PER,_T,_T,6,0.661
IND,2300,USD,_T,DCU,_T,6,0.661
IND,2300,USD,_T,_T,_T,6,43.378
IND,3000,USD,PER,DCU,_T,6,85.725
IND,3000,USD,PER,_T,_T,6,85.725
IND,3000,USD,_T,DCU,_T,6,85.725
IND,3000,USD,_T,_T,_T,6,3751.022
IND,3010,USD,PER,DCU,_T,6,87.032
IND,3010,USD,PER,_T,_T,6,87.032
IND,3010,USD,_T,DCU,_T,6,87.032
IND,3010,USD,_T,_T,_T,6,3814.242
IND,4410,USD,PER,DCU,_T,6,1.307
IND,4410,USD,PER,_T,_T,6,1.307
IND,4410,USD,_T,DCU,_T,6,1.307
IND,4410,USD,_T,_T,_T,6,63.219
IND,5000,PS,PER,DCU,PF,3,20581.658
IND,5000,PS,PER,DCU,_T,3,20581.658
IND,5000,PS,PER,_T,PF,3,20581.658
IND,5000,PS,PER,_T,_T,3,20581.658
IND,5000,PS,_T,DCU,PF,3,20581.658
IND,5000,PS,_T,DCU,_T,3,20581.658
IND,5000,PS,_T,_T,PF,3,33995.579
IND,5000,PS,_T,_T,_T,3,33995.579
IND,5010,PS,PER,DCU,_T,3,11664.934
IND,5010,PS,PER,_T,_T,3,11664.934
IND,5010,PS,_T,DCU,_T,3,11664.934
IND,5010,PS,_T,_T,_T,3,19871.834
IND,5020,PS,PER,DCU,_T,3,8916.724
IND,5020,PS,PER,_T,_T,3,8916.724
IND,5020,PS,_T,DCU,_T,3,8916.724
IND,5020,PS,_T,_T,_T,3,14123.364
IND,5100,PS,PER,DCU,PF,3,19316.989
IND,5100,PS,PER,DCU,_T,3,19316.989
IND,5100,PS,PER,_T,PF,3,19316.989
IND,5100,PS,PER,_T,_T,3,19316.989
IND,5100,PS,_T,DCU,PF,3,19316.989
IND,5100,PS,_T,DCU,_T,3,19316.989
IND,5100,PS,_T,_T,PF,3,32303.747
IND,5100,PS,_T,_T,_T,3,32303.747
IND,5200,PS,_T,_T,PF,3,34.784
IND,5200,PS,_T,_T,_T,3,34.784
IND,5300,PS,PER,DCU,PF,3,1264.669
IND,5300,PS,PER,DCU,_T,3,1264.669
IND,5300,PS,PER,_T,PF,3,1264.669
IND,5300,PS,PER,_T,_T,3,1264.669
IND,5300,PS,_T,DCU,PF,3,1264.669
IND,5300,PS,_T,DCU,_T,3,1264.669
IND,5300,PS,_T,_T,PF,3,1672.592
IND,5300,PS,_T,_T,_T,3,1672.592
IND,5400,PS,_T,_T,_T,3,116.159
IND,PA,PT_B1GQ,PER,_T,_T,0,0.049
IRL,1000,PT_B1GQ,OCC,DB,PF,0,19.428
IRL,1000,PT_B1GQ,OCC,DB,_T,0,19.428
IRL,1000,PT_B1GQ,OCC,DCU,PF,0,12.646
IRL,1000,PT_B1GQ,OCC,DCU,_T,0,12.646
IRL,1000,PT_B1GQ,OCC,_T,PF,0,32.074
IRL,1000,PT_B1GQ,OCC,_T,_T,0,32.074
IRL,1000,PT_B1GQ,PER,DCU,INV,0,0.498
IRL,1000,PT_B1GQ,PER,DCU,PIC,0,1.579
IRL,1000,PT_B1GQ,PER,DCU,_T,0,2.077
IRL,1000,PT_B1GQ,PER,_T,INV,0,0.498
IRL,1000,PT_B1GQ,PER,_T,PIC,0,1.579
IRL,1000,PT_B1GQ,PER,_T,_T,0,2.077
IRL,1000,PT_B1GQ,_T,DB,PF,0,19.428
IRL,1000,PT_B1GQ,_T,DB,_T,0,19.428
IRL,1000,PT_B1GQ,_T,DCU,INV,0,0.498
IRL,1000,PT_B1GQ,_T,DCU,PF,0,12.646
IRL,1000,PT_B1GQ,_T,DCU,PIC,0,1.579
IRL,1000,PT_B1GQ,_T,DCU,_T,0,14.723
IRL,1000,PT_B1GQ,_T,_T,INV,0,0.498
IRL,1000,PT_B1GQ,_T,_T,OTH,0,0.498
IRL,1000,PT_B1GQ,_T,_T,PF,0,32.074
IRL,1000,PT_B1GQ,_T,_T,PIC,0,1.579
IRL,1000,PT_B1GQ,_T,_T,_T,0,34.152
IRL,1000,USD,OCC,DB,PF,6,79392.497
IRL,1000,USD,OCC,DB,_T,6,79392.497
IRL,1000,USD,OCC,DCU,PF,6,51676.393
IRL,1000,USD,OCC,DCU,_T,6,51676.393
IRL,1000,USD,OCC,_T,PF,6,131068.891
IRL,1000,USD,OCC,_T,_T,6,131068.891
IRL,1000,USD,PER,DCU,INV,6,2036.724
IRL,1000,USD,PER,DCU,PIC,6,6451.685
IRL,1000,USD,PER,DCU,_T,6,8488.409
IRL,1000,USD,PER,_T,INV,6,2036.724
IRL,1000,USD,PER,_T,PIC,6,6451.685
IRL,1000,USD,PER,_T,_T,6,8488.409
IRL,1000,USD,_T,DB,PF,6,79392.497
IRL,1000,USD,_T,DB,_T,6,79392.497
IRL,1000,USD,_T,DCU,INV,6,2036.724
IRL,1000,USD,_T,DCU,PF,6,51676.393
IRL,1000,USD,_T,DCU,PIC,6,6451.685
IRL,1000,USD,_T,DCU,_T,6,60164.803
IRL,1000,USD,_T,_T,INV,6,2036.724
IRL,1000,USD,_T,_T,OTH,6,2036.724
IRL,1000,USD,_T,_T,PF,6,131068.891
IRL,1000,USD,_T,_T,PIC,6,6451.685
IRL,1000,USD,_T,_T,_T,6,139557.3
IRL,1210,USD,OCC,DB,_T,6,2336.088
IRL,1210,USD,_T,DB,_T,6,2336.088
IRL,1215,USD,OCC,DB,_T,6,35659.131
IRL,1215,USD,_T,DB,_T,6,35659.131
IRL,1245,USD,OCC,DB,_T,6,19985.384
IRL,1245,USD,_T,DB,_T,6,19985.384
IRL,1290,USD,OCC,DB,_T,6,21411.895
IRL,1290,USD,_T,DB,_T,6,21411.895
IRL,2000,USD,OCC,DB,PF,6,71702.4
IRL,2000,USD,OCC,DB,_T,6,71702.4
IRL,2000,USD,OCC,DCU,PF,6,51676.393
IRL,2000,USD,OCC,DCU,_T,6,51676.393
IRL,2000,USD,OCC,_T,PF,6,123378.793
IRL,2000,USD,OCC,_T,_T,6,123378.793
IRL,2000,USD,PER,DCU,INV,6,2036.724
IRL,2000,USD,PER,DCU,PIC,6,6451.685
IRL,2000,USD,PER,DCU,_T,6,8488.409
IRL,2000,USD,PER,_T,INV,6,2036.724
IRL,2000,USD,PER,_T,PIC,6,6451.685
IRL,2000,USD,PER,_T,_T,6,8488.409
IRL,2000,USD,_T,DB,PF,6,71702.4
IRL,2000,USD,_T,DB,_T,6,71702.4
IRL,2000,USD,_T,DCU,INV,6,2036.724
IRL,2000,USD,_T,DCU,PF,6,51676.393
IRL,2000,USD,_T,DCU,PIC,6,6451.685
IRL,2000,USD,_T,DCU,_T,6,60164.803
IRL,2000,USD,_T,_T,INV,6,2036.724
IRL,2000,USD,_T,_T,OTH,6,2036.724
IRL,2000,USD,_T,_T,PF,6,123378.793
IRL,2000,USD,_T,_T,PIC,6,6451.685
IRL,2000,USD,_T,_T,_T,6,131867.203
IRL,2200,USD,OCC,DB,_T,6,68109.899
IRL,2200,USD,_T,DB,_T,6,68109.899
IRL,2300,USD,OCC,DB,_T,6,3592.501
IRL,2300,USD,_T,DB,_T,6,3592.501
IRL,5000,PS,OCC,DB,PF,3,320.399
IRL,5000,PS,OCC,DB,_T,3,320.399
IRL,5000,PS,OCC,DCU,PF,3,421.753
IRL,5000,PS,OCC,DCU,_T,3,421.753
IRL,5000,PS,OCC,_T,PF,3,742.152
IRL,5000,PS,OCC,_T,_T,3,742.152
IRL,5000,PS,_T,DB,PF,3,320.399
IRL,5000,PS,_T,DB,_T,3,320.399
IRL,5000,PS,_T,DCU,PF,3,421.753
IRL,5000,PS,_T,DCU,_T,3,421.753
IRL,5000,PS,_T,_T,PF,3,742.152
IRL,5100,PS,OCC,DB,PF,3,210.312
IRL,5100,PS,OCC,DB,_T,3,210.312
IRL,5100,PS,OCC,DCU,PF,3,421.753
IRL,5100,PS,OCC,DCU,_T,3,421.753
IRL,5100,PS,OCC,_T,PF,3,632.065
IRL,5100,PS,OCC,_T,_T,3,632.065
IRL,5100,PS,_T,DB,PF,3,210.312
IRL,5100,PS,_T,DB,_T,3,210.312
IRL,5100,PS,_T,DCU,PF,3,421.753
IRL,5100,PS,_T,DCU,_T,3,421.753
IRL,5100,PS,_T,_T,PF,3,632.065
IRL,5200,PS,OCC,DB,PF,3,137.68
IRL,5200,PS,OCC,DB,_T,3,137.68
IRL,5200,PS,OCC,_T,PF,3,137.68
IRL,5200,PS,_T,DB,PF,3,137.68
IRL,5200,PS,_T,DB,_T,3,137.68
IRL,5300,PS,OCC,DB,PF,3,110.087
IRL,5300,PS,OCC,DB,_T,3,110.087
IRL,5300,PS,OCC,_T,PF,3,110.087
IRL,5300,PS,OCC,_T,_T,3,110.087
IRL,5300,PS,_T,DB,PF,3,110.087
IRL,5300,PS,_T,DB,_T,3,110.087
IRL,5300,PS,_T,_T,PF,3,110.087
IRL,5300,PS,_T,_T,_T,3,110.087
IRL,OA,PT_B1GQ,OCC,_T,_T,0,32.074
IRL,PA,PT_B1GQ,PER,_T,_T,0,2.077
ISL,1000,PT_B1GQ,OCC,DB,PF,0,12.381
ISL,1000,PT_B1GQ,OCC,DB,_T,0,12.381
ISL,1000,PT_B1GQ,OCC,DCU,PF,0,133.183
ISL,1000,PT_B1GQ,OCC,DCU,_T,0,133.183
ISL,1000,PT_B1GQ,OCC,_T,PF,0,145.564
ISL,1000,PT_B1GQ,OCC,_T,_T,0,145.564
ISL,1000,PT_B1GQ,PER,DCU,BANK,0,7.535
ISL,1000,PT_B1GQ,PER,DCU,PF,0,16.674
ISL,1000,PT_B1GQ,PER,DCU,PIC,0,2.748
ISL,1000,PT_B1GQ,PER,DCU,_T,0,26.957
ISL,1000,PT_B1GQ,PER,_T,BANK,0,7.535
ISL,1000,PT_B1GQ,PER,_T,PF,0,16.674
ISL,1000,PT_B1GQ,PER,_T,PIC,0,2.748
ISL,1000,PT_B1GQ,PER,_T,_T,0,26.957
ISL,1000,PT_B1GQ,_T,DB,PF,0,12.381
ISL,1000,PT_B1GQ,_T,DB,_T,0,12.381
ISL,1000,PT_B1GQ,_T,DCU,BANK,0,7.535
ISL,1000,PT_B1GQ,_T,DCU,PF,0,149.857
ISL,1000,PT_B1GQ,_T,DCU,PIC,0,2.748
ISL,1000,PT_B1GQ,_T,DCU,_T,0,160.14
ISL,1000,PT_B1GQ,_T,_T,BANK,0,7.535
ISL,1000,PT_B1GQ,_T,_T,OTH,0,7.535
ISL,1000,PT_B1GQ,_T,_T,PF,0,162.238
ISL,1000,PT_B1GQ,_T,_T,PIC,0,2.748
ISL,1000,PT_B1GQ,_T,_T,_T,0,172.521
ISL,1000,USD,OCC,DB,PF,6,3132.056
ISL,1000,USD,OCC,DB,_T,6,3132.056
ISL,1000,USD,OCC,DCU,PF,6,33690.611
ISL,1000,USD,OCC,DCU,_T,6,33690.611
ISL,1000,USD,OCC,_T,PF,6,36822.667
ISL,1000,USD,OCC,_T,_T,6,36822.667
ISL,1000,USD,PER,DCU,BANK,6,1906.173
ISL,1000,USD,PER,DCU,PF,6,4218.006
ISL,1000,USD,PER,DCU,PIC,6,695.037
ISL,1000,USD,PER,DCU,_T,6,6819.215
ISL,1000,USD,PER,_T,BANK,6,1906.173
ISL,1000,USD,PER,_T,PF,6,4218.006
ISL,1000,USD,PER,_T,PIC,6,695.037
ISL,1000,USD,PER,_T,_T,6,6819.215
ISL,1000,USD,_T,DB,PF,6,3132.056
ISL,1000,USD,_T,DB,_T,6,3132.056
ISL,1000,USD,_T,DCU,BANK,6,1906.173
ISL,1000,USD,_T,DCU,PF,6,37908.617
ISL,1000,USD,_T,DCU,PIC,6,695.037
ISL,1000,USD,_T,DCU,_T,6,40509.827
ISL,1000,USD,_T,_T,BANK,6,1906.173
ISL,1000,USD,_T,_T,OTH,6,1906.173
ISL,1000,USD,_T,_T,PF,6,41040.673
ISL,1000,USD,_T,_T,PIC,6,695.037
ISL,1000,USD,_T,_T,_T,6,43641.883
ISL,1121,USD,OCC,DB,_T,6,991.543
ISL,1121,USD,OCC,DCU,_T,6,11495.459
ISL,1121,USD,OCC,_T,_T,6,12487.002
ISL,1121,USD,PER,DCU,_T,6,2072.444
ISL,1121,USD,PER,_T,_T,6,2072.444
ISL,1121,USD,_T,DB,_T,6,991.543
ISL,1121,USD,_T,DCU,_T,6,13567.904
ISL,1121,USD,_T,_T,_T,6,14559.446
ISL,1131,USD,OCC,DB,_T,6,68.663
ISL,1131,USD,OCC,DCU,_T,6,229.909
ISL,1131,USD,OCC,_T,_T,6,298.572
ISL,1131,USD,_T,DB,_T,6,68.663
ISL,1131,USD,_T,DCU,_T,6,229.909
ISL,1141,USD,OCC,DB,_T,6,13.253
ISL,1141,USD,OCC,DCU,_T,6,459.818
ISL,1141,USD,OCC,_T,_T,6,473.072
ISL,1141,USD,_T,DB,_T,6,13.253
ISL,1141,USD,_T,DCU,_T,6,459.818
ISL,1151,USD,OCC,DB,_T,6,909.627
ISL,1151,USD,OCC,DCU,_T,6,10805.732
ISL,1151,USD,OCC,_T,_T,6,11715.358
ISL,1151,USD,_T,DB,_T,6,909.627
ISL,1151,USD,_T,DCU,_T,6,10805.732
ISL,1210,USD,OCC,DB,_T,6,170.4
ISL,1210,USD,OCC,DCU,_T,6,817.171
ISL,1210,USD,OCC,_T,_T,6,987.572
ISL,1210,USD,_T,DB,_T,6,170.4
ISL,1210,USD,_T,DCU,_T,6,817.171
ISL,1215,USD,OCC,DB,_T,6,1441.482
ISL,1215,USD,OCC,DCU,_T,6,12821.95
ISL,1215,USD,OCC,_T,_T,6,14263.433
ISL,1215,USD,_T,DB,_T,6,1441.482
ISL,1215,USD,_T,DCU,_T,6,12821.95
ISL,1220,USD,OCC,DB,_T,6,1075.582
ISL,1220,USD,OCC,DCU,_T,6,8650.216
ISL,1220,USD,OCC,_T,_T,6,9725.797
ISL,1220,USD,_T,DB,_T,6,1075.582
ISL,1220,USD,_T,DCU,_T,6,8650.216
ISL,1230,USD,OCC,DB,_T,6,365.901
ISL,1230,USD,OCC,DCU,_T,6,4171.734
ISL,1230,USD,OCC,_T,_T,6,4537.635
ISL,1230,USD,_T,DB,_T,6,365.901
ISL,1230,USD,_T,DCU,_T,6,4171.734
ISL,1240,USD,OCC,DB,_T,6,230.453
ISL,1240,USD,OCC,DCU,_T,6,4272.207
ISL,1240,USD,OCC,_T,_T,6,4502.66
ISL,1240,USD,_T,DB,_T,6,230.453
ISL,1240,USD,_T,DCU,_T,6,4272.207
ISL,1245,USD,OCC,DB,_T,6,393.969
ISL,1245,USD,OCC,DCU,_T,6,5915.449
ISL,1245,USD,OCC,_T,_T,6,6309.418
ISL,1245,USD,_T,DB,_T,6,393.969
ISL,1245,USD,_T,DCU,_T,6,5915.449
ISL,1250,USD,OCC,DB,_T,6,335.905
ISL,1250,USD,OCC,DCU,_T,6,5464.99
ISL,1250,USD,OCC,_T,_T,6,5800.895
ISL,1250,USD,_T,DB,_T,6,335.905
ISL,1250,USD,_T,DCU,_T,6,5464.99
ISL,1255,USD,OCC,DB,_T,6,58.064
ISL,1255,USD,OCC,DCU,_T,6,450.459
ISL,1255,USD,OCC,_T,_T,6,508.523
ISL,1255,USD,_T,DB,_T,6,58.064
ISL,1255,USD,_T,DCU,_T,6,450.459
ISL,1260,USD,OCC,DB,_T,6,0.49
ISL,1260,USD,OCC,DCU,_T,6,0
ISL,1260,USD,OCC,_T,_T,6,0.49
ISL,1260,USD,_T,DB,_T,6,0.49
ISL,1260,USD,_T,DCU,_T,6,0
ISL,1270,USD,OCC,DB,_T,6,758.063
ISL,1270,USD,OCC,DCU,_T,6,7561.903
ISL,1270,USD,OCC,_T,_T,6,8319.966
ISL,1270,USD,_T,DB,_T,6,758.063
ISL,1270,USD,_T,DCU,_T,6,7561.903
ISL,1272,USD,OCC,DB,_T,6,11.371
ISL,1272,USD,OCC,DCU,_T,6,113.429
ISL,1272,USD,OCC,_T,_T,6,124.799
ISL,1272,USD,_T,DB,_T,6,11.371
ISL,1272,USD,_T,DCU,_T,6,113.429
ISL,1274,USD,OCC,DB,_T,6,75.806
ISL,1274,USD,OCC,DCU,_T,6,756.19
ISL,1274,USD,OCC,_T,_T,6,831.997
ISL,1274,USD,_T,DB,_T,6,75.806
ISL,1274,USD,_T,DCU,_T,6,756.19
ISL,1276,USD,OCC,DB,_T,6,667.096
ISL,1276,USD,OCC,DCU,_T,6,6654.475
ISL,1276,USD,OCC,_T,_T,6,7321.57
ISL,1276,USD,_T,DB,_T,6,667.096
ISL,1276,USD,_T,DCU,_T,6,6654.475
ISL,1277,USD,OCC,DB,_T,6,0
ISL,1277,USD,OCC,DCU,_T,6,0
ISL,1277,USD,OCC,_T,_T,6,0
ISL,1277,USD,_T,DB,_T,6,0
ISL,1277,USD,_T,DCU,_T,6,0
ISL,1278,USD,OCC,DB,_T,6,3.79
ISL,1278,USD,OCC,DCU,_T,6,37.81
ISL,1278,USD,OCC,_T,_T,6,41.6
ISL,1278,USD,_T,DB,_T,6,3.79
ISL,1278,USD,_T,DCU,_T,6,37.81
ISL,1280,USD,OCC,DB,_T,6,0
ISL,1280,USD,OCC,DCU,_T,6,0
ISL,1280,USD,OCC,_T,_T,6,0
ISL,1280,USD,_T,DB,_T,6,0
ISL,1280,USD,_T,DCU,_T,6,0
ISL,1284,USD,OCC,DB,_T,6,0
ISL,1284,USD,OCC,DCU,_T,6,0
ISL,1284,USD,OCC,_T,_T,6,0
ISL,1284,USD,_T,DB,_T,6,0
ISL,1284,USD,_T,DCU,_T,6,0
ISL,1286,USD,OCC,DB,_T,6,136.384
ISL,1286,USD,OCC,DCU,_T,6,2279.762
ISL,1286,USD,OCC,_T,_T,6,2416.146
ISL,1286,USD,_T,DB,_T,6,136.384
ISL,1286,USD,_T,DCU,_T,6,2279.762
ISL,1289,USD,OCC,DB,_T,6,0
ISL,1289,USD,OCC,DCU,_T,6,0
ISL,1289,USD,OCC,_T,_T,6,0
ISL,1289,USD,_T,DB,_T,6,0
ISL,1289,USD,_T,DCU,_T,6,0
ISL,1290,USD,OCC,DB,_T,6,0.814
ISL,1290,USD,OCC,DCU,_T,6,22.167
ISL,1290,USD,OCC,_T,_T,6,22.981
ISL,1290,USD,_T,DB,_T,6,0.814
ISL,1290,USD,_T,DCU,_T,6,22.167
ISL,2000,USD,OCC,DB,PF,6,12916.879
ISL,2000,USD,OCC,DB,_T,6,12916.879
ISL,2000,USD,OCC,DCU,PF,6,31425.904
ISL,2000,USD,OCC,DCU,_T,6,31425.904
ISL,2000,USD,OCC,_T,PF,6,44342.783
ISL,2000,USD,OCC,_T,_T,6,44342.783
ISL,2000,USD,_T,DB,PF,6,12916.879
ISL,2000,USD,_T,DB,_T,6,12916.879
ISL,2000,USD,_T,DCU,PF,6,31425.904
ISL,2000,USD,_T,DCU,_T,6,31425.904
ISL,2100,USD,OCC,DB,_T,6,3132.056
ISL,2100,USD,OCC,_T,_T,6,3132.056
ISL,2100,USD,_T,DB,_T,6,3132.056
ISL,2200,USD,OCC,DB,_T,6,9784.822
ISL,2200,USD,OCC,DCU,_T,6,31425.904
ISL,2200,USD,OCC,_T,_T,6,41210.727
ISL,2200,USD,_T,DB,_T,6,9784.822
ISL,2200,USD,_T,DCU,_T,6,31425.904
ISL,3000,USD,OCC,DB,_T,6,428.174
ISL,3000,USD,OCC,DCU,_T,6,4310.48
ISL,3000,USD,OCC,_T,_T,6,4738.653
ISL,3000,USD,_T,DB,_T,6,428.174
ISL,3000,USD,_T,DCU,_T,6,4310.48
ISL,3010,USD,OCC,DB,_T,6,429.095
ISL,3010,USD,OCC,DCU,_T,6,4324.671
ISL,3010,USD,OCC,_T,_T,6,4753.767
ISL,3010,USD,_T,DB,_T,6,429.095
ISL,3010,USD,_T,DCU,_T,6,4324.671
ISL,3100,PT_B1GQ,OCC,DB,_T,0,1.178
ISL,3100,PT_B1GQ,OCC,DCU,_T,0,6.151
ISL,3100,PT_B1GQ,OCC,_T,_T,0,7.329
ISL,3100,PT_B1GQ,PER,DCU,_T,0,2.547
ISL,3100,PT_B1GQ,PER,_T,_T,0,2.547
ISL,3100,PT_B1GQ,_T,DB,_T,0,1.178
ISL,3100,PT_B1GQ,_T,DCU,_T,0,8.698
ISL,3100,PT_B1GQ,_T,_T,_T,0,9.876
ISL,3100,USD,OCC,DB,_T,6,294.405
ISL,3100,USD,OCC,DCU,_T,6,1536.873
ISL,3100,USD,OCC,_T,_T,6,1831.277
ISL,3100,USD,PER,DCU,_T,6,636.376
ISL,3100,USD,PER,_T,_T,6,636.376
ISL,3100,USD,_T,DB,_T,6,294.405
ISL,3100,USD,_T,DCU,_T,6,2173.249
ISL,3100,USD,_T,_T,_T,6,2467.653
ISL,3200,USD,OCC,DB,_T,6,290.139
ISL,3200,USD,OCC,DCU,_T,6,1131.838
ISL,3200,USD,OCC,_T,_T,6,1421.977
ISL,3200,USD,PER,DCU,_T,6,339.516
ISL,3200,USD,PER,_T,_T,6,339.516
ISL,3200,USD,_T,DB,_T,6,290.139
ISL,3200,USD,_T,DCU,_T,6,1471.354
ISL,3200,USD,_T,_T,_T,6,1761.493
ISL,3300,USD,OCC,DB,_T,6,4.266
ISL,3300,USD,OCC,DCU,_T,6,405.035
ISL,3300,USD,OCC,_T,_T,6,409.3
ISL,3300,USD,PER,DCU,_T,6,296.86
ISL,3300,USD,PER,_T,_T,6,296.86
ISL,3300,USD,_T,DB,_T,6,4.266
ISL,3300,USD,_T,DCU,_T,6,701.894
ISL,3300,USD,_T,_T,_T,6,706.16
ISL,4000,PT_B1GQ,OCC,DB,_T,0,2.04
ISL,4000,PT_B1GQ,OCC,DCU,_T,0,2.849
ISL,4000,PT_B1GQ,OCC,_T,_T,0,4.888
ISL,4000,PT_B1GQ,PER,DCU,_T,0,0.404
ISL,4000,PT_B1GQ,PER,_T,_T,0,0.404
ISL,4000,PT_B1GQ,_T,DB,_T,0,2.04
ISL,4000,PT_B1GQ,_T,DCU,_T,0,3.253
ISL,4000,PT_B1GQ,_T,_T,_T,0,5.292
ISL,4000,USD,OCC,DB,_T,6,509.605
ISL,4000,USD,OCC,DCU,_T,6,711.804
ISL,4000,USD,OCC,_T,_T,6,1221.409
ISL,4000,USD,PER,DCU,_T,6,100.957
ISL,4000,USD,PER,_T,_T,6,100.957
ISL,4000,USD,_T,DB,_T,6,509.605
ISL,4000,USD,_T,DCU,_T,6,812.761
ISL,4000,USD,_T,_T,_T,6,1322.366
ISL,4100,USD,OCC,DB,_T,6,0
ISL,4100,USD,OCC,DCU,_T,6,0
ISL,4100,USD,OCC,_T,_T,6,0
ISL,4100,USD,PER,DCU,_T,6,0
ISL,4100,USD,PER,_T,_T,6,0
ISL,4100,USD,_T,DB,_T,6,0
ISL,4100,USD,_T,DCU,_T,6,0
ISL,4100,USD,_T,_T,_T,6,0
ISL,4200,USD,OCC,DB,_T,6,509.605
ISL,4200,USD,OCC,DCU,_T,6,711.804
ISL,4200,USD,OCC,_T,_T,6,1221.409
ISL,4200,USD,PER,DCU,_T,6,100.957
ISL,4200,USD,PER,_T,_T,6,100.957
ISL,4200,USD,_T,DB,_T,6,509.605
ISL,4200,USD,_T,DCU,_T,6,812.761
ISL,4200,USD,_T,_T,_T,6,1322.366
ISL,4410,USD,OCC,DB,_T,6,0.922
ISL,4410,USD,OCC,DCU,_T,6,14.192
ISL,4410,USD,OCC,_T,_T,6,15.113
ISL,4410,USD,_T,DB,_T,6,0.922
ISL,4410,USD,_T,DCU,_T,6,14.192
ISL,4420,USD,OCC,DB,_T,6,7.365
ISL,4420,USD,OCC,DCU,_T,6,50.478
ISL,4420,USD,OCC,_T,_T,6,57.843
ISL,4420,USD,_T,DB,_T,6,7.365
ISL,4420,USD,_T,DCU,_T,6,50.478
ISL,4500,USD,OCC,DB,_T,6,0.065
ISL,4500,USD,OCC,DCU,_T,6,4.045
ISL,4500,USD,OCC,_T,_T,6,4.111
ISL,4500,USD,_T,DB,_T,6,0.065
ISL,4500,USD,_T,DCU,_T,6,4.045
ISL,5000,PS,OCC,DB,PF,3,13.1
ISL,5000,PS,OCC,DB,_T,3,13.1
ISL,5000,PS,OCC,DCU,PF,3,303
ISL,5000,PS,OCC,DCU,_T,3,303
ISL,5000,PS,OCC,_T,PF,3,316.1
ISL,5000,PS,OCC,_T,_T,3,316.1
ISL,5000,PS,PER,DCU,_T,3,110
ISL,5000,PS,PER,_T,_T,3,110
ISL,5000,PS,_T,DB,PF,3,13.1
ISL,5000,PS,_T,DB,_T,3,13.1
ISL,5000,PS,_T,DCU,PF,3,303
ISL,5000,PS,_T,DCU,_T,3,413
ISL,5010,PS,OCC,DB,_T,3,4.6
ISL,5010,PS,OCC,DCU,_T,3,159
ISL,5010,PS,OCC,_T,_T,3,163.6
ISL,5010,PS,_T,DB,_T,3,4.6
ISL,5010,PS,_T,DCU,_T,3,159
ISL,5020,PS,OCC,DB,_T,3,8.5
ISL,5020,PS,OCC,DCU,_T,3,144
ISL,5020,PS,OCC,_T,_T,3,152.5
ISL,5020,PS,_T,DB,_T,3,8.5
ISL,5020,PS,_T,DCU,_T,3,144
ISL,5100,PS,OCC,DB,PF,3,2.8
ISL,5100,PS,OCC,DB,_T,3,2.8
ISL,5100,PS,OCC,DCU,PF,3,249
ISL,5100,PS,OCC,DCU,_T,3,249
ISL,5100,PS,OCC,_T,PF,3,251.8
ISL,5100,PS,OCC,_T,_T,3,251.8
ISL,5100,PS,PER,DCU,_T,3,101
ISL,5100,PS,PER,_T,_T,3,101
ISL,5100,PS,_T,DB,PF,3,2.8
ISL,5100,PS,_T,DB,_T,3,2.8
ISL,5100,PS,_T,DCU,PF,3,249
ISL,5100,PS,_T,DCU,_T,3,350
ISL,5200,PS,OCC,DB,PF,3,0.29
ISL,5200,PS,OCC,DB,_T,3,0.29
ISL,5200,PS,OCC,DCU,PF,3,26
ISL,5200,PS,OCC,DCU,_T,3,26
ISL,5200,PS,OCC,_T,PF,3,26.29
ISL,5200,PS,OCC,_T,_T,3,26.29
ISL,5200,PS,_T,DB,PF,3,0.29
ISL,5200,PS,_T,DB,_T,3,0.29
ISL,5200,PS,_T,DCU,PF,3,26
ISL,5200,PS,_T,DCU,_T,3,26
ISL,5300,PS,OCC,DB,PF,3,7.3
ISL,5300,PS,OCC,DB,_T,3,7.3
ISL,5300,PS,OCC,DCU,PF,3,38
ISL,5300,PS,OCC,DCU,_T,3,38
ISL,5300,PS,OCC,_T,PF,3,45.3
ISL,5300,PS,OCC,_T,_T,3,45.3
ISL,5300,PS,PER,DCU,_T,3,9
ISL,5300,PS,PER,_T,_T,3,9
ISL,5300,PS,_T,DB,PF,3,7.3
ISL,5300,PS,_T,DB,_T,3,7.3
ISL,5300,PS,_T,DCU,PF,3,38
ISL,5300,PS,_T,DCU,_T,3,47
ISL,5400,PS,OCC,DB,_T,3,2.9
ISL,5400,PS,OCC,DCU,_T,3,15
ISL,5400,PS,OCC,_T,_T,3,17.9
ISL,5400,PS,_T,DB,_T,3,2.9
ISL,5400,PS,_T,DCU,_T,3,15
ISL,OA,PT_B1GQ,OCC,_T,_T,0,145.564
ISL,PA,PT_B1GQ,PER,_T,_T,0,26.957
ISR,1000,PT_B1GQ,OCC,DB,PF,0,34.023
ISR,1000,PT_B1GQ,OCC,DB,_T,0,34.023
ISR,1000,PT_B1GQ,OCC,_T,PF,0,34.023
ISR,1000,PT_B1GQ,OCC,_T,_T,0,34.023
ISR,1000,PT_B1GQ,PER,DCU,INV,0,1.804
ISR,1000,PT_B1GQ,PER,DCU,PF,0,27.071
ISR,1000,PT_B1GQ,PER,DCU,_T,0,28.874
ISR,1000,PT_B1GQ,PER,_T,INV,0,1.804
ISR,1000,PT_B1GQ,PER,_T,PF,0,27.071
ISR,1000,PT_B1GQ,PER,_T,_T,0,28.874
ISR,1000,PT_B1GQ,_T,DB,PF,0,34.023
ISR,1000,PT_B1GQ,_T,DB,_T,0,34.023
ISR,1000,PT_B1GQ,_T,DCU,INV,0,1.804
ISR,1000,PT_B1GQ,_T,DCU,PF,0,27.071
ISR,1000,PT_B1GQ,_T,DCU,_T,0,28.874
ISR,1000,PT_B1GQ,_T,_T,INV,0,1.804
ISR,1000,PT_B1GQ,_T,_T,OTH,0,1.804
ISR,1000,PT_B1GQ,_T,_T,PF,0,61.094
ISR,1000,PT_B1GQ,_T,_T,_T,0,62.898
ISR,1000,USD,OCC,DB,PF,6,140594.603
ISR,1000,USD,OCC,DB,_T,6,140594.603
ISR,1000,USD,OCC,_T,PF,6,140594.603
ISR,1000,USD,OCC,_T,_T,6,140594.603
ISR,1000,USD,PER,DCU,INV,6,7453.416
ISR,1000,USD,PER,DCU,PF,6,111864.09
ISR,1000,USD,PER,DCU,_T,6,119317.505
ISR,1000,USD,PER,_T,INV,6,7453.416
ISR,1000,USD,PER,_T,PF,6,111864.09
ISR,1000,USD,PER,_T,_T,6,119317.505
ISR,1000,USD,_T,DB,PF,6,140594.603
ISR,1000,USD,_T,DB,_T,6,140594.603
ISR,1000,USD,_T,DCU,INV,6,7453.416
ISR,1000,USD,_T,DCU,PF,6,111864.09
ISR,1000,USD,_T,DCU,_T,6,119317.505
ISR,1000,USD,_T,_T,INV,6,7453.416
ISR,1000,USD,_T,_T,OTH,6,7453.416
ISR,1000,USD,_T,_T,PF,6,252458.693
ISR,1000,USD,_T,_T,_T,6,259912.108
ISR,1121,USD,OCC,DB,_T,6,17455.908
ISR,1121,USD,OCC,_T,_T,6,17455.908
ISR,1121,USD,PER,DCU,_T,6,34658.981
ISR,1121,USD,PER,_T,_T,6,34658.981
ISR,1121,USD,_T,DB,_T,6,17455.908
ISR,1121,USD,_T,DCU,_T,6,34658.981
ISR,1121,USD,_T,_T,_T,6,52114.889
ISR,1122,USD,OCC,DB,_T,6,19913.65
ISR,1122,USD,OCC,_T,_T,6,19913.65
ISR,1122,USD,PER,DCU,_T,6,34934.069
ISR,1122,USD,PER,_T,_T,6,34934.069
ISR,1122,USD,_T,DB,_T,6,19913.65
ISR,1122,USD,_T,DCU,_T,6,34934.069
ISR,1122,USD,_T,_T,_T,6,54847.719
ISR,1131,USD,OCC,DB,_T,6,1.309
ISR,1131,USD,OCC,_T,_T,6,1.309
ISR,1131,USD,PER,DCU,_T,6,0.15
ISR,1131,USD,PER,_T,_T,6,0.15
ISR,1131,USD,_T,DB,_T,6,1.309
ISR,1131,USD,_T,DCU,_T,6,0.15
ISR,1131,USD,_T,_T,_T,6,1.459
ISR,1141,USD,OCC,DB,_T,6,1627.385
ISR,1141,USD,OCC,_T,_T,6,1627.385
ISR,1141,USD,PER,DCU,_T,6,5883.528
ISR,1141,USD,PER,_T,_T,6,5883.528
ISR,1141,USD,_T,DB,_T,6,1627.385
ISR,1141,USD,_T,DCU,_T,6,5883.528
ISR,1141,USD,_T,_T,_T,6,7510.913
ISR,1151,USD,OCC,DB,_T,6,11366.18
ISR,1151,USD,OCC,_T,_T,6,11366.18
ISR,1151,USD,PER,DCU,_T,6,20315.531
ISR,1151,USD,PER,_T,_T,6,20315.531
ISR,1151,USD,_T,DB,_T,6,11366.18
ISR,1151,USD,_T,DCU,_T,6,20315.531
ISR,1151,USD,_T,_T,_T,6,31681.711
ISR,1161,USD,OCC,DB,_T,6,2948.222
ISR,1161,USD,OCC,_T,_T,6,2948.222
ISR,1161,USD,PER,DCU,_T,6,5293.661
ISR,1161,USD,PER,_T,_T,6,5293.661
ISR,1161,USD,_T,DB,_T,6,2948.222
ISR,1161,USD,_T,DCU,_T,6,5293.661
ISR,1161,USD,_T,_T,_T,6,8241.883
ISR,1210,USD,OCC,DB,_T,6,6716.572
ISR,1210,USD,OCC,_T,_T,6,6716.572
ISR,1210,USD,PER,DCU,_T,6,7488.668
ISR,1210,USD,PER,_T,_T,6,7488.668
ISR,1210,USD,_T,DB,_T,6,6716.572
ISR,1210,USD,_T,DCU,_T,6,7488.668
ISR,1210,USD,_T,_T,_T,6,14205.24
ISR,1215,USD,OCC,DB,_T,6,105464.352
ISR,1215,USD,OCC,_T,_T,6,105464.352
ISR,1215,USD,PER,DCU,_T,6,53640.799
ISR,1215,USD,PER,_T,_T,6,53640.799
ISR,1215,USD,_T,DB,_T,6,105464.352
ISR,1215,USD,_T,DCU,_T,6,53640.799
ISR,1215,USD,_T,_T,_T,6,159105.151
ISR,1220,USD,OCC,DB,_T,6,99004.246
ISR,1220,USD,OCC,_T,_T,6,99004.246
ISR,1220,USD,PER,DCU,_T,6,42180.009
ISR,1220,USD,PER,_T,_T,6,42180.009
ISR,1220,USD,_T,DB,_T,6,99004.246
ISR,1220,USD,_T,DCU,_T,6,42180.009
ISR,1220,USD,_T,_T,_T,6,141184.255
ISR,1230,USD,OCC,DB,_T,6,6460.106
ISR,1230,USD,OCC,_T,_T,6,6460.106
ISR,1230,USD,PER,DCU,_T,6,11460.79
ISR,1230,USD,PER,_T,_T,6,11460.79
ISR,1230,USD,_T,DB,_T,6,6460.106
ISR,1230,USD,_T,DCU,_T,6,11460.79
ISR,1230,USD,_T,_T,_T,6,17920.896
ISR,1240,USD,OCC,DB,_T,6,3153.144
ISR,1240,USD,OCC,_T,_T,6,3153.144
ISR,1240,USD,PER,DCU,_T,6,9259.935
ISR,1240,USD,PER,_T,_T,6,9259.935
ISR,1240,USD,_T,DB,_T,6,3153.144
ISR,1240,USD,_T,DCU,_T,6,9259.935
ISR,1240,USD,_T,_T,_T,6,12413.079
ISR,1245,USD,OCC,DB,_T,6,3784.821
ISR,1245,USD,OCC,_T,_T,6,3784.821
ISR,1245,USD,PER,DCU,_T,6,23603.987
ISR,1245,USD,PER,_T,_T,6,23603.987
ISR,1245,USD,_T,DB,_T,6,3784.821
ISR,1245,USD,_T,DCU,_T,6,23603.987
ISR,1245,USD,_T,_T,_T,6,27388.808
ISR,1260,USD,OCC,DB,_T,6,434.883
ISR,1260,USD,OCC,_T,_T,6,434.883
ISR,1260,USD,PER,DCU,_T,6,938.43
ISR,1260,USD,PER,_T,_T,6,938.43
ISR,1260,USD,_T,DB,_T,6,434.883
ISR,1260,USD,_T,DCU,_T,6,938.43
ISR,1260,USD,_T,_T,_T,6,1373.313
ISR,1270,USD,OCC,DB,_T,6,13656.787
ISR,1270,USD,OCC,_T,_T,6,13656.787
ISR,1270,USD,PER,DCU,_T,6,16937.065
ISR,1270,USD,PER,_T,_T,6,16937.065
ISR,1270,USD,_T,DB,_T,6,13656.787
ISR,1270,USD,_T,DCU,_T,6,16937.065
ISR,1270,USD,_T,_T,_T,6,30593.852
ISR,1272,USD,OCC,DB,_T,6,0
ISR,1272,USD,OCC,_T,_T,6,0
ISR,1272,USD,PER,DCU,_T,6,0
ISR,1272,USD,PER,_T,_T,6,0
ISR,1272,USD,_T,DB,_T,6,0
ISR,1272,USD,_T,DCU,_T,6,0
ISR,1272,USD,_T,_T,_T,6,0
ISR,1274,USD,OCC,DB,_T,6,415.248
ISR,1274,USD,OCC,_T,_T,6,415.248
ISR,1274,USD,PER,DCU,_T,6,2878.332
ISR,1274,USD,PER,_T,_T,6,2878.332
ISR,1274,USD,_T,DB,_T,6,415.248
ISR,1274,USD,_T,DCU,_T,6,2878.332
ISR,1274,USD,_T,_T,_T,6,3293.58
ISR,1276,USD,OCC,DB,_T,6,12778.113
ISR,1276,USD,OCC,_T,_T,6,12778.113
ISR,1276,USD,PER,DCU,_T,6,13188.839
ISR,1276,USD,PER,_T,_T,6,13188.839
ISR,1276,USD,_T,DB,_T,6,12778.113
ISR,1276,USD,_T,DCU,_T,6,13188.839
ISR,1276,USD,_T,_T,_T,6,25966.952
ISR,1277,USD,OCC,DB,_T,6,0
ISR,1277,USD,OCC,_T,_T,6,0
ISR,1277,USD,PER,DCU,_T,6,0
ISR,1277,USD,PER,_T,_T,6,0
ISR,1277,USD,_T,DB,_T,6,0
ISR,1277,USD,_T,DCU,_T,6,0
ISR,1277,USD,_T,_T,_T,6,0
ISR,1278,USD,OCC,DB,_T,6,463.427
ISR,1278,USD,OCC,_T,_T,6,463.427
ISR,1278,USD,PER,DCU,_T,6,869.893
ISR,1278,USD,PER,_T,_T,6,869.893
ISR,1278,USD,_T,DB,_T,6,463.427
ISR,1278,USD,_T,DCU,_T,6,869.893
ISR,1278,USD,_T,_T,_T,6,1333.32
ISR,1280,USD,OCC,DB,_T,6,0
ISR,1280,USD,OCC,_T,_T,6,0
ISR,1280,USD,PER,DCU,_T,6,0
ISR,1280,USD,PER,_T,_T,6,0
ISR,1280,USD,_T,DB,_T,6,0
ISR,1280,USD,_T,DCU,_T,6,0
ISR,1280,USD,_T,_T,_T,6,0
ISR,1284,USD,OCC,DB,_T,6,124.855
ISR,1284,USD,OCC,_T,_T,6,124.855
ISR,1284,USD,PER,DCU,_T,6,423.459
ISR,1284,USD,PER,_T,_T,6,423.459
ISR,1284,USD,_T,DB,_T,6,124.855
ISR,1284,USD,_T,DCU,_T,6,423.459
ISR,1284,USD,_T,_T,_T,6,548.314
ISR,1286,USD,OCC,DB,_T,6,3435.508
ISR,1286,USD,OCC,_T,_T,6,3435.508
ISR,1286,USD,PER,DCU,_T,6,4424.702
ISR,1286,USD,PER,_T,_T,6,4424.702
ISR,1286,USD,_T,DB,_T,6,3435.508
ISR,1286,USD,_T,DCU,_T,6,4424.702
ISR,1286,USD,_T,_T,_T,6,7860.21
ISR,1289,USD,OCC,DB,_T,6,226.73
ISR,1289,USD,OCC,_T,_T,6,226.73
ISR,1289,USD,PER,DCU,_T,6,498.843
ISR,1289,USD,PER,_T,_T,6,498.843
ISR,1289,USD,_T,DB,_T,6,226.73
ISR,1289,USD,_T,DCU,_T,6,498.843
ISR,1289,USD,_T,_T,_T,6,725.572
ISR,1290,USD,OCC,DB,_T,6,3596.951
ISR,1290,USD,OCC,_T,_T,6,3596.951
ISR,1290,USD,PER,DCU,_T,6,2101.618
ISR,1290,USD,PER,_T,_T,6,2101.618
ISR,1290,USD,_T,DB,_T,6,3596.951
ISR,1290,USD,_T,DCU,_T,6,2101.618
ISR,1290,USD,_T,_T,_T,6,5698.568
ISR,3100,PT_B1GQ,OCC,DB,_T,0,0.342
ISR,3100,PT_B1GQ,OCC,_T,_T,0,0.342
ISR,3100,PT_B1GQ,PER,DCU,_T,0,3.077
ISR,3100,PT_B1GQ,PER,_T,_T,0,3.077
ISR,3100,PT_B1GQ,_T,DB,_T,0,0.342
ISR,3100,PT_B1GQ,_T,DCU,_T,0,3.077
ISR,3100,PT_B1GQ,_T,_T,_T,0,3.42
ISR,3100,USD,OCC,DB,_T,6,1371.174
ISR,3100,USD,OCC,_T,_T,6,1371.174
ISR,3100,USD,PER,DCU,_T,6,12329.706
ISR,3100,USD,PER,_T,_T,6,12329.706
ISR,3100,USD,_T,DB,_T,6,1371.174
ISR,3100,USD,_T,DCU,_T,6,12329.706
ISR,3100,USD,_T,_T,_T,6,13700.88
ISR,5000,PS,OCC,DB,PF,3,924.939
ISR,5000,PS,OCC,DB,_T,3,924.939
ISR,5000,PS,OCC,_T,PF,3,924.939
ISR,5000,PS,OCC,_T,_T,3,924.939
ISR,5000,PS,PER,DCU,INV,3,701.112
ISR,5000,PS,PER,DCU,PF,3,3983.592
ISR,5000,PS,PER,DCU,_T,3,4684.704
ISR,5000,PS,PER,_T,INV,3,701.112
ISR,5000,PS,PER,_T,PF,3,3983.592
ISR,5000,PS,PER,_T,_T,3,4684.704
ISR,5000,PS,_T,DB,PF,3,924.939
ISR,5000,PS,_T,DB,_T,3,924.939
ISR,5000,PS,_T,DCU,INV,3,701.112
ISR,5000,PS,_T,DCU,PF,3,3983.592
ISR,5000,PS,_T,DCU,_T,3,4684.704
ISR,5000,PS,_T,_T,INV,3,701.112
ISR,5000,PS,_T,_T,OTH,3,701.112
ISR,5000,PS,_T,_T,PF,3,4908.531
ISR,5000,PS,_T,_T,_T,3,5609.643
ISR,5100,PS,OCC,DB,PF,3,652.093
ISR,5100,PS,OCC,DB,_T,3,652.093
ISR,5100,PS,OCC,_T,PF,3,652.093
ISR,5100,PS,OCC,_T,_T,3,652.093
ISR,5100,PS,PER,DCU,INV,3,699.107
ISR,5100,PS,PER,DCU,PF,3,3913.796
ISR,5100,PS,PER,DCU,_T,3,4612.903
ISR,5100,PS,PER,_T,INV,3,699.107
ISR,5100,PS,PER,_T,PF,3,3913.796
ISR,5100,PS,PER,_T,_T,3,4612.903
ISR,5100,PS,_T,DB,PF,3,652.093
ISR,5100,PS,_T,DB,_T,3,652.093
ISR,5100,PS,_T,DCU,INV,3,699.107
ISR,5100,PS,_T,DCU,PF,3,3913.796
ISR,5100,PS,_T,DCU,_T,3,4612.903
ISR,5100,PS,_T,_T,INV,3,699.107
ISR,5100,PS,_T,_T,OTH,3,699.107
ISR,5100,PS,_T,_T,PF,3,4565.889
ISR,5100,PS,_T,_T,_T,3,5264.996
ISR,5200,PS,OCC,DB,PF,3,547.058
ISR,5200,PS,OCC,DB,_T,3,547.058
ISR,5200,PS,OCC,_T,PF,3,547.058
ISR,5200,PS,OCC,_T,_T,3,547.058
ISR,5200,PS,PER,DCU,INV,3,264.7
ISR,5200,PS,PER,DCU,PF,3,1745.613
ISR,5200,PS,PER,DCU,_T,3,2010.313
ISR,5200,PS,PER,_T,INV,3,264.7
ISR,5200,PS,PER,_T,PF,3,1745.613
ISR,5200,PS,PER,_T,_T,3,2010.313
ISR,5200,PS,_T,DB,PF,3,547.058
ISR,5200,PS,_T,DB,_T,3,547.058
ISR,5200,PS,_T,DCU,INV,3,264.7
ISR,5200,PS,_T,DCU,PF,3,1745.613
ISR,5200,PS,_T,DCU,_T,3,2010.313
ISR,5200,PS,_T,_T,INV,3,264.7
ISR,5200,PS,_T,_T,OTH,3,264.7
ISR,5200,PS,_T,_T,PF,3,2292.671
ISR,5200,PS,_T,_T,_T,3,2557.371
ISR,5300,PS,OCC,DB,PF,3,272.846
ISR,5300,PS,OCC,DB,_T,3,272.846
ISR,5300,PS,OCC,_T,PF,3,272.846
ISR,5300,PS,OCC,_T,_T,3,272.846
ISR,5300,PS,PER,DCU,INV,3,2.005
ISR,5300,PS,PER,DCU,PF,3,69.796
ISR,5300,PS,PER,DCU,_T,3,71.801
ISR,5300,PS,PER,_T,INV,3,2.005
ISR,5300,PS,PER,_T,PF,3,69.796
ISR,5300,PS,PER,_T,_T,3,71.801
ISR,5300,PS,_T,DB,PF,3,272.846
ISR,5300,PS,_T,DB,_T,3,272.846
ISR,5300,PS,_T,DCU,INV,3,2.005
ISR,5300,PS,_T,DCU,PF,3,69.796
ISR,5300,PS,_T,DCU,_T,3,71.801
ISR,5300,PS,_T,_T,INV,3,2.005
ISR,5300,PS,_T,_T,OTH,3,2.005
ISR,5300,PS,_T,_T,PF,3,342.642
ISR,5300,PS,_T,_T,_T,3,344.647
ISR,OA,PT_B1GQ,OCC,_T,_T,0,34.023
ISR,PA,PT_B1GQ,PER,_T,_T,0,28.874
ITA,1000,PT_B1GQ,OCC,DB,BR,0,0.076
ITA,1000,PT_B1GQ,OCC,DB,PF,0,0.301
ITA,1000,PT_B1GQ,OCC,DB,_T,0,0.377
ITA,1000,PT_B1GQ,OCC,DCP,PF,0,2.109
ITA,1000,PT_B1GQ,OCC,DCP,_T,0,2.109
ITA,1000,PT_B1GQ,OCC,DCU,PF,0,4.722
ITA,1000,PT_B1GQ,OCC,DCU,_T,0,4.722
ITA,1000,PT_B1GQ,OCC,_T,BR,0,0.076
ITA,1000,PT_B1GQ,OCC,_T,PF,0,7.131
ITA,1000,PT_B1GQ,OCC,_T,_T,0,7.207
ITA,1000,PT_B1GQ,PER,DCP,PF,0,0.229
ITA,1000,PT_B1GQ,PER,DCP,PIC,0,1.762
ITA,1000,PT_B1GQ,PER,DCP,_T,0,1.991
ITA,1000,PT_B1GQ,PER,DCU,PF,0,0.986
ITA,1000,PT_B1GQ,PER,DCU,PIC,0,0.597
ITA,1000,PT_B1GQ,PER,DCU,_T,0,1.583
ITA,1000,PT_B1GQ,PER,_T,PF,0,1.215
ITA,1000,PT_B1GQ,PER,_T,PIC,0,2.358
ITA,1000,PT_B1GQ,PER,_T,_T,0,3.573
ITA,1000,PT_B1GQ,_T,DB,BR,0,0.076
ITA,1000,PT_B1GQ,_T,DB,PF,0,0.301
ITA,1000,PT_B1GQ,_T,DB,_T,0,0.377
ITA,1000,PT_B1GQ,_T,DCP,PF,0,2.338
ITA,1000,PT_B1GQ,_T,DCP,PIC,0,1.762
ITA,1000,PT_B1GQ,_T,DCP,_T,0,4.099
ITA,1000,PT_B1GQ,_T,DCU,PF,0,5.707
ITA,1000,PT_B1GQ,_T,DCU,PIC,0,0.597
ITA,1000,PT_B1GQ,_T,DCU,_T,0,6.304
ITA,1000,PT_B1GQ,_T,_T,BR,0,0.076
ITA,1000,PT_B1GQ,_T,_T,PF,0,8.346
ITA,1000,PT_B1GQ,_T,_T,PIC,0,2.358
ITA,1000,PT_B1GQ,_T,_T,_T,0,10.78
ITA,1000,USD,OCC,DB,BR,6,1532.317
ITA,1000,USD,OCC,DB,PF,6,6102.308
ITA,1000,USD,OCC,DB,_T,6,7634.625
ITA,1000,USD,OCC,DCP,PF,6,42733.212
ITA,1000,USD,OCC,DCP,_T,6,42733.212
ITA,1000,USD,OCC,DCU,PF,6,95691.572
ITA,1000,USD,OCC,DCU,_T,6,95691.572
ITA,1000,USD,OCC,_T,BR,6,1532.317
ITA,1000,USD,OCC,_T,PF,6,144527.091
ITA,1000,USD,OCC,_T,_T,6,146059.409
ITA,1000,USD,PER,DCP,PF,6,4642.807
ITA,1000,USD,PER,DCP,PIC,6,35700.383
ITA,1000,USD,PER,DCP,_T,6,40343.19
ITA,1000,USD,PER,DCU,PF,6,19981.541
ITA,1000,USD,PER,DCU,PIC,6,12091.294
ITA,1000,USD,PER,DCU,_T,6,32072.836
ITA,1000,USD,PER,_T,PF,6,24624.349
ITA,1000,USD,PER,_T,PIC,6,47791.677
ITA,1000,USD,PER,_T,_T,6,72416.025
ITA,1000,USD,_T,DB,BR,6,1532.317
ITA,1000,USD,_T,DB,PF,6,6102.308
ITA,1000,USD,_T,DB,_T,6,7634.625
ITA,1000,USD,_T,DCP,PF,6,47376.019
ITA,1000,USD,_T,DCP,PIC,6,35700.383
ITA,1000,USD,_T,DCP,_T,6,83076.401
ITA,1000,USD,_T,DCU,PF,6,115673.113
ITA,1000,USD,_T,DCU,PIC,6,12091.294
ITA,1000,USD,_T,DCU,_T,6,127764.407
ITA,1000,USD,_T,_T,BR,6,1532.317
ITA,1000,USD,_T,_T,PF,6,169151.44
ITA,1000,USD,_T,_T,PIC,6,47791.677
ITA,1000,USD,_T,_T,_T,6,218475.434
ITA,1210,USD,OCC,DCP,_T,6,895.573
ITA,1210,USD,OCC,DCU,_T,6,6179.683
ITA,1210,USD,PER,DCP,_T,6,522.157
ITA,1210,USD,PER,DCU,_T,6,1806.566
ITA,1210,USD,PER,_T,_T,6,2328.724
ITA,1210,USD,_T,DCP,_T,6,1417.731
ITA,1210,USD,_T,DCU,_T,6,7986.25
ITA,1215,USD,OCC,DCP,_T,6,8787.457
ITA,1215,USD,OCC,DCU,_T,6,47549.709
ITA,1215,USD,PER,DCP,_T,6,3192.479
ITA,1215,USD,PER,DCU,_T,6,6870.027
ITA,1215,USD,PER,_T,_T,6,10062.506
ITA,1215,USD,_T,DCP,_T,6,11979.936
ITA,1215,USD,_T,DCU,_T,6,54419.736
ITA,1220,USD,OCC,DCP,_T,6,7119.398
ITA,1220,USD,OCC,DCU,_T,6,30451.417
ITA,1220,USD,PER,DCP,_T,6,2531.73
ITA,1220,USD,PER,DCU,_T,6,5671.506
ITA,1220,USD,PER,_T,_T,6,8203.236
ITA,1220,USD,_T,DCP,_T,6,9651.128
ITA,1220,USD,_T,DCU,_T,6,36122.922
ITA,1230,USD,OCC,DCP,_T,6,1668.059
ITA,1230,USD,OCC,DCU,_T,6,17098.292
ITA,1230,USD,PER,DCP,_T,6,660.748
ITA,1230,USD,PER,DCU,_T,6,1198.522
ITA,1230,USD,PER,_T,_T,6,1859.27
ITA,1230,USD,_T,DCP,_T,6,2328.808
ITA,1230,USD,_T,DCU,_T,6,18296.813
ITA,1245,USD,OCC,DCP,_T,6,229.71
ITA,1245,USD,OCC,DCU,_T,6,21326.481
ITA,1245,USD,PER,DCP,_T,6,271.327
ITA,1245,USD,PER,DCU,_T,6,5183.508
ITA,1245,USD,PER,_T,_T,6,5454.835
ITA,1245,USD,_T,DCP,_T,6,501.036
ITA,1245,USD,_T,DCU,_T,6,26509.99
ITA,1260,USD,OCC,DCP,_T,6,0
ITA,1260,USD,OCC,DCU,_T,6,780.763
ITA,1260,USD,PER,DCP,_T,6,0
ITA,1260,USD,PER,DCU,_T,6,0
ITA,1260,USD,PER,_T,_T,6,0
ITA,1260,USD,_T,DCP,_T,6,0
ITA,1260,USD,_T,DCU,_T,6,780.763
ITA,1270,USD,OCC,DCP,_T,6,324.5
ITA,1270,USD,OCC,DCU,_T,6,13032.563
ITA,1270,USD,PER,DCP,_T,6,527.037
ITA,1270,USD,PER,DCU,_T,6,4143.098
ITA,1270,USD,PER,_T,_T,6,4670.135
ITA,1270,USD,_T,DCP,_T,6,851.537
ITA,1270,USD,_T,DCU,_T,6,17175.66
ITA,1272,USD,OCC,DCP,_T,6,0
ITA,1272,USD,OCC,DCU,_T,6,0
ITA,1272,USD,PER,DCP,_T,6,0
ITA,1272,USD,PER,DCU,_T,6,0
ITA,1272,USD,PER,_T,_T,6,0
ITA,1272,USD,_T,DCP,_T,6,0
ITA,1272,USD,_T,DCU,_T,6,0
ITA,1274,USD,OCC,DCP,_T,6,66.782
ITA,1274,USD,OCC,DCU,_T,6,5966.283
ITA,1274,USD,PER,DCP,_T,6,442.175
ITA,1274,USD,PER,DCU,_T,6,986.681
ITA,1274,USD,PER,_T,_T,6,1428.856
ITA,1274,USD,_T,DCP,_T,6,508.957
ITA,1274,USD,_T,DCU,_T,6,6952.964
ITA,1276,USD,OCC,DCP,_T,6,257.718
ITA,1276,USD,OCC,DCU,_T,6,4873.099
ITA,1276,USD,PER,DCP,_T,6,84.862
ITA,1276,USD,PER,DCU,_T,6,3092.001
ITA,1276,USD,PER,_T,_T,6,3176.863
ITA,1276,USD,_T,DCP,_T,6,342.58
ITA,1276,USD,_T,DCU,_T,6,7965.1
ITA,1277,USD,OCC,DCP,_T,6,0
ITA,1277,USD,OCC,DCU,_T,6,1458.763
ITA,1277,USD,PER,DCP,_T,6,0
ITA,1277,USD,PER,DCU,_T,6,3.904
ITA,1277,USD,PER,_T,_T,6,3.904
ITA,1277,USD,_T,DCP,_T,6,0
ITA,1277,USD,_T,DCU,_T,6,1462.667
ITA,1278,USD,OCC,DCP,_T,6,0
ITA,1278,USD,OCC,DCU,_T,6,734.418
ITA,1278,USD,PER,DCP,_T,6,0
ITA,1278,USD,PER,DCU,_T,6,60.512
ITA,1278,USD,PER,_T,_T,6,60.512
ITA,1278,USD,_T,DCP,_T,6,0
ITA,1278,USD,_T,DCU,_T,6,794.93
ITA,1280,USD,OCC,DCP,_T,6,32212.368
ITA,1280,USD,OCC,DCU,_T,6,0
ITA,1280,USD,PER,DCP,_T,6,35700.383
ITA,1280,USD,PER,DCU,_T,6,12091.294
ITA,1280,USD,PER,_T,_T,6,47791.677
ITA,1280,USD,_T,DCP,_T,6,67912.75
ITA,1280,USD,_T,DCU,_T,6,12091.294
ITA,1290,USD,OCC,DCP,_T,6,283.604
ITA,1290,USD,OCC,DCU,_T,6,6822.373
ITA,1290,USD,PER,DCP,_T,6,129.807
ITA,1290,USD,PER,DCU,_T,6,1978.341
ITA,1290,USD,PER,_T,_T,6,2108.149
ITA,1290,USD,_T,DCP,_T,6,413.411
ITA,1290,USD,_T,DCU,_T,6,8800.714
ITA,2000,USD,OCC,DB,BR,6,1532.317
ITA,2000,USD,OCC,DB,PF,6,6103.431
ITA,2000,USD,OCC,DB,_T,6,7635.749
ITA,2000,USD,OCC,DCP,PF,6,42733.212
ITA,2000,USD,OCC,DCP,_T,6,42733.212
ITA,2000,USD,OCC,DCU,PF,6,95692.695
ITA,2000,USD,OCC,DCU,_T,6,95692.695
ITA,2000,USD,OCC,_T,BR,6,1532.317
ITA,2000,USD,OCC,_T,PF,6,144529.338
ITA,2000,USD,OCC,_T,_T,6,146061.655
ITA,2000,USD,PER,DCP,PF,6,4642.807
ITA,2000,USD,PER,DCP,PIC,6,35700.383
ITA,2000,USD,PER,DCP,_T,6,40343.19
ITA,2000,USD,PER,DCU,PF,6,19981.541
ITA,2000,USD,PER,DCU,PIC,6,12091.294
ITA,2000,USD,PER,DCU,_T,6,32072.836
ITA,2000,USD,PER,_T,PF,6,24624.349
ITA,2000,USD,PER,_T,PIC,6,47791.677
ITA,2000,USD,PER,_T,_T,6,72416.025
ITA,2000,USD,_T,DB,BR,6,1532.317
ITA,2000,USD,_T,DB,PF,6,6103.431
ITA,2000,USD,_T,DB,_T,6,7635.749
ITA,2000,USD,_T,DCP,PF,6,47376.019
ITA,2000,USD,_T,DCP,PIC,6,35700.383
ITA,2000,USD,_T,DCP,_T,6,83076.401
ITA,2000,USD,_T,DCU,PF,6,115674.237
ITA,2000,USD,_T,DCU,PIC,6,12091.294
ITA,2000,USD,_T,DCU,_T,6,127765.531
ITA,2000,USD,_T,_T,BR,6,1532.317
ITA,2000,USD,_T,_T,PF,6,169153.687
ITA,2000,USD,_T,_T,PIC,6,47791.677
ITA,2000,USD,_T,_T,_T,6,218477.681
ITA,2100,USD,OCC,DCP,_T,6,0
ITA,2100,USD,OCC,DCU,_T,6,0
ITA,2100,USD,PER,DCP,_T,6,0
ITA,2100,USD,PER,DCU,_T,6,0
ITA,2100,USD,PER,_T,_T,6,0
ITA,2100,USD,_T,DCP,_T,6,0
ITA,2100,USD,_T,DCU,_T,6,0
ITA,2200,USD,OCC,DB,_T,6,7358.269
ITA,2200,USD,OCC,DCP,_T,6,42429.183
ITA,2200,USD,OCC,DCU,_T,6,88090.151
ITA,2200,USD,OCC,_T,_T,6,137877.603
ITA,2200,USD,PER,DCP,_T,6,40204.598
ITA,2200,USD,PER,DCU,_T,6,29882.703
ITA,2200,USD,PER,_T,_T,6,70087.302
ITA,2200,USD,_T,DB,_T,6,7358.269
ITA,2200,USD,_T,DCP,_T,6,82633.782
ITA,2200,USD,_T,DCU,_T,6,117972.854
ITA,2200,USD,_T,_T,_T,6,207964.905
ITA,2300,USD,OCC,DB,_T,6,277.48
ITA,2300,USD,OCC,DCP,_T,6,304.028
ITA,2300,USD,OCC,DCU,_T,6,7602.544
ITA,2300,USD,OCC,_T,_T,6,8184.052
ITA,2300,USD,PER,DCP,_T,6,138.591
ITA,2300,USD,PER,DCU,_T,6,2190.132
ITA,2300,USD,PER,_T,_T,6,2328.724
ITA,2300,USD,_T,DB,_T,6,277.48
ITA,2300,USD,_T,DCP,_T,6,442.62
ITA,2300,USD,_T,DCU,_T,6,9792.677
ITA,2300,USD,_T,_T,_T,6,10512.776
ITA,3100,PT_B1GQ,OCC,DB,_T,0,0.01
ITA,3100,PT_B1GQ,OCC,DCP,_T,0,0.148
ITA,3100,PT_B1GQ,OCC,DCU,_T,0,0.425
ITA,3100,PT_B1GQ,OCC,_T,_T,0,0.582
ITA,3100,PT_B1GQ,PER,DCP,_T,0,0.211
ITA,3100,PT_B1GQ,PER,DCU,_T,0,0.101
ITA,3100,PT_B1GQ,PER,_T,_T,0,0.312
ITA,3100,PT_B1GQ,_T,DB,_T,0,0.01
ITA,3100,PT_B1GQ,_T,DCP,_T,0,0.359
ITA,3100,PT_B1GQ,_T,DCU,_T,0,0.526
ITA,3100,PT_B1GQ,_T,_T,_T,0,0.894
ITA,3100,USD,OCC,DB,_T,6,192.55
ITA,3100,USD,OCC,DCP,_T,6,2983.599
ITA,3100,USD,OCC,DCU,_T,6,8582.312
ITA,3100,USD,OCC,_T,_T,6,11758.461
ITA,3100,USD,PER,DCP,_T,6,4269.138
ITA,3100,USD,PER,DCU,_T,6,2032.889
ITA,3100,USD,PER,_T,_T,6,6302.027
ITA,3100,USD,_T,DB,_T,6,192.55
ITA,3100,USD,_T,DCP,_T,6,7252.736
ITA,3100,USD,_T,DCU,_T,6,10615.201
ITA,3100,USD,_T,_T,_T,6,18060.487
ITA,3200,USD,OCC,DB,_T,6,154.488
ITA,3200,USD,OCC,DCP,_T,6,834.213
ITA,3200,USD,OCC,DCU,_T,6,1855.885
ITA,3200,USD,OCC,_T,_T,6,2844.586
ITA,3200,USD,PER,DCP,_T,6,0
ITA,3200,USD,PER,DCU,_T,6,0
ITA,3200,USD,PER,_T,_T,6,0
ITA,3200,USD,_T,DB,_T,6,154.488
ITA,3200,USD,_T,DCP,_T,6,834.213
ITA,3200,USD,_T,DCU,_T,6,1855.885
ITA,3200,USD,_T,_T,_T,6,2844.586
ITA,3300,USD,OCC,DB,_T,6,39.182
ITA,3300,USD,OCC,DCP,_T,6,2149.386
ITA,3300,USD,OCC,DCU,_T,6,6726.427
ITA,3300,USD,OCC,_T,_T,6,8914.995
ITA,3300,USD,PER,DCP,_T,6,4269.138
ITA,3300,USD,PER,DCU,_T,6,2032.889
ITA,3300,USD,PER,_T,_T,6,6302.027
ITA,3300,USD,_T,DB,_T,6,39.182
ITA,3300,USD,_T,DCP,_T,6,6418.524
ITA,3300,USD,_T,DCU,_T,6,8759.316
ITA,3300,USD,_T,_T,_T,6,15217.021
ITA,4000,PT_B1GQ,OCC,DB,_T,0,0.04
ITA,4000,PT_B1GQ,OCC,DCP,_T,0,0.095
ITA,4000,PT_B1GQ,OCC,DCU,_T,0,0.224
ITA,4000,PT_B1GQ,OCC,_T,_T,0,0.359
ITA,4000,PT_B1GQ,_T,DB,_T,0,0.04
ITA,4000,PT_B1GQ,_T,DCP,_T,0,0.095
ITA,4000,PT_B1GQ,_T,DCU,_T,0,0.224
ITA,4000,USD,OCC,DB,_T,6,810.096
ITA,4000,USD,OCC,DCP,_T,6,1922.18
ITA,4000,USD,OCC,DCU,_T,6,4518.333
ITA,4000,USD,OCC,_T,_T,6,7250.609
ITA,4000,USD,_T,DB,_T,6,810.096
ITA,4000,USD,_T,DCP,_T,6,1922.18
ITA,4000,USD,_T,DCU,_T,6,4518.333
ITA,4100,USD,OCC,DB,_T,6,300.735
ITA,4100,USD,OCC,DCP,_T,6,1854.827
ITA,4100,USD,OCC,DCU,_T,6,4439.946
ITA,4100,USD,OCC,_T,_T,6,6595.508
ITA,4100,USD,_T,DB,_T,6,300.735
ITA,4100,USD,_T,DCP,_T,6,1854.827
ITA,4100,USD,_T,DCU,_T,6,4439.946
ITA,4200,USD,OCC,DB,_T,6,509.361
ITA,4200,USD,OCC,DCP,_T,6,67.353
ITA,4200,USD,OCC,DCU,_T,6,78.387
ITA,4200,USD,OCC,_T,_T,6,655.101
ITA,4200,USD,_T,DB,_T,6,509.361
ITA,4200,USD,_T,DCP,_T,6,67.353
ITA,4200,USD,_T,DCU,_T,6,78.387
ITA,4300,USD,PER,DCU,_T,6,0
ITA,4300,USD,_T,DCU,_T,6,0
ITA,5000,PS,OCC,DB,BR,3,19.754
ITA,5000,PS,OCC,DB,PF,3,104.905
ITA,5000,PS,OCC,DB,_T,3,124.659
ITA,5000,PS,OCC,DCP,PF,3,1144.293
ITA,5000,PS,OCC,DCP,_T,3,1144.293
ITA,5000,PS,OCC,DCU,PF,3,2868.306
ITA,5000,PS,OCC,DCU,_T,3,2868.306
ITA,5000,PS,OCC,_T,BR,3,19.754
ITA,5000,PS,OCC,_T,PF,3,4117.504
ITA,5000,PS,OCC,_T,_T,3,4137.258
ITA,5000,PS,PER,DCP,PF,3,233.5
ITA,5000,PS,PER,DCP,PIC,3,2742.665
ITA,5000,PS,PER,DCP,_T,3,2976.165
ITA,5000,PS,PER,DCU,PF,3,1085.709
ITA,5000,PS,PER,DCU,PIC,3,875.626
ITA,5000,PS,PER,DCU,_T,3,1961.335
ITA,5000,PS,PER,_T,PF,3,1319.209
ITA,5000,PS,PER,_T,PIC,3,3618.291
ITA,5000,PS,PER,_T,_T,3,4937.5
ITA,5000,PS,_T,DB,BR,3,19.754
ITA,5000,PS,_T,DB,PF,3,104.905
ITA,5000,PS,_T,DB,_T,3,124.659
ITA,5000,PS,_T,DCP,PF,3,1377.793
ITA,5000,PS,_T,DCP,PIC,3,2742.665
ITA,5000,PS,_T,DCP,_T,3,4120.457
ITA,5000,PS,_T,DCU,PF,3,3954.015
ITA,5000,PS,_T,DCU,PIC,3,875.626
ITA,5000,PS,_T,DCU,_T,3,4829.642
ITA,5000,PS,_T,_T,BR,3,19.754
ITA,5000,PS,_T,_T,PF,3,5207.979
ITA,5000,PS,_T,_T,PIC,3,3577.775
ITA,5000,PS,_T,_T,_T,3,8393.123
ITA,5010,PS,_T,_T,_T,3,5195.343
ITA,5020,PS,_T,_T,_T,3,3197.78
ITA,5100,PS,OCC,DB,BR,3,6.53
ITA,5100,PS,OCC,DB,PF,3,36.033
ITA,5100,PS,OCC,DB,_T,3,42.563
ITA,5100,PS,OCC,DCP,PF,3,1126.947
ITA,5100,PS,OCC,DCP,_T,3,1126.947
ITA,5100,PS,OCC,DCU,PF,3,2847.249
ITA,5100,PS,OCC,DCU,_T,3,2847.249
ITA,5100,PS,OCC,_T,BR,3,6.53
ITA,5100,PS,OCC,_T,PF,3,4010.229
ITA,5100,PS,OCC,_T,_T,3,4016.759
ITA,5100,PS,PER,DCP,PF,3,233.122
ITA,5100,PS,PER,DCP,PIC,3,2742.665
ITA,5100,PS,PER,DCP,_T,3,2975.786
ITA,5100,PS,PER,DCU,PF,3,1083.949
ITA,5100,PS,PER,DCU,PIC,3,875.626
ITA,5100,PS,PER,DCU,_T,3,1959.576
ITA,5100,PS,PER,_T,PF,3,1317.071
ITA,5100,PS,PER,_T,PIC,3,3618.291
ITA,5100,PS,PER,_T,_T,3,4935.362
ITA,5100,PS,_T,DB,BR,3,6.53
ITA,5100,PS,_T,DB,PF,3,36.033
ITA,5100,PS,_T,DB,_T,3,42.563
ITA,5100,PS,_T,DCP,PF,3,1360.069
ITA,5100,PS,_T,DCP,PIC,3,2742.665
ITA,5100,PS,_T,DCP,_T,3,4102.734
ITA,5100,PS,_T,DCU,PF,3,3931.198
ITA,5100,PS,_T,DCU,PIC,3,875.626
ITA,5100,PS,_T,DCU,_T,3,4806.824
ITA,5100,PS,_T,_T,BR,3,6.53
ITA,5100,PS,_T,_T,PF,3,5091.673
ITA,5100,PS,_T,_T,PIC,3,3577.775
ITA,5100,PS,_T,_T,_T,3,8263.593
ITA,5200,PS,OCC,DB,BR,3,0.486
ITA,5200,PS,OCC,DB,PF,3,2.495
ITA,5200,PS,OCC,DB,_T,3,2.981
ITA,5200,PS,OCC,DCP,PF,3,0
ITA,5200,PS,OCC,DCP,_T,3,0
ITA,5200,PS,OCC,DCU,PF,3,0
ITA,5200,PS,OCC,DCU,_T,3,0
ITA,5200,PS,OCC,_T,BR,3,0.486
ITA,5200,PS,OCC,_T,PF,3,2.495
ITA,5200,PS,OCC,_T,_T,3,2.981
ITA,5200,PS,PER,DCP,PF,3,0
ITA,5200,PS,PER,DCP,PIC,3,0
ITA,5200,PS,PER,DCP,_T,3,0
ITA,5200,PS,PER,DCU,PF,3,0
ITA,5200,PS,PER,DCU,PIC,3,0
ITA,5200,PS,PER,DCU,_T,3,0
ITA,5200,PS,PER,_T,PF,3,0
ITA,5200,PS,PER,_T,PIC,3,0
ITA,5200,PS,PER,_T,_T,3,0
ITA,5200,PS,_T,DB,BR,3,0.486
ITA,5200,PS,_T,DB,PF,3,2.495
ITA,5200,PS,_T,DB,_T,3,2.981
ITA,5200,PS,_T,DCP,PF,3,0
ITA,5200,PS,_T,DCP,PIC,3,0
ITA,5200,PS,_T,DCP,_T,3,0
ITA,5200,PS,_T,DCU,PF,3,0
ITA,5200,PS,_T,DCU,PIC,3,0
ITA,5200,PS,_T,DCU,_T,3,0
ITA,5200,PS,_T,_T,BR,3,0.486
ITA,5200,PS,_T,_T,PF,3,2.495
ITA,5200,PS,_T,_T,PIC,3,0
ITA,5200,PS,_T,_T,_T,3,2.981
ITA,5300,PS,OCC,DB,BR,3,13.224
ITA,5300,PS,OCC,DB,PF,3,68.872
ITA,5300,PS,OCC,DB,_T,3,82.096
ITA,5300,PS,OCC,DCP,PF,3,17.345
ITA,5300,PS,OCC,DCP,_T,3,17.345
ITA,5300,PS,OCC,DCU,PF,3,21.058
ITA,5300,PS,OCC,DCU,_T,3,21.058
ITA,5300,PS,OCC,_T,BR,3,13.224
ITA,5300,PS,OCC,_T,PF,3,107.275
ITA,5300,PS,OCC,_T,_T,3,120.499
ITA,5300,PS,PER,DCP,PF,3,0.378
ITA,5300,PS,PER,DCP,PIC,3,0
ITA,5300,PS,PER,DCP,_T,3,0.378
ITA,5300,PS,PER,DCU,PF,3,1.76
ITA,5300,PS,PER,DCU,PIC,3,0
ITA,5300,PS,PER,DCU,_T,3,1.76
ITA,5300,PS,PER,_T,PF,3,2.138
ITA,5300,PS,PER,_T,PIC,3,0
ITA,5300,PS,PER,_T,_T,3,2.138
ITA,5300,PS,_T,DB,BR,3,13.224
ITA,5300,PS,_T,DB,PF,3,68.872
ITA,5300,PS,_T,DB,_T,3,82.096
ITA,5300,PS,_T,DCP,PF,3,17.724
ITA,5300,PS,_T,DCP,PIC,3,0
ITA,5300,PS,_T,DCP,_T,3,17.724
ITA,5300,PS,_T,DCU,PF,3,22.817
ITA,5300,PS,_T,DCU,PIC,3,0
ITA,5300,PS,_T,DCU,_T,3,22.817
ITA,5300,PS,_T,_T,BR,3,13.224
ITA,5300,PS,_T,_T,PF,3,116.306
ITA,5300,PS,_T,_T,PIC,3,0
ITA,5300,PS,_T,_T,_T,3,129.53
ITA,5400,PS,OCC,DB,_T,3,0
ITA,5400,PS,OCC,DCP,_T,3,0
ITA,5400,PS,OCC,DCU,_T,3,0
ITA,5400,PS,OCC,_T,_T,3,0
ITA,5400,PS,PER,DCP,_T,3,0
ITA,5400,PS,PER,DCU,_T,3,0
ITA,5400,PS,PER,_T,_T,3,0
ITA,5400,PS,_T,DB,_T,3,0
ITA,5400,PS,_T,DCP,_T,3,0
ITA,5400,PS,_T,DCU,_T,3,0
ITA,5400,PS,_T,_T,_T,3,0
ITA,OA,PT_B1GQ,OCC,_T,_T,0,7.207
ITA,PA,PT_B1GQ,PER,_T,_T,0,3.573
JAM,1000,PT_B1GQ,_T,_T,PF,0,33.203
JAM,1000,PT_B1GQ,_T,_T,_T,0,33.203
JAM,1000,USD,_T,_T,PF,6,5341.875
JAM,1000,USD,_T,_T,_T,6,5341.875
JAM,1121,USD,_T,_T,_T,6,343.303
JAM,1131,USD,_T,_T,_T,6,0.902
JAM,1141,USD,_T,_T,_T,6,329.667
JAM,1151,USD,_T,_T,_T,6,12.735
JAM,1171,USD,_T,_T,_T,6,0
JAM,1172,USD,_T,_T,_T,6,0
JAM,1210,USD,_T,_T,_T,6,46.272
JAM,1215,USD,_T,_T,_T,6,1617.911
JAM,1220,USD,_T,_T,_T,6,1099.626
JAM,1230,USD,_T,_T,_T,6,518.285
JAM,1240,USD,_T,_T,_T,6,72.029
JAM,1245,USD,_T,_T,_T,6,1378.44
JAM,1260,USD,_T,_T,_T,6,195.712
JAM,1270,USD,_T,_T,_T,6,2009.576
JAM,1272,USD,_T,_T,_T,6,29.307
JAM,1274,USD,_T,_T,_T,6,875.157
JAM,1276,USD,_T,_T,_T,6,799.416
JAM,1277,USD,_T,_T,_T,6,215.519
JAM,1278,USD,_T,_T,_T,6,90.177
JAM,1280,USD,_T,_T,_T,6,0
JAM,1284,USD,_T,_T,_T,6,0
JAM,1286,USD,_T,_T,_T,6,0
JAM,1289,USD,_T,_T,_T,6,0
JAM,1290,USD,_T,_T,_T,6,32.889
JAM,5000,PS,OCC,DB,PF,3,25.201
JAM,5000,PS,OCC,DB,_T,3,25.201
JAM,5000,PS,OCC,DCU,PF,3,44.76
JAM,5000,PS,OCC,DCU,_T,3,44.76
JAM,5000,PS,OCC,_T,PF,3,69.961
JAM,5000,PS,OCC,_T,_T,3,69.961
JAM,5000,PS,PER,DCU,PF,3,59.84
JAM,5000,PS,PER,DCU,_T,3,59.84
JAM,5000,PS,PER,_T,PF,3,59.84
JAM,5000,PS,PER,_T,_T,3,59.84
JAM,5000,PS,_T,DB,PF,3,25.201
JAM,5000,PS,_T,DB,_T,3,25.201
JAM,5000,PS,_T,DCU,PF,3,104.6
JAM,5000,PS,_T,DCU,_T,3,104.6
JAM,5000,PS,_T,_T,PF,3,129.801
JAM,5000,PS,_T,_T,_T,3,129.801
JAM,5100,PS,OCC,DB,PF,3,20.487
JAM,5100,PS,OCC,DB,_T,3,20.487
JAM,5100,PS,OCC,DCU,PF,3,44.384
JAM,5100,PS,OCC,DCU,_T,3,44.384
JAM,5100,PS,OCC,_T,PF,3,64.871
JAM,5100,PS,OCC,_T,_T,3,64.871
JAM,5100,PS,PER,DCU,PF,3,59.76
JAM,5100,PS,PER,DCU,_T,3,59.76
JAM,5100,PS,PER,_T,PF,3,59.76
JAM,5100,PS,PER,_T,_T,3,59.76
JAM,5100,PS,_T,DB,PF,3,20.487
JAM,5100,PS,_T,DB,_T,3,20.487
JAM,5100,PS,_T,DCU,PF,3,104.144
JAM,5100,PS,_T,DCU,_T,3,104.144
JAM,5100,PS,_T,_T,PF,3,124.631
JAM,5100,PS,_T,_T,_T,3,124.631
JAM,5300,PS,OCC,DB,PF,3,4.714
JAM,5300,PS,OCC,DB,_T,3,4.714
JAM,5300,PS,OCC,DCU,PF,3,0.376
JAM,5300,PS,OCC,DCU,_T,3,0.376
JAM,5300,PS,OCC,_T,PF,3,5.09
JAM,5300,PS,OCC,_T,_T,3,5.09
JAM,5300,PS,PER,DCU,PF,3,0.08
JAM,5300,PS,PER,DCU,_T,3,0.08
JAM,5300,PS,PER,_T,PF,3,0.08
JAM,5300,PS,PER,_T,_T,3,0.08
JAM,5300,PS,_T,DB,PF,3,4.714
JAM,5300,PS,_T,DB,_T,3,4.714
JAM,5300,PS,_T,DCU,PF,3,0.456
JAM,5300,PS,_T,DCU,_T,3,0.456
JAM,5300,PS,_T,_T,PF,3,5.17
JAM,5300,PS,_T,_T,_T,3,5.17
JAM,5400,PS,OCC,DB,_T,3,2.128
JAM,5400,PS,OCC,DCU,_T,3,0.675
JAM,5400,PS,OCC,_T,_T,3,2.803
JAM,5400,PS,PER,DCU,_T,3,0
JAM,5400,PS,PER,_T,_T,3,0
JAM,5400,PS,_T,DB,_T,3,2.128
JAM,5400,PS,_T,DCU,_T,3,0.675
JAM,5400,PS,_T,_T,_T,3,2.803
JPN,1000,PT_B1GQ,OCC,DB,BR,0,6.183
JPN,1000,PT_B1GQ,OCC,DB,PF,0,13.902
JPN,1000,PT_B1GQ,OCC,DB,_T,0,20.085
JPN,1000,PT_B1GQ,OCC,DBH,PF,0,0.27
JPN,1000,PT_B1GQ,OCC,DBH,_T,0,0.27
JPN,1000,PT_B1GQ,OCC,DCP,PF,0,1.067
JPN,1000,PT_B1GQ,OCC,DCP,_T,0,1.067
JPN,1000,PT_B1GQ,OCC,DCU,PF,0,2.249
JPN,1000,PT_B1GQ,OCC,DCU,_T,0,2.249
JPN,1000,PT_B1GQ,OCC,_T,BR,0,6.183
JPN,1000,PT_B1GQ,OCC,_T,PF,0,17.488
JPN,1000,PT_B1GQ,OCC,_T,_T,0,23.671
JPN,1000,PT_B1GQ,PER,DCP,PF,0,2.502
JPN,1000,PT_B1GQ,PER,DCP,_T,0,2.502
JPN,1000,PT_B1GQ,PER,DCU,PF,0,0.459
JPN,1000,PT_B1GQ,PER,DCU,PIC,0,7.274
JPN,1000,PT_B1GQ,PER,DCU,_T,0,7.733
JPN,1000,PT_B1GQ,PER,_T,PF,0,2.961
JPN,1000,PT_B1GQ,PER,_T,PIC,0,7.274
JPN,1000,PT_B1GQ,PER,_T,_T,0,10.235
JPN,1000,PT_B1GQ,_T,DB,BR,0,6.183
JPN,1000,PT_B1GQ,_T,DB,PF,0,13.902
JPN,1000,PT_B1GQ,_T,DB,_T,0,20.085
JPN,1000,PT_B1GQ,_T,DBH,PF,0,0.27
JPN,1000,PT_B1GQ,_T,DBH,_T,0,0.27
JPN,1000,PT_B1GQ,_T,DCP,PF,0,3.569
JPN,1000,PT_B1GQ,_T,DCP,_T,0,3.569
JPN,1000,PT_B1GQ,_T,DCU,PF,0,2.708
JPN,1000,PT_B1GQ,_T,DCU,PIC,0,7.274
JPN,1000,PT_B1GQ,_T,DCU,_T,0,9.982
JPN,1000,PT_B1GQ,_T,_T,BR,0,6.183
JPN,1000,PT_B1GQ,_T,_T,PF,0,20.449
JPN,1000,PT_B1GQ,_T,_T,PIC,0,7.274
JPN,1000,PT_B1GQ,_T,_T,_T,0,33.906
JPN,1000,USD,OCC,DB,BR,6,316146.444
JPN,1000,USD,OCC,DB,PF,6,710778.043
JPN,1000,USD,OCC,DB,_T,6,1026924.487
JPN,1000,USD,OCC,DBH,PF,6,13789.668
JPN,1000,USD,OCC,DBH,_T,6,13789.668
JPN,1000,USD,OCC,DCP,PF,6,54568.383
JPN,1000,USD,OCC,DCP,_T,6,54568.383
JPN,1000,USD,OCC,DCU,PF,6,114985.107
JPN,1000,USD,OCC,DCU,_T,6,114985.107
JPN,1000,USD,OCC,_T,BR,6,316146.444
JPN,1000,USD,OCC,_T,PF,6,894121.201
JPN,1000,USD,OCC,_T,_T,6,1210267.645
JPN,1000,USD,PER,DCP,PF,6,127914.666
JPN,1000,USD,PER,DCP,_T,6,127914.666
JPN,1000,USD,PER,DCU,PF,6,23461.35
JPN,1000,USD,PER,DCU,PIC,6,371918.475
JPN,1000,USD,PER,DCU,_T,6,395379.826
JPN,1000,USD,PER,_T,PF,6,151376.017
JPN,1000,USD,PER,_T,PIC,6,371918.475
JPN,1000,USD,PER,_T,_T,6,523294.492
JPN,1000,USD,_T,DB,BR,6,316146.444
JPN,1000,USD,_T,DB,PF,6,710778.043
JPN,1000,USD,_T,DB,_T,6,1026924.487
JPN,1000,USD,_T,DBH,PF,6,13789.668
JPN,1000,USD,_T,DBH,_T,6,13789.668
JPN,1000,USD,_T,DCP,PF,6,182483.05
JPN,1000,USD,_T,DCP,_T,6,182483.05
JPN,1000,USD,_T,DCU,PF,6,138446.457
JPN,1000,USD,_T,DCU,PIC,6,371918.475
JPN,1000,USD,_T,DCU,_T,6,510364.932
JPN,1000,USD,_T,_T,BR,6,316146.444
JPN,1000,USD,_T,_T,PF,6,1045497.218
JPN,1000,USD,_T,_T,PIC,6,371918.475
JPN,1000,USD,_T,_T,_T,6,1733562.137
JPN,1210,USD,OCC,DBH,_T,6,353.4
JPN,1210,USD,_T,DBH,_T,6,353.4
JPN,1215,USD,OCC,DBH,_T,6,1256.874
JPN,1215,USD,_T,DBH,_T,6,1256.874
JPN,1240,USD,OCC,DBH,_T,6,1070.213
JPN,1240,USD,_T,DBH,_T,6,1070.213
JPN,1260,USD,OCC,DBH,_T,6,1056.151
JPN,1260,USD,_T,DBH,_T,6,1056.151
JPN,1270,USD,OCC,DBH,_T,6,7312.868
JPN,1270,USD,_T,DBH,_T,6,7312.868
JPN,2000,USD,OCC,DB,BR,6,316146.444
JPN,2000,USD,OCC,DB,PF,6,710778.043
JPN,2000,USD,OCC,DB,_T,6,1026924.487
JPN,2000,USD,OCC,DBH,PF,6,13789.668
JPN,2000,USD,OCC,DBH,_T,6,13789.668
JPN,2000,USD,OCC,DCP,PF,6,54568.383
JPN,2000,USD,OCC,DCP,_T,6,54568.383
JPN,2000,USD,OCC,DCU,PF,6,114985.107
JPN,2000,USD,OCC,DCU,_T,6,114985.107
JPN,2000,USD,OCC,_T,BR,6,316146.444
JPN,2000,USD,OCC,_T,PF,6,894121.201
JPN,2000,USD,OCC,_T,_T,6,1210267.645
JPN,2000,USD,PER,DCP,PF,6,127914.666
JPN,2000,USD,PER,DCP,_T,6,127914.666
JPN,2000,USD,PER,DCU,PF,6,23461.35
JPN,2000,USD,PER,DCU,PIC,6,371918.475
JPN,2000,USD,PER,DCU,_T,6,395379.826
JPN,2000,USD,PER,_T,PF,6,151376.017
JPN,2000,USD,PER,_T,PIC,6,371918.475
JPN,2000,USD,PER,_T,_T,6,523294.492
JPN,2000,USD,_T,DB,BR,6,316146.444
JPN,2000,USD,_T,DB,PF,6,710778.043
JPN,2000,USD,_T,DB,_T,6,1026924.487
JPN,2000,USD,_T,DBH,PF,6,13789.668
JPN,2000,USD,_T,DBH,_T,6,13789.668
JPN,2000,USD,_T,DCP,PF,6,182483.05
JPN,2000,USD,_T,DCP,_T,6,182483.05
JPN,2000,USD,_T,DCU,PF,6,138446.457
JPN,2000,USD,_T,DCU,PIC,6,371918.475
JPN,2000,USD,_T,DCU,_T,6,510364.932
JPN,2000,USD,_T,_T,BR,6,316146.444
JPN,2000,USD,_T,_T,PF,6,1045497.218
JPN,2000,USD,_T,_T,PIC,6,371918.475
JPN,2000,USD,_T,_T,_T,6,1733562.137
JPN,2100,USD,OCC,DBH,_T,6,10279.944
JPN,2100,USD,PER,DCP,_T,6,2495.407
JPN,2100,USD,_T,DBH,_T,6,10279.944
JPN,2100,USD,_T,DCP,_T,6,2495.407
JPN,2200,USD,PER,DCP,_T,6,133405.901
JPN,2200,USD,_T,DCP,_T,6,133405.901
JPN,2300,USD,PER,DCP,_T,6,1871.747
JPN,2300,USD,_T,DCP,_T,6,1871.747
JPN,3100,PT_B1GQ,OCC,DBH,_T,0,0.077
JPN,3100,PT_B1GQ,OCC,DCU,_T,0,0.181
JPN,3100,PT_B1GQ,PER,DCP,_T,0,0.137
JPN,3100,PT_B1GQ,_T,DBH,_T,0,0.077
JPN,3100,PT_B1GQ,_T,DCP,_T,0,0.137
JPN,3100,PT_B1GQ,_T,DCU,_T,0,0.181
JPN,3100,USD,OCC,DBH,_T,6,3922.615
JPN,3100,USD,OCC,DCU,_T,6,9244.137
JPN,3100,USD,PER,DCP,_T,6,6995.919
JPN,3100,USD,_T,DBH,_T,6,3922.615
JPN,3100,USD,_T,DCP,_T,6,6995.919
JPN,3100,USD,_T,DCU,_T,6,9244.137
JPN,3200,USD,PER,DCP,_T,6,0
JPN,3200,USD,_T,DCP,_T,6,0
JPN,3300,USD,PER,DCP,_T,6,6995.919
JPN,3300,USD,_T,DCP,_T,6,6995.919
JPN,4000,PT_B1GQ,OCC,DBH,_T,0,0
JPN,4000,PT_B1GQ,OCC,DCU,_T,0,0.055
JPN,4000,PT_B1GQ,PER,DCP,_T,0,0.132
JPN,4000,PT_B1GQ,_T,DBH,_T,0,0
JPN,4000,PT_B1GQ,_T,DCP,_T,0,0.132
JPN,4000,PT_B1GQ,_T,DCU,_T,0,0.055
JPN,4000,USD,OCC,DBH,_T,6,12.01
JPN,4000,USD,OCC,DCU,_T,6,2791.937
JPN,4000,USD,PER,DCP,_T,6,6761.97
JPN,4000,USD,_T,DBH,_T,6,12.01
JPN,4000,USD,_T,DCP,_T,6,6761.97
JPN,4000,USD,_T,DCU,_T,6,2791.937
JPN,4100,USD,OCC,DCU,_T,6,2641.027
JPN,4100,USD,PER,DCP,_T,6,6361.025
JPN,4100,USD,_T,DCP,_T,6,6361.025
JPN,4100,USD,_T,DCU,_T,6,2641.027
JPN,4200,USD,OCC,DCU,_T,6,150.91
JPN,4200,USD,PER,DCP,_T,6,400.945
JPN,4200,USD,_T,DCP,_T,6,400.945
JPN,4200,USD,_T,DCU,_T,6,150.91
JPN,4420,USD,OCC,DBH,_T,6,26.938
JPN,4420,USD,_T,DBH,_T,6,26.938
JPN,5000,PS,OCC,DB,BR,3,25946
JPN,5000,PS,OCC,DB,PF,3,9510
JPN,5000,PS,OCC,DB,_T,3,35456
JPN,5000,PS,OCC,DBH,PF,3,4538.14
JPN,5000,PS,OCC,DBH,_T,3,4538.14
JPN,5000,PS,OCC,DCP,PF,3,5675
JPN,5000,PS,OCC,DCP,_T,3,5675
JPN,5000,PS,OCC,DCU,PF,3,7161
JPN,5000,PS,OCC,DCU,_T,3,7161
JPN,5000,PS,OCC,_T,BR,3,25946
JPN,5000,PS,OCC,_T,PF,3,26884.14
JPN,5000,PS,OCC,_T,_T,3,39024.392
JPN,5000,PS,PER,DCP,PF,3,1755.761
JPN,5000,PS,PER,DCP,_T,3,1755.761
JPN,5000,PS,PER,DCU,PF,3,1937
JPN,5000,PS,PER,DCU,PIC,3,8330.79
JPN,5000,PS,PER,DCU,_T,3,10267.79
JPN,5000,PS,PER,_T,PF,3,3692.761
JPN,5000,PS,PER,_T,PIC,3,8330.79
JPN,5000,PS,PER,_T,_T,3,11612.263
JPN,5000,PS,_T,DB,BR,3,25946
JPN,5000,PS,_T,DB,PF,3,9510
JPN,5000,PS,_T,DB,_T,3,35456
JPN,5000,PS,_T,DBH,PF,3,4538.14
JPN,5000,PS,_T,DBH,_T,3,4538.14
JPN,5000,PS,_T,DCP,PF,3,7430.761
JPN,5000,PS,_T,DCP,_T,3,7430.761
JPN,5000,PS,_T,DCU,PF,3,9098
JPN,5000,PS,_T,DCU,PIC,3,8330.79
JPN,5000,PS,_T,DCU,_T,3,17428.79
JPN,5000,PS,_T,_T,BR,3,25946
JPN,5000,PS,_T,_T,PF,3,24063.351
JPN,5000,PS,_T,_T,PIC,3,8330.79
JPN,5000,PS,_T,_T,_T,3,41996.162
JPN,5100,PS,OCC,DB,BR,3,25946
JPN,5100,PS,OCC,DB,PF,3,9510
JPN,5100,PS,OCC,DB,_T,3,35456
JPN,5100,PS,OCC,DBH,PF,3,4478
JPN,5100,PS,OCC,DBH,_T,3,4478
JPN,5100,PS,OCC,DCP,PF,3,5675
JPN,5100,PS,OCC,DCP,_T,3,5675
JPN,5100,PS,OCC,DCU,PF,3,7096
JPN,5100,PS,OCC,DCU,_T,3,7096
JPN,5100,PS,OCC,_T,BR,3,25946
JPN,5100,PS,OCC,_T,PF,3,26759
JPN,5100,PS,OCC,_T,_T,3,38899.252
JPN,5100,PS,PER,DCP,PF,3,1755.761
JPN,5100,PS,PER,DCP,_T,3,1755.761
JPN,5100,PS,PER,DCU,PF,3,1840
JPN,5100,PS,PER,DCU,PIC,3,8330.79
JPN,5100,PS,PER,DCU,_T,3,10170.79
JPN,5100,PS,PER,_T,PF,3,3595.761
JPN,5100,PS,PER,_T,PIC,3,8330.79
JPN,5100,PS,PER,_T,_T,3,11541.449
JPN,5100,PS,_T,DB,BR,3,25946
JPN,5100,PS,_T,DB,PF,3,9510
JPN,5100,PS,_T,DB,_T,3,35456
JPN,5100,PS,_T,DBH,PF,3,4478
JPN,5100,PS,_T,DBH,_T,3,4478
JPN,5100,PS,_T,DCP,PF,3,7430.761
JPN,5100,PS,_T,DCP,_T,3,7430.761
JPN,5100,PS,_T,DCU,PF,3,8936
JPN,5100,PS,_T,DCU,PIC,3,8330.79
JPN,5100,PS,_T,DCU,_T,3,17266.79
JPN,5100,PS,_T,_T,BR,3,25946
JPN,5100,PS,_T,_T,PF,3,23891.187
JPN,5100,PS,_T,_T,PIC,3,8330.79
JPN,5100,PS,_T,_T,_T,3,41823.998
JPN,5200,PS,PER,DCU,PF,3,26
JPN,5200,PS,PER,DCU,_T,3,26
JPN,5200,PS,PER,_T,PF,3,26
JPN,5200,PS,_T,DCU,PF,3,26
JPN,5200,PS,_T,DCU,_T,3,26
JPN,5300,PS,OCC,DBH,PF,3,60.14
JPN,5300,PS,OCC,DBH,_T,3,60.14
JPN,5300,PS,OCC,DCU,PF,3,65
JPN,5300,PS,OCC,DCU,_T,3,65
JPN,5300,PS,OCC,_T,PF,3,125.14
JPN,5300,PS,OCC,_T,_T,3,125.14
JPN,5300,PS,PER,DCU,PF,3,72
JPN,5300,PS,PER,DCU,_T,3,72
JPN,5300,PS,PER,_T,PF,3,72
JPN,5300,PS,PER,_T,_T,3,70.814
JPN,5300,PS,_T,DBH,PF,3,60.14
JPN,5300,PS,_T,DBH,_T,3,60.14
JPN,5300,PS,_T,DCU,PF,3,137
JPN,5300,PS,_T,DCU,_T,3,137
JPN,5300,PS,_T,_T,PF,3,172.164
JPN,5300,PS,_T,_T,_T,3,172.164
JPN,OA,PT_B1GQ,OCC,_T,_T,0,23.671
JPN,PA,PT_B1GQ,PER,_T,_T,0,10.235
KAZ,1000,PT_B1GQ,PER,DCP,PF,0,15.543
KAZ,1000,PT_B1GQ,PER,DCP,_T,0,15.543
KAZ,1000,PT_B1GQ,PER,DCU,PF,0,0.003
KAZ,1000,PT_B1GQ,PER,DCU,_T,0,0.003
KAZ,1000,PT_B1GQ,PER,_T,PF,0,15.546
KAZ,1000,PT_B1GQ,PER,_T,_T,0,15.546
KAZ,1000,PT_B1GQ,_T,DCP,PF,0,15.543
KAZ,1000,PT_B1GQ,_T,DCP,_T,0,15.543
KAZ,1000,PT_B1GQ,_T,DCU,PF,0,0.003
KAZ,1000,PT_B1GQ,_T,DCU,_T,0,0.003
KAZ,1000,PT_B1GQ,_T,_T,PF,0,15.546
KAZ,1000,PT_B1GQ,_T,_T,_T,0,15.546
KAZ,1000,USD,PER,DCP,PF,6,28247.642
KAZ,1000,USD,PER,DCP,_T,6,28247.642
KAZ,1000,USD,PER,DCU,PF,6,5.073
KAZ,1000,USD,PER,DCU,_T,6,5.073
KAZ,1000,USD,PER,_T,PF,6,28252.715
KAZ,1000,USD,PER,_T,_T,6,28252.715
KAZ,1000,USD,_T,DCP,PF,6,28247.642
KAZ,1000,USD,_T,DCP,_T,6,28247.642
KAZ,1000,USD,_T,DCU,PF,6,5.073
KAZ,1000,USD,_T,DCU,_T,6,5.073
KAZ,1000,USD,_T,_T,PF,6,28252.715
KAZ,1000,USD,_T,_T,_T,6,28252.715
KAZ,1121,USD,PER,DCP,_T,6,6373.125
KAZ,1121,USD,PER,DCU,_T,6,1.145
KAZ,1121,USD,PER,_T,_T,6,6374.27
KAZ,1121,USD,_T,DCP,_T,6,6373.125
KAZ,1121,USD,_T,DCU,_T,6,1.145
KAZ,1121,USD,_T,_T,_T,6,6374.27
KAZ,1122,USD,PER,DCP,_T,6,9400.825
KAZ,1122,USD,PER,DCU,_T,6,1.688
KAZ,1122,USD,PER,_T,_T,6,9402.514
KAZ,1122,USD,_T,DCP,_T,6,9400.825
KAZ,1122,USD,_T,DCU,_T,6,1.688
KAZ,1122,USD,_T,_T,_T,6,9402.514
KAZ,1131,USD,PER,DCP,_T,6,858.256
KAZ,1131,USD,PER,DCU,_T,6,0.154
KAZ,1131,USD,PER,_T,_T,6,858.41
KAZ,1131,USD,_T,DCP,_T,6,858.256
KAZ,1131,USD,_T,DCU,_T,6,0.154
KAZ,1131,USD,_T,_T,_T,6,858.41
KAZ,1141,USD,PER,DCP,_T,6,5439.001
KAZ,1141,USD,PER,DCU,_T,6,0.977
KAZ,1141,USD,PER,_T,_T,6,5439.978
KAZ,1141,USD,_T,DCP,_T,6,5439.001
KAZ,1141,USD,_T,DCU,_T,6,0.977
KAZ,1141,USD,_T,_T,_T,6,5439.978
KAZ,1151,USD,PER,DCP,_T,6,75.868
KAZ,1151,USD,PER,DCU,_T,6,0.014
KAZ,1151,USD,PER,_T,_T,6,75.881
KAZ,1151,USD,_T,DCP,_T,6,75.868
KAZ,1151,USD,_T,DCU,_T,6,0.014
KAZ,1151,USD,_T,_T,_T,6,75.881
KAZ,1210,USD,PER,DCP,_T,6,3248.071
KAZ,1210,USD,PER,DCU,_T,6,0.583
KAZ,1210,USD,PER,_T,_T,6,3248.654
KAZ,1210,USD,_T,DCP,_T,6,3248.071
KAZ,1210,USD,_T,DCU,_T,6,0.583
KAZ,1210,USD,_T,_T,_T,6,3248.654
KAZ,1215,USD,PER,DCP,_T,6,23661.143
KAZ,1215,USD,PER,DCU,_T,6,4.249
KAZ,1215,USD,PER,_T,_T,6,23665.393
KAZ,1215,USD,_T,DCP,_T,6,23661.143
KAZ,1215,USD,_T,DCU,_T,6,4.249
KAZ,1215,USD,_T,_T,_T,6,23665.393
KAZ,1220,USD,PER,DCP,_T,6,15587.684
KAZ,1220,USD,PER,DCU,_T,6,2.799
KAZ,1220,USD,PER,_T,_T,6,15590.483
KAZ,1220,USD,_T,DCP,_T,6,15587.684
KAZ,1220,USD,_T,DCU,_T,6,2.799
KAZ,1220,USD,_T,_T,_T,6,15590.483
KAZ,1230,USD,PER,DCP,_T,6,8073.46
KAZ,1230,USD,PER,DCU,_T,6,1.45
KAZ,1230,USD,PER,_T,_T,6,8074.909
KAZ,1230,USD,_T,DCP,_T,6,8073.46
KAZ,1230,USD,_T,DCU,_T,6,1.45
KAZ,1230,USD,_T,_T,_T,6,8074.909
KAZ,1245,USD,PER,DCP,_T,6,701.378
KAZ,1245,USD,PER,DCU,_T,6,0.126
KAZ,1245,USD,PER,_T,_T,6,701.504
KAZ,1245,USD,_T,DCP,_T,6,701.378
KAZ,1245,USD,_T,DCU,_T,6,0.126
KAZ,1245,USD,_T,_T,_T,6,701.504
KAZ,1250,USD,PER,DCP,_T,6,701.378
KAZ,1250,USD,PER,DCU,_T,6,0.126
KAZ,1250,USD,PER,_T,_T,6,701.504
KAZ,1250,USD,_T,DCP,_T,6,701.378
KAZ,1250,USD,_T,DCU,_T,6,0.126
KAZ,1250,USD,_T,_T,_T,6,701.504
KAZ,1270,USD,PER,DCP,_T,6,553.718
KAZ,1270,USD,PER,DCU,_T,6,0.099
KAZ,1270,USD,PER,_T,_T,6,553.818
KAZ,1270,USD,_T,DCP,_T,6,553.718
KAZ,1270,USD,_T,DCU,_T,6,0.099
KAZ,1270,USD,_T,_T,_T,6,553.818
KAZ,1274,USD,PER,DCP,_T,6,553.718
KAZ,1274,USD,PER,DCU,_T,6,0.099
KAZ,1274,USD,PER,_T,_T,6,553.818
KAZ,1274,USD,_T,DCP,_T,6,553.718
KAZ,1274,USD,_T,DCU,_T,6,0.099
KAZ,1274,USD,_T,_T,_T,6,553.818
KAZ,1290,USD,PER,DCP,_T,6,83.331
KAZ,1290,USD,PER,DCU,_T,6,0.015
KAZ,1290,USD,PER,_T,_T,6,83.346
KAZ,1290,USD,_T,DCP,_T,6,83.331
KAZ,1290,USD,_T,DCU,_T,6,0.015
KAZ,1290,USD,_T,_T,_T,6,83.346
KAZ,2000,USD,PER,DCP,PF,6,28249.407
KAZ,2000,USD,PER,DCP,_T,6,28249.407
KAZ,2000,USD,PER,DCU,PF,6,5.073
KAZ,2000,USD,PER,DCU,_T,6,5.073
KAZ,2000,USD,PER,_T,PF,6,28254.48
KAZ,2000,USD,PER,_T,_T,6,28254.48
KAZ,2000,USD,_T,DCP,PF,6,28249.407
KAZ,2000,USD,_T,DCP,_T,6,28249.407
KAZ,2000,USD,_T,DCU,PF,6,5.073
KAZ,2000,USD,_T,DCU,_T,6,5.073
KAZ,2000,USD,_T,_T,PF,6,28254.48
KAZ,2000,USD,_T,_T,_T,6,28254.48
KAZ,2100,USD,PER,DCP,_T,6,28224.993
KAZ,2100,USD,PER,DCU,_T,6,5.069
KAZ,2100,USD,PER,_T,_T,6,28230.062
KAZ,2100,USD,_T,DCP,_T,6,28224.993
KAZ,2100,USD,_T,DCU,_T,6,5.069
KAZ,2100,USD,_T,_T,_T,6,28230.062
KAZ,2300,USD,PER,DCP,_T,6,24.414
KAZ,2300,USD,PER,DCU,_T,6,0.004
KAZ,2300,USD,PER,_T,_T,6,24.418
KAZ,2300,USD,_T,DCP,_T,6,24.414
KAZ,2300,USD,_T,DCU,_T,6,0.004
KAZ,2300,USD,_T,_T,_T,6,24.418
KAZ,3000,USD,PER,DCP,_T,6,1676.41
KAZ,3000,USD,PER,DCU,_T,6,0.301
KAZ,3000,USD,PER,_T,_T,6,1676.711
KAZ,3000,USD,_T,DCP,_T,6,1676.41
KAZ,3000,USD,_T,DCU,_T,6,0.301
KAZ,3000,USD,_T,_T,_T,6,1676.711
KAZ,3010,USD,PER,DCP,_T,6,1827.946
KAZ,3010,USD,PER,DCU,_T,6,0.328
KAZ,3010,USD,PER,_T,_T,6,1828.274
KAZ,3010,USD,_T,DCP,_T,6,1827.946
KAZ,3010,USD,_T,DCU,_T,6,0.328
KAZ,3010,USD,_T,_T,_T,6,1828.274
KAZ,3100,PT_B1GQ,PER,DCP,_T,0,1.423
KAZ,3100,PT_B1GQ,PER,DCU,_T,0,0.001
KAZ,3100,PT_B1GQ,PER,_T,_T,0,1.424
KAZ,3100,PT_B1GQ,_T,DCP,_T,0,1.423
KAZ,3100,PT_B1GQ,_T,DCU,_T,0,0.001
KAZ,3100,PT_B1GQ,_T,_T,_T,0,1.424
KAZ,3100,USD,PER,DCP,_T,6,2585.943
KAZ,3100,USD,PER,DCU,_T,6,0.931
KAZ,3100,USD,PER,_T,_T,6,2586.874
KAZ,3100,USD,_T,DCP,_T,6,2585.943
KAZ,3100,USD,_T,DCU,_T,6,0.931
KAZ,3100,USD,_T,_T,_T,6,2586.874
KAZ,3200,USD,PER,DCP,_T,6,113.391
KAZ,3200,USD,PER,DCU,_T,6,0.729
KAZ,3200,USD,PER,_T,_T,6,114.12
KAZ,3200,USD,_T,DCP,_T,6,113.391
KAZ,3200,USD,_T,DCU,_T,6,0.729
KAZ,3200,USD,_T,_T,_T,6,114.12
KAZ,3300,USD,PER,DCP,_T,6,2472.552
KAZ,3300,USD,PER,DCU,_T,6,0.202
KAZ,3300,USD,PER,_T,_T,6,2472.754
KAZ,3300,USD,_T,DCP,_T,6,2472.552
KAZ,3300,USD,_T,DCU,_T,6,0.202
KAZ,3300,USD,_T,_T,_T,6,2472.754
KAZ,3400,USD,PER,DCP,_T,6,3.445
KAZ,3400,USD,PER,_T,_T,6,3.445
KAZ,3400,USD,_T,DCP,_T,6,3.445
KAZ,3400,USD,_T,_T,_T,6,3.445
KAZ,4000,PT_B1GQ,PER,DCP,_T,0,0.22
KAZ,4000,PT_B1GQ,PER,DCU,_T,0,0
KAZ,4000,PT_B1GQ,PER,_T,_T,0,0.22
KAZ,4000,PT_B1GQ,_T,DCP,_T,0,0.22
KAZ,4000,PT_B1GQ,_T,DCU,_T,0,0
KAZ,4000,PT_B1GQ,_T,_T,_T,0,0.22
KAZ,4000,USD,PER,DCP,_T,6,400.374
KAZ,4000,USD,PER,DCU,_T,6,0.072
KAZ,4000,USD,PER,_T,_T,6,400.445
KAZ,4000,USD,_T,DCP,_T,6,400.374
KAZ,4000,USD,_T,DCU,_T,6,0.072
KAZ,4000,USD,_T,_T,_T,6,400.445
KAZ,4100,USD,PER,DCP,_T,6,227.98
KAZ,4100,USD,PER,DCU,_T,6,0.041
KAZ,4100,USD,PER,_T,_T,6,228.021
KAZ,4100,USD,_T,DCP,_T,6,227.98
KAZ,4100,USD,_T,DCU,_T,6,0.041
KAZ,4100,USD,_T,_T,_T,6,228.021
KAZ,4200,USD,PER,DCP,_T,6,172.394
KAZ,4200,USD,PER,DCU,_T,6,0.031
KAZ,4200,USD,PER,_T,_T,6,172.425
KAZ,4200,USD,_T,DCP,_T,6,172.394
KAZ,4200,USD,_T,DCU,_T,6,0.031
KAZ,4200,USD,_T,_T,_T,6,172.425
KAZ,4300,USD,PER,DCP,_T,6,148.69
KAZ,4300,USD,PER,DCU,_T,6,0.027
KAZ,4300,USD,PER,_T,_T,6,148.717
KAZ,4300,USD,_T,DCP,_T,6,148.69
KAZ,4300,USD,_T,DCU,_T,6,0.027
KAZ,4300,USD,_T,_T,_T,6,148.717
KAZ,4410,USD,PER,DCP,_T,6,23.677
KAZ,4410,USD,PER,DCU,_T,6,0.004
KAZ,4410,USD,PER,_T,_T,6,23.681
KAZ,4410,USD,_T,DCP,_T,6,23.677
KAZ,4410,USD,_T,DCU,_T,6,0.004
KAZ,4410,USD,_T,_T,_T,6,23.681
KAZ,4420,USD,PER,DCP,_T,6,32.712
KAZ,4420,USD,PER,DCU,_T,6,0.006
KAZ,4420,USD,PER,_T,_T,6,32.718
KAZ,4420,USD,_T,DCP,_T,6,32.712
KAZ,4420,USD,_T,DCU,_T,6,0.006
KAZ,4420,USD,_T,_T,_T,6,32.718
KAZ,4500,USD,PER,DCP,_T,6,1.582
KAZ,4500,USD,PER,DCU,_T,6,0
KAZ,4500,USD,PER,_T,_T,6,1.582
KAZ,4500,USD,_T,DCP,_T,6,1.582
KAZ,4500,USD,_T,DCU,_T,6,0
KAZ,4500,USD,_T,_T,_T,6,1.582
KAZ,5000,PS,PER,DCP,PF,3,9640.3
KAZ,5000,PS,PER,DCP,_T,3,9640.3
KAZ,5000,PS,PER,DCU,PF,3,39
KAZ,5000,PS,PER,DCU,_T,3,39
KAZ,5000,PS,PER,_T,PF,3,9679.3
KAZ,5000,PS,PER,_T,_T,3,9679.3
KAZ,5000,PS,_T,DCP,PF,3,9640.3
KAZ,5000,PS,_T,DCP,_T,3,9640.3
KAZ,5000,PS,_T,DCU,PF,3,39
KAZ,5000,PS,_T,DCU,_T,3,39
KAZ,5000,PS,_T,_T,PF,3,9679.3
KAZ,5000,PS,_T,_T,_T,3,9679.3
KAZ,5010,PS,PER,DCP,_T,3,5121.8
KAZ,5010,PS,PER,DCU,_T,3,23.4
KAZ,5010,PS,PER,_T,_T,3,5145.2
KAZ,5010,PS,_T,DCP,_T,3,5121.8
KAZ,5010,PS,_T,DCU,_T,3,23.4
KAZ,5010,PS,_T,_T,_T,3,5145.2
KAZ,5020,PS,PER,DCP,_T,3,4518.5
KAZ,5020,PS,PER,DCU,_T,3,15.6
KAZ,5020,PS,PER,_T,_T,3,4534.1
KAZ,5020,PS,_T,DCP,_T,3,4518.5
KAZ,5020,PS,_T,DCU,_T,3,15.6
KAZ,5020,PS,_T,_T,_T,3,4534.1
KAZ,5100,PS,PER,DCP,PF,3,9191.6
KAZ,5100,PS,PER,DCP,_T,3,9191.6
KAZ,5100,PS,PER,DCU,PF,3,37.6
KAZ,5100,PS,PER,DCU,_T,3,37.6
KAZ,5100,PS,PER,_T,PF,3,9229.2
KAZ,5100,PS,PER,_T,_T,3,9229.2
KAZ,5100,PS,_T,DCP,PF,3,9191.6
KAZ,5100,PS,_T,DCP,_T,3,9191.6
KAZ,5100,PS,_T,DCU,PF,3,37.6
KAZ,5100,PS,_T,DCU,_T,3,37.6
KAZ,5100,PS,_T,_T,PF,3,9229.2
KAZ,5100,PS,_T,_T,_T,3,9229.2
KAZ,5300,PS,PER,DCP,PF,3,448.7
KAZ,5300,PS,PER,DCP,_T,3,448.7
KAZ,5300,PS,PER,DCU,PF,3,1.4
KAZ,5300,PS,PER,DCU,_T,3,1.4
KAZ,5300,PS,PER,_T,PF,3,450.1
KAZ,5300,PS,PER,_T,_T,3,450.1
KAZ,5300,PS,_T,DCP,PF,3,448.7
KAZ,5300,PS,_T,DCP,_T,3,448.7
KAZ,5300,PS,_T,DCU,PF,3,1.4
KAZ,5300,PS,_T,DCU,_T,3,1.4
KAZ,5300,PS,_T,_T,PF,3,450.1
KAZ,5300,PS,_T,_T,_T,3,450.1
KAZ,PA,PT_B1GQ,PER,_T,_T,0,15.546
KEN,1000,PT_B1GQ,OCC,DB,PF,0,2.222
KEN,1000,PT_B1GQ,OCC,DB,_T,0,2.222
KEN,1000,PT_B1GQ,OCC,DBH,PF,0,0.045
KEN,1000,PT_B1GQ,OCC,DBH,_T,0,0.045
KEN,1000,PT_B1GQ,OCC,DCU,PF,0,9.793
KEN,1000,PT_B1GQ,OCC,DCU,_T,0,9.793
KEN,1000,PT_B1GQ,OCC,_T,PF,0,12.059
KEN,1000,PT_B1GQ,OCC,_T,_T,0,12.059
KEN,1000,PT_B1GQ,PER,DCU,PF,0,0.621
KEN,1000,PT_B1GQ,PER,DCU,_T,0,0.621
KEN,1000,PT_B1GQ,PER,_T,PF,0,0.621
KEN,1000,PT_B1GQ,PER,_T,_T,0,0.621
KEN,1000,PT_B1GQ,_T,DB,PF,0,2.222
KEN,1000,PT_B1GQ,_T,DB,_T,0,2.222
KEN,1000,PT_B1GQ,_T,DBH,PF,0,0.045
KEN,1000,PT_B1GQ,_T,DBH,_T,0,0.045
KEN,1000,PT_B1GQ,_T,DCU,PF,0,10.414
KEN,1000,PT_B1GQ,_T,DCU,_T,0,10.414
KEN,1000,PT_B1GQ,_T,_T,PF,0,12.68
KEN,1000,PT_B1GQ,_T,_T,_T,0,12.68
KEN,1000,USD,OCC,DB,PF,6,2244.543
KEN,1000,USD,OCC,DB,_T,6,2244.543
KEN,1000,USD,OCC,DBH,PF,6,45.364
KEN,1000,USD,OCC,DBH,_T,6,45.364
KEN,1000,USD,OCC,DCU,PF,6,9893.42
KEN,1000,USD,OCC,DCU,_T,6,9893.42
KEN,1000,USD,OCC,_T,PF,6,12183.328
KEN,1000,USD,OCC,_T,_T,6,12183.328
KEN,1000,USD,PER,DCU,PF,6,627.376
KEN,1000,USD,PER,DCU,_T,6,627.376
KEN,1000,USD,PER,_T,PF,6,627.376
KEN,1000,USD,PER,_T,_T,6,627.376
KEN,1000,USD,_T,DB,PF,6,2244.543
KEN,1000,USD,_T,DB,_T,6,2244.543
KEN,1000,USD,_T,DBH,PF,6,45.364
KEN,1000,USD,_T,DBH,_T,6,45.364
KEN,1000,USD,_T,DCU,PF,6,10520.796
KEN,1000,USD,_T,DCU,_T,6,10520.796
KEN,1000,USD,_T,_T,PF,6,12810.703
KEN,1000,USD,_T,_T,_T,6,12810.703
KEN,1210,USD,OCC,DB,_T,6,76.914
KEN,1210,USD,OCC,DBH,_T,6,0.973
KEN,1210,USD,OCC,DCU,_T,6,449.738
KEN,1210,USD,OCC,_T,_T,6,527.625
KEN,1210,USD,PER,DCU,_T,6,8.958
KEN,1210,USD,PER,_T,_T,6,8.958
KEN,1210,USD,_T,DB,_T,6,76.914
KEN,1210,USD,_T,DBH,_T,6,0.973
KEN,1210,USD,_T,DCU,_T,6,458.696
KEN,1210,USD,_T,_T,_T,6,536.583
KEN,1215,USD,OCC,DB,_T,6,994.624
KEN,1215,USD,OCC,DBH,_T,6,15.062
KEN,1215,USD,OCC,DCU,_T,6,4490.32
KEN,1215,USD,OCC,_T,_T,6,5500.006
KEN,1215,USD,PER,DCU,_T,6,56.936
KEN,1215,USD,PER,_T,_T,6,56.936
KEN,1215,USD,_T,DB,_T,6,994.624
KEN,1215,USD,_T,DBH,_T,6,15.062
KEN,1215,USD,_T,DCU,_T,6,4547.256
KEN,1215,USD,_T,_T,_T,6,5556.942
KEN,1220,USD,OCC,DB,_T,6,958.65
KEN,1220,USD,OCC,DBH,_T,6,14.465
KEN,1220,USD,OCC,DCU,_T,6,4351.458
KEN,1220,USD,OCC,_T,_T,6,5324.572
KEN,1220,USD,PER,DCU,_T,6,56.236
KEN,1220,USD,PER,_T,_T,6,56.236
KEN,1220,USD,_T,DB,_T,6,958.65
KEN,1220,USD,_T,DBH,_T,6,14.465
KEN,1220,USD,_T,DCU,_T,6,4407.693
KEN,1220,USD,_T,_T,_T,6,5380.808
KEN,1230,USD,OCC,DB,_T,6,35.975
KEN,1230,USD,OCC,DBH,_T,6,0.597
KEN,1230,USD,OCC,DCU,_T,6,138.862
KEN,1230,USD,OCC,_T,_T,6,175.434
KEN,1230,USD,PER,DCU,_T,6,0.7
KEN,1230,USD,PER,_T,_T,6,0.7
KEN,1230,USD,_T,DB,_T,6,35.975
KEN,1230,USD,_T,DBH,_T,6,0.597
KEN,1230,USD,_T,DCU,_T,6,139.562
KEN,1230,USD,_T,_T,_T,6,176.134
KEN,1245,USD,OCC,DB,_T,6,437.418
KEN,1245,USD,OCC,DBH,_T,6,7.452
KEN,1245,USD,OCC,DCU,_T,6,1831.956
KEN,1245,USD,OCC,_T,_T,6,2276.827
KEN,1245,USD,PER,DCU,_T,6,9.91
KEN,1245,USD,PER,_T,_T,6,9.91
KEN,1245,USD,_T,DB,_T,6,437.418
KEN,1245,USD,_T,DBH,_T,6,7.452
KEN,1245,USD,_T,DCU,_T,6,1841.866
KEN,1245,USD,_T,_T,_T,6,2286.737
KEN,1250,USD,OCC,DB,_T,6,415.121
KEN,1250,USD,OCC,DBH,_T,6,7.452
KEN,1250,USD,OCC,DCU,_T,6,1818.635
KEN,1250,USD,OCC,_T,_T,6,2241.208
KEN,1250,USD,PER,DCU,_T,6,9.91
KEN,1250,USD,PER,_T,_T,6,9.91
KEN,1250,USD,_T,DB,_T,6,415.121
KEN,1250,USD,_T,DBH,_T,6,7.452
KEN,1250,USD,_T,DCU,_T,6,1828.545
KEN,1250,USD,_T,_T,_T,6,2251.118
KEN,1255,USD,OCC,DB,_T,6,22.297
KEN,1255,USD,OCC,DBH,_T,6,0
KEN,1255,USD,OCC,DCU,_T,6,13.321
KEN,1255,USD,OCC,_T,_T,6,35.618
KEN,1255,USD,PER,DCU,_T,6,0
KEN,1255,USD,PER,_T,_T,6,0
KEN,1255,USD,_T,DB,_T,6,22.297
KEN,1255,USD,_T,DBH,_T,6,0
KEN,1255,USD,_T,DCU,_T,6,13.321
KEN,1255,USD,_T,_T,_T,6,35.618
KEN,1260,USD,OCC,DB,_T,6,688.385
KEN,1260,USD,OCC,DBH,_T,6,21.877
KEN,1260,USD,OCC,DCU,_T,6,1654.288
KEN,1260,USD,OCC,_T,_T,6,2364.55
KEN,1260,USD,PER,DCU,_T,6,0.378
KEN,1260,USD,PER,_T,_T,6,0.378
KEN,1260,USD,_T,DB,_T,6,688.385
KEN,1260,USD,_T,DBH,_T,6,21.877
KEN,1260,USD,_T,DCU,_T,6,1654.666
KEN,1260,USD,_T,_T,_T,6,2364.928
KEN,1280,USD,OCC,DB,_T,6,31.179
KEN,1280,USD,OCC,DBH,_T,6,0
KEN,1280,USD,OCC,DCU,_T,6,1406.409
KEN,1280,USD,OCC,_T,_T,6,1437.588
KEN,1280,USD,PER,DCU,_T,6,551.063
KEN,1280,USD,PER,_T,_T,6,551.063
KEN,1280,USD,_T,DB,_T,6,31.179
KEN,1280,USD,_T,DBH,_T,6,0
KEN,1280,USD,_T,DCU,_T,6,1957.472
KEN,1280,USD,_T,_T,_T,6,1988.651
KEN,1286,USD,OCC,DB,_T,6,2.228
KEN,1286,USD,OCC,DBH,_T,6,0
KEN,1286,USD,OCC,DCU,_T,6,7.337
KEN,1286,USD,OCC,_T,_T,6,9.565
KEN,1286,USD,PER,DCU,_T,6,0
KEN,1286,USD,PER,_T,_T,6,0
KEN,1286,USD,_T,DB,_T,6,2.228
KEN,1286,USD,_T,DBH,_T,6,0
KEN,1286,USD,_T,DCU,_T,6,7.337
KEN,1286,USD,_T,_T,_T,6,9.565
KEN,1289,USD,PER,DCU,_T,6,0
KEN,1289,USD,PER,_T,_T,6,0
KEN,1289,USD,_T,DCU,_T,6,0
KEN,1290,USD,OCC,DB,_T,6,13.795
KEN,1290,USD,OCC,DBH,_T,6,0
KEN,1290,USD,OCC,DCU,_T,6,53.372
KEN,1290,USD,OCC,_T,_T,6,67.167
KEN,1290,USD,PER,DCU,_T,6,0.13
KEN,1290,USD,PER,_T,_T,6,0.13
KEN,1290,USD,_T,DB,_T,6,13.795
KEN,1290,USD,_T,DBH,_T,6,0
KEN,1290,USD,_T,DCU,_T,6,53.503
KEN,1290,USD,_T,_T,_T,6,67.298
KEN,OA,PT_B1GQ,OCC,_T,_T,0,12.059
KEN,PA,PT_B1GQ,PER,_T,_T,0,0.621
KOR,1000,PT_B1GQ,OCC,DB,PF,0,6.764
KOR,1000,PT_B1GQ,OCC,DB,_T,0,6.764
KOR,1000,PT_B1GQ,OCC,DCU,PF,0,4.077
KOR,1000,PT_B1GQ,OCC,DCU,_T,0,4.077
KOR,1000,PT_B1GQ,OCC,_T,PF,0,10.84
KOR,1000,PT_B1GQ,OCC,_T,_T,0,10.84
KOR,1000,PT_B1GQ,_T,DB,PF,0,6.764
KOR,1000,PT_B1GQ,_T,DB,_T,0,6.764
KOR,1000,PT_B1GQ,_T,DCU,PF,0,4.077
KOR,1000,PT_B1GQ,_T,DCU,_T,0,4.077
KOR,1000,PT_B1GQ,_T,_T,PF,0,10.84
KOR,1000,USD,OCC,DB,PF,6,119212.731
KOR,1000,USD,OCC,DB,_T,6,119212.731
KOR,1000,USD,OCC,DCU,PF,6,71848.077
KOR,1000,USD,OCC,DCU,_T,6,71848.077
KOR,1000,USD,OCC,_T,PF,6,191060.808
KOR,1000,USD,OCC,_T,_T,6,191060.808
KOR,1000,USD,_T,DB,PF,6,119212.731
KOR,1000,USD,_T,DB,_T,6,119212.731
KOR,1000,USD,_T,DCU,PF,6,71848.077
KOR,1000,USD,_T,DCU,_T,6,71848.077
KOR,1000,USD,_T,_T,PF,6,191060.808
KOR,1210,USD,OCC,DB,_T,6,33926.758
KOR,1210,USD,OCC,DCU,_T,6,40957.247
KOR,1210,USD,OCC,_T,_T,6,74884.004
KOR,1210,USD,_T,DB,_T,6,33926.758
KOR,1210,USD,_T,DCU,_T,6,40957.247
KOR,1215,USD,OCC,DB,_T,6,16821.299
KOR,1215,USD,OCC,DCU,_T,6,2985.231
KOR,1215,USD,OCC,_T,_T,6,19806.53
KOR,1215,USD,_T,DB,_T,6,16821.299
KOR,1215,USD,_T,DCU,_T,6,2985.231
KOR,1220,USD,OCC,DB,_T,6,9.587
KOR,1220,USD,OCC,DCU,_T,6,130.506
KOR,1220,USD,OCC,_T,_T,6,140.093
KOR,1220,USD,_T,DB,_T,6,9.587
KOR,1220,USD,_T,DCU,_T,6,130.506
KOR,1230,USD,OCC,DB,_T,6,16811.712
KOR,1230,USD,OCC,DCU,_T,6,2854.724
KOR,1230,USD,OCC,_T,_T,6,19666.436
KOR,1230,USD,_T,DB,_T,6,16811.712
KOR,1230,USD,_T,DCU,_T,6,2854.724
KOR,1245,USD,OCC,DB,_T,6,784.16
KOR,1245,USD,OCC,DCU,_T,6,256.438
KOR,1245,USD,OCC,_T,_T,6,1040.598
KOR,1245,USD,_T,DB,_T,6,784.16
KOR,1245,USD,_T,DCU,_T,6,256.438
KOR,1270,USD,OCC,DB,_T,6,5601.054
KOR,1270,USD,OCC,DCU,_T,6,12732.424
KOR,1270,USD,OCC,_T,_T,6,18333.477
KOR,1270,USD,_T,DB,_T,6,5601.054
KOR,1270,USD,_T,DCU,_T,6,12732.424
KOR,1274,USD,OCC,DB,_T,6,3167.473
KOR,1274,USD,OCC,DCU,_T,6,3305.407
KOR,1274,USD,OCC,_T,_T,6,6472.88
KOR,1274,USD,_T,DB,_T,6,3167.473
KOR,1274,USD,_T,DCU,_T,6,3305.407
KOR,1276,USD,OCC,DB,_T,6,357.661
KOR,1276,USD,OCC,DCU,_T,6,2719.295
KOR,1276,USD,OCC,_T,_T,6,3076.956
KOR,1276,USD,_T,DB,_T,6,357.661
KOR,1276,USD,_T,DCU,_T,6,2719.295
KOR,1278,USD,OCC,DB,_T,6,2075.92
KOR,1278,USD,OCC,DCU,_T,6,6707.722
KOR,1278,USD,OCC,_T,_T,6,8783.641
KOR,1278,USD,_T,DB,_T,6,2075.92
KOR,1278,USD,_T,DCU,_T,6,6707.722
KOR,1290,USD,OCC,DB,_T,6,62079.461
KOR,1290,USD,OCC,DCU,_T,6,14916.739
KOR,1290,USD,OCC,_T,_T,6,76996.2
KOR,1290,USD,_T,DB,_T,6,62079.461
KOR,1290,USD,_T,DCU,_T,6,14916.739
KOR,4000,PT_B1GQ,OCC,_T,_T,0,0.337
KOR,4000,USD,OCC,_T,_T,6,5894.157
KOR,4100,USD,OCC,_T,_T,6,4345.533
KOR,4200,USD,OCC,_T,_T,6,1548.623
KOR,4410,USD,OCC,DB,_T,6,263.736
KOR,4410,USD,OCC,DCU,_T,6,235.395
KOR,4410,USD,OCC,_T,_T,6,499.131
KOR,4410,USD,_T,DB,_T,6,263.736
KOR,4410,USD,_T,DCU,_T,6,235.395
KOR,4420,USD,OCC,DB,_T,6,214.554
KOR,4420,USD,OCC,DCU,_T,6,143.978
KOR,4420,USD,OCC,_T,_T,6,358.532
KOR,4420,USD,_T,DB,_T,6,214.554
KOR,4420,USD,_T,DCU,_T,6,143.978
KOR,5000,PS,OCC,DB,PF,3,3143.293
KOR,5000,PS,OCC,DB,_T,3,3143.293
KOR,5000,PS,OCC,DCU,PF,3,4842.621
KOR,5000,PS,OCC,DCU,_T,3,4842.621
KOR,5000,PS,OCC,_T,PF,3,7985.914
KOR,5000,PS,OCC,_T,_T,3,6268.895
KOR,5000,PS,_T,DB,PF,3,3143.293
KOR,5000,PS,_T,DB,_T,3,3143.293
KOR,5000,PS,_T,DCU,PF,3,4842.621
KOR,5000,PS,_T,DCU,_T,3,4842.621
KOR,5000,PS,_T,_T,PF,3,6268.895
KOR,5010,PS,OCC,_T,_T,3,3735.6
KOR,5020,PS,OCC,_T,_T,3,2533.295
KOR,OA,PT_B1GQ,OCC,_T,_T,0,10.84
LIE,1000,PT_B1GQ,OCC,DB,PF,0,12.985
LIE,1000,PT_B1GQ,OCC,DB,_T,0,12.985
LIE,1000,PT_B1GQ,OCC,DCU,PF,0,99.495
LIE,1000,PT_B1GQ,OCC,DCU,_T,0,99.495
LIE,1000,PT_B1GQ,OCC,_T,PF,0,112.48
LIE,1000,PT_B1GQ,OCC,_T,_T,0,112.48
LIE,1000,PT_B1GQ,_T,DB,PF,0,12.985
LIE,1000,PT_B1GQ,_T,DB,_T,0,12.985
LIE,1000,PT_B1GQ,_T,DCU,PF,0,99.495
LIE,1000,PT_B1GQ,_T,DCU,_T,0,99.495
LIE,1000,PT_B1GQ,_T,_T,PF,0,112.48
LIE,1000,PT_B1GQ,_T,_T,_T,0,112.48
LIE,1000,USD,OCC,DB,PF,6,857.785
LIE,1000,USD,OCC,DB,_T,6,857.785
LIE,1000,USD,OCC,DCU,PF,6,6572.776
LIE,1000,USD,OCC,DCU,_T,6,6572.776
LIE,1000,USD,OCC,_T,PF,6,7430.56
LIE,1000,USD,OCC,_T,_T,6,7430.56
LIE,1000,USD,_T,DB,PF,6,857.785
LIE,1000,USD,_T,DB,_T,6,857.785
LIE,1000,USD,_T,DCU,PF,6,6572.776
LIE,1000,USD,_T,DCU,_T,6,6572.776
LIE,1000,USD,_T,_T,PF,6,7430.56
LIE,1000,USD,_T,_T,_T,6,7430.56
LIE,1110,USD,OCC,DB,_T,6,0.041
LIE,1110,USD,OCC,DCU,_T,6,8.293
LIE,1110,USD,OCC,_T,_T,6,8.335
LIE,1110,USD,_T,DB,_T,6,0.041
LIE,1110,USD,_T,DCU,_T,6,8.293
LIE,1110,USD,_T,_T,_T,6,8.335
LIE,1210,USD,OCC,DB,_T,6,64.467
LIE,1210,USD,OCC,DCU,_T,6,323.522
LIE,1210,USD,OCC,_T,_T,6,387.989
LIE,1210,USD,_T,DB,_T,6,64.467
LIE,1210,USD,_T,DCU,_T,6,323.522
LIE,1210,USD,_T,_T,_T,6,387.989
LIE,1215,USD,OCC,DB,_T,6,239.556
LIE,1215,USD,OCC,DCU,_T,6,2590.509
LIE,1215,USD,OCC,_T,_T,6,2830.065
LIE,1215,USD,_T,DB,_T,6,239.556
LIE,1215,USD,_T,DCU,_T,6,2590.509
LIE,1215,USD,_T,_T,_T,6,2830.065
LIE,1240,USD,OCC,DB,_T,6,2.014
LIE,1240,USD,OCC,DCU,_T,6,71.035
LIE,1240,USD,OCC,_T,_T,6,73.049
LIE,1240,USD,_T,DB,_T,6,2.014
LIE,1240,USD,_T,DCU,_T,6,71.035
LIE,1240,USD,_T,_T,_T,6,73.049
LIE,1245,USD,OCC,DB,_T,6,188.608
LIE,1245,USD,OCC,DCU,_T,6,2150.147
LIE,1245,USD,OCC,_T,_T,6,2338.755
LIE,1245,USD,_T,DB,_T,6,188.608
LIE,1245,USD,_T,DCU,_T,6,2150.147
LIE,1245,USD,_T,_T,_T,6,2338.755
LIE,1260,USD,OCC,DB,_T,6,106.656
LIE,1260,USD,OCC,DCU,_T,6,916.189
LIE,1260,USD,OCC,_T,_T,6,1022.845
LIE,1260,USD,_T,DB,_T,6,106.656
LIE,1260,USD,_T,DCU,_T,6,916.189
LIE,1260,USD,_T,_T,_T,6,1022.845
LIE,1284,USD,OCC,DB,_T,6,63.568
LIE,1284,USD,OCC,DCU,_T,6,79.618
LIE,1284,USD,OCC,_T,_T,6,143.186
LIE,1284,USD,_T,DB,_T,6,63.568
LIE,1284,USD,_T,DCU,_T,6,79.618
LIE,1284,USD,_T,_T,_T,6,143.186
LIE,1286,USD,OCC,DB,_T,6,97.516
LIE,1286,USD,OCC,DCU,_T,6,107.173
LIE,1286,USD,OCC,_T,_T,6,204.679
LIE,1286,USD,_T,DB,_T,6,97.516
LIE,1286,USD,_T,DCU,_T,6,107.173
LIE,1286,USD,_T,_T,_T,6,204.679
LIE,1290,USD,OCC,DB,_T,6,95.358
LIE,1290,USD,OCC,DCU,_T,6,326.29
LIE,1290,USD,OCC,_T,_T,6,421.658
LIE,1290,USD,_T,DB,_T,6,95.358
LIE,1290,USD,_T,DCU,_T,6,326.29
LIE,1290,USD,_T,_T,_T,6,421.658
LIE,2000,USD,OCC,DB,PF,6,857.785
LIE,2000,USD,OCC,DB,_T,6,857.785
LIE,2000,USD,OCC,DCU,PF,6,6844.813
LIE,2000,USD,OCC,DCU,_T,6,6844.813
LIE,2000,USD,OCC,_T,PF,6,7702.597
LIE,2000,USD,OCC,_T,_T,6,7703.63
LIE,2000,USD,_T,DB,PF,6,857.785
LIE,2000,USD,_T,DB,_T,6,857.785
LIE,2000,USD,_T,DCU,PF,6,6844.813
LIE,2000,USD,_T,DCU,_T,6,6844.813
LIE,2000,USD,_T,_T,PF,6,7703.63
LIE,2000,USD,_T,_T,_T,6,7703.63
LIE,2100,USD,OCC,DB,_T,6,102.019
LIE,2100,USD,OCC,DCU,_T,6,521.983
LIE,2100,USD,OCC,_T,_T,6,625.035
LIE,2100,USD,_T,DB,_T,6,102.019
LIE,2100,USD,_T,DCU,_T,6,521.983
LIE,2100,USD,_T,_T,_T,6,625.035
LIE,2200,USD,OCC,DB,_T,6,751.634
LIE,2200,USD,OCC,DCU,_T,6,6035.311
LIE,2200,USD,OCC,_T,_T,6,6786.946
LIE,2200,USD,_T,DB,_T,6,751.634
LIE,2200,USD,_T,DCU,_T,6,6035.311
LIE,2200,USD,_T,_T,_T,6,6786.946
LIE,2300,USD,OCC,DB,_T,6,4.131
LIE,2300,USD,OCC,DCU,_T,6,287.519
LIE,2300,USD,OCC,_T,_T,6,291.65
LIE,2300,USD,_T,DB,_T,6,4.131
LIE,2300,USD,_T,DCU,_T,6,287.519
LIE,2300,USD,_T,_T,_T,6,291.65
LIE,3000,USD,OCC,DB,_T,6,88.034
LIE,3000,USD,OCC,DCU,_T,6,566.916
LIE,3000,USD,OCC,_T,_T,6,654.95
LIE,3000,USD,_T,DB,_T,6,88.034
LIE,3000,USD,_T,DCU,_T,6,566.916
LIE,3000,USD,_T,_T,_T,6,654.95
LIE,3010,USD,OCC,DB,_T,6,93.579
LIE,3010,USD,OCC,DCU,_T,6,589.186
LIE,3010,USD,OCC,_T,_T,6,682.765
LIE,3010,USD,_T,DB,_T,6,93.579
LIE,3010,USD,_T,DCU,_T,6,589.186
LIE,3010,USD,_T,_T,_T,6,682.765
LIE,3100,PT_B1GQ,OCC,DB,_T,0,0.58
LIE,3100,PT_B1GQ,OCC,DCU,_T,0,6.194
LIE,3100,PT_B1GQ,OCC,_T,_T,0,6.774
LIE,3100,PT_B1GQ,_T,DB,_T,0,0.58
LIE,3100,PT_B1GQ,_T,DCU,_T,0,6.194
LIE,3100,PT_B1GQ,_T,_T,_T,0,6.774
LIE,3100,USD,OCC,DB,_T,6,37.351
LIE,3100,USD,OCC,DCU,_T,6,398.71
LIE,3100,USD,OCC,_T,_T,6,436.063
LIE,3100,USD,_T,DB,_T,6,37.351
LIE,3100,USD,_T,DCU,_T,6,398.71
LIE,3100,USD,_T,_T,_T,6,436.063
LIE,3200,USD,OCC,DB,_T,6,25.324
LIE,3200,USD,OCC,DCU,_T,6,230.594
LIE,3200,USD,OCC,_T,_T,6,255.92
LIE,3200,USD,_T,DB,_T,6,25.324
LIE,3200,USD,_T,DCU,_T,6,230.594
LIE,3200,USD,_T,_T,_T,6,255.92
LIE,3300,USD,OCC,DB,_T,6,12.027
LIE,3300,USD,OCC,DCU,_T,6,168.116
LIE,3300,USD,OCC,_T,_T,6,180.143
LIE,3300,USD,_T,DB,_T,6,12.027
LIE,3300,USD,_T,DCU,_T,6,168.116
LIE,3300,USD,_T,_T,_T,6,180.143
LIE,3400,USD,OCC,DB,_T,6,15.497
LIE,3400,USD,OCC,DCU,_T,6,367.009
LIE,3400,USD,OCC,_T,_T,6,382.506
LIE,3400,USD,_T,DB,_T,6,15.497
LIE,3400,USD,_T,DCU,_T,6,367.009
LIE,3400,USD,_T,_T,_T,6,382.506
LIE,4000,PT_B1GQ,OCC,DB,_T,0,0.236
LIE,4000,PT_B1GQ,OCC,DCU,_T,0,3.164
LIE,4000,PT_B1GQ,OCC,_T,_T,0,3.4
LIE,4000,PT_B1GQ,_T,DB,_T,0,0.236
LIE,4000,PT_B1GQ,_T,DCU,_T,0,3.164
LIE,4000,PT_B1GQ,_T,_T,_T,0,3.4
LIE,4000,USD,OCC,DB,_T,6,15.175
LIE,4000,USD,OCC,DCU,_T,6,203.691
LIE,4000,USD,OCC,_T,_T,6,218.867
LIE,4000,USD,_T,DB,_T,6,15.175
LIE,4000,USD,_T,DCU,_T,6,203.691
LIE,4000,USD,_T,_T,_T,6,218.867
LIE,4100,USD,OCC,DB,_T,6,1.046
LIE,4100,USD,OCC,DCU,_T,6,90.438
LIE,4100,USD,OCC,_T,_T,6,91.486
LIE,4100,USD,_T,DB,_T,6,1.046
LIE,4100,USD,_T,DCU,_T,6,90.438
LIE,4100,USD,_T,_T,_T,6,91.486
LIE,4200,USD,OCC,DB,_T,6,14.129
LIE,4200,USD,OCC,DCU,_T,6,113.253
LIE,4200,USD,OCC,_T,_T,6,127.381
LIE,4200,USD,_T,DB,_T,6,14.129
LIE,4200,USD,_T,DCU,_T,6,113.253
LIE,4200,USD,_T,_T,_T,6,127.381
LIE,4300,USD,OCC,DB,_T,6,0.121
LIE,4300,USD,OCC,DCU,_T,6,464.281
LIE,4300,USD,OCC,_T,_T,6,464.401
LIE,4300,USD,_T,DB,_T,6,0.121
LIE,4300,USD,_T,DCU,_T,6,464.281
LIE,4300,USD,_T,_T,_T,6,464.401
LIE,4410,USD,OCC,DB,_T,6,5.545
LIE,4410,USD,OCC,DCU,_T,6,22.27
LIE,4410,USD,OCC,_T,_T,6,27.815
LIE,4410,USD,_T,DB,_T,6,5.545
LIE,4410,USD,_T,DCU,_T,6,22.27
LIE,4410,USD,_T,_T,_T,6,27.815
LIE,4420,USD,OCC,DB,_T,6,0.111
LIE,4420,USD,OCC,DCU,_T,6,8.342
LIE,4420,USD,OCC,_T,_T,6,8.453
LIE,4420,USD,_T,DB,_T,6,0.111
LIE,4420,USD,_T,DCU,_T,6,8.342
LIE,4420,USD,_T,_T,_T,6,8.453
LIE,4500,USD,OCC,DB,_T,6,13.364
LIE,4500,USD,OCC,DCU,_T,6,365.771
LIE,4500,USD,OCC,_T,_T,6,379.135
LIE,4500,USD,_T,DB,_T,6,13.364
LIE,4500,USD,_T,DCU,_T,6,365.771
LIE,4500,USD,_T,_T,_T,6,379.135
LIE,5000,PS,OCC,DB,PF,3,1.43
LIE,5000,PS,OCC,DB,_T,3,1.43
LIE,5000,PS,OCC,DCU,PF,3,41.319
LIE,5000,PS,OCC,DCU,_T,3,41.319
LIE,5000,PS,OCC,_T,PF,3,42.749
LIE,5000,PS,OCC,_T,_T,3,42.749
LIE,5000,PS,_T,DB,PF,3,1.43
LIE,5000,PS,_T,DB,_T,3,1.43
LIE,5000,PS,_T,DCU,PF,3,41.319
LIE,5000,PS,_T,DCU,_T,3,41.319
LIE,5000,PS,_T,_T,PF,3,42.749
LIE,5000,PS,_T,_T,_T,3,42.749
LIE,5100,PS,OCC,DB,PF,3,1.171
LIE,5100,PS,OCC,DB,_T,3,1.171
LIE,5100,PS,OCC,DCU,PF,3,36.657
LIE,5100,PS,OCC,DCU,_T,3,36.657
LIE,5100,PS,OCC,_T,PF,3,37.828
LIE,5100,PS,OCC,_T,_T,3,37.828
LIE,5100,PS,_T,DB,PF,3,1.171
LIE,5100,PS,_T,DB,_T,3,1.171
LIE,5100,PS,_T,DCU,PF,3,36.657
LIE,5100,PS,_T,DCU,_T,3,36.657
LIE,5100,PS,_T,_T,PF,3,37.828
LIE,5100,PS,_T,_T,_T,3,37.828
LIE,5300,PS,OCC,DB,PF,3,0.259
LIE,5300,PS,OCC,DB,_T,3,0.259
LIE,5300,PS,OCC,DCU,PF,3,4.662
LIE,5300,PS,OCC,DCU,_T,3,4.662
LIE,5300,PS,OCC,_T,PF,3,4.921
LIE,5300,PS,OCC,_T,_T,3,4.921
LIE,5300,PS,_T,DB,PF,3,0.259
LIE,5300,PS,_T,DB,_T,3,0.259
LIE,5300,PS,_T,DCU,PF,3,4.662
LIE,5300,PS,_T,DCU,_T,3,4.662
LIE,5300,PS,_T,_T,PF,3,4.921
LIE,5300,PS,_T,_T,_T,3,4.921
LIE,OA,PT_B1GQ,OCC,_T,_T,0,112.48
LTU,1000,PT_B1GQ,PER,DCU,PF,0,8.166
LTU,1000,PT_B1GQ,PER,DCU,_T,0,8.166
LTU,1000,PT_B1GQ,PER,_T,PF,0,8.166
LTU,1000,PT_B1GQ,PER,_T,_T,0,8.166
LTU,1000,PT_B1GQ,_T,DCU,PF,0,8.166
LTU,1000,PT_B1GQ,_T,DCU,_T,0,8.166
LTU,1000,PT_B1GQ,_T,_T,PF,0,8.166
LTU,1000,PT_B1GQ,_T,_T,_T,0,8.166
LTU,1000,USD,PER,DCU,PF,6,4517.326
LTU,1000,USD,PER,DCU,_T,6,4517.326
LTU,1000,USD,PER,_T,PF,6,4517.326
LTU,1000,USD,PER,_T,_T,6,4517.326
LTU,1000,USD,_T,DCU,PF,6,4517.326
LTU,1000,USD,_T,DCU,_T,6,4517.326
LTU,1000,USD,_T,_T,PF,6,4517.326
LTU,1000,USD,_T,_T,_T,6,4517.326
LTU,1121,USD,PER,DCU,_T,6,4071.392
LTU,1121,USD,PER,_T,_T,6,4071.392
LTU,1121,USD,_T,DCU,_T,6,4071.392
LTU,1121,USD,_T,_T,_T,6,4071.392
LTU,1122,USD,PER,DCU,_T,6,289.225
LTU,1122,USD,PER,_T,_T,6,289.225
LTU,1122,USD,_T,DCU,_T,6,289.225
LTU,1122,USD,_T,_T,_T,6,289.225
LTU,1131,USD,PER,DCU,_T,6,0.125
LTU,1131,USD,PER,_T,_T,6,0.125
LTU,1131,USD,_T,DCU,_T,6,0.125
LTU,1131,USD,_T,_T,_T,6,0.125
LTU,1141,USD,PER,DCU,_T,6,628.634
LTU,1141,USD,PER,_T,_T,6,628.634
LTU,1141,USD,_T,DCU,_T,6,628.634
LTU,1141,USD,_T,_T,_T,6,628.634
LTU,1151,USD,PER,DCU,_T,6,3350.634
LTU,1151,USD,PER,_T,_T,6,3350.634
LTU,1151,USD,_T,DCU,_T,6,3350.634
LTU,1151,USD,_T,_T,_T,6,3350.634
LTU,1161,USD,PER,DCU,_T,6,0
LTU,1161,USD,PER,_T,_T,6,0
LTU,1161,USD,_T,DCU,_T,6,0
LTU,1161,USD,_T,_T,_T,6,0
LTU,1172,USD,PER,DCU,_T,6,0.146
LTU,1172,USD,PER,_T,_T,6,0.146
LTU,1172,USD,_T,DCU,_T,6,0.146
LTU,1172,USD,_T,_T,_T,6,0.146
LTU,1210,USD,PER,DCU,_T,6,99.748
LTU,1210,USD,PER,_T,_T,6,99.748
LTU,1210,USD,_T,DCU,_T,6,99.748
LTU,1210,USD,_T,_T,_T,6,99.748
LTU,1215,USD,PER,DCU,_T,6,664.711
LTU,1215,USD,PER,_T,_T,6,664.711
LTU,1215,USD,_T,DCU,_T,6,664.711
LTU,1215,USD,_T,_T,_T,6,664.711
LTU,1220,USD,PER,DCU,_T,6,463.615
LTU,1220,USD,PER,_T,_T,6,463.615
LTU,1220,USD,_T,DCU,_T,6,463.615
LTU,1220,USD,_T,_T,_T,6,463.615
LTU,1230,USD,PER,DCU,_T,6,201.096
LTU,1230,USD,PER,_T,_T,6,201.096
LTU,1230,USD,_T,DCU,_T,6,201.096
LTU,1230,USD,_T,_T,_T,6,201.096
LTU,1240,USD,PER,DCU,_T,6,0
LTU,1240,USD,PER,_T,_T,6,0
LTU,1240,USD,_T,DCU,_T,6,0
LTU,1240,USD,_T,_T,_T,6,0
LTU,1245,USD,PER,DCU,_T,6,32.397
LTU,1245,USD,PER,_T,_T,6,32.397
LTU,1245,USD,_T,DCU,_T,6,32.397
LTU,1245,USD,_T,_T,_T,6,32.397
LTU,1250,USD,PER,DCU,_T,6,32.397
LTU,1250,USD,PER,_T,_T,6,32.397
LTU,1250,USD,_T,DCU,_T,6,32.397
LTU,1250,USD,_T,_T,_T,6,32.397
LTU,1255,USD,PER,DCU,_T,6,0
LTU,1255,USD,PER,_T,_T,6,0
LTU,1255,USD,_T,DCU,_T,6,0
LTU,1255,USD,_T,_T,_T,6,0
LTU,1260,USD,PER,DCU,_T,6,0
LTU,1260,USD,PER,_T,_T,6,0
LTU,1260,USD,_T,DCU,_T,6,0
LTU,1260,USD,_T,_T,_T,6,0
LTU,1270,USD,PER,DCU,_T,6,3720.469
LTU,1270,USD,PER,_T,_T,6,3720.469
LTU,1270,USD,_T,DCU,_T,6,3720.469
LTU,1270,USD,_T,_T,_T,6,3720.469
LTU,1272,USD,PER,DCU,_T,6,0.125
LTU,1272,USD,PER,_T,_T,6,0.125
LTU,1272,USD,_T,DCU,_T,6,0.125
LTU,1272,USD,_T,_T,_T,6,0.125
LTU,1274,USD,PER,DCU,_T,6,247.169
LTU,1274,USD,PER,_T,_T,6,247.169
LTU,1274,USD,_T,DCU,_T,6,247.169
LTU,1274,USD,_T,_T,_T,6,247.169
LTU,1276,USD,PER,DCU,_T,6,3348.526
LTU,1276,USD,PER,_T,_T,6,3348.526
LTU,1276,USD,_T,DCU,_T,6,3348.526
LTU,1276,USD,_T,_T,_T,6,3348.526
LTU,1277,USD,PER,DCU,_T,6,80.075
LTU,1277,USD,PER,_T,_T,6,80.075
LTU,1277,USD,_T,DCU,_T,6,80.075
LTU,1277,USD,_T,_T,_T,6,80.075
LTU,1278,USD,PER,DCU,_T,6,44.575
LTU,1278,USD,PER,_T,_T,6,44.575
LTU,1278,USD,_T,DCU,_T,6,44.575
LTU,1278,USD,_T,_T,_T,6,44.575
LTU,1280,USD,PER,DCU,_T,6,0
LTU,1280,USD,PER,_T,_T,6,0
LTU,1280,USD,_T,DCU,_T,6,0
LTU,1280,USD,_T,_T,_T,6,0
LTU,1284,USD,PER,DCU,_T,6,0
LTU,1284,USD,PER,_T,_T,6,0
LTU,1284,USD,_T,DCU,_T,6,0
LTU,1284,USD,_T,_T,_T,6,0
LTU,1286,USD,PER,DCU,_T,6,0
LTU,1286,USD,PER,_T,_T,6,0
LTU,1286,USD,_T,DCU,_T,6,0
LTU,1286,USD,_T,_T,_T,6,0
LTU,1289,USD,PER,DCU,_T,6,0
LTU,1289,USD,PER,_T,_T,6,0
LTU,1289,USD,_T,DCU,_T,6,0
LTU,1289,USD,_T,_T,_T,6,0
LTU,1290,USD,PER,DCU,_T,6,0
LTU,1290,USD,PER,_T,_T,6,0
LTU,1290,USD,_T,DCU,_T,6,0
LTU,1290,USD,_T,_T,_T,6,0
LTU,2000,USD,PER,DCU,PF,6,7.397
LTU,2000,USD,PER,DCU,_T,6,7.397
LTU,2000,USD,PER,_T,PF,6,7.397
LTU,2000,USD,PER,_T,_T,6,7.397
LTU,2000,USD,_T,DCU,PF,6,7.397
LTU,2000,USD,_T,DCU,_T,6,7.397
LTU,2000,USD,_T,_T,PF,6,7.397
LTU,2000,USD,_T,_T,_T,6,7.397
LTU,2100,USD,PER,DCU,_T,6,0
LTU,2100,USD,PER,_T,_T,6,0
LTU,2100,USD,_T,DCU,_T,6,0
LTU,2100,USD,_T,_T,_T,6,0
LTU,2200,USD,PER,DCU,_T,6,0
LTU,2200,USD,PER,_T,_T,6,0
LTU,2200,USD,_T,DCU,_T,6,0
LTU,2200,USD,_T,_T,_T,6,0
LTU,2300,USD,PER,DCU,_T,6,7.397
LTU,2300,USD,PER,_T,_T,6,7.397
LTU,2300,USD,_T,DCU,_T,6,7.397
LTU,2300,USD,_T,_T,_T,6,7.397
LTU,3000,USD,PER,DCU,_T,6,407.703
LTU,3000,USD,PER,_T,_T,6,407.703
LTU,3000,USD,_T,DCU,_T,6,407.703
LTU,3000,USD,_T,_T,_T,6,407.703
LTU,3010,USD,PER,DCU,_T,6,431.829
LTU,3010,USD,PER,_T,_T,6,431.829
LTU,3010,USD,_T,DCU,_T,6,431.829
LTU,3010,USD,_T,_T,_T,6,431.829
LTU,3100,PT_B1GQ,PER,DCU,_T,0,0.821
LTU,3100,PT_B1GQ,PER,_T,_T,0,0.821
LTU,3100,PT_B1GQ,_T,DCU,_T,0,0.821
LTU,3100,PT_B1GQ,_T,_T,_T,0,0.821
LTU,3100,USD,PER,DCU,_T,6,452.492
LTU,3100,USD,PER,_T,_T,6,452.481
LTU,3100,USD,_T,DCU,_T,6,452.492
LTU,3100,USD,_T,_T,_T,6,452.481
LTU,4000,PT_B1GQ,PER,DCU,_T,0,0.105
LTU,4000,PT_B1GQ,PER,_T,_T,0,0.105
LTU,4000,PT_B1GQ,_T,DCU,_T,0,0.105
LTU,4000,PT_B1GQ,_T,_T,_T,0,0.105
LTU,4000,USD,PER,DCU,_T,6,57.785
LTU,4000,USD,PER,_T,_T,6,57.785
LTU,4000,USD,_T,DCU,_T,6,57.785
LTU,4000,USD,_T,_T,_T,6,57.785
LTU,4100,USD,PER,DCU,_T,6,56.348
LTU,4100,USD,PER,_T,_T,6,56.348
LTU,4100,USD,_T,DCU,_T,6,56.348
LTU,4100,USD,_T,_T,_T,6,56.348
LTU,4200,USD,PER,DCU,_T,6,0.015
LTU,4200,USD,PER,_T,_T,6,0.015
LTU,4200,USD,_T,DCU,_T,6,0.015
LTU,4200,USD,_T,_T,_T,6,0.015
LTU,4300,USD,PER,DCU,_T,6,0
LTU,4300,USD,PER,_T,_T,6,0
LTU,4300,USD,_T,DCU,_T,6,0
LTU,4300,USD,_T,_T,_T,6,0
LTU,4310,USD,PER,DCU,_T,6,1.422
LTU,4310,USD,PER,_T,_T,6,1.422
LTU,4310,USD,_T,DCU,_T,6,1.422
LTU,4310,USD,_T,_T,_T,6,1.422
LTU,4410,USD,PER,DCU,_T,6,24.126
LTU,4410,USD,PER,_T,_T,6,24.126
LTU,4410,USD,_T,DCU,_T,6,24.126
LTU,4410,USD,_T,_T,_T,6,24.126
LTU,4420,USD,PER,DCU,_T,6,0.031
LTU,4420,USD,PER,_T,_T,6,0.031
LTU,4420,USD,_T,DCU,_T,6,0.031
LTU,4420,USD,_T,_T,_T,6,0.031
LTU,4500,USD,PER,DCU,_T,6,0.12
LTU,4500,USD,PER,_T,_T,6,0.12
LTU,4500,USD,_T,DCU,_T,6,0.12
LTU,4500,USD,_T,_T,_T,6,0.12
LTU,5000,PS,PER,DCU,PF,3,1418.94
LTU,5000,PS,PER,DCU,_T,3,1418.94
LTU,5000,PS,PER,_T,PF,3,1418.94
LTU,5000,PS,PER,_T,_T,3,1418.937
LTU,5000,PS,_T,DCU,PF,3,1418.94
LTU,5000,PS,_T,DCU,_T,3,1418.94
LTU,5000,PS,_T,_T,PF,3,1418.937
LTU,5000,PS,_T,_T,_T,3,1418.937
LTU,5100,PS,PER,DCU,PF,3,1418.94
LTU,5100,PS,PER,DCU,_T,3,1418.94
LTU,5100,PS,PER,_T,PF,3,1418.94
LTU,5100,PS,PER,_T,_T,3,1418.937
LTU,5100,PS,_T,DCU,PF,3,1418.94
LTU,5100,PS,_T,DCU,_T,3,1418.94
LTU,5100,PS,_T,_T,PF,3,1418.937
LTU,5100,PS,_T,_T,_T,3,1418.937
LTU,PA,PT_B1GQ,PER,_T,_T,0,8.166
LUX,1000,PT_B1GQ,OCC,DB,PF,0,1.867
LUX,1000,PT_B1GQ,OCC,DB,_T,0,1.867
LUX,1000,PT_B1GQ,OCC,DBH,PF,0,0.259
LUX,1000,PT_B1GQ,OCC,DBH,_T,0,0.259
LUX,1000,PT_B1GQ,OCC,DCU,PF,0,0.636
LUX,1000,PT_B1GQ,OCC,DCU,_T,0,0.636
LUX,1000,PT_B1GQ,OCC,_T,PF,0,2.763
LUX,1000,PT_B1GQ,OCC,_T,_T,0,2.881
LUX,1000,PT_B1GQ,_T,DB,PF,0,1.867
LUX,1000,PT_B1GQ,_T,DB,_T,0,1.867
LUX,1000,PT_B1GQ,_T,DBH,PF,0,0.259
LUX,1000,PT_B1GQ,_T,DBH,_T,0,0.259
LUX,1000,PT_B1GQ,_T,DCU,PF,0,0.636
LUX,1000,PT_B1GQ,_T,DCU,_T,0,0.636
LUX,1000,PT_B1GQ,_T,_T,PF,0,2.881
LUX,1000,PT_B1GQ,_T,_T,_T,0,2.881
LUX,1000,USD,OCC,DB,PF,6,1309.435
LUX,1000,USD,OCC,DB,_T,6,1309.435
LUX,1000,USD,OCC,DBH,PF,6,181.541
LUX,1000,USD,OCC,DBH,_T,6,181.541
LUX,1000,USD,OCC,DCU,PF,6,446.214
LUX,1000,USD,OCC,DCU,_T,6,446.214
LUX,1000,USD,OCC,_T,PF,6,1937.191
LUX,1000,USD,OCC,_T,_T,6,2020.041
LUX,1000,USD,_T,DB,PF,6,1309.435
LUX,1000,USD,_T,DB,_T,6,1309.435
LUX,1000,USD,_T,DBH,PF,6,181.541
LUX,1000,USD,_T,DBH,_T,6,181.541
LUX,1000,USD,_T,DCU,PF,6,446.214
LUX,1000,USD,_T,DCU,_T,6,446.214
LUX,1000,USD,_T,_T,PF,6,2020.041
LUX,1000,USD,_T,_T,_T,6,2020.041
LUX,1210,USD,OCC,DB,_T,6,80.997
LUX,1210,USD,OCC,DBH,_T,6,2.134
LUX,1210,USD,OCC,DCU,_T,6,17.525
LUX,1210,USD,OCC,_T,_T,6,107.925
LUX,1210,USD,_T,DB,_T,6,80.997
LUX,1210,USD,_T,DBH,_T,6,2.134
LUX,1210,USD,_T,DCU,_T,6,17.525
LUX,1210,USD,_T,_T,_T,6,107.925
LUX,1215,USD,OCC,DB,_T,6,509.125
LUX,1215,USD,OCC,DBH,_T,6,102.454
LUX,1215,USD,OCC,DCU,_T,6,5.392
LUX,1215,USD,OCC,_T,_T,6,644.225
LUX,1215,USD,_T,DB,_T,6,509.125
LUX,1215,USD,_T,DBH,_T,6,102.454
LUX,1215,USD,_T,DCU,_T,6,5.392
LUX,1215,USD,_T,_T,_T,6,644.225
LUX,1240,USD,OCC,DB,_T,6,0
LUX,1240,USD,OCC,DBH,_T,6,0
LUX,1240,USD,OCC,DCU,_T,6,0
LUX,1240,USD,OCC,_T,_T,6,0
LUX,1240,USD,_T,DB,_T,6,0
LUX,1240,USD,_T,DBH,_T,6,0
LUX,1240,USD,_T,DCU,_T,6,0
LUX,1240,USD,_T,_T,_T,6,0
LUX,1245,USD,OCC,DB,_T,6,13.593
LUX,1245,USD,OCC,DBH,_T,6,0
LUX,1245,USD,OCC,DCU,_T,6,0
LUX,1245,USD,OCC,_T,_T,6,13.593
LUX,1245,USD,_T,DB,_T,6,13.593
LUX,1245,USD,_T,DBH,_T,6,0
LUX,1245,USD,_T,DCU,_T,6,0
LUX,1245,USD,_T,_T,_T,6,13.593
LUX,1255,USD,OCC,DBH,_T,6,0
LUX,1255,USD,_T,DBH,_T,6,0
LUX,1260,USD,OCC,DB,_T,6,0
LUX,1260,USD,OCC,DBH,_T,6,0
LUX,1260,USD,OCC,DCU,_T,6,0
LUX,1260,USD,OCC,_T,_T,6,0
LUX,1260,USD,_T,DB,_T,6,0
LUX,1260,USD,_T,DBH,_T,6,0
LUX,1260,USD,_T,DCU,_T,6,0
LUX,1260,USD,_T,_T,_T,6,0
LUX,1270,USD,OCC,DB,_T,6,685.723
LUX,1270,USD,OCC,DBH,_T,6,43.251
LUX,1270,USD,OCC,DCU,_T,6,312.305
LUX,1270,USD,OCC,_T,_T,6,1089.406
LUX,1270,USD,_T,DB,_T,6,685.723
LUX,1270,USD,_T,DBH,_T,6,43.251
LUX,1270,USD,_T,DCU,_T,6,312.305
LUX,1270,USD,_T,_T,_T,6,1089.406
LUX,1274,USD,OCC,DB,_T,6,321.068
LUX,1274,USD,OCC,DBH,_T,6,7.302
LUX,1274,USD,OCC,DCU,_T,6,149.525
LUX,1274,USD,OCC,_T,_T,6,480.175
LUX,1274,USD,_T,DB,_T,6,321.068
LUX,1274,USD,_T,DBH,_T,6,7.302
LUX,1274,USD,_T,DCU,_T,6,149.525
LUX,1274,USD,_T,_T,_T,6,480.175
LUX,1276,USD,OCC,DB,_T,6,308.373
LUX,1276,USD,OCC,DBH,_T,6,31.343
LUX,1276,USD,OCC,DCU,_T,6,115.486
LUX,1276,USD,OCC,_T,_T,6,460.56
LUX,1276,USD,_T,DB,_T,6,308.373
LUX,1276,USD,_T,DBH,_T,6,31.343
LUX,1276,USD,_T,DCU,_T,6,115.486
LUX,1276,USD,_T,_T,_T,6,460.56
LUX,1278,USD,OCC,DB,_T,6,56.282
LUX,1278,USD,OCC,DBH,_T,6,4.606
LUX,1278,USD,OCC,DCU,_T,6,47.295
LUX,1278,USD,OCC,_T,_T,6,148.682
LUX,1278,USD,_T,DB,_T,6,56.282
LUX,1278,USD,_T,DBH,_T,6,4.606
LUX,1278,USD,_T,DCU,_T,6,47.295
LUX,1278,USD,_T,_T,_T,6,148.682
LUX,1280,USD,OCC,DB,_T,6,0
LUX,1280,USD,OCC,DBH,_T,6,32.354
LUX,1280,USD,OCC,DCU,_T,6,107.734
LUX,1280,USD,OCC,_T,_T,6,140.088
LUX,1280,USD,_T,DB,_T,6,0
LUX,1280,USD,_T,DBH,_T,6,32.354
LUX,1280,USD,_T,DCU,_T,6,107.734
LUX,1280,USD,_T,_T,_T,6,140.088
LUX,1290,USD,OCC,DB,_T,6,18.761
LUX,1290,USD,OCC,DBH,_T,6,1.573
LUX,1290,USD,OCC,DCU,_T,6,0.112
LUX,1290,USD,OCC,_T,_T,6,20.648
LUX,1290,USD,_T,DB,_T,6,18.761
LUX,1290,USD,_T,DBH,_T,6,1.573
LUX,1290,USD,_T,DCU,_T,6,0.112
LUX,1290,USD,_T,_T,_T,6,20.648
LUX,2000,USD,OCC,DB,PF,6,1309.547
LUX,2000,USD,OCC,DB,_T,6,1309.547
LUX,2000,USD,OCC,DBH,BR,6,7.864
LUX,2000,USD,OCC,DBH,PF,6,181.654
LUX,2000,USD,OCC,DBH,_T,6,181.654
LUX,2000,USD,OCC,DCU,PF,6,445.99
LUX,2000,USD,OCC,DCU,_T,6,445.99
LUX,2000,USD,OCC,_T,BR,6,7.864
LUX,2000,USD,OCC,_T,PF,6,1937.191
LUX,2000,USD,OCC,_T,_T,6,2021.176
LUX,2000,USD,_T,DB,PF,6,1309.547
LUX,2000,USD,_T,DB,_T,6,1309.547
LUX,2000,USD,_T,DBH,BR,6,7.864
LUX,2000,USD,_T,DBH,PF,6,181.654
LUX,2000,USD,_T,DBH,_T,6,181.654
LUX,2000,USD,_T,DCU,PF,6,445.99
LUX,2000,USD,_T,DCU,_T,6,445.99
LUX,2000,USD,_T,_T,PF,6,2021.176
LUX,2000,USD,_T,_T,_T,6,2021.176
LUX,2100,USD,OCC,DB,_T,6,0
LUX,2100,USD,OCC,DBH,_T,6,0
LUX,2100,USD,OCC,DCU,_T,6,0
LUX,2100,USD,OCC,_T,_T,6,0
LUX,2100,USD,_T,DB,_T,6,0
LUX,2100,USD,_T,DBH,_T,6,0
LUX,2100,USD,_T,DCU,_T,6,0
LUX,2100,USD,_T,_T,_T,6,0
LUX,2200,USD,OCC,DB,_T,6,1295.954
LUX,2200,USD,OCC,DBH,_T,6,180.867
LUX,2200,USD,OCC,DCU,_T,6,443.968
LUX,2200,USD,OCC,_T,_T,6,2002.932
LUX,2200,USD,_T,DB,_T,6,1295.954
LUX,2200,USD,_T,DBH,_T,6,180.867
LUX,2200,USD,_T,DCU,_T,6,443.968
LUX,2200,USD,_T,_T,_T,6,2002.932
LUX,2300,USD,OCC,DB,_T,6,13.593
LUX,2300,USD,OCC,DBH,_T,6,0.786
LUX,2300,USD,OCC,DCU,_T,6,2.022
LUX,2300,USD,OCC,_T,_T,6,18.244
LUX,2300,USD,_T,DB,_T,6,13.593
LUX,2300,USD,_T,DBH,_T,6,0.786
LUX,2300,USD,_T,DCU,_T,6,2.022
LUX,2300,USD,_T,_T,_T,6,18.244
LUX,3000,USD,OCC,DB,_T,6,89.782
LUX,3000,USD,OCC,DBH,_T,6,13.658
LUX,3000,USD,OCC,DCU,_T,6,36.383
LUX,3000,USD,OCC,_T,_T,6,148.107
LUX,3000,USD,_T,DB,_T,6,89.782
LUX,3000,USD,_T,DBH,_T,6,13.658
LUX,3000,USD,_T,DCU,_T,6,36.383
LUX,3000,USD,_T,_T,_T,6,148.107
LUX,3010,USD,OCC,_T,_T,6,150.961
LUX,3010,USD,_T,_T,_T,6,150.961
LUX,3100,PT_B1GQ,OCC,DB,_T,0,0.053
LUX,3100,PT_B1GQ,OCC,DBH,_T,0,0.01
LUX,3100,PT_B1GQ,OCC,DCU,_T,0,0.123
LUX,3100,PT_B1GQ,OCC,_T,_T,0,0.316
LUX,3100,PT_B1GQ,_T,DB,_T,0,0.053
LUX,3100,PT_B1GQ,_T,DBH,_T,0,0.01
LUX,3100,PT_B1GQ,_T,DCU,_T,0,0.123
LUX,3100,PT_B1GQ,_T,_T,_T,0,0.316
LUX,3100,USD,OCC,DB,_T,6,36.719
LUX,3100,USD,OCC,DBH,_T,6,6.717
LUX,3100,USD,OCC,DCU,_T,6,86.088
LUX,3100,USD,OCC,_T,_T,6,221.085
LUX,3100,USD,_T,DB,_T,6,36.719
LUX,3100,USD,_T,DBH,_T,6,6.717
LUX,3100,USD,_T,DCU,_T,6,86.088
LUX,3100,USD,_T,_T,_T,6,221.085
LUX,3400,USD,OCC,DB,_T,6,0.224
LUX,3400,USD,OCC,DBH,_T,6,0.112
LUX,3400,USD,OCC,DCU,_T,6,0.448
LUX,3400,USD,OCC,_T,_T,6,0.873
LUX,3400,USD,_T,DB,_T,6,0.224
LUX,3400,USD,_T,DBH,_T,6,0.112
LUX,3400,USD,_T,DCU,_T,6,0.448
LUX,3400,USD,_T,_T,_T,6,0.873
LUX,4000,PT_B1GQ,OCC,DB,_T,0,0.066
LUX,4000,PT_B1GQ,OCC,DBH,_T,0,0.015
LUX,4000,PT_B1GQ,OCC,DCU,_T,0,0.03
LUX,4000,PT_B1GQ,OCC,_T,_T,0,0.182
LUX,4000,PT_B1GQ,_T,DB,_T,0,0.066
LUX,4000,PT_B1GQ,_T,DBH,_T,0,0.015
LUX,4000,PT_B1GQ,_T,DCU,_T,0,0.03
LUX,4000,PT_B1GQ,_T,_T,_T,0,0.182
LUX,4000,USD,OCC,DB,_T,6,46.346
LUX,4000,USD,OCC,DBH,_T,6,10.747
LUX,4000,USD,OCC,DCU,_T,6,21.27
LUX,4000,USD,OCC,_T,_T,6,127.396
LUX,4000,USD,_T,DB,_T,6,46.346
LUX,4000,USD,_T,DBH,_T,6,10.747
LUX,4000,USD,_T,DCU,_T,6,21.27
LUX,4000,USD,_T,_T,_T,6,127.396
LUX,4300,USD,OCC,DB,_T,6,0
LUX,4300,USD,OCC,DBH,_T,6,1.119
LUX,4300,USD,OCC,DCU,_T,6,0
LUX,4300,USD,OCC,_T,_T,6,1.119
LUX,4300,USD,_T,DB,_T,6,0
LUX,4300,USD,_T,DBH,_T,6,1.119
LUX,4300,USD,_T,DCU,_T,6,0
LUX,4300,USD,_T,_T,_T,6,1.119
LUX,4410,USD,OCC,DB,_T,6,1.903
LUX,4410,USD,OCC,DBH,_T,6,0.672
LUX,4410,USD,OCC,DCU,_T,6,0.112
LUX,4410,USD,OCC,_T,_T,6,2.855
LUX,4410,USD,_T,DB,_T,6,1.903
LUX,4410,USD,_T,DBH,_T,6,0.672
LUX,4410,USD,_T,DCU,_T,6,0.112
LUX,4410,USD,_T,_T,_T,6,2.855
LUX,4420,USD,OCC,DB,_T,6,1.008
LUX,4420,USD,OCC,DBH,_T,6,0
LUX,4420,USD,OCC,DCU,_T,6,0.448
LUX,4420,USD,OCC,_T,_T,6,1.623
LUX,4420,USD,_T,DB,_T,6,1.008
LUX,4420,USD,_T,DBH,_T,6,0
LUX,4420,USD,_T,DCU,_T,6,0.448
LUX,4420,USD,_T,_T,_T,6,1.623
LUX,4500,USD,OCC,DB,_T,6,1.008
LUX,4500,USD,OCC,DBH,_T,6,0.224
LUX,4500,USD,OCC,DCU,_T,6,0.672
LUX,4500,USD,OCC,_T,_T,6,1.903
LUX,4500,USD,_T,DB,_T,6,1.008
LUX,4500,USD,_T,DBH,_T,6,0.224
LUX,4500,USD,_T,DCU,_T,6,0.672
LUX,4500,USD,_T,_T,_T,6,1.903
LUX,5000,PS,OCC,DB,PF,3,9.031
LUX,5000,PS,OCC,DB,_T,3,9.031
LUX,5000,PS,OCC,DBH,PF,3,1.777
LUX,5000,PS,OCC,DBH,_T,3,1.777
LUX,5000,PS,OCC,DCU,PF,3,7.632
LUX,5000,PS,OCC,DCU,_T,3,7.632
LUX,5000,PS,OCC,_T,PF,3,18.44
LUX,5000,PS,OCC,_T,_T,3,27.142
LUX,5000,PS,_T,DB,PF,3,9.031
LUX,5000,PS,_T,DB,_T,3,9.031
LUX,5000,PS,_T,DBH,PF,3,1.777
LUX,5000,PS,_T,DBH,_T,3,1.777
LUX,5000,PS,_T,DCU,PF,3,7.632
LUX,5000,PS,_T,DCU,_T,3,7.632
LUX,5000,PS,_T,_T,PF,3,27.142
LUX,5000,PS,_T,_T,_T,3,27.142
LUX,5100,PS,OCC,DB,PF,3,6.263
LUX,5100,PS,OCC,DB,_T,3,6.263
LUX,5100,PS,OCC,DBH,PF,3,1.597
LUX,5100,PS,OCC,DBH,_T,3,1.597
LUX,5100,PS,OCC,DCU,PF,3,6.166
LUX,5100,PS,OCC,DCU,_T,3,6.166
LUX,5100,PS,OCC,_T,PF,3,14.026
LUX,5100,PS,OCC,_T,_T,3,21.951
LUX,5100,PS,_T,DB,PF,3,6.263
LUX,5100,PS,_T,DB,_T,3,6.263
LUX,5100,PS,_T,DBH,PF,3,1.597
LUX,5100,PS,_T,DBH,_T,3,1.597
LUX,5100,PS,_T,DCU,PF,3,6.166
LUX,5100,PS,_T,DCU,_T,3,6.166
LUX,5100,PS,_T,_T,PF,3,21.951
LUX,5100,PS,_T,_T,_T,3,21.951
LUX,5300,PS,OCC,DB,PF,3,1.794
LUX,5300,PS,OCC,DB,_T,3,1.794
LUX,5300,PS,OCC,DBH,PF,3,0.078
LUX,5300,PS,OCC,DBH,_T,3,0.078
LUX,5300,PS,OCC,DCU,PF,3,0
LUX,5300,PS,OCC,DCU,_T,3,0
LUX,5300,PS,OCC,_T,PF,3,1.872
LUX,5300,PS,OCC,_T,_T,3,2.649
LUX,5300,PS,_T,DB,PF,3,1.794
LUX,5300,PS,_T,DB,_T,3,1.794
LUX,5300,PS,_T,DBH,PF,3,0.078
LUX,5300,PS,_T,DBH,_T,3,0.078
LUX,5300,PS,_T,DCU,PF,3,0
LUX,5300,PS,_T,DCU,_T,3,0
LUX,5300,PS,_T,_T,PF,3,2.649
LUX,5300,PS,_T,_T,_T,3,2.649
LUX,5400,PS,OCC,DB,_T,3,0.974
LUX,5400,PS,OCC,DBH,_T,3,0.102
LUX,5400,PS,OCC,DCU,_T,3,1.466
LUX,5400,PS,OCC,_T,_T,3,2.542
LUX,5400,PS,_T,DB,_T,3,0.974
LUX,5400,PS,_T,DBH,_T,3,0.102
LUX,5400,PS,_T,DCU,_T,3,1.466
LUX,5400,PS,_T,_T,_T,3,2.542
LUX,OA,PT_B1GQ,OCC,_T,_T,0,2.881
LVA,1000,PT_B1GQ,OCC,DCU,PF,0,0.236
LVA,1000,PT_B1GQ,OCC,DCU,_T,0,0.236
LVA,1000,PT_B1GQ,OCC,_T,PF,0,0.236
LVA,1000,PT_B1GQ,OCC,_T,_T,0,0.236
LVA,1000,PT_B1GQ,PER,DCU,INV,0,15.27
LVA,1000,PT_B1GQ,PER,DCU,PF,0,1.657
LVA,1000,PT_B1GQ,PER,DCU,_T,0,16.928
LVA,1000,PT_B1GQ,PER,_T,INV,0,15.27
LVA,1000,PT_B1GQ,PER,_T,PF,0,1.657
LVA,1000,PT_B1GQ,PER,_T,_T,0,16.928
LVA,1000,PT_B1GQ,_T,DCU,INV,0,15.27
LVA,1000,PT_B1GQ,_T,DCU,PF,0,1.893
LVA,1000,PT_B1GQ,_T,DCU,_T,0,17.164
LVA,1000,PT_B1GQ,_T,_T,INV,0,15.27
LVA,1000,PT_B1GQ,_T,_T,OTH,0,15.27
LVA,1000,PT_B1GQ,_T,_T,PF,0,1.893
LVA,1000,PT_B1GQ,_T,_T,_T,0,17.164
LVA,1000,USD,OCC,DCU,PF,6,78.302
LVA,1000,USD,OCC,DCU,_T,6,78.302
LVA,1000,USD,OCC,_T,PF,6,78.302
LVA,1000,USD,OCC,_T,_T,6,78.302
LVA,1000,USD,PER,DCU,INV,6,5072.183
LVA,1000,USD,PER,DCU,PF,6,550.489
LVA,1000,USD,PER,DCU,_T,6,5622.671
LVA,1000,USD,PER,_T,INV,6,5072.183
LVA,1000,USD,PER,_T,PF,6,550.489
LVA,1000,USD,PER,_T,_T,6,5622.671
LVA,1000,USD,_T,DCU,INV,6,5072.183
LVA,1000,USD,_T,DCU,PF,6,628.79
LVA,1000,USD,_T,DCU,_T,6,5700.973
LVA,1000,USD,_T,_T,INV,6,5072.183
LVA,1000,USD,_T,_T,OTH,6,5072.183
LVA,1000,USD,_T,_T,PF,6,628.79
LVA,1000,USD,_T,_T,_T,6,5700.973
LVA,1110,USD,OCC,DCU,_T,6,0
LVA,1110,USD,OCC,_T,_T,6,0
LVA,1110,USD,PER,DCU,_T,6,0
LVA,1110,USD,PER,_T,_T,6,0
LVA,1110,USD,_T,DCU,_T,6,0
LVA,1110,USD,_T,_T,_T,6,0
LVA,1121,USD,OCC,DCU,_T,6,65.83
LVA,1121,USD,OCC,_T,_T,6,65.83
LVA,1121,USD,PER,DCU,_T,6,4706.611
LVA,1121,USD,PER,_T,_T,6,4706.611
LVA,1121,USD,_T,DCU,_T,6,4772.441
LVA,1121,USD,_T,_T,_T,6,4772.441
LVA,1131,USD,OCC,DCU,_T,6,0
LVA,1131,USD,OCC,_T,_T,6,0
LVA,1131,USD,PER,DCU,_T,6,10.869
LVA,1131,USD,PER,_T,_T,6,10.869
LVA,1131,USD,_T,DCU,_T,6,10.869
LVA,1131,USD,_T,_T,_T,6,10.869
LVA,1141,USD,OCC,DCU,_T,6,34.472
LVA,1141,USD,OCC,_T,_T,6,34.472
LVA,1141,USD,PER,DCU,_T,6,1567.897
LVA,1141,USD,PER,_T,_T,6,1567.897
LVA,1141,USD,_T,DCU,_T,6,1602.369
LVA,1141,USD,_T,_T,_T,6,1602.369
LVA,1151,USD,OCC,DCU,_T,6,0.968
LVA,1151,USD,OCC,_T,_T,6,0.968
LVA,1151,USD,PER,DCU,_T,6,100.605
LVA,1151,USD,PER,_T,_T,6,100.605
LVA,1151,USD,_T,DCU,_T,6,101.574
LVA,1151,USD,_T,_T,_T,6,101.574
LVA,1161,USD,OCC,DCU,_T,6,0
LVA,1161,USD,OCC,_T,_T,6,0
LVA,1161,USD,PER,DCU,_T,6,0
LVA,1161,USD,PER,_T,_T,6,0
LVA,1161,USD,_T,DCU,_T,6,0
LVA,1161,USD,_T,_T,_T,6,0
LVA,1172,USD,OCC,DCU,_T,6,0
LVA,1172,USD,OCC,_T,_T,6,0
LVA,1172,USD,PER,DCU,_T,6,2.057
LVA,1172,USD,PER,_T,_T,6,2.057
LVA,1172,USD,_T,DCU,_T,6,2.057
LVA,1172,USD,_T,_T,_T,6,2.057
LVA,1210,USD,OCC,DCU,_T,6,5.633
LVA,1210,USD,OCC,_T,_T,6,5.633
LVA,1210,USD,PER,DCU,_T,6,379.721
LVA,1210,USD,PER,_T,_T,6,379.721
LVA,1210,USD,_T,DCU,_T,6,385.354
LVA,1210,USD,_T,_T,_T,6,385.354
LVA,1215,USD,OCC,DCU,_T,6,41.139
LVA,1215,USD,OCC,_T,_T,6,41.139
LVA,1215,USD,PER,DCU,_T,6,2026.638
LVA,1215,USD,PER,_T,_T,6,2026.638
LVA,1215,USD,_T,DCU,_T,6,2067.777
LVA,1215,USD,_T,_T,_T,6,2067.777
LVA,1220,USD,OCC,DCU,_T,6,14.875
LVA,1220,USD,OCC,_T,_T,6,14.875
LVA,1220,USD,PER,DCU,_T,6,1291.799
LVA,1220,USD,PER,_T,_T,6,1291.799
LVA,1220,USD,_T,DCU,_T,6,1306.674
LVA,1220,USD,_T,_T,_T,6,1306.674
LVA,1230,USD,OCC,DCU,_T,6,26.264
LVA,1230,USD,OCC,_T,_T,6,26.264
LVA,1230,USD,PER,DCU,_T,6,734.839
LVA,1230,USD,PER,_T,_T,6,734.839
LVA,1230,USD,_T,DCU,_T,6,761.103
LVA,1230,USD,_T,_T,_T,6,761.103
LVA,1240,USD,OCC,DCU,_T,6,0
LVA,1240,USD,OCC,_T,_T,6,0
LVA,1240,USD,PER,DCU,_T,6,0
LVA,1240,USD,PER,_T,_T,6,0
LVA,1240,USD,_T,DCU,_T,6,0
LVA,1240,USD,_T,_T,_T,6,0
LVA,1245,USD,OCC,DCU,_T,6,0.968
LVA,1245,USD,OCC,_T,_T,6,0.968
LVA,1245,USD,PER,DCU,_T,6,105.498
LVA,1245,USD,PER,_T,_T,6,105.498
LVA,1245,USD,_T,DCU,_T,6,106.466
LVA,1245,USD,_T,_T,_T,6,106.466
LVA,1250,USD,OCC,DCU,_T,6,0.968
LVA,1250,USD,OCC,_T,_T,6,0.968
LVA,1250,USD,PER,DCU,_T,6,105.498
LVA,1250,USD,PER,_T,_T,6,105.498
LVA,1250,USD,_T,DCU,_T,6,106.466
LVA,1250,USD,_T,_T,_T,6,106.466
LVA,1255,USD,OCC,DCU,_T,6,0
LVA,1255,USD,OCC,_T,_T,6,0
LVA,1255,USD,PER,DCU,_T,6,0
LVA,1255,USD,PER,_T,_T,6,0
LVA,1255,USD,_T,DCU,_T,6,0
LVA,1255,USD,_T,_T,_T,6,0
LVA,1260,USD,OCC,DCU,_T,6,0.058
LVA,1260,USD,OCC,_T,_T,6,0.058
LVA,1260,USD,PER,DCU,_T,6,9.238
LVA,1260,USD,PER,_T,_T,6,9.238
LVA,1260,USD,_T,DCU,_T,6,9.296
LVA,1260,USD,_T,_T,_T,6,9.296
LVA,1270,USD,OCC,DCU,_T,6,30.389
LVA,1270,USD,OCC,_T,_T,6,30.389
LVA,1270,USD,PER,DCU,_T,6,3045.438
LVA,1270,USD,PER,_T,_T,6,3045.438
LVA,1270,USD,_T,DCU,_T,6,3075.827
LVA,1270,USD,_T,_T,_T,6,3075.827
LVA,1274,USD,OCC,DCU,_T,6,16.238
LVA,1274,USD,OCC,_T,_T,6,16.238
LVA,1274,USD,PER,DCU,_T,6,1279.546
LVA,1274,USD,PER,_T,_T,6,1279.546
LVA,1274,USD,_T,DCU,_T,6,1295.784
LVA,1274,USD,_T,_T,_T,6,1295.784
LVA,1276,USD,OCC,DCU,_T,6,9.837
LVA,1276,USD,OCC,_T,_T,6,9.837
LVA,1276,USD,PER,DCU,_T,6,1588.216
LVA,1276,USD,PER,_T,_T,6,1588.216
LVA,1276,USD,_T,DCU,_T,6,1598.053
LVA,1276,USD,_T,_T,_T,6,1598.053
LVA,1278,USD,OCC,DCU,_T,6,4.314
LVA,1278,USD,OCC,_T,_T,6,4.314
LVA,1278,USD,PER,DCU,_T,6,177.677
LVA,1278,USD,PER,_T,_T,6,177.677
LVA,1278,USD,_T,DCU,_T,6,181.99
LVA,1278,USD,_T,_T,_T,6,181.99
LVA,1290,USD,OCC,DCU,_T,6,0.115
LVA,1290,USD,OCC,_T,_T,6,0.115
LVA,1290,USD,PER,DCU,_T,6,56.138
LVA,1290,USD,PER,_T,_T,6,56.138
LVA,1290,USD,_T,DCU,_T,6,56.253
LVA,1290,USD,_T,_T,_T,6,56.253
LVA,2000,USD,OCC,DCU,PF,6,0.024
LVA,2000,USD,OCC,DCU,_T,6,0.024
LVA,2000,USD,OCC,_T,PF,6,0.024
LVA,2000,USD,OCC,_T,_T,6,0.024
LVA,2000,USD,PER,DCU,INV,6,4.183
LVA,2000,USD,PER,DCU,PF,6,1.061
LVA,2000,USD,PER,DCU,_T,6,5.244
LVA,2000,USD,PER,_T,INV,6,4.183
LVA,2000,USD,PER,_T,PF,6,1.061
LVA,2000,USD,PER,_T,_T,6,5.244
LVA,2000,USD,_T,DCU,INV,6,4.183
LVA,2000,USD,_T,DCU,PF,6,1.085
LVA,2000,USD,_T,DCU,_T,6,5.268
LVA,2000,USD,_T,_T,INV,6,4.183
LVA,2000,USD,_T,_T,OTH,6,4.183
LVA,2000,USD,_T,_T,PF,6,1.085
LVA,2000,USD,_T,_T,_T,6,5.268
LVA,2100,USD,OCC,DCU,_T,6,0
LVA,2100,USD,OCC,_T,_T,6,0
LVA,2100,USD,PER,DCU,_T,6,0
LVA,2100,USD,PER,_T,_T,6,0
LVA,2100,USD,_T,DCU,_T,6,0
LVA,2100,USD,_T,_T,_T,6,0
LVA,2200,USD,OCC,DCU,_T,6,0
LVA,2200,USD,OCC,_T,_T,6,0
LVA,2200,USD,PER,DCU,_T,6,0
LVA,2200,USD,PER,_T,_T,6,0
LVA,2200,USD,_T,DCU,_T,6,0
LVA,2200,USD,_T,_T,_T,6,0
LVA,2300,USD,OCC,DCU,_T,6,0.024
LVA,2300,USD,OCC,_T,_T,6,0.024
LVA,2300,USD,PER,DCU,_T,6,5.244
LVA,2300,USD,PER,_T,_T,6,5.244
LVA,2300,USD,_T,DCU,_T,6,5.268
LVA,2300,USD,_T,_T,_T,6,5.268
LVA,3000,USD,OCC,DCU,_T,6,5.457
LVA,3000,USD,OCC,_T,_T,6,5.457
LVA,3000,USD,PER,DCU,_T,6,498.558
LVA,3000,USD,PER,_T,_T,6,498.558
LVA,3000,USD,_T,DCU,_T,6,504.015
LVA,3000,USD,_T,_T,_T,6,504.015
LVA,3010,USD,OCC,DCU,_T,6,5.705
LVA,3010,USD,OCC,_T,_T,6,5.705
LVA,3010,USD,PER,DCU,_T,6,524.145
LVA,3010,USD,PER,_T,_T,6,524.145
LVA,3010,USD,_T,DCU,_T,6,529.85
LVA,3010,USD,_T,_T,_T,6,529.85
LVA,3100,PT_B1GQ,OCC,DCU,_T,0,0.011
LVA,3100,PT_B1GQ,OCC,_T,_T,0,0.011
LVA,3100,PT_B1GQ,PER,DCU,_T,0,3.556
LVA,3100,PT_B1GQ,PER,_T,_T,0,3.556
LVA,3100,PT_B1GQ,_T,DCU,_T,0,3.567
LVA,3100,PT_B1GQ,_T,_T,_T,0,3.567
LVA,3100,USD,OCC,DCU,_T,6,3.581
LVA,3100,USD,OCC,_T,_T,6,3.581
LVA,3100,USD,PER,DCU,_T,6,1177.102
LVA,3100,USD,PER,_T,_T,6,1177.102
LVA,3100,USD,_T,DCU,_T,6,1180.682
LVA,3100,USD,_T,_T,_T,6,1180.682
LVA,3200,USD,OCC,DCU,_T,6,3.099
LVA,3200,USD,OCC,_T,_T,6,3.099
LVA,3200,USD,PER,DCU,_T,6,10.082
LVA,3200,USD,PER,_T,_T,6,10.082
LVA,3200,USD,_T,DCU,_T,6,13.18
LVA,3200,USD,_T,_T,_T,6,13.18
LVA,3300,USD,OCC,DCU,_T,6,0.482
LVA,3300,USD,OCC,_T,_T,6,0.482
LVA,3300,USD,PER,DCU,_T,6,1167.02
LVA,3300,USD,PER,_T,_T,6,1167.02
LVA,3300,USD,_T,DCU,_T,6,1167.502
LVA,3300,USD,_T,_T,_T,6,1167.502
LVA,3400,USD,OCC,DCU,_T,6,0.092
LVA,3400,USD,OCC,_T,_T,6,0.092
LVA,3400,USD,PER,DCU,_T,6,7.12
LVA,3400,USD,PER,_T,_T,6,7.12
LVA,3400,USD,_T,DCU,_T,6,7.212
LVA,3400,USD,_T,_T,_T,6,7.212
LVA,4000,PT_B1GQ,OCC,DCU,_T,0,0.009
LVA,4000,PT_B1GQ,OCC,_T,_T,0,0.009
LVA,4000,PT_B1GQ,PER,DCU,_T,0,1.657
LVA,4000,PT_B1GQ,PER,_T,_T,0,1.657
LVA,4000,PT_B1GQ,_T,DCU,_T,0,1.666
LVA,4000,PT_B1GQ,_T,_T,_T,0,1.666
LVA,4000,USD,OCC,DCU,_T,6,2.987
LVA,4000,USD,OCC,_T,_T,6,2.987
LVA,4000,USD,PER,DCU,_T,6,548.587
LVA,4000,USD,PER,_T,_T,6,548.587
LVA,4000,USD,_T,DCU,_T,6,551.574
LVA,4000,USD,_T,_T,_T,6,551.574
LVA,4100,USD,OCC,DCU,_T,6,2.648
LVA,4100,USD,OCC,_T,_T,6,2.648
LVA,4100,USD,PER,DCU,_T,6,17.65
LVA,4100,USD,PER,_T,_T,6,17.65
LVA,4100,USD,_T,DCU,_T,6,20.297
LVA,4100,USD,_T,_T,_T,6,20.297
LVA,4200,USD,OCC,DCU,_T,6,0.34
LVA,4200,USD,OCC,_T,_T,6,0.34
LVA,4200,USD,PER,DCU,_T,6,530.937
LVA,4200,USD,PER,_T,_T,6,530.937
LVA,4200,USD,_T,DCU,_T,6,531.276
LVA,4200,USD,_T,_T,_T,6,531.276
LVA,4300,USD,OCC,DCU,_T,6,0
LVA,4300,USD,OCC,_T,_T,6,0
LVA,4300,USD,PER,DCU,_T,6,0
LVA,4300,USD,PER,_T,_T,6,0
LVA,4300,USD,_T,DCU,_T,6,0
LVA,4300,USD,_T,_T,_T,6,0
LVA,4410,USD,OCC,DCU,_T,6,0.248
LVA,4410,USD,OCC,_T,_T,6,0.248
LVA,4410,USD,PER,DCU,_T,6,25.629
LVA,4410,USD,PER,_T,_T,6,25.629
LVA,4410,USD,_T,DCU,_T,6,25.877
LVA,4410,USD,_T,_T,_T,6,25.877
LVA,4420,USD,OCC,DCU,_T,6,0.329
LVA,4420,USD,OCC,_T,_T,6,0.329
LVA,4420,USD,PER,DCU,_T,6,3.574
LVA,4420,USD,PER,_T,_T,6,3.574
LVA,4420,USD,_T,DCU,_T,6,3.903
LVA,4420,USD,_T,_T,_T,6,3.903
LVA,4500,USD,PER,DCU,_T,6,0.134
LVA,4500,USD,PER,_T,_T,6,0.134
LVA,4500,USD,_T,DCU,_T,6,0.134
LVA,4500,USD,_T,_T,_T,6,0.134
LVA,5000,PS,OCC,DCU,PF,3,12.954
LVA,5000,PS,OCC,DCU,_T,3,12.954
LVA,5000,PS,OCC,_T,PF,3,12.954
LVA,5000,PS,OCC,_T,_T,3,12.954
LVA,5000,PS,PER,DCU,INV,3,1300.135
LVA,5000,PS,PER,DCU,PF,3,311.875
LVA,5000,PS,PER,DCU,_T,3,1612.01
LVA,5000,PS,PER,_T,INV,3,1300.135
LVA,5000,PS,PER,_T,PF,3,311.875
LVA,5000,PS,PER,_T,_T,3,1612.01
LVA,5000,PS,_T,DCU,INV,3,1300.135
LVA,5000,PS,_T,DCU,PF,3,324.829
LVA,5000,PS,_T,DCU,_T,3,1624.964
LVA,5000,PS,_T,_T,INV,3,1300.135
LVA,5000,PS,_T,_T,OTH,3,1300.135
LVA,5000,PS,_T,_T,PF,3,324.829
LVA,5000,PS,_T,_T,_T,3,1624.964
LVA,5010,PS,OCC,DCU,_T,3,8.222
LVA,5010,PS,OCC,_T,_T,3,8.222
LVA,5010,PS,PER,DCU,_T,3,783.804
LVA,5010,PS,PER,_T,_T,3,783.804
LVA,5010,PS,_T,DCU,_T,3,792.026
LVA,5010,PS,_T,_T,_T,3,792.026
LVA,5020,PS,OCC,DCU,_T,3,4.732
LVA,5020,PS,OCC,_T,_T,3,4.732
LVA,5020,PS,PER,DCU,_T,3,828.206
LVA,5020,PS,PER,_T,_T,3,828.206
LVA,5020,PS,_T,DCU,_T,3,832.938
LVA,5020,PS,_T,_T,_T,3,832.938
LVA,5100,PS,OCC,DCU,PF,3,12.494
LVA,5100,PS,OCC,DCU,_T,3,12.494
LVA,5100,PS,OCC,_T,PF,3,12.494
LVA,5100,PS,OCC,_T,_T,3,12.494
LVA,5100,PS,PER,DCU,INV,3,1300.135
LVA,5100,PS,PER,DCU,PF,3,253.047
LVA,5100,PS,PER,DCU,_T,3,1553.182
LVA,5100,PS,PER,_T,INV,3,1300.135
LVA,5100,PS,PER,_T,PF,3,253.047
LVA,5100,PS,PER,_T,_T,3,1553.182
LVA,5100,PS,_T,DCU,INV,3,1300.135
LVA,5100,PS,_T,DCU,PF,3,265.541
LVA,5100,PS,_T,DCU,_T,3,1565.676
LVA,5100,PS,_T,_T,INV,3,1300.135
LVA,5100,PS,_T,_T,OTH,3,1300.135
LVA,5100,PS,_T,_T,PF,3,265.541
LVA,5100,PS,_T,_T,_T,3,1565.676
LVA,5200,PS,OCC,DCU,PF,3,8.985
LVA,5200,PS,OCC,DCU,_T,3,8.985
LVA,5200,PS,OCC,_T,PF,3,8.985
LVA,5200,PS,OCC,_T,_T,3,8.985
LVA,5200,PS,PER,DCU,PF,3,106.126
LVA,5200,PS,PER,DCU,_T,3,106.126
LVA,5200,PS,PER,_T,PF,3,106.126
LVA,5200,PS,PER,_T,_T,3,106.126
LVA,5200,PS,_T,DCU,PF,3,115.111
LVA,5200,PS,_T,DCU,_T,3,115.111
LVA,5200,PS,_T,_T,PF,3,115.111
LVA,5200,PS,_T,_T,_T,3,115.111
LVA,5300,PS,OCC,DCU,PF,3,0.46
LVA,5300,PS,OCC,DCU,_T,3,0.46
LVA,5300,PS,OCC,_T,PF,3,0.46
LVA,5300,PS,OCC,_T,_T,3,0.46
LVA,5300,PS,PER,DCU,PF,3,58.828
LVA,5300,PS,PER,DCU,_T,3,58.828
LVA,5300,PS,PER,_T,PF,3,58.828
LVA,5300,PS,PER,_T,_T,3,58.828
LVA,5300,PS,_T,DCU,PF,3,59.288
LVA,5300,PS,_T,DCU,_T,3,59.288
LVA,5300,PS,_T,_T,PF,3,59.288
LVA,5300,PS,_T,_T,_T,3,59.288
LVA,5400,PS,OCC,DCU,_T,3,0
LVA,5400,PS,OCC,_T,_T,3,0
LVA,5400,PS,PER,DCU,_T,3,0
LVA,5400,PS,PER,_T,_T,3,0
LVA,5400,PS,_T,DCU,_T,3,0
LVA,5400,PS,_T,_T,_T,3,0
LVA,OA,PT_B1GQ,OCC,_T,_T,0,0.236
LVA,PA,PT_B1GQ,PER,_T,_T,0,16.928
MAC,1000,PT_B1GQ,_T,_T,PF,0,6.83
MAC,1000,PT_B1GQ,_T,_T,_T,0,6.83
MAC,1000,USD,_T,_T,PF,6,3784.872
MAC,1000,USD,_T,_T,_T,6,3784.872
MAC,1210,USD,_T,_T,_T,6,140.983
MAC,1215,USD,_T,_T,_T,6,1061.649
MAC,1220,USD,_T,_T,_T,6,102.943
MAC,1230,USD,_T,_T,_T,6,958.706
MAC,1245,USD,_T,_T,_T,6,157.902
MAC,1250,USD,_T,_T,_T,6,143.782
MAC,1255,USD,_T,_T,_T,6,14.12
MAC,1260,USD,_T,_T,_T,6,0
MAC,1270,USD,_T,_T,_T,6,2396.489
MAC,1272,USD,_T,_T,_T,6,277.282
MAC,1274,USD,_T,_T,_T,6,1298.79
MAC,1276,USD,_T,_T,_T,6,784.487
MAC,1277,USD,_T,_T,_T,6,13.569
MAC,1278,USD,_T,_T,_T,6,22.361
MAC,1280,USD,_T,_T,_T,6,12.55
MAC,1290,USD,_T,_T,_T,6,15.299
MAC,2000,USD,_T,_T,PF,6,3784.872
MAC,2000,USD,_T,_T,_T,6,3784.872
MAC,2100,USD,_T,_T,_T,6,3767.571
MAC,2300,USD,_T,_T,_T,6,17.3
MAC,3000,USD,_T,_T,_T,6,224.29
MAC,3010,USD,_T,_T,_T,6,225.01
MAC,3100,PT_B1GQ,_T,_T,_T,0,1.029
MAC,3100,USD,_T,_T,_T,6,566.71
MAC,3200,USD,_T,_T,_T,6,336.173
MAC,3300,USD,_T,_T,_T,6,230.537
MAC,3400,USD,_T,_T,_T,6,5.41
MAC,4000,PT_B1GQ,_T,_T,_T,0,0.298
MAC,4000,USD,_T,_T,_T,6,164.223
MAC,4100,USD,_T,_T,_T,6,152.808
MAC,4200,USD,_T,_T,_T,6,11.416
MAC,4410,USD,_T,_T,_T,6,25.55
MAC,4500,USD,_T,_T,_T,6,0.022
MAC,5000,PS,OCC,_T,_T,3,173.978
MAC,5000,PS,PER,DCU,PF,3,54.444
MAC,5000,PS,PER,DCU,_T,3,54.444
MAC,5000,PS,PER,_T,PF,3,54.444
MAC,5000,PS,PER,_T,_T,3,54.444
MAC,5000,PS,_T,DCU,PF,3,54.444
MAC,5000,PS,_T,DCU,_T,3,54.444
MAC,5000,PS,_T,_T,PF,3,228.434
MAC,5000,PS,_T,_T,_T,3,228.434
MAC,5010,PS,OCC,_T,_T,3,80.358
MAC,5010,PS,PER,DCU,_T,3,23.32
MAC,5010,PS,PER,_T,_T,3,23.32
MAC,5010,PS,_T,DCU,_T,3,23.32
MAC,5010,PS,_T,_T,_T,3,103.678
MAC,5020,PS,OCC,_T,_T,3,93.632
MAC,5020,PS,PER,DCU,_T,3,31.124
MAC,5020,PS,PER,_T,_T,3,31.124
MAC,5020,PS,_T,DCU,_T,3,31.124
MAC,5020,PS,_T,_T,_T,3,124.756
MDV,1000,PT_B1GQ,PER,DCU,PF,0,15.901
MDV,1000,PT_B1GQ,PER,DCU,_T,0,15.901
MDV,1000,PT_B1GQ,PER,_T,PF,0,15.901
MDV,1000,PT_B1GQ,PER,_T,_T,0,15.901
MDV,1000,PT_B1GQ,_T,DCU,PF,0,15.901
MDV,1000,PT_B1GQ,_T,DCU,_T,0,15.901
MDV,1000,PT_B1GQ,_T,_T,PF,0,15.901
MDV,1000,PT_B1GQ,_T,_T,_T,0,15.901
MDV,1000,USD,PER,DCU,PF,6,910.61
MDV,1000,USD,PER,DCU,_T,6,910.61
MDV,1000,USD,PER,_T,PF,6,910.61
MDV,1000,USD,PER,_T,_T,6,910.61
MDV,1000,USD,_T,DCU,PF,6,910.61
MDV,1000,USD,_T,DCU,_T,6,910.61
MDV,1000,USD,_T,_T,PF,6,910.61
MDV,1000,USD,_T,_T,_T,6,910.61
MDV,1210,USD,PER,DCU,_T,6,27.296
MDV,1210,USD,PER,_T,_T,6,27.296
MDV,1210,USD,_T,DCU,_T,6,27.296
MDV,1210,USD,_T,_T,_T,6,27.296
MDV,1215,USD,PER,DCU,_T,6,839.579
MDV,1215,USD,PER,_T,_T,6,839.579
MDV,1215,USD,_T,DCU,_T,6,839.579
MDV,1215,USD,_T,_T,_T,6,839.579
MDV,1220,USD,PER,DCU,_T,6,805.13
MDV,1220,USD,PER,_T,_T,6,805.13
MDV,1220,USD,_T,DCU,_T,6,805.13
MDV,1220,USD,_T,_T,_T,6,805.13
MDV,1230,USD,PER,DCU,_T,6,21.63
MDV,1230,USD,PER,_T,_T,6,21.63
MDV,1230,USD,_T,DCU,_T,6,21.63
MDV,1230,USD,_T,_T,_T,6,21.63
MDV,1245,USD,PER,DCU,_T,6,36.338
MDV,1245,USD,PER,_T,_T,6,36.338
MDV,1245,USD,_T,DCU,_T,6,36.338
MDV,1245,USD,_T,_T,_T,6,36.338
MDV,1250,USD,PER,DCU,_T,6,36.338
MDV,1250,USD,PER,_T,_T,6,36.338
MDV,1250,USD,_T,DCU,_T,6,36.338
MDV,1250,USD,_T,_T,_T,6,36.338
MDV,1290,USD,PER,DCU,_T,6,7.397
MDV,1290,USD,PER,_T,_T,6,7.397
MDV,1290,USD,_T,DCU,_T,6,7.397
MDV,1290,USD,_T,_T,_T,6,7.397
MDV,2000,USD,PER,DCU,PF,6,903.465
MDV,2000,USD,PER,DCU,_T,6,903.465
MDV,2000,USD,PER,_T,PF,6,903.465
MDV,2000,USD,PER,_T,_T,6,903.465
MDV,2000,USD,_T,DCU,PF,6,903.465
MDV,2000,USD,_T,DCU,_T,6,903.465
MDV,2000,USD,_T,_T,PF,6,903.465
MDV,2000,USD,_T,_T,_T,6,903.465
MDV,2100,USD,PER,DCU,_T,6,902.967
MDV,2100,USD,PER,_T,_T,6,902.967
MDV,2100,USD,_T,DCU,_T,6,902.967
MDV,2100,USD,_T,_T,_T,6,902.967
MDV,2300,USD,PER,DCU,_T,6,0.498
MDV,2300,USD,PER,_T,_T,6,0.498
MDV,2300,USD,_T,DCU,_T,6,0.498
MDV,2300,USD,_T,_T,_T,6,0.498
MDV,3000,USD,PER,DCU,_T,6,38.102
MDV,3000,USD,PER,_T,_T,6,38.102
MDV,3000,USD,_T,DCU,_T,6,38.102
MDV,3000,USD,_T,_T,_T,6,38.102
MDV,3010,USD,PER,DCU,_T,6,41.855
MDV,3010,USD,PER,_T,_T,6,41.855
MDV,3010,USD,_T,DCU,_T,6,41.855
MDV,3010,USD,_T,_T,_T,6,41.855
MDV,3100,PT_B1GQ,PER,DCU,_T,0,1.344
MDV,3100,PT_B1GQ,PER,_T,_T,0,1.344
MDV,3100,PT_B1GQ,_T,DCU,_T,0,1.344
MDV,3100,PT_B1GQ,_T,_T,_T,0,1.344
MDV,3100,USD,PER,DCU,_T,6,76.937
MDV,3100,USD,PER,_T,_T,6,76.937
MDV,3100,USD,_T,DCU,_T,6,76.937
MDV,3100,USD,_T,_T,_T,6,76.937
MDV,3200,USD,PER,DCU,_T,6,39.034
MDV,3200,USD,PER,_T,_T,6,39.034
MDV,3200,USD,_T,DCU,_T,6,39.034
MDV,3200,USD,_T,_T,_T,6,39.034
MDV,3300,USD,PER,DCU,_T,6,37.903
MDV,3300,USD,PER,_T,_T,6,37.903
MDV,3300,USD,_T,DCU,_T,6,37.903
MDV,3300,USD,_T,_T,_T,6,37.903
MDV,4000,PT_B1GQ,PER,DCU,_T,0,0.104
MDV,4000,PT_B1GQ,PER,_T,_T,0,0.104
MDV,4000,PT_B1GQ,_T,DCU,_T,0,0.104
MDV,4000,PT_B1GQ,_T,_T,_T,0,0.104
MDV,4000,USD,PER,DCU,_T,6,5.947
MDV,4000,USD,PER,_T,_T,6,5.947
MDV,4000,USD,_T,DCU,_T,6,5.947
MDV,4000,USD,_T,_T,_T,6,5.947
MDV,4100,USD,PER,DCU,_T,6,0
MDV,4100,USD,PER,_T,_T,6,0
MDV,4100,USD,_T,DCU,_T,6,0
MDV,4100,USD,_T,_T,_T,6,0
MDV,4200,USD,PER,DCU,_T,6,5.947
MDV,4200,USD,PER,_T,_T,6,5.947
MDV,4200,USD,_T,DCU,_T,6,5.947
MDV,4200,USD,_T,_T,_T,6,5.947
MDV,4410,USD,PER,DCU,_T,6,3.753
MDV,4410,USD,PER,_T,_T,6,3.753
MDV,4410,USD,_T,DCU,_T,6,3.753
MDV,4410,USD,_T,_T,_T,6,3.753
MDV,4420,USD,PER,DCU,_T,6,0
MDV,4420,USD,PER,_T,_T,6,0
MDV,4420,USD,_T,DCU,_T,6,0
MDV,4420,USD,_T,_T,_T,6,0
MDV,5000,PS,PER,DCU,PF,3,155801
MDV,5000,PS,PER,DCU,_T,3,155801
MDV,5000,PS,PER,_T,PF,3,155801
MDV,5000,PS,PER,_T,_T,3,155801
MDV,5000,PS,_T,DCU,PF,3,155801
MDV,5000,PS,_T,DCU,_T,3,155801
MDV,5000,PS,_T,_T,PF,3,155801
MDV,5000,PS,_T,_T,_T,3,155801
MDV,5010,PS,PER,DCU,_T,3,101.69
MDV,5010,PS,PER,_T,_T,3,101.69
MDV,5010,PS,_T,DCU,_T,3,101.69
MDV,5010,PS,_T,_T,_T,3,101.69
MDV,5020,PS,PER,DCU,_T,3,52.7
MDV,5020,PS,PER,_T,_T,3,52.7
MDV,5020,PS,_T,DCU,_T,3,52.7
MDV,5020,PS,_T,_T,_T,3,52.7
MDV,5100,PS,PER,DCU,PF,3,148.62
MDV,5100,PS,PER,DCU,_T,3,148.62
MDV,5100,PS,PER,_T,PF,3,148.62
MDV,5100,PS,PER,_T,_T,3,148.62
MDV,5100,PS,_T,DCU,PF,3,148.62
MDV,5100,PS,_T,DCU,_T,3,148.62
MDV,5100,PS,_T,_T,PF,3,148.62
MDV,5100,PS,_T,_T,_T,3,148.62
MDV,5300,PS,PER,DCU,PF,3,5.77
MDV,5300,PS,PER,DCU,_T,3,5.77
MDV,5300,PS,PER,_T,PF,3,5.77
MDV,5300,PS,PER,_T,_T,3,5.77
MDV,5300,PS,_T,DCU,PF,3,5.77
MDV,5300,PS,_T,DCU,_T,3,5.77
MDV,5300,PS,_T,_T,PF,3,5.77
MDV,5300,PS,_T,_T,_T,3,5.77
MDV,PA,PT_B1GQ,PER,_T,_T,0,15.901
MEX,1000,PT_B1GQ,OCC,DB,PF,0,1.047
MEX,1000,PT_B1GQ,OCC,DB,PIC,0,0.009
MEX,1000,PT_B1GQ,OCC,DB,_T,0,1.056
MEX,1000,PT_B1GQ,OCC,DBH,BANK,0,0.044
MEX,1000,PT_B1GQ,OCC,DBH,INV,0,0.509
MEX,1000,PT_B1GQ,OCC,DBH,PF,0,0.395
MEX,1000,PT_B1GQ,OCC,DBH,PIC,0,0.034
MEX,1000,PT_B1GQ,OCC,DBH,_T,0,0.981
MEX,1000,PT_B1GQ,OCC,DCP,BANK,0,0.008
MEX,1000,PT_B1GQ,OCC,DCP,INV,0,0.003
MEX,1000,PT_B1GQ,OCC,DCP,PF,0,0.003
MEX,1000,PT_B1GQ,OCC,DCP,PIC,0,0.001
MEX,1000,PT_B1GQ,OCC,DCP,_T,0,0.015
MEX,1000,PT_B1GQ,OCC,DCU,BANK,0,0.032
MEX,1000,PT_B1GQ,OCC,DCU,INV,0,0.038
MEX,1000,PT_B1GQ,OCC,DCU,PF,0,0.091
MEX,1000,PT_B1GQ,OCC,DCU,PIC,0,0.004
MEX,1000,PT_B1GQ,OCC,DCU,_T,0,0.165
MEX,1000,PT_B1GQ,OCC,_T,BANK,0,0.084
MEX,1000,PT_B1GQ,OCC,_T,INV,0,0.55
MEX,1000,PT_B1GQ,OCC,_T,PF,0,1.535
MEX,1000,PT_B1GQ,OCC,_T,PIC,0,0.048
MEX,1000,PT_B1GQ,OCC,_T,_T,0,2.218
MEX,1000,PT_B1GQ,PER,DCU,PF,0,15.869
MEX,1000,PT_B1GQ,PER,DCU,_T,0,15.869
MEX,1000,PT_B1GQ,PER,_T,PF,0,15.869
MEX,1000,PT_B1GQ,PER,_T,_T,0,15.869
MEX,1000,PT_B1GQ,_T,DB,PF,0,1.047
MEX,1000,PT_B1GQ,_T,DB,PIC,0,0.009
MEX,1000,PT_B1GQ,_T,DB,_T,0,1.056
MEX,1000,PT_B1GQ,_T,DBH,BANK,0,0.044
MEX,1000,PT_B1GQ,_T,DBH,INV,0,0.509
MEX,1000,PT_B1GQ,_T,DBH,PF,0,0.395
MEX,1000,PT_B1GQ,_T,DBH,PIC,0,0.034
MEX,1000,PT_B1GQ,_T,DBH,_T,0,0.981
MEX,1000,PT_B1GQ,_T,DCP,BANK,0,0.008
MEX,1000,PT_B1GQ,_T,DCP,INV,0,0.003
MEX,1000,PT_B1GQ,_T,DCP,PF,0,0.003
MEX,1000,PT_B1GQ,_T,DCP,PIC,0,0.001
MEX,1000,PT_B1GQ,_T,DCP,_T,0,0.015
MEX,1000,PT_B1GQ,_T,DCU,BANK,0,0.032
MEX,1000,PT_B1GQ,_T,DCU,INV,0,0.038
MEX,1000,PT_B1GQ,_T,DCU,PF,0,15.959
MEX,1000,PT_B1GQ,_T,DCU,PIC,0,0.004
MEX,1000,PT_B1GQ,_T,DCU,_T,0,16.034
MEX,1000,PT_B1GQ,_T,_T,BANK,0,0.084
MEX,1000,PT_B1GQ,_T,_T,INV,0,0.55
MEX,1000,PT_B1GQ,_T,_T,OTH,0,0.634
MEX,1000,PT_B1GQ,_T,_T,PF,0,17.404
MEX,1000,PT_B1GQ,_T,_T,PIC,0,0.048
MEX,1000,PT_B1GQ,_T,_T,_T,0,18.086
MEX,1000,USD,OCC,DB,PF,6,13959.496
MEX,1000,USD,OCC,DB,PIC,6,123.107
MEX,1000,USD,OCC,DB,_T,6,14082.603
MEX,1000,USD,OCC,DBH,BANK,6,584.051
MEX,1000,USD,OCC,DBH,INV,6,6781.417
MEX,1000,USD,OCC,DBH,PF,6,5261.815
MEX,1000,USD,OCC,DBH,PIC,6,449.721
MEX,1000,USD,OCC,DBH,_T,6,13077.004
MEX,1000,USD,OCC,DCP,BANK,6,105.662
MEX,1000,USD,OCC,DCP,INV,6,45.309
MEX,1000,USD,OCC,DCP,PF,6,37.626
MEX,1000,USD,OCC,DCP,PIC,6,6.959
MEX,1000,USD,OCC,DCP,_T,6,195.556
MEX,1000,USD,OCC,DCU,BANK,6,429.711
MEX,1000,USD,OCC,DCU,INV,6,506.97
MEX,1000,USD,OCC,DCU,PF,6,1210.06
MEX,1000,USD,OCC,DCU,PIC,6,59.291
MEX,1000,USD,OCC,DCU,_T,6,2206.032
MEX,1000,USD,OCC,_T,BANK,6,1119.425
MEX,1000,USD,OCC,_T,INV,6,7333.697
MEX,1000,USD,OCC,_T,PF,6,20468.996
MEX,1000,USD,OCC,_T,PIC,6,639.078
MEX,1000,USD,OCC,_T,_T,6,29561.196
MEX,1000,USD,PER,DCU,PF,6,211538.212
MEX,1000,USD,PER,DCU,_T,6,211538.212
MEX,1000,USD,PER,_T,PF,6,211538.212
MEX,1000,USD,PER,_T,_T,6,211538.212
MEX,1000,USD,_T,DB,PF,6,13959.496
MEX,1000,USD,_T,DB,PIC,6,123.107
MEX,1000,USD,_T,DB,_T,6,14082.603
MEX,1000,USD,_T,DBH,BANK,6,584.051
MEX,1000,USD,_T,DBH,INV,6,6781.417
MEX,1000,USD,_T,DBH,PF,6,5261.815
MEX,1000,USD,_T,DBH,PIC,6,449.721
MEX,1000,USD,_T,DBH,_T,6,13077.004
MEX,1000,USD,_T,DCP,BANK,6,105.662
MEX,1000,USD,_T,DCP,INV,6,45.309
MEX,1000,USD,_T,DCP,PF,6,37.626
MEX,1000,USD,_T,DCP,PIC,6,6.959
MEX,1000,USD,_T,DCP,_T,6,195.556
MEX,1000,USD,_T,DCU,BANK,6,429.711
MEX,1000,USD,_T,DCU,INV,6,506.97
MEX,1000,USD,_T,DCU,PF,6,212748.271
MEX,1000,USD,_T,DCU,PIC,6,59.291
MEX,1000,USD,_T,DCU,_T,6,213744.243
MEX,1000,USD,_T,_T,BANK,6,1119.425
MEX,1000,USD,_T,_T,INV,6,7333.697
MEX,1000,USD,_T,_T,OTH,6,8453.121
MEX,1000,USD,_T,_T,PF,6,232007.208
MEX,1000,USD,_T,_T,PIC,6,639.078
MEX,1000,USD,_T,_T,_T,6,241099.407
MEX,1121,USD,OCC,DB,_T,6,600.666
MEX,1121,USD,OCC,DBH,_T,6,678.469
MEX,1121,USD,OCC,DCU,_T,6,171.155
MEX,1121,USD,OCC,_T,_T,6,1450.29
MEX,1121,USD,PER,DCU,_T,6,24135.274
MEX,1121,USD,PER,_T,_T,6,24135.274
MEX,1121,USD,_T,DB,_T,6,600.666
MEX,1121,USD,_T,DBH,_T,6,678.469
MEX,1121,USD,_T,DCU,_T,6,24306.429
MEX,1121,USD,_T,_T,_T,6,25585.564
MEX,1122,USD,PER,DCU,_T,6,7377.531
MEX,1122,USD,PER,_T,_T,6,7377.531
MEX,1122,USD,_T,DCU,_T,6,7377.531
MEX,1131,USD,PER,DCU,_T,6,0
MEX,1131,USD,PER,_T,_T,6,0
MEX,1131,USD,_T,DCU,_T,6,0
MEX,1131,USD,_T,_T,_T,6,0
MEX,1141,USD,OCC,DB,_T,6,122.741
MEX,1141,USD,OCC,DBH,_T,6,82.479
MEX,1141,USD,OCC,DCU,_T,6,23.131
MEX,1141,USD,OCC,_T,_T,6,228.352
MEX,1141,USD,PER,DCU,_T,6,2940.793
MEX,1141,USD,PER,_T,_T,6,2940.793
MEX,1141,USD,_T,DB,_T,6,122.741
MEX,1141,USD,_T,DBH,_T,6,82.479
MEX,1141,USD,_T,DCU,_T,6,2963.924
MEX,1141,USD,_T,_T,_T,6,3169.144
MEX,1151,USD,OCC,DB,_T,6,477.925
MEX,1151,USD,OCC,DBH,_T,6,595.99
MEX,1151,USD,OCC,DCU,_T,6,148.024
MEX,1151,USD,OCC,_T,_T,6,1221.939
MEX,1151,USD,PER,DCU,_T,6,21194.481
MEX,1151,USD,PER,_T,_T,6,21194.481
MEX,1151,USD,_T,DB,_T,6,477.925
MEX,1151,USD,_T,DBH,_T,6,595.99
MEX,1151,USD,_T,DCU,_T,6,21342.505
MEX,1151,USD,_T,_T,_T,6,22416.42
MEX,1171,USD,PER,DCU,_T,6,57512.67
MEX,1171,USD,PER,_T,_T,6,57512.67
MEX,1171,USD,_T,DCU,_T,6,57512.67
MEX,1172,USD,PER,DCU,_T,6,-502.686
MEX,1172,USD,PER,_T,_T,6,-502.686
MEX,1172,USD,_T,DCU,_T,6,-502.686
MEX,1210,USD,OCC,DB,_T,6,286.346
MEX,1210,USD,OCC,DBH,_T,6,303.119
MEX,1210,USD,OCC,DCU,_T,6,80.817
MEX,1210,USD,OCC,_T,_T,6,670.282
MEX,1210,USD,PER,DCU,_T,6,1222.351
MEX,1210,USD,PER,_T,_T,6,1222.351
MEX,1210,USD,_T,DB,_T,6,286.346
MEX,1210,USD,_T,DBH,_T,6,303.119
MEX,1210,USD,_T,DCU,_T,6,1303.168
MEX,1210,USD,_T,_T,_T,6,1892.633
MEX,1215,USD,OCC,DB,_T,6,5523.837
MEX,1215,USD,OCC,DBH,_T,6,7389.031
MEX,1215,USD,OCC,DCU,_T,6,1285.197
MEX,1215,USD,OCC,_T,_T,6,14198.065
MEX,1215,USD,PER,DCU,_T,6,169268.882
MEX,1215,USD,PER,_T,_T,6,169268.882
MEX,1215,USD,_T,DB,_T,6,5523.837
MEX,1215,USD,_T,DBH,_T,6,7389.031
MEX,1215,USD,_T,DCU,_T,6,170554.079
MEX,1215,USD,_T,_T,_T,6,183466.947
MEX,1220,USD,OCC,DB,_T,6,4056.559
MEX,1220,USD,OCC,DBH,_T,6,6799.649
MEX,1220,USD,OCC,DCU,_T,6,1195.814
MEX,1220,USD,OCC,_T,_T,6,12052.022
MEX,1220,USD,PER,DCU,_T,6,126077.362
MEX,1220,USD,PER,_T,_T,6,126077.362
MEX,1220,USD,_T,DB,_T,6,4056.559
MEX,1220,USD,_T,DBH,_T,6,6799.649
MEX,1220,USD,_T,DCU,_T,6,127273.176
MEX,1220,USD,_T,_T,_T,6,138129.384
MEX,1230,USD,OCC,DB,_T,6,1467.278
MEX,1230,USD,OCC,DBH,_T,6,589.382
MEX,1230,USD,OCC,DCU,_T,6,89.384
MEX,1230,USD,OCC,_T,_T,6,2146.043
MEX,1230,USD,PER,DCU,_T,6,43191.52
MEX,1230,USD,PER,_T,_T,6,43191.52
MEX,1230,USD,_T,DB,_T,6,1467.278
MEX,1230,USD,_T,DBH,_T,6,589.382
MEX,1230,USD,_T,DCU,_T,6,43280.904
MEX,1230,USD,_T,_T,_T,6,45337.563
MEX,1245,USD,OCC,DB,_T,6,5355.077
MEX,1245,USD,OCC,DBH,_T,6,917.321
MEX,1245,USD,OCC,DCP,_T,6,195.556
MEX,1245,USD,OCC,DCU,_T,6,195.556
MEX,1245,USD,OCC,_T,_T,6,6663.511
MEX,1245,USD,PER,DCU,_T,6,13979.638
MEX,1245,USD,PER,_T,_T,6,13979.638
MEX,1245,USD,_T,DB,_T,6,5355.077
MEX,1245,USD,_T,DBH,_T,6,917.321
MEX,1245,USD,_T,DCP,_T,6,195.556
MEX,1245,USD,_T,DCU,_T,6,14175.194
MEX,1245,USD,_T,_T,_T,6,20643.149
MEX,1250,USD,OCC,DB,_T,6,5355.077
MEX,1250,USD,OCC,DBH,_T,6,917.321
MEX,1250,USD,OCC,DCP,_T,6,195.556
MEX,1250,USD,OCC,DCU,_T,6,195.556
MEX,1250,USD,OCC,_T,_T,6,6663.511
MEX,1250,USD,PER,DCU,_T,6,13979.638
MEX,1250,USD,PER,_T,_T,6,13979.638
MEX,1250,USD,_T,DB,_T,6,5355.077
MEX,1250,USD,_T,DBH,_T,6,917.321
MEX,1250,USD,_T,DCP,_T,6,195.556
MEX,1250,USD,_T,DCU,_T,6,14175.194
MEX,1250,USD,_T,_T,_T,6,20643.149
MEX,1255,USD,PER,DCU,_T,6,0
MEX,1255,USD,PER,_T,_T,6,0
MEX,1255,USD,_T,DCU,_T,6,0
MEX,1270,USD,OCC,DB,_T,6,2828.16
MEX,1270,USD,OCC,DBH,_T,6,4420.852
MEX,1270,USD,OCC,DCU,_T,6,623.904
MEX,1270,USD,OCC,_T,_T,6,7872.916
MEX,1270,USD,PER,DCU,_T,6,28436.904
MEX,1270,USD,PER,_T,_T,6,28436.904
MEX,1270,USD,_T,DB,_T,6,2828.16
MEX,1270,USD,_T,DBH,_T,6,4420.852
MEX,1270,USD,_T,DCU,_T,6,29060.808
MEX,1270,USD,_T,_T,_T,6,36309.82
MEX,1274,USD,OCC,DB,_T,6,1327.911
MEX,1274,USD,OCC,DBH,_T,6,2875.869
MEX,1274,USD,OCC,DCU,_T,6,289.639
MEX,1274,USD,OCC,_T,_T,6,4493.42
MEX,1274,USD,PER,DCU,_T,6,2209.032
MEX,1274,USD,PER,_T,_T,6,2209.032
MEX,1274,USD,_T,DB,_T,6,1327.911
MEX,1274,USD,_T,DBH,_T,6,2875.869
MEX,1274,USD,_T,DCU,_T,6,2498.671
MEX,1274,USD,_T,_T,_T,6,6702.452
MEX,1276,USD,OCC,DB,_T,6,1500.248
MEX,1276,USD,OCC,DBH,_T,6,1544.983
MEX,1276,USD,OCC,DCU,_T,6,334.265
MEX,1276,USD,OCC,_T,_T,6,3379.496
MEX,1276,USD,PER,DCU,_T,6,20112.541
MEX,1276,USD,PER,_T,_T,6,20112.541
MEX,1276,USD,_T,DB,_T,6,1500.248
MEX,1276,USD,_T,DBH,_T,6,1544.983
MEX,1276,USD,_T,DCU,_T,6,20446.805
MEX,1276,USD,_T,_T,_T,6,23492.037
MEX,1278,USD,PER,DCU,_T,6,6115.332
MEX,1278,USD,PER,_T,_T,6,6115.332
MEX,1278,USD,_T,DCU,_T,6,6115.332
MEX,1278,USD,_T,_T,_T,6,6115.332
MEX,1290,USD,OCC,DB,_T,6,89.184
MEX,1290,USD,OCC,DBH,_T,6,46.681
MEX,1290,USD,OCC,DCU,_T,6,20.557
MEX,1290,USD,OCC,_T,_T,6,156.421
MEX,1290,USD,PER,DCU,_T,6,-1369.563
MEX,1290,USD,PER,_T,_T,6,-1369.563
MEX,1290,USD,_T,DB,_T,6,89.184
MEX,1290,USD,_T,DBH,_T,6,46.681
MEX,1290,USD,_T,DCU,_T,6,-1349.007
MEX,1290,USD,_T,_T,_T,6,-1213.142
MEX,2000,USD,OCC,DB,BR,6,246.515
MEX,2000,USD,OCC,DB,PF,6,22532.721
MEX,2000,USD,OCC,DB,PIC,6,650.194
MEX,2000,USD,OCC,DB,_T,6,23429.429
MEX,2000,USD,OCC,DBH,BANK,6,521.508
MEX,2000,USD,OCC,DBH,BR,6,360.585
MEX,2000,USD,OCC,DBH,INV,6,4801.7
MEX,2000,USD,OCC,DBH,PF,6,1550.126
MEX,2000,USD,OCC,DBH,PIC,6,374.199
MEX,2000,USD,OCC,DBH,_T,6,7608.118
MEX,2000,USD,OCC,_T,BANK,6,521.508
MEX,2000,USD,OCC,_T,BR,6,607.1
MEX,2000,USD,OCC,_T,INV,6,4801.7
MEX,2000,USD,OCC,_T,PF,6,24082.847
MEX,2000,USD,OCC,_T,PIC,6,1024.392
MEX,2000,USD,PER,DCU,PF,6,211538.212
MEX,2000,USD,PER,DCU,_T,6,211538.212
MEX,2000,USD,PER,_T,PF,6,211538.212
MEX,2000,USD,PER,_T,_T,6,211538.212
MEX,2000,USD,_T,DB,BR,6,246.515
MEX,2000,USD,_T,DB,PF,6,22532.721
MEX,2000,USD,_T,DB,PIC,6,650.194
MEX,2000,USD,_T,DB,_T,6,23429.429
MEX,2000,USD,_T,DBH,BANK,6,521.508
MEX,2000,USD,_T,DBH,BR,6,360.585
MEX,2000,USD,_T,DBH,INV,6,4801.7
MEX,2000,USD,_T,DBH,PF,6,1550.126
MEX,2000,USD,_T,DBH,PIC,6,374.199
MEX,2000,USD,_T,DBH,_T,6,7608.118
MEX,2000,USD,_T,DCU,PF,6,211538.212
MEX,2000,USD,_T,DCU,_T,6,211538.212
MEX,2000,USD,_T,_T,BANK,6,521.508
MEX,2000,USD,_T,_T,INV,6,4801.7
MEX,3000,USD,PER,DCU,_T,6,25242.237
MEX,3000,USD,PER,_T,_T,6,25242.237
MEX,3000,USD,_T,DCU,_T,6,25242.237
MEX,3100,PT_B1GQ,OCC,DB,_T,0,0.022
MEX,3100,PT_B1GQ,OCC,DBH,_T,0,0.086
MEX,3100,PT_B1GQ,OCC,DCU,_T,0,0.025
MEX,3100,PT_B1GQ,OCC,_T,_T,0,0.133
MEX,3100,PT_B1GQ,PER,DCU,_T,0,0.994
MEX,3100,PT_B1GQ,PER,_T,_T,0,0.994
MEX,3100,PT_B1GQ,_T,DB,_T,0,0.022
MEX,3100,PT_B1GQ,_T,DBH,_T,0,0.086
MEX,3100,PT_B1GQ,_T,DCU,_T,0,1.019
MEX,3100,PT_B1GQ,_T,_T,_T,0,1.127
MEX,3100,USD,OCC,DB,_T,6,289.08
MEX,3100,USD,OCC,DBH,_T,6,1122.261
MEX,3100,USD,OCC,DCU,_T,6,327.864
MEX,3100,USD,OCC,_T,_T,6,1739.205
MEX,3100,USD,PER,DCU,_T,6,12962.813
MEX,3100,USD,PER,_T,_T,6,12962.813
MEX,3100,USD,_T,DB,_T,6,289.08
MEX,3100,USD,_T,DBH,_T,6,1122.261
MEX,3100,USD,_T,DCU,_T,6,13290.677
MEX,3100,USD,_T,_T,_T,6,14702.019
MEX,3200,USD,OCC,DB,_T,6,289.08
MEX,3200,USD,OCC,DBH,_T,6,956.865
MEX,3200,USD,OCC,DCU,_T,6,204.256
MEX,3200,USD,OCC,_T,_T,6,1450.201
MEX,3200,USD,PER,DCU,_T,6,10144.801
MEX,3200,USD,PER,_T,_T,6,10144.801
MEX,3200,USD,_T,DB,_T,6,289.08
MEX,3200,USD,_T,DBH,_T,6,956.865
MEX,3200,USD,_T,DCU,_T,6,10349.057
MEX,3200,USD,_T,_T,_T,6,11595.002
MEX,3300,USD,OCC,DBH,_T,6,165.396
MEX,3300,USD,OCC,DCU,_T,6,123.608
MEX,3300,USD,OCC,_T,_T,6,289.004
MEX,3300,USD,PER,DCU,_T,6,2818.012
MEX,3300,USD,PER,_T,_T,6,2818.012
MEX,3300,USD,_T,DBH,_T,6,165.396
MEX,3300,USD,_T,DCU,_T,6,2941.62
MEX,3300,USD,_T,_T,_T,6,3107.016
MEX,4000,PT_B1GQ,OCC,DB,_T,0,0.146
MEX,4000,PT_B1GQ,OCC,DBH,_T,0,0.045
MEX,4000,PT_B1GQ,OCC,DCU,_T,0,0.001
MEX,4000,PT_B1GQ,OCC,_T,_T,0,0.192
MEX,4000,PT_B1GQ,PER,DCU,_T,0,0.348
MEX,4000,PT_B1GQ,PER,_T,_T,0,0.348
MEX,4000,PT_B1GQ,_T,DB,_T,0,0.146
MEX,4000,PT_B1GQ,_T,DBH,_T,0,0.045
MEX,4000,PT_B1GQ,_T,DCU,_T,0,0.349
MEX,4000,PT_B1GQ,_T,_T,_T,0,0.54
MEX,4000,USD,OCC,DB,_T,6,1905.824
MEX,4000,USD,OCC,DBH,_T,6,586.309
MEX,4000,USD,OCC,DCU,_T,6,16.793
MEX,4000,USD,OCC,_T,_T,6,2508.926
MEX,4000,USD,PER,DCU,_T,6,4531.801
MEX,4000,USD,PER,_T,_T,6,4531.801
MEX,4000,USD,_T,DB,_T,6,1905.824
MEX,4000,USD,_T,DBH,_T,6,586.309
MEX,4000,USD,_T,DCU,_T,6,4548.594
MEX,4000,USD,_T,_T,_T,6,7040.727
MEX,4100,USD,OCC,DB,_T,6,179.654
MEX,4100,USD,OCC,DBH,_T,6,357.178
MEX,4100,USD,OCC,DCU,_T,6,16.79
MEX,4100,USD,OCC,_T,_T,6,553.622
MEX,4100,USD,PER,DCU,_T,6,4531.801
MEX,4100,USD,PER,_T,_T,6,4531.801
MEX,4100,USD,_T,DB,_T,6,179.654
MEX,4100,USD,_T,DBH,_T,6,357.178
MEX,4100,USD,_T,DCU,_T,6,4548.591
MEX,4100,USD,_T,_T,_T,6,5085.422
MEX,4200,USD,OCC,DB,_T,6,1726.17
MEX,4200,USD,OCC,DBH,_T,6,229.131
MEX,4200,USD,OCC,DCU,_T,6,0.004
MEX,4200,USD,OCC,_T,_T,6,1955.304
MEX,4200,USD,_T,DB,_T,6,1726.17
MEX,4200,USD,_T,DBH,_T,6,229.131
MEX,4200,USD,_T,DCU,_T,6,0.004
MEX,4200,USD,_T,_T,_T,6,1955.304
MEX,4310,USD,PER,DCU,_T,6,307.938
MEX,4310,USD,PER,_T,_T,6,307.938
MEX,4310,USD,_T,DCU,_T,6,307.938
MEX,4310,USD,_T,_T,_T,6,307.938
MEX,4410,USD,PER,DCU,_T,6,58.573
MEX,4410,USD,PER,_T,_T,6,58.573
MEX,4410,USD,_T,DCU,_T,6,58.573
MEX,4420,USD,PER,DCU,_T,6,1020.745
MEX,4420,USD,PER,_T,_T,6,1020.745
MEX,4420,USD,_T,DCU,_T,6,1020.745
MEX,4500,USD,PER,DCU,_T,6,0.105
MEX,4500,USD,PER,_T,_T,6,0.105
MEX,4500,USD,_T,DCU,_T,6,0.105
MEX,5000,PS,OCC,DB,BR,3,197.246
MEX,5000,PS,OCC,DB,PF,3,605.936
MEX,5000,PS,OCC,DB,PIC,3,14.917
MEX,5000,PS,OCC,DB,_T,3,818.099
MEX,5000,PS,OCC,DBH,BANK,3,49.489
MEX,5000,PS,OCC,DBH,INV,3,552.547
MEX,5000,PS,OCC,DBH,PF,3,19.535
MEX,5000,PS,OCC,DBH,PIC,3,33.585
MEX,5000,PS,OCC,DBH,_T,3,655.156
MEX,5000,PS,OCC,DCU,BANK,3,39.788
MEX,5000,PS,OCC,DCU,INV,3,167.416
MEX,5000,PS,OCC,DCU,PF,3,77.36
MEX,5000,PS,OCC,DCU,PIC,3,6.507
MEX,5000,PS,OCC,DCU,_T,3,291.071
MEX,5000,PS,OCC,_T,BANK,3,89.277
MEX,5000,PS,OCC,_T,BR,3,197.246
MEX,5000,PS,OCC,_T,INV,3,719.963
MEX,5000,PS,OCC,_T,PF,3,702.831
MEX,5000,PS,OCC,_T,PIC,3,55.009
MEX,5000,PS,OCC,_T,_T,3,1764.326
MEX,5000,PS,PER,DCU,PF,3,56881.847
MEX,5000,PS,PER,DCU,_T,3,56881.847
MEX,5000,PS,PER,_T,PF,3,56881.847
MEX,5000,PS,PER,_T,_T,3,56881.847
MEX,5000,PS,_T,DB,BR,3,197.246
MEX,5000,PS,_T,DB,PF,3,605.936
MEX,5000,PS,_T,DB,PIC,3,14.917
MEX,5000,PS,_T,DB,_T,3,818.099
MEX,5000,PS,_T,DBH,BANK,3,49.489
MEX,5000,PS,_T,DBH,INV,3,552.547
MEX,5000,PS,_T,DBH,PF,3,19.535
MEX,5000,PS,_T,DBH,PIC,3,33.585
MEX,5000,PS,_T,DBH,_T,3,655.156
MEX,5000,PS,_T,DCU,BANK,3,39.788
MEX,5000,PS,_T,DCU,INV,3,167.416
MEX,5000,PS,_T,DCU,PF,3,56959.207
MEX,5000,PS,_T,DCU,PIC,3,6.507
MEX,5000,PS,_T,DCU,_T,3,57172.918
MEX,5000,PS,_T,_T,BANK,3,89.277
MEX,5000,PS,_T,_T,BR,3,197.246
MEX,5000,PS,_T,_T,INV,3,719.963
MEX,5000,PS,_T,_T,OTH,3,809.24
MEX,5000,PS,_T,_T,PF,3,57584.678
MEX,5000,PS,_T,_T,PIC,3,55.009
MEX,5000,PS,_T,_T,_T,3,58646.173
MEX,5010,PS,OCC,DB,_T,3,547.13
MEX,5010,PS,OCC,DBH,_T,3,410.52
MEX,5010,PS,OCC,DCU,_T,3,168.85
MEX,5010,PS,OCC,_T,_T,3,1126.5
MEX,5010,PS,PER,DCU,_T,3,33570.351
MEX,5010,PS,PER,_T,_T,3,33570.351
MEX,5010,PS,_T,DB,_T,3,547.13
MEX,5010,PS,_T,DBH,_T,3,410.52
MEX,5010,PS,_T,DCU,_T,3,33739.201
MEX,5010,PS,_T,_T,_T,3,34696.851
MEX,5020,PS,OCC,DB,_T,3,270.969
MEX,5020,PS,OCC,DBH,_T,3,244.636
MEX,5020,PS,OCC,DCU,_T,3,122.221
MEX,5020,PS,OCC,_T,_T,3,637.826
MEX,5020,PS,PER,DCU,_T,3,23311.496
MEX,5020,PS,PER,_T,_T,3,23311.496
MEX,5020,PS,_T,DB,_T,3,270.969
MEX,5020,PS,_T,DBH,_T,3,244.636
MEX,5020,PS,_T,DCU,_T,3,23433.717
MEX,5020,PS,_T,_T,_T,3,23949.322
MEX,5100,PS,OCC,DB,BR,3,196.039
MEX,5100,PS,OCC,DB,PF,3,540.174
MEX,5100,PS,OCC,DB,PIC,3,14.169
MEX,5100,PS,OCC,DB,_T,3,750.382
MEX,5100,PS,OCC,DBH,BANK,3,49.225
MEX,5100,PS,OCC,DBH,INV,3,540.37
MEX,5100,PS,OCC,DBH,PF,3,16.091
MEX,5100,PS,OCC,DBH,PIC,3,33.129
MEX,5100,PS,OCC,DBH,_T,3,638.815
MEX,5100,PS,OCC,DCU,BANK,3,39.788
MEX,5100,PS,OCC,DCU,INV,3,167.416
MEX,5100,PS,OCC,DCU,PF,3,77.34
MEX,5100,PS,OCC,DCU,PIC,3,6.507
MEX,5100,PS,OCC,DCU,_T,3,291.051
MEX,5100,PS,OCC,_T,BANK,3,89.013
MEX,5100,PS,OCC,_T,BR,3,196.039
MEX,5100,PS,OCC,_T,INV,3,707.786
MEX,5100,PS,OCC,_T,PF,3,633.605
MEX,5100,PS,OCC,_T,PIC,3,53.805
MEX,5100,PS,OCC,_T,_T,3,1680.248
MEX,5100,PS,PER,DCU,PF,3,56881.847
MEX,5100,PS,PER,DCU,_T,3,56881.847
MEX,5100,PS,PER,_T,PF,3,56881.847
MEX,5100,PS,PER,_T,_T,3,56881.847
MEX,5100,PS,_T,DB,BR,3,196.039
MEX,5100,PS,_T,DB,PF,3,540.174
MEX,5100,PS,_T,DB,PIC,3,14.169
MEX,5100,PS,_T,DB,_T,3,750.382
MEX,5100,PS,_T,DBH,BANK,3,49.225
MEX,5100,PS,_T,DBH,INV,3,540.37
MEX,5100,PS,_T,DBH,PF,3,16.091
MEX,5100,PS,_T,DBH,PIC,3,33.129
MEX,5100,PS,_T,DBH,_T,3,638.815
MEX,5100,PS,_T,DCU,BANK,3,39.788
MEX,5100,PS,_T,DCU,INV,3,167.416
MEX,5100,PS,_T,DCU,PF,3,56959.187
MEX,5100,PS,_T,DCU,PIC,3,6.507
MEX,5100,PS,_T,DCU,_T,3,57172.898
MEX,5100,PS,_T,_T,BANK,3,89.013
MEX,5100,PS,_T,_T,BR,3,196.039
MEX,5100,PS,_T,_T,INV,3,707.786
MEX,5100,PS,_T,_T,OTH,3,796.799
MEX,5100,PS,_T,_T,PF,3,57515.452
MEX,5100,PS,_T,_T,PIC,3,53.805
MEX,5100,PS,_T,_T,_T,3,58562.095
MEX,5200,PS,OCC,DB,BR,3,0.018
MEX,5200,PS,OCC,DB,PF,3,2.407
MEX,5200,PS,OCC,DB,PIC,3,0.036
MEX,5200,PS,OCC,DB,_T,3,2.461
MEX,5200,PS,OCC,DBH,BANK,3,0.001
MEX,5200,PS,OCC,DBH,INV,3,27.461
MEX,5200,PS,OCC,DBH,PF,3,0.147
MEX,5200,PS,OCC,DBH,PIC,3,0.001
MEX,5200,PS,OCC,DBH,_T,3,27.61
MEX,5200,PS,OCC,DCU,BANK,3,0.074
MEX,5200,PS,OCC,DCU,INV,3,0.198
MEX,5200,PS,OCC,DCU,PF,3,0.016
MEX,5200,PS,OCC,DCU,PIC,3,0
MEX,5200,PS,OCC,DCU,_T,3,0.288
MEX,5200,PS,OCC,_T,BANK,3,0.075
MEX,5200,PS,OCC,_T,BR,3,0.018
MEX,5200,PS,OCC,_T,INV,3,27.659
MEX,5200,PS,OCC,_T,PF,3,2.57
MEX,5200,PS,OCC,_T,PIC,3,0.037
MEX,5200,PS,OCC,_T,_T,3,30.359
MEX,5200,PS,PER,DCU,PF,3,36580.8
MEX,5200,PS,PER,DCU,_T,3,36580.8
MEX,5200,PS,PER,_T,PF,3,36580.8
MEX,5200,PS,PER,_T,_T,3,36580.8
MEX,5200,PS,_T,DB,BR,3,0.018
MEX,5200,PS,_T,DB,PF,3,2.407
MEX,5200,PS,_T,DB,PIC,3,0.036
MEX,5200,PS,_T,DB,_T,3,2.461
MEX,5200,PS,_T,DBH,BANK,3,0.001
MEX,5200,PS,_T,DBH,INV,3,27.461
MEX,5200,PS,_T,DBH,PF,3,0.147
MEX,5200,PS,_T,DBH,PIC,3,0.001
MEX,5200,PS,_T,DBH,_T,3,27.61
MEX,5200,PS,_T,DCU,BANK,3,0.074
MEX,5200,PS,_T,DCU,INV,3,0.198
MEX,5200,PS,_T,DCU,PF,3,36580.816
MEX,5200,PS,_T,DCU,PIC,3,0
MEX,5200,PS,_T,DCU,_T,3,36581.088
MEX,5200,PS,_T,_T,BANK,3,0.075
MEX,5200,PS,_T,_T,BR,3,0.018
MEX,5200,PS,_T,_T,INV,3,27.659
MEX,5200,PS,_T,_T,OTH,3,27.734
MEX,5200,PS,_T,_T,PF,3,36583.37
MEX,5200,PS,_T,_T,PIC,3,0.037
MEX,5200,PS,_T,_T,_T,3,36611.159
MEX,5300,PS,OCC,DB,BR,3,1.207
MEX,5300,PS,OCC,DB,PF,3,65.762
MEX,5300,PS,OCC,DB,PIC,3,0.748
MEX,5300,PS,OCC,DB,_T,3,67.717
MEX,5300,PS,OCC,DBH,BANK,3,0.264
MEX,5300,PS,OCC,DBH,INV,3,12.177
MEX,5300,PS,OCC,DBH,PF,3,3.444
MEX,5300,PS,OCC,DBH,PIC,3,0.456
MEX,5300,PS,OCC,DBH,_T,3,16.341
MEX,5300,PS,OCC,DCU,BANK,3,0
MEX,5300,PS,OCC,DCU,INV,3,0
MEX,5300,PS,OCC,DCU,PF,3,0.02
MEX,5300,PS,OCC,DCU,PIC,3,0
MEX,5300,PS,OCC,DCU,_T,3,0.02
MEX,5300,PS,OCC,_T,BANK,3,0.264
MEX,5300,PS,OCC,_T,BR,3,1.207
MEX,5300,PS,OCC,_T,INV,3,12.177
MEX,5300,PS,OCC,_T,PF,3,69.226
MEX,5300,PS,OCC,_T,PIC,3,1.204
MEX,5300,PS,OCC,_T,_T,3,84.078
MEX,5300,PS,_T,DB,BR,3,1.207
MEX,5300,PS,_T,DB,PF,3,65.762
MEX,5300,PS,_T,DB,PIC,3,0.748
MEX,5300,PS,_T,DB,_T,3,67.717
MEX,5300,PS,_T,DBH,BANK,3,0.264
MEX,5300,PS,_T,DBH,INV,3,12.177
MEX,5300,PS,_T,DBH,PF,3,3.444
MEX,5300,PS,_T,DBH,PIC,3,0.456
MEX,5300,PS,_T,DBH,_T,3,16.341
MEX,5300,PS,_T,DCU,BANK,3,0
MEX,5300,PS,_T,DCU,INV,3,0
MEX,5300,PS,_T,DCU,PF,3,0.02
MEX,5300,PS,_T,DCU,PIC,3,0
MEX,5300,PS,_T,DCU,_T,3,0.02
MEX,5300,PS,_T,_T,BANK,3,0.264
MEX,5300,PS,_T,_T,BR,3,1.207
MEX,5300,PS,_T,_T,INV,3,12.177
MEX,5300,PS,_T,_T,OTH,3,12.441
MEX,5300,PS,_T,_T,PF,3,69.226
MEX,5300,PS,_T,_T,PIC,3,1.204
MEX,5300,PS,_T,_T,_T,3,84.078
MEX,OA,PT_B1GQ,OCC,_T,_T,0,2.218
MEX,PA,PT_B1GQ,PER,_T,_T,0,15.869
MKD,1000,PT_B1GQ,_T,_T,PF,0,11.206
MKD,1000,PT_B1GQ,_T,_T,_T,0,11.206
MKD,1000,USD,_T,_T,PF,6,1412.51
MKD,1000,USD,_T,_T,_T,6,1412.51
MKD,1121,USD,_T,_T,_T,6,378.99
MKD,1122,USD,_T,_T,_T,6,968.837
MKD,1141,USD,_T,_T,_T,6,4.85
MKD,1151,USD,_T,_T,_T,6,374.14
MKD,1210,USD,_T,_T,_T,6,159.21
MKD,1215,USD,_T,_T,_T,6,827.621
MKD,1220,USD,_T,_T,_T,6,827.209
MKD,1230,USD,_T,_T,_T,6,0.413
MKD,1245,USD,_T,_T,_T,6,126.007
MKD,1250,USD,_T,_T,_T,6,126.007
MKD,1270,USD,_T,_T,_T,6,298.258
MKD,1272,USD,_T,_T,_T,6,0.266
MKD,1274,USD,_T,_T,_T,6,4.85
MKD,1276,USD,_T,_T,_T,6,293.142
MKD,1290,USD,_T,_T,_T,6,1.414
MKD,2000,USD,_T,_T,PF,6,1412.51
MKD,2000,USD,_T,_T,_T,6,1412.51
MKD,2100,USD,_T,_T,_T,6,1411.885
MKD,2300,USD,_T,_T,_T,6,0.625
MKD,3000,USD,_T,_T,_T,6,138.813
MKD,3010,USD,_T,_T,_T,6,143.667
MKD,3100,PT_B1GQ,_T,_T,_T,0,1.299
MKD,3100,USD,_T,_T,_T,6,163.705
MKD,3200,USD,_T,_T,_T,6,3.227
MKD,3300,USD,_T,_T,_T,6,160.479
MKD,4000,PT_B1GQ,_T,_T,_T,0,0.013
MKD,4000,USD,_T,_T,_T,6,1.656
MKD,4100,USD,_T,_T,_T,6,1.585
MKD,4200,USD,_T,_T,_T,6,0.071
MKD,4410,USD,_T,_T,_T,6,4.854
MKD,4420,USD,_T,_T,_T,6,3.702
MKD,5000,PS,_T,_T,PF,3,533.057
MKD,5000,PS,_T,_T,_T,3,533.057
MKD,5010,PS,_T,_T,_T,3,285.596
MKD,5020,PS,_T,_T,_T,3,247.461
MKD,5100,PS,_T,_T,PF,3,532.737
MKD,5100,PS,_T,_T,_T,3,532.737
MKD,5200,PS,_T,_T,PF,3,0
MKD,5200,PS,_T,_T,_T,3,0
MKD,5300,PS,_T,_T,PF,3,0.32
MKD,5300,PS,_T,_T,_T,3,0.32
MKD,5400,PS,_T,_T,_T,3,0
MLT,1000,PT_B1GQ,OCC,DCU,PF,0,0.281
MLT,1000,PT_B1GQ,OCC,DCU,_T,0,0.281
MLT,1000,PT_B1GQ,OCC,_T,PF,0,0.281
MLT,1000,PT_B1GQ,OCC,_T,_T,0,0.281
MLT,1000,PT_B1GQ,PER,DCU,PF,0,44.148
MLT,1000,PT_B1GQ,PER,DCU,PIC,0,0.072
MLT,1000,PT_B1GQ,PER,DCU,_T,0,44.221
MLT,1000,PT_B1GQ,PER,_T,PF,0,44.148
MLT,1000,PT_B1GQ,PER,_T,PIC,0,0.072
MLT,1000,PT_B1GQ,PER,_T,_T,0,44.221
MLT,1000,PT_B1GQ,_T,DCU,PF,0,44.429
MLT,1000,PT_B1GQ,_T,DCU,PIC,0,0.072
MLT,1000,PT_B1GQ,_T,DCU,_T,0,44.502
MLT,1000,PT_B1GQ,_T,_T,PF,0,44.429
MLT,1000,PT_B1GQ,_T,_T,PIC,0,0.072
MLT,1000,PT_B1GQ,_T,_T,_T,0,44.502
MLT,1000,USD,OCC,DCU,PF,6,46.116
MLT,1000,USD,OCC,DCU,_T,6,46.116
MLT,1000,USD,OCC,_T,PF,6,46.116
MLT,1000,USD,OCC,_T,_T,6,46.116
MLT,1000,USD,PER,DCU,PF,6,7238.023
MLT,1000,USD,PER,DCU,PIC,6,11.884
MLT,1000,USD,PER,DCU,_T,6,7249.907
MLT,1000,USD,PER,_T,PF,6,7238.023
MLT,1000,USD,PER,_T,PIC,6,11.884
MLT,1000,USD,PER,_T,_T,6,7249.907
MLT,1000,USD,_T,DCU,PF,6,7284.139
MLT,1000,USD,_T,DCU,PIC,6,11.884
MLT,1000,USD,_T,DCU,_T,6,7296.023
MLT,1000,USD,_T,_T,PF,6,7284.139
MLT,1000,USD,_T,_T,PIC,6,11.884
MLT,1000,USD,_T,_T,_T,6,7296.023
MLT,1110,USD,OCC,DCU,_T,6,0
MLT,1110,USD,OCC,_T,_T,6,0
MLT,1110,USD,PER,DCU,_T,6,0
MLT,1110,USD,PER,_T,_T,6,0
MLT,1110,USD,_T,DCU,_T,6,0
MLT,1110,USD,_T,_T,_T,6,0
MLT,1121,USD,OCC,DCU,_T,6,32.691
MLT,1121,USD,OCC,_T,_T,6,32.691
MLT,1121,USD,PER,DCU,_T,6,7207.839
MLT,1121,USD,PER,_T,_T,6,7207.839
MLT,1121,USD,_T,DCU,_T,6,7240.53
MLT,1121,USD,_T,_T,_T,6,7240.53
MLT,1122,USD,OCC,DCU,_T,6,3.873
MLT,1122,USD,OCC,_T,_T,6,3.873
MLT,1122,USD,PER,DCU,_T,6,4499.31
MLT,1122,USD,PER,_T,_T,6,4499.31
MLT,1122,USD,_T,DCU,_T,6,4503.183
MLT,1122,USD,_T,_T,_T,6,4503.183
MLT,1131,USD,OCC,DCU,_T,6,3.742
MLT,1131,USD,OCC,_T,_T,6,3.742
MLT,1131,USD,PER,DCU,_T,6,727.19
MLT,1131,USD,PER,_T,_T,6,727.19
MLT,1131,USD,_T,DCU,_T,6,730.932
MLT,1131,USD,_T,_T,_T,6,730.932
MLT,1141,USD,OCC,DCU,_T,6,4.763
MLT,1141,USD,OCC,_T,_T,6,4.763
MLT,1141,USD,PER,DCU,_T,6,349.625
MLT,1141,USD,PER,_T,_T,6,349.625
MLT,1141,USD,_T,DCU,_T,6,354.388
MLT,1141,USD,_T,_T,_T,6,354.388
MLT,1151,USD,OCC,DCU,_T,6,13.685
MLT,1151,USD,OCC,_T,_T,6,13.685
MLT,1151,USD,PER,DCU,_T,6,1904.185
MLT,1151,USD,PER,_T,_T,6,1904.185
MLT,1151,USD,_T,DCU,_T,6,1917.87
MLT,1151,USD,_T,_T,_T,6,1917.87
MLT,1161,USD,OCC,DCU,_T,6,0
MLT,1161,USD,OCC,_T,_T,6,0
MLT,1161,USD,PER,DCU,_T,6,1.779
MLT,1161,USD,PER,_T,_T,6,1.779
MLT,1161,USD,_T,DCU,_T,6,1.779
MLT,1161,USD,_T,_T,_T,6,1.779
MLT,1171,USD,OCC,DCU,_T,6,0
MLT,1171,USD,OCC,_T,_T,6,0
MLT,1171,USD,PER,DCU,_T,6,0
MLT,1171,USD,PER,_T,_T,6,0
MLT,1171,USD,_T,DCU,_T,6,0
MLT,1171,USD,_T,_T,_T,6,0
MLT,1172,USD,OCC,DCU,_T,6,0
MLT,1172,USD,OCC,_T,_T,6,0
MLT,1172,USD,PER,DCU,_T,6,0
MLT,1172,USD,PER,_T,_T,6,0
MLT,1172,USD,_T,DCU,_T,6,0
MLT,1172,USD,_T,_T,_T,6,0
MLT,1210,USD,OCC,DCU,_T,6,13.496
MLT,1210,USD,OCC,_T,_T,6,13.496
MLT,1210,USD,PER,DCU,_T,6,929.716
MLT,1210,USD,PER,_T,_T,6,929.716
MLT,1210,USD,_T,DCU,_T,6,943.212
MLT,1210,USD,_T,_T,_T,6,943.212
MLT,1215,USD,OCC,DCU,_T,6,3.919
MLT,1215,USD,OCC,_T,_T,6,3.919
MLT,1215,USD,PER,DCU,_T,6,354.22
MLT,1215,USD,PER,_T,_T,6,354.22
MLT,1215,USD,_T,DCU,_T,6,358.14
MLT,1215,USD,_T,_T,_T,6,358.14
MLT,1220,USD,OCC,DCU,_T,6,0.198
MLT,1220,USD,OCC,_T,_T,6,0.198
MLT,1220,USD,PER,DCU,_T,6,31.804
MLT,1220,USD,PER,_T,_T,6,31.804
MLT,1220,USD,_T,DCU,_T,6,32.002
MLT,1220,USD,_T,_T,_T,6,32.002
MLT,1230,USD,OCC,DCU,_T,6,3.721
MLT,1230,USD,OCC,_T,_T,6,3.721
MLT,1230,USD,PER,DCU,_T,6,322.416
MLT,1230,USD,PER,_T,_T,6,322.416
MLT,1230,USD,_T,DCU,_T,6,326.137
MLT,1230,USD,_T,_T,_T,6,326.137
MLT,1240,USD,OCC,DCU,_T,6,0.286
MLT,1240,USD,OCC,_T,_T,6,0.286
MLT,1240,USD,PER,DCU,_T,6,35.176
MLT,1240,USD,PER,_T,_T,6,35.176
MLT,1240,USD,_T,DCU,_T,6,35.462
MLT,1240,USD,_T,_T,_T,6,35.462
MLT,1245,USD,OCC,DCU,_T,6,13.514
MLT,1245,USD,OCC,_T,_T,6,13.514
MLT,1245,USD,PER,DCU,_T,6,1650.931
MLT,1245,USD,PER,_T,_T,6,1650.931
MLT,1245,USD,_T,DCU,_T,6,1664.445
MLT,1245,USD,_T,_T,_T,6,1664.445
MLT,1250,USD,OCC,DCU,_T,6,13.514
MLT,1250,USD,OCC,_T,_T,6,13.514
MLT,1250,USD,PER,DCU,_T,6,1018.433
MLT,1250,USD,PER,_T,_T,6,1018.433
MLT,1250,USD,_T,DCU,_T,6,1031.947
MLT,1250,USD,_T,_T,_T,6,1031.947
MLT,1255,USD,OCC,DCU,_T,6,0
MLT,1255,USD,OCC,_T,_T,6,0
MLT,1255,USD,PER,DCU,_T,6,632.499
MLT,1255,USD,PER,_T,_T,6,632.499
MLT,1255,USD,_T,DCU,_T,6,632.499
MLT,1255,USD,_T,_T,_T,6,632.499
MLT,1260,USD,OCC,DCU,_T,6,0
MLT,1260,USD,OCC,_T,_T,6,0
MLT,1260,USD,PER,DCU,_T,6,9.421
MLT,1260,USD,PER,_T,_T,6,9.421
MLT,1260,USD,_T,DCU,_T,6,9.421
MLT,1260,USD,_T,_T,_T,6,9.421
MLT,1270,USD,OCC,DCU,_T,6,13.773
MLT,1270,USD,OCC,_T,_T,6,13.773
MLT,1270,USD,PER,DCU,_T,6,3565.248
MLT,1270,USD,PER,_T,_T,6,3565.248
MLT,1270,USD,_T,DCU,_T,6,3579.021
MLT,1270,USD,_T,_T,_T,6,3579.021
MLT,1280,USD,OCC,DCU,_T,6,0
MLT,1280,USD,OCC,_T,_T,6,0
MLT,1280,USD,PER,DCU,_T,6,0
MLT,1280,USD,PER,_T,_T,6,0
MLT,1280,USD,_T,DCU,_T,6,0
MLT,1280,USD,_T,_T,_T,6,0
MLT,1284,USD,OCC,DCU,_T,6,0
MLT,1284,USD,OCC,_T,_T,6,0
MLT,1284,USD,PER,DCU,_T,6,23.854
MLT,1284,USD,PER,_T,_T,6,23.854
MLT,1284,USD,_T,DCU,_T,6,23.854
MLT,1284,USD,_T,_T,_T,6,23.854
MLT,1286,USD,OCC,DCU,_T,6,0
MLT,1286,USD,OCC,_T,_T,6,0
MLT,1286,USD,PER,DCU,_T,6,147.227
MLT,1286,USD,PER,_T,_T,6,147.227
MLT,1286,USD,_T,DCU,_T,6,147.227
MLT,1286,USD,_T,_T,_T,6,147.227
MLT,1289,USD,OCC,DCU,_T,6,0
MLT,1289,USD,OCC,_T,_T,6,0
MLT,1289,USD,PER,DCU,_T,6,449.637
MLT,1289,USD,PER,_T,_T,6,449.637
MLT,1289,USD,_T,DCU,_T,6,449.637
MLT,1289,USD,_T,_T,_T,6,449.637
MLT,1290,USD,OCC,DCU,_T,6,1.127
MLT,1290,USD,OCC,_T,_T,6,1.127
MLT,1290,USD,PER,DCU,_T,6,84.474
MLT,1290,USD,PER,_T,_T,6,84.474
MLT,1290,USD,_T,DCU,_T,6,85.602
MLT,1290,USD,_T,_T,_T,6,85.602
MLT,2000,USD,OCC,DCU,PF,6,46.116
MLT,2000,USD,OCC,DCU,_T,6,46.116
MLT,2000,USD,OCC,_T,PF,6,46.116
MLT,2000,USD,OCC,_T,_T,6,46.116
MLT,2000,USD,PER,DCU,PF,6,7238.023
MLT,2000,USD,PER,DCU,PIC,6,11.884
MLT,2000,USD,PER,DCU,_T,6,7249.907
MLT,2000,USD,PER,_T,PF,6,7238.023
MLT,2000,USD,PER,_T,PIC,6,11.884
MLT,2000,USD,PER,_T,_T,6,7249.907
MLT,2000,USD,_T,DCU,PF,6,7284.139
MLT,2000,USD,_T,DCU,PIC,6,11.884
MLT,2000,USD,_T,DCU,_T,6,7296.023
MLT,2000,USD,_T,_T,PF,6,7284.139
MLT,2000,USD,_T,_T,PIC,6,11.884
MLT,2000,USD,_T,_T,_T,6,7296.023
MLT,2100,USD,OCC,DCU,_T,6,0
MLT,2100,USD,OCC,_T,_T,6,0
MLT,2100,USD,PER,DCU,_T,6,0.13
MLT,2100,USD,PER,_T,_T,6,0.13
MLT,2100,USD,_T,DCU,_T,6,0.13
MLT,2100,USD,_T,_T,_T,6,0.13
MLT,2200,USD,OCC,DCU,_T,6,46.116
MLT,2200,USD,OCC,_T,_T,6,46.116
MLT,2200,USD,PER,DCU,_T,6,7249.777
MLT,2200,USD,PER,_T,_T,6,7249.777
MLT,2200,USD,_T,DCU,_T,6,7295.893
MLT,2200,USD,_T,_T,_T,6,7295.893
MLT,2300,USD,OCC,DCU,_T,6,0
MLT,2300,USD,OCC,_T,_T,6,0
MLT,2300,USD,PER,DCU,_T,6,0
MLT,2300,USD,PER,_T,_T,6,0
MLT,2300,USD,_T,DCU,_T,6,0
MLT,2300,USD,_T,_T,_T,6,0
MLT,3000,USD,OCC,DCU,_T,6,1.652
MLT,3000,USD,OCC,_T,_T,6,1.652
MLT,3000,USD,PER,DCU,_T,6,600.986
MLT,3000,USD,PER,_T,_T,6,600.986
MLT,3000,USD,_T,DCU,_T,6,602.639
MLT,3000,USD,_T,_T,_T,6,602.639
MLT,3010,USD,OCC,DCU,_T,6,1.871
MLT,3010,USD,OCC,_T,_T,6,1.871
MLT,3010,USD,PER,DCU,_T,6,677.946
MLT,3010,USD,PER,_T,_T,6,677.946
MLT,3010,USD,_T,DCU,_T,6,679.817
MLT,3010,USD,_T,_T,_T,6,679.817
MLT,3100,PT_B1GQ,OCC,DCU,_T,0,0.172
MLT,3100,PT_B1GQ,OCC,_T,_T,0,0.172
MLT,3100,PT_B1GQ,PER,DCU,_T,0,7.484
MLT,3100,PT_B1GQ,PER,_T,_T,0,7.484
MLT,3100,PT_B1GQ,_T,DCU,_T,0,7.656
MLT,3100,PT_B1GQ,_T,_T,_T,0,7.656
MLT,3100,USD,OCC,DCU,_T,6,28.114
MLT,3100,USD,OCC,_T,_T,6,28.114
MLT,3100,USD,PER,DCU,_T,6,1222.77
MLT,3100,USD,PER,_T,_T,6,1222.77
MLT,3100,USD,_T,DCU,_T,6,1250.885
MLT,3100,USD,_T,_T,_T,6,1250.885
MLT,3200,USD,OCC,DCU,_T,6,28.043
MLT,3200,USD,OCC,_T,_T,6,28.043
MLT,3200,USD,_T,DCU,_T,6,28.043
MLT,3300,USD,OCC,DCU,_T,6,0.072
MLT,3300,USD,OCC,_T,_T,6,0.072
MLT,3300,USD,_T,DCU,_T,6,0.072
MLT,3400,USD,OCC,DCU,_T,6,0.174
MLT,3400,USD,OCC,_T,_T,6,0.174
MLT,3400,USD,_T,DCU,_T,6,0.174
MLT,3400,USD,_T,_T,_T,6,0.174
MLT,4000,PT_B1GQ,OCC,DCU,_T,0,0.02
MLT,4000,PT_B1GQ,OCC,_T,_T,0,0.02
MLT,4000,PT_B1GQ,PER,DCU,_T,0,2.612
MLT,4000,PT_B1GQ,PER,_T,_T,0,2.612
MLT,4000,PT_B1GQ,_T,DCU,_T,0,2.632
MLT,4000,PT_B1GQ,_T,_T,_T,0,2.632
MLT,4000,USD,OCC,DCU,_T,6,3.257
MLT,4000,USD,OCC,_T,_T,6,3.257
MLT,4000,USD,PER,DCU,_T,6,426.683
MLT,4000,USD,PER,_T,_T,6,426.683
MLT,4000,USD,_T,DCU,_T,6,429.94
MLT,4000,USD,_T,_T,_T,6,429.94
MLT,4100,USD,OCC,DCU,_T,6,2.935
MLT,4100,USD,OCC,_T,_T,6,2.935
MLT,4100,USD,PER,DCU,_T,6,225.063
MLT,4100,USD,PER,_T,_T,6,225.063
MLT,4100,USD,_T,DCU,_T,6,227.998
MLT,4100,USD,_T,_T,_T,6,227.998
MLT,4200,USD,OCC,DCU,_T,6,0.322
MLT,4200,USD,OCC,_T,_T,6,0.322
MLT,4200,USD,PER,DCU,_T,6,201.62
MLT,4200,USD,PER,_T,_T,6,201.62
MLT,4200,USD,_T,DCU,_T,6,201.942
MLT,4200,USD,_T,_T,_T,6,201.942
MLT,4300,USD,OCC,DCU,_T,6,0
MLT,4300,USD,OCC,_T,_T,6,0
MLT,4300,USD,PER,DCU,_T,6,0
MLT,4300,USD,PER,_T,_T,6,0
MLT,4300,USD,_T,DCU,_T,6,0
MLT,4300,USD,_T,_T,_T,6,0
MLT,4310,USD,OCC,DCU,_T,6,0.25
MLT,4310,USD,OCC,_T,_T,6,0.25
MLT,4310,USD,PER,DCU,_T,6,166.496
MLT,4310,USD,PER,_T,_T,6,166.496
MLT,4310,USD,_T,DCU,_T,6,166.746
MLT,4310,USD,_T,_T,_T,6,166.746
MLT,4410,USD,OCC,DCU,_T,6,0.218
MLT,4410,USD,OCC,_T,_T,6,0.218
MLT,4410,USD,PER,DCU,_T,6,76.96
MLT,4410,USD,PER,_T,_T,6,76.96
MLT,4410,USD,_T,DCU,_T,6,77.179
MLT,4410,USD,_T,_T,_T,6,77.179
MLT,4420,USD,OCC,DCU,_T,6,0.454
MLT,4420,USD,OCC,_T,_T,6,0.454
MLT,4420,USD,PER,DCU,_T,6,29.156
MLT,4420,USD,PER,_T,_T,6,29.156
MLT,4420,USD,_T,DCU,_T,6,29.611
MLT,4420,USD,_T,_T,_T,6,29.611
MLT,4500,USD,OCC,DCU,_T,6,0.207
MLT,4500,USD,OCC,_T,_T,6,0.207
MLT,4500,USD,PER,DCU,_T,6,4.188
MLT,4500,USD,PER,_T,_T,6,4.188
MLT,4500,USD,_T,DCU,_T,6,4.395
MLT,4500,USD,_T,_T,_T,6,4.395
MLT,5000,PS,OCC,DCU,PF,3,0.3
MLT,5000,PS,OCC,DCU,_T,3,0.3
MLT,5000,PS,OCC,_T,PF,3,0.3
MLT,5000,PS,OCC,_T,_T,3,0.3
MLT,5000,PS,PER,DCU,PF,3,20.522
MLT,5000,PS,PER,DCU,PIC,3,5.696
MLT,5000,PS,PER,DCU,_T,3,26.218
MLT,5000,PS,PER,_T,PF,3,20.522
MLT,5000,PS,PER,_T,PIC,3,5.696
MLT,5000,PS,PER,_T,_T,3,26.218
MLT,5000,PS,_T,DCU,PF,3,20.822
MLT,5000,PS,_T,DCU,PIC,3,5.696
MLT,5000,PS,_T,DCU,_T,3,26.518
MLT,5000,PS,_T,_T,PF,3,20.822
MLT,5000,PS,_T,_T,PIC,3,5.696
MLT,5000,PS,_T,_T,_T,3,26.518
MLT,5010,PS,OCC,DCU,_T,3,0.245
MLT,5010,PS,OCC,_T,_T,3,0.245
MLT,5010,PS,PER,DCU,_T,3,18.946
MLT,5010,PS,PER,_T,_T,3,18.946
MLT,5010,PS,_T,DCU,_T,3,19.191
MLT,5010,PS,_T,_T,_T,3,19.191
MLT,5020,PS,OCC,DCU,_T,3,0.055
MLT,5020,PS,OCC,_T,_T,3,0.055
MLT,5020,PS,PER,DCU,_T,3,7.272
MLT,5020,PS,PER,_T,_T,3,7.272
MLT,5020,PS,_T,DCU,_T,3,7.327
MLT,5020,PS,_T,_T,_T,3,7.327
MLT,5100,PS,OCC,DCU,PF,3,0.284
MLT,5100,PS,OCC,DCU,_T,3,0.284
MLT,5100,PS,OCC,_T,PF,3,0.284
MLT,5100,PS,OCC,_T,_T,3,0.284
MLT,5100,PS,PER,DCU,PF,3,14.224
MLT,5100,PS,PER,DCU,PIC,3,5.696
MLT,5100,PS,PER,DCU,_T,3,19.92
MLT,5100,PS,PER,_T,PF,3,14.224
MLT,5100,PS,PER,_T,PIC,3,5.696
MLT,5100,PS,PER,_T,_T,3,19.92
MLT,5100,PS,_T,DCU,PF,3,14.508
MLT,5100,PS,_T,DCU,PIC,3,5.696
MLT,5100,PS,_T,DCU,_T,3,20.204
MLT,5100,PS,_T,_T,PF,3,14.508
MLT,5100,PS,_T,_T,PIC,3,5.696
MLT,5100,PS,_T,_T,_T,3,20.204
MLT,5200,PS,OCC,DCU,PF,3,0.253
MLT,5200,PS,OCC,DCU,_T,3,0.253
MLT,5200,PS,OCC,_T,PF,3,0.253
MLT,5200,PS,OCC,_T,_T,3,0.253
MLT,5200,PS,PER,DCU,PF,3,2.777
MLT,5200,PS,PER,DCU,PIC,3,0
MLT,5200,PS,PER,DCU,_T,3,2.777
MLT,5200,PS,PER,_T,PF,3,2.777
MLT,5200,PS,PER,_T,PIC,3,0
MLT,5200,PS,PER,_T,_T,3,2.777
MLT,5200,PS,_T,DCU,PF,3,3.03
MLT,5200,PS,_T,DCU,PIC,3,0
MLT,5200,PS,_T,DCU,_T,3,3.03
MLT,5200,PS,_T,_T,PF,3,3.03
MLT,5200,PS,_T,_T,PIC,3,0
MLT,5200,PS,_T,_T,_T,3,3.03
MLT,5300,PS,OCC,DCU,PF,3,0.016
MLT,5300,PS,OCC,DCU,_T,3,0.016
MLT,5300,PS,OCC,_T,PF,3,0.016
MLT,5300,PS,OCC,_T,_T,3,0.016
MLT,5300,PS,PER,DCU,PF,3,6.298
MLT,5300,PS,PER,DCU,PIC,3,0
MLT,5300,PS,PER,DCU,_T,3,6.298
MLT,5300,PS,PER,_T,PF,3,6.298
MLT,5300,PS,PER,_T,PIC,3,0
MLT,5300,PS,PER,_T,_T,3,6.298
MLT,5300,PS,_T,DCU,PF,3,6.314
MLT,5300,PS,_T,DCU,PIC,3,0
MLT,5300,PS,_T,DCU,_T,3,6.314
MLT,5300,PS,_T,_T,PF,3,6.314
MLT,5300,PS,_T,_T,PIC,3,0
MLT,5300,PS,_T,_T,_T,3,6.314
MLT,5400,PS,OCC,DCU,_T,3,0
MLT,5400,PS,OCC,_T,_T,3,0
MLT,5400,PS,PER,DCU,_T,3,0.027
MLT,5400,PS,PER,_T,_T,3,0.027
MLT,5400,PS,_T,DCU,_T,3,0.027
MLT,5400,PS,_T,_T,_T,3,0.027
MLT,OA,PT_B1GQ,OCC,_T,_T,0,0.281
MLT,PA,PT_B1GQ,PER,_T,_T,0,44.221
MOZ,1000,PT_B1GQ,_T,_T,PF,0,1.128
MOZ,1000,PT_B1GQ,_T,_T,_T,0,1.128
MOZ,1000,USD,_T,_T,PF,6,178.03
MOZ,1000,USD,_T,_T,_T,6,178.03
MOZ,1210,USD,_T,_T,_T,6,24.626
MOZ,1215,USD,_T,_T,_T,6,125.81
MOZ,1245,USD,_T,_T,_T,6,9.078
MOZ,1260,USD,_T,_T,_T,6,11.477
MOZ,1290,USD,_T,_T,_T,6,7.039
MOZ,3000,USD,_T,_T,_T,6,21.703
MOZ,3100,PT_B1GQ,_T,_T,_T,0,0.091
MOZ,3100,USD,_T,_T,_T,6,14.151
MOZ,4000,PT_B1GQ,_T,_T,_T,0,0.086
MOZ,4000,USD,_T,_T,_T,6,13.27
MUS,1000,PT_B1GQ,_T,_T,PF,0,10.839
MUS,1000,PT_B1GQ,_T,_T,_T,0,10.839
MUS,1000,USD,_T,_T,PF,6,1516.547
MUS,1000,USD,_T,_T,_T,6,1516.547
MUS,1110,USD,_T,_T,_T,6,35.8
MUS,1121,USD,_T,_T,_T,6,251.476
MUS,1131,USD,_T,_T,_T,6,9.193
MUS,1141,USD,_T,_T,_T,6,31.369
MUS,1151,USD,_T,_T,_T,6,207.219
MUS,1210,USD,_T,_T,_T,6,88.47
MUS,1215,USD,_T,_T,_T,6,480.52
MUS,1220,USD,_T,_T,_T,6,311.113
MUS,1230,USD,_T,_T,_T,6,169.407
MUS,1240,USD,_T,_T,_T,6,0.534
MUS,1245,USD,_T,_T,_T,6,531.283
MUS,1250,USD,_T,_T,_T,6,450.409
MUS,1255,USD,_T,_T,_T,6,80.874
MUS,1260,USD,_T,_T,_T,6,15.82
MUS,1270,USD,_T,_T,_T,6,353.357
MUS,1272,USD,_T,_T,_T,6,15.342
MUS,1274,USD,_T,_T,_T,6,41.497
MUS,1276,USD,_T,_T,_T,6,261.782
MUS,1277,USD,_T,_T,_T,6,0.008
MUS,1278,USD,_T,_T,_T,6,34.728
MUS,1290,USD,_T,_T,_T,6,46.562
MUS,2000,USD,_T,_T,PF,6,1234.303
MUS,2000,USD,_T,_T,_T,6,1234.303
MUS,2100,USD,_T,_T,_T,6,1225.741
MUS,2300,USD,_T,_T,_T,6,8.562
MUS,3000,USD,_T,_T,_T,6,47.965
MUS,3010,USD,_T,_T,_T,6,52.94
MUS,3100,PT_B1GQ,_T,_T,_T,0,0.876
MUS,3100,USD,_T,_T,_T,6,126.497
MUS,3200,USD,_T,_T,_T,6,100.686
MUS,3300,USD,_T,_T,_T,6,25.811
MUS,3400,USD,_T,_T,_T,6,3.487
MUS,4000,PT_B1GQ,_T,_T,_T,0,0.406
MUS,4000,USD,_T,_T,_T,6,58.633
MUS,4100,USD,_T,_T,_T,6,13.707
MUS,4200,USD,_T,_T,_T,6,44.926
MUS,4310,USD,_T,_T,_T,6,14.78
MUS,4410,USD,_T,_T,_T,6,4.975
MUS,4420,USD,_T,_T,_T,6,2.989
MUS,4500,USD,_T,_T,_T,6,5.203
MUS,5000,PS,_T,_T,PF,3,93.505
MUS,5000,PS,_T,_T,_T,3,93.505
MUS,5010,PS,_T,_T,_T,3,57.84
MUS,5020,PS,_T,_T,_T,3,35.665
MUS,5100,PS,_T,_T,PF,3,85.64
MUS,5100,PS,_T,_T,_T,3,85.64
MUS,5200,PS,_T,_T,PF,3,27.402
MUS,5200,PS,_T,_T,_T,3,27.402
MUS,5300,PS,_T,_T,PF,3,7.865
MUS,5300,PS,_T,_T,_T,3,7.865
MUS,5400,PS,_T,_T,_T,3,0
MWI,1000,PT_B1GQ,OCC,DBH,PF,0,0.487
MWI,1000,PT_B1GQ,OCC,DBH,_T,0,0.487
MWI,1000,PT_B1GQ,OCC,DCU,PF,0,9.885
MWI,1000,PT_B1GQ,OCC,DCU,_T,0,9.885
MWI,1000,PT_B1GQ,OCC,_T,PF,0,10.373
MWI,1000,PT_B1GQ,OCC,_T,_T,0,10.373
MWI,1000,PT_B1GQ,_T,DBH,PF,0,0.487
MWI,1000,PT_B1GQ,_T,DBH,_T,0,0.487
MWI,1000,PT_B1GQ,_T,DCU,PF,0,9.885
MWI,1000,PT_B1GQ,_T,DCU,_T,0,9.885
MWI,1000,PT_B1GQ,_T,_T,PF,0,10.373
MWI,1000,PT_B1GQ,_T,_T,_T,0,10.373
MWI,1000,USD,OCC,DBH,PF,6,54.232
MWI,1000,USD,OCC,DBH,_T,6,54.232
MWI,1000,USD,OCC,DCU,PF,6,1099.746
MWI,1000,USD,OCC,DCU,_T,6,1099.746
MWI,1000,USD,OCC,_T,PF,6,1153.978
MWI,1000,USD,OCC,_T,_T,6,1153.978
MWI,1000,USD,_T,DBH,PF,6,54.232
MWI,1000,USD,_T,DBH,_T,6,54.232
MWI,1000,USD,_T,DCU,PF,6,1099.746
MWI,1000,USD,_T,DCU,_T,6,1099.746
MWI,1000,USD,_T,_T,PF,6,1153.978
MWI,1000,USD,_T,_T,_T,6,1153.978
MWI,1121,USD,OCC,DCU,_T,6,1.008
MWI,1121,USD,_T,DCU,_T,6,1.008
MWI,1151,USD,OCC,DCU,_T,6,1.008
MWI,1151,USD,_T,DCU,_T,6,1.008
MWI,1210,USD,OCC,DBH,_T,6,21.57
MWI,1210,USD,OCC,DCU,_T,6,111.963
MWI,1210,USD,OCC,_T,_T,6,133.532
MWI,1210,USD,_T,DBH,_T,6,21.57
MWI,1210,USD,_T,DCU,_T,6,111.963
MWI,1210,USD,_T,_T,_T,6,133.532
MWI,1215,USD,OCC,DBH,_T,6,18.46
MWI,1215,USD,OCC,DCU,_T,6,349.965
MWI,1215,USD,OCC,_T,_T,6,368.425
MWI,1215,USD,_T,DBH,_T,6,18.46
MWI,1215,USD,_T,DCU,_T,6,349.965
MWI,1215,USD,_T,_T,_T,6,368.425
MWI,1220,USD,OCC,DBH,_T,6,18.46
MWI,1220,USD,OCC,DCU,_T,6,276.299
MWI,1220,USD,OCC,_T,_T,6,294.759
MWI,1220,USD,_T,DBH,_T,6,18.46
MWI,1220,USD,_T,DCU,_T,6,276.299
MWI,1220,USD,_T,_T,_T,6,294.759
MWI,1230,USD,OCC,DCU,_T,6,73.666
MWI,1230,USD,OCC,_T,_T,6,73.666
MWI,1230,USD,_T,DCU,_T,6,73.666
MWI,1230,USD,_T,_T,_T,6,73.666
MWI,1240,USD,OCC,DCU,_T,6,0.003
MWI,1240,USD,OCC,_T,_T,6,0.003
MWI,1240,USD,_T,DCU,_T,6,0.003
MWI,1240,USD,_T,_T,_T,6,0.003
MWI,1245,USD,OCC,DBH,_T,6,9.372
MWI,1245,USD,OCC,DCU,_T,6,594.312
MWI,1245,USD,OCC,_T,_T,6,603.684
MWI,1245,USD,_T,DBH,_T,6,9.372
MWI,1245,USD,_T,DCU,_T,6,594.312
MWI,1245,USD,_T,_T,_T,6,603.684
MWI,1250,USD,OCC,DBH,_T,6,9.372
MWI,1250,USD,OCC,DCU,_T,6,554.189
MWI,1250,USD,OCC,_T,_T,6,563.561
MWI,1250,USD,_T,DBH,_T,6,9.372
MWI,1250,USD,_T,DCU,_T,6,554.189
MWI,1250,USD,_T,_T,_T,6,563.561
MWI,1255,USD,OCC,DBH,_T,6,0
MWI,1255,USD,OCC,DCU,_T,6,40.123
MWI,1255,USD,OCC,_T,_T,6,40.123
MWI,1255,USD,_T,DBH,_T,6,0
MWI,1255,USD,_T,DCU,_T,6,40.123
MWI,1255,USD,_T,_T,_T,6,40.123
MWI,1260,USD,OCC,DBH,_T,6,4.449
MWI,1260,USD,OCC,DCU,_T,6,42.495
MWI,1260,USD,OCC,_T,_T,6,47.326
MWI,1260,USD,_T,DBH,_T,6,4.449
MWI,1260,USD,_T,DCU,_T,6,42.495
MWI,1260,USD,_T,_T,_T,6,47.326
MWI,1270,USD,OCC,DCP,_T,6,0
MWI,1270,USD,OCC,DCU,_T,6,0
MWI,1270,USD,OCC,_T,_T,6,0
MWI,1270,USD,_T,DCP,_T,6,0
MWI,1270,USD,_T,DCU,_T,6,0
MWI,1270,USD,_T,_T,_T,6,0
MWI,1272,USD,OCC,DCP,_T,6,0
MWI,1272,USD,OCC,DCU,_T,6,0
MWI,1272,USD,OCC,_T,_T,6,0
MWI,1272,USD,_T,DCP,_T,6,0
MWI,1272,USD,_T,DCU,_T,6,0
MWI,1272,USD,_T,_T,_T,6,0
MWI,1274,USD,OCC,DCP,_T,6,0
MWI,1274,USD,OCC,DCU,_T,6,0
MWI,1274,USD,OCC,_T,_T,6,0
MWI,1274,USD,_T,DCP,_T,6,0
MWI,1274,USD,_T,DCU,_T,6,0
MWI,1274,USD,_T,_T,_T,6,0
MWI,1276,USD,OCC,DCU,_T,6,0
MWI,1276,USD,OCC,_T,_T,6,0
MWI,1276,USD,_T,DCU,_T,6,0
MWI,1276,USD,_T,_T,_T,6,0
MWI,1277,USD,OCC,DCU,_T,6,0
MWI,1277,USD,OCC,_T,_T,6,0
MWI,1277,USD,_T,DCU,_T,6,0
MWI,1277,USD,_T,_T,_T,6,0
MWI,1278,USD,OCC,DCU,_T,6,0
MWI,1278,USD,OCC,_T,_T,6,0
MWI,1278,USD,_T,DCU,_T,6,0
MWI,1278,USD,_T,_T,_T,6,0
MWI,1290,USD,OCC,DCU,_T,6,1.008
MWI,1290,USD,OCC,_T,_T,6,1.008
MWI,1290,USD,_T,DCU,_T,6,1.008
MWI,1290,USD,_T,_T,_T,6,1.008
MWI,2000,USD,OCC,DBH,PF,6,54.232
MWI,2000,USD,OCC,DBH,_T,6,54.232
MWI,2000,USD,OCC,DCU,PF,6,1099.746
MWI,2000,USD,OCC,DCU,_T,6,1099.746
MWI,2000,USD,OCC,_T,PF,6,1153.978
MWI,2000,USD,OCC,_T,_T,6,1153.978
MWI,2000,USD,_T,DBH,PF,6,54.232
MWI,2000,USD,_T,DBH,_T,6,54.232
MWI,2000,USD,_T,DCU,PF,6,1099.746
MWI,2000,USD,_T,DCU,_T,6,1099.746
MWI,2000,USD,_T,_T,PF,6,1153.978
MWI,2000,USD,_T,_T,_T,6,1153.978
MWI,2100,USD,OCC,DBH,_T,6,14.749
MWI,2100,USD,OCC,DCU,_T,6,16.004
MWI,2100,USD,OCC,_T,_T,6,30.753
MWI,2100,USD,_T,DBH,_T,6,14.749
MWI,2100,USD,_T,DCU,_T,6,16.004
MWI,2100,USD,_T,_T,_T,6,30.753
MWI,2200,USD,OCC,DBH,_T,6,37.738
MWI,2200,USD,OCC,DCU,_T,6,1066.122
MWI,2200,USD,OCC,_T,_T,6,1103.86
MWI,2200,USD,_T,DBH,_T,6,37.738
MWI,2200,USD,_T,DCU,_T,6,1066.122
MWI,2200,USD,_T,_T,_T,6,1103.86
MWI,2300,USD,OCC,DBH,_T,6,1.745
MWI,2300,USD,OCC,DCU,_T,6,17.62
MWI,2300,USD,OCC,_T,_T,6,19.365
MWI,2300,USD,_T,DBH,_T,6,1.745
MWI,2300,USD,_T,DCU,_T,6,17.62
MWI,2300,USD,_T,_T,_T,6,19.365
MWI,3000,USD,OCC,DBH,_T,6,4.962
MWI,3000,USD,OCC,DCU,_T,6,129.476
MWI,3000,USD,OCC,_T,_T,6,134.438
MWI,3000,USD,_T,DBH,_T,6,4.962
MWI,3000,USD,_T,DCU,_T,6,129.476
MWI,3000,USD,_T,_T,_T,6,134.438
MWI,3010,USD,OCC,DBH,_T,6,5.29
MWI,3010,USD,OCC,DCU,_T,6,137.787
MWI,3010,USD,OCC,_T,_T,6,143.077
MWI,3010,USD,_T,DBH,_T,6,5.29
MWI,3010,USD,_T,DCU,_T,6,137.787
MWI,3010,USD,_T,_T,_T,6,143.077
MWI,3100,PT_B1GQ,OCC,DBH,_T,0,0.043
MWI,3100,PT_B1GQ,OCC,DCU,_T,0,1.33
MWI,3100,PT_B1GQ,OCC,_T,_T,0,1.373
MWI,3100,PT_B1GQ,_T,DBH,_T,0,0.043
MWI,3100,PT_B1GQ,_T,DCU,_T,0,1.33
MWI,3100,PT_B1GQ,_T,_T,_T,0,1.373
MWI,3100,USD,OCC,DBH,_T,6,4.739
MWI,3100,USD,OCC,DCU,_T,6,146.591
MWI,3100,USD,OCC,_T,_T,6,151.33
MWI,3100,USD,_T,DBH,_T,6,4.739
MWI,3100,USD,_T,DCU,_T,6,146.591
MWI,3100,USD,_T,_T,_T,6,151.33
MWI,3200,USD,OCC,DBH,_T,6,3.843
MWI,3200,USD,OCC,DCU,_T,6,96.666
MWI,3200,USD,OCC,_T,_T,6,100.509
MWI,3200,USD,_T,DBH,_T,6,3.843
MWI,3200,USD,_T,DCU,_T,6,96.666
MWI,3200,USD,_T,_T,_T,6,100.509
MWI,3300,USD,OCC,DBH,_T,6,0.896
MWI,3300,USD,OCC,DCU,_T,6,48.987
MWI,3300,USD,OCC,_T,_T,6,49.883
MWI,3300,USD,_T,DBH,_T,6,0.896
MWI,3300,USD,_T,DCU,_T,6,48.987
MWI,3300,USD,_T,_T,_T,6,49.883
MWI,3400,USD,OCC,DCU,_T,6,0.938
MWI,3400,USD,OCC,_T,_T,6,0.938
MWI,3400,USD,_T,DCU,_T,6,0.938
MWI,3400,USD,_T,_T,_T,6,0.938
MWI,4000,PT_B1GQ,OCC,DBH,_T,0,0.01
MWI,4000,PT_B1GQ,OCC,DCU,_T,0,0.287
MWI,4000,PT_B1GQ,OCC,_T,_T,0,0.297
MWI,4000,PT_B1GQ,_T,DBH,_T,0,0.01
MWI,4000,PT_B1GQ,_T,DCU,_T,0,0.287
MWI,4000,PT_B1GQ,_T,_T,_T,0,0.297
MWI,4000,USD,OCC,DBH,_T,6,1.072
MWI,4000,USD,OCC,DCU,_T,6,31.69
MWI,4000,USD,OCC,_T,_T,6,32.762
MWI,4000,USD,_T,DBH,_T,6,1.072
MWI,4000,USD,_T,DCU,_T,6,31.69
MWI,4000,USD,_T,_T,_T,6,32.762
MWI,4100,USD,OCC,DBH,_T,6,0.386
MWI,4100,USD,OCC,DCU,_T,6,23.983
MWI,4100,USD,OCC,_T,_T,6,24.369
MWI,4100,USD,_T,DBH,_T,6,0.386
MWI,4100,USD,_T,DCU,_T,6,23.983
MWI,4100,USD,_T,_T,_T,6,24.369
MWI,4200,USD,OCC,DBH,_T,6,0.686
MWI,4200,USD,OCC,DCU,_T,6,7.706
MWI,4200,USD,OCC,_T,_T,6,8.393
MWI,4200,USD,_T,DBH,_T,6,0.686
MWI,4200,USD,_T,DCU,_T,6,7.706
MWI,4200,USD,_T,_T,_T,6,8.393
MWI,4410,USD,OCC,DBH,_T,6,0.329
MWI,4410,USD,OCC,DCU,_T,6,8.31
MWI,4410,USD,OCC,_T,_T,6,8.639
MWI,4410,USD,_T,DBH,_T,6,0.329
MWI,4410,USD,_T,DCU,_T,6,8.31
MWI,4410,USD,_T,_T,_T,6,8.639
MWI,4420,USD,OCC,DCU,_T,6,4.088
MWI,4420,USD,OCC,_T,_T,6,4.088
MWI,4420,USD,_T,DCU,_T,6,4.088
MWI,4420,USD,_T,_T,_T,6,4.088
MWI,4500,USD,OCC,DBH,_T,6,0.027
MWI,4500,USD,OCC,DCU,_T,6,1.739
MWI,4500,USD,OCC,_T,_T,6,1.766
MWI,4500,USD,_T,DBH,_T,6,0.027
MWI,4500,USD,_T,DCU,_T,6,1.739
MWI,4500,USD,_T,_T,_T,6,1.766
MWI,5000,PS,OCC,DBH,PF,3,0.786
MWI,5000,PS,OCC,DBH,_T,3,0.786
MWI,5000,PS,OCC,DCU,PF,3,431.111
MWI,5000,PS,OCC,DCU,_T,3,431.111
MWI,5000,PS,OCC,_T,PF,3,431.897
MWI,5000,PS,OCC,_T,_T,3,431.897
MWI,5000,PS,_T,DBH,PF,3,0.786
MWI,5000,PS,_T,DBH,_T,3,0.786
MWI,5000,PS,_T,DCU,PF,3,431.111
MWI,5000,PS,_T,DCU,_T,3,431.111
MWI,5000,PS,_T,_T,PF,3,431.897
MWI,5000,PS,_T,_T,_T,3,431.897
MWI,5010,PS,OCC,DBH,_T,3,0.48
MWI,5010,PS,OCC,DCU,_T,3,329.529
MWI,5010,PS,OCC,_T,_T,3,330.009
MWI,5010,PS,_T,DBH,_T,3,0.48
MWI,5010,PS,_T,DCU,_T,3,329.529
MWI,5010,PS,_T,_T,_T,3,330.009
MWI,5020,PS,OCC,DBH,_T,3,0.306
MWI,5020,PS,OCC,DCU,_T,3,101.582
MWI,5020,PS,OCC,_T,_T,3,101.888
MWI,5020,PS,_T,DBH,_T,3,0.306
MWI,5020,PS,_T,DCU,_T,3,101.582
MWI,5020,PS,_T,_T,_T,3,101.888
MWI,5100,PS,OCC,DBH,PF,3,0.786
MWI,5100,PS,OCC,DBH,_T,3,0.786
MWI,5100,PS,OCC,DCU,PF,3,431.111
MWI,5100,PS,OCC,DCU,_T,3,431.111
MWI,5100,PS,OCC,_T,PF,3,431.897
MWI,5100,PS,OCC,_T,_T,3,431.897
MWI,5100,PS,_T,DBH,PF,3,0.786
MWI,5100,PS,_T,DBH,_T,3,0.786
MWI,5100,PS,_T,DCU,PF,3,431.111
MWI,5100,PS,_T,DCU,_T,3,431.111
MWI,5100,PS,_T,_T,PF,3,431.897
MWI,5100,PS,_T,_T,_T,3,431.897
MWI,OA,PT_B1GQ,OCC,_T,_T,0,10.373
MYS,1000,PT_B1GQ,_T,_T,PF,0,61.379
MYS,1000,PT_B1GQ,_T,_T,_T,0,61.379
MYS,1000,USD,_T,_T,PF,6,226878.436
MYS,1000,USD,_T,_T,_T,6,226878.436
MYS,5000,PS,PER,DCU,PF,3,455
MYS,5000,PS,PER,_T,PF,3,455
MYS,5000,PS,_T,DCU,PF,3,455
MYS,5000,PS,_T,_T,PF,3,455
MYS,5100,PS,PER,DCU,PF,3,455
MYS,5100,PS,PER,_T,PF,3,455
MYS,5100,PS,_T,DCU,PF,3,455
MYS,5100,PS,_T,_T,PF,3,455
NAM,1000,PT_B1GQ,_T,_T,PF,0,83.084
NAM,1000,PT_B1GQ,_T,_T,PIC,0,11.967
NAM,1000,PT_B1GQ,_T,_T,_T,0,95.051
NAM,1000,USD,_T,_T,PF,6,10660.072
NAM,1000,USD,_T,_T,PIC,6,1535.461
NAM,1000,USD,_T,_T,_T,6,12195.533
NGA,1000,PT_B1GQ,OCC,DB,PF,0,1.624
NGA,1000,PT_B1GQ,OCC,DB,_T,0,1.624
NGA,1000,PT_B1GQ,OCC,_T,PF,0,1.624
NGA,1000,PT_B1GQ,OCC,_T,_T,0,1.624
NGA,1000,PT_B1GQ,PER,DCU,PF,0,5.392
NGA,1000,PT_B1GQ,PER,DCU,_T,0,5.392
NGA,1000,PT_B1GQ,PER,_T,PF,0,5.392
NGA,1000,PT_B1GQ,PER,_T,_T,0,5.392
NGA,1000,PT_B1GQ,_T,DB,PF,0,1.624
NGA,1000,PT_B1GQ,_T,DB,_T,0,1.624
NGA,1000,PT_B1GQ,_T,DCU,PF,0,5.392
NGA,1000,PT_B1GQ,_T,DCU,_T,0,5.392
NGA,1000,PT_B1GQ,_T,_T,PF,0,7.016
NGA,1000,PT_B1GQ,_T,_T,_T,0,7.016
NGA,1000,USD,OCC,DB,PF,6,7705.16
NGA,1000,USD,OCC,DB,_T,6,7705.16
NGA,1000,USD,OCC,_T,PF,6,7705.16
NGA,1000,USD,OCC,_T,_T,6,7705.16
NGA,1000,USD,PER,DCU,PF,6,25578.397
NGA,1000,USD,PER,DCU,_T,6,25578.397
NGA,1000,USD,PER,_T,PF,6,25578.397
NGA,1000,USD,PER,_T,_T,6,25578.397
NGA,1000,USD,_T,DB,PF,6,7705.16
NGA,1000,USD,_T,DB,_T,6,7705.16
NGA,1000,USD,_T,DCU,PF,6,25578.397
NGA,1000,USD,_T,DCU,_T,6,25578.397
NGA,1000,USD,_T,_T,PF,6,33283.557
NGA,1000,USD,_T,_T,_T,6,33283.557
NGA,1121,USD,OCC,DB,_T,6,249.251
NGA,1121,USD,OCC,_T,_T,6,249.251
NGA,1121,USD,_T,DB,_T,6,249.251
NGA,1122,USD,OCC,DB,_T,6,0
NGA,1122,USD,OCC,_T,_T,6,0
NGA,1122,USD,_T,DB,_T,6,0
NGA,1131,USD,OCC,DB,_T,6,17.531
NGA,1131,USD,OCC,_T,_T,6,17.531
NGA,1131,USD,_T,DB,_T,6,17.531
NGA,1141,USD,OCC,DB,_T,6,0
NGA,1141,USD,OCC,_T,_T,6,0
NGA,1141,USD,_T,DB,_T,6,0
NGA,1151,USD,OCC,DB,_T,6,231.72
NGA,1151,USD,OCC,_T,_T,6,231.72
NGA,1151,USD,_T,DB,_T,6,231.72
NGA,1161,USD,OCC,DB,_T,6,18.293
NGA,1161,USD,OCC,_T,_T,6,18.293
NGA,1161,USD,PER,DCU,_T,6,105.44
NGA,1161,USD,PER,_T,_T,6,105.44
NGA,1161,USD,_T,DB,_T,6,18.293
NGA,1161,USD,_T,DCU,_T,6,105.44
NGA,1161,USD,_T,_T,_T,6,123.733
NGA,1210,USD,OCC,DB,_T,6,55.824
NGA,1210,USD,OCC,_T,_T,6,55.824
NGA,1210,USD,PER,DCU,_T,6,151.573
NGA,1210,USD,PER,_T,_T,6,151.573
NGA,1210,USD,_T,DB,_T,6,55.824
NGA,1210,USD,_T,DCU,_T,6,151.573
NGA,1210,USD,_T,_T,_T,6,207.397
NGA,1215,USD,OCC,DB,_T,6,6236.42
NGA,1215,USD,OCC,_T,_T,6,6236.42
NGA,1215,USD,PER,DCU,_T,6,23756.44
NGA,1215,USD,PER,_T,_T,6,23756.44
NGA,1215,USD,_T,DB,_T,6,6236.42
NGA,1215,USD,_T,DCU,_T,6,23756.44
NGA,1215,USD,_T,_T,_T,6,29992.86
NGA,1220,USD,OCC,DB,_T,6,4881.648
NGA,1220,USD,OCC,_T,_T,6,4881.648
NGA,1220,USD,PER,DCU,_T,6,19415.072
NGA,1220,USD,PER,_T,_T,6,19415.072
NGA,1220,USD,_T,DB,_T,6,4881.648
NGA,1220,USD,_T,DCU,_T,6,19415.072
NGA,1220,USD,_T,_T,_T,6,24296.72
NGA,1230,USD,OCC,DB,_T,6,1354.772
NGA,1230,USD,OCC,_T,_T,6,1354.772
NGA,1230,USD,PER,DCU,_T,6,4341.368
NGA,1230,USD,PER,_T,_T,6,4341.368
NGA,1230,USD,_T,DB,_T,6,1354.772
NGA,1230,USD,_T,DCU,_T,6,4341.368
NGA,1230,USD,_T,_T,_T,6,5696.14
NGA,1245,USD,OCC,DB,_T,6,576.765
NGA,1245,USD,OCC,_T,_T,6,576.765
NGA,1245,USD,PER,DCU,_T,6,1455.658
NGA,1245,USD,PER,_T,_T,6,1455.658
NGA,1245,USD,_T,DB,_T,6,576.765
NGA,1245,USD,_T,DCU,_T,6,1455.658
NGA,1245,USD,_T,_T,_T,6,2032.423
NGA,1250,USD,OCC,DB,_T,6,576.765
NGA,1250,USD,OCC,_T,_T,6,576.765
NGA,1250,USD,PER,DCU,_T,6,1455.658
NGA,1250,USD,PER,_T,_T,6,1455.658
NGA,1250,USD,_T,DB,_T,6,576.765
NGA,1250,USD,_T,DCU,_T,6,1455.658
NGA,1250,USD,_T,_T,_T,6,2032.423
NGA,1255,USD,_T,_T,_T,6,0
NGA,1260,USD,OCC,DB,_T,6,716.638
NGA,1260,USD,OCC,_T,_T,6,716.638
NGA,1260,USD,_T,DB,_T,6,716.638
NGA,1260,USD,_T,_T,_T,6,716.638
NGA,1270,USD,OCC,DB,_T,6,48.446
NGA,1270,USD,OCC,_T,_T,6,48.446
NGA,1270,USD,PER,DCU,_T,6,39.863
NGA,1270,USD,PER,_T,_T,6,39.863
NGA,1270,USD,_T,DB,_T,6,48.446
NGA,1270,USD,_T,DCU,_T,6,39.863
NGA,1270,USD,_T,_T,_T,6,88.309
NGA,1272,USD,OCC,DB,_T,6,0
NGA,1272,USD,OCC,_T,_T,6,0
NGA,1272,USD,PER,DCU,_T,6,0
NGA,1272,USD,PER,_T,_T,6,0
NGA,1272,USD,_T,DB,_T,6,0
NGA,1272,USD,_T,DCU,_T,6,0
NGA,1272,USD,_T,_T,_T,6,0
NGA,1274,USD,OCC,DB,_T,6,0
NGA,1274,USD,OCC,_T,_T,6,0
NGA,1274,USD,PER,DCU,_T,6,0
NGA,1274,USD,PER,_T,_T,6,0
NGA,1274,USD,_T,DB,_T,6,0
NGA,1274,USD,_T,DCU,_T,6,0
NGA,1274,USD,_T,_T,_T,6,0
NGA,1276,USD,OCC,DB,_T,6,23.567
NGA,1276,USD,OCC,_T,_T,6,23.567
NGA,1276,USD,PER,DCU,_T,6,28.612
NGA,1276,USD,PER,_T,_T,6,28.612
NGA,1276,USD,_T,DB,_T,6,23.567
NGA,1276,USD,_T,DCU,_T,6,28.612
NGA,1276,USD,_T,_T,_T,6,52.179
NGA,1277,USD,OCC,DB,_T,6,24.879
NGA,1277,USD,OCC,_T,_T,6,24.879
NGA,1277,USD,PER,DCU,_T,6,11.251
NGA,1277,USD,PER,_T,_T,6,11.251
NGA,1277,USD,_T,DB,_T,6,24.879
NGA,1277,USD,_T,DCU,_T,6,11.251
NGA,1277,USD,_T,_T,_T,6,36.13
NGA,1278,USD,OCC,DB,_T,6,0
NGA,1278,USD,OCC,_T,_T,6,0
NGA,1278,USD,PER,DCU,_T,6,0
NGA,1278,USD,PER,_T,_T,6,0
NGA,1278,USD,_T,DB,_T,6,0
NGA,1278,USD,_T,DCU,_T,6,0
NGA,1278,USD,_T,_T,_T,6,0
NGA,1286,USD,OCC,DB,_T,6,71.065
NGA,1286,USD,OCC,_T,_T,6,71.065
NGA,1286,USD,PER,DCU,_T,6,174.847
NGA,1286,USD,PER,_T,_T,6,174.847
NGA,1286,USD,_T,DB,_T,6,71.065
NGA,1286,USD,_T,DCU,_T,6,174.847
NGA,1286,USD,_T,_T,_T,6,245.912
NGA,1289,USD,OCC,DB,_T,6,0
NGA,1289,USD,OCC,_T,_T,6,0
NGA,1289,USD,PER,DCU,_T,6,0
NGA,1289,USD,PER,_T,_T,6,0
NGA,1289,USD,_T,DB,_T,6,0
NGA,1289,USD,_T,DCU,_T,6,0
NGA,1289,USD,_T,_T,_T,6,0
NGA,1290,USD,OCC,DB,_T,6,0
NGA,1290,USD,OCC,_T,_T,6,0
NGA,1290,USD,PER,DCU,_T,6,0
NGA,1290,USD,PER,_T,_T,6,0
NGA,1290,USD,_T,DB,_T,6,0
NGA,1290,USD,_T,DCU,_T,6,0
NGA,1290,USD,_T,_T,_T,6,0
NGA,3000,USD,OCC,DB,_T,6,724.584
NGA,3000,USD,OCC,_T,_T,6,724.584
NGA,3000,USD,PER,DCU,_T,6,2772.854
NGA,3000,USD,PER,_T,_T,6,2772.854
NGA,3000,USD,_T,DB,_T,6,724.584
NGA,3000,USD,_T,DCU,_T,6,2772.854
NGA,3000,USD,_T,_T,_T,6,3497.438
NGA,3010,USD,OCC,DB,_T,6,773.847
NGA,3010,USD,OCC,_T,_T,6,773.847
NGA,3010,USD,PER,DCU,_T,6,3157.953
NGA,3010,USD,PER,_T,_T,6,3157.953
NGA,3010,USD,_T,DB,_T,6,773.847
NGA,3010,USD,_T,DCU,_T,6,3157.953
NGA,3010,USD,_T,_T,_T,6,3931.801
NGA,3100,PT_B1GQ,OCC,DB,_T,0,0.114
NGA,3100,PT_B1GQ,OCC,_T,_T,0,0.114
NGA,3100,PT_B1GQ,PER,DCU,_T,0,0.687
NGA,3100,PT_B1GQ,PER,_T,_T,0,0.687
NGA,3100,PT_B1GQ,_T,DB,_T,0,0.114
NGA,3100,PT_B1GQ,_T,DCU,_T,0,0.687
NGA,3100,PT_B1GQ,_T,_T,_T,0,0.801
NGA,3100,USD,OCC,DB,_T,6,542.518
NGA,3100,USD,OCC,_T,_T,6,542.518
NGA,3100,USD,PER,DCU,_T,6,3260.621
NGA,3100,USD,PER,_T,_T,6,3260.621
NGA,3100,USD,_T,DB,_T,6,542.518
NGA,3100,USD,_T,DCU,_T,6,3260.621
NGA,3100,USD,_T,_T,_T,6,3803.139
NGA,4000,PT_B1GQ,OCC,DB,_T,0,0.091
NGA,4000,PT_B1GQ,OCC,_T,_T,0,0.091
NGA,4000,PT_B1GQ,PER,DCU,_T,0,0.112
NGA,4000,PT_B1GQ,PER,_T,_T,0,0.112
NGA,4000,PT_B1GQ,_T,DB,_T,0,0.091
NGA,4000,PT_B1GQ,_T,DCU,_T,0,0.112
NGA,4000,PT_B1GQ,_T,_T,_T,0,0.203
NGA,4000,USD,OCC,DB,_T,6,432.163
NGA,4000,USD,OCC,_T,_T,6,432.163
NGA,4000,USD,PER,DCU,_T,6,530.402
NGA,4000,USD,PER,_T,_T,6,530.402
NGA,4000,USD,_T,DB,_T,6,432.163
NGA,4000,USD,_T,DCU,_T,6,530.402
NGA,4000,USD,_T,_T,_T,6,962.565
NGA,4100,USD,PER,DCU,_T,6,523.401
NGA,4100,USD,PER,_T,_T,6,523.401
NGA,4100,USD,_T,DCU,_T,6,523.401
NGA,4200,USD,PER,DCU,_T,6,7
NGA,4200,USD,PER,_T,_T,6,7
NGA,4200,USD,_T,DCU,_T,6,7
NGA,4300,USD,OCC,DB,_T,6,0
NGA,4300,USD,OCC,_T,_T,6,0
NGA,4300,USD,PER,DCU,_T,6,255.565
NGA,4300,USD,PER,_T,_T,6,255.565
NGA,4300,USD,_T,DB,_T,6,0
NGA,4300,USD,_T,DCU,_T,6,255.565
NGA,4300,USD,_T,_T,_T,6,255.565
NGA,4410,USD,OCC,DB,_T,6,49.263
NGA,4410,USD,OCC,_T,_T,6,49.263
NGA,4410,USD,PER,DCU,_T,6,385.099
NGA,4410,USD,PER,_T,_T,6,385.099
NGA,4410,USD,_T,DB,_T,6,49.263
NGA,4410,USD,_T,DCU,_T,6,385.099
NGA,4410,USD,_T,_T,_T,6,434.363
NGA,5000,PS,OCC,DB,PF,3,58.3
NGA,5000,PS,OCC,DB,_T,3,58.3
NGA,5000,PS,OCC,_T,PF,3,58.3
NGA,5000,PS,OCC,_T,_T,3,58.3
NGA,5000,PS,PER,DCU,PF,3,8891.236
NGA,5000,PS,PER,DCU,_T,3,8891.236
NGA,5000,PS,PER,_T,PF,3,8891.236
NGA,5000,PS,PER,_T,_T,3,8891.236
NGA,5000,PS,_T,DB,PF,3,58.3
NGA,5000,PS,_T,DB,_T,3,58.3
NGA,5000,PS,_T,DCU,PF,3,8891.236
NGA,5000,PS,_T,DCU,_T,3,8891.236
NGA,5000,PS,_T,_T,PF,3,8949.536
NGA,5000,PS,_T,_T,_T,3,8949.536
NGA,5010,PS,OCC,DB,_T,3,41.133
NGA,5010,PS,OCC,_T,_T,3,41.133
NGA,5010,PS,PER,DCU,_T,3,6273.133
NGA,5010,PS,PER,_T,_T,3,6273.133
NGA,5010,PS,_T,DB,_T,3,41.133
NGA,5010,PS,_T,DCU,_T,3,6273.133
NGA,5010,PS,_T,_T,_T,3,6314.267
NGA,5020,PS,OCC,DB,_T,3,17.167
NGA,5020,PS,OCC,_T,_T,3,17.167
NGA,5020,PS,PER,DCU,_T,3,2618.103
NGA,5020,PS,PER,_T,_T,3,2618.103
NGA,5020,PS,_T,DB,_T,3,17.167
NGA,5020,PS,_T,DCU,_T,3,2618.103
NGA,5020,PS,_T,_T,_T,3,2635.269
NGA,5100,PS,OCC,DB,PF,3,37.253
NGA,5100,PS,OCC,DB,_T,3,37.253
NGA,5100,PS,OCC,_T,PF,3,37.253
NGA,5100,PS,OCC,_T,_T,3,37.253
NGA,5100,PS,PER,DCU,PF,3,8408.157
NGA,5100,PS,PER,DCU,_T,3,8408.157
NGA,5100,PS,PER,_T,PF,3,8408.157
NGA,5100,PS,PER,_T,_T,3,8408.157
NGA,5100,PS,_T,DB,PF,3,37.253
NGA,5100,PS,_T,DB,_T,3,37.253
NGA,5100,PS,_T,DCU,PF,3,8408.157
NGA,5100,PS,_T,DCU,_T,3,8408.157
NGA,5100,PS,_T,_T,PF,3,8445.41
NGA,5100,PS,_T,_T,_T,3,8445.41
NGA,5200,PS,OCC,DB,PF,3,0.184
NGA,5200,PS,OCC,DB,_T,3,0.184
NGA,5200,PS,OCC,_T,PF,3,0.184
NGA,5200,PS,OCC,_T,_T,3,0.184
NGA,5200,PS,PER,DCU,PF,3,340.409
NGA,5200,PS,PER,DCU,_T,3,340.409
NGA,5200,PS,PER,_T,PF,3,340.409
NGA,5200,PS,PER,_T,_T,3,340.409
NGA,5200,PS,_T,DB,PF,3,0.184
NGA,5200,PS,_T,DB,_T,3,0.184
NGA,5200,PS,_T,DCU,PF,3,340.409
NGA,5200,PS,_T,DCU,_T,3,340.409
NGA,5200,PS,_T,_T,PF,3,340.593
NGA,5200,PS,_T,_T,_T,3,340.593
NGA,5300,PS,OCC,DB,PF,3,21.047
NGA,5300,PS,OCC,DB,_T,3,21.047
NGA,5300,PS,OCC,_T,PF,3,21.047
NGA,5300,PS,OCC,_T,_T,3,21.047
NGA,5300,PS,PER,DCU,PF,3,483.079
NGA,5300,PS,PER,DCU,_T,3,483.079
NGA,5300,PS,PER,_T,PF,3,483.079
NGA,5300,PS,PER,_T,_T,3,483.079
NGA,5300,PS,_T,DB,PF,3,21.047
NGA,5300,PS,_T,DB,_T,3,21.047
NGA,5300,PS,_T,DCU,PF,3,483.079
NGA,5300,PS,_T,DCU,_T,3,483.079
NGA,5300,PS,_T,_T,PF,3,504.126
NGA,5300,PS,_T,_T,_T,3,504.126
NGA,5400,PS,OCC,DB,_T,3,0
NGA,5400,PS,OCC,_T,_T,3,0
NGA,5400,PS,PER,DCU,_T,3,0
NGA,5400,PS,PER,_T,_T,3,0
NGA,5400,PS,_T,DB,_T,3,0
NGA,5400,PS,_T,DCU,_T,3,0
NGA,5400,PS,_T,_T,_T,3,0
NGA,OA,PT_B1GQ,OCC,_T,_T,0,1.624
NGA,PA,PT_B1GQ,PER,_T,_T,0,5.392
NLD,1000,PT_B1GQ,_T,_T,PF,0,190.283
NLD,1000,PT_B1GQ,_T,_T,_T,0,190.283
NLD,1000,USD,_T,_T,PF,6,1773745.022
NLD,1000,USD,_T,_T,_T,6,1773745.022
NLD,1121,USD,_T,_T,_T,6,1555396.532
NLD,1122,USD,_T,_T,_T,6,927202.566
NLD,1131,USD,_T,_T,_T,6,43706.995
NLD,1141,USD,_T,_T,_T,6,689818.065
NLD,1151,USD,_T,_T,_T,6,475974.409
NLD,1161,USD,_T,_T,_T,6,33341.384
NLD,1172,USD,_T,_T,_T,6,83995.484
NLD,1210,USD,_T,_T,_T,6,55384.736
NLD,1215,USD,_T,_T,_T,6,806211.278
NLD,1220,USD,_T,_T,_T,6,524924.311
NLD,1230,USD,_T,_T,_T,6,281286.967
NLD,1240,USD,_T,_T,_T,6,74052.272
NLD,1245,USD,_T,_T,_T,6,542793.109
NLD,1260,USD,_T,_T,_T,6,161234.841
NLD,1284,USD,_T,_T,_T,6,29583.612
NLD,1286,USD,_T,_T,_T,6,67528.689
NLD,1290,USD,_T,_T,_T,6,36956.485
NLD,2000,USD,_T,_T,PF,6,1773745.022
NLD,2000,USD,_T,_T,_T,6,1773745.022
NLD,2100,USD,_T,_T,_T,6,71092.113
NLD,2200,USD,_T,_T,_T,6,1689111.447
NLD,2300,USD,_T,_T,_T,6,13541.462
NLD,3000,USD,_T,_T,_T,6,260371.934
NLD,3010,USD,_T,_T,_T,6,262292.953
NLD,3100,PT_B1GQ,_T,_T,_T,0,4.268
NLD,3100,USD,_T,_T,_T,6,39648.44
NLD,3200,USD,_T,_T,_T,6,28078.668
NLD,3300,USD,_T,_T,_T,6,11569.772
NLD,3400,USD,_T,_T,_T,6,5600.733
NLD,4000,PT_B1GQ,_T,_T,_T,0,3.87
NLD,4000,USD,_T,_T,_T,6,35946.337
NLD,4200,USD,_T,_T,_T,6,35946.337
NLD,4300,USD,_T,_T,_T,6,151.129
NLD,4310,USD,_T,_T,_T,6,2599.421
NLD,4410,USD,_T,_T,_T,6,1921.019
NLD,4420,USD,_T,_T,_T,6,1147.462
NLD,4500,USD,_T,_T,_T,6,957.151
NLD,5000,PS,_T,_T,PF,3,19133
NLD,5000,PS,_T,_T,_T,3,19133
NLD,5010,PS,_T,_T,_T,3,10017
NLD,5020,PS,_T,_T,_T,3,9116
NLD,5100,PS,_T,_T,PF,3,15680
NLD,5100,PS,_T,_T,_T,3,15680
NLD,5200,PS,_T,_T,PF,3,9775
NLD,5200,PS,_T,_T,_T,3,9775
NLD,5300,PS,_T,_T,PF,3,3453
NLD,5300,PS,_T,_T,_T,3,3453
NOR,1000,PT_B1GQ,OCC,DB,PF,0,10.736
NOR,1000,PT_B1GQ,OCC,_T,PF,0,10.736
NOR,1000,PT_B1GQ,_T,DB,PF,0,10.736
NOR,1000,PT_B1GQ,_T,_T,PF,0,10.736
NOR,1000,USD,OCC,DB,PF,6,43983.485
NOR,1000,USD,OCC,_T,PF,6,43983.485
NOR,1000,USD,_T,DB,PF,6,43983.485
NOR,1000,USD,_T,_T,PF,6,43983.485
NOR,2000,USD,OCC,DB,PF,6,43983.485
NOR,2000,USD,OCC,DB,PIC,6,110665.718
NOR,2000,USD,OCC,DB,_T,6,154649.203
NOR,2000,USD,OCC,DBH,PIC,6,953.759
NOR,2000,USD,OCC,DBH,_T,6,953.759
NOR,2000,USD,OCC,DCP,PIC,6,339.863
NOR,2000,USD,OCC,DCP,_T,6,339.863
NOR,2000,USD,OCC,DCU,PIC,6,35650.569
NOR,2000,USD,OCC,DCU,_T,6,35650.569
NOR,2000,USD,OCC,_T,PF,6,43983.485
NOR,2000,USD,OCC,_T,PIC,6,147609.909
NOR,2000,USD,OCC,_T,_T,6,191593.394
NOR,2000,USD,PER,DCP,PIC,6,5350.456
NOR,2000,USD,PER,DCP,_T,6,5350.456
NOR,2000,USD,PER,DCU,PIC,6,2544.191
NOR,2000,USD,PER,DCU,_T,6,2544.191
NOR,2000,USD,PER,_T,PIC,6,7894.647
NOR,2000,USD,PER,_T,_T,6,7894.647
NOR,2000,USD,_T,DB,PF,6,43983.485
NOR,2000,USD,_T,DB,PIC,6,110665.718
NOR,2000,USD,_T,DB,_T,6,154649.203
NOR,2000,USD,_T,DBH,PIC,6,953.759
NOR,2000,USD,_T,DBH,_T,6,953.759
NOR,2000,USD,_T,DCP,PIC,6,5690.319
NOR,2000,USD,_T,DCP,_T,6,5690.319
NOR,2000,USD,_T,DCU,PIC,6,38194.761
NOR,2000,USD,_T,DCU,_T,6,38194.761
NOR,2000,USD,_T,_T,PF,6,43983.485
NOR,2000,USD,_T,_T,PIC,6,155504.442
NOR,2000,USD,_T,_T,_T,6,199487.927
NOR,3100,PT_B1GQ,OCC,DB,_T,0,1.892
NOR,3100,PT_B1GQ,OCC,DBH,_T,0,0.069
NOR,3100,PT_B1GQ,OCC,DCP,_T,0,0.004
NOR,3100,PT_B1GQ,OCC,DCU,_T,0,0.886
NOR,3100,PT_B1GQ,OCC,_T,_T,0,2.851
NOR,3100,PT_B1GQ,PER,DCP,_T,0,0.05
NOR,3100,PT_B1GQ,PER,DCU,_T,0,0.037
NOR,3100,PT_B1GQ,PER,_T,_T,0,0.086
NOR,3100,PT_B1GQ,_T,DB,_T,0,1.892
NOR,3100,PT_B1GQ,_T,DBH,_T,0,0.069
NOR,3100,PT_B1GQ,_T,DCP,_T,0,0.054
NOR,3100,PT_B1GQ,_T,DCU,_T,0,0.922
NOR,3100,PT_B1GQ,_T,_T,_T,0,2.937
NOR,3100,USD,OCC,DB,_T,6,7735.449
NOR,3100,USD,OCC,DBH,_T,6,280.227
NOR,3100,USD,OCC,DCP,_T,6,16.591
NOR,3100,USD,OCC,DCU,_T,6,3619.545
NOR,3100,USD,OCC,_T,_T,6,11651.813
NOR,3100,USD,PER,DCP,_T,6,203.295
NOR,3100,USD,PER,DCU,_T,6,150.227
NOR,3100,USD,PER,_T,_T,6,353.523
NOR,3100,USD,_T,DB,_T,6,7735.449
NOR,3100,USD,_T,DBH,_T,6,280.227
NOR,3100,USD,_T,DCP,_T,6,219.886
NOR,3100,USD,_T,DCU,_T,6,3769.773
NOR,3100,USD,_T,_T,_T,6,12005.335
NOR,4000,PT_B1GQ,OCC,DB,_T,0,1.088
NOR,4000,PT_B1GQ,OCC,DBH,_T,0,0
NOR,4000,PT_B1GQ,OCC,DCU,_T,0,0.047
NOR,4000,PT_B1GQ,OCC,_T,_T,0,1.135
NOR,4000,PT_B1GQ,PER,DCU,_T,0,0.147
NOR,4000,PT_B1GQ,PER,_T,_T,0,0.147
NOR,4000,PT_B1GQ,_T,DB,_T,0,1.088
NOR,4000,PT_B1GQ,_T,DBH,_T,0,0
NOR,4000,PT_B1GQ,_T,DCU,_T,0,0.194
NOR,4000,PT_B1GQ,_T,_T,_T,0,1.282
NOR,4000,USD,OCC,DB,_T,6,4445.554
NOR,4000,USD,OCC,DBH,_T,6,1.136
NOR,4000,USD,OCC,DCU,_T,6,193.977
NOR,4000,USD,OCC,_T,_T,6,4640.668
NOR,4000,USD,PER,DCU,_T,6,599.318
NOR,4000,USD,PER,_T,_T,6,599.318
NOR,4000,USD,_T,DB,_T,6,4445.554
NOR,4000,USD,_T,DBH,_T,6,1.136
NOR,4000,USD,_T,DCU,_T,6,793.295
NOR,4000,USD,_T,_T,_T,6,5239.986
NOR,5000,PS,OCC,DB,PF,3,479.988
NOR,5000,PS,OCC,_T,PF,3,479.988
NOR,5000,PS,OCC,_T,_T,3,6285.988
NOR,5000,PS,PER,_T,_T,3,1000
NOR,5000,PS,_T,DB,PF,3,479.988
NOR,5000,PS,_T,_T,PF,3,479.988
NOR,5000,PS,_T,_T,PIC,3,6805
NOR,5000,PS,_T,_T,_T,3,7284.988
NOR,5100,PS,OCC,DB,PF,3,375.639
NOR,5100,PS,OCC,_T,PF,3,375.639
NOR,5100,PS,OCC,_T,_T,3,5593.639
NOR,5100,PS,PER,_T,_T,3,800
NOR,5100,PS,_T,DB,PF,3,375.639
NOR,5100,PS,_T,_T,PF,3,375.639
NOR,5100,PS,_T,_T,PIC,3,6016
NOR,5100,PS,_T,_T,_T,3,6391.639
NOR,5200,PS,OCC,DB,PF,3,193.117
NOR,5200,PS,OCC,_T,PF,3,193.117
NOR,5200,PS,OCC,_T,_T,3,3342.117
NOR,5200,PS,_T,DB,PF,3,193.117
NOR,5200,PS,_T,_T,PF,3,193.117
NOR,5200,PS,_T,_T,PIC,3,3149
NOR,5200,PS,_T,_T,_T,3,3342.117
NOR,5300,PS,OCC,DB,PF,3,104.349
NOR,5300,PS,OCC,_T,PF,3,104.349
NOR,5300,PS,OCC,_T,_T,3,692.349
NOR,5300,PS,PER,_T,_T,3,200
NOR,5300,PS,_T,DB,PF,3,104.349
NOR,5300,PS,_T,_T,PF,3,104.349
NOR,5300,PS,_T,_T,PIC,3,789
NOR,5300,PS,_T,_T,_T,3,893.349
NZL,1000,PT_B1GQ,_T,_T,PF,0,30.204
NZL,1000,PT_B1GQ,_T,_T,_T,0,30.204
NZL,1000,USD,_T,_T,PF,6,65769.127
NZL,1000,USD,_T,_T,_T,6,65769.127
NZL,1121,USD,_T,_T,_T,6,33151.94
NZL,1131,USD,_T,_T,_T,6,457.974
NZL,1141,USD,_T,_T,_T,6,9090.787
NZL,1151,USD,_T,_T,_T,6,17716.191
NZL,1210,USD,_T,_T,_T,6,4780.442
NZL,1215,USD,_T,_T,_T,6,15518.588
NZL,1220,USD,_T,_T,_T,6,1894.531
NZL,1230,USD,_T,_T,_T,6,13624.057
NZL,1240,USD,_T,_T,_T,6,16.837
NZL,1245,USD,_T,_T,_T,6,23774.246
NZL,1250,USD,_T,_T,_T,6,23679.957
NZL,1255,USD,_T,_T,_T,6,94.289
NZL,1270,USD,_T,_T,_T,6,20410.156
NZL,1290,USD,_T,_T,_T,6,1268.858
NZL,3100,PT_B1GQ,PER,DCU,_T,0,1.816
NZL,3100,PT_B1GQ,_T,DCU,_T,0,1.816
NZL,3100,USD,PER,DCU,_T,6,3868.735
NZL,3100,USD,_T,DCU,_T,6,3868.735
NZL,3200,USD,PER,DCU,_T,6,1421.021
NZL,3200,USD,_T,DCU,_T,6,1421.021
NZL,3300,USD,PER,DCU,_T,6,2447.714
NZL,3300,USD,_T,DCU,_T,6,2447.714
NZL,3400,USD,PER,DCU,_T,6,532.908
NZL,3400,USD,_T,DCU,_T,6,532.908
NZL,5000,PS,PER,DCU,PF,3,2966.074
NZL,5000,PS,PER,DCU,_T,3,2966.074
NZL,5000,PS,PER,_T,PF,3,2966.074
NZL,5000,PS,_T,DCU,PF,3,2966.074
NZL,5000,PS,_T,DCU,_T,3,2966.074
NZL,5100,PS,PER,DCU,PF,3,2966.074
NZL,5100,PS,PER,DCU,_T,3,2966.074
NZL,5100,PS,PER,_T,PF,3,2966.074
NZL,5100,PS,_T,DCU,PF,3,2966.074
NZL,5100,PS,_T,DCU,_T,3,2966.074
NZL,5200,PS,PER,DCU,PF,3,135.829
NZL,5200,PS,PER,DCU,_T,3,135.829
NZL,5200,PS,PER,_T,PF,3,135.829
NZL,5200,PS,_T,DCU,PF,3,135.829
NZL,5200,PS,_T,DCU,_T,3,135.829
PAK,1000,PT_B1GQ,PER,_T,_T,0,0.069
PAK,1000,PT_B1GQ,_T,_T,PF,0,0.069
PAK,1000,PT_B1GQ,_T,_T,_T,0,0.069
PAK,1000,USD,PER,_T,_T,6,194.495
PAK,1000,USD,_T,_T,PF,6,194.495
PAK,1000,USD,_T,_T,_T,6,194.495
PAK,1210,USD,PER,_T,_T,6,75.459
PAK,1210,USD,_T,_T,_T,6,75.459
PAK,1215,USD,PER,_T,_T,6,31.899
PAK,1215,USD,_T,_T,_T,6,31.899
PAK,1220,USD,PER,_T,_T,6,22.135
PAK,1220,USD,_T,_T,_T,6,22.135
PAK,1230,USD,PER,_T,_T,6,9.763
PAK,1230,USD,_T,_T,_T,6,9.763
PAK,1240,USD,PER,_T,_T,6,0
PAK,1240,USD,_T,_T,_T,6,0
PAK,1245,USD,PER,_T,_T,6,80.78
PAK,1245,USD,_T,_T,_T,6,80.78
PAK,1250,USD,PER,_T,_T,6,80.78
PAK,1250,USD,_T,_T,_T,6,80.78
PAK,1255,USD,PER,_T,_T,6,0
PAK,1255,USD,_T,_T,_T,6,0
PAK,1260,USD,PER,_T,_T,6,0
PAK,1260,USD,_T,_T,_T,6,0
PAK,1270,USD,PER,_T,_T,6,0
PAK,1270,USD,_T,_T,_T,6,0
PAK,1272,USD,PER,_T,_T,6,0
PAK,1272,USD,_T,_T,_T,6,0
PAK,1274,USD,PER,_T,_T,6,0
PAK,1274,USD,_T,_T,_T,6,0
PAK,1276,USD,PER,_T,_T,6,0
PAK,1276,USD,_T,_T,_T,6,0
PAK,1277,USD,PER,_T,_T,6,0
PAK,1277,USD,_T,_T,_T,6,0
PAK,1278,USD,PER,_T,_T,6,0
PAK,1278,USD,_T,_T,_T,6,0
PAK,1280,USD,PER,_T,_T,6,0
PAK,1280,USD,_T,_T,_T,6,0
PAK,1284,USD,PER,_T,_T,6,0
PAK,1284,USD,_T,_T,_T,6,0
PAK,1286,USD,PER,_T,_T,6,0
PAK,1286,USD,_T,_T,_T,6,0
PAK,1289,USD,PER,_T,_T,6,0
PAK,1289,USD,_T,_T,_T,6,0
PAK,1290,USD,PER,_T,_T,6,6.36
PAK,1290,USD,_T,_T,_T,6,6.36
PAK,3000,USD,_T,_T,_T,6,19.408
PAK,PA,PT_B1GQ,PER,_T,_T,0,0.069
PAN,1000,PT_B1GQ,_T,_T,PF,0,0.895
PAN,1000,PT_B1GQ,_T,_T,_T,0,0.895
PAN,1000,USD,_T,_T,PF,6,623.89
PAN,1000,USD,_T,_T,_T,6,623.89
PER,1000,PT_B1GQ,PER,DCU,PF,0,22.485
PER,1000,PT_B1GQ,PER,DCU,_T,0,22.485
PER,1000,PT_B1GQ,PER,_T,PF,0,22.485
PER,1000,PT_B1GQ,PER,_T,_T,0,22.485
PER,1000,PT_B1GQ,_T,DCU,PF,0,22.485
PER,1000,PT_B1GQ,_T,DCU,_T,0,22.485
PER,1000,PT_B1GQ,_T,_T,PF,0,22.485
PER,1000,PT_B1GQ,_T,_T,_T,0,22.485
PER,1000,USD,PER,DCU,PF,6,52752.918
PER,1000,USD,PER,DCU,_T,6,52752.918
PER,1000,USD,PER,_T,PF,6,52752.918
PER,1000,USD,PER,_T,_T,6,52752.918
PER,1000,USD,_T,DCU,PF,6,52752.918
PER,1000,USD,_T,DCU,_T,6,52752.918
PER,1000,USD,_T,_T,PF,6,52752.918
PER,1000,USD,_T,_T,_T,6,52752.918
PER,1121,USD,PER,DCU,_T,6,23671.581
PER,1121,USD,PER,_T,_T,6,23671.581
PER,1121,USD,_T,DCU,_T,6,23671.581
PER,1121,USD,_T,_T,_T,6,23671.581
PER,1122,USD,PER,DCU,_T,6,23663.445
PER,1122,USD,PER,_T,_T,6,23663.445
PER,1122,USD,_T,DCU,_T,6,23663.445
PER,1122,USD,_T,_T,_T,6,23663.445
PER,1131,USD,PER,DCU,_T,6,142.966
PER,1131,USD,PER,_T,_T,6,142.966
PER,1131,USD,_T,DCU,_T,6,142.966
PER,1131,USD,_T,_T,_T,6,142.966
PER,1141,USD,PER,DCU,_T,6,6759.705
PER,1141,USD,PER,_T,_T,6,6759.705
PER,1141,USD,_T,DCU,_T,6,6759.705
PER,1141,USD,_T,_T,_T,6,6759.705
PER,1151,USD,PER,DCU,_T,6,14183.5
PER,1151,USD,PER,_T,_T,6,14183.5
PER,1151,USD,_T,DCU,_T,6,14183.5
PER,1151,USD,_T,_T,_T,6,14183.5
PER,1161,USD,PER,DCU,_T,6,4353.401
PER,1161,USD,PER,_T,_T,6,4353.401
PER,1161,USD,_T,DCU,_T,6,4353.401
PER,1161,USD,_T,_T,_T,6,4353.401
PER,1171,USD,PER,DCU,_T,6,20612.758
PER,1171,USD,PER,_T,_T,6,20612.758
PER,1171,USD,_T,DCU,_T,6,20612.758
PER,1171,USD,_T,_T,_T,6,20612.758
PER,1172,USD,PER,DCU,_T,6,239.015
PER,1172,USD,PER,_T,_T,6,239.015
PER,1172,USD,_T,DCU,_T,6,239.015
PER,1172,USD,_T,_T,_T,6,239.015
PER,1210,USD,PER,DCU,_T,6,1305.668
PER,1210,USD,PER,_T,_T,6,1305.668
PER,1210,USD,_T,DCU,_T,6,1305.668
PER,1210,USD,_T,_T,_T,6,1305.668
PER,1215,USD,PER,DCU,_T,6,21764.603
PER,1215,USD,PER,_T,_T,6,21764.603
PER,1215,USD,_T,DCU,_T,6,21764.603
PER,1215,USD,_T,_T,_T,6,21764.603
PER,1220,USD,PER,DCU,_T,6,13937.998
PER,1220,USD,PER,_T,_T,6,13937.998
PER,1220,USD,_T,DCU,_T,6,13937.998
PER,1220,USD,_T,_T,_T,6,13937.998
PER,1230,USD,PER,DCU,_T,6,7826.605
PER,1230,USD,PER,_T,_T,6,7826.605
PER,1230,USD,_T,DCU,_T,6,7826.605
PER,1230,USD,_T,_T,_T,6,7826.605
PER,1240,USD,PER,DCU,_T,6,0
PER,1240,USD,PER,_T,_T,6,0
PER,1240,USD,_T,DCU,_T,6,0
PER,1240,USD,_T,_T,_T,6,0
PER,1245,USD,PER,DCU,_T,6,6085.278
PER,1245,USD,PER,_T,_T,6,6085.278
PER,1245,USD,_T,DCU,_T,6,6085.278
PER,1245,USD,_T,_T,_T,6,6085.278
PER,1250,USD,PER,DCU,_T,6,6085.278
PER,1250,USD,PER,_T,_T,6,6085.278
PER,1250,USD,_T,DCU,_T,6,6085.278
PER,1250,USD,_T,_T,_T,6,6085.278
PER,1255,USD,PER,DCU,_T,6,0
PER,1255,USD,PER,_T,_T,6,0
PER,1255,USD,_T,DCU,_T,6,0
PER,1255,USD,_T,_T,_T,6,0
PER,1260,USD,PER,DCU,_T,6,0
PER,1260,USD,PER,_T,_T,6,0
PER,1260,USD,_T,DCU,_T,6,0
PER,1260,USD,_T,_T,_T,6,0
PER,1270,USD,PER,DCU,_T,6,20396.077
PER,1270,USD,PER,_T,_T,6,20396.077
PER,1270,USD,_T,DCU,_T,6,20396.077
PER,1270,USD,_T,_T,_T,6,20396.077
PER,1272,USD,PER,DCU,_T,6,0
PER,1272,USD,PER,_T,_T,6,0
PER,1272,USD,_T,DCU,_T,6,0
PER,1272,USD,_T,_T,_T,6,0
PER,1274,USD,PER,DCU,_T,6,5420.709
PER,1274,USD,PER,_T,_T,6,5420.709
PER,1274,USD,_T,DCU,_T,6,5420.709
PER,1274,USD,_T,_T,_T,6,5420.709
PER,1276,USD,PER,DCU,_T,6,14191.277
PER,1276,USD,PER,_T,_T,6,14191.277
PER,1276,USD,_T,DCU,_T,6,14191.277
PER,1276,USD,_T,_T,_T,6,14191.277
PER,1277,USD,PER,DCU,_T,6,0
PER,1277,USD,PER,_T,_T,6,0
PER,1277,USD,_T,DCU,_T,6,0
PER,1277,USD,_T,_T,_T,6,0
PER,1278,USD,PER,DCU,_T,6,784.09
PER,1278,USD,PER,_T,_T,6,784.09
PER,1278,USD,_T,DCU,_T,6,784.09
PER,1278,USD,_T,_T,_T,6,784.09
PER,1280,USD,PER,DCU,_T,6,0
PER,1280,USD,PER,_T,_T,6,0
PER,1280,USD,_T,DCU,_T,6,0
PER,1280,USD,_T,_T,_T,6,0
PER,1284,USD,PER,DCU,_T,6,0
PER,1284,USD,PER,_T,_T,6,0
PER,1284,USD,_T,DCU,_T,6,0
PER,1284,USD,_T,_T,_T,6,0
PER,1286,USD,PER,DCU,_T,6,2890.973
PER,1286,USD,PER,_T,_T,6,2890.973
PER,1286,USD,_T,DCU,_T,6,2890.973
PER,1286,USD,_T,_T,_T,6,2890.973
PER,1289,USD,PER,DCU,_T,6,0
PER,1289,USD,PER,_T,_T,6,0
PER,1289,USD,_T,DCU,_T,6,0
PER,1289,USD,_T,_T,_T,6,0
PER,1290,USD,PER,DCU,_T,6,310.32
PER,1290,USD,PER,_T,_T,6,310.32
PER,1290,USD,_T,DCU,_T,6,310.32
PER,1290,USD,_T,_T,_T,6,310.32
PER,2000,USD,PER,DCU,PF,6,52752.918
PER,2000,USD,PER,DCU,_T,6,52752.918
PER,2000,USD,PER,_T,PF,6,52752.918
PER,2000,USD,PER,_T,_T,6,52752.918
PER,2000,USD,_T,DCU,PF,6,52752.918
PER,2000,USD,_T,DCU,_T,6,52752.918
PER,2000,USD,_T,_T,PF,6,52752.918
PER,2000,USD,_T,_T,_T,6,52752.918
PER,2100,USD,PER,DCU,_T,6,52301.66
PER,2100,USD,PER,_T,_T,6,52301.66
PER,2100,USD,_T,DCU,_T,6,52301.66
PER,2100,USD,_T,_T,_T,6,52301.66
PER,2300,USD,PER,DCU,_T,6,451.258
PER,2300,USD,PER,_T,_T,6,451.258
PER,2300,USD,_T,DCU,_T,6,451.258
PER,2300,USD,_T,_T,_T,6,451.258
PER,3000,USD,PER,DCU,_T,6,6008.747
PER,3000,USD,PER,_T,_T,6,6008.747
PER,3000,USD,_T,DCU,_T,6,6008.747
PER,3000,USD,_T,_T,_T,6,6008.747
PER,3100,PT_B1GQ,PER,DCU,_T,0,1.754
PER,3100,PT_B1GQ,PER,_T,_T,0,1.754
PER,3100,PT_B1GQ,_T,DCU,_T,0,1.754
PER,3100,PT_B1GQ,_T,_T,_T,0,1.754
PER,3100,USD,PER,DCU,_T,6,4086.154
PER,3100,USD,PER,_T,_T,6,4086.154
PER,3100,USD,_T,DCU,_T,6,4086.154
PER,3100,USD,_T,_T,_T,6,4086.154
PER,3200,USD,PER,DCU,_T,6,0
PER,3200,USD,PER,_T,_T,6,0
PER,3200,USD,_T,DCU,_T,6,0
PER,3200,USD,_T,_T,_T,6,0
PER,3300,USD,PER,DCU,_T,6,4086.154
PER,3300,USD,PER,_T,_T,6,4086.154
PER,3300,USD,_T,DCU,_T,6,4086.154
PER,3300,USD,_T,_T,_T,6,4086.154
PER,3400,USD,PER,DCU,_T,6,525.232
PER,3400,USD,PER,_T,_T,6,525.232
PER,3400,USD,_T,DCU,_T,6,525.232
PER,3400,USD,_T,_T,_T,6,525.232
PER,4000,PT_B1GQ,PER,DCU,_T,0,1.334
PER,4000,PT_B1GQ,PER,_T,_T,0,1.334
PER,4000,PT_B1GQ,_T,DCU,_T,0,1.334
PER,4000,PT_B1GQ,_T,_T,_T,0,1.334
PER,4000,USD,PER,DCU,_T,6,3107.778
PER,4000,USD,PER,_T,_T,6,3107.778
PER,4000,USD,_T,DCU,_T,6,3107.778
PER,4000,USD,_T,_T,_T,6,3107.778
PER,4100,USD,PER,DCU,_T,6,2672.781
PER,4100,USD,PER,_T,_T,6,2672.781
PER,4100,USD,_T,DCU,_T,6,2672.781
PER,4100,USD,_T,_T,_T,6,2672.781
PER,4200,USD,PER,DCU,_T,6,434.997
PER,4200,USD,PER,_T,_T,6,434.997
PER,4200,USD,_T,DCU,_T,6,434.997
PER,4200,USD,_T,_T,_T,6,434.997
PER,5000,PS,PER,DCU,PF,3,7526.02
PER,5000,PS,PER,DCU,_T,3,7526.02
PER,5000,PS,PER,_T,PF,3,7526.02
PER,5000,PS,PER,_T,_T,3,7526.02
PER,5000,PS,_T,DCU,PF,3,7526.02
PER,5000,PS,_T,DCU,_T,3,7526.02
PER,5000,PS,_T,_T,PF,3,7526.02
PER,5000,PS,_T,_T,_T,3,7526.02
PER,5100,PS,PER,DCU,PF,3,7426.708
PER,5100,PS,PER,DCU,_T,3,7426.708
PER,5100,PS,PER,_T,PF,3,7426.708
PER,5100,PS,PER,_T,_T,3,7426.708
PER,5100,PS,_T,DCU,PF,3,7426.708
PER,5100,PS,_T,DCU,_T,3,7426.708
PER,5100,PS,_T,_T,PF,3,7426.708
PER,5100,PS,_T,_T,_T,3,7426.708
PER,5300,PS,PER,DCU,PF,3,99.309
PER,5300,PS,PER,DCU,_T,3,99.309
PER,5300,PS,PER,_T,PF,3,99.309
PER,5300,PS,PER,_T,_T,3,99.309
PER,5300,PS,_T,DCU,PF,3,99.309
PER,5300,PS,_T,DCU,_T,3,99.309
PER,5300,PS,_T,_T,PF,3,99.309
PER,5300,PS,_T,_T,_T,3,99.309
PER,5400,PS,PER,DCU,_T,3,80.881
PER,5400,PS,PER,_T,_T,3,80.881
PER,5400,PS,_T,DCU,_T,3,80.881
PER,5400,PS,_T,_T,_T,3,80.881
PER,PA,PT_B1GQ,PER,_T,_T,0,22.485
POL,1000,PT_B1GQ,OCC,DCU,INV,0,0.407
POL,1000,PT_B1GQ,OCC,DCU,PF,0,0.082
POL,1000,PT_B1GQ,OCC,DCU,PIC,0,0.141
POL,1000,PT_B1GQ,OCC,DCU,_T,0,0.629
POL,1000,PT_B1GQ,OCC,_T,INV,0,0.407
POL,1000,PT_B1GQ,OCC,_T,PF,0,0.082
POL,1000,PT_B1GQ,OCC,_T,PIC,0,0.141
POL,1000,PT_B1GQ,OCC,_T,_T,0,0.629
POL,1000,PT_B1GQ,PER,DCU,BANK,0,0.109
POL,1000,PT_B1GQ,PER,DCU,INV,0,0.296
POL,1000,PT_B1GQ,PER,DCU,PF,0,6.652
POL,1000,PT_B1GQ,PER,DCU,PIC,0,0.152
POL,1000,PT_B1GQ,PER,DCU,_T,0,7.21
POL,1000,PT_B1GQ,PER,_T,BANK,0,0.109
POL,1000,PT_B1GQ,PER,_T,INV,0,0.296
POL,1000,PT_B1GQ,PER,_T,PF,0,6.652
POL,1000,PT_B1GQ,PER,_T,PIC,0,0.152
POL,1000,PT_B1GQ,PER,_T,_T,0,7.21
POL,1000,PT_B1GQ,_T,DCU,BANK,0,0.109
POL,1000,PT_B1GQ,_T,DCU,INV,0,0.703
POL,1000,PT_B1GQ,_T,DCU,PF,0,6.734
POL,1000,PT_B1GQ,_T,DCU,PIC,0,0.293
POL,1000,PT_B1GQ,_T,DCU,_T,0,7.839
POL,1000,PT_B1GQ,_T,_T,BANK,0,0.109
POL,1000,PT_B1GQ,_T,_T,INV,0,0.703
POL,1000,PT_B1GQ,_T,_T,OTH,0,0.812
POL,1000,PT_B1GQ,_T,_T,PF,0,6.734
POL,1000,PT_B1GQ,_T,_T,PIC,0,0.293
POL,1000,PT_B1GQ,_T,_T,_T,0,7.839
POL,1000,USD,OCC,DCU,INV,6,2477.116
POL,1000,USD,OCC,DCU,PF,6,496.722
POL,1000,USD,OCC,DCU,PIC,6,858.882
POL,1000,USD,OCC,DCU,_T,6,3832.72
POL,1000,USD,OCC,_T,INV,6,2477.116
POL,1000,USD,OCC,_T,PF,6,496.722
POL,1000,USD,OCC,_T,PIC,6,858.882
POL,1000,USD,OCC,_T,_T,6,3832.72
POL,1000,USD,PER,DCU,BANK,6,663.82
POL,1000,USD,PER,DCU,INV,6,1805.565
POL,1000,USD,PER,DCU,PF,6,40531.029
POL,1000,USD,PER,DCU,PIC,6,927.53
POL,1000,USD,PER,DCU,_T,6,43927.944
POL,1000,USD,PER,_T,BANK,6,663.82
POL,1000,USD,PER,_T,INV,6,1805.565
POL,1000,USD,PER,_T,PF,6,40531.029
POL,1000,USD,PER,_T,PIC,6,927.53
POL,1000,USD,PER,_T,_T,6,43927.944
POL,1000,USD,_T,DCU,BANK,6,663.82
POL,1000,USD,_T,DCU,INV,6,4282.681
POL,1000,USD,_T,DCU,PF,6,41027.752
POL,1000,USD,_T,DCU,PIC,6,1786.412
POL,1000,USD,_T,DCU,_T,6,47760.665
POL,1000,USD,_T,_T,BANK,6,663.82
POL,1000,USD,_T,_T,INV,6,4282.681
POL,1000,USD,_T,_T,OTH,6,4946.501
POL,1000,USD,_T,_T,PF,6,41027.752
POL,1000,USD,_T,_T,PIC,6,1786.412
POL,1000,USD,_T,_T,_T,6,47760.665
POL,1110,USD,PER,DCU,_T,6,0
POL,1110,USD,_T,DCU,_T,6,0
POL,1121,USD,PER,DCU,_T,6,2765.905
POL,1121,USD,_T,DCU,_T,6,2765.905
POL,1122,USD,PER,DCU,_T,6,2765.905
POL,1122,USD,_T,DCU,_T,6,2765.905
POL,1131,USD,PER,DCU,_T,6,0
POL,1131,USD,_T,DCU,_T,6,0
POL,1141,USD,PER,DCU,_T,6,10.549
POL,1141,USD,_T,DCU,_T,6,10.549
POL,1151,USD,PER,DCU,_T,6,2755.356
POL,1151,USD,_T,DCU,_T,6,2755.356
POL,1161,USD,PER,DCU,_T,6,0
POL,1161,USD,_T,DCU,_T,6,0
POL,1210,USD,PER,DCU,_T,6,2914.319
POL,1210,USD,_T,DCU,_T,6,2914.319
POL,1215,USD,PER,DCU,_T,6,3054.037
POL,1215,USD,_T,DCU,_T,6,3054.037
POL,1220,USD,PER,DCU,_T,6,920.692
POL,1220,USD,_T,DCU,_T,6,920.692
POL,1230,USD,PER,DCU,_T,6,2133.346
POL,1230,USD,_T,DCU,_T,6,2133.346
POL,1240,USD,PER,DCU,_T,6,0
POL,1240,USD,_T,DCU,_T,6,0
POL,1245,USD,PER,DCU,_T,6,33558.747
POL,1245,USD,_T,DCU,_T,6,33558.747
POL,1250,USD,PER,DCU,_T,6,33558.746
POL,1250,USD,_T,DCU,_T,6,33558.746
POL,1255,USD,PER,DCU,_T,6,0.001
POL,1255,USD,_T,DCU,_T,6,0.001
POL,1270,USD,PER,DCU,_T,6,0.252
POL,1270,USD,_T,DCU,_T,6,0.252
POL,1280,USD,PER,DCU,_T,6,0
POL,1280,USD,_T,DCU,_T,6,0
POL,1284,USD,PER,DCU,_T,6,0
POL,1284,USD,_T,DCU,_T,6,0
POL,1286,USD,PER,DCU,_T,6,0
POL,1286,USD,_T,DCU,_T,6,0
POL,1289,USD,PER,DCU,_T,6,0
POL,1289,USD,_T,DCU,_T,6,0
POL,1290,USD,PER,DCU,_T,6,851.234
POL,1290,USD,_T,DCU,_T,6,851.234
POL,2000,USD,OCC,DCU,PF,6,496.722
POL,2000,USD,OCC,_T,PF,6,496.722
POL,2000,USD,PER,DCU,PF,6,40918.202
POL,2000,USD,PER,DCU,_T,6,40765.761
POL,2000,USD,PER,_T,PF,6,40918.202
POL,2000,USD,_T,DCU,PF,6,41414.924
POL,2000,USD,_T,DCU,_T,6,40765.761
POL,2000,USD,_T,_T,PF,6,41414.924
POL,2100,USD,PER,DCU,_T,6,40765.761
POL,2100,USD,_T,DCU,_T,6,40765.761
POL,2200,USD,PER,DCU,_T,6,0
POL,2200,USD,_T,DCU,_T,6,0
POL,2300,USD,PER,DCU,_T,6,0
POL,2300,USD,_T,DCU,_T,6,0
POL,3000,USD,PER,DCU,_T,6,369.642
POL,3000,USD,_T,DCU,_T,6,369.642
POL,3010,USD,PER,DCU,_T,6,615.914
POL,3010,USD,_T,DCU,_T,6,615.914
POL,3100,PT_B1GQ,OCC,DCU,_T,0,0.082
POL,3100,PT_B1GQ,OCC,_T,_T,0,0.082
POL,3100,PT_B1GQ,PER,DCU,_T,0,0.264
POL,3100,PT_B1GQ,PER,_T,_T,0,0.264
POL,3100,PT_B1GQ,_T,DCU,_T,0,0.346
POL,3100,PT_B1GQ,_T,_T,_T,0,0.346
POL,3100,USD,OCC,DCU,_T,6,493.793
POL,3100,USD,OCC,_T,_T,6,493.793
POL,3100,USD,PER,DCU,_T,6,1589.201
POL,3100,USD,PER,_T,_T,6,1589.201
POL,3100,USD,_T,DCU,_T,6,2082.994
POL,3100,USD,_T,_T,_T,6,2082.994
POL,3200,USD,OCC,DCU,_T,6,476.828
POL,3200,USD,OCC,_T,_T,6,476.828
POL,3200,USD,_T,DCU,_T,6,476.828
POL,3200,USD,_T,_T,_T,6,476.828
POL,3300,USD,OCC,DCU,_T,6,16.965
POL,3300,USD,OCC,_T,_T,6,16.965
POL,3300,USD,PER,DCU,_T,6,1589.201
POL,3300,USD,PER,_T,_T,6,1589.201
POL,3300,USD,_T,DCU,_T,6,1606.166
POL,3300,USD,_T,_T,_T,6,1606.166
POL,3400,USD,PER,DCU,_T,6,0
POL,3400,USD,_T,DCU,_T,6,0
POL,4000,PT_B1GQ,OCC,DCU,_T,0,0.028
POL,4000,PT_B1GQ,OCC,_T,_T,0,0.028
POL,4000,PT_B1GQ,PER,DCU,_T,0,0.012
POL,4000,PT_B1GQ,PER,_T,_T,0,0.012
POL,4000,PT_B1GQ,_T,DCU,_T,0,0.04
POL,4000,PT_B1GQ,_T,_T,_T,0,0.04
POL,4000,USD,OCC,DCU,_T,6,168.021
POL,4000,USD,OCC,_T,_T,6,168.021
POL,4000,USD,PER,DCU,_T,6,70.569
POL,4000,USD,PER,_T,_T,6,70.569
POL,4000,USD,_T,DCU,_T,6,238.59
POL,4000,USD,_T,_T,_T,6,238.59
POL,4100,USD,OCC,DCU,_T,6,168.021
POL,4100,USD,OCC,_T,_T,6,168.021
POL,4100,USD,PER,DCU,_T,6,70.569
POL,4100,USD,PER,_T,_T,6,70.569
POL,4100,USD,_T,DCU,_T,6,238.59
POL,4100,USD,_T,_T,_T,6,238.59
POL,4310,USD,PER,DCU,_T,6,1803.886
POL,4310,USD,PER,_T,_T,6,1803.886
POL,4310,USD,_T,DCU,_T,6,1803.886
POL,4310,USD,_T,_T,_T,6,1803.886
POL,4410,USD,PER,DCU,_T,6,245.848
POL,4410,USD,_T,DCU,_T,6,245.848
POL,4420,USD,PER,DCU,_T,6,0
POL,4420,USD,_T,DCU,_T,6,0
POL,4500,USD,PER,DCU,_T,6,0.424
POL,4500,USD,_T,DCU,_T,6,0.424
POL,5000,PS,OCC,DCU,INV,3,481.801
POL,5000,PS,OCC,DCU,PF,3,32.222
POL,5000,PS,OCC,DCU,PIC,3,98.833
POL,5000,PS,OCC,DCU,_T,3,612.856
POL,5000,PS,OCC,_T,INV,3,481.801
POL,5000,PS,OCC,_T,PF,3,32.222
POL,5000,PS,OCC,_T,PIC,3,98.833
POL,5000,PS,OCC,_T,_T,3,612.856
POL,5000,PS,PER,DCU,BANK,3,112.889
POL,5000,PS,PER,DCU,INV,3,585.928
POL,5000,PS,PER,DCU,PF,3,15737.905
POL,5000,PS,PER,DCU,PIC,3,839.01
POL,5000,PS,PER,DCU,_T,3,17275.732
POL,5000,PS,PER,_T,BANK,3,112.889
POL,5000,PS,PER,_T,INV,3,585.928
POL,5000,PS,PER,_T,PF,3,15737.905
POL,5000,PS,PER,_T,PIC,3,839.01
POL,5000,PS,PER,_T,_T,3,17275.732
POL,5000,PS,_T,DCU,BANK,3,112.889
POL,5000,PS,_T,DCU,INV,3,1067.729
POL,5000,PS,_T,DCU,PF,3,15770.127
POL,5000,PS,_T,DCU,PIC,3,937.843
POL,5000,PS,_T,DCU,_T,3,17888.588
POL,5000,PS,_T,_T,BANK,3,112.889
POL,5000,PS,_T,_T,INV,3,1067.729
POL,5000,PS,_T,_T,OTH,3,1180.618
POL,5000,PS,_T,_T,PF,3,15770.127
POL,5000,PS,_T,_T,PIC,3,937.843
POL,5000,PS,_T,_T,_T,3,17888.588
POL,5010,PS,PER,DCU,_T,3,9115.078
POL,5010,PS,PER,_T,_T,3,9115.078
POL,5010,PS,_T,DCU,_T,3,9115.078
POL,5020,PS,PER,DCU,_T,3,8160.654
POL,5020,PS,PER,_T,_T,3,8160.654
POL,5020,PS,_T,DCU,_T,3,8160.654
POL,5100,PS,OCC,DCU,INV,3,481.801
POL,5100,PS,OCC,DCU,PF,3,32.222
POL,5100,PS,OCC,DCU,PIC,3,98.833
POL,5100,PS,OCC,DCU,_T,3,612.856
POL,5100,PS,OCC,_T,INV,3,481.801
POL,5100,PS,OCC,_T,PF,3,32.222
POL,5100,PS,OCC,_T,PIC,3,98.833
POL,5100,PS,OCC,_T,_T,3,612.856
POL,5100,PS,PER,DCU,BANK,3,112.889
POL,5100,PS,PER,DCU,INV,3,585.928
POL,5100,PS,PER,DCU,PF,3,15737.905
POL,5100,PS,PER,DCU,PIC,3,839.01
POL,5100,PS,PER,DCU,_T,3,17275.732
POL,5100,PS,PER,_T,BANK,3,112.889
POL,5100,PS,PER,_T,INV,3,585.928
POL,5100,PS,PER,_T,PF,3,15737.905
POL,5100,PS,PER,_T,PIC,3,839.01
POL,5100,PS,PER,_T,_T,3,17275.732
POL,5100,PS,_T,DCU,BANK,3,112.889
POL,5100,PS,_T,DCU,INV,3,1067.729
POL,5100,PS,_T,DCU,PF,3,15770.127
POL,5100,PS,_T,DCU,PIC,3,937.843
POL,5100,PS,_T,DCU,_T,3,17888.588
POL,5100,PS,_T,_T,BANK,3,112.889
POL,5100,PS,_T,_T,INV,3,1067.729
POL,5100,PS,_T,_T,OTH,3,1180.618
POL,5100,PS,_T,_T,PF,3,15770.127
POL,5100,PS,_T,_T,PIC,3,937.843
POL,5100,PS,_T,_T,_T,3,17888.588
POL,5200,PS,OCC,DCU,INV,3,50.173
POL,5200,PS,OCC,DCU,PF,3,17.272
POL,5200,PS,OCC,DCU,PIC,3,17.599
POL,5200,PS,OCC,DCU,_T,3,85.044
POL,5200,PS,OCC,_T,INV,3,50.173
POL,5200,PS,OCC,_T,PF,3,17.272
POL,5200,PS,OCC,_T,PIC,3,17.599
POL,5200,PS,OCC,_T,_T,3,85.044
POL,5200,PS,PER,DCU,PF,3,0
POL,5200,PS,PER,DCU,_T,3,0
POL,5200,PS,PER,_T,PF,3,0
POL,5200,PS,_T,DCU,INV,3,50.173
POL,5200,PS,_T,DCU,PF,3,17.272
POL,5200,PS,_T,DCU,PIC,3,17.599
POL,5200,PS,_T,DCU,_T,3,85.044
POL,5200,PS,_T,_T,INV,3,50.173
POL,5300,PS,PER,DCU,PF,3,0
POL,5300,PS,PER,DCU,_T,3,0
POL,5300,PS,PER,_T,PF,3,0
POL,5300,PS,_T,DCU,PF,3,0
POL,5300,PS,_T,DCU,_T,3,0
POL,5400,PS,PER,DCU,_T,3,0
POL,5400,PS,_T,DCU,_T,3,0
POL,OA,PT_B1GQ,OCC,_T,_T,0,0.629
POL,PA,PT_B1GQ,PER,_T,_T,0,7.21
PRT,1000,PT_B1GQ,OCC,DB,PF,0,7.642
PRT,1000,PT_B1GQ,OCC,DB,_T,0,7.642
PRT,1000,PT_B1GQ,OCC,DBH,PF,0,0.112
PRT,1000,PT_B1GQ,OCC,DBH,_T,0,0.112
PRT,1000,PT_B1GQ,OCC,DCU,PF,0,2.09
PRT,1000,PT_B1GQ,OCC,DCU,_T,0,2.09
PRT,1000,PT_B1GQ,OCC,_T,PF,0,9.843
PRT,1000,PT_B1GQ,OCC,_T,_T,0,9.843
PRT,1000,PT_B1GQ,PER,DCU,INV,0,1.2
PRT,1000,PT_B1GQ,PER,DCU,PF,0,0.334
PRT,1000,PT_B1GQ,PER,DCU,PIC,0,9.09
PRT,1000,PT_B1GQ,PER,DCU,_T,0,10.624
PRT,1000,PT_B1GQ,PER,_T,INV,0,1.2
PRT,1000,PT_B1GQ,PER,_T,PF,0,0.334
PRT,1000,PT_B1GQ,PER,_T,PIC,0,9.09
PRT,1000,PT_B1GQ,PER,_T,_T,0,10.624
PRT,1000,PT_B1GQ,_T,DB,PF,0,7.642
PRT,1000,PT_B1GQ,_T,DB,_T,0,7.642
PRT,1000,PT_B1GQ,_T,DBH,PF,0,0.112
PRT,1000,PT_B1GQ,_T,DBH,_T,0,0.112
PRT,1000,PT_B1GQ,_T,DCU,INV,0,1.2
PRT,1000,PT_B1GQ,_T,DCU,PF,0,2.424
PRT,1000,PT_B1GQ,_T,DCU,PIC,0,9.09
PRT,1000,PT_B1GQ,_T,DCU,_T,0,12.714
PRT,1000,PT_B1GQ,_T,_T,INV,0,1.2
PRT,1000,PT_B1GQ,_T,_T,OTH,0,1.2
PRT,1000,PT_B1GQ,_T,_T,PF,0,10.178
PRT,1000,PT_B1GQ,_T,_T,PIC,0,9.09
PRT,1000,PT_B1GQ,_T,_T,_T,0,20.467
PRT,1000,USD,OCC,DB,PF,6,18413.123
PRT,1000,USD,OCC,DB,_T,6,18413.123
PRT,1000,USD,OCC,DBH,PF,6,269.717
PRT,1000,USD,OCC,DBH,_T,6,269.717
PRT,1000,USD,OCC,DCU,PF,6,5035.566
PRT,1000,USD,OCC,DCU,_T,6,5035.566
PRT,1000,USD,OCC,_T,PF,6,23718.406
PRT,1000,USD,OCC,_T,_T,6,23718.406
PRT,1000,USD,PER,DCU,INV,6,2890.841
PRT,1000,USD,PER,DCU,PF,6,805.342
PRT,1000,USD,PER,DCU,PIC,6,21903.118
PRT,1000,USD,PER,DCU,_T,6,25599.301
PRT,1000,USD,PER,_T,INV,6,2890.841
PRT,1000,USD,PER,_T,PF,6,805.342
PRT,1000,USD,PER,_T,PIC,6,21903.118
PRT,1000,USD,PER,_T,_T,6,25599.301
PRT,1000,USD,_T,DB,PF,6,18413.123
PRT,1000,USD,_T,DB,_T,6,18413.123
PRT,1000,USD,_T,DBH,PF,6,269.717
PRT,1000,USD,_T,DBH,_T,6,269.717
PRT,1000,USD,_T,DCU,INV,6,2890.841
PRT,1000,USD,_T,DCU,PF,6,5840.908
PRT,1000,USD,_T,DCU,PIC,6,21903.118
PRT,1000,USD,_T,DCU,_T,6,30634.867
PRT,1000,USD,_T,_T,INV,6,2890.841
PRT,1000,USD,_T,_T,OTH,6,2890.841
PRT,1000,USD,_T,_T,PF,6,24523.748
PRT,1000,USD,_T,_T,PIC,6,21903.118
PRT,1000,USD,_T,_T,_T,6,49317.707
PRT,1110,USD,OCC,DB,_T,6,24.699
PRT,1110,USD,OCC,DBH,_T,6,0.073
PRT,1110,USD,OCC,DCU,_T,6,14.269
PRT,1110,USD,OCC,_T,_T,6,39.04
PRT,1110,USD,PER,DCU,_T,6,0.107
PRT,1110,USD,PER,_T,_T,6,0.107
PRT,1110,USD,_T,DB,_T,6,24.699
PRT,1110,USD,_T,DBH,_T,6,0.073
PRT,1110,USD,_T,DCU,_T,6,14.375
PRT,1110,USD,_T,_T,_T,6,39.147
PRT,1121,USD,OCC,DB,_T,6,15604.214
PRT,1121,USD,OCC,DBH,_T,6,266.134
PRT,1121,USD,OCC,DCU,_T,6,4408.432
PRT,1121,USD,OCC,_T,_T,6,20278.78
PRT,1121,USD,PER,DCU,_T,6,17638.881
PRT,1121,USD,PER,_T,_T,6,17638.881
PRT,1121,USD,_T,DB,_T,6,15604.214
PRT,1121,USD,_T,DBH,_T,6,266.134
PRT,1121,USD,_T,DCU,_T,6,22047.313
PRT,1121,USD,_T,_T,_T,6,37917.661
PRT,1122,USD,OCC,DB,_T,6,625.029
PRT,1122,USD,OCC,DBH,_T,6,20.617
PRT,1122,USD,OCC,DCU,_T,6,246.584
PRT,1122,USD,OCC,_T,_T,6,892.23
PRT,1122,USD,PER,DCU,_T,6,2290.915
PRT,1122,USD,PER,_T,_T,6,2290.915
PRT,1122,USD,_T,DB,_T,6,625.029
PRT,1122,USD,_T,DBH,_T,6,20.617
PRT,1122,USD,_T,DCU,_T,6,2537.499
PRT,1122,USD,_T,_T,_T,6,3183.145
PRT,1131,USD,OCC,DB,_T,6,889.853
PRT,1131,USD,OCC,DBH,_T,6,12.576
PRT,1131,USD,OCC,DCU,_T,6,219.732
PRT,1131,USD,OCC,_T,_T,6,1122.161
PRT,1131,USD,PER,DCU,_T,6,57.984
PRT,1131,USD,PER,_T,_T,6,57.984
PRT,1131,USD,_T,DB,_T,6,889.853
PRT,1131,USD,_T,DBH,_T,6,12.576
PRT,1131,USD,_T,DCU,_T,6,277.716
PRT,1131,USD,_T,_T,_T,6,1180.145
PRT,1141,USD,OCC,DB,_T,6,8262.704
PRT,1141,USD,OCC,DBH,_T,6,18.082
PRT,1141,USD,OCC,DCU,_T,6,2073.195
PRT,1141,USD,OCC,_T,_T,6,10353.98
PRT,1141,USD,PER,DCU,_T,6,14704.426
PRT,1141,USD,PER,_T,_T,6,14704.426
PRT,1141,USD,_T,DB,_T,6,8262.704
PRT,1141,USD,_T,DBH,_T,6,18.082
PRT,1141,USD,_T,DCU,_T,6,16777.621
PRT,1141,USD,_T,_T,_T,6,25058.407
PRT,1151,USD,OCC,DB,_T,6,511.037
PRT,1151,USD,OCC,DBH,_T,6,0
PRT,1151,USD,OCC,DCU,_T,6,137.501
PRT,1151,USD,OCC,_T,_T,6,648.538
PRT,1151,USD,PER,DCU,_T,6,1004.152
PRT,1151,USD,PER,_T,_T,6,1004.152
PRT,1151,USD,_T,DB,_T,6,511.037
PRT,1151,USD,_T,DBH,_T,6,0
PRT,1151,USD,_T,DCU,_T,6,1141.653
PRT,1151,USD,_T,_T,_T,6,1652.69
PRT,1161,USD,OCC,DB,_T,6,2.312
PRT,1161,USD,OCC,DBH,_T,6,0
PRT,1161,USD,OCC,DCU,_T,6,0.246
PRT,1161,USD,OCC,_T,_T,6,2.558
PRT,1161,USD,PER,DCU,_T,6,463.405
PRT,1161,USD,PER,_T,_T,6,463.405
PRT,1161,USD,_T,DB,_T,6,2.312
PRT,1161,USD,_T,DBH,_T,6,0
PRT,1161,USD,_T,DCU,_T,6,463.651
PRT,1161,USD,_T,_T,_T,6,465.963
PRT,1172,USD,OCC,DB,_T,6,-0.882
PRT,1172,USD,OCC,DBH,_T,6,4.291
PRT,1172,USD,OCC,DCU,_T,6,0.163
PRT,1172,USD,OCC,_T,_T,6,3.571
PRT,1172,USD,_T,DB,_T,6,-0.882
PRT,1172,USD,_T,DBH,_T,6,4.291
PRT,1172,USD,_T,DCU,_T,6,0.163
PRT,1210,USD,OCC,DB,_T,6,889.853
PRT,1210,USD,OCC,DBH,_T,6,12.576
PRT,1210,USD,OCC,DCU,_T,6,219.732
PRT,1210,USD,OCC,_T,_T,6,1122.161
PRT,1210,USD,PER,DCU,_T,6,1076.736
PRT,1210,USD,PER,_T,_T,6,1076.736
PRT,1210,USD,_T,DB,_T,6,889.853
PRT,1210,USD,_T,DBH,_T,6,12.576
PRT,1210,USD,_T,DCU,_T,6,1296.468
PRT,1210,USD,_T,_T,_T,6,2198.897
PRT,1215,USD,OCC,DB,_T,6,9437.137
PRT,1215,USD,OCC,DBH,_T,6,20.095
PRT,1215,USD,OCC,DCU,_T,6,2372.894
PRT,1215,USD,OCC,_T,_T,6,11830.126
PRT,1215,USD,PER,DCU,_T,6,21255.533
PRT,1215,USD,PER,_T,_T,6,21255.533
PRT,1215,USD,_T,DB,_T,6,9437.137
PRT,1215,USD,_T,DBH,_T,6,20.095
PRT,1215,USD,_T,DCU,_T,6,23628.427
PRT,1215,USD,_T,_T,_T,6,33085.659
PRT,1220,USD,OCC,DB,_T,6,6647.078
PRT,1220,USD,OCC,DBH,_T,6,13.357
PRT,1220,USD,OCC,DCU,_T,6,1287.201
PRT,1220,USD,OCC,_T,_T,6,7947.636
PRT,1220,USD,PER,DCU,_T,6,12662.876
PRT,1220,USD,PER,_T,_T,6,12662.876
PRT,1220,USD,_T,DB,_T,6,6647.078
PRT,1220,USD,_T,DBH,_T,6,13.357
PRT,1220,USD,_T,DCU,_T,6,13950.076
PRT,1220,USD,_T,_T,_T,6,20610.511
PRT,1230,USD,OCC,DB,_T,6,2790.059
PRT,1230,USD,OCC,DBH,_T,6,6.738
PRT,1230,USD,OCC,DCU,_T,6,1085.694
PRT,1230,USD,OCC,_T,_T,6,3882.491
PRT,1230,USD,PER,DCU,_T,6,8592.657
PRT,1230,USD,PER,_T,_T,6,8592.657
PRT,1230,USD,_T,DB,_T,6,2790.059
PRT,1230,USD,_T,DBH,_T,6,6.738
PRT,1230,USD,_T,DCU,_T,6,9678.351
PRT,1230,USD,_T,_T,_T,6,12475.148
PRT,1240,USD,OCC,DB,_T,6,0
PRT,1240,USD,OCC,DBH,_T,6,0
PRT,1240,USD,OCC,DCU,_T,6,0
PRT,1240,USD,OCC,_T,_T,6,0
PRT,1240,USD,PER,DCU,_T,6,47.66
PRT,1240,USD,PER,_T,_T,6,47.66
PRT,1240,USD,_T,DB,_T,6,0
PRT,1240,USD,_T,DBH,_T,6,0
PRT,1240,USD,_T,DCU,_T,6,47.66
PRT,1240,USD,_T,_T,_T,6,47.66
PRT,1245,USD,OCC,DB,_T,6,949.221
PRT,1245,USD,OCC,DBH,_T,6,0
PRT,1245,USD,OCC,DCU,_T,6,256.884
PRT,1245,USD,OCC,_T,_T,6,1206.106
PRT,1245,USD,PER,DCU,_T,6,1019.261
PRT,1245,USD,PER,_T,_T,6,1019.261
PRT,1245,USD,_T,DB,_T,6,949.221
PRT,1245,USD,_T,DBH,_T,6,0
PRT,1245,USD,_T,DCU,_T,6,1276.146
PRT,1245,USD,_T,_T,_T,6,2225.367
PRT,1250,USD,OCC,DB,_T,6,949.221
PRT,1250,USD,OCC,DBH,_T,6,0
PRT,1250,USD,OCC,DCU,_T,6,256.884
PRT,1250,USD,OCC,_T,_T,6,1206.106
PRT,1250,USD,PER,DCU,_T,6,529.367
PRT,1250,USD,PER,_T,_T,6,529.367
PRT,1250,USD,_T,DB,_T,6,949.221
PRT,1250,USD,_T,DBH,_T,6,0
PRT,1250,USD,_T,DCU,_T,6,786.252
PRT,1250,USD,_T,_T,_T,6,1735.473
PRT,1255,USD,OCC,DB,_T,6,0
PRT,1255,USD,OCC,DBH,_T,6,0
PRT,1255,USD,OCC,DCU,_T,6,0
PRT,1255,USD,OCC,_T,_T,6,0
PRT,1255,USD,PER,DCU,_T,6,489.894
PRT,1255,USD,PER,_T,_T,6,489.894
PRT,1255,USD,_T,DB,_T,6,0
PRT,1255,USD,_T,DBH,_T,6,0
PRT,1255,USD,_T,DCU,_T,6,489.894
PRT,1255,USD,_T,_T,_T,6,489.894
PRT,1260,USD,OCC,DB,_T,6,1640.699
PRT,1260,USD,OCC,DBH,_T,6,0
PRT,1260,USD,OCC,DCU,_T,6,273.114
PRT,1260,USD,OCC,_T,_T,6,1913.814
PRT,1260,USD,PER,DCU,_T,6,47.555
PRT,1260,USD,PER,_T,_T,6,47.555
PRT,1260,USD,_T,DB,_T,6,1640.699
PRT,1260,USD,_T,DBH,_T,6,0
PRT,1260,USD,_T,DCU,_T,6,320.669
PRT,1260,USD,_T,_T,_T,6,1961.369
PRT,1270,USD,OCC,DB,_T,6,5276.243
PRT,1270,USD,OCC,DBH,_T,6,236.941
PRT,1270,USD,OCC,DCU,_T,6,1839.469
PRT,1270,USD,OCC,_T,_T,6,7352.654
PRT,1270,USD,PER,DCU,_T,6,1961.954
PRT,1270,USD,PER,_T,_T,6,1961.954
PRT,1270,USD,_T,DB,_T,6,5276.243
PRT,1270,USD,_T,DBH,_T,6,236.941
PRT,1270,USD,_T,DCU,_T,6,3801.423
PRT,1270,USD,_T,_T,_T,6,9314.607
PRT,1272,USD,OCC,DB,_T,6,0
PRT,1272,USD,OCC,DBH,_T,6,0
PRT,1272,USD,OCC,DCU,_T,6,0
PRT,1272,USD,OCC,_T,_T,6,0
PRT,1272,USD,PER,DCU,_T,6,1.403
PRT,1272,USD,PER,_T,_T,6,1.403
PRT,1272,USD,_T,DB,_T,6,0
PRT,1272,USD,_T,DBH,_T,6,0
PRT,1272,USD,_T,DCU,_T,6,1.403
PRT,1272,USD,_T,_T,_T,6,1.403
PRT,1274,USD,OCC,DB,_T,6,2060.399
PRT,1274,USD,OCC,DBH,_T,6,165.409
PRT,1274,USD,OCC,DCU,_T,6,860.823
PRT,1274,USD,OCC,_T,_T,6,3086.63
PRT,1274,USD,PER,DCU,_T,6,938.482
PRT,1274,USD,PER,_T,_T,6,938.482
PRT,1274,USD,_T,DB,_T,6,2060.399
PRT,1274,USD,_T,DBH,_T,6,165.409
PRT,1274,USD,_T,DCU,_T,6,1799.304
PRT,1274,USD,_T,_T,_T,6,4025.112
PRT,1276,USD,OCC,DB,_T,6,2065.864
PRT,1276,USD,OCC,DBH,_T,6,68.997
PRT,1276,USD,OCC,DCU,_T,6,767.655
PRT,1276,USD,OCC,_T,_T,6,2902.516
PRT,1276,USD,PER,DCU,_T,6,648.452
PRT,1276,USD,PER,_T,_T,6,648.452
PRT,1276,USD,_T,DB,_T,6,2065.864
PRT,1276,USD,_T,DBH,_T,6,68.997
PRT,1276,USD,_T,DCU,_T,6,1416.107
PRT,1276,USD,_T,_T,_T,6,3550.968
PRT,1277,USD,OCC,DB,_T,6,836.044
PRT,1277,USD,OCC,DBH,_T,6,1.279
PRT,1277,USD,OCC,DCU,_T,6,134.495
PRT,1277,USD,OCC,_T,_T,6,971.818
PRT,1277,USD,PER,DCU,_T,6,179.565
PRT,1277,USD,PER,_T,_T,6,179.565
PRT,1277,USD,_T,DB,_T,6,836.044
PRT,1277,USD,_T,DBH,_T,6,1.279
PRT,1277,USD,_T,DCU,_T,6,314.06
PRT,1277,USD,_T,_T,_T,6,1151.383
PRT,1278,USD,OCC,DB,_T,6,313.937
PRT,1278,USD,OCC,DBH,_T,6,1.256
PRT,1278,USD,OCC,DCU,_T,6,76.495
PRT,1278,USD,OCC,_T,_T,6,391.688
PRT,1278,USD,PER,DCU,_T,6,194.053
PRT,1278,USD,PER,_T,_T,6,194.053
PRT,1278,USD,_T,DB,_T,6,313.937
PRT,1278,USD,_T,DBH,_T,6,1.256
PRT,1278,USD,_T,DCU,_T,6,270.548
PRT,1278,USD,_T,_T,_T,6,585.741
PRT,1280,USD,OCC,DB,_T,6,0
PRT,1280,USD,OCC,DBH,_T,6,0
PRT,1280,USD,OCC,DCU,_T,6,0
PRT,1280,USD,OCC,_T,_T,6,0
PRT,1280,USD,PER,DCU,_T,6,0
PRT,1280,USD,PER,_T,_T,6,0
PRT,1280,USD,_T,DB,_T,6,0
PRT,1280,USD,_T,DBH,_T,6,0
PRT,1280,USD,_T,DCU,_T,6,0
PRT,1280,USD,_T,_T,_T,6,0
PRT,1284,USD,OCC,DB,_T,6,141.845
PRT,1284,USD,OCC,DBH,_T,6,1.613
PRT,1284,USD,OCC,DCU,_T,6,69.994
PRT,1284,USD,OCC,_T,_T,6,213.453
PRT,1284,USD,PER,DCU,_T,6,37.166
PRT,1284,USD,PER,_T,_T,6,37.166
PRT,1284,USD,_T,DB,_T,6,141.845
PRT,1284,USD,_T,DBH,_T,6,1.613
PRT,1284,USD,_T,DCU,_T,6,107.16
PRT,1284,USD,_T,_T,_T,6,250.619
PRT,1286,USD,OCC,DB,_T,6,0
PRT,1286,USD,OCC,DBH,_T,6,0
PRT,1286,USD,OCC,DCU,_T,6,0
PRT,1286,USD,OCC,_T,_T,6,0
PRT,1286,USD,PER,DCU,_T,6,44.155
PRT,1286,USD,PER,_T,_T,6,44.155
PRT,1286,USD,_T,DB,_T,6,0
PRT,1286,USD,_T,DBH,_T,6,0
PRT,1286,USD,_T,DCU,_T,6,44.155
PRT,1286,USD,_T,_T,_T,6,44.155
PRT,1289,USD,OCC,DB,_T,6,80.407
PRT,1289,USD,OCC,DBH,_T,6,0.17
PRT,1289,USD,OCC,DCU,_T,6,26.574
PRT,1289,USD,OCC,_T,_T,6,107.152
PRT,1289,USD,PER,DCU,_T,6,88.782
PRT,1289,USD,PER,_T,_T,6,88.782
PRT,1289,USD,_T,DB,_T,6,80.407
PRT,1289,USD,_T,DBH,_T,6,0.17
PRT,1289,USD,_T,DCU,_T,6,115.356
PRT,1289,USD,_T,_T,_T,6,195.933
PRT,1290,USD,OCC,DB,_T,6,-2.284
PRT,1290,USD,OCC,DBH,_T,6,-1.679
PRT,1290,USD,OCC,DCU,_T,6,-23.096
PRT,1290,USD,OCC,_T,_T,6,-27.059
PRT,1290,USD,PER,DCU,_T,6,20.5
PRT,1290,USD,PER,_T,_T,6,20.5
PRT,1290,USD,_T,DB,_T,6,-2.284
PRT,1290,USD,_T,DBH,_T,6,-1.679
PRT,1290,USD,_T,DCU,_T,6,-2.597
PRT,1290,USD,_T,_T,_T,6,-6.559
PRT,2000,USD,PER,DCU,PIC,6,20601.131
PRT,2000,USD,PER,_T,PIC,6,20601.131
PRT,2000,USD,_T,DCU,PIC,6,20601.131
PRT,2000,USD,_T,_T,PIC,6,20601.131
PRT,3000,USD,OCC,DB,_T,6,1236.542
PRT,3000,USD,OCC,DBH,_T,6,29.715
PRT,3000,USD,OCC,DCU,_T,6,512.888
PRT,3000,USD,OCC,_T,_T,6,1779.145
PRT,3000,USD,_T,DB,_T,6,1236.542
PRT,3000,USD,_T,DBH,_T,6,29.715
PRT,3000,USD,_T,DCU,_T,6,512.888
PRT,3100,PT_B1GQ,OCC,DB,_T,0,0.514
PRT,3100,PT_B1GQ,OCC,DBH,_T,0,0.006
PRT,3100,PT_B1GQ,OCC,DCU,_T,0,0.208
PRT,3100,PT_B1GQ,OCC,_T,_T,0,0.728
PRT,3100,PT_B1GQ,PER,DCU,_T,0,1.764
PRT,3100,PT_B1GQ,PER,_T,_T,0,1.764
PRT,3100,PT_B1GQ,_T,DB,_T,0,0.514
PRT,3100,PT_B1GQ,_T,DBH,_T,0,0.006
PRT,3100,PT_B1GQ,_T,DCU,_T,0,1.972
PRT,3100,PT_B1GQ,_T,_T,_T,0,2.492
PRT,3100,USD,OCC,DB,_T,6,1233.053
PRT,3100,USD,OCC,DBH,_T,6,14.822
PRT,3100,USD,OCC,DCU,_T,6,499.6
PRT,3100,USD,OCC,_T,_T,6,1747.476
PRT,3100,USD,PER,DCU,_T,6,4235.834
PRT,3100,USD,PER,_T,_T,6,4235.834
PRT,3100,USD,_T,DB,_T,6,1233.053
PRT,3100,USD,_T,DBH,_T,6,14.822
PRT,3100,USD,_T,DCU,_T,6,4735.435
PRT,3100,USD,_T,_T,_T,6,5983.31
PRT,3200,USD,OCC,DB,_T,6,1182.945
PRT,3200,USD,OCC,DBH,_T,6,13.41
PRT,3200,USD,OCC,DCU,_T,6,161.938
PRT,3200,USD,OCC,_T,_T,6,1358.292
PRT,3200,USD,_T,DB,_T,6,1182.945
PRT,3200,USD,_T,DBH,_T,6,13.41
PRT,3200,USD,_T,DCU,_T,6,161.938
PRT,3300,USD,OCC,DB,_T,6,50.108
PRT,3300,USD,OCC,DBH,_T,6,1.413
PRT,3300,USD,OCC,DCU,_T,6,337.663
PRT,3300,USD,OCC,_T,_T,6,389.184
PRT,3300,USD,_T,DB,_T,6,50.108
PRT,3300,USD,_T,DBH,_T,6,1.413
PRT,3300,USD,_T,DCU,_T,6,337.663
PRT,3400,USD,OCC,DB,_T,6,12.065
PRT,3400,USD,OCC,DBH,_T,6,3.465
PRT,3400,USD,OCC,DCU,_T,6,116.634
PRT,3400,USD,OCC,_T,_T,6,132.164
PRT,3400,USD,_T,DB,_T,6,12.065
PRT,3400,USD,_T,DBH,_T,6,3.465
PRT,3400,USD,_T,DCU,_T,6,116.634
PRT,4000,PT_B1GQ,OCC,DB,_T,0,0.299
PRT,4000,PT_B1GQ,OCC,DBH,_T,0,0.004
PRT,4000,PT_B1GQ,OCC,DCU,_T,0,0.061
PRT,4000,PT_B1GQ,OCC,_T,_T,0,0.364
PRT,4000,PT_B1GQ,PER,DCU,_T,0,0.894
PRT,4000,PT_B1GQ,PER,_T,_T,0,0.894
PRT,4000,PT_B1GQ,_T,DB,_T,0,0.299
PRT,4000,PT_B1GQ,_T,DBH,_T,0,0.004
PRT,4000,PT_B1GQ,_T,DCU,_T,0,0.955
PRT,4000,PT_B1GQ,_T,_T,_T,0,1.258
PRT,4000,USD,OCC,DB,_T,6,716.795
PRT,4000,USD,OCC,DBH,_T,6,10.557
PRT,4000,USD,OCC,DCU,_T,6,146.657
PRT,4000,USD,OCC,_T,_T,6,874.009
PRT,4000,USD,PER,DCU,_T,6,2146.45
PRT,4000,USD,PER,_T,_T,6,2146.45
PRT,4000,USD,_T,DB,_T,6,716.795
PRT,4000,USD,_T,DBH,_T,6,10.557
PRT,4000,USD,_T,DCU,_T,6,2293.107
PRT,4000,USD,_T,_T,_T,6,3020.459
PRT,4100,USD,OCC,DB,_T,6,6.428
PRT,4100,USD,OCC,DBH,_T,6,2.681
PRT,4100,USD,OCC,DCU,_T,6,111.693
PRT,4100,USD,OCC,_T,_T,6,120.802
PRT,4100,USD,PER,DCU,_T,6,2146.207
PRT,4100,USD,PER,_T,_T,6,2146.207
PRT,4100,USD,_T,DB,_T,6,6.428
PRT,4100,USD,_T,DBH,_T,6,2.681
PRT,4100,USD,_T,DCU,_T,6,2257.899
PRT,4100,USD,_T,_T,_T,6,2267.008
PRT,4200,USD,OCC,DB,_T,6,710.367
PRT,4200,USD,OCC,DBH,_T,6,7.876
PRT,4200,USD,OCC,DCU,_T,6,34.964
PRT,4200,USD,OCC,_T,_T,6,753.207
PRT,4200,USD,PER,DCU,_T,6,0.244
PRT,4200,USD,PER,_T,_T,6,0.244
PRT,4200,USD,_T,DB,_T,6,710.367
PRT,4200,USD,_T,DBH,_T,6,7.876
PRT,4200,USD,_T,DCU,_T,6,35.207
PRT,4200,USD,_T,_T,_T,6,753.45
PRT,4300,USD,OCC,DB,_T,6,4.606
PRT,4300,USD,OCC,DBH,_T,6,0
PRT,4300,USD,OCC,DCU,_T,6,0
PRT,4300,USD,OCC,_T,_T,6,4.606
PRT,4300,USD,PER,DCU,_T,6,0
PRT,4300,USD,PER,_T,_T,6,0
PRT,4300,USD,_T,DB,_T,6,4.606
PRT,4300,USD,_T,DBH,_T,6,0
PRT,4300,USD,_T,DCU,_T,6,0
PRT,4300,USD,_T,_T,_T,6,4.606
PRT,4420,USD,OCC,DB,_T,6,34.564
PRT,4420,USD,OCC,DBH,_T,6,0.002
PRT,4420,USD,OCC,DCU,_T,6,0
PRT,4420,USD,OCC,_T,_T,6,34.566
PRT,4420,USD,_T,DB,_T,6,34.564
PRT,4420,USD,_T,DBH,_T,6,0.002
PRT,4420,USD,_T,DCU,_T,6,0
PRT,4500,USD,OCC,DB,_T,6,9.897
PRT,4500,USD,OCC,DBH,_T,6,8.558
PRT,4500,USD,OCC,DCU,_T,6,111.479
PRT,4500,USD,OCC,_T,_T,6,129.934
PRT,4500,USD,_T,DB,_T,6,9.897
PRT,4500,USD,_T,DBH,_T,6,8.558
PRT,4500,USD,_T,DCU,_T,6,111.479
PRT,5000,PS,OCC,DB,PF,3,194.989
PRT,5000,PS,OCC,DB,_T,3,194.989
PRT,5000,PS,OCC,DBH,PF,3,8.004
PRT,5000,PS,OCC,DBH,_T,3,8.004
PRT,5000,PS,OCC,DCU,PF,3,227.32
PRT,5000,PS,OCC,DCU,_T,3,227.32
PRT,5000,PS,OCC,_T,PF,3,430.313
PRT,5000,PS,OCC,_T,_T,3,430.313
PRT,5000,PS,PER,DCU,INV,3,273.264
PRT,5000,PS,PER,DCU,PF,3,79.664
PRT,5000,PS,PER,DCU,PIC,3,1817.896
PRT,5000,PS,PER,DCU,_T,3,2170.824
PRT,5000,PS,PER,_T,INV,3,273.264
PRT,5000,PS,PER,_T,PF,3,79.664
PRT,5000,PS,PER,_T,PIC,3,1817.896
PRT,5000,PS,PER,_T,_T,3,2170.824
PRT,5000,PS,_T,DB,PF,3,194.989
PRT,5000,PS,_T,DB,_T,3,194.989
PRT,5000,PS,_T,DBH,PF,3,8.004
PRT,5000,PS,_T,DBH,_T,3,8.004
PRT,5000,PS,_T,DCU,INV,3,273.264
PRT,5000,PS,_T,DCU,PF,3,306.984
PRT,5000,PS,_T,DCU,PIC,3,1817.896
PRT,5000,PS,_T,DCU,_T,3,2398.144
PRT,5000,PS,_T,_T,INV,3,273.264
PRT,5000,PS,_T,_T,OTH,3,273.264
PRT,5000,PS,_T,_T,PF,3,509.977
PRT,5000,PS,_T,_T,PIC,3,1817.896
PRT,5000,PS,_T,_T,_T,3,2601.137
PRT,5010,PS,OCC,DB,_T,3,114.305
PRT,5010,PS,OCC,DBH,_T,3,5.112
PRT,5010,PS,OCC,DCU,_T,3,137.264
PRT,5010,PS,OCC,_T,_T,3,256.682
PRT,5010,PS,_T,DB,_T,3,114.305
PRT,5010,PS,_T,DBH,_T,3,5.112
PRT,5010,PS,_T,DCU,_T,3,137.264
PRT,5020,PS,OCC,DB,_T,3,80.684
PRT,5020,PS,OCC,DBH,_T,3,2.891
PRT,5020,PS,OCC,DCU,_T,3,90.056
PRT,5020,PS,OCC,_T,_T,3,173.632
PRT,5020,PS,_T,DB,_T,3,80.684
PRT,5020,PS,_T,DBH,_T,3,2.891
PRT,5020,PS,_T,DCU,_T,3,90.056
PRT,5100,PS,OCC,DB,PF,3,84.039
PRT,5100,PS,OCC,DB,_T,3,84.039
PRT,5100,PS,OCC,DBH,PF,3,5.477
PRT,5100,PS,OCC,DBH,_T,3,5.477
PRT,5100,PS,OCC,DCU,PF,3,189.39
PRT,5100,PS,OCC,DCU,_T,3,189.39
PRT,5100,PS,OCC,_T,PF,3,278.905
PRT,5100,PS,OCC,_T,_T,3,278.905
PRT,5100,PS,PER,DCU,INV,3,273.264
PRT,5100,PS,PER,DCU,PF,3,79.121
PRT,5100,PS,PER,_T,INV,3,273.264
PRT,5100,PS,PER,_T,PF,3,79.121
PRT,5100,PS,_T,DB,PF,3,84.039
PRT,5100,PS,_T,DB,_T,3,84.039
PRT,5100,PS,_T,DBH,PF,3,5.477
PRT,5100,PS,_T,DBH,_T,3,5.477
PRT,5100,PS,_T,DCU,INV,3,273.264
PRT,5100,PS,_T,DCU,PF,3,268.511
PRT,5100,PS,_T,DCU,_T,3,189.39
PRT,5100,PS,_T,_T,INV,3,273.264
PRT,5100,PS,_T,_T,OTH,3,273.264
PRT,5100,PS,_T,_T,PF,3,358.026
PRT,5200,PS,OCC,DB,PF,3,10.877
PRT,5200,PS,OCC,DB,_T,3,10.877
PRT,5200,PS,OCC,DBH,PF,3,0.361
PRT,5200,PS,OCC,DBH,_T,3,0.361
PRT,5200,PS,OCC,DCU,PF,3,2.334
PRT,5200,PS,OCC,DCU,_T,3,2.334
PRT,5200,PS,OCC,_T,PF,3,13.572
PRT,5200,PS,OCC,_T,_T,3,13.572
PRT,5200,PS,PER,DCU,INV,3,0
PRT,5200,PS,PER,DCU,PF,3,0
PRT,5200,PS,PER,_T,INV,3,0
PRT,5200,PS,PER,_T,PF,3,0
PRT,5200,PS,_T,DB,PF,3,10.877
PRT,5200,PS,_T,DB,_T,3,10.877
PRT,5200,PS,_T,DBH,PF,3,0.361
PRT,5200,PS,_T,DBH,_T,3,0.361
PRT,5200,PS,_T,DCU,INV,3,0
PRT,5200,PS,_T,DCU,PF,3,2.334
PRT,5200,PS,_T,DCU,_T,3,2.334
PRT,5200,PS,_T,_T,INV,3,0
PRT,5200,PS,_T,_T,OTH,3,0
PRT,5200,PS,_T,_T,PF,3,13.572
PRT,5300,PS,OCC,DB,PF,3,110.951
PRT,5300,PS,OCC,DB,_T,3,110.951
PRT,5300,PS,OCC,DBH,PF,3,2.527
PRT,5300,PS,OCC,DBH,_T,3,2.527
PRT,5300,PS,OCC,DCU,PF,3,37.931
PRT,5300,PS,OCC,DCU,_T,3,37.931
PRT,5300,PS,OCC,_T,PF,3,151.408
PRT,5300,PS,OCC,_T,_T,3,151.408
PRT,5300,PS,PER,DCU,INV,3,0
PRT,5300,PS,PER,DCU,PF,3,0.543
PRT,5300,PS,PER,_T,INV,3,0
PRT,5300,PS,PER,_T,PF,3,0.543
PRT,5300,PS,_T,DB,PF,3,110.951
PRT,5300,PS,_T,DB,_T,3,110.951
PRT,5300,PS,_T,DBH,PF,3,2.527
PRT,5300,PS,_T,DBH,_T,3,2.527
PRT,5300,PS,_T,DCU,INV,3,0
PRT,5300,PS,_T,DCU,PF,3,38.474
PRT,5300,PS,_T,DCU,_T,3,37.931
PRT,5300,PS,_T,_T,INV,3,0
PRT,5300,PS,_T,_T,OTH,3,0
PRT,5300,PS,_T,_T,PF,3,151.951
PRT,5400,PS,OCC,DB,_T,3,19.208
PRT,5400,PS,OCC,DBH,_T,3,0.577
PRT,5400,PS,OCC,DCU,_T,3,8.891
PRT,5400,PS,OCC,_T,_T,3,28.676
PRT,5400,PS,_T,DB,_T,3,19.208
PRT,5400,PS,_T,DBH,_T,3,0.577
PRT,5400,PS,_T,DCU,_T,3,8.891
PRT,OA,PT_B1GQ,OCC,_T,_T,0,9.843
PRT,PA,PT_B1GQ,PER,_T,_T,0,10.624
ROU,1000,PT_B1GQ,PER,DCP,PF,0,5.812
ROU,1000,PT_B1GQ,PER,DCP,_T,0,5.812
ROU,1000,PT_B1GQ,PER,DCU,PF,0,0.235
ROU,1000,PT_B1GQ,PER,DCU,_T,0,0.235
ROU,1000,PT_B1GQ,PER,_T,PF,0,6.048
ROU,1000,PT_B1GQ,PER,_T,_T,0,6.048
ROU,1000,PT_B1GQ,_T,DCP,PF,0,5.812
ROU,1000,PT_B1GQ,_T,DCP,_T,0,5.812
ROU,1000,PT_B1GQ,_T,DCU,PF,0,0.235
ROU,1000,PT_B1GQ,_T,DCU,_T,0,0.235
ROU,1000,PT_B1GQ,_T,_T,PF,0,6.048
ROU,1000,PT_B1GQ,_T,_T,_T,0,6.048
ROU,1000,USD,PER,DCP,PF,6,14549.612
ROU,1000,USD,PER,DCP,_T,6,14549.612
ROU,1000,USD,PER,DCU,PF,6,589.465
ROU,1000,USD,PER,DCU,_T,6,589.465
ROU,1000,USD,PER,_T,PF,6,15139.076
ROU,1000,USD,PER,_T,_T,6,15139.076
ROU,1000,USD,_T,DCP,PF,6,14549.612
ROU,1000,USD,_T,DCP,_T,6,14549.612
ROU,1000,USD,_T,DCU,PF,6,589.465
ROU,1000,USD,_T,DCU,_T,6,589.465
ROU,1000,USD,_T,_T,PF,6,15139.076
ROU,1000,USD,_T,_T,_T,6,15139.076
ROU,1121,USD,PER,DCP,_T,6,1664.073
ROU,1121,USD,PER,DCU,_T,6,69.947
ROU,1121,USD,PER,_T,_T,6,1734.02
ROU,1121,USD,_T,DCP,_T,6,1664.073
ROU,1121,USD,_T,DCU,_T,6,69.947
ROU,1121,USD,_T,_T,_T,6,1734.02
ROU,1122,USD,PER,DCP,_T,6,675.659
ROU,1122,USD,PER,DCU,_T,6,28.316
ROU,1122,USD,PER,_T,_T,6,703.975
ROU,1122,USD,_T,DCP,_T,6,675.659
ROU,1122,USD,_T,DCU,_T,6,28.316
ROU,1122,USD,_T,_T,_T,6,703.975
ROU,1141,USD,PER,DCP,_T,6,979.711
ROU,1141,USD,PER,DCU,_T,6,41.631
ROU,1141,USD,PER,_T,_T,6,1021.342
ROU,1141,USD,_T,DCP,_T,6,979.711
ROU,1141,USD,_T,DCU,_T,6,41.631
ROU,1141,USD,_T,_T,_T,6,1021.342
ROU,1151,USD,PER,DCP,_T,6,671.169
ROU,1151,USD,PER,DCU,_T,6,26.531
ROU,1151,USD,PER,_T,_T,6,697.7
ROU,1151,USD,_T,DCP,_T,6,671.169
ROU,1151,USD,_T,DCU,_T,6,26.531
ROU,1151,USD,_T,_T,_T,6,697.7
ROU,1210,USD,PER,DCP,_T,6,523.173
ROU,1210,USD,PER,DCU,_T,6,14.653
ROU,1210,USD,PER,_T,_T,6,537.826
ROU,1210,USD,_T,DCP,_T,6,523.173
ROU,1210,USD,_T,DCU,_T,6,14.653
ROU,1210,USD,_T,_T,_T,6,537.826
ROU,1215,USD,PER,DCP,_T,6,10336.738
ROU,1215,USD,PER,DCU,_T,6,404.123
ROU,1215,USD,PER,_T,_T,6,10740.861
ROU,1215,USD,_T,DCP,_T,6,10336.738
ROU,1215,USD,_T,DCU,_T,6,404.123
ROU,1215,USD,_T,_T,_T,6,10740.861
ROU,1220,USD,PER,DCP,_T,6,8957.807
ROU,1220,USD,PER,DCU,_T,6,344.435
ROU,1220,USD,PER,_T,_T,6,9302.242
ROU,1220,USD,_T,DCP,_T,6,8957.807
ROU,1220,USD,_T,DCU,_T,6,344.435
ROU,1220,USD,_T,_T,_T,6,9302.242
ROU,1230,USD,PER,DCP,_T,6,1378.931
ROU,1230,USD,PER,DCU,_T,6,59.689
ROU,1230,USD,PER,_T,_T,6,1438.62
ROU,1230,USD,_T,DCP,_T,6,1378.931
ROU,1230,USD,_T,DCU,_T,6,59.689
ROU,1230,USD,_T,_T,_T,6,1438.62
ROU,1245,USD,PER,DCP,_T,6,3203.576
ROU,1245,USD,PER,DCU,_T,6,150.892
ROU,1245,USD,PER,_T,_T,6,3354.468
ROU,1245,USD,_T,DCP,_T,6,3203.576
ROU,1245,USD,_T,DCU,_T,6,150.892
ROU,1245,USD,_T,_T,_T,6,3354.468
ROU,1250,USD,PER,DCP,_T,6,3203.576
ROU,1250,USD,PER,DCU,_T,6,150.892
ROU,1250,USD,PER,_T,_T,6,3354.468
ROU,1250,USD,_T,DCP,_T,6,3203.576
ROU,1250,USD,_T,DCU,_T,6,150.892
ROU,1250,USD,_T,_T,_T,6,3354.468
ROU,1255,USD,PER,DCP,_T,6,0
ROU,1255,USD,_T,DCP,_T,6,0
ROU,1270,USD,PER,DCP,_T,6,472.932
ROU,1270,USD,PER,DCU,_T,6,18.011
ROU,1270,USD,PER,_T,_T,6,490.942
ROU,1270,USD,_T,DCP,_T,6,472.932
ROU,1270,USD,_T,DCU,_T,6,18.011
ROU,1270,USD,_T,_T,_T,6,490.942
ROU,1272,USD,PER,DCP,_T,6,0
ROU,1272,USD,PER,DCU,_T,6,0
ROU,1272,USD,PER,_T,_T,6,0
ROU,1272,USD,_T,DCP,_T,6,0
ROU,1272,USD,_T,DCU,_T,6,0
ROU,1272,USD,_T,_T,_T,6,0
ROU,1274,USD,PER,DCP,_T,6,55.925
ROU,1274,USD,PER,DCU,_T,6,1.416
ROU,1274,USD,PER,_T,_T,6,57.341
ROU,1274,USD,_T,DCP,_T,6,55.925
ROU,1274,USD,_T,DCU,_T,6,1.416
ROU,1274,USD,_T,_T,_T,6,57.341
ROU,1276,USD,PER,DCP,_T,6,417.007
ROU,1276,USD,PER,DCU,_T,6,16.595
ROU,1276,USD,PER,_T,_T,6,433.601
ROU,1276,USD,_T,DCP,_T,6,417.007
ROU,1276,USD,_T,DCU,_T,6,16.595
ROU,1276,USD,_T,_T,_T,6,433.601
ROU,1278,USD,PER,DCP,_T,6,0
ROU,1278,USD,PER,DCU,_T,6,0
ROU,1278,USD,PER,_T,_T,6,0
ROU,1278,USD,_T,DCP,_T,6,0
ROU,1278,USD,_T,DCU,_T,6,0
ROU,1278,USD,_T,_T,_T,6,0
ROU,1286,USD,PER,DCP,_T,6,0
ROU,1286,USD,PER,DCU,_T,6,0.326
ROU,1286,USD,PER,_T,_T,6,0.326
ROU,1286,USD,_T,DCP,_T,6,0
ROU,1286,USD,_T,DCU,_T,6,0.326
ROU,1286,USD,_T,_T,_T,6,0.326
ROU,1290,USD,PER,DCP,_T,6,13.193
ROU,1290,USD,PER,DCU,_T,6,1.46
ROU,1290,USD,PER,_T,_T,6,14.652
ROU,1290,USD,_T,DCP,_T,6,13.193
ROU,1290,USD,_T,DCU,_T,6,1.46
ROU,1290,USD,_T,_T,_T,6,14.652
ROU,2000,USD,PER,DCP,PF,6,14549.612
ROU,2000,USD,PER,DCP,_T,6,14549.612
ROU,2000,USD,PER,DCU,PF,6,589.465
ROU,2000,USD,PER,DCU,_T,6,589.465
ROU,2000,USD,PER,_T,PF,6,15139.076
ROU,2000,USD,PER,_T,_T,6,15139.076
ROU,2000,USD,_T,DCP,PF,6,14549.612
ROU,2000,USD,_T,DCP,_T,6,14549.612
ROU,2000,USD,_T,DCU,PF,6,589.465
ROU,2000,USD,_T,DCU,_T,6,589.465
ROU,2000,USD,_T,_T,PF,6,15139.076
ROU,2000,USD,_T,_T,_T,6,15139.076
ROU,2100,USD,PER,DCP,_T,6,14543.455
ROU,2100,USD,PER,DCU,_T,6,588.485
ROU,2100,USD,PER,_T,_T,6,15131.94
ROU,2100,USD,_T,DCP,_T,6,14543.455
ROU,2100,USD,_T,DCU,_T,6,588.485
ROU,2100,USD,_T,_T,_T,6,15131.94
ROU,2200,USD,PER,DCP,_T,6,0
ROU,2200,USD,PER,DCU,_T,6,0
ROU,2200,USD,PER,_T,_T,6,0
ROU,2200,USD,_T,DCP,_T,6,0
ROU,2200,USD,_T,DCU,_T,6,0
ROU,2200,USD,_T,_T,_T,6,0
ROU,2300,USD,PER,DCP,_T,6,6.156
ROU,2300,USD,PER,DCU,_T,6,0.98
ROU,2300,USD,PER,_T,_T,6,7.136
ROU,2300,USD,_T,DCP,_T,6,6.156
ROU,2300,USD,_T,DCU,_T,6,0.98
ROU,2300,USD,_T,_T,_T,6,7.136
ROU,3000,USD,PER,DCP,_T,6,1472.24
ROU,3000,USD,PER,DCU,_T,6,63.981
ROU,3000,USD,PER,_T,_T,6,1536.221
ROU,3000,USD,_T,DCP,_T,6,1472.24
ROU,3000,USD,_T,DCU,_T,6,63.981
ROU,3000,USD,_T,_T,_T,6,1536.221
ROU,3010,USD,PER,DCP,_T,6,1472.24
ROU,3010,USD,PER,DCU,_T,6,64.346
ROU,3010,USD,PER,_T,_T,6,1536.587
ROU,3010,USD,_T,DCP,_T,6,1472.24
ROU,3010,USD,_T,DCU,_T,6,64.346
ROU,3010,USD,_T,_T,_T,6,1536.587
ROU,3100,PT_B1GQ,PER,DCP,_T,0,0.796
ROU,3100,PT_B1GQ,PER,DCU,_T,0,0.032
ROU,3100,PT_B1GQ,PER,_T,_T,0,0.828
ROU,3100,PT_B1GQ,_T,DCP,_T,0,0.796
ROU,3100,PT_B1GQ,_T,DCU,_T,0,0.032
ROU,3100,PT_B1GQ,_T,_T,_T,0,0.828
ROU,3100,USD,PER,DCP,_T,6,2002.693
ROU,3100,USD,PER,DCU,_T,6,80.942
ROU,3100,USD,PER,_T,_T,6,2083.635
ROU,3100,USD,_T,DCP,_T,6,2002.693
ROU,3100,USD,_T,DCU,_T,6,80.942
ROU,3100,USD,_T,_T,_T,6,2083.635
ROU,3300,USD,PER,DCP,_T,6,2002.693
ROU,3300,USD,PER,DCU,_T,6,80.942
ROU,3300,USD,PER,_T,_T,6,2083.635
ROU,3300,USD,_T,DCP,_T,6,2002.693
ROU,3300,USD,_T,DCU,_T,6,80.942
ROU,3300,USD,_T,_T,_T,6,2083.635
ROU,3400,USD,PER,DCP,_T,6,0.041
ROU,3400,USD,PER,DCU,_T,6,0.003
ROU,3400,USD,PER,_T,_T,6,0.044
ROU,3400,USD,_T,DCP,_T,6,0.041
ROU,3400,USD,_T,DCU,_T,6,0.003
ROU,3400,USD,_T,_T,_T,6,0.044
ROU,4000,PT_B1GQ,PER,DCP,_T,0,0.006
ROU,4000,PT_B1GQ,PER,DCU,_T,0,0.005
ROU,4000,PT_B1GQ,PER,_T,_T,0,0.011
ROU,4000,PT_B1GQ,_T,DCP,_T,0,0.006
ROU,4000,PT_B1GQ,_T,DCU,_T,0,0.005
ROU,4000,PT_B1GQ,_T,_T,_T,0,0.011
ROU,4000,USD,PER,DCP,_T,6,13.951
ROU,4000,USD,PER,DCU,_T,6,12.941
ROU,4000,USD,PER,_T,_T,6,26.892
ROU,4000,USD,_T,DCP,_T,6,13.951
ROU,4000,USD,_T,DCU,_T,6,12.941
ROU,4000,USD,_T,_T,_T,6,26.892
ROU,4100,USD,PER,DCP,_T,6,13.951
ROU,4100,USD,PER,DCU,_T,6,12.941
ROU,4100,USD,PER,_T,_T,6,26.892
ROU,4100,USD,_T,DCP,_T,6,13.951
ROU,4100,USD,_T,DCU,_T,6,12.941
ROU,4100,USD,_T,_T,_T,6,26.892
ROU,4410,USD,PER,DCP,_T,6,0
ROU,4410,USD,PER,DCU,_T,6,0.365
ROU,4410,USD,PER,_T,_T,6,0.365
ROU,4410,USD,_T,DCP,_T,6,0
ROU,4410,USD,_T,DCU,_T,6,0.365
ROU,4410,USD,_T,_T,_T,6,0.365
ROU,4420,USD,PER,DCP,_T,6,67.193
ROU,4420,USD,PER,DCU,_T,6,13.18
ROU,4420,USD,PER,_T,_T,6,80.373
ROU,4420,USD,_T,DCP,_T,6,67.193
ROU,4420,USD,_T,DCU,_T,6,13.18
ROU,4420,USD,_T,_T,_T,6,80.373
ROU,4500,USD,PER,DCP,_T,6,0.001
ROU,4500,USD,PER,DCU,_T,6,0.001
ROU,4500,USD,PER,_T,_T,6,0.002
ROU,4500,USD,_T,DCP,_T,6,0.001
ROU,4500,USD,_T,DCU,_T,6,0.001
ROU,4500,USD,_T,_T,_T,6,0.002
ROU,5000,PS,PER,DCP,PF,3,7462.359
ROU,5000,PS,PER,DCP,_T,3,7462.359
ROU,5000,PS,PER,DCU,PF,3,501.123
ROU,5000,PS,PER,DCU,_T,3,501.123
ROU,5000,PS,PER,_T,PF,3,7963.482
ROU,5000,PS,PER,_T,_T,3,7963.482
ROU,5000,PS,_T,DCP,PF,3,7462.359
ROU,5000,PS,_T,DCP,_T,3,7462.359
ROU,5000,PS,_T,DCU,PF,3,501.123
ROU,5000,PS,_T,DCU,_T,3,501.123
ROU,5000,PS,_T,_T,PF,3,7963.482
ROU,5000,PS,_T,_T,_T,3,7963.482
ROU,5010,PS,PER,DCP,_T,3,3572.042
ROU,5010,PS,PER,DCU,_T,3,244.412
ROU,5010,PS,PER,_T,_T,3,3816.454
ROU,5010,PS,_T,DCP,_T,3,3572.042
ROU,5010,PS,_T,DCU,_T,3,244.412
ROU,5010,PS,_T,_T,_T,3,3816.454
ROU,5020,PS,PER,DCP,_T,3,3890.317
ROU,5020,PS,PER,DCU,_T,3,256.711
ROU,5020,PS,PER,_T,_T,3,4147.028
ROU,5020,PS,_T,DCP,_T,3,3890.317
ROU,5020,PS,_T,DCU,_T,3,256.711
ROU,5020,PS,_T,_T,_T,3,4147.028
ROU,5100,PS,PER,DCP,PF,3,7462.359
ROU,5100,PS,PER,DCP,_T,3,7462.359
ROU,5100,PS,PER,DCU,PF,3,501.123
ROU,5100,PS,PER,DCU,_T,3,501.123
ROU,5100,PS,PER,_T,PF,3,7963.482
ROU,5100,PS,PER,_T,_T,3,7963.482
ROU,5100,PS,_T,DCP,PF,3,7462.359
ROU,5100,PS,_T,DCP,_T,3,7462.359
ROU,5100,PS,_T,DCU,PF,3,501.123
ROU,5100,PS,_T,DCU,_T,3,501.123
ROU,5100,PS,_T,_T,PF,3,7963.482
ROU,5100,PS,_T,_T,_T,3,7963.482
ROU,PA,PT_B1GQ,PER,_T,_T,0,6.048
SGP,1000,PT_B1GQ,_T,_T,PF,0,82.576
SGP,1000,PT_B1GQ,_T,_T,_T,0,82.576
SGP,1000,USD,_T,_T,PF,6,314528.11
SGP,1000,USD,_T,_T,_T,6,314528.11
SGP,1210,USD,_T,_T,_T,6,9557.925
SGP,1245,USD,_T,_T,_T,6,401.731
SGP,1290,USD,_T,_T,_T,6,304568.455
SGP,3000,USD,_T,_T,_T,6,11539.716
SLV,1000,PT_B1GQ,_T,_T,PF,0,43.805
SLV,1000,PT_B1GQ,_T,_T,_T,0,43.805
SLV,1000,USD,_T,_T,PF,6,11775.095
SLV,1000,USD,_T,_T,_T,6,11775.095
SRB,1000,PT_B1GQ,_T,_T,PF,0,0.799
SRB,1000,PT_B1GQ,_T,_T,_T,0,0.799
SRB,1000,USD,_T,_T,PF,6,431.906
SRB,1000,USD,_T,_T,_T,6,431.906
SRB,1110,USD,_T,_T,_T,6,31.874
SRB,1210,USD,_T,_T,_T,6,29.096
SRB,1215,USD,_T,_T,_T,6,352.395
SRB,1220,USD,_T,_T,_T,6,338.182
SRB,1230,USD,_T,_T,_T,6,14.213
SRB,1245,USD,_T,_T,_T,6,48.06
SRB,1250,USD,_T,_T,_T,6,48.06
SRB,1270,USD,_T,_T,_T,6,2.355
SRB,1272,USD,_T,_T,_T,6,2.355
SRB,2000,USD,_T,_T,PF,6,432.328
SRB,2000,USD,_T,_T,_T,6,432.328
SRB,2300,USD,_T,_T,_T,6,432.328
SRB,3000,USD,_T,_T,_T,6,32.937
SRB,3010,USD,_T,_T,_T,6,32.988
SRB,3100,PT_B1GQ,_T,_T,_T,0,0.069
SRB,3100,USD,_T,_T,_T,6,37.2
SRB,3200,USD,_T,_T,_T,6,22.065
SRB,3300,USD,_T,_T,_T,6,15.135
SRB,4000,PT_B1GQ,_T,_T,_T,0,0.03
SRB,4000,USD,_T,_T,_T,6,15.96
SRB,4410,USD,_T,_T,_T,6,0.051
SRB,4420,USD,_T,_T,_T,6,4.991
SRB,4500,USD,_T,_T,_T,6,0.406
SRB,5000,PS,_T,_T,PF,3,203.536
SRB,5000,PS,_T,_T,_T,3,203.536
SRB,5010,PS,_T,_T,_T,3,115.96
SRB,5020,PS,_T,_T,_T,3,87.031
SRB,5100,PS,_T,_T,PF,3,201.587
SRB,5100,PS,_T,_T,_T,3,201.587
SRB,5300,PS,_T,_T,PF,3,1.949
SRB,5300,PS,_T,_T,_T,3,1.949
SUR,1000,PT_B1GQ,_T,_T,PF,0,11.276
SUR,1000,PT_B1GQ,_T,_T,_T,0,11.276
SUR,1000,USD,_T,_T,PF,6,479.753
SUR,1000,USD,_T,_T,_T,6,479.753
SUR,1210,USD,_T,_T,_T,6,144.275
SUR,1215,USD,_T,_T,_T,6,87.155
SUR,1245,USD,_T,_T,_T,6,29.364
SUR,1270,USD,_T,_T,_T,6,8.85
SUR,1290,USD,_T,_T,_T,6,210.11
SUR,3000,USD,_T,_T,_T,6,53.209
SVK,1000,PT_B1GQ,PER,DCU,PF,0,12.544
SVK,1000,PT_B1GQ,PER,DCU,_T,0,12.544
SVK,1000,PT_B1GQ,PER,_T,PF,0,12.544
SVK,1000,PT_B1GQ,PER,_T,_T,0,12.544
SVK,1000,PT_B1GQ,_T,DCU,PF,0,12.544
SVK,1000,PT_B1GQ,_T,DCU,_T,0,12.544
SVK,1000,PT_B1GQ,_T,_T,PF,0,12.544
SVK,1000,PT_B1GQ,_T,_T,_T,0,12.544
SVK,1000,USD,PER,DCU,PF,6,13323.522
SVK,1000,USD,PER,DCU,_T,6,13323.522
SVK,1000,USD,PER,_T,PF,6,13323.522
SVK,1000,USD,PER,_T,_T,6,13323.522
SVK,1000,USD,_T,DCU,PF,6,13323.522
SVK,1000,USD,_T,DCU,_T,6,13323.522
SVK,1000,USD,_T,_T,PF,6,13323.522
SVK,1000,USD,_T,_T,_T,6,13323.522
SVK,1121,USD,PER,DCU,_T,6,10313.934
SVK,1121,USD,PER,_T,_T,6,10313.934
SVK,1121,USD,_T,DCU,_T,6,10313.934
SVK,1121,USD,_T,_T,_T,6,10313.934
SVK,1122,USD,PER,DCU,_T,6,1109.919
SVK,1122,USD,PER,_T,_T,6,1109.919
SVK,1122,USD,_T,DCU,_T,6,1109.919
SVK,1122,USD,_T,_T,_T,6,1109.919
SVK,1131,USD,PER,DCU,_T,6,152.782
SVK,1131,USD,PER,_T,_T,6,152.782
SVK,1131,USD,_T,DCU,_T,6,152.782
SVK,1131,USD,_T,_T,_T,6,152.782
SVK,1141,USD,PER,DCU,_T,6,6277.558
SVK,1141,USD,PER,_T,_T,6,6277.558
SVK,1141,USD,_T,DCU,_T,6,6277.558
SVK,1141,USD,_T,_T,_T,6,6277.558
SVK,1151,USD,PER,DCU,_T,6,343.76
SVK,1151,USD,PER,_T,_T,6,343.76
SVK,1151,USD,_T,DCU,_T,6,343.76
SVK,1151,USD,_T,_T,_T,6,343.76
SVK,1161,USD,PER,DCU,_T,6,0
SVK,1161,USD,PER,_T,_T,6,0
SVK,1161,USD,_T,DCU,_T,6,0
SVK,1161,USD,_T,_T,_T,6,0
SVK,1171,USD,PER,DCU,_T,6,786.38
SVK,1171,USD,PER,_T,_T,6,786.38
SVK,1171,USD,_T,DCU,_T,6,786.38
SVK,1171,USD,_T,_T,_T,6,786.38
SVK,1172,USD,PER,DCU,_T,6,-7.864
SVK,1172,USD,PER,_T,_T,6,-7.864
SVK,1172,USD,_T,DCU,_T,6,-7.864
SVK,1172,USD,_T,_T,_T,6,-7.864
SVK,1210,USD,PER,DCU,_T,6,1454.803
SVK,1210,USD,PER,_T,_T,6,1454.803
SVK,1210,USD,_T,DCU,_T,6,1454.803
SVK,1210,USD,_T,_T,_T,6,1454.803
SVK,1215,USD,PER,DCU,_T,6,7538.013
SVK,1215,USD,PER,_T,_T,6,7538.013
SVK,1215,USD,_T,DCU,_T,6,7538.013
SVK,1215,USD,_T,_T,_T,6,7538.013
SVK,1220,USD,PER,DCU,_T,6,3243.255
SVK,1220,USD,PER,_T,_T,6,3243.255
SVK,1220,USD,_T,DCU,_T,6,3243.255
SVK,1220,USD,_T,_T,_T,6,3243.255
SVK,1230,USD,PER,DCU,_T,6,4294.758
SVK,1230,USD,PER,_T,_T,6,4294.758
SVK,1230,USD,_T,DCU,_T,6,4294.758
SVK,1230,USD,_T,_T,_T,6,4294.758
SVK,1245,USD,PER,DCU,_T,6,344.884
SVK,1245,USD,PER,_T,_T,6,344.884
SVK,1245,USD,_T,DCU,_T,6,344.884
SVK,1245,USD,_T,_T,_T,6,344.884
SVK,1270,USD,PER,DCU,_T,6,3822.93
SVK,1270,USD,PER,_T,_T,6,3822.93
SVK,1270,USD,_T,DCU,_T,6,3822.93
SVK,1270,USD,_T,_T,_T,6,3822.93
SVK,1290,USD,PER,DCU,_T,6,162.893
SVK,1290,USD,PER,_T,_T,6,162.893
SVK,1290,USD,_T,DCU,_T,6,162.893
SVK,1290,USD,_T,_T,_T,6,162.893
SVK,2000,USD,PER,DCU,PF,6,13323.522
SVK,2000,USD,PER,DCU,_T,6,13323.522
SVK,2000,USD,PER,_T,PF,6,13323.522
SVK,2000,USD,PER,_T,_T,6,13323.522
SVK,2000,USD,_T,DCU,PF,6,13323.522
SVK,2000,USD,_T,DCU,_T,6,13323.522
SVK,2000,USD,_T,_T,PF,6,13323.522
SVK,2000,USD,_T,_T,_T,6,13323.522
SVK,2100,USD,PER,DCU,_T,6,13141.532
SVK,2100,USD,PER,_T,_T,6,13141.532
SVK,2100,USD,_T,DCU,_T,6,13141.532
SVK,2100,USD,_T,_T,_T,6,13141.532
SVK,2300,USD,PER,DCU,_T,6,181.991
SVK,2300,USD,PER,_T,_T,6,181.991
SVK,2300,USD,_T,DCU,_T,6,181.991
SVK,2300,USD,_T,_T,_T,6,181.991
SVK,3000,USD,PER,DCU,_T,6,800.425
SVK,3000,USD,PER,_T,_T,6,800.425
SVK,3000,USD,_T,DCU,_T,6,800.425
SVK,3000,USD,_T,_T,_T,6,800.425
SVK,3010,USD,PER,DCU,_T,6,913.491
SVK,3010,USD,PER,_T,_T,6,913.491
SVK,3010,USD,_T,DCU,_T,6,913.491
SVK,3010,USD,_T,_T,_T,6,913.491
SVK,3100,PT_B1GQ,PER,DCU,_T,0,1.108
SVK,3100,PT_B1GQ,PER,_T,_T,0,1.108
SVK,3100,PT_B1GQ,_T,DCU,_T,0,1.108
SVK,3100,PT_B1GQ,_T,_T,_T,0,1.108
SVK,3100,USD,PER,DCU,_T,6,1173.21
SVK,3100,USD,PER,_T,_T,6,1173.21
SVK,3100,USD,_T,DCU,_T,6,1173.21
SVK,3100,USD,_T,_T,_T,6,1173.21
SVK,3200,USD,PER,DCU,_T,6,1029.917
SVK,3200,USD,PER,_T,_T,6,1029.917
SVK,3200,USD,_T,DCU,_T,6,1029.917
SVK,3200,USD,_T,_T,_T,6,1029.917
SVK,3300,USD,PER,DCU,_T,6,143.293
SVK,3300,USD,PER,_T,_T,6,143.293
SVK,3300,USD,_T,DCU,_T,6,143.293
SVK,3300,USD,_T,_T,_T,6,143.293
SVK,3400,USD,PER,DCU,_T,6,0
SVK,3400,USD,PER,_T,_T,6,0
SVK,3400,USD,_T,DCU,_T,6,0
SVK,3400,USD,_T,_T,_T,6,0
SVK,4000,PT_B1GQ,PER,DCU,_T,0,0.088
SVK,4000,PT_B1GQ,PER,_T,_T,0,0.088
SVK,4000,PT_B1GQ,_T,DCU,_T,0,0.088
SVK,4000,PT_B1GQ,_T,_T,_T,0,0.139
SVK,4000,USD,PER,DCU,_T,6,92.916
SVK,4000,USD,PER,_T,_T,6,92.916
SVK,4000,USD,_T,DCU,_T,6,92.916
SVK,4000,USD,_T,_T,_T,6,147.451
SVK,4100,USD,PER,DCU,_T,6,89.558
SVK,4100,USD,PER,_T,_T,6,89.558
SVK,4100,USD,_T,DCU,_T,6,89.558
SVK,4100,USD,_T,_T,_T,6,97.936
SVK,4200,USD,PER,DCU,_T,6,3.358
SVK,4200,USD,PER,_T,_T,6,3.358
SVK,4200,USD,_T,DCU,_T,6,3.358
SVK,4200,USD,_T,_T,_T,6,49.515
SVK,4300,USD,PER,DCU,_T,6,3.358
SVK,4300,USD,PER,_T,_T,6,3.358
SVK,4300,USD,_T,DCU,_T,6,3.358
SVK,4300,USD,_T,_T,_T,6,3.522
SVK,4310,USD,PER,DCU,_T,6,17.912
SVK,4310,USD,PER,_T,_T,6,17.912
SVK,4310,USD,_T,DCU,_T,6,17.912
SVK,4310,USD,_T,_T,_T,6,17.512
SVK,4410,USD,PER,DCU,_T,6,113.067
SVK,4410,USD,PER,_T,_T,6,113.067
SVK,4410,USD,_T,DCU,_T,6,113.067
SVK,4410,USD,_T,_T,_T,6,113.067
SVK,5000,PS,PER,DCU,PF,3,2424
SVK,5000,PS,PER,DCU,_T,3,2424
SVK,5000,PS,PER,_T,PF,3,2424
SVK,5000,PS,PER,_T,_T,3,2424
SVK,5000,PS,_T,DCU,PF,3,2424
SVK,5000,PS,_T,DCU,_T,3,2424
SVK,5000,PS,_T,_T,PF,3,2424
SVK,5000,PS,_T,_T,_T,3,2424
SVK,5010,PS,PER,DCU,_T,3,1262
SVK,5010,PS,PER,_T,_T,3,1262
SVK,5010,PS,_T,DCU,_T,3,1262
SVK,5010,PS,_T,_T,_T,3,1262
SVK,5020,PS,PER,DCU,_T,3,1162
SVK,5020,PS,PER,_T,_T,3,1162
SVK,5020,PS,_T,DCU,_T,3,1162
SVK,5020,PS,_T,_T,_T,3,1162
SVK,5100,PS,PER,DCU,PF,3,2393
SVK,5100,PS,PER,DCU,_T,3,2393
SVK,5100,PS,PER,_T,PF,3,2393
SVK,5100,PS,PER,_T,_T,3,2393
SVK,5100,PS,_T,DCU,PF,3,2393
SVK,5100,PS,_T,DCU,_T,3,2393
SVK,5100,PS,_T,_T,PF,3,2393
SVK,5100,PS,_T,_T,_T,3,2393
SVK,5300,PS,PER,DCU,PF,3,31
SVK,5300,PS,PER,DCU,_T,3,31
SVK,5300,PS,PER,_T,PF,3,31
SVK,5300,PS,PER,_T,_T,3,31
SVK,5300,PS,_T,DCU,PF,3,31
SVK,5300,PS,_T,DCU,_T,3,31
SVK,5300,PS,_T,_T,PF,3,31
SVK,5300,PS,_T,_T,_T,3,31
SVK,5400,PS,PER,DCU,_T,3,0
SVK,5400,PS,PER,_T,_T,3,0
SVK,5400,PS,_T,DCU,_T,3,0
SVK,5400,PS,_T,_T,_T,3,0
SVK,PA,PT_B1GQ,PER,_T,_T,0,12.544
SVN,1000,PT_B1GQ,_T,_T,PF,0,5.979
SVN,1000,PT_B1GQ,_T,_T,PIC,0,1.304
SVN,1000,PT_B1GQ,_T,_T,_T,0,7.282
SVN,1000,USD,_T,_T,PF,6,3234.402
SVN,1000,USD,_T,_T,PIC,6,705.225
SVN,1000,USD,_T,_T,_T,6,3939.627
SVN,1121,USD,_T,_T,_T,6,2570.164
SVN,1122,USD,_T,_T,_T,6,214.687
SVN,1131,USD,_T,_T,_T,6,1.38
SVN,1141,USD,_T,_T,_T,6,1467.243
SVN,1151,USD,_T,_T,_T,6,227.485
SVN,1210,USD,_T,_T,_T,6,354.1
SVN,1215,USD,_T,_T,_T,6,2266.933
SVN,1220,USD,_T,_T,_T,6,1209.318
SVN,1230,USD,_T,_T,_T,6,1057.614
SVN,1240,USD,_T,_T,_T,6,0
SVN,1245,USD,_T,_T,_T,6,110.779
SVN,1260,USD,_T,_T,_T,6,59.202
SVN,1270,USD,_T,_T,_T,6,1133.749
SVN,1290,USD,_T,_T,_T,6,14.865
SVN,2000,USD,_T,_T,PF,6,3286.35
SVN,2000,USD,_T,_T,PIC,6,898.153
SVN,2000,USD,_T,_T,_T,6,4184.503
SVN,2100,USD,_T,_T,_T,6,215.268
SVN,2200,USD,_T,_T,_T,6,1644.784
SVN,2300,USD,_T,_T,_T,6,2324.452
SVN,3000,USD,_T,_T,_T,6,217.135
SVN,3010,USD,_T,_T,_T,6,244.926
SVN,3100,PT_B1GQ,_T,_T,_T,0,0.62
SVN,3100,USD,_T,_T,_T,6,334.487
SVN,3400,USD,_T,_T,_T,6,9.655
SVN,4000,PT_B1GQ,_T,_T,_T,0,0.173
SVN,4000,USD,_T,_T,_T,6,93.314
SVN,4100,USD,_T,_T,_T,6,93.314
SVN,4410,USD,_T,_T,_T,6,32.798
SVN,4420,USD,_T,_T,_T,6,1.777
SVN,4500,USD,_T,_T,_T,6,3.923
SVN,5000,PS,_T,_T,PF,3,477.695
SVN,5000,PS,_T,_T,PIC,3,129.396
SVN,5000,PS,_T,_T,_T,3,607.091
SVN,5100,PS,_T,_T,PF,3,465.27
SVN,5100,PS,_T,_T,PIC,3,86.878
SVN,5100,PS,_T,_T,_T,3,552.148
SVN,5200,PS,_T,_T,PF,3,89.347
SVN,5200,PS,_T,_T,PIC,3,15.979
SVN,5200,PS,_T,_T,_T,3,105.326
SVN,5300,PS,_T,_T,PF,3,12.425
SVN,5300,PS,_T,_T,PIC,3,42.518
SVN,5300,PS,_T,_T,_T,3,54.943
SWE,1000,PT_B1GQ,OCC,DB,PIC,0,12.189
SWE,1000,PT_B1GQ,OCC,DB,_T,0,12.189
SWE,1000,PT_B1GQ,OCC,DCP,PIC,0,19.585
SWE,1000,PT_B1GQ,OCC,DCP,_T,0,19.585
SWE,1000,PT_B1GQ,OCC,DCU,PIC,0,21.472
SWE,1000,PT_B1GQ,OCC,DCU,_T,0,21.472
SWE,1000,PT_B1GQ,OCC,_T,PIC,0,53.247
SWE,1000,PT_B1GQ,OCC,_T,_T,0,53.247
SWE,1000,PT_B1GQ,PER,DCP,PIC,0,0.925
SWE,1000,PT_B1GQ,PER,DCP,_T,0,0.925
SWE,1000,PT_B1GQ,PER,DCU,BANK,0,2.418
SWE,1000,PT_B1GQ,PER,DCU,PIC,0,29.11
SWE,1000,PT_B1GQ,PER,DCU,_T,0,31.529
SWE,1000,PT_B1GQ,PER,_T,BANK,0,2.418
SWE,1000,PT_B1GQ,PER,_T,PIC,0,30.035
SWE,1000,PT_B1GQ,PER,_T,_T,0,32.453
SWE,1000,PT_B1GQ,_T,DB,PIC,0,12.189
SWE,1000,PT_B1GQ,_T,DB,_T,0,12.189
SWE,1000,PT_B1GQ,_T,DCP,PIC,0,20.51
SWE,1000,PT_B1GQ,_T,DCP,_T,0,20.51
SWE,1000,PT_B1GQ,_T,DCU,BANK,0,2.418
SWE,1000,PT_B1GQ,_T,DCU,PIC,0,50.582
SWE,1000,PT_B1GQ,_T,DCU,_T,0,53.001
SWE,1000,PT_B1GQ,_T,_T,BANK,0,2.418
SWE,1000,PT_B1GQ,_T,_T,BR,0,9.957
SWE,1000,PT_B1GQ,_T,_T,OTH,0,2.418
SWE,1000,PT_B1GQ,_T,_T,PF,0,4.23
SWE,1000,PT_B1GQ,_T,_T,PIC,0,83.282
SWE,1000,PT_B1GQ,_T,_T,_T,0,99.887
SWE,1000,USD,OCC,DB,PIC,6,65819.578
SWE,1000,USD,OCC,DB,_T,6,65819.578
SWE,1000,USD,OCC,DCP,PIC,6,105756.132
SWE,1000,USD,OCC,DCP,_T,6,105756.132
SWE,1000,USD,OCC,DCU,PIC,6,115943.673
SWE,1000,USD,OCC,DCU,_T,6,115943.673
SWE,1000,USD,OCC,_T,PIC,6,287519.383
SWE,1000,USD,OCC,_T,_T,6,287519.383
SWE,1000,USD,PER,DCP,PIC,6,4992.956
SWE,1000,USD,PER,DCP,_T,6,4992.956
SWE,1000,USD,PER,DCU,BANK,6,13058.94
SWE,1000,USD,PER,DCU,PIC,6,157187.315
SWE,1000,USD,PER,DCU,_T,6,170246.255
SWE,1000,USD,PER,_T,BANK,6,13058.94
SWE,1000,USD,PER,_T,PIC,6,162180.272
SWE,1000,USD,PER,_T,_T,6,175239.212
SWE,1000,USD,_T,DB,PIC,6,65819.578
SWE,1000,USD,_T,DB,_T,6,65819.578
SWE,1000,USD,_T,DCP,PIC,6,110749.089
SWE,1000,USD,_T,DCP,_T,6,110749.089
SWE,1000,USD,_T,DCU,BANK,6,13058.94
SWE,1000,USD,_T,DCU,PIC,6,273130.988
SWE,1000,USD,_T,DCU,_T,6,286189.928
SWE,1000,USD,_T,_T,BANK,6,13058.94
SWE,1000,USD,_T,_T,BR,6,53767.488
SWE,1000,USD,_T,_T,OTH,6,13058.94
SWE,1000,USD,_T,_T,PF,6,22839.784
SWE,1000,USD,_T,_T,PIC,6,449699.655
SWE,1000,USD,_T,_T,_T,6,539365.866
SWE,1210,USD,PER,DCP,_T,6,7.743
SWE,1210,USD,PER,DCU,_T,6,806.082
SWE,1210,USD,PER,_T,_T,6,813.825
SWE,1210,USD,_T,DCP,_T,6,7.743
SWE,1210,USD,_T,DCU,_T,6,806.082
SWE,1210,USD,_T,_T,_T,6,4416.433
SWE,1215,USD,PER,DCP,_T,6,2973.019
SWE,1215,USD,PER,_T,_T,6,2973.019
SWE,1215,USD,_T,DCP,_T,6,2973.019
SWE,1215,USD,_T,_T,_T,6,70685.65
SWE,1240,USD,_T,_T,_T,6,4068.26
SWE,1245,USD,PER,DCU,_T,6,2741.819
SWE,1245,USD,PER,_T,_T,6,2741.819
SWE,1245,USD,_T,DCU,_T,6,2741.819
SWE,1245,USD,_T,_T,_T,6,60994.199
SWE,1260,USD,_T,_T,_T,6,13828.889
SWE,1270,USD,OCC,DCU,_T,6,115943.673
SWE,1270,USD,PER,DCP,_T,6,2012.194
SWE,1270,USD,PER,DCU,_T,6,166206.704
SWE,1270,USD,PER,_T,_T,6,168218.898
SWE,1270,USD,_T,DCP,_T,6,2012.194
SWE,1270,USD,_T,DCU,_T,6,282150.377
SWE,1270,USD,_T,_T,_T,6,325204.012
SWE,1290,USD,PER,DCU,_T,6,491.65
SWE,1290,USD,PER,_T,_T,6,491.65
SWE,1290,USD,_T,DCU,_T,6,491.65
SWE,1290,USD,_T,_T,_T,6,11230.415
SWE,2000,USD,_T,_T,PF,6,23578.226
SWE,OA,PT_B1GQ,OCC,_T,_T,0,53.247
SWE,PA,PT_B1GQ,PER,_T,_T,0,32.453
THA,1000,PT_B1GQ,OCC,DCU,PF,0,7.283
THA,1000,PT_B1GQ,OCC,DCU,_T,0,7.283
THA,1000,PT_B1GQ,OCC,_T,PF,0,7.283
THA,1000,PT_B1GQ,OCC,_T,_T,0,7.283
THA,1000,PT_B1GQ,_T,DCU,PF,0,7.283
THA,1000,PT_B1GQ,_T,DCU,_T,0,7.283
THA,1000,PT_B1GQ,_T,_T,PF,0,9.66
THA,1000,PT_B1GQ,_T,_T,_T,0,9.66
THA,1000,USD,OCC,DCU,PF,6,40793.968
THA,1000,USD,OCC,DCU,_T,6,40793.968
THA,1000,USD,OCC,_T,PF,6,40793.968
THA,1000,USD,OCC,_T,_T,6,40793.968
THA,1000,USD,_T,DCU,PF,6,40793.968
THA,1000,USD,_T,DCU,_T,6,40793.968
THA,1000,USD,_T,_T,PF,6,54102.769
THA,1000,USD,_T,_T,_T,6,54102.769
THA,1121,USD,OCC,DCU,_T,6,357.578
THA,1121,USD,OCC,_T,_T,6,357.578
THA,1121,USD,_T,DCU,_T,6,357.578
THA,1121,USD,_T,_T,_T,6,357.578
THA,1122,USD,OCC,DCU,_T,6,349.558
THA,1122,USD,OCC,_T,_T,6,349.558
THA,1122,USD,_T,DCU,_T,6,349.558
THA,1122,USD,_T,_T,_T,6,349.558
THA,1131,USD,OCC,DCU,_T,6,5.403
THA,1131,USD,OCC,_T,_T,6,5.403
THA,1131,USD,_T,DCU,_T,6,5.403
THA,1131,USD,_T,_T,_T,6,5.403
THA,1141,USD,OCC,DCU,_T,6,72.389
THA,1141,USD,OCC,_T,_T,6,72.389
THA,1141,USD,_T,DCU,_T,6,72.389
THA,1141,USD,_T,_T,_T,6,72.389
THA,1151,USD,OCC,DCU,_T,6,2.558
THA,1151,USD,OCC,_T,_T,6,2.558
THA,1151,USD,_T,DCU,_T,6,2.558
THA,1151,USD,_T,_T,_T,6,2.558
THA,1171,USD,OCC,DCU,_T,6,193.704
THA,1171,USD,OCC,_T,_T,6,193.704
THA,1171,USD,_T,DCU,_T,6,193.704
THA,1171,USD,_T,_T,_T,6,193.704
THA,1172,USD,OCC,DCU,_T,6,198.266
THA,1172,USD,OCC,_T,_T,6,198.266
THA,1172,USD,_T,DCU,_T,6,198.266
THA,1172,USD,_T,_T,_T,6,198.266
THA,1210,USD,OCC,DCU,_T,6,4195.796
THA,1210,USD,OCC,_T,_T,6,4195.796
THA,1210,USD,_T,DCU,_T,6,4195.796
THA,1210,USD,_T,_T,_T,6,4195.796
THA,1215,USD,OCC,DCU,_T,6,23105.611
THA,1215,USD,OCC,_T,_T,6,23105.611
THA,1215,USD,_T,DCU,_T,6,23105.611
THA,1215,USD,_T,_T,_T,6,23105.611
THA,1220,USD,OCC,DCU,_T,6,11604.229
THA,1220,USD,OCC,_T,_T,6,11604.229
THA,1220,USD,_T,DCU,_T,6,11604.229
THA,1220,USD,_T,_T,_T,6,11604.229
THA,1230,USD,OCC,DCU,_T,6,11501.382
THA,1230,USD,OCC,_T,_T,6,11501.382
THA,1230,USD,_T,DCU,_T,6,11501.382
THA,1230,USD,_T,_T,_T,6,11501.382
THA,1245,USD,OCC,DCU,_T,6,7288.091
THA,1245,USD,OCC,_T,_T,6,7288.091
THA,1245,USD,_T,DCU,_T,6,7288.091
THA,1245,USD,_T,_T,_T,6,7288.091
THA,1250,USD,OCC,DCU,_T,6,7285.07
THA,1250,USD,OCC,_T,_T,6,7285.07
THA,1250,USD,_T,DCU,_T,6,7285.07
THA,1250,USD,_T,_T,_T,6,7285.07
THA,1255,USD,OCC,DCU,_T,6,3.021
THA,1255,USD,OCC,_T,_T,6,3.021
THA,1255,USD,_T,DCU,_T,6,3.021
THA,1255,USD,_T,_T,_T,6,3.021
THA,1270,USD,OCC,DCU,_T,6,5892.113
THA,1270,USD,OCC,_T,_T,6,5892.113
THA,1270,USD,_T,DCU,_T,6,5892.113
THA,1270,USD,_T,_T,_T,6,5892.113
THA,1272,USD,OCC,DCU,_T,6,0
THA,1272,USD,OCC,_T,_T,6,0
THA,1272,USD,_T,DCU,_T,6,0
THA,1272,USD,_T,_T,_T,6,0
THA,1274,USD,OCC,DCU,_T,6,3740.187
THA,1274,USD,OCC,_T,_T,6,3740.187
THA,1274,USD,_T,DCU,_T,6,3740.187
THA,1274,USD,_T,_T,_T,6,3740.187
THA,1276,USD,OCC,DCU,_T,6,1695.672
THA,1276,USD,OCC,_T,_T,6,1695.672
THA,1276,USD,_T,DCU,_T,6,1695.672
THA,1276,USD,_T,_T,_T,6,1695.672
THA,1277,USD,OCC,DCU,_T,6,132.147
THA,1277,USD,OCC,_T,_T,6,132.147
THA,1277,USD,_T,DCU,_T,6,132.147
THA,1277,USD,_T,_T,_T,6,132.147
THA,1278,USD,OCC,DCU,_T,6,324.107
THA,1278,USD,OCC,_T,_T,6,324.107
THA,1278,USD,_T,DCU,_T,6,324.107
THA,1278,USD,_T,_T,_T,6,324.107
THA,1290,USD,OCC,DCU,_T,6,312.356
THA,1290,USD,OCC,_T,_T,6,312.356
THA,1290,USD,_T,DCU,_T,6,312.356
THA,1290,USD,_T,_T,_T,6,312.356
THA,2000,USD,OCC,DCU,PF,6,260.373
THA,2000,USD,OCC,DCU,_T,6,260.373
THA,2000,USD,OCC,_T,PF,6,260.373
THA,2000,USD,OCC,_T,_T,6,260.373
THA,2000,USD,_T,DCU,PF,6,260.373
THA,2000,USD,_T,DCU,_T,6,260.373
THA,2000,USD,_T,_T,PF,6,260.373
THA,2000,USD,_T,_T,_T,6,260.373
THA,3000,USD,OCC,DCU,_T,6,1174.18
THA,3000,USD,OCC,_T,_T,6,1174.18
THA,3000,USD,_T,DCU,_T,6,1174.18
THA,3000,USD,_T,_T,_T,6,1174.18
THA,3010,USD,OCC,DCU,_T,6,1268.272
THA,3010,USD,OCC,_T,_T,6,1268.272
THA,3010,USD,_T,DCU,_T,6,1268.272
THA,3010,USD,_T,_T,_T,6,1268.272
THA,3100,PT_B1GQ,OCC,DCU,_T,0,0.954
THA,3100,PT_B1GQ,OCC,_T,_T,0,0.954
THA,3100,PT_B1GQ,_T,DCU,_T,0,0.954
THA,3100,PT_B1GQ,_T,_T,_T,0,0.954
THA,3100,USD,OCC,DCU,_T,6,5188.097
THA,3100,USD,OCC,_T,_T,6,5188.097
THA,3100,USD,_T,DCU,_T,6,5188.097
THA,3100,USD,_T,_T,_T,6,5188.097
THA,3200,USD,OCC,DCU,_T,6,2757.861
THA,3200,USD,OCC,_T,_T,6,2757.861
THA,3200,USD,_T,DCU,_T,6,2757.861
THA,3200,USD,_T,_T,_T,6,2757.861
THA,3300,USD,OCC,DCU,_T,6,2430.235
THA,3300,USD,OCC,_T,_T,6,2430.235
THA,3300,USD,_T,DCU,_T,6,2430.235
THA,3300,USD,_T,_T,_T,6,2430.235
THA,3400,USD,OCC,DCU,_T,6,1.872
THA,3400,USD,OCC,_T,_T,6,1.872
THA,3400,USD,_T,DCU,_T,6,1.872
THA,3400,USD,_T,_T,_T,6,1.872
THA,4000,PT_B1GQ,OCC,DCU,_T,0,0.26
THA,4000,PT_B1GQ,OCC,_T,_T,0,0.26
THA,4000,PT_B1GQ,_T,DCU,_T,0,0.26
THA,4000,PT_B1GQ,_T,_T,_T,0,0.26
THA,4000,USD,OCC,DCU,_T,6,1414.698
THA,4000,USD,OCC,_T,_T,6,1414.698
THA,4000,USD,_T,DCU,_T,6,1414.698
THA,4000,USD,_T,_T,_T,6,1414.698
THA,4100,USD,OCC,DCU,_T,6,1217.067
THA,4100,USD,OCC,_T,_T,6,1217.067
THA,4100,USD,_T,DCU,_T,6,1217.067
THA,4100,USD,_T,_T,_T,6,1217.067
THA,4200,USD,OCC,DCU,_T,6,197.631
THA,4200,USD,OCC,_T,_T,6,197.631
THA,4200,USD,_T,DCU,_T,6,197.631
THA,4200,USD,_T,_T,_T,6,197.631
THA,4410,USD,OCC,DCU,_T,6,94.091
THA,4410,USD,OCC,_T,_T,6,94.091
THA,4410,USD,_T,DCU,_T,6,94.091
THA,4410,USD,_T,_T,_T,6,94.091
THA,4420,USD,OCC,DCU,_T,6,5.89
THA,4420,USD,OCC,_T,_T,6,5.89
THA,4420,USD,_T,DCU,_T,6,5.89
THA,4420,USD,_T,_T,_T,6,5.89
THA,4500,USD,OCC,DCU,_T,6,1.872
THA,4500,USD,OCC,_T,_T,6,1.872
THA,4500,USD,_T,DCU,_T,6,1.872
THA,4500,USD,_T,_T,_T,6,1.872
THA,5000,PS,OCC,DCU,PF,3,3085.392
THA,5000,PS,OCC,DCU,_T,3,3085.392
THA,5000,PS,OCC,_T,PF,3,3085.392
THA,5000,PS,OCC,_T,_T,3,3085.392
THA,5000,PS,_T,DCU,PF,3,3085.392
THA,5000,PS,_T,DCU,_T,3,3085.392
THA,5000,PS,_T,_T,PF,3,3085.392
THA,5000,PS,_T,_T,_T,3,3085.392
THA,OA,PT_B1GQ,OCC,_T,_T,0,7.283
TTO,1000,PT_B1GQ,_T,_T,PF,0,31.658
TTO,1000,PT_B1GQ,_T,_T,PIC,0,2.188
TTO,1000,PT_B1GQ,_T,_T,_T,0,33.846
TTO,1000,USD,_T,_T,PF,6,7449.471
TTO,1000,USD,_T,_T,PIC,6,514.969
TTO,1000,USD,_T,_T,_T,6,7964.44
TTO,1210,USD,_T,_T,_T,6,285.335
TTO,1215,USD,_T,_T,_T,6,3507.221
TTO,1245,USD,_T,_T,_T,6,2407.626
TTO,1270,USD,_T,_T,_T,6,0
TTO,1272,USD,_T,_T,_T,6,0
TTO,1274,USD,_T,_T,_T,6,0
TTO,1276,USD,_T,_T,_T,6,0
TTO,1278,USD,_T,_T,_T,6,0
TTO,1290,USD,_T,_T,_T,6,1764.259
TTO,3000,USD,_T,_T,_T,6,243.158
TUR,1000,PT_B1GQ,PER,DCU,PF,0,2.936
TUR,1000,PT_B1GQ,PER,DCU,_T,0,2.936
TUR,1000,PT_B1GQ,PER,_T,PF,0,2.936
TUR,1000,PT_B1GQ,PER,_T,_T,0,2.936
TUR,1000,PT_B1GQ,_T,DCU,PF,0,2.936
TUR,1000,PT_B1GQ,_T,DCU,_T,0,2.936
TUR,1000,PT_B1GQ,_T,_T,PF,0,2.936
TUR,1000,USD,PER,DCU,PF,6,21324.605
TUR,1000,USD,PER,DCU,_T,6,21324.605
TUR,1000,USD,PER,_T,PF,6,21324.605
TUR,1000,USD,PER,_T,_T,6,21324.605
TUR,1000,USD,_T,DCU,PF,6,21324.605
TUR,1000,USD,_T,DCU,_T,6,21324.605
TUR,1000,USD,_T,_T,PF,6,21324.605
TUR,1110,USD,PER,DCU,_T,6,701.857
TUR,1110,USD,PER,_T,_T,6,701.857
TUR,1110,USD,_T,DCU,_T,6,701.857
TUR,1121,USD,PER,DCU,_T,6,777.02
TUR,1121,USD,PER,_T,_T,6,777.02
TUR,1121,USD,_T,DCU,_T,6,777.02
TUR,1122,USD,PER,DCU,_T,6,2489.941
TUR,1122,USD,PER,_T,_T,6,2489.941
TUR,1122,USD,_T,DCU,_T,6,2489.941
TUR,1131,USD,PER,DCU,_T,6,0
TUR,1131,USD,PER,_T,_T,6,0
TUR,1131,USD,_T,DCU,_T,6,0
TUR,1141,USD,PER,DCU,_T,6,367.3
TUR,1141,USD,PER,_T,_T,6,367.3
TUR,1141,USD,_T,DCU,_T,6,367.3
TUR,1151,USD,PER,DCU,_T,6,409.72
TUR,1151,USD,PER,_T,_T,6,409.72
TUR,1151,USD,_T,DCU,_T,6,409.72
TUR,1210,USD,PER,DCU,_T,6,3263.627
TUR,1210,USD,PER,_T,_T,6,3263.627
TUR,1210,USD,_T,DCU,_T,6,3263.627
TUR,1215,USD,PER,DCU,_T,6,10975.404
TUR,1215,USD,PER,_T,_T,6,10975.404
TUR,1215,USD,_T,DCU,_T,6,10975.404
TUR,1220,USD,PER,DCU,_T,6,8994.275
TUR,1220,USD,PER,_T,_T,6,8994.275
TUR,1220,USD,_T,DCU,_T,6,8994.275
TUR,1230,USD,PER,DCU,_T,6,1981.129
TUR,1230,USD,PER,_T,_T,6,1981.129
TUR,1230,USD,_T,DCU,_T,6,1981.129
TUR,1240,USD,PER,DCU,_T,6,0
TUR,1240,USD,PER,_T,_T,6,0
TUR,1240,USD,_T,DCU,_T,6,0
TUR,1245,USD,PER,DCU,_T,6,3106.439
TUR,1245,USD,PER,_T,_T,6,3106.439
TUR,1245,USD,_T,DCU,_T,6,3106.439
TUR,1250,USD,PER,DCU,_T,6,3106.439
TUR,1250,USD,PER,_T,_T,6,3106.439
TUR,1250,USD,_T,DCU,_T,6,3106.439
TUR,1255,USD,PER,DCU,_T,6,0
TUR,1255,USD,PER,_T,_T,6,0
TUR,1255,USD,_T,DCU,_T,6,0
TUR,1260,USD,PER,DCU,_T,6,0
TUR,1260,USD,PER,_T,_T,6,0
TUR,1260,USD,_T,DCU,_T,6,0
TUR,1270,USD,PER,DCU,_T,6,0
TUR,1270,USD,PER,_T,_T,6,0
TUR,1270,USD,_T,DCU,_T,6,0
TUR,1272,USD,PER,DCU,_T,6,0
TUR,1272,USD,PER,_T,_T,6,0
TUR,1272,USD,_T,DCU,_T,6,0
TUR,1274,USD,PER,DCU,_T,6,0
TUR,1274,USD,PER,_T,_T,6,0
TUR,1274,USD,_T,DCU,_T,6,0
TUR,1276,USD,PER,DCU,_T,6,0
TUR,1276,USD,PER,_T,_T,6,0
TUR,1276,USD,_T,DCU,_T,6,0
TUR,1277,USD,PER,DCU,_T,6,0
TUR,1277,USD,PER,_T,_T,6,0
TUR,1277,USD,_T,DCU,_T,6,0
TUR,1278,USD,PER,DCU,_T,6,0
TUR,1278,USD,PER,_T,_T,6,0
TUR,1278,USD,_T,DCU,_T,6,0
TUR,1280,USD,PER,DCU,_T,6,0
TUR,1280,USD,PER,_T,_T,6,0
TUR,1280,USD,_T,DCU,_T,6,0
TUR,1284,USD,PER,DCU,_T,6,0
TUR,1284,USD,PER,_T,_T,6,0
TUR,1284,USD,_T,DCU,_T,6,0
TUR,1286,USD,PER,DCU,_T,6,0
TUR,1286,USD,PER,_T,_T,6,0
TUR,1286,USD,_T,DCU,_T,6,0
TUR,1289,USD,PER,DCU,_T,6,0
TUR,1289,USD,PER,_T,_T,6,0
TUR,1289,USD,_T,DCU,_T,6,0
TUR,1290,USD,PER,DCU,_T,6,3979.135
TUR,1290,USD,PER,_T,_T,6,3979.135
TUR,1290,USD,_T,DCU,_T,6,3979.135
TUR,3000,USD,PER,DCU,_T,6,3894.241
TUR,3000,USD,PER,_T,_T,6,3894.241
TUR,3000,USD,_T,DCU,_T,6,3894.241
TUR,3010,USD,PER,DCU,_T,6,4166.468
TUR,3010,USD,PER,_T,_T,6,4166.468
TUR,3010,USD,_T,DCU,_T,6,4166.468
TUR,3100,PT_B1GQ,PER,DCU,_T,0,0.556
TUR,3100,PT_B1GQ,PER,_T,_T,0,0.556
TUR,3100,PT_B1GQ,_T,DCU,_T,0,0.556
TUR,3100,USD,PER,DCU,_T,6,4228.932
TUR,3100,USD,PER,_T,_T,6,4228.932
TUR,3100,USD,_T,DCU,_T,6,4228.932
TUR,4000,PT_B1GQ,PER,DCU,_T,0,0.059
TUR,4000,PT_B1GQ,PER,_T,_T,0,0.059
TUR,4000,PT_B1GQ,_T,DCU,_T,0,0.059
TUR,4000,USD,PER,DCU,_T,6,449.328
TUR,4000,USD,PER,_T,_T,6,449.328
TUR,4000,USD,_T,DCU,_T,6,449.328
TUR,4100,USD,PER,DCU,_T,6,433.152
TUR,4100,USD,PER,_T,_T,6,433.152
TUR,4100,USD,_T,DCU,_T,6,433.152
TUR,4200,USD,PER,DCU,_T,6,16.176
TUR,4200,USD,PER,_T,_T,6,16.176
TUR,4200,USD,_T,DCU,_T,6,16.176
TUR,4410,USD,PER,DCU,_T,6,272.227
TUR,4410,USD,PER,_T,_T,6,272.227
TUR,4410,USD,_T,DCU,_T,6,272.227
TUR,4420,USD,PER,DCU,_T,6,73.195
TUR,4420,USD,PER,_T,_T,6,73.195
TUR,4420,USD,_T,DCU,_T,6,73.195
TUR,4500,USD,PER,DCU,_T,6,54.101
TUR,4500,USD,PER,_T,_T,6,54.101
TUR,4500,USD,_T,DCU,_T,6,54.101
TUR,5000,PS,PER,DCU,PF,3,12670.357
TUR,5000,PS,PER,DCU,_T,3,12670.357
TUR,5000,PS,PER,_T,PF,3,12670.357
TUR,5000,PS,PER,_T,_T,3,12670.357
TUR,5000,PS,_T,DCU,PF,3,12670.357
TUR,5000,PS,_T,DCU,_T,3,12670.357
TUR,5000,PS,_T,_T,PF,3,12670.357
TUR,5010,PS,PER,DCU,_T,3,7946.096
TUR,5010,PS,PER,_T,_T,3,7946.096
TUR,5010,PS,_T,DCU,_T,3,7946.096
TUR,5020,PS,PER,DCU,_T,3,4724.261
TUR,5020,PS,PER,_T,_T,3,4724.261
TUR,5020,PS,_T,DCU,_T,3,4724.261
TUR,5100,PS,PER,DCU,PF,3,12667.781
TUR,5100,PS,PER,DCU,_T,3,12667.781
TUR,5100,PS,PER,_T,PF,3,12667.781
TUR,5100,PS,PER,_T,_T,3,12667.781
TUR,5100,PS,_T,DCU,PF,3,12667.781
TUR,5100,PS,_T,DCU,_T,3,12667.781
TUR,5100,PS,_T,_T,PF,3,12667.781
TUR,5200,PS,PER,DCU,PF,3,0
TUR,5200,PS,PER,DCU,_T,3,0
TUR,5200,PS,PER,_T,PF,3,0
TUR,5200,PS,PER,_T,_T,3,0
TUR,5200,PS,_T,DCU,PF,3,0
TUR,5200,PS,_T,DCU,_T,3,0
TUR,5200,PS,_T,_T,PF,3,0
TUR,5300,PS,PER,DCU,PF,3,2.576
TUR,5300,PS,PER,DCU,_T,3,2.576
TUR,5300,PS,PER,_T,PF,3,2.576
TUR,5300,PS,PER,_T,_T,3,2.576
TUR,5300,PS,_T,DCU,PF,3,2.576
TUR,5300,PS,_T,DCU,_T,3,2.576
TUR,5300,PS,_T,_T,PF,3,2.576
TUR,5400,PS,PER,DCU,_T,3,0
TUR,5400,PS,PER,_T,_T,3,0
TUR,5400,PS,_T,DCU,_T,3,0
TUR,PA,PT_B1GQ,PER,_T,_T,0,2.936
UGA,1000,PT_B1GQ,_T,_T,PF,0,9.268
UGA,1000,PT_B1GQ,_T,_T,_T,0,9.268
UGA,1000,USD,_T,_T,PF,6,3542.371
UGA,1000,USD,_T,_T,_T,6,3542.371
UGA,1210,USD,_T,_T,_T,6,65.045
UGA,1215,USD,_T,_T,_T,6,2684.95
UGA,1220,USD,_T,_T,_T,6,2663.555
UGA,1230,USD,_T,_T,_T,6,21.395
UGA,1240,USD,_T,_T,_T,6,6.845
UGA,1245,USD,_T,_T,_T,6,550.101
UGA,1250,USD,_T,_T,_T,6,463.29
UGA,1255,USD,_T,_T,_T,6,86.811
UGA,1260,USD,_T,_T,_T,6,232.452
UGA,1290,USD,_T,_T,_T,6,2.976
UGA,3100,PT_B1GQ,_T,_T,_T,0,1.069
UGA,3100,USD,_T,_T,_T,6,404.477
UGA,4000,PT_B1GQ,_T,_T,_T,0,0.411
UGA,4000,USD,_T,_T,_T,6,155.363
UKR,1000,PT_B1GQ,_T,_T,PF,0,0.079
UKR,1000,PT_B1GQ,_T,_T,_T,0,0.079
UKR,1000,USD,_T,_T,PF,6,132.706
UKR,1000,USD,_T,_T,_T,6,132.706
UKR,1210,USD,_T,_T,_T,6,51.783
UKR,1215,USD,_T,_T,_T,6,71.426
UKR,1220,USD,_T,_T,_T,6,61.431
UKR,1230,USD,_T,_T,_T,6,9.995
UKR,1245,USD,_T,_T,_T,6,1.93
UKR,1250,USD,_T,_T,_T,6,1.465
UKR,1255,USD,_T,_T,_T,6,0.466
UKR,1260,USD,_T,_T,_T,6,3.665
UKR,1290,USD,_T,_T,_T,6,3.901
UKR,3000,USD,_T,_T,_T,6,14.339
URY,1000,PT_B1GQ,PER,DCU,PF,0,25.862
URY,1000,PT_B1GQ,PER,DCU,_T,0,25.862
URY,1000,PT_B1GQ,PER,_T,PF,0,25.862
URY,1000,PT_B1GQ,PER,_T,_T,0,25.862
URY,1000,PT_B1GQ,_T,DCU,PF,0,25.862
URY,1000,PT_B1GQ,_T,DCU,_T,0,25.862
URY,1000,PT_B1GQ,_T,_T,PF,0,25.862
URY,1000,PT_B1GQ,_T,_T,_T,0,25.862
URY,1000,USD,PER,DCU,PF,6,15195.223
URY,1000,USD,PER,DCU,_T,6,15195.223
URY,1000,USD,PER,_T,PF,6,15195.223
URY,1000,USD,PER,_T,_T,6,15195.223
URY,1000,USD,_T,DCU,PF,6,15195.223
URY,1000,USD,_T,DCU,_T,6,15195.223
URY,1000,USD,_T,_T,PF,6,15195.223
URY,1000,USD,_T,_T,_T,6,15195.223
URY,1121,USD,PER,DCU,_T,6,2292.959
URY,1121,USD,PER,_T,_T,6,2292.959
URY,1121,USD,_T,DCU,_T,6,2292.959
URY,1121,USD,_T,_T,_T,6,2292.959
URY,1122,USD,PER,DCU,_T,6,4171.089
URY,1122,USD,PER,_T,_T,6,4171.089
URY,1122,USD,_T,DCU,_T,6,4171.089
URY,1122,USD,_T,_T,_T,6,4171.089
URY,1171,USD,PER,DCU,_T,6,13.676
URY,1171,USD,PER,_T,_T,6,13.676
URY,1171,USD,_T,DCU,_T,6,13.676
URY,1171,USD,_T,_T,_T,6,13.676
URY,1210,USD,PER,DCU,_T,6,2133.409
URY,1210,USD,PER,_T,_T,6,2133.409
URY,1210,USD,_T,DCU,_T,6,2133.409
URY,1210,USD,_T,_T,_T,6,2133.409
URY,1215,USD,PER,DCU,_T,6,8392.322
URY,1215,USD,PER,_T,_T,6,8392.322
URY,1215,USD,_T,DCU,_T,6,8392.322
URY,1215,USD,_T,_T,_T,6,8392.322
URY,1220,USD,PER,DCU,_T,6,7855.93
URY,1220,USD,PER,_T,_T,6,7855.93
URY,1220,USD,_T,DCU,_T,6,7855.93
URY,1220,USD,_T,_T,_T,6,7855.93
URY,1230,USD,PER,DCU,_T,6,536.391
URY,1230,USD,PER,_T,_T,6,536.391
URY,1230,USD,_T,DCU,_T,6,536.391
URY,1230,USD,_T,_T,_T,6,536.391
URY,1240,USD,PER,DCU,_T,6,252.241
URY,1240,USD,PER,_T,_T,6,252.241
URY,1240,USD,_T,DCU,_T,6,252.241
URY,1240,USD,_T,_T,_T,6,252.241
URY,1245,USD,PER,DCU,_T,6,27.351
URY,1245,USD,PER,_T,_T,6,27.351
URY,1245,USD,_T,DCU,_T,6,27.351
URY,1245,USD,_T,_T,_T,6,27.351
URY,1250,USD,PER,DCU,_T,6,27.351
URY,1250,USD,PER,_T,_T,6,27.351
URY,1250,USD,_T,DCU,_T,6,27.351
URY,1250,USD,_T,_T,_T,6,27.351
URY,1255,USD,PER,DCU,_T,6,0
URY,1255,USD,PER,_T,_T,6,0
URY,1255,USD,_T,DCU,_T,6,0
URY,1255,USD,_T,_T,_T,6,0
URY,1260,USD,PER,DCU,_T,6,0
URY,1260,USD,PER,_T,_T,6,0
URY,1260,USD,_T,DCU,_T,6,0
URY,1260,USD,_T,_T,_T,6,0
URY,1270,USD,PER,DCU,_T,6,0
URY,1270,USD,PER,_T,_T,6,0
URY,1270,USD,_T,DCU,_T,6,0
URY,1270,USD,_T,_T,_T,6,0
URY,1272,USD,PER,DCU,_T,6,0
URY,1272,USD,PER,_T,_T,6,0
URY,1272,USD,_T,DCU,_T,6,0
URY,1272,USD,_T,_T,_T,6,0
URY,1274,USD,PER,DCU,_T,6,0
URY,1274,USD,PER,_T,_T,6,0
URY,1274,USD,_T,DCU,_T,6,0
URY,1274,USD,_T,_T,_T,6,0
URY,1276,USD,PER,DCU,_T,6,0
URY,1276,USD,PER,_T,_T,6,0
URY,1276,USD,_T,DCU,_T,6,0
URY,1276,USD,_T,_T,_T,6,0
URY,1277,USD,PER,DCU,_T,6,0
URY,1277,USD,PER,_T,_T,6,0
URY,1277,USD,_T,DCU,_T,6,0
URY,1277,USD,_T,_T,_T,6,0
URY,1278,USD,PER,DCU,_T,6,0
URY,1278,USD,PER,_T,_T,6,0
URY,1278,USD,_T,DCU,_T,6,0
URY,1278,USD,_T,_T,_T,6,0
URY,1280,USD,PER,DCU,_T,6,0
URY,1280,USD,PER,_T,_T,6,0
URY,1280,USD,_T,DCU,_T,6,0
URY,1280,USD,_T,_T,_T,6,0
URY,1284,USD,PER,DCU,_T,6,0
URY,1284,USD,PER,_T,_T,6,0
URY,1284,USD,_T,DCU,_T,6,0
URY,1284,USD,_T,_T,_T,6,0
URY,1286,USD,PER,DCU,_T,6,0
URY,1286,USD,PER,_T,_T,6,0
URY,1286,USD,_T,DCU,_T,6,0
URY,1286,USD,_T,_T,_T,6,0
URY,1289,USD,PER,DCU,_T,6,2095.421
URY,1289,USD,PER,_T,_T,6,2095.421
URY,1289,USD,_T,DCU,_T,6,2095.421
URY,1289,USD,_T,_T,_T,6,2095.421
URY,1290,USD,PER,DCU,_T,6,2294.479
URY,1290,USD,PER,_T,_T,6,2294.479
URY,1290,USD,_T,DCU,_T,6,2294.479
URY,1290,USD,_T,_T,_T,6,2294.479
URY,2000,USD,PER,DCU,PF,6,15195.223
URY,2000,USD,PER,DCU,_T,6,15195.223
URY,2000,USD,PER,_T,PF,6,15195.223
URY,2000,USD,PER,_T,_T,6,15195.223
URY,2000,USD,_T,DCU,PF,6,15195.223
URY,2000,USD,_T,DCU,_T,6,15195.223
URY,2000,USD,_T,_T,PF,6,15195.223
URY,2000,USD,_T,_T,_T,6,15195.223
URY,2100,USD,PER,DCU,_T,6,15110.842
URY,2100,USD,PER,_T,_T,6,15110.842
URY,2100,USD,_T,DCU,_T,6,15110.842
URY,2100,USD,_T,_T,_T,6,15110.842
URY,2200,USD,PER,DCU,_T,6,0
URY,2200,USD,PER,_T,_T,6,0
URY,2200,USD,_T,DCU,_T,6,0
URY,2200,USD,_T,_T,_T,6,0
URY,2300,USD,PER,DCU,_T,6,84.381
URY,2300,USD,PER,_T,_T,6,84.381
URY,2300,USD,_T,DCU,_T,6,84.381
URY,2300,USD,_T,_T,_T,6,84.381
URY,3000,USD,PER,DCU,_T,6,1956.581
URY,3000,USD,PER,_T,_T,6,1956.581
URY,3000,USD,_T,DCU,_T,6,1956.581
URY,3000,USD,_T,_T,_T,6,1956.581
URY,3010,USD,PER,DCU,_T,6,2080.817
URY,3010,USD,PER,_T,_T,6,2080.817
URY,3010,USD,_T,DCU,_T,6,2080.817
URY,3010,USD,_T,_T,_T,6,2080.817
URY,3100,PT_B1GQ,PER,DCU,_T,0,1.784
URY,3100,PT_B1GQ,PER,_T,_T,0,1.784
URY,3100,PT_B1GQ,_T,DCU,_T,0,1.784
URY,3100,PT_B1GQ,_T,_T,_T,0,1.784
URY,3100,USD,PER,DCU,_T,6,1110.075
URY,3100,USD,PER,_T,_T,6,1110.075
URY,3100,USD,_T,DCU,_T,6,1110.075
URY,3100,USD,_T,_T,_T,6,1110.075
URY,3200,USD,PER,DCU,_T,6,65.468
URY,3200,USD,PER,_T,_T,6,65.468
URY,3200,USD,_T,DCU,_T,6,65.468
URY,3200,USD,_T,_T,_T,6,65.468
URY,3300,USD,PER,DCU,_T,6,1044.607
URY,3300,USD,PER,_T,_T,6,1044.607
URY,3300,USD,_T,DCU,_T,6,1044.607
URY,3300,USD,_T,_T,_T,6,1044.607
URY,4300,USD,PER,DCU,_T,6,183.121
URY,4300,USD,PER,_T,_T,6,183.121
URY,4300,USD,_T,DCU,_T,6,183.121
URY,4300,USD,_T,_T,_T,6,183.121
URY,4310,USD,PER,DCU,_T,6,327.978
URY,4310,USD,PER,_T,_T,6,327.978
URY,4310,USD,_T,DCU,_T,6,327.978
URY,4310,USD,_T,_T,_T,6,327.978
URY,4410,USD,PER,DCU,_T,6,124.236
URY,4410,USD,PER,_T,_T,6,124.236
URY,4410,USD,_T,DCU,_T,6,124.236
URY,4410,USD,_T,_T,_T,6,124.236
URY,5000,PS,PER,DCU,PF,3,1446
URY,5000,PS,PER,DCU,_T,3,1446
URY,5000,PS,PER,_T,PF,3,1446
URY,5000,PS,PER,_T,_T,3,1446
URY,5000,PS,_T,DCU,PF,3,1446
URY,5000,PS,_T,DCU,_T,3,1446
URY,5000,PS,_T,_T,PF,3,1446
URY,5000,PS,_T,_T,_T,3,1446
URY,5010,PS,PER,DCU,_T,3,794
URY,5010,PS,PER,_T,_T,3,794
URY,5010,PS,_T,DCU,_T,3,794
URY,5010,PS,_T,_T,_T,3,794
URY,5020,PS,PER,DCU,_T,3,652
URY,5020,PS,PER,_T,_T,3,652
URY,5020,PS,_T,DCU,_T,3,652
URY,5020,PS,_T,_T,_T,3,652
URY,5100,PS,PER,DCU,PF,3,1446
URY,5100,PS,PER,DCU,_T,3,1446
URY,5100,PS,PER,_T,PF,3,1446
URY,5100,PS,PER,_T,_T,3,1446
URY,5100,PS,_T,DCU,PF,3,1446
URY,5100,PS,_T,DCU,_T,3,1446
URY,5100,PS,_T,_T,PF,3,1446
URY,5100,PS,_T,_T,_T,3,1446
URY,5200,PS,PER,DCU,PF,3,614
URY,5200,PS,PER,DCU,_T,3,614
URY,5200,PS,PER,_T,PF,3,614
URY,5200,PS,PER,_T,_T,3,614
URY,5200,PS,_T,DCU,PF,3,614
URY,5200,PS,_T,DCU,_T,3,614
URY,5200,PS,_T,_T,PF,3,614
URY,5200,PS,_T,_T,_T,3,614
URY,PA,PT_B1GQ,PER,_T,_T,0,25.862
USA,1000,PT_B1GQ,OCC,DB,PF,0,45.892
USA,1000,PT_B1GQ,OCC,DB,_T,0,45.892
USA,1000,PT_B1GQ,OCC,DCU,PF,0,39.565
USA,1000,PT_B1GQ,OCC,DCU,_T,0,39.565
USA,1000,PT_B1GQ,OCC,_T,PF,0,85.457
USA,1000,PT_B1GQ,OCC,_T,_T,0,85.457
USA,1000,PT_B1GQ,PER,DCP,PIC,0,16.56
USA,1000,PT_B1GQ,PER,DCP,_T,0,16.56
USA,1000,PT_B1GQ,PER,DCU,BANK,0,2.591
USA,1000,PT_B1GQ,PER,DCU,INV,0,21.356
USA,1000,PT_B1GQ,PER,DCU,PF,0,23.681
USA,1000,PT_B1GQ,PER,DCU,_T,0,47.628
USA,1000,PT_B1GQ,PER,_T,BANK,0,2.591
USA,1000,PT_B1GQ,PER,_T,INV,0,21.356
USA,1000,PT_B1GQ,PER,_T,PF,0,23.681
USA,1000,PT_B1GQ,PER,_T,PIC,0,16.56
USA,1000,PT_B1GQ,PER,_T,_T,0,64.188
USA,1000,PT_B1GQ,_T,DB,PF,0,45.892
USA,1000,PT_B1GQ,_T,DB,_T,0,45.892
USA,1000,PT_B1GQ,_T,DCP,PIC,0,16.56
USA,1000,PT_B1GQ,_T,DCP,_T,0,16.56
USA,1000,PT_B1GQ,_T,DCU,BANK,0,2.591
USA,1000,PT_B1GQ,_T,DCU,INV,0,21.356
USA,1000,PT_B1GQ,_T,DCU,PF,0,63.246
USA,1000,PT_B1GQ,_T,DCU,_T,0,87.193
USA,1000,PT_B1GQ,_T,_T,BANK,0,2.591
USA,1000,PT_B1GQ,_T,_T,INV,0,21.356
USA,1000,PT_B1GQ,_T,_T,OTH,0,47.628
USA,1000,PT_B1GQ,_T,_T,PF,0,85.457
USA,1000,PT_B1GQ,_T,_T,PIC,0,16.56
USA,1000,PT_B1GQ,_T,_T,_T,0,149.645
USA,1000,USD,OCC,DB,PF,6,9885226.22
USA,1000,USD,OCC,DB,_T,6,9885226.22
USA,1000,USD,OCC,DCU,PF,6,8522293
USA,1000,USD,OCC,DCU,_T,6,8522293
USA,1000,USD,OCC,_T,PF,6,18407519.22
USA,1000,USD,OCC,_T,_T,6,18407519.22
USA,1000,USD,PER,DCP,PIC,6,3567072
USA,1000,USD,PER,DCP,_T,6,3567072
USA,1000,USD,PER,DCU,BANK,6,558194
USA,1000,USD,PER,DCU,INV,6,4600000
USA,1000,USD,PER,DCU,PF,6,5100806
USA,1000,USD,PER,DCU,_T,6,10259000
USA,1000,USD,PER,_T,BANK,6,558194
USA,1000,USD,PER,_T,INV,6,4600000
USA,1000,USD,PER,_T,PF,6,5100806
USA,1000,USD,PER,_T,PIC,6,3567072
USA,1000,USD,PER,_T,_T,6,13826072
USA,1000,USD,_T,DB,PF,6,9885226.22
USA,1000,USD,_T,DB,_T,6,9885226.22
USA,1000,USD,_T,DCP,PIC,6,3567072
USA,1000,USD,_T,DCP,_T,6,3567072
USA,1000,USD,_T,DCU,BANK,6,558194
USA,1000,USD,_T,DCU,INV,6,4600000
USA,1000,USD,_T,DCU,PF,6,13623099
USA,1000,USD,_T,DCU,_T,6,18781293
USA,1000,USD,_T,_T,BANK,6,558194
USA,1000,USD,_T,_T,INV,6,4600000
USA,1000,USD,_T,_T,OTH,6,10259000
USA,1000,USD,_T,_T,PF,6,18407519.22
USA,1000,USD,_T,_T,PIC,6,3567072
USA,1000,USD,_T,_T,_T,6,32233591.22
USA,1210,USD,OCC,DB,_T,6,46434
USA,1210,USD,OCC,DCU,_T,6,19515
USA,1210,USD,OCC,_T,_T,6,65949
USA,1210,USD,PER,DCP,_T,6,39791.25
USA,1210,USD,PER,DCU,_T,6,558194
USA,1210,USD,PER,_T,_T,6,597985.25
USA,1210,USD,_T,DB,_T,6,46434
USA,1210,USD,_T,DCP,_T,6,39791.25
USA,1210,USD,_T,DCU,_T,6,577709
USA,1210,USD,_T,_T,_T,6,663934.25
USA,1215,USD,OCC,DB,_T,6,2087731
USA,1215,USD,OCC,DCU,_T,6,494326
USA,1215,USD,OCC,_T,_T,6,2582057
USA,1215,USD,PER,DCP,_T,6,1695679.06
USA,1215,USD,PER,DCU,_T,6,513834.81
USA,1215,USD,PER,_T,_T,6,2209513.87
USA,1215,USD,_T,DB,_T,6,2087731
USA,1215,USD,_T,DCP,_T,6,1695679.06
USA,1215,USD,_T,DCU,_T,6,1008160.81
USA,1215,USD,_T,_T,_T,6,4791570.87
USA,1220,USD,OCC,DB,_T,6,916689
USA,1220,USD,OCC,DCU,_T,6,283609
USA,1220,USD,OCC,_T,_T,6,1200298
USA,1220,USD,PER,DCP,_T,6,344613.53
USA,1220,USD,PER,DCU,_T,6,467899.47
USA,1220,USD,PER,_T,_T,6,812513.01
USA,1220,USD,_T,DB,_T,6,916689
USA,1220,USD,_T,DCP,_T,6,344613.53
USA,1220,USD,_T,DCU,_T,6,751508.47
USA,1220,USD,_T,_T,_T,6,2012811.01
USA,1230,USD,OCC,DB,_T,6,1171042
USA,1230,USD,OCC,DCU,_T,6,210717
USA,1230,USD,OCC,_T,_T,6,1381759
USA,1230,USD,PER,DCP,_T,6,1351065.53
USA,1230,USD,PER,DCU,_T,6,45935.34
USA,1230,USD,PER,_T,_T,6,1397000.87
USA,1230,USD,_T,DB,_T,6,1171042
USA,1230,USD,_T,DCP,_T,6,1351065.53
USA,1230,USD,_T,DCU,_T,6,256652.34
USA,1230,USD,_T,_T,_T,6,2778759.87
USA,1240,USD,OCC,DB,_T,6,1921904
USA,1240,USD,OCC,DCU,_T,6,259835
USA,1240,USD,OCC,_T,_T,6,2181739
USA,1240,USD,PER,DCP,_T,6,332117.19
USA,1240,USD,PER,_T,_T,6,332117.19
USA,1240,USD,_T,DB,_T,6,1921904
USA,1240,USD,_T,DCP,_T,6,332117.19
USA,1240,USD,_T,DCU,_T,6,259835
USA,1240,USD,_T,_T,_T,6,2513856.19
USA,1245,USD,OCC,DB,_T,6,3780706
USA,1245,USD,OCC,DCU,_T,6,2107062
USA,1245,USD,OCC,_T,_T,6,5887768
USA,1245,USD,PER,DCP,_T,6,279652.03
USA,1245,USD,PER,DCU,_T,6,4586971.19
USA,1245,USD,PER,_T,_T,6,4866623.22
USA,1245,USD,_T,DB,_T,6,3780706
USA,1245,USD,_T,DCP,_T,6,279652.03
USA,1245,USD,_T,DCU,_T,6,6694033.19
USA,1245,USD,_T,_T,_T,6,10754391.22
USA,1260,USD,OCC,DB,_T,6,179983.22
USA,1260,USD,OCC,_T,_T,6,179983.22
USA,1260,USD,_T,DB,_T,6,179983.22
USA,1260,USD,_T,_T,_T,6,179983.22
USA,1270,USD,OCC,DB,_T,6,594526
USA,1270,USD,OCC,DCU,_T,6,4302825
USA,1270,USD,OCC,_T,_T,6,4897351
USA,1270,USD,PER,DCP,_T,6,676830.55
USA,1270,USD,PER,DCU,_T,6,4600000
USA,1270,USD,PER,_T,_T,6,5276830.55
USA,1270,USD,_T,DB,_T,6,594526
USA,1270,USD,_T,DCP,_T,6,676830.55
USA,1270,USD,_T,DCU,_T,6,8902825
USA,1270,USD,_T,_T,_T,6,10174181.55
USA,1272,USD,OCC,DB,_T,6,63104
USA,1272,USD,OCC,DCU,_T,6,140504
USA,1272,USD,OCC,_T,_T,6,203608
USA,1272,USD,PER,DCP,_T,6,24403.52
USA,1272,USD,PER,DCU,_T,6,314000
USA,1272,USD,PER,_T,_T,6,338403.52
USA,1272,USD,_T,DB,_T,6,63104
USA,1272,USD,_T,DCP,_T,6,24403.52
USA,1272,USD,_T,DCU,_T,6,454504
USA,1272,USD,_T,_T,_T,6,542011.52
USA,1280,USD,OCC,DB,_T,6,60867
USA,1280,USD,OCC,DCU,_T,6,764209
USA,1280,USD,OCC,_T,_T,6,825076
USA,1280,USD,_T,DB,_T,6,60867
USA,1280,USD,_T,DCU,_T,6,764209
USA,1280,USD,_T,_T,_T,6,825076
USA,1290,USD,OCC,DB,_T,6,1213075
USA,1290,USD,OCC,DCU,_T,6,574521
USA,1290,USD,OCC,_T,_T,6,1787596
USA,1290,USD,PER,DCP,_T,6,543001.91
USA,1290,USD,PER,_T,_T,6,543001.91
USA,1290,USD,_T,DB,_T,6,1213075
USA,1290,USD,_T,DCP,_T,6,543001.91
USA,1290,USD,_T,DCU,_T,6,574521
USA,1290,USD,_T,_T,_T,6,2330597.91
USA,2000,USD,OCC,DB,PF,6,16120781
USA,2000,USD,OCC,DB,_T,6,16120781
USA,2000,USD,OCC,DCU,PF,6,8522293
USA,2000,USD,OCC,DCU,_T,6,8522293
USA,2000,USD,OCC,_T,PF,6,24643074
USA,2000,USD,OCC,_T,_T,6,24643074
USA,2000,USD,PER,DCP,PIC,6,3567072
USA,2000,USD,PER,DCP,_T,6,3567072
USA,2000,USD,PER,DCU,BANK,6,558194
USA,2000,USD,PER,DCU,INV,6,4600000
USA,2000,USD,PER,DCU,PF,6,5100806
USA,2000,USD,PER,DCU,_T,6,10259000
USA,2000,USD,PER,_T,BANK,6,558194
USA,2000,USD,PER,_T,INV,6,4600000
USA,2000,USD,PER,_T,PF,6,5100806
USA,2000,USD,PER,_T,PIC,6,3567072
USA,2000,USD,PER,_T,_T,6,13826072
USA,2000,USD,_T,DB,PF,6,16120781
USA,2000,USD,_T,DB,_T,6,16120781
USA,2000,USD,_T,DCP,PIC,6,3567072
USA,2000,USD,_T,DCP,_T,6,3567072
USA,2000,USD,_T,DCU,BANK,6,558194
USA,2000,USD,_T,DCU,INV,6,4600000
USA,2000,USD,_T,DCU,PF,6,13623099
USA,2000,USD,_T,DCU,_T,6,18781293
USA,2000,USD,_T,_T,BANK,6,558194
USA,2000,USD,_T,_T,INV,6,4600000
USA,2000,USD,_T,_T,OTH,6,10259000
USA,2000,USD,_T,_T,PF,6,24643074
USA,2000,USD,_T,_T,PIC,6,3567072
USA,2000,USD,_T,_T,_T,6,38469146
USA,3010,USD,OCC,DB,_T,6,221099
USA,3010,USD,_T,DB,_T,6,221099
USA,3100,PT_B1GQ,OCC,DB,_T,0,1.891
USA,3100,PT_B1GQ,OCC,DCU,_T,0,3.051
USA,3100,PT_B1GQ,OCC,_T,_T,0,4.942
USA,3100,PT_B1GQ,PER,DCU,_T,0,0.351
USA,3100,PT_B1GQ,_T,DB,_T,0,1.891
USA,3100,PT_B1GQ,_T,DCU,_T,0,3.401
USA,3100,USD,OCC,DB,_T,6,407318
USA,3100,USD,OCC,DCU,_T,6,657137
USA,3100,USD,OCC,_T,_T,6,1064455
USA,3100,USD,PER,DCU,_T,6,75500
USA,3100,USD,_T,DB,_T,6,407318
USA,3100,USD,_T,DCU,_T,6,732637
USA,3200,USD,OCC,DB,_T,6,344621
USA,3200,USD,OCC,DCU,_T,6,228156
USA,3200,USD,OCC,_T,_T,6,572777
USA,3200,USD,_T,DB,_T,6,344621
USA,3200,USD,_T,DCU,_T,6,228156
USA,3300,USD,OCC,DB,_T,6,62697
USA,3300,USD,OCC,DCU,_T,6,428981
USA,3300,USD,OCC,_T,_T,6,491678
USA,3300,USD,_T,DB,_T,6,62697
USA,3300,USD,_T,DCU,_T,6,428981
USA,3400,USD,OCC,DB,_T,6,296886
USA,3400,USD,_T,DB,_T,6,296886
USA,4000,PT_B1GQ,OCC,DB,_T,0,3.482
USA,4000,PT_B1GQ,OCC,DCU,_T,0,3.083
USA,4000,PT_B1GQ,OCC,_T,_T,0,6.565
USA,4000,PT_B1GQ,PER,DCU,_T,0,1.745
USA,4000,PT_B1GQ,_T,DB,_T,0,3.482
USA,4000,PT_B1GQ,_T,DCU,_T,0,4.828
USA,4000,USD,OCC,DB,_T,6,750116
USA,4000,USD,OCC,DCU,_T,6,664026
USA,4000,USD,OCC,_T,_T,6,1414142
USA,4000,USD,PER,DCU,_T,6,375900
USA,4000,USD,_T,DB,_T,6,750116
USA,4000,USD,_T,DCU,_T,6,1039926
USA,4420,USD,OCC,DB,_T,6,33804
USA,4420,USD,_T,DB,_T,6,33804
USA,5000,PS,OCC,DB,PF,3,59300
USA,5000,PS,OCC,DB,_T,3,59300
USA,5000,PS,OCC,DBH,PF,3,10026
USA,5000,PS,OCC,DBH,_T,3,10026
USA,5000,PS,OCC,DCU,PF,3,114938
USA,5000,PS,OCC,DCU,_T,3,114938
USA,5000,PS,OCC,_T,PF,3,184264
USA,5000,PS,OCC,_T,_T,3,184264
USA,5000,PS,PER,DCU,PF,3,62773
USA,5000,PS,PER,DCU,_T,3,62773
USA,5000,PS,PER,_T,PF,3,62773
USA,5000,PS,PER,_T,_T,3,62773
USA,5000,PS,_T,DB,PF,3,59300
USA,5000,PS,_T,DB,_T,3,59300
USA,5000,PS,_T,DBH,PF,3,10026
USA,5000,PS,_T,DBH,_T,3,10026
USA,5000,PS,_T,DCU,PF,3,177711
USA,5000,PS,_T,DCU,_T,3,177711
USA,5000,PS,_T,_T,PF,3,247037
USA,5000,PS,_T,_T,_T,3,247037
USA,5100,PS,OCC,DB,PF,3,38755
USA,5100,PS,OCC,DB,_T,3,38755
USA,5100,PS,OCC,DBH,PF,3,7001
USA,5100,PS,OCC,DBH,_T,3,7001
USA,5100,PS,OCC,DCU,PF,3,113621
USA,5100,PS,OCC,DCU,_T,3,113621
USA,5100,PS,OCC,_T,PF,3,159377
USA,5100,PS,OCC,_T,_T,3,159377
USA,5100,PS,PER,DCU,PF,3,41334
USA,5100,PS,PER,DCU,_T,3,41334
USA,5100,PS,PER,_T,PF,3,41334
USA,5100,PS,PER,_T,_T,3,41334
USA,5100,PS,_T,DB,PF,3,38755
USA,5100,PS,_T,DB,_T,3,38755
USA,5100,PS,_T,DBH,PF,3,7001
USA,5100,PS,_T,DBH,_T,3,7001
USA,5100,PS,_T,DCU,PF,3,154955
USA,5100,PS,_T,DCU,_T,3,154955
USA,5100,PS,_T,_T,PF,3,200711
USA,5100,PS,_T,_T,_T,3,200711
USA,5200,PS,OCC,DB,PF,3,12863
USA,5200,PS,OCC,DB,_T,3,12863
USA,5200,PS,OCC,DBH,PF,3,3080
USA,5200,PS,OCC,DBH,_T,3,3080
USA,5200,PS,OCC,DCU,PF,3,23961
USA,5200,PS,OCC,DCU,_T,3,23961
USA,5200,PS,OCC,_T,PF,3,39904
USA,5200,PS,OCC,_T,_T,3,39904
USA,5200,PS,_T,DB,PF,3,12863
USA,5200,PS,_T,DB,_T,3,12863
USA,5200,PS,_T,DBH,PF,3,3080
USA,5200,PS,_T,DBH,_T,3,3080
USA,5200,PS,_T,DCU,PF,3,23961
USA,5200,PS,_T,DCU,_T,3,23961
USA,5200,PS,_T,_T,PF,3,39904
USA,5200,PS,_T,_T,_T,3,39904
USA,5300,PS,OCC,DB,PF,3,20545
USA,5300,PS,OCC,DB,_T,3,20545
USA,5300,PS,OCC,DBH,PF,3,3025
USA,5300,PS,OCC,DBH,_T,3,3025
USA,5300,PS,OCC,DCU,PF,3,1317
USA,5300,PS,OCC,DCU,_T,3,1317
USA,5300,PS,OCC,_T,PF,3,24887
USA,5300,PS,OCC,_T,_T,3,24887
USA,5300,PS,PER,DCU,PF,3,21439
USA,5300,PS,PER,DCU,_T,3,21439
USA,5300,PS,PER,_T,PF,3,21439
USA,5300,PS,PER,_T,_T,3,21439
USA,5300,PS,_T,DB,PF,3,20545
USA,5300,PS,_T,DB,_T,3,20545
USA,5300,PS,_T,DBH,PF,3,3025
USA,5300,PS,_T,DBH,_T,3,3025
USA,5300,PS,_T,DCU,PF,3,22756
USA,5300,PS,_T,DCU,_T,3,22756
USA,5300,PS,_T,_T,PF,3,46326
USA,5300,PS,_T,_T,_T,3,46326
USA,5400,PS,OCC,DB,_T,3,2895
USA,5400,PS,OCC,DBH,_T,3,492
USA,5400,PS,OCC,DCU,_T,3,278
USA,5400,PS,OCC,_T,_T,3,3665
USA,5400,PS,_T,DB,_T,3,2895
USA,5400,PS,_T,DBH,_T,3,492
USA,5400,PS,_T,DCU,_T,3,278
USA,5400,PS,_T,_T,_T,3,3665
USA,OA,PT_B1GQ,OCC,_T,_T,0,85.457
USA,PA,PT_B1GQ,PER,_T,_T,0,64.188
ZAF,1000,PT_B1GQ,_T,_T,PF,0,47.388
ZAF,1000,PT_B1GQ,_T,_T,_T,0,82.259
ZAF,1000,USD,_T,_T,PF,6,190059.556
ZAF,1000,USD,_T,_T,_T,6,329914.344
ZAF,2000,USD,_T,_T,PF,6,169884.505
ZAF,3100,PT_B1GQ,_T,_T,_T,0,4.818
ZAF,3100,USD,_T,_T,_T,6,18759.828
ZAF,5000,PS,_T,_T,PF,3,15759
ZAF,5100,PS,_T,_T,PF,3,10382
ZAF,5200,PS,_T,_T,PF,3,122
ZAF,5300,PS,_T,_T,PF,3,5071
ZMB,1000,PT_B1GQ,OCC,DB,PF,0,0.464
ZMB,1000,PT_B1GQ,OCC,DB,_T,0,0.464
ZMB,1000,PT_B1GQ,OCC,DCP,PF,0,2.256
ZMB,1000,PT_B1GQ,OCC,DCP,_T,0,2.256
ZMB,1000,PT_B1GQ,OCC,_T,PF,0,2.72
ZMB,1000,PT_B1GQ,OCC,_T,_T,0,3.111
ZMB,1000,PT_B1GQ,_T,DB,PF,0,0.464
ZMB,1000,PT_B1GQ,_T,DB,_T,0,0.464
ZMB,1000,PT_B1GQ,_T,DCP,PF,0,2.256
ZMB,1000,PT_B1GQ,_T,DCP,_T,0,2.256
ZMB,1000,PT_B1GQ,_T,_T,PF,0,3.111
ZMB,1000,PT_B1GQ,_T,_T,_T,0,3.111
ZMB,1000,USD,OCC,DB,PF,6,98.795
ZMB,1000,USD,OCC,DB,_T,6,98.795
ZMB,1000,USD,OCC,DCP,PF,6,480.484
ZMB,1000,USD,OCC,DCP,_T,6,480.484
ZMB,1000,USD,OCC,_T,PF,6,579.279
ZMB,1000,USD,OCC,_T,_T,6,662.367
ZMB,1000,USD,_T,DB,PF,6,98.795
ZMB,1000,USD,_T,DB,_T,6,98.795
ZMB,1000,USD,_T,DCP,PF,6,480.484
ZMB,1000,USD,_T,DCP,_T,6,480.484
ZMB,1000,USD,_T,_T,PF,6,662.367
ZMB,1000,USD,_T,_T,_T,6,662.367
ZMB,1121,USD,OCC,DCP,_T,6,36.985
ZMB,1121,USD,OCC,_T,_T,6,36.995
ZMB,1121,USD,_T,DCP,_T,6,36.985
ZMB,1121,USD,_T,_T,_T,6,36.995
ZMB,1122,USD,OCC,DCP,_T,6,36.985
ZMB,1122,USD,OCC,_T,_T,6,36.995
ZMB,1122,USD,_T,DCP,_T,6,36.985
ZMB,1122,USD,_T,_T,_T,6,36.995
ZMB,1131,USD,OCC,DCP,_T,6,0
ZMB,1131,USD,_T,DCP,_T,6,0
ZMB,1141,USD,OCC,DCP,_T,6,0
ZMB,1141,USD,_T,DCP,_T,6,0
ZMB,1151,USD,OCC,DCP,_T,6,36.985
ZMB,1151,USD,_T,DCP,_T,6,36.985
ZMB,1161,USD,OCC,DCP,_T,6,0
ZMB,1161,USD,_T,DCP,_T,6,0
ZMB,1171,USD,OCC,DCP,_T,6,0
ZMB,1171,USD,_T,DCP,_T,6,0
ZMB,1172,USD,OCC,DCP,_T,6,0
ZMB,1172,USD,_T,DCP,_T,6,0
ZMB,1210,USD,OCC,DB,_T,6,14.445
ZMB,1210,USD,OCC,DCP,_T,6,137.115
ZMB,1210,USD,OCC,_T,_T,6,151.595
ZMB,1210,USD,_T,DB,_T,6,14.445
ZMB,1210,USD,_T,DCP,_T,6,137.115
ZMB,1210,USD,_T,_T,_T,6,151.595
ZMB,1215,USD,OCC,DB,_T,6,19.681
ZMB,1215,USD,OCC,DCP,_T,6,112.617
ZMB,1215,USD,OCC,_T,_T,6,132.247
ZMB,1215,USD,_T,DB,_T,6,19.681
ZMB,1215,USD,_T,DCP,_T,6,112.617
ZMB,1215,USD,_T,_T,_T,6,132.247
ZMB,1220,USD,OCC,DB,_T,6,15.475
ZMB,1220,USD,OCC,DCP,_T,6,79.956
ZMB,1220,USD,OCC,_T,_T,6,95.393
ZMB,1220,USD,_T,DB,_T,6,15.475
ZMB,1220,USD,_T,DCP,_T,6,79.956
ZMB,1220,USD,_T,_T,_T,6,95.393
ZMB,1230,USD,OCC,DB,_T,6,4.206
ZMB,1230,USD,OCC,DCP,_T,6,32.661
ZMB,1230,USD,OCC,_T,_T,6,36.853
ZMB,1230,USD,_T,DB,_T,6,4.206
ZMB,1230,USD,_T,DCP,_T,6,32.661
ZMB,1230,USD,_T,_T,_T,6,36.853
ZMB,1240,USD,OCC,DB,_T,6,3.289
ZMB,1240,USD,OCC,DCP,_T,6,5.589
ZMB,1240,USD,OCC,_T,_T,6,8.859
ZMB,1240,USD,_T,DB,_T,6,3.289
ZMB,1240,USD,_T,DCP,_T,6,5.589
ZMB,1240,USD,_T,_T,_T,6,8.859
ZMB,1245,USD,OCC,DB,_T,6,11.119
ZMB,1245,USD,OCC,DCP,_T,6,101.771
ZMB,1245,USD,OCC,_T,_T,6,112.899
ZMB,1245,USD,_T,DB,_T,6,11.119
ZMB,1245,USD,_T,DCP,_T,6,101.771
ZMB,1245,USD,_T,_T,_T,6,112.899
ZMB,1250,USD,OCC,DB,_T,6,5.762
ZMB,1250,USD,OCC,DCP,_T,6,99.007
ZMB,1250,USD,OCC,_T,_T,6,104.748
ZMB,1250,USD,_T,DB,_T,6,5.762
ZMB,1250,USD,_T,DCP,_T,6,99.007
ZMB,1250,USD,_T,_T,_T,6,104.748
ZMB,1255,USD,OCC,DB,_T,6,5.357
ZMB,1255,USD,OCC,DCP,_T,6,2.764
ZMB,1255,USD,OCC,_T,_T,6,8.15
ZMB,1255,USD,_T,DB,_T,6,5.357
ZMB,1255,USD,_T,DCP,_T,6,2.764
ZMB,1255,USD,_T,_T,_T,6,8.15
ZMB,1260,USD,OCC,DB,_T,6,47.608
ZMB,1260,USD,OCC,DCP,_T,6,99.467
ZMB,1260,USD,OCC,_T,_T,6,147.059
ZMB,1260,USD,_T,DB,_T,6,47.608
ZMB,1260,USD,_T,DCP,_T,6,99.467
ZMB,1260,USD,_T,_T,_T,6,147.059
ZMB,1270,USD,OCC,DB,_T,6,1.775
ZMB,1270,USD,OCC,DCP,_T,6,23.591
ZMB,1270,USD,OCC,_T,_T,6,25.372
ZMB,1270,USD,_T,DB,_T,6,1.775
ZMB,1270,USD,_T,DCP,_T,6,23.591
ZMB,1270,USD,_T,_T,_T,6,25.372
ZMB,1280,USD,OCC,DCP,_T,6,0
ZMB,1280,USD,_T,DCP,_T,6,0
ZMB,1284,USD,OCC,DCP,_T,6,0
ZMB,1284,USD,_T,DCP,_T,6,0
ZMB,1286,USD,OCC,DCP,_T,6,0
ZMB,1286,USD,_T,DCP,_T,6,0
ZMB,1289,USD,OCC,DCP,_T,6,0
ZMB,1289,USD,_T,DCP,_T,6,0
ZMB,1290,USD,OCC,DB,_T,6,0.877
ZMB,1290,USD,OCC,DCP,_T,6,0.333
ZMB,1290,USD,OCC,_T,_T,6,1.205
ZMB,1290,USD,_T,DB,_T,6,0.877
ZMB,1290,USD,_T,DCP,_T,6,0.333
ZMB,1290,USD,_T,_T,_T,6,1.205
ZMB,2000,USD,OCC,DB,PF,6,56.802
ZMB,2000,USD,OCC,DB,_T,6,56.802
ZMB,2000,USD,OCC,DCP,PF,6,41.337
ZMB,2000,USD,OCC,DCP,_T,6,41.337
ZMB,2000,USD,OCC,_T,PF,6,98.139
ZMB,2000,USD,OCC,_T,_T,6,98.139
ZMB,2000,USD,_T,DB,PF,6,56.802
ZMB,2000,USD,_T,DB,_T,6,56.802
ZMB,2000,USD,_T,DCP,PF,6,41.337
ZMB,2000,USD,_T,DCP,_T,6,41.337
ZMB,2000,USD,_T,_T,PF,6,98.139
ZMB,2000,USD,_T,_T,_T,6,98.139
ZMB,2100,USD,OCC,DB,_T,6,56.07
ZMB,2100,USD,OCC,DCP,_T,6,40.143
ZMB,2100,USD,OCC,_T,_T,6,96.213
ZMB,2100,USD,_T,DB,_T,6,56.07
ZMB,2100,USD,_T,DCP,_T,6,40.143
ZMB,2100,USD,_T,_T,_T,6,96.213
ZMB,2200,USD,OCC,DB,_T,6,0.732
ZMB,2200,USD,OCC,DCP,_T,6,1.194
ZMB,2200,USD,OCC,_T,_T,6,1.926
ZMB,2200,USD,_T,DB,_T,6,0.732
ZMB,2200,USD,_T,DCP,_T,6,1.194
ZMB,2200,USD,_T,_T,_T,6,1.926
ZMB,2300,USD,OCC,DCP,_T,6,0
ZMB,2300,USD,OCC,_T,_T,6,0
ZMB,2300,USD,_T,DCP,_T,6,0
ZMB,2300,USD,_T,_T,_T,6,0
ZMB,3000,USD,OCC,DB,_T,6,4.614
ZMB,3000,USD,OCC,DCP,_T,6,45.884
ZMB,3000,USD,OCC,_T,_T,6,50.498
ZMB,3000,USD,_T,DB,_T,6,4.614
ZMB,3000,USD,_T,DCP,_T,6,45.884
ZMB,3000,USD,_T,_T,_T,6,50.498
ZMB,3010,USD,OCC,DB,_T,6,6.487
ZMB,3010,USD,OCC,DCP,_T,6,58.633
ZMB,3010,USD,OCC,_T,_T,6,65.121
ZMB,3010,USD,_T,DB,_T,6,6.487
ZMB,3010,USD,_T,DCP,_T,6,58.633
ZMB,3010,USD,_T,_T,_T,6,65.121
ZMB,3100,PT_B1GQ,OCC,DB,_T,0,0.038
ZMB,3100,PT_B1GQ,OCC,DCP,_T,0,0.303
ZMB,3100,PT_B1GQ,OCC,_T,_T,0,0.344
ZMB,3100,PT_B1GQ,_T,DB,_T,0,0.038
ZMB,3100,PT_B1GQ,_T,DCP,_T,0,0.303
ZMB,3100,PT_B1GQ,_T,_T,_T,0,0.344
ZMB,3100,USD,OCC,DB,_T,6,8.876
ZMB,3100,USD,OCC,DCP,_T,6,70.604
ZMB,3100,USD,OCC,_T,_T,6,80.295
ZMB,3100,USD,_T,DB,_T,6,8.876
ZMB,3100,USD,_T,DCP,_T,6,70.604
ZMB,3100,USD,_T,_T,_T,6,80.295
ZMB,3200,USD,OCC,DB,_T,6,5.761
ZMB,3200,USD,OCC,DCP,_T,6,40.714
ZMB,3200,USD,OCC,_T,_T,6,46.475
ZMB,3200,USD,_T,DB,_T,6,5.761
ZMB,3200,USD,_T,DCP,_T,6,40.714
ZMB,3200,USD,_T,_T,_T,6,46.475
ZMB,3300,USD,OCC,DB,_T,6,3.115
ZMB,3300,USD,OCC,DCP,_T,6,29.89
ZMB,3300,USD,OCC,_T,_T,6,33.005
ZMB,3300,USD,_T,DB,_T,6,3.115
ZMB,3300,USD,_T,DCP,_T,6,29.89
ZMB,3300,USD,_T,_T,_T,6,33.005
ZMB,3400,USD,OCC,DB,_T,6,2.896
ZMB,3400,USD,OCC,DCP,_T,6,6.774
ZMB,3400,USD,OCC,_T,_T,6,9.67
ZMB,3400,USD,_T,DB,_T,6,2.896
ZMB,3400,USD,_T,DCP,_T,6,6.774
ZMB,3400,USD,_T,_T,_T,6,9.67
ZMB,4000,PT_B1GQ,OCC,DB,_T,0,0.06
ZMB,4000,PT_B1GQ,OCC,DCP,_T,0,0.268
ZMB,4000,PT_B1GQ,OCC,_T,_T,0,0.366
ZMB,4000,PT_B1GQ,_T,DB,_T,0,0.06
ZMB,4000,PT_B1GQ,_T,DCP,_T,0,0.268
ZMB,4000,PT_B1GQ,_T,_T,_T,0,0.366
ZMB,4000,USD,OCC,DB,_T,6,13.952
ZMB,4000,USD,OCC,DCP,_T,6,62.426
ZMB,4000,USD,OCC,_T,_T,6,85.415
ZMB,4000,USD,_T,DB,_T,6,13.952
ZMB,4000,USD,_T,DCP,_T,6,62.426
ZMB,4000,USD,_T,_T,_T,6,85.415
ZMB,4100,USD,OCC,DB,_T,6,10.009
ZMB,4100,USD,OCC,DCP,_T,6,50.844
ZMB,4100,USD,OCC,_T,_T,6,60.854
ZMB,4100,USD,_T,DB,_T,6,10.009
ZMB,4100,USD,_T,DCP,_T,6,50.844
ZMB,4100,USD,_T,_T,_T,6,60.854
ZMB,4200,USD,OCC,DB,_T,6,3.943
ZMB,4200,USD,OCC,DCP,_T,6,11.582
ZMB,4200,USD,OCC,_T,_T,6,15.525
ZMB,4200,USD,_T,DB,_T,6,3.943
ZMB,4200,USD,_T,DCP,_T,6,11.582
ZMB,4200,USD,_T,_T,_T,6,15.525
ZMB,4310,USD,OCC,DB,_T,6,0.545
ZMB,4310,USD,OCC,DCP,_T,6,6.087
ZMB,4310,USD,OCC,_T,_T,6,6.632
ZMB,4310,USD,_T,DB,_T,6,0.545
ZMB,4310,USD,_T,DCP,_T,6,6.087
ZMB,4310,USD,_T,_T,_T,6,6.632
ZMB,4410,USD,OCC,DB,_T,6,1.873
ZMB,4410,USD,OCC,DCP,_T,6,12.749
ZMB,4410,USD,OCC,_T,_T,6,14.622
ZMB,4410,USD,_T,DB,_T,6,1.873
ZMB,4410,USD,_T,DCP,_T,6,12.749
ZMB,4410,USD,_T,_T,_T,6,14.622
ZMB,4420,USD,OCC,DB,_T,6,1.435
ZMB,4420,USD,OCC,DCP,_T,6,8.026
ZMB,4420,USD,OCC,_T,_T,6,9.461
ZMB,4420,USD,_T,DB,_T,6,1.435
ZMB,4420,USD,_T,DCP,_T,6,8.026
ZMB,4420,USD,_T,_T,_T,6,9.461
ZMB,4500,USD,OCC,DB,_T,6,3.117
ZMB,4500,USD,OCC,DCP,_T,6,0.088
ZMB,4500,USD,OCC,_T,_T,6,3.206
ZMB,4500,USD,_T,DB,_T,6,3.117
ZMB,4500,USD,_T,DCP,_T,6,0.088
ZMB,4500,USD,_T,_T,_T,6,3.206
ZMB,5000,PS,OCC,DB,PF,3,28.985
ZMB,5000,PS,OCC,DB,_T,3,28.985
ZMB,5000,PS,OCC,DCP,PF,3,84.928
ZMB,5000,PS,OCC,DCP,_T,3,84.928
ZMB,5000,PS,OCC,_T,PF,3,113.913
ZMB,5000,PS,OCC,_T,_T,3,113.913
ZMB,5000,PS,_T,DB,PF,3,28.985
ZMB,5000,PS,_T,DB,_T,3,28.985
ZMB,5000,PS,_T,DCP,PF,3,84.928
ZMB,5000,PS,_T,DCP,_T,3,84.928
ZMB,5000,PS,_T,_T,PF,3,113.913
ZMB,5000,PS,_T,_T,_T,3,113.913
ZMB,5010,PS,OCC,DB,_T,3,4.613
ZMB,5010,PS,OCC,DCP,_T,3,18.911
ZMB,5010,PS,OCC,_T,_T,3,23.524
ZMB,5010,PS,_T,DB,_T,3,4.613
ZMB,5010,PS,_T,DCP,_T,3,18.911
ZMB,5010,PS,_T,_T,_T,3,23.524
ZMB,5020,PS,OCC,DB,_T,3,24.372
ZMB,5020,PS,OCC,DCP,_T,3,66.017
ZMB,5020,PS,OCC,_T,_T,3,90.389
ZMB,5020,PS,_T,DB,_T,3,24.372
ZMB,5020,PS,_T,DCP,_T,3,66.017
ZMB,5020,PS,_T,_T,_T,3,90.389
ZMB,5100,PS,OCC,DB,PF,3,12.789
ZMB,5100,PS,OCC,DB,_T,3,12.789
ZMB,5100,PS,OCC,DCP,PF,3,82.01
ZMB,5100,PS,OCC,DCP,_T,3,82.01
ZMB,5100,PS,OCC,_T,PF,3,94.799
ZMB,5100,PS,OCC,_T,_T,3,94.799
ZMB,5100,PS,_T,DB,PF,3,12.789
ZMB,5100,PS,_T,DB,_T,3,12.789
ZMB,5100,PS,_T,DCP,PF,3,82.01
ZMB,5100,PS,_T,DCP,_T,3,82.01
ZMB,5100,PS,_T,_T,PF,3,94.799
ZMB,5100,PS,_T,_T,_T,3,94.799
ZMB,5200,PS,OCC,DB,PF,3,7.525
ZMB,5200,PS,OCC,DB,_T,3,7.525
ZMB,5200,PS,OCC,DCP,PF,3,5.19
ZMB,5200,PS,OCC,DCP,_T,3,5.19
ZMB,5200,PS,OCC,_T,PF,3,12.715
ZMB,5200,PS,OCC,_T,_T,3,12.715
ZMB,5200,PS,_T,DB,PF,3,7.525
ZMB,5200,PS,_T,DB,_T,3,7.525
ZMB,5200,PS,_T,DCP,PF,3,5.19
ZMB,5200,PS,_T,DCP,_T,3,5.19
ZMB,5200,PS,_T,_T,PF,3,12.715
ZMB,5200,PS,_T,_T,_T,3,12.715
ZMB,5300,PS,OCC,DB,PF,3,16.196
ZMB,5300,PS,OCC,DB,_T,3,16.196
ZMB,5300,PS,OCC,DCP,PF,3,2.918
ZMB,5300,PS,OCC,DCP,_T,3,2.918
ZMB,5300,PS,OCC,_T,PF,3,19.114
ZMB,5300,PS,OCC,_T,_T,3,19.114
ZMB,5300,PS,_T,DB,PF,3,16.196
ZMB,5300,PS,_T,DB,_T,3,16.196
ZMB,5300,PS,_T,DCP,PF,3,2.918
ZMB,5300,PS,_T,DCP,_T,3,2.918
ZMB,5300,PS,_T,_T,PF,3,19.114
ZMB,5300,PS,_T,_T,_T,3,19.114
ZMB,5400,PS,OCC,_T,_T,3,16.387
ZMB,5400,PS,_T,_T,_T,3,16.387
ZMB,OA,PT_B1GQ,OCC,_T,_T,0,3.111
ZWE,1000,PT_B1GQ,_T,_T,PF,0,3.776
ZWE,1000,PT_B1GQ,_T,_T,_T,0,29.727
ZWE,1000,USD,_T,_T,PF,6,983.001
ZWE,1000,USD,_T,_T,_T,6,7738.838
ZWE,3100,PT_B1GQ,_T,_T,_T,0,1.844
ZWE,4000,PT_B1GQ,_T,_T,_T,0,0.341
